{"version":"1","data":{"project":{"id":"ODBjYmQ2MDg","name":"NLP SSM Final Project"},"document":{"id":"e1bfbbd3-4850-403b-b449-1cc5b392e38c","name":"resume_1054_d1.txt"},"kinds":["TOKEN_BASED"],"rows":[[{"content":"SALES ADVISOR Career Overview Motivated customer service specialist with over 30 years of retail experience in a fast-paced, team-based","tokens":["SALES","ADVISOR","Career","Overview","Motivated","customer","service","specialist","with","over","30","years","of","retail","experience","in","a","fast-paced,","team-based"],"metadata":[]}],[{"content":"environment.","tokens":["environment."],"metadata":[]}],[{"content":"Core Strengths Creative problem solver MS Windows proficient Quick learner Trusted key holder Exceptional communication skills Work Experience 01/2011 to Current Sales Advisor Company Name － City , State Prepare, present, and encourage sales of specific items: food- hot and cold; household items- air freshners, detergents, etc.; and appliances- coffee makers, soda machines, etc. Have successfully met and exceeded sales' goals.","tokens":["Core","Strengths","Creative","problem","solver","MS","Windows","proficient","Quick","learner","Trusted","key","holder","Exceptional","communication","skills","Work","Experience","01/2011","to","Current","Sales","Advisor","Company","Name","－","City",",","State","Prepare,","present,","and","encourage","sales","of","specific","items:","food-","hot","and","cold;","household","items-","air","freshners,","detergents,","etc.;","and","appliances-","coffee","makers,","soda","machines,","etc.","Have","successfully","met","and","exceeded","sales'","goals."],"metadata":[]}],[{"content":"Have also 'Sold out' of featured products on occasion.","tokens":["Have","also","'Sold","out'","of","featured","products","on","occasion."],"metadata":[]}],[{"content":"Greeted customers entering the store to ascertain what each customer wanted or needed.","tokens":["Greeted","customers","entering","the","store","to","ascertain","what","each","customer","wanted","or","needed."],"metadata":[]}],[{"content":"Described product to customers and accurately explained details and care of merchandise.","tokens":["Described","product","to","customers","and","accurately","explained","details","and","care","of","merchandise."],"metadata":[]}],[{"content":"01/2008 to 01/2009 Cardiac Care Assistant Company Name － City , State Performed pacemaker tests over the phone.","tokens":["01/2008","to","01/2009","Cardiac","Care","Assistant","Company","Name","－","City",",","State","Performed","pacemaker","tests","over","the","phone."],"metadata":[]}],[{"content":"Handled over forty calls per day.","tokens":["Handled","over","forty","calls","per","day."],"metadata":[]}],[{"content":"Helped patient and/or assisting agent to relax so that test could be conducted properly.","tokens":["Helped","patient","and/or","assisting","agent","to","relax","so","that","test","could","be","conducted","properly."],"metadata":[]}],[{"content":"Patients' ages and circumstances varied.","tokens":["Patients'","ages","and","circumstances","varied."],"metadata":[]}],[{"content":"Responsible to give proper instructions so that resulting test was adequate for final review by a doctor.","tokens":["Responsible","to","give","proper","instructions","so","that","resulting","test","was","adequate","for","final","review","by","a","doctor."],"metadata":[]}],[{"content":"01/2003 to 01/2005 Analyst Company Name － City , State Instituted system to manage subscribers' accounts for receipt of eclectic journals.","tokens":["01/2003","to","01/2005","Analyst","Company","Name","－","City",",","State","Instituted","system","to","manage","subscribers'","accounts","for","receipt","of","eclectic","journals."],"metadata":[]}],[{"content":"Did investigative work to locate publishers for delinquent shipments or missing issues.","tokens":["Did","investigative","work","to","locate","publishers","for","delinquent","shipments","or","missing","issues."],"metadata":[]}],[{"content":"Researched subscribers' original orders to verify correct payment sent to and received by publisher.","tokens":["Researched","subscribers'","original","orders","to","verify","correct","payment","sent","to","and","received","by","publisher."],"metadata":[]}],[{"content":"Educational Background 1974 Bachelors Degree : Biology Dillard University － City , State Biology Personal Information From 1986 to present I am engaged in a volunteer work that involves public contact, public speaking and extensive","tokens":["Educational","Background","1974","Bachelors","Degree",":","Biology","Dillard","University","－","City",",","State","Biology","Personal","Information","From","1986","to","present","I","am","engaged","in","a","volunteer","work","that","involves","public","contact,","public","speaking","and","extensive"],"metadata":[]}],[{"content":"record keeping.","tokens":["record","keeping."],"metadata":[]}],[{"content":"I spend over 70 hours per month in this work, and interface with a variety of people from diverse","tokens":["I","spend","over","70","hours","per","month","in","this","work,","and","interface","with","a","variety","of","people","from","diverse"],"metadata":[]}],[{"content":"backgrounds.","tokens":["backgrounds."],"metadata":[]}],[{"content":"Additional Information Additional Information: From 1986 to present I am engaged in a volunteer work that involves public contact, public speaking and extensive record keeping.","tokens":["Additional","Information","Additional","Information:","From","1986","to","present","I","am","engaged","in","a","volunteer","work","that","involves","public","contact,","public","speaking","and","extensive","record","keeping."],"metadata":[]}],[{"content":"I spend over 70 hours per month in this work, and interface with a variety of people from diverse backgrounds.","tokens":["I","spend","over","70","hours","per","month","in","this","work,","and","interface","with","a","variety","of","people","from","diverse","backgrounds."],"metadata":[]}],[{"content":"Additional Information Personal Information From 1986 to present I am engaged in a volunteer work that involves public contact, public speaking and extensive record keeping.","tokens":["Additional","Information","Personal","Information","From","1986","to","present","I","am","engaged","in","a","volunteer","work","that","involves","public","contact,","public","speaking","and","extensive","record","keeping."],"metadata":[]}],[{"content":"I spend over 70 hours per month in this work, and interface with a variety of people from diverse backgrounds.","tokens":["I","spend","over","70","hours","per","month","in","this","work,","and","interface","with","a","variety","of","people","from","diverse","backgrounds."],"metadata":[]}],[{"content":"Additional Information Additional Information: From 1986 to present I am engaged in a volunteer work that involves public contact, public speaking and extensive record keeping.","tokens":["Additional","Information","Additional","Information:","From","1986","to","present","I","am","engaged","in","a","volunteer","work","that","involves","public","contact,","public","speaking","and","extensive","record","keeping."],"metadata":[]}],[{"content":"I spend over 70 hours per month in this work, and interface with a variety of people from diverse backgrounds.","tokens":["I","spend","over","70","hours","per","month","in","this","work,","and","interface","with","a","variety","of","people","from","diverse","backgrounds."],"metadata":[]}],[{"content":"Skills communication skills, Creative problem solver, publisher, MS Windows, Quick learner, sales, phone","tokens":["Skills","communication","skills,","Creative","problem","solver,","publisher,","MS","Windows,","Quick","learner,","sales,","phone"],"metadata":[]}]],"labelerInfo":{"id":6814,"email":"cwilhel8@jh.edu","displayName":"Chris Wilhelm"},"labelSets":[{"name":"Resume Labels","index":0,"labelItems":[{"id":"Kj5U6n9NUqTXuWcB3c_7L","labelName":"College"},{"id":"rj7TW0-ymuRo6f_asXJab","labelName":"Company Name"},{"id":"SJEkdao76hjwbb6Fh5SY6","labelName":"Job Title"},{"id":"BjO8MdvK2KI4E5iMEeY4B","labelName":"Graduation Year"},{"id":"eS2knCRgLegeRw8bcmSWA","labelName":"Skill"},{"id":"IeEoIKabMl51BJE0gX2YL","labelName":"Degree"},{"id":"1R0C50AAwFbEp2O0WmRv6","labelName":"Location"},{"id":"zQcc4ygexJ_A3Gb0NeRTk","labelName":"Years of Experience"},{"id":"52S_6moRfhjC-yXgIBeCp","labelName":"Date"},{"id":"KiLarWmwlU1E3-FfdG6Qg","labelName":"Project"},{"id":"dyxKKTAxW1z5ifjPj42BI","labelName":"Name"}]}],"spanLabels":[{"id":"1663389571","labeledBy":"LABELER","labeledByUserId":6814,"acceptedByUserId":null,"rejectedByUserId":null,"layer":0,"counter":0,"status":"ACCEPTED","hashCode":"SPAN:SJEkdao76hjwbb6Fh5SY6:0:0:0:0:0:0:0:1:6:0:undefined:undefined","labelName":"SJEkdao76hjwbb6Fh5SY6","labelItem":{"id":"SJEkdao76hjwbb6Fh5SY6","labelName":"Job Title"},"textPosition":{"start":{"row":0,"column":0,"tokenIndex":0,"charIndex":0},"end":{"row":0,"column":0,"tokenIndex":1,"charIndex":6}},"confidenceScore":null},{"id":"1663389577","labeledBy":"LABELER","labeledByUserId":6814,"acceptedByUserId":null,"rejectedByUserId":null,"layer":0,"counter":0,"status":"ACCEPTED","hashCode":"SPAN:eS2knCRgLegeRw8bcmSWA:0:0:0:4:0:0:0:4:8:0:undefined:undefined","labelName":"eS2knCRgLegeRw8bcmSWA","labelItem":{"id":"eS2knCRgLegeRw8bcmSWA","labelName":"Skill"},"textPosition":{"start":{"row":0,"column":0,"tokenIndex":4,"charIndex":0},"end":{"row":0,"column":0,"tokenIndex":4,"charIndex":8}},"confidenceScore":null},{"id":"1663389574","labeledBy":"LABELER","labeledByUserId":6814,"acceptedByUserId":null,"rejectedByUserId":null,"layer":0,"counter":0,"status":"ACCEPTED","hashCode":"SPAN:zQcc4ygexJ_A3Gb0NeRTk:0:0:0:10:0:0:0:11:4:0:undefined:undefined","labelName":"zQcc4ygexJ_A3Gb0NeRTk","labelItem":{"id":"zQcc4ygexJ_A3Gb0NeRTk","labelName":"Years of Experience"},"textPosition":{"start":{"row":0,"column":0,"tokenIndex":10,"charIndex":0},"end":{"row":0,"column":0,"tokenIndex":11,"charIndex":4}},"confidenceScore":null},{"id":"1663389580","labeledBy":"LABELER","labeledByUserId":6814,"acceptedByUserId":null,"rejectedByUserId":null,"layer":0,"counter":0,"status":"ACCEPTED","hashCode":"SPAN:eS2knCRgLegeRw8bcmSWA:0:2:0:2:0:2:0:4:5:0:undefined:undefined","labelName":"eS2knCRgLegeRw8bcmSWA","labelItem":{"id":"eS2knCRgLegeRw8bcmSWA","labelName":"Skill"},"textPosition":{"start":{"row":2,"column":0,"tokenIndex":2,"charIndex":0},"end":{"row":2,"column":0,"tokenIndex":4,"charIndex":5}},"confidenceScore":null},{"id":"1663389583","labeledBy":"LABELER","labeledByUserId":6814,"acceptedByUserId":null,"rejectedByUserId":null,"layer":0,"counter":0,"status":"ACCEPTED","hashCode":"SPAN:eS2knCRgLegeRw8bcmSWA:0:2:0:5:0:2:0:6:6:0:undefined:undefined","labelName":"eS2knCRgLegeRw8bcmSWA","labelItem":{"id":"eS2knCRgLegeRw8bcmSWA","labelName":"Skill"},"textPosition":{"start":{"row":2,"column":0,"tokenIndex":5,"charIndex":0},"end":{"row":2,"column":0,"tokenIndex":6,"charIndex":6}},"confidenceScore":null},{"id":"1663389586","labeledBy":"LABELER","labeledByUserId":6814,"acceptedByUserId":null,"rejectedByUserId":null,"layer":0,"counter":0,"status":"ACCEPTED","hashCode":"SPAN:eS2knCRgLegeRw8bcmSWA:0:2:0:8:0:2:0:9:6:0:undefined:undefined","labelName":"eS2knCRgLegeRw8bcmSWA","labelItem":{"id":"eS2knCRgLegeRw8bcmSWA","labelName":"Skill"},"textPosition":{"start":{"row":2,"column":0,"tokenIndex":8,"charIndex":0},"end":{"row":2,"column":0,"tokenIndex":9,"charIndex":6}},"confidenceScore":null},{"id":"1663389589","labeledBy":"LABELER","labeledByUserId":6814,"acceptedByUserId":null,"rejectedByUserId":null,"layer":0,"counter":0,"status":"ACCEPTED","hashCode":"SPAN:eS2knCRgLegeRw8bcmSWA:0:2:0:10:0:2:0:12:5:0:undefined:undefined","labelName":"eS2knCRgLegeRw8bcmSWA","labelItem":{"id":"eS2knCRgLegeRw8bcmSWA","labelName":"Skill"},"textPosition":{"start":{"row":2,"column":0,"tokenIndex":10,"charIndex":0},"end":{"row":2,"column":0,"tokenIndex":12,"charIndex":5}},"confidenceScore":null},{"id":"1663389592","labeledBy":"LABELER","labeledByUserId":6814,"acceptedByUserId":null,"rejectedByUserId":null,"layer":0,"counter":0,"status":"ACCEPTED","hashCode":"SPAN:eS2knCRgLegeRw8bcmSWA:0:2:0:13:0:2:0:14:12:0:undefined:undefined","labelName":"eS2knCRgLegeRw8bcmSWA","labelItem":{"id":"eS2knCRgLegeRw8bcmSWA","labelName":"Skill"},"textPosition":{"start":{"row":2,"column":0,"tokenIndex":13,"charIndex":0},"end":{"row":2,"column":0,"tokenIndex":14,"charIndex":12}},"confidenceScore":null},{"id":"1663389595","labeledBy":"LABELER","labeledByUserId":6814,"acceptedByUserId":null,"rejectedByUserId":null,"layer":0,"counter":0,"status":"ACCEPTED","hashCode":"SPAN:52S_6moRfhjC-yXgIBeCp:0:2:0:18:0:2:0:18:6:0:undefined:undefined","labelName":"52S_6moRfhjC-yXgIBeCp","labelItem":{"id":"52S_6moRfhjC-yXgIBeCp","labelName":"Date"},"textPosition":{"start":{"row":2,"column":0,"tokenIndex":18,"charIndex":0},"end":{"row":2,"column":0,"tokenIndex":18,"charIndex":6}},"confidenceScore":null},{"id":"1663389598","labeledBy":"LABELER","labeledByUserId":6814,"acceptedByUserId":null,"rejectedByUserId":null,"layer":0,"counter":0,"status":"ACCEPTED","hashCode":"SPAN:52S_6moRfhjC-yXgIBeCp:0:2:0:20:0:2:0:20:6:0:undefined:undefined","labelName":"52S_6moRfhjC-yXgIBeCp","labelItem":{"id":"52S_6moRfhjC-yXgIBeCp","labelName":"Date"},"textPosition":{"start":{"row":2,"column":0,"tokenIndex":20,"charIndex":0},"end":{"row":2,"column":0,"tokenIndex":20,"charIndex":6}},"confidenceScore":null},{"id":"1663389601","labeledBy":"LABELER","labeledByUserId":6814,"acceptedByUserId":null,"rejectedByUserId":null,"layer":0,"counter":0,"status":"ACCEPTED","hashCode":"SPAN:SJEkdao76hjwbb6Fh5SY6:0:2:0:21:0:2:0:22:6:0:undefined:undefined","labelName":"SJEkdao76hjwbb6Fh5SY6","labelItem":{"id":"SJEkdao76hjwbb6Fh5SY6","labelName":"Job Title"},"textPosition":{"start":{"row":2,"column":0,"tokenIndex":21,"charIndex":0},"end":{"row":2,"column":0,"tokenIndex":22,"charIndex":6}},"confidenceScore":null},{"id":"1663389604","labeledBy":"LABELER","labeledByUserId":6814,"acceptedByUserId":null,"rejectedByUserId":null,"layer":0,"counter":0,"status":"ACCEPTED","hashCode":"SPAN:rj7TW0-ymuRo6f_asXJab:0:2:0:23:0:2:0:24:3:0:undefined:undefined","labelName":"rj7TW0-ymuRo6f_asXJab","labelItem":{"id":"rj7TW0-ymuRo6f_asXJab","labelName":"Company Name"},"textPosition":{"start":{"row":2,"column":0,"tokenIndex":23,"charIndex":0},"end":{"row":2,"column":0,"tokenIndex":24,"charIndex":3}},"confidenceScore":null},{"id":"1663389607","labeledBy":"LABELER","labeledByUserId":6814,"acceptedByUserId":null,"rejectedByUserId":null,"layer":0,"counter":0,"status":"ACCEPTED","hashCode":"SPAN:1R0C50AAwFbEp2O0WmRv6:0:2:0:26:0:2:0:26:3:0:undefined:undefined","labelName":"1R0C50AAwFbEp2O0WmRv6","labelItem":{"id":"1R0C50AAwFbEp2O0WmRv6","labelName":"Location"},"textPosition":{"start":{"row":2,"column":0,"tokenIndex":26,"charIndex":0},"end":{"row":2,"column":0,"tokenIndex":26,"charIndex":3}},"confidenceScore":null},{"id":"1663389610","labeledBy":"LABELER","labeledByUserId":6814,"acceptedByUserId":null,"rejectedByUserId":null,"layer":0,"counter":0,"status":"ACCEPTED","hashCode":"SPAN:1R0C50AAwFbEp2O0WmRv6:0:2:0:28:0:2:0:28:4:0:undefined:undefined","labelName":"1R0C50AAwFbEp2O0WmRv6","labelItem":{"id":"1R0C50AAwFbEp2O0WmRv6","labelName":"Location"},"textPosition":{"start":{"row":2,"column":0,"tokenIndex":28,"charIndex":0},"end":{"row":2,"column":0,"tokenIndex":28,"charIndex":4}},"confidenceScore":null},{"id":"1663389613","labeledBy":"LABELER","labeledByUserId":6814,"acceptedByUserId":null,"rejectedByUserId":null,"layer":0,"counter":0,"status":"ACCEPTED","hashCode":"SPAN:eS2knCRgLegeRw8bcmSWA:0:5:0:0:0:5:0:1:6:0:undefined:undefined","labelName":"eS2knCRgLegeRw8bcmSWA","labelItem":{"id":"eS2knCRgLegeRw8bcmSWA","labelName":"Skill"},"textPosition":{"start":{"row":5,"column":0,"tokenIndex":0,"charIndex":0},"end":{"row":5,"column":0,"tokenIndex":1,"charIndex":6}},"confidenceScore":null},{"id":"1663389616","labeledBy":"LABELER","labeledByUserId":6814,"acceptedByUserId":null,"rejectedByUserId":null,"layer":0,"counter":0,"status":"ACCEPTED","hashCode":"SPAN:52S_6moRfhjC-yXgIBeCp:0:6:0:0:0:6:0:0:6:0:undefined:undefined","labelName":"52S_6moRfhjC-yXgIBeCp","labelItem":{"id":"52S_6moRfhjC-yXgIBeCp","labelName":"Date"},"textPosition":{"start":{"row":6,"column":0,"tokenIndex":0,"charIndex":0},"end":{"row":6,"column":0,"tokenIndex":0,"charIndex":6}},"confidenceScore":null},{"id":"1663389619","labeledBy":"LABELER","labeledByUserId":6814,"acceptedByUserId":null,"rejectedByUserId":null,"layer":0,"counter":0,"status":"ACCEPTED","hashCode":"SPAN:52S_6moRfhjC-yXgIBeCp:0:6:0:2:0:6:0:2:6:0:undefined:undefined","labelName":"52S_6moRfhjC-yXgIBeCp","labelItem":{"id":"52S_6moRfhjC-yXgIBeCp","labelName":"Date"},"textPosition":{"start":{"row":6,"column":0,"tokenIndex":2,"charIndex":0},"end":{"row":6,"column":0,"tokenIndex":2,"charIndex":6}},"confidenceScore":null},{"id":"1663389622","labeledBy":"LABELER","labeledByUserId":6814,"acceptedByUserId":null,"rejectedByUserId":null,"layer":0,"counter":0,"status":"ACCEPTED","hashCode":"SPAN:SJEkdao76hjwbb6Fh5SY6:0:6:0:3:0:6:0:5:8:0:undefined:undefined","labelName":"SJEkdao76hjwbb6Fh5SY6","labelItem":{"id":"SJEkdao76hjwbb6Fh5SY6","labelName":"Job Title"},"textPosition":{"start":{"row":6,"column":0,"tokenIndex":3,"charIndex":0},"end":{"row":6,"column":0,"tokenIndex":5,"charIndex":8}},"confidenceScore":null},{"id":"1663389625","labeledBy":"LABELER","labeledByUserId":6814,"acceptedByUserId":null,"rejectedByUserId":null,"layer":0,"counter":0,"status":"ACCEPTED","hashCode":"SPAN:rj7TW0-ymuRo6f_asXJab:0:6:0:6:0:6:0:7:3:0:undefined:undefined","labelName":"rj7TW0-ymuRo6f_asXJab","labelItem":{"id":"rj7TW0-ymuRo6f_asXJab","labelName":"Company Name"},"textPosition":{"start":{"row":6,"column":0,"tokenIndex":6,"charIndex":0},"end":{"row":6,"column":0,"tokenIndex":7,"charIndex":3}},"confidenceScore":null},{"id":"1663389628","labeledBy":"LABELER","labeledByUserId":6814,"acceptedByUserId":null,"rejectedByUserId":null,"layer":0,"counter":0,"status":"ACCEPTED","hashCode":"SPAN:1R0C50AAwFbEp2O0WmRv6:0:6:0:9:0:6:0:9:3:0:undefined:undefined","labelName":"1R0C50AAwFbEp2O0WmRv6","labelItem":{"id":"1R0C50AAwFbEp2O0WmRv6","labelName":"Location"},"textPosition":{"start":{"row":6,"column":0,"tokenIndex":9,"charIndex":0},"end":{"row":6,"column":0,"tokenIndex":9,"charIndex":3}},"confidenceScore":null},{"id":"1663389631","labeledBy":"LABELER","labeledByUserId":6814,"acceptedByUserId":null,"rejectedByUserId":null,"layer":0,"counter":0,"status":"ACCEPTED","hashCode":"SPAN:1R0C50AAwFbEp2O0WmRv6:0:6:0:11:0:6:0:11:4:0:undefined:undefined","labelName":"1R0C50AAwFbEp2O0WmRv6","labelItem":{"id":"1R0C50AAwFbEp2O0WmRv6","labelName":"Location"},"textPosition":{"start":{"row":6,"column":0,"tokenIndex":11,"charIndex":0},"end":{"row":6,"column":0,"tokenIndex":11,"charIndex":4}},"confidenceScore":null},{"id":"1663389634","labeledBy":"LABELER","labeledByUserId":6814,"acceptedByUserId":null,"rejectedByUserId":null,"layer":0,"counter":0,"status":"ACCEPTED","hashCode":"SPAN:eS2knCRgLegeRw8bcmSWA:0:6:0:12:0:6:0:14:4:0:undefined:undefined","labelName":"eS2knCRgLegeRw8bcmSWA","labelItem":{"id":"eS2knCRgLegeRw8bcmSWA","labelName":"Skill"},"textPosition":{"start":{"row":6,"column":0,"tokenIndex":12,"charIndex":0},"end":{"row":6,"column":0,"tokenIndex":14,"charIndex":4}},"confidenceScore":null},{"id":"1663389637","labeledBy":"LABELER","labeledByUserId":6814,"acceptedByUserId":null,"rejectedByUserId":null,"layer":0,"counter":0,"status":"ACCEPTED","hashCode":"SPAN:eS2knCRgLegeRw8bcmSWA:0:10:0:4:0:10:0:4:11:0:undefined:undefined","labelName":"eS2knCRgLegeRw8bcmSWA","labelItem":{"id":"eS2knCRgLegeRw8bcmSWA","labelName":"Skill"},"textPosition":{"start":{"row":10,"column":0,"tokenIndex":4,"charIndex":0},"end":{"row":10,"column":0,"tokenIndex":4,"charIndex":11}},"confidenceScore":null},{"id":"1663389640","labeledBy":"LABELER","labeledByUserId":6814,"acceptedByUserId":null,"rejectedByUserId":null,"layer":0,"counter":0,"status":"ACCEPTED","hashCode":"SPAN:52S_6moRfhjC-yXgIBeCp:0:11:0:0:0:11:0:0:6:0:undefined:undefined","labelName":"52S_6moRfhjC-yXgIBeCp","labelItem":{"id":"52S_6moRfhjC-yXgIBeCp","labelName":"Date"},"textPosition":{"start":{"row":11,"column":0,"tokenIndex":0,"charIndex":0},"end":{"row":11,"column":0,"tokenIndex":0,"charIndex":6}},"confidenceScore":null},{"id":"1663389643","labeledBy":"LABELER","labeledByUserId":6814,"acceptedByUserId":null,"rejectedByUserId":null,"layer":0,"counter":0,"status":"ACCEPTED","hashCode":"SPAN:52S_6moRfhjC-yXgIBeCp:0:11:0:2:0:11:0:2:6:0:undefined:undefined","labelName":"52S_6moRfhjC-yXgIBeCp","labelItem":{"id":"52S_6moRfhjC-yXgIBeCp","labelName":"Date"},"textPosition":{"start":{"row":11,"column":0,"tokenIndex":2,"charIndex":0},"end":{"row":11,"column":0,"tokenIndex":2,"charIndex":6}},"confidenceScore":null},{"id":"1663389646","labeledBy":"LABELER","labeledByUserId":6814,"acceptedByUserId":null,"rejectedByUserId":null,"layer":0,"counter":0,"status":"ACCEPTED","hashCode":"SPAN:SJEkdao76hjwbb6Fh5SY6:0:11:0:3:0:11:0:3:6:0:undefined:undefined","labelName":"SJEkdao76hjwbb6Fh5SY6","labelItem":{"id":"SJEkdao76hjwbb6Fh5SY6","labelName":"Job Title"},"textPosition":{"start":{"row":11,"column":0,"tokenIndex":3,"charIndex":0},"end":{"row":11,"column":0,"tokenIndex":3,"charIndex":6}},"confidenceScore":null},{"id":"1663389649","labeledBy":"LABELER","labeledByUserId":6814,"acceptedByUserId":null,"rejectedByUserId":null,"layer":0,"counter":0,"status":"ACCEPTED","hashCode":"SPAN:rj7TW0-ymuRo6f_asXJab:0:11:0:4:0:11:0:5:3:0:undefined:undefined","labelName":"rj7TW0-ymuRo6f_asXJab","labelItem":{"id":"rj7TW0-ymuRo6f_asXJab","labelName":"Company Name"},"textPosition":{"start":{"row":11,"column":0,"tokenIndex":4,"charIndex":0},"end":{"row":11,"column":0,"tokenIndex":5,"charIndex":3}},"confidenceScore":null},{"id":"1663389652","labeledBy":"LABELER","labeledByUserId":6814,"acceptedByUserId":null,"rejectedByUserId":null,"layer":0,"counter":0,"status":"ACCEPTED","hashCode":"SPAN:1R0C50AAwFbEp2O0WmRv6:0:11:0:7:0:11:0:7:3:0:undefined:undefined","labelName":"1R0C50AAwFbEp2O0WmRv6","labelItem":{"id":"1R0C50AAwFbEp2O0WmRv6","labelName":"Location"},"textPosition":{"start":{"row":11,"column":0,"tokenIndex":7,"charIndex":0},"end":{"row":11,"column":0,"tokenIndex":7,"charIndex":3}},"confidenceScore":null},{"id":"1663389658","labeledBy":"LABELER","labeledByUserId":6814,"acceptedByUserId":null,"rejectedByUserId":null,"layer":0,"counter":0,"status":"ACCEPTED","hashCode":"SPAN:1R0C50AAwFbEp2O0WmRv6:0:11:0:9:0:11:0:9:4:0:undefined:undefined","labelName":"1R0C50AAwFbEp2O0WmRv6","labelItem":{"id":"1R0C50AAwFbEp2O0WmRv6","labelName":"Location"},"textPosition":{"start":{"row":11,"column":0,"tokenIndex":9,"charIndex":0},"end":{"row":11,"column":0,"tokenIndex":9,"charIndex":4}},"confidenceScore":null},{"id":"1663389661","labeledBy":"LABELER","labeledByUserId":6814,"acceptedByUserId":null,"rejectedByUserId":null,"layer":0,"counter":0,"status":"ACCEPTED","hashCode":"SPAN:eS2knCRgLegeRw8bcmSWA:0:12:0:1:0:12:0:1:12:0:undefined:undefined","labelName":"eS2knCRgLegeRw8bcmSWA","labelItem":{"id":"eS2knCRgLegeRw8bcmSWA","labelName":"Skill"},"textPosition":{"start":{"row":12,"column":0,"tokenIndex":1,"charIndex":0},"end":{"row":12,"column":0,"tokenIndex":1,"charIndex":12}},"confidenceScore":null},{"id":"1663389664","labeledBy":"LABELER","labeledByUserId":6814,"acceptedByUserId":null,"rejectedByUserId":null,"layer":0,"counter":0,"status":"ACCEPTED","hashCode":"SPAN:eS2knCRgLegeRw8bcmSWA:0:13:0:0:0:13:0:0:9:0:undefined:undefined","labelName":"eS2knCRgLegeRw8bcmSWA","labelItem":{"id":"eS2knCRgLegeRw8bcmSWA","labelName":"Skill"},"textPosition":{"start":{"row":13,"column":0,"tokenIndex":0,"charIndex":0},"end":{"row":13,"column":0,"tokenIndex":0,"charIndex":9}},"confidenceScore":null},{"id":"1663389667","labeledBy":"LABELER","labeledByUserId":6814,"acceptedByUserId":null,"rejectedByUserId":null,"layer":0,"counter":0,"status":"ACCEPTED","hashCode":"SPAN:BjO8MdvK2KI4E5iMEeY4B:0:14:0:2:0:14:0:2:3:0:undefined:undefined","labelName":"BjO8MdvK2KI4E5iMEeY4B","labelItem":{"id":"BjO8MdvK2KI4E5iMEeY4B","labelName":"Graduation Year"},"textPosition":{"start":{"row":14,"column":0,"tokenIndex":2,"charIndex":0},"end":{"row":14,"column":0,"tokenIndex":2,"charIndex":3}},"confidenceScore":null},{"id":"1663389670","labeledBy":"LABELER","labeledByUserId":6814,"acceptedByUserId":null,"rejectedByUserId":null,"layer":0,"counter":0,"status":"ACCEPTED","hashCode":"SPAN:IeEoIKabMl51BJE0gX2YL:0:14:0:3:0:14:0:6:6:0:undefined:undefined","labelName":"IeEoIKabMl51BJE0gX2YL","labelItem":{"id":"IeEoIKabMl51BJE0gX2YL","labelName":"Degree"},"textPosition":{"start":{"row":14,"column":0,"tokenIndex":3,"charIndex":0},"end":{"row":14,"column":0,"tokenIndex":6,"charIndex":6}},"confidenceScore":null},{"id":"1663389673","labeledBy":"LABELER","labeledByUserId":6814,"acceptedByUserId":null,"rejectedByUserId":null,"layer":0,"counter":0,"status":"ACCEPTED","hashCode":"SPAN:Kj5U6n9NUqTXuWcB3c_7L:0:14:0:7:0:14:0:8:9:0:undefined:undefined","labelName":"Kj5U6n9NUqTXuWcB3c_7L","labelItem":{"id":"Kj5U6n9NUqTXuWcB3c_7L","labelName":"College"},"textPosition":{"start":{"row":14,"column":0,"tokenIndex":7,"charIndex":0},"end":{"row":14,"column":0,"tokenIndex":8,"charIndex":9}},"confidenceScore":null},{"id":"1663389676","labeledBy":"LABELER","labeledByUserId":6814,"acceptedByUserId":null,"rejectedByUserId":null,"layer":0,"counter":0,"status":"ACCEPTED","hashCode":"SPAN:1R0C50AAwFbEp2O0WmRv6:0:14:0:10:0:14:0:10:3:0:undefined:undefined","labelName":"1R0C50AAwFbEp2O0WmRv6","labelItem":{"id":"1R0C50AAwFbEp2O0WmRv6","labelName":"Location"},"textPosition":{"start":{"row":14,"column":0,"tokenIndex":10,"charIndex":0},"end":{"row":14,"column":0,"tokenIndex":10,"charIndex":3}},"confidenceScore":null},{"id":"1663389679","labeledBy":"LABELER","labeledByUserId":6814,"acceptedByUserId":null,"rejectedByUserId":null,"layer":0,"counter":0,"status":"ACCEPTED","hashCode":"SPAN:1R0C50AAwFbEp2O0WmRv6:0:14:0:12:0:14:0:12:4:0:undefined:undefined","labelName":"1R0C50AAwFbEp2O0WmRv6","labelItem":{"id":"1R0C50AAwFbEp2O0WmRv6","labelName":"Location"},"textPosition":{"start":{"row":14,"column":0,"tokenIndex":12,"charIndex":0},"end":{"row":14,"column":0,"tokenIndex":12,"charIndex":4}},"confidenceScore":null},{"id":"1663389682","labeledBy":"LABELER","labeledByUserId":6814,"acceptedByUserId":null,"rejectedByUserId":null,"layer":0,"counter":0,"status":"ACCEPTED","hashCode":"SPAN:IeEoIKabMl51BJE0gX2YL:0:14:0:13:0:14:0:13:6:0:undefined:undefined","labelName":"IeEoIKabMl51BJE0gX2YL","labelItem":{"id":"IeEoIKabMl51BJE0gX2YL","labelName":"Degree"},"textPosition":{"start":{"row":14,"column":0,"tokenIndex":13,"charIndex":0},"end":{"row":14,"column":0,"tokenIndex":13,"charIndex":6}},"confidenceScore":null},{"id":"1663389685","labeledBy":"LABELER","labeledByUserId":6814,"acceptedByUserId":null,"rejectedByUserId":null,"layer":0,"counter":0,"status":"ACCEPTED","hashCode":"SPAN:52S_6moRfhjC-yXgIBeCp:0:14:0:17:0:14:0:17:3:0:undefined:undefined","labelName":"52S_6moRfhjC-yXgIBeCp","labelItem":{"id":"52S_6moRfhjC-yXgIBeCp","labelName":"Date"},"textPosition":{"start":{"row":14,"column":0,"tokenIndex":17,"charIndex":0},"end":{"row":14,"column":0,"tokenIndex":17,"charIndex":3}},"confidenceScore":null},{"id":"1663389688","labeledBy":"LABELER","labeledByUserId":6814,"acceptedByUserId":null,"rejectedByUserId":null,"layer":0,"counter":0,"status":"ACCEPTED","hashCode":"SPAN:52S_6moRfhjC-yXgIBeCp:0:14:0:19:0:14:0:19:6:0:undefined:undefined","labelName":"52S_6moRfhjC-yXgIBeCp","labelItem":{"id":"52S_6moRfhjC-yXgIBeCp","labelName":"Date"},"textPosition":{"start":{"row":14,"column":0,"tokenIndex":19,"charIndex":0},"end":{"row":14,"column":0,"tokenIndex":19,"charIndex":6}},"confidenceScore":null},{"id":"1663389691","labeledBy":"LABELER","labeledByUserId":6814,"acceptedByUserId":null,"rejectedByUserId":null,"layer":0,"counter":0,"status":"ACCEPTED","hashCode":"SPAN:eS2knCRgLegeRw8bcmSWA:0:15:0:0:0:15:0:1:7:0:undefined:undefined","labelName":"eS2knCRgLegeRw8bcmSWA","labelItem":{"id":"eS2knCRgLegeRw8bcmSWA","labelName":"Skill"},"textPosition":{"start":{"row":15,"column":0,"tokenIndex":0,"charIndex":0},"end":{"row":15,"column":0,"tokenIndex":1,"charIndex":7}},"confidenceScore":null},{"id":"1663389694","labeledBy":"LABELER","labeledByUserId":6814,"acceptedByUserId":null,"rejectedByUserId":null,"layer":0,"counter":0,"status":"ACCEPTED","hashCode":"SPAN:52S_6moRfhjC-yXgIBeCp:0:18:0:5:0:18:0:7:6:0:undefined:undefined","labelName":"52S_6moRfhjC-yXgIBeCp","labelItem":{"id":"52S_6moRfhjC-yXgIBeCp","labelName":"Date"},"textPosition":{"start":{"row":18,"column":0,"tokenIndex":5,"charIndex":0},"end":{"row":18,"column":0,"tokenIndex":7,"charIndex":6}},"confidenceScore":null},{"id":"1663389697","labeledBy":"LABELER","labeledByUserId":6814,"acceptedByUserId":null,"rejectedByUserId":null,"layer":0,"counter":0,"status":"ACCEPTED","hashCode":"SPAN:eS2knCRgLegeRw8bcmSWA:0:18:0:23:0:18:0:24:7:0:undefined:undefined","labelName":"eS2knCRgLegeRw8bcmSWA","labelItem":{"id":"eS2knCRgLegeRw8bcmSWA","labelName":"Skill"},"textPosition":{"start":{"row":18,"column":0,"tokenIndex":23,"charIndex":0},"end":{"row":18,"column":0,"tokenIndex":24,"charIndex":7}},"confidenceScore":null},{"id":"1663389700","labeledBy":"LABELER","labeledByUserId":6814,"acceptedByUserId":null,"rejectedByUserId":null,"layer":0,"counter":0,"status":"ACCEPTED","hashCode":"SPAN:eS2knCRgLegeRw8bcmSWA:0:24:0:1:0:24:0:2:6:0:undefined:undefined","labelName":"eS2knCRgLegeRw8bcmSWA","labelItem":{"id":"eS2knCRgLegeRw8bcmSWA","labelName":"Skill"},"textPosition":{"start":{"row":24,"column":0,"tokenIndex":1,"charIndex":0},"end":{"row":24,"column":0,"tokenIndex":2,"charIndex":6}},"confidenceScore":null},{"id":"1663389703","labeledBy":"LABELER","labeledByUserId":6814,"acceptedByUserId":null,"rejectedByUserId":null,"layer":0,"counter":0,"status":"ACCEPTED","hashCode":"SPAN:eS2knCRgLegeRw8bcmSWA:0:24:0:3:0:24:0:4:6:0:undefined:undefined","labelName":"eS2knCRgLegeRw8bcmSWA","labelItem":{"id":"eS2knCRgLegeRw8bcmSWA","labelName":"Skill"},"textPosition":{"start":{"row":24,"column":0,"tokenIndex":3,"charIndex":0},"end":{"row":24,"column":0,"tokenIndex":4,"charIndex":6}},"confidenceScore":null},{"id":"1663389706","labeledBy":"LABELER","labeledByUserId":6814,"acceptedByUserId":null,"rejectedByUserId":null,"layer":0,"counter":0,"status":"ACCEPTED","hashCode":"SPAN:eS2knCRgLegeRw8bcmSWA:0:24:0:3:0:24:0:5:6:0:undefined:undefined","labelName":"eS2knCRgLegeRw8bcmSWA","labelItem":{"id":"eS2knCRgLegeRw8bcmSWA","labelName":"Skill"},"textPosition":{"start":{"row":24,"column":0,"tokenIndex":3,"charIndex":0},"end":{"row":24,"column":0,"tokenIndex":5,"charIndex":6}},"confidenceScore":null},{"id":"1663389709","labeledBy":"LABELER","labeledByUserId":6814,"acceptedByUserId":null,"rejectedByUserId":null,"layer":0,"counter":0,"status":"ACCEPTED","hashCode":"SPAN:eS2knCRgLegeRw8bcmSWA:0:24:0:6:0:24:0:6:9:0:undefined:undefined","labelName":"eS2knCRgLegeRw8bcmSWA","labelItem":{"id":"eS2knCRgLegeRw8bcmSWA","labelName":"Skill"},"textPosition":{"start":{"row":24,"column":0,"tokenIndex":6,"charIndex":0},"end":{"row":24,"column":0,"tokenIndex":6,"charIndex":9}},"confidenceScore":null},{"id":"1663389712","labeledBy":"LABELER","labeledByUserId":6814,"acceptedByUserId":null,"rejectedByUserId":null,"layer":0,"counter":0,"status":"ACCEPTED","hashCode":"SPAN:eS2knCRgLegeRw8bcmSWA:0:24:0:7:0:24:0:8:7:0:undefined:undefined","labelName":"eS2knCRgLegeRw8bcmSWA","labelItem":{"id":"eS2knCRgLegeRw8bcmSWA","labelName":"Skill"},"textPosition":{"start":{"row":24,"column":0,"tokenIndex":7,"charIndex":0},"end":{"row":24,"column":0,"tokenIndex":8,"charIndex":7}},"confidenceScore":null},{"id":"1663389715","labeledBy":"LABELER","labeledByUserId":6814,"acceptedByUserId":null,"rejectedByUserId":null,"layer":0,"counter":0,"status":"ACCEPTED","hashCode":"SPAN:eS2knCRgLegeRw8bcmSWA:0:24:0:9:0:24:0:10:7:0:undefined:undefined","labelName":"eS2knCRgLegeRw8bcmSWA","labelItem":{"id":"eS2knCRgLegeRw8bcmSWA","labelName":"Skill"},"textPosition":{"start":{"row":24,"column":0,"tokenIndex":9,"charIndex":0},"end":{"row":24,"column":0,"tokenIndex":10,"charIndex":7}},"confidenceScore":null},{"id":"1663389718","labeledBy":"LABELER","labeledByUserId":6814,"acceptedByUserId":null,"rejectedByUserId":null,"layer":0,"counter":0,"status":"ACCEPTED","hashCode":"SPAN:eS2knCRgLegeRw8bcmSWA:0:24:0:11:0:24:0:11:5:0:undefined:undefined","labelName":"eS2knCRgLegeRw8bcmSWA","labelItem":{"id":"eS2knCRgLegeRw8bcmSWA","labelName":"Skill"},"textPosition":{"start":{"row":24,"column":0,"tokenIndex":11,"charIndex":0},"end":{"row":24,"column":0,"tokenIndex":11,"charIndex":5}},"confidenceScore":null},{"id":"1663389721","labeledBy":"LABELER","labeledByUserId":6814,"acceptedByUserId":null,"rejectedByUserId":null,"layer":0,"counter":0,"status":"ACCEPTED","hashCode":"SPAN:eS2knCRgLegeRw8bcmSWA:0:24:0:12:0:24:0:12:4:0:undefined:undefined","labelName":"eS2knCRgLegeRw8bcmSWA","labelItem":{"id":"eS2knCRgLegeRw8bcmSWA","labelName":"Skill"},"textPosition":{"start":{"row":24,"column":0,"tokenIndex":12,"charIndex":0},"end":{"row":24,"column":0,"tokenIndex":12,"charIndex":4}},"confidenceScore":null}],"arrowLabels":[],"boundingBoxLabels":[],"timeLabels":[],"comments":[],"url":"datasaur://static/6814/4bdedf98-a27d-466c-be68-798d5b636645.txt"}}
