{"version":"1","data":{"project":{"id":"ODBjYmQ2MDg","name":"NLP SSM Final Project"},"document":{"id":"0fb488d1-5ffe-4510-a1ae-fddc4712c46f","name":"resume_1222_d1.txt"},"kinds":["TOKEN_BASED"],"rows":[[{"content":"PRINCIPAL CONSULTANT Summary Supply","tokens":["PRINCIPAL","CONSULTANT","Summary","Supply"],"metadata":[]}],[{"content":"Chain and Logistics & management professional with traditional supply chain and transformation experience.","tokens":["Chain","and","Logistics","&","management","professional","with","traditional","supply","chain","and","transformation","experience."],"metadata":[]}],[{"content":"Developed & supported evaluation of key process","tokens":["Developed","&","supported","evaluation","of","key","process"],"metadata":[]}],[{"content":"functions such as strategy & business planning, category management,","tokens":["functions","such","as","strategy","&","business","planning,","category","management,"],"metadata":[]}],[{"content":"strategic sourcing, contractor lifecycle management, vendor risk management,","tokens":["strategic","sourcing,","contractor","lifecycle","management,","vendor","risk","management,"],"metadata":[]}],[{"content":"SRM, purchase to pay and spend analytics.","tokens":["SRM,","purchase","to","pay","and","spend","analytics."],"metadata":[]}],[{"content":"Managed strategy execution,","tokens":["Managed","strategy","execution,"],"metadata":[]}],[{"content":"organizational redesign, strategic cost reduction and utilized technology as","tokens":["organizational","redesign,","strategic","cost","reduction","and","utilized","technology","as"],"metadata":[]}],[{"content":"an enabler for Supply Chain effectiveness.","tokens":["an","enabler","for","Supply","Chain","effectiveness."],"metadata":[]}],[{"content":"Skills Organization Planning & Prioritizing Flexible Thinker Not a destroyer of value Experience 06/2013 to Current Principal Consultant Company Name － City , State ·","tokens":["Skills","Organization","Planning","&","Prioritizing","Flexible","Thinker","Not","a","destroyer","of","value","Experience","06/2013","to","Current","Principal","Consultant","Company","Name","－","City",",","State","·"],"metadata":[]}],[{"content":"Provide consulting","tokens":["Provide","consulting"],"metadata":[]}],[{"content":"services to clients on supply chain transformation initiatives, including","tokens":["services","to","clients","on","supply","chain","transformation","initiatives,","including"],"metadata":[]}],[{"content":"developing integrated, target operating models for large procurement","tokens":["developing","integrated,","target","operating","models","for","large","procurement"],"metadata":[]}],[{"content":"organizations.","tokens":["organizations."],"metadata":[]}],[{"content":"·","tokens":["·"],"metadata":[]}],[{"content":"Help","tokens":["Help"],"metadata":[]}],[{"content":"support the evaluation of key process functions such as strategy, business","tokens":["support","the","evaluation","of","key","process","functions","such","as","strategy,","business"],"metadata":[]}],[{"content":"development, category management and vendor management.","tokens":["development,","category","management","and","vendor","management."],"metadata":[]}],[{"content":"Provide investment","tokens":["Provide","investment"],"metadata":[]}],[{"content":"recovery services which includes brokering used gas processing equipment of all","tokens":["recovery","services","which","includes","brokering","used","gas","processing","equipment","of","all"],"metadata":[]}],[{"content":"types such as cryogenic, amine systems, high pressure separators and","tokens":["types","such","as","cryogenic,","amine","systems,","high","pressure","separators","and"],"metadata":[]}],[{"content":"refrigeration systems.","tokens":["refrigeration","systems."],"metadata":[]}],[{"content":"06/2006 to 09/2013 Strategic Sourcing Manager Company Name － City , State Monitor performance of suppliers and apply appropriate methodology to ensure expected contractual outcomes.","tokens":["06/2006","to","09/2013","Strategic","Sourcing","Manager","Company","Name","－","City",",","State","Monitor","performance","of","suppliers","and","apply","appropriate","methodology","to","ensure","expected","contractual","outcomes."],"metadata":[]}],[{"content":"Establish governance, processes, escalation and controls to ensure well managed and healthy partnerships.","tokens":["Establish","governance,","processes,","escalation","and","controls","to","ensure","well","managed","and","healthy","partnerships."],"metadata":[]}],[{"content":"Investigate and propose solutions to remedy supplier non-performance situations.","tokens":["Investigate","and","propose","solutions","to","remedy","supplier","non-performance","situations."],"metadata":[]}],[{"content":"Assess and anticipate changing business requirements and recommend changes to supply chain processes, tools and systems.","tokens":["Assess","and","anticipate","changing","business","requirements","and","recommend","changes","to","supply","chain","processes,","tools","and","systems."],"metadata":[]}],[{"content":"Build comprehensive category strategies utilizing market intelligence, demand management, sustainability, supplier diversity, quality, and total cost of ownership and align it to stakeholder goals and strategies.","tokens":["Build","comprehensive","category","strategies","utilizing","market","intelligence,","demand","management,","sustainability,","supplier","diversity,","quality,","and","total","cost","of","ownership","and","align","it","to","stakeholder","goals","and","strategies."],"metadata":[]}],[{"content":"Drive value through demand management utilizing spend analytics.","tokens":["Drive","value","through","demand","management","utilizing","spend","analytics."],"metadata":[]}],[{"content":"Prepares and oversee the execution of short and long term supplier diversity strategies, objectives, and action plans.","tokens":["Prepares","and","oversee","the","execution","of","short","and","long","term","supplier","diversity","strategies,","objectives,","and","action","plans."],"metadata":[]}],[{"content":"Drive contract utilization with effective implementation plans, metrics and reporting.","tokens":["Drive","contract","utilization","with","effective","implementation","plans,","metrics","and","reporting."],"metadata":[]}],[{"content":"Facilitate critical quarterly business reviews, bringing key suppliers together to drive joint feedback and continuous improvement activities for each assigned category of management.","tokens":["Facilitate","critical","quarterly","business","reviews,","bringing","key","suppliers","together","to","drive","joint","feedback","and","continuous","improvement","activities","for","each","assigned","category","of","management."],"metadata":[]}],[{"content":"Develop and measure benchmarks on cost utilization of assigned categories employing industry best practices.","tokens":["Develop","and","measure","benchmarks","on","cost","utilization","of","assigned","categories","employing","industry","best","practices."],"metadata":[]}],[{"content":"Manage the supplier base by contracting new suppliers as needed and working to strengthen current supplier relationships.","tokens":["Manage","the","supplier","base","by","contracting","new","suppliers","as","needed","and","working","to","strengthen","current","supplier","relationships."],"metadata":[]}],[{"content":"Build and employ stakeholder mapping to manage stakeholders and build relationships.","tokens":["Build","and","employ","stakeholder","mapping","to","manage","stakeholders","and","build","relationships."],"metadata":[]}],[{"content":"Identify non-compliance to contracts, conduct root cause analysis, and resolve issues.","tokens":["Identify","non-compliance","to","contracts,","conduct","root","cause","analysis,","and","resolve","issues."],"metadata":[]}],[{"content":"Create and apply market intelligence for key commodities to drive category strategies and communicate with stakeholders.","tokens":["Create","and","apply","market","intelligence","for","key","commodities","to","drive","category","strategies","and","communicate","with","stakeholders."],"metadata":[]}],[{"content":"Develop and deliver supplier rationalization targets to reduce supplier base.","tokens":["Develop","and","deliver","supplier","rationalization","targets","to","reduce","supplier","base."],"metadata":[]}],[{"content":"Build comprehensive cost models to drive better understanding and results with supplier negotiations.","tokens":["Build","comprehensive","cost","models","to","drive","better","understanding","and","results","with","supplier","negotiations."],"metadata":[]}],[{"content":"Analyze and report sourcing results to senior staff.","tokens":["Analyze","and","report","sourcing","results","to","senior","staff."],"metadata":[]}],[{"content":"Deliver cost savings and compliance with corporate goals.","tokens":["Deliver","cost","savings","and","compliance","with","corporate","goals."],"metadata":[]}],[{"content":"Collaborate with legal staff to review and enhance the contract process.","tokens":["Collaborate","with","legal","staff","to","review","and","enhance","the","contract","process."],"metadata":[]}],[{"content":"Develop and mentor staff to support company growth.","tokens":["Develop","and","mentor","staff","to","support","company","growth."],"metadata":[]}],[{"content":"Responsible for direct management of the team including budgets, staffing issues, resource allocation and vendor relationships.","tokens":["Responsible","for","direct","management","of","the","team","including","budgets,","staffing","issues,","resource","allocation","and","vendor","relationships."],"metadata":[]}],[{"content":"Conduct employee performance reviews, coaching and mentoring and career development.","tokens":["Conduct","employee","performance","reviews,","coaching","and","mentoring","and","career","development."],"metadata":[]}],[{"content":"Promotes work force diversity and employee safety.","tokens":["Promotes","work","force","diversity","and","employee","safety."],"metadata":[]}],[{"content":"12/1981 to 06/2000 Transportation/Logistics Planner Company Name － City , State Coordinated the logistics tasks of material from suppliers in the U.S. to Saudi Arabia.","tokens":["12/1981","to","06/2000","Transportation/Logistics","Planner","Company","Name","－","City",",","State","Coordinated","the","logistics","tasks","of","material","from","suppliers","in","the","U.S.","to","Saudi","Arabia."],"metadata":[]}],[{"content":"Ensured that all project material was received and properly packed.","tokens":["Ensured","that","all","project","material","was","received","and","properly","packed."],"metadata":[]}],[{"content":"Ensured that all project material shipped was delivered to various job customer job sites on time Facilitated various delivery methods including rail, boat, ground or air transportation using the provider's software systems to manage material tracking and assist with planning and scheduling.","tokens":["Ensured","that","all","project","material","shipped","was","delivered","to","various","job","customer","job","sites","on","time","Facilitated","various","delivery","methods","including","rail,","boat,","ground","or","air","transportation","using","the","provider's","software","systems","to","manage","material","tracking","and","assist","with","planning","and","scheduling."],"metadata":[]}],[{"content":"Assisted in obtaining necessary transportation permits for inbound and outbound cargo, as required to facilitate timely logistics processing.","tokens":["Assisted","in","obtaining","necessary","transportation","permits","for","inbound","and","outbound","cargo,","as","required","to","facilitate","timely","logistics","processing."],"metadata":[]}],[{"content":"Coded, and prepared proper paperwork for method of shipment.","tokens":["Coded,","and","prepared","proper","paperwork","for","method","of","shipment."],"metadata":[]}],[{"content":"Ensured that materials were shipped in the most timely and efficient manner according to document processes.","tokens":["Ensured","that","materials","were","shipped","in","the","most","timely","and","efficient","manner","according","to","document","processes."],"metadata":[]}],[{"content":"Planned the transportation route and payload, selecting the mode of transportation, tendering the order for transportation, and tracking the shipment from pick up through delivery, while maintaining cost compliance, freight savings, and adherence to service and contractual requirements.","tokens":["Planned","the","transportation","route","and","payload,","selecting","the","mode","of","transportation,","tendering","the","order","for","transportation,","and","tracking","the","shipment","from","pick","up","through","delivery,","while","maintaining","cost","compliance,","freight","savings,","and","adherence","to","service","and","contractual","requirements."],"metadata":[]}],[{"content":"Consolidated fragmented loads to achieve freight savings while complying with service and contractual requirements.","tokens":["Consolidated","fragmented","loads","to","achieve","freight","savings","while","complying","with","service","and","contractual","requirements."],"metadata":[]}],[{"content":"Initiated overcharge/undercharge freight bill claims with carriers and tracked reconciliation of the same per regulatory standards, Prepared and updated daily and monthly logistics schedules to assure deliveries, coordinating material deliveries suppliers and customers Provided internal and external reports as required.","tokens":["Initiated","overcharge/undercharge","freight","bill","claims","with","carriers","and","tracked","reconciliation","of","the","same","per","regulatory","standards,","Prepared","and","updated","daily","and","monthly","logistics","schedules","to","assure","deliveries,","coordinating","material","deliveries","suppliers","and","customers","Provided","internal","and","external","reports","as","required."],"metadata":[]}],[{"content":"Negotiated all contracts with freight carriers including barge, airlines, container, and foreign ports.","tokens":["Negotiated","all","contracts","with","freight","carriers","including","barge,","airlines,","container,","and","foreign","ports."],"metadata":[]}],[{"content":"Conducted staff meetings, Managed all special projects.","tokens":["Conducted","staff","meetings,","Managed","all","special","projects."],"metadata":[]}],[{"content":"Knowledge of international freight transactions, customer requirements & commercial shipping terms enabled a role as Global Oil Spill coordinator.","tokens":["Knowledge","of","international","freight","transactions,","customer","requirements","&","commercial","shipping","terms","enabled","a","role","as","Global","Oil","Spill","coordinator."],"metadata":[]}],[{"content":"Assisted in the administration of supply agreements for rail, barge, and truck carriers.","tokens":["Assisted","in","the","administration","of","supply","agreements","for","rail,","barge,","and","truck","carriers."],"metadata":[]}],[{"content":"Ensured compliance with all state, federal, environmental, safety, and hazardous waste regulations.","tokens":["Ensured","compliance","with","all","state,","federal,","environmental,","safety,","and","hazardous","waste","regulations."],"metadata":[]}],[{"content":"1 | Page.","tokens":["1","|","Page."],"metadata":[]}],[{"content":"Investment Recovery Manager City , State Optimized return on investment of surplus, obsolete or idle equipment through reuse, trade or sell on the world market via: Management of global investment recovery and asset rationalization strategies.","tokens":["Investment","Recovery","Manager","City",",","State","Optimized","return","on","investment","of","surplus,","obsolete","or","idle","equipment","through","reuse,","trade","or","sell","on","the","world","market","via:","Management","of","global","investment","recovery","and","asset","rationalization","strategies."],"metadata":[]}],[{"content":"Managed a company-wide program for the identification and redeployment equipment.","tokens":["Managed","a","company-wide","program","for","the","identification","and","redeployment","equipment."],"metadata":[]}],[{"content":"Developed and managed processes for bid auctions, private or negotiated sales for divestiture of surplus equipment.","tokens":["Developed","and","managed","processes","for","bid","auctions,","private","or","negotiated","sales","for","divestiture","of","surplus","equipment."],"metadata":[]}],[{"content":"Performed bid evaluations and recommendations for awarding contracts.","tokens":["Performed","bid","evaluations","and","recommendations","for","awarding","contracts."],"metadata":[]}],[{"content":"Developed methodology and standards to calculate or quickly determine: Fair market value Rationalization options Asset evaluation Business cases to optimize the financial return on the disposition of company assets Department performance metrics and industry \"best practices\".","tokens":["Developed","methodology","and","standards","to","calculate","or","quickly","determine:","Fair","market","value","Rationalization","options","Asset","evaluation","Business","cases","to","optimize","the","financial","return","on","the","disposition","of","company","assets","Department","performance","metrics","and","industry","\"best","practices\"."],"metadata":[]}],[{"content":"Developed and managed relationships with third party vendors to minimize costs associated with rebuilding, repairing, or disposing of surplus assets.","tokens":["Developed","and","managed","relationships","with","third","party","vendors","to","minimize","costs","associated","with","rebuilding,","repairing,","or","disposing","of","surplus","assets."],"metadata":[]}],[{"content":"Developed procedures to protect company's surplus equipment for compliance with Sarbanes Oxley and internal audit requirements regarding the sale and transfer of surplus assets.","tokens":["Developed","procedures","to","protect","company's","surplus","equipment","for","compliance","with","Sarbanes","Oxley","and","internal","audit","requirements","regarding","the","sale","and","transfer","of","surplus","assets."],"metadata":[]}],[{"content":"Tracked all costs associated with the identification, tracking and redeployment of all surplus or idle equipment.","tokens":["Tracked","all","costs","associated","with","the","identification,","tracking","and","redeployment","of","all","surplus","or","idle","equipment."],"metadata":[]}],[{"content":"Managed surplus equipment database ensuring data integrity and accuracy of asset transfers sales revenue.","tokens":["Managed","surplus","equipment","database","ensuring","data","integrity","and","accuracy","of","asset","transfers","sales","revenue."],"metadata":[]}],[{"content":"Education and Training Bachelors : Business Management LeTourneau University － State Business Management Houston Graduate School of Theology, Houston- M-Divinity & Homiletics Communications Skills business development, business planning, hazardous waste, internal audit, logistics, mentoring, procurement, repairing, risk management, sales, Sarbanes Oxley, scheduling, strategic sourcing, supplier management, vendor management Activities and Honors Expert in Human Capital Management Consultancy Development Strategic Partnerships","tokens":["Education","and","Training","Bachelors",":","Business","Management","LeTourneau","University","－","State","Business","Management","Houston","Graduate","School","of","Theology,","Houston-","M-Divinity","&","Homiletics","Communications","Skills","business","development,","business","planning,","hazardous","waste,","internal","audit,","logistics,","mentoring,","procurement,","repairing,","risk","management,","sales,","Sarbanes","Oxley,","scheduling,","strategic","sourcing,","supplier","management,","vendor","management","Activities","and","Honors","Expert","in","Human","Capital","Management","Consultancy","Development","Strategic","Partnerships"],"metadata":[]}],[{"content":"*Entrepreneurial Leadership, Project Management AND Business Development","tokens":["*Entrepreneurial","Leadership,","Project","Management","AND","Business","Development"],"metadata":[]}],[{"content":"*Executive Training and Development Workshop/Seminar Design and Facilitation Revenue Enhancement","tokens":["*Executive","Training","and","Development","Workshop/Seminar","Design","and","Facilitation","Revenue","Enhancement"],"metadata":[]}]],"labelerInfo":{"id":6814,"email":"cwilhel8@jh.edu","displayName":"Chris Wilhelm"},"labelSets":[{"name":"Resume Labels","index":0,"labelItems":[{"id":"Kj5U6n9NUqTXuWcB3c_7L","labelName":"College"},{"id":"rj7TW0-ymuRo6f_asXJab","labelName":"Company Name"},{"id":"SJEkdao76hjwbb6Fh5SY6","labelName":"Job Title"},{"id":"BjO8MdvK2KI4E5iMEeY4B","labelName":"Graduation Year"},{"id":"eS2knCRgLegeRw8bcmSWA","labelName":"Skill"},{"id":"IeEoIKabMl51BJE0gX2YL","labelName":"Degree"},{"id":"1R0C50AAwFbEp2O0WmRv6","labelName":"Location"},{"id":"zQcc4ygexJ_A3Gb0NeRTk","labelName":"Years of Experience"},{"id":"52S_6moRfhjC-yXgIBeCp","labelName":"Date"},{"id":"KiLarWmwlU1E3-FfdG6Qg","labelName":"Project"},{"id":"dyxKKTAxW1z5ifjPj42BI","labelName":"Name"}]}],"spanLabels":[{"id":"1663390336","labeledBy":"LABELER","labeledByUserId":6814,"acceptedByUserId":null,"rejectedByUserId":null,"layer":0,"counter":0,"status":"ACCEPTED","hashCode":"SPAN:SJEkdao76hjwbb6Fh5SY6:0:0:0:0:0:0:0:1:9:0:undefined:undefined","labelName":"SJEkdao76hjwbb6Fh5SY6","labelItem":{"id":"SJEkdao76hjwbb6Fh5SY6","labelName":"Job Title"},"textPosition":{"start":{"row":0,"column":0,"tokenIndex":0,"charIndex":0},"end":{"row":0,"column":0,"tokenIndex":1,"charIndex":9}},"confidenceScore":null},{"id":"1663390339","labeledBy":"LABELER","labeledByUserId":6814,"acceptedByUserId":null,"rejectedByUserId":null,"layer":0,"counter":0,"status":"ACCEPTED","hashCode":"SPAN:eS2knCRgLegeRw8bcmSWA:0:0:0:3:0:1:0:0:4:0:undefined:undefined","labelName":"eS2knCRgLegeRw8bcmSWA","labelItem":{"id":"eS2knCRgLegeRw8bcmSWA","labelName":"Skill"},"textPosition":{"start":{"row":0,"column":0,"tokenIndex":3,"charIndex":0},"end":{"row":1,"column":0,"tokenIndex":0,"charIndex":4}},"confidenceScore":null},{"id":"1663390342","labeledBy":"LABELER","labeledByUserId":6814,"acceptedByUserId":null,"rejectedByUserId":null,"layer":0,"counter":0,"status":"ACCEPTED","hashCode":"SPAN:eS2knCRgLegeRw8bcmSWA:0:1:0:2:0:1:0:2:8:0:undefined:undefined","labelName":"eS2knCRgLegeRw8bcmSWA","labelItem":{"id":"eS2knCRgLegeRw8bcmSWA","labelName":"Skill"},"textPosition":{"start":{"row":1,"column":0,"tokenIndex":2,"charIndex":0},"end":{"row":1,"column":0,"tokenIndex":2,"charIndex":8}},"confidenceScore":null},{"id":"1663390345","labeledBy":"LABELER","labeledByUserId":6814,"acceptedByUserId":null,"rejectedByUserId":null,"layer":0,"counter":0,"status":"ACCEPTED","hashCode":"SPAN:eS2knCRgLegeRw8bcmSWA:0:1:0:4:0:1:0:4:9:0:undefined:undefined","labelName":"eS2knCRgLegeRw8bcmSWA","labelItem":{"id":"eS2knCRgLegeRw8bcmSWA","labelName":"Skill"},"textPosition":{"start":{"row":1,"column":0,"tokenIndex":4,"charIndex":0},"end":{"row":1,"column":0,"tokenIndex":4,"charIndex":9}},"confidenceScore":null},{"id":"1663390351","labeledBy":"LABELER","labeledByUserId":6814,"acceptedByUserId":null,"rejectedByUserId":null,"layer":0,"counter":0,"status":"ACCEPTED","hashCode":"SPAN:eS2knCRgLegeRw8bcmSWA:0:3:0:3:0:3:0:3:7:0:undefined:undefined","labelName":"eS2knCRgLegeRw8bcmSWA","labelItem":{"id":"eS2knCRgLegeRw8bcmSWA","labelName":"Skill"},"textPosition":{"start":{"row":3,"column":0,"tokenIndex":3,"charIndex":0},"end":{"row":3,"column":0,"tokenIndex":3,"charIndex":7}},"confidenceScore":null},{"id":"1663390354","labeledBy":"LABELER","labeledByUserId":6814,"acceptedByUserId":null,"rejectedByUserId":null,"layer":0,"counter":0,"status":"ACCEPTED","hashCode":"SPAN:eS2knCRgLegeRw8bcmSWA:0:3:0:5:0:3:0:6:8:0:undefined:undefined","labelName":"eS2knCRgLegeRw8bcmSWA","labelItem":{"id":"eS2knCRgLegeRw8bcmSWA","labelName":"Skill"},"textPosition":{"start":{"row":3,"column":0,"tokenIndex":5,"charIndex":0},"end":{"row":3,"column":0,"tokenIndex":6,"charIndex":8}},"confidenceScore":null},{"id":"1663390357","labeledBy":"LABELER","labeledByUserId":6814,"acceptedByUserId":null,"rejectedByUserId":null,"layer":0,"counter":0,"status":"ACCEPTED","hashCode":"SPAN:eS2knCRgLegeRw8bcmSWA:0:3:0:7:0:3:0:8:10:0:undefined:undefined","labelName":"eS2knCRgLegeRw8bcmSWA","labelItem":{"id":"eS2knCRgLegeRw8bcmSWA","labelName":"Skill"},"textPosition":{"start":{"row":3,"column":0,"tokenIndex":7,"charIndex":0},"end":{"row":3,"column":0,"tokenIndex":8,"charIndex":10}},"confidenceScore":null},{"id":"1663390360","labeledBy":"LABELER","labeledByUserId":6814,"acceptedByUserId":null,"rejectedByUserId":null,"layer":0,"counter":0,"status":"ACCEPTED","hashCode":"SPAN:eS2knCRgLegeRw8bcmSWA:0:4:0:0:0:4:0:1:8:0:undefined:undefined","labelName":"eS2knCRgLegeRw8bcmSWA","labelItem":{"id":"eS2knCRgLegeRw8bcmSWA","labelName":"Skill"},"textPosition":{"start":{"row":4,"column":0,"tokenIndex":0,"charIndex":0},"end":{"row":4,"column":0,"tokenIndex":1,"charIndex":8}},"confidenceScore":null},{"id":"1663390363","labeledBy":"LABELER","labeledByUserId":6814,"acceptedByUserId":null,"rejectedByUserId":null,"layer":0,"counter":0,"status":"ACCEPTED","hashCode":"SPAN:eS2knCRgLegeRw8bcmSWA:0:4:0:2:0:4:0:4:10:0:undefined:undefined","labelName":"eS2knCRgLegeRw8bcmSWA","labelItem":{"id":"eS2knCRgLegeRw8bcmSWA","labelName":"Skill"},"textPosition":{"start":{"row":4,"column":0,"tokenIndex":2,"charIndex":0},"end":{"row":4,"column":0,"tokenIndex":4,"charIndex":10}},"confidenceScore":null},{"id":"1663390366","labeledBy":"LABELER","labeledByUserId":6814,"acceptedByUserId":null,"rejectedByUserId":null,"layer":0,"counter":0,"status":"ACCEPTED","hashCode":"SPAN:eS2knCRgLegeRw8bcmSWA:0:4:0:5:0:4:0:7:10:0:undefined:undefined","labelName":"eS2knCRgLegeRw8bcmSWA","labelItem":{"id":"eS2knCRgLegeRw8bcmSWA","labelName":"Skill"},"textPosition":{"start":{"row":4,"column":0,"tokenIndex":5,"charIndex":0},"end":{"row":4,"column":0,"tokenIndex":7,"charIndex":10}},"confidenceScore":null},{"id":"1663390369","labeledBy":"LABELER","labeledByUserId":6814,"acceptedByUserId":null,"rejectedByUserId":null,"layer":0,"counter":0,"status":"ACCEPTED","hashCode":"SPAN:eS2knCRgLegeRw8bcmSWA:0:5:0:0:0:5:0:0:3:0:undefined:undefined","labelName":"eS2knCRgLegeRw8bcmSWA","labelItem":{"id":"eS2knCRgLegeRw8bcmSWA","labelName":"Skill"},"textPosition":{"start":{"row":5,"column":0,"tokenIndex":0,"charIndex":0},"end":{"row":5,"column":0,"tokenIndex":0,"charIndex":3}},"confidenceScore":null},{"id":"1663390372","labeledBy":"LABELER","labeledByUserId":6814,"acceptedByUserId":null,"rejectedByUserId":null,"layer":0,"counter":0,"status":"ACCEPTED","hashCode":"SPAN:eS2knCRgLegeRw8bcmSWA:0:5:0:6:0:5:0:6:9:0:undefined:undefined","labelName":"eS2knCRgLegeRw8bcmSWA","labelItem":{"id":"eS2knCRgLegeRw8bcmSWA","labelName":"Skill"},"textPosition":{"start":{"row":5,"column":0,"tokenIndex":6,"charIndex":0},"end":{"row":5,"column":0,"tokenIndex":6,"charIndex":9}},"confidenceScore":null},{"id":"1663390375","labeledBy":"LABELER","labeledByUserId":6814,"acceptedByUserId":null,"rejectedByUserId":null,"layer":0,"counter":0,"status":"ACCEPTED","hashCode":"SPAN:eS2knCRgLegeRw8bcmSWA:0:6:0:0:0:6:0:2:9:0:undefined:undefined","labelName":"eS2knCRgLegeRw8bcmSWA","labelItem":{"id":"eS2knCRgLegeRw8bcmSWA","labelName":"Skill"},"textPosition":{"start":{"row":6,"column":0,"tokenIndex":0,"charIndex":0},"end":{"row":6,"column":0,"tokenIndex":2,"charIndex":9}},"confidenceScore":null},{"id":"1663390378","labeledBy":"LABELER","labeledByUserId":6814,"acceptedByUserId":null,"rejectedByUserId":null,"layer":0,"counter":0,"status":"ACCEPTED","hashCode":"SPAN:eS2knCRgLegeRw8bcmSWA:0:8:0:3:0:8:0:4:4:0:undefined:undefined","labelName":"eS2knCRgLegeRw8bcmSWA","labelItem":{"id":"eS2knCRgLegeRw8bcmSWA","labelName":"Skill"},"textPosition":{"start":{"row":8,"column":0,"tokenIndex":3,"charIndex":0},"end":{"row":8,"column":0,"tokenIndex":4,"charIndex":4}},"confidenceScore":null},{"id":"1663390381","labeledBy":"LABELER","labeledByUserId":6814,"acceptedByUserId":null,"rejectedByUserId":null,"layer":0,"counter":0,"status":"ACCEPTED","hashCode":"SPAN:eS2knCRgLegeRw8bcmSWA:0:9:0:1:0:9:0:2:7:0:undefined:undefined","labelName":"eS2knCRgLegeRw8bcmSWA","labelItem":{"id":"eS2knCRgLegeRw8bcmSWA","labelName":"Skill"},"textPosition":{"start":{"row":9,"column":0,"tokenIndex":1,"charIndex":0},"end":{"row":9,"column":0,"tokenIndex":2,"charIndex":7}},"confidenceScore":null},{"id":"1663390384","labeledBy":"LABELER","labeledByUserId":6814,"acceptedByUserId":null,"rejectedByUserId":null,"layer":0,"counter":0,"status":"ACCEPTED","hashCode":"SPAN:eS2knCRgLegeRw8bcmSWA:0:9:0:4:0:9:0:4:11:0:undefined:undefined","labelName":"eS2knCRgLegeRw8bcmSWA","labelItem":{"id":"eS2knCRgLegeRw8bcmSWA","labelName":"Skill"},"textPosition":{"start":{"row":9,"column":0,"tokenIndex":4,"charIndex":0},"end":{"row":9,"column":0,"tokenIndex":4,"charIndex":11}},"confidenceScore":null},{"id":"1663390387","labeledBy":"LABELER","labeledByUserId":6814,"acceptedByUserId":null,"rejectedByUserId":null,"layer":0,"counter":0,"status":"ACCEPTED","hashCode":"SPAN:eS2knCRgLegeRw8bcmSWA:0:9:0:5:0:9:0:6:6:0:undefined:undefined","labelName":"eS2knCRgLegeRw8bcmSWA","labelItem":{"id":"eS2knCRgLegeRw8bcmSWA","labelName":"Skill"},"textPosition":{"start":{"row":9,"column":0,"tokenIndex":5,"charIndex":0},"end":{"row":9,"column":0,"tokenIndex":6,"charIndex":6}},"confidenceScore":null},{"id":"1663390390","labeledBy":"LABELER","labeledByUserId":6814,"acceptedByUserId":null,"rejectedByUserId":null,"layer":0,"counter":0,"status":"ACCEPTED","hashCode":"SPAN:52S_6moRfhjC-yXgIBeCp:0:9:0:13:0:9:0:13:6:0:undefined:undefined","labelName":"52S_6moRfhjC-yXgIBeCp","labelItem":{"id":"52S_6moRfhjC-yXgIBeCp","labelName":"Date"},"textPosition":{"start":{"row":9,"column":0,"tokenIndex":13,"charIndex":0},"end":{"row":9,"column":0,"tokenIndex":13,"charIndex":6}},"confidenceScore":null},{"id":"1663390393","labeledBy":"LABELER","labeledByUserId":6814,"acceptedByUserId":null,"rejectedByUserId":null,"layer":0,"counter":0,"status":"ACCEPTED","hashCode":"SPAN:52S_6moRfhjC-yXgIBeCp:0:9:0:15:0:9:0:15:6:0:undefined:undefined","labelName":"52S_6moRfhjC-yXgIBeCp","labelItem":{"id":"52S_6moRfhjC-yXgIBeCp","labelName":"Date"},"textPosition":{"start":{"row":9,"column":0,"tokenIndex":15,"charIndex":0},"end":{"row":9,"column":0,"tokenIndex":15,"charIndex":6}},"confidenceScore":null},{"id":"1663390396","labeledBy":"LABELER","labeledByUserId":6814,"acceptedByUserId":null,"rejectedByUserId":null,"layer":0,"counter":0,"status":"ACCEPTED","hashCode":"SPAN:SJEkdao76hjwbb6Fh5SY6:0:9:0:16:0:9:0:17:9:0:undefined:undefined","labelName":"SJEkdao76hjwbb6Fh5SY6","labelItem":{"id":"SJEkdao76hjwbb6Fh5SY6","labelName":"Job Title"},"textPosition":{"start":{"row":9,"column":0,"tokenIndex":16,"charIndex":0},"end":{"row":9,"column":0,"tokenIndex":17,"charIndex":9}},"confidenceScore":null},{"id":"1663390399","labeledBy":"LABELER","labeledByUserId":6814,"acceptedByUserId":null,"rejectedByUserId":null,"layer":0,"counter":0,"status":"ACCEPTED","hashCode":"SPAN:rj7TW0-ymuRo6f_asXJab:0:9:0:18:0:9:0:19:3:0:undefined:undefined","labelName":"rj7TW0-ymuRo6f_asXJab","labelItem":{"id":"rj7TW0-ymuRo6f_asXJab","labelName":"Company Name"},"textPosition":{"start":{"row":9,"column":0,"tokenIndex":18,"charIndex":0},"end":{"row":9,"column":0,"tokenIndex":19,"charIndex":3}},"confidenceScore":null},{"id":"1663390402","labeledBy":"LABELER","labeledByUserId":6814,"acceptedByUserId":null,"rejectedByUserId":null,"layer":0,"counter":0,"status":"ACCEPTED","hashCode":"SPAN:1R0C50AAwFbEp2O0WmRv6:0:9:0:21:0:9:0:21:3:0:undefined:undefined","labelName":"1R0C50AAwFbEp2O0WmRv6","labelItem":{"id":"1R0C50AAwFbEp2O0WmRv6","labelName":"Location"},"textPosition":{"start":{"row":9,"column":0,"tokenIndex":21,"charIndex":0},"end":{"row":9,"column":0,"tokenIndex":21,"charIndex":3}},"confidenceScore":null},{"id":"1663390405","labeledBy":"LABELER","labeledByUserId":6814,"acceptedByUserId":null,"rejectedByUserId":null,"layer":0,"counter":0,"status":"ACCEPTED","hashCode":"SPAN:1R0C50AAwFbEp2O0WmRv6:0:9:0:23:0:9:0:23:4:0:undefined:undefined","labelName":"1R0C50AAwFbEp2O0WmRv6","labelItem":{"id":"1R0C50AAwFbEp2O0WmRv6","labelName":"Location"},"textPosition":{"start":{"row":9,"column":0,"tokenIndex":23,"charIndex":0},"end":{"row":9,"column":0,"tokenIndex":23,"charIndex":4}},"confidenceScore":null},{"id":"1663390408","labeledBy":"LABELER","labeledByUserId":6814,"acceptedByUserId":null,"rejectedByUserId":null,"layer":0,"counter":0,"status":"ACCEPTED","hashCode":"SPAN:eS2knCRgLegeRw8bcmSWA:0:10:0:1:0:10:0:1:9:0:undefined:undefined","labelName":"eS2knCRgLegeRw8bcmSWA","labelItem":{"id":"eS2knCRgLegeRw8bcmSWA","labelName":"Skill"},"textPosition":{"start":{"row":10,"column":0,"tokenIndex":1,"charIndex":0},"end":{"row":10,"column":0,"tokenIndex":1,"charIndex":9}},"confidenceScore":null},{"id":"1663390411","labeledBy":"LABELER","labeledByUserId":6814,"acceptedByUserId":null,"rejectedByUserId":null,"layer":0,"counter":0,"status":"ACCEPTED","hashCode":"SPAN:eS2knCRgLegeRw8bcmSWA:0:11:0:4:0:11:0:5:4:0:undefined:undefined","labelName":"eS2knCRgLegeRw8bcmSWA","labelItem":{"id":"eS2knCRgLegeRw8bcmSWA","labelName":"Skill"},"textPosition":{"start":{"row":11,"column":0,"tokenIndex":4,"charIndex":0},"end":{"row":11,"column":0,"tokenIndex":5,"charIndex":4}},"confidenceScore":null},{"id":"1663390414","labeledBy":"LABELER","labeledByUserId":6814,"acceptedByUserId":null,"rejectedByUserId":null,"layer":0,"counter":0,"status":"ACCEPTED","hashCode":"SPAN:eS2knCRgLegeRw8bcmSWA:0:16:0:9:0:16:0:9:8:0:undefined:undefined","labelName":"eS2knCRgLegeRw8bcmSWA","labelItem":{"id":"eS2knCRgLegeRw8bcmSWA","labelName":"Skill"},"textPosition":{"start":{"row":16,"column":0,"tokenIndex":9,"charIndex":0},"end":{"row":16,"column":0,"tokenIndex":9,"charIndex":8}},"confidenceScore":null},{"id":"1663390417","labeledBy":"LABELER","labeledByUserId":6814,"acceptedByUserId":null,"rejectedByUserId":null,"layer":0,"counter":0,"status":"ACCEPTED","hashCode":"SPAN:eS2knCRgLegeRw8bcmSWA:0:16:0:10:0:17:0:0:11:0:undefined:undefined","labelName":"eS2knCRgLegeRw8bcmSWA","labelItem":{"id":"eS2knCRgLegeRw8bcmSWA","labelName":"Skill"},"textPosition":{"start":{"row":16,"column":0,"tokenIndex":10,"charIndex":0},"end":{"row":17,"column":0,"tokenIndex":0,"charIndex":11}},"confidenceScore":null},{"id":"1663390420","labeledBy":"LABELER","labeledByUserId":6814,"acceptedByUserId":null,"rejectedByUserId":null,"layer":0,"counter":0,"status":"ACCEPTED","hashCode":"SPAN:eS2knCRgLegeRw8bcmSWA:0:17:0:1:0:17:0:2:9:0:undefined:undefined","labelName":"eS2knCRgLegeRw8bcmSWA","labelItem":{"id":"eS2knCRgLegeRw8bcmSWA","labelName":"Skill"},"textPosition":{"start":{"row":17,"column":0,"tokenIndex":1,"charIndex":0},"end":{"row":17,"column":0,"tokenIndex":2,"charIndex":9}},"confidenceScore":null},{"id":"1663390423","labeledBy":"LABELER","labeledByUserId":6814,"acceptedByUserId":null,"rejectedByUserId":null,"layer":0,"counter":0,"status":"ACCEPTED","hashCode":"SPAN:eS2knCRgLegeRw8bcmSWA:0:17:0:4:0:17:0:5:10:0:undefined:undefined","labelName":"eS2knCRgLegeRw8bcmSWA","labelItem":{"id":"eS2knCRgLegeRw8bcmSWA","labelName":"Skill"},"textPosition":{"start":{"row":17,"column":0,"tokenIndex":4,"charIndex":0},"end":{"row":17,"column":0,"tokenIndex":5,"charIndex":10}},"confidenceScore":null},{"id":"1663390426","labeledBy":"LABELER","labeledByUserId":6814,"acceptedByUserId":null,"rejectedByUserId":null,"layer":0,"counter":0,"status":"ACCEPTED","hashCode":"SPAN:eS2knCRgLegeRw8bcmSWA:0:18:0:1:0:19:0:0:7:0:undefined:undefined","labelName":"eS2knCRgLegeRw8bcmSWA","labelItem":{"id":"eS2knCRgLegeRw8bcmSWA","labelName":"Skill"},"textPosition":{"start":{"row":18,"column":0,"tokenIndex":1,"charIndex":0},"end":{"row":19,"column":0,"tokenIndex":0,"charIndex":7}},"confidenceScore":null},{"id":"1663390429","labeledBy":"LABELER","labeledByUserId":6814,"acceptedByUserId":null,"rejectedByUserId":null,"layer":0,"counter":0,"status":"ACCEPTED","hashCode":"SPAN:eS2knCRgLegeRw8bcmSWA:0:20:0:3:0:20:0:3:9:0:undefined:undefined","labelName":"eS2knCRgLegeRw8bcmSWA","labelItem":{"id":"eS2knCRgLegeRw8bcmSWA","labelName":"Skill"},"textPosition":{"start":{"row":20,"column":0,"tokenIndex":3,"charIndex":0},"end":{"row":20,"column":0,"tokenIndex":3,"charIndex":9}},"confidenceScore":null},{"id":"1663390432","labeledBy":"LABELER","labeledByUserId":6814,"acceptedByUserId":null,"rejectedByUserId":null,"layer":0,"counter":0,"status":"ACCEPTED","hashCode":"SPAN:eS2knCRgLegeRw8bcmSWA:0:20:0:4:0:20:0:5:7:0:undefined:undefined","labelName":"eS2knCRgLegeRw8bcmSWA","labelItem":{"id":"eS2knCRgLegeRw8bcmSWA","labelName":"Skill"},"textPosition":{"start":{"row":20,"column":0,"tokenIndex":4,"charIndex":0},"end":{"row":20,"column":0,"tokenIndex":5,"charIndex":7}},"confidenceScore":null},{"id":"1663390435","labeledBy":"LABELER","labeledByUserId":6814,"acceptedByUserId":null,"rejectedByUserId":null,"layer":0,"counter":0,"status":"ACCEPTED","hashCode":"SPAN:eS2knCRgLegeRw8bcmSWA:0:20:0:6:0:20:0:8:9:0:undefined:undefined","labelName":"eS2knCRgLegeRw8bcmSWA","labelItem":{"id":"eS2knCRgLegeRw8bcmSWA","labelName":"Skill"},"textPosition":{"start":{"row":20,"column":0,"tokenIndex":6,"charIndex":0},"end":{"row":20,"column":0,"tokenIndex":8,"charIndex":9}},"confidenceScore":null},{"id":"1663390438","labeledBy":"LABELER","labeledByUserId":6814,"acceptedByUserId":null,"rejectedByUserId":null,"layer":0,"counter":0,"status":"ACCEPTED","hashCode":"SPAN:eS2knCRgLegeRw8bcmSWA:0:21:0:0:0:21:0:1:7:0:undefined:undefined","labelName":"eS2knCRgLegeRw8bcmSWA","labelItem":{"id":"eS2knCRgLegeRw8bcmSWA","labelName":"Skill"},"textPosition":{"start":{"row":21,"column":0,"tokenIndex":0,"charIndex":0},"end":{"row":21,"column":0,"tokenIndex":1,"charIndex":7}},"confidenceScore":null},{"id":"1663390441","labeledBy":"LABELER","labeledByUserId":6814,"acceptedByUserId":null,"rejectedByUserId":null,"layer":0,"counter":0,"status":"ACCEPTED","hashCode":"SPAN:52S_6moRfhjC-yXgIBeCp:0:22:0:0:0:22:0:0:6:0:undefined:undefined","labelName":"52S_6moRfhjC-yXgIBeCp","labelItem":{"id":"52S_6moRfhjC-yXgIBeCp","labelName":"Date"},"textPosition":{"start":{"row":22,"column":0,"tokenIndex":0,"charIndex":0},"end":{"row":22,"column":0,"tokenIndex":0,"charIndex":6}},"confidenceScore":null},{"id":"1663390444","labeledBy":"LABELER","labeledByUserId":6814,"acceptedByUserId":null,"rejectedByUserId":null,"layer":0,"counter":0,"status":"ACCEPTED","hashCode":"SPAN:52S_6moRfhjC-yXgIBeCp:0:22:0:2:0:22:0:2:6:0:undefined:undefined","labelName":"52S_6moRfhjC-yXgIBeCp","labelItem":{"id":"52S_6moRfhjC-yXgIBeCp","labelName":"Date"},"textPosition":{"start":{"row":22,"column":0,"tokenIndex":2,"charIndex":0},"end":{"row":22,"column":0,"tokenIndex":2,"charIndex":6}},"confidenceScore":null},{"id":"1663390447","labeledBy":"LABELER","labeledByUserId":6814,"acceptedByUserId":null,"rejectedByUserId":null,"layer":0,"counter":0,"status":"ACCEPTED","hashCode":"SPAN:SJEkdao76hjwbb6Fh5SY6:0:22:0:3:0:22:0:5:6:0:undefined:undefined","labelName":"SJEkdao76hjwbb6Fh5SY6","labelItem":{"id":"SJEkdao76hjwbb6Fh5SY6","labelName":"Job Title"},"textPosition":{"start":{"row":22,"column":0,"tokenIndex":3,"charIndex":0},"end":{"row":22,"column":0,"tokenIndex":5,"charIndex":6}},"confidenceScore":null},{"id":"1663390450","labeledBy":"LABELER","labeledByUserId":6814,"acceptedByUserId":null,"rejectedByUserId":null,"layer":0,"counter":0,"status":"ACCEPTED","hashCode":"SPAN:rj7TW0-ymuRo6f_asXJab:0:22:0:6:0:22:0:6:6:0:undefined:undefined","labelName":"rj7TW0-ymuRo6f_asXJab","labelItem":{"id":"rj7TW0-ymuRo6f_asXJab","labelName":"Company Name"},"textPosition":{"start":{"row":22,"column":0,"tokenIndex":6,"charIndex":0},"end":{"row":22,"column":0,"tokenIndex":6,"charIndex":6}},"confidenceScore":null},{"id":"1663390453","labeledBy":"LABELER","labeledByUserId":6814,"acceptedByUserId":null,"rejectedByUserId":null,"layer":0,"counter":0,"status":"ACCEPTED","hashCode":"SPAN:rj7TW0-ymuRo6f_asXJab:0:22:0:6:0:22:0:7:3:0:undefined:undefined","labelName":"rj7TW0-ymuRo6f_asXJab","labelItem":{"id":"rj7TW0-ymuRo6f_asXJab","labelName":"Company Name"},"textPosition":{"start":{"row":22,"column":0,"tokenIndex":6,"charIndex":0},"end":{"row":22,"column":0,"tokenIndex":7,"charIndex":3}},"confidenceScore":null},{"id":"1663390456","labeledBy":"LABELER","labeledByUserId":6814,"acceptedByUserId":null,"rejectedByUserId":null,"layer":0,"counter":0,"status":"ACCEPTED","hashCode":"SPAN:1R0C50AAwFbEp2O0WmRv6:0:22:0:9:0:22:0:9:3:0:undefined:undefined","labelName":"1R0C50AAwFbEp2O0WmRv6","labelItem":{"id":"1R0C50AAwFbEp2O0WmRv6","labelName":"Location"},"textPosition":{"start":{"row":22,"column":0,"tokenIndex":9,"charIndex":0},"end":{"row":22,"column":0,"tokenIndex":9,"charIndex":3}},"confidenceScore":null},{"id":"1663390459","labeledBy":"LABELER","labeledByUserId":6814,"acceptedByUserId":null,"rejectedByUserId":null,"layer":0,"counter":0,"status":"ACCEPTED","hashCode":"SPAN:1R0C50AAwFbEp2O0WmRv6:0:22:0:11:0:22:0:11:4:0:undefined:undefined","labelName":"1R0C50AAwFbEp2O0WmRv6","labelItem":{"id":"1R0C50AAwFbEp2O0WmRv6","labelName":"Location"},"textPosition":{"start":{"row":22,"column":0,"tokenIndex":11,"charIndex":0},"end":{"row":22,"column":0,"tokenIndex":11,"charIndex":4}},"confidenceScore":null},{"id":"1663390462","labeledBy":"LABELER","labeledByUserId":6814,"acceptedByUserId":null,"rejectedByUserId":null,"layer":0,"counter":0,"status":"ACCEPTED","hashCode":"SPAN:eS2knCRgLegeRw8bcmSWA:0:22:0:12:0:22:0:13:10:0:undefined:undefined","labelName":"eS2knCRgLegeRw8bcmSWA","labelItem":{"id":"eS2knCRgLegeRw8bcmSWA","labelName":"Skill"},"textPosition":{"start":{"row":22,"column":0,"tokenIndex":12,"charIndex":0},"end":{"row":22,"column":0,"tokenIndex":13,"charIndex":10}},"confidenceScore":null},{"id":"1663390465","labeledBy":"LABELER","labeledByUserId":6814,"acceptedByUserId":null,"rejectedByUserId":null,"layer":0,"counter":0,"status":"ACCEPTED","hashCode":"SPAN:eS2knCRgLegeRw8bcmSWA:0:23:0:1:0:23:0:1:10:0:undefined:undefined","labelName":"eS2knCRgLegeRw8bcmSWA","labelItem":{"id":"eS2knCRgLegeRw8bcmSWA","labelName":"Skill"},"textPosition":{"start":{"row":23,"column":0,"tokenIndex":1,"charIndex":0},"end":{"row":23,"column":0,"tokenIndex":1,"charIndex":10}},"confidenceScore":null},{"id":"1663390468","labeledBy":"LABELER","labeledByUserId":6814,"acceptedByUserId":null,"rejectedByUserId":null,"layer":0,"counter":0,"status":"ACCEPTED","hashCode":"SPAN:eS2knCRgLegeRw8bcmSWA:0:23:0:2:0:23:0:2:9:0:undefined:undefined","labelName":"eS2knCRgLegeRw8bcmSWA","labelItem":{"id":"eS2knCRgLegeRw8bcmSWA","labelName":"Skill"},"textPosition":{"start":{"row":23,"column":0,"tokenIndex":2,"charIndex":0},"end":{"row":23,"column":0,"tokenIndex":2,"charIndex":9}},"confidenceScore":null},{"id":"1663390471","labeledBy":"LABELER","labeledByUserId":6814,"acceptedByUserId":null,"rejectedByUserId":null,"layer":0,"counter":0,"status":"ACCEPTED","hashCode":"SPAN:eS2knCRgLegeRw8bcmSWA:0:23:0:3:0:23:0:3:9:0:undefined:undefined","labelName":"eS2knCRgLegeRw8bcmSWA","labelItem":{"id":"eS2knCRgLegeRw8bcmSWA","labelName":"Skill"},"textPosition":{"start":{"row":23,"column":0,"tokenIndex":3,"charIndex":0},"end":{"row":23,"column":0,"tokenIndex":3,"charIndex":9}},"confidenceScore":null},{"id":"1663390474","labeledBy":"LABELER","labeledByUserId":6814,"acceptedByUserId":null,"rejectedByUserId":null,"layer":0,"counter":0,"status":"ACCEPTED","hashCode":"SPAN:eS2knCRgLegeRw8bcmSWA:0:23:0:11:0:23:0:12:12:0:undefined:undefined","labelName":"eS2knCRgLegeRw8bcmSWA","labelItem":{"id":"eS2knCRgLegeRw8bcmSWA","labelName":"Skill"},"textPosition":{"start":{"row":23,"column":0,"tokenIndex":11,"charIndex":0},"end":{"row":23,"column":0,"tokenIndex":12,"charIndex":12}},"confidenceScore":null},{"id":"1663390477","labeledBy":"LABELER","labeledByUserId":6814,"acceptedByUserId":null,"rejectedByUserId":null,"layer":0,"counter":0,"status":"ACCEPTED","hashCode":"SPAN:eS2knCRgLegeRw8bcmSWA:0:24:0:0:0:24:0:0:10:0:undefined:undefined","labelName":"eS2knCRgLegeRw8bcmSWA","labelItem":{"id":"eS2knCRgLegeRw8bcmSWA","labelName":"Skill"},"textPosition":{"start":{"row":24,"column":0,"tokenIndex":0,"charIndex":0},"end":{"row":24,"column":0,"tokenIndex":0,"charIndex":10}},"confidenceScore":null},{"id":"1663390480","labeledBy":"LABELER","labeledByUserId":6814,"acceptedByUserId":null,"rejectedByUserId":null,"layer":0,"counter":0,"status":"ACCEPTED","hashCode":"SPAN:eS2knCRgLegeRw8bcmSWA:0:25:0:10:0:25:0:11:4:0:undefined:undefined","labelName":"eS2knCRgLegeRw8bcmSWA","labelItem":{"id":"eS2knCRgLegeRw8bcmSWA","labelName":"Skill"},"textPosition":{"start":{"row":25,"column":0,"tokenIndex":10,"charIndex":0},"end":{"row":25,"column":0,"tokenIndex":11,"charIndex":4}},"confidenceScore":null},{"id":"1663390483","labeledBy":"LABELER","labeledByUserId":6814,"acceptedByUserId":null,"rejectedByUserId":null,"layer":0,"counter":0,"status":"ACCEPTED","hashCode":"SPAN:eS2knCRgLegeRw8bcmSWA:0:26:0:5:0:26:0:6:12:0:undefined:undefined","labelName":"eS2knCRgLegeRw8bcmSWA","labelItem":{"id":"eS2knCRgLegeRw8bcmSWA","labelName":"Skill"},"textPosition":{"start":{"row":26,"column":0,"tokenIndex":5,"charIndex":0},"end":{"row":26,"column":0,"tokenIndex":6,"charIndex":12}},"confidenceScore":null},{"id":"1663390486","labeledBy":"LABELER","labeledByUserId":6814,"acceptedByUserId":null,"rejectedByUserId":null,"layer":0,"counter":0,"status":"ACCEPTED","hashCode":"SPAN:eS2knCRgLegeRw8bcmSWA:0:26:0:7:0:26:0:8:10:0:undefined:undefined","labelName":"eS2knCRgLegeRw8bcmSWA","labelItem":{"id":"eS2knCRgLegeRw8bcmSWA","labelName":"Skill"},"textPosition":{"start":{"row":26,"column":0,"tokenIndex":7,"charIndex":0},"end":{"row":26,"column":0,"tokenIndex":8,"charIndex":10}},"confidenceScore":null},{"id":"1663390489","labeledBy":"LABELER","labeledByUserId":6814,"acceptedByUserId":null,"rejectedByUserId":null,"layer":0,"counter":0,"status":"ACCEPTED","hashCode":"SPAN:eS2knCRgLegeRw8bcmSWA:0:26:0:9:0:26:0:9:14:0:undefined:undefined","labelName":"eS2knCRgLegeRw8bcmSWA","labelItem":{"id":"eS2knCRgLegeRw8bcmSWA","labelName":"Skill"},"textPosition":{"start":{"row":26,"column":0,"tokenIndex":9,"charIndex":0},"end":{"row":26,"column":0,"tokenIndex":9,"charIndex":14}},"confidenceScore":null},{"id":"1663390492","labeledBy":"LABELER","labeledByUserId":6814,"acceptedByUserId":null,"rejectedByUserId":null,"layer":0,"counter":0,"status":"ACCEPTED","hashCode":"SPAN:eS2knCRgLegeRw8bcmSWA:0:26:0:10:0:26:0:11:9:0:undefined:undefined","labelName":"eS2knCRgLegeRw8bcmSWA","labelItem":{"id":"eS2knCRgLegeRw8bcmSWA","labelName":"Skill"},"textPosition":{"start":{"row":26,"column":0,"tokenIndex":10,"charIndex":0},"end":{"row":26,"column":0,"tokenIndex":11,"charIndex":9}},"confidenceScore":null},{"id":"1663390495","labeledBy":"LABELER","labeledByUserId":6814,"acceptedByUserId":null,"rejectedByUserId":null,"layer":0,"counter":0,"status":"ACCEPTED","hashCode":"SPAN:eS2knCRgLegeRw8bcmSWA:0:26:0:12:0:26:0:12:7:0:undefined:undefined","labelName":"eS2knCRgLegeRw8bcmSWA","labelItem":{"id":"eS2knCRgLegeRw8bcmSWA","labelName":"Skill"},"textPosition":{"start":{"row":26,"column":0,"tokenIndex":12,"charIndex":0},"end":{"row":26,"column":0,"tokenIndex":12,"charIndex":7}},"confidenceScore":null},{"id":"1663390498","labeledBy":"LABELER","labeledByUserId":6814,"acceptedByUserId":null,"rejectedByUserId":null,"layer":0,"counter":0,"status":"ACCEPTED","hashCode":"SPAN:eS2knCRgLegeRw8bcmSWA:0:26:0:14:0:26:0:17:8:0:undefined:undefined","labelName":"eS2knCRgLegeRw8bcmSWA","labelItem":{"id":"eS2knCRgLegeRw8bcmSWA","labelName":"Skill"},"textPosition":{"start":{"row":26,"column":0,"tokenIndex":14,"charIndex":0},"end":{"row":26,"column":0,"tokenIndex":17,"charIndex":8}},"confidenceScore":null},{"id":"1663390501","labeledBy":"LABELER","labeledByUserId":6814,"acceptedByUserId":null,"rejectedByUserId":null,"layer":0,"counter":0,"status":"ACCEPTED","hashCode":"SPAN:eS2knCRgLegeRw8bcmSWA:0:27:0:6:0:27:0:7:9:0:undefined:undefined","labelName":"eS2knCRgLegeRw8bcmSWA","labelItem":{"id":"eS2knCRgLegeRw8bcmSWA","labelName":"Skill"},"textPosition":{"start":{"row":27,"column":0,"tokenIndex":6,"charIndex":0},"end":{"row":27,"column":0,"tokenIndex":7,"charIndex":9}},"confidenceScore":null},{"id":"1663390504","labeledBy":"LABELER","labeledByUserId":6814,"acceptedByUserId":null,"rejectedByUserId":null,"layer":0,"counter":0,"status":"ACCEPTED","hashCode":"SPAN:eS2knCRgLegeRw8bcmSWA:0:29:0:1:0:29:0:2:10:0:undefined:undefined","labelName":"eS2knCRgLegeRw8bcmSWA","labelItem":{"id":"eS2knCRgLegeRw8bcmSWA","labelName":"Skill"},"textPosition":{"start":{"row":29,"column":0,"tokenIndex":1,"charIndex":0},"end":{"row":29,"column":0,"tokenIndex":2,"charIndex":10}},"confidenceScore":null},{"id":"1663390507","labeledBy":"LABELER","labeledByUserId":6814,"acceptedByUserId":null,"rejectedByUserId":null,"layer":0,"counter":0,"status":"ACCEPTED","hashCode":"SPAN:eS2knCRgLegeRw8bcmSWA:0:29:0:6:0:29:0:6:5:0:undefined:undefined","labelName":"eS2knCRgLegeRw8bcmSWA","labelItem":{"id":"eS2knCRgLegeRw8bcmSWA","labelName":"Skill"},"textPosition":{"start":{"row":29,"column":0,"tokenIndex":6,"charIndex":0},"end":{"row":29,"column":0,"tokenIndex":6,"charIndex":5}},"confidenceScore":null},{"id":"1663390510","labeledBy":"LABELER","labeledByUserId":6814,"acceptedByUserId":null,"rejectedByUserId":null,"layer":0,"counter":0,"status":"ACCEPTED","hashCode":"SPAN:eS2knCRgLegeRw8bcmSWA:0:29:0:7:0:29:0:7:6:0:undefined:undefined","labelName":"eS2knCRgLegeRw8bcmSWA","labelItem":{"id":"eS2knCRgLegeRw8bcmSWA","labelName":"Skill"},"textPosition":{"start":{"row":29,"column":0,"tokenIndex":7,"charIndex":0},"end":{"row":29,"column":0,"tokenIndex":7,"charIndex":6}},"confidenceScore":null},{"id":"1663390513","labeledBy":"LABELER","labeledByUserId":6814,"acceptedByUserId":null,"rejectedByUserId":null,"layer":0,"counter":0,"status":"ACCEPTED","hashCode":"SPAN:eS2knCRgLegeRw8bcmSWA:0:29:0:9:0:29:0:9:9:0:undefined:undefined","labelName":"eS2knCRgLegeRw8bcmSWA","labelItem":{"id":"eS2knCRgLegeRw8bcmSWA","labelName":"Skill"},"textPosition":{"start":{"row":29,"column":0,"tokenIndex":9,"charIndex":0},"end":{"row":29,"column":0,"tokenIndex":9,"charIndex":9}},"confidenceScore":null},{"id":"1663390516","labeledBy":"LABELER","labeledByUserId":6814,"acceptedByUserId":null,"rejectedByUserId":null,"layer":0,"counter":0,"status":"ACCEPTED","hashCode":"SPAN:eS2knCRgLegeRw8bcmSWA:0:30:0:3:0:30:0:4:7:0:undefined:undefined","labelName":"eS2knCRgLegeRw8bcmSWA","labelItem":{"id":"eS2knCRgLegeRw8bcmSWA","labelName":"Skill"},"textPosition":{"start":{"row":30,"column":0,"tokenIndex":3,"charIndex":0},"end":{"row":30,"column":0,"tokenIndex":4,"charIndex":7}},"confidenceScore":null},{"id":"1663390519","labeledBy":"LABELER","labeledByUserId":6814,"acceptedByUserId":null,"rejectedByUserId":null,"layer":0,"counter":0,"status":"ACCEPTED","hashCode":"SPAN:eS2knCRgLegeRw8bcmSWA:0:30:0:12:0:30:0:12:7:0:undefined:undefined","labelName":"eS2knCRgLegeRw8bcmSWA","labelItem":{"id":"eS2knCRgLegeRw8bcmSWA","labelName":"Skill"},"textPosition":{"start":{"row":30,"column":0,"tokenIndex":12,"charIndex":0},"end":{"row":30,"column":0,"tokenIndex":12,"charIndex":7}},"confidenceScore":null},{"id":"1663390522","labeledBy":"LABELER","labeledByUserId":6814,"acceptedByUserId":null,"rejectedByUserId":null,"layer":0,"counter":0,"status":"ACCEPTED","hashCode":"SPAN:eS2knCRgLegeRw8bcmSWA:0:30:0:15:0:30:0:16:9:0:undefined:undefined","labelName":"eS2knCRgLegeRw8bcmSWA","labelItem":{"id":"eS2knCRgLegeRw8bcmSWA","labelName":"Skill"},"textPosition":{"start":{"row":30,"column":0,"tokenIndex":15,"charIndex":0},"end":{"row":30,"column":0,"tokenIndex":16,"charIndex":9}},"confidenceScore":null},{"id":"1663390525","labeledBy":"LABELER","labeledByUserId":6814,"acceptedByUserId":null,"rejectedByUserId":null,"layer":0,"counter":0,"status":"ACCEPTED","hashCode":"SPAN:eS2knCRgLegeRw8bcmSWA:0:30:0:22:0:30:0:22:10:0:undefined:undefined","labelName":"eS2knCRgLegeRw8bcmSWA","labelItem":{"id":"eS2knCRgLegeRw8bcmSWA","labelName":"Skill"},"textPosition":{"start":{"row":30,"column":0,"tokenIndex":22,"charIndex":0},"end":{"row":30,"column":0,"tokenIndex":22,"charIndex":10}},"confidenceScore":null},{"id":"1663390528","labeledBy":"LABELER","labeledByUserId":6814,"acceptedByUserId":null,"rejectedByUserId":null,"layer":0,"counter":0,"status":"ACCEPTED","hashCode":"SPAN:eS2knCRgLegeRw8bcmSWA:0:31:0:0:0:31:0:0:6:0:undefined:undefined","labelName":"eS2knCRgLegeRw8bcmSWA","labelItem":{"id":"eS2knCRgLegeRw8bcmSWA","labelName":"Skill"},"textPosition":{"start":{"row":31,"column":0,"tokenIndex":0,"charIndex":0},"end":{"row":31,"column":0,"tokenIndex":0,"charIndex":6}},"confidenceScore":null},{"id":"1663390531","labeledBy":"LABELER","labeledByUserId":6814,"acceptedByUserId":null,"rejectedByUserId":null,"layer":0,"counter":0,"status":"ACCEPTED","hashCode":"SPAN:eS2knCRgLegeRw8bcmSWA:0:31:0:2:0:31:0:3:9:0:undefined:undefined","labelName":"eS2knCRgLegeRw8bcmSWA","labelItem":{"id":"eS2knCRgLegeRw8bcmSWA","labelName":"Skill"},"textPosition":{"start":{"row":31,"column":0,"tokenIndex":2,"charIndex":0},"end":{"row":31,"column":0,"tokenIndex":3,"charIndex":9}},"confidenceScore":null},{"id":"1663390534","labeledBy":"LABELER","labeledByUserId":6814,"acceptedByUserId":null,"rejectedByUserId":null,"layer":0,"counter":0,"status":"ACCEPTED","hashCode":"SPAN:eS2knCRgLegeRw8bcmSWA:0:31:0:5:0:31:0:6:10:0:undefined:undefined","labelName":"eS2knCRgLegeRw8bcmSWA","labelItem":{"id":"eS2knCRgLegeRw8bcmSWA","labelName":"Skill"},"textPosition":{"start":{"row":31,"column":0,"tokenIndex":5,"charIndex":0},"end":{"row":31,"column":0,"tokenIndex":6,"charIndex":10}},"confidenceScore":null},{"id":"1663390540","labeledBy":"LABELER","labeledByUserId":6814,"acceptedByUserId":null,"rejectedByUserId":null,"layer":0,"counter":0,"status":"ACCEPTED","hashCode":"SPAN:eS2knCRgLegeRw8bcmSWA:0:33:0:9:0:33:0:10:13:0:undefined:undefined","labelName":"eS2knCRgLegeRw8bcmSWA","labelItem":{"id":"eS2knCRgLegeRw8bcmSWA","labelName":"Skill"},"textPosition":{"start":{"row":33,"column":0,"tokenIndex":9,"charIndex":0},"end":{"row":33,"column":0,"tokenIndex":10,"charIndex":13}},"confidenceScore":null},{"id":"1663390537","labeledBy":"LABELER","labeledByUserId":6814,"acceptedByUserId":null,"rejectedByUserId":null,"layer":0,"counter":0,"status":"ACCEPTED","hashCode":"SPAN:eS2knCRgLegeRw8bcmSWA:0:34:0:0:0:34:0:1:13:0:undefined:undefined","labelName":"eS2knCRgLegeRw8bcmSWA","labelItem":{"id":"eS2knCRgLegeRw8bcmSWA","labelName":"Skill"},"textPosition":{"start":{"row":34,"column":0,"tokenIndex":0,"charIndex":0},"end":{"row":34,"column":0,"tokenIndex":1,"charIndex":13}},"confidenceScore":null},{"id":"1663390543","labeledBy":"LABELER","labeledByUserId":6814,"acceptedByUserId":null,"rejectedByUserId":null,"layer":0,"counter":0,"status":"ACCEPTED","hashCode":"SPAN:eS2knCRgLegeRw8bcmSWA:0:35:0:3:0:35:0:4:11:0:undefined:undefined","labelName":"eS2knCRgLegeRw8bcmSWA","labelItem":{"id":"eS2knCRgLegeRw8bcmSWA","labelName":"Skill"},"textPosition":{"start":{"row":35,"column":0,"tokenIndex":3,"charIndex":0},"end":{"row":35,"column":0,"tokenIndex":4,"charIndex":11}},"confidenceScore":null},{"id":"1663390546","labeledBy":"LABELER","labeledByUserId":6814,"acceptedByUserId":null,"rejectedByUserId":null,"layer":0,"counter":0,"status":"ACCEPTED","hashCode":"SPAN:eS2knCRgLegeRw8bcmSWA:0:35:0:10:0:35:0:11:9:0:undefined:undefined","labelName":"eS2knCRgLegeRw8bcmSWA","labelItem":{"id":"eS2knCRgLegeRw8bcmSWA","labelName":"Skill"},"textPosition":{"start":{"row":35,"column":0,"tokenIndex":10,"charIndex":0},"end":{"row":35,"column":0,"tokenIndex":11,"charIndex":9}},"confidenceScore":null},{"id":"1663390549","labeledBy":"LABELER","labeledByUserId":6814,"acceptedByUserId":null,"rejectedByUserId":null,"layer":0,"counter":0,"status":"ACCEPTED","hashCode":"SPAN:eS2knCRgLegeRw8bcmSWA:0:35:0:13:0:35:0:15:12:0:undefined:undefined","labelName":"eS2knCRgLegeRw8bcmSWA","labelItem":{"id":"eS2knCRgLegeRw8bcmSWA","labelName":"Skill"},"textPosition":{"start":{"row":35,"column":0,"tokenIndex":13,"charIndex":0},"end":{"row":35,"column":0,"tokenIndex":15,"charIndex":12}},"confidenceScore":null},{"id":"1663390552","labeledBy":"LABELER","labeledByUserId":6814,"acceptedByUserId":null,"rejectedByUserId":null,"layer":0,"counter":0,"status":"ACCEPTED","hashCode":"SPAN:eS2knCRgLegeRw8bcmSWA:0:36:0:0:0:36:0:0:6:0:undefined:undefined","labelName":"eS2knCRgLegeRw8bcmSWA","labelItem":{"id":"eS2knCRgLegeRw8bcmSWA","labelName":"Skill"},"textPosition":{"start":{"row":36,"column":0,"tokenIndex":0,"charIndex":0},"end":{"row":36,"column":0,"tokenIndex":0,"charIndex":6}},"confidenceScore":null},{"id":"1663390555","labeledBy":"LABELER","labeledByUserId":6814,"acceptedByUserId":null,"rejectedByUserId":null,"layer":0,"counter":0,"status":"ACCEPTED","hashCode":"SPAN:eS2knCRgLegeRw8bcmSWA:0:36:0:2:0:36:0:5:6:0:undefined:undefined","labelName":"eS2knCRgLegeRw8bcmSWA","labelItem":{"id":"eS2knCRgLegeRw8bcmSWA","labelName":"Skill"},"textPosition":{"start":{"row":36,"column":0,"tokenIndex":2,"charIndex":0},"end":{"row":36,"column":0,"tokenIndex":5,"charIndex":6}},"confidenceScore":null},{"id":"1663390558","labeledBy":"LABELER","labeledByUserId":6814,"acceptedByUserId":null,"rejectedByUserId":null,"layer":0,"counter":0,"status":"ACCEPTED","hashCode":"SPAN:eS2knCRgLegeRw8bcmSWA:0:37:0:0:0:37:0:3:5:0:undefined:undefined","labelName":"eS2knCRgLegeRw8bcmSWA","labelItem":{"id":"eS2knCRgLegeRw8bcmSWA","labelName":"Skill"},"textPosition":{"start":{"row":37,"column":0,"tokenIndex":0,"charIndex":0},"end":{"row":37,"column":0,"tokenIndex":3,"charIndex":5}},"confidenceScore":null},{"id":"1663390561","labeledBy":"LABELER","labeledByUserId":6814,"acceptedByUserId":null,"rejectedByUserId":null,"layer":0,"counter":0,"status":"ACCEPTED","hashCode":"SPAN:eS2knCRgLegeRw8bcmSWA:0:38:0:0:0:38:0:0:6:0:undefined:undefined","labelName":"eS2knCRgLegeRw8bcmSWA","labelItem":{"id":"eS2knCRgLegeRw8bcmSWA","labelName":"Skill"},"textPosition":{"start":{"row":38,"column":0,"tokenIndex":0,"charIndex":0},"end":{"row":38,"column":0,"tokenIndex":0,"charIndex":6}},"confidenceScore":null},{"id":"1663390564","labeledBy":"LABELER","labeledByUserId":6814,"acceptedByUserId":null,"rejectedByUserId":null,"layer":0,"counter":0,"status":"ACCEPTED","hashCode":"SPAN:eS2knCRgLegeRw8bcmSWA:0:38:0:2:0:38:0:3:7:0:undefined:undefined","labelName":"eS2knCRgLegeRw8bcmSWA","labelItem":{"id":"eS2knCRgLegeRw8bcmSWA","labelName":"Skill"},"textPosition":{"start":{"row":38,"column":0,"tokenIndex":2,"charIndex":0},"end":{"row":38,"column":0,"tokenIndex":3,"charIndex":7}},"confidenceScore":null},{"id":"1663390567","labeledBy":"LABELER","labeledByUserId":6814,"acceptedByUserId":null,"rejectedByUserId":null,"layer":0,"counter":0,"status":"ACCEPTED","hashCode":"SPAN:eS2knCRgLegeRw8bcmSWA:0:39:0:1:0:39:0:2:6:0:undefined:undefined","labelName":"eS2knCRgLegeRw8bcmSWA","labelItem":{"id":"eS2knCRgLegeRw8bcmSWA","labelName":"Skill"},"textPosition":{"start":{"row":39,"column":0,"tokenIndex":1,"charIndex":0},"end":{"row":39,"column":0,"tokenIndex":2,"charIndex":6}},"confidenceScore":null},{"id":"1663390570","labeledBy":"LABELER","labeledByUserId":6814,"acceptedByUserId":null,"rejectedByUserId":null,"layer":0,"counter":0,"status":"ACCEPTED","hashCode":"SPAN:eS2knCRgLegeRw8bcmSWA:0:41:0:0:0:41:0:3:4:0:undefined:undefined","labelName":"eS2knCRgLegeRw8bcmSWA","labelItem":{"id":"eS2knCRgLegeRw8bcmSWA","labelName":"Skill"},"textPosition":{"start":{"row":41,"column":0,"tokenIndex":0,"charIndex":0},"end":{"row":41,"column":0,"tokenIndex":3,"charIndex":4}},"confidenceScore":null},{"id":"1663390576","labeledBy":"LABELER","labeledByUserId":6814,"acceptedByUserId":null,"rejectedByUserId":null,"layer":0,"counter":0,"status":"ACCEPTED","hashCode":"SPAN:eS2knCRgLegeRw8bcmSWA:0:42:0:3:0:42:0:3:9:0:undefined:undefined","labelName":"eS2knCRgLegeRw8bcmSWA","labelItem":{"id":"eS2knCRgLegeRw8bcmSWA","labelName":"Skill"},"textPosition":{"start":{"row":42,"column":0,"tokenIndex":3,"charIndex":0},"end":{"row":42,"column":0,"tokenIndex":3,"charIndex":9}},"confidenceScore":null},{"id":"1663390573","labeledBy":"LABELER","labeledByUserId":6814,"acceptedByUserId":null,"rejectedByUserId":null,"layer":0,"counter":0,"status":"ACCEPTED","hashCode":"SPAN:eS2knCRgLegeRw8bcmSWA:0:42:0:8:0:42:0:8:7:0:undefined:undefined","labelName":"eS2knCRgLegeRw8bcmSWA","labelItem":{"id":"eS2knCRgLegeRw8bcmSWA","labelName":"Skill"},"textPosition":{"start":{"row":42,"column":0,"tokenIndex":8,"charIndex":0},"end":{"row":42,"column":0,"tokenIndex":8,"charIndex":7}},"confidenceScore":null},{"id":"1663390579","labeledBy":"LABELER","labeledByUserId":6814,"acceptedByUserId":null,"rejectedByUserId":null,"layer":0,"counter":0,"status":"ACCEPTED","hashCode":"SPAN:eS2knCRgLegeRw8bcmSWA:0:42:0:9:0:42:0:10:6:0:undefined:undefined","labelName":"eS2knCRgLegeRw8bcmSWA","labelItem":{"id":"eS2knCRgLegeRw8bcmSWA","labelName":"Skill"},"textPosition":{"start":{"row":42,"column":0,"tokenIndex":9,"charIndex":0},"end":{"row":42,"column":0,"tokenIndex":10,"charIndex":6}},"confidenceScore":null},{"id":"1663390585","labeledBy":"LABELER","labeledByUserId":6814,"acceptedByUserId":null,"rejectedByUserId":null,"layer":0,"counter":0,"status":"ACCEPTED","hashCode":"SPAN:eS2knCRgLegeRw8bcmSWA:0:42:0:11:0:42:0:12:9:0:undefined:undefined","labelName":"eS2knCRgLegeRw8bcmSWA","labelItem":{"id":"eS2knCRgLegeRw8bcmSWA","labelName":"Skill"},"textPosition":{"start":{"row":42,"column":0,"tokenIndex":11,"charIndex":0},"end":{"row":42,"column":0,"tokenIndex":12,"charIndex":9}},"confidenceScore":null},{"id":"1663390582","labeledBy":"LABELER","labeledByUserId":6814,"acceptedByUserId":null,"rejectedByUserId":null,"layer":0,"counter":0,"status":"ACCEPTED","hashCode":"SPAN:eS2knCRgLegeRw8bcmSWA:0:42:0:14:0:42:0:15:13:0:undefined:undefined","labelName":"eS2knCRgLegeRw8bcmSWA","labelItem":{"id":"eS2knCRgLegeRw8bcmSWA","labelName":"Skill"},"textPosition":{"start":{"row":42,"column":0,"tokenIndex":14,"charIndex":0},"end":{"row":42,"column":0,"tokenIndex":15,"charIndex":13}},"confidenceScore":null},{"id":"1663390588","labeledBy":"LABELER","labeledByUserId":6814,"acceptedByUserId":null,"rejectedByUserId":null,"layer":0,"counter":0,"status":"ACCEPTED","hashCode":"SPAN:eS2knCRgLegeRw8bcmSWA:0:43:0:2:0:43:0:3:7:0:undefined:undefined","labelName":"eS2knCRgLegeRw8bcmSWA","labelItem":{"id":"eS2knCRgLegeRw8bcmSWA","labelName":"Skill"},"textPosition":{"start":{"row":43,"column":0,"tokenIndex":2,"charIndex":0},"end":{"row":43,"column":0,"tokenIndex":3,"charIndex":7}},"confidenceScore":null},{"id":"1663390591","labeledBy":"LABELER","labeledByUserId":6814,"acceptedByUserId":null,"rejectedByUserId":null,"layer":0,"counter":0,"status":"ACCEPTED","hashCode":"SPAN:eS2knCRgLegeRw8bcmSWA:0:43:0:4:0:43:0:4:7:0:undefined:undefined","labelName":"eS2knCRgLegeRw8bcmSWA","labelItem":{"id":"eS2knCRgLegeRw8bcmSWA","labelName":"Skill"},"textPosition":{"start":{"row":43,"column":0,"tokenIndex":4,"charIndex":0},"end":{"row":43,"column":0,"tokenIndex":4,"charIndex":7}},"confidenceScore":null},{"id":"1663390594","labeledBy":"LABELER","labeledByUserId":6814,"acceptedByUserId":null,"rejectedByUserId":null,"layer":0,"counter":0,"status":"ACCEPTED","hashCode":"SPAN:eS2knCRgLegeRw8bcmSWA:0:43:0:6:0:43:0:6:8:0:undefined:undefined","labelName":"eS2knCRgLegeRw8bcmSWA","labelItem":{"id":"eS2knCRgLegeRw8bcmSWA","labelName":"Skill"},"textPosition":{"start":{"row":43,"column":0,"tokenIndex":6,"charIndex":0},"end":{"row":43,"column":0,"tokenIndex":6,"charIndex":8}},"confidenceScore":null},{"id":"1663390597","labeledBy":"LABELER","labeledByUserId":6814,"acceptedByUserId":null,"rejectedByUserId":null,"layer":0,"counter":0,"status":"ACCEPTED","hashCode":"SPAN:eS2knCRgLegeRw8bcmSWA:0:43:0:8:0:43:0:9:11:0:undefined:undefined","labelName":"eS2knCRgLegeRw8bcmSWA","labelItem":{"id":"eS2knCRgLegeRw8bcmSWA","labelName":"Skill"},"textPosition":{"start":{"row":43,"column":0,"tokenIndex":8,"charIndex":0},"end":{"row":43,"column":0,"tokenIndex":9,"charIndex":11}},"confidenceScore":null},{"id":"1663390600","labeledBy":"LABELER","labeledByUserId":6814,"acceptedByUserId":null,"rejectedByUserId":null,"layer":0,"counter":0,"status":"ACCEPTED","hashCode":"SPAN:52S_6moRfhjC-yXgIBeCp:0:45:0:0:0:45:0:0:6:0:undefined:undefined","labelName":"52S_6moRfhjC-yXgIBeCp","labelItem":{"id":"52S_6moRfhjC-yXgIBeCp","labelName":"Date"},"textPosition":{"start":{"row":45,"column":0,"tokenIndex":0,"charIndex":0},"end":{"row":45,"column":0,"tokenIndex":0,"charIndex":6}},"confidenceScore":null},{"id":"1663390603","labeledBy":"LABELER","labeledByUserId":6814,"acceptedByUserId":null,"rejectedByUserId":null,"layer":0,"counter":0,"status":"ACCEPTED","hashCode":"SPAN:52S_6moRfhjC-yXgIBeCp:0:45:0:2:0:45:0:2:6:0:undefined:undefined","labelName":"52S_6moRfhjC-yXgIBeCp","labelItem":{"id":"52S_6moRfhjC-yXgIBeCp","labelName":"Date"},"textPosition":{"start":{"row":45,"column":0,"tokenIndex":2,"charIndex":0},"end":{"row":45,"column":0,"tokenIndex":2,"charIndex":6}},"confidenceScore":null},{"id":"1663390606","labeledBy":"LABELER","labeledByUserId":6814,"acceptedByUserId":null,"rejectedByUserId":null,"layer":0,"counter":0,"status":"ACCEPTED","hashCode":"SPAN:SJEkdao76hjwbb6Fh5SY6:0:45:0:3:0:45:0:4:6:0:undefined:undefined","labelName":"SJEkdao76hjwbb6Fh5SY6","labelItem":{"id":"SJEkdao76hjwbb6Fh5SY6","labelName":"Job Title"},"textPosition":{"start":{"row":45,"column":0,"tokenIndex":3,"charIndex":0},"end":{"row":45,"column":0,"tokenIndex":4,"charIndex":6}},"confidenceScore":null},{"id":"1663390609","labeledBy":"LABELER","labeledByUserId":6814,"acceptedByUserId":null,"rejectedByUserId":null,"layer":0,"counter":0,"status":"ACCEPTED","hashCode":"SPAN:rj7TW0-ymuRo6f_asXJab:0:45:0:5:0:45:0:6:3:0:undefined:undefined","labelName":"rj7TW0-ymuRo6f_asXJab","labelItem":{"id":"rj7TW0-ymuRo6f_asXJab","labelName":"Company Name"},"textPosition":{"start":{"row":45,"column":0,"tokenIndex":5,"charIndex":0},"end":{"row":45,"column":0,"tokenIndex":6,"charIndex":3}},"confidenceScore":null},{"id":"1663390612","labeledBy":"LABELER","labeledByUserId":6814,"acceptedByUserId":null,"rejectedByUserId":null,"layer":0,"counter":0,"status":"ACCEPTED","hashCode":"SPAN:1R0C50AAwFbEp2O0WmRv6:0:45:0:8:0:45:0:8:3:0:undefined:undefined","labelName":"1R0C50AAwFbEp2O0WmRv6","labelItem":{"id":"1R0C50AAwFbEp2O0WmRv6","labelName":"Location"},"textPosition":{"start":{"row":45,"column":0,"tokenIndex":8,"charIndex":0},"end":{"row":45,"column":0,"tokenIndex":8,"charIndex":3}},"confidenceScore":null},{"id":"1663390615","labeledBy":"LABELER","labeledByUserId":6814,"acceptedByUserId":null,"rejectedByUserId":null,"layer":0,"counter":0,"status":"ACCEPTED","hashCode":"SPAN:1R0C50AAwFbEp2O0WmRv6:0:45:0:10:0:45:0:10:4:0:undefined:undefined","labelName":"1R0C50AAwFbEp2O0WmRv6","labelItem":{"id":"1R0C50AAwFbEp2O0WmRv6","labelName":"Location"},"textPosition":{"start":{"row":45,"column":0,"tokenIndex":10,"charIndex":0},"end":{"row":45,"column":0,"tokenIndex":10,"charIndex":4}},"confidenceScore":null},{"id":"1663390618","labeledBy":"LABELER","labeledByUserId":6814,"acceptedByUserId":null,"rejectedByUserId":null,"layer":0,"counter":0,"status":"ACCEPTED","hashCode":"SPAN:eS2knCRgLegeRw8bcmSWA:0:45:0:11:0:45:0:11:10:0:undefined:undefined","labelName":"eS2knCRgLegeRw8bcmSWA","labelItem":{"id":"eS2knCRgLegeRw8bcmSWA","labelName":"Skill"},"textPosition":{"start":{"row":45,"column":0,"tokenIndex":11,"charIndex":0},"end":{"row":45,"column":0,"tokenIndex":11,"charIndex":10}},"confidenceScore":null},{"id":"1663390621","labeledBy":"LABELER","labeledByUserId":6814,"acceptedByUserId":null,"rejectedByUserId":null,"layer":0,"counter":0,"status":"ACCEPTED","hashCode":"SPAN:eS2knCRgLegeRw8bcmSWA:0:47:0:16:0:47:0:16:10:0:undefined:undefined","labelName":"eS2knCRgLegeRw8bcmSWA","labelItem":{"id":"eS2knCRgLegeRw8bcmSWA","labelName":"Skill"},"textPosition":{"start":{"row":47,"column":0,"tokenIndex":16,"charIndex":0},"end":{"row":47,"column":0,"tokenIndex":16,"charIndex":10}},"confidenceScore":null},{"id":"1663390624","labeledBy":"LABELER","labeledByUserId":6814,"acceptedByUserId":null,"rejectedByUserId":null,"layer":0,"counter":0,"status":"ACCEPTED","hashCode":"SPAN:eS2knCRgLegeRw8bcmSWA:0:48:0:4:0:48:0:5:6:0:undefined:undefined","labelName":"eS2knCRgLegeRw8bcmSWA","labelItem":{"id":"eS2knCRgLegeRw8bcmSWA","labelName":"Skill"},"textPosition":{"start":{"row":48,"column":0,"tokenIndex":4,"charIndex":0},"end":{"row":48,"column":0,"tokenIndex":5,"charIndex":6}},"confidenceScore":null},{"id":"1663390627","labeledBy":"LABELER","labeledByUserId":6814,"acceptedByUserId":null,"rejectedByUserId":null,"layer":0,"counter":0,"status":"ACCEPTED","hashCode":"SPAN:eS2knCRgLegeRw8bcmSWA:0:48:0:15:0:48:0:16:8:0:undefined:undefined","labelName":"eS2knCRgLegeRw8bcmSWA","labelItem":{"id":"eS2knCRgLegeRw8bcmSWA","labelName":"Skill"},"textPosition":{"start":{"row":48,"column":0,"tokenIndex":15,"charIndex":0},"end":{"row":48,"column":0,"tokenIndex":16,"charIndex":8}},"confidenceScore":null},{"id":"1663390630","labeledBy":"LABELER","labeledByUserId":6814,"acceptedByUserId":null,"rejectedByUserId":null,"layer":0,"counter":0,"status":"ACCEPTED","hashCode":"SPAN:eS2knCRgLegeRw8bcmSWA:0:49:0:8:0:49:0:8:8:0:undefined:undefined","labelName":"eS2knCRgLegeRw8bcmSWA","labelItem":{"id":"eS2knCRgLegeRw8bcmSWA","labelName":"Skill"},"textPosition":{"start":{"row":49,"column":0,"tokenIndex":8,"charIndex":0},"end":{"row":49,"column":0,"tokenIndex":8,"charIndex":8}},"confidenceScore":null},{"id":"1663390633","labeledBy":"LABELER","labeledByUserId":6814,"acceptedByUserId":null,"rejectedByUserId":null,"layer":0,"counter":0,"status":"ACCEPTED","hashCode":"SPAN:eS2knCRgLegeRw8bcmSWA:0:52:0:10:0:52:0:13:12:0:undefined:undefined","labelName":"eS2knCRgLegeRw8bcmSWA","labelItem":{"id":"eS2knCRgLegeRw8bcmSWA","labelName":"Skill"},"textPosition":{"start":{"row":52,"column":0,"tokenIndex":10,"charIndex":0},"end":{"row":52,"column":0,"tokenIndex":13,"charIndex":12}},"confidenceScore":null},{"id":"1663390636","labeledBy":"LABELER","labeledByUserId":6814,"acceptedByUserId":null,"rejectedByUserId":null,"layer":0,"counter":0,"status":"ACCEPTED","hashCode":"SPAN:eS2knCRgLegeRw8bcmSWA:0:53:0:1:0:53:0:3:3:0:undefined:undefined","labelName":"eS2knCRgLegeRw8bcmSWA","labelItem":{"id":"eS2knCRgLegeRw8bcmSWA","labelName":"Skill"},"textPosition":{"start":{"row":53,"column":0,"tokenIndex":1,"charIndex":0},"end":{"row":53,"column":0,"tokenIndex":3,"charIndex":3}},"confidenceScore":null},{"id":"1663390639","labeledBy":"LABELER","labeledByUserId":6814,"acceptedByUserId":null,"rejectedByUserId":null,"layer":0,"counter":0,"status":"ACCEPTED","hashCode":"SPAN:eS2knCRgLegeRw8bcmSWA:0:53:0:22:0:53:0:22:8:0:undefined:undefined","labelName":"eS2knCRgLegeRw8bcmSWA","labelItem":{"id":"eS2knCRgLegeRw8bcmSWA","labelName":"Skill"},"textPosition":{"start":{"row":53,"column":0,"tokenIndex":22,"charIndex":0},"end":{"row":53,"column":0,"tokenIndex":22,"charIndex":8}},"confidenceScore":null},{"id":"1663390642","labeledBy":"LABELER","labeledByUserId":6814,"acceptedByUserId":null,"rejectedByUserId":null,"layer":0,"counter":0,"status":"ACCEPTED","hashCode":"SPAN:eS2knCRgLegeRw8bcmSWA:0:54:0:0:0:54:0:0:9:0:undefined:undefined","labelName":"eS2knCRgLegeRw8bcmSWA","labelItem":{"id":"eS2knCRgLegeRw8bcmSWA","labelName":"Skill"},"textPosition":{"start":{"row":54,"column":0,"tokenIndex":0,"charIndex":0},"end":{"row":54,"column":0,"tokenIndex":0,"charIndex":9}},"confidenceScore":null},{"id":"1663390645","labeledBy":"LABELER","labeledByUserId":6814,"acceptedByUserId":null,"rejectedByUserId":null,"layer":0,"counter":0,"status":"ACCEPTED","hashCode":"SPAN:eS2knCRgLegeRw8bcmSWA:0:54:0:2:0:54:0:2:8:0:undefined:undefined","labelName":"eS2knCRgLegeRw8bcmSWA","labelItem":{"id":"eS2knCRgLegeRw8bcmSWA","labelName":"Skill"},"textPosition":{"start":{"row":54,"column":0,"tokenIndex":2,"charIndex":0},"end":{"row":54,"column":0,"tokenIndex":2,"charIndex":8}},"confidenceScore":null},{"id":"1663390648","labeledBy":"LABELER","labeledByUserId":6814,"acceptedByUserId":null,"rejectedByUserId":null,"layer":0,"counter":0,"status":"ACCEPTED","hashCode":"SPAN:eS2knCRgLegeRw8bcmSWA:0:56:0:2:0:56:0:3:6:0:undefined:undefined","labelName":"eS2knCRgLegeRw8bcmSWA","labelItem":{"id":"eS2knCRgLegeRw8bcmSWA","labelName":"Skill"},"textPosition":{"start":{"row":56,"column":0,"tokenIndex":2,"charIndex":0},"end":{"row":56,"column":0,"tokenIndex":3,"charIndex":6}},"confidenceScore":null},{"id":"1663390651","labeledBy":"LABELER","labeledByUserId":6814,"acceptedByUserId":null,"rejectedByUserId":null,"layer":0,"counter":0,"status":"ACCEPTED","hashCode":"SPAN:eS2knCRgLegeRw8bcmSWA:0:57:0:5:0:57:0:6:9:0:undefined:undefined","labelName":"eS2knCRgLegeRw8bcmSWA","labelItem":{"id":"eS2knCRgLegeRw8bcmSWA","labelName":"Skill"},"textPosition":{"start":{"row":57,"column":0,"tokenIndex":5,"charIndex":0},"end":{"row":57,"column":0,"tokenIndex":6,"charIndex":9}},"confidenceScore":null},{"id":"1663390654","labeledBy":"LABELER","labeledByUserId":6814,"acceptedByUserId":null,"rejectedByUserId":null,"layer":0,"counter":0,"status":"ACCEPTED","hashCode":"SPAN:SJEkdao76hjwbb6Fh5SY6:0:60:0:0:0:60:0:2:6:0:undefined:undefined","labelName":"SJEkdao76hjwbb6Fh5SY6","labelItem":{"id":"SJEkdao76hjwbb6Fh5SY6","labelName":"Job Title"},"textPosition":{"start":{"row":60,"column":0,"tokenIndex":0,"charIndex":0},"end":{"row":60,"column":0,"tokenIndex":2,"charIndex":6}},"confidenceScore":null},{"id":"1663390657","labeledBy":"LABELER","labeledByUserId":6814,"acceptedByUserId":null,"rejectedByUserId":null,"layer":0,"counter":0,"status":"ACCEPTED","hashCode":"SPAN:1R0C50AAwFbEp2O0WmRv6:0:60:0:3:0:60:0:3:3:0:undefined:undefined","labelName":"1R0C50AAwFbEp2O0WmRv6","labelItem":{"id":"1R0C50AAwFbEp2O0WmRv6","labelName":"Location"},"textPosition":{"start":{"row":60,"column":0,"tokenIndex":3,"charIndex":0},"end":{"row":60,"column":0,"tokenIndex":3,"charIndex":3}},"confidenceScore":null},{"id":"1663390660","labeledBy":"LABELER","labeledByUserId":6814,"acceptedByUserId":null,"rejectedByUserId":null,"layer":0,"counter":0,"status":"ACCEPTED","hashCode":"SPAN:1R0C50AAwFbEp2O0WmRv6:0:60:0:5:0:60:0:5:4:0:undefined:undefined","labelName":"1R0C50AAwFbEp2O0WmRv6","labelItem":{"id":"1R0C50AAwFbEp2O0WmRv6","labelName":"Location"},"textPosition":{"start":{"row":60,"column":0,"tokenIndex":5,"charIndex":0},"end":{"row":60,"column":0,"tokenIndex":5,"charIndex":4}},"confidenceScore":null},{"id":"1663390663","labeledBy":"LABELER","labeledByUserId":6814,"acceptedByUserId":null,"rejectedByUserId":null,"layer":0,"counter":0,"status":"ACCEPTED","hashCode":"SPAN:eS2knCRgLegeRw8bcmSWA:0:62:0:0:0:62:0:0:8:0:undefined:undefined","labelName":"eS2knCRgLegeRw8bcmSWA","labelItem":{"id":"eS2knCRgLegeRw8bcmSWA","labelName":"Skill"},"textPosition":{"start":{"row":62,"column":0,"tokenIndex":0,"charIndex":0},"end":{"row":62,"column":0,"tokenIndex":0,"charIndex":8}},"confidenceScore":null},{"id":"1663390666","labeledBy":"LABELER","labeledByUserId":6814,"acceptedByUserId":null,"rejectedByUserId":null,"layer":0,"counter":0,"status":"ACCEPTED","hashCode":"SPAN:eS2knCRgLegeRw8bcmSWA:0:62:0:2:0:62:0:2:6:0:undefined:undefined","labelName":"eS2knCRgLegeRw8bcmSWA","labelItem":{"id":"eS2knCRgLegeRw8bcmSWA","labelName":"Skill"},"textPosition":{"start":{"row":62,"column":0,"tokenIndex":2,"charIndex":0},"end":{"row":62,"column":0,"tokenIndex":2,"charIndex":6}},"confidenceScore":null},{"id":"1663390669","labeledBy":"LABELER","labeledByUserId":6814,"acceptedByUserId":null,"rejectedByUserId":null,"layer":0,"counter":0,"status":"ACCEPTED","hashCode":"SPAN:eS2knCRgLegeRw8bcmSWA:0:63:0:1:0:63:0:2:10:0:undefined:undefined","labelName":"eS2knCRgLegeRw8bcmSWA","labelItem":{"id":"eS2knCRgLegeRw8bcmSWA","labelName":"Skill"},"textPosition":{"start":{"row":63,"column":0,"tokenIndex":1,"charIndex":0},"end":{"row":63,"column":0,"tokenIndex":2,"charIndex":10}},"confidenceScore":null},{"id":"1663390672","labeledBy":"LABELER","labeledByUserId":6814,"acceptedByUserId":null,"rejectedByUserId":null,"layer":0,"counter":0,"status":"ACCEPTED","hashCode":"SPAN:eS2knCRgLegeRw8bcmSWA:0:63:0:4:0:63:0:4:14:0:undefined:undefined","labelName":"eS2knCRgLegeRw8bcmSWA","labelItem":{"id":"eS2knCRgLegeRw8bcmSWA","labelName":"Skill"},"textPosition":{"start":{"row":63,"column":0,"tokenIndex":4,"charIndex":0},"end":{"row":63,"column":0,"tokenIndex":4,"charIndex":14}},"confidenceScore":null},{"id":"1663390675","labeledBy":"LABELER","labeledByUserId":6814,"acceptedByUserId":null,"rejectedByUserId":null,"layer":0,"counter":0,"status":"ACCEPTED","hashCode":"SPAN:eS2knCRgLegeRw8bcmSWA:0:63:0:7:0:63:0:7:9:0:undefined:undefined","labelName":"eS2knCRgLegeRw8bcmSWA","labelItem":{"id":"eS2knCRgLegeRw8bcmSWA","labelName":"Skill"},"textPosition":{"start":{"row":63,"column":0,"tokenIndex":7,"charIndex":0},"end":{"row":63,"column":0,"tokenIndex":7,"charIndex":9}},"confidenceScore":null},{"id":"1663390678","labeledBy":"LABELER","labeledByUserId":6814,"acceptedByUserId":null,"rejectedByUserId":null,"layer":0,"counter":0,"status":"ACCEPTED","hashCode":"SPAN:eS2knCRgLegeRw8bcmSWA:0:65:0:3:0:65:0:3:12:0:undefined:undefined","labelName":"eS2knCRgLegeRw8bcmSWA","labelItem":{"id":"eS2knCRgLegeRw8bcmSWA","labelName":"Skill"},"textPosition":{"start":{"row":65,"column":0,"tokenIndex":3,"charIndex":0},"end":{"row":65,"column":0,"tokenIndex":3,"charIndex":12}},"confidenceScore":null},{"id":"1663390681","labeledBy":"LABELER","labeledByUserId":6814,"acceptedByUserId":null,"rejectedByUserId":null,"layer":0,"counter":0,"status":"ACCEPTED","hashCode":"SPAN:IeEoIKabMl51BJE0gX2YL:0:69:0:2:0:69:0:6:9:0:undefined:undefined","labelName":"IeEoIKabMl51BJE0gX2YL","labelItem":{"id":"IeEoIKabMl51BJE0gX2YL","labelName":"Degree"},"textPosition":{"start":{"row":69,"column":0,"tokenIndex":2,"charIndex":0},"end":{"row":69,"column":0,"tokenIndex":6,"charIndex":9}},"confidenceScore":null},{"id":"1663390684","labeledBy":"LABELER","labeledByUserId":6814,"acceptedByUserId":null,"rejectedByUserId":null,"layer":0,"counter":0,"status":"ACCEPTED","hashCode":"SPAN:Kj5U6n9NUqTXuWcB3c_7L:0:69:0:7:0:69:0:8:9:0:undefined:undefined","labelName":"Kj5U6n9NUqTXuWcB3c_7L","labelItem":{"id":"Kj5U6n9NUqTXuWcB3c_7L","labelName":"College"},"textPosition":{"start":{"row":69,"column":0,"tokenIndex":7,"charIndex":0},"end":{"row":69,"column":0,"tokenIndex":8,"charIndex":9}},"confidenceScore":null},{"id":"1663390687","labeledBy":"LABELER","labeledByUserId":6814,"acceptedByUserId":null,"rejectedByUserId":null,"layer":0,"counter":0,"status":"ACCEPTED","hashCode":"SPAN:IeEoIKabMl51BJE0gX2YL:0:69:0:10:0:69:0:12:9:0:undefined:undefined","labelName":"IeEoIKabMl51BJE0gX2YL","labelItem":{"id":"IeEoIKabMl51BJE0gX2YL","labelName":"Degree"},"textPosition":{"start":{"row":69,"column":0,"tokenIndex":10,"charIndex":0},"end":{"row":69,"column":0,"tokenIndex":12,"charIndex":9}},"confidenceScore":null},{"id":"1663390690","labeledBy":"LABELER","labeledByUserId":6814,"acceptedByUserId":null,"rejectedByUserId":null,"layer":0,"counter":0,"status":"ACCEPTED","hashCode":"SPAN:Kj5U6n9NUqTXuWcB3c_7L:0:69:0:13:0:69:0:17:8:0:undefined:undefined","labelName":"Kj5U6n9NUqTXuWcB3c_7L","labelItem":{"id":"Kj5U6n9NUqTXuWcB3c_7L","labelName":"College"},"textPosition":{"start":{"row":69,"column":0,"tokenIndex":13,"charIndex":0},"end":{"row":69,"column":0,"tokenIndex":17,"charIndex":8}},"confidenceScore":null},{"id":"1663390693","labeledBy":"LABELER","labeledByUserId":6814,"acceptedByUserId":null,"rejectedByUserId":null,"layer":0,"counter":0,"status":"ACCEPTED","hashCode":"SPAN:1R0C50AAwFbEp2O0WmRv6:0:69:0:18:0:69:0:18:7:0:undefined:undefined","labelName":"1R0C50AAwFbEp2O0WmRv6","labelItem":{"id":"1R0C50AAwFbEp2O0WmRv6","labelName":"Location"},"textPosition":{"start":{"row":69,"column":0,"tokenIndex":18,"charIndex":0},"end":{"row":69,"column":0,"tokenIndex":18,"charIndex":7}},"confidenceScore":null},{"id":"1663390696","labeledBy":"LABELER","labeledByUserId":6814,"acceptedByUserId":null,"rejectedByUserId":null,"layer":0,"counter":0,"status":"ACCEPTED","hashCode":"SPAN:eS2knCRgLegeRw8bcmSWA:0:69:0:24:0:69:0:25:11:0:undefined:undefined","labelName":"eS2knCRgLegeRw8bcmSWA","labelItem":{"id":"eS2knCRgLegeRw8bcmSWA","labelName":"Skill"},"textPosition":{"start":{"row":69,"column":0,"tokenIndex":24,"charIndex":0},"end":{"row":69,"column":0,"tokenIndex":25,"charIndex":11}},"confidenceScore":null},{"id":"1663390699","labeledBy":"LABELER","labeledByUserId":6814,"acceptedByUserId":null,"rejectedByUserId":null,"layer":0,"counter":0,"status":"ACCEPTED","hashCode":"SPAN:eS2knCRgLegeRw8bcmSWA:0:69:0:26:0:69:0:26:7:0:undefined:undefined","labelName":"eS2knCRgLegeRw8bcmSWA","labelItem":{"id":"eS2knCRgLegeRw8bcmSWA","labelName":"Skill"},"textPosition":{"start":{"row":69,"column":0,"tokenIndex":26,"charIndex":0},"end":{"row":69,"column":0,"tokenIndex":26,"charIndex":7}},"confidenceScore":null},{"id":"1663390702","labeledBy":"LABELER","labeledByUserId":6814,"acceptedByUserId":null,"rejectedByUserId":null,"layer":0,"counter":0,"status":"ACCEPTED","hashCode":"SPAN:eS2knCRgLegeRw8bcmSWA:0:69:0:26:0:69:0:27:8:0:undefined:undefined","labelName":"eS2knCRgLegeRw8bcmSWA","labelItem":{"id":"eS2knCRgLegeRw8bcmSWA","labelName":"Skill"},"textPosition":{"start":{"row":69,"column":0,"tokenIndex":26,"charIndex":0},"end":{"row":69,"column":0,"tokenIndex":27,"charIndex":8}},"confidenceScore":null},{"id":"1663390705","labeledBy":"LABELER","labeledByUserId":6814,"acceptedByUserId":null,"rejectedByUserId":null,"layer":0,"counter":0,"status":"ACCEPTED","hashCode":"SPAN:eS2knCRgLegeRw8bcmSWA:0:69:0:28:0:69:0:29:5:0:undefined:undefined","labelName":"eS2knCRgLegeRw8bcmSWA","labelItem":{"id":"eS2knCRgLegeRw8bcmSWA","labelName":"Skill"},"textPosition":{"start":{"row":69,"column":0,"tokenIndex":28,"charIndex":0},"end":{"row":69,"column":0,"tokenIndex":29,"charIndex":5}},"confidenceScore":null},{"id":"1663390708","labeledBy":"LABELER","labeledByUserId":6814,"acceptedByUserId":null,"rejectedByUserId":null,"layer":0,"counter":0,"status":"ACCEPTED","hashCode":"SPAN:eS2knCRgLegeRw8bcmSWA:0:69:0:30:0:69:0:31:5:0:undefined:undefined","labelName":"eS2knCRgLegeRw8bcmSWA","labelItem":{"id":"eS2knCRgLegeRw8bcmSWA","labelName":"Skill"},"textPosition":{"start":{"row":69,"column":0,"tokenIndex":30,"charIndex":0},"end":{"row":69,"column":0,"tokenIndex":31,"charIndex":5}},"confidenceScore":null},{"id":"1663390711","labeledBy":"LABELER","labeledByUserId":6814,"acceptedByUserId":null,"rejectedByUserId":null,"layer":0,"counter":0,"status":"ACCEPTED","hashCode":"SPAN:eS2knCRgLegeRw8bcmSWA:0:69:0:32:0:69:0:32:9:0:undefined:undefined","labelName":"eS2knCRgLegeRw8bcmSWA","labelItem":{"id":"eS2knCRgLegeRw8bcmSWA","labelName":"Skill"},"textPosition":{"start":{"row":69,"column":0,"tokenIndex":32,"charIndex":0},"end":{"row":69,"column":0,"tokenIndex":32,"charIndex":9}},"confidenceScore":null},{"id":"1663390714","labeledBy":"LABELER","labeledByUserId":6814,"acceptedByUserId":null,"rejectedByUserId":null,"layer":0,"counter":0,"status":"ACCEPTED","hashCode":"SPAN:eS2knCRgLegeRw8bcmSWA:0:69:0:33:0:69:0:33:9:0:undefined:undefined","labelName":"eS2knCRgLegeRw8bcmSWA","labelItem":{"id":"eS2knCRgLegeRw8bcmSWA","labelName":"Skill"},"textPosition":{"start":{"row":69,"column":0,"tokenIndex":33,"charIndex":0},"end":{"row":69,"column":0,"tokenIndex":33,"charIndex":9}},"confidenceScore":null},{"id":"1663390717","labeledBy":"LABELER","labeledByUserId":6814,"acceptedByUserId":null,"rejectedByUserId":null,"layer":0,"counter":0,"status":"ACCEPTED","hashCode":"SPAN:eS2knCRgLegeRw8bcmSWA:0:69:0:34:0:69:0:34:11:0:undefined:undefined","labelName":"eS2knCRgLegeRw8bcmSWA","labelItem":{"id":"eS2knCRgLegeRw8bcmSWA","labelName":"Skill"},"textPosition":{"start":{"row":69,"column":0,"tokenIndex":34,"charIndex":0},"end":{"row":69,"column":0,"tokenIndex":34,"charIndex":11}},"confidenceScore":null},{"id":"1663390720","labeledBy":"LABELER","labeledByUserId":6814,"acceptedByUserId":null,"rejectedByUserId":null,"layer":0,"counter":0,"status":"ACCEPTED","hashCode":"SPAN:eS2knCRgLegeRw8bcmSWA:0:69:0:35:0:69:0:35:9:0:undefined:undefined","labelName":"eS2knCRgLegeRw8bcmSWA","labelItem":{"id":"eS2knCRgLegeRw8bcmSWA","labelName":"Skill"},"textPosition":{"start":{"row":69,"column":0,"tokenIndex":35,"charIndex":0},"end":{"row":69,"column":0,"tokenIndex":35,"charIndex":9}},"confidenceScore":null},{"id":"1663390723","labeledBy":"LABELER","labeledByUserId":6814,"acceptedByUserId":null,"rejectedByUserId":null,"layer":0,"counter":0,"status":"ACCEPTED","hashCode":"SPAN:eS2knCRgLegeRw8bcmSWA:0:69:0:36:0:69:0:37:10:0:undefined:undefined","labelName":"eS2knCRgLegeRw8bcmSWA","labelItem":{"id":"eS2knCRgLegeRw8bcmSWA","labelName":"Skill"},"textPosition":{"start":{"row":69,"column":0,"tokenIndex":36,"charIndex":0},"end":{"row":69,"column":0,"tokenIndex":37,"charIndex":10}},"confidenceScore":null},{"id":"1663390726","labeledBy":"LABELER","labeledByUserId":6814,"acceptedByUserId":null,"rejectedByUserId":null,"layer":0,"counter":0,"status":"ACCEPTED","hashCode":"SPAN:eS2knCRgLegeRw8bcmSWA:0:69:0:38:0:69:0:38:5:0:undefined:undefined","labelName":"eS2knCRgLegeRw8bcmSWA","labelItem":{"id":"eS2knCRgLegeRw8bcmSWA","labelName":"Skill"},"textPosition":{"start":{"row":69,"column":0,"tokenIndex":38,"charIndex":0},"end":{"row":69,"column":0,"tokenIndex":38,"charIndex":5}},"confidenceScore":null},{"id":"1663390729","labeledBy":"LABELER","labeledByUserId":6814,"acceptedByUserId":null,"rejectedByUserId":null,"layer":0,"counter":0,"status":"ACCEPTED","hashCode":"SPAN:eS2knCRgLegeRw8bcmSWA:0:69:0:39:0:69:0:39:7:0:undefined:undefined","labelName":"eS2knCRgLegeRw8bcmSWA","labelItem":{"id":"eS2knCRgLegeRw8bcmSWA","labelName":"Skill"},"textPosition":{"start":{"row":69,"column":0,"tokenIndex":39,"charIndex":0},"end":{"row":69,"column":0,"tokenIndex":39,"charIndex":7}},"confidenceScore":null},{"id":"1663390732","labeledBy":"LABELER","labeledByUserId":6814,"acceptedByUserId":null,"rejectedByUserId":null,"layer":0,"counter":0,"status":"ACCEPTED","hashCode":"SPAN:eS2knCRgLegeRw8bcmSWA:0:69:0:39:0:69:0:40:5:0:undefined:undefined","labelName":"eS2knCRgLegeRw8bcmSWA","labelItem":{"id":"eS2knCRgLegeRw8bcmSWA","labelName":"Skill"},"textPosition":{"start":{"row":69,"column":0,"tokenIndex":39,"charIndex":0},"end":{"row":69,"column":0,"tokenIndex":40,"charIndex":5}},"confidenceScore":null},{"id":"1663390733","labeledBy":"LABELER","labeledByUserId":6814,"acceptedByUserId":null,"rejectedByUserId":null,"layer":0,"counter":0,"status":"ACCEPTED","hashCode":"SPAN:eS2knCRgLegeRw8bcmSWA:0:69:0:41:0:69:0:41:10:0:undefined:undefined","labelName":"eS2knCRgLegeRw8bcmSWA","labelItem":{"id":"eS2knCRgLegeRw8bcmSWA","labelName":"Skill"},"textPosition":{"start":{"row":69,"column":0,"tokenIndex":41,"charIndex":0},"end":{"row":69,"column":0,"tokenIndex":41,"charIndex":10}},"confidenceScore":null},{"id":"1663390738","labeledBy":"LABELER","labeledByUserId":6814,"acceptedByUserId":null,"rejectedByUserId":null,"layer":0,"counter":0,"status":"ACCEPTED","hashCode":"SPAN:eS2knCRgLegeRw8bcmSWA:0:69:0:42:0:69:0:43:8:0:undefined:undefined","labelName":"eS2knCRgLegeRw8bcmSWA","labelItem":{"id":"eS2knCRgLegeRw8bcmSWA","labelName":"Skill"},"textPosition":{"start":{"row":69,"column":0,"tokenIndex":42,"charIndex":0},"end":{"row":69,"column":0,"tokenIndex":43,"charIndex":8}},"confidenceScore":null},{"id":"1663390741","labeledBy":"LABELER","labeledByUserId":6814,"acceptedByUserId":null,"rejectedByUserId":null,"layer":0,"counter":0,"status":"ACCEPTED","hashCode":"SPAN:eS2knCRgLegeRw8bcmSWA:0:69:0:44:0:69:0:44:7:0:undefined:undefined","labelName":"eS2knCRgLegeRw8bcmSWA","labelItem":{"id":"eS2knCRgLegeRw8bcmSWA","labelName":"Skill"},"textPosition":{"start":{"row":69,"column":0,"tokenIndex":44,"charIndex":0},"end":{"row":69,"column":0,"tokenIndex":44,"charIndex":7}},"confidenceScore":null},{"id":"1663390744","labeledBy":"LABELER","labeledByUserId":6814,"acceptedByUserId":null,"rejectedByUserId":null,"layer":0,"counter":0,"status":"ACCEPTED","hashCode":"SPAN:eS2knCRgLegeRw8bcmSWA:0:69:0:45:0:69:0:45:10:0:undefined:undefined","labelName":"eS2knCRgLegeRw8bcmSWA","labelItem":{"id":"eS2knCRgLegeRw8bcmSWA","labelName":"Skill"},"textPosition":{"start":{"row":69,"column":0,"tokenIndex":45,"charIndex":0},"end":{"row":69,"column":0,"tokenIndex":45,"charIndex":10}},"confidenceScore":null},{"id":"1663390747","labeledBy":"LABELER","labeledByUserId":6814,"acceptedByUserId":null,"rejectedByUserId":null,"layer":0,"counter":0,"status":"ACCEPTED","hashCode":"SPAN:eS2knCRgLegeRw8bcmSWA:0:69:0:46:0:69:0:47:9:0:undefined:undefined","labelName":"eS2knCRgLegeRw8bcmSWA","labelItem":{"id":"eS2knCRgLegeRw8bcmSWA","labelName":"Skill"},"textPosition":{"start":{"row":69,"column":0,"tokenIndex":46,"charIndex":0},"end":{"row":69,"column":0,"tokenIndex":47,"charIndex":9}},"confidenceScore":null}],"arrowLabels":[],"boundingBoxLabels":[],"timeLabels":[],"comments":[],"url":"datasaur://static/6814/9fd38c41-1e90-48d8-b24b-dcb1b7b29d17.txt"}}
