{"version":"1","data":{"project":{"id":"ODBjYmQ2MDg","name":"NLP SSM Final Project"},"document":{"id":"f1744ae0-083e-43c3-8855-479bb572689e","name":"resume_2146_d1.txt"},"kinds":["TOKEN_BASED"],"rows":[[{"content":"ACCOUNT MANAGER Highlights Excellent verbal and written communication skills Ability to successfully complete multiple tasks concurrently Superior organization skills Exemplary interpersonal skills Punctual and reliable Exceptional Computer Proficiency Microsoft Office (Word, Access, PowerPoint, Excel) Internet Research Social Media CisionPoint EVENTS: PROGRAMS: 2012 Academy Award Gifting Suite Experience Account Manager February 2013 to Current Company Name － City , State Enter advertising insertion orders into online systems (Salesforce & Fattail) Create monthly advertiser reports - reporting advertisement metrics Schedule online advertisements and Newsletters throughout the year Manage forecast and budget reports Travel to Tradeshows and represent the brand Assist with monthly billing Work on advertising proposals and competitive reports Manage distribution and circulation of Print Pull online advertisement data from database (IMS) Create Presentations, Event invites & Product Decks.","tokens":["ACCOUNT","MANAGER","Highlights","Excellent","verbal","and","written","communication","skills","Ability","to","successfully","complete","multiple","tasks","concurrently","Superior","organization","skills","Exemplary","interpersonal","skills","Punctual","and","reliable","Exceptional","Computer","Proficiency","Microsoft","Office","(Word,","Access,","PowerPoint,","Excel)","Internet","Research","Social","Media","CisionPoint","EVENTS:","PROGRAMS:","2012","Academy","Award","Gifting","Suite","Experience","Account","Manager","February","2013","to","Current","Company","Name","－","City",",","State","Enter","advertising","insertion","orders","into","online","systems","(Salesforce","&","Fattail)","Create","monthly","advertiser","reports","-","reporting","advertisement","metrics","Schedule","online","advertisements","and","Newsletters","throughout","the","year","Manage","forecast","and","budget","reports","Travel","to","Tradeshows","and","represent","the","brand","Assist","with","monthly","billing","Work","on","advertising","proposals","and","competitive","reports","Manage","distribution","and","circulation","of","Print","Pull","online","advertisement","data","from","database","(IMS)","Create","Presentations,","Event","invites","&","Product","Decks."],"metadata":[]}],[{"content":"Media Coordinator June 2012 to January 2013 Company Name － City , State Coordinate, review, and edit various portions of 50+ domestic and international medical trade digital publications, including e-newsletters, product showcases, supplier bulletins, trade-show advisories, etc. Manage ad materials for newsletters with advertisers, including requesting ad materials from advertisers and ensuring deadlines are met considering review, edit and deployment schedules Coordinate all advertisements including text, copy and digital medial for all e-newsletters to ready for production/publication Process and log ad materials into internal ad tracking and production computer program for newsletter assembly Review ad materials and test newsletters to ensure they are functional before deployment Assemble monthly ad close reports for each newsletter at the end of the month via excel to facilitate production of newsletter Provide diverse customer service and assistance as company liaison with advertisers Check and edit ad materials against ad specifications for accurate size, copy, image resolution and hyperlinks.","tokens":["Media","Coordinator","June","2012","to","January","2013","Company","Name","－","City",",","State","Coordinate,","review,","and","edit","various","portions","of","50+","domestic","and","international","medical","trade","digital","publications,","including","e-newsletters,","product","showcases,","supplier","bulletins,","trade-show","advisories,","etc.","Manage","ad","materials","for","newsletters","with","advertisers,","including","requesting","ad","materials","from","advertisers","and","ensuring","deadlines","are","met","considering","review,","edit","and","deployment","schedules","Coordinate","all","advertisements","including","text,","copy","and","digital","medial","for","all","e-newsletters","to","ready","for","production/publication","Process","and","log","ad","materials","into","internal","ad","tracking","and","production","computer","program","for","newsletter","assembly","Review","ad","materials","and","test","newsletters","to","ensure","they","are","functional","before","deployment","Assemble","monthly","ad","close","reports","for","each","newsletter","at","the","end","of","the","month","via","excel","to","facilitate","production","of","newsletter","Provide","diverse","customer","service","and","assistance","as","company","liaison","with","advertisers","Check","and","edit","ad","materials","against","ad","specifications","for","accurate","size,","copy,","image","resolution","and","hyperlinks."],"metadata":[]}],[{"content":"Supervising Production Coordinator July 2011 to June 2012 Company Name － City , State Responsible for creative development and execution of product placement in film & television Read and develop script breakdowns for client product placement opportunities Accountable for organization and documentation of client placement activity through update reports Lead in developing and presenting monthly product placement presentations Digitally create \"Set Still\" reports, client brochures, and event invitations Key liaison between clientele and studio; provide complete script to product analysis and placement Manage delivery and confirmation of effective product placements to the appropriate studios (including Warner Bros., Paramount, Universal, CBS-Radford, etc.) Assist in planning and execution of delivered product support for high-profile celebrity events; develop celebrity relationship to product creatively and logistically.","tokens":["Supervising","Production","Coordinator","July","2011","to","June","2012","Company","Name","－","City",",","State","Responsible","for","creative","development","and","execution","of","product","placement","in","film","&","television","Read","and","develop","script","breakdowns","for","client","product","placement","opportunities","Accountable","for","organization","and","documentation","of","client","placement","activity","through","update","reports","Lead","in","developing","and","presenting","monthly","product","placement","presentations","Digitally","create","\"Set","Still\"","reports,","client","brochures,","and","event","invitations","Key","liaison","between","clientele","and","studio;","provide","complete","script","to","product","analysis","and","placement","Manage","delivery","and","confirmation","of","effective","product","placements","to","the","appropriate","studios","(including","Warner","Bros.,","Paramount,","Universal,","CBS-Radford,","etc.)","Assist","in","planning","and","execution","of","delivered","product","support","for","high-profile","celebrity","events;","develop","celebrity","relationship","to","product","creatively","and","logistically."],"metadata":[]}],[{"content":"Production Intern February 2011 to June 2011 Company Name － City , State Perform diverse administrative and organizational tasks Organize the production and distribution of scripts Conduct online research Type up camera scripts and shot cards Support staff on projects for development and/or distribution.","tokens":["Production","Intern","February","2011","to","June","2011","Company","Name","－","City",",","State","Perform","diverse","administrative","and","organizational","tasks","Organize","the","production","and","distribution","of","scripts","Conduct","online","research","Type","up","camera","scripts","and","shot","cards","Support","staff","on","projects","for","development","and/or","distribution."],"metadata":[]}],[{"content":"Public Relations Intern February 2010 to June 2010 Company Name － City , State Responsible for social networking (Twitter) Distribute product pitches to press (newspapers, magazines, bloggers) Research environmentally friendly (\"green\") beauty companies Obtain, update and organize client contact information Compile and review expense reports for accuracy and completeness Compile and distribute client press clips Organize and distribute product samples and press releases to media outlets.","tokens":["Public","Relations","Intern","February","2010","to","June","2010","Company","Name","－","City",",","State","Responsible","for","social","networking","(Twitter)","Distribute","product","pitches","to","press","(newspapers,","magazines,","bloggers)","Research","environmentally","friendly","(\"green\")","beauty","companies","Obtain,","update","and","organize","client","contact","information","Compile","and","review","expense","reports","for","accuracy","and","completeness","Compile","and","distribute","client","press","clips","Organize","and","distribute","product","samples","and","press","releases","to","media","outlets."],"metadata":[]}],[{"content":"Marketing Intern September 2009 to January 2010 Company Name － City , State Diverse marketing assistance for fast growing internet radio station with 11 premium radio stations Responsible for social networking (Twitter, Facebook, and blogs) updates for all 11 stations Upload, mix, qualification tags, album art, etc. for online music library Record commercial spots and promos broadcasted during music breaks Help organize and create play list for various online radio stations Develop pitch ideas for potential sponsors.","tokens":["Marketing","Intern","September","2009","to","January","2010","Company","Name","－","City",",","State","Diverse","marketing","assistance","for","fast","growing","internet","radio","station","with","11","premium","radio","stations","Responsible","for","social","networking","(Twitter,","Facebook,","and","blogs)","updates","for","all","11","stations","Upload,","mix,","qualification","tags,","album","art,","etc.","for","online","music","library","Record","commercial","spots","and","promos","broadcasted","during","music","breaks","Help","organize","and","create","play","list","for","various","online","radio","stations","Develop","pitch","ideas","for","potential","sponsors."],"metadata":[]}],[{"content":"Admissions Assistant September 2008 to June 2010 Company Name － City , State Assist students, faculty and university administration with various admission policies, procedures and activities.","tokens":["Admissions","Assistant","September","2008","to","June","2010","Company","Name","－","City",",","State","Assist","students,","faculty","and","university","administration","with","various","admission","policies,","procedures","and","activities."],"metadata":[]}],[{"content":"Accountable for organization and administration of student applications.","tokens":["Accountable","for","organization","and","administration","of","student","applications."],"metadata":[]}],[{"content":"Responsible for scanning and indexing documents into database.","tokens":["Responsible","for","scanning","and","indexing","documents","into","database."],"metadata":[]}],[{"content":"Education Bachelor of Arts : Public Relations and Journalism Seton Hall University － City , State GPA: Cum Laude Public Relations and Journalism Cum Laude Skills administrative, Adobe Photoshop, Premiere, ad, advertisements, advertising, product analysis, art, assembly, billing, brochures, budget, Chinese, interpersonal skills, competitive, clientele, client, customer service, database, delivery, creative development, documentation, edit, Fame, fast, film, functional, image, IMS, indexing, marketing, materials, Access, Excel, Microsoft Office, PowerPoint, Word, networking, Newsletters, newsletter, newspapers, Internet Research, online research, Oracle, organizational, organization skills, camera, policies, presenting, Presentations, press, press releases, proposals, publications, publication, radio, Read, reporting, Research, scanning, scripts, script, television, Type, Video, written communication skills Professional Affiliations Order of Omega Greek Honor Society Member Alpha Phi Sorority Member March 2007- Present Marketing Club Member January 2009- Present Relay for Life Participant April 2007, 2008, 2009, 2010 SHU 500 Volunteer September 2006, 2007, 2008, 2009","tokens":["Education","Bachelor","of","Arts",":","Public","Relations","and","Journalism","Seton","Hall","University","－","City",",","State","GPA:","Cum","Laude","Public","Relations","and","Journalism","Cum","Laude","Skills","administrative,","Adobe","Photoshop,","Premiere,","ad,","advertisements,","advertising,","product","analysis,","art,","assembly,","billing,","brochures,","budget,","Chinese,","interpersonal","skills,","competitive,","clientele,","client,","customer","service,","database,","delivery,","creative","development,","documentation,","edit,","Fame,","fast,","film,","functional,","image,","IMS,","indexing,","marketing,","materials,","Access,","Excel,","Microsoft","Office,","PowerPoint,","Word,","networking,","Newsletters,","newsletter,","newspapers,","Internet","Research,","online","research,","Oracle,","organizational,","organization","skills,","camera,","policies,","presenting,","Presentations,","press,","press","releases,","proposals,","publications,","publication,","radio,","Read,","reporting,","Research,","scanning,","scripts,","script,","television,","Type,","Video,","written","communication","skills","Professional","Affiliations","Order","of","Omega","Greek","Honor","Society","Member","Alpha","Phi","Sorority","Member","March","2007-","Present","Marketing","Club","Member","January","2009-","Present","Relay","for","Life","Participant","April","2007,","2008,","2009,","2010","SHU","500","Volunteer","September","2006,","2007,","2008,","2009"],"metadata":[]}]],"labelerInfo":{"id":6814,"email":"cwilhel8@jh.edu","displayName":"Chris Wilhelm"},"labelSets":[{"name":"Resume Labels","index":0,"labelItems":[{"id":"Kj5U6n9NUqTXuWcB3c_7L","labelName":"College"},{"id":"rj7TW0-ymuRo6f_asXJab","labelName":"Company Name"},{"id":"SJEkdao76hjwbb6Fh5SY6","labelName":"Job Title"},{"id":"BjO8MdvK2KI4E5iMEeY4B","labelName":"Graduation Year"},{"id":"eS2knCRgLegeRw8bcmSWA","labelName":"Skill"},{"id":"IeEoIKabMl51BJE0gX2YL","labelName":"Degree"},{"id":"1R0C50AAwFbEp2O0WmRv6","labelName":"Location"},{"id":"zQcc4ygexJ_A3Gb0NeRTk","labelName":"Years of Experience"},{"id":"52S_6moRfhjC-yXgIBeCp","labelName":"Date"},{"id":"KiLarWmwlU1E3-FfdG6Qg","labelName":"Project"},{"id":"dyxKKTAxW1z5ifjPj42BI","labelName":"Name"}]}],"spanLabels":[{"id":"1663399029","labeledBy":"LABELER","labeledByUserId":6814,"acceptedByUserId":null,"rejectedByUserId":null,"layer":0,"counter":0,"status":"ACCEPTED","hashCode":"SPAN:SJEkdao76hjwbb6Fh5SY6:0:0:0:0:0:0:0:1:6:0:undefined:undefined","labelName":"SJEkdao76hjwbb6Fh5SY6","labelItem":{"id":"SJEkdao76hjwbb6Fh5SY6","labelName":"Job Title"},"textPosition":{"start":{"row":0,"column":0,"tokenIndex":0,"charIndex":0},"end":{"row":0,"column":0,"tokenIndex":1,"charIndex":6}},"confidenceScore":null},{"id":"1663399032","labeledBy":"LABELER","labeledByUserId":6814,"acceptedByUserId":null,"rejectedByUserId":null,"layer":0,"counter":0,"status":"ACCEPTED","hashCode":"SPAN:eS2knCRgLegeRw8bcmSWA:0:0:0:4:0:0:0:7:12:0:undefined:undefined","labelName":"eS2knCRgLegeRw8bcmSWA","labelItem":{"id":"eS2knCRgLegeRw8bcmSWA","labelName":"Skill"},"textPosition":{"start":{"row":0,"column":0,"tokenIndex":4,"charIndex":0},"end":{"row":0,"column":0,"tokenIndex":7,"charIndex":12}},"confidenceScore":null},{"id":"1663399035","labeledBy":"LABELER","labeledByUserId":6814,"acceptedByUserId":null,"rejectedByUserId":null,"layer":0,"counter":0,"status":"ACCEPTED","hashCode":"SPAN:eS2knCRgLegeRw8bcmSWA:0:0:0:17:0:0:0:17:11:0:undefined:undefined","labelName":"eS2knCRgLegeRw8bcmSWA","labelItem":{"id":"eS2knCRgLegeRw8bcmSWA","labelName":"Skill"},"textPosition":{"start":{"row":0,"column":0,"tokenIndex":17,"charIndex":0},"end":{"row":0,"column":0,"tokenIndex":17,"charIndex":11}},"confidenceScore":null},{"id":"1663399038","labeledBy":"LABELER","labeledByUserId":6814,"acceptedByUserId":null,"rejectedByUserId":null,"layer":0,"counter":0,"status":"ACCEPTED","hashCode":"SPAN:eS2knCRgLegeRw8bcmSWA:0:0:0:20:0:0:0:20:12:0:undefined:undefined","labelName":"eS2knCRgLegeRw8bcmSWA","labelItem":{"id":"eS2knCRgLegeRw8bcmSWA","labelName":"Skill"},"textPosition":{"start":{"row":0,"column":0,"tokenIndex":20,"charIndex":0},"end":{"row":0,"column":0,"tokenIndex":20,"charIndex":12}},"confidenceScore":null},{"id":"1663399041","labeledBy":"LABELER","labeledByUserId":6814,"acceptedByUserId":null,"rejectedByUserId":null,"layer":0,"counter":0,"status":"ACCEPTED","hashCode":"SPAN:eS2knCRgLegeRw8bcmSWA:0:0:0:22:0:0:0:22:7:0:undefined:undefined","labelName":"eS2knCRgLegeRw8bcmSWA","labelItem":{"id":"eS2knCRgLegeRw8bcmSWA","labelName":"Skill"},"textPosition":{"start":{"row":0,"column":0,"tokenIndex":22,"charIndex":0},"end":{"row":0,"column":0,"tokenIndex":22,"charIndex":7}},"confidenceScore":null},{"id":"1663399044","labeledBy":"LABELER","labeledByUserId":6814,"acceptedByUserId":null,"rejectedByUserId":null,"layer":0,"counter":0,"status":"ACCEPTED","hashCode":"SPAN:eS2knCRgLegeRw8bcmSWA:0:0:0:24:0:0:0:24:7:0:undefined:undefined","labelName":"eS2knCRgLegeRw8bcmSWA","labelItem":{"id":"eS2knCRgLegeRw8bcmSWA","labelName":"Skill"},"textPosition":{"start":{"row":0,"column":0,"tokenIndex":24,"charIndex":0},"end":{"row":0,"column":0,"tokenIndex":24,"charIndex":7}},"confidenceScore":null},{"id":"1663399047","labeledBy":"LABELER","labeledByUserId":6814,"acceptedByUserId":null,"rejectedByUserId":null,"layer":0,"counter":0,"status":"ACCEPTED","hashCode":"SPAN:eS2knCRgLegeRw8bcmSWA:0:0:0:28:0:0:0:29:5:0:undefined:undefined","labelName":"eS2knCRgLegeRw8bcmSWA","labelItem":{"id":"eS2knCRgLegeRw8bcmSWA","labelName":"Skill"},"textPosition":{"start":{"row":0,"column":0,"tokenIndex":28,"charIndex":0},"end":{"row":0,"column":0,"tokenIndex":29,"charIndex":5}},"confidenceScore":null},{"id":"1663399050","labeledBy":"LABELER","labeledByUserId":6814,"acceptedByUserId":null,"rejectedByUserId":null,"layer":0,"counter":0,"status":"ACCEPTED","hashCode":"SPAN:eS2knCRgLegeRw8bcmSWA:0:0:0:30:0:0:0:30:5:0:undefined:undefined","labelName":"eS2knCRgLegeRw8bcmSWA","labelItem":{"id":"eS2knCRgLegeRw8bcmSWA","labelName":"Skill"},"textPosition":{"start":{"row":0,"column":0,"tokenIndex":30,"charIndex":0},"end":{"row":0,"column":0,"tokenIndex":30,"charIndex":5}},"confidenceScore":null},{"id":"1663399053","labeledBy":"LABELER","labeledByUserId":6814,"acceptedByUserId":null,"rejectedByUserId":null,"layer":0,"counter":0,"status":"ACCEPTED","hashCode":"SPAN:eS2knCRgLegeRw8bcmSWA:0:0:0:31:0:0:0:31:6:0:undefined:undefined","labelName":"eS2knCRgLegeRw8bcmSWA","labelItem":{"id":"eS2knCRgLegeRw8bcmSWA","labelName":"Skill"},"textPosition":{"start":{"row":0,"column":0,"tokenIndex":31,"charIndex":0},"end":{"row":0,"column":0,"tokenIndex":31,"charIndex":6}},"confidenceScore":null},{"id":"1663399056","labeledBy":"LABELER","labeledByUserId":6814,"acceptedByUserId":null,"rejectedByUserId":null,"layer":0,"counter":0,"status":"ACCEPTED","hashCode":"SPAN:eS2knCRgLegeRw8bcmSWA:0:0:0:32:0:0:0:32:10:0:undefined:undefined","labelName":"eS2knCRgLegeRw8bcmSWA","labelItem":{"id":"eS2knCRgLegeRw8bcmSWA","labelName":"Skill"},"textPosition":{"start":{"row":0,"column":0,"tokenIndex":32,"charIndex":0},"end":{"row":0,"column":0,"tokenIndex":32,"charIndex":10}},"confidenceScore":null},{"id":"1663399059","labeledBy":"LABELER","labeledByUserId":6814,"acceptedByUserId":null,"rejectedByUserId":null,"layer":0,"counter":0,"status":"ACCEPTED","hashCode":"SPAN:eS2knCRgLegeRw8bcmSWA:0:0:0:33:0:0:0:33:5:0:undefined:undefined","labelName":"eS2knCRgLegeRw8bcmSWA","labelItem":{"id":"eS2knCRgLegeRw8bcmSWA","labelName":"Skill"},"textPosition":{"start":{"row":0,"column":0,"tokenIndex":33,"charIndex":0},"end":{"row":0,"column":0,"tokenIndex":33,"charIndex":5}},"confidenceScore":null},{"id":"1663399062","labeledBy":"LABELER","labeledByUserId":6814,"acceptedByUserId":null,"rejectedByUserId":null,"layer":0,"counter":0,"status":"ACCEPTED","hashCode":"SPAN:eS2knCRgLegeRw8bcmSWA:0:0:0:34:0:0:0:35:7:0:undefined:undefined","labelName":"eS2knCRgLegeRw8bcmSWA","labelItem":{"id":"eS2knCRgLegeRw8bcmSWA","labelName":"Skill"},"textPosition":{"start":{"row":0,"column":0,"tokenIndex":34,"charIndex":0},"end":{"row":0,"column":0,"tokenIndex":35,"charIndex":7}},"confidenceScore":null},{"id":"1663399065","labeledBy":"LABELER","labeledByUserId":6814,"acceptedByUserId":null,"rejectedByUserId":null,"layer":0,"counter":0,"status":"ACCEPTED","hashCode":"SPAN:eS2knCRgLegeRw8bcmSWA:0:0:0:36:0:0:0:37:4:0:undefined:undefined","labelName":"eS2knCRgLegeRw8bcmSWA","labelItem":{"id":"eS2knCRgLegeRw8bcmSWA","labelName":"Skill"},"textPosition":{"start":{"row":0,"column":0,"tokenIndex":36,"charIndex":0},"end":{"row":0,"column":0,"tokenIndex":37,"charIndex":4}},"confidenceScore":null},{"id":"1663399068","labeledBy":"LABELER","labeledByUserId":6814,"acceptedByUserId":null,"rejectedByUserId":null,"layer":0,"counter":0,"status":"ACCEPTED","hashCode":"SPAN:eS2knCRgLegeRw8bcmSWA:0:0:0:38:0:0:0:38:10:0:undefined:undefined","labelName":"eS2knCRgLegeRw8bcmSWA","labelItem":{"id":"eS2knCRgLegeRw8bcmSWA","labelName":"Skill"},"textPosition":{"start":{"row":0,"column":0,"tokenIndex":38,"charIndex":0},"end":{"row":0,"column":0,"tokenIndex":38,"charIndex":10}},"confidenceScore":null},{"id":"1663399071","labeledBy":"LABELER","labeledByUserId":6814,"acceptedByUserId":null,"rejectedByUserId":null,"layer":0,"counter":0,"status":"ACCEPTED","hashCode":"SPAN:SJEkdao76hjwbb6Fh5SY6:0:0:0:42:0:0:0:48:6:0:undefined:undefined","labelName":"SJEkdao76hjwbb6Fh5SY6","labelItem":{"id":"SJEkdao76hjwbb6Fh5SY6","labelName":"Job Title"},"textPosition":{"start":{"row":0,"column":0,"tokenIndex":42,"charIndex":0},"end":{"row":0,"column":0,"tokenIndex":48,"charIndex":6}},"confidenceScore":null},{"id":"1663399074","labeledBy":"LABELER","labeledByUserId":6814,"acceptedByUserId":null,"rejectedByUserId":null,"layer":0,"counter":0,"status":"ACCEPTED","hashCode":"SPAN:52S_6moRfhjC-yXgIBeCp:0:0:0:49:0:0:0:50:3:0:undefined:undefined","labelName":"52S_6moRfhjC-yXgIBeCp","labelItem":{"id":"52S_6moRfhjC-yXgIBeCp","labelName":"Date"},"textPosition":{"start":{"row":0,"column":0,"tokenIndex":49,"charIndex":0},"end":{"row":0,"column":0,"tokenIndex":50,"charIndex":3}},"confidenceScore":null},{"id":"1663399077","labeledBy":"LABELER","labeledByUserId":6814,"acceptedByUserId":null,"rejectedByUserId":null,"layer":0,"counter":0,"status":"ACCEPTED","hashCode":"SPAN:52S_6moRfhjC-yXgIBeCp:0:0:0:52:0:0:0:52:6:0:undefined:undefined","labelName":"52S_6moRfhjC-yXgIBeCp","labelItem":{"id":"52S_6moRfhjC-yXgIBeCp","labelName":"Date"},"textPosition":{"start":{"row":0,"column":0,"tokenIndex":52,"charIndex":0},"end":{"row":0,"column":0,"tokenIndex":52,"charIndex":6}},"confidenceScore":null},{"id":"1663399080","labeledBy":"LABELER","labeledByUserId":6814,"acceptedByUserId":null,"rejectedByUserId":null,"layer":0,"counter":0,"status":"ACCEPTED","hashCode":"SPAN:rj7TW0-ymuRo6f_asXJab:0:0:0:53:0:0:0:54:3:0:undefined:undefined","labelName":"rj7TW0-ymuRo6f_asXJab","labelItem":{"id":"rj7TW0-ymuRo6f_asXJab","labelName":"Company Name"},"textPosition":{"start":{"row":0,"column":0,"tokenIndex":53,"charIndex":0},"end":{"row":0,"column":0,"tokenIndex":54,"charIndex":3}},"confidenceScore":null},{"id":"1663399083","labeledBy":"LABELER","labeledByUserId":6814,"acceptedByUserId":null,"rejectedByUserId":null,"layer":0,"counter":0,"status":"ACCEPTED","hashCode":"SPAN:1R0C50AAwFbEp2O0WmRv6:0:0:0:56:0:0:0:56:3:0:undefined:undefined","labelName":"1R0C50AAwFbEp2O0WmRv6","labelItem":{"id":"1R0C50AAwFbEp2O0WmRv6","labelName":"Location"},"textPosition":{"start":{"row":0,"column":0,"tokenIndex":56,"charIndex":0},"end":{"row":0,"column":0,"tokenIndex":56,"charIndex":3}},"confidenceScore":null},{"id":"1663399086","labeledBy":"LABELER","labeledByUserId":6814,"acceptedByUserId":null,"rejectedByUserId":null,"layer":0,"counter":0,"status":"ACCEPTED","hashCode":"SPAN:1R0C50AAwFbEp2O0WmRv6:0:0:0:58:0:0:0:58:4:0:undefined:undefined","labelName":"1R0C50AAwFbEp2O0WmRv6","labelItem":{"id":"1R0C50AAwFbEp2O0WmRv6","labelName":"Location"},"textPosition":{"start":{"row":0,"column":0,"tokenIndex":58,"charIndex":0},"end":{"row":0,"column":0,"tokenIndex":58,"charIndex":4}},"confidenceScore":null},{"id":"1663399089","labeledBy":"LABELER","labeledByUserId":6814,"acceptedByUserId":null,"rejectedByUserId":null,"layer":0,"counter":0,"status":"ACCEPTED","hashCode":"SPAN:eS2knCRgLegeRw8bcmSWA:0:0:0:66:0:0:0:66:10:0:undefined:undefined","labelName":"eS2knCRgLegeRw8bcmSWA","labelItem":{"id":"eS2knCRgLegeRw8bcmSWA","labelName":"Skill"},"textPosition":{"start":{"row":0,"column":0,"tokenIndex":66,"charIndex":0},"end":{"row":0,"column":0,"tokenIndex":66,"charIndex":10}},"confidenceScore":null},{"id":"1663399092","labeledBy":"LABELER","labeledByUserId":6814,"acceptedByUserId":null,"rejectedByUserId":null,"layer":0,"counter":0,"status":"ACCEPTED","hashCode":"SPAN:eS2knCRgLegeRw8bcmSWA:0:0:0:68:0:0:0:68:7:0:undefined:undefined","labelName":"eS2knCRgLegeRw8bcmSWA","labelItem":{"id":"eS2knCRgLegeRw8bcmSWA","labelName":"Skill"},"textPosition":{"start":{"row":0,"column":0,"tokenIndex":68,"charIndex":0},"end":{"row":0,"column":0,"tokenIndex":68,"charIndex":7}},"confidenceScore":null},{"id":"1663399095","labeledBy":"LABELER","labeledByUserId":6814,"acceptedByUserId":null,"rejectedByUserId":null,"layer":0,"counter":0,"status":"ACCEPTED","hashCode":"SPAN:eS2knCRgLegeRw8bcmSWA:0:0:0:94:0:0:0:96:4:0:undefined:undefined","labelName":"eS2knCRgLegeRw8bcmSWA","labelItem":{"id":"eS2knCRgLegeRw8bcmSWA","labelName":"Skill"},"textPosition":{"start":{"row":0,"column":0,"tokenIndex":94,"charIndex":0},"end":{"row":0,"column":0,"tokenIndex":96,"charIndex":4}},"confidenceScore":null},{"id":"1663399098","labeledBy":"LABELER","labeledByUserId":6814,"acceptedByUserId":null,"rejectedByUserId":null,"layer":0,"counter":0,"status":"ACCEPTED","hashCode":"SPAN:eS2knCRgLegeRw8bcmSWA:0:0:0:121:0:0:0:122:13:0:undefined:undefined","labelName":"eS2knCRgLegeRw8bcmSWA","labelItem":{"id":"eS2knCRgLegeRw8bcmSWA","labelName":"Skill"},"textPosition":{"start":{"row":0,"column":0,"tokenIndex":121,"charIndex":0},"end":{"row":0,"column":0,"tokenIndex":122,"charIndex":13}},"confidenceScore":null},{"id":"1663399101","labeledBy":"LABELER","labeledByUserId":6814,"acceptedByUserId":null,"rejectedByUserId":null,"layer":0,"counter":0,"status":"ACCEPTED","hashCode":"SPAN:eS2knCRgLegeRw8bcmSWA:0:0:0:123:0:0:0:124:6:0:undefined:undefined","labelName":"eS2knCRgLegeRw8bcmSWA","labelItem":{"id":"eS2knCRgLegeRw8bcmSWA","labelName":"Skill"},"textPosition":{"start":{"row":0,"column":0,"tokenIndex":123,"charIndex":0},"end":{"row":0,"column":0,"tokenIndex":124,"charIndex":6}},"confidenceScore":null},{"id":"1663399104","labeledBy":"LABELER","labeledByUserId":6814,"acceptedByUserId":null,"rejectedByUserId":null,"layer":0,"counter":0,"status":"ACCEPTED","hashCode":"SPAN:eS2knCRgLegeRw8bcmSWA:0:0:0:126:0:0:0:127:5:0:undefined:undefined","labelName":"eS2knCRgLegeRw8bcmSWA","labelItem":{"id":"eS2knCRgLegeRw8bcmSWA","labelName":"Skill"},"textPosition":{"start":{"row":0,"column":0,"tokenIndex":126,"charIndex":0},"end":{"row":0,"column":0,"tokenIndex":127,"charIndex":5}},"confidenceScore":null},{"id":"1663399107","labeledBy":"LABELER","labeledByUserId":6814,"acceptedByUserId":null,"rejectedByUserId":null,"layer":0,"counter":0,"status":"ACCEPTED","hashCode":"SPAN:SJEkdao76hjwbb6Fh5SY6:0:1:0:0:0:1:0:1:10:0:undefined:undefined","labelName":"SJEkdao76hjwbb6Fh5SY6","labelItem":{"id":"SJEkdao76hjwbb6Fh5SY6","labelName":"Job Title"},"textPosition":{"start":{"row":1,"column":0,"tokenIndex":0,"charIndex":0},"end":{"row":1,"column":0,"tokenIndex":1,"charIndex":10}},"confidenceScore":null},{"id":"1663399110","labeledBy":"LABELER","labeledByUserId":6814,"acceptedByUserId":null,"rejectedByUserId":null,"layer":0,"counter":0,"status":"ACCEPTED","hashCode":"SPAN:52S_6moRfhjC-yXgIBeCp:0:1:0:2:0:1:0:3:3:0:undefined:undefined","labelName":"52S_6moRfhjC-yXgIBeCp","labelItem":{"id":"52S_6moRfhjC-yXgIBeCp","labelName":"Date"},"textPosition":{"start":{"row":1,"column":0,"tokenIndex":2,"charIndex":0},"end":{"row":1,"column":0,"tokenIndex":3,"charIndex":3}},"confidenceScore":null},{"id":"1663399113","labeledBy":"LABELER","labeledByUserId":6814,"acceptedByUserId":null,"rejectedByUserId":null,"layer":0,"counter":0,"status":"ACCEPTED","hashCode":"SPAN:52S_6moRfhjC-yXgIBeCp:0:1:0:5:0:1:0:6:3:0:undefined:undefined","labelName":"52S_6moRfhjC-yXgIBeCp","labelItem":{"id":"52S_6moRfhjC-yXgIBeCp","labelName":"Date"},"textPosition":{"start":{"row":1,"column":0,"tokenIndex":5,"charIndex":0},"end":{"row":1,"column":0,"tokenIndex":6,"charIndex":3}},"confidenceScore":null},{"id":"1663399116","labeledBy":"LABELER","labeledByUserId":6814,"acceptedByUserId":null,"rejectedByUserId":null,"layer":0,"counter":0,"status":"ACCEPTED","hashCode":"SPAN:rj7TW0-ymuRo6f_asXJab:0:1:0:7:0:1:0:8:3:0:undefined:undefined","labelName":"rj7TW0-ymuRo6f_asXJab","labelItem":{"id":"rj7TW0-ymuRo6f_asXJab","labelName":"Company Name"},"textPosition":{"start":{"row":1,"column":0,"tokenIndex":7,"charIndex":0},"end":{"row":1,"column":0,"tokenIndex":8,"charIndex":3}},"confidenceScore":null},{"id":"1663399119","labeledBy":"LABELER","labeledByUserId":6814,"acceptedByUserId":null,"rejectedByUserId":null,"layer":0,"counter":0,"status":"ACCEPTED","hashCode":"SPAN:1R0C50AAwFbEp2O0WmRv6:0:1:0:10:0:1:0:10:3:0:undefined:undefined","labelName":"1R0C50AAwFbEp2O0WmRv6","labelItem":{"id":"1R0C50AAwFbEp2O0WmRv6","labelName":"Location"},"textPosition":{"start":{"row":1,"column":0,"tokenIndex":10,"charIndex":0},"end":{"row":1,"column":0,"tokenIndex":10,"charIndex":3}},"confidenceScore":null},{"id":"1663399122","labeledBy":"LABELER","labeledByUserId":6814,"acceptedByUserId":null,"rejectedByUserId":null,"layer":0,"counter":0,"status":"ACCEPTED","hashCode":"SPAN:1R0C50AAwFbEp2O0WmRv6:0:1:0:12:0:1:0:12:4:0:undefined:undefined","labelName":"1R0C50AAwFbEp2O0WmRv6","labelItem":{"id":"1R0C50AAwFbEp2O0WmRv6","labelName":"Location"},"textPosition":{"start":{"row":1,"column":0,"tokenIndex":12,"charIndex":0},"end":{"row":1,"column":0,"tokenIndex":12,"charIndex":4}},"confidenceScore":null},{"id":"1663399125","labeledBy":"LABELER","labeledByUserId":6814,"acceptedByUserId":null,"rejectedByUserId":null,"layer":0,"counter":0,"status":"ACCEPTED","hashCode":"SPAN:eS2knCRgLegeRw8bcmSWA:0:1:0:13:0:1:0:13:10:0:undefined:undefined","labelName":"eS2knCRgLegeRw8bcmSWA","labelItem":{"id":"eS2knCRgLegeRw8bcmSWA","labelName":"Skill"},"textPosition":{"start":{"row":1,"column":0,"tokenIndex":13,"charIndex":0},"end":{"row":1,"column":0,"tokenIndex":13,"charIndex":10}},"confidenceScore":null},{"id":"1663399128","labeledBy":"LABELER","labeledByUserId":6814,"acceptedByUserId":null,"rejectedByUserId":null,"layer":0,"counter":0,"status":"ACCEPTED","hashCode":"SPAN:eS2knCRgLegeRw8bcmSWA:0:1:0:14:0:1:0:14:6:0:undefined:undefined","labelName":"eS2knCRgLegeRw8bcmSWA","labelItem":{"id":"eS2knCRgLegeRw8bcmSWA","labelName":"Skill"},"textPosition":{"start":{"row":1,"column":0,"tokenIndex":14,"charIndex":0},"end":{"row":1,"column":0,"tokenIndex":14,"charIndex":6}},"confidenceScore":null},{"id":"1663399131","labeledBy":"LABELER","labeledByUserId":6814,"acceptedByUserId":null,"rejectedByUserId":null,"layer":0,"counter":0,"status":"ACCEPTED","hashCode":"SPAN:eS2knCRgLegeRw8bcmSWA:0:1:0:16:0:1:0:16:3:0:undefined:undefined","labelName":"eS2knCRgLegeRw8bcmSWA","labelItem":{"id":"eS2knCRgLegeRw8bcmSWA","labelName":"Skill"},"textPosition":{"start":{"row":1,"column":0,"tokenIndex":16,"charIndex":0},"end":{"row":1,"column":0,"tokenIndex":16,"charIndex":3}},"confidenceScore":null},{"id":"1663399134","labeledBy":"LABELER","labeledByUserId":6814,"acceptedByUserId":null,"rejectedByUserId":null,"layer":0,"counter":0,"status":"ACCEPTED","hashCode":"SPAN:eS2knCRgLegeRw8bcmSWA:0:1:0:26:0:1:0:27:12:0:undefined:undefined","labelName":"eS2knCRgLegeRw8bcmSWA","labelItem":{"id":"eS2knCRgLegeRw8bcmSWA","labelName":"Skill"},"textPosition":{"start":{"row":1,"column":0,"tokenIndex":26,"charIndex":0},"end":{"row":1,"column":0,"tokenIndex":27,"charIndex":12}},"confidenceScore":null},{"id":"1663399137","labeledBy":"LABELER","labeledByUserId":6814,"acceptedByUserId":null,"rejectedByUserId":null,"layer":0,"counter":0,"status":"ACCEPTED","hashCode":"SPAN:eS2knCRgLegeRw8bcmSWA:0:1:0:29:0:1:0:29:13:0:undefined:undefined","labelName":"eS2knCRgLegeRw8bcmSWA","labelItem":{"id":"eS2knCRgLegeRw8bcmSWA","labelName":"Skill"},"textPosition":{"start":{"row":1,"column":0,"tokenIndex":29,"charIndex":0},"end":{"row":1,"column":0,"tokenIndex":29,"charIndex":13}},"confidenceScore":null},{"id":"1663399140","labeledBy":"LABELER","labeledByUserId":6814,"acceptedByUserId":null,"rejectedByUserId":null,"layer":0,"counter":0,"status":"ACCEPTED","hashCode":"SPAN:eS2knCRgLegeRw8bcmSWA:0:1:0:30:0:1:0:31:9:0:undefined:undefined","labelName":"eS2knCRgLegeRw8bcmSWA","labelItem":{"id":"eS2knCRgLegeRw8bcmSWA","labelName":"Skill"},"textPosition":{"start":{"row":1,"column":0,"tokenIndex":30,"charIndex":0},"end":{"row":1,"column":0,"tokenIndex":31,"charIndex":9}},"confidenceScore":null},{"id":"1663399143","labeledBy":"LABELER","labeledByUserId":6814,"acceptedByUserId":null,"rejectedByUserId":null,"layer":0,"counter":0,"status":"ACCEPTED","hashCode":"SPAN:eS2knCRgLegeRw8bcmSWA:0:1:0:32:0:1:0:33:9:0:undefined:undefined","labelName":"eS2knCRgLegeRw8bcmSWA","labelItem":{"id":"eS2knCRgLegeRw8bcmSWA","labelName":"Skill"},"textPosition":{"start":{"row":1,"column":0,"tokenIndex":32,"charIndex":0},"end":{"row":1,"column":0,"tokenIndex":33,"charIndex":9}},"confidenceScore":null},{"id":"1663399146","labeledBy":"LABELER","labeledByUserId":6814,"acceptedByUserId":null,"rejectedByUserId":null,"layer":0,"counter":0,"status":"ACCEPTED","hashCode":"SPAN:eS2knCRgLegeRw8bcmSWA:0:1:0:34:0:1:0:34:9:0:undefined:undefined","labelName":"eS2knCRgLegeRw8bcmSWA","labelItem":{"id":"eS2knCRgLegeRw8bcmSWA","labelName":"Skill"},"textPosition":{"start":{"row":1,"column":0,"tokenIndex":34,"charIndex":0},"end":{"row":1,"column":0,"tokenIndex":34,"charIndex":9}},"confidenceScore":null},{"id":"1663399149","labeledBy":"LABELER","labeledByUserId":6814,"acceptedByUserId":null,"rejectedByUserId":null,"layer":0,"counter":0,"status":"ACCEPTED","hashCode":"SPAN:eS2knCRgLegeRw8bcmSWA:0:1:0:35:0:1:0:35:10:0:undefined:undefined","labelName":"eS2knCRgLegeRw8bcmSWA","labelItem":{"id":"eS2knCRgLegeRw8bcmSWA","labelName":"Skill"},"textPosition":{"start":{"row":1,"column":0,"tokenIndex":35,"charIndex":0},"end":{"row":1,"column":0,"tokenIndex":35,"charIndex":10}},"confidenceScore":null},{"id":"1663399152","labeledBy":"LABELER","labeledByUserId":6814,"acceptedByUserId":null,"rejectedByUserId":null,"layer":0,"counter":0,"status":"ACCEPTED","hashCode":"SPAN:eS2knCRgLegeRw8bcmSWA:0:1:0:38:0:1:0:39:8:0:undefined:undefined","labelName":"eS2knCRgLegeRw8bcmSWA","labelItem":{"id":"eS2knCRgLegeRw8bcmSWA","labelName":"Skill"},"textPosition":{"start":{"row":1,"column":0,"tokenIndex":38,"charIndex":0},"end":{"row":1,"column":0,"tokenIndex":39,"charIndex":8}},"confidenceScore":null},{"id":"1663399155","labeledBy":"LABELER","labeledByUserId":6814,"acceptedByUserId":null,"rejectedByUserId":null,"layer":0,"counter":0,"status":"ACCEPTED","hashCode":"SPAN:eS2knCRgLegeRw8bcmSWA:0:1:0:56:0:1:0:56:6:0:undefined:undefined","labelName":"eS2knCRgLegeRw8bcmSWA","labelItem":{"id":"eS2knCRgLegeRw8bcmSWA","labelName":"Skill"},"textPosition":{"start":{"row":1,"column":0,"tokenIndex":56,"charIndex":0},"end":{"row":1,"column":0,"tokenIndex":56,"charIndex":6}},"confidenceScore":null},{"id":"1663399158","labeledBy":"LABELER","labeledByUserId":6814,"acceptedByUserId":null,"rejectedByUserId":null,"layer":0,"counter":0,"status":"ACCEPTED","hashCode":"SPAN:eS2knCRgLegeRw8bcmSWA:0:1:0:57:0:1:0:57:3:0:undefined:undefined","labelName":"eS2knCRgLegeRw8bcmSWA","labelItem":{"id":"eS2knCRgLegeRw8bcmSWA","labelName":"Skill"},"textPosition":{"start":{"row":1,"column":0,"tokenIndex":57,"charIndex":0},"end":{"row":1,"column":0,"tokenIndex":57,"charIndex":3}},"confidenceScore":null},{"id":"1663399161","labeledBy":"LABELER","labeledByUserId":6814,"acceptedByUserId":null,"rejectedByUserId":null,"layer":0,"counter":0,"status":"ACCEPTED","hashCode":"SPAN:eS2knCRgLegeRw8bcmSWA:0:1:0:59:0:1:0:59:9:0:undefined:undefined","labelName":"eS2knCRgLegeRw8bcmSWA","labelItem":{"id":"eS2knCRgLegeRw8bcmSWA","labelName":"Skill"},"textPosition":{"start":{"row":1,"column":0,"tokenIndex":59,"charIndex":0},"end":{"row":1,"column":0,"tokenIndex":59,"charIndex":9}},"confidenceScore":null},{"id":"1663399164","labeledBy":"LABELER","labeledByUserId":6814,"acceptedByUserId":null,"rejectedByUserId":null,"layer":0,"counter":0,"status":"ACCEPTED","hashCode":"SPAN:eS2knCRgLegeRw8bcmSWA:0:1:0:61:0:1:0:61:9:0:undefined:undefined","labelName":"eS2knCRgLegeRw8bcmSWA","labelItem":{"id":"eS2knCRgLegeRw8bcmSWA","labelName":"Skill"},"textPosition":{"start":{"row":1,"column":0,"tokenIndex":61,"charIndex":0},"end":{"row":1,"column":0,"tokenIndex":61,"charIndex":9}},"confidenceScore":null},{"id":"1663399167","labeledBy":"LABELER","labeledByUserId":6814,"acceptedByUserId":null,"rejectedByUserId":null,"layer":0,"counter":0,"status":"ACCEPTED","hashCode":"SPAN:eS2knCRgLegeRw8bcmSWA:0:1:0:63:0:1:0:63:13:0:undefined:undefined","labelName":"eS2knCRgLegeRw8bcmSWA","labelItem":{"id":"eS2knCRgLegeRw8bcmSWA","labelName":"Skill"},"textPosition":{"start":{"row":1,"column":0,"tokenIndex":63,"charIndex":0},"end":{"row":1,"column":0,"tokenIndex":63,"charIndex":13}},"confidenceScore":null},{"id":"1663399170","labeledBy":"LABELER","labeledByUserId":6814,"acceptedByUserId":null,"rejectedByUserId":null,"layer":0,"counter":0,"status":"ACCEPTED","hashCode":"SPAN:SJEkdao76hjwbb6Fh5SY6:0:2:0:0:0:2:0:2:10:0:undefined:undefined","labelName":"SJEkdao76hjwbb6Fh5SY6","labelItem":{"id":"SJEkdao76hjwbb6Fh5SY6","labelName":"Job Title"},"textPosition":{"start":{"row":2,"column":0,"tokenIndex":0,"charIndex":0},"end":{"row":2,"column":0,"tokenIndex":2,"charIndex":10}},"confidenceScore":null},{"id":"1663399173","labeledBy":"LABELER","labeledByUserId":6814,"acceptedByUserId":null,"rejectedByUserId":null,"layer":0,"counter":0,"status":"ACCEPTED","hashCode":"SPAN:52S_6moRfhjC-yXgIBeCp:0:2:0:3:0:2:0:4:3:0:undefined:undefined","labelName":"52S_6moRfhjC-yXgIBeCp","labelItem":{"id":"52S_6moRfhjC-yXgIBeCp","labelName":"Date"},"textPosition":{"start":{"row":2,"column":0,"tokenIndex":3,"charIndex":0},"end":{"row":2,"column":0,"tokenIndex":4,"charIndex":3}},"confidenceScore":null},{"id":"1663399176","labeledBy":"LABELER","labeledByUserId":6814,"acceptedByUserId":null,"rejectedByUserId":null,"layer":0,"counter":0,"status":"ACCEPTED","hashCode":"SPAN:52S_6moRfhjC-yXgIBeCp:0:2:0:6:0:2:0:7:3:0:undefined:undefined","labelName":"52S_6moRfhjC-yXgIBeCp","labelItem":{"id":"52S_6moRfhjC-yXgIBeCp","labelName":"Date"},"textPosition":{"start":{"row":2,"column":0,"tokenIndex":6,"charIndex":0},"end":{"row":2,"column":0,"tokenIndex":7,"charIndex":3}},"confidenceScore":null},{"id":"1663399179","labeledBy":"LABELER","labeledByUserId":6814,"acceptedByUserId":null,"rejectedByUserId":null,"layer":0,"counter":0,"status":"ACCEPTED","hashCode":"SPAN:rj7TW0-ymuRo6f_asXJab:0:2:0:8:0:2:0:9:3:0:undefined:undefined","labelName":"rj7TW0-ymuRo6f_asXJab","labelItem":{"id":"rj7TW0-ymuRo6f_asXJab","labelName":"Company Name"},"textPosition":{"start":{"row":2,"column":0,"tokenIndex":8,"charIndex":0},"end":{"row":2,"column":0,"tokenIndex":9,"charIndex":3}},"confidenceScore":null},{"id":"1663399182","labeledBy":"LABELER","labeledByUserId":6814,"acceptedByUserId":null,"rejectedByUserId":null,"layer":0,"counter":0,"status":"ACCEPTED","hashCode":"SPAN:1R0C50AAwFbEp2O0WmRv6:0:2:0:11:0:2:0:11:3:0:undefined:undefined","labelName":"1R0C50AAwFbEp2O0WmRv6","labelItem":{"id":"1R0C50AAwFbEp2O0WmRv6","labelName":"Location"},"textPosition":{"start":{"row":2,"column":0,"tokenIndex":11,"charIndex":0},"end":{"row":2,"column":0,"tokenIndex":11,"charIndex":3}},"confidenceScore":null},{"id":"1663399185","labeledBy":"LABELER","labeledByUserId":6814,"acceptedByUserId":null,"rejectedByUserId":null,"layer":0,"counter":0,"status":"ACCEPTED","hashCode":"SPAN:1R0C50AAwFbEp2O0WmRv6:0:2:0:13:0:2:0:13:4:0:undefined:undefined","labelName":"1R0C50AAwFbEp2O0WmRv6","labelItem":{"id":"1R0C50AAwFbEp2O0WmRv6","labelName":"Location"},"textPosition":{"start":{"row":2,"column":0,"tokenIndex":13,"charIndex":0},"end":{"row":2,"column":0,"tokenIndex":13,"charIndex":4}},"confidenceScore":null},{"id":"1663399188","labeledBy":"LABELER","labeledByUserId":6814,"acceptedByUserId":null,"rejectedByUserId":null,"layer":0,"counter":0,"status":"ACCEPTED","hashCode":"SPAN:eS2knCRgLegeRw8bcmSWA:0:2:0:16:0:2:0:17:10:0:undefined:undefined","labelName":"eS2knCRgLegeRw8bcmSWA","labelItem":{"id":"eS2knCRgLegeRw8bcmSWA","labelName":"Skill"},"textPosition":{"start":{"row":2,"column":0,"tokenIndex":16,"charIndex":0},"end":{"row":2,"column":0,"tokenIndex":17,"charIndex":10}},"confidenceScore":null},{"id":"1663399191","labeledBy":"LABELER","labeledByUserId":6814,"acceptedByUserId":null,"rejectedByUserId":null,"layer":0,"counter":0,"status":"ACCEPTED","hashCode":"SPAN:eS2knCRgLegeRw8bcmSWA:0:2:0:21:0:2:0:22:8:0:undefined:undefined","labelName":"eS2knCRgLegeRw8bcmSWA","labelItem":{"id":"eS2knCRgLegeRw8bcmSWA","labelName":"Skill"},"textPosition":{"start":{"row":2,"column":0,"tokenIndex":21,"charIndex":0},"end":{"row":2,"column":0,"tokenIndex":22,"charIndex":8}},"confidenceScore":null},{"id":"1663399194","labeledBy":"LABELER","labeledByUserId":6814,"acceptedByUserId":null,"rejectedByUserId":null,"layer":0,"counter":0,"status":"ACCEPTED","hashCode":"SPAN:eS2knCRgLegeRw8bcmSWA:0:2:0:29:0:2:0:30:5:0:undefined:undefined","labelName":"eS2knCRgLegeRw8bcmSWA","labelItem":{"id":"eS2knCRgLegeRw8bcmSWA","labelName":"Skill"},"textPosition":{"start":{"row":2,"column":0,"tokenIndex":29,"charIndex":0},"end":{"row":2,"column":0,"tokenIndex":30,"charIndex":5}},"confidenceScore":null},{"id":"1663399197","labeledBy":"LABELER","labeledByUserId":6814,"acceptedByUserId":null,"rejectedByUserId":null,"layer":0,"counter":0,"status":"ACCEPTED","hashCode":"SPAN:eS2knCRgLegeRw8bcmSWA:0:2:0:34:0:2:0:35:8:0:undefined:undefined","labelName":"eS2knCRgLegeRw8bcmSWA","labelItem":{"id":"eS2knCRgLegeRw8bcmSWA","labelName":"Skill"},"textPosition":{"start":{"row":2,"column":0,"tokenIndex":34,"charIndex":0},"end":{"row":2,"column":0,"tokenIndex":35,"charIndex":8}},"confidenceScore":null},{"id":"1663399200","labeledBy":"LABELER","labeledByUserId":6814,"acceptedByUserId":null,"rejectedByUserId":null,"layer":0,"counter":0,"status":"ACCEPTED","hashCode":"SPAN:eS2knCRgLegeRw8bcmSWA:0:2:0:49:0:2:0:49:3:0:undefined:undefined","labelName":"eS2knCRgLegeRw8bcmSWA","labelItem":{"id":"eS2knCRgLegeRw8bcmSWA","labelName":"Skill"},"textPosition":{"start":{"row":2,"column":0,"tokenIndex":49,"charIndex":0},"end":{"row":2,"column":0,"tokenIndex":49,"charIndex":3}},"confidenceScore":null},{"id":"1663399203","labeledBy":"LABELER","labeledByUserId":6814,"acceptedByUserId":null,"rejectedByUserId":null,"layer":0,"counter":0,"status":"ACCEPTED","hashCode":"SPAN:eS2knCRgLegeRw8bcmSWA:0:2:0:55:0:2:0:56:8:0:undefined:undefined","labelName":"eS2knCRgLegeRw8bcmSWA","labelItem":{"id":"eS2knCRgLegeRw8bcmSWA","labelName":"Skill"},"textPosition":{"start":{"row":2,"column":0,"tokenIndex":55,"charIndex":0},"end":{"row":2,"column":0,"tokenIndex":56,"charIndex":8}},"confidenceScore":null},{"id":"1663399206","labeledBy":"LABELER","labeledByUserId":6814,"acceptedByUserId":null,"rejectedByUserId":null,"layer":0,"counter":0,"status":"ACCEPTED","hashCode":"SPAN:eS2knCRgLegeRw8bcmSWA:0:2:0:95:0:2:0:96:5:0:undefined:undefined","labelName":"eS2knCRgLegeRw8bcmSWA","labelItem":{"id":"eS2knCRgLegeRw8bcmSWA","labelName":"Skill"},"textPosition":{"start":{"row":2,"column":0,"tokenIndex":95,"charIndex":0},"end":{"row":2,"column":0,"tokenIndex":96,"charIndex":5}},"confidenceScore":null},{"id":"1663399209","labeledBy":"LABELER","labeledByUserId":6814,"acceptedByUserId":null,"rejectedByUserId":null,"layer":0,"counter":0,"status":"ACCEPTED","hashCode":"SPAN:eS2knCRgLegeRw8bcmSWA:0:2:0:97:0:2:0:97:9:0:undefined:undefined","labelName":"eS2knCRgLegeRw8bcmSWA","labelItem":{"id":"eS2knCRgLegeRw8bcmSWA","labelName":"Skill"},"textPosition":{"start":{"row":2,"column":0,"tokenIndex":97,"charIndex":0},"end":{"row":2,"column":0,"tokenIndex":97,"charIndex":9}},"confidenceScore":null},{"id":"1663399212","labeledBy":"LABELER","labeledByUserId":6814,"acceptedByUserId":null,"rejectedByUserId":null,"layer":0,"counter":0,"status":"ACCEPTED","hashCode":"SPAN:eS2knCRgLegeRw8bcmSWA:0:2:0:98:0:2:0:98:9:0:undefined:undefined","labelName":"eS2knCRgLegeRw8bcmSWA","labelItem":{"id":"eS2knCRgLegeRw8bcmSWA","labelName":"Skill"},"textPosition":{"start":{"row":2,"column":0,"tokenIndex":98,"charIndex":0},"end":{"row":2,"column":0,"tokenIndex":98,"charIndex":9}},"confidenceScore":null},{"id":"1663399215","labeledBy":"LABELER","labeledByUserId":6814,"acceptedByUserId":null,"rejectedByUserId":null,"layer":0,"counter":0,"status":"ACCEPTED","hashCode":"SPAN:eS2knCRgLegeRw8bcmSWA:0:2:0:99:0:2:0:99:11:0:undefined:undefined","labelName":"eS2knCRgLegeRw8bcmSWA","labelItem":{"id":"eS2knCRgLegeRw8bcmSWA","labelName":"Skill"},"textPosition":{"start":{"row":2,"column":0,"tokenIndex":99,"charIndex":0},"end":{"row":2,"column":0,"tokenIndex":99,"charIndex":11}},"confidenceScore":null},{"id":"1663399218","labeledBy":"LABELER","labeledByUserId":6814,"acceptedByUserId":null,"rejectedByUserId":null,"layer":0,"counter":0,"status":"ACCEPTED","hashCode":"SPAN:SJEkdao76hjwbb6Fh5SY6:0:3:0:0:0:3:0:1:5:0:undefined:undefined","labelName":"SJEkdao76hjwbb6Fh5SY6","labelItem":{"id":"SJEkdao76hjwbb6Fh5SY6","labelName":"Job Title"},"textPosition":{"start":{"row":3,"column":0,"tokenIndex":0,"charIndex":0},"end":{"row":3,"column":0,"tokenIndex":1,"charIndex":5}},"confidenceScore":null},{"id":"1663399221","labeledBy":"LABELER","labeledByUserId":6814,"acceptedByUserId":null,"rejectedByUserId":null,"layer":0,"counter":0,"status":"ACCEPTED","hashCode":"SPAN:52S_6moRfhjC-yXgIBeCp:0:3:0:2:0:3:0:3:3:0:undefined:undefined","labelName":"52S_6moRfhjC-yXgIBeCp","labelItem":{"id":"52S_6moRfhjC-yXgIBeCp","labelName":"Date"},"textPosition":{"start":{"row":3,"column":0,"tokenIndex":2,"charIndex":0},"end":{"row":3,"column":0,"tokenIndex":3,"charIndex":3}},"confidenceScore":null},{"id":"1663399224","labeledBy":"LABELER","labeledByUserId":6814,"acceptedByUserId":null,"rejectedByUserId":null,"layer":0,"counter":0,"status":"ACCEPTED","hashCode":"SPAN:52S_6moRfhjC-yXgIBeCp:0:3:0:5:0:3:0:6:3:0:undefined:undefined","labelName":"52S_6moRfhjC-yXgIBeCp","labelItem":{"id":"52S_6moRfhjC-yXgIBeCp","labelName":"Date"},"textPosition":{"start":{"row":3,"column":0,"tokenIndex":5,"charIndex":0},"end":{"row":3,"column":0,"tokenIndex":6,"charIndex":3}},"confidenceScore":null},{"id":"1663399227","labeledBy":"LABELER","labeledByUserId":6814,"acceptedByUserId":null,"rejectedByUserId":null,"layer":0,"counter":0,"status":"ACCEPTED","hashCode":"SPAN:rj7TW0-ymuRo6f_asXJab:0:3:0:7:0:3:0:8:3:0:undefined:undefined","labelName":"rj7TW0-ymuRo6f_asXJab","labelItem":{"id":"rj7TW0-ymuRo6f_asXJab","labelName":"Company Name"},"textPosition":{"start":{"row":3,"column":0,"tokenIndex":7,"charIndex":0},"end":{"row":3,"column":0,"tokenIndex":8,"charIndex":3}},"confidenceScore":null},{"id":"1663399230","labeledBy":"LABELER","labeledByUserId":6814,"acceptedByUserId":null,"rejectedByUserId":null,"layer":0,"counter":0,"status":"ACCEPTED","hashCode":"SPAN:1R0C50AAwFbEp2O0WmRv6:0:3:0:10:0:3:0:10:3:0:undefined:undefined","labelName":"1R0C50AAwFbEp2O0WmRv6","labelItem":{"id":"1R0C50AAwFbEp2O0WmRv6","labelName":"Location"},"textPosition":{"start":{"row":3,"column":0,"tokenIndex":10,"charIndex":0},"end":{"row":3,"column":0,"tokenIndex":10,"charIndex":3}},"confidenceScore":null},{"id":"1663399233","labeledBy":"LABELER","labeledByUserId":6814,"acceptedByUserId":null,"rejectedByUserId":null,"layer":0,"counter":0,"status":"ACCEPTED","hashCode":"SPAN:1R0C50AAwFbEp2O0WmRv6:0:3:0:12:0:3:0:12:4:0:undefined:undefined","labelName":"1R0C50AAwFbEp2O0WmRv6","labelItem":{"id":"1R0C50AAwFbEp2O0WmRv6","labelName":"Location"},"textPosition":{"start":{"row":3,"column":0,"tokenIndex":12,"charIndex":0},"end":{"row":3,"column":0,"tokenIndex":12,"charIndex":4}},"confidenceScore":null},{"id":"1663399236","labeledBy":"LABELER","labeledByUserId":6814,"acceptedByUserId":null,"rejectedByUserId":null,"layer":0,"counter":0,"status":"ACCEPTED","hashCode":"SPAN:eS2knCRgLegeRw8bcmSWA:0:3:0:21:0:3:0:21:9:0:undefined:undefined","labelName":"eS2knCRgLegeRw8bcmSWA","labelItem":{"id":"eS2knCRgLegeRw8bcmSWA","labelName":"Skill"},"textPosition":{"start":{"row":3,"column":0,"tokenIndex":21,"charIndex":0},"end":{"row":3,"column":0,"tokenIndex":21,"charIndex":9}},"confidenceScore":null},{"id":"1663399239","labeledBy":"LABELER","labeledByUserId":6814,"acceptedByUserId":null,"rejectedByUserId":null,"layer":0,"counter":0,"status":"ACCEPTED","hashCode":"SPAN:eS2knCRgLegeRw8bcmSWA:0:3:0:23:0:3:0:25:6:0:undefined:undefined","labelName":"eS2knCRgLegeRw8bcmSWA","labelItem":{"id":"eS2knCRgLegeRw8bcmSWA","labelName":"Skill"},"textPosition":{"start":{"row":3,"column":0,"tokenIndex":23,"charIndex":0},"end":{"row":3,"column":0,"tokenIndex":25,"charIndex":6}},"confidenceScore":null},{"id":"1663399242","labeledBy":"LABELER","labeledByUserId":6814,"acceptedByUserId":null,"rejectedByUserId":null,"layer":0,"counter":0,"status":"ACCEPTED","hashCode":"SPAN:eS2knCRgLegeRw8bcmSWA:0:3:0:27:0:3:0:28:7:0:undefined:undefined","labelName":"eS2knCRgLegeRw8bcmSWA","labelItem":{"id":"eS2knCRgLegeRw8bcmSWA","labelName":"Skill"},"textPosition":{"start":{"row":3,"column":0,"tokenIndex":27,"charIndex":0},"end":{"row":3,"column":0,"tokenIndex":28,"charIndex":7}},"confidenceScore":null},{"id":"1663399245","labeledBy":"LABELER","labeledByUserId":6814,"acceptedByUserId":null,"rejectedByUserId":null,"layer":0,"counter":0,"status":"ACCEPTED","hashCode":"SPAN:SJEkdao76hjwbb6Fh5SY6:0:4:0:0:0:4:0:2:5:0:undefined:undefined","labelName":"SJEkdao76hjwbb6Fh5SY6","labelItem":{"id":"SJEkdao76hjwbb6Fh5SY6","labelName":"Job Title"},"textPosition":{"start":{"row":4,"column":0,"tokenIndex":0,"charIndex":0},"end":{"row":4,"column":0,"tokenIndex":2,"charIndex":5}},"confidenceScore":null},{"id":"1663399248","labeledBy":"LABELER","labeledByUserId":6814,"acceptedByUserId":null,"rejectedByUserId":null,"layer":0,"counter":0,"status":"ACCEPTED","hashCode":"SPAN:52S_6moRfhjC-yXgIBeCp:0:4:0:3:0:4:0:4:3:0:undefined:undefined","labelName":"52S_6moRfhjC-yXgIBeCp","labelItem":{"id":"52S_6moRfhjC-yXgIBeCp","labelName":"Date"},"textPosition":{"start":{"row":4,"column":0,"tokenIndex":3,"charIndex":0},"end":{"row":4,"column":0,"tokenIndex":4,"charIndex":3}},"confidenceScore":null},{"id":"1663399251","labeledBy":"LABELER","labeledByUserId":6814,"acceptedByUserId":null,"rejectedByUserId":null,"layer":0,"counter":0,"status":"ACCEPTED","hashCode":"SPAN:52S_6moRfhjC-yXgIBeCp:0:4:0:6:0:4:0:7:3:0:undefined:undefined","labelName":"52S_6moRfhjC-yXgIBeCp","labelItem":{"id":"52S_6moRfhjC-yXgIBeCp","labelName":"Date"},"textPosition":{"start":{"row":4,"column":0,"tokenIndex":6,"charIndex":0},"end":{"row":4,"column":0,"tokenIndex":7,"charIndex":3}},"confidenceScore":null},{"id":"1663399254","labeledBy":"LABELER","labeledByUserId":6814,"acceptedByUserId":null,"rejectedByUserId":null,"layer":0,"counter":0,"status":"ACCEPTED","hashCode":"SPAN:rj7TW0-ymuRo6f_asXJab:0:4:0:8:0:4:0:9:3:0:undefined:undefined","labelName":"rj7TW0-ymuRo6f_asXJab","labelItem":{"id":"rj7TW0-ymuRo6f_asXJab","labelName":"Company Name"},"textPosition":{"start":{"row":4,"column":0,"tokenIndex":8,"charIndex":0},"end":{"row":4,"column":0,"tokenIndex":9,"charIndex":3}},"confidenceScore":null},{"id":"1663399257","labeledBy":"LABELER","labeledByUserId":6814,"acceptedByUserId":null,"rejectedByUserId":null,"layer":0,"counter":0,"status":"ACCEPTED","hashCode":"SPAN:1R0C50AAwFbEp2O0WmRv6:0:4:0:11:0:4:0:11:3:0:undefined:undefined","labelName":"1R0C50AAwFbEp2O0WmRv6","labelItem":{"id":"1R0C50AAwFbEp2O0WmRv6","labelName":"Location"},"textPosition":{"start":{"row":4,"column":0,"tokenIndex":11,"charIndex":0},"end":{"row":4,"column":0,"tokenIndex":11,"charIndex":3}},"confidenceScore":null},{"id":"1663399260","labeledBy":"LABELER","labeledByUserId":6814,"acceptedByUserId":null,"rejectedByUserId":null,"layer":0,"counter":0,"status":"ACCEPTED","hashCode":"SPAN:1R0C50AAwFbEp2O0WmRv6:0:4:0:13:0:4:0:13:4:0:undefined:undefined","labelName":"1R0C50AAwFbEp2O0WmRv6","labelItem":{"id":"1R0C50AAwFbEp2O0WmRv6","labelName":"Location"},"textPosition":{"start":{"row":4,"column":0,"tokenIndex":13,"charIndex":0},"end":{"row":4,"column":0,"tokenIndex":13,"charIndex":4}},"confidenceScore":null},{"id":"1663399263","labeledBy":"LABELER","labeledByUserId":6814,"acceptedByUserId":null,"rejectedByUserId":null,"layer":0,"counter":0,"status":"ACCEPTED","hashCode":"SPAN:eS2knCRgLegeRw8bcmSWA:0:4:0:16:0:4:0:17:9:0:undefined:undefined","labelName":"eS2knCRgLegeRw8bcmSWA","labelItem":{"id":"eS2knCRgLegeRw8bcmSWA","labelName":"Skill"},"textPosition":{"start":{"row":4,"column":0,"tokenIndex":16,"charIndex":0},"end":{"row":4,"column":0,"tokenIndex":17,"charIndex":9}},"confidenceScore":null},{"id":"1663399266","labeledBy":"LABELER","labeledByUserId":6814,"acceptedByUserId":null,"rejectedByUserId":null,"layer":0,"counter":0,"status":"ACCEPTED","hashCode":"SPAN:eS2knCRgLegeRw8bcmSWA:0:4:0:18:0:4:0:18:8:0:undefined:undefined","labelName":"eS2knCRgLegeRw8bcmSWA","labelItem":{"id":"eS2knCRgLegeRw8bcmSWA","labelName":"Skill"},"textPosition":{"start":{"row":4,"column":0,"tokenIndex":18,"charIndex":0},"end":{"row":4,"column":0,"tokenIndex":18,"charIndex":8}},"confidenceScore":null},{"id":"1663399269","labeledBy":"LABELER","labeledByUserId":6814,"acceptedByUserId":null,"rejectedByUserId":null,"layer":0,"counter":0,"status":"ACCEPTED","hashCode":"SPAN:eS2knCRgLegeRw8bcmSWA:0:4:0:24:0:4:0:24:11:0:undefined:undefined","labelName":"eS2knCRgLegeRw8bcmSWA","labelItem":{"id":"eS2knCRgLegeRw8bcmSWA","labelName":"Skill"},"textPosition":{"start":{"row":4,"column":0,"tokenIndex":24,"charIndex":0},"end":{"row":4,"column":0,"tokenIndex":24,"charIndex":11}},"confidenceScore":null},{"id":"1663399272","labeledBy":"LABELER","labeledByUserId":6814,"acceptedByUserId":null,"rejectedByUserId":null,"layer":0,"counter":0,"status":"ACCEPTED","hashCode":"SPAN:eS2knCRgLegeRw8bcmSWA:0:4:0:25:0:4:0:25:9:0:undefined:undefined","labelName":"eS2knCRgLegeRw8bcmSWA","labelItem":{"id":"eS2knCRgLegeRw8bcmSWA","labelName":"Skill"},"textPosition":{"start":{"row":4,"column":0,"tokenIndex":25,"charIndex":0},"end":{"row":4,"column":0,"tokenIndex":25,"charIndex":9}},"confidenceScore":null},{"id":"1663399275","labeledBy":"LABELER","labeledByUserId":6814,"acceptedByUserId":null,"rejectedByUserId":null,"layer":0,"counter":0,"status":"ACCEPTED","hashCode":"SPAN:eS2knCRgLegeRw8bcmSWA:0:4:0:26:0:4:0:26:8:0:undefined:undefined","labelName":"eS2knCRgLegeRw8bcmSWA","labelItem":{"id":"eS2knCRgLegeRw8bcmSWA","labelName":"Skill"},"textPosition":{"start":{"row":4,"column":0,"tokenIndex":26,"charIndex":0},"end":{"row":4,"column":0,"tokenIndex":26,"charIndex":8}},"confidenceScore":null},{"id":"1663399278","labeledBy":"LABELER","labeledByUserId":6814,"acceptedByUserId":null,"rejectedByUserId":null,"layer":0,"counter":0,"status":"ACCEPTED","hashCode":"SPAN:SJEkdao76hjwbb6Fh5SY6:0:5:0:0:0:5:0:1:5:0:undefined:undefined","labelName":"SJEkdao76hjwbb6Fh5SY6","labelItem":{"id":"SJEkdao76hjwbb6Fh5SY6","labelName":"Job Title"},"textPosition":{"start":{"row":5,"column":0,"tokenIndex":0,"charIndex":0},"end":{"row":5,"column":0,"tokenIndex":1,"charIndex":5}},"confidenceScore":null},{"id":"1663399281","labeledBy":"LABELER","labeledByUserId":6814,"acceptedByUserId":null,"rejectedByUserId":null,"layer":0,"counter":0,"status":"ACCEPTED","hashCode":"SPAN:52S_6moRfhjC-yXgIBeCp:0:5:0:2:0:5:0:3:3:0:undefined:undefined","labelName":"52S_6moRfhjC-yXgIBeCp","labelItem":{"id":"52S_6moRfhjC-yXgIBeCp","labelName":"Date"},"textPosition":{"start":{"row":5,"column":0,"tokenIndex":2,"charIndex":0},"end":{"row":5,"column":0,"tokenIndex":3,"charIndex":3}},"confidenceScore":null},{"id":"1663399284","labeledBy":"LABELER","labeledByUserId":6814,"acceptedByUserId":null,"rejectedByUserId":null,"layer":0,"counter":0,"status":"ACCEPTED","hashCode":"SPAN:52S_6moRfhjC-yXgIBeCp:0:5:0:5:0:5:0:6:3:0:undefined:undefined","labelName":"52S_6moRfhjC-yXgIBeCp","labelItem":{"id":"52S_6moRfhjC-yXgIBeCp","labelName":"Date"},"textPosition":{"start":{"row":5,"column":0,"tokenIndex":5,"charIndex":0},"end":{"row":5,"column":0,"tokenIndex":6,"charIndex":3}},"confidenceScore":null},{"id":"1663399287","labeledBy":"LABELER","labeledByUserId":6814,"acceptedByUserId":null,"rejectedByUserId":null,"layer":0,"counter":0,"status":"ACCEPTED","hashCode":"SPAN:rj7TW0-ymuRo6f_asXJab:0:5:0:7:0:5:0:8:3:0:undefined:undefined","labelName":"rj7TW0-ymuRo6f_asXJab","labelItem":{"id":"rj7TW0-ymuRo6f_asXJab","labelName":"Company Name"},"textPosition":{"start":{"row":5,"column":0,"tokenIndex":7,"charIndex":0},"end":{"row":5,"column":0,"tokenIndex":8,"charIndex":3}},"confidenceScore":null},{"id":"1663399290","labeledBy":"LABELER","labeledByUserId":6814,"acceptedByUserId":null,"rejectedByUserId":null,"layer":0,"counter":0,"status":"ACCEPTED","hashCode":"SPAN:1R0C50AAwFbEp2O0WmRv6:0:5:0:10:0:5:0:10:3:0:undefined:undefined","labelName":"1R0C50AAwFbEp2O0WmRv6","labelItem":{"id":"1R0C50AAwFbEp2O0WmRv6","labelName":"Location"},"textPosition":{"start":{"row":5,"column":0,"tokenIndex":10,"charIndex":0},"end":{"row":5,"column":0,"tokenIndex":10,"charIndex":3}},"confidenceScore":null},{"id":"1663399293","labeledBy":"LABELER","labeledByUserId":6814,"acceptedByUserId":null,"rejectedByUserId":null,"layer":0,"counter":0,"status":"ACCEPTED","hashCode":"SPAN:1R0C50AAwFbEp2O0WmRv6:0:5:0:12:0:5:0:12:4:0:undefined:undefined","labelName":"1R0C50AAwFbEp2O0WmRv6","labelItem":{"id":"1R0C50AAwFbEp2O0WmRv6","labelName":"Location"},"textPosition":{"start":{"row":5,"column":0,"tokenIndex":12,"charIndex":0},"end":{"row":5,"column":0,"tokenIndex":12,"charIndex":4}},"confidenceScore":null},{"id":"1663399302","labeledBy":"LABELER","labeledByUserId":6814,"acceptedByUserId":null,"rejectedByUserId":null,"layer":0,"counter":0,"status":"ACCEPTED","hashCode":"SPAN:eS2knCRgLegeRw8bcmSWA:0:5:0:20:0:5:0:21:6:0:undefined:undefined","labelName":"eS2knCRgLegeRw8bcmSWA","labelItem":{"id":"eS2knCRgLegeRw8bcmSWA","labelName":"Skill"},"textPosition":{"start":{"row":5,"column":0,"tokenIndex":20,"charIndex":0},"end":{"row":5,"column":0,"tokenIndex":21,"charIndex":6}},"confidenceScore":null},{"id":"1663399297","labeledBy":"LABELER","labeledByUserId":6814,"acceptedByUserId":null,"rejectedByUserId":null,"layer":0,"counter":0,"status":"ACCEPTED","hashCode":"SPAN:eS2knCRgLegeRw8bcmSWA:0:5:0:25:0:5:0:26:7:0:undefined:undefined","labelName":"eS2knCRgLegeRw8bcmSWA","labelItem":{"id":"eS2knCRgLegeRw8bcmSWA","labelName":"Skill"},"textPosition":{"start":{"row":5,"column":0,"tokenIndex":25,"charIndex":0},"end":{"row":5,"column":0,"tokenIndex":26,"charIndex":7}},"confidenceScore":null},{"id":"1663399296","labeledBy":"LABELER","labeledByUserId":6814,"acceptedByUserId":null,"rejectedByUserId":null,"layer":0,"counter":0,"status":"ACCEPTED","hashCode":"SPAN:eS2knCRgLegeRw8bcmSWA:0:5:0:29:0:5:0:30:9:0:undefined:undefined","labelName":"eS2knCRgLegeRw8bcmSWA","labelItem":{"id":"eS2knCRgLegeRw8bcmSWA","labelName":"Skill"},"textPosition":{"start":{"row":5,"column":0,"tokenIndex":29,"charIndex":0},"end":{"row":5,"column":0,"tokenIndex":30,"charIndex":9}},"confidenceScore":null},{"id":"1663399305","labeledBy":"LABELER","labeledByUserId":6814,"acceptedByUserId":null,"rejectedByUserId":null,"layer":0,"counter":0,"status":"ACCEPTED","hashCode":"SPAN:eS2knCRgLegeRw8bcmSWA:0:5:0:31:0:5:0:31:8:0:undefined:undefined","labelName":"eS2knCRgLegeRw8bcmSWA","labelItem":{"id":"eS2knCRgLegeRw8bcmSWA","labelName":"Skill"},"textPosition":{"start":{"row":5,"column":0,"tokenIndex":31,"charIndex":0},"end":{"row":5,"column":0,"tokenIndex":31,"charIndex":8}},"confidenceScore":null},{"id":"1663399308","labeledBy":"LABELER","labeledByUserId":6814,"acceptedByUserId":null,"rejectedByUserId":null,"layer":0,"counter":0,"status":"ACCEPTED","hashCode":"SPAN:eS2knCRgLegeRw8bcmSWA:0:5:0:32:0:5:0:32:8:0:undefined:undefined","labelName":"eS2knCRgLegeRw8bcmSWA","labelItem":{"id":"eS2knCRgLegeRw8bcmSWA","labelName":"Skill"},"textPosition":{"start":{"row":5,"column":0,"tokenIndex":32,"charIndex":0},"end":{"row":5,"column":0,"tokenIndex":32,"charIndex":8}},"confidenceScore":null},{"id":"1663399311","labeledBy":"LABELER","labeledByUserId":6814,"acceptedByUserId":null,"rejectedByUserId":null,"layer":0,"counter":0,"status":"ACCEPTED","hashCode":"SPAN:eS2knCRgLegeRw8bcmSWA:0:5:0:34:0:5:0:34:5:0:undefined:undefined","labelName":"eS2knCRgLegeRw8bcmSWA","labelItem":{"id":"eS2knCRgLegeRw8bcmSWA","labelName":"Skill"},"textPosition":{"start":{"row":5,"column":0,"tokenIndex":34,"charIndex":0},"end":{"row":5,"column":0,"tokenIndex":34,"charIndex":5}},"confidenceScore":null},{"id":"1663399314","labeledBy":"LABELER","labeledByUserId":6814,"acceptedByUserId":null,"rejectedByUserId":null,"layer":0,"counter":0,"status":"ACCEPTED","hashCode":"SPAN:SJEkdao76hjwbb6Fh5SY6:0:6:0:0:0:6:0:1:8:0:undefined:undefined","labelName":"SJEkdao76hjwbb6Fh5SY6","labelItem":{"id":"SJEkdao76hjwbb6Fh5SY6","labelName":"Job Title"},"textPosition":{"start":{"row":6,"column":0,"tokenIndex":0,"charIndex":0},"end":{"row":6,"column":0,"tokenIndex":1,"charIndex":8}},"confidenceScore":null},{"id":"1663399317","labeledBy":"LABELER","labeledByUserId":6814,"acceptedByUserId":null,"rejectedByUserId":null,"layer":0,"counter":0,"status":"ACCEPTED","hashCode":"SPAN:52S_6moRfhjC-yXgIBeCp:0:6:0:2:0:6:0:3:3:0:undefined:undefined","labelName":"52S_6moRfhjC-yXgIBeCp","labelItem":{"id":"52S_6moRfhjC-yXgIBeCp","labelName":"Date"},"textPosition":{"start":{"row":6,"column":0,"tokenIndex":2,"charIndex":0},"end":{"row":6,"column":0,"tokenIndex":3,"charIndex":3}},"confidenceScore":null},{"id":"1663399320","labeledBy":"LABELER","labeledByUserId":6814,"acceptedByUserId":null,"rejectedByUserId":null,"layer":0,"counter":0,"status":"ACCEPTED","hashCode":"SPAN:52S_6moRfhjC-yXgIBeCp:0:6:0:5:0:6:0:6:3:0:undefined:undefined","labelName":"52S_6moRfhjC-yXgIBeCp","labelItem":{"id":"52S_6moRfhjC-yXgIBeCp","labelName":"Date"},"textPosition":{"start":{"row":6,"column":0,"tokenIndex":5,"charIndex":0},"end":{"row":6,"column":0,"tokenIndex":6,"charIndex":3}},"confidenceScore":null},{"id":"1663399323","labeledBy":"LABELER","labeledByUserId":6814,"acceptedByUserId":null,"rejectedByUserId":null,"layer":0,"counter":0,"status":"ACCEPTED","hashCode":"SPAN:rj7TW0-ymuRo6f_asXJab:0:6:0:7:0:6:0:8:3:0:undefined:undefined","labelName":"rj7TW0-ymuRo6f_asXJab","labelItem":{"id":"rj7TW0-ymuRo6f_asXJab","labelName":"Company Name"},"textPosition":{"start":{"row":6,"column":0,"tokenIndex":7,"charIndex":0},"end":{"row":6,"column":0,"tokenIndex":8,"charIndex":3}},"confidenceScore":null},{"id":"1663399326","labeledBy":"LABELER","labeledByUserId":6814,"acceptedByUserId":null,"rejectedByUserId":null,"layer":0,"counter":0,"status":"ACCEPTED","hashCode":"SPAN:1R0C50AAwFbEp2O0WmRv6:0:6:0:10:0:6:0:10:3:0:undefined:undefined","labelName":"1R0C50AAwFbEp2O0WmRv6","labelItem":{"id":"1R0C50AAwFbEp2O0WmRv6","labelName":"Location"},"textPosition":{"start":{"row":6,"column":0,"tokenIndex":10,"charIndex":0},"end":{"row":6,"column":0,"tokenIndex":10,"charIndex":3}},"confidenceScore":null},{"id":"1663399329","labeledBy":"LABELER","labeledByUserId":6814,"acceptedByUserId":null,"rejectedByUserId":null,"layer":0,"counter":0,"status":"ACCEPTED","hashCode":"SPAN:1R0C50AAwFbEp2O0WmRv6:0:6:0:12:0:6:0:12:4:0:undefined:undefined","labelName":"1R0C50AAwFbEp2O0WmRv6","labelItem":{"id":"1R0C50AAwFbEp2O0WmRv6","labelName":"Location"},"textPosition":{"start":{"row":6,"column":0,"tokenIndex":12,"charIndex":0},"end":{"row":6,"column":0,"tokenIndex":12,"charIndex":4}},"confidenceScore":null},{"id":"1663399332","labeledBy":"LABELER","labeledByUserId":6814,"acceptedByUserId":null,"rejectedByUserId":null,"layer":0,"counter":0,"status":"ACCEPTED","hashCode":"SPAN:IeEoIKabMl51BJE0gX2YL:0:9:0:1:0:9:0:8:9:0:undefined:undefined","labelName":"IeEoIKabMl51BJE0gX2YL","labelItem":{"id":"IeEoIKabMl51BJE0gX2YL","labelName":"Degree"},"textPosition":{"start":{"row":9,"column":0,"tokenIndex":1,"charIndex":0},"end":{"row":9,"column":0,"tokenIndex":8,"charIndex":9}},"confidenceScore":null},{"id":"1663399335","labeledBy":"LABELER","labeledByUserId":6814,"acceptedByUserId":null,"rejectedByUserId":null,"layer":0,"counter":0,"status":"ACCEPTED","hashCode":"SPAN:Kj5U6n9NUqTXuWcB3c_7L:0:9:0:9:0:9:0:11:9:0:undefined:undefined","labelName":"Kj5U6n9NUqTXuWcB3c_7L","labelItem":{"id":"Kj5U6n9NUqTXuWcB3c_7L","labelName":"College"},"textPosition":{"start":{"row":9,"column":0,"tokenIndex":9,"charIndex":0},"end":{"row":9,"column":0,"tokenIndex":11,"charIndex":9}},"confidenceScore":null},{"id":"1663399338","labeledBy":"LABELER","labeledByUserId":6814,"acceptedByUserId":null,"rejectedByUserId":null,"layer":0,"counter":0,"status":"ACCEPTED","hashCode":"SPAN:1R0C50AAwFbEp2O0WmRv6:0:9:0:13:0:9:0:13:3:0:undefined:undefined","labelName":"1R0C50AAwFbEp2O0WmRv6","labelItem":{"id":"1R0C50AAwFbEp2O0WmRv6","labelName":"Location"},"textPosition":{"start":{"row":9,"column":0,"tokenIndex":13,"charIndex":0},"end":{"row":9,"column":0,"tokenIndex":13,"charIndex":3}},"confidenceScore":null},{"id":"1663399341","labeledBy":"LABELER","labeledByUserId":6814,"acceptedByUserId":null,"rejectedByUserId":null,"layer":0,"counter":0,"status":"ACCEPTED","hashCode":"SPAN:1R0C50AAwFbEp2O0WmRv6:0:9:0:15:0:9:0:15:4:0:undefined:undefined","labelName":"1R0C50AAwFbEp2O0WmRv6","labelItem":{"id":"1R0C50AAwFbEp2O0WmRv6","labelName":"Location"},"textPosition":{"start":{"row":9,"column":0,"tokenIndex":15,"charIndex":0},"end":{"row":9,"column":0,"tokenIndex":15,"charIndex":4}},"confidenceScore":null},{"id":"1663399344","labeledBy":"LABELER","labeledByUserId":6814,"acceptedByUserId":null,"rejectedByUserId":null,"layer":0,"counter":0,"status":"ACCEPTED","hashCode":"SPAN:eS2knCRgLegeRw8bcmSWA:0:9:0:26:0:9:0:26:14:0:undefined:undefined","labelName":"eS2knCRgLegeRw8bcmSWA","labelItem":{"id":"eS2knCRgLegeRw8bcmSWA","labelName":"Skill"},"textPosition":{"start":{"row":9,"column":0,"tokenIndex":26,"charIndex":0},"end":{"row":9,"column":0,"tokenIndex":26,"charIndex":14}},"confidenceScore":null},{"id":"1663399347","labeledBy":"LABELER","labeledByUserId":6814,"acceptedByUserId":null,"rejectedByUserId":null,"layer":0,"counter":0,"status":"ACCEPTED","hashCode":"SPAN:eS2knCRgLegeRw8bcmSWA:0:9:0:27:0:9:0:28:9:0:undefined:undefined","labelName":"eS2knCRgLegeRw8bcmSWA","labelItem":{"id":"eS2knCRgLegeRw8bcmSWA","labelName":"Skill"},"textPosition":{"start":{"row":9,"column":0,"tokenIndex":27,"charIndex":0},"end":{"row":9,"column":0,"tokenIndex":28,"charIndex":9}},"confidenceScore":null},{"id":"1663399350","labeledBy":"LABELER","labeledByUserId":6814,"acceptedByUserId":null,"rejectedByUserId":null,"layer":0,"counter":0,"status":"ACCEPTED","hashCode":"SPAN:eS2knCRgLegeRw8bcmSWA:0:9:0:29:0:9:0:29:8:0:undefined:undefined","labelName":"eS2knCRgLegeRw8bcmSWA","labelItem":{"id":"eS2knCRgLegeRw8bcmSWA","labelName":"Skill"},"textPosition":{"start":{"row":9,"column":0,"tokenIndex":29,"charIndex":0},"end":{"row":9,"column":0,"tokenIndex":29,"charIndex":8}},"confidenceScore":null},{"id":"1663399353","labeledBy":"LABELER","labeledByUserId":6814,"acceptedByUserId":null,"rejectedByUserId":null,"layer":0,"counter":0,"status":"ACCEPTED","hashCode":"SPAN:eS2knCRgLegeRw8bcmSWA:0:9:0:30:0:9:0:30:2:0:undefined:undefined","labelName":"eS2knCRgLegeRw8bcmSWA","labelItem":{"id":"eS2knCRgLegeRw8bcmSWA","labelName":"Skill"},"textPosition":{"start":{"row":9,"column":0,"tokenIndex":30,"charIndex":0},"end":{"row":9,"column":0,"tokenIndex":30,"charIndex":2}},"confidenceScore":null},{"id":"1663399356","labeledBy":"LABELER","labeledByUserId":6814,"acceptedByUserId":null,"rejectedByUserId":null,"layer":0,"counter":0,"status":"ACCEPTED","hashCode":"SPAN:eS2knCRgLegeRw8bcmSWA:0:9:0:31:0:9:0:31:14:0:undefined:undefined","labelName":"eS2knCRgLegeRw8bcmSWA","labelItem":{"id":"eS2knCRgLegeRw8bcmSWA","labelName":"Skill"},"textPosition":{"start":{"row":9,"column":0,"tokenIndex":31,"charIndex":0},"end":{"row":9,"column":0,"tokenIndex":31,"charIndex":14}},"confidenceScore":null},{"id":"1663399359","labeledBy":"LABELER","labeledByUserId":6814,"acceptedByUserId":null,"rejectedByUserId":null,"layer":0,"counter":0,"status":"ACCEPTED","hashCode":"SPAN:eS2knCRgLegeRw8bcmSWA:0:9:0:32:0:9:0:32:11:0:undefined:undefined","labelName":"eS2knCRgLegeRw8bcmSWA","labelItem":{"id":"eS2knCRgLegeRw8bcmSWA","labelName":"Skill"},"textPosition":{"start":{"row":9,"column":0,"tokenIndex":32,"charIndex":0},"end":{"row":9,"column":0,"tokenIndex":32,"charIndex":11}},"confidenceScore":null},{"id":"1663399362","labeledBy":"LABELER","labeledByUserId":6814,"acceptedByUserId":null,"rejectedByUserId":null,"layer":0,"counter":0,"status":"ACCEPTED","hashCode":"SPAN:eS2knCRgLegeRw8bcmSWA:0:9:0:33:0:9:0:34:8:0:undefined:undefined","labelName":"eS2knCRgLegeRw8bcmSWA","labelItem":{"id":"eS2knCRgLegeRw8bcmSWA","labelName":"Skill"},"textPosition":{"start":{"row":9,"column":0,"tokenIndex":33,"charIndex":0},"end":{"row":9,"column":0,"tokenIndex":34,"charIndex":8}},"confidenceScore":null},{"id":"1663399365","labeledBy":"LABELER","labeledByUserId":6814,"acceptedByUserId":null,"rejectedByUserId":null,"layer":0,"counter":0,"status":"ACCEPTED","hashCode":"SPAN:eS2knCRgLegeRw8bcmSWA:0:9:0:35:0:9:0:35:3:0:undefined:undefined","labelName":"eS2knCRgLegeRw8bcmSWA","labelItem":{"id":"eS2knCRgLegeRw8bcmSWA","labelName":"Skill"},"textPosition":{"start":{"row":9,"column":0,"tokenIndex":35,"charIndex":0},"end":{"row":9,"column":0,"tokenIndex":35,"charIndex":3}},"confidenceScore":null},{"id":"1663399368","labeledBy":"LABELER","labeledByUserId":6814,"acceptedByUserId":null,"rejectedByUserId":null,"layer":0,"counter":0,"status":"ACCEPTED","hashCode":"SPAN:eS2knCRgLegeRw8bcmSWA:0:9:0:36:0:9:0:36:8:0:undefined:undefined","labelName":"eS2knCRgLegeRw8bcmSWA","labelItem":{"id":"eS2knCRgLegeRw8bcmSWA","labelName":"Skill"},"textPosition":{"start":{"row":9,"column":0,"tokenIndex":36,"charIndex":0},"end":{"row":9,"column":0,"tokenIndex":36,"charIndex":8}},"confidenceScore":null},{"id":"1663399371","labeledBy":"LABELER","labeledByUserId":6814,"acceptedByUserId":null,"rejectedByUserId":null,"layer":0,"counter":0,"status":"ACCEPTED","hashCode":"SPAN:eS2knCRgLegeRw8bcmSWA:0:9:0:37:0:9:0:37:7:0:undefined:undefined","labelName":"eS2knCRgLegeRw8bcmSWA","labelItem":{"id":"eS2knCRgLegeRw8bcmSWA","labelName":"Skill"},"textPosition":{"start":{"row":9,"column":0,"tokenIndex":37,"charIndex":0},"end":{"row":9,"column":0,"tokenIndex":37,"charIndex":7}},"confidenceScore":null},{"id":"1663399374","labeledBy":"LABELER","labeledByUserId":6814,"acceptedByUserId":null,"rejectedByUserId":null,"layer":0,"counter":0,"status":"ACCEPTED","hashCode":"SPAN:eS2knCRgLegeRw8bcmSWA:0:9:0:38:0:9:0:38:9:0:undefined:undefined","labelName":"eS2knCRgLegeRw8bcmSWA","labelItem":{"id":"eS2knCRgLegeRw8bcmSWA","labelName":"Skill"},"textPosition":{"start":{"row":9,"column":0,"tokenIndex":38,"charIndex":0},"end":{"row":9,"column":0,"tokenIndex":38,"charIndex":9}},"confidenceScore":null},{"id":"1663399375","labeledBy":"LABELER","labeledByUserId":6814,"acceptedByUserId":null,"rejectedByUserId":null,"layer":0,"counter":0,"status":"ACCEPTED","hashCode":"SPAN:eS2knCRgLegeRw8bcmSWA:0:9:0:39:0:9:0:39:6:0:undefined:undefined","labelName":"eS2knCRgLegeRw8bcmSWA","labelItem":{"id":"eS2knCRgLegeRw8bcmSWA","labelName":"Skill"},"textPosition":{"start":{"row":9,"column":0,"tokenIndex":39,"charIndex":0},"end":{"row":9,"column":0,"tokenIndex":39,"charIndex":6}},"confidenceScore":null},{"id":"1663399380","labeledBy":"LABELER","labeledByUserId":6814,"acceptedByUserId":null,"rejectedByUserId":null,"layer":0,"counter":0,"status":"ACCEPTED","hashCode":"SPAN:eS2knCRgLegeRw8bcmSWA:0:9:0:40:0:9:0:40:7:0:undefined:undefined","labelName":"eS2knCRgLegeRw8bcmSWA","labelItem":{"id":"eS2knCRgLegeRw8bcmSWA","labelName":"Skill"},"textPosition":{"start":{"row":9,"column":0,"tokenIndex":40,"charIndex":0},"end":{"row":9,"column":0,"tokenIndex":40,"charIndex":7}},"confidenceScore":null},{"id":"1663399383","labeledBy":"LABELER","labeledByUserId":6814,"acceptedByUserId":null,"rejectedByUserId":null,"layer":0,"counter":0,"status":"ACCEPTED","hashCode":"SPAN:eS2knCRgLegeRw8bcmSWA:0:9:0:41:0:9:0:42:6:0:undefined:undefined","labelName":"eS2knCRgLegeRw8bcmSWA","labelItem":{"id":"eS2knCRgLegeRw8bcmSWA","labelName":"Skill"},"textPosition":{"start":{"row":9,"column":0,"tokenIndex":41,"charIndex":0},"end":{"row":9,"column":0,"tokenIndex":42,"charIndex":6}},"confidenceScore":null},{"id":"1663399386","labeledBy":"LABELER","labeledByUserId":6814,"acceptedByUserId":null,"rejectedByUserId":null,"layer":0,"counter":0,"status":"ACCEPTED","hashCode":"SPAN:eS2knCRgLegeRw8bcmSWA:0:9:0:43:0:9:0:43:11:0:undefined:undefined","labelName":"eS2knCRgLegeRw8bcmSWA","labelItem":{"id":"eS2knCRgLegeRw8bcmSWA","labelName":"Skill"},"textPosition":{"start":{"row":9,"column":0,"tokenIndex":43,"charIndex":0},"end":{"row":9,"column":0,"tokenIndex":43,"charIndex":11}},"confidenceScore":null},{"id":"1663399389","labeledBy":"LABELER","labeledByUserId":6814,"acceptedByUserId":null,"rejectedByUserId":null,"layer":0,"counter":0,"status":"ACCEPTED","hashCode":"SPAN:eS2knCRgLegeRw8bcmSWA:0:9:0:44:0:9:0:44:9:0:undefined:undefined","labelName":"eS2knCRgLegeRw8bcmSWA","labelItem":{"id":"eS2knCRgLegeRw8bcmSWA","labelName":"Skill"},"textPosition":{"start":{"row":9,"column":0,"tokenIndex":44,"charIndex":0},"end":{"row":9,"column":0,"tokenIndex":44,"charIndex":9}},"confidenceScore":null},{"id":"1663399392","labeledBy":"LABELER","labeledByUserId":6814,"acceptedByUserId":null,"rejectedByUserId":null,"layer":0,"counter":0,"status":"ACCEPTED","hashCode":"SPAN:eS2knCRgLegeRw8bcmSWA:0:9:0:45:0:9:0:45:6:0:undefined:undefined","labelName":"eS2knCRgLegeRw8bcmSWA","labelItem":{"id":"eS2knCRgLegeRw8bcmSWA","labelName":"Skill"},"textPosition":{"start":{"row":9,"column":0,"tokenIndex":45,"charIndex":0},"end":{"row":9,"column":0,"tokenIndex":45,"charIndex":6}},"confidenceScore":null},{"id":"1663399395","labeledBy":"LABELER","labeledByUserId":6814,"acceptedByUserId":null,"rejectedByUserId":null,"layer":0,"counter":0,"status":"ACCEPTED","hashCode":"SPAN:eS2knCRgLegeRw8bcmSWA:0:9:0:46:0:9:0:47:7:0:undefined:undefined","labelName":"eS2knCRgLegeRw8bcmSWA","labelItem":{"id":"eS2knCRgLegeRw8bcmSWA","labelName":"Skill"},"textPosition":{"start":{"row":9,"column":0,"tokenIndex":46,"charIndex":0},"end":{"row":9,"column":0,"tokenIndex":47,"charIndex":7}},"confidenceScore":null},{"id":"1663399398","labeledBy":"LABELER","labeledByUserId":6814,"acceptedByUserId":null,"rejectedByUserId":null,"layer":0,"counter":0,"status":"ACCEPTED","hashCode":"SPAN:eS2knCRgLegeRw8bcmSWA:0:9:0:48:0:9:0:48:8:0:undefined:undefined","labelName":"eS2knCRgLegeRw8bcmSWA","labelItem":{"id":"eS2knCRgLegeRw8bcmSWA","labelName":"Skill"},"textPosition":{"start":{"row":9,"column":0,"tokenIndex":48,"charIndex":0},"end":{"row":9,"column":0,"tokenIndex":48,"charIndex":8}},"confidenceScore":null},{"id":"1663399401","labeledBy":"LABELER","labeledByUserId":6814,"acceptedByUserId":null,"rejectedByUserId":null,"layer":0,"counter":0,"status":"ACCEPTED","hashCode":"SPAN:eS2knCRgLegeRw8bcmSWA:0:9:0:49:0:9:0:49:8:0:undefined:undefined","labelName":"eS2knCRgLegeRw8bcmSWA","labelItem":{"id":"eS2knCRgLegeRw8bcmSWA","labelName":"Skill"},"textPosition":{"start":{"row":9,"column":0,"tokenIndex":49,"charIndex":0},"end":{"row":9,"column":0,"tokenIndex":49,"charIndex":8}},"confidenceScore":null},{"id":"1663399404","labeledBy":"LABELER","labeledByUserId":6814,"acceptedByUserId":null,"rejectedByUserId":null,"layer":0,"counter":0,"status":"ACCEPTED","hashCode":"SPAN:eS2knCRgLegeRw8bcmSWA:0:9:0:50:0:9:0:50:7:0:undefined:undefined","labelName":"eS2knCRgLegeRw8bcmSWA","labelItem":{"id":"eS2knCRgLegeRw8bcmSWA","labelName":"Skill"},"textPosition":{"start":{"row":9,"column":0,"tokenIndex":50,"charIndex":0},"end":{"row":9,"column":0,"tokenIndex":50,"charIndex":7}},"confidenceScore":null},{"id":"1663399405","labeledBy":"LABELER","labeledByUserId":6814,"acceptedByUserId":null,"rejectedByUserId":null,"layer":0,"counter":0,"status":"ACCEPTED","hashCode":"SPAN:eS2knCRgLegeRw8bcmSWA:0:9:0:51:0:9:0:51:11:0:undefined:undefined","labelName":"eS2knCRgLegeRw8bcmSWA","labelItem":{"id":"eS2knCRgLegeRw8bcmSWA","labelName":"Skill"},"textPosition":{"start":{"row":9,"column":0,"tokenIndex":51,"charIndex":0},"end":{"row":9,"column":0,"tokenIndex":51,"charIndex":11}},"confidenceScore":null},{"id":"1663399406","labeledBy":"LABELER","labeledByUserId":6814,"acceptedByUserId":null,"rejectedByUserId":null,"layer":0,"counter":0,"status":"ACCEPTED","hashCode":"SPAN:eS2knCRgLegeRw8bcmSWA:0:9:0:52:0:9:0:52:13:0:undefined:undefined","labelName":"eS2knCRgLegeRw8bcmSWA","labelItem":{"id":"eS2knCRgLegeRw8bcmSWA","labelName":"Skill"},"textPosition":{"start":{"row":9,"column":0,"tokenIndex":52,"charIndex":0},"end":{"row":9,"column":0,"tokenIndex":52,"charIndex":13}},"confidenceScore":null},{"id":"1663399411","labeledBy":"LABELER","labeledByUserId":6814,"acceptedByUserId":null,"rejectedByUserId":null,"layer":0,"counter":0,"status":"ACCEPTED","hashCode":"SPAN:eS2knCRgLegeRw8bcmSWA:0:9:0:53:0:9:0:53:4:0:undefined:undefined","labelName":"eS2knCRgLegeRw8bcmSWA","labelItem":{"id":"eS2knCRgLegeRw8bcmSWA","labelName":"Skill"},"textPosition":{"start":{"row":9,"column":0,"tokenIndex":53,"charIndex":0},"end":{"row":9,"column":0,"tokenIndex":53,"charIndex":4}},"confidenceScore":null},{"id":"1663399421","labeledBy":"LABELER","labeledByUserId":6814,"acceptedByUserId":null,"rejectedByUserId":null,"layer":0,"counter":0,"status":"ACCEPTED","hashCode":"SPAN:eS2knCRgLegeRw8bcmSWA:0:9:0:54:0:9:0:54:4:0:undefined:undefined","labelName":"eS2knCRgLegeRw8bcmSWA","labelItem":{"id":"eS2knCRgLegeRw8bcmSWA","labelName":"Skill"},"textPosition":{"start":{"row":9,"column":0,"tokenIndex":54,"charIndex":0},"end":{"row":9,"column":0,"tokenIndex":54,"charIndex":4}},"confidenceScore":null},{"id":"1663399414","labeledBy":"LABELER","labeledByUserId":6814,"acceptedByUserId":null,"rejectedByUserId":null,"layer":0,"counter":0,"status":"ACCEPTED","hashCode":"SPAN:eS2knCRgLegeRw8bcmSWA:0:9:0:55:0:9:0:55:4:0:undefined:undefined","labelName":"eS2knCRgLegeRw8bcmSWA","labelItem":{"id":"eS2knCRgLegeRw8bcmSWA","labelName":"Skill"},"textPosition":{"start":{"row":9,"column":0,"tokenIndex":55,"charIndex":0},"end":{"row":9,"column":0,"tokenIndex":55,"charIndex":4}},"confidenceScore":null},{"id":"1663399415","labeledBy":"LABELER","labeledByUserId":6814,"acceptedByUserId":null,"rejectedByUserId":null,"layer":0,"counter":0,"status":"ACCEPTED","hashCode":"SPAN:eS2knCRgLegeRw8bcmSWA:0:9:0:56:0:9:0:56:4:0:undefined:undefined","labelName":"eS2knCRgLegeRw8bcmSWA","labelItem":{"id":"eS2knCRgLegeRw8bcmSWA","labelName":"Skill"},"textPosition":{"start":{"row":9,"column":0,"tokenIndex":56,"charIndex":0},"end":{"row":9,"column":0,"tokenIndex":56,"charIndex":4}},"confidenceScore":null},{"id":"1663399416","labeledBy":"LABELER","labeledByUserId":6814,"acceptedByUserId":null,"rejectedByUserId":null,"layer":0,"counter":0,"status":"ACCEPTED","hashCode":"SPAN:eS2knCRgLegeRw8bcmSWA:0:9:0:57:0:9:0:57:10:0:undefined:undefined","labelName":"eS2knCRgLegeRw8bcmSWA","labelItem":{"id":"eS2knCRgLegeRw8bcmSWA","labelName":"Skill"},"textPosition":{"start":{"row":9,"column":0,"tokenIndex":57,"charIndex":0},"end":{"row":9,"column":0,"tokenIndex":57,"charIndex":10}},"confidenceScore":null},{"id":"1663399422","labeledBy":"LABELER","labeledByUserId":6814,"acceptedByUserId":null,"rejectedByUserId":null,"layer":0,"counter":0,"status":"ACCEPTED","hashCode":"SPAN:eS2knCRgLegeRw8bcmSWA:0:9:0:58:0:9:0:58:5:0:undefined:undefined","labelName":"eS2knCRgLegeRw8bcmSWA","labelItem":{"id":"eS2knCRgLegeRw8bcmSWA","labelName":"Skill"},"textPosition":{"start":{"row":9,"column":0,"tokenIndex":58,"charIndex":0},"end":{"row":9,"column":0,"tokenIndex":58,"charIndex":5}},"confidenceScore":null},{"id":"1663399430","labeledBy":"LABELER","labeledByUserId":6814,"acceptedByUserId":null,"rejectedByUserId":null,"layer":0,"counter":0,"status":"ACCEPTED","hashCode":"SPAN:eS2knCRgLegeRw8bcmSWA:0:9:0:59:0:9:0:59:3:0:undefined:undefined","labelName":"eS2knCRgLegeRw8bcmSWA","labelItem":{"id":"eS2knCRgLegeRw8bcmSWA","labelName":"Skill"},"textPosition":{"start":{"row":9,"column":0,"tokenIndex":59,"charIndex":0},"end":{"row":9,"column":0,"tokenIndex":59,"charIndex":3}},"confidenceScore":null},{"id":"1663399429","labeledBy":"LABELER","labeledByUserId":6814,"acceptedByUserId":null,"rejectedByUserId":null,"layer":0,"counter":0,"status":"ACCEPTED","hashCode":"SPAN:eS2knCRgLegeRw8bcmSWA:0:9:0:60:0:9:0:60:8:0:undefined:undefined","labelName":"eS2knCRgLegeRw8bcmSWA","labelItem":{"id":"eS2knCRgLegeRw8bcmSWA","labelName":"Skill"},"textPosition":{"start":{"row":9,"column":0,"tokenIndex":60,"charIndex":0},"end":{"row":9,"column":0,"tokenIndex":60,"charIndex":8}},"confidenceScore":null},{"id":"1663399435","labeledBy":"LABELER","labeledByUserId":6814,"acceptedByUserId":null,"rejectedByUserId":null,"layer":0,"counter":0,"status":"ACCEPTED","hashCode":"SPAN:eS2knCRgLegeRw8bcmSWA:0:9:0:61:0:9:0:61:9:0:undefined:undefined","labelName":"eS2knCRgLegeRw8bcmSWA","labelItem":{"id":"eS2knCRgLegeRw8bcmSWA","labelName":"Skill"},"textPosition":{"start":{"row":9,"column":0,"tokenIndex":61,"charIndex":0},"end":{"row":9,"column":0,"tokenIndex":61,"charIndex":9}},"confidenceScore":null},{"id":"1663399438","labeledBy":"LABELER","labeledByUserId":6814,"acceptedByUserId":null,"rejectedByUserId":null,"layer":0,"counter":0,"status":"ACCEPTED","hashCode":"SPAN:eS2knCRgLegeRw8bcmSWA:0:9:0:62:0:9:0:62:9:0:undefined:undefined","labelName":"eS2knCRgLegeRw8bcmSWA","labelItem":{"id":"eS2knCRgLegeRw8bcmSWA","labelName":"Skill"},"textPosition":{"start":{"row":9,"column":0,"tokenIndex":62,"charIndex":0},"end":{"row":9,"column":0,"tokenIndex":62,"charIndex":9}},"confidenceScore":null},{"id":"1663399441","labeledBy":"LABELER","labeledByUserId":6814,"acceptedByUserId":null,"rejectedByUserId":null,"layer":0,"counter":0,"status":"ACCEPTED","hashCode":"SPAN:eS2knCRgLegeRw8bcmSWA:0:9:0:63:0:9:0:63:6:0:undefined:undefined","labelName":"eS2knCRgLegeRw8bcmSWA","labelItem":{"id":"eS2knCRgLegeRw8bcmSWA","labelName":"Skill"},"textPosition":{"start":{"row":9,"column":0,"tokenIndex":63,"charIndex":0},"end":{"row":9,"column":0,"tokenIndex":63,"charIndex":6}},"confidenceScore":null},{"id":"1663399446","labeledBy":"LABELER","labeledByUserId":6814,"acceptedByUserId":null,"rejectedByUserId":null,"layer":0,"counter":0,"status":"ACCEPTED","hashCode":"SPAN:eS2knCRgLegeRw8bcmSWA:0:9:0:64:0:9:0:64:5:0:undefined:undefined","labelName":"eS2knCRgLegeRw8bcmSWA","labelItem":{"id":"eS2knCRgLegeRw8bcmSWA","labelName":"Skill"},"textPosition":{"start":{"row":9,"column":0,"tokenIndex":64,"charIndex":0},"end":{"row":9,"column":0,"tokenIndex":64,"charIndex":5}},"confidenceScore":null},{"id":"1663399449","labeledBy":"LABELER","labeledByUserId":6814,"acceptedByUserId":null,"rejectedByUserId":null,"layer":0,"counter":0,"status":"ACCEPTED","hashCode":"SPAN:eS2knCRgLegeRw8bcmSWA:0:9:0:65:0:9:0:66:6:0:undefined:undefined","labelName":"eS2knCRgLegeRw8bcmSWA","labelItem":{"id":"eS2knCRgLegeRw8bcmSWA","labelName":"Skill"},"textPosition":{"start":{"row":9,"column":0,"tokenIndex":65,"charIndex":0},"end":{"row":9,"column":0,"tokenIndex":66,"charIndex":6}},"confidenceScore":null},{"id":"1663399452","labeledBy":"LABELER","labeledByUserId":6814,"acceptedByUserId":null,"rejectedByUserId":null,"layer":0,"counter":0,"status":"ACCEPTED","hashCode":"SPAN:eS2knCRgLegeRw8bcmSWA:0:9:0:67:0:9:0:67:10:0:undefined:undefined","labelName":"eS2knCRgLegeRw8bcmSWA","labelItem":{"id":"eS2knCRgLegeRw8bcmSWA","labelName":"Skill"},"textPosition":{"start":{"row":9,"column":0,"tokenIndex":67,"charIndex":0},"end":{"row":9,"column":0,"tokenIndex":67,"charIndex":10}},"confidenceScore":null},{"id":"1663399455","labeledBy":"LABELER","labeledByUserId":6814,"acceptedByUserId":null,"rejectedByUserId":null,"layer":0,"counter":0,"status":"ACCEPTED","hashCode":"SPAN:eS2knCRgLegeRw8bcmSWA:0:9:0:68:0:9:0:68:4:0:undefined:undefined","labelName":"eS2knCRgLegeRw8bcmSWA","labelItem":{"id":"eS2knCRgLegeRw8bcmSWA","labelName":"Skill"},"textPosition":{"start":{"row":9,"column":0,"tokenIndex":68,"charIndex":0},"end":{"row":9,"column":0,"tokenIndex":68,"charIndex":4}},"confidenceScore":null},{"id":"1663399456","labeledBy":"LABELER","labeledByUserId":6814,"acceptedByUserId":null,"rejectedByUserId":null,"layer":0,"counter":0,"status":"ACCEPTED","hashCode":"SPAN:eS2knCRgLegeRw8bcmSWA:0:9:0:69:0:9:0:69:10:0:undefined:undefined","labelName":"eS2knCRgLegeRw8bcmSWA","labelItem":{"id":"eS2knCRgLegeRw8bcmSWA","labelName":"Skill"},"textPosition":{"start":{"row":9,"column":0,"tokenIndex":69,"charIndex":0},"end":{"row":9,"column":0,"tokenIndex":69,"charIndex":10}},"confidenceScore":null},{"id":"1663399461","labeledBy":"LABELER","labeledByUserId":6814,"acceptedByUserId":null,"rejectedByUserId":null,"layer":0,"counter":0,"status":"ACCEPTED","hashCode":"SPAN:eS2knCRgLegeRw8bcmSWA:0:9:0:70:0:9:0:70:11:0:undefined:undefined","labelName":"eS2knCRgLegeRw8bcmSWA","labelItem":{"id":"eS2knCRgLegeRw8bcmSWA","labelName":"Skill"},"textPosition":{"start":{"row":9,"column":0,"tokenIndex":70,"charIndex":0},"end":{"row":9,"column":0,"tokenIndex":70,"charIndex":11}},"confidenceScore":null},{"id":"1663399464","labeledBy":"LABELER","labeledByUserId":6814,"acceptedByUserId":null,"rejectedByUserId":null,"layer":0,"counter":0,"status":"ACCEPTED","hashCode":"SPAN:eS2knCRgLegeRw8bcmSWA:0:9:0:71:0:9:0:71:10:0:undefined:undefined","labelName":"eS2knCRgLegeRw8bcmSWA","labelItem":{"id":"eS2knCRgLegeRw8bcmSWA","labelName":"Skill"},"textPosition":{"start":{"row":9,"column":0,"tokenIndex":71,"charIndex":0},"end":{"row":9,"column":0,"tokenIndex":71,"charIndex":10}},"confidenceScore":null},{"id":"1663399467","labeledBy":"LABELER","labeledByUserId":6814,"acceptedByUserId":null,"rejectedByUserId":null,"layer":0,"counter":0,"status":"ACCEPTED","hashCode":"SPAN:eS2knCRgLegeRw8bcmSWA:0:9:0:72:0:9:0:72:10:0:undefined:undefined","labelName":"eS2knCRgLegeRw8bcmSWA","labelItem":{"id":"eS2knCRgLegeRw8bcmSWA","labelName":"Skill"},"textPosition":{"start":{"row":9,"column":0,"tokenIndex":72,"charIndex":0},"end":{"row":9,"column":0,"tokenIndex":72,"charIndex":10}},"confidenceScore":null},{"id":"1663399470","labeledBy":"LABELER","labeledByUserId":6814,"acceptedByUserId":null,"rejectedByUserId":null,"layer":0,"counter":0,"status":"ACCEPTED","hashCode":"SPAN:eS2knCRgLegeRw8bcmSWA:0:9:0:73:0:9:0:74:8:0:undefined:undefined","labelName":"eS2knCRgLegeRw8bcmSWA","labelItem":{"id":"eS2knCRgLegeRw8bcmSWA","labelName":"Skill"},"textPosition":{"start":{"row":9,"column":0,"tokenIndex":73,"charIndex":0},"end":{"row":9,"column":0,"tokenIndex":74,"charIndex":8}},"confidenceScore":null},{"id":"1663399473","labeledBy":"LABELER","labeledByUserId":6814,"acceptedByUserId":null,"rejectedByUserId":null,"layer":0,"counter":0,"status":"ACCEPTED","hashCode":"SPAN:eS2knCRgLegeRw8bcmSWA:0:9:0:75:0:9:0:76:8:0:undefined:undefined","labelName":"eS2knCRgLegeRw8bcmSWA","labelItem":{"id":"eS2knCRgLegeRw8bcmSWA","labelName":"Skill"},"textPosition":{"start":{"row":9,"column":0,"tokenIndex":75,"charIndex":0},"end":{"row":9,"column":0,"tokenIndex":76,"charIndex":8}},"confidenceScore":null},{"id":"1663399476","labeledBy":"LABELER","labeledByUserId":6814,"acceptedByUserId":null,"rejectedByUserId":null,"layer":0,"counter":0,"status":"ACCEPTED","hashCode":"SPAN:eS2knCRgLegeRw8bcmSWA:0:9:0:77:0:9:0:78:14:0:undefined:undefined","labelName":"eS2knCRgLegeRw8bcmSWA","labelItem":{"id":"eS2knCRgLegeRw8bcmSWA","labelName":"Skill"},"textPosition":{"start":{"row":9,"column":0,"tokenIndex":77,"charIndex":0},"end":{"row":9,"column":0,"tokenIndex":78,"charIndex":14}},"confidenceScore":null},{"id":"1663399479","labeledBy":"LABELER","labeledByUserId":6814,"acceptedByUserId":null,"rejectedByUserId":null,"layer":0,"counter":0,"status":"ACCEPTED","hashCode":"SPAN:eS2knCRgLegeRw8bcmSWA:0:9:0:79:0:9:0:80:6:0:undefined:undefined","labelName":"eS2knCRgLegeRw8bcmSWA","labelItem":{"id":"eS2knCRgLegeRw8bcmSWA","labelName":"Skill"},"textPosition":{"start":{"row":9,"column":0,"tokenIndex":79,"charIndex":0},"end":{"row":9,"column":0,"tokenIndex":80,"charIndex":6}},"confidenceScore":null},{"id":"1663399482","labeledBy":"LABELER","labeledByUserId":6814,"acceptedByUserId":null,"rejectedByUserId":null,"layer":0,"counter":0,"status":"ACCEPTED","hashCode":"SPAN:eS2knCRgLegeRw8bcmSWA:0:9:0:81:0:9:0:81:6:0:undefined:undefined","labelName":"eS2knCRgLegeRw8bcmSWA","labelItem":{"id":"eS2knCRgLegeRw8bcmSWA","labelName":"Skill"},"textPosition":{"start":{"row":9,"column":0,"tokenIndex":81,"charIndex":0},"end":{"row":9,"column":0,"tokenIndex":81,"charIndex":6}},"confidenceScore":null},{"id":"1663399483","labeledBy":"LABELER","labeledByUserId":6814,"acceptedByUserId":null,"rejectedByUserId":null,"layer":0,"counter":0,"status":"ACCEPTED","hashCode":"SPAN:eS2knCRgLegeRw8bcmSWA:0:9:0:82:0:9:0:82:8:0:undefined:undefined","labelName":"eS2knCRgLegeRw8bcmSWA","labelItem":{"id":"eS2knCRgLegeRw8bcmSWA","labelName":"Skill"},"textPosition":{"start":{"row":9,"column":0,"tokenIndex":82,"charIndex":0},"end":{"row":9,"column":0,"tokenIndex":82,"charIndex":8}},"confidenceScore":null},{"id":"1663399486","labeledBy":"LABELER","labeledByUserId":6814,"acceptedByUserId":null,"rejectedByUserId":null,"layer":0,"counter":0,"status":"ACCEPTED","hashCode":"SPAN:eS2knCRgLegeRw8bcmSWA:0:9:0:83:0:9:0:83:10:0:undefined:undefined","labelName":"eS2knCRgLegeRw8bcmSWA","labelItem":{"id":"eS2knCRgLegeRw8bcmSWA","labelName":"Skill"},"textPosition":{"start":{"row":9,"column":0,"tokenIndex":83,"charIndex":0},"end":{"row":9,"column":0,"tokenIndex":83,"charIndex":10}},"confidenceScore":null},{"id":"1663399491","labeledBy":"LABELER","labeledByUserId":6814,"acceptedByUserId":null,"rejectedByUserId":null,"layer":0,"counter":0,"status":"ACCEPTED","hashCode":"SPAN:eS2knCRgLegeRw8bcmSWA:0:9:0:84:0:9:0:84:13:0:undefined:undefined","labelName":"eS2knCRgLegeRw8bcmSWA","labelItem":{"id":"eS2knCRgLegeRw8bcmSWA","labelName":"Skill"},"textPosition":{"start":{"row":9,"column":0,"tokenIndex":84,"charIndex":0},"end":{"row":9,"column":0,"tokenIndex":84,"charIndex":13}},"confidenceScore":null},{"id":"1663399494","labeledBy":"LABELER","labeledByUserId":6814,"acceptedByUserId":null,"rejectedByUserId":null,"layer":0,"counter":0,"status":"ACCEPTED","hashCode":"SPAN:eS2knCRgLegeRw8bcmSWA:0:9:0:85:0:9:0:85:5:0:undefined:undefined","labelName":"eS2knCRgLegeRw8bcmSWA","labelItem":{"id":"eS2knCRgLegeRw8bcmSWA","labelName":"Skill"},"textPosition":{"start":{"row":9,"column":0,"tokenIndex":85,"charIndex":0},"end":{"row":9,"column":0,"tokenIndex":85,"charIndex":5}},"confidenceScore":null},{"id":"1663399497","labeledBy":"LABELER","labeledByUserId":6814,"acceptedByUserId":null,"rejectedByUserId":null,"layer":0,"counter":0,"status":"ACCEPTED","hashCode":"SPAN:eS2knCRgLegeRw8bcmSWA:0:9:0:86:0:9:0:86:4:0:undefined:undefined","labelName":"eS2knCRgLegeRw8bcmSWA","labelItem":{"id":"eS2knCRgLegeRw8bcmSWA","labelName":"Skill"},"textPosition":{"start":{"row":9,"column":0,"tokenIndex":86,"charIndex":0},"end":{"row":9,"column":0,"tokenIndex":86,"charIndex":4}},"confidenceScore":null},{"id":"1663399500","labeledBy":"LABELER","labeledByUserId":6814,"acceptedByUserId":null,"rejectedByUserId":null,"layer":0,"counter":0,"status":"ACCEPTED","hashCode":"SPAN:eS2knCRgLegeRw8bcmSWA:0:9:0:87:0:9:0:87:8:0:undefined:undefined","labelName":"eS2knCRgLegeRw8bcmSWA","labelItem":{"id":"eS2knCRgLegeRw8bcmSWA","labelName":"Skill"},"textPosition":{"start":{"row":9,"column":0,"tokenIndex":87,"charIndex":0},"end":{"row":9,"column":0,"tokenIndex":87,"charIndex":8}},"confidenceScore":null},{"id":"1663399501","labeledBy":"LABELER","labeledByUserId":6814,"acceptedByUserId":null,"rejectedByUserId":null,"layer":0,"counter":0,"status":"ACCEPTED","hashCode":"SPAN:eS2knCRgLegeRw8bcmSWA:0:9:0:88:0:9:0:88:9:0:undefined:undefined","labelName":"eS2knCRgLegeRw8bcmSWA","labelItem":{"id":"eS2knCRgLegeRw8bcmSWA","labelName":"Skill"},"textPosition":{"start":{"row":9,"column":0,"tokenIndex":88,"charIndex":0},"end":{"row":9,"column":0,"tokenIndex":88,"charIndex":9}},"confidenceScore":null},{"id":"1663399506","labeledBy":"LABELER","labeledByUserId":6814,"acceptedByUserId":null,"rejectedByUserId":null,"layer":0,"counter":0,"status":"ACCEPTED","hashCode":"SPAN:eS2knCRgLegeRw8bcmSWA:0:9:0:89:0:9:0:89:12:0:undefined:undefined","labelName":"eS2knCRgLegeRw8bcmSWA","labelItem":{"id":"eS2knCRgLegeRw8bcmSWA","labelName":"Skill"},"textPosition":{"start":{"row":9,"column":0,"tokenIndex":89,"charIndex":0},"end":{"row":9,"column":0,"tokenIndex":89,"charIndex":12}},"confidenceScore":null},{"id":"1663399509","labeledBy":"LABELER","labeledByUserId":6814,"acceptedByUserId":null,"rejectedByUserId":null,"layer":0,"counter":0,"status":"ACCEPTED","hashCode":"SPAN:eS2knCRgLegeRw8bcmSWA:0:9:0:90:0:9:0:90:11:0:undefined:undefined","labelName":"eS2knCRgLegeRw8bcmSWA","labelItem":{"id":"eS2knCRgLegeRw8bcmSWA","labelName":"Skill"},"textPosition":{"start":{"row":9,"column":0,"tokenIndex":90,"charIndex":0},"end":{"row":9,"column":0,"tokenIndex":90,"charIndex":11}},"confidenceScore":null},{"id":"1663399512","labeledBy":"LABELER","labeledByUserId":6814,"acceptedByUserId":null,"rejectedByUserId":null,"layer":0,"counter":0,"status":"ACCEPTED","hashCode":"SPAN:eS2knCRgLegeRw8bcmSWA:0:9:0:91:0:9:0:91:5:0:undefined:undefined","labelName":"eS2knCRgLegeRw8bcmSWA","labelItem":{"id":"eS2knCRgLegeRw8bcmSWA","labelName":"Skill"},"textPosition":{"start":{"row":9,"column":0,"tokenIndex":91,"charIndex":0},"end":{"row":9,"column":0,"tokenIndex":91,"charIndex":5}},"confidenceScore":null},{"id":"1663399515","labeledBy":"LABELER","labeledByUserId":6814,"acceptedByUserId":null,"rejectedByUserId":null,"layer":0,"counter":0,"status":"ACCEPTED","hashCode":"SPAN:eS2knCRgLegeRw8bcmSWA:0:9:0:92:0:9:0:92:4:0:undefined:undefined","labelName":"eS2knCRgLegeRw8bcmSWA","labelItem":{"id":"eS2knCRgLegeRw8bcmSWA","labelName":"Skill"},"textPosition":{"start":{"row":9,"column":0,"tokenIndex":92,"charIndex":0},"end":{"row":9,"column":0,"tokenIndex":92,"charIndex":4}},"confidenceScore":null},{"id":"1663399518","labeledBy":"LABELER","labeledByUserId":6814,"acceptedByUserId":null,"rejectedByUserId":null,"layer":0,"counter":0,"status":"ACCEPTED","hashCode":"SPAN:eS2knCRgLegeRw8bcmSWA:0:9:0:93:0:9:0:93:9:0:undefined:undefined","labelName":"eS2knCRgLegeRw8bcmSWA","labelItem":{"id":"eS2knCRgLegeRw8bcmSWA","labelName":"Skill"},"textPosition":{"start":{"row":9,"column":0,"tokenIndex":93,"charIndex":0},"end":{"row":9,"column":0,"tokenIndex":93,"charIndex":9}},"confidenceScore":null},{"id":"1663399519","labeledBy":"LABELER","labeledByUserId":6814,"acceptedByUserId":null,"rejectedByUserId":null,"layer":0,"counter":0,"status":"ACCEPTED","hashCode":"SPAN:eS2knCRgLegeRw8bcmSWA:0:9:0:94:0:9:0:94:8:0:undefined:undefined","labelName":"eS2knCRgLegeRw8bcmSWA","labelItem":{"id":"eS2knCRgLegeRw8bcmSWA","labelName":"Skill"},"textPosition":{"start":{"row":9,"column":0,"tokenIndex":94,"charIndex":0},"end":{"row":9,"column":0,"tokenIndex":94,"charIndex":8}},"confidenceScore":null},{"id":"1663399524","labeledBy":"LABELER","labeledByUserId":6814,"acceptedByUserId":null,"rejectedByUserId":null,"layer":0,"counter":0,"status":"ACCEPTED","hashCode":"SPAN:eS2knCRgLegeRw8bcmSWA:0:9:0:95:0:9:0:95:8:0:undefined:undefined","labelName":"eS2knCRgLegeRw8bcmSWA","labelItem":{"id":"eS2knCRgLegeRw8bcmSWA","labelName":"Skill"},"textPosition":{"start":{"row":9,"column":0,"tokenIndex":95,"charIndex":0},"end":{"row":9,"column":0,"tokenIndex":95,"charIndex":8}},"confidenceScore":null},{"id":"1663399527","labeledBy":"LABELER","labeledByUserId":6814,"acceptedByUserId":null,"rejectedByUserId":null,"layer":0,"counter":0,"status":"ACCEPTED","hashCode":"SPAN:eS2knCRgLegeRw8bcmSWA:0:9:0:96:0:9:0:96:7:0:undefined:undefined","labelName":"eS2knCRgLegeRw8bcmSWA","labelItem":{"id":"eS2knCRgLegeRw8bcmSWA","labelName":"Skill"},"textPosition":{"start":{"row":9,"column":0,"tokenIndex":96,"charIndex":0},"end":{"row":9,"column":0,"tokenIndex":96,"charIndex":7}},"confidenceScore":null},{"id":"1663399530","labeledBy":"LABELER","labeledByUserId":6814,"acceptedByUserId":null,"rejectedByUserId":null,"layer":0,"counter":0,"status":"ACCEPTED","hashCode":"SPAN:eS2knCRgLegeRw8bcmSWA:0:9:0:97:0:9:0:97:6:0:undefined:undefined","labelName":"eS2knCRgLegeRw8bcmSWA","labelItem":{"id":"eS2knCRgLegeRw8bcmSWA","labelName":"Skill"},"textPosition":{"start":{"row":9,"column":0,"tokenIndex":97,"charIndex":0},"end":{"row":9,"column":0,"tokenIndex":97,"charIndex":6}},"confidenceScore":null},{"id":"1663399533","labeledBy":"LABELER","labeledByUserId":6814,"acceptedByUserId":null,"rejectedByUserId":null,"layer":0,"counter":0,"status":"ACCEPTED","hashCode":"SPAN:eS2knCRgLegeRw8bcmSWA:0:9:0:98:0:9:0:98:10:0:undefined:undefined","labelName":"eS2knCRgLegeRw8bcmSWA","labelItem":{"id":"eS2knCRgLegeRw8bcmSWA","labelName":"Skill"},"textPosition":{"start":{"row":9,"column":0,"tokenIndex":98,"charIndex":0},"end":{"row":9,"column":0,"tokenIndex":98,"charIndex":10}},"confidenceScore":null},{"id":"1663399536","labeledBy":"LABELER","labeledByUserId":6814,"acceptedByUserId":null,"rejectedByUserId":null,"layer":0,"counter":0,"status":"ACCEPTED","hashCode":"SPAN:eS2knCRgLegeRw8bcmSWA:0:9:0:99:0:9:0:99:4:0:undefined:undefined","labelName":"eS2knCRgLegeRw8bcmSWA","labelItem":{"id":"eS2knCRgLegeRw8bcmSWA","labelName":"Skill"},"textPosition":{"start":{"row":9,"column":0,"tokenIndex":99,"charIndex":0},"end":{"row":9,"column":0,"tokenIndex":99,"charIndex":4}},"confidenceScore":null},{"id":"1663399539","labeledBy":"LABELER","labeledByUserId":6814,"acceptedByUserId":null,"rejectedByUserId":null,"layer":0,"counter":0,"status":"ACCEPTED","hashCode":"SPAN:eS2knCRgLegeRw8bcmSWA:0:9:0:100:0:9:0:100:5:0:undefined:undefined","labelName":"eS2knCRgLegeRw8bcmSWA","labelItem":{"id":"eS2knCRgLegeRw8bcmSWA","labelName":"Skill"},"textPosition":{"start":{"row":9,"column":0,"tokenIndex":100,"charIndex":0},"end":{"row":9,"column":0,"tokenIndex":100,"charIndex":5}},"confidenceScore":null},{"id":"1663399542","labeledBy":"LABELER","labeledByUserId":6814,"acceptedByUserId":null,"rejectedByUserId":null,"layer":0,"counter":0,"status":"ACCEPTED","hashCode":"SPAN:eS2knCRgLegeRw8bcmSWA:0:9:0:101:0:9:0:102:12:0:undefined:undefined","labelName":"eS2knCRgLegeRw8bcmSWA","labelItem":{"id":"eS2knCRgLegeRw8bcmSWA","labelName":"Skill"},"textPosition":{"start":{"row":9,"column":0,"tokenIndex":101,"charIndex":0},"end":{"row":9,"column":0,"tokenIndex":102,"charIndex":12}},"confidenceScore":null}],"arrowLabels":[],"boundingBoxLabels":[],"timeLabels":[],"comments":[],"url":"datasaur://static/6814/ebdc4679-1921-4843-9528-fde2d601003e.txt"}}
