{"version":"1","data":{"project":{"id":"ODBjYmQ2MDg","name":"NLP SSM Final Project"},"document":{"id":"08e96bbc-1475-47ac-b386-0c03590175b6","name":"resume_2426_d1.txt"},"kinds":["TOKEN_BASED"],"rows":[[{"content":"TSO/FLOATER Career Overview To obtain a position to provide for my family after finishing my call of duty and term of service I indebted to my country with Honor and Pride… IT specialist versed in software administration and data communications.","tokens":["TSO/FLOATER","Career","Overview","To","obtain","a","position","to","provide","for","my","family","after","finishing","my","call","of","duty","and","term","of","service","I","indebted","to","my","country","with","Honor","and","Pride…","IT","specialist","versed","in","software","administration","and","data","communications."],"metadata":[]}],[{"content":"Highly skilled Personal Computer Support Technician offering vast knowledge of network security at desktop, server and internet levels.","tokens":["Highly","skilled","Personal","Computer","Support","Technician","offering","vast","knowledge","of","network","security","at","desktop,","server","and","internet","levels."],"metadata":[]}],[{"content":"Efficient and organized surveillance professional with 7 years in security and safety compliance.","tokens":["Efficient","and","organized","surveillance","professional","with","7","years","in","security","and","safety","compliance."],"metadata":[]}],[{"content":"Extensive security guard training.","tokens":["Extensive","security","guard","training."],"metadata":[]}],[{"content":"as well as MP training (Military Police) Quality-focused and efficient Cook adept at preparing and plating food in high energy, fast-paced kitchens","tokens":["as","well","as","MP","training","(Military","Police)","Quality-focused","and","efficient","Cook","adept","at","preparing","and","plating","food","in","high","energy,","fast-paced","kitchens"],"metadata":[]}],[{"content":"Line Cook with more then 10 years of experience in high-pressure culinary environments.","tokens":["Line","Cook","with","more","then","10","years","of","experience","in","high-pressure","culinary","environments."],"metadata":[]}],[{"content":"Skilled in preparing large volumes of food quickly and efficiently.","tokens":["Skilled","in","preparing","large","volumes","of","food","quickly","and","efficiently."],"metadata":[]}],[{"content":"Seeking to use culinary skills and expertise to prepare a special variety of dishes in a professional, rewarding environment.","tokens":["Seeking","to","use","culinary","skills","and","expertise","to","prepare","a","special","variety","of","dishes","in","a","professional,","rewarding","environment."],"metadata":[]}],[{"content":"Qualifications Sun Certified Java Developer (SCJD) Technical help desk experience CISCO Certified Network Associate (CCNA) Strong analytical skills GUI and tools UNIX/LINUX Strong collaborative skills Web content management Proficiency in TCP/IP protocols Document management Optimizing and performance tuning Testing Excellent problem solving skills Knowledge of streaming video platforms Technical Skills Skills Experience Total Years Last Used Proficient in Word, Excel, and powerpoint Personal Computer Support Technician 12 2008 Accomplishments Strategy and Planning Developed and communicated Web site usage, security policies and standards to all users.","tokens":["Qualifications","Sun","Certified","Java","Developer","(SCJD)","Technical","help","desk","experience","CISCO","Certified","Network","Associate","(CCNA)","Strong","analytical","skills","GUI","and","tools","UNIX/LINUX","Strong","collaborative","skills","Web","content","management","Proficiency","in","TCP/IP","protocols","Document","management","Optimizing","and","performance","tuning","Testing","Excellent","problem","solving","skills","Knowledge","of","streaming","video","platforms","Technical","Skills","Skills","Experience","Total","Years","Last","Used","Proficient","in","Word,","Excel,","and","powerpoint","Personal","Computer","Support","Technician","12","2008","Accomplishments","Strategy","and","Planning","Developed","and","communicated","Web","site","usage,","security","policies","and","standards","to","all","users."],"metadata":[]}],[{"content":"Established policies and procedures for publishing Web pages and applications in conjunction with content creators and sales staff.","tokens":["Established","policies","and","procedures","for","publishing","Web","pages","and","applications","in","conjunction","with","content","creators","and","sales","staff."],"metadata":[]}],[{"content":"IT Training Successfully trained 25 employees to use new operating system.","tokens":["IT","Training","Successfully","trained","25","employees","to","use","new","operating","system."],"metadata":[]}],[{"content":"Network Security Planned, installed, maintained and optimized documentation of all LAN/WAN/VPN network hardware and software, security systems and communication links.","tokens":["Network","Security","Planned,","installed,","maintained","and","optimized","documentation","of","all","LAN/WAN/VPN","network","hardware","and","software,","security","systems","and","communication","links."],"metadata":[]}],[{"content":"Managed all clients network LAN/WAN hardware including routers, switches, load balancers and wireless networking equipment.","tokens":["Managed","all","clients","network","LAN/WAN","hardware","including","routers,","switches,","load","balancers","and","wireless","networking","equipment."],"metadata":[]}],[{"content":"Work Experience 12/2009 to 05/2011 TSO/Floater Company Name － City , State G4S is a leading name in security solutions for the private sector.","tokens":["Work","Experience","12/2009","to","05/2011","TSO/Floater","Company","Name","－","City",",","State","G4S","is","a","leading","name","in","security","solutions","for","the","private","sector."],"metadata":[]}],[{"content":"It employs those.","tokens":["It","employs","those."],"metadata":[]}],[{"content":"seeking to protect others in the nation's most important buildings.","tokens":["seeking","to","protect","others","in","the","nation's","most","important","buildings."],"metadata":[]}],[{"content":"Patrolled the facility and served as a general security presence and visible deterrent to crime and rule infractions","tokens":["Patrolled","the","facility","and","served","as","a","general","security","presence","and","visible","deterrent","to","crime","and","rule","infractions"],"metadata":[]}],[{"content":"Reported all incidents, accidents and medical emergencies to law enforcement","tokens":["Reported","all","incidents,","accidents","and","medical","emergencies","to","law","enforcement"],"metadata":[]}],[{"content":"Responded quickly to medical emergencies, bomb threats and fire alarms","tokens":["Responded","quickly","to","medical","emergencies,","bomb","threats","and","fire","alarms"],"metadata":[]}],[{"content":"Issued security badges and visitor passes to all guests","tokens":["Issued","security","badges","and","visitor","passes","to","all","guests"],"metadata":[]}],[{"content":"Checked passes and credentials of persons seeking to enter the property","tokens":["Checked","passes","and","credentials","of","persons","seeking","to","enter","the","property"],"metadata":[]}],[{"content":"Continuously monitored security cameras and fire, building and alarm systems.","tokens":["Continuously","monitored","security","cameras","and","fire,","building","and","alarm","systems."],"metadata":[]}],[{"content":"My duties included Observing & Reporting any movement between sectors, checking ID Badges.","tokens":["My","duties","included","Observing","&","Reporting","any","movement","between","sectors,","checking","ID","Badges."],"metadata":[]}],[{"content":"of Contractors coming and going, as well as securing everything within my post until I. was properly relieved by another Security Officer.","tokens":["of","Contractors","coming","and","going,","as","well","as","securing","everything","within","my","post","until","I.","was","properly","relieved","by","another","Security","Officer."],"metadata":[]}],[{"content":"08/2008 to 03/2009 Customer Service Representative Company Name － City , State Collected customer feedback and made process changes to exceed customer satisfaction goals","tokens":["08/2008","to","03/2009","Customer","Service","Representative","Company","Name","－","City",",","State","Collected","customer","feedback","and","made","process","changes","to","exceed","customer","satisfaction","goals"],"metadata":[]}],[{"content":"Made reasonable procedure exceptions to accommodate unusual customer requests","tokens":["Made","reasonable","procedure","exceptions","to","accommodate","unusual","customer","requests"],"metadata":[]}],[{"content":"Provided accurate and appropriate information in response to customer inquiries","tokens":["Provided","accurate","and","appropriate","information","in","response","to","customer","inquiries"],"metadata":[]}],[{"content":"Demonstrated mastery of customer service call script within specified timeframes","tokens":["Demonstrated","mastery","of","customer","service","call","script","within","specified","timeframes"],"metadata":[]}],[{"content":"Formulated and enforced Service Center policies, procedures and quality assurance measures.","tokens":["Formulated","and","enforced","Service","Center","policies,","procedures","and","quality","assurance","measures."],"metadata":[]}],[{"content":"01/2009 to 01/2015 N/A","tokens":["01/2009","to","01/2015","N/A"],"metadata":[]}],[{"content":"Aviation Mechanic/Military Police Officer Company Name － City , State Trained and instructed subordinates and supported units on transitioning into the unit.","tokens":["Aviation","Mechanic/Military","Police","Officer","Company","Name","－","City",",","State","Trained","and","instructed","subordinates","and","supported","units","on","transitioning","into","the","unit."],"metadata":[]}],[{"content":"Determined elevation and grid azimuths with maps and map overlays","tokens":["Determined","elevation","and","grid","azimuths","with","maps","and","map","overlays"],"metadata":[]}],[{"content":"Effective decision-maker in high-pressure environments","tokens":["Effective","decision-maker","in","high-pressure","environments"],"metadata":[]}],[{"content":"Managed receipt, storage and issue of ammunition processes","tokens":["Managed","receipt,","storage","and","issue","of","ammunition","processes"],"metadata":[]}],[{"content":"Patrolled areas and allowed restricted area access for authorized personnel","tokens":["Patrolled","areas","and","allowed","restricted","area","access","for","authorized","personnel"],"metadata":[]}],[{"content":"Led military police teams in support of battlefield operations","tokens":["Led","military","police","teams","in","support","of","battlefield","operations"],"metadata":[]}],[{"content":"Maintained complete accountability during redeployment of all sensitive items and communication equipment","tokens":["Maintained","complete","accountability","during","redeployment","of","all","sensitive","items","and","communication","equipment"],"metadata":[]}],[{"content":"Maintained rifles, machine guns, mortars and hand grenades","tokens":["Maintained","rifles,","machine","guns,","mortars","and","hand","grenades"],"metadata":[]}],[{"content":"Evaluated terrain and recorded topographical information.","tokens":["Evaluated","terrain","and","recorded","topographical","information."],"metadata":[]}],[{"content":"Education and Training 2004 Diploma : Personal Computer Support Technician Lincoln Technical Institute － City , State , united states 3.2 GPA Emphasis in Mous Training 2003 Certificate : Electronic Systems Technician Job Corps － City , State , United States Coursework in Industrial Manufacturing, Safety Engineering, Tooling Technology Manufacturing and Process TechnologyCoursework in Electrical and Industrial Engineering 1998 Diploma : General Education Fairmont Heights High School － City , State , United States Skills","tokens":["Education","and","Training","2004","Diploma",":","Personal","Computer","Support","Technician","Lincoln","Technical","Institute","－","City",",","State",",","united","states","3.2","GPA","Emphasis","in","Mous","Training","2003","Certificate",":","Electronic","Systems","Technician","Job","Corps","－","City",",","State",",","United","States","Coursework","in","Industrial","Manufacturing,","Safety","Engineering,","Tooling","Technology","Manufacturing","and","Process","TechnologyCoursework","in","Electrical","and","Industrial","Engineering","1998","Diploma",":","General","Education","Fairmont","Heights","High","School","－","City",",","State",",","United","States","Skills"],"metadata":[]}]],"labelerInfo":{"id":6814,"email":"cwilhel8@jh.edu","displayName":"Chris Wilhelm"},"labelSets":[{"name":"Resume Labels","index":0,"labelItems":[{"id":"Kj5U6n9NUqTXuWcB3c_7L","labelName":"College"},{"id":"rj7TW0-ymuRo6f_asXJab","labelName":"Company Name"},{"id":"SJEkdao76hjwbb6Fh5SY6","labelName":"Job Title"},{"id":"BjO8MdvK2KI4E5iMEeY4B","labelName":"Graduation Year"},{"id":"eS2knCRgLegeRw8bcmSWA","labelName":"Skill"},{"id":"IeEoIKabMl51BJE0gX2YL","labelName":"Degree"},{"id":"1R0C50AAwFbEp2O0WmRv6","labelName":"Location"},{"id":"zQcc4ygexJ_A3Gb0NeRTk","labelName":"Years of Experience"},{"id":"52S_6moRfhjC-yXgIBeCp","labelName":"Date"},{"id":"KiLarWmwlU1E3-FfdG6Qg","labelName":"Project"},{"id":"dyxKKTAxW1z5ifjPj42BI","labelName":"Name"}]}],"spanLabels":[{"id":"1663411236","labeledBy":"LABELER","labeledByUserId":6814,"acceptedByUserId":null,"rejectedByUserId":null,"layer":0,"counter":0,"status":"ACCEPTED","hashCode":"SPAN:SJEkdao76hjwbb6Fh5SY6:0:0:0:0:0:0:0:0:10:0:undefined:undefined","labelName":"SJEkdao76hjwbb6Fh5SY6","labelItem":{"id":"SJEkdao76hjwbb6Fh5SY6","labelName":"Job Title"},"textPosition":{"start":{"row":0,"column":0,"tokenIndex":0,"charIndex":0},"end":{"row":0,"column":0,"tokenIndex":0,"charIndex":10}},"confidenceScore":null},{"id":"1663411239","labeledBy":"LABELER","labeledByUserId":6814,"acceptedByUserId":null,"rejectedByUserId":null,"layer":0,"counter":0,"status":"ACCEPTED","hashCode":"SPAN:eS2knCRgLegeRw8bcmSWA:0:0:0:31:0:0:0:32:9:0:undefined:undefined","labelName":"eS2knCRgLegeRw8bcmSWA","labelItem":{"id":"eS2knCRgLegeRw8bcmSWA","labelName":"Skill"},"textPosition":{"start":{"row":0,"column":0,"tokenIndex":31,"charIndex":0},"end":{"row":0,"column":0,"tokenIndex":32,"charIndex":9}},"confidenceScore":null},{"id":"1663411242","labeledBy":"LABELER","labeledByUserId":6814,"acceptedByUserId":null,"rejectedByUserId":null,"layer":0,"counter":0,"status":"ACCEPTED","hashCode":"SPAN:eS2knCRgLegeRw8bcmSWA:0:0:0:35:0:0:0:36:13:0:undefined:undefined","labelName":"eS2knCRgLegeRw8bcmSWA","labelItem":{"id":"eS2knCRgLegeRw8bcmSWA","labelName":"Skill"},"textPosition":{"start":{"row":0,"column":0,"tokenIndex":35,"charIndex":0},"end":{"row":0,"column":0,"tokenIndex":36,"charIndex":13}},"confidenceScore":null},{"id":"1663411245","labeledBy":"LABELER","labeledByUserId":6814,"acceptedByUserId":null,"rejectedByUserId":null,"layer":0,"counter":0,"status":"ACCEPTED","hashCode":"SPAN:eS2knCRgLegeRw8bcmSWA:0:0:0:38:0:0:0:39:14:0:undefined:undefined","labelName":"eS2knCRgLegeRw8bcmSWA","labelItem":{"id":"eS2knCRgLegeRw8bcmSWA","labelName":"Skill"},"textPosition":{"start":{"row":0,"column":0,"tokenIndex":38,"charIndex":0},"end":{"row":0,"column":0,"tokenIndex":39,"charIndex":14}},"confidenceScore":null},{"id":"1663411248","labeledBy":"LABELER","labeledByUserId":6814,"acceptedByUserId":null,"rejectedByUserId":null,"layer":0,"counter":0,"status":"ACCEPTED","hashCode":"SPAN:eS2knCRgLegeRw8bcmSWA:0:1:0:2:0:1:0:5:9:0:undefined:undefined","labelName":"eS2knCRgLegeRw8bcmSWA","labelItem":{"id":"eS2knCRgLegeRw8bcmSWA","labelName":"Skill"},"textPosition":{"start":{"row":1,"column":0,"tokenIndex":2,"charIndex":0},"end":{"row":1,"column":0,"tokenIndex":5,"charIndex":9}},"confidenceScore":null},{"id":"1663411251","labeledBy":"LABELER","labeledByUserId":6814,"acceptedByUserId":null,"rejectedByUserId":null,"layer":0,"counter":0,"status":"ACCEPTED","hashCode":"SPAN:eS2knCRgLegeRw8bcmSWA:0:1:0:10:0:1:0:11:7:0:undefined:undefined","labelName":"eS2knCRgLegeRw8bcmSWA","labelItem":{"id":"eS2knCRgLegeRw8bcmSWA","labelName":"Skill"},"textPosition":{"start":{"row":1,"column":0,"tokenIndex":10,"charIndex":0},"end":{"row":1,"column":0,"tokenIndex":11,"charIndex":7}},"confidenceScore":null},{"id":"1663411254","labeledBy":"LABELER","labeledByUserId":6814,"acceptedByUserId":null,"rejectedByUserId":null,"layer":0,"counter":0,"status":"ACCEPTED","hashCode":"SPAN:eS2knCRgLegeRw8bcmSWA:0:1:0:13:0:1:0:13:7:0:undefined:undefined","labelName":"eS2knCRgLegeRw8bcmSWA","labelItem":{"id":"eS2knCRgLegeRw8bcmSWA","labelName":"Skill"},"textPosition":{"start":{"row":1,"column":0,"tokenIndex":13,"charIndex":0},"end":{"row":1,"column":0,"tokenIndex":13,"charIndex":7}},"confidenceScore":null},{"id":"1663411257","labeledBy":"LABELER","labeledByUserId":6814,"acceptedByUserId":null,"rejectedByUserId":null,"layer":0,"counter":0,"status":"ACCEPTED","hashCode":"SPAN:eS2knCRgLegeRw8bcmSWA:0:1:0:14:0:1:0:14:5:0:undefined:undefined","labelName":"eS2knCRgLegeRw8bcmSWA","labelItem":{"id":"eS2knCRgLegeRw8bcmSWA","labelName":"Skill"},"textPosition":{"start":{"row":1,"column":0,"tokenIndex":14,"charIndex":0},"end":{"row":1,"column":0,"tokenIndex":14,"charIndex":5}},"confidenceScore":null},{"id":"1663411260","labeledBy":"LABELER","labeledByUserId":6814,"acceptedByUserId":null,"rejectedByUserId":null,"layer":0,"counter":0,"status":"ACCEPTED","hashCode":"SPAN:eS2knCRgLegeRw8bcmSWA:0:1:0:16:0:1:0:17:6:0:undefined:undefined","labelName":"eS2knCRgLegeRw8bcmSWA","labelItem":{"id":"eS2knCRgLegeRw8bcmSWA","labelName":"Skill"},"textPosition":{"start":{"row":1,"column":0,"tokenIndex":16,"charIndex":0},"end":{"row":1,"column":0,"tokenIndex":17,"charIndex":6}},"confidenceScore":null},{"id":"1663411263","labeledBy":"LABELER","labeledByUserId":6814,"acceptedByUserId":null,"rejectedByUserId":null,"layer":0,"counter":0,"status":"ACCEPTED","hashCode":"SPAN:eS2knCRgLegeRw8bcmSWA:0:2:0:0:0:2:0:0:8:0:undefined:undefined","labelName":"eS2knCRgLegeRw8bcmSWA","labelItem":{"id":"eS2knCRgLegeRw8bcmSWA","labelName":"Skill"},"textPosition":{"start":{"row":2,"column":0,"tokenIndex":0,"charIndex":0},"end":{"row":2,"column":0,"tokenIndex":0,"charIndex":8}},"confidenceScore":null},{"id":"1663411266","labeledBy":"LABELER","labeledByUserId":6814,"acceptedByUserId":null,"rejectedByUserId":null,"layer":0,"counter":0,"status":"ACCEPTED","hashCode":"SPAN:eS2knCRgLegeRw8bcmSWA:0:2:0:2:0:2:0:2:8:0:undefined:undefined","labelName":"eS2knCRgLegeRw8bcmSWA","labelItem":{"id":"eS2knCRgLegeRw8bcmSWA","labelName":"Skill"},"textPosition":{"start":{"row":2,"column":0,"tokenIndex":2,"charIndex":0},"end":{"row":2,"column":0,"tokenIndex":2,"charIndex":8}},"confidenceScore":null},{"id":"1663411269","labeledBy":"LABELER","labeledByUserId":6814,"acceptedByUserId":null,"rejectedByUserId":null,"layer":0,"counter":0,"status":"ACCEPTED","hashCode":"SPAN:eS2knCRgLegeRw8bcmSWA:0:2:0:3:0:2:0:3:11:0:undefined:undefined","labelName":"eS2knCRgLegeRw8bcmSWA","labelItem":{"id":"eS2knCRgLegeRw8bcmSWA","labelName":"Skill"},"textPosition":{"start":{"row":2,"column":0,"tokenIndex":3,"charIndex":0},"end":{"row":2,"column":0,"tokenIndex":3,"charIndex":11}},"confidenceScore":null},{"id":"1663411272","labeledBy":"LABELER","labeledByUserId":6814,"acceptedByUserId":null,"rejectedByUserId":null,"layer":0,"counter":0,"status":"ACCEPTED","hashCode":"SPAN:zQcc4ygexJ_A3Gb0NeRTk:0:2:0:6:0:2:0:7:4:0:undefined:undefined","labelName":"zQcc4ygexJ_A3Gb0NeRTk","labelItem":{"id":"zQcc4ygexJ_A3Gb0NeRTk","labelName":"Years of Experience"},"textPosition":{"start":{"row":2,"column":0,"tokenIndex":6,"charIndex":0},"end":{"row":2,"column":0,"tokenIndex":7,"charIndex":4}},"confidenceScore":null},{"id":"1663411275","labeledBy":"LABELER","labeledByUserId":6814,"acceptedByUserId":null,"rejectedByUserId":null,"layer":0,"counter":0,"status":"ACCEPTED","hashCode":"SPAN:eS2knCRgLegeRw8bcmSWA:0:2:0:9:0:2:0:9:7:0:undefined:undefined","labelName":"eS2knCRgLegeRw8bcmSWA","labelItem":{"id":"eS2knCRgLegeRw8bcmSWA","labelName":"Skill"},"textPosition":{"start":{"row":2,"column":0,"tokenIndex":9,"charIndex":0},"end":{"row":2,"column":0,"tokenIndex":9,"charIndex":7}},"confidenceScore":null},{"id":"1663411278","labeledBy":"LABELER","labeledByUserId":6814,"acceptedByUserId":null,"rejectedByUserId":null,"layer":0,"counter":0,"status":"ACCEPTED","hashCode":"SPAN:eS2knCRgLegeRw8bcmSWA:0:2:0:11:0:2:0:12:10:0:undefined:undefined","labelName":"eS2knCRgLegeRw8bcmSWA","labelItem":{"id":"eS2knCRgLegeRw8bcmSWA","labelName":"Skill"},"textPosition":{"start":{"row":2,"column":0,"tokenIndex":11,"charIndex":0},"end":{"row":2,"column":0,"tokenIndex":12,"charIndex":10}},"confidenceScore":null},{"id":"1663411281","labeledBy":"LABELER","labeledByUserId":6814,"acceptedByUserId":null,"rejectedByUserId":null,"layer":0,"counter":0,"status":"ACCEPTED","hashCode":"SPAN:eS2knCRgLegeRw8bcmSWA:0:3:0:0:0:3:0:3:8:0:undefined:undefined","labelName":"eS2knCRgLegeRw8bcmSWA","labelItem":{"id":"eS2knCRgLegeRw8bcmSWA","labelName":"Skill"},"textPosition":{"start":{"row":3,"column":0,"tokenIndex":0,"charIndex":0},"end":{"row":3,"column":0,"tokenIndex":3,"charIndex":8}},"confidenceScore":null},{"id":"1663411284","labeledBy":"LABELER","labeledByUserId":6814,"acceptedByUserId":null,"rejectedByUserId":null,"layer":0,"counter":0,"status":"ACCEPTED","hashCode":"SPAN:eS2knCRgLegeRw8bcmSWA:0:4:0:3:0:4:0:4:7:0:undefined:undefined","labelName":"eS2knCRgLegeRw8bcmSWA","labelItem":{"id":"eS2knCRgLegeRw8bcmSWA","labelName":"Skill"},"textPosition":{"start":{"row":4,"column":0,"tokenIndex":3,"charIndex":0},"end":{"row":4,"column":0,"tokenIndex":4,"charIndex":7}},"confidenceScore":null},{"id":"1663411287","labeledBy":"LABELER","labeledByUserId":6814,"acceptedByUserId":null,"rejectedByUserId":null,"layer":0,"counter":0,"status":"ACCEPTED","hashCode":"SPAN:eS2knCRgLegeRw8bcmSWA:0:4:0:7:0:4:0:7:14:0:undefined:undefined","labelName":"eS2knCRgLegeRw8bcmSWA","labelItem":{"id":"eS2knCRgLegeRw8bcmSWA","labelName":"Skill"},"textPosition":{"start":{"row":4,"column":0,"tokenIndex":7,"charIndex":0},"end":{"row":4,"column":0,"tokenIndex":7,"charIndex":14}},"confidenceScore":null},{"id":"1663411290","labeledBy":"LABELER","labeledByUserId":6814,"acceptedByUserId":null,"rejectedByUserId":null,"layer":0,"counter":0,"status":"ACCEPTED","hashCode":"SPAN:eS2knCRgLegeRw8bcmSWA:0:5:0:0:0:5:0:1:3:0:undefined:undefined","labelName":"eS2knCRgLegeRw8bcmSWA","labelItem":{"id":"eS2knCRgLegeRw8bcmSWA","labelName":"Skill"},"textPosition":{"start":{"row":5,"column":0,"tokenIndex":0,"charIndex":0},"end":{"row":5,"column":0,"tokenIndex":1,"charIndex":3}},"confidenceScore":null},{"id":"1663411293","labeledBy":"LABELER","labeledByUserId":6814,"acceptedByUserId":null,"rejectedByUserId":null,"layer":0,"counter":0,"status":"ACCEPTED","hashCode":"SPAN:zQcc4ygexJ_A3Gb0NeRTk:0:5:0:5:0:5:0:6:4:0:undefined:undefined","labelName":"zQcc4ygexJ_A3Gb0NeRTk","labelItem":{"id":"zQcc4ygexJ_A3Gb0NeRTk","labelName":"Years of Experience"},"textPosition":{"start":{"row":5,"column":0,"tokenIndex":5,"charIndex":0},"end":{"row":5,"column":0,"tokenIndex":6,"charIndex":4}},"confidenceScore":null},{"id":"1663411296","labeledBy":"LABELER","labeledByUserId":6814,"acceptedByUserId":null,"rejectedByUserId":null,"layer":0,"counter":0,"status":"ACCEPTED","hashCode":"SPAN:eS2knCRgLegeRw8bcmSWA:0:8:0:1:0:8:0:5:5:0:undefined:undefined","labelName":"eS2knCRgLegeRw8bcmSWA","labelItem":{"id":"eS2knCRgLegeRw8bcmSWA","labelName":"Skill"},"textPosition":{"start":{"row":8,"column":0,"tokenIndex":1,"charIndex":0},"end":{"row":8,"column":0,"tokenIndex":5,"charIndex":5}},"confidenceScore":null},{"id":"1663411299","labeledBy":"LABELER","labeledByUserId":6814,"acceptedByUserId":null,"rejectedByUserId":null,"layer":0,"counter":0,"status":"ACCEPTED","hashCode":"SPAN:eS2knCRgLegeRw8bcmSWA:0:8:0:6:0:8:0:9:9:0:undefined:undefined","labelName":"eS2knCRgLegeRw8bcmSWA","labelItem":{"id":"eS2knCRgLegeRw8bcmSWA","labelName":"Skill"},"textPosition":{"start":{"row":8,"column":0,"tokenIndex":6,"charIndex":0},"end":{"row":8,"column":0,"tokenIndex":9,"charIndex":9}},"confidenceScore":null},{"id":"1663411302","labeledBy":"LABELER","labeledByUserId":6814,"acceptedByUserId":null,"rejectedByUserId":null,"layer":0,"counter":0,"status":"ACCEPTED","hashCode":"SPAN:eS2knCRgLegeRw8bcmSWA:0:8:0:10:0:8:0:14:5:0:undefined:undefined","labelName":"eS2knCRgLegeRw8bcmSWA","labelItem":{"id":"eS2knCRgLegeRw8bcmSWA","labelName":"Skill"},"textPosition":{"start":{"row":8,"column":0,"tokenIndex":10,"charIndex":0},"end":{"row":8,"column":0,"tokenIndex":14,"charIndex":5}},"confidenceScore":null},{"id":"1663411305","labeledBy":"LABELER","labeledByUserId":6814,"acceptedByUserId":null,"rejectedByUserId":null,"layer":0,"counter":0,"status":"ACCEPTED","hashCode":"SPAN:eS2knCRgLegeRw8bcmSWA:0:8:0:15:0:8:0:16:9:0:undefined:undefined","labelName":"eS2knCRgLegeRw8bcmSWA","labelItem":{"id":"eS2knCRgLegeRw8bcmSWA","labelName":"Skill"},"textPosition":{"start":{"row":8,"column":0,"tokenIndex":15,"charIndex":0},"end":{"row":8,"column":0,"tokenIndex":16,"charIndex":9}},"confidenceScore":null},{"id":"1663411308","labeledBy":"LABELER","labeledByUserId":6814,"acceptedByUserId":null,"rejectedByUserId":null,"layer":0,"counter":0,"status":"ACCEPTED","hashCode":"SPAN:eS2knCRgLegeRw8bcmSWA:0:8:0:18:0:8:0:21:9:0:undefined:undefined","labelName":"eS2knCRgLegeRw8bcmSWA","labelItem":{"id":"eS2knCRgLegeRw8bcmSWA","labelName":"Skill"},"textPosition":{"start":{"row":8,"column":0,"tokenIndex":18,"charIndex":0},"end":{"row":8,"column":0,"tokenIndex":21,"charIndex":9}},"confidenceScore":null},{"id":"1663411311","labeledBy":"LABELER","labeledByUserId":6814,"acceptedByUserId":null,"rejectedByUserId":null,"layer":0,"counter":0,"status":"ACCEPTED","hashCode":"SPAN:eS2knCRgLegeRw8bcmSWA:0:8:0:23:0:8:0:23:12:0:undefined:undefined","labelName":"eS2knCRgLegeRw8bcmSWA","labelItem":{"id":"eS2knCRgLegeRw8bcmSWA","labelName":"Skill"},"textPosition":{"start":{"row":8,"column":0,"tokenIndex":23,"charIndex":0},"end":{"row":8,"column":0,"tokenIndex":23,"charIndex":12}},"confidenceScore":null},{"id":"1663411314","labeledBy":"LABELER","labeledByUserId":6814,"acceptedByUserId":null,"rejectedByUserId":null,"layer":0,"counter":0,"status":"ACCEPTED","hashCode":"SPAN:eS2knCRgLegeRw8bcmSWA:0:8:0:25:0:8:0:27:9:0:undefined:undefined","labelName":"eS2knCRgLegeRw8bcmSWA","labelItem":{"id":"eS2knCRgLegeRw8bcmSWA","labelName":"Skill"},"textPosition":{"start":{"row":8,"column":0,"tokenIndex":25,"charIndex":0},"end":{"row":8,"column":0,"tokenIndex":27,"charIndex":9}},"confidenceScore":null},{"id":"1663411317","labeledBy":"LABELER","labeledByUserId":6814,"acceptedByUserId":null,"rejectedByUserId":null,"layer":0,"counter":0,"status":"ACCEPTED","hashCode":"SPAN:eS2knCRgLegeRw8bcmSWA:0:8:0:28:0:8:0:31:8:0:undefined:undefined","labelName":"eS2knCRgLegeRw8bcmSWA","labelItem":{"id":"eS2knCRgLegeRw8bcmSWA","labelName":"Skill"},"textPosition":{"start":{"row":8,"column":0,"tokenIndex":28,"charIndex":0},"end":{"row":8,"column":0,"tokenIndex":31,"charIndex":8}},"confidenceScore":null},{"id":"1663411320","labeledBy":"LABELER","labeledByUserId":6814,"acceptedByUserId":null,"rejectedByUserId":null,"layer":0,"counter":0,"status":"ACCEPTED","hashCode":"SPAN:eS2knCRgLegeRw8bcmSWA:0:8:0:32:0:8:0:33:9:0:undefined:undefined","labelName":"eS2knCRgLegeRw8bcmSWA","labelItem":{"id":"eS2knCRgLegeRw8bcmSWA","labelName":"Skill"},"textPosition":{"start":{"row":8,"column":0,"tokenIndex":32,"charIndex":0},"end":{"row":8,"column":0,"tokenIndex":33,"charIndex":9}},"confidenceScore":null},{"id":"1663411321","labeledBy":"LABELER","labeledByUserId":6814,"acceptedByUserId":null,"rejectedByUserId":null,"layer":0,"counter":0,"status":"ACCEPTED","hashCode":"SPAN:eS2knCRgLegeRw8bcmSWA:0:8:0:34:0:8:0:34:9:0:undefined:undefined","labelName":"eS2knCRgLegeRw8bcmSWA","labelItem":{"id":"eS2knCRgLegeRw8bcmSWA","labelName":"Skill"},"textPosition":{"start":{"row":8,"column":0,"tokenIndex":34,"charIndex":0},"end":{"row":8,"column":0,"tokenIndex":34,"charIndex":9}},"confidenceScore":null},{"id":"1663411326","labeledBy":"LABELER","labeledByUserId":6814,"acceptedByUserId":null,"rejectedByUserId":null,"layer":0,"counter":0,"status":"ACCEPTED","hashCode":"SPAN:eS2knCRgLegeRw8bcmSWA:0:8:0:36:0:8:0:37:5:0:undefined:undefined","labelName":"eS2knCRgLegeRw8bcmSWA","labelItem":{"id":"eS2knCRgLegeRw8bcmSWA","labelName":"Skill"},"textPosition":{"start":{"row":8,"column":0,"tokenIndex":36,"charIndex":0},"end":{"row":8,"column":0,"tokenIndex":37,"charIndex":5}},"confidenceScore":null},{"id":"1663411329","labeledBy":"LABELER","labeledByUserId":6814,"acceptedByUserId":null,"rejectedByUserId":null,"layer":0,"counter":0,"status":"ACCEPTED","hashCode":"SPAN:eS2knCRgLegeRw8bcmSWA:0:8:0:38:0:8:0:38:6:0:undefined:undefined","labelName":"eS2knCRgLegeRw8bcmSWA","labelItem":{"id":"eS2knCRgLegeRw8bcmSWA","labelName":"Skill"},"textPosition":{"start":{"row":8,"column":0,"tokenIndex":38,"charIndex":0},"end":{"row":8,"column":0,"tokenIndex":38,"charIndex":6}},"confidenceScore":null},{"id":"1663411332","labeledBy":"LABELER","labeledByUserId":6814,"acceptedByUserId":null,"rejectedByUserId":null,"layer":0,"counter":0,"status":"ACCEPTED","hashCode":"SPAN:eS2knCRgLegeRw8bcmSWA:0:8:0:40:0:8:0:41:6:0:undefined:undefined","labelName":"eS2knCRgLegeRw8bcmSWA","labelItem":{"id":"eS2knCRgLegeRw8bcmSWA","labelName":"Skill"},"textPosition":{"start":{"row":8,"column":0,"tokenIndex":40,"charIndex":0},"end":{"row":8,"column":0,"tokenIndex":41,"charIndex":6}},"confidenceScore":null},{"id":"1663411335","labeledBy":"LABELER","labeledByUserId":6814,"acceptedByUserId":null,"rejectedByUserId":null,"layer":0,"counter":0,"status":"ACCEPTED","hashCode":"SPAN:eS2knCRgLegeRw8bcmSWA:0:8:0:45:0:8:0:47:8:0:undefined:undefined","labelName":"eS2knCRgLegeRw8bcmSWA","labelItem":{"id":"eS2knCRgLegeRw8bcmSWA","labelName":"Skill"},"textPosition":{"start":{"row":8,"column":0,"tokenIndex":45,"charIndex":0},"end":{"row":8,"column":0,"tokenIndex":47,"charIndex":8}},"confidenceScore":null},{"id":"1663411341","labeledBy":"LABELER","labeledByUserId":6814,"acceptedByUserId":null,"rejectedByUserId":null,"layer":0,"counter":0,"status":"ACCEPTED","hashCode":"SPAN:eS2knCRgLegeRw8bcmSWA:0:8:0:58:0:8:0:58:4:0:undefined:undefined","labelName":"eS2knCRgLegeRw8bcmSWA","labelItem":{"id":"eS2knCRgLegeRw8bcmSWA","labelName":"Skill"},"textPosition":{"start":{"row":8,"column":0,"tokenIndex":58,"charIndex":0},"end":{"row":8,"column":0,"tokenIndex":58,"charIndex":4}},"confidenceScore":null},{"id":"1663411338","labeledBy":"LABELER","labeledByUserId":6814,"acceptedByUserId":null,"rejectedByUserId":null,"layer":0,"counter":0,"status":"ACCEPTED","hashCode":"SPAN:eS2knCRgLegeRw8bcmSWA:0:8:0:59:0:8:0:59:5:0:undefined:undefined","labelName":"eS2knCRgLegeRw8bcmSWA","labelItem":{"id":"eS2knCRgLegeRw8bcmSWA","labelName":"Skill"},"textPosition":{"start":{"row":8,"column":0,"tokenIndex":59,"charIndex":0},"end":{"row":8,"column":0,"tokenIndex":59,"charIndex":5}},"confidenceScore":null},{"id":"1663411344","labeledBy":"LABELER","labeledByUserId":6814,"acceptedByUserId":null,"rejectedByUserId":null,"layer":0,"counter":0,"status":"ACCEPTED","hashCode":"SPAN:eS2knCRgLegeRw8bcmSWA:0:8:0:61:0:8:0:61:9:0:undefined:undefined","labelName":"eS2knCRgLegeRw8bcmSWA","labelItem":{"id":"eS2knCRgLegeRw8bcmSWA","labelName":"Skill"},"textPosition":{"start":{"row":8,"column":0,"tokenIndex":61,"charIndex":0},"end":{"row":8,"column":0,"tokenIndex":61,"charIndex":9}},"confidenceScore":null},{"id":"1663411347","labeledBy":"LABELER","labeledByUserId":6814,"acceptedByUserId":null,"rejectedByUserId":null,"layer":0,"counter":0,"status":"ACCEPTED","hashCode":"SPAN:SJEkdao76hjwbb6Fh5SY6:0:8:0:62:0:8:0:65:9:0:undefined:undefined","labelName":"SJEkdao76hjwbb6Fh5SY6","labelItem":{"id":"SJEkdao76hjwbb6Fh5SY6","labelName":"Job Title"},"textPosition":{"start":{"row":8,"column":0,"tokenIndex":62,"charIndex":0},"end":{"row":8,"column":0,"tokenIndex":65,"charIndex":9}},"confidenceScore":null},{"id":"1663411350","labeledBy":"LABELER","labeledByUserId":6814,"acceptedByUserId":null,"rejectedByUserId":null,"layer":0,"counter":0,"status":"ACCEPTED","hashCode":"SPAN:52S_6moRfhjC-yXgIBeCp:0:8:0:66:0:8:0:67:3:0:undefined:undefined","labelName":"52S_6moRfhjC-yXgIBeCp","labelItem":{"id":"52S_6moRfhjC-yXgIBeCp","labelName":"Date"},"textPosition":{"start":{"row":8,"column":0,"tokenIndex":66,"charIndex":0},"end":{"row":8,"column":0,"tokenIndex":67,"charIndex":3}},"confidenceScore":null},{"id":"1663411353","labeledBy":"LABELER","labeledByUserId":6814,"acceptedByUserId":null,"rejectedByUserId":null,"layer":0,"counter":0,"status":"ACCEPTED","hashCode":"SPAN:eS2knCRgLegeRw8bcmSWA:0:8:0:75:0:8:0:77:5:0:undefined:undefined","labelName":"eS2knCRgLegeRw8bcmSWA","labelItem":{"id":"eS2knCRgLegeRw8bcmSWA","labelName":"Skill"},"textPosition":{"start":{"row":8,"column":0,"tokenIndex":75,"charIndex":0},"end":{"row":8,"column":0,"tokenIndex":77,"charIndex":5}},"confidenceScore":null},{"id":"1663411356","labeledBy":"LABELER","labeledByUserId":6814,"acceptedByUserId":null,"rejectedByUserId":null,"layer":0,"counter":0,"status":"ACCEPTED","hashCode":"SPAN:eS2knCRgLegeRw8bcmSWA:0:8:0:78:0:8:0:79:7:0:undefined:undefined","labelName":"eS2knCRgLegeRw8bcmSWA","labelItem":{"id":"eS2knCRgLegeRw8bcmSWA","labelName":"Skill"},"textPosition":{"start":{"row":8,"column":0,"tokenIndex":78,"charIndex":0},"end":{"row":8,"column":0,"tokenIndex":79,"charIndex":7}},"confidenceScore":null},{"id":"1663411362","labeledBy":"LABELER","labeledByUserId":6814,"acceptedByUserId":null,"rejectedByUserId":null,"layer":0,"counter":0,"status":"ACCEPTED","hashCode":"SPAN:eS2knCRgLegeRw8bcmSWA:0:9:0:5:0:9:0:7:4:0:undefined:undefined","labelName":"eS2knCRgLegeRw8bcmSWA","labelItem":{"id":"eS2knCRgLegeRw8bcmSWA","labelName":"Skill"},"textPosition":{"start":{"row":9,"column":0,"tokenIndex":5,"charIndex":0},"end":{"row":9,"column":0,"tokenIndex":7,"charIndex":4}},"confidenceScore":null},{"id":"1663411359","labeledBy":"LABELER","labeledByUserId":6814,"acceptedByUserId":null,"rejectedByUserId":null,"layer":0,"counter":0,"status":"ACCEPTED","hashCode":"SPAN:eS2knCRgLegeRw8bcmSWA:0:10:0:9:0:10:0:10:6:0:undefined:undefined","labelName":"eS2knCRgLegeRw8bcmSWA","labelItem":{"id":"eS2knCRgLegeRw8bcmSWA","labelName":"Skill"},"textPosition":{"start":{"row":10,"column":0,"tokenIndex":9,"charIndex":0},"end":{"row":10,"column":0,"tokenIndex":10,"charIndex":6}},"confidenceScore":null},{"id":"1663411365","labeledBy":"LABELER","labeledByUserId":6814,"acceptedByUserId":null,"rejectedByUserId":null,"layer":0,"counter":0,"status":"ACCEPTED","hashCode":"SPAN:eS2knCRgLegeRw8bcmSWA:0:11:0:0:0:11:0:1:7:0:undefined:undefined","labelName":"eS2knCRgLegeRw8bcmSWA","labelItem":{"id":"eS2knCRgLegeRw8bcmSWA","labelName":"Skill"},"textPosition":{"start":{"row":11,"column":0,"tokenIndex":0,"charIndex":0},"end":{"row":11,"column":0,"tokenIndex":1,"charIndex":7}},"confidenceScore":null},{"id":"1663411368","labeledBy":"LABELER","labeledByUserId":6814,"acceptedByUserId":null,"rejectedByUserId":null,"layer":0,"counter":0,"status":"ACCEPTED","hashCode":"SPAN:eS2knCRgLegeRw8bcmSWA:0:11:0:10:0:11:0:11:6:0:undefined:undefined","labelName":"eS2knCRgLegeRw8bcmSWA","labelItem":{"id":"eS2knCRgLegeRw8bcmSWA","labelName":"Skill"},"textPosition":{"start":{"row":11,"column":0,"tokenIndex":10,"charIndex":0},"end":{"row":11,"column":0,"tokenIndex":11,"charIndex":6}},"confidenceScore":null},{"id":"1663411371","labeledBy":"LABELER","labeledByUserId":6814,"acceptedByUserId":null,"rejectedByUserId":null,"layer":0,"counter":0,"status":"ACCEPTED","hashCode":"SPAN:eS2knCRgLegeRw8bcmSWA:0:11:0:12:0:11:0:12:7:0:undefined:undefined","labelName":"eS2knCRgLegeRw8bcmSWA","labelItem":{"id":"eS2knCRgLegeRw8bcmSWA","labelName":"Skill"},"textPosition":{"start":{"row":11,"column":0,"tokenIndex":12,"charIndex":0},"end":{"row":11,"column":0,"tokenIndex":12,"charIndex":7}},"confidenceScore":null},{"id":"1663411374","labeledBy":"LABELER","labeledByUserId":6814,"acceptedByUserId":null,"rejectedByUserId":null,"layer":0,"counter":0,"status":"ACCEPTED","hashCode":"SPAN:eS2knCRgLegeRw8bcmSWA:0:11:0:14:0:11:0:14:8:0:undefined:undefined","labelName":"eS2knCRgLegeRw8bcmSWA","labelItem":{"id":"eS2knCRgLegeRw8bcmSWA","labelName":"Skill"},"textPosition":{"start":{"row":11,"column":0,"tokenIndex":14,"charIndex":0},"end":{"row":11,"column":0,"tokenIndex":14,"charIndex":8}},"confidenceScore":null},{"id":"1663411377","labeledBy":"LABELER","labeledByUserId":6814,"acceptedByUserId":null,"rejectedByUserId":null,"layer":0,"counter":0,"status":"ACCEPTED","hashCode":"SPAN:eS2knCRgLegeRw8bcmSWA:0:11:0:15:0:11:0:19:5:0:undefined:undefined","labelName":"eS2knCRgLegeRw8bcmSWA","labelItem":{"id":"eS2knCRgLegeRw8bcmSWA","labelName":"Skill"},"textPosition":{"start":{"row":11,"column":0,"tokenIndex":15,"charIndex":0},"end":{"row":11,"column":0,"tokenIndex":19,"charIndex":5}},"confidenceScore":null},{"id":"1663411380","labeledBy":"LABELER","labeledByUserId":6814,"acceptedByUserId":null,"rejectedByUserId":null,"layer":0,"counter":0,"status":"ACCEPTED","hashCode":"SPAN:eS2knCRgLegeRw8bcmSWA:0:12:0:4:0:12:0:5:7:0:undefined:undefined","labelName":"eS2knCRgLegeRw8bcmSWA","labelItem":{"id":"eS2knCRgLegeRw8bcmSWA","labelName":"Skill"},"textPosition":{"start":{"row":12,"column":0,"tokenIndex":4,"charIndex":0},"end":{"row":12,"column":0,"tokenIndex":5,"charIndex":7}},"confidenceScore":null},{"id":"1663411383","labeledBy":"LABELER","labeledByUserId":6814,"acceptedByUserId":null,"rejectedByUserId":null,"layer":0,"counter":0,"status":"ACCEPTED","hashCode":"SPAN:eS2knCRgLegeRw8bcmSWA:0:12:0:7:0:12:0:7:7:0:undefined:undefined","labelName":"eS2knCRgLegeRw8bcmSWA","labelItem":{"id":"eS2knCRgLegeRw8bcmSWA","labelName":"Skill"},"textPosition":{"start":{"row":12,"column":0,"tokenIndex":7,"charIndex":0},"end":{"row":12,"column":0,"tokenIndex":7,"charIndex":7}},"confidenceScore":null},{"id":"1663411386","labeledBy":"LABELER","labeledByUserId":6814,"acceptedByUserId":null,"rejectedByUserId":null,"layer":0,"counter":0,"status":"ACCEPTED","hashCode":"SPAN:eS2knCRgLegeRw8bcmSWA:0:12:0:8:0:12:0:8:8:0:undefined:undefined","labelName":"eS2knCRgLegeRw8bcmSWA","labelItem":{"id":"eS2knCRgLegeRw8bcmSWA","labelName":"Skill"},"textPosition":{"start":{"row":12,"column":0,"tokenIndex":8,"charIndex":0},"end":{"row":12,"column":0,"tokenIndex":8,"charIndex":8}},"confidenceScore":null},{"id":"1663411389","labeledBy":"LABELER","labeledByUserId":6814,"acceptedByUserId":null,"rejectedByUserId":null,"layer":0,"counter":0,"status":"ACCEPTED","hashCode":"SPAN:eS2knCRgLegeRw8bcmSWA:0:12:0:9:0:12:0:10:8:0:undefined:undefined","labelName":"eS2knCRgLegeRw8bcmSWA","labelItem":{"id":"eS2knCRgLegeRw8bcmSWA","labelName":"Skill"},"textPosition":{"start":{"row":12,"column":0,"tokenIndex":9,"charIndex":0},"end":{"row":12,"column":0,"tokenIndex":10,"charIndex":8}},"confidenceScore":null},{"id":"1663411392","labeledBy":"LABELER","labeledByUserId":6814,"acceptedByUserId":null,"rejectedByUserId":null,"layer":0,"counter":0,"status":"ACCEPTED","hashCode":"SPAN:eS2knCRgLegeRw8bcmSWA:0:12:0:12:0:12:0:13:9:0:undefined:undefined","labelName":"eS2knCRgLegeRw8bcmSWA","labelItem":{"id":"eS2knCRgLegeRw8bcmSWA","labelName":"Skill"},"textPosition":{"start":{"row":12,"column":0,"tokenIndex":12,"charIndex":0},"end":{"row":12,"column":0,"tokenIndex":13,"charIndex":9}},"confidenceScore":null},{"id":"1663411395","labeledBy":"LABELER","labeledByUserId":6814,"acceptedByUserId":null,"rejectedByUserId":null,"layer":0,"counter":0,"status":"ACCEPTED","hashCode":"SPAN:52S_6moRfhjC-yXgIBeCp:0:13:0:2:0:13:0:2:6:0:undefined:undefined","labelName":"52S_6moRfhjC-yXgIBeCp","labelItem":{"id":"52S_6moRfhjC-yXgIBeCp","labelName":"Date"},"textPosition":{"start":{"row":13,"column":0,"tokenIndex":2,"charIndex":0},"end":{"row":13,"column":0,"tokenIndex":2,"charIndex":6}},"confidenceScore":null},{"id":"1663411398","labeledBy":"LABELER","labeledByUserId":6814,"acceptedByUserId":null,"rejectedByUserId":null,"layer":0,"counter":0,"status":"ACCEPTED","hashCode":"SPAN:52S_6moRfhjC-yXgIBeCp:0:13:0:4:0:13:0:4:6:0:undefined:undefined","labelName":"52S_6moRfhjC-yXgIBeCp","labelItem":{"id":"52S_6moRfhjC-yXgIBeCp","labelName":"Date"},"textPosition":{"start":{"row":13,"column":0,"tokenIndex":4,"charIndex":0},"end":{"row":13,"column":0,"tokenIndex":4,"charIndex":6}},"confidenceScore":null},{"id":"1663411401","labeledBy":"LABELER","labeledByUserId":6814,"acceptedByUserId":null,"rejectedByUserId":null,"layer":0,"counter":0,"status":"ACCEPTED","hashCode":"SPAN:SJEkdao76hjwbb6Fh5SY6:0:13:0:5:0:13:0:5:10:0:undefined:undefined","labelName":"SJEkdao76hjwbb6Fh5SY6","labelItem":{"id":"SJEkdao76hjwbb6Fh5SY6","labelName":"Job Title"},"textPosition":{"start":{"row":13,"column":0,"tokenIndex":5,"charIndex":0},"end":{"row":13,"column":0,"tokenIndex":5,"charIndex":10}},"confidenceScore":null},{"id":"1663411404","labeledBy":"LABELER","labeledByUserId":6814,"acceptedByUserId":null,"rejectedByUserId":null,"layer":0,"counter":0,"status":"ACCEPTED","hashCode":"SPAN:rj7TW0-ymuRo6f_asXJab:0:13:0:6:0:13:0:7:3:0:undefined:undefined","labelName":"rj7TW0-ymuRo6f_asXJab","labelItem":{"id":"rj7TW0-ymuRo6f_asXJab","labelName":"Company Name"},"textPosition":{"start":{"row":13,"column":0,"tokenIndex":6,"charIndex":0},"end":{"row":13,"column":0,"tokenIndex":7,"charIndex":3}},"confidenceScore":null},{"id":"1663411407","labeledBy":"LABELER","labeledByUserId":6814,"acceptedByUserId":null,"rejectedByUserId":null,"layer":0,"counter":0,"status":"ACCEPTED","hashCode":"SPAN:1R0C50AAwFbEp2O0WmRv6:0:13:0:9:0:13:0:9:3:0:undefined:undefined","labelName":"1R0C50AAwFbEp2O0WmRv6","labelItem":{"id":"1R0C50AAwFbEp2O0WmRv6","labelName":"Location"},"textPosition":{"start":{"row":13,"column":0,"tokenIndex":9,"charIndex":0},"end":{"row":13,"column":0,"tokenIndex":9,"charIndex":3}},"confidenceScore":null},{"id":"1663411410","labeledBy":"LABELER","labeledByUserId":6814,"acceptedByUserId":null,"rejectedByUserId":null,"layer":0,"counter":0,"status":"ACCEPTED","hashCode":"SPAN:1R0C50AAwFbEp2O0WmRv6:0:13:0:11:0:13:0:11:4:0:undefined:undefined","labelName":"1R0C50AAwFbEp2O0WmRv6","labelItem":{"id":"1R0C50AAwFbEp2O0WmRv6","labelName":"Location"},"textPosition":{"start":{"row":13,"column":0,"tokenIndex":11,"charIndex":0},"end":{"row":13,"column":0,"tokenIndex":11,"charIndex":4}},"confidenceScore":null},{"id":"1663411413","labeledBy":"LABELER","labeledByUserId":6814,"acceptedByUserId":null,"rejectedByUserId":null,"layer":0,"counter":0,"status":"ACCEPTED","hashCode":"SPAN:rj7TW0-ymuRo6f_asXJab:0:13:0:12:0:13:0:12:2:0:undefined:undefined","labelName":"rj7TW0-ymuRo6f_asXJab","labelItem":{"id":"rj7TW0-ymuRo6f_asXJab","labelName":"Company Name"},"textPosition":{"start":{"row":13,"column":0,"tokenIndex":12,"charIndex":0},"end":{"row":13,"column":0,"tokenIndex":12,"charIndex":2}},"confidenceScore":null},{"id":"1663411416","labeledBy":"LABELER","labeledByUserId":6814,"acceptedByUserId":null,"rejectedByUserId":null,"layer":0,"counter":0,"status":"ACCEPTED","hashCode":"SPAN:eS2knCRgLegeRw8bcmSWA:0:13:0:18:0:13:0:19:8:0:undefined:undefined","labelName":"eS2knCRgLegeRw8bcmSWA","labelItem":{"id":"eS2knCRgLegeRw8bcmSWA","labelName":"Skill"},"textPosition":{"start":{"row":13,"column":0,"tokenIndex":18,"charIndex":0},"end":{"row":13,"column":0,"tokenIndex":19,"charIndex":8}},"confidenceScore":null},{"id":"1663411419","labeledBy":"LABELER","labeledByUserId":6814,"acceptedByUserId":null,"rejectedByUserId":null,"layer":0,"counter":0,"status":"ACCEPTED","hashCode":"SPAN:eS2knCRgLegeRw8bcmSWA:0:16:0:7:0:16:0:8:7:0:undefined:undefined","labelName":"eS2knCRgLegeRw8bcmSWA","labelItem":{"id":"eS2knCRgLegeRw8bcmSWA","labelName":"Skill"},"textPosition":{"start":{"row":16,"column":0,"tokenIndex":7,"charIndex":0},"end":{"row":16,"column":0,"tokenIndex":8,"charIndex":7}},"confidenceScore":null},{"id":"1663411422","labeledBy":"LABELER","labeledByUserId":6814,"acceptedByUserId":null,"rejectedByUserId":null,"layer":0,"counter":0,"status":"ACCEPTED","hashCode":"SPAN:eS2knCRgLegeRw8bcmSWA:0:23:0:20:0:23:0:21:7:0:undefined:undefined","labelName":"eS2knCRgLegeRw8bcmSWA","labelItem":{"id":"eS2knCRgLegeRw8bcmSWA","labelName":"Skill"},"textPosition":{"start":{"row":23,"column":0,"tokenIndex":20,"charIndex":0},"end":{"row":23,"column":0,"tokenIndex":21,"charIndex":7}},"confidenceScore":null},{"id":"1663411425","labeledBy":"LABELER","labeledByUserId":6814,"acceptedByUserId":null,"rejectedByUserId":null,"layer":0,"counter":0,"status":"ACCEPTED","hashCode":"SPAN:52S_6moRfhjC-yXgIBeCp:0:24:0:0:0:24:0:0:6:0:undefined:undefined","labelName":"52S_6moRfhjC-yXgIBeCp","labelItem":{"id":"52S_6moRfhjC-yXgIBeCp","labelName":"Date"},"textPosition":{"start":{"row":24,"column":0,"tokenIndex":0,"charIndex":0},"end":{"row":24,"column":0,"tokenIndex":0,"charIndex":6}},"confidenceScore":null},{"id":"1663411428","labeledBy":"LABELER","labeledByUserId":6814,"acceptedByUserId":null,"rejectedByUserId":null,"layer":0,"counter":0,"status":"ACCEPTED","hashCode":"SPAN:52S_6moRfhjC-yXgIBeCp:0:24:0:2:0:24:0:2:6:0:undefined:undefined","labelName":"52S_6moRfhjC-yXgIBeCp","labelItem":{"id":"52S_6moRfhjC-yXgIBeCp","labelName":"Date"},"textPosition":{"start":{"row":24,"column":0,"tokenIndex":2,"charIndex":0},"end":{"row":24,"column":0,"tokenIndex":2,"charIndex":6}},"confidenceScore":null},{"id":"1663411431","labeledBy":"LABELER","labeledByUserId":6814,"acceptedByUserId":null,"rejectedByUserId":null,"layer":0,"counter":0,"status":"ACCEPTED","hashCode":"SPAN:SJEkdao76hjwbb6Fh5SY6:0:24:0:3:0:24:0:5:13:0:undefined:undefined","labelName":"SJEkdao76hjwbb6Fh5SY6","labelItem":{"id":"SJEkdao76hjwbb6Fh5SY6","labelName":"Job Title"},"textPosition":{"start":{"row":24,"column":0,"tokenIndex":3,"charIndex":0},"end":{"row":24,"column":0,"tokenIndex":5,"charIndex":13}},"confidenceScore":null},{"id":"1663411434","labeledBy":"LABELER","labeledByUserId":6814,"acceptedByUserId":null,"rejectedByUserId":null,"layer":0,"counter":0,"status":"ACCEPTED","hashCode":"SPAN:rj7TW0-ymuRo6f_asXJab:0:24:0:6:0:24:0:7:3:0:undefined:undefined","labelName":"rj7TW0-ymuRo6f_asXJab","labelItem":{"id":"rj7TW0-ymuRo6f_asXJab","labelName":"Company Name"},"textPosition":{"start":{"row":24,"column":0,"tokenIndex":6,"charIndex":0},"end":{"row":24,"column":0,"tokenIndex":7,"charIndex":3}},"confidenceScore":null},{"id":"1663411437","labeledBy":"LABELER","labeledByUserId":6814,"acceptedByUserId":null,"rejectedByUserId":null,"layer":0,"counter":0,"status":"ACCEPTED","hashCode":"SPAN:1R0C50AAwFbEp2O0WmRv6:0:24:0:9:0:24:0:9:3:0:undefined:undefined","labelName":"1R0C50AAwFbEp2O0WmRv6","labelItem":{"id":"1R0C50AAwFbEp2O0WmRv6","labelName":"Location"},"textPosition":{"start":{"row":24,"column":0,"tokenIndex":9,"charIndex":0},"end":{"row":24,"column":0,"tokenIndex":9,"charIndex":3}},"confidenceScore":null},{"id":"1663411440","labeledBy":"LABELER","labeledByUserId":6814,"acceptedByUserId":null,"rejectedByUserId":null,"layer":0,"counter":0,"status":"ACCEPTED","hashCode":"SPAN:1R0C50AAwFbEp2O0WmRv6:0:24:0:11:0:24:0:11:4:0:undefined:undefined","labelName":"1R0C50AAwFbEp2O0WmRv6","labelItem":{"id":"1R0C50AAwFbEp2O0WmRv6","labelName":"Location"},"textPosition":{"start":{"row":24,"column":0,"tokenIndex":11,"charIndex":0},"end":{"row":24,"column":0,"tokenIndex":11,"charIndex":4}},"confidenceScore":null},{"id":"1663411443","labeledBy":"LABELER","labeledByUserId":6814,"acceptedByUserId":null,"rejectedByUserId":null,"layer":0,"counter":0,"status":"ACCEPTED","hashCode":"SPAN:eS2knCRgLegeRw8bcmSWA:0:24:0:13:0:24:0:14:7:0:undefined:undefined","labelName":"eS2knCRgLegeRw8bcmSWA","labelItem":{"id":"eS2knCRgLegeRw8bcmSWA","labelName":"Skill"},"textPosition":{"start":{"row":24,"column":0,"tokenIndex":13,"charIndex":0},"end":{"row":24,"column":0,"tokenIndex":14,"charIndex":7}},"confidenceScore":null},{"id":"1663411446","labeledBy":"LABELER","labeledByUserId":6814,"acceptedByUserId":null,"rejectedByUserId":null,"layer":0,"counter":0,"status":"ACCEPTED","hashCode":"SPAN:eS2knCRgLegeRw8bcmSWA:0:27:0:3:0:27:0:4:6:0:undefined:undefined","labelName":"eS2knCRgLegeRw8bcmSWA","labelItem":{"id":"eS2knCRgLegeRw8bcmSWA","labelName":"Skill"},"textPosition":{"start":{"row":27,"column":0,"tokenIndex":3,"charIndex":0},"end":{"row":27,"column":0,"tokenIndex":4,"charIndex":6}},"confidenceScore":null},{"id":"1663411449","labeledBy":"LABELER","labeledByUserId":6814,"acceptedByUserId":null,"rejectedByUserId":null,"layer":0,"counter":0,"status":"ACCEPTED","hashCode":"SPAN:52S_6moRfhjC-yXgIBeCp:0:29:0:0:0:29:0:0:6:0:undefined:undefined","labelName":"52S_6moRfhjC-yXgIBeCp","labelItem":{"id":"52S_6moRfhjC-yXgIBeCp","labelName":"Date"},"textPosition":{"start":{"row":29,"column":0,"tokenIndex":0,"charIndex":0},"end":{"row":29,"column":0,"tokenIndex":0,"charIndex":6}},"confidenceScore":null},{"id":"1663411452","labeledBy":"LABELER","labeledByUserId":6814,"acceptedByUserId":null,"rejectedByUserId":null,"layer":0,"counter":0,"status":"ACCEPTED","hashCode":"SPAN:52S_6moRfhjC-yXgIBeCp:0:29:0:2:0:29:0:2:6:0:undefined:undefined","labelName":"52S_6moRfhjC-yXgIBeCp","labelItem":{"id":"52S_6moRfhjC-yXgIBeCp","labelName":"Date"},"textPosition":{"start":{"row":29,"column":0,"tokenIndex":2,"charIndex":0},"end":{"row":29,"column":0,"tokenIndex":2,"charIndex":6}},"confidenceScore":null},{"id":"1663411455","labeledBy":"LABELER","labeledByUserId":6814,"acceptedByUserId":null,"rejectedByUserId":null,"layer":0,"counter":0,"status":"ACCEPTED","hashCode":"SPAN:52S_6moRfhjC-yXgIBeCp:0:29:0:3:0:29:0:3:2:0:undefined:undefined","labelName":"52S_6moRfhjC-yXgIBeCp","labelItem":{"id":"52S_6moRfhjC-yXgIBeCp","labelName":"Date"},"textPosition":{"start":{"row":29,"column":0,"tokenIndex":3,"charIndex":0},"end":{"row":29,"column":0,"tokenIndex":3,"charIndex":2}},"confidenceScore":null},{"id":"1663411458","labeledBy":"LABELER","labeledByUserId":6814,"acceptedByUserId":null,"rejectedByUserId":null,"layer":0,"counter":0,"status":"ACCEPTED","hashCode":"SPAN:SJEkdao76hjwbb6Fh5SY6:0:30:0:0:0:30:0:3:6:0:undefined:undefined","labelName":"SJEkdao76hjwbb6Fh5SY6","labelItem":{"id":"SJEkdao76hjwbb6Fh5SY6","labelName":"Job Title"},"textPosition":{"start":{"row":30,"column":0,"tokenIndex":0,"charIndex":0},"end":{"row":30,"column":0,"tokenIndex":3,"charIndex":6}},"confidenceScore":null},{"id":"1663411461","labeledBy":"LABELER","labeledByUserId":6814,"acceptedByUserId":null,"rejectedByUserId":null,"layer":0,"counter":0,"status":"ACCEPTED","hashCode":"SPAN:rj7TW0-ymuRo6f_asXJab:0:30:0:4:0:30:0:5:3:0:undefined:undefined","labelName":"rj7TW0-ymuRo6f_asXJab","labelItem":{"id":"rj7TW0-ymuRo6f_asXJab","labelName":"Company Name"},"textPosition":{"start":{"row":30,"column":0,"tokenIndex":4,"charIndex":0},"end":{"row":30,"column":0,"tokenIndex":5,"charIndex":3}},"confidenceScore":null},{"id":"1663411464","labeledBy":"LABELER","labeledByUserId":6814,"acceptedByUserId":null,"rejectedByUserId":null,"layer":0,"counter":0,"status":"ACCEPTED","hashCode":"SPAN:1R0C50AAwFbEp2O0WmRv6:0:30:0:7:0:30:0:7:3:0:undefined:undefined","labelName":"1R0C50AAwFbEp2O0WmRv6","labelItem":{"id":"1R0C50AAwFbEp2O0WmRv6","labelName":"Location"},"textPosition":{"start":{"row":30,"column":0,"tokenIndex":7,"charIndex":0},"end":{"row":30,"column":0,"tokenIndex":7,"charIndex":3}},"confidenceScore":null},{"id":"1663411467","labeledBy":"LABELER","labeledByUserId":6814,"acceptedByUserId":null,"rejectedByUserId":null,"layer":0,"counter":0,"status":"ACCEPTED","hashCode":"SPAN:1R0C50AAwFbEp2O0WmRv6:0:30:0:9:0:30:0:9:4:0:undefined:undefined","labelName":"1R0C50AAwFbEp2O0WmRv6","labelItem":{"id":"1R0C50AAwFbEp2O0WmRv6","labelName":"Location"},"textPosition":{"start":{"row":30,"column":0,"tokenIndex":9,"charIndex":0},"end":{"row":30,"column":0,"tokenIndex":9,"charIndex":4}},"confidenceScore":null},{"id":"1663411470","labeledBy":"LABELER","labeledByUserId":6814,"acceptedByUserId":null,"rejectedByUserId":null,"layer":0,"counter":0,"status":"ACCEPTED","hashCode":"SPAN:eS2knCRgLegeRw8bcmSWA:0:30:0:10:0:30:0:10:6:0:undefined:undefined","labelName":"eS2knCRgLegeRw8bcmSWA","labelItem":{"id":"eS2knCRgLegeRw8bcmSWA","labelName":"Skill"},"textPosition":{"start":{"row":30,"column":0,"tokenIndex":10,"charIndex":0},"end":{"row":30,"column":0,"tokenIndex":10,"charIndex":6}},"confidenceScore":null},{"id":"1663411473","labeledBy":"LABELER","labeledByUserId":6814,"acceptedByUserId":null,"rejectedByUserId":null,"layer":0,"counter":0,"status":"ACCEPTED","hashCode":"SPAN:eS2knCRgLegeRw8bcmSWA:0:30:0:12:0:30:0:12:9:0:undefined:undefined","labelName":"eS2knCRgLegeRw8bcmSWA","labelItem":{"id":"eS2knCRgLegeRw8bcmSWA","labelName":"Skill"},"textPosition":{"start":{"row":30,"column":0,"tokenIndex":12,"charIndex":0},"end":{"row":30,"column":0,"tokenIndex":12,"charIndex":9}},"confidenceScore":null},{"id":"1663411476","labeledBy":"LABELER","labeledByUserId":6814,"acceptedByUserId":null,"rejectedByUserId":null,"layer":0,"counter":0,"status":"ACCEPTED","hashCode":"SPAN:eS2knCRgLegeRw8bcmSWA:0:30:0:15:0:30:0:15:8:0:undefined:undefined","labelName":"eS2knCRgLegeRw8bcmSWA","labelItem":{"id":"eS2knCRgLegeRw8bcmSWA","labelName":"Skill"},"textPosition":{"start":{"row":30,"column":0,"tokenIndex":15,"charIndex":0},"end":{"row":30,"column":0,"tokenIndex":15,"charIndex":8}},"confidenceScore":null},{"id":"1663411479","labeledBy":"LABELER","labeledByUserId":6814,"acceptedByUserId":null,"rejectedByUserId":null,"layer":0,"counter":0,"status":"ACCEPTED","hashCode":"SPAN:eS2knCRgLegeRw8bcmSWA:0:32:0:1:0:32:0:1:13:0:undefined:undefined","labelName":"eS2knCRgLegeRw8bcmSWA","labelItem":{"id":"eS2knCRgLegeRw8bcmSWA","labelName":"Skill"},"textPosition":{"start":{"row":32,"column":0,"tokenIndex":1,"charIndex":0},"end":{"row":32,"column":0,"tokenIndex":1,"charIndex":13}},"confidenceScore":null},{"id":"1663411482","labeledBy":"LABELER","labeledByUserId":6814,"acceptedByUserId":null,"rejectedByUserId":null,"layer":0,"counter":0,"status":"ACCEPTED","hashCode":"SPAN:eS2knCRgLegeRw8bcmSWA:0:32:0:3:0:32:0:4:11:0:undefined:undefined","labelName":"eS2knCRgLegeRw8bcmSWA","labelItem":{"id":"eS2knCRgLegeRw8bcmSWA","labelName":"Skill"},"textPosition":{"start":{"row":32,"column":0,"tokenIndex":3,"charIndex":0},"end":{"row":32,"column":0,"tokenIndex":4,"charIndex":11}},"confidenceScore":null},{"id":"1663411485","labeledBy":"LABELER","labeledByUserId":6814,"acceptedByUserId":null,"rejectedByUserId":null,"layer":0,"counter":0,"status":"ACCEPTED","hashCode":"SPAN:eS2knCRgLegeRw8bcmSWA:0:33:0:0:0:33:0:0:6:0:undefined:undefined","labelName":"eS2knCRgLegeRw8bcmSWA","labelItem":{"id":"eS2knCRgLegeRw8bcmSWA","labelName":"Skill"},"textPosition":{"start":{"row":33,"column":0,"tokenIndex":0,"charIndex":0},"end":{"row":33,"column":0,"tokenIndex":0,"charIndex":6}},"confidenceScore":null},{"id":"1663411488","labeledBy":"LABELER","labeledByUserId":6814,"acceptedByUserId":null,"rejectedByUserId":null,"layer":0,"counter":0,"status":"ACCEPTED","hashCode":"SPAN:eS2knCRgLegeRw8bcmSWA:0:35:0:0:0:35:0:0:2:0:undefined:undefined","labelName":"eS2knCRgLegeRw8bcmSWA","labelItem":{"id":"eS2knCRgLegeRw8bcmSWA","labelName":"Skill"},"textPosition":{"start":{"row":35,"column":0,"tokenIndex":0,"charIndex":0},"end":{"row":35,"column":0,"tokenIndex":0,"charIndex":2}},"confidenceScore":null},{"id":"1663411491","labeledBy":"LABELER","labeledByUserId":6814,"acceptedByUserId":null,"rejectedByUserId":null,"layer":0,"counter":0,"status":"ACCEPTED","hashCode":"SPAN:BjO8MdvK2KI4E5iMEeY4B:0:39:0:3:0:39:0:3:3:0:undefined:undefined","labelName":"BjO8MdvK2KI4E5iMEeY4B","labelItem":{"id":"BjO8MdvK2KI4E5iMEeY4B","labelName":"Graduation Year"},"textPosition":{"start":{"row":39,"column":0,"tokenIndex":3,"charIndex":0},"end":{"row":39,"column":0,"tokenIndex":3,"charIndex":3}},"confidenceScore":null},{"id":"1663411494","labeledBy":"LABELER","labeledByUserId":6814,"acceptedByUserId":null,"rejectedByUserId":null,"layer":0,"counter":0,"status":"ACCEPTED","hashCode":"SPAN:IeEoIKabMl51BJE0gX2YL:0:39:0:4:0:39:0:9:9:0:undefined:undefined","labelName":"IeEoIKabMl51BJE0gX2YL","labelItem":{"id":"IeEoIKabMl51BJE0gX2YL","labelName":"Degree"},"textPosition":{"start":{"row":39,"column":0,"tokenIndex":4,"charIndex":0},"end":{"row":39,"column":0,"tokenIndex":9,"charIndex":9}},"confidenceScore":null},{"id":"1663411497","labeledBy":"LABELER","labeledByUserId":6814,"acceptedByUserId":null,"rejectedByUserId":null,"layer":0,"counter":0,"status":"ACCEPTED","hashCode":"SPAN:Kj5U6n9NUqTXuWcB3c_7L:0:39:0:10:0:39:0:12:8:0:undefined:undefined","labelName":"Kj5U6n9NUqTXuWcB3c_7L","labelItem":{"id":"Kj5U6n9NUqTXuWcB3c_7L","labelName":"College"},"textPosition":{"start":{"row":39,"column":0,"tokenIndex":10,"charIndex":0},"end":{"row":39,"column":0,"tokenIndex":12,"charIndex":8}},"confidenceScore":null},{"id":"1663411500","labeledBy":"LABELER","labeledByUserId":6814,"acceptedByUserId":null,"rejectedByUserId":null,"layer":0,"counter":0,"status":"ACCEPTED","hashCode":"SPAN:1R0C50AAwFbEp2O0WmRv6:0:39:0:14:0:39:0:14:3:0:undefined:undefined","labelName":"1R0C50AAwFbEp2O0WmRv6","labelItem":{"id":"1R0C50AAwFbEp2O0WmRv6","labelName":"Location"},"textPosition":{"start":{"row":39,"column":0,"tokenIndex":14,"charIndex":0},"end":{"row":39,"column":0,"tokenIndex":14,"charIndex":3}},"confidenceScore":null},{"id":"1663411503","labeledBy":"LABELER","labeledByUserId":6814,"acceptedByUserId":null,"rejectedByUserId":null,"layer":0,"counter":0,"status":"ACCEPTED","hashCode":"SPAN:1R0C50AAwFbEp2O0WmRv6:0:39:0:16:0:39:0:16:4:0:undefined:undefined","labelName":"1R0C50AAwFbEp2O0WmRv6","labelItem":{"id":"1R0C50AAwFbEp2O0WmRv6","labelName":"Location"},"textPosition":{"start":{"row":39,"column":0,"tokenIndex":16,"charIndex":0},"end":{"row":39,"column":0,"tokenIndex":16,"charIndex":4}},"confidenceScore":null},{"id":"1663411506","labeledBy":"LABELER","labeledByUserId":6814,"acceptedByUserId":null,"rejectedByUserId":null,"layer":0,"counter":0,"status":"ACCEPTED","hashCode":"SPAN:1R0C50AAwFbEp2O0WmRv6:0:39:0:18:0:39:0:19:5:0:undefined:undefined","labelName":"1R0C50AAwFbEp2O0WmRv6","labelItem":{"id":"1R0C50AAwFbEp2O0WmRv6","labelName":"Location"},"textPosition":{"start":{"row":39,"column":0,"tokenIndex":18,"charIndex":0},"end":{"row":39,"column":0,"tokenIndex":19,"charIndex":5}},"confidenceScore":null},{"id":"1663411509","labeledBy":"LABELER","labeledByUserId":6814,"acceptedByUserId":null,"rejectedByUserId":null,"layer":0,"counter":0,"status":"ACCEPTED","hashCode":"SPAN:eS2knCRgLegeRw8bcmSWA:0:39:0:29:0:39:0:31:9:0:undefined:undefined","labelName":"eS2knCRgLegeRw8bcmSWA","labelItem":{"id":"eS2knCRgLegeRw8bcmSWA","labelName":"Skill"},"textPosition":{"start":{"row":39,"column":0,"tokenIndex":29,"charIndex":0},"end":{"row":39,"column":0,"tokenIndex":31,"charIndex":9}},"confidenceScore":null},{"id":"1663411512","labeledBy":"LABELER","labeledByUserId":6814,"acceptedByUserId":null,"rejectedByUserId":null,"layer":0,"counter":0,"status":"ACCEPTED","hashCode":"SPAN:Kj5U6n9NUqTXuWcB3c_7L:0:39:0:32:0:39:0:33:4:0:undefined:undefined","labelName":"Kj5U6n9NUqTXuWcB3c_7L","labelItem":{"id":"Kj5U6n9NUqTXuWcB3c_7L","labelName":"College"},"textPosition":{"start":{"row":39,"column":0,"tokenIndex":32,"charIndex":0},"end":{"row":39,"column":0,"tokenIndex":33,"charIndex":4}},"confidenceScore":null},{"id":"1663411515","labeledBy":"LABELER","labeledByUserId":6814,"acceptedByUserId":null,"rejectedByUserId":null,"layer":0,"counter":0,"status":"ACCEPTED","hashCode":"SPAN:1R0C50AAwFbEp2O0WmRv6:0:39:0:35:0:39:0:35:3:0:undefined:undefined","labelName":"1R0C50AAwFbEp2O0WmRv6","labelItem":{"id":"1R0C50AAwFbEp2O0WmRv6","labelName":"Location"},"textPosition":{"start":{"row":39,"column":0,"tokenIndex":35,"charIndex":0},"end":{"row":39,"column":0,"tokenIndex":35,"charIndex":3}},"confidenceScore":null},{"id":"1663411518","labeledBy":"LABELER","labeledByUserId":6814,"acceptedByUserId":null,"rejectedByUserId":null,"layer":0,"counter":0,"status":"ACCEPTED","hashCode":"SPAN:1R0C50AAwFbEp2O0WmRv6:0:39:0:37:0:39:0:37:4:0:undefined:undefined","labelName":"1R0C50AAwFbEp2O0WmRv6","labelItem":{"id":"1R0C50AAwFbEp2O0WmRv6","labelName":"Location"},"textPosition":{"start":{"row":39,"column":0,"tokenIndex":37,"charIndex":0},"end":{"row":39,"column":0,"tokenIndex":37,"charIndex":4}},"confidenceScore":null},{"id":"1663411521","labeledBy":"LABELER","labeledByUserId":6814,"acceptedByUserId":null,"rejectedByUserId":null,"layer":0,"counter":0,"status":"ACCEPTED","hashCode":"SPAN:1R0C50AAwFbEp2O0WmRv6:0:39:0:40:0:39:0:40:5:0:undefined:undefined","labelName":"1R0C50AAwFbEp2O0WmRv6","labelItem":{"id":"1R0C50AAwFbEp2O0WmRv6","labelName":"Location"},"textPosition":{"start":{"row":39,"column":0,"tokenIndex":40,"charIndex":0},"end":{"row":39,"column":0,"tokenIndex":40,"charIndex":5}},"confidenceScore":null},{"id":"1663411524","labeledBy":"LABELER","labeledByUserId":6814,"acceptedByUserId":null,"rejectedByUserId":null,"layer":0,"counter":0,"status":"ACCEPTED","hashCode":"SPAN:eS2knCRgLegeRw8bcmSWA:0:39:0:43:0:39:0:44:13:0:undefined:undefined","labelName":"eS2knCRgLegeRw8bcmSWA","labelItem":{"id":"eS2knCRgLegeRw8bcmSWA","labelName":"Skill"},"textPosition":{"start":{"row":39,"column":0,"tokenIndex":43,"charIndex":0},"end":{"row":39,"column":0,"tokenIndex":44,"charIndex":13}},"confidenceScore":null},{"id":"1663411527","labeledBy":"LABELER","labeledByUserId":6814,"acceptedByUserId":null,"rejectedByUserId":null,"layer":0,"counter":0,"status":"ACCEPTED","hashCode":"SPAN:eS2knCRgLegeRw8bcmSWA:0:39:0:45:0:39:0:46:11:0:undefined:undefined","labelName":"eS2knCRgLegeRw8bcmSWA","labelItem":{"id":"eS2knCRgLegeRw8bcmSWA","labelName":"Skill"},"textPosition":{"start":{"row":39,"column":0,"tokenIndex":45,"charIndex":0},"end":{"row":39,"column":0,"tokenIndex":46,"charIndex":11}},"confidenceScore":null},{"id":"1663411530","labeledBy":"LABELER","labeledByUserId":6814,"acceptedByUserId":null,"rejectedByUserId":null,"layer":0,"counter":0,"status":"ACCEPTED","hashCode":"SPAN:eS2knCRgLegeRw8bcmSWA:0:39:0:47:0:39:0:47:6:0:undefined:undefined","labelName":"eS2knCRgLegeRw8bcmSWA","labelItem":{"id":"eS2knCRgLegeRw8bcmSWA","labelName":"Skill"},"textPosition":{"start":{"row":39,"column":0,"tokenIndex":47,"charIndex":0},"end":{"row":39,"column":0,"tokenIndex":47,"charIndex":6}},"confidenceScore":null},{"id":"1663411533","labeledBy":"LABELER","labeledByUserId":6814,"acceptedByUserId":null,"rejectedByUserId":null,"layer":0,"counter":0,"status":"ACCEPTED","hashCode":"SPAN:eS2knCRgLegeRw8bcmSWA:0:39:0:47:0:39:0:49:12:0:undefined:undefined","labelName":"eS2knCRgLegeRw8bcmSWA","labelItem":{"id":"eS2knCRgLegeRw8bcmSWA","labelName":"Skill"},"textPosition":{"start":{"row":39,"column":0,"tokenIndex":47,"charIndex":0},"end":{"row":39,"column":0,"tokenIndex":49,"charIndex":12}},"confidenceScore":null},{"id":"1663411536","labeledBy":"LABELER","labeledByUserId":6814,"acceptedByUserId":null,"rejectedByUserId":null,"layer":0,"counter":0,"status":"ACCEPTED","hashCode":"SPAN:eS2knCRgLegeRw8bcmSWA:0:39:0:51:0:39:0:52:19:0:undefined:undefined","labelName":"eS2knCRgLegeRw8bcmSWA","labelItem":{"id":"eS2knCRgLegeRw8bcmSWA","labelName":"Skill"},"textPosition":{"start":{"row":39,"column":0,"tokenIndex":51,"charIndex":0},"end":{"row":39,"column":0,"tokenIndex":52,"charIndex":19}},"confidenceScore":null},{"id":"1663411539","labeledBy":"LABELER","labeledByUserId":6814,"acceptedByUserId":null,"rejectedByUserId":null,"layer":0,"counter":0,"status":"ACCEPTED","hashCode":"SPAN:eS2knCRgLegeRw8bcmSWA:0:39:0:54:0:39:0:57:10:0:undefined:undefined","labelName":"eS2knCRgLegeRw8bcmSWA","labelItem":{"id":"eS2knCRgLegeRw8bcmSWA","labelName":"Skill"},"textPosition":{"start":{"row":39,"column":0,"tokenIndex":54,"charIndex":0},"end":{"row":39,"column":0,"tokenIndex":57,"charIndex":10}},"confidenceScore":null}],"arrowLabels":[],"boundingBoxLabels":[],"timeLabels":[],"comments":[],"url":"datasaur://static/6814/a6370554-81b1-4bad-8016-06d398c6d81c.txt"}}
