{"version":"1","data":{"project":{"id":"ODBjYmQ2MDg","name":"NLP SSM Final Project"},"document":{"id":"1e11973f-e4f0-4159-9299-a52619f963f5","name":"resume_3609_d2.txt"},"kinds":["TOKEN_BASED"],"rows":[[{"content":"Director of Project Management Operations & Product Innovation Director of Project Management Operations & Product Innovation Director of Project Management Operations & Product Innovation - Assa Abloy Van Alstyne, TX A road warrior and champion for digital transformation.","tokens":["Director","of","Project","Management","Operations","&","Product","Innovation","Director","of","Project","Management","Operations","&","Product","Innovation","Director","of","Project","Management","Operations","&","Product","Innovation","-","Assa","Abloy","Van","Alstyne,","TX","A","road","warrior","and","champion","for","digital","transformation."],"metadata":[]}],[{"content":"A proven inspirational leader who is a versatile IT, industrial, & healthcare professional with extensive experience managing multiple software implementation teams and cloud based technology projects.","tokens":["A","proven","inspirational","leader","who","is","a","versatile","IT,","industrial,","&","healthcare","professional","with","extensive","experience","managing","multiple","software","implementation","teams","and","cloud","based","technology","projects."],"metadata":[]}],[{"content":"An innovative talent looking for an energizing organization that matches my passion for innovation, and molding raw talent into world class leaders.","tokens":["An","innovative","talent","looking","for","an","energizing","organization","that","matches","my","passion","for","innovation,","and","molding","raw","talent","into","world","class","leaders."],"metadata":[]}],[{"content":"Work Experience Director of Project Management Operations & Product Innovation Assa Abloy August 2017 to Present Product Management o Analyze market trends and model potentials.","tokens":["Work","Experience","Director","of","Project","Management","Operations","&","Product","Innovation","Assa","Abloy","August","2017","to","Present","Product","Management","o","Analyze","market","trends","and","model","potentials."],"metadata":[]}],[{"content":"Execute actions that directly aligned to organization's strategy, collaborate with marketing on product positioning/go-to-market launches, and deliver products with demonstrable business impact o Collaborate with design and engineering teams, lead product team meetings.","tokens":["Execute","actions","that","directly","aligned","to","organization's","strategy,","collaborate","with","marketing","on","product","positioning/go-to-market","launches,","and","deliver","products","with","demonstrable","business","impact","o","Collaborate","with","design","and","engineering","teams,","lead","product","team","meetings."],"metadata":[]}],[{"content":"Manage backlogs and prioritize technical work o Leverages the Agile/Scrum framework to manage new product innovation and feature enhancement development.","tokens":["Manage","backlogs","and","prioritize","technical","work","o","Leverages","the","Agile/Scrum","framework","to","manage","new","product","innovation","and","feature","enhancement","development."],"metadata":[]}],[{"content":"Tracks product backlog and monitors product development sprint cycles in JIRA o Work with internal teams and stakeholders to generate ideas.","tokens":["Tracks","product","backlog","and","monitors","product","development","sprint","cycles","in","JIRA","o","Work","with","internal","teams","and","stakeholders","to","generate","ideas."],"metadata":[]}],[{"content":"Identify ideas that align with strategy and explain why certain ideas are prioritized and others are not o Develops use cases which connect the IIoT solution with key digital technologies: Blockchain & AI in logistics and supply chain mgmt.","tokens":["Identify","ideas","that","align","with","strategy","and","explain","why","certain","ideas","are","prioritized","and","others","are","not","o","Develops","use","cases","which","connect","the","IIoT","solution","with","key","digital","technologies:","Blockchain","&","AI","in","logistics","and","supply","chain","mgmt."],"metadata":[]}],[{"content":"Familiarity with: PLC, HMI, edge devices, IoT Sensors, edge agent software.","tokens":["Familiarity","with:","PLC,","HMI,","edge","devices,","IoT","Sensors,","edge","agent","software."],"metadata":[]}],[{"content":"o Leverage the CRM (customer relationship management) software system to mine opportunities and continuously engage customers and sales teams Project Operations and Customer Engagement o Manages certified project managers, technical account managers, help desk support staff, certified scrum masters, certified scrum product owners, business analysts, and technical writers.","tokens":["o","Leverage","the","CRM","(customer","relationship","management)","software","system","to","mine","opportunities","and","continuously","engage","customers","and","sales","teams","Project","Operations","and","Customer","Engagement","o","Manages","certified","project","managers,","technical","account","managers,","help","desk","support","staff,","certified","scrum","masters,","certified","scrum","product","owners,","business","analysts,","and","technical","writers."],"metadata":[]}],[{"content":"o Cultivates a customer intimate approach to all phases of the logistics system installation, while managing the professional services and recurring revenue models.","tokens":["o","Cultivates","a","customer","intimate","approach","to","all","phases","of","the","logistics","system","installation,","while","managing","the","professional","services","and","recurring","revenue","models."],"metadata":[]}],[{"content":"o Defined and built an enterprise PMO & managed all aspects of the strategic initiative.","tokens":["o","Defined","and","built","an","enterprise","PMO","&","managed","all","aspects","of","the","strategic","initiative."],"metadata":[]}],[{"content":"Developed governance, risk management, scope management & change control processes aligned with PMI best practices o Developed automated processes with Smartsheet, Dynamics365, & JDE ERP to accurately track professional service hours, invoicing, and recurring revenue o Manage large teams on both the professional services and both onshore & offshore development groups.","tokens":["Developed","governance,","risk","management,","scope","management","&","change","control","processes","aligned","with","PMI","best","practices","o","Developed","automated","processes","with","Smartsheet,","Dynamics365,","&","JDE","ERP","to","accurately","track","professional","service","hours,","invoicing,","and","recurring","revenue","o","Manage","large","teams","on","both","the","professional","services","and","both","onshore","&","offshore","development","groups."],"metadata":[]}],[{"content":"Manage various vendors as applicable to the business needs.","tokens":["Manage","various","vendors","as","applicable","to","the","business","needs."],"metadata":[]}],[{"content":"o Developed and reported on customer analysis.","tokens":["o","Developed","and","reported","on","customer","analysis."],"metadata":[]}],[{"content":"Proactively capture customer feedback Conduct VoC exercises and deliver product demos for new features o Manage divisions P&L/budgets and resource planning Senior Project Implementation Manager Philips Healthcare North America - PCMS November 2016 to August 2017 o Coordinated, managed, and executed installation processes/phases of the Philips enterprise level patient care monitoring system (PCMS).","tokens":["Proactively","capture","customer","feedback","Conduct","VoC","exercises","and","deliver","product","demos","for","new","features","o","Manage","divisions","P&L/budgets","and","resource","planning","Senior","Project","Implementation","Manager","Philips","Healthcare","North","America","-","PCMS","November","2016","to","August","2017","o","Coordinated,","managed,","and","executed","installation","processes/phases","of","the","Philips","enterprise","level","patient","care","monitoring","system","(PCMS)."],"metadata":[]}],[{"content":"Projects were aligned with month to month operational revenue forecasts and projections.","tokens":["Projects","were","aligned","with","month","to","month","operational","revenue","forecasts","and","projections."],"metadata":[]}],[{"content":"o Effectively applied project management methodologies & quality assurance procedures to ensure that caregivers could track & manage patients' needs, from the point of care to another unit, floor, or wing of a facility, and beyond.","tokens":["o","Effectively","applied","project","management","methodologies","&","quality","assurance","procedures","to","ensure","that","caregivers","could","track","&","manage","patients'","needs,","from","the","point","of","care","to","another","unit,","floor,","or","wing","of","a","facility,","and","beyond."],"metadata":[]}],[{"content":"o Leveraged the SalesForce.com CRM to guarantee a smooth transition from sales account managers to implementation teams.","tokens":["o","Leveraged","the","SalesForce.com","CRM","to","guarantee","a","smooth","transition","from","sales","account","managers","to","implementation","teams."],"metadata":[]}],[{"content":"Safeguarded the delivery of a high quality of service to patients and hospital staff.","tokens":["Safeguarded","the","delivery","of","a","high","quality","of","service","to","patients","and","hospital","staff."],"metadata":[]}],[{"content":"o Collaborate with regional sale force o Knowledgeable in system integration and networking workflow communication standards, e.g., XML, HL7, EDI, etc. ERP Implementation & IT Manager Nature Nate's - McKinney, TX July 2016 to November 2016 o Managed and delivered a large, complex Ross ERP system, targeting the Nature Nate's manufacturing food processes, on time and within budget.","tokens":["o","Collaborate","with","regional","sale","force","o","Knowledgeable","in","system","integration","and","networking","workflow","communication","standards,","e.g.,","XML,","HL7,","EDI,","etc.","ERP","Implementation","&","IT","Manager","Nature","Nate's","-","McKinney,","TX","July","2016","to","November","2016","o","Managed","and","delivered","a","large,","complex","Ross","ERP","system,","targeting","the","Nature","Nate's","manufacturing","food","processes,","on","time","and","within","budget."],"metadata":[]}],[{"content":"o Identified operational gaps 'post' Ross ERP implementation, leveraging the Ross manufacturing execution system reporting and analytic tools.","tokens":["o","Identified","operational","gaps","'post'","Ross","ERP","implementation,","leveraging","the","Ross","manufacturing","execution","system","reporting","and","analytic","tools."],"metadata":[]}],[{"content":"o Implemented creative business and technology solutions for key Nature Nate's manufacturing and distribution locations.","tokens":["o","Implemented","creative","business","and","technology","solutions","for","key","Nature","Nate's","manufacturing","and","distribution","locations."],"metadata":[]}],[{"content":"o Designed custom Ross ERP IAF (Internet Access Framework) applications, which improved operating efficiencies and end user satisfaction.","tokens":["o","Designed","custom","Ross","ERP","IAF","(Internet","Access","Framework)","applications,","which","improved","operating","efficiencies","and","end","user","satisfaction."],"metadata":[]}],[{"content":"Sr. Territory Implementation Manager Omnicell, Inc April 2014 to May 2016 o Defined and built an enterprise PMO & managed all aspects of the strategic initiative o Developed governance, risk management, scope management & change control processes o Worked extensively with sales teams to drive business with existing customer base, leveraged VoC focused user groups o Collaborated and contributed to the legacy development team's Agile/Scrum product development processes.","tokens":["Sr.","Territory","Implementation","Manager","Omnicell,","Inc","April","2014","to","May","2016","o","Defined","and","built","an","enterprise","PMO","&","managed","all","aspects","of","the","strategic","initiative","o","Developed","governance,","risk","management,","scope","management","&","change","control","processes","o","Worked","extensively","with","sales","teams","to","drive","business","with","existing","customer","base,","leveraged","VoC","focused","user","groups","o","Collaborated","and","contributed","to","the","legacy","development","team's","Agile/Scrum","product","development","processes."],"metadata":[]}],[{"content":"o Continued to drive and hit quarterly revenue milestones with the legacy implementation teams, leveraging both the SAP CRM and ERP systems.","tokens":["o","Continued","to","drive","and","hit","quarterly","revenue","milestones","with","the","legacy","implementation","teams,","leveraging","both","the","SAP","CRM","and","ERP","systems."],"metadata":[]}],[{"content":"o Provided oversight and coordination of large teams to ensure effective implementation of legacy systems: Medication Automation, OR supply-chain, pharmacy management, and enterprise analytic reporting systems, which spanned 27 states.","tokens":["o","Provided","oversight","and","coordination","of","large","teams","to","ensure","effective","implementation","of","legacy","systems:","Medication","Automation,","OR","supply-chain,","pharmacy","management,","and","enterprise","analytic","reporting","systems,","which","spanned","27","states."],"metadata":[]}],[{"content":"o Applied a laser focus on customer relations management, triaged & solved complex customer issues throughout a systems implementation lifecycle.","tokens":["o","Applied","a","laser","focus","on","customer","relations","management,","triaged","&","solved","complex","customer","issues","throughout","a","systems","implementation","lifecycle."],"metadata":[]}],[{"content":"o Leveraged SharePoint & Microsoft Project to streamline project scheduling, budgeting, and IT/systems planning.","tokens":["o","Leveraged","SharePoint","&","Microsoft","Project","to","streamline","project","scheduling,","budgeting,","and","IT/systems","planning."],"metadata":[]}],[{"content":"Tracked multiple teams' progress to ensure project milestones were completed on time, on budget, and in line with monthly & quarterly revenue targets.","tokens":["Tracked","multiple","teams'","progress","to","ensure","project","milestones","were","completed","on","time,","on","budget,","and","in","line","with","monthly","&","quarterly","revenue","targets."],"metadata":[]}],[{"content":"Education Masters in Cybersecurity Management in Cybersecurity Management Purdue University Internet of Things Business Implications & Opportunities MIT Sloan School of Management Bachelor of Science in Information Technology in Information Technology University of Phoenix Masters of Business Administration in Business Administration University of Phoenix Skills Procurement, Outlook, Logistics, SAP Links https://www.linkedin.com/in/louis-kuhns-mba-csm-cspo-2b3073185/ Certifications/Licenses CSM - Certified Scrum Master October 2017 to March 2020 CSPO - Certified Scrum Product Owner March 2018 to March 2020","tokens":["Education","Masters","in","Cybersecurity","Management","in","Cybersecurity","Management","Purdue","University","Internet","of","Things","Business","Implications","&","Opportunities","MIT","Sloan","School","of","Management","Bachelor","of","Science","in","Information","Technology","in","Information","Technology","University","of","Phoenix","Masters","of","Business","Administration","in","Business","Administration","University","of","Phoenix","Skills","Procurement,","Outlook,","Logistics,","SAP","Links","https://www.linkedin.com/in/louis-kuhns-mba-csm-cspo-2b3073185/","Certifications/Licenses","CSM","-","Certified","Scrum","Master","October","2017","to","March","2020","CSPO","-","Certified","Scrum","Product","Owner","March","2018","to","March","2020"],"metadata":[]}]],"labelerInfo":{"id":6814,"email":"cwilhel8@jh.edu","displayName":"Chris Wilhelm"},"labelSets":[{"name":"Resume Labels","index":0,"labelItems":[{"id":"Kj5U6n9NUqTXuWcB3c_7L","labelName":"College"},{"id":"rj7TW0-ymuRo6f_asXJab","labelName":"Company Name"},{"id":"SJEkdao76hjwbb6Fh5SY6","labelName":"Job Title"},{"id":"BjO8MdvK2KI4E5iMEeY4B","labelName":"Graduation Year"},{"id":"eS2knCRgLegeRw8bcmSWA","labelName":"Skill"},{"id":"IeEoIKabMl51BJE0gX2YL","labelName":"Degree"},{"id":"1R0C50AAwFbEp2O0WmRv6","labelName":"Location"},{"id":"zQcc4ygexJ_A3Gb0NeRTk","labelName":"Years of Experience"},{"id":"52S_6moRfhjC-yXgIBeCp","labelName":"Date"},{"id":"KiLarWmwlU1E3-FfdG6Qg","labelName":"Project"},{"id":"dyxKKTAxW1z5ifjPj42BI","labelName":"Name"}]}],"spanLabels":[{"id":"1663412550","labeledBy":"LABELER","labeledByUserId":6814,"acceptedByUserId":null,"rejectedByUserId":null,"layer":0,"counter":0,"status":"ACCEPTED","hashCode":"SPAN:SJEkdao76hjwbb6Fh5SY6:0:0:0:0:0:0:0:7:9:0:undefined:undefined","labelName":"SJEkdao76hjwbb6Fh5SY6","labelItem":{"id":"SJEkdao76hjwbb6Fh5SY6","labelName":"Job Title"},"textPosition":{"start":{"row":0,"column":0,"tokenIndex":0,"charIndex":0},"end":{"row":0,"column":0,"tokenIndex":7,"charIndex":9}},"confidenceScore":null},{"id":"1663412553","labeledBy":"LABELER","labeledByUserId":6814,"acceptedByUserId":null,"rejectedByUserId":null,"layer":0,"counter":0,"status":"ACCEPTED","hashCode":"SPAN:SJEkdao76hjwbb6Fh5SY6:0:0:0:8:0:0:0:15:9:0:undefined:undefined","labelName":"SJEkdao76hjwbb6Fh5SY6","labelItem":{"id":"SJEkdao76hjwbb6Fh5SY6","labelName":"Job Title"},"textPosition":{"start":{"row":0,"column":0,"tokenIndex":8,"charIndex":0},"end":{"row":0,"column":0,"tokenIndex":15,"charIndex":9}},"confidenceScore":null},{"id":"1663412556","labeledBy":"LABELER","labeledByUserId":6814,"acceptedByUserId":null,"rejectedByUserId":null,"layer":0,"counter":0,"status":"ACCEPTED","hashCode":"SPAN:SJEkdao76hjwbb6Fh5SY6:0:0:0:16:0:0:0:23:9:0:undefined:undefined","labelName":"SJEkdao76hjwbb6Fh5SY6","labelItem":{"id":"SJEkdao76hjwbb6Fh5SY6","labelName":"Job Title"},"textPosition":{"start":{"row":0,"column":0,"tokenIndex":16,"charIndex":0},"end":{"row":0,"column":0,"tokenIndex":23,"charIndex":9}},"confidenceScore":null},{"id":"1663412562","labeledBy":"LABELER","labeledByUserId":6814,"acceptedByUserId":null,"rejectedByUserId":null,"layer":0,"counter":0,"status":"ACCEPTED","hashCode":"SPAN:rj7TW0-ymuRo6f_asXJab:0:0:0:25:0:0:0:26:4:0:undefined:undefined","labelName":"rj7TW0-ymuRo6f_asXJab","labelItem":{"id":"rj7TW0-ymuRo6f_asXJab","labelName":"Company Name"},"textPosition":{"start":{"row":0,"column":0,"tokenIndex":25,"charIndex":0},"end":{"row":0,"column":0,"tokenIndex":26,"charIndex":4}},"confidenceScore":null},{"id":"1663412566","labeledBy":"LABELER","labeledByUserId":6814,"acceptedByUserId":null,"rejectedByUserId":null,"layer":0,"counter":0,"status":"ACCEPTED","hashCode":"SPAN:1R0C50AAwFbEp2O0WmRv6:0:0:0:27:0:0:0:28:7:0:undefined:undefined","labelName":"1R0C50AAwFbEp2O0WmRv6","labelItem":{"id":"1R0C50AAwFbEp2O0WmRv6","labelName":"Location"},"textPosition":{"start":{"row":0,"column":0,"tokenIndex":27,"charIndex":0},"end":{"row":0,"column":0,"tokenIndex":28,"charIndex":7}},"confidenceScore":null},{"id":"1663412571","labeledBy":"LABELER","labeledByUserId":6814,"acceptedByUserId":null,"rejectedByUserId":null,"layer":0,"counter":0,"status":"ACCEPTED","hashCode":"SPAN:1R0C50AAwFbEp2O0WmRv6:0:0:0:29:0:0:0:29:1:0:undefined:undefined","labelName":"1R0C50AAwFbEp2O0WmRv6","labelItem":{"id":"1R0C50AAwFbEp2O0WmRv6","labelName":"Location"},"textPosition":{"start":{"row":0,"column":0,"tokenIndex":29,"charIndex":0},"end":{"row":0,"column":0,"tokenIndex":29,"charIndex":1}},"confidenceScore":null},{"id":"1663412577","labeledBy":"LABELER","labeledByUserId":6814,"acceptedByUserId":null,"rejectedByUserId":null,"layer":0,"counter":0,"status":"ACCEPTED","hashCode":"SPAN:eS2knCRgLegeRw8bcmSWA:0:1:0:3:0:1:0:3:5:0:undefined:undefined","labelName":"eS2knCRgLegeRw8bcmSWA","labelItem":{"id":"eS2knCRgLegeRw8bcmSWA","labelName":"Skill"},"textPosition":{"start":{"row":1,"column":0,"tokenIndex":3,"charIndex":0},"end":{"row":1,"column":0,"tokenIndex":3,"charIndex":5}},"confidenceScore":null},{"id":"1663412583","labeledBy":"LABELER","labeledByUserId":6814,"acceptedByUserId":null,"rejectedByUserId":null,"layer":0,"counter":0,"status":"ACCEPTED","hashCode":"SPAN:eS2knCRgLegeRw8bcmSWA:0:1:0:8:0:1:0:8:2:0:undefined:undefined","labelName":"eS2knCRgLegeRw8bcmSWA","labelItem":{"id":"eS2knCRgLegeRw8bcmSWA","labelName":"Skill"},"textPosition":{"start":{"row":1,"column":0,"tokenIndex":8,"charIndex":0},"end":{"row":1,"column":0,"tokenIndex":8,"charIndex":2}},"confidenceScore":null},{"id":"1663412586","labeledBy":"LABELER","labeledByUserId":6814,"acceptedByUserId":null,"rejectedByUserId":null,"layer":0,"counter":0,"status":"ACCEPTED","hashCode":"SPAN:eS2knCRgLegeRw8bcmSWA:0:1:0:9:0:1:0:9:10:0:undefined:undefined","labelName":"eS2knCRgLegeRw8bcmSWA","labelItem":{"id":"eS2knCRgLegeRw8bcmSWA","labelName":"Skill"},"textPosition":{"start":{"row":1,"column":0,"tokenIndex":9,"charIndex":0},"end":{"row":1,"column":0,"tokenIndex":9,"charIndex":10}},"confidenceScore":null},{"id":"1663412587","labeledBy":"LABELER","labeledByUserId":6814,"acceptedByUserId":null,"rejectedByUserId":null,"layer":0,"counter":0,"status":"ACCEPTED","hashCode":"SPAN:eS2knCRgLegeRw8bcmSWA:0:1:0:11:0:1:0:12:11:0:undefined:undefined","labelName":"eS2knCRgLegeRw8bcmSWA","labelItem":{"id":"eS2knCRgLegeRw8bcmSWA","labelName":"Skill"},"textPosition":{"start":{"row":1,"column":0,"tokenIndex":11,"charIndex":0},"end":{"row":1,"column":0,"tokenIndex":12,"charIndex":11}},"confidenceScore":null},{"id":"1663412592","labeledBy":"LABELER","labeledByUserId":6814,"acceptedByUserId":null,"rejectedByUserId":null,"layer":0,"counter":0,"status":"ACCEPTED","hashCode":"SPAN:eS2knCRgLegeRw8bcmSWA:0:1:0:18:0:1:0:20:4:0:undefined:undefined","labelName":"eS2knCRgLegeRw8bcmSWA","labelItem":{"id":"eS2knCRgLegeRw8bcmSWA","labelName":"Skill"},"textPosition":{"start":{"row":1,"column":0,"tokenIndex":18,"charIndex":0},"end":{"row":1,"column":0,"tokenIndex":20,"charIndex":4}},"confidenceScore":null},{"id":"1663412598","labeledBy":"LABELER","labeledByUserId":6814,"acceptedByUserId":null,"rejectedByUserId":null,"layer":0,"counter":0,"status":"ACCEPTED","hashCode":"SPAN:eS2knCRgLegeRw8bcmSWA:0:1:0:22:0:1:0:25:8:0:undefined:undefined","labelName":"eS2knCRgLegeRw8bcmSWA","labelItem":{"id":"eS2knCRgLegeRw8bcmSWA","labelName":"Skill"},"textPosition":{"start":{"row":1,"column":0,"tokenIndex":22,"charIndex":0},"end":{"row":1,"column":0,"tokenIndex":25,"charIndex":8}},"confidenceScore":null},{"id":"1663412610","labeledBy":"LABELER","labeledByUserId":6814,"acceptedByUserId":null,"rejectedByUserId":null,"layer":0,"counter":0,"status":"ACCEPTED","hashCode":"SPAN:SJEkdao76hjwbb6Fh5SY6:0:3:0:2:0:3:0:9:9:0:undefined:undefined","labelName":"SJEkdao76hjwbb6Fh5SY6","labelItem":{"id":"SJEkdao76hjwbb6Fh5SY6","labelName":"Job Title"},"textPosition":{"start":{"row":3,"column":0,"tokenIndex":2,"charIndex":0},"end":{"row":3,"column":0,"tokenIndex":9,"charIndex":9}},"confidenceScore":null},{"id":"1663412616","labeledBy":"LABELER","labeledByUserId":6814,"acceptedByUserId":null,"rejectedByUserId":null,"layer":0,"counter":0,"status":"ACCEPTED","hashCode":"SPAN:rj7TW0-ymuRo6f_asXJab:0:3:0:10:0:3:0:11:4:0:undefined:undefined","labelName":"rj7TW0-ymuRo6f_asXJab","labelItem":{"id":"rj7TW0-ymuRo6f_asXJab","labelName":"Company Name"},"textPosition":{"start":{"row":3,"column":0,"tokenIndex":10,"charIndex":0},"end":{"row":3,"column":0,"tokenIndex":11,"charIndex":4}},"confidenceScore":null},{"id":"1663412619","labeledBy":"LABELER","labeledByUserId":6814,"acceptedByUserId":null,"rejectedByUserId":null,"layer":0,"counter":0,"status":"ACCEPTED","hashCode":"SPAN:52S_6moRfhjC-yXgIBeCp:0:3:0:12:0:3:0:13:3:0:undefined:undefined","labelName":"52S_6moRfhjC-yXgIBeCp","labelItem":{"id":"52S_6moRfhjC-yXgIBeCp","labelName":"Date"},"textPosition":{"start":{"row":3,"column":0,"tokenIndex":12,"charIndex":0},"end":{"row":3,"column":0,"tokenIndex":13,"charIndex":3}},"confidenceScore":null},{"id":"1663412622","labeledBy":"LABELER","labeledByUserId":6814,"acceptedByUserId":null,"rejectedByUserId":null,"layer":0,"counter":0,"status":"ACCEPTED","hashCode":"SPAN:52S_6moRfhjC-yXgIBeCp:0:3:0:15:0:3:0:15:6:0:undefined:undefined","labelName":"52S_6moRfhjC-yXgIBeCp","labelItem":{"id":"52S_6moRfhjC-yXgIBeCp","labelName":"Date"},"textPosition":{"start":{"row":3,"column":0,"tokenIndex":15,"charIndex":0},"end":{"row":3,"column":0,"tokenIndex":15,"charIndex":6}},"confidenceScore":null},{"id":"1663412628","labeledBy":"LABELER","labeledByUserId":6814,"acceptedByUserId":null,"rejectedByUserId":null,"layer":0,"counter":0,"status":"ACCEPTED","hashCode":"SPAN:eS2knCRgLegeRw8bcmSWA:0:3:0:16:0:3:0:17:9:0:undefined:undefined","labelName":"eS2knCRgLegeRw8bcmSWA","labelItem":{"id":"eS2knCRgLegeRw8bcmSWA","labelName":"Skill"},"textPosition":{"start":{"row":3,"column":0,"tokenIndex":16,"charIndex":0},"end":{"row":3,"column":0,"tokenIndex":17,"charIndex":9}},"confidenceScore":null},{"id":"1663412640","labeledBy":"LABELER","labeledByUserId":6814,"acceptedByUserId":null,"rejectedByUserId":null,"layer":0,"counter":0,"status":"ACCEPTED","hashCode":"SPAN:eS2knCRgLegeRw8bcmSWA:0:3:0:19:0:3:0:21:5:0:undefined:undefined","labelName":"eS2knCRgLegeRw8bcmSWA","labelItem":{"id":"eS2knCRgLegeRw8bcmSWA","labelName":"Skill"},"textPosition":{"start":{"row":3,"column":0,"tokenIndex":19,"charIndex":0},"end":{"row":3,"column":0,"tokenIndex":21,"charIndex":5}},"confidenceScore":null},{"id":"1663412646","labeledBy":"LABELER","labeledByUserId":6814,"acceptedByUserId":null,"rejectedByUserId":null,"layer":0,"counter":0,"status":"ACCEPTED","hashCode":"SPAN:eS2knCRgLegeRw8bcmSWA:0:3:0:23:0:3:0:24:10:0:undefined:undefined","labelName":"eS2knCRgLegeRw8bcmSWA","labelItem":{"id":"eS2knCRgLegeRw8bcmSWA","labelName":"Skill"},"textPosition":{"start":{"row":3,"column":0,"tokenIndex":23,"charIndex":0},"end":{"row":3,"column":0,"tokenIndex":24,"charIndex":10}},"confidenceScore":null},{"id":"1663412652","labeledBy":"LABELER","labeledByUserId":6814,"acceptedByUserId":null,"rejectedByUserId":null,"layer":0,"counter":0,"status":"ACCEPTED","hashCode":"SPAN:eS2knCRgLegeRw8bcmSWA:0:4:0:10:0:4:0:10:8:0:undefined:undefined","labelName":"eS2knCRgLegeRw8bcmSWA","labelItem":{"id":"eS2knCRgLegeRw8bcmSWA","labelName":"Skill"},"textPosition":{"start":{"row":4,"column":0,"tokenIndex":10,"charIndex":0},"end":{"row":4,"column":0,"tokenIndex":10,"charIndex":8}},"confidenceScore":null},{"id":"1663412658","labeledBy":"LABELER","labeledByUserId":6814,"acceptedByUserId":null,"rejectedByUserId":null,"layer":0,"counter":0,"status":"ACCEPTED","hashCode":"SPAN:eS2knCRgLegeRw8bcmSWA:0:4:0:23:0:4:0:23:10:0:undefined:undefined","labelName":"eS2knCRgLegeRw8bcmSWA","labelItem":{"id":"eS2knCRgLegeRw8bcmSWA","labelName":"Skill"},"textPosition":{"start":{"row":4,"column":0,"tokenIndex":23,"charIndex":0},"end":{"row":4,"column":0,"tokenIndex":23,"charIndex":10}},"confidenceScore":null},{"id":"1663412664","labeledBy":"LABELER","labeledByUserId":6814,"acceptedByUserId":null,"rejectedByUserId":null,"layer":0,"counter":0,"status":"ACCEPTED","hashCode":"SPAN:eS2knCRgLegeRw8bcmSWA:0:4:0:29:0:4:0:29:3:0:undefined:undefined","labelName":"eS2knCRgLegeRw8bcmSWA","labelItem":{"id":"eS2knCRgLegeRw8bcmSWA","labelName":"Skill"},"textPosition":{"start":{"row":4,"column":0,"tokenIndex":29,"charIndex":0},"end":{"row":4,"column":0,"tokenIndex":29,"charIndex":3}},"confidenceScore":null},{"id":"1663412670","labeledBy":"LABELER","labeledByUserId":6814,"acceptedByUserId":null,"rejectedByUserId":null,"layer":0,"counter":0,"status":"ACCEPTED","hashCode":"SPAN:eS2knCRgLegeRw8bcmSWA:0:5:0:0:0:5:0:0:5:0:undefined:undefined","labelName":"eS2knCRgLegeRw8bcmSWA","labelItem":{"id":"eS2knCRgLegeRw8bcmSWA","labelName":"Skill"},"textPosition":{"start":{"row":5,"column":0,"tokenIndex":0,"charIndex":0},"end":{"row":5,"column":0,"tokenIndex":0,"charIndex":5}},"confidenceScore":null},{"id":"1663412676","labeledBy":"LABELER","labeledByUserId":6814,"acceptedByUserId":null,"rejectedByUserId":null,"layer":0,"counter":0,"status":"ACCEPTED","hashCode":"SPAN:eS2knCRgLegeRw8bcmSWA:0:5:0:3:0:5:0:5:3:0:undefined:undefined","labelName":"eS2knCRgLegeRw8bcmSWA","labelItem":{"id":"eS2knCRgLegeRw8bcmSWA","labelName":"Skill"},"textPosition":{"start":{"row":5,"column":0,"tokenIndex":3,"charIndex":0},"end":{"row":5,"column":0,"tokenIndex":5,"charIndex":3}},"confidenceScore":null},{"id":"1663412682","labeledBy":"LABELER","labeledByUserId":6814,"acceptedByUserId":null,"rejectedByUserId":null,"layer":0,"counter":0,"status":"ACCEPTED","hashCode":"SPAN:eS2knCRgLegeRw8bcmSWA:0:5:0:9:0:5:0:9:10:0:undefined:undefined","labelName":"eS2knCRgLegeRw8bcmSWA","labelItem":{"id":"eS2knCRgLegeRw8bcmSWA","labelName":"Skill"},"textPosition":{"start":{"row":5,"column":0,"tokenIndex":9,"charIndex":0},"end":{"row":5,"column":0,"tokenIndex":9,"charIndex":10}},"confidenceScore":null},{"id":"1663412688","labeledBy":"LABELER","labeledByUserId":6814,"acceptedByUserId":null,"rejectedByUserId":null,"layer":0,"counter":0,"status":"ACCEPTED","hashCode":"SPAN:eS2knCRgLegeRw8bcmSWA:0:7:0:30:0:7:0:30:9:0:undefined:undefined","labelName":"eS2knCRgLegeRw8bcmSWA","labelItem":{"id":"eS2knCRgLegeRw8bcmSWA","labelName":"Skill"},"textPosition":{"start":{"row":7,"column":0,"tokenIndex":30,"charIndex":0},"end":{"row":7,"column":0,"tokenIndex":30,"charIndex":9}},"confidenceScore":null},{"id":"1663412691","labeledBy":"LABELER","labeledByUserId":6814,"acceptedByUserId":null,"rejectedByUserId":null,"layer":0,"counter":0,"status":"ACCEPTED","hashCode":"SPAN:eS2knCRgLegeRw8bcmSWA:0:7:0:32:0:7:0:32:1:0:undefined:undefined","labelName":"eS2knCRgLegeRw8bcmSWA","labelItem":{"id":"eS2knCRgLegeRw8bcmSWA","labelName":"Skill"},"textPosition":{"start":{"row":7,"column":0,"tokenIndex":32,"charIndex":0},"end":{"row":7,"column":0,"tokenIndex":32,"charIndex":1}},"confidenceScore":null},{"id":"1663412694","labeledBy":"LABELER","labeledByUserId":6814,"acceptedByUserId":null,"rejectedByUserId":null,"layer":0,"counter":0,"status":"ACCEPTED","hashCode":"SPAN:eS2knCRgLegeRw8bcmSWA:0:7:0:34:0:7:0:34:8:0:undefined:undefined","labelName":"eS2knCRgLegeRw8bcmSWA","labelItem":{"id":"eS2knCRgLegeRw8bcmSWA","labelName":"Skill"},"textPosition":{"start":{"row":7,"column":0,"tokenIndex":34,"charIndex":0},"end":{"row":7,"column":0,"tokenIndex":34,"charIndex":8}},"confidenceScore":null},{"id":"1663412697","labeledBy":"LABELER","labeledByUserId":6814,"acceptedByUserId":null,"rejectedByUserId":null,"layer":0,"counter":0,"status":"ACCEPTED","hashCode":"SPAN:eS2knCRgLegeRw8bcmSWA:0:7:0:36:0:7:0:38:4:0:undefined:undefined","labelName":"eS2knCRgLegeRw8bcmSWA","labelItem":{"id":"eS2knCRgLegeRw8bcmSWA","labelName":"Skill"},"textPosition":{"start":{"row":7,"column":0,"tokenIndex":36,"charIndex":0},"end":{"row":7,"column":0,"tokenIndex":38,"charIndex":4}},"confidenceScore":null},{"id":"1663412700","labeledBy":"LABELER","labeledByUserId":6814,"acceptedByUserId":null,"rejectedByUserId":null,"layer":0,"counter":0,"status":"ACCEPTED","hashCode":"SPAN:eS2knCRgLegeRw8bcmSWA:0:8:0:2:0:8:0:2:3:0:undefined:undefined","labelName":"eS2knCRgLegeRw8bcmSWA","labelItem":{"id":"eS2knCRgLegeRw8bcmSWA","labelName":"Skill"},"textPosition":{"start":{"row":8,"column":0,"tokenIndex":2,"charIndex":0},"end":{"row":8,"column":0,"tokenIndex":2,"charIndex":3}},"confidenceScore":null},{"id":"1663412703","labeledBy":"LABELER","labeledByUserId":6814,"acceptedByUserId":null,"rejectedByUserId":null,"layer":0,"counter":0,"status":"ACCEPTED","hashCode":"SPAN:eS2knCRgLegeRw8bcmSWA:0:8:0:3:0:8:0:3:3:0:undefined:undefined","labelName":"eS2knCRgLegeRw8bcmSWA","labelItem":{"id":"eS2knCRgLegeRw8bcmSWA","labelName":"Skill"},"textPosition":{"start":{"row":8,"column":0,"tokenIndex":3,"charIndex":0},"end":{"row":8,"column":0,"tokenIndex":3,"charIndex":3}},"confidenceScore":null},{"id":"1663412706","labeledBy":"LABELER","labeledByUserId":6814,"acceptedByUserId":null,"rejectedByUserId":null,"layer":0,"counter":0,"status":"ACCEPTED","hashCode":"SPAN:eS2knCRgLegeRw8bcmSWA:0:8:0:4:0:8:0:5:7:0:undefined:undefined","labelName":"eS2knCRgLegeRw8bcmSWA","labelItem":{"id":"eS2knCRgLegeRw8bcmSWA","labelName":"Skill"},"textPosition":{"start":{"row":8,"column":0,"tokenIndex":4,"charIndex":0},"end":{"row":8,"column":0,"tokenIndex":5,"charIndex":7}},"confidenceScore":null},{"id":"1663412715","labeledBy":"LABELER","labeledByUserId":6814,"acceptedByUserId":null,"rejectedByUserId":null,"layer":0,"counter":0,"status":"ACCEPTED","hashCode":"SPAN:eS2knCRgLegeRw8bcmSWA:0:8:0:6:0:8:0:7:7:0:undefined:undefined","labelName":"eS2knCRgLegeRw8bcmSWA","labelItem":{"id":"eS2knCRgLegeRw8bcmSWA","labelName":"Skill"},"textPosition":{"start":{"row":8,"column":0,"tokenIndex":6,"charIndex":0},"end":{"row":8,"column":0,"tokenIndex":7,"charIndex":7}},"confidenceScore":null},{"id":"1663412718","labeledBy":"LABELER","labeledByUserId":6814,"acceptedByUserId":null,"rejectedByUserId":null,"layer":0,"counter":0,"status":"ACCEPTED","hashCode":"SPAN:eS2knCRgLegeRw8bcmSWA:0:8:0:8:0:8:0:10:8:0:undefined:undefined","labelName":"eS2knCRgLegeRw8bcmSWA","labelItem":{"id":"eS2knCRgLegeRw8bcmSWA","labelName":"Skill"},"textPosition":{"start":{"row":8,"column":0,"tokenIndex":8,"charIndex":0},"end":{"row":8,"column":0,"tokenIndex":10,"charIndex":8}},"confidenceScore":null},{"id":"1663412724","labeledBy":"LABELER","labeledByUserId":6814,"acceptedByUserId":null,"rejectedByUserId":null,"layer":0,"counter":0,"status":"ACCEPTED","hashCode":"SPAN:eS2knCRgLegeRw8bcmSWA:0:9:0:3:0:9:0:6:10:0:undefined:undefined","labelName":"eS2knCRgLegeRw8bcmSWA","labelItem":{"id":"eS2knCRgLegeRw8bcmSWA","labelName":"Skill"},"textPosition":{"start":{"row":9,"column":0,"tokenIndex":3,"charIndex":0},"end":{"row":9,"column":0,"tokenIndex":6,"charIndex":10}},"confidenceScore":null},{"id":"1663412739","labeledBy":"LABELER","labeledByUserId":6814,"acceptedByUserId":null,"rejectedByUserId":null,"layer":0,"counter":0,"status":"ACCEPTED","hashCode":"SPAN:eS2knCRgLegeRw8bcmSWA:0:9:0:29:0:9:0:31:8:0:undefined:undefined","labelName":"eS2knCRgLegeRw8bcmSWA","labelItem":{"id":"eS2knCRgLegeRw8bcmSWA","labelName":"Skill"},"textPosition":{"start":{"row":9,"column":0,"tokenIndex":29,"charIndex":0},"end":{"row":9,"column":0,"tokenIndex":31,"charIndex":8}},"confidenceScore":null},{"id":"1663412736","labeledBy":"LABELER","labeledByUserId":6814,"acceptedByUserId":null,"rejectedByUserId":null,"layer":0,"counter":0,"status":"ACCEPTED","hashCode":"SPAN:eS2knCRgLegeRw8bcmSWA:0:9:0:32:0:9:0:34:6:0:undefined:undefined","labelName":"eS2knCRgLegeRw8bcmSWA","labelItem":{"id":"eS2knCRgLegeRw8bcmSWA","labelName":"Skill"},"textPosition":{"start":{"row":9,"column":0,"tokenIndex":32,"charIndex":0},"end":{"row":9,"column":0,"tokenIndex":34,"charIndex":6}},"confidenceScore":null},{"id":"1663412733","labeledBy":"LABELER","labeledByUserId":6814,"acceptedByUserId":null,"rejectedByUserId":null,"layer":0,"counter":0,"status":"ACCEPTED","hashCode":"SPAN:eS2knCRgLegeRw8bcmSWA:0:9:0:36:0:9:0:38:7:0:undefined:undefined","labelName":"eS2knCRgLegeRw8bcmSWA","labelItem":{"id":"eS2knCRgLegeRw8bcmSWA","labelName":"Skill"},"textPosition":{"start":{"row":9,"column":0,"tokenIndex":36,"charIndex":0},"end":{"row":9,"column":0,"tokenIndex":38,"charIndex":7}},"confidenceScore":null},{"id":"1663412730","labeledBy":"LABELER","labeledByUserId":6814,"acceptedByUserId":null,"rejectedByUserId":null,"layer":0,"counter":0,"status":"ACCEPTED","hashCode":"SPAN:eS2knCRgLegeRw8bcmSWA:0:9:0:39:0:9:0:42:6:0:undefined:undefined","labelName":"eS2knCRgLegeRw8bcmSWA","labelItem":{"id":"eS2knCRgLegeRw8bcmSWA","labelName":"Skill"},"textPosition":{"start":{"row":9,"column":0,"tokenIndex":39,"charIndex":0},"end":{"row":9,"column":0,"tokenIndex":42,"charIndex":6}},"confidenceScore":null},{"id":"1663412742","labeledBy":"LABELER","labeledByUserId":6814,"acceptedByUserId":null,"rejectedByUserId":null,"layer":0,"counter":0,"status":"ACCEPTED","hashCode":"SPAN:eS2knCRgLegeRw8bcmSWA:0:9:0:43:0:9:0:44:8:0:undefined:undefined","labelName":"eS2knCRgLegeRw8bcmSWA","labelItem":{"id":"eS2knCRgLegeRw8bcmSWA","labelName":"Skill"},"textPosition":{"start":{"row":9,"column":0,"tokenIndex":43,"charIndex":0},"end":{"row":9,"column":0,"tokenIndex":44,"charIndex":8}},"confidenceScore":null},{"id":"1663412748","labeledBy":"LABELER","labeledByUserId":6814,"acceptedByUserId":null,"rejectedByUserId":null,"layer":0,"counter":0,"status":"ACCEPTED","hashCode":"SPAN:eS2knCRgLegeRw8bcmSWA:0:9:0:46:0:9:0:47:7:0:undefined:undefined","labelName":"eS2knCRgLegeRw8bcmSWA","labelItem":{"id":"eS2knCRgLegeRw8bcmSWA","labelName":"Skill"},"textPosition":{"start":{"row":9,"column":0,"tokenIndex":46,"charIndex":0},"end":{"row":9,"column":0,"tokenIndex":47,"charIndex":7}},"confidenceScore":null},{"id":"1663412751","labeledBy":"LABELER","labeledByUserId":6814,"acceptedByUserId":null,"rejectedByUserId":null,"layer":0,"counter":0,"status":"ACCEPTED","hashCode":"SPAN:eS2knCRgLegeRw8bcmSWA:0:11:0:6:0:11:0:6:2:0:undefined:undefined","labelName":"eS2knCRgLegeRw8bcmSWA","labelItem":{"id":"eS2knCRgLegeRw8bcmSWA","labelName":"Skill"},"textPosition":{"start":{"row":11,"column":0,"tokenIndex":6,"charIndex":0},"end":{"row":11,"column":0,"tokenIndex":6,"charIndex":2}},"confidenceScore":null},{"id":"1663412754","labeledBy":"LABELER","labeledByUserId":6814,"acceptedByUserId":null,"rejectedByUserId":null,"layer":0,"counter":0,"status":"ACCEPTED","hashCode":"SPAN:eS2knCRgLegeRw8bcmSWA:0:12:0:1:0:12:0:1:10:0:undefined:undefined","labelName":"eS2knCRgLegeRw8bcmSWA","labelItem":{"id":"eS2knCRgLegeRw8bcmSWA","labelName":"Skill"},"textPosition":{"start":{"row":12,"column":0,"tokenIndex":1,"charIndex":0},"end":{"row":12,"column":0,"tokenIndex":1,"charIndex":10}},"confidenceScore":null},{"id":"1663412757","labeledBy":"LABELER","labeledByUserId":6814,"acceptedByUserId":null,"rejectedByUserId":null,"layer":0,"counter":0,"status":"ACCEPTED","hashCode":"SPAN:eS2knCRgLegeRw8bcmSWA:0:12:0:2:0:12:0:3:10:0:undefined:undefined","labelName":"eS2knCRgLegeRw8bcmSWA","labelItem":{"id":"eS2knCRgLegeRw8bcmSWA","labelName":"Skill"},"textPosition":{"start":{"row":12,"column":0,"tokenIndex":2,"charIndex":0},"end":{"row":12,"column":0,"tokenIndex":3,"charIndex":10}},"confidenceScore":null},{"id":"1663412763","labeledBy":"LABELER","labeledByUserId":6814,"acceptedByUserId":null,"rejectedByUserId":null,"layer":0,"counter":0,"status":"ACCEPTED","hashCode":"SPAN:eS2knCRgLegeRw8bcmSWA:0:12:0:4:0:12:0:5:9:0:undefined:undefined","labelName":"eS2knCRgLegeRw8bcmSWA","labelItem":{"id":"eS2knCRgLegeRw8bcmSWA","labelName":"Skill"},"textPosition":{"start":{"row":12,"column":0,"tokenIndex":4,"charIndex":0},"end":{"row":12,"column":0,"tokenIndex":5,"charIndex":9}},"confidenceScore":null},{"id":"1663412772","labeledBy":"LABELER","labeledByUserId":6814,"acceptedByUserId":null,"rejectedByUserId":null,"layer":0,"counter":0,"status":"ACCEPTED","hashCode":"SPAN:eS2knCRgLegeRw8bcmSWA:0:12:0:7:0:12:0:9:8:0:undefined:undefined","labelName":"eS2knCRgLegeRw8bcmSWA","labelItem":{"id":"eS2knCRgLegeRw8bcmSWA","labelName":"Skill"},"textPosition":{"start":{"row":12,"column":0,"tokenIndex":7,"charIndex":0},"end":{"row":12,"column":0,"tokenIndex":9,"charIndex":8}},"confidenceScore":null},{"id":"1663412778","labeledBy":"LABELER","labeledByUserId":6814,"acceptedByUserId":null,"rejectedByUserId":null,"layer":0,"counter":0,"status":"ACCEPTED","hashCode":"SPAN:eS2knCRgLegeRw8bcmSWA:0:12:0:20:0:12:0:20:10:0:undefined:undefined","labelName":"eS2knCRgLegeRw8bcmSWA","labelItem":{"id":"eS2knCRgLegeRw8bcmSWA","labelName":"Skill"},"textPosition":{"start":{"row":12,"column":0,"tokenIndex":20,"charIndex":0},"end":{"row":12,"column":0,"tokenIndex":20,"charIndex":10}},"confidenceScore":null},{"id":"1663412781","labeledBy":"LABELER","labeledByUserId":6814,"acceptedByUserId":null,"rejectedByUserId":null,"layer":0,"counter":0,"status":"ACCEPTED","hashCode":"SPAN:eS2knCRgLegeRw8bcmSWA:0:12:0:21:0:12:0:21:11:0:undefined:undefined","labelName":"eS2knCRgLegeRw8bcmSWA","labelItem":{"id":"eS2knCRgLegeRw8bcmSWA","labelName":"Skill"},"textPosition":{"start":{"row":12,"column":0,"tokenIndex":21,"charIndex":0},"end":{"row":12,"column":0,"tokenIndex":21,"charIndex":11}},"confidenceScore":null},{"id":"1663412784","labeledBy":"LABELER","labeledByUserId":6814,"acceptedByUserId":null,"rejectedByUserId":null,"layer":0,"counter":0,"status":"ACCEPTED","hashCode":"SPAN:eS2knCRgLegeRw8bcmSWA:0:12:0:23:0:12:0:24:2:0:undefined:undefined","labelName":"eS2knCRgLegeRw8bcmSWA","labelItem":{"id":"eS2knCRgLegeRw8bcmSWA","labelName":"Skill"},"textPosition":{"start":{"row":12,"column":0,"tokenIndex":23,"charIndex":0},"end":{"row":12,"column":0,"tokenIndex":24,"charIndex":2}},"confidenceScore":null},{"id":"1663412793","labeledBy":"LABELER","labeledByUserId":6814,"acceptedByUserId":null,"rejectedByUserId":null,"layer":0,"counter":0,"status":"ACCEPTED","hashCode":"SPAN:eS2knCRgLegeRw8bcmSWA:0:15:0:2:0:15:0:3:7:0:undefined:undefined","labelName":"eS2knCRgLegeRw8bcmSWA","labelItem":{"id":"eS2knCRgLegeRw8bcmSWA","labelName":"Skill"},"textPosition":{"start":{"row":15,"column":0,"tokenIndex":2,"charIndex":0},"end":{"row":15,"column":0,"tokenIndex":3,"charIndex":7}},"confidenceScore":null},{"id":"1663412796","labeledBy":"LABELER","labeledByUserId":6814,"acceptedByUserId":null,"rejectedByUserId":null,"layer":0,"counter":0,"status":"ACCEPTED","hashCode":"SPAN:eS2knCRgLegeRw8bcmSWA:0:15:0:17:0:15:0:17:10:0:undefined:undefined","labelName":"eS2knCRgLegeRw8bcmSWA","labelItem":{"id":"eS2knCRgLegeRw8bcmSWA","labelName":"Skill"},"textPosition":{"start":{"row":15,"column":0,"tokenIndex":17,"charIndex":0},"end":{"row":15,"column":0,"tokenIndex":17,"charIndex":10}},"confidenceScore":null},{"id":"1663412811","labeledBy":"LABELER","labeledByUserId":6814,"acceptedByUserId":null,"rejectedByUserId":null,"layer":0,"counter":0,"status":"ACCEPTED","hashCode":"SPAN:eS2knCRgLegeRw8bcmSWA:0:15:0:19:0:15:0:20:7:0:undefined:undefined","labelName":"eS2knCRgLegeRw8bcmSWA","labelItem":{"id":"eS2knCRgLegeRw8bcmSWA","labelName":"Skill"},"textPosition":{"start":{"row":15,"column":0,"tokenIndex":19,"charIndex":0},"end":{"row":15,"column":0,"tokenIndex":20,"charIndex":7}},"confidenceScore":null},{"id":"1663412805","labeledBy":"LABELER","labeledByUserId":6814,"acceptedByUserId":null,"rejectedByUserId":null,"layer":0,"counter":0,"status":"ACCEPTED","hashCode":"SPAN:SJEkdao76hjwbb6Fh5SY6:0:15:0:21:0:15:0:24:6:0:undefined:undefined","labelName":"SJEkdao76hjwbb6Fh5SY6","labelItem":{"id":"SJEkdao76hjwbb6Fh5SY6","labelName":"Job Title"},"textPosition":{"start":{"row":15,"column":0,"tokenIndex":21,"charIndex":0},"end":{"row":15,"column":0,"tokenIndex":24,"charIndex":6}},"confidenceScore":null},{"id":"1663412814","labeledBy":"LABELER","labeledByUserId":6814,"acceptedByUserId":null,"rejectedByUserId":null,"layer":0,"counter":0,"status":"ACCEPTED","hashCode":"SPAN:rj7TW0-ymuRo6f_asXJab:0:15:0:25:0:15:0:26:9:0:undefined:undefined","labelName":"rj7TW0-ymuRo6f_asXJab","labelItem":{"id":"rj7TW0-ymuRo6f_asXJab","labelName":"Company Name"},"textPosition":{"start":{"row":15,"column":0,"tokenIndex":25,"charIndex":0},"end":{"row":15,"column":0,"tokenIndex":26,"charIndex":9}},"confidenceScore":null},{"id":"1663412820","labeledBy":"LABELER","labeledByUserId":6814,"acceptedByUserId":null,"rejectedByUserId":null,"layer":0,"counter":0,"status":"ACCEPTED","hashCode":"SPAN:1R0C50AAwFbEp2O0WmRv6:0:15:0:27:0:15:0:28:6:0:undefined:undefined","labelName":"1R0C50AAwFbEp2O0WmRv6","labelItem":{"id":"1R0C50AAwFbEp2O0WmRv6","labelName":"Location"},"textPosition":{"start":{"row":15,"column":0,"tokenIndex":27,"charIndex":0},"end":{"row":15,"column":0,"tokenIndex":28,"charIndex":6}},"confidenceScore":null},{"id":"1663412850","labeledBy":"LABELER","labeledByUserId":6814,"acceptedByUserId":null,"rejectedByUserId":null,"layer":0,"counter":0,"status":"ACCEPTED","hashCode":"SPAN:eS2knCRgLegeRw8bcmSWA:0:15:0:30:0:15:0:30:3:0:undefined:undefined","labelName":"eS2knCRgLegeRw8bcmSWA","labelItem":{"id":"eS2knCRgLegeRw8bcmSWA","labelName":"Skill"},"textPosition":{"start":{"row":15,"column":0,"tokenIndex":30,"charIndex":0},"end":{"row":15,"column":0,"tokenIndex":30,"charIndex":3}},"confidenceScore":null},{"id":"1663412829","labeledBy":"LABELER","labeledByUserId":6814,"acceptedByUserId":null,"rejectedByUserId":null,"layer":0,"counter":0,"status":"ACCEPTED","hashCode":"SPAN:52S_6moRfhjC-yXgIBeCp:0:15:0:31:0:15:0:32:3:0:undefined:undefined","labelName":"52S_6moRfhjC-yXgIBeCp","labelItem":{"id":"52S_6moRfhjC-yXgIBeCp","labelName":"Date"},"textPosition":{"start":{"row":15,"column":0,"tokenIndex":31,"charIndex":0},"end":{"row":15,"column":0,"tokenIndex":32,"charIndex":3}},"confidenceScore":null},{"id":"1663412835","labeledBy":"LABELER","labeledByUserId":6814,"acceptedByUserId":null,"rejectedByUserId":null,"layer":0,"counter":0,"status":"ACCEPTED","hashCode":"SPAN:52S_6moRfhjC-yXgIBeCp:0:15:0:34:0:15:0:35:3:0:undefined:undefined","labelName":"52S_6moRfhjC-yXgIBeCp","labelItem":{"id":"52S_6moRfhjC-yXgIBeCp","labelName":"Date"},"textPosition":{"start":{"row":15,"column":0,"tokenIndex":34,"charIndex":0},"end":{"row":15,"column":0,"tokenIndex":35,"charIndex":3}},"confidenceScore":null},{"id":"1663412838","labeledBy":"LABELER","labeledByUserId":6814,"acceptedByUserId":null,"rejectedByUserId":null,"layer":0,"counter":0,"status":"ACCEPTED","hashCode":"SPAN:eS2knCRgLegeRw8bcmSWA:0:15:0:37:0:15:0:37:11:0:undefined:undefined","labelName":"eS2knCRgLegeRw8bcmSWA","labelItem":{"id":"eS2knCRgLegeRw8bcmSWA","labelName":"Skill"},"textPosition":{"start":{"row":15,"column":0,"tokenIndex":37,"charIndex":0},"end":{"row":15,"column":0,"tokenIndex":37,"charIndex":11}},"confidenceScore":null},{"id":"1663412841","labeledBy":"LABELER","labeledByUserId":6814,"acceptedByUserId":null,"rejectedByUserId":null,"layer":0,"counter":0,"status":"ACCEPTED","hashCode":"SPAN:eS2knCRgLegeRw8bcmSWA:0:15:0:38:0:15:0:38:7:0:undefined:undefined","labelName":"eS2knCRgLegeRw8bcmSWA","labelItem":{"id":"eS2knCRgLegeRw8bcmSWA","labelName":"Skill"},"textPosition":{"start":{"row":15,"column":0,"tokenIndex":38,"charIndex":0},"end":{"row":15,"column":0,"tokenIndex":38,"charIndex":7}},"confidenceScore":null},{"id":"1663412847","labeledBy":"LABELER","labeledByUserId":6814,"acceptedByUserId":null,"rejectedByUserId":null,"layer":0,"counter":0,"status":"ACCEPTED","hashCode":"SPAN:eS2knCRgLegeRw8bcmSWA:0:15:0:48:0:15:0:52:6:0:undefined:undefined","labelName":"eS2knCRgLegeRw8bcmSWA","labelItem":{"id":"eS2knCRgLegeRw8bcmSWA","labelName":"Skill"},"textPosition":{"start":{"row":15,"column":0,"tokenIndex":48,"charIndex":0},"end":{"row":15,"column":0,"tokenIndex":52,"charIndex":6}},"confidenceScore":null},{"id":"1663412853","labeledBy":"LABELER","labeledByUserId":6814,"acceptedByUserId":null,"rejectedByUserId":null,"layer":0,"counter":0,"status":"ACCEPTED","hashCode":"SPAN:eS2knCRgLegeRw8bcmSWA:0:17:0:3:0:17:0:5:12:0:undefined:undefined","labelName":"eS2knCRgLegeRw8bcmSWA","labelItem":{"id":"eS2knCRgLegeRw8bcmSWA","labelName":"Skill"},"textPosition":{"start":{"row":17,"column":0,"tokenIndex":3,"charIndex":0},"end":{"row":17,"column":0,"tokenIndex":5,"charIndex":12}},"confidenceScore":null},{"id":"1663412856","labeledBy":"LABELER","labeledByUserId":6814,"acceptedByUserId":null,"rejectedByUserId":null,"layer":0,"counter":0,"status":"ACCEPTED","hashCode":"SPAN:eS2knCRgLegeRw8bcmSWA:0:17:0:7:0:17:0:8:8:0:undefined:undefined","labelName":"eS2knCRgLegeRw8bcmSWA","labelItem":{"id":"eS2knCRgLegeRw8bcmSWA","labelName":"Skill"},"textPosition":{"start":{"row":17,"column":0,"tokenIndex":7,"charIndex":0},"end":{"row":17,"column":0,"tokenIndex":8,"charIndex":8}},"confidenceScore":null},{"id":"1663412862","labeledBy":"LABELER","labeledByUserId":6814,"acceptedByUserId":null,"rejectedByUserId":null,"layer":0,"counter":0,"status":"ACCEPTED","hashCode":"SPAN:eS2knCRgLegeRw8bcmSWA:0:18:0:3:0:18:0:4:2:0:undefined:undefined","labelName":"eS2knCRgLegeRw8bcmSWA","labelItem":{"id":"eS2knCRgLegeRw8bcmSWA","labelName":"Skill"},"textPosition":{"start":{"row":18,"column":0,"tokenIndex":3,"charIndex":0},"end":{"row":18,"column":0,"tokenIndex":4,"charIndex":2}},"confidenceScore":null},{"id":"1663412865","labeledBy":"LABELER","labeledByUserId":6814,"acceptedByUserId":null,"rejectedByUserId":null,"layer":0,"counter":0,"status":"ACCEPTED","hashCode":"SPAN:eS2knCRgLegeRw8bcmSWA:0:20:0:17:0:20:0:17:3:0:undefined:undefined","labelName":"eS2knCRgLegeRw8bcmSWA","labelItem":{"id":"eS2knCRgLegeRw8bcmSWA","labelName":"Skill"},"textPosition":{"start":{"row":20,"column":0,"tokenIndex":17,"charIndex":0},"end":{"row":20,"column":0,"tokenIndex":17,"charIndex":3}},"confidenceScore":null},{"id":"1663412868","labeledBy":"LABELER","labeledByUserId":6814,"acceptedByUserId":null,"rejectedByUserId":null,"layer":0,"counter":0,"status":"ACCEPTED","hashCode":"SPAN:eS2knCRgLegeRw8bcmSWA:0:20:0:18:0:20:0:18:3:0:undefined:undefined","labelName":"eS2knCRgLegeRw8bcmSWA","labelItem":{"id":"eS2knCRgLegeRw8bcmSWA","labelName":"Skill"},"textPosition":{"start":{"row":20,"column":0,"tokenIndex":18,"charIndex":0},"end":{"row":20,"column":0,"tokenIndex":18,"charIndex":3}},"confidenceScore":null},{"id":"1663412871","labeledBy":"LABELER","labeledByUserId":6814,"acceptedByUserId":null,"rejectedByUserId":null,"layer":0,"counter":0,"status":"ACCEPTED","hashCode":"SPAN:eS2knCRgLegeRw8bcmSWA:0:20:0:19:0:20:0:19:3:0:undefined:undefined","labelName":"eS2knCRgLegeRw8bcmSWA","labelItem":{"id":"eS2knCRgLegeRw8bcmSWA","labelName":"Skill"},"textPosition":{"start":{"row":20,"column":0,"tokenIndex":19,"charIndex":0},"end":{"row":20,"column":0,"tokenIndex":19,"charIndex":3}},"confidenceScore":null},{"id":"1663412874","labeledBy":"LABELER","labeledByUserId":6814,"acceptedByUserId":null,"rejectedByUserId":null,"layer":0,"counter":0,"status":"ACCEPTED","hashCode":"SPAN:eS2knCRgLegeRw8bcmSWA:0:20:0:21:0:20:0:22:13:0:undefined:undefined","labelName":"eS2knCRgLegeRw8bcmSWA","labelItem":{"id":"eS2knCRgLegeRw8bcmSWA","labelName":"Skill"},"textPosition":{"start":{"row":20,"column":0,"tokenIndex":21,"charIndex":0},"end":{"row":20,"column":0,"tokenIndex":22,"charIndex":13}},"confidenceScore":null},{"id":"1663412880","labeledBy":"LABELER","labeledByUserId":6814,"acceptedByUserId":null,"rejectedByUserId":null,"layer":0,"counter":0,"status":"ACCEPTED","hashCode":"SPAN:SJEkdao76hjwbb6Fh5SY6:0:20:0:24:0:20:0:25:6:0:undefined:undefined","labelName":"SJEkdao76hjwbb6Fh5SY6","labelItem":{"id":"SJEkdao76hjwbb6Fh5SY6","labelName":"Job Title"},"textPosition":{"start":{"row":20,"column":0,"tokenIndex":24,"charIndex":0},"end":{"row":20,"column":0,"tokenIndex":25,"charIndex":6}},"confidenceScore":null},{"id":"1663412895","labeledBy":"LABELER","labeledByUserId":6814,"acceptedByUserId":null,"rejectedByUserId":null,"layer":0,"counter":0,"status":"ACCEPTED","hashCode":"SPAN:rj7TW0-ymuRo6f_asXJab:0:20:0:26:0:20:0:27:5:0:undefined:undefined","labelName":"rj7TW0-ymuRo6f_asXJab","labelItem":{"id":"rj7TW0-ymuRo6f_asXJab","labelName":"Company Name"},"textPosition":{"start":{"row":20,"column":0,"tokenIndex":26,"charIndex":0},"end":{"row":20,"column":0,"tokenIndex":27,"charIndex":5}},"confidenceScore":null},{"id":"1663412898","labeledBy":"LABELER","labeledByUserId":6814,"acceptedByUserId":null,"rejectedByUserId":null,"layer":0,"counter":0,"status":"ACCEPTED","hashCode":"SPAN:1R0C50AAwFbEp2O0WmRv6:0:20:0:29:0:20:0:29:8:0:undefined:undefined","labelName":"1R0C50AAwFbEp2O0WmRv6","labelItem":{"id":"1R0C50AAwFbEp2O0WmRv6","labelName":"Location"},"textPosition":{"start":{"row":20,"column":0,"tokenIndex":29,"charIndex":0},"end":{"row":20,"column":0,"tokenIndex":29,"charIndex":8}},"confidenceScore":null},{"id":"1663412901","labeledBy":"LABELER","labeledByUserId":6814,"acceptedByUserId":null,"rejectedByUserId":null,"layer":0,"counter":0,"status":"ACCEPTED","hashCode":"SPAN:1R0C50AAwFbEp2O0WmRv6:0:20:0:30:0:20:0:30:1:0:undefined:undefined","labelName":"1R0C50AAwFbEp2O0WmRv6","labelItem":{"id":"1R0C50AAwFbEp2O0WmRv6","labelName":"Location"},"textPosition":{"start":{"row":20,"column":0,"tokenIndex":30,"charIndex":0},"end":{"row":20,"column":0,"tokenIndex":30,"charIndex":1}},"confidenceScore":null},{"id":"1663412907","labeledBy":"LABELER","labeledByUserId":6814,"acceptedByUserId":null,"rejectedByUserId":null,"layer":0,"counter":0,"status":"ACCEPTED","hashCode":"SPAN:52S_6moRfhjC-yXgIBeCp:0:20:0:31:0:20:0:32:3:0:undefined:undefined","labelName":"52S_6moRfhjC-yXgIBeCp","labelItem":{"id":"52S_6moRfhjC-yXgIBeCp","labelName":"Date"},"textPosition":{"start":{"row":20,"column":0,"tokenIndex":31,"charIndex":0},"end":{"row":20,"column":0,"tokenIndex":32,"charIndex":3}},"confidenceScore":null},{"id":"1663412913","labeledBy":"LABELER","labeledByUserId":6814,"acceptedByUserId":null,"rejectedByUserId":null,"layer":0,"counter":0,"status":"ACCEPTED","hashCode":"SPAN:52S_6moRfhjC-yXgIBeCp:0:20:0:34:0:20:0:35:3:0:undefined:undefined","labelName":"52S_6moRfhjC-yXgIBeCp","labelItem":{"id":"52S_6moRfhjC-yXgIBeCp","labelName":"Date"},"textPosition":{"start":{"row":20,"column":0,"tokenIndex":34,"charIndex":0},"end":{"row":20,"column":0,"tokenIndex":35,"charIndex":3}},"confidenceScore":null},{"id":"1663412916","labeledBy":"LABELER","labeledByUserId":6814,"acceptedByUserId":null,"rejectedByUserId":null,"layer":0,"counter":0,"status":"ACCEPTED","hashCode":"SPAN:eS2knCRgLegeRw8bcmSWA:0:20:0:37:0:20:0:37:6:0:undefined:undefined","labelName":"eS2knCRgLegeRw8bcmSWA","labelItem":{"id":"eS2knCRgLegeRw8bcmSWA","labelName":"Skill"},"textPosition":{"start":{"row":20,"column":0,"tokenIndex":37,"charIndex":0},"end":{"row":20,"column":0,"tokenIndex":37,"charIndex":6}},"confidenceScore":null},{"id":"1663412919","labeledBy":"LABELER","labeledByUserId":6814,"acceptedByUserId":null,"rejectedByUserId":null,"layer":0,"counter":0,"status":"ACCEPTED","hashCode":"SPAN:eS2knCRgLegeRw8bcmSWA:0:20:0:43:0:20:0:45:6:0:undefined:undefined","labelName":"eS2knCRgLegeRw8bcmSWA","labelItem":{"id":"eS2knCRgLegeRw8bcmSWA","labelName":"Skill"},"textPosition":{"start":{"row":20,"column":0,"tokenIndex":43,"charIndex":0},"end":{"row":20,"column":0,"tokenIndex":45,"charIndex":6}},"confidenceScore":null},{"id":"1663412922","labeledBy":"LABELER","labeledByUserId":6814,"acceptedByUserId":null,"rejectedByUserId":null,"layer":0,"counter":0,"status":"ACCEPTED","hashCode":"SPAN:SJEkdao76hjwbb6Fh5SY6:0:24:0:0:0:24:0:3:6:0:undefined:undefined","labelName":"SJEkdao76hjwbb6Fh5SY6","labelItem":{"id":"SJEkdao76hjwbb6Fh5SY6","labelName":"Job Title"},"textPosition":{"start":{"row":24,"column":0,"tokenIndex":0,"charIndex":0},"end":{"row":24,"column":0,"tokenIndex":3,"charIndex":6}},"confidenceScore":null},{"id":"1663412928","labeledBy":"LABELER","labeledByUserId":6814,"acceptedByUserId":null,"rejectedByUserId":null,"layer":0,"counter":0,"status":"ACCEPTED","hashCode":"SPAN:rj7TW0-ymuRo6f_asXJab:0:24:0:4:0:24:0:4:8:0:undefined:undefined","labelName":"rj7TW0-ymuRo6f_asXJab","labelItem":{"id":"rj7TW0-ymuRo6f_asXJab","labelName":"Company Name"},"textPosition":{"start":{"row":24,"column":0,"tokenIndex":4,"charIndex":0},"end":{"row":24,"column":0,"tokenIndex":4,"charIndex":8}},"confidenceScore":null},{"id":"1663412934","labeledBy":"LABELER","labeledByUserId":6814,"acceptedByUserId":null,"rejectedByUserId":null,"layer":0,"counter":0,"status":"ACCEPTED","hashCode":"SPAN:rj7TW0-ymuRo6f_asXJab:0:24:0:4:0:24:0:5:2:0:undefined:undefined","labelName":"rj7TW0-ymuRo6f_asXJab","labelItem":{"id":"rj7TW0-ymuRo6f_asXJab","labelName":"Company Name"},"textPosition":{"start":{"row":24,"column":0,"tokenIndex":4,"charIndex":0},"end":{"row":24,"column":0,"tokenIndex":5,"charIndex":2}},"confidenceScore":null},{"id":"1663412937","labeledBy":"LABELER","labeledByUserId":6814,"acceptedByUserId":null,"rejectedByUserId":null,"layer":0,"counter":0,"status":"ACCEPTED","hashCode":"SPAN:52S_6moRfhjC-yXgIBeCp:0:24:0:6:0:24:0:7:3:0:undefined:undefined","labelName":"52S_6moRfhjC-yXgIBeCp","labelItem":{"id":"52S_6moRfhjC-yXgIBeCp","labelName":"Date"},"textPosition":{"start":{"row":24,"column":0,"tokenIndex":6,"charIndex":0},"end":{"row":24,"column":0,"tokenIndex":7,"charIndex":3}},"confidenceScore":null},{"id":"1663412943","labeledBy":"LABELER","labeledByUserId":6814,"acceptedByUserId":null,"rejectedByUserId":null,"layer":0,"counter":0,"status":"ACCEPTED","hashCode":"SPAN:52S_6moRfhjC-yXgIBeCp:0:24:0:9:0:24:0:10:3:0:undefined:undefined","labelName":"52S_6moRfhjC-yXgIBeCp","labelItem":{"id":"52S_6moRfhjC-yXgIBeCp","labelName":"Date"},"textPosition":{"start":{"row":24,"column":0,"tokenIndex":9,"charIndex":0},"end":{"row":24,"column":0,"tokenIndex":10,"charIndex":3}},"confidenceScore":null},{"id":"1663412958","labeledBy":"LABELER","labeledByUserId":6814,"acceptedByUserId":null,"rejectedByUserId":null,"layer":0,"counter":0,"status":"ACCEPTED","hashCode":"SPAN:eS2knCRgLegeRw8bcmSWA:0:24:0:28:0:24:0:28:10:0:undefined:undefined","labelName":"eS2knCRgLegeRw8bcmSWA","labelItem":{"id":"eS2knCRgLegeRw8bcmSWA","labelName":"Skill"},"textPosition":{"start":{"row":24,"column":0,"tokenIndex":28,"charIndex":0},"end":{"row":24,"column":0,"tokenIndex":28,"charIndex":10}},"confidenceScore":null},{"id":"1663412961","labeledBy":"LABELER","labeledByUserId":6814,"acceptedByUserId":null,"rejectedByUserId":null,"layer":0,"counter":0,"status":"ACCEPTED","hashCode":"SPAN:eS2knCRgLegeRw8bcmSWA:0:24:0:29:0:24:0:30:10:0:undefined:undefined","labelName":"eS2knCRgLegeRw8bcmSWA","labelItem":{"id":"eS2knCRgLegeRw8bcmSWA","labelName":"Skill"},"textPosition":{"start":{"row":24,"column":0,"tokenIndex":29,"charIndex":0},"end":{"row":24,"column":0,"tokenIndex":30,"charIndex":10}},"confidenceScore":null},{"id":"1663412964","labeledBy":"LABELER","labeledByUserId":6814,"acceptedByUserId":null,"rejectedByUserId":null,"layer":0,"counter":0,"status":"ACCEPTED","hashCode":"SPAN:eS2knCRgLegeRw8bcmSWA:0:24:0:31:0:24:0:32:9:0:undefined:undefined","labelName":"eS2knCRgLegeRw8bcmSWA","labelItem":{"id":"eS2knCRgLegeRw8bcmSWA","labelName":"Skill"},"textPosition":{"start":{"row":24,"column":0,"tokenIndex":31,"charIndex":0},"end":{"row":24,"column":0,"tokenIndex":32,"charIndex":9}},"confidenceScore":null},{"id":"1663412967","labeledBy":"LABELER","labeledByUserId":6814,"acceptedByUserId":null,"rejectedByUserId":null,"layer":0,"counter":0,"status":"ACCEPTED","hashCode":"SPAN:eS2knCRgLegeRw8bcmSWA:0:24:0:34:0:24:0:36:8:0:undefined:undefined","labelName":"eS2knCRgLegeRw8bcmSWA","labelItem":{"id":"eS2knCRgLegeRw8bcmSWA","labelName":"Skill"},"textPosition":{"start":{"row":24,"column":0,"tokenIndex":34,"charIndex":0},"end":{"row":24,"column":0,"tokenIndex":36,"charIndex":8}},"confidenceScore":null},{"id":"1663412955","labeledBy":"LABELER","labeledByUserId":6814,"acceptedByUserId":null,"rejectedByUserId":null,"layer":0,"counter":0,"status":"ACCEPTED","hashCode":"SPAN:eS2knCRgLegeRw8bcmSWA:0:24:0:51:0:24:0:51:2:0:undefined:undefined","labelName":"eS2knCRgLegeRw8bcmSWA","labelItem":{"id":"eS2knCRgLegeRw8bcmSWA","labelName":"Skill"},"textPosition":{"start":{"row":24,"column":0,"tokenIndex":51,"charIndex":0},"end":{"row":24,"column":0,"tokenIndex":51,"charIndex":2}},"confidenceScore":null},{"id":"1663412949","labeledBy":"LABELER","labeledByUserId":6814,"acceptedByUserId":null,"rejectedByUserId":null,"layer":0,"counter":0,"status":"ACCEPTED","hashCode":"SPAN:eS2knCRgLegeRw8bcmSWA:0:24:0:64:0:24:0:64:10:0:undefined:undefined","labelName":"eS2knCRgLegeRw8bcmSWA","labelItem":{"id":"eS2knCRgLegeRw8bcmSWA","labelName":"Skill"},"textPosition":{"start":{"row":24,"column":0,"tokenIndex":64,"charIndex":0},"end":{"row":24,"column":0,"tokenIndex":64,"charIndex":10}},"confidenceScore":null},{"id":"1663412970","labeledBy":"LABELER","labeledByUserId":6814,"acceptedByUserId":null,"rejectedByUserId":null,"layer":0,"counter":0,"status":"ACCEPTED","hashCode":"SPAN:eS2knCRgLegeRw8bcmSWA:0:25:0:17:0:25:0:17:2:0:undefined:undefined","labelName":"eS2knCRgLegeRw8bcmSWA","labelItem":{"id":"eS2knCRgLegeRw8bcmSWA","labelName":"Skill"},"textPosition":{"start":{"row":25,"column":0,"tokenIndex":17,"charIndex":0},"end":{"row":25,"column":0,"tokenIndex":17,"charIndex":2}},"confidenceScore":null},{"id":"1663412973","labeledBy":"LABELER","labeledByUserId":6814,"acceptedByUserId":null,"rejectedByUserId":null,"layer":0,"counter":0,"status":"ACCEPTED","hashCode":"SPAN:eS2knCRgLegeRw8bcmSWA:0:25:0:18:0:25:0:18:2:0:undefined:undefined","labelName":"eS2knCRgLegeRw8bcmSWA","labelItem":{"id":"eS2knCRgLegeRw8bcmSWA","labelName":"Skill"},"textPosition":{"start":{"row":25,"column":0,"tokenIndex":18,"charIndex":0},"end":{"row":25,"column":0,"tokenIndex":18,"charIndex":2}},"confidenceScore":null},{"id":"1663412976","labeledBy":"LABELER","labeledByUserId":6814,"acceptedByUserId":null,"rejectedByUserId":null,"layer":0,"counter":0,"status":"ACCEPTED","hashCode":"SPAN:eS2knCRgLegeRw8bcmSWA:0:25:0:20:0:25:0:20:2:0:undefined:undefined","labelName":"eS2knCRgLegeRw8bcmSWA","labelItem":{"id":"eS2knCRgLegeRw8bcmSWA","labelName":"Skill"},"textPosition":{"start":{"row":25,"column":0,"tokenIndex":20,"charIndex":0},"end":{"row":25,"column":0,"tokenIndex":20,"charIndex":2}},"confidenceScore":null},{"id":"1663412979","labeledBy":"LABELER","labeledByUserId":6814,"acceptedByUserId":null,"rejectedByUserId":null,"layer":0,"counter":0,"status":"ACCEPTED","hashCode":"SPAN:eS2knCRgLegeRw8bcmSWA:0:26:0:15:0:26:0:16:10:0:undefined:undefined","labelName":"eS2knCRgLegeRw8bcmSWA","labelItem":{"id":"eS2knCRgLegeRw8bcmSWA","labelName":"Skill"},"textPosition":{"start":{"row":26,"column":0,"tokenIndex":15,"charIndex":0},"end":{"row":26,"column":0,"tokenIndex":16,"charIndex":10}},"confidenceScore":null},{"id":"1663412985","labeledBy":"LABELER","labeledByUserId":6814,"acceptedByUserId":null,"rejectedByUserId":null,"layer":0,"counter":0,"status":"ACCEPTED","hashCode":"SPAN:eS2knCRgLegeRw8bcmSWA:0:26:0:17:0:26:0:18:12:0:undefined:undefined","labelName":"eS2knCRgLegeRw8bcmSWA","labelItem":{"id":"eS2knCRgLegeRw8bcmSWA","labelName":"Skill"},"textPosition":{"start":{"row":26,"column":0,"tokenIndex":17,"charIndex":0},"end":{"row":26,"column":0,"tokenIndex":18,"charIndex":12}},"confidenceScore":null},{"id":"1663412991","labeledBy":"LABELER","labeledByUserId":6814,"acceptedByUserId":null,"rejectedByUserId":null,"layer":0,"counter":0,"status":"ACCEPTED","hashCode":"SPAN:eS2knCRgLegeRw8bcmSWA:0:26:0:19:0:26:0:20:10:0:undefined:undefined","labelName":"eS2knCRgLegeRw8bcmSWA","labelItem":{"id":"eS2knCRgLegeRw8bcmSWA","labelName":"Skill"},"textPosition":{"start":{"row":26,"column":0,"tokenIndex":19,"charIndex":0},"end":{"row":26,"column":0,"tokenIndex":20,"charIndex":10}},"confidenceScore":null},{"id":"1663412994","labeledBy":"LABELER","labeledByUserId":6814,"acceptedByUserId":null,"rejectedByUserId":null,"layer":0,"counter":0,"status":"ACCEPTED","hashCode":"SPAN:eS2knCRgLegeRw8bcmSWA:0:26:0:22:0:26:0:25:7:0:undefined:undefined","labelName":"eS2knCRgLegeRw8bcmSWA","labelItem":{"id":"eS2knCRgLegeRw8bcmSWA","labelName":"Skill"},"textPosition":{"start":{"row":26,"column":0,"tokenIndex":22,"charIndex":0},"end":{"row":26,"column":0,"tokenIndex":25,"charIndex":7}},"confidenceScore":null},{"id":"1663412997","labeledBy":"LABELER","labeledByUserId":6814,"acceptedByUserId":null,"rejectedByUserId":null,"layer":0,"counter":0,"status":"ACCEPTED","hashCode":"SPAN:eS2knCRgLegeRw8bcmSWA:0:28:0:2:0:28:0:2:9:0:undefined:undefined","labelName":"eS2knCRgLegeRw8bcmSWA","labelItem":{"id":"eS2knCRgLegeRw8bcmSWA","labelName":"Skill"},"textPosition":{"start":{"row":28,"column":0,"tokenIndex":2,"charIndex":0},"end":{"row":28,"column":0,"tokenIndex":2,"charIndex":9}},"confidenceScore":null},{"id":"1663413003","labeledBy":"LABELER","labeledByUserId":6814,"acceptedByUserId":null,"rejectedByUserId":null,"layer":0,"counter":0,"status":"ACCEPTED","hashCode":"SPAN:eS2knCRgLegeRw8bcmSWA:0:28:0:4:0:28:0:5:6:0:undefined:undefined","labelName":"eS2knCRgLegeRw8bcmSWA","labelItem":{"id":"eS2knCRgLegeRw8bcmSWA","labelName":"Skill"},"textPosition":{"start":{"row":28,"column":0,"tokenIndex":4,"charIndex":0},"end":{"row":28,"column":0,"tokenIndex":5,"charIndex":6}},"confidenceScore":null},{"id":"1663413006","labeledBy":"LABELER","labeledByUserId":6814,"acceptedByUserId":null,"rejectedByUserId":null,"layer":0,"counter":0,"status":"ACCEPTED","hashCode":"SPAN:eS2knCRgLegeRw8bcmSWA:0:28:0:9:0:28:0:9:10:0:undefined:undefined","labelName":"eS2knCRgLegeRw8bcmSWA","labelItem":{"id":"eS2knCRgLegeRw8bcmSWA","labelName":"Skill"},"textPosition":{"start":{"row":28,"column":0,"tokenIndex":9,"charIndex":0},"end":{"row":28,"column":0,"tokenIndex":9,"charIndex":10}},"confidenceScore":null},{"id":"1663413010","labeledBy":"LABELER","labeledByUserId":6814,"acceptedByUserId":null,"rejectedByUserId":null,"layer":0,"counter":0,"status":"ACCEPTED","hashCode":"SPAN:eS2knCRgLegeRw8bcmSWA:0:28:0:10:0:28:0:10:9:0:undefined:undefined","labelName":"eS2knCRgLegeRw8bcmSWA","labelItem":{"id":"eS2knCRgLegeRw8bcmSWA","labelName":"Skill"},"textPosition":{"start":{"row":28,"column":0,"tokenIndex":10,"charIndex":0},"end":{"row":28,"column":0,"tokenIndex":10,"charIndex":9}},"confidenceScore":null},{"id":"1663413015","labeledBy":"LABELER","labeledByUserId":6814,"acceptedByUserId":null,"rejectedByUserId":null,"layer":0,"counter":0,"status":"ACCEPTED","hashCode":"SPAN:eS2knCRgLegeRw8bcmSWA:0:28:0:12:0:28:0:13:8:0:undefined:undefined","labelName":"eS2knCRgLegeRw8bcmSWA","labelItem":{"id":"eS2knCRgLegeRw8bcmSWA","labelName":"Skill"},"textPosition":{"start":{"row":28,"column":0,"tokenIndex":12,"charIndex":0},"end":{"row":28,"column":0,"tokenIndex":13,"charIndex":8}},"confidenceScore":null},{"id":"1663413021","labeledBy":"LABELER","labeledByUserId":6814,"acceptedByUserId":null,"rejectedByUserId":null,"layer":0,"counter":0,"status":"ACCEPTED","hashCode":"SPAN:IeEoIKabMl51BJE0gX2YL:0:30:0:1:0:30:0:4:9:0:undefined:undefined","labelName":"IeEoIKabMl51BJE0gX2YL","labelItem":{"id":"IeEoIKabMl51BJE0gX2YL","labelName":"Degree"},"textPosition":{"start":{"row":30,"column":0,"tokenIndex":1,"charIndex":0},"end":{"row":30,"column":0,"tokenIndex":4,"charIndex":9}},"confidenceScore":null},{"id":"1663413027","labeledBy":"LABELER","labeledByUserId":6814,"acceptedByUserId":null,"rejectedByUserId":null,"layer":0,"counter":0,"status":"ACCEPTED","hashCode":"SPAN:Kj5U6n9NUqTXuWcB3c_7L:0:30:0:8:0:30:0:9:9:0:undefined:undefined","labelName":"Kj5U6n9NUqTXuWcB3c_7L","labelItem":{"id":"Kj5U6n9NUqTXuWcB3c_7L","labelName":"College"},"textPosition":{"start":{"row":30,"column":0,"tokenIndex":8,"charIndex":0},"end":{"row":30,"column":0,"tokenIndex":9,"charIndex":9}},"confidenceScore":null},{"id":"1663413030","labeledBy":"LABELER","labeledByUserId":6814,"acceptedByUserId":null,"rejectedByUserId":null,"layer":0,"counter":0,"status":"ACCEPTED","hashCode":"SPAN:eS2knCRgLegeRw8bcmSWA:0:30:0:10:0:30:0:14:11:0:undefined:undefined","labelName":"eS2knCRgLegeRw8bcmSWA","labelItem":{"id":"eS2knCRgLegeRw8bcmSWA","labelName":"Skill"},"textPosition":{"start":{"row":30,"column":0,"tokenIndex":10,"charIndex":0},"end":{"row":30,"column":0,"tokenIndex":14,"charIndex":11}},"confidenceScore":null},{"id":"1663413045","labeledBy":"LABELER","labeledByUserId":6814,"acceptedByUserId":null,"rejectedByUserId":null,"layer":0,"counter":0,"status":"ACCEPTED","hashCode":"SPAN:IeEoIKabMl51BJE0gX2YL:0:30:0:10:0:30:0:16:12:0:undefined:undefined","labelName":"IeEoIKabMl51BJE0gX2YL","labelItem":{"id":"IeEoIKabMl51BJE0gX2YL","labelName":"Degree"},"textPosition":{"start":{"row":30,"column":0,"tokenIndex":10,"charIndex":0},"end":{"row":30,"column":0,"tokenIndex":16,"charIndex":12}},"confidenceScore":null},{"id":"1663413036","labeledBy":"LABELER","labeledByUserId":6814,"acceptedByUserId":null,"rejectedByUserId":null,"layer":0,"counter":0,"status":"ACCEPTED","hashCode":"SPAN:Kj5U6n9NUqTXuWcB3c_7L:0:30:0:17:0:30:0:21:9:0:undefined:undefined","labelName":"Kj5U6n9NUqTXuWcB3c_7L","labelItem":{"id":"Kj5U6n9NUqTXuWcB3c_7L","labelName":"College"},"textPosition":{"start":{"row":30,"column":0,"tokenIndex":17,"charIndex":0},"end":{"row":30,"column":0,"tokenIndex":21,"charIndex":9}},"confidenceScore":null},{"id":"1663413042","labeledBy":"LABELER","labeledByUserId":6814,"acceptedByUserId":null,"rejectedByUserId":null,"layer":0,"counter":0,"status":"ACCEPTED","hashCode":"SPAN:IeEoIKabMl51BJE0gX2YL:0:30:0:22:0:30:0:27:9:0:undefined:undefined","labelName":"IeEoIKabMl51BJE0gX2YL","labelItem":{"id":"IeEoIKabMl51BJE0gX2YL","labelName":"Degree"},"textPosition":{"start":{"row":30,"column":0,"tokenIndex":22,"charIndex":0},"end":{"row":30,"column":0,"tokenIndex":27,"charIndex":9}},"confidenceScore":null},{"id":"1663413054","labeledBy":"LABELER","labeledByUserId":6814,"acceptedByUserId":null,"rejectedByUserId":null,"layer":0,"counter":0,"status":"ACCEPTED","hashCode":"SPAN:Kj5U6n9NUqTXuWcB3c_7L:0:30:0:31:0:30:0:33:6:0:undefined:undefined","labelName":"Kj5U6n9NUqTXuWcB3c_7L","labelItem":{"id":"Kj5U6n9NUqTXuWcB3c_7L","labelName":"College"},"textPosition":{"start":{"row":30,"column":0,"tokenIndex":31,"charIndex":0},"end":{"row":30,"column":0,"tokenIndex":33,"charIndex":6}},"confidenceScore":null},{"id":"1663413072","labeledBy":"LABELER","labeledByUserId":6814,"acceptedByUserId":null,"rejectedByUserId":null,"layer":0,"counter":0,"status":"ACCEPTED","hashCode":"SPAN:IeEoIKabMl51BJE0gX2YL:0:30:0:34:0:30:0:37:13:0:undefined:undefined","labelName":"IeEoIKabMl51BJE0gX2YL","labelItem":{"id":"IeEoIKabMl51BJE0gX2YL","labelName":"Degree"},"textPosition":{"start":{"row":30,"column":0,"tokenIndex":34,"charIndex":0},"end":{"row":30,"column":0,"tokenIndex":37,"charIndex":13}},"confidenceScore":null},{"id":"1663413075","labeledBy":"LABELER","labeledByUserId":6814,"acceptedByUserId":null,"rejectedByUserId":null,"layer":0,"counter":0,"status":"ACCEPTED","hashCode":"SPAN:Kj5U6n9NUqTXuWcB3c_7L:0:30:0:41:0:30:0:43:6:0:undefined:undefined","labelName":"Kj5U6n9NUqTXuWcB3c_7L","labelItem":{"id":"Kj5U6n9NUqTXuWcB3c_7L","labelName":"College"},"textPosition":{"start":{"row":30,"column":0,"tokenIndex":41,"charIndex":0},"end":{"row":30,"column":0,"tokenIndex":43,"charIndex":6}},"confidenceScore":null},{"id":"1663413084","labeledBy":"LABELER","labeledByUserId":6814,"acceptedByUserId":null,"rejectedByUserId":null,"layer":0,"counter":0,"status":"ACCEPTED","hashCode":"SPAN:eS2knCRgLegeRw8bcmSWA:0:30:0:45:0:30:0:45:11:0:undefined:undefined","labelName":"eS2knCRgLegeRw8bcmSWA","labelItem":{"id":"eS2knCRgLegeRw8bcmSWA","labelName":"Skill"},"textPosition":{"start":{"row":30,"column":0,"tokenIndex":45,"charIndex":0},"end":{"row":30,"column":0,"tokenIndex":45,"charIndex":11}},"confidenceScore":null},{"id":"1663413087","labeledBy":"LABELER","labeledByUserId":6814,"acceptedByUserId":null,"rejectedByUserId":null,"layer":0,"counter":0,"status":"ACCEPTED","hashCode":"SPAN:eS2knCRgLegeRw8bcmSWA:0:30:0:46:0:30:0:46:7:0:undefined:undefined","labelName":"eS2knCRgLegeRw8bcmSWA","labelItem":{"id":"eS2knCRgLegeRw8bcmSWA","labelName":"Skill"},"textPosition":{"start":{"row":30,"column":0,"tokenIndex":46,"charIndex":0},"end":{"row":30,"column":0,"tokenIndex":46,"charIndex":7}},"confidenceScore":null},{"id":"1663413088","labeledBy":"LABELER","labeledByUserId":6814,"acceptedByUserId":null,"rejectedByUserId":null,"layer":0,"counter":0,"status":"ACCEPTED","hashCode":"SPAN:eS2knCRgLegeRw8bcmSWA:0:30:0:47:0:30:0:47:9:0:undefined:undefined","labelName":"eS2knCRgLegeRw8bcmSWA","labelItem":{"id":"eS2knCRgLegeRw8bcmSWA","labelName":"Skill"},"textPosition":{"start":{"row":30,"column":0,"tokenIndex":47,"charIndex":0},"end":{"row":30,"column":0,"tokenIndex":47,"charIndex":9}},"confidenceScore":null},{"id":"1663413093","labeledBy":"LABELER","labeledByUserId":6814,"acceptedByUserId":null,"rejectedByUserId":null,"layer":0,"counter":0,"status":"ACCEPTED","hashCode":"SPAN:eS2knCRgLegeRw8bcmSWA:0:30:0:48:0:30:0:49:4:0:undefined:undefined","labelName":"eS2knCRgLegeRw8bcmSWA","labelItem":{"id":"eS2knCRgLegeRw8bcmSWA","labelName":"Skill"},"textPosition":{"start":{"row":30,"column":0,"tokenIndex":48,"charIndex":0},"end":{"row":30,"column":0,"tokenIndex":49,"charIndex":4}},"confidenceScore":null},{"id":"1663413096","labeledBy":"LABELER","labeledByUserId":6814,"acceptedByUserId":null,"rejectedByUserId":null,"layer":0,"counter":0,"status":"ACCEPTED","hashCode":"SPAN:eS2knCRgLegeRw8bcmSWA:0:30:0:55:0:30:0:56:5:0:undefined:undefined","labelName":"eS2knCRgLegeRw8bcmSWA","labelItem":{"id":"eS2knCRgLegeRw8bcmSWA","labelName":"Skill"},"textPosition":{"start":{"row":30,"column":0,"tokenIndex":55,"charIndex":0},"end":{"row":30,"column":0,"tokenIndex":56,"charIndex":5}},"confidenceScore":null},{"id":"1663413099","labeledBy":"LABELER","labeledByUserId":6814,"acceptedByUserId":null,"rejectedByUserId":null,"layer":0,"counter":0,"status":"ACCEPTED","hashCode":"SPAN:eS2knCRgLegeRw8bcmSWA:0:30:0:65:0:30:0:67:4:0:undefined:undefined","labelName":"eS2knCRgLegeRw8bcmSWA","labelItem":{"id":"eS2knCRgLegeRw8bcmSWA","labelName":"Skill"},"textPosition":{"start":{"row":30,"column":0,"tokenIndex":65,"charIndex":0},"end":{"row":30,"column":0,"tokenIndex":67,"charIndex":4}},"confidenceScore":null}],"arrowLabels":[],"boundingBoxLabels":[],"timeLabels":[],"comments":[],"url":"datasaur://static/6814/fdc96b00-7505-49eb-86e6-03d69c22ff32.txt"}}
