{"version":"1","data":{"project":{"id":"ODBjYmQ2MDg","name":"NLP SSM Final Project"},"document":{"id":"740b0f3d-e866-46c1-abe6-323880c79f83","name":"resume_557_d1.txt"},"kinds":["TOKEN_BASED"],"rows":[[{"content":"BUSINESS DEVELOPMENT Summary Results-driven and highly skilled (business development)account manager and marketing professional with over 10 years of experience developing and executing customized account plans to increase sales volume, market share, and relevance in the marketplace.","tokens":["BUSINESS","DEVELOPMENT","Summary","Results-driven","and","highly","skilled","(business","development)account","manager","and","marketing","professional","with","over","10","years","of","experience","developing","and","executing","customized","account","plans","to","increase","sales","volume,","market","share,","and","relevance","in","the","marketplace."],"metadata":[]}],[{"content":"Provide strategic value to customers including leveraging trends in customer industries/marketplaces to shape solutions and approaches driving overall business development.","tokens":["Provide","strategic","value","to","customers","including","leveraging","trends","in","customer","industries/marketplaces","to","shape","solutions","and","approaches","driving","overall","business","development."],"metadata":[]}],[{"content":"Open and clear communicator with demonstrated strategic vision and disciplined execution.","tokens":["Open","and","clear","communicator","with","demonstrated","strategic","vision","and","disciplined","execution."],"metadata":[]}],[{"content":"Highlights Relationship Building Networking Sales/Market Analysis Strategic Planning Adept at Closing Sales Budget Development Business Development Account Management Analytical Problem Solver Profit Optimization Cost Efficiency Training and Development Accomplishments Grown sales revenue 85% in a depressed oil and gas market, consistently exceeding sales goals.","tokens":["Highlights","Relationship","Building","Networking","Sales/Market","Analysis","Strategic","Planning","Adept","at","Closing","Sales","Budget","Development","Business","Development","Account","Management","Analytical","Problem","Solver","Profit","Optimization","Cost","Efficiency","Training","and","Development","Accomplishments","Grown","sales","revenue","85%","in","a","depressed","oil","and","gas","market,","consistently","exceeding","sales","goals."],"metadata":[]}],[{"content":"(SunnySide Supply) Personally responsible for 100% of Erect-A-Step sales and 40% of overall company sales.","tokens":["(SunnySide","Supply)","Personally","responsible","for","100%","of","Erect-A-Step","sales","and","40%","of","overall","company","sales."],"metadata":[]}],[{"content":"(SunnySide Supply) Handle the highest volume/revenue accounts in assigned territory.","tokens":["(SunnySide","Supply)","Handle","the","highest","volume/revenue","accounts","in","assigned","territory."],"metadata":[]}],[{"content":"(SunnySide Supply) Have obtained promotions and management opportunities faster than expected by employer.","tokens":["(SunnySide","Supply)","Have","obtained","promotions","and","management","opportunities","faster","than","expected","by","employer."],"metadata":[]}],[{"content":"(SunnySide Supply and Davison) Won award for \"Rookie Sales Director of the Year.\"","tokens":["(SunnySide","Supply","and","Davison)","Won","award","for","\"Rookie","Sales","Director","of","the","Year.\""],"metadata":[]}],[{"content":"(Davison) Consistently exceed sales quotas and always in the top 10% of the sales team.","tokens":["(Davison)","Consistently","exceed","sales","quotas","and","always","in","the","top","10%","of","the","sales","team."],"metadata":[]}],[{"content":"(Davison) Successfully expanded account base from 2 to more than 50 accounts.","tokens":["(Davison)","Successfully","expanded","account","base","from","2","to","more","than","50","accounts."],"metadata":[]}],[{"content":"(Amore Limousines/Morgan Coach) Led sales team to grow revenue from $50,000 to $1.3 million in 6 years.","tokens":["(Amore","Limousines/Morgan","Coach)","Led","sales","team","to","grow","revenue","from","$50,000","to","$1.3","million","in","6","years."],"metadata":[]}],[{"content":"(Amore Limousines/Morgan Coach) Education Bachelor of Science : Marketing and Legal Studies in Business , 2006 Duquesne University － City , State Experience Business Development September 2014 to Current Company Name － City , State Responsible for overall company branding and marketing at trade shows and industry organizations.","tokens":["(Amore","Limousines/Morgan","Coach)","Education","Bachelor","of","Science",":","Marketing","and","Legal","Studies","in","Business",",","2006","Duquesne","University","－","City",",","State","Experience","Business","Development","September","2014","to","Current","Company","Name","－","City",",","State","Responsible","for","overall","company","branding","and","marketing","at","trade","shows","and","industry","organizations."],"metadata":[]}],[{"content":"Business Development role responsible for obtaining new customers and building current customer base to increase sales revenue across all product lines throughout the company.","tokens":["Business","Development","role","responsible","for","obtaining","new","customers","and","building","current","customer","base","to","increase","sales","revenue","across","all","product","lines","throughout","the","company."],"metadata":[]}],[{"content":"Manager of premium product line called Erect-A-Step, covering the Northeast as a service territory.","tokens":["Manager","of","premium","product","line","called","Erect-A-Step,","covering","the","Northeast","as","a","service","territory."],"metadata":[]}],[{"content":"Grown Erect-A-Step sales revenue 85% in a depressed oil and gas market.","tokens":["Grown","Erect-A-Step","sales","revenue","85%","in","a","depressed","oil","and","gas","market."],"metadata":[]}],[{"content":"Build strong relationships with new and current customers.","tokens":["Build","strong","relationships","with","new","and","current","customers."],"metadata":[]}],[{"content":"Operate as a stand alone business within SunnySide Supply, therefore responsible for day to day operations, which includes: prospecting, customer contact, qualifying customers, presentations/demos, quoting, sales, follow-up, inventory management, and logistics.","tokens":["Operate","as","a","stand","alone","business","within","SunnySide","Supply,","therefore","responsible","for","day","to","day","operations,","which","includes:","prospecting,","customer","contact,","qualifying","customers,","presentations/demos,","quoting,","sales,","follow-up,","inventory","management,","and","logistics."],"metadata":[]}],[{"content":"Perform field measurements to determine customer needs.","tokens":["Perform","field","measurements","to","determine","customer","needs."],"metadata":[]}],[{"content":"Design/Configure platforms and crossovers per customer needs to meet OSHA regulations.","tokens":["Design/Configure","platforms","and","crossovers","per","customer","needs","to","meet","OSHA","regulations."],"metadata":[]}],[{"content":"Evaluate/Forecast customer revenue potential.","tokens":["Evaluate/Forecast","customer","revenue","potential."],"metadata":[]}],[{"content":"Manage and direct inside Erect-A-Step team.","tokens":["Manage","and","direct","inside","Erect-A-Step","team."],"metadata":[]}],[{"content":"Director of New Products March 2013 to August 2014 Company Name － City , State Create strategies to develop and expand existing customer sales, which resulted in a 30% increase in monthly sales.","tokens":["Director","of","New","Products","March","2013","to","August","2014","Company","Name","－","City",",","State","Create","strategies","to","develop","and","expand","existing","customer","sales,","which","resulted","in","a","30%","increase","in","monthly","sales."],"metadata":[]}],[{"content":"Maximize operational efficiency by coaching staff on various customer service initiatives.","tokens":["Maximize","operational","efficiency","by","coaching","staff","on","various","customer","service","initiatives."],"metadata":[]}],[{"content":"Maintain friendly and professional customer interactions.","tokens":["Maintain","friendly","and","professional","customer","interactions."],"metadata":[]}],[{"content":"Emphasize product features based on analysis of customers' needs.","tokens":["Emphasize","product","features","based","on","analysis","of","customers'","needs."],"metadata":[]}],[{"content":"Make an average of 75 calls/appointments per day to grow and maintain customer base.","tokens":["Make","an","average","of","75","calls/appointments","per","day","to","grow","and","maintain","customer","base."],"metadata":[]}],[{"content":"Very strong at building rapport and a bond with clients to increase sales and volume.","tokens":["Very","strong","at","building","rapport","and","a","bond","with","clients","to","increase","sales","and","volume."],"metadata":[]}],[{"content":"Earned an elevated position as a \"Statistical Tracker.\"","tokens":["Earned","an","elevated","position","as","a","\"Statistical","Tracker.\""],"metadata":[]}],[{"content":"Compile and report sales statistics as requested by management to maximize sales efforts of the team.","tokens":["Compile","and","report","sales","statistics","as","requested","by","management","to","maximize","sales","efforts","of","the","team."],"metadata":[]}],[{"content":"Collaborate with colleagues to exchange selling strategies and marketing information.","tokens":["Collaborate","with","colleagues","to","exchange","selling","strategies","and","marketing","information."],"metadata":[]}],[{"content":"Respond to all customer inquiries in a timely manner.","tokens":["Respond","to","all","customer","inquiries","in","a","timely","manner."],"metadata":[]}],[{"content":"Director of Sales and Marketing/Business Development Manager May 2006 to March 2013 Company Name － City , State Created sales and revenue-generating opportunities in new markets to improve the bottom line.","tokens":["Director","of","Sales","and","Marketing/Business","Development","Manager","May","2006","to","March","2013","Company","Name","－","City",",","State","Created","sales","and","revenue-generating","opportunities","in","new","markets","to","improve","the","bottom","line."],"metadata":[]}],[{"content":"Developed strategies to position the business to shape and capitalize on emerging customer and market needs.","tokens":["Developed","strategies","to","position","the","business","to","shape","and","capitalize","on","emerging","customer","and","market","needs."],"metadata":[]}],[{"content":"Identified and solved complex problems that impacted sales management and the direction of the business.","tokens":["Identified","and","solved","complex","problems","that","impacted","sales","management","and","the","direction","of","the","business."],"metadata":[]}],[{"content":"Cultivated strong professional relationships with industry partners by creating focused campaigns to drive long-term business development.","tokens":["Cultivated","strong","professional","relationships","with","industry","partners","by","creating","focused","campaigns","to","drive","long-term","business","development."],"metadata":[]}],[{"content":"Developed and implemented strategic marketing plans for the business.","tokens":["Developed","and","implemented","strategic","marketing","plans","for","the","business."],"metadata":[]}],[{"content":"Launched a thriving transportation service, building revenue from $50K to over $300K in the first three years and a minimum 15% increase in revenue each year after.","tokens":["Launched","a","thriving","transportation","service,","building","revenue","from","$50K","to","over","$300K","in","the","first","three","years","and","a","minimum","15%","increase","in","revenue","each","year","after."],"metadata":[]}],[{"content":"Oversaw front-office operations and provided superior customer service.","tokens":["Oversaw","front-office","operations","and","provided","superior","customer","service."],"metadata":[]}],[{"content":"Built a clientèle supported by 30% referral business which resulted in daily interaction with current and prospective clients.","tokens":["Built","a","clientèle","supported","by","30%","referral","business","which","resulted","in","daily","interaction","with","current","and","prospective","clients."],"metadata":[]}],[{"content":"Managed all aspects of day-to-day operations as a multi-site manager of Amore Limousines, Morgan Coach & Tours, LLC, and 2 Sisters Travel, Inc. Finances: accounts payable/receivable, invoicing, forecasting, budgeting, and sales strategy.","tokens":["Managed","all","aspects","of","day-to-day","operations","as","a","multi-site","manager","of","Amore","Limousines,","Morgan","Coach","&","Tours,","LLC,","and","2","Sisters","Travel,","Inc.","Finances:","accounts","payable/receivable,","invoicing,","forecasting,","budgeting,","and","sales","strategy."],"metadata":[]}],[{"content":"Managed/supervised a total of 26 employees.","tokens":["Managed/supervised","a","total","of","26","employees."],"metadata":[]}],[{"content":"Facility rental/maintenance.","tokens":["Facility","rental/maintenance."],"metadata":[]}],[{"content":"Authored professional correspondence to customers and vendors.","tokens":["Authored","professional","correspondence","to","customers","and","vendors."],"metadata":[]}],[{"content":"Created special promotions, wrote/designed print and outdoor advertising, created campaigns for trade shows, and coordinated all media buying.","tokens":["Created","special","promotions,","wrote/designed","print","and","outdoor","advertising,","created","campaigns","for","trade","shows,","and","coordinated","all","media","buying."],"metadata":[]}],[{"content":"Prepared reports for sales, expenses, and maintenance ensuring full compliance with company, federal, and state requirements and tight deadlines.","tokens":["Prepared","reports","for","sales,","expenses,","and","maintenance","ensuring","full","compliance","with","company,","federal,","and","state","requirements","and","tight","deadlines."],"metadata":[]}],[{"content":"Concentrated on acquiring university and corporate contracts.","tokens":["Concentrated","on","acquiring","university","and","corporate","contracts."],"metadata":[]}],[{"content":"Won 8 university and 43 corporate contracts over many competitors.","tokens":["Won","8","university","and","43","corporate","contracts","over","many","competitors."],"metadata":[]}],[{"content":"Increased client base resulting from secured contracts.","tokens":["Increased","client","base","resulting","from","secured","contracts."],"metadata":[]}],[{"content":"Business Development Associate January 2003 to May 2006 Company Name － City , State Developed and implemented cold calling strategies to increase client base.","tokens":["Business","Development","Associate","January","2003","to","May","2006","Company","Name","－","City",",","State","Developed","and","implemented","cold","calling","strategies","to","increase","client","base."],"metadata":[]}],[{"content":"Identified market trends to maximize revenue.","tokens":["Identified","market","trends","to","maximize","revenue."],"metadata":[]}],[{"content":"Focused on customer retention to maintain market share.","tokens":["Focused","on","customer","retention","to","maintain","market","share."],"metadata":[]}],[{"content":"Built long-term client relationships to position the business for growth.","tokens":["Built","long-term","client","relationships","to","position","the","business","for","growth."],"metadata":[]}],[{"content":"Leadership Roles Member of Board of Directors, The Consortium for Public Education, 2010-Present.","tokens":["Leadership","Roles","Member","of","Board","of","Directors,","The","Consortium","for","Public","Education,","2010-Present."],"metadata":[]}],[{"content":"Ongoing Community Service Initiatives Student of the Month Program, Turner Elementary School, 2004-Present.","tokens":["Ongoing","Community","Service","Initiatives","Student","of","the","Month","Program,","Turner","Elementary","School,","2004-Present."],"metadata":[]}],[{"content":"Created and operate the Student of the Month Program.","tokens":["Created","and","operate","the","Student","of","the","Month","Program."],"metadata":[]}],[{"content":"Monthly \"limo lunches\" are donated for the Student of the Month program.","tokens":["Monthly","\"limo","lunches\"","are","donated","for","the","Student","of","the","Month","program."],"metadata":[]}],[{"content":"Read-A-Thon Program, Evergreen Elementary School, 2007-Present.","tokens":["Read-A-Thon","Program,","Evergreen","Elementary","School,","2007-Present."],"metadata":[]}],[{"content":"Created and operate the Read-A-Thon program.","tokens":["Created","and","operate","the","Read-A-Thon","program."],"metadata":[]}],[{"content":"Quarterly \"limo lunches\" are donated for the students that read the most books in each contest period.","tokens":["Quarterly","\"limo","lunches\"","are","donated","for","the","students","that","read","the","most","books","in","each","contest","period."],"metadata":[]}]],"labelerInfo":{"id":6814,"email":"cwilhel8@jh.edu","displayName":"Chris Wilhelm"},"labelSets":[{"name":"Resume Labels","index":0,"labelItems":[{"id":"Kj5U6n9NUqTXuWcB3c_7L","labelName":"College"},{"id":"rj7TW0-ymuRo6f_asXJab","labelName":"Company Name"},{"id":"SJEkdao76hjwbb6Fh5SY6","labelName":"Job Title"},{"id":"BjO8MdvK2KI4E5iMEeY4B","labelName":"Graduation Year"},{"id":"eS2knCRgLegeRw8bcmSWA","labelName":"Skill"},{"id":"IeEoIKabMl51BJE0gX2YL","labelName":"Degree"},{"id":"1R0C50AAwFbEp2O0WmRv6","labelName":"Location"},{"id":"zQcc4ygexJ_A3Gb0NeRTk","labelName":"Years of Experience"},{"id":"52S_6moRfhjC-yXgIBeCp","labelName":"Date"},{"id":"KiLarWmwlU1E3-FfdG6Qg","labelName":"Project"},{"id":"dyxKKTAxW1z5ifjPj42BI","labelName":"Name"}]}],"spanLabels":[{"id":"1663133954","labeledBy":"LABELER","labeledByUserId":6814,"acceptedByUserId":null,"rejectedByUserId":null,"layer":0,"counter":0,"status":"ACCEPTED","hashCode":"SPAN:SJEkdao76hjwbb6Fh5SY6:0:0:0:0:0:0:0:1:10:0:undefined:undefined","labelName":"SJEkdao76hjwbb6Fh5SY6","labelItem":{"id":"SJEkdao76hjwbb6Fh5SY6","labelName":"Job Title"},"textPosition":{"start":{"row":0,"column":0,"tokenIndex":0,"charIndex":0},"end":{"row":0,"column":0,"tokenIndex":1,"charIndex":10}},"confidenceScore":null},{"id":"1663133960","labeledBy":"LABELER","labeledByUserId":6814,"acceptedByUserId":null,"rejectedByUserId":null,"layer":0,"counter":0,"status":"ACCEPTED","hashCode":"SPAN:eS2knCRgLegeRw8bcmSWA:0:0:0:7:0:0:0:8:18:0:undefined:undefined","labelName":"eS2knCRgLegeRw8bcmSWA","labelItem":{"id":"eS2knCRgLegeRw8bcmSWA","labelName":"Skill"},"textPosition":{"start":{"row":0,"column":0,"tokenIndex":7,"charIndex":0},"end":{"row":0,"column":0,"tokenIndex":8,"charIndex":18}},"confidenceScore":null},{"id":"1663133963","labeledBy":"LABELER","labeledByUserId":6814,"acceptedByUserId":null,"rejectedByUserId":null,"layer":0,"counter":0,"status":"ACCEPTED","hashCode":"SPAN:eS2knCRgLegeRw8bcmSWA:0:0:0:9:0:0:0:9:6:0:undefined:undefined","labelName":"eS2knCRgLegeRw8bcmSWA","labelItem":{"id":"eS2knCRgLegeRw8bcmSWA","labelName":"Skill"},"textPosition":{"start":{"row":0,"column":0,"tokenIndex":9,"charIndex":0},"end":{"row":0,"column":0,"tokenIndex":9,"charIndex":6}},"confidenceScore":null},{"id":"1663133966","labeledBy":"LABELER","labeledByUserId":6814,"acceptedByUserId":null,"rejectedByUserId":null,"layer":0,"counter":0,"status":"ACCEPTED","hashCode":"SPAN:eS2knCRgLegeRw8bcmSWA:0:0:0:11:0:0:0:11:8:0:undefined:undefined","labelName":"eS2knCRgLegeRw8bcmSWA","labelItem":{"id":"eS2knCRgLegeRw8bcmSWA","labelName":"Skill"},"textPosition":{"start":{"row":0,"column":0,"tokenIndex":11,"charIndex":0},"end":{"row":0,"column":0,"tokenIndex":11,"charIndex":8}},"confidenceScore":null},{"id":"1663133969","labeledBy":"LABELER","labeledByUserId":6814,"acceptedByUserId":null,"rejectedByUserId":null,"layer":0,"counter":0,"status":"ACCEPTED","hashCode":"SPAN:zQcc4ygexJ_A3Gb0NeRTk:0:0:0:15:0:0:0:18:9:0:undefined:undefined","labelName":"zQcc4ygexJ_A3Gb0NeRTk","labelItem":{"id":"zQcc4ygexJ_A3Gb0NeRTk","labelName":"Years of Experience"},"textPosition":{"start":{"row":0,"column":0,"tokenIndex":15,"charIndex":0},"end":{"row":0,"column":0,"tokenIndex":18,"charIndex":9}},"confidenceScore":null},{"id":"1663341967","labeledBy":"LABELER","labeledByUserId":6814,"acceptedByUserId":null,"rejectedByUserId":null,"layer":0,"counter":0,"status":"ACCEPTED","hashCode":"SPAN:eS2knCRgLegeRw8bcmSWA:0:0:0:35:0:0:0:35:11:0:undefined:undefined","labelName":"eS2knCRgLegeRw8bcmSWA","labelItem":{"id":"eS2knCRgLegeRw8bcmSWA","labelName":"Skill"},"textPosition":{"start":{"row":0,"column":0,"tokenIndex":35,"charIndex":0},"end":{"row":0,"column":0,"tokenIndex":35,"charIndex":11}},"confidenceScore":null},{"id":"1663342100","labeledBy":"LABELER","labeledByUserId":6814,"acceptedByUserId":null,"rejectedByUserId":null,"layer":0,"counter":0,"status":"ACCEPTED","hashCode":"SPAN:eS2knCRgLegeRw8bcmSWA:0:1:0:18:0:1:0:19:11:0:undefined:undefined","labelName":"eS2knCRgLegeRw8bcmSWA","labelItem":{"id":"eS2knCRgLegeRw8bcmSWA","labelName":"Skill"},"textPosition":{"start":{"row":1,"column":0,"tokenIndex":18,"charIndex":0},"end":{"row":1,"column":0,"tokenIndex":19,"charIndex":11}},"confidenceScore":null},{"id":"1663342103","labeledBy":"LABELER","labeledByUserId":6814,"acceptedByUserId":null,"rejectedByUserId":null,"layer":0,"counter":0,"status":"ACCEPTED","hashCode":"SPAN:eS2knCRgLegeRw8bcmSWA:0:2:0:0:0:2:0:0:3:0:undefined:undefined","labelName":"eS2knCRgLegeRw8bcmSWA","labelItem":{"id":"eS2knCRgLegeRw8bcmSWA","labelName":"Skill"},"textPosition":{"start":{"row":2,"column":0,"tokenIndex":0,"charIndex":0},"end":{"row":2,"column":0,"tokenIndex":0,"charIndex":3}},"confidenceScore":null},{"id":"1663342127","labeledBy":"LABELER","labeledByUserId":6814,"acceptedByUserId":null,"rejectedByUserId":null,"layer":0,"counter":0,"status":"ACCEPTED","hashCode":"SPAN:eS2knCRgLegeRw8bcmSWA:0:2:0:3:0:2:0:3:11:0:undefined:undefined","labelName":"eS2knCRgLegeRw8bcmSWA","labelItem":{"id":"eS2knCRgLegeRw8bcmSWA","labelName":"Skill"},"textPosition":{"start":{"row":2,"column":0,"tokenIndex":3,"charIndex":0},"end":{"row":2,"column":0,"tokenIndex":3,"charIndex":11}},"confidenceScore":null},{"id":"1663342133","labeledBy":"LABELER","labeledByUserId":6814,"acceptedByUserId":null,"rejectedByUserId":null,"layer":0,"counter":0,"status":"ACCEPTED","hashCode":"SPAN:eS2knCRgLegeRw8bcmSWA:0:2:0:9:0:2:0:9:10:0:undefined:undefined","labelName":"eS2knCRgLegeRw8bcmSWA","labelItem":{"id":"eS2knCRgLegeRw8bcmSWA","labelName":"Skill"},"textPosition":{"start":{"row":2,"column":0,"tokenIndex":9,"charIndex":0},"end":{"row":2,"column":0,"tokenIndex":9,"charIndex":10}},"confidenceScore":null},{"id":"1663342136","labeledBy":"LABELER","labeledByUserId":6814,"acceptedByUserId":null,"rejectedByUserId":null,"layer":0,"counter":0,"status":"ACCEPTED","hashCode":"SPAN:eS2knCRgLegeRw8bcmSWA:0:3:0:1:0:3:0:2:7:0:undefined:undefined","labelName":"eS2knCRgLegeRw8bcmSWA","labelItem":{"id":"eS2knCRgLegeRw8bcmSWA","labelName":"Skill"},"textPosition":{"start":{"row":3,"column":0,"tokenIndex":1,"charIndex":0},"end":{"row":3,"column":0,"tokenIndex":2,"charIndex":7}},"confidenceScore":null},{"id":"1663342142","labeledBy":"LABELER","labeledByUserId":6814,"acceptedByUserId":null,"rejectedByUserId":null,"layer":0,"counter":0,"status":"ACCEPTED","hashCode":"SPAN:eS2knCRgLegeRw8bcmSWA:0:3:0:3:0:3:0:3:9:0:undefined:undefined","labelName":"eS2knCRgLegeRw8bcmSWA","labelItem":{"id":"eS2knCRgLegeRw8bcmSWA","labelName":"Skill"},"textPosition":{"start":{"row":3,"column":0,"tokenIndex":3,"charIndex":0},"end":{"row":3,"column":0,"tokenIndex":3,"charIndex":9}},"confidenceScore":null},{"id":"1663342139","labeledBy":"LABELER","labeledByUserId":6814,"acceptedByUserId":null,"rejectedByUserId":null,"layer":0,"counter":0,"status":"ACCEPTED","hashCode":"SPAN:eS2knCRgLegeRw8bcmSWA:0:3:0:4:0:3:0:5:7:0:undefined:undefined","labelName":"eS2knCRgLegeRw8bcmSWA","labelItem":{"id":"eS2knCRgLegeRw8bcmSWA","labelName":"Skill"},"textPosition":{"start":{"row":3,"column":0,"tokenIndex":4,"charIndex":0},"end":{"row":3,"column":0,"tokenIndex":5,"charIndex":7}},"confidenceScore":null},{"id":"1663342145","labeledBy":"LABELER","labeledByUserId":6814,"acceptedByUserId":null,"rejectedByUserId":null,"layer":0,"counter":0,"status":"ACCEPTED","hashCode":"SPAN:eS2knCRgLegeRw8bcmSWA:0:3:0:6:0:3:0:7:7:0:undefined:undefined","labelName":"eS2knCRgLegeRw8bcmSWA","labelItem":{"id":"eS2knCRgLegeRw8bcmSWA","labelName":"Skill"},"textPosition":{"start":{"row":3,"column":0,"tokenIndex":6,"charIndex":0},"end":{"row":3,"column":0,"tokenIndex":7,"charIndex":7}},"confidenceScore":null},{"id":"1663342148","labeledBy":"LABELER","labeledByUserId":6814,"acceptedByUserId":null,"rejectedByUserId":null,"layer":0,"counter":0,"status":"ACCEPTED","hashCode":"SPAN:eS2knCRgLegeRw8bcmSWA:0:3:0:10:0:3:0:11:4:0:undefined:undefined","labelName":"eS2knCRgLegeRw8bcmSWA","labelItem":{"id":"eS2knCRgLegeRw8bcmSWA","labelName":"Skill"},"textPosition":{"start":{"row":3,"column":0,"tokenIndex":10,"charIndex":0},"end":{"row":3,"column":0,"tokenIndex":11,"charIndex":4}},"confidenceScore":null},{"id":"1663342151","labeledBy":"LABELER","labeledByUserId":6814,"acceptedByUserId":null,"rejectedByUserId":null,"layer":0,"counter":0,"status":"ACCEPTED","hashCode":"SPAN:eS2knCRgLegeRw8bcmSWA:0:3:0:12:0:3:0:13:10:0:undefined:undefined","labelName":"eS2knCRgLegeRw8bcmSWA","labelItem":{"id":"eS2knCRgLegeRw8bcmSWA","labelName":"Skill"},"textPosition":{"start":{"row":3,"column":0,"tokenIndex":12,"charIndex":0},"end":{"row":3,"column":0,"tokenIndex":13,"charIndex":10}},"confidenceScore":null},{"id":"1663342274","labeledBy":"LABELER","labeledByUserId":6814,"acceptedByUserId":null,"rejectedByUserId":null,"layer":0,"counter":0,"status":"ACCEPTED","hashCode":"SPAN:eS2knCRgLegeRw8bcmSWA:0:3:0:14:0:3:0:15:10:0:undefined:undefined","labelName":"eS2knCRgLegeRw8bcmSWA","labelItem":{"id":"eS2knCRgLegeRw8bcmSWA","labelName":"Skill"},"textPosition":{"start":{"row":3,"column":0,"tokenIndex":14,"charIndex":0},"end":{"row":3,"column":0,"tokenIndex":15,"charIndex":10}},"confidenceScore":null},{"id":"1663342280","labeledBy":"LABELER","labeledByUserId":6814,"acceptedByUserId":null,"rejectedByUserId":null,"layer":0,"counter":0,"status":"ACCEPTED","hashCode":"SPAN:eS2knCRgLegeRw8bcmSWA:0:3:0:16:0:3:0:17:9:0:undefined:undefined","labelName":"eS2knCRgLegeRw8bcmSWA","labelItem":{"id":"eS2knCRgLegeRw8bcmSWA","labelName":"Skill"},"textPosition":{"start":{"row":3,"column":0,"tokenIndex":16,"charIndex":0},"end":{"row":3,"column":0,"tokenIndex":17,"charIndex":9}},"confidenceScore":null},{"id":"1663342286","labeledBy":"LABELER","labeledByUserId":6814,"acceptedByUserId":null,"rejectedByUserId":null,"layer":0,"counter":0,"status":"ACCEPTED","hashCode":"SPAN:eS2knCRgLegeRw8bcmSWA:0:3:0:18:0:3:0:20:5:0:undefined:undefined","labelName":"eS2knCRgLegeRw8bcmSWA","labelItem":{"id":"eS2knCRgLegeRw8bcmSWA","labelName":"Skill"},"textPosition":{"start":{"row":3,"column":0,"tokenIndex":18,"charIndex":0},"end":{"row":3,"column":0,"tokenIndex":20,"charIndex":5}},"confidenceScore":null},{"id":"1663342289","labeledBy":"LABELER","labeledByUserId":6814,"acceptedByUserId":null,"rejectedByUserId":null,"layer":0,"counter":0,"status":"ACCEPTED","hashCode":"SPAN:eS2knCRgLegeRw8bcmSWA:0:3:0:21:0:3:0:22:11:0:undefined:undefined","labelName":"eS2knCRgLegeRw8bcmSWA","labelItem":{"id":"eS2knCRgLegeRw8bcmSWA","labelName":"Skill"},"textPosition":{"start":{"row":3,"column":0,"tokenIndex":21,"charIndex":0},"end":{"row":3,"column":0,"tokenIndex":22,"charIndex":11}},"confidenceScore":null},{"id":"1663342292","labeledBy":"LABELER","labeledByUserId":6814,"acceptedByUserId":null,"rejectedByUserId":null,"layer":0,"counter":0,"status":"ACCEPTED","hashCode":"SPAN:eS2knCRgLegeRw8bcmSWA:0:3:0:23:0:3:0:24:9:0:undefined:undefined","labelName":"eS2knCRgLegeRw8bcmSWA","labelItem":{"id":"eS2knCRgLegeRw8bcmSWA","labelName":"Skill"},"textPosition":{"start":{"row":3,"column":0,"tokenIndex":23,"charIndex":0},"end":{"row":3,"column":0,"tokenIndex":24,"charIndex":9}},"confidenceScore":null},{"id":"1663342295","labeledBy":"LABELER","labeledByUserId":6814,"acceptedByUserId":null,"rejectedByUserId":null,"layer":0,"counter":0,"status":"ACCEPTED","hashCode":"SPAN:eS2knCRgLegeRw8bcmSWA:0:3:0:25:0:3:0:25:7:0:undefined:undefined","labelName":"eS2knCRgLegeRw8bcmSWA","labelItem":{"id":"eS2knCRgLegeRw8bcmSWA","labelName":"Skill"},"textPosition":{"start":{"row":3,"column":0,"tokenIndex":25,"charIndex":0},"end":{"row":3,"column":0,"tokenIndex":25,"charIndex":7}},"confidenceScore":null},{"id":"1663342298","labeledBy":"LABELER","labeledByUserId":6814,"acceptedByUserId":null,"rejectedByUserId":null,"layer":0,"counter":0,"status":"ACCEPTED","hashCode":"SPAN:eS2knCRgLegeRw8bcmSWA:0:3:0:27:0:3:0:27:10:0:undefined:undefined","labelName":"eS2knCRgLegeRw8bcmSWA","labelItem":{"id":"eS2knCRgLegeRw8bcmSWA","labelName":"Skill"},"textPosition":{"start":{"row":3,"column":0,"tokenIndex":27,"charIndex":0},"end":{"row":3,"column":0,"tokenIndex":27,"charIndex":10}},"confidenceScore":null},{"id":"1663342301","labeledBy":"LABELER","labeledByUserId":6814,"acceptedByUserId":null,"rejectedByUserId":null,"layer":0,"counter":0,"status":"ACCEPTED","hashCode":"SPAN:rj7TW0-ymuRo6f_asXJab:0:4:0:0:0:4:0:1:6:0:undefined:undefined","labelName":"rj7TW0-ymuRo6f_asXJab","labelItem":{"id":"rj7TW0-ymuRo6f_asXJab","labelName":"Company Name"},"textPosition":{"start":{"row":4,"column":0,"tokenIndex":0,"charIndex":0},"end":{"row":4,"column":0,"tokenIndex":1,"charIndex":6}},"confidenceScore":null},{"id":"1663342304","labeledBy":"LABELER","labeledByUserId":6814,"acceptedByUserId":null,"rejectedByUserId":null,"layer":0,"counter":0,"status":"ACCEPTED","hashCode":"SPAN:rj7TW0-ymuRo6f_asXJab:0:5:0:0:0:5:0:1:6:0:undefined:undefined","labelName":"rj7TW0-ymuRo6f_asXJab","labelItem":{"id":"rj7TW0-ymuRo6f_asXJab","labelName":"Company Name"},"textPosition":{"start":{"row":5,"column":0,"tokenIndex":0,"charIndex":0},"end":{"row":5,"column":0,"tokenIndex":1,"charIndex":6}},"confidenceScore":null},{"id":"1663342307","labeledBy":"LABELER","labeledByUserId":6814,"acceptedByUserId":null,"rejectedByUserId":null,"layer":0,"counter":0,"status":"ACCEPTED","hashCode":"SPAN:rj7TW0-ymuRo6f_asXJab:0:6:0:0:0:6:0:1:6:0:undefined:undefined","labelName":"rj7TW0-ymuRo6f_asXJab","labelItem":{"id":"rj7TW0-ymuRo6f_asXJab","labelName":"Company Name"},"textPosition":{"start":{"row":6,"column":0,"tokenIndex":0,"charIndex":0},"end":{"row":6,"column":0,"tokenIndex":1,"charIndex":6}},"confidenceScore":null},{"id":"1663342394","labeledBy":"LABELER","labeledByUserId":6814,"acceptedByUserId":null,"rejectedByUserId":null,"layer":0,"counter":0,"status":"ACCEPTED","hashCode":"SPAN:rj7TW0-ymuRo6f_asXJab:0:7:0:0:0:7:0:1:5:0:undefined:undefined","labelName":"rj7TW0-ymuRo6f_asXJab","labelItem":{"id":"rj7TW0-ymuRo6f_asXJab","labelName":"Company Name"},"textPosition":{"start":{"row":7,"column":0,"tokenIndex":0,"charIndex":0},"end":{"row":7,"column":0,"tokenIndex":1,"charIndex":5}},"confidenceScore":null},{"id":"1663342397","labeledBy":"LABELER","labeledByUserId":6814,"acceptedByUserId":null,"rejectedByUserId":null,"layer":0,"counter":0,"status":"ACCEPTED","hashCode":"SPAN:rj7TW0-ymuRo6f_asXJab:0:7:0:3:0:7:0:3:7:0:undefined:undefined","labelName":"rj7TW0-ymuRo6f_asXJab","labelItem":{"id":"rj7TW0-ymuRo6f_asXJab","labelName":"Company Name"},"textPosition":{"start":{"row":7,"column":0,"tokenIndex":3,"charIndex":0},"end":{"row":7,"column":0,"tokenIndex":3,"charIndex":7}},"confidenceScore":null},{"id":"1663342400","labeledBy":"LABELER","labeledByUserId":6814,"acceptedByUserId":null,"rejectedByUserId":null,"layer":0,"counter":0,"status":"ACCEPTED","hashCode":"SPAN:rj7TW0-ymuRo6f_asXJab:0:8:0:0:0:8:0:0:8:0:undefined:undefined","labelName":"rj7TW0-ymuRo6f_asXJab","labelItem":{"id":"rj7TW0-ymuRo6f_asXJab","labelName":"Company Name"},"textPosition":{"start":{"row":8,"column":0,"tokenIndex":0,"charIndex":0},"end":{"row":8,"column":0,"tokenIndex":0,"charIndex":8}},"confidenceScore":null},{"id":"1663342409","labeledBy":"LABELER","labeledByUserId":6814,"acceptedByUserId":null,"rejectedByUserId":null,"layer":0,"counter":0,"status":"ACCEPTED","hashCode":"SPAN:eS2knCRgLegeRw8bcmSWA:0:8:0:3:0:8:0:3:4:0:undefined:undefined","labelName":"eS2knCRgLegeRw8bcmSWA","labelItem":{"id":"eS2knCRgLegeRw8bcmSWA","labelName":"Skill"},"textPosition":{"start":{"row":8,"column":0,"tokenIndex":3,"charIndex":0},"end":{"row":8,"column":0,"tokenIndex":3,"charIndex":4}},"confidenceScore":null},{"id":"1663342403","labeledBy":"LABELER","labeledByUserId":6814,"acceptedByUserId":null,"rejectedByUserId":null,"layer":0,"counter":0,"status":"ACCEPTED","hashCode":"SPAN:rj7TW0-ymuRo6f_asXJab:0:9:0:0:0:9:0:0:8:0:undefined:undefined","labelName":"rj7TW0-ymuRo6f_asXJab","labelItem":{"id":"rj7TW0-ymuRo6f_asXJab","labelName":"Company Name"},"textPosition":{"start":{"row":9,"column":0,"tokenIndex":0,"charIndex":0},"end":{"row":9,"column":0,"tokenIndex":0,"charIndex":8}},"confidenceScore":null},{"id":"1663342406","labeledBy":"LABELER","labeledByUserId":6814,"acceptedByUserId":null,"rejectedByUserId":null,"layer":0,"counter":0,"status":"ACCEPTED","hashCode":"SPAN:rj7TW0-ymuRo6f_asXJab:0:10:0:0:0:10:0:0:5:0:undefined:undefined","labelName":"rj7TW0-ymuRo6f_asXJab","labelItem":{"id":"rj7TW0-ymuRo6f_asXJab","labelName":"Company Name"},"textPosition":{"start":{"row":10,"column":0,"tokenIndex":0,"charIndex":0},"end":{"row":10,"column":0,"tokenIndex":0,"charIndex":5}},"confidenceScore":null},{"id":"1663342412","labeledBy":"LABELER","labeledByUserId":6814,"acceptedByUserId":null,"rejectedByUserId":null,"layer":0,"counter":0,"status":"ACCEPTED","hashCode":"SPAN:rj7TW0-ymuRo6f_asXJab:0:10:0:0:0:10:0:2:5:0:undefined:undefined","labelName":"rj7TW0-ymuRo6f_asXJab","labelItem":{"id":"rj7TW0-ymuRo6f_asXJab","labelName":"Company Name"},"textPosition":{"start":{"row":10,"column":0,"tokenIndex":0,"charIndex":0},"end":{"row":10,"column":0,"tokenIndex":2,"charIndex":5}},"confidenceScore":null},{"id":"1663342415","labeledBy":"LABELER","labeledByUserId":6814,"acceptedByUserId":null,"rejectedByUserId":null,"layer":0,"counter":0,"status":"ACCEPTED","hashCode":"SPAN:rj7TW0-ymuRo6f_asXJab:0:11:0:0:0:11:0:2:5:0:undefined:undefined","labelName":"rj7TW0-ymuRo6f_asXJab","labelItem":{"id":"rj7TW0-ymuRo6f_asXJab","labelName":"Company Name"},"textPosition":{"start":{"row":11,"column":0,"tokenIndex":0,"charIndex":0},"end":{"row":11,"column":0,"tokenIndex":2,"charIndex":5}},"confidenceScore":null},{"id":"1663342418","labeledBy":"LABELER","labeledByUserId":6814,"acceptedByUserId":null,"rejectedByUserId":null,"layer":0,"counter":0,"status":"ACCEPTED","hashCode":"SPAN:IeEoIKabMl51BJE0gX2YL:0:11:0:4:0:11:0:6:6:0:undefined:undefined","labelName":"IeEoIKabMl51BJE0gX2YL","labelItem":{"id":"IeEoIKabMl51BJE0gX2YL","labelName":"Degree"},"textPosition":{"start":{"row":11,"column":0,"tokenIndex":4,"charIndex":0},"end":{"row":11,"column":0,"tokenIndex":6,"charIndex":6}},"confidenceScore":null},{"id":"1663342424","labeledBy":"LABELER","labeledByUserId":6814,"acceptedByUserId":null,"rejectedByUserId":null,"layer":0,"counter":0,"status":"ACCEPTED","hashCode":"SPAN:IeEoIKabMl51BJE0gX2YL:0:11:0:8:0:11:0:13:7:0:undefined:undefined","labelName":"IeEoIKabMl51BJE0gX2YL","labelItem":{"id":"IeEoIKabMl51BJE0gX2YL","labelName":"Degree"},"textPosition":{"start":{"row":11,"column":0,"tokenIndex":8,"charIndex":0},"end":{"row":11,"column":0,"tokenIndex":13,"charIndex":7}},"confidenceScore":null},{"id":"1663342554","labeledBy":"LABELER","labeledByUserId":6814,"acceptedByUserId":null,"rejectedByUserId":null,"layer":0,"counter":0,"status":"ACCEPTED","hashCode":"SPAN:BjO8MdvK2KI4E5iMEeY4B:0:11:0:15:0:11:0:15:3:0:undefined:undefined","labelName":"BjO8MdvK2KI4E5iMEeY4B","labelItem":{"id":"BjO8MdvK2KI4E5iMEeY4B","labelName":"Graduation Year"},"textPosition":{"start":{"row":11,"column":0,"tokenIndex":15,"charIndex":0},"end":{"row":11,"column":0,"tokenIndex":15,"charIndex":3}},"confidenceScore":null},{"id":"1663342557","labeledBy":"LABELER","labeledByUserId":6814,"acceptedByUserId":null,"rejectedByUserId":null,"layer":0,"counter":0,"status":"ACCEPTED","hashCode":"SPAN:Kj5U6n9NUqTXuWcB3c_7L:0:11:0:16:0:11:0:17:9:0:undefined:undefined","labelName":"Kj5U6n9NUqTXuWcB3c_7L","labelItem":{"id":"Kj5U6n9NUqTXuWcB3c_7L","labelName":"College"},"textPosition":{"start":{"row":11,"column":0,"tokenIndex":16,"charIndex":0},"end":{"row":11,"column":0,"tokenIndex":17,"charIndex":9}},"confidenceScore":null},{"id":"1663342560","labeledBy":"LABELER","labeledByUserId":6814,"acceptedByUserId":null,"rejectedByUserId":null,"layer":0,"counter":0,"status":"ACCEPTED","hashCode":"SPAN:1R0C50AAwFbEp2O0WmRv6:0:11:0:19:0:11:0:19:3:0:undefined:undefined","labelName":"1R0C50AAwFbEp2O0WmRv6","labelItem":{"id":"1R0C50AAwFbEp2O0WmRv6","labelName":"Location"},"textPosition":{"start":{"row":11,"column":0,"tokenIndex":19,"charIndex":0},"end":{"row":11,"column":0,"tokenIndex":19,"charIndex":3}},"confidenceScore":null},{"id":"1663342563","labeledBy":"LABELER","labeledByUserId":6814,"acceptedByUserId":null,"rejectedByUserId":null,"layer":0,"counter":0,"status":"ACCEPTED","hashCode":"SPAN:1R0C50AAwFbEp2O0WmRv6:0:11:0:21:0:11:0:21:4:0:undefined:undefined","labelName":"1R0C50AAwFbEp2O0WmRv6","labelItem":{"id":"1R0C50AAwFbEp2O0WmRv6","labelName":"Location"},"textPosition":{"start":{"row":11,"column":0,"tokenIndex":21,"charIndex":0},"end":{"row":11,"column":0,"tokenIndex":21,"charIndex":4}},"confidenceScore":null},{"id":"1663342567","labeledBy":"LABELER","labeledByUserId":6814,"acceptedByUserId":null,"rejectedByUserId":null,"layer":0,"counter":0,"status":"ACCEPTED","hashCode":"SPAN:SJEkdao76hjwbb6Fh5SY6:0:11:0:22:0:11:0:24:10:0:undefined:undefined","labelName":"SJEkdao76hjwbb6Fh5SY6","labelItem":{"id":"SJEkdao76hjwbb6Fh5SY6","labelName":"Job Title"},"textPosition":{"start":{"row":11,"column":0,"tokenIndex":22,"charIndex":0},"end":{"row":11,"column":0,"tokenIndex":24,"charIndex":10}},"confidenceScore":null},{"id":"1663342570","labeledBy":"LABELER","labeledByUserId":6814,"acceptedByUserId":null,"rejectedByUserId":null,"layer":0,"counter":0,"status":"ACCEPTED","hashCode":"SPAN:52S_6moRfhjC-yXgIBeCp:0:11:0:25:0:11:0:26:3:0:undefined:undefined","labelName":"52S_6moRfhjC-yXgIBeCp","labelItem":{"id":"52S_6moRfhjC-yXgIBeCp","labelName":"Date"},"textPosition":{"start":{"row":11,"column":0,"tokenIndex":25,"charIndex":0},"end":{"row":11,"column":0,"tokenIndex":26,"charIndex":3}},"confidenceScore":null},{"id":"1663342573","labeledBy":"LABELER","labeledByUserId":6814,"acceptedByUserId":null,"rejectedByUserId":null,"layer":0,"counter":0,"status":"ACCEPTED","hashCode":"SPAN:52S_6moRfhjC-yXgIBeCp:0:11:0:28:0:11:0:28:6:0:undefined:undefined","labelName":"52S_6moRfhjC-yXgIBeCp","labelItem":{"id":"52S_6moRfhjC-yXgIBeCp","labelName":"Date"},"textPosition":{"start":{"row":11,"column":0,"tokenIndex":28,"charIndex":0},"end":{"row":11,"column":0,"tokenIndex":28,"charIndex":6}},"confidenceScore":null},{"id":"1663342576","labeledBy":"LABELER","labeledByUserId":6814,"acceptedByUserId":null,"rejectedByUserId":null,"layer":0,"counter":0,"status":"ACCEPTED","hashCode":"SPAN:rj7TW0-ymuRo6f_asXJab:0:11:0:29:0:11:0:30:3:0:undefined:undefined","labelName":"rj7TW0-ymuRo6f_asXJab","labelItem":{"id":"rj7TW0-ymuRo6f_asXJab","labelName":"Company Name"},"textPosition":{"start":{"row":11,"column":0,"tokenIndex":29,"charIndex":0},"end":{"row":11,"column":0,"tokenIndex":30,"charIndex":3}},"confidenceScore":null},{"id":"1663342579","labeledBy":"LABELER","labeledByUserId":6814,"acceptedByUserId":null,"rejectedByUserId":null,"layer":0,"counter":0,"status":"ACCEPTED","hashCode":"SPAN:1R0C50AAwFbEp2O0WmRv6:0:11:0:32:0:11:0:32:3:0:undefined:undefined","labelName":"1R0C50AAwFbEp2O0WmRv6","labelItem":{"id":"1R0C50AAwFbEp2O0WmRv6","labelName":"Location"},"textPosition":{"start":{"row":11,"column":0,"tokenIndex":32,"charIndex":0},"end":{"row":11,"column":0,"tokenIndex":32,"charIndex":3}},"confidenceScore":null},{"id":"1663342582","labeledBy":"LABELER","labeledByUserId":6814,"acceptedByUserId":null,"rejectedByUserId":null,"layer":0,"counter":0,"status":"ACCEPTED","hashCode":"SPAN:1R0C50AAwFbEp2O0WmRv6:0:11:0:34:0:11:0:34:4:0:undefined:undefined","labelName":"1R0C50AAwFbEp2O0WmRv6","labelItem":{"id":"1R0C50AAwFbEp2O0WmRv6","labelName":"Location"},"textPosition":{"start":{"row":11,"column":0,"tokenIndex":34,"charIndex":0},"end":{"row":11,"column":0,"tokenIndex":34,"charIndex":4}},"confidenceScore":null},{"id":"1663342585","labeledBy":"LABELER","labeledByUserId":6814,"acceptedByUserId":null,"rejectedByUserId":null,"layer":0,"counter":0,"status":"ACCEPTED","hashCode":"SPAN:eS2knCRgLegeRw8bcmSWA:0:11:0:35:0:11:0:35:10:0:undefined:undefined","labelName":"eS2knCRgLegeRw8bcmSWA","labelItem":{"id":"eS2knCRgLegeRw8bcmSWA","labelName":"Skill"},"textPosition":{"start":{"row":11,"column":0,"tokenIndex":35,"charIndex":0},"end":{"row":11,"column":0,"tokenIndex":35,"charIndex":10}},"confidenceScore":null},{"id":"1663342591","labeledBy":"LABELER","labeledByUserId":6814,"acceptedByUserId":null,"rejectedByUserId":null,"layer":0,"counter":0,"status":"ACCEPTED","hashCode":"SPAN:eS2knCRgLegeRw8bcmSWA:0:11:0:38:0:11:0:39:7:0:undefined:undefined","labelName":"eS2knCRgLegeRw8bcmSWA","labelItem":{"id":"eS2knCRgLegeRw8bcmSWA","labelName":"Skill"},"textPosition":{"start":{"row":11,"column":0,"tokenIndex":38,"charIndex":0},"end":{"row":11,"column":0,"tokenIndex":39,"charIndex":7}},"confidenceScore":null},{"id":"1663342588","labeledBy":"LABELER","labeledByUserId":6814,"acceptedByUserId":null,"rejectedByUserId":null,"layer":0,"counter":0,"status":"ACCEPTED","hashCode":"SPAN:eS2knCRgLegeRw8bcmSWA:0:11:0:41:0:11:0:41:8:0:undefined:undefined","labelName":"eS2knCRgLegeRw8bcmSWA","labelItem":{"id":"eS2knCRgLegeRw8bcmSWA","labelName":"Skill"},"textPosition":{"start":{"row":11,"column":0,"tokenIndex":41,"charIndex":0},"end":{"row":11,"column":0,"tokenIndex":41,"charIndex":8}},"confidenceScore":null},{"id":"1663342594","labeledBy":"LABELER","labeledByUserId":6814,"acceptedByUserId":null,"rejectedByUserId":null,"layer":0,"counter":0,"status":"ACCEPTED","hashCode":"SPAN:eS2knCRgLegeRw8bcmSWA:0:11:0:46:0:11:0:47:13:0:undefined:undefined","labelName":"eS2knCRgLegeRw8bcmSWA","labelItem":{"id":"eS2knCRgLegeRw8bcmSWA","labelName":"Skill"},"textPosition":{"start":{"row":11,"column":0,"tokenIndex":46,"charIndex":0},"end":{"row":11,"column":0,"tokenIndex":47,"charIndex":13}},"confidenceScore":null},{"id":"1663342597","labeledBy":"LABELER","labeledByUserId":6814,"acceptedByUserId":null,"rejectedByUserId":null,"layer":0,"counter":0,"status":"ACCEPTED","hashCode":"SPAN:eS2knCRgLegeRw8bcmSWA:0:12:0:0:0:12:0:1:10:0:undefined:undefined","labelName":"eS2knCRgLegeRw8bcmSWA","labelItem":{"id":"eS2knCRgLegeRw8bcmSWA","labelName":"Skill"},"textPosition":{"start":{"row":12,"column":0,"tokenIndex":0,"charIndex":0},"end":{"row":12,"column":0,"tokenIndex":1,"charIndex":10}},"confidenceScore":null},{"id":"1663342606","labeledBy":"LABELER","labeledByUserId":6814,"acceptedByUserId":null,"rejectedByUserId":null,"layer":0,"counter":0,"status":"ACCEPTED","hashCode":"SPAN:eS2knCRgLegeRw8bcmSWA:0:12:0:15:0:12:0:15:4:0:undefined:undefined","labelName":"eS2knCRgLegeRw8bcmSWA","labelItem":{"id":"eS2knCRgLegeRw8bcmSWA","labelName":"Skill"},"textPosition":{"start":{"row":12,"column":0,"tokenIndex":15,"charIndex":0},"end":{"row":12,"column":0,"tokenIndex":15,"charIndex":4}},"confidenceScore":null},{"id":"1663342609","labeledBy":"LABELER","labeledByUserId":6814,"acceptedByUserId":null,"rejectedByUserId":null,"layer":0,"counter":0,"status":"ACCEPTED","hashCode":"SPAN:eS2knCRgLegeRw8bcmSWA:0:13:0:0:0:13:0:0:6:0:undefined:undefined","labelName":"eS2knCRgLegeRw8bcmSWA","labelItem":{"id":"eS2knCRgLegeRw8bcmSWA","labelName":"Skill"},"textPosition":{"start":{"row":13,"column":0,"tokenIndex":0,"charIndex":0},"end":{"row":13,"column":0,"tokenIndex":0,"charIndex":6}},"confidenceScore":null},{"id":"1663342639","labeledBy":"LABELER","labeledByUserId":6814,"acceptedByUserId":null,"rejectedByUserId":null,"layer":0,"counter":0,"status":"ACCEPTED","hashCode":"SPAN:rj7TW0-ymuRo6f_asXJab:0:16:0:7:0:16:0:8:6:0:undefined:undefined","labelName":"rj7TW0-ymuRo6f_asXJab","labelItem":{"id":"rj7TW0-ymuRo6f_asXJab","labelName":"Company Name"},"textPosition":{"start":{"row":16,"column":0,"tokenIndex":7,"charIndex":0},"end":{"row":16,"column":0,"tokenIndex":8,"charIndex":6}},"confidenceScore":null},{"id":"1663342612","labeledBy":"LABELER","labeledByUserId":6814,"acceptedByUserId":null,"rejectedByUserId":null,"layer":0,"counter":0,"status":"ACCEPTED","hashCode":"SPAN:eS2knCRgLegeRw8bcmSWA:0:16:0:18:0:16:0:18:11:0:undefined:undefined","labelName":"eS2knCRgLegeRw8bcmSWA","labelItem":{"id":"eS2knCRgLegeRw8bcmSWA","labelName":"Skill"},"textPosition":{"start":{"row":16,"column":0,"tokenIndex":18,"charIndex":0},"end":{"row":16,"column":0,"tokenIndex":18,"charIndex":11}},"confidenceScore":null},{"id":"1663342615","labeledBy":"LABELER","labeledByUserId":6814,"acceptedByUserId":null,"rejectedByUserId":null,"layer":0,"counter":0,"status":"ACCEPTED","hashCode":"SPAN:eS2knCRgLegeRw8bcmSWA:0:16:0:19:0:16:0:20:7:0:undefined:undefined","labelName":"eS2knCRgLegeRw8bcmSWA","labelItem":{"id":"eS2knCRgLegeRw8bcmSWA","labelName":"Skill"},"textPosition":{"start":{"row":16,"column":0,"tokenIndex":19,"charIndex":0},"end":{"row":16,"column":0,"tokenIndex":20,"charIndex":7}},"confidenceScore":null},{"id":"1663342618","labeledBy":"LABELER","labeledByUserId":6814,"acceptedByUserId":null,"rejectedByUserId":null,"layer":0,"counter":0,"status":"ACCEPTED","hashCode":"SPAN:eS2knCRgLegeRw8bcmSWA:0:16:0:21:0:16:0:22:9:0:undefined:undefined","labelName":"eS2knCRgLegeRw8bcmSWA","labelItem":{"id":"eS2knCRgLegeRw8bcmSWA","labelName":"Skill"},"textPosition":{"start":{"row":16,"column":0,"tokenIndex":21,"charIndex":0},"end":{"row":16,"column":0,"tokenIndex":22,"charIndex":9}},"confidenceScore":null},{"id":"1663342621","labeledBy":"LABELER","labeledByUserId":6814,"acceptedByUserId":null,"rejectedByUserId":null,"layer":0,"counter":0,"status":"ACCEPTED","hashCode":"SPAN:eS2knCRgLegeRw8bcmSWA:0:16:0:23:0:16:0:23:19:0:undefined:undefined","labelName":"eS2knCRgLegeRw8bcmSWA","labelItem":{"id":"eS2knCRgLegeRw8bcmSWA","labelName":"Skill"},"textPosition":{"start":{"row":16,"column":0,"tokenIndex":23,"charIndex":0},"end":{"row":16,"column":0,"tokenIndex":23,"charIndex":19}},"confidenceScore":null},{"id":"1663342624","labeledBy":"LABELER","labeledByUserId":6814,"acceptedByUserId":null,"rejectedByUserId":null,"layer":0,"counter":0,"status":"ACCEPTED","hashCode":"SPAN:eS2knCRgLegeRw8bcmSWA:0:16:0:24:0:16:0:24:7:0:undefined:undefined","labelName":"eS2knCRgLegeRw8bcmSWA","labelItem":{"id":"eS2knCRgLegeRw8bcmSWA","labelName":"Skill"},"textPosition":{"start":{"row":16,"column":0,"tokenIndex":24,"charIndex":0},"end":{"row":16,"column":0,"tokenIndex":24,"charIndex":7}},"confidenceScore":null},{"id":"1663342627","labeledBy":"LABELER","labeledByUserId":6814,"acceptedByUserId":null,"rejectedByUserId":null,"layer":0,"counter":0,"status":"ACCEPTED","hashCode":"SPAN:eS2knCRgLegeRw8bcmSWA:0:16:0:25:0:16:0:25:5:0:undefined:undefined","labelName":"eS2knCRgLegeRw8bcmSWA","labelItem":{"id":"eS2knCRgLegeRw8bcmSWA","labelName":"Skill"},"textPosition":{"start":{"row":16,"column":0,"tokenIndex":25,"charIndex":0},"end":{"row":16,"column":0,"tokenIndex":25,"charIndex":5}},"confidenceScore":null},{"id":"1663342630","labeledBy":"LABELER","labeledByUserId":6814,"acceptedByUserId":null,"rejectedByUserId":null,"layer":0,"counter":0,"status":"ACCEPTED","hashCode":"SPAN:eS2knCRgLegeRw8bcmSWA:0:16:0:26:0:16:0:26:9:0:undefined:undefined","labelName":"eS2knCRgLegeRw8bcmSWA","labelItem":{"id":"eS2knCRgLegeRw8bcmSWA","labelName":"Skill"},"textPosition":{"start":{"row":16,"column":0,"tokenIndex":26,"charIndex":0},"end":{"row":16,"column":0,"tokenIndex":26,"charIndex":9}},"confidenceScore":null},{"id":"1663342633","labeledBy":"LABELER","labeledByUserId":6814,"acceptedByUserId":null,"rejectedByUserId":null,"layer":0,"counter":0,"status":"ACCEPTED","hashCode":"SPAN:eS2knCRgLegeRw8bcmSWA:0:16:0:27:0:16:0:28:10:0:undefined:undefined","labelName":"eS2knCRgLegeRw8bcmSWA","labelItem":{"id":"eS2knCRgLegeRw8bcmSWA","labelName":"Skill"},"textPosition":{"start":{"row":16,"column":0,"tokenIndex":27,"charIndex":0},"end":{"row":16,"column":0,"tokenIndex":28,"charIndex":10}},"confidenceScore":null},{"id":"1663342636","labeledBy":"LABELER","labeledByUserId":6814,"acceptedByUserId":null,"rejectedByUserId":null,"layer":0,"counter":0,"status":"ACCEPTED","hashCode":"SPAN:eS2knCRgLegeRw8bcmSWA:0:16:0:30:0:16:0:30:9:0:undefined:undefined","labelName":"eS2knCRgLegeRw8bcmSWA","labelItem":{"id":"eS2knCRgLegeRw8bcmSWA","labelName":"Skill"},"textPosition":{"start":{"row":16,"column":0,"tokenIndex":30,"charIndex":0},"end":{"row":16,"column":0,"tokenIndex":30,"charIndex":9}},"confidenceScore":null},{"id":"1663342642","labeledBy":"LABELER","labeledByUserId":6814,"acceptedByUserId":null,"rejectedByUserId":null,"layer":0,"counter":0,"status":"ACCEPTED","hashCode":"SPAN:eS2knCRgLegeRw8bcmSWA:0:18:0:0:0:18:0:0:15:0:undefined:undefined","labelName":"eS2knCRgLegeRw8bcmSWA","labelItem":{"id":"eS2knCRgLegeRw8bcmSWA","labelName":"Skill"},"textPosition":{"start":{"row":18,"column":0,"tokenIndex":0,"charIndex":0},"end":{"row":18,"column":0,"tokenIndex":0,"charIndex":15}},"confidenceScore":null},{"id":"1663342645","labeledBy":"LABELER","labeledByUserId":6814,"acceptedByUserId":null,"rejectedByUserId":null,"layer":0,"counter":0,"status":"ACCEPTED","hashCode":"SPAN:eS2knCRgLegeRw8bcmSWA:0:18:0:9:0:18:0:10:11:0:undefined:undefined","labelName":"eS2knCRgLegeRw8bcmSWA","labelItem":{"id":"eS2knCRgLegeRw8bcmSWA","labelName":"Skill"},"textPosition":{"start":{"row":18,"column":0,"tokenIndex":9,"charIndex":0},"end":{"row":18,"column":0,"tokenIndex":10,"charIndex":11}},"confidenceScore":null},{"id":"1663342648","labeledBy":"LABELER","labeledByUserId":6814,"acceptedByUserId":null,"rejectedByUserId":null,"layer":0,"counter":0,"status":"ACCEPTED","hashCode":"SPAN:eS2knCRgLegeRw8bcmSWA:0:19:0:0:0:19:0:0:16:0:undefined:undefined","labelName":"eS2knCRgLegeRw8bcmSWA","labelItem":{"id":"eS2knCRgLegeRw8bcmSWA","labelName":"Skill"},"textPosition":{"start":{"row":19,"column":0,"tokenIndex":0,"charIndex":0},"end":{"row":19,"column":0,"tokenIndex":0,"charIndex":16}},"confidenceScore":null},{"id":"1663342775","labeledBy":"LABELER","labeledByUserId":6814,"acceptedByUserId":null,"rejectedByUserId":null,"layer":0,"counter":0,"status":"ACCEPTED","hashCode":"SPAN:SJEkdao76hjwbb6Fh5SY6:0:21:0:0:0:21:0:3:7:0:undefined:undefined","labelName":"SJEkdao76hjwbb6Fh5SY6","labelItem":{"id":"SJEkdao76hjwbb6Fh5SY6","labelName":"Job Title"},"textPosition":{"start":{"row":21,"column":0,"tokenIndex":0,"charIndex":0},"end":{"row":21,"column":0,"tokenIndex":3,"charIndex":7}},"confidenceScore":null},{"id":"1663342778","labeledBy":"LABELER","labeledByUserId":6814,"acceptedByUserId":null,"rejectedByUserId":null,"layer":0,"counter":0,"status":"ACCEPTED","hashCode":"SPAN:52S_6moRfhjC-yXgIBeCp:0:21:0:4:0:21:0:5:3:0:undefined:undefined","labelName":"52S_6moRfhjC-yXgIBeCp","labelItem":{"id":"52S_6moRfhjC-yXgIBeCp","labelName":"Date"},"textPosition":{"start":{"row":21,"column":0,"tokenIndex":4,"charIndex":0},"end":{"row":21,"column":0,"tokenIndex":5,"charIndex":3}},"confidenceScore":null},{"id":"1663342781","labeledBy":"LABELER","labeledByUserId":6814,"acceptedByUserId":null,"rejectedByUserId":null,"layer":0,"counter":0,"status":"ACCEPTED","hashCode":"SPAN:52S_6moRfhjC-yXgIBeCp:0:21:0:7:0:21:0:8:3:0:undefined:undefined","labelName":"52S_6moRfhjC-yXgIBeCp","labelItem":{"id":"52S_6moRfhjC-yXgIBeCp","labelName":"Date"},"textPosition":{"start":{"row":21,"column":0,"tokenIndex":7,"charIndex":0},"end":{"row":21,"column":0,"tokenIndex":8,"charIndex":3}},"confidenceScore":null},{"id":"1663342784","labeledBy":"LABELER","labeledByUserId":6814,"acceptedByUserId":null,"rejectedByUserId":null,"layer":0,"counter":0,"status":"ACCEPTED","hashCode":"SPAN:rj7TW0-ymuRo6f_asXJab:0:21:0:9:0:21:0:10:3:0:undefined:undefined","labelName":"rj7TW0-ymuRo6f_asXJab","labelItem":{"id":"rj7TW0-ymuRo6f_asXJab","labelName":"Company Name"},"textPosition":{"start":{"row":21,"column":0,"tokenIndex":9,"charIndex":0},"end":{"row":21,"column":0,"tokenIndex":10,"charIndex":3}},"confidenceScore":null},{"id":"1663342788","labeledBy":"LABELER","labeledByUserId":6814,"acceptedByUserId":null,"rejectedByUserId":null,"layer":0,"counter":0,"status":"ACCEPTED","hashCode":"SPAN:1R0C50AAwFbEp2O0WmRv6:0:21:0:12:0:21:0:12:3:0:undefined:undefined","labelName":"1R0C50AAwFbEp2O0WmRv6","labelItem":{"id":"1R0C50AAwFbEp2O0WmRv6","labelName":"Location"},"textPosition":{"start":{"row":21,"column":0,"tokenIndex":12,"charIndex":0},"end":{"row":21,"column":0,"tokenIndex":12,"charIndex":3}},"confidenceScore":null},{"id":"1663342791","labeledBy":"LABELER","labeledByUserId":6814,"acceptedByUserId":null,"rejectedByUserId":null,"layer":0,"counter":0,"status":"ACCEPTED","hashCode":"SPAN:1R0C50AAwFbEp2O0WmRv6:0:21:0:14:0:21:0:14:4:0:undefined:undefined","labelName":"1R0C50AAwFbEp2O0WmRv6","labelItem":{"id":"1R0C50AAwFbEp2O0WmRv6","labelName":"Location"},"textPosition":{"start":{"row":21,"column":0,"tokenIndex":14,"charIndex":0},"end":{"row":21,"column":0,"tokenIndex":14,"charIndex":4}},"confidenceScore":null},{"id":"1663377209","labeledBy":"LABELER","labeledByUserId":6814,"acceptedByUserId":null,"rejectedByUserId":null,"layer":0,"counter":0,"status":"ACCEPTED","hashCode":"SPAN:eS2knCRgLegeRw8bcmSWA:0:22:0:1:0:22:0:2:9:0:undefined:undefined","labelName":"eS2knCRgLegeRw8bcmSWA","labelItem":{"id":"eS2knCRgLegeRw8bcmSWA","labelName":"Skill"},"textPosition":{"start":{"row":22,"column":0,"tokenIndex":1,"charIndex":0},"end":{"row":22,"column":0,"tokenIndex":2,"charIndex":9}},"confidenceScore":null},{"id":"1663377212","labeledBy":"LABELER","labeledByUserId":6814,"acceptedByUserId":null,"rejectedByUserId":null,"layer":0,"counter":0,"status":"ACCEPTED","hashCode":"SPAN:eS2knCRgLegeRw8bcmSWA:0:28:0:3:0:28:0:4:9:0:undefined:undefined","labelName":"eS2knCRgLegeRw8bcmSWA","labelItem":{"id":"eS2knCRgLegeRw8bcmSWA","labelName":"Skill"},"textPosition":{"start":{"row":28,"column":0,"tokenIndex":3,"charIndex":0},"end":{"row":28,"column":0,"tokenIndex":4,"charIndex":9}},"confidenceScore":null},{"id":"1663377215","labeledBy":"LABELER","labeledByUserId":6814,"acceptedByUserId":null,"rejectedByUserId":null,"layer":0,"counter":0,"status":"ACCEPTED","hashCode":"SPAN:eS2knCRgLegeRw8bcmSWA:0:29:0:0:0:29:0:0:10:0:undefined:undefined","labelName":"eS2knCRgLegeRw8bcmSWA","labelItem":{"id":"eS2knCRgLegeRw8bcmSWA","labelName":"Skill"},"textPosition":{"start":{"row":29,"column":0,"tokenIndex":0,"charIndex":0},"end":{"row":29,"column":0,"tokenIndex":0,"charIndex":10}},"confidenceScore":null},{"id":"1663377221","labeledBy":"LABELER","labeledByUserId":6814,"acceptedByUserId":null,"rejectedByUserId":null,"layer":0,"counter":0,"status":"ACCEPTED","hashCode":"SPAN:eS2knCRgLegeRw8bcmSWA:0:29:0:6:0:29:0:6:9:0:undefined:undefined","labelName":"eS2knCRgLegeRw8bcmSWA","labelItem":{"id":"eS2knCRgLegeRw8bcmSWA","labelName":"Skill"},"textPosition":{"start":{"row":29,"column":0,"tokenIndex":6,"charIndex":0},"end":{"row":29,"column":0,"tokenIndex":6,"charIndex":9}},"confidenceScore":null},{"id":"1663377218","labeledBy":"LABELER","labeledByUserId":6814,"acceptedByUserId":null,"rejectedByUserId":null,"layer":0,"counter":0,"status":"ACCEPTED","hashCode":"SPAN:eS2knCRgLegeRw8bcmSWA:0:29:0:8:0:29:0:8:8:0:undefined:undefined","labelName":"eS2knCRgLegeRw8bcmSWA","labelItem":{"id":"eS2knCRgLegeRw8bcmSWA","labelName":"Skill"},"textPosition":{"start":{"row":29,"column":0,"tokenIndex":8,"charIndex":0},"end":{"row":29,"column":0,"tokenIndex":8,"charIndex":8}},"confidenceScore":null},{"id":"1663377224","labeledBy":"LABELER","labeledByUserId":6814,"acceptedByUserId":null,"rejectedByUserId":null,"layer":0,"counter":0,"status":"ACCEPTED","hashCode":"SPAN:SJEkdao76hjwbb6Fh5SY6:0:31:0:0:0:31:0:6:6:0:undefined:undefined","labelName":"SJEkdao76hjwbb6Fh5SY6","labelItem":{"id":"SJEkdao76hjwbb6Fh5SY6","labelName":"Job Title"},"textPosition":{"start":{"row":31,"column":0,"tokenIndex":0,"charIndex":0},"end":{"row":31,"column":0,"tokenIndex":6,"charIndex":6}},"confidenceScore":null},{"id":"1663377227","labeledBy":"LABELER","labeledByUserId":6814,"acceptedByUserId":null,"rejectedByUserId":null,"layer":0,"counter":0,"status":"ACCEPTED","hashCode":"SPAN:52S_6moRfhjC-yXgIBeCp:0:31:0:7:0:31:0:8:3:0:undefined:undefined","labelName":"52S_6moRfhjC-yXgIBeCp","labelItem":{"id":"52S_6moRfhjC-yXgIBeCp","labelName":"Date"},"textPosition":{"start":{"row":31,"column":0,"tokenIndex":7,"charIndex":0},"end":{"row":31,"column":0,"tokenIndex":8,"charIndex":3}},"confidenceScore":null},{"id":"1663377230","labeledBy":"LABELER","labeledByUserId":6814,"acceptedByUserId":null,"rejectedByUserId":null,"layer":0,"counter":0,"status":"ACCEPTED","hashCode":"SPAN:52S_6moRfhjC-yXgIBeCp:0:31:0:10:0:31:0:11:3:0:undefined:undefined","labelName":"52S_6moRfhjC-yXgIBeCp","labelItem":{"id":"52S_6moRfhjC-yXgIBeCp","labelName":"Date"},"textPosition":{"start":{"row":31,"column":0,"tokenIndex":10,"charIndex":0},"end":{"row":31,"column":0,"tokenIndex":11,"charIndex":3}},"confidenceScore":null},{"id":"1663377233","labeledBy":"LABELER","labeledByUserId":6814,"acceptedByUserId":null,"rejectedByUserId":null,"layer":0,"counter":0,"status":"ACCEPTED","hashCode":"SPAN:rj7TW0-ymuRo6f_asXJab:0:31:0:12:0:31:0:13:3:0:undefined:undefined","labelName":"rj7TW0-ymuRo6f_asXJab","labelItem":{"id":"rj7TW0-ymuRo6f_asXJab","labelName":"Company Name"},"textPosition":{"start":{"row":31,"column":0,"tokenIndex":12,"charIndex":0},"end":{"row":31,"column":0,"tokenIndex":13,"charIndex":3}},"confidenceScore":null},{"id":"1663377239","labeledBy":"LABELER","labeledByUserId":6814,"acceptedByUserId":null,"rejectedByUserId":null,"layer":0,"counter":0,"status":"ACCEPTED","hashCode":"SPAN:1R0C50AAwFbEp2O0WmRv6:0:31:0:15:0:31:0:15:3:0:undefined:undefined","labelName":"1R0C50AAwFbEp2O0WmRv6","labelItem":{"id":"1R0C50AAwFbEp2O0WmRv6","labelName":"Location"},"textPosition":{"start":{"row":31,"column":0,"tokenIndex":15,"charIndex":0},"end":{"row":31,"column":0,"tokenIndex":15,"charIndex":3}},"confidenceScore":null},{"id":"1663377242","labeledBy":"LABELER","labeledByUserId":6814,"acceptedByUserId":null,"rejectedByUserId":null,"layer":0,"counter":0,"status":"ACCEPTED","hashCode":"SPAN:1R0C50AAwFbEp2O0WmRv6:0:31:0:17:0:31:0:17:4:0:undefined:undefined","labelName":"1R0C50AAwFbEp2O0WmRv6","labelItem":{"id":"1R0C50AAwFbEp2O0WmRv6","labelName":"Location"},"textPosition":{"start":{"row":31,"column":0,"tokenIndex":17,"charIndex":0},"end":{"row":31,"column":0,"tokenIndex":17,"charIndex":4}},"confidenceScore":null},{"id":"1663377272","labeledBy":"LABELER","labeledByUserId":6814,"acceptedByUserId":null,"rejectedByUserId":null,"layer":0,"counter":0,"status":"ACCEPTED","hashCode":"SPAN:eS2knCRgLegeRw8bcmSWA:0:33:0:3:0:33:0:4:7:0:undefined:undefined","labelName":"eS2knCRgLegeRw8bcmSWA","labelItem":{"id":"eS2knCRgLegeRw8bcmSWA","labelName":"Skill"},"textPosition":{"start":{"row":33,"column":0,"tokenIndex":3,"charIndex":0},"end":{"row":33,"column":0,"tokenIndex":4,"charIndex":7}},"confidenceScore":null},{"id":"1663377284","labeledBy":"LABELER","labeledByUserId":6814,"acceptedByUserId":null,"rejectedByUserId":null,"layer":0,"counter":0,"status":"ACCEPTED","hashCode":"SPAN:eS2knCRgLegeRw8bcmSWA:0:33:0:7:0:33:0:8:9:0:undefined:undefined","labelName":"eS2knCRgLegeRw8bcmSWA","labelItem":{"id":"eS2knCRgLegeRw8bcmSWA","labelName":"Skill"},"textPosition":{"start":{"row":33,"column":0,"tokenIndex":7,"charIndex":0},"end":{"row":33,"column":0,"tokenIndex":8,"charIndex":9}},"confidenceScore":null},{"id":"1663377335","labeledBy":"LABELER","labeledByUserId":6814,"acceptedByUserId":null,"rejectedByUserId":null,"layer":0,"counter":0,"status":"ACCEPTED","hashCode":"SPAN:eS2knCRgLegeRw8bcmSWA:0:34:0:2:0:34:0:3:12:0:undefined:undefined","labelName":"eS2knCRgLegeRw8bcmSWA","labelItem":{"id":"eS2knCRgLegeRw8bcmSWA","labelName":"Skill"},"textPosition":{"start":{"row":34,"column":0,"tokenIndex":2,"charIndex":0},"end":{"row":34,"column":0,"tokenIndex":3,"charIndex":12}},"confidenceScore":null},{"id":"1663377338","labeledBy":"LABELER","labeledByUserId":6814,"acceptedByUserId":null,"rejectedByUserId":null,"layer":0,"counter":0,"status":"ACCEPTED","hashCode":"SPAN:eS2knCRgLegeRw8bcmSWA:0:34:0:14:0:34:0:15:11:0:undefined:undefined","labelName":"eS2knCRgLegeRw8bcmSWA","labelItem":{"id":"eS2knCRgLegeRw8bcmSWA","labelName":"Skill"},"textPosition":{"start":{"row":34,"column":0,"tokenIndex":14,"charIndex":0},"end":{"row":34,"column":0,"tokenIndex":15,"charIndex":11}},"confidenceScore":null},{"id":"1663377344","labeledBy":"LABELER","labeledByUserId":6814,"acceptedByUserId":null,"rejectedByUserId":null,"layer":0,"counter":0,"status":"ACCEPTED","hashCode":"SPAN:eS2knCRgLegeRw8bcmSWA:0:35:0:3:0:35:0:4:8:0:undefined:undefined","labelName":"eS2knCRgLegeRw8bcmSWA","labelItem":{"id":"eS2knCRgLegeRw8bcmSWA","labelName":"Skill"},"textPosition":{"start":{"row":35,"column":0,"tokenIndex":3,"charIndex":0},"end":{"row":35,"column":0,"tokenIndex":4,"charIndex":8}},"confidenceScore":null},{"id":"1663377356","labeledBy":"LABELER","labeledByUserId":6814,"acceptedByUserId":null,"rejectedByUserId":null,"layer":0,"counter":0,"status":"ACCEPTED","hashCode":"SPAN:eS2knCRgLegeRw8bcmSWA:0:39:0:0:0:39:0:0:6:0:undefined:undefined","labelName":"eS2knCRgLegeRw8bcmSWA","labelItem":{"id":"eS2knCRgLegeRw8bcmSWA","labelName":"Skill"},"textPosition":{"start":{"row":39,"column":0,"tokenIndex":0,"charIndex":0},"end":{"row":39,"column":0,"tokenIndex":0,"charIndex":6}},"confidenceScore":null},{"id":"1663377362","labeledBy":"LABELER","labeledByUserId":6814,"acceptedByUserId":null,"rejectedByUserId":null,"layer":0,"counter":0,"status":"ACCEPTED","hashCode":"SPAN:eS2knCRgLegeRw8bcmSWA:0:39:0:24:0:39:0:25:18:0:undefined:undefined","labelName":"eS2knCRgLegeRw8bcmSWA","labelItem":{"id":"eS2knCRgLegeRw8bcmSWA","labelName":"Skill"},"textPosition":{"start":{"row":39,"column":0,"tokenIndex":24,"charIndex":0},"end":{"row":39,"column":0,"tokenIndex":25,"charIndex":18}},"confidenceScore":null},{"id":"1663377365","labeledBy":"LABELER","labeledByUserId":6814,"acceptedByUserId":null,"rejectedByUserId":null,"layer":0,"counter":0,"status":"ACCEPTED","hashCode":"SPAN:eS2knCRgLegeRw8bcmSWA:0:39:0:26:0:39:0:26:9:0:undefined:undefined","labelName":"eS2knCRgLegeRw8bcmSWA","labelItem":{"id":"eS2knCRgLegeRw8bcmSWA","labelName":"Skill"},"textPosition":{"start":{"row":39,"column":0,"tokenIndex":26,"charIndex":0},"end":{"row":39,"column":0,"tokenIndex":26,"charIndex":9}},"confidenceScore":null},{"id":"1663377368","labeledBy":"LABELER","labeledByUserId":6814,"acceptedByUserId":null,"rejectedByUserId":null,"layer":0,"counter":0,"status":"ACCEPTED","hashCode":"SPAN:eS2knCRgLegeRw8bcmSWA:0:39:0:27:0:39:0:27:11:0:undefined:undefined","labelName":"eS2knCRgLegeRw8bcmSWA","labelItem":{"id":"eS2knCRgLegeRw8bcmSWA","labelName":"Skill"},"textPosition":{"start":{"row":39,"column":0,"tokenIndex":27,"charIndex":0},"end":{"row":39,"column":0,"tokenIndex":27,"charIndex":11}},"confidenceScore":null},{"id":"1663377371","labeledBy":"LABELER","labeledByUserId":6814,"acceptedByUserId":null,"rejectedByUserId":null,"layer":0,"counter":0,"status":"ACCEPTED","hashCode":"SPAN:eS2knCRgLegeRw8bcmSWA:0:39:0:28:0:39:0:28:9:0:undefined:undefined","labelName":"eS2knCRgLegeRw8bcmSWA","labelItem":{"id":"eS2knCRgLegeRw8bcmSWA","labelName":"Skill"},"textPosition":{"start":{"row":39,"column":0,"tokenIndex":28,"charIndex":0},"end":{"row":39,"column":0,"tokenIndex":28,"charIndex":9}},"confidenceScore":null},{"id":"1663377374","labeledBy":"LABELER","labeledByUserId":6814,"acceptedByUserId":null,"rejectedByUserId":null,"layer":0,"counter":0,"status":"ACCEPTED","hashCode":"SPAN:eS2knCRgLegeRw8bcmSWA:0:39:0:30:0:39:0:31:8:0:undefined:undefined","labelName":"eS2knCRgLegeRw8bcmSWA","labelItem":{"id":"eS2knCRgLegeRw8bcmSWA","labelName":"Skill"},"textPosition":{"start":{"row":39,"column":0,"tokenIndex":30,"charIndex":0},"end":{"row":39,"column":0,"tokenIndex":31,"charIndex":8}},"confidenceScore":null},{"id":"1663377377","labeledBy":"LABELER","labeledByUserId":6814,"acceptedByUserId":null,"rejectedByUserId":null,"layer":0,"counter":0,"status":"ACCEPTED","hashCode":"SPAN:eS2knCRgLegeRw8bcmSWA:0:40:0:0:0:40:0:0:17:0:undefined:undefined","labelName":"eS2knCRgLegeRw8bcmSWA","labelItem":{"id":"eS2knCRgLegeRw8bcmSWA","labelName":"Skill"},"textPosition":{"start":{"row":40,"column":0,"tokenIndex":0,"charIndex":0},"end":{"row":40,"column":0,"tokenIndex":0,"charIndex":17}},"confidenceScore":null},{"id":"1663377383","labeledBy":"LABELER","labeledByUserId":6814,"acceptedByUserId":null,"rejectedByUserId":null,"layer":0,"counter":0,"status":"ACCEPTED","hashCode":"SPAN:eS2knCRgLegeRw8bcmSWA:0:41:0:0:0:41:0:1:18:0:undefined:undefined","labelName":"eS2knCRgLegeRw8bcmSWA","labelItem":{"id":"eS2knCRgLegeRw8bcmSWA","labelName":"Skill"},"textPosition":{"start":{"row":41,"column":0,"tokenIndex":0,"charIndex":0},"end":{"row":41,"column":0,"tokenIndex":1,"charIndex":18}},"confidenceScore":null},{"id":"1663377395","labeledBy":"LABELER","labeledByUserId":6814,"acceptedByUserId":null,"rejectedByUserId":null,"layer":0,"counter":0,"status":"ACCEPTED","hashCode":"SPAN:eS2knCRgLegeRw8bcmSWA:0:42:0:1:0:42:0:2:13:0:undefined:undefined","labelName":"eS2knCRgLegeRw8bcmSWA","labelItem":{"id":"eS2knCRgLegeRw8bcmSWA","labelName":"Skill"},"textPosition":{"start":{"row":42,"column":0,"tokenIndex":1,"charIndex":0},"end":{"row":42,"column":0,"tokenIndex":2,"charIndex":13}},"confidenceScore":null},{"id":"1663377401","labeledBy":"LABELER","labeledByUserId":6814,"acceptedByUserId":null,"rejectedByUserId":null,"layer":0,"counter":0,"status":"ACCEPTED","hashCode":"SPAN:eS2knCRgLegeRw8bcmSWA:0:44:0:1:0:44:0:1:6:0:undefined:undefined","labelName":"eS2knCRgLegeRw8bcmSWA","labelItem":{"id":"eS2knCRgLegeRw8bcmSWA","labelName":"Skill"},"textPosition":{"start":{"row":44,"column":0,"tokenIndex":1,"charIndex":0},"end":{"row":44,"column":0,"tokenIndex":1,"charIndex":6}},"confidenceScore":null},{"id":"1663377404","labeledBy":"LABELER","labeledByUserId":6814,"acceptedByUserId":null,"rejectedByUserId":null,"layer":0,"counter":0,"status":"ACCEPTED","hashCode":"SPAN:SJEkdao76hjwbb6Fh5SY6:0:48:0:0:0:48:0:2:8:0:undefined:undefined","labelName":"SJEkdao76hjwbb6Fh5SY6","labelItem":{"id":"SJEkdao76hjwbb6Fh5SY6","labelName":"Job Title"},"textPosition":{"start":{"row":48,"column":0,"tokenIndex":0,"charIndex":0},"end":{"row":48,"column":0,"tokenIndex":2,"charIndex":8}},"confidenceScore":null},{"id":"1663377410","labeledBy":"LABELER","labeledByUserId":6814,"acceptedByUserId":null,"rejectedByUserId":null,"layer":0,"counter":0,"status":"ACCEPTED","hashCode":"SPAN:52S_6moRfhjC-yXgIBeCp:0:48:0:3:0:48:0:4:3:0:undefined:undefined","labelName":"52S_6moRfhjC-yXgIBeCp","labelItem":{"id":"52S_6moRfhjC-yXgIBeCp","labelName":"Date"},"textPosition":{"start":{"row":48,"column":0,"tokenIndex":3,"charIndex":0},"end":{"row":48,"column":0,"tokenIndex":4,"charIndex":3}},"confidenceScore":null},{"id":"1663377413","labeledBy":"LABELER","labeledByUserId":6814,"acceptedByUserId":null,"rejectedByUserId":null,"layer":0,"counter":0,"status":"ACCEPTED","hashCode":"SPAN:52S_6moRfhjC-yXgIBeCp:0:48:0:6:0:48:0:7:3:0:undefined:undefined","labelName":"52S_6moRfhjC-yXgIBeCp","labelItem":{"id":"52S_6moRfhjC-yXgIBeCp","labelName":"Date"},"textPosition":{"start":{"row":48,"column":0,"tokenIndex":6,"charIndex":0},"end":{"row":48,"column":0,"tokenIndex":7,"charIndex":3}},"confidenceScore":null},{"id":"1663377416","labeledBy":"LABELER","labeledByUserId":6814,"acceptedByUserId":null,"rejectedByUserId":null,"layer":0,"counter":0,"status":"ACCEPTED","hashCode":"SPAN:rj7TW0-ymuRo6f_asXJab:0:48:0:8:0:48:0:9:3:0:undefined:undefined","labelName":"rj7TW0-ymuRo6f_asXJab","labelItem":{"id":"rj7TW0-ymuRo6f_asXJab","labelName":"Company Name"},"textPosition":{"start":{"row":48,"column":0,"tokenIndex":8,"charIndex":0},"end":{"row":48,"column":0,"tokenIndex":9,"charIndex":3}},"confidenceScore":null},{"id":"1663377420","labeledBy":"LABELER","labeledByUserId":6814,"acceptedByUserId":null,"rejectedByUserId":null,"layer":0,"counter":0,"status":"ACCEPTED","hashCode":"SPAN:1R0C50AAwFbEp2O0WmRv6:0:48:0:11:0:48:0:11:3:0:undefined:undefined","labelName":"1R0C50AAwFbEp2O0WmRv6","labelItem":{"id":"1R0C50AAwFbEp2O0WmRv6","labelName":"Location"},"textPosition":{"start":{"row":48,"column":0,"tokenIndex":11,"charIndex":0},"end":{"row":48,"column":0,"tokenIndex":11,"charIndex":3}},"confidenceScore":null},{"id":"1663377443","labeledBy":"LABELER","labeledByUserId":6814,"acceptedByUserId":null,"rejectedByUserId":null,"layer":0,"counter":0,"status":"ACCEPTED","hashCode":"SPAN:1R0C50AAwFbEp2O0WmRv6:0:48:0:13:0:48:0:13:4:0:undefined:undefined","labelName":"1R0C50AAwFbEp2O0WmRv6","labelItem":{"id":"1R0C50AAwFbEp2O0WmRv6","labelName":"Location"},"textPosition":{"start":{"row":48,"column":0,"tokenIndex":13,"charIndex":0},"end":{"row":48,"column":0,"tokenIndex":13,"charIndex":4}},"confidenceScore":null},{"id":"1663377464","labeledBy":"LABELER","labeledByUserId":6814,"acceptedByUserId":null,"rejectedByUserId":null,"layer":0,"counter":0,"status":"ACCEPTED","hashCode":"SPAN:eS2knCRgLegeRw8bcmSWA:0:48:0:17:0:48:0:19:9:0:undefined:undefined","labelName":"eS2knCRgLegeRw8bcmSWA","labelItem":{"id":"eS2knCRgLegeRw8bcmSWA","labelName":"Skill"},"textPosition":{"start":{"row":48,"column":0,"tokenIndex":17,"charIndex":0},"end":{"row":48,"column":0,"tokenIndex":19,"charIndex":9}},"confidenceScore":null},{"id":"1663377470","labeledBy":"LABELER","labeledByUserId":6814,"acceptedByUserId":null,"rejectedByUserId":null,"layer":0,"counter":0,"status":"ACCEPTED","hashCode":"SPAN:eS2knCRgLegeRw8bcmSWA:0:49:0:1:0:49:0:2:5:0:undefined:undefined","labelName":"eS2knCRgLegeRw8bcmSWA","labelItem":{"id":"eS2knCRgLegeRw8bcmSWA","labelName":"Skill"},"textPosition":{"start":{"row":49,"column":0,"tokenIndex":1,"charIndex":0},"end":{"row":49,"column":0,"tokenIndex":2,"charIndex":5}},"confidenceScore":null},{"id":"1663377494","labeledBy":"LABELER","labeledByUserId":6814,"acceptedByUserId":null,"rejectedByUserId":null,"layer":0,"counter":0,"status":"ACCEPTED","hashCode":"SPAN:eS2knCRgLegeRw8bcmSWA:0:50:0:2:0:50:0:3:8:0:undefined:undefined","labelName":"eS2knCRgLegeRw8bcmSWA","labelItem":{"id":"eS2knCRgLegeRw8bcmSWA","labelName":"Skill"},"textPosition":{"start":{"row":50,"column":0,"tokenIndex":2,"charIndex":0},"end":{"row":50,"column":0,"tokenIndex":3,"charIndex":8}},"confidenceScore":null},{"id":"1663377497","labeledBy":"LABELER","labeledByUserId":6814,"acceptedByUserId":null,"rejectedByUserId":null,"layer":0,"counter":0,"status":"ACCEPTED","hashCode":"SPAN:eS2knCRgLegeRw8bcmSWA:0:51:0:2:0:51:0:3:12:0:undefined:undefined","labelName":"eS2knCRgLegeRw8bcmSWA","labelItem":{"id":"eS2knCRgLegeRw8bcmSWA","labelName":"Skill"},"textPosition":{"start":{"row":51,"column":0,"tokenIndex":2,"charIndex":0},"end":{"row":51,"column":0,"tokenIndex":3,"charIndex":12}},"confidenceScore":null},{"id":"1663377500","labeledBy":"LABELER","labeledByUserId":6814,"acceptedByUserId":null,"rejectedByUserId":null,"layer":0,"counter":0,"status":"ACCEPTED","hashCode":"SPAN:eS2knCRgLegeRw8bcmSWA:0:51:0:7:0:51:0:7:7:0:undefined:undefined","labelName":"eS2knCRgLegeRw8bcmSWA","labelItem":{"id":"eS2knCRgLegeRw8bcmSWA","labelName":"Skill"},"textPosition":{"start":{"row":51,"column":0,"tokenIndex":7,"charIndex":0},"end":{"row":51,"column":0,"tokenIndex":7,"charIndex":7}},"confidenceScore":null},{"id":"1663377503","labeledBy":"LABELER","labeledByUserId":6814,"acceptedByUserId":null,"rejectedByUserId":null,"layer":0,"counter":0,"status":"ACCEPTED","hashCode":"SPAN:eS2knCRgLegeRw8bcmSWA:0:52:0:0:0:52:0:0:9:0:undefined:undefined","labelName":"eS2knCRgLegeRw8bcmSWA","labelItem":{"id":"eS2knCRgLegeRw8bcmSWA","labelName":"Skill"},"textPosition":{"start":{"row":52,"column":0,"tokenIndex":0,"charIndex":0},"end":{"row":52,"column":0,"tokenIndex":0,"charIndex":9}},"confidenceScore":null},{"id":"1663377512","labeledBy":"LABELER","labeledByUserId":6814,"acceptedByUserId":null,"rejectedByUserId":null,"layer":0,"counter":0,"status":"ACCEPTED","hashCode":"SPAN:SJEkdao76hjwbb6Fh5SY6:0:52:0:2:0:52:0:6:9:0:undefined:undefined","labelName":"SJEkdao76hjwbb6Fh5SY6","labelItem":{"id":"SJEkdao76hjwbb6Fh5SY6","labelName":"Job Title"},"textPosition":{"start":{"row":52,"column":0,"tokenIndex":2,"charIndex":0},"end":{"row":52,"column":0,"tokenIndex":6,"charIndex":9}},"confidenceScore":null},{"id":"1663377515","labeledBy":"LABELER","labeledByUserId":6814,"acceptedByUserId":null,"rejectedByUserId":null,"layer":0,"counter":0,"status":"ACCEPTED","hashCode":"SPAN:rj7TW0-ymuRo6f_asXJab:0:52:0:7:0:52:0:11:9:0:undefined:undefined","labelName":"rj7TW0-ymuRo6f_asXJab","labelItem":{"id":"rj7TW0-ymuRo6f_asXJab","labelName":"Company Name"},"textPosition":{"start":{"row":52,"column":0,"tokenIndex":7,"charIndex":0},"end":{"row":52,"column":0,"tokenIndex":11,"charIndex":9}},"confidenceScore":null},{"id":"1663377518","labeledBy":"LABELER","labeledByUserId":6814,"acceptedByUserId":null,"rejectedByUserId":null,"layer":0,"counter":0,"status":"ACCEPTED","hashCode":"SPAN:52S_6moRfhjC-yXgIBeCp:0:52:0:12:0:52:0:12:12:0:undefined:undefined","labelName":"52S_6moRfhjC-yXgIBeCp","labelItem":{"id":"52S_6moRfhjC-yXgIBeCp","labelName":"Date"},"textPosition":{"start":{"row":52,"column":0,"tokenIndex":12,"charIndex":0},"end":{"row":52,"column":0,"tokenIndex":12,"charIndex":12}},"confidenceScore":null}],"arrowLabels":[],"boundingBoxLabels":[],"timeLabels":[],"comments":[],"url":"datasaur://static/6814/1289ef2e-c4b4-419e-a9d9-2e1b582c1fb8.txt"}}
