{"version":"1","data":{"project":{"id":"ODBjYmQ2MDg","name":"NLP SSM Final Project"},"document":{"id":"4f2ea73f-5b03-4a18-958e-45438508ae79","name":"resume_531_d1.txt"},"kinds":["TOKEN_BASED"],"rows":[[{"content":"HR - SHARED SERVICES SUPERVISOR Summary Detail-oriented human resources professional who excels under tight deadlines, while anticipating and averting potential problems by proactively streamlining processes.","tokens":["HR","-","SHARED","SERVICES","SUPERVISOR","Summary","Detail-oriented","human","resources","professional","who","excels","under","tight","deadlines,","while","anticipating","and","averting","potential","problems","by","proactively","streamlining","processes."],"metadata":[]}],[{"content":"Highlights Professionals in Human Resources Association Excellent interpersonal and coaching skills Talent assessments Motivated Hiring recommendations Background checks Experience Company Name City , State HR - Shared Services Supervisor 01/2014 Provides leadership development and performance management to a direct team of associates focused on meeting call center operational metrics and quality standards.","tokens":["Highlights","Professionals","in","Human","Resources","Association","Excellent","interpersonal","and","coaching","skills","Talent","assessments","Motivated","Hiring","recommendations","Background","checks","Experience","Company","Name","City",",","State","HR","-","Shared","Services","Supervisor","01/2014","Provides","leadership","development","and","performance","management","to","a","direct","team","of","associates","focused","on","meeting","call","center","operational","metrics","and","quality","standards."],"metadata":[]}],[{"content":"Engaged in strategic planning to identify milestones and targets to deliver results for performance metrics Assessed team from a Situational Leadership perspective and built customized development plans to enhance areas of strength and close performance gaps to enhance the overall performance of the department Partnered with associates to create and execute development plans to improve performance and meet career pathing objectives Interviewed candidates and make hiring decisions of quality associates to staff the department to full capacity Responsible for providing analytical, technical proficiency, product knowledge for all Advocate H.R. processes and procedures.","tokens":["Engaged","in","strategic","planning","to","identify","milestones","and","targets","to","deliver","results","for","performance","metrics","Assessed","team","from","a","Situational","Leadership","perspective","and","built","customized","development","plans","to","enhance","areas","of","strength","and","close","performance","gaps","to","enhance","the","overall","performance","of","the","department","Partnered","with","associates","to","create","and","execute","development","plans","to","improve","performance","and","meet","career","pathing","objectives","Interviewed","candidates","and","make","hiring","decisions","of","quality","associates","to","staff","the","department","to","full","capacity","Responsible","for","providing","analytical,","technical","proficiency,","product","knowledge","for","all","Advocate","H.R.","processes","and","procedures."],"metadata":[]}],[{"content":"Company Name City , State Operations Manager 01/2013 to 01/2014 Accomplishing company's objectives by overseeing center-wide recruiting, selecting, training, assigning, scheduling, coaching, counseling, monitoring, appraising and disciplining employees; communicating job expectations; reviewing job contributions; planning and reviewing compensation actions and enforcing policies and procedures.","tokens":["Company","Name","City",",","State","Operations","Manager","01/2013","to","01/2014","Accomplishing","company's","objectives","by","overseeing","center-wide","recruiting,","selecting,","training,","assigning,","scheduling,","coaching,","counseling,","monitoring,","appraising","and","disciplining","employees;","communicating","job","expectations;","reviewing","job","contributions;","planning","and","reviewing","compensation","actions","and","enforcing","policies","and","procedures."],"metadata":[]}],[{"content":"Enhancing overall customer experience through call coaching and monitoring escalated call trends.","tokens":["Enhancing","overall","customer","experience","through","call","coaching","and","monitoring","escalated","call","trends."],"metadata":[]}],[{"content":"Coaching and developing to ensure all client support delivered per contractual agreements.","tokens":["Coaching","and","developing","to","ensure","all","client","support","delivered","per","contractual","agreements."],"metadata":[]}],[{"content":"Enabled resolution of customer issues as liaison and facilitator for core team that participates in on-going planning and process improvement.","tokens":["Enabled","resolution","of","customer","issues","as","liaison","and","facilitator","for","core","team","that","participates","in","on-going","planning","and","process","improvement."],"metadata":[]}],[{"content":"Responsible for 10 customer service supervisors and 250 customer service agents.","tokens":["Responsible","for","10","customer","service","supervisors","and","250","customer","service","agents."],"metadata":[]}],[{"content":"Achieving customer service objectives by contributing customer service information and recommendations to strategic plans and reviews; preparing and completing action plans; implementing production, productivity, quality, and customer-service standards; resolving problems; completing audits; identifying customer service trends; determining system improvements; implementing change.","tokens":["Achieving","customer","service","objectives","by","contributing","customer","service","information","and","recommendations","to","strategic","plans","and","reviews;","preparing","and","completing","action","plans;","implementing","production,","productivity,","quality,","and","customer-service","standards;","resolving","problems;","completing","audits;","identifying","customer","service","trends;","determining","system","improvements;","implementing","change."],"metadata":[]}],[{"content":"Meeting customer service financial objectives by forecasting requirements, preparing annual budgets, scheduling expenditures, analyzing variances and initiating corrective actions.","tokens":["Meeting","customer","service","financial","objectives","by","forecasting","requirements,","preparing","annual","budgets,","scheduling","expenditures,","analyzing","variances","and","initiating","corrective","actions."],"metadata":[]}],[{"content":"Determining customer service requirements by maintaining contact with customers, visiting operational environments, conducting surveys, forming focus groups, benchmarking best practices and analyzing information and applications.","tokens":["Determining","customer","service","requirements","by","maintaining","contact","with","customers,","visiting","operational","environments,","conducting","surveys,","forming","focus","groups,","benchmarking","best","practices","and","analyzing","information","and","applications."],"metadata":[]}],[{"content":"Improving customer service quality results by studying, evaluating, and re-designing processes, establishing and communicating service metrics, monitoring and analyzing results and implementing changes.","tokens":["Improving","customer","service","quality","results","by","studying,","evaluating,","and","re-designing","processes,","establishing","and","communicating","service","metrics,","monitoring","and","analyzing","results","and","implementing","changes."],"metadata":[]}],[{"content":"Effectively establish and maintain cross functional and cross-departmental partnerships.","tokens":["Effectively","establish","and","maintain","cross","functional","and","cross-departmental","partnerships."],"metadata":[]}],[{"content":"Company Name City , State Action Response Team Supervisor 01/2011 to 01/2013 Resolved and/or addressed complex customer issues or questions, which included taking escalated calls from customers/associates.","tokens":["Company","Name","City",",","State","Action","Response","Team","Supervisor","01/2011","to","01/2013","Resolved","and/or","addressed","complex","customer","issues","or","questions,","which","included","taking","escalated","calls","from","customers/associates."],"metadata":[]}],[{"content":"Managed the Action Response Team function, ensuring service levels and quality goals were met.","tokens":["Managed","the","Action","Response","Team","function,","ensuring","service","levels","and","quality","goals","were","met."],"metadata":[]}],[{"content":"Analyzed department satisfaction results and proactively developed and implemented action plans for improvement.","tokens":["Analyzed","department","satisfaction","results","and","proactively","developed","and","implemented","action","plans","for","improvement."],"metadata":[]}],[{"content":"Performed the full scope of talent management and development activities including all aspects of the performance management process: performance and behavior assessment, feedback, coaching, career planning, guidance, corrective action and training.","tokens":["Performed","the","full","scope","of","talent","management","and","development","activities","including","all","aspects","of","the","performance","management","process:","performance","and","behavior","assessment,","feedback,","coaching,","career","planning,","guidance,","corrective","action","and","training."],"metadata":[]}],[{"content":"Call observation and monitoring for individual, team, enterprise root cause and trending analysis Represented the department in over 100 projects that directly impacted the performance of the queue.","tokens":["Call","observation","and","monitoring","for","individual,","team,","enterprise","root","cause","and","trending","analysis","Represented","the","department","in","over","100","projects","that","directly","impacted","the","performance","of","the","queue."],"metadata":[]}],[{"content":"Company Name City , State New Hire Supervisor 01/2005 to 01/2011 Responsible for staffing call center of 550 associates with 30 New Hire Classes (20 associates per class) within 2 quarters of fiscal year; while maintaining a 80 percent retention rate.","tokens":["Company","Name","City",",","State","New","Hire","Supervisor","01/2005","to","01/2011","Responsible","for","staffing","call","center","of","550","associates","with","30","New","Hire","Classes","(20","associates","per","class)","within","2","quarters","of","fiscal","year;","while","maintaining","a","80","percent","retention","rate."],"metadata":[]}],[{"content":"Provided New Hire Policies & Procedure and Customer Satisfaction Training to approximately 350 employees.","tokens":["Provided","New","Hire","Policies","&","Procedure","and","Customer","Satisfaction","Training","to","approximately","350","employees."],"metadata":[]}],[{"content":"Conducted orientation sessions and arranged on-the-job training for new hires.","tokens":["Conducted","orientation","sessions","and","arranged","on-the-job","training","for","new","hires."],"metadata":[]}],[{"content":"Developed and organized testing, training, evaluation procedures, multimedia visual aids, and other new hire materials.","tokens":["Developed","and","organized","testing,","training,","evaluation","procedures,","multimedia","visual","aids,","and","other","new","hire","materials."],"metadata":[]}],[{"content":"Directed the development of a comprehensive training strategy, methodology, programs and curriculum for management opportunity, employee development and technical training.","tokens":["Directed","the","development","of","a","comprehensive","training","strategy,","methodology,","programs","and","curriculum","for","management","opportunity,","employee","development","and","technical","training."],"metadata":[]}],[{"content":"Performed administrative duties that may include tracking associates attendance, payroll processing, inputting assessment results, and reviewing Knowledge checks.","tokens":["Performed","administrative","duties","that","may","include","tracking","associates","attendance,","payroll","processing,","inputting","assessment","results,","and","reviewing","Knowledge","checks."],"metadata":[]}],[{"content":"Maintained a database detailing employee training dates, types of training, qualification and recertification dates.","tokens":["Maintained","a","database","detailing","employee","training","dates,","types","of","training,","qualification","and","recertification","dates."],"metadata":[]}],[{"content":"Conferred with management and conducted surveys and focus groups to identify training needs based on projected production processes, changes, and other factors.","tokens":["Conferred","with","management","and","conducted","surveys","and","focus","groups","to","identify","training","needs","based","on","projected","production","processes,","changes,","and","other","factors."],"metadata":[]}],[{"content":"Evaluated instructor's performance and the effectiveness of training programs and provide recommendations for improvement.","tokens":["Evaluated","instructor's","performance","and","the","effectiveness","of","training","programs","and","provide","recommendations","for","improvement."],"metadata":[]}],[{"content":"Observed and monitored associates skills and behaviors during training; worked in conjunction with the classroom trainer in formulating weekly assessment by providing feedback on comprehension, strengths and opportunities.","tokens":["Observed","and","monitored","associates","skills","and","behaviors","during","training;","worked","in","conjunction","with","the","classroom","trainer","in","formulating","weekly","assessment","by","providing","feedback","on","comprehension,","strengths","and","opportunities."],"metadata":[]}],[{"content":"Collaborated with Human Resources in defining individual employee development plans for supervisors and managers by evaluating capabilities and implementing effective solutions.","tokens":["Collaborated","with","Human","Resources","in","defining","individual","employee","development","plans","for","supervisors","and","managers","by","evaluating","capabilities","and","implementing","effective","solutions."],"metadata":[]}],[{"content":"Education B.A : Psychology 2015 Ashford University , City , State GPA: GPA: 3.73 Human Resources Management certificate Healthcare Management certificate Accomplishments Implemented a background check matrix for our vendor to streamline the background process during onboarding.","tokens":["Education","B.A",":","Psychology","2015","Ashford","University",",","City",",","State","GPA:","GPA:","3.73","Human","Resources","Management","certificate","Healthcare","Management","certificate","Accomplishments","Implemented","a","background","check","matrix","for","our","vendor","to","streamline","the","background","process","during","onboarding."],"metadata":[]}],[{"content":"Skills administrative, benchmarking, budgets, call center, Coaching, counseling, Customer Satisfaction, customer-service, client support, database, designing, financial, focus, forecasting, functional, hiring, Human Resources, instructor, Leadership, leadership development, materials, multimedia, enterprise, payroll processing, performance management, Policies, process improvement, processes, quality, recruiting, scheduling, staffing, strategy, strategic planning, , trainer, employee development, employee training, training programs","tokens":["Skills","administrative,","benchmarking,","budgets,","call","center,","Coaching,","counseling,","Customer","Satisfaction,","customer-service,","client","support,","database,","designing,","financial,","focus,","forecasting,","functional,","hiring,","Human","Resources,","instructor,","Leadership,","leadership","development,","materials,","multimedia,","enterprise,","payroll","processing,","performance","management,","Policies,","process","improvement,","processes,","quality,","recruiting,","scheduling,","staffing,","strategy,","strategic","planning,",",","trainer,","employee","development,","employee","training,","training","programs"],"metadata":[]}]],"labelerInfo":{"id":6814,"email":"cwilhel8@jh.edu","displayName":"Chris Wilhelm"},"labelSets":[{"name":"Resume Labels","index":0,"labelItems":[{"id":"Kj5U6n9NUqTXuWcB3c_7L","labelName":"College"},{"id":"rj7TW0-ymuRo6f_asXJab","labelName":"Company Name"},{"id":"SJEkdao76hjwbb6Fh5SY6","labelName":"Job Title"},{"id":"BjO8MdvK2KI4E5iMEeY4B","labelName":"Graduation Year"},{"id":"eS2knCRgLegeRw8bcmSWA","labelName":"Skill"},{"id":"IeEoIKabMl51BJE0gX2YL","labelName":"Degree"},{"id":"1R0C50AAwFbEp2O0WmRv6","labelName":"Location"},{"id":"zQcc4ygexJ_A3Gb0NeRTk","labelName":"Years of Experience"},{"id":"52S_6moRfhjC-yXgIBeCp","labelName":"Date"},{"id":"KiLarWmwlU1E3-FfdG6Qg","labelName":"Project"},{"id":"dyxKKTAxW1z5ifjPj42BI","labelName":"Name"}]}],"spanLabels":[{"id":"1663133600","labeledBy":"LABELER","labeledByUserId":6814,"acceptedByUserId":null,"rejectedByUserId":null,"layer":0,"counter":0,"status":"ACCEPTED","hashCode":"SPAN:SJEkdao76hjwbb6Fh5SY6:0:0:0:0:0:0:0:4:9:0:undefined:undefined","labelName":"SJEkdao76hjwbb6Fh5SY6","labelItem":{"id":"SJEkdao76hjwbb6Fh5SY6","labelName":"Job Title"},"textPosition":{"start":{"row":0,"column":0,"tokenIndex":0,"charIndex":0},"end":{"row":0,"column":0,"tokenIndex":4,"charIndex":9}},"confidenceScore":null},{"id":"1663133603","labeledBy":"LABELER","labeledByUserId":6814,"acceptedByUserId":null,"rejectedByUserId":null,"layer":0,"counter":0,"status":"ACCEPTED","hashCode":"SPAN:eS2knCRgLegeRw8bcmSWA:0:0:0:6:0:0:0:6:14:0:undefined:undefined","labelName":"eS2knCRgLegeRw8bcmSWA","labelItem":{"id":"eS2knCRgLegeRw8bcmSWA","labelName":"Skill"},"textPosition":{"start":{"row":0,"column":0,"tokenIndex":6,"charIndex":0},"end":{"row":0,"column":0,"tokenIndex":6,"charIndex":14}},"confidenceScore":null},{"id":"1663133606","labeledBy":"LABELER","labeledByUserId":6814,"acceptedByUserId":null,"rejectedByUserId":null,"layer":0,"counter":0,"status":"ACCEPTED","hashCode":"SPAN:eS2knCRgLegeRw8bcmSWA:0:0:0:7:0:0:0:8:8:0:undefined:undefined","labelName":"eS2knCRgLegeRw8bcmSWA","labelItem":{"id":"eS2knCRgLegeRw8bcmSWA","labelName":"Skill"},"textPosition":{"start":{"row":0,"column":0,"tokenIndex":7,"charIndex":0},"end":{"row":0,"column":0,"tokenIndex":8,"charIndex":8}},"confidenceScore":null},{"id":"1663133609","labeledBy":"LABELER","labeledByUserId":6814,"acceptedByUserId":null,"rejectedByUserId":null,"layer":0,"counter":0,"status":"ACCEPTED","hashCode":"SPAN:eS2knCRgLegeRw8bcmSWA:0:0:0:14:0:0:0:14:9:0:undefined:undefined","labelName":"eS2knCRgLegeRw8bcmSWA","labelItem":{"id":"eS2knCRgLegeRw8bcmSWA","labelName":"Skill"},"textPosition":{"start":{"row":0,"column":0,"tokenIndex":14,"charIndex":0},"end":{"row":0,"column":0,"tokenIndex":14,"charIndex":9}},"confidenceScore":null},{"id":"1663133612","labeledBy":"LABELER","labeledByUserId":6814,"acceptedByUserId":null,"rejectedByUserId":null,"layer":0,"counter":0,"status":"ACCEPTED","hashCode":"SPAN:SJEkdao76hjwbb6Fh5SY6:0:1:0:3:0:1:0:5:10:0:undefined:undefined","labelName":"SJEkdao76hjwbb6Fh5SY6","labelItem":{"id":"SJEkdao76hjwbb6Fh5SY6","labelName":"Job Title"},"textPosition":{"start":{"row":1,"column":0,"tokenIndex":3,"charIndex":0},"end":{"row":1,"column":0,"tokenIndex":5,"charIndex":10}},"confidenceScore":null},{"id":"1663133615","labeledBy":"LABELER","labeledByUserId":6814,"acceptedByUserId":null,"rejectedByUserId":null,"layer":0,"counter":0,"status":"ACCEPTED","hashCode":"SPAN:eS2knCRgLegeRw8bcmSWA:0:1:0:7:0:1:0:10:5:0:undefined:undefined","labelName":"eS2knCRgLegeRw8bcmSWA","labelItem":{"id":"eS2knCRgLegeRw8bcmSWA","labelName":"Skill"},"textPosition":{"start":{"row":1,"column":0,"tokenIndex":7,"charIndex":0},"end":{"row":1,"column":0,"tokenIndex":10,"charIndex":5}},"confidenceScore":null},{"id":"1663133618","labeledBy":"LABELER","labeledByUserId":6814,"acceptedByUserId":null,"rejectedByUserId":null,"layer":0,"counter":0,"status":"ACCEPTED","hashCode":"SPAN:eS2knCRgLegeRw8bcmSWA:0:1:0:16:0:1:0:17:5:0:undefined:undefined","labelName":"eS2knCRgLegeRw8bcmSWA","labelItem":{"id":"eS2knCRgLegeRw8bcmSWA","labelName":"Skill"},"textPosition":{"start":{"row":1,"column":0,"tokenIndex":16,"charIndex":0},"end":{"row":1,"column":0,"tokenIndex":17,"charIndex":5}},"confidenceScore":null},{"id":"1663133621","labeledBy":"LABELER","labeledByUserId":6814,"acceptedByUserId":null,"rejectedByUserId":null,"layer":0,"counter":0,"status":"ACCEPTED","hashCode":"SPAN:rj7TW0-ymuRo6f_asXJab:0:1:0:19:0:1:0:20:3:0:undefined:undefined","labelName":"rj7TW0-ymuRo6f_asXJab","labelItem":{"id":"rj7TW0-ymuRo6f_asXJab","labelName":"Company Name"},"textPosition":{"start":{"row":1,"column":0,"tokenIndex":19,"charIndex":0},"end":{"row":1,"column":0,"tokenIndex":20,"charIndex":3}},"confidenceScore":null},{"id":"1663133624","labeledBy":"LABELER","labeledByUserId":6814,"acceptedByUserId":null,"rejectedByUserId":null,"layer":0,"counter":0,"status":"ACCEPTED","hashCode":"SPAN:1R0C50AAwFbEp2O0WmRv6:0:1:0:21:0:1:0:21:3:0:undefined:undefined","labelName":"1R0C50AAwFbEp2O0WmRv6","labelItem":{"id":"1R0C50AAwFbEp2O0WmRv6","labelName":"Location"},"textPosition":{"start":{"row":1,"column":0,"tokenIndex":21,"charIndex":0},"end":{"row":1,"column":0,"tokenIndex":21,"charIndex":3}},"confidenceScore":null},{"id":"1663133627","labeledBy":"LABELER","labeledByUserId":6814,"acceptedByUserId":null,"rejectedByUserId":null,"layer":0,"counter":0,"status":"ACCEPTED","hashCode":"SPAN:1R0C50AAwFbEp2O0WmRv6:0:1:0:23:0:1:0:23:4:0:undefined:undefined","labelName":"1R0C50AAwFbEp2O0WmRv6","labelItem":{"id":"1R0C50AAwFbEp2O0WmRv6","labelName":"Location"},"textPosition":{"start":{"row":1,"column":0,"tokenIndex":23,"charIndex":0},"end":{"row":1,"column":0,"tokenIndex":23,"charIndex":4}},"confidenceScore":null},{"id":"1663133630","labeledBy":"LABELER","labeledByUserId":6814,"acceptedByUserId":null,"rejectedByUserId":null,"layer":0,"counter":0,"status":"ACCEPTED","hashCode":"SPAN:SJEkdao76hjwbb6Fh5SY6:0:1:0:24:0:1:0:28:9:0:undefined:undefined","labelName":"SJEkdao76hjwbb6Fh5SY6","labelItem":{"id":"SJEkdao76hjwbb6Fh5SY6","labelName":"Job Title"},"textPosition":{"start":{"row":1,"column":0,"tokenIndex":24,"charIndex":0},"end":{"row":1,"column":0,"tokenIndex":28,"charIndex":9}},"confidenceScore":null},{"id":"1663133633","labeledBy":"LABELER","labeledByUserId":6814,"acceptedByUserId":null,"rejectedByUserId":null,"layer":0,"counter":0,"status":"ACCEPTED","hashCode":"SPAN:52S_6moRfhjC-yXgIBeCp:0:1:0:29:0:1:0:29:6:0:undefined:undefined","labelName":"52S_6moRfhjC-yXgIBeCp","labelItem":{"id":"52S_6moRfhjC-yXgIBeCp","labelName":"Date"},"textPosition":{"start":{"row":1,"column":0,"tokenIndex":29,"charIndex":0},"end":{"row":1,"column":0,"tokenIndex":29,"charIndex":6}},"confidenceScore":null},{"id":"1663133636","labeledBy":"LABELER","labeledByUserId":6814,"acceptedByUserId":null,"rejectedByUserId":null,"layer":0,"counter":0,"status":"ACCEPTED","hashCode":"SPAN:eS2knCRgLegeRw8bcmSWA:0:1:0:31:0:1:0:32:10:0:undefined:undefined","labelName":"eS2knCRgLegeRw8bcmSWA","labelItem":{"id":"eS2knCRgLegeRw8bcmSWA","labelName":"Skill"},"textPosition":{"start":{"row":1,"column":0,"tokenIndex":31,"charIndex":0},"end":{"row":1,"column":0,"tokenIndex":32,"charIndex":10}},"confidenceScore":null},{"id":"1663133639","labeledBy":"LABELER","labeledByUserId":6814,"acceptedByUserId":null,"rejectedByUserId":null,"layer":0,"counter":0,"status":"ACCEPTED","hashCode":"SPAN:eS2knCRgLegeRw8bcmSWA:0:1:0:34:0:1:0:35:9:0:undefined:undefined","labelName":"eS2knCRgLegeRw8bcmSWA","labelItem":{"id":"eS2knCRgLegeRw8bcmSWA","labelName":"Skill"},"textPosition":{"start":{"row":1,"column":0,"tokenIndex":34,"charIndex":0},"end":{"row":1,"column":0,"tokenIndex":35,"charIndex":9}},"confidenceScore":null},{"id":"1663133642","labeledBy":"LABELER","labeledByUserId":6814,"acceptedByUserId":null,"rejectedByUserId":null,"layer":0,"counter":0,"status":"ACCEPTED","hashCode":"SPAN:eS2knCRgLegeRw8bcmSWA:0:2:0:19:0:2:0:20:9:0:undefined:undefined","labelName":"eS2knCRgLegeRw8bcmSWA","labelItem":{"id":"eS2knCRgLegeRw8bcmSWA","labelName":"Skill"},"textPosition":{"start":{"row":2,"column":0,"tokenIndex":19,"charIndex":0},"end":{"row":2,"column":0,"tokenIndex":20,"charIndex":9}},"confidenceScore":null},{"id":"1663133645","labeledBy":"LABELER","labeledByUserId":6814,"acceptedByUserId":null,"rejectedByUserId":null,"layer":0,"counter":0,"status":"ACCEPTED","hashCode":"SPAN:eS2knCRgLegeRw8bcmSWA:0:2:0:80:0:2:0:80:10:0:undefined:undefined","labelName":"eS2knCRgLegeRw8bcmSWA","labelItem":{"id":"eS2knCRgLegeRw8bcmSWA","labelName":"Skill"},"textPosition":{"start":{"row":2,"column":0,"tokenIndex":80,"charIndex":0},"end":{"row":2,"column":0,"tokenIndex":80,"charIndex":10}},"confidenceScore":null},{"id":"1663133648","labeledBy":"LABELER","labeledByUserId":6814,"acceptedByUserId":null,"rejectedByUserId":null,"layer":0,"counter":0,"status":"ACCEPTED","hashCode":"SPAN:eS2knCRgLegeRw8bcmSWA:0:2:0:81:0:2:0:81:8:0:undefined:undefined","labelName":"eS2knCRgLegeRw8bcmSWA","labelItem":{"id":"eS2knCRgLegeRw8bcmSWA","labelName":"Skill"},"textPosition":{"start":{"row":2,"column":0,"tokenIndex":81,"charIndex":0},"end":{"row":2,"column":0,"tokenIndex":81,"charIndex":8}},"confidenceScore":null},{"id":"1663133651","labeledBy":"LABELER","labeledByUserId":6814,"acceptedByUserId":null,"rejectedByUserId":null,"layer":0,"counter":0,"status":"ACCEPTED","hashCode":"SPAN:eS2knCRgLegeRw8bcmSWA:0:2:0:82:0:2:0:82:11:0:undefined:undefined","labelName":"eS2knCRgLegeRw8bcmSWA","labelItem":{"id":"eS2knCRgLegeRw8bcmSWA","labelName":"Skill"},"textPosition":{"start":{"row":2,"column":0,"tokenIndex":82,"charIndex":0},"end":{"row":2,"column":0,"tokenIndex":82,"charIndex":11}},"confidenceScore":null},{"id":"1663133654","labeledBy":"LABELER","labeledByUserId":6814,"acceptedByUserId":null,"rejectedByUserId":null,"layer":0,"counter":0,"status":"ACCEPTED","hashCode":"SPAN:eS2knCRgLegeRw8bcmSWA:0:2:0:83:0:2:0:84:8:0:undefined:undefined","labelName":"eS2knCRgLegeRw8bcmSWA","labelItem":{"id":"eS2knCRgLegeRw8bcmSWA","labelName":"Skill"},"textPosition":{"start":{"row":2,"column":0,"tokenIndex":83,"charIndex":0},"end":{"row":2,"column":0,"tokenIndex":84,"charIndex":8}},"confidenceScore":null},{"id":"1663133657","labeledBy":"LABELER","labeledByUserId":6814,"acceptedByUserId":null,"rejectedByUserId":null,"layer":0,"counter":0,"status":"ACCEPTED","hashCode":"SPAN:rj7TW0-ymuRo6f_asXJab:0:3:0:0:0:3:0:1:3:0:undefined:undefined","labelName":"rj7TW0-ymuRo6f_asXJab","labelItem":{"id":"rj7TW0-ymuRo6f_asXJab","labelName":"Company Name"},"textPosition":{"start":{"row":3,"column":0,"tokenIndex":0,"charIndex":0},"end":{"row":3,"column":0,"tokenIndex":1,"charIndex":3}},"confidenceScore":null},{"id":"1663133660","labeledBy":"LABELER","labeledByUserId":6814,"acceptedByUserId":null,"rejectedByUserId":null,"layer":0,"counter":0,"status":"ACCEPTED","hashCode":"SPAN:1R0C50AAwFbEp2O0WmRv6:0:3:0:2:0:3:0:2:3:0:undefined:undefined","labelName":"1R0C50AAwFbEp2O0WmRv6","labelItem":{"id":"1R0C50AAwFbEp2O0WmRv6","labelName":"Location"},"textPosition":{"start":{"row":3,"column":0,"tokenIndex":2,"charIndex":0},"end":{"row":3,"column":0,"tokenIndex":2,"charIndex":3}},"confidenceScore":null},{"id":"1663133663","labeledBy":"LABELER","labeledByUserId":6814,"acceptedByUserId":null,"rejectedByUserId":null,"layer":0,"counter":0,"status":"ACCEPTED","hashCode":"SPAN:1R0C50AAwFbEp2O0WmRv6:0:3:0:4:0:3:0:4:4:0:undefined:undefined","labelName":"1R0C50AAwFbEp2O0WmRv6","labelItem":{"id":"1R0C50AAwFbEp2O0WmRv6","labelName":"Location"},"textPosition":{"start":{"row":3,"column":0,"tokenIndex":4,"charIndex":0},"end":{"row":3,"column":0,"tokenIndex":4,"charIndex":4}},"confidenceScore":null},{"id":"1663133666","labeledBy":"LABELER","labeledByUserId":6814,"acceptedByUserId":null,"rejectedByUserId":null,"layer":0,"counter":0,"status":"ACCEPTED","hashCode":"SPAN:SJEkdao76hjwbb6Fh5SY6:0:3:0:5:0:3:0:6:6:0:undefined:undefined","labelName":"SJEkdao76hjwbb6Fh5SY6","labelItem":{"id":"SJEkdao76hjwbb6Fh5SY6","labelName":"Job Title"},"textPosition":{"start":{"row":3,"column":0,"tokenIndex":5,"charIndex":0},"end":{"row":3,"column":0,"tokenIndex":6,"charIndex":6}},"confidenceScore":null},{"id":"1663133669","labeledBy":"LABELER","labeledByUserId":6814,"acceptedByUserId":null,"rejectedByUserId":null,"layer":0,"counter":0,"status":"ACCEPTED","hashCode":"SPAN:52S_6moRfhjC-yXgIBeCp:0:3:0:7:0:3:0:7:6:0:undefined:undefined","labelName":"52S_6moRfhjC-yXgIBeCp","labelItem":{"id":"52S_6moRfhjC-yXgIBeCp","labelName":"Date"},"textPosition":{"start":{"row":3,"column":0,"tokenIndex":7,"charIndex":0},"end":{"row":3,"column":0,"tokenIndex":7,"charIndex":6}},"confidenceScore":null},{"id":"1663133672","labeledBy":"LABELER","labeledByUserId":6814,"acceptedByUserId":null,"rejectedByUserId":null,"layer":0,"counter":0,"status":"ACCEPTED","hashCode":"SPAN:52S_6moRfhjC-yXgIBeCp:0:3:0:9:0:3:0:9:6:0:undefined:undefined","labelName":"52S_6moRfhjC-yXgIBeCp","labelItem":{"id":"52S_6moRfhjC-yXgIBeCp","labelName":"Date"},"textPosition":{"start":{"row":3,"column":0,"tokenIndex":9,"charIndex":0},"end":{"row":3,"column":0,"tokenIndex":9,"charIndex":6}},"confidenceScore":null},{"id":"1663133675","labeledBy":"LABELER","labeledByUserId":6814,"acceptedByUserId":null,"rejectedByUserId":null,"layer":0,"counter":0,"status":"ACCEPTED","hashCode":"SPAN:eS2knCRgLegeRw8bcmSWA:0:3:0:16:0:3:0:16:10:0:undefined:undefined","labelName":"eS2knCRgLegeRw8bcmSWA","labelItem":{"id":"eS2knCRgLegeRw8bcmSWA","labelName":"Skill"},"textPosition":{"start":{"row":3,"column":0,"tokenIndex":16,"charIndex":0},"end":{"row":3,"column":0,"tokenIndex":16,"charIndex":10}},"confidenceScore":null},{"id":"1663133678","labeledBy":"LABELER","labeledByUserId":6814,"acceptedByUserId":null,"rejectedByUserId":null,"layer":0,"counter":0,"status":"ACCEPTED","hashCode":"SPAN:eS2knCRgLegeRw8bcmSWA:0:3:0:17:0:3:0:17:9:0:undefined:undefined","labelName":"eS2knCRgLegeRw8bcmSWA","labelItem":{"id":"eS2knCRgLegeRw8bcmSWA","labelName":"Skill"},"textPosition":{"start":{"row":3,"column":0,"tokenIndex":17,"charIndex":0},"end":{"row":3,"column":0,"tokenIndex":17,"charIndex":9}},"confidenceScore":null},{"id":"1663133681","labeledBy":"LABELER","labeledByUserId":6814,"acceptedByUserId":null,"rejectedByUserId":null,"layer":0,"counter":0,"status":"ACCEPTED","hashCode":"SPAN:eS2knCRgLegeRw8bcmSWA:0:3:0:18:0:3:0:18:8:0:undefined:undefined","labelName":"eS2knCRgLegeRw8bcmSWA","labelItem":{"id":"eS2knCRgLegeRw8bcmSWA","labelName":"Skill"},"textPosition":{"start":{"row":3,"column":0,"tokenIndex":18,"charIndex":0},"end":{"row":3,"column":0,"tokenIndex":18,"charIndex":8}},"confidenceScore":null},{"id":"1663133684","labeledBy":"LABELER","labeledByUserId":6814,"acceptedByUserId":null,"rejectedByUserId":null,"layer":0,"counter":0,"status":"ACCEPTED","hashCode":"SPAN:eS2knCRgLegeRw8bcmSWA:0:3:0:19:0:3:0:19:9:0:undefined:undefined","labelName":"eS2knCRgLegeRw8bcmSWA","labelItem":{"id":"eS2knCRgLegeRw8bcmSWA","labelName":"Skill"},"textPosition":{"start":{"row":3,"column":0,"tokenIndex":19,"charIndex":0},"end":{"row":3,"column":0,"tokenIndex":19,"charIndex":9}},"confidenceScore":null},{"id":"1663133687","labeledBy":"LABELER","labeledByUserId":6814,"acceptedByUserId":null,"rejectedByUserId":null,"layer":0,"counter":0,"status":"ACCEPTED","hashCode":"SPAN:eS2knCRgLegeRw8bcmSWA:0:3:0:20:0:3:0:20:10:0:undefined:undefined","labelName":"eS2knCRgLegeRw8bcmSWA","labelItem":{"id":"eS2knCRgLegeRw8bcmSWA","labelName":"Skill"},"textPosition":{"start":{"row":3,"column":0,"tokenIndex":20,"charIndex":0},"end":{"row":3,"column":0,"tokenIndex":20,"charIndex":10}},"confidenceScore":null},{"id":"1663133690","labeledBy":"LABELER","labeledByUserId":6814,"acceptedByUserId":null,"rejectedByUserId":null,"layer":0,"counter":0,"status":"ACCEPTED","hashCode":"SPAN:eS2knCRgLegeRw8bcmSWA:0:3:0:21:0:3:0:21:8:0:undefined:undefined","labelName":"eS2knCRgLegeRw8bcmSWA","labelItem":{"id":"eS2knCRgLegeRw8bcmSWA","labelName":"Skill"},"textPosition":{"start":{"row":3,"column":0,"tokenIndex":21,"charIndex":0},"end":{"row":3,"column":0,"tokenIndex":21,"charIndex":8}},"confidenceScore":null},{"id":"1663133693","labeledBy":"LABELER","labeledByUserId":6814,"acceptedByUserId":null,"rejectedByUserId":null,"layer":0,"counter":0,"status":"ACCEPTED","hashCode":"SPAN:eS2knCRgLegeRw8bcmSWA:0:3:0:22:0:3:0:22:10:0:undefined:undefined","labelName":"eS2knCRgLegeRw8bcmSWA","labelItem":{"id":"eS2knCRgLegeRw8bcmSWA","labelName":"Skill"},"textPosition":{"start":{"row":3,"column":0,"tokenIndex":22,"charIndex":0},"end":{"row":3,"column":0,"tokenIndex":22,"charIndex":10}},"confidenceScore":null},{"id":"1663133696","labeledBy":"LABELER","labeledByUserId":6814,"acceptedByUserId":null,"rejectedByUserId":null,"layer":0,"counter":0,"status":"ACCEPTED","hashCode":"SPAN:eS2knCRgLegeRw8bcmSWA:0:3:0:23:0:3:0:23:10:0:undefined:undefined","labelName":"eS2knCRgLegeRw8bcmSWA","labelItem":{"id":"eS2knCRgLegeRw8bcmSWA","labelName":"Skill"},"textPosition":{"start":{"row":3,"column":0,"tokenIndex":23,"charIndex":0},"end":{"row":3,"column":0,"tokenIndex":23,"charIndex":10}},"confidenceScore":null},{"id":"1663133699","labeledBy":"LABELER","labeledByUserId":6814,"acceptedByUserId":null,"rejectedByUserId":null,"layer":0,"counter":0,"status":"ACCEPTED","hashCode":"SPAN:eS2knCRgLegeRw8bcmSWA:0:3:0:24:0:3:0:24:9:0:undefined:undefined","labelName":"eS2knCRgLegeRw8bcmSWA","labelItem":{"id":"eS2knCRgLegeRw8bcmSWA","labelName":"Skill"},"textPosition":{"start":{"row":3,"column":0,"tokenIndex":24,"charIndex":0},"end":{"row":3,"column":0,"tokenIndex":24,"charIndex":9}},"confidenceScore":null},{"id":"1663133702","labeledBy":"LABELER","labeledByUserId":6814,"acceptedByUserId":null,"rejectedByUserId":null,"layer":0,"counter":0,"status":"ACCEPTED","hashCode":"SPAN:eS2knCRgLegeRw8bcmSWA:0:3:0:26:0:3:0:26:11:0:undefined:undefined","labelName":"eS2knCRgLegeRw8bcmSWA","labelItem":{"id":"eS2knCRgLegeRw8bcmSWA","labelName":"Skill"},"textPosition":{"start":{"row":3,"column":0,"tokenIndex":26,"charIndex":0},"end":{"row":3,"column":0,"tokenIndex":26,"charIndex":11}},"confidenceScore":null},{"id":"1663133705","labeledBy":"LABELER","labeledByUserId":6814,"acceptedByUserId":null,"rejectedByUserId":null,"layer":0,"counter":0,"status":"ACCEPTED","hashCode":"SPAN:eS2knCRgLegeRw8bcmSWA:0:3:0:28:0:3:0:28:12:0:undefined:undefined","labelName":"eS2knCRgLegeRw8bcmSWA","labelItem":{"id":"eS2knCRgLegeRw8bcmSWA","labelName":"Skill"},"textPosition":{"start":{"row":3,"column":0,"tokenIndex":28,"charIndex":0},"end":{"row":3,"column":0,"tokenIndex":28,"charIndex":12}},"confidenceScore":null},{"id":"1663133708","labeledBy":"LABELER","labeledByUserId":6814,"acceptedByUserId":null,"rejectedByUserId":null,"layer":0,"counter":0,"status":"ACCEPTED","hashCode":"SPAN:eS2knCRgLegeRw8bcmSWA:0:3:0:29:0:3:0:30:12:0:undefined:undefined","labelName":"eS2knCRgLegeRw8bcmSWA","labelItem":{"id":"eS2knCRgLegeRw8bcmSWA","labelName":"Skill"},"textPosition":{"start":{"row":3,"column":0,"tokenIndex":29,"charIndex":0},"end":{"row":3,"column":0,"tokenIndex":30,"charIndex":12}},"confidenceScore":null},{"id":"1663133711","labeledBy":"LABELER","labeledByUserId":6814,"acceptedByUserId":null,"rejectedByUserId":null,"layer":0,"counter":0,"status":"ACCEPTED","hashCode":"SPAN:eS2knCRgLegeRw8bcmSWA:0:3:0:34:0:3:0:34:7:0:undefined:undefined","labelName":"eS2knCRgLegeRw8bcmSWA","labelItem":{"id":"eS2knCRgLegeRw8bcmSWA","labelName":"Skill"},"textPosition":{"start":{"row":3,"column":0,"tokenIndex":34,"charIndex":0},"end":{"row":3,"column":0,"tokenIndex":34,"charIndex":7}},"confidenceScore":null},{"id":"1663133714","labeledBy":"LABELER","labeledByUserId":6814,"acceptedByUserId":null,"rejectedByUserId":null,"layer":0,"counter":0,"status":"ACCEPTED","hashCode":"SPAN:eS2knCRgLegeRw8bcmSWA:0:5:0:0:0:5:0:0:7:0:undefined:undefined","labelName":"eS2knCRgLegeRw8bcmSWA","labelItem":{"id":"eS2knCRgLegeRw8bcmSWA","labelName":"Skill"},"textPosition":{"start":{"row":5,"column":0,"tokenIndex":0,"charIndex":0},"end":{"row":5,"column":0,"tokenIndex":0,"charIndex":7}},"confidenceScore":null},{"id":"1663133717","labeledBy":"LABELER","labeledByUserId":6814,"acceptedByUserId":null,"rejectedByUserId":null,"layer":0,"counter":0,"status":"ACCEPTED","hashCode":"SPAN:eS2knCRgLegeRw8bcmSWA:0:5:0:2:0:5:0:2:9:0:undefined:undefined","labelName":"eS2knCRgLegeRw8bcmSWA","labelItem":{"id":"eS2knCRgLegeRw8bcmSWA","labelName":"Skill"},"textPosition":{"start":{"row":5,"column":0,"tokenIndex":2,"charIndex":0},"end":{"row":5,"column":0,"tokenIndex":2,"charIndex":9}},"confidenceScore":null},{"id":"1663133720","labeledBy":"LABELER","labeledByUserId":6814,"acceptedByUserId":null,"rejectedByUserId":null,"layer":0,"counter":0,"status":"ACCEPTED","hashCode":"SPAN:eS2knCRgLegeRw8bcmSWA:0:8:0:19:0:8:0:20:5:0:undefined:undefined","labelName":"eS2knCRgLegeRw8bcmSWA","labelItem":{"id":"eS2knCRgLegeRw8bcmSWA","labelName":"Skill"},"textPosition":{"start":{"row":8,"column":0,"tokenIndex":19,"charIndex":0},"end":{"row":8,"column":0,"tokenIndex":20,"charIndex":5}},"confidenceScore":null},{"id":"1663133723","labeledBy":"LABELER","labeledByUserId":6814,"acceptedByUserId":null,"rejectedByUserId":null,"layer":0,"counter":0,"status":"ACCEPTED","hashCode":"SPAN:eS2knCRgLegeRw8bcmSWA:0:8:0:21:0:8:0:22:10:0:undefined:undefined","labelName":"eS2knCRgLegeRw8bcmSWA","labelItem":{"id":"eS2knCRgLegeRw8bcmSWA","labelName":"Skill"},"textPosition":{"start":{"row":8,"column":0,"tokenIndex":21,"charIndex":0},"end":{"row":8,"column":0,"tokenIndex":22,"charIndex":10}},"confidenceScore":null},{"id":"1663133724","labeledBy":"LABELER","labeledByUserId":6814,"acceptedByUserId":null,"rejectedByUserId":null,"layer":0,"counter":0,"status":"ACCEPTED","hashCode":"SPAN:eS2knCRgLegeRw8bcmSWA:0:8:0:23:0:8:0:23:12:0:undefined:undefined","labelName":"eS2knCRgLegeRw8bcmSWA","labelItem":{"id":"eS2knCRgLegeRw8bcmSWA","labelName":"Skill"},"textPosition":{"start":{"row":8,"column":0,"tokenIndex":23,"charIndex":0},"end":{"row":8,"column":0,"tokenIndex":23,"charIndex":12}},"confidenceScore":null},{"id":"1663133727","labeledBy":"LABELER","labeledByUserId":6814,"acceptedByUserId":null,"rejectedByUserId":null,"layer":0,"counter":0,"status":"ACCEPTED","hashCode":"SPAN:eS2knCRgLegeRw8bcmSWA:0:8:0:24:0:8:0:24:7:0:undefined:undefined","labelName":"eS2knCRgLegeRw8bcmSWA","labelItem":{"id":"eS2knCRgLegeRw8bcmSWA","labelName":"Skill"},"textPosition":{"start":{"row":8,"column":0,"tokenIndex":24,"charIndex":0},"end":{"row":8,"column":0,"tokenIndex":24,"charIndex":7}},"confidenceScore":null},{"id":"1663133732","labeledBy":"LABELER","labeledByUserId":6814,"acceptedByUserId":null,"rejectedByUserId":null,"layer":0,"counter":0,"status":"ACCEPTED","hashCode":"SPAN:eS2knCRgLegeRw8bcmSWA:0:8:0:26:0:8:0:27:9:0:undefined:undefined","labelName":"eS2knCRgLegeRw8bcmSWA","labelItem":{"id":"eS2knCRgLegeRw8bcmSWA","labelName":"Skill"},"textPosition":{"start":{"row":8,"column":0,"tokenIndex":26,"charIndex":0},"end":{"row":8,"column":0,"tokenIndex":27,"charIndex":9}},"confidenceScore":null},{"id":"1663133735","labeledBy":"LABELER","labeledByUserId":6814,"acceptedByUserId":null,"rejectedByUserId":null,"layer":0,"counter":0,"status":"ACCEPTED","hashCode":"SPAN:eS2knCRgLegeRw8bcmSWA:0:8:0:31:0:8:0:31:6:0:undefined:undefined","labelName":"eS2knCRgLegeRw8bcmSWA","labelItem":{"id":"eS2knCRgLegeRw8bcmSWA","labelName":"Skill"},"textPosition":{"start":{"row":8,"column":0,"tokenIndex":31,"charIndex":0},"end":{"row":8,"column":0,"tokenIndex":31,"charIndex":6}},"confidenceScore":null},{"id":"1663133738","labeledBy":"LABELER","labeledByUserId":6814,"acceptedByUserId":null,"rejectedByUserId":null,"layer":0,"counter":0,"status":"ACCEPTED","hashCode":"SPAN:rj7TW0-ymuRo6f_asXJab:0:13:0:0:0:13:0:1:3:0:undefined:undefined","labelName":"rj7TW0-ymuRo6f_asXJab","labelItem":{"id":"rj7TW0-ymuRo6f_asXJab","labelName":"Company Name"},"textPosition":{"start":{"row":13,"column":0,"tokenIndex":0,"charIndex":0},"end":{"row":13,"column":0,"tokenIndex":1,"charIndex":3}},"confidenceScore":null},{"id":"1663133741","labeledBy":"LABELER","labeledByUserId":6814,"acceptedByUserId":null,"rejectedByUserId":null,"layer":0,"counter":0,"status":"ACCEPTED","hashCode":"SPAN:1R0C50AAwFbEp2O0WmRv6:0:13:0:2:0:13:0:2:3:0:undefined:undefined","labelName":"1R0C50AAwFbEp2O0WmRv6","labelItem":{"id":"1R0C50AAwFbEp2O0WmRv6","labelName":"Location"},"textPosition":{"start":{"row":13,"column":0,"tokenIndex":2,"charIndex":0},"end":{"row":13,"column":0,"tokenIndex":2,"charIndex":3}},"confidenceScore":null},{"id":"1663133744","labeledBy":"LABELER","labeledByUserId":6814,"acceptedByUserId":null,"rejectedByUserId":null,"layer":0,"counter":0,"status":"ACCEPTED","hashCode":"SPAN:1R0C50AAwFbEp2O0WmRv6:0:13:0:4:0:13:0:4:4:0:undefined:undefined","labelName":"1R0C50AAwFbEp2O0WmRv6","labelItem":{"id":"1R0C50AAwFbEp2O0WmRv6","labelName":"Location"},"textPosition":{"start":{"row":13,"column":0,"tokenIndex":4,"charIndex":0},"end":{"row":13,"column":0,"tokenIndex":4,"charIndex":4}},"confidenceScore":null},{"id":"1663133747","labeledBy":"LABELER","labeledByUserId":6814,"acceptedByUserId":null,"rejectedByUserId":null,"layer":0,"counter":0,"status":"ACCEPTED","hashCode":"SPAN:SJEkdao76hjwbb6Fh5SY6:0:13:0:5:0:13:0:8:9:0:undefined:undefined","labelName":"SJEkdao76hjwbb6Fh5SY6","labelItem":{"id":"SJEkdao76hjwbb6Fh5SY6","labelName":"Job Title"},"textPosition":{"start":{"row":13,"column":0,"tokenIndex":5,"charIndex":0},"end":{"row":13,"column":0,"tokenIndex":8,"charIndex":9}},"confidenceScore":null},{"id":"1663133750","labeledBy":"LABELER","labeledByUserId":6814,"acceptedByUserId":null,"rejectedByUserId":null,"layer":0,"counter":0,"status":"ACCEPTED","hashCode":"SPAN:52S_6moRfhjC-yXgIBeCp:0:13:0:9:0:13:0:9:6:0:undefined:undefined","labelName":"52S_6moRfhjC-yXgIBeCp","labelItem":{"id":"52S_6moRfhjC-yXgIBeCp","labelName":"Date"},"textPosition":{"start":{"row":13,"column":0,"tokenIndex":9,"charIndex":0},"end":{"row":13,"column":0,"tokenIndex":9,"charIndex":6}},"confidenceScore":null},{"id":"1663133753","labeledBy":"LABELER","labeledByUserId":6814,"acceptedByUserId":null,"rejectedByUserId":null,"layer":0,"counter":0,"status":"ACCEPTED","hashCode":"SPAN:52S_6moRfhjC-yXgIBeCp:0:13:0:11:0:13:0:11:6:0:undefined:undefined","labelName":"52S_6moRfhjC-yXgIBeCp","labelItem":{"id":"52S_6moRfhjC-yXgIBeCp","labelName":"Date"},"textPosition":{"start":{"row":13,"column":0,"tokenIndex":11,"charIndex":0},"end":{"row":13,"column":0,"tokenIndex":11,"charIndex":6}},"confidenceScore":null},{"id":"1663133756","labeledBy":"LABELER","labeledByUserId":6814,"acceptedByUserId":null,"rejectedByUserId":null,"layer":0,"counter":0,"status":"ACCEPTED","hashCode":"SPAN:eS2knCRgLegeRw8bcmSWA:0:14:0:0:0:14:0:0:6:0:undefined:undefined","labelName":"eS2knCRgLegeRw8bcmSWA","labelItem":{"id":"eS2knCRgLegeRw8bcmSWA","labelName":"Skill"},"textPosition":{"start":{"row":14,"column":0,"tokenIndex":0,"charIndex":0},"end":{"row":14,"column":0,"tokenIndex":0,"charIndex":6}},"confidenceScore":null},{"id":"1663133765","labeledBy":"LABELER","labeledByUserId":6814,"acceptedByUserId":null,"rejectedByUserId":null,"layer":0,"counter":0,"status":"ACCEPTED","hashCode":"SPAN:eS2knCRgLegeRw8bcmSWA:0:16:0:18:0:16:0:21:10:0:undefined:undefined","labelName":"eS2knCRgLegeRw8bcmSWA","labelItem":{"id":"eS2knCRgLegeRw8bcmSWA","labelName":"Skill"},"textPosition":{"start":{"row":16,"column":0,"tokenIndex":18,"charIndex":0},"end":{"row":16,"column":0,"tokenIndex":21,"charIndex":10}},"confidenceScore":null},{"id":"1663133759","labeledBy":"LABELER","labeledByUserId":6814,"acceptedByUserId":null,"rejectedByUserId":null,"layer":0,"counter":0,"status":"ACCEPTED","hashCode":"SPAN:eS2knCRgLegeRw8bcmSWA:0:16:0:22:0:16:0:22:8:0:undefined:undefined","labelName":"eS2knCRgLegeRw8bcmSWA","labelItem":{"id":"eS2knCRgLegeRw8bcmSWA","labelName":"Skill"},"textPosition":{"start":{"row":16,"column":0,"tokenIndex":22,"charIndex":0},"end":{"row":16,"column":0,"tokenIndex":22,"charIndex":8}},"confidenceScore":null},{"id":"1663133762","labeledBy":"LABELER","labeledByUserId":6814,"acceptedByUserId":null,"rejectedByUserId":null,"layer":0,"counter":0,"status":"ACCEPTED","hashCode":"SPAN:eS2knCRgLegeRw8bcmSWA:0:16:0:23:0:16:0:23:8:0:undefined:undefined","labelName":"eS2knCRgLegeRw8bcmSWA","labelItem":{"id":"eS2knCRgLegeRw8bcmSWA","labelName":"Skill"},"textPosition":{"start":{"row":16,"column":0,"tokenIndex":23,"charIndex":0},"end":{"row":16,"column":0,"tokenIndex":23,"charIndex":8}},"confidenceScore":null},{"id":"1663133768","labeledBy":"LABELER","labeledByUserId":6814,"acceptedByUserId":null,"rejectedByUserId":null,"layer":0,"counter":0,"status":"ACCEPTED","hashCode":"SPAN:eS2knCRgLegeRw8bcmSWA:0:16:0:24:0:16:0:25:8:0:undefined:undefined","labelName":"eS2knCRgLegeRw8bcmSWA","labelItem":{"id":"eS2knCRgLegeRw8bcmSWA","labelName":"Skill"},"textPosition":{"start":{"row":16,"column":0,"tokenIndex":24,"charIndex":0},"end":{"row":16,"column":0,"tokenIndex":25,"charIndex":8}},"confidenceScore":null},{"id":"1663133771","labeledBy":"LABELER","labeledByUserId":6814,"acceptedByUserId":null,"rejectedByUserId":null,"layer":0,"counter":0,"status":"ACCEPTED","hashCode":"SPAN:eS2knCRgLegeRw8bcmSWA:0:16:0:26:0:16:0:26:8:0:undefined:undefined","labelName":"eS2knCRgLegeRw8bcmSWA","labelItem":{"id":"eS2knCRgLegeRw8bcmSWA","labelName":"Skill"},"textPosition":{"start":{"row":16,"column":0,"tokenIndex":26,"charIndex":0},"end":{"row":16,"column":0,"tokenIndex":26,"charIndex":8}},"confidenceScore":null},{"id":"1663133774","labeledBy":"LABELER","labeledByUserId":6814,"acceptedByUserId":null,"rejectedByUserId":null,"layer":0,"counter":0,"status":"ACCEPTED","hashCode":"SPAN:eS2knCRgLegeRw8bcmSWA:0:16:0:27:0:16:0:28:5:0:undefined:undefined","labelName":"eS2knCRgLegeRw8bcmSWA","labelItem":{"id":"eS2knCRgLegeRw8bcmSWA","labelName":"Skill"},"textPosition":{"start":{"row":16,"column":0,"tokenIndex":27,"charIndex":0},"end":{"row":16,"column":0,"tokenIndex":28,"charIndex":5}},"confidenceScore":null},{"id":"1663133777","labeledBy":"LABELER","labeledByUserId":6814,"acceptedByUserId":null,"rejectedByUserId":null,"layer":0,"counter":0,"status":"ACCEPTED","hashCode":"SPAN:eS2knCRgLegeRw8bcmSWA:0:16:0:30:0:16:0:30:8:0:undefined:undefined","labelName":"eS2knCRgLegeRw8bcmSWA","labelItem":{"id":"eS2knCRgLegeRw8bcmSWA","labelName":"Skill"},"textPosition":{"start":{"row":16,"column":0,"tokenIndex":30,"charIndex":0},"end":{"row":16,"column":0,"tokenIndex":30,"charIndex":8}},"confidenceScore":null},{"id":"1663133780","labeledBy":"LABELER","labeledByUserId":6814,"acceptedByUserId":null,"rejectedByUserId":null,"layer":0,"counter":0,"status":"ACCEPTED","hashCode":"SPAN:rj7TW0-ymuRo6f_asXJab:0:18:0:0:0:18:0:1:3:0:undefined:undefined","labelName":"rj7TW0-ymuRo6f_asXJab","labelItem":{"id":"rj7TW0-ymuRo6f_asXJab","labelName":"Company Name"},"textPosition":{"start":{"row":18,"column":0,"tokenIndex":0,"charIndex":0},"end":{"row":18,"column":0,"tokenIndex":1,"charIndex":3}},"confidenceScore":null},{"id":"1663133783","labeledBy":"LABELER","labeledByUserId":6814,"acceptedByUserId":null,"rejectedByUserId":null,"layer":0,"counter":0,"status":"ACCEPTED","hashCode":"SPAN:1R0C50AAwFbEp2O0WmRv6:0:18:0:2:0:18:0:2:3:0:undefined:undefined","labelName":"1R0C50AAwFbEp2O0WmRv6","labelItem":{"id":"1R0C50AAwFbEp2O0WmRv6","labelName":"Location"},"textPosition":{"start":{"row":18,"column":0,"tokenIndex":2,"charIndex":0},"end":{"row":18,"column":0,"tokenIndex":2,"charIndex":3}},"confidenceScore":null},{"id":"1663133786","labeledBy":"LABELER","labeledByUserId":6814,"acceptedByUserId":null,"rejectedByUserId":null,"layer":0,"counter":0,"status":"ACCEPTED","hashCode":"SPAN:1R0C50AAwFbEp2O0WmRv6:0:18:0:4:0:18:0:4:4:0:undefined:undefined","labelName":"1R0C50AAwFbEp2O0WmRv6","labelItem":{"id":"1R0C50AAwFbEp2O0WmRv6","labelName":"Location"},"textPosition":{"start":{"row":18,"column":0,"tokenIndex":4,"charIndex":0},"end":{"row":18,"column":0,"tokenIndex":4,"charIndex":4}},"confidenceScore":null},{"id":"1663133789","labeledBy":"LABELER","labeledByUserId":6814,"acceptedByUserId":null,"rejectedByUserId":null,"layer":0,"counter":0,"status":"ACCEPTED","hashCode":"SPAN:SJEkdao76hjwbb6Fh5SY6:0:18:0:5:0:18:0:7:9:0:undefined:undefined","labelName":"SJEkdao76hjwbb6Fh5SY6","labelItem":{"id":"SJEkdao76hjwbb6Fh5SY6","labelName":"Job Title"},"textPosition":{"start":{"row":18,"column":0,"tokenIndex":5,"charIndex":0},"end":{"row":18,"column":0,"tokenIndex":7,"charIndex":9}},"confidenceScore":null},{"id":"1663133792","labeledBy":"LABELER","labeledByUserId":6814,"acceptedByUserId":null,"rejectedByUserId":null,"layer":0,"counter":0,"status":"ACCEPTED","hashCode":"SPAN:52S_6moRfhjC-yXgIBeCp:0:18:0:8:0:18:0:8:6:0:undefined:undefined","labelName":"52S_6moRfhjC-yXgIBeCp","labelItem":{"id":"52S_6moRfhjC-yXgIBeCp","labelName":"Date"},"textPosition":{"start":{"row":18,"column":0,"tokenIndex":8,"charIndex":0},"end":{"row":18,"column":0,"tokenIndex":8,"charIndex":6}},"confidenceScore":null},{"id":"1663133795","labeledBy":"LABELER","labeledByUserId":6814,"acceptedByUserId":null,"rejectedByUserId":null,"layer":0,"counter":0,"status":"ACCEPTED","hashCode":"SPAN:52S_6moRfhjC-yXgIBeCp:0:18:0:10:0:18:0:10:6:0:undefined:undefined","labelName":"52S_6moRfhjC-yXgIBeCp","labelItem":{"id":"52S_6moRfhjC-yXgIBeCp","labelName":"Date"},"textPosition":{"start":{"row":18,"column":0,"tokenIndex":10,"charIndex":0},"end":{"row":18,"column":0,"tokenIndex":10,"charIndex":6}},"confidenceScore":null},{"id":"1663133798","labeledBy":"LABELER","labeledByUserId":6814,"acceptedByUserId":null,"rejectedByUserId":null,"layer":0,"counter":0,"status":"ACCEPTED","hashCode":"SPAN:eS2knCRgLegeRw8bcmSWA:0:21:0:3:0:21:0:3:7:0:undefined:undefined","labelName":"eS2knCRgLegeRw8bcmSWA","labelItem":{"id":"eS2knCRgLegeRw8bcmSWA","labelName":"Skill"},"textPosition":{"start":{"row":21,"column":0,"tokenIndex":3,"charIndex":0},"end":{"row":21,"column":0,"tokenIndex":3,"charIndex":7}},"confidenceScore":null},{"id":"1663133801","labeledBy":"LABELER","labeledByUserId":6814,"acceptedByUserId":null,"rejectedByUserId":null,"layer":0,"counter":0,"status":"ACCEPTED","hashCode":"SPAN:eS2knCRgLegeRw8bcmSWA:0:21:0:4:0:21:0:4:8:0:undefined:undefined","labelName":"eS2knCRgLegeRw8bcmSWA","labelItem":{"id":"eS2knCRgLegeRw8bcmSWA","labelName":"Skill"},"textPosition":{"start":{"row":21,"column":0,"tokenIndex":4,"charIndex":0},"end":{"row":21,"column":0,"tokenIndex":4,"charIndex":8}},"confidenceScore":null},{"id":"1663133804","labeledBy":"LABELER","labeledByUserId":6814,"acceptedByUserId":null,"rejectedByUserId":null,"layer":0,"counter":0,"status":"ACCEPTED","hashCode":"SPAN:eS2knCRgLegeRw8bcmSWA:0:21:0:5:0:21:0:6:10:0:undefined:undefined","labelName":"eS2knCRgLegeRw8bcmSWA","labelItem":{"id":"eS2knCRgLegeRw8bcmSWA","labelName":"Skill"},"textPosition":{"start":{"row":21,"column":0,"tokenIndex":5,"charIndex":0},"end":{"row":21,"column":0,"tokenIndex":6,"charIndex":10}},"confidenceScore":null},{"id":"1663133807","labeledBy":"LABELER","labeledByUserId":6814,"acceptedByUserId":null,"rejectedByUserId":null,"layer":0,"counter":0,"status":"ACCEPTED","hashCode":"SPAN:eS2knCRgLegeRw8bcmSWA:0:21:0:7:0:21:0:9:4:0:undefined:undefined","labelName":"eS2knCRgLegeRw8bcmSWA","labelItem":{"id":"eS2knCRgLegeRw8bcmSWA","labelName":"Skill"},"textPosition":{"start":{"row":21,"column":0,"tokenIndex":7,"charIndex":0},"end":{"row":21,"column":0,"tokenIndex":9,"charIndex":4}},"confidenceScore":null},{"id":"1663133810","labeledBy":"LABELER","labeledByUserId":6814,"acceptedByUserId":null,"rejectedByUserId":null,"layer":0,"counter":0,"status":"ACCEPTED","hashCode":"SPAN:IeEoIKabMl51BJE0gX2YL:0:29:0:1:0:29:0:3:9:0:undefined:undefined","labelName":"IeEoIKabMl51BJE0gX2YL","labelItem":{"id":"IeEoIKabMl51BJE0gX2YL","labelName":"Degree"},"textPosition":{"start":{"row":29,"column":0,"tokenIndex":1,"charIndex":0},"end":{"row":29,"column":0,"tokenIndex":3,"charIndex":9}},"confidenceScore":null},{"id":"1663133816","labeledBy":"LABELER","labeledByUserId":6814,"acceptedByUserId":null,"rejectedByUserId":null,"layer":0,"counter":0,"status":"ACCEPTED","hashCode":"SPAN:BjO8MdvK2KI4E5iMEeY4B:0:29:0:4:0:29:0:4:3:0:undefined:undefined","labelName":"BjO8MdvK2KI4E5iMEeY4B","labelItem":{"id":"BjO8MdvK2KI4E5iMEeY4B","labelName":"Graduation Year"},"textPosition":{"start":{"row":29,"column":0,"tokenIndex":4,"charIndex":0},"end":{"row":29,"column":0,"tokenIndex":4,"charIndex":3}},"confidenceScore":null},{"id":"1663133819","labeledBy":"LABELER","labeledByUserId":6814,"acceptedByUserId":null,"rejectedByUserId":null,"layer":0,"counter":0,"status":"ACCEPTED","hashCode":"SPAN:Kj5U6n9NUqTXuWcB3c_7L:0:29:0:5:0:29:0:6:9:0:undefined:undefined","labelName":"Kj5U6n9NUqTXuWcB3c_7L","labelItem":{"id":"Kj5U6n9NUqTXuWcB3c_7L","labelName":"College"},"textPosition":{"start":{"row":29,"column":0,"tokenIndex":5,"charIndex":0},"end":{"row":29,"column":0,"tokenIndex":6,"charIndex":9}},"confidenceScore":null},{"id":"1663133822","labeledBy":"LABELER","labeledByUserId":6814,"acceptedByUserId":null,"rejectedByUserId":null,"layer":0,"counter":0,"status":"ACCEPTED","hashCode":"SPAN:1R0C50AAwFbEp2O0WmRv6:0:29:0:8:0:29:0:8:3:0:undefined:undefined","labelName":"1R0C50AAwFbEp2O0WmRv6","labelItem":{"id":"1R0C50AAwFbEp2O0WmRv6","labelName":"Location"},"textPosition":{"start":{"row":29,"column":0,"tokenIndex":8,"charIndex":0},"end":{"row":29,"column":0,"tokenIndex":8,"charIndex":3}},"confidenceScore":null},{"id":"1663133825","labeledBy":"LABELER","labeledByUserId":6814,"acceptedByUserId":null,"rejectedByUserId":null,"layer":0,"counter":0,"status":"ACCEPTED","hashCode":"SPAN:1R0C50AAwFbEp2O0WmRv6:0:29:0:10:0:29:0:10:4:0:undefined:undefined","labelName":"1R0C50AAwFbEp2O0WmRv6","labelItem":{"id":"1R0C50AAwFbEp2O0WmRv6","labelName":"Location"},"textPosition":{"start":{"row":29,"column":0,"tokenIndex":10,"charIndex":0},"end":{"row":29,"column":0,"tokenIndex":10,"charIndex":4}},"confidenceScore":null},{"id":"1663133828","labeledBy":"LABELER","labeledByUserId":6814,"acceptedByUserId":null,"rejectedByUserId":null,"layer":0,"counter":0,"status":"ACCEPTED","hashCode":"SPAN:eS2knCRgLegeRw8bcmSWA:0:29:0:14:0:29:0:16:9:0:undefined:undefined","labelName":"eS2knCRgLegeRw8bcmSWA","labelItem":{"id":"eS2knCRgLegeRw8bcmSWA","labelName":"Skill"},"textPosition":{"start":{"row":29,"column":0,"tokenIndex":14,"charIndex":0},"end":{"row":29,"column":0,"tokenIndex":16,"charIndex":9}},"confidenceScore":null},{"id":"1663133831","labeledBy":"LABELER","labeledByUserId":6814,"acceptedByUserId":null,"rejectedByUserId":null,"layer":0,"counter":0,"status":"ACCEPTED","hashCode":"SPAN:eS2knCRgLegeRw8bcmSWA:0:29:0:18:0:29:0:19:9:0:undefined:undefined","labelName":"eS2knCRgLegeRw8bcmSWA","labelItem":{"id":"eS2knCRgLegeRw8bcmSWA","labelName":"Skill"},"textPosition":{"start":{"row":29,"column":0,"tokenIndex":18,"charIndex":0},"end":{"row":29,"column":0,"tokenIndex":19,"charIndex":9}},"confidenceScore":null},{"id":"1663133834","labeledBy":"LABELER","labeledByUserId":6814,"acceptedByUserId":null,"rejectedByUserId":null,"layer":0,"counter":0,"status":"ACCEPTED","hashCode":"SPAN:eS2knCRgLegeRw8bcmSWA:0:30:0:1:0:30:0:1:14:0:undefined:undefined","labelName":"eS2knCRgLegeRw8bcmSWA","labelItem":{"id":"eS2knCRgLegeRw8bcmSWA","labelName":"Skill"},"textPosition":{"start":{"row":30,"column":0,"tokenIndex":1,"charIndex":0},"end":{"row":30,"column":0,"tokenIndex":1,"charIndex":14}},"confidenceScore":null},{"id":"1663133837","labeledBy":"LABELER","labeledByUserId":6814,"acceptedByUserId":null,"rejectedByUserId":null,"layer":0,"counter":0,"status":"ACCEPTED","hashCode":"SPAN:eS2knCRgLegeRw8bcmSWA:0:30:0:2:0:30:0:2:12:0:undefined:undefined","labelName":"eS2knCRgLegeRw8bcmSWA","labelItem":{"id":"eS2knCRgLegeRw8bcmSWA","labelName":"Skill"},"textPosition":{"start":{"row":30,"column":0,"tokenIndex":2,"charIndex":0},"end":{"row":30,"column":0,"tokenIndex":2,"charIndex":12}},"confidenceScore":null},{"id":"1663133840","labeledBy":"LABELER","labeledByUserId":6814,"acceptedByUserId":null,"rejectedByUserId":null,"layer":0,"counter":0,"status":"ACCEPTED","hashCode":"SPAN:eS2knCRgLegeRw8bcmSWA:0:30:0:3:0:30:0:3:7:0:undefined:undefined","labelName":"eS2knCRgLegeRw8bcmSWA","labelItem":{"id":"eS2knCRgLegeRw8bcmSWA","labelName":"Skill"},"textPosition":{"start":{"row":30,"column":0,"tokenIndex":3,"charIndex":0},"end":{"row":30,"column":0,"tokenIndex":3,"charIndex":7}},"confidenceScore":null},{"id":"1663133843","labeledBy":"LABELER","labeledByUserId":6814,"acceptedByUserId":null,"rejectedByUserId":null,"layer":0,"counter":0,"status":"ACCEPTED","hashCode":"SPAN:eS2knCRgLegeRw8bcmSWA:0:30:0:4:0:30:0:5:6:0:undefined:undefined","labelName":"eS2knCRgLegeRw8bcmSWA","labelItem":{"id":"eS2knCRgLegeRw8bcmSWA","labelName":"Skill"},"textPosition":{"start":{"row":30,"column":0,"tokenIndex":4,"charIndex":0},"end":{"row":30,"column":0,"tokenIndex":5,"charIndex":6}},"confidenceScore":null},{"id":"1663133846","labeledBy":"LABELER","labeledByUserId":6814,"acceptedByUserId":null,"rejectedByUserId":null,"layer":0,"counter":0,"status":"ACCEPTED","hashCode":"SPAN:eS2knCRgLegeRw8bcmSWA:0:30:0:6:0:30:0:6:8:0:undefined:undefined","labelName":"eS2knCRgLegeRw8bcmSWA","labelItem":{"id":"eS2knCRgLegeRw8bcmSWA","labelName":"Skill"},"textPosition":{"start":{"row":30,"column":0,"tokenIndex":6,"charIndex":0},"end":{"row":30,"column":0,"tokenIndex":6,"charIndex":8}},"confidenceScore":null},{"id":"1663133849","labeledBy":"LABELER","labeledByUserId":6814,"acceptedByUserId":null,"rejectedByUserId":null,"layer":0,"counter":0,"status":"ACCEPTED","hashCode":"SPAN:eS2knCRgLegeRw8bcmSWA:0:30:0:7:0:30:0:7:10:0:undefined:undefined","labelName":"eS2knCRgLegeRw8bcmSWA","labelItem":{"id":"eS2knCRgLegeRw8bcmSWA","labelName":"Skill"},"textPosition":{"start":{"row":30,"column":0,"tokenIndex":7,"charIndex":0},"end":{"row":30,"column":0,"tokenIndex":7,"charIndex":10}},"confidenceScore":null},{"id":"1663133852","labeledBy":"LABELER","labeledByUserId":6814,"acceptedByUserId":null,"rejectedByUserId":null,"layer":0,"counter":0,"status":"ACCEPTED","hashCode":"SPAN:eS2knCRgLegeRw8bcmSWA:0:30:0:8:0:30:0:9:12:0:undefined:undefined","labelName":"eS2knCRgLegeRw8bcmSWA","labelItem":{"id":"eS2knCRgLegeRw8bcmSWA","labelName":"Skill"},"textPosition":{"start":{"row":30,"column":0,"tokenIndex":8,"charIndex":0},"end":{"row":30,"column":0,"tokenIndex":9,"charIndex":12}},"confidenceScore":null},{"id":"1663133855","labeledBy":"LABELER","labeledByUserId":6814,"acceptedByUserId":null,"rejectedByUserId":null,"layer":0,"counter":0,"status":"ACCEPTED","hashCode":"SPAN:eS2knCRgLegeRw8bcmSWA:0:30:0:10:0:30:0:10:16:0:undefined:undefined","labelName":"eS2knCRgLegeRw8bcmSWA","labelItem":{"id":"eS2knCRgLegeRw8bcmSWA","labelName":"Skill"},"textPosition":{"start":{"row":30,"column":0,"tokenIndex":10,"charIndex":0},"end":{"row":30,"column":0,"tokenIndex":10,"charIndex":16}},"confidenceScore":null},{"id":"1663133858","labeledBy":"LABELER","labeledByUserId":6814,"acceptedByUserId":null,"rejectedByUserId":null,"layer":0,"counter":0,"status":"ACCEPTED","hashCode":"SPAN:eS2knCRgLegeRw8bcmSWA:0:30:0:11:0:30:0:12:7:0:undefined:undefined","labelName":"eS2knCRgLegeRw8bcmSWA","labelItem":{"id":"eS2knCRgLegeRw8bcmSWA","labelName":"Skill"},"textPosition":{"start":{"row":30,"column":0,"tokenIndex":11,"charIndex":0},"end":{"row":30,"column":0,"tokenIndex":12,"charIndex":7}},"confidenceScore":null},{"id":"1663133859","labeledBy":"LABELER","labeledByUserId":6814,"acceptedByUserId":null,"rejectedByUserId":null,"layer":0,"counter":0,"status":"ACCEPTED","hashCode":"SPAN:eS2knCRgLegeRw8bcmSWA:0:30:0:13:0:30:0:13:8:0:undefined:undefined","labelName":"eS2knCRgLegeRw8bcmSWA","labelItem":{"id":"eS2knCRgLegeRw8bcmSWA","labelName":"Skill"},"textPosition":{"start":{"row":30,"column":0,"tokenIndex":13,"charIndex":0},"end":{"row":30,"column":0,"tokenIndex":13,"charIndex":8}},"confidenceScore":null},{"id":"1663133864","labeledBy":"LABELER","labeledByUserId":6814,"acceptedByUserId":null,"rejectedByUserId":null,"layer":0,"counter":0,"status":"ACCEPTED","hashCode":"SPAN:eS2knCRgLegeRw8bcmSWA:0:30:0:14:0:30:0:14:9:0:undefined:undefined","labelName":"eS2knCRgLegeRw8bcmSWA","labelItem":{"id":"eS2knCRgLegeRw8bcmSWA","labelName":"Skill"},"textPosition":{"start":{"row":30,"column":0,"tokenIndex":14,"charIndex":0},"end":{"row":30,"column":0,"tokenIndex":14,"charIndex":9}},"confidenceScore":null},{"id":"1663133867","labeledBy":"LABELER","labeledByUserId":6814,"acceptedByUserId":null,"rejectedByUserId":null,"layer":0,"counter":0,"status":"ACCEPTED","hashCode":"SPAN:eS2knCRgLegeRw8bcmSWA:0:30:0:15:0:30:0:15:9:0:undefined:undefined","labelName":"eS2knCRgLegeRw8bcmSWA","labelItem":{"id":"eS2knCRgLegeRw8bcmSWA","labelName":"Skill"},"textPosition":{"start":{"row":30,"column":0,"tokenIndex":15,"charIndex":0},"end":{"row":30,"column":0,"tokenIndex":15,"charIndex":9}},"confidenceScore":null},{"id":"1663133870","labeledBy":"LABELER","labeledByUserId":6814,"acceptedByUserId":null,"rejectedByUserId":null,"layer":0,"counter":0,"status":"ACCEPTED","hashCode":"SPAN:eS2knCRgLegeRw8bcmSWA:0:30:0:16:0:30:0:16:5:0:undefined:undefined","labelName":"eS2knCRgLegeRw8bcmSWA","labelItem":{"id":"eS2knCRgLegeRw8bcmSWA","labelName":"Skill"},"textPosition":{"start":{"row":30,"column":0,"tokenIndex":16,"charIndex":0},"end":{"row":30,"column":0,"tokenIndex":16,"charIndex":5}},"confidenceScore":null},{"id":"1663133873","labeledBy":"LABELER","labeledByUserId":6814,"acceptedByUserId":null,"rejectedByUserId":null,"layer":0,"counter":0,"status":"ACCEPTED","hashCode":"SPAN:eS2knCRgLegeRw8bcmSWA:0:30:0:17:0:30:0:17:11:0:undefined:undefined","labelName":"eS2knCRgLegeRw8bcmSWA","labelItem":{"id":"eS2knCRgLegeRw8bcmSWA","labelName":"Skill"},"textPosition":{"start":{"row":30,"column":0,"tokenIndex":17,"charIndex":0},"end":{"row":30,"column":0,"tokenIndex":17,"charIndex":11}},"confidenceScore":null},{"id":"1663133876","labeledBy":"LABELER","labeledByUserId":6814,"acceptedByUserId":null,"rejectedByUserId":null,"layer":0,"counter":0,"status":"ACCEPTED","hashCode":"SPAN:eS2knCRgLegeRw8bcmSWA:0:30:0:18:0:30:0:18:10:0:undefined:undefined","labelName":"eS2knCRgLegeRw8bcmSWA","labelItem":{"id":"eS2knCRgLegeRw8bcmSWA","labelName":"Skill"},"textPosition":{"start":{"row":30,"column":0,"tokenIndex":18,"charIndex":0},"end":{"row":30,"column":0,"tokenIndex":18,"charIndex":10}},"confidenceScore":null},{"id":"1663133879","labeledBy":"LABELER","labeledByUserId":6814,"acceptedByUserId":null,"rejectedByUserId":null,"layer":0,"counter":0,"status":"ACCEPTED","hashCode":"SPAN:eS2knCRgLegeRw8bcmSWA:0:30:0:19:0:30:0:19:6:0:undefined:undefined","labelName":"eS2knCRgLegeRw8bcmSWA","labelItem":{"id":"eS2knCRgLegeRw8bcmSWA","labelName":"Skill"},"textPosition":{"start":{"row":30,"column":0,"tokenIndex":19,"charIndex":0},"end":{"row":30,"column":0,"tokenIndex":19,"charIndex":6}},"confidenceScore":null},{"id":"1663133882","labeledBy":"LABELER","labeledByUserId":6814,"acceptedByUserId":null,"rejectedByUserId":null,"layer":0,"counter":0,"status":"ACCEPTED","hashCode":"SPAN:eS2knCRgLegeRw8bcmSWA:0:30:0:20:0:30:0:21:9:0:undefined:undefined","labelName":"eS2knCRgLegeRw8bcmSWA","labelItem":{"id":"eS2knCRgLegeRw8bcmSWA","labelName":"Skill"},"textPosition":{"start":{"row":30,"column":0,"tokenIndex":20,"charIndex":0},"end":{"row":30,"column":0,"tokenIndex":21,"charIndex":9}},"confidenceScore":null},{"id":"1663133885","labeledBy":"LABELER","labeledByUserId":6814,"acceptedByUserId":null,"rejectedByUserId":null,"layer":0,"counter":0,"status":"ACCEPTED","hashCode":"SPAN:eS2knCRgLegeRw8bcmSWA:0:30:0:22:0:30:0:22:10:0:undefined:undefined","labelName":"eS2knCRgLegeRw8bcmSWA","labelItem":{"id":"eS2knCRgLegeRw8bcmSWA","labelName":"Skill"},"textPosition":{"start":{"row":30,"column":0,"tokenIndex":22,"charIndex":0},"end":{"row":30,"column":0,"tokenIndex":22,"charIndex":10}},"confidenceScore":null},{"id":"1663133888","labeledBy":"LABELER","labeledByUserId":6814,"acceptedByUserId":null,"rejectedByUserId":null,"layer":0,"counter":0,"status":"ACCEPTED","hashCode":"SPAN:eS2knCRgLegeRw8bcmSWA:0:30:0:23:0:30:0:23:10:0:undefined:undefined","labelName":"eS2knCRgLegeRw8bcmSWA","labelItem":{"id":"eS2knCRgLegeRw8bcmSWA","labelName":"Skill"},"textPosition":{"start":{"row":30,"column":0,"tokenIndex":23,"charIndex":0},"end":{"row":30,"column":0,"tokenIndex":23,"charIndex":10}},"confidenceScore":null},{"id":"1663133891","labeledBy":"LABELER","labeledByUserId":6814,"acceptedByUserId":null,"rejectedByUserId":null,"layer":0,"counter":0,"status":"ACCEPTED","hashCode":"SPAN:eS2knCRgLegeRw8bcmSWA:0:30:0:24:0:30:0:25:11:0:undefined:undefined","labelName":"eS2knCRgLegeRw8bcmSWA","labelItem":{"id":"eS2knCRgLegeRw8bcmSWA","labelName":"Skill"},"textPosition":{"start":{"row":30,"column":0,"tokenIndex":24,"charIndex":0},"end":{"row":30,"column":0,"tokenIndex":25,"charIndex":11}},"confidenceScore":null},{"id":"1663133894","labeledBy":"LABELER","labeledByUserId":6814,"acceptedByUserId":null,"rejectedByUserId":null,"layer":0,"counter":0,"status":"ACCEPTED","hashCode":"SPAN:eS2knCRgLegeRw8bcmSWA:0:30:0:26:0:30:0:26:9:0:undefined:undefined","labelName":"eS2knCRgLegeRw8bcmSWA","labelItem":{"id":"eS2knCRgLegeRw8bcmSWA","labelName":"Skill"},"textPosition":{"start":{"row":30,"column":0,"tokenIndex":26,"charIndex":0},"end":{"row":30,"column":0,"tokenIndex":26,"charIndex":9}},"confidenceScore":null},{"id":"1663133897","labeledBy":"LABELER","labeledByUserId":6814,"acceptedByUserId":null,"rejectedByUserId":null,"layer":0,"counter":0,"status":"ACCEPTED","hashCode":"SPAN:eS2knCRgLegeRw8bcmSWA:0:30:0:27:0:30:0:27:10:0:undefined:undefined","labelName":"eS2knCRgLegeRw8bcmSWA","labelItem":{"id":"eS2knCRgLegeRw8bcmSWA","labelName":"Skill"},"textPosition":{"start":{"row":30,"column":0,"tokenIndex":27,"charIndex":0},"end":{"row":30,"column":0,"tokenIndex":27,"charIndex":10}},"confidenceScore":null},{"id":"1663133900","labeledBy":"LABELER","labeledByUserId":6814,"acceptedByUserId":null,"rejectedByUserId":null,"layer":0,"counter":0,"status":"ACCEPTED","hashCode":"SPAN:eS2knCRgLegeRw8bcmSWA:0:30:0:28:0:30:0:28:10:0:undefined:undefined","labelName":"eS2knCRgLegeRw8bcmSWA","labelItem":{"id":"eS2knCRgLegeRw8bcmSWA","labelName":"Skill"},"textPosition":{"start":{"row":30,"column":0,"tokenIndex":28,"charIndex":0},"end":{"row":30,"column":0,"tokenIndex":28,"charIndex":10}},"confidenceScore":null},{"id":"1663133903","labeledBy":"LABELER","labeledByUserId":6814,"acceptedByUserId":null,"rejectedByUserId":null,"layer":0,"counter":0,"status":"ACCEPTED","hashCode":"SPAN:eS2knCRgLegeRw8bcmSWA:0:30:0:29:0:30:0:30:10:0:undefined:undefined","labelName":"eS2knCRgLegeRw8bcmSWA","labelItem":{"id":"eS2knCRgLegeRw8bcmSWA","labelName":"Skill"},"textPosition":{"start":{"row":30,"column":0,"tokenIndex":29,"charIndex":0},"end":{"row":30,"column":0,"tokenIndex":30,"charIndex":10}},"confidenceScore":null},{"id":"1663133906","labeledBy":"LABELER","labeledByUserId":6814,"acceptedByUserId":null,"rejectedByUserId":null,"layer":0,"counter":0,"status":"ACCEPTED","hashCode":"SPAN:eS2knCRgLegeRw8bcmSWA:0:30:0:31:0:30:0:31:10:0:undefined:undefined","labelName":"eS2knCRgLegeRw8bcmSWA","labelItem":{"id":"eS2knCRgLegeRw8bcmSWA","labelName":"Skill"},"textPosition":{"start":{"row":30,"column":0,"tokenIndex":31,"charIndex":0},"end":{"row":30,"column":0,"tokenIndex":31,"charIndex":10}},"confidenceScore":null},{"id":"1663133909","labeledBy":"LABELER","labeledByUserId":6814,"acceptedByUserId":null,"rejectedByUserId":null,"layer":0,"counter":0,"status":"ACCEPTED","hashCode":"SPAN:eS2knCRgLegeRw8bcmSWA:0:30:0:32:0:30:0:32:10:0:undefined:undefined","labelName":"eS2knCRgLegeRw8bcmSWA","labelItem":{"id":"eS2knCRgLegeRw8bcmSWA","labelName":"Skill"},"textPosition":{"start":{"row":30,"column":0,"tokenIndex":32,"charIndex":0},"end":{"row":30,"column":0,"tokenIndex":32,"charIndex":10}},"confidenceScore":null},{"id":"1663133912","labeledBy":"LABELER","labeledByUserId":6814,"acceptedByUserId":null,"rejectedByUserId":null,"layer":0,"counter":0,"status":"ACCEPTED","hashCode":"SPAN:eS2knCRgLegeRw8bcmSWA:0:30:0:33:0:30:0:33:8:0:undefined:undefined","labelName":"eS2knCRgLegeRw8bcmSWA","labelItem":{"id":"eS2knCRgLegeRw8bcmSWA","labelName":"Skill"},"textPosition":{"start":{"row":30,"column":0,"tokenIndex":33,"charIndex":0},"end":{"row":30,"column":0,"tokenIndex":33,"charIndex":8}},"confidenceScore":null},{"id":"1663133915","labeledBy":"LABELER","labeledByUserId":6814,"acceptedByUserId":null,"rejectedByUserId":null,"layer":0,"counter":0,"status":"ACCEPTED","hashCode":"SPAN:eS2knCRgLegeRw8bcmSWA:0:30:0:34:0:30:0:35:11:0:undefined:undefined","labelName":"eS2knCRgLegeRw8bcmSWA","labelItem":{"id":"eS2knCRgLegeRw8bcmSWA","labelName":"Skill"},"textPosition":{"start":{"row":30,"column":0,"tokenIndex":34,"charIndex":0},"end":{"row":30,"column":0,"tokenIndex":35,"charIndex":11}},"confidenceScore":null},{"id":"1663133918","labeledBy":"LABELER","labeledByUserId":6814,"acceptedByUserId":null,"rejectedByUserId":null,"layer":0,"counter":0,"status":"ACCEPTED","hashCode":"SPAN:eS2knCRgLegeRw8bcmSWA:0:30:0:36:0:30:0:36:9:0:undefined:undefined","labelName":"eS2knCRgLegeRw8bcmSWA","labelItem":{"id":"eS2knCRgLegeRw8bcmSWA","labelName":"Skill"},"textPosition":{"start":{"row":30,"column":0,"tokenIndex":36,"charIndex":0},"end":{"row":30,"column":0,"tokenIndex":36,"charIndex":9}},"confidenceScore":null},{"id":"1663133921","labeledBy":"LABELER","labeledByUserId":6814,"acceptedByUserId":null,"rejectedByUserId":null,"layer":0,"counter":0,"status":"ACCEPTED","hashCode":"SPAN:eS2knCRgLegeRw8bcmSWA:0:30:0:37:0:30:0:37:7:0:undefined:undefined","labelName":"eS2knCRgLegeRw8bcmSWA","labelItem":{"id":"eS2knCRgLegeRw8bcmSWA","labelName":"Skill"},"textPosition":{"start":{"row":30,"column":0,"tokenIndex":37,"charIndex":0},"end":{"row":30,"column":0,"tokenIndex":37,"charIndex":7}},"confidenceScore":null},{"id":"1663133924","labeledBy":"LABELER","labeledByUserId":6814,"acceptedByUserId":null,"rejectedByUserId":null,"layer":0,"counter":0,"status":"ACCEPTED","hashCode":"SPAN:eS2knCRgLegeRw8bcmSWA:0:30:0:38:0:30:0:38:10:0:undefined:undefined","labelName":"eS2knCRgLegeRw8bcmSWA","labelItem":{"id":"eS2knCRgLegeRw8bcmSWA","labelName":"Skill"},"textPosition":{"start":{"row":30,"column":0,"tokenIndex":38,"charIndex":0},"end":{"row":30,"column":0,"tokenIndex":38,"charIndex":10}},"confidenceScore":null},{"id":"1663133927","labeledBy":"LABELER","labeledByUserId":6814,"acceptedByUserId":null,"rejectedByUserId":null,"layer":0,"counter":0,"status":"ACCEPTED","hashCode":"SPAN:eS2knCRgLegeRw8bcmSWA:0:30:0:39:0:30:0:39:10:0:undefined:undefined","labelName":"eS2knCRgLegeRw8bcmSWA","labelItem":{"id":"eS2knCRgLegeRw8bcmSWA","labelName":"Skill"},"textPosition":{"start":{"row":30,"column":0,"tokenIndex":39,"charIndex":0},"end":{"row":30,"column":0,"tokenIndex":39,"charIndex":10}},"confidenceScore":null},{"id":"1663133930","labeledBy":"LABELER","labeledByUserId":6814,"acceptedByUserId":null,"rejectedByUserId":null,"layer":0,"counter":0,"status":"ACCEPTED","hashCode":"SPAN:eS2knCRgLegeRw8bcmSWA:0:30:0:40:0:30:0:40:8:0:undefined:undefined","labelName":"eS2knCRgLegeRw8bcmSWA","labelItem":{"id":"eS2knCRgLegeRw8bcmSWA","labelName":"Skill"},"textPosition":{"start":{"row":30,"column":0,"tokenIndex":40,"charIndex":0},"end":{"row":30,"column":0,"tokenIndex":40,"charIndex":8}},"confidenceScore":null},{"id":"1663133933","labeledBy":"LABELER","labeledByUserId":6814,"acceptedByUserId":null,"rejectedByUserId":null,"layer":0,"counter":0,"status":"ACCEPTED","hashCode":"SPAN:eS2knCRgLegeRw8bcmSWA:0:30:0:41:0:30:0:41:8:0:undefined:undefined","labelName":"eS2knCRgLegeRw8bcmSWA","labelItem":{"id":"eS2knCRgLegeRw8bcmSWA","labelName":"Skill"},"textPosition":{"start":{"row":30,"column":0,"tokenIndex":41,"charIndex":0},"end":{"row":30,"column":0,"tokenIndex":41,"charIndex":8}},"confidenceScore":null},{"id":"1663133936","labeledBy":"LABELER","labeledByUserId":6814,"acceptedByUserId":null,"rejectedByUserId":null,"layer":0,"counter":0,"status":"ACCEPTED","hashCode":"SPAN:eS2knCRgLegeRw8bcmSWA:0:30:0:42:0:30:0:42:8:0:undefined:undefined","labelName":"eS2knCRgLegeRw8bcmSWA","labelItem":{"id":"eS2knCRgLegeRw8bcmSWA","labelName":"Skill"},"textPosition":{"start":{"row":30,"column":0,"tokenIndex":42,"charIndex":0},"end":{"row":30,"column":0,"tokenIndex":42,"charIndex":8}},"confidenceScore":null},{"id":"1663133939","labeledBy":"LABELER","labeledByUserId":6814,"acceptedByUserId":null,"rejectedByUserId":null,"layer":0,"counter":0,"status":"ACCEPTED","hashCode":"SPAN:eS2knCRgLegeRw8bcmSWA:0:30:0:43:0:30:0:43:8:0:undefined:undefined","labelName":"eS2knCRgLegeRw8bcmSWA","labelItem":{"id":"eS2knCRgLegeRw8bcmSWA","labelName":"Skill"},"textPosition":{"start":{"row":30,"column":0,"tokenIndex":43,"charIndex":0},"end":{"row":30,"column":0,"tokenIndex":43,"charIndex":8}},"confidenceScore":null},{"id":"1663133942","labeledBy":"LABELER","labeledByUserId":6814,"acceptedByUserId":null,"rejectedByUserId":null,"layer":0,"counter":0,"status":"ACCEPTED","hashCode":"SPAN:eS2knCRgLegeRw8bcmSWA:0:30:0:45:0:30:0:45:7:0:undefined:undefined","labelName":"eS2knCRgLegeRw8bcmSWA","labelItem":{"id":"eS2knCRgLegeRw8bcmSWA","labelName":"Skill"},"textPosition":{"start":{"row":30,"column":0,"tokenIndex":45,"charIndex":0},"end":{"row":30,"column":0,"tokenIndex":45,"charIndex":7}},"confidenceScore":null},{"id":"1663133945","labeledBy":"LABELER","labeledByUserId":6814,"acceptedByUserId":null,"rejectedByUserId":null,"layer":0,"counter":0,"status":"ACCEPTED","hashCode":"SPAN:eS2knCRgLegeRw8bcmSWA:0:30:0:46:0:30:0:47:11:0:undefined:undefined","labelName":"eS2knCRgLegeRw8bcmSWA","labelItem":{"id":"eS2knCRgLegeRw8bcmSWA","labelName":"Skill"},"textPosition":{"start":{"row":30,"column":0,"tokenIndex":46,"charIndex":0},"end":{"row":30,"column":0,"tokenIndex":47,"charIndex":11}},"confidenceScore":null},{"id":"1663133948","labeledBy":"LABELER","labeledByUserId":6814,"acceptedByUserId":null,"rejectedByUserId":null,"layer":0,"counter":0,"status":"ACCEPTED","hashCode":"SPAN:eS2knCRgLegeRw8bcmSWA:0:30:0:48:0:30:0:49:8:0:undefined:undefined","labelName":"eS2knCRgLegeRw8bcmSWA","labelItem":{"id":"eS2knCRgLegeRw8bcmSWA","labelName":"Skill"},"textPosition":{"start":{"row":30,"column":0,"tokenIndex":48,"charIndex":0},"end":{"row":30,"column":0,"tokenIndex":49,"charIndex":8}},"confidenceScore":null},{"id":"1663133951","labeledBy":"LABELER","labeledByUserId":6814,"acceptedByUserId":null,"rejectedByUserId":null,"layer":0,"counter":0,"status":"ACCEPTED","hashCode":"SPAN:eS2knCRgLegeRw8bcmSWA:0:30:0:50:0:30:0:51:7:0:undefined:undefined","labelName":"eS2knCRgLegeRw8bcmSWA","labelItem":{"id":"eS2knCRgLegeRw8bcmSWA","labelName":"Skill"},"textPosition":{"start":{"row":30,"column":0,"tokenIndex":50,"charIndex":0},"end":{"row":30,"column":0,"tokenIndex":51,"charIndex":7}},"confidenceScore":null}],"arrowLabels":[],"boundingBoxLabels":[],"timeLabels":[],"comments":[],"url":"datasaur://static/6814/1dfb2625-0322-4afc-b086-5d132bd536ee.txt"}}
