{"version":"1","data":{"project":{"id":"ODBjYmQ2MDg","name":"NLP SSM Final Project"},"document":{"id":"52a1cb24-3c0a-41a6-8503-9e96d92eb987","name":"resume_83_d1.txt"},"kinds":["TOKEN_BASED"],"rows":[[{"content":"TERRITORY HR MANAGER Executive Profile Territory Human Resource Manager offering outstanding presentation, communication and cross-cultural team management skills.","tokens":["TERRITORY","HR","MANAGER","Executive","Profile","Territory","Human","Resource","Manager","offering","outstanding","presentation,","communication","and","cross-cultural","team","management","skills."],"metadata":[]}],[{"content":"High-energy, results-oriented leader who ensures a fair, diverse, and engaged workforce.","tokens":["High-energy,","results-oriented","leader","who","ensures","a","fair,","diverse,","and","engaged","workforce."],"metadata":[]}],[{"content":"Skill Highlights Human Resources Leadership Employee Relations Certified Strategic Workforce Planner Employee Development Performance Analysis, Coaching, Counseling Leadership/communication skills Advising and navigating crucial conversations Employee Engagement Wage Analysis Legal Compliance Core Accomplishments Successfully leads all Human Resource/Employee Relations functions for a 14 state Territory, with 250 stores, 25,000 Non-Exempt Employees (peak), and 750 Exempt Employees.","tokens":["Skill","Highlights","Human","Resources","Leadership","Employee","Relations","Certified","Strategic","Workforce","Planner","Employee","Development","Performance","Analysis,","Coaching,","Counseling","Leadership/communication","skills","Advising","and","navigating","crucial","conversations","Employee","Engagement","Wage","Analysis","Legal","Compliance","Core","Accomplishments","Successfully","leads","all","Human","Resource/Employee","Relations","functions","for","a","14","state","Territory,","with","250","stores,","25,000","Non-Exempt","Employees","(peak),","and","750","Exempt","Employees."],"metadata":[]}],[{"content":"Improved Employee engagement for the Territory from 77% in 2013 to 85% in 2016.","tokens":["Improved","Employee","engagement","for","the","Territory","from","77%","in","2013","to","85%","in","2016."],"metadata":[]}],[{"content":"Significantly reduced risk, liability, and loss to the company through business partnerships and providing internal solutions to Employee relations issues.","tokens":["Significantly","reduced","risk,","liability,","and","loss","to","the","company","through","business","partnerships","and","providing","internal","solutions","to","Employee","relations","issues."],"metadata":[]}],[{"content":"Lead the industry in lowest EEOC charges along with being the lowest Territory in the company.","tokens":["Lead","the","industry","in","lowest","EEOC","charges","along","with","being","the","lowest","Territory","in","the","company."],"metadata":[]}],[{"content":"Effectively trained and developed leaders at all levels to effectively navigate through difficult Employee Relations Issues.","tokens":["Effectively","trained","and","developed","leaders","at","all","levels","to","effectively","navigate","through","difficult","Employee","Relations","Issues."],"metadata":[]}],[{"content":"Leads the company in the highest training compliance.","tokens":["Leads","the","company","in","the","highest","training","compliance."],"metadata":[]}],[{"content":"Professional Experience Territory HR Manager Oct 2010 to Current Company Name － City , State Serves as an advisor for managers on issues related to all discipline.","tokens":["Professional","Experience","Territory","HR","Manager","Oct","2010","to","Current","Company","Name","－","City",",","State","Serves","as","an","advisor","for","managers","on","issues","related","to","all","discipline."],"metadata":[]}],[{"content":"Assists in analyzing barriers to performance and devises a strategy to meet challenges regarding performance expectations.","tokens":["Assists","in","analyzing","barriers","to","performance","and","devises","a","strategy","to","meet","challenges","regarding","performance","expectations."],"metadata":[]}],[{"content":"Counsels staff and management to consistently and efficiently apply policies to people-based issues in compliance with state/federal law.","tokens":["Counsels","staff","and","management","to","consistently","and","efficiently","apply","policies","to","people-based","issues","in","compliance","with","state/federal","law."],"metadata":[]}],[{"content":"Plans, organizes and controls all human capital activities for the territory and participates in the development of workforce plans, succession plans, talent management, and strategic direction.","tokens":["Plans,","organizes","and","controls","all","human","capital","activities","for","the","territory","and","participates","in","the","development","of","workforce","plans,","succession","plans,","talent","management,","and","strategic","direction."],"metadata":[]}],[{"content":"Advocates direct communication for all employees and executives.","tokens":["Advocates","direct","communication","for","all","employees","and","executives."],"metadata":[]}],[{"content":"Mitigates risk by addressing associate concerns internally.","tokens":["Mitigates","risk","by","addressing","associate","concerns","internally."],"metadata":[]}],[{"content":"Acts as a liason between departments/divisions, all levels of the line and staff management, HR, legal councel and outside service providers.","tokens":["Acts","as","a","liason","between","departments/divisions,","all","levels","of","the","line","and","staff","management,","HR,","legal","councel","and","outside","service","providers."],"metadata":[]}],[{"content":"Oversees talent and recruiting to ensuring adherence to Company policies/procedures and state and federal guidelines, laws, and regulations.","tokens":["Oversees","talent","and","recruiting","to","ensuring","adherence","to","Company","policies/procedures","and","state","and","federal","guidelines,","laws,","and","regulations."],"metadata":[]}],[{"content":"Monitors HR programs and provides training/coaching throughout the process to support divisions.","tokens":["Monitors","HR","programs","and","provides","training/coaching","throughout","the","process","to","support","divisions."],"metadata":[]}],[{"content":"Implements HR programs to support and meet business objectives.","tokens":["Implements","HR","programs","to","support","and","meet","business","objectives."],"metadata":[]}],[{"content":"Identifies trends and recommends actions to improve work environments based on business group workforce information.","tokens":["Identifies","trends","and","recommends","actions","to","improve","work","environments","based","on","business","group","workforce","information."],"metadata":[]}],[{"content":"Works with Corporate counsel in coordinating the company's legal responses related to all formal charges including but not limited to FMLA, ADA, FLSA, DEH, OSHA, DOL, CFRA, CAPDL, DFEH, EEOC, and mediation.","tokens":["Works","with","Corporate","counsel","in","coordinating","the","company's","legal","responses","related","to","all","formal","charges","including","but","not","limited","to","FMLA,","ADA,","FLSA,","DEH,","OSHA,","DOL,","CFRA,","CAPDL,","DFEH,","EEOC,","and","mediation."],"metadata":[]}],[{"content":"Navigates Associate relations and builds partnerships","tokens":["Navigates","Associate","relations","and","builds","partnerships"],"metadata":[]}],[{"content":"through effective communication.","tokens":["through","effective","communication."],"metadata":[]}],[{"content":"Partners with Territory, Regional and District Leaders to develop and implement","tokens":["Partners","with","Territory,","Regional","and","District","Leaders","to","develop","and","implement"],"metadata":[]}],[{"content":"strategies","tokens":["strategies"],"metadata":[]}],[{"content":"to","tokens":["to"],"metadata":[]}],[{"content":"support business and people initiatives.","tokens":["support","business","and","people","initiatives."],"metadata":[]}],[{"content":"Directs","tokens":["Directs"],"metadata":[]}],[{"content":"and guides Managers and Associates on issues related to morale, fair treatment,","tokens":["and","guides","Managers","and","Associates","on","issues","related","to","morale,","fair","treatment,"],"metadata":[]}],[{"content":"diversity,","tokens":["diversity,"],"metadata":[]}],[{"content":"company policies and procedures and State and Federal Employment Law.","tokens":["company","policies","and","procedures","and","State","and","Federal","Employment","Law."],"metadata":[]}],[{"content":"Develops and implements strategies for improving associate engagement,","tokens":["Develops","and","implements","strategies","for","improving","associate","engagement,"],"metadata":[]}],[{"content":"commitment and","tokens":["commitment","and"],"metadata":[]}],[{"content":"retention.","tokens":["retention."],"metadata":[]}],[{"content":"Identifies trends and recommends training programs.","tokens":["Identifies","trends","and","recommends","training","programs."],"metadata":[]}],[{"content":"Serves as a subject matter","tokens":["Serves","as","a","subject","matter"],"metadata":[]}],[{"content":"expert.","tokens":["expert."],"metadata":[]}],[{"content":"​ Monitors HR programs and provides training/coaching throughout the process to","tokens":["​","Monitors","HR","programs","and","provides","training/coaching","throughout","the","process","to"],"metadata":[]}],[{"content":"support","tokens":["support"],"metadata":[]}],[{"content":"divisions.","tokens":["divisions."],"metadata":[]}],[{"content":"Manages projects from concept to deliverables.","tokens":["Manages","projects","from","concept","to","deliverables."],"metadata":[]}],[{"content":"Manages direct reports, systems and","tokens":["Manages","direct","reports,","systems","and"],"metadata":[]}],[{"content":"projects to achieve unit goals in accordance with","tokens":["projects","to","achieve","unit","goals","in","accordance","with"],"metadata":[]}],[{"content":"Company","tokens":["Company"],"metadata":[]}],[{"content":"policies and practices.","tokens":["policies","and","practices."],"metadata":[]}],[{"content":"Provides leadership by exhibiting influence and expertise, thus affecting the","tokens":["Provides","leadership","by","exhibiting","influence","and","expertise,","thus","affecting","the"],"metadata":[]}],[{"content":"results of the","tokens":["results","of","the"],"metadata":[]}],[{"content":"operating","tokens":["operating"],"metadata":[]}],[{"content":"area.","tokens":["area."],"metadata":[]}],[{"content":"Creates","tokens":["Creates"],"metadata":[]}],[{"content":"an effective work environment by developing a common vision, setting clear","tokens":["an","effective","work","environment","by","developing","a","common","vision,","setting","clear"],"metadata":[]}],[{"content":"objectives,","tokens":["objectives,"],"metadata":[]}],[{"content":"teamwork,","tokens":["teamwork,"],"metadata":[]}],[{"content":"recognizing","tokens":["recognizing"],"metadata":[]}],[{"content":"outstanding performance and maintaining open communication.","tokens":["outstanding","performance","and","maintaining","open","communication."],"metadata":[]}],[{"content":"Develops staff through coaching, providing","tokens":["Develops","staff","through","coaching,","providing"],"metadata":[]}],[{"content":"performance feedback, providing effective","tokens":["performance","feedback,","providing","effective"],"metadata":[]}],[{"content":"performance","tokens":["performance"],"metadata":[]}],[{"content":"assessments.","tokens":["assessments."],"metadata":[]}],[{"content":"Strong","tokens":["Strong"],"metadata":[]}],[{"content":"verbal and written communication skills to include presentation and","tokens":["verbal","and","written","communication","skills","to","include","presentation","and"],"metadata":[]}],[{"content":"facilitation.","tokens":["facilitation."],"metadata":[]}],[{"content":"Develop and improve processes to","tokens":["Develop","and","improve","processes","to"],"metadata":[]}],[{"content":"ensure consistency, timeliness and fiscal","tokens":["ensure","consistency,","timeliness","and","fiscal"],"metadata":[]}],[{"content":"responsibility.","tokens":["responsibility."],"metadata":[]}],[{"content":"Proficient in Microsoft Office, Power Point, Excel and Word Store Manager Mar 2000 to Oct 2010 Company Name － City , State Manage a team of 4 Executives, 4 Assistants, 20 Supervisors, and 120 department Associates.","tokens":["Proficient","in","Microsoft","Office,","Power","Point,","Excel","and","Word","Store","Manager","Mar","2000","to","Oct","2010","Company","Name","－","City",",","State","Manage","a","team","of","4","Executives,","4","Assistants,","20","Supervisors,","and","120","department","Associates."],"metadata":[]}],[{"content":"Volume: $24 million.","tokens":["Volume:","$24","million."],"metadata":[]}],[{"content":"Create an effective work environment by developing a common vision, setting clear objectives, expecting teamwork, recognizing outstanding performance and maintaining open communications.","tokens":["Create","an","effective","work","environment","by","developing","a","common","vision,","setting","clear","objectives,","expecting","teamwork,","recognizing","outstanding","performance","and","maintaining","open","communications."],"metadata":[]}],[{"content":"Develop staff through coaching, providing performance feedback, providing effective performance assessments and establishing performance and development plans.","tokens":["Develop","staff","through","coaching,","providing","performance","feedback,","providing","effective","performance","assessments","and","establishing","performance","and","development","plans."],"metadata":[]}],[{"content":"Lead overall Store Operations; interprets, directs and leads store merchandising and presentation directives to ensure standards are met.","tokens":["Lead","overall","Store","Operations;","interprets,","directs","and","leads","store","merchandising","and","presentation","directives","to","ensure","standards","are","met."],"metadata":[]}],[{"content":"Responsible for staffing, scheduling, and maintaining Employee availability to ensure schedules match workload.","tokens":["Responsible","for","staffing,","scheduling,","and","maintaining","Employee","availability","to","ensure","schedules","match","workload."],"metadata":[]}],[{"content":"Manage the interview and hiring process to maintain proper staffing levels.","tokens":["Manage","the","interview","and","hiring","process","to","maintain","proper","staffing","levels."],"metadata":[]}],[{"content":"Manage store payroll projections, productivity, and controllable expenses in relation to sales trends.","tokens":["Manage","store","payroll","projections,","productivity,","and","controllable","expenses","in","relation","to","sales","trends."],"metadata":[]}],[{"content":"Manage direct reports, all employees, systems and projects to achieve unit goals in accordance with Company policies and practices.","tokens":["Manage","direct","reports,","all","employees,","systems","and","projects","to","achieve","unit","goals","in","accordance","with","Company","policies","and","practices."],"metadata":[]}],[{"content":"Provide leadership by exhibiting influence and expertise, thus affecting the results of the operating area. Communicate operational and sales strategy to Employees.","tokens":["Provide","leadership","by","exhibiting","influence","and","expertise,","thus","affecting","the","results","of","the","operating","area.","Communicate","operational","and","sales","strategy","to","Employees."],"metadata":[]}],[{"content":"Leads/directs Employees in the standard for Customer satisfaction and issue resolution.","tokens":["Leads/directs","Employees","in","the","standard","for","Customer","satisfaction","and","issue","resolution."],"metadata":[]}],[{"content":"Develop high performing Employees and Team.","tokens":["Develop","high","performing","Employees","and","Team."],"metadata":[]}],[{"content":"Maintain Employee files and documentation in accordance with Company policy / legal requirements.","tokens":["Maintain","Employee","files","and","documentation","in","accordance","with","Company","policy","/","legal","requirements."],"metadata":[]}],[{"content":"Coach and counsel Employees when necessary and manage delivery of hourly training programs.","tokens":["Coach","and","counsel","Employees","when","necessary","and","manage","delivery","of","hourly","training","programs."],"metadata":[]}],[{"content":"Lead Loss Prevention initiatives and inventory control programs.","tokens":["Lead","Loss","Prevention","initiatives","and","inventory","control","programs."],"metadata":[]}],[{"content":"Ensure Store pricing guidelines are maintained in accordance with Company / legal guidelines.","tokens":["Ensure","Store","pricing","guidelines","are","maintained","in","accordance","with","Company","/","legal","guidelines."],"metadata":[]}],[{"content":"District Business Planning Manager - Progressive positions leading to the Multi Unit level Apr 1989 to Oct 1999 Company Name － City , State Manage all aspects of inventory control for 2 Divisions and 16 Stores in 3 states.","tokens":["District","Business","Planning","Manager","-","Progressive","positions","leading","to","the","Multi","Unit","level","Apr","1989","to","Oct","1999","Company","Name","－","City",",","State","Manage","all","aspects","of","inventory","control","for","2","Divisions","and","16","Stores","in","3","states."],"metadata":[]}],[{"content":"Volume: $110 million Develop merchandise assortment plans to meet market by market needs and maximize sales and gross margins.","tokens":["Volume:","$110","million","Develop","merchandise","assortment","plans","to","meet","market","by","market","needs","and","maximize","sales","and","gross","margins."],"metadata":[]}],[{"content":"Interpret and analyze data/trends and direct Store Management through team meetings, conference calls, plan-o-grams, floor layouts, and direct training.","tokens":["Interpret","and","analyze","data/trends","and","direct","Store","Management","through","team","meetings,","conference","calls,","plan-o-grams,","floor","layouts,","and","direct","training."],"metadata":[]}],[{"content":"Coordinate divisional training for 45 first level managers, 25 Supervisors and more than 500 Sales Associates.","tokens":["Coordinate","divisional","training","for","45","first","level","managers,","25","Supervisors","and","more","than","500","Sales","Associates."],"metadata":[]}],[{"content":"Plan and supervise all merchandising, selling and sales promotions activities for the Women's division.","tokens":["Plan","and","supervise","all","merchandising,","selling","and","sales","promotions","activities","for","the","Women's","division."],"metadata":[]}],[{"content":"Advise Store Management on personnel functions, merchandising, loss prevention and customer service; communicate and ensure compliance with company policies, procedures and programs.","tokens":["Advise","Store","Management","on","personnel","functions,","merchandising,","loss","prevention","and","customer","service;","communicate","and","ensure","compliance","with","company","policies,","procedures","and","programs."],"metadata":[]}],[{"content":"Set measurable goals and objectives with First Level Management; review and evaluate performance in achieving objectives.","tokens":["Set","measurable","goals","and","objectives","with","First","Level","Management;","review","and","evaluate","performance","in","achieving","objectives."],"metadata":[]}],[{"content":"Organize and conduct team meetings to provide leadership and direction to motivate management and sales staff.","tokens":["Organize","and","conduct","team","meetings","to","provide","leadership","and","direction","to","motivate","management","and","sales","staff."],"metadata":[]}],[{"content":"Open new stores; hire staff and oversee initial set-up.","tokens":["Open","new","stores;","hire","staff","and","oversee","initial","set-up."],"metadata":[]}],[{"content":"Education Bachelor of Science , Business Management 1995 Metropolitan State College of Denver － City , State , USA Strategic Work Force Planning 2016 Human Capital Institute － City , State Certified Strategic Work Force Planner Influencing Without Direct Authority 2016 University of Wisconsin － City , State","tokens":["Education","Bachelor","of","Science",",","Business","Management","1995","Metropolitan","State","College","of","Denver","－","City",",","State",",","USA","Strategic","Work","Force","Planning","2016","Human","Capital","Institute","－","City",",","State","Certified","Strategic","Work","Force","Planner","Influencing","Without","Direct","Authority","2016","University","of","Wisconsin","－","City",",","State"],"metadata":[]}]],"labelerInfo":{"id":6814,"email":"cwilhel8@jh.edu","displayName":"Chris Wilhelm"},"labelSets":[{"name":"Resume Labels","index":0,"labelItems":[{"id":"Kj5U6n9NUqTXuWcB3c_7L","labelName":"College"},{"id":"rj7TW0-ymuRo6f_asXJab","labelName":"Company Name"},{"id":"SJEkdao76hjwbb6Fh5SY6","labelName":"Job Title"},{"id":"BjO8MdvK2KI4E5iMEeY4B","labelName":"Graduation Year"},{"id":"eS2knCRgLegeRw8bcmSWA","labelName":"Skill"},{"id":"IeEoIKabMl51BJE0gX2YL","labelName":"Degree"},{"id":"1R0C50AAwFbEp2O0WmRv6","labelName":"Location"},{"id":"zQcc4ygexJ_A3Gb0NeRTk","labelName":"Years of Experience"},{"id":"52S_6moRfhjC-yXgIBeCp","labelName":"Date"},{"id":"KiLarWmwlU1E3-FfdG6Qg","labelName":"Project"},{"id":"dyxKKTAxW1z5ifjPj42BI","labelName":"Name"}]}],"spanLabels":[{"id":"1662745087","labeledBy":"LABELER","labeledByUserId":6814,"acceptedByUserId":null,"rejectedByUserId":null,"layer":0,"counter":0,"status":"ACCEPTED","hashCode":"SPAN:SJEkdao76hjwbb6Fh5SY6:0:0:0:0:0:0:0:2:6:0:undefined:undefined","labelName":"SJEkdao76hjwbb6Fh5SY6","labelItem":{"id":"SJEkdao76hjwbb6Fh5SY6","labelName":"Job Title"},"textPosition":{"start":{"row":0,"column":0,"tokenIndex":0,"charIndex":0},"end":{"row":0,"column":0,"tokenIndex":2,"charIndex":6}},"confidenceScore":null},{"id":"1662745090","labeledBy":"LABELER","labeledByUserId":6814,"acceptedByUserId":null,"rejectedByUserId":null,"layer":0,"counter":0,"status":"ACCEPTED","hashCode":"SPAN:SJEkdao76hjwbb6Fh5SY6:0:0:0:3:0:0:0:8:6:0:undefined:undefined","labelName":"SJEkdao76hjwbb6Fh5SY6","labelItem":{"id":"SJEkdao76hjwbb6Fh5SY6","labelName":"Job Title"},"textPosition":{"start":{"row":0,"column":0,"tokenIndex":3,"charIndex":0},"end":{"row":0,"column":0,"tokenIndex":8,"charIndex":6}},"confidenceScore":null},{"id":"1662746156","labeledBy":"LABELER","labeledByUserId":6814,"acceptedByUserId":null,"rejectedByUserId":null,"layer":0,"counter":0,"status":"ACCEPTED","hashCode":"SPAN:eS2knCRgLegeRw8bcmSWA:0:0:0:11:0:0:0:11:12:0:undefined:undefined","labelName":"eS2knCRgLegeRw8bcmSWA","labelItem":{"id":"eS2knCRgLegeRw8bcmSWA","labelName":"Skill"},"textPosition":{"start":{"row":0,"column":0,"tokenIndex":11,"charIndex":0},"end":{"row":0,"column":0,"tokenIndex":11,"charIndex":12}},"confidenceScore":null},{"id":"1662746159","labeledBy":"LABELER","labeledByUserId":6814,"acceptedByUserId":null,"rejectedByUserId":null,"layer":0,"counter":0,"status":"ACCEPTED","hashCode":"SPAN:eS2knCRgLegeRw8bcmSWA:0:0:0:12:0:0:0:12:12:0:undefined:undefined","labelName":"eS2knCRgLegeRw8bcmSWA","labelItem":{"id":"eS2knCRgLegeRw8bcmSWA","labelName":"Skill"},"textPosition":{"start":{"row":0,"column":0,"tokenIndex":12,"charIndex":0},"end":{"row":0,"column":0,"tokenIndex":12,"charIndex":12}},"confidenceScore":null},{"id":"1662746162","labeledBy":"LABELER","labeledByUserId":6814,"acceptedByUserId":null,"rejectedByUserId":null,"layer":0,"counter":0,"status":"ACCEPTED","hashCode":"SPAN:eS2knCRgLegeRw8bcmSWA:0:0:0:14:0:0:0:16:9:0:undefined:undefined","labelName":"eS2knCRgLegeRw8bcmSWA","labelItem":{"id":"eS2knCRgLegeRw8bcmSWA","labelName":"Skill"},"textPosition":{"start":{"row":0,"column":0,"tokenIndex":14,"charIndex":0},"end":{"row":0,"column":0,"tokenIndex":16,"charIndex":9}},"confidenceScore":null},{"id":"1662746168","labeledBy":"LABELER","labeledByUserId":6814,"acceptedByUserId":null,"rejectedByUserId":null,"layer":0,"counter":0,"status":"ACCEPTED","hashCode":"SPAN:eS2knCRgLegeRw8bcmSWA:0:2:0:2:0:2:0:3:8:0:undefined:undefined","labelName":"eS2knCRgLegeRw8bcmSWA","labelItem":{"id":"eS2knCRgLegeRw8bcmSWA","labelName":"Skill"},"textPosition":{"start":{"row":2,"column":0,"tokenIndex":2,"charIndex":0},"end":{"row":2,"column":0,"tokenIndex":3,"charIndex":8}},"confidenceScore":null},{"id":"1662746171","labeledBy":"LABELER","labeledByUserId":6814,"acceptedByUserId":null,"rejectedByUserId":null,"layer":0,"counter":0,"status":"ACCEPTED","hashCode":"SPAN:eS2knCRgLegeRw8bcmSWA:0:2:0:4:0:2:0:4:9:0:undefined:undefined","labelName":"eS2knCRgLegeRw8bcmSWA","labelItem":{"id":"eS2knCRgLegeRw8bcmSWA","labelName":"Skill"},"textPosition":{"start":{"row":2,"column":0,"tokenIndex":4,"charIndex":0},"end":{"row":2,"column":0,"tokenIndex":4,"charIndex":9}},"confidenceScore":null},{"id":"1662746174","labeledBy":"LABELER","labeledByUserId":6814,"acceptedByUserId":null,"rejectedByUserId":null,"layer":0,"counter":0,"status":"ACCEPTED","hashCode":"SPAN:eS2knCRgLegeRw8bcmSWA:0:2:0:5:0:2:0:6:8:0:undefined:undefined","labelName":"eS2knCRgLegeRw8bcmSWA","labelItem":{"id":"eS2knCRgLegeRw8bcmSWA","labelName":"Skill"},"textPosition":{"start":{"row":2,"column":0,"tokenIndex":5,"charIndex":0},"end":{"row":2,"column":0,"tokenIndex":6,"charIndex":8}},"confidenceScore":null},{"id":"1662746183","labeledBy":"LABELER","labeledByUserId":6814,"acceptedByUserId":null,"rejectedByUserId":null,"layer":0,"counter":0,"status":"ACCEPTED","hashCode":"SPAN:eS2knCRgLegeRw8bcmSWA:0:2:0:7:0:2:0:10:6:0:undefined:undefined","labelName":"eS2knCRgLegeRw8bcmSWA","labelItem":{"id":"eS2knCRgLegeRw8bcmSWA","labelName":"Skill"},"textPosition":{"start":{"row":2,"column":0,"tokenIndex":7,"charIndex":0},"end":{"row":2,"column":0,"tokenIndex":10,"charIndex":6}},"confidenceScore":null},{"id":"1662746192","labeledBy":"LABELER","labeledByUserId":6814,"acceptedByUserId":null,"rejectedByUserId":null,"layer":0,"counter":0,"status":"ACCEPTED","hashCode":"SPAN:eS2knCRgLegeRw8bcmSWA:0:2:0:11:0:2:0:11:7:0:undefined:undefined","labelName":"eS2knCRgLegeRw8bcmSWA","labelItem":{"id":"eS2knCRgLegeRw8bcmSWA","labelName":"Skill"},"textPosition":{"start":{"row":2,"column":0,"tokenIndex":11,"charIndex":0},"end":{"row":2,"column":0,"tokenIndex":11,"charIndex":7}},"confidenceScore":null},{"id":"1662746207","labeledBy":"LABELER","labeledByUserId":6814,"acceptedByUserId":null,"rejectedByUserId":null,"layer":0,"counter":0,"status":"ACCEPTED","hashCode":"SPAN:eS2knCRgLegeRw8bcmSWA:0:2:0:11:0:2:0:12:10:0:undefined:undefined","labelName":"eS2knCRgLegeRw8bcmSWA","labelItem":{"id":"eS2knCRgLegeRw8bcmSWA","labelName":"Skill"},"textPosition":{"start":{"row":2,"column":0,"tokenIndex":11,"charIndex":0},"end":{"row":2,"column":0,"tokenIndex":12,"charIndex":10}},"confidenceScore":null},{"id":"1662746210","labeledBy":"LABELER","labeledByUserId":6814,"acceptedByUserId":null,"rejectedByUserId":null,"layer":0,"counter":0,"status":"ACCEPTED","hashCode":"SPAN:eS2knCRgLegeRw8bcmSWA:0:2:0:13:0:2:0:14:8:0:undefined:undefined","labelName":"eS2knCRgLegeRw8bcmSWA","labelItem":{"id":"eS2knCRgLegeRw8bcmSWA","labelName":"Skill"},"textPosition":{"start":{"row":2,"column":0,"tokenIndex":13,"charIndex":0},"end":{"row":2,"column":0,"tokenIndex":14,"charIndex":8}},"confidenceScore":null},{"id":"1662746213","labeledBy":"LABELER","labeledByUserId":6814,"acceptedByUserId":null,"rejectedByUserId":null,"layer":0,"counter":0,"status":"ACCEPTED","hashCode":"SPAN:eS2knCRgLegeRw8bcmSWA:0:2:0:15:0:2:0:15:8:0:undefined:undefined","labelName":"eS2knCRgLegeRw8bcmSWA","labelItem":{"id":"eS2knCRgLegeRw8bcmSWA","labelName":"Skill"},"textPosition":{"start":{"row":2,"column":0,"tokenIndex":15,"charIndex":0},"end":{"row":2,"column":0,"tokenIndex":15,"charIndex":8}},"confidenceScore":null},{"id":"1662746216","labeledBy":"LABELER","labeledByUserId":6814,"acceptedByUserId":null,"rejectedByUserId":null,"layer":0,"counter":0,"status":"ACCEPTED","hashCode":"SPAN:eS2knCRgLegeRw8bcmSWA:0:2:0:16:0:2:0:16:9:0:undefined:undefined","labelName":"eS2knCRgLegeRw8bcmSWA","labelItem":{"id":"eS2knCRgLegeRw8bcmSWA","labelName":"Skill"},"textPosition":{"start":{"row":2,"column":0,"tokenIndex":16,"charIndex":0},"end":{"row":2,"column":0,"tokenIndex":16,"charIndex":9}},"confidenceScore":null},{"id":"1662746219","labeledBy":"LABELER","labeledByUserId":6814,"acceptedByUserId":null,"rejectedByUserId":null,"layer":0,"counter":0,"status":"ACCEPTED","hashCode":"SPAN:eS2knCRgLegeRw8bcmSWA:0:2:0:17:0:2:0:17:23:0:undefined:undefined","labelName":"eS2knCRgLegeRw8bcmSWA","labelItem":{"id":"eS2knCRgLegeRw8bcmSWA","labelName":"Skill"},"textPosition":{"start":{"row":2,"column":0,"tokenIndex":17,"charIndex":0},"end":{"row":2,"column":0,"tokenIndex":17,"charIndex":23}},"confidenceScore":null},{"id":"1662746222","labeledBy":"LABELER","labeledByUserId":6814,"acceptedByUserId":null,"rejectedByUserId":null,"layer":0,"counter":0,"status":"ACCEPTED","hashCode":"SPAN:eS2knCRgLegeRw8bcmSWA:0:2:0:19:0:2:0:19:7:0:undefined:undefined","labelName":"eS2knCRgLegeRw8bcmSWA","labelItem":{"id":"eS2knCRgLegeRw8bcmSWA","labelName":"Skill"},"textPosition":{"start":{"row":2,"column":0,"tokenIndex":19,"charIndex":0},"end":{"row":2,"column":0,"tokenIndex":19,"charIndex":7}},"confidenceScore":null},{"id":"1662746225","labeledBy":"LABELER","labeledByUserId":6814,"acceptedByUserId":null,"rejectedByUserId":null,"layer":0,"counter":0,"status":"ACCEPTED","hashCode":"SPAN:eS2knCRgLegeRw8bcmSWA:0:2:0:24:0:2:0:25:9:0:undefined:undefined","labelName":"eS2knCRgLegeRw8bcmSWA","labelItem":{"id":"eS2knCRgLegeRw8bcmSWA","labelName":"Skill"},"textPosition":{"start":{"row":2,"column":0,"tokenIndex":24,"charIndex":0},"end":{"row":2,"column":0,"tokenIndex":25,"charIndex":9}},"confidenceScore":null},{"id":"1662746228","labeledBy":"LABELER","labeledByUserId":6814,"acceptedByUserId":null,"rejectedByUserId":null,"layer":0,"counter":0,"status":"ACCEPTED","hashCode":"SPAN:eS2knCRgLegeRw8bcmSWA:0:2:0:26:0:2:0:27:7:0:undefined:undefined","labelName":"eS2knCRgLegeRw8bcmSWA","labelItem":{"id":"eS2knCRgLegeRw8bcmSWA","labelName":"Skill"},"textPosition":{"start":{"row":2,"column":0,"tokenIndex":26,"charIndex":0},"end":{"row":2,"column":0,"tokenIndex":27,"charIndex":7}},"confidenceScore":null},{"id":"1662746231","labeledBy":"LABELER","labeledByUserId":6814,"acceptedByUserId":null,"rejectedByUserId":null,"layer":0,"counter":0,"status":"ACCEPTED","hashCode":"SPAN:eS2knCRgLegeRw8bcmSWA:0:2:0:28:0:2:0:29:9:0:undefined:undefined","labelName":"eS2knCRgLegeRw8bcmSWA","labelItem":{"id":"eS2knCRgLegeRw8bcmSWA","labelName":"Skill"},"textPosition":{"start":{"row":2,"column":0,"tokenIndex":28,"charIndex":0},"end":{"row":2,"column":0,"tokenIndex":29,"charIndex":9}},"confidenceScore":null},{"id":"1662746234","labeledBy":"LABELER","labeledByUserId":6814,"acceptedByUserId":null,"rejectedByUserId":null,"layer":0,"counter":0,"status":"ACCEPTED","hashCode":"SPAN:SJEkdao76hjwbb6Fh5SY6:0:8:0:2:0:8:0:4:6:0:undefined:undefined","labelName":"SJEkdao76hjwbb6Fh5SY6","labelItem":{"id":"SJEkdao76hjwbb6Fh5SY6","labelName":"Job Title"},"textPosition":{"start":{"row":8,"column":0,"tokenIndex":2,"charIndex":0},"end":{"row":8,"column":0,"tokenIndex":4,"charIndex":6}},"confidenceScore":null},{"id":"1662746245","labeledBy":"LABELER","labeledByUserId":6814,"acceptedByUserId":null,"rejectedByUserId":null,"layer":0,"counter":0,"status":"ACCEPTED","hashCode":"SPAN:52S_6moRfhjC-yXgIBeCp:0:8:0:5:0:8:0:6:3:0:undefined:undefined","labelName":"52S_6moRfhjC-yXgIBeCp","labelItem":{"id":"52S_6moRfhjC-yXgIBeCp","labelName":"Date"},"textPosition":{"start":{"row":8,"column":0,"tokenIndex":5,"charIndex":0},"end":{"row":8,"column":0,"tokenIndex":6,"charIndex":3}},"confidenceScore":null},{"id":"1662746251","labeledBy":"LABELER","labeledByUserId":6814,"acceptedByUserId":null,"rejectedByUserId":null,"layer":0,"counter":0,"status":"ACCEPTED","hashCode":"SPAN:52S_6moRfhjC-yXgIBeCp:0:8:0:8:0:8:0:8:6:0:undefined:undefined","labelName":"52S_6moRfhjC-yXgIBeCp","labelItem":{"id":"52S_6moRfhjC-yXgIBeCp","labelName":"Date"},"textPosition":{"start":{"row":8,"column":0,"tokenIndex":8,"charIndex":0},"end":{"row":8,"column":0,"tokenIndex":8,"charIndex":6}},"confidenceScore":null},{"id":"1662746266","labeledBy":"LABELER","labeledByUserId":6814,"acceptedByUserId":null,"rejectedByUserId":null,"layer":0,"counter":0,"status":"ACCEPTED","hashCode":"SPAN:rj7TW0-ymuRo6f_asXJab:0:8:0:9:0:8:0:10:3:0:undefined:undefined","labelName":"rj7TW0-ymuRo6f_asXJab","labelItem":{"id":"rj7TW0-ymuRo6f_asXJab","labelName":"Company Name"},"textPosition":{"start":{"row":8,"column":0,"tokenIndex":9,"charIndex":0},"end":{"row":8,"column":0,"tokenIndex":10,"charIndex":3}},"confidenceScore":null},{"id":"1662746274","labeledBy":"LABELER","labeledByUserId":6814,"acceptedByUserId":null,"rejectedByUserId":null,"layer":0,"counter":0,"status":"ACCEPTED","hashCode":"SPAN:1R0C50AAwFbEp2O0WmRv6:0:8:0:12:0:8:0:12:3:0:undefined:undefined","labelName":"1R0C50AAwFbEp2O0WmRv6","labelItem":{"id":"1R0C50AAwFbEp2O0WmRv6","labelName":"Location"},"textPosition":{"start":{"row":8,"column":0,"tokenIndex":12,"charIndex":0},"end":{"row":8,"column":0,"tokenIndex":12,"charIndex":3}},"confidenceScore":null},{"id":"1662746283","labeledBy":"LABELER","labeledByUserId":6814,"acceptedByUserId":null,"rejectedByUserId":null,"layer":0,"counter":0,"status":"ACCEPTED","hashCode":"SPAN:1R0C50AAwFbEp2O0WmRv6:0:8:0:14:0:8:0:14:4:0:undefined:undefined","labelName":"1R0C50AAwFbEp2O0WmRv6","labelItem":{"id":"1R0C50AAwFbEp2O0WmRv6","labelName":"Location"},"textPosition":{"start":{"row":8,"column":0,"tokenIndex":14,"charIndex":0},"end":{"row":8,"column":0,"tokenIndex":14,"charIndex":4}},"confidenceScore":null},{"id":"1662746302","labeledBy":"LABELER","labeledByUserId":6814,"acceptedByUserId":null,"rejectedByUserId":null,"layer":0,"counter":0,"status":"ACCEPTED","hashCode":"SPAN:eS2knCRgLegeRw8bcmSWA:0:15:0:11:0:15:0:14:10:0:undefined:undefined","labelName":"eS2knCRgLegeRw8bcmSWA","labelItem":{"id":"eS2knCRgLegeRw8bcmSWA","labelName":"Skill"},"textPosition":{"start":{"row":15,"column":0,"tokenIndex":11,"charIndex":0},"end":{"row":15,"column":0,"tokenIndex":14,"charIndex":10}},"confidenceScore":null},{"id":"1662746311","labeledBy":"LABELER","labeledByUserId":6814,"acceptedByUserId":null,"rejectedByUserId":null,"layer":0,"counter":0,"status":"ACCEPTED","hashCode":"SPAN:eS2knCRgLegeRw8bcmSWA:0:15:0:15:0:15:0:15:4:0:undefined:undefined","labelName":"eS2knCRgLegeRw8bcmSWA","labelItem":{"id":"eS2knCRgLegeRw8bcmSWA","labelName":"Skill"},"textPosition":{"start":{"row":15,"column":0,"tokenIndex":15,"charIndex":0},"end":{"row":15,"column":0,"tokenIndex":15,"charIndex":4}},"confidenceScore":null},{"id":"1662746314","labeledBy":"LABELER","labeledByUserId":6814,"acceptedByUserId":null,"rejectedByUserId":null,"layer":0,"counter":0,"status":"ACCEPTED","hashCode":"SPAN:eS2knCRgLegeRw8bcmSWA:0:15:0:17:0:15:0:17:11:0:undefined:undefined","labelName":"eS2knCRgLegeRw8bcmSWA","labelItem":{"id":"eS2knCRgLegeRw8bcmSWA","labelName":"Skill"},"textPosition":{"start":{"row":15,"column":0,"tokenIndex":17,"charIndex":0},"end":{"row":15,"column":0,"tokenIndex":17,"charIndex":11}},"confidenceScore":null},{"id":"1662746335","labeledBy":"LABELER","labeledByUserId":6814,"acceptedByUserId":null,"rejectedByUserId":null,"layer":0,"counter":0,"status":"ACCEPTED","hashCode":"SPAN:eS2knCRgLegeRw8bcmSWA:0:19:0:20:0:19:0:20:4:0:undefined:undefined","labelName":"eS2knCRgLegeRw8bcmSWA","labelItem":{"id":"eS2knCRgLegeRw8bcmSWA","labelName":"Skill"},"textPosition":{"start":{"row":19,"column":0,"tokenIndex":20,"charIndex":0},"end":{"row":19,"column":0,"tokenIndex":20,"charIndex":4}},"confidenceScore":null},{"id":"1662746356","labeledBy":"LABELER","labeledByUserId":6814,"acceptedByUserId":null,"rejectedByUserId":null,"layer":0,"counter":0,"status":"ACCEPTED","hashCode":"SPAN:eS2knCRgLegeRw8bcmSWA:0:19:0:21:0:19:0:21:3:0:undefined:undefined","labelName":"eS2knCRgLegeRw8bcmSWA","labelItem":{"id":"eS2knCRgLegeRw8bcmSWA","labelName":"Skill"},"textPosition":{"start":{"row":19,"column":0,"tokenIndex":21,"charIndex":0},"end":{"row":19,"column":0,"tokenIndex":21,"charIndex":3}},"confidenceScore":null},{"id":"1662746338","labeledBy":"LABELER","labeledByUserId":6814,"acceptedByUserId":null,"rejectedByUserId":null,"layer":0,"counter":0,"status":"ACCEPTED","hashCode":"SPAN:eS2knCRgLegeRw8bcmSWA:0:19:0:22:0:19:0:22:4:0:undefined:undefined","labelName":"eS2knCRgLegeRw8bcmSWA","labelItem":{"id":"eS2knCRgLegeRw8bcmSWA","labelName":"Skill"},"textPosition":{"start":{"row":19,"column":0,"tokenIndex":22,"charIndex":0},"end":{"row":19,"column":0,"tokenIndex":22,"charIndex":4}},"confidenceScore":null},{"id":"1662746344","labeledBy":"LABELER","labeledByUserId":6814,"acceptedByUserId":null,"rejectedByUserId":null,"layer":0,"counter":0,"status":"ACCEPTED","hashCode":"SPAN:eS2knCRgLegeRw8bcmSWA:0:19:0:23:0:19:0:23:3:0:undefined:undefined","labelName":"eS2knCRgLegeRw8bcmSWA","labelItem":{"id":"eS2knCRgLegeRw8bcmSWA","labelName":"Skill"},"textPosition":{"start":{"row":19,"column":0,"tokenIndex":23,"charIndex":0},"end":{"row":19,"column":0,"tokenIndex":23,"charIndex":3}},"confidenceScore":null},{"id":"1662746341","labeledBy":"LABELER","labeledByUserId":6814,"acceptedByUserId":null,"rejectedByUserId":null,"layer":0,"counter":0,"status":"ACCEPTED","hashCode":"SPAN:eS2knCRgLegeRw8bcmSWA:0:19:0:24:0:19:0:24:4:0:undefined:undefined","labelName":"eS2knCRgLegeRw8bcmSWA","labelItem":{"id":"eS2knCRgLegeRw8bcmSWA","labelName":"Skill"},"textPosition":{"start":{"row":19,"column":0,"tokenIndex":24,"charIndex":0},"end":{"row":19,"column":0,"tokenIndex":24,"charIndex":4}},"confidenceScore":null},{"id":"1662746345","labeledBy":"LABELER","labeledByUserId":6814,"acceptedByUserId":null,"rejectedByUserId":null,"layer":0,"counter":0,"status":"ACCEPTED","hashCode":"SPAN:eS2knCRgLegeRw8bcmSWA:0:19:0:25:0:19:0:25:3:0:undefined:undefined","labelName":"eS2knCRgLegeRw8bcmSWA","labelItem":{"id":"eS2knCRgLegeRw8bcmSWA","labelName":"Skill"},"textPosition":{"start":{"row":19,"column":0,"tokenIndex":25,"charIndex":0},"end":{"row":19,"column":0,"tokenIndex":25,"charIndex":3}},"confidenceScore":null},{"id":"1662746348","labeledBy":"LABELER","labeledByUserId":6814,"acceptedByUserId":null,"rejectedByUserId":null,"layer":0,"counter":0,"status":"ACCEPTED","hashCode":"SPAN:eS2knCRgLegeRw8bcmSWA:0:19:0:26:0:19:0:26:4:0:undefined:undefined","labelName":"eS2knCRgLegeRw8bcmSWA","labelItem":{"id":"eS2knCRgLegeRw8bcmSWA","labelName":"Skill"},"textPosition":{"start":{"row":19,"column":0,"tokenIndex":26,"charIndex":0},"end":{"row":19,"column":0,"tokenIndex":26,"charIndex":4}},"confidenceScore":null},{"id":"1662746353","labeledBy":"LABELER","labeledByUserId":6814,"acceptedByUserId":null,"rejectedByUserId":null,"layer":0,"counter":0,"status":"ACCEPTED","hashCode":"SPAN:eS2knCRgLegeRw8bcmSWA:0:19:0:27:0:19:0:27:5:0:undefined:undefined","labelName":"eS2knCRgLegeRw8bcmSWA","labelItem":{"id":"eS2knCRgLegeRw8bcmSWA","labelName":"Skill"},"textPosition":{"start":{"row":19,"column":0,"tokenIndex":27,"charIndex":0},"end":{"row":19,"column":0,"tokenIndex":27,"charIndex":5}},"confidenceScore":null},{"id":"1662746365","labeledBy":"LABELER","labeledByUserId":6814,"acceptedByUserId":null,"rejectedByUserId":null,"layer":0,"counter":0,"status":"ACCEPTED","hashCode":"SPAN:eS2knCRgLegeRw8bcmSWA:0:19:0:28:0:19:0:28:4:0:undefined:undefined","labelName":"eS2knCRgLegeRw8bcmSWA","labelItem":{"id":"eS2knCRgLegeRw8bcmSWA","labelName":"Skill"},"textPosition":{"start":{"row":19,"column":0,"tokenIndex":28,"charIndex":0},"end":{"row":19,"column":0,"tokenIndex":28,"charIndex":4}},"confidenceScore":null},{"id":"1662746368","labeledBy":"LABELER","labeledByUserId":6814,"acceptedByUserId":null,"rejectedByUserId":null,"layer":0,"counter":0,"status":"ACCEPTED","hashCode":"SPAN:eS2knCRgLegeRw8bcmSWA:0:19:0:29:0:19:0:29:4:0:undefined:undefined","labelName":"eS2knCRgLegeRw8bcmSWA","labelItem":{"id":"eS2knCRgLegeRw8bcmSWA","labelName":"Skill"},"textPosition":{"start":{"row":19,"column":0,"tokenIndex":29,"charIndex":0},"end":{"row":19,"column":0,"tokenIndex":29,"charIndex":4}},"confidenceScore":null},{"id":"1662746371","labeledBy":"LABELER","labeledByUserId":6814,"acceptedByUserId":null,"rejectedByUserId":null,"layer":0,"counter":0,"status":"ACCEPTED","hashCode":"SPAN:eS2knCRgLegeRw8bcmSWA:0:19:0:31:0:19:0:31:9:0:undefined:undefined","labelName":"eS2knCRgLegeRw8bcmSWA","labelItem":{"id":"eS2knCRgLegeRw8bcmSWA","labelName":"Skill"},"textPosition":{"start":{"row":19,"column":0,"tokenIndex":31,"charIndex":0},"end":{"row":19,"column":0,"tokenIndex":31,"charIndex":9}},"confidenceScore":null},{"id":"1662746407","labeledBy":"LABELER","labeledByUserId":6814,"acceptedByUserId":null,"rejectedByUserId":null,"layer":0,"counter":0,"status":"ACCEPTED","hashCode":"SPAN:eS2knCRgLegeRw8bcmSWA:0:59:0:0:0:59:0:0:5:0:undefined:undefined","labelName":"eS2knCRgLegeRw8bcmSWA","labelItem":{"id":"eS2knCRgLegeRw8bcmSWA","labelName":"Skill"},"textPosition":{"start":{"row":59,"column":0,"tokenIndex":0,"charIndex":0},"end":{"row":59,"column":0,"tokenIndex":0,"charIndex":5}},"confidenceScore":null},{"id":"1662746419","labeledBy":"LABELER","labeledByUserId":6814,"acceptedByUserId":null,"rejectedByUserId":null,"layer":0,"counter":0,"status":"ACCEPTED","hashCode":"SPAN:eS2knCRgLegeRw8bcmSWA:0:59:0:2:0:59:0:3:12:0:undefined:undefined","labelName":"eS2knCRgLegeRw8bcmSWA","labelItem":{"id":"eS2knCRgLegeRw8bcmSWA","labelName":"Skill"},"textPosition":{"start":{"row":59,"column":0,"tokenIndex":2,"charIndex":0},"end":{"row":59,"column":0,"tokenIndex":3,"charIndex":12}},"confidenceScore":null},{"id":"1662746434","labeledBy":"LABELER","labeledByUserId":6814,"acceptedByUserId":null,"rejectedByUserId":null,"layer":0,"counter":0,"status":"ACCEPTED","hashCode":"SPAN:eS2knCRgLegeRw8bcmSWA:0:59:0:7:0:59:0:7:11:0:undefined:undefined","labelName":"eS2knCRgLegeRw8bcmSWA","labelItem":{"id":"eS2knCRgLegeRw8bcmSWA","labelName":"Skill"},"textPosition":{"start":{"row":59,"column":0,"tokenIndex":7,"charIndex":0},"end":{"row":59,"column":0,"tokenIndex":7,"charIndex":11}},"confidenceScore":null},{"id":"1662746440","labeledBy":"LABELER","labeledByUserId":6814,"acceptedByUserId":null,"rejectedByUserId":null,"layer":0,"counter":0,"status":"ACCEPTED","hashCode":"SPAN:eS2knCRgLegeRw8bcmSWA:0:60:0:0:0:60:0:0:12:0:undefined:undefined","labelName":"eS2knCRgLegeRw8bcmSWA","labelItem":{"id":"eS2knCRgLegeRw8bcmSWA","labelName":"Skill"},"textPosition":{"start":{"row":60,"column":0,"tokenIndex":0,"charIndex":0},"end":{"row":60,"column":0,"tokenIndex":0,"charIndex":12}},"confidenceScore":null},{"id":"1662746452","labeledBy":"LABELER","labeledByUserId":6814,"acceptedByUserId":null,"rejectedByUserId":null,"layer":0,"counter":0,"status":"ACCEPTED","hashCode":"SPAN:eS2knCRgLegeRw8bcmSWA:0:62:0:4:0:63:0:0:14:0:undefined:undefined","labelName":"eS2knCRgLegeRw8bcmSWA","labelItem":{"id":"eS2knCRgLegeRw8bcmSWA","labelName":"Skill"},"textPosition":{"start":{"row":62,"column":0,"tokenIndex":4,"charIndex":0},"end":{"row":63,"column":0,"tokenIndex":0,"charIndex":14}},"confidenceScore":null},{"id":"1662746455","labeledBy":"LABELER","labeledByUserId":6814,"acceptedByUserId":null,"rejectedByUserId":null,"layer":0,"counter":0,"status":"ACCEPTED","hashCode":"SPAN:eS2knCRgLegeRw8bcmSWA:0:64:0:2:0:64:0:3:6:0:undefined:undefined","labelName":"eS2knCRgLegeRw8bcmSWA","labelItem":{"id":"eS2knCRgLegeRw8bcmSWA","labelName":"Skill"},"textPosition":{"start":{"row":64,"column":0,"tokenIndex":2,"charIndex":0},"end":{"row":64,"column":0,"tokenIndex":3,"charIndex":6}},"confidenceScore":null},{"id":"1662746458","labeledBy":"LABELER","labeledByUserId":6814,"acceptedByUserId":null,"rejectedByUserId":null,"layer":0,"counter":0,"status":"ACCEPTED","hashCode":"SPAN:eS2knCRgLegeRw8bcmSWA:0:64:0:4:0:64:0:5:5:0:undefined:undefined","labelName":"eS2knCRgLegeRw8bcmSWA","labelItem":{"id":"eS2knCRgLegeRw8bcmSWA","labelName":"Skill"},"textPosition":{"start":{"row":64,"column":0,"tokenIndex":4,"charIndex":0},"end":{"row":64,"column":0,"tokenIndex":5,"charIndex":5}},"confidenceScore":null},{"id":"1662746461","labeledBy":"LABELER","labeledByUserId":6814,"acceptedByUserId":null,"rejectedByUserId":null,"layer":0,"counter":0,"status":"ACCEPTED","hashCode":"SPAN:eS2knCRgLegeRw8bcmSWA:0:64:0:6:0:64:0:6:4:0:undefined:undefined","labelName":"eS2knCRgLegeRw8bcmSWA","labelItem":{"id":"eS2knCRgLegeRw8bcmSWA","labelName":"Skill"},"textPosition":{"start":{"row":64,"column":0,"tokenIndex":6,"charIndex":0},"end":{"row":64,"column":0,"tokenIndex":6,"charIndex":4}},"confidenceScore":null},{"id":"1662746464","labeledBy":"LABELER","labeledByUserId":6814,"acceptedByUserId":null,"rejectedByUserId":null,"layer":0,"counter":0,"status":"ACCEPTED","hashCode":"SPAN:eS2knCRgLegeRw8bcmSWA:0:64:0:8:0:64:0:8:3:0:undefined:undefined","labelName":"eS2knCRgLegeRw8bcmSWA","labelItem":{"id":"eS2knCRgLegeRw8bcmSWA","labelName":"Skill"},"textPosition":{"start":{"row":64,"column":0,"tokenIndex":8,"charIndex":0},"end":{"row":64,"column":0,"tokenIndex":8,"charIndex":3}},"confidenceScore":null},{"id":"1662746470","labeledBy":"LABELER","labeledByUserId":6814,"acceptedByUserId":null,"rejectedByUserId":null,"layer":0,"counter":0,"status":"ACCEPTED","hashCode":"SPAN:SJEkdao76hjwbb6Fh5SY6:0:64:0:9:0:64:0:10:6:0:undefined:undefined","labelName":"SJEkdao76hjwbb6Fh5SY6","labelItem":{"id":"SJEkdao76hjwbb6Fh5SY6","labelName":"Job Title"},"textPosition":{"start":{"row":64,"column":0,"tokenIndex":9,"charIndex":0},"end":{"row":64,"column":0,"tokenIndex":10,"charIndex":6}},"confidenceScore":null},{"id":"1662746476","labeledBy":"LABELER","labeledByUserId":6814,"acceptedByUserId":null,"rejectedByUserId":null,"layer":0,"counter":0,"status":"ACCEPTED","hashCode":"SPAN:52S_6moRfhjC-yXgIBeCp:0:64:0:11:0:64:0:12:3:0:undefined:undefined","labelName":"52S_6moRfhjC-yXgIBeCp","labelItem":{"id":"52S_6moRfhjC-yXgIBeCp","labelName":"Date"},"textPosition":{"start":{"row":64,"column":0,"tokenIndex":11,"charIndex":0},"end":{"row":64,"column":0,"tokenIndex":12,"charIndex":3}},"confidenceScore":null},{"id":"1662746485","labeledBy":"LABELER","labeledByUserId":6814,"acceptedByUserId":null,"rejectedByUserId":null,"layer":0,"counter":0,"status":"ACCEPTED","hashCode":"SPAN:52S_6moRfhjC-yXgIBeCp:0:64:0:14:0:64:0:15:3:0:undefined:undefined","labelName":"52S_6moRfhjC-yXgIBeCp","labelItem":{"id":"52S_6moRfhjC-yXgIBeCp","labelName":"Date"},"textPosition":{"start":{"row":64,"column":0,"tokenIndex":14,"charIndex":0},"end":{"row":64,"column":0,"tokenIndex":15,"charIndex":3}},"confidenceScore":null},{"id":"1662746506","labeledBy":"LABELER","labeledByUserId":6814,"acceptedByUserId":null,"rejectedByUserId":null,"layer":0,"counter":0,"status":"ACCEPTED","hashCode":"SPAN:rj7TW0-ymuRo6f_asXJab:0:64:0:16:0:64:0:17:3:0:undefined:undefined","labelName":"rj7TW0-ymuRo6f_asXJab","labelItem":{"id":"rj7TW0-ymuRo6f_asXJab","labelName":"Company Name"},"textPosition":{"start":{"row":64,"column":0,"tokenIndex":16,"charIndex":0},"end":{"row":64,"column":0,"tokenIndex":17,"charIndex":3}},"confidenceScore":null},{"id":"1662746519","labeledBy":"LABELER","labeledByUserId":6814,"acceptedByUserId":null,"rejectedByUserId":null,"layer":0,"counter":0,"status":"ACCEPTED","hashCode":"SPAN:1R0C50AAwFbEp2O0WmRv6:0:64:0:19:0:64:0:19:3:0:undefined:undefined","labelName":"1R0C50AAwFbEp2O0WmRv6","labelItem":{"id":"1R0C50AAwFbEp2O0WmRv6","labelName":"Location"},"textPosition":{"start":{"row":64,"column":0,"tokenIndex":19,"charIndex":0},"end":{"row":64,"column":0,"tokenIndex":19,"charIndex":3}},"confidenceScore":null},{"id":"1662746525","labeledBy":"LABELER","labeledByUserId":6814,"acceptedByUserId":null,"rejectedByUserId":null,"layer":0,"counter":0,"status":"ACCEPTED","hashCode":"SPAN:1R0C50AAwFbEp2O0WmRv6:0:64:0:21:0:64:0:21:4:0:undefined:undefined","labelName":"1R0C50AAwFbEp2O0WmRv6","labelItem":{"id":"1R0C50AAwFbEp2O0WmRv6","labelName":"Location"},"textPosition":{"start":{"row":64,"column":0,"tokenIndex":21,"charIndex":0},"end":{"row":64,"column":0,"tokenIndex":21,"charIndex":4}},"confidenceScore":null},{"id":"1662746534","labeledBy":"LABELER","labeledByUserId":6814,"acceptedByUserId":null,"rejectedByUserId":null,"layer":0,"counter":0,"status":"ACCEPTED","hashCode":"SPAN:eS2knCRgLegeRw8bcmSWA:0:64:0:22:0:64:0:22:5:0:undefined:undefined","labelName":"eS2knCRgLegeRw8bcmSWA","labelItem":{"id":"eS2knCRgLegeRw8bcmSWA","labelName":"Skill"},"textPosition":{"start":{"row":64,"column":0,"tokenIndex":22,"charIndex":0},"end":{"row":64,"column":0,"tokenIndex":22,"charIndex":5}},"confidenceScore":null},{"id":"1662746565","labeledBy":"LABELER","labeledByUserId":6814,"acceptedByUserId":null,"rejectedByUserId":null,"layer":0,"counter":0,"status":"ACCEPTED","hashCode":"SPAN:eS2knCRgLegeRw8bcmSWA:0:71:0:3:0:71:0:3:11:0:undefined:undefined","labelName":"eS2knCRgLegeRw8bcmSWA","labelItem":{"id":"eS2knCRgLegeRw8bcmSWA","labelName":"Skill"},"textPosition":{"start":{"row":71,"column":0,"tokenIndex":3,"charIndex":0},"end":{"row":71,"column":0,"tokenIndex":3,"charIndex":11}},"confidenceScore":null},{"id":"1662746568","labeledBy":"LABELER","labeledByUserId":6814,"acceptedByUserId":null,"rejectedByUserId":null,"layer":0,"counter":0,"status":"ACCEPTED","hashCode":"SPAN:eS2knCRgLegeRw8bcmSWA:0:71:0:4:0:71:0:4:12:0:undefined:undefined","labelName":"eS2knCRgLegeRw8bcmSWA","labelItem":{"id":"eS2knCRgLegeRw8bcmSWA","labelName":"Skill"},"textPosition":{"start":{"row":71,"column":0,"tokenIndex":4,"charIndex":0},"end":{"row":71,"column":0,"tokenIndex":4,"charIndex":12}},"confidenceScore":null},{"id":"1662746571","labeledBy":"LABELER","labeledByUserId":6814,"acceptedByUserId":null,"rejectedByUserId":null,"layer":0,"counter":0,"status":"ACCEPTED","hashCode":"SPAN:eS2knCRgLegeRw8bcmSWA:0:71:0:6:0:71:0:7:7:0:undefined:undefined","labelName":"eS2knCRgLegeRw8bcmSWA","labelItem":{"id":"eS2knCRgLegeRw8bcmSWA","labelName":"Skill"},"textPosition":{"start":{"row":71,"column":0,"tokenIndex":6,"charIndex":0},"end":{"row":71,"column":0,"tokenIndex":7,"charIndex":7}},"confidenceScore":null},{"id":"1662746577","labeledBy":"LABELER","labeledByUserId":6814,"acceptedByUserId":null,"rejectedByUserId":null,"layer":0,"counter":0,"status":"ACCEPTED","hashCode":"SPAN:eS2knCRgLegeRw8bcmSWA:0:76:0:8:0:76:0:9:5:0:undefined:undefined","labelName":"eS2knCRgLegeRw8bcmSWA","labelItem":{"id":"eS2knCRgLegeRw8bcmSWA","labelName":"Skill"},"textPosition":{"start":{"row":76,"column":0,"tokenIndex":8,"charIndex":0},"end":{"row":76,"column":0,"tokenIndex":9,"charIndex":5}},"confidenceScore":null},{"id":"1662746580","labeledBy":"LABELER","labeledByUserId":6814,"acceptedByUserId":null,"rejectedByUserId":null,"layer":0,"counter":0,"status":"ACCEPTED","hashCode":"SPAN:eS2knCRgLegeRw8bcmSWA:0:76:0:11:0:76:0:12:12:0:undefined:undefined","labelName":"eS2knCRgLegeRw8bcmSWA","labelItem":{"id":"eS2knCRgLegeRw8bcmSWA","labelName":"Skill"},"textPosition":{"start":{"row":76,"column":0,"tokenIndex":11,"charIndex":0},"end":{"row":76,"column":0,"tokenIndex":12,"charIndex":12}},"confidenceScore":null},{"id":"1662746583","labeledBy":"LABELER","labeledByUserId":6814,"acceptedByUserId":null,"rejectedByUserId":null,"layer":0,"counter":0,"status":"ACCEPTED","hashCode":"SPAN:SJEkdao76hjwbb6Fh5SY6:0:80:0:0:0:80:0:3:6:0:undefined:undefined","labelName":"SJEkdao76hjwbb6Fh5SY6","labelItem":{"id":"SJEkdao76hjwbb6Fh5SY6","labelName":"Job Title"},"textPosition":{"start":{"row":80,"column":0,"tokenIndex":0,"charIndex":0},"end":{"row":80,"column":0,"tokenIndex":3,"charIndex":6}},"confidenceScore":null},{"id":"1662746592","labeledBy":"LABELER","labeledByUserId":6814,"acceptedByUserId":null,"rejectedByUserId":null,"layer":0,"counter":0,"status":"ACCEPTED","hashCode":"SPAN:KiLarWmwlU1E3-FfdG6Qg:0:80:0:5:0:80:0:12:4:0:undefined:undefined","labelName":"KiLarWmwlU1E3-FfdG6Qg","labelItem":{"id":"KiLarWmwlU1E3-FfdG6Qg","labelName":"Project"},"textPosition":{"start":{"row":80,"column":0,"tokenIndex":5,"charIndex":0},"end":{"row":80,"column":0,"tokenIndex":12,"charIndex":4}},"confidenceScore":null},{"id":"1662746589","labeledBy":"LABELER","labeledByUserId":6814,"acceptedByUserId":null,"rejectedByUserId":null,"layer":0,"counter":0,"status":"ACCEPTED","hashCode":"SPAN:BjO8MdvK2KI4E5iMEeY4B:0:80:0:13:0:80:0:14:3:0:undefined:undefined","labelName":"BjO8MdvK2KI4E5iMEeY4B","labelItem":{"id":"BjO8MdvK2KI4E5iMEeY4B","labelName":"Graduation Year"},"textPosition":{"start":{"row":80,"column":0,"tokenIndex":13,"charIndex":0},"end":{"row":80,"column":0,"tokenIndex":14,"charIndex":3}},"confidenceScore":null},{"id":"1662746598","labeledBy":"LABELER","labeledByUserId":6814,"acceptedByUserId":null,"rejectedByUserId":null,"layer":0,"counter":0,"status":"ACCEPTED","hashCode":"SPAN:BjO8MdvK2KI4E5iMEeY4B:0:80:0:16:0:80:0:17:3:0:undefined:undefined","labelName":"BjO8MdvK2KI4E5iMEeY4B","labelItem":{"id":"BjO8MdvK2KI4E5iMEeY4B","labelName":"Graduation Year"},"textPosition":{"start":{"row":80,"column":0,"tokenIndex":16,"charIndex":0},"end":{"row":80,"column":0,"tokenIndex":17,"charIndex":3}},"confidenceScore":null},{"id":"1662746601","labeledBy":"LABELER","labeledByUserId":6814,"acceptedByUserId":null,"rejectedByUserId":null,"layer":0,"counter":0,"status":"ACCEPTED","hashCode":"SPAN:rj7TW0-ymuRo6f_asXJab:0:80:0:18:0:80:0:19:3:0:undefined:undefined","labelName":"rj7TW0-ymuRo6f_asXJab","labelItem":{"id":"rj7TW0-ymuRo6f_asXJab","labelName":"Company Name"},"textPosition":{"start":{"row":80,"column":0,"tokenIndex":18,"charIndex":0},"end":{"row":80,"column":0,"tokenIndex":19,"charIndex":3}},"confidenceScore":null},{"id":"1662746607","labeledBy":"LABELER","labeledByUserId":6814,"acceptedByUserId":null,"rejectedByUserId":null,"layer":0,"counter":0,"status":"ACCEPTED","hashCode":"SPAN:1R0C50AAwFbEp2O0WmRv6:0:80:0:21:0:80:0:21:3:0:undefined:undefined","labelName":"1R0C50AAwFbEp2O0WmRv6","labelItem":{"id":"1R0C50AAwFbEp2O0WmRv6","labelName":"Location"},"textPosition":{"start":{"row":80,"column":0,"tokenIndex":21,"charIndex":0},"end":{"row":80,"column":0,"tokenIndex":21,"charIndex":3}},"confidenceScore":null},{"id":"1662746610","labeledBy":"LABELER","labeledByUserId":6814,"acceptedByUserId":null,"rejectedByUserId":null,"layer":0,"counter":0,"status":"ACCEPTED","hashCode":"SPAN:1R0C50AAwFbEp2O0WmRv6:0:80:0:23:0:80:0:23:4:0:undefined:undefined","labelName":"1R0C50AAwFbEp2O0WmRv6","labelItem":{"id":"1R0C50AAwFbEp2O0WmRv6","labelName":"Location"},"textPosition":{"start":{"row":80,"column":0,"tokenIndex":23,"charIndex":0},"end":{"row":80,"column":0,"tokenIndex":23,"charIndex":4}},"confidenceScore":null},{"id":"1662746613","labeledBy":"LABELER","labeledByUserId":6814,"acceptedByUserId":null,"rejectedByUserId":null,"layer":0,"counter":0,"status":"ACCEPTED","hashCode":"SPAN:eS2knCRgLegeRw8bcmSWA:0:85:0:0:0:85:0:0:5:0:undefined:undefined","labelName":"eS2knCRgLegeRw8bcmSWA","labelItem":{"id":"eS2knCRgLegeRw8bcmSWA","labelName":"Skill"},"textPosition":{"start":{"row":85,"column":0,"tokenIndex":0,"charIndex":0},"end":{"row":85,"column":0,"tokenIndex":0,"charIndex":5}},"confidenceScore":null},{"id":"1662746616","labeledBy":"LABELER","labeledByUserId":6814,"acceptedByUserId":null,"rejectedByUserId":null,"layer":0,"counter":0,"status":"ACCEPTED","hashCode":"SPAN:IeEoIKabMl51BJE0gX2YL:0:89:0:1:0:89:0:3:6:0:undefined:undefined","labelName":"IeEoIKabMl51BJE0gX2YL","labelItem":{"id":"IeEoIKabMl51BJE0gX2YL","labelName":"Degree"},"textPosition":{"start":{"row":89,"column":0,"tokenIndex":1,"charIndex":0},"end":{"row":89,"column":0,"tokenIndex":3,"charIndex":6}},"confidenceScore":null},{"id":"1662746619","labeledBy":"LABELER","labeledByUserId":6814,"acceptedByUserId":null,"rejectedByUserId":null,"layer":0,"counter":0,"status":"ACCEPTED","hashCode":"SPAN:IeEoIKabMl51BJE0gX2YL:0:89:0:5:0:89:0:6:9:0:undefined:undefined","labelName":"IeEoIKabMl51BJE0gX2YL","labelItem":{"id":"IeEoIKabMl51BJE0gX2YL","labelName":"Degree"},"textPosition":{"start":{"row":89,"column":0,"tokenIndex":5,"charIndex":0},"end":{"row":89,"column":0,"tokenIndex":6,"charIndex":9}},"confidenceScore":null},{"id":"1662746622","labeledBy":"LABELER","labeledByUserId":6814,"acceptedByUserId":null,"rejectedByUserId":null,"layer":0,"counter":0,"status":"ACCEPTED","hashCode":"SPAN:BjO8MdvK2KI4E5iMEeY4B:0:89:0:7:0:89:0:7:3:0:undefined:undefined","labelName":"BjO8MdvK2KI4E5iMEeY4B","labelItem":{"id":"BjO8MdvK2KI4E5iMEeY4B","labelName":"Graduation Year"},"textPosition":{"start":{"row":89,"column":0,"tokenIndex":7,"charIndex":0},"end":{"row":89,"column":0,"tokenIndex":7,"charIndex":3}},"confidenceScore":null},{"id":"1662746625","labeledBy":"LABELER","labeledByUserId":6814,"acceptedByUserId":null,"rejectedByUserId":null,"layer":0,"counter":0,"status":"ACCEPTED","hashCode":"SPAN:Kj5U6n9NUqTXuWcB3c_7L:0:89:0:8:0:89:0:12:5:0:undefined:undefined","labelName":"Kj5U6n9NUqTXuWcB3c_7L","labelItem":{"id":"Kj5U6n9NUqTXuWcB3c_7L","labelName":"College"},"textPosition":{"start":{"row":89,"column":0,"tokenIndex":8,"charIndex":0},"end":{"row":89,"column":0,"tokenIndex":12,"charIndex":5}},"confidenceScore":null},{"id":"1662746628","labeledBy":"LABELER","labeledByUserId":6814,"acceptedByUserId":null,"rejectedByUserId":null,"layer":0,"counter":0,"status":"ACCEPTED","hashCode":"SPAN:1R0C50AAwFbEp2O0WmRv6:0:89:0:14:0:89:0:14:3:0:undefined:undefined","labelName":"1R0C50AAwFbEp2O0WmRv6","labelItem":{"id":"1R0C50AAwFbEp2O0WmRv6","labelName":"Location"},"textPosition":{"start":{"row":89,"column":0,"tokenIndex":14,"charIndex":0},"end":{"row":89,"column":0,"tokenIndex":14,"charIndex":3}},"confidenceScore":null},{"id":"1662746631","labeledBy":"LABELER","labeledByUserId":6814,"acceptedByUserId":null,"rejectedByUserId":null,"layer":0,"counter":0,"status":"ACCEPTED","hashCode":"SPAN:1R0C50AAwFbEp2O0WmRv6:0:89:0:16:0:89:0:16:4:0:undefined:undefined","labelName":"1R0C50AAwFbEp2O0WmRv6","labelItem":{"id":"1R0C50AAwFbEp2O0WmRv6","labelName":"Location"},"textPosition":{"start":{"row":89,"column":0,"tokenIndex":16,"charIndex":0},"end":{"row":89,"column":0,"tokenIndex":16,"charIndex":4}},"confidenceScore":null},{"id":"1662746634","labeledBy":"LABELER","labeledByUserId":6814,"acceptedByUserId":null,"rejectedByUserId":null,"layer":0,"counter":0,"status":"ACCEPTED","hashCode":"SPAN:1R0C50AAwFbEp2O0WmRv6:0:89:0:18:0:89:0:18:2:0:undefined:undefined","labelName":"1R0C50AAwFbEp2O0WmRv6","labelItem":{"id":"1R0C50AAwFbEp2O0WmRv6","labelName":"Location"},"textPosition":{"start":{"row":89,"column":0,"tokenIndex":18,"charIndex":0},"end":{"row":89,"column":0,"tokenIndex":18,"charIndex":2}},"confidenceScore":null},{"id":"1662746665","labeledBy":"LABELER","labeledByUserId":6814,"acceptedByUserId":null,"rejectedByUserId":null,"layer":0,"counter":0,"status":"ACCEPTED","hashCode":"SPAN:IeEoIKabMl51BJE0gX2YL:0:89:0:19:0:89:0:22:7:0:undefined:undefined","labelName":"IeEoIKabMl51BJE0gX2YL","labelItem":{"id":"IeEoIKabMl51BJE0gX2YL","labelName":"Degree"},"textPosition":{"start":{"row":89,"column":0,"tokenIndex":19,"charIndex":0},"end":{"row":89,"column":0,"tokenIndex":22,"charIndex":7}},"confidenceScore":null},{"id":"1662746669","labeledBy":"LABELER","labeledByUserId":6814,"acceptedByUserId":null,"rejectedByUserId":null,"layer":0,"counter":0,"status":"ACCEPTED","hashCode":"SPAN:BjO8MdvK2KI4E5iMEeY4B:0:89:0:23:0:89:0:23:3:0:undefined:undefined","labelName":"BjO8MdvK2KI4E5iMEeY4B","labelItem":{"id":"BjO8MdvK2KI4E5iMEeY4B","labelName":"Graduation Year"},"textPosition":{"start":{"row":89,"column":0,"tokenIndex":23,"charIndex":0},"end":{"row":89,"column":0,"tokenIndex":23,"charIndex":3}},"confidenceScore":null},{"id":"1662746674","labeledBy":"LABELER","labeledByUserId":6814,"acceptedByUserId":null,"rejectedByUserId":null,"layer":0,"counter":0,"status":"ACCEPTED","hashCode":"SPAN:Kj5U6n9NUqTXuWcB3c_7L:0:89:0:24:0:89:0:26:8:0:undefined:undefined","labelName":"Kj5U6n9NUqTXuWcB3c_7L","labelItem":{"id":"Kj5U6n9NUqTXuWcB3c_7L","labelName":"College"},"textPosition":{"start":{"row":89,"column":0,"tokenIndex":24,"charIndex":0},"end":{"row":89,"column":0,"tokenIndex":26,"charIndex":8}},"confidenceScore":null},{"id":"1662746677","labeledBy":"LABELER","labeledByUserId":6814,"acceptedByUserId":null,"rejectedByUserId":null,"layer":0,"counter":0,"status":"ACCEPTED","hashCode":"SPAN:1R0C50AAwFbEp2O0WmRv6:0:89:0:28:0:89:0:28:3:0:undefined:undefined","labelName":"1R0C50AAwFbEp2O0WmRv6","labelItem":{"id":"1R0C50AAwFbEp2O0WmRv6","labelName":"Location"},"textPosition":{"start":{"row":89,"column":0,"tokenIndex":28,"charIndex":0},"end":{"row":89,"column":0,"tokenIndex":28,"charIndex":3}},"confidenceScore":null},{"id":"1662746683","labeledBy":"LABELER","labeledByUserId":6814,"acceptedByUserId":null,"rejectedByUserId":null,"layer":0,"counter":0,"status":"ACCEPTED","hashCode":"SPAN:1R0C50AAwFbEp2O0WmRv6:0:89:0:30:0:89:0:30:4:0:undefined:undefined","labelName":"1R0C50AAwFbEp2O0WmRv6","labelItem":{"id":"1R0C50AAwFbEp2O0WmRv6","labelName":"Location"},"textPosition":{"start":{"row":89,"column":0,"tokenIndex":30,"charIndex":0},"end":{"row":89,"column":0,"tokenIndex":30,"charIndex":4}},"confidenceScore":null},{"id":"1662746686","labeledBy":"LABELER","labeledByUserId":6814,"acceptedByUserId":null,"rejectedByUserId":null,"layer":0,"counter":0,"status":"ACCEPTED","hashCode":"SPAN:eS2knCRgLegeRw8bcmSWA:0:89:0:31:0:89:0:35:6:0:undefined:undefined","labelName":"eS2knCRgLegeRw8bcmSWA","labelItem":{"id":"eS2knCRgLegeRw8bcmSWA","labelName":"Skill"},"textPosition":{"start":{"row":89,"column":0,"tokenIndex":31,"charIndex":0},"end":{"row":89,"column":0,"tokenIndex":35,"charIndex":6}},"confidenceScore":null},{"id":"1662746692","labeledBy":"LABELER","labeledByUserId":6814,"acceptedByUserId":null,"rejectedByUserId":null,"layer":0,"counter":0,"status":"ACCEPTED","hashCode":"SPAN:BjO8MdvK2KI4E5iMEeY4B:0:89:0:40:0:89:0:40:3:0:undefined:undefined","labelName":"BjO8MdvK2KI4E5iMEeY4B","labelItem":{"id":"BjO8MdvK2KI4E5iMEeY4B","labelName":"Graduation Year"},"textPosition":{"start":{"row":89,"column":0,"tokenIndex":40,"charIndex":0},"end":{"row":89,"column":0,"tokenIndex":40,"charIndex":3}},"confidenceScore":null},{"id":"1662746689","labeledBy":"LABELER","labeledByUserId":6814,"acceptedByUserId":null,"rejectedByUserId":null,"layer":0,"counter":0,"status":"ACCEPTED","hashCode":"SPAN:Kj5U6n9NUqTXuWcB3c_7L:0:89:0:41:0:89:0:43:8:0:undefined:undefined","labelName":"Kj5U6n9NUqTXuWcB3c_7L","labelItem":{"id":"Kj5U6n9NUqTXuWcB3c_7L","labelName":"College"},"textPosition":{"start":{"row":89,"column":0,"tokenIndex":41,"charIndex":0},"end":{"row":89,"column":0,"tokenIndex":43,"charIndex":8}},"confidenceScore":null},{"id":"1662746698","labeledBy":"LABELER","labeledByUserId":6814,"acceptedByUserId":null,"rejectedByUserId":null,"layer":0,"counter":0,"status":"ACCEPTED","hashCode":"SPAN:1R0C50AAwFbEp2O0WmRv6:0:89:0:45:0:89:0:45:3:0:undefined:undefined","labelName":"1R0C50AAwFbEp2O0WmRv6","labelItem":{"id":"1R0C50AAwFbEp2O0WmRv6","labelName":"Location"},"textPosition":{"start":{"row":89,"column":0,"tokenIndex":45,"charIndex":0},"end":{"row":89,"column":0,"tokenIndex":45,"charIndex":3}},"confidenceScore":null},{"id":"1662746701","labeledBy":"LABELER","labeledByUserId":6814,"acceptedByUserId":null,"rejectedByUserId":null,"layer":0,"counter":0,"status":"ACCEPTED","hashCode":"SPAN:1R0C50AAwFbEp2O0WmRv6:0:89:0:47:0:89:0:47:4:0:undefined:undefined","labelName":"1R0C50AAwFbEp2O0WmRv6","labelItem":{"id":"1R0C50AAwFbEp2O0WmRv6","labelName":"Location"},"textPosition":{"start":{"row":89,"column":0,"tokenIndex":47,"charIndex":0},"end":{"row":89,"column":0,"tokenIndex":47,"charIndex":4}},"confidenceScore":null}],"arrowLabels":[],"boundingBoxLabels":[],"timeLabels":[],"comments":[],"url":"datasaur://static/6814/54a36aa8-da96-4730-bc6b-ff2f50c5898d.txt"}}
