{"version":"1","data":{"project":{"id":"ODBjYmQ2MDg","name":"NLP SSM Final Project"},"document":{"id":"920230ac-6137-47b0-a55f-4551f86a3cce","name":"resume_6207_d2.txt"},"kinds":["TOKEN_BASED"],"rows":[[{"content":"Systems Administrator Systems Administrator IT Professional & Computer Science Student Las Vegas, NV IT professional with an interest in all things technology.","tokens":["Systems","Administrator","Systems","Administrator","IT","Professional","&","Computer","Science","Student","Las","Vegas,","NV","IT","professional","with","an","interest","in","all","things","technology."],"metadata":[]}],[{"content":"Currently working on my Computer Science degree through Oregon State's eCampus.","tokens":["Currently","working","on","my","Computer","Science","degree","through","Oregon","State's","eCampus."],"metadata":[]}],[{"content":"Authorized to work in the US for any employer Work Experience Systems Administrator WestStar Credit Union - Las Vegas, NV April 2018 to July 2018 Managed new hires and terminations in Active Directory, Exchange, and financial applications.","tokens":["Authorized","to","work","in","the","US","for","any","employer","Work","Experience","Systems","Administrator","WestStar","Credit","Union","-","Las","Vegas,","NV","April","2018","to","July","2018","Managed","new","hires","and","terminations","in","Active","Directory,","Exchange,","and","financial","applications."],"metadata":[]}],[{"content":"Created and maintained knowledge base for IT documentation using the MediaWiki platform.","tokens":["Created","and","maintained","knowledge","base","for","IT","documentation","using","the","MediaWiki","platform."],"metadata":[]}],[{"content":"Wrote programs in our core banking platform to generate data reports for IT and other departments.","tokens":["Wrote","programs","in","our","core","banking","platform","to","generate","data","reports","for","IT","and","other","departments."],"metadata":[]}],[{"content":"Examples of reports include statistics on account closures & openings, ATM usage, savings & checking account usage, etc. IT Support Technician WestStar Credit Union - Las Vegas, NV November 2016 to April 2018 Functioned as help desk and desktop support for 100+ Windows 7 PCs and 80+ users.","tokens":["Examples","of","reports","include","statistics","on","account","closures","&","openings,","ATM","usage,","savings","&","checking","account","usage,","etc.","IT","Support","Technician","WestStar","Credit","Union","-","Las","Vegas,","NV","November","2016","to","April","2018","Functioned","as","help","desk","and","desktop","support","for","100+","Windows","7","PCs","and","80+","users."],"metadata":[]}],[{"content":"Handled service requests over the phone, through emails, and tickets.","tokens":["Handled","service","requests","over","the","phone,","through","emails,","and","tickets."],"metadata":[]}],[{"content":"Visited local branches to install new equipment and perform maintenance.","tokens":["Visited","local","branches","to","install","new","equipment","and","perform","maintenance."],"metadata":[]}],[{"content":"Worked with Dell OptiPlex PCs.","tokens":["Worked","with","Dell","OptiPlex","PCs."],"metadata":[]}],[{"content":"Created basic scripts using PowerShell to automate tasks such as account creation & disabling.","tokens":["Created","basic","scripts","using","PowerShell","to","automate","tasks","such","as","account","creation","&","disabling."],"metadata":[]}],[{"content":"Assisted systems administrator with onboarding and offboarding users in Active Directory, imaging PCs, and other duties.","tokens":["Assisted","systems","administrator","with","onboarding","and","offboarding","users","in","Active","Directory,","imaging","PCs,","and","other","duties."],"metadata":[]}],[{"content":"Computer Lab Monitor The University of Alabama - Tuscaloosa, AL August 2013 to December 2013 Instructed teachers and students on how to use lab equipment, and offered basic troubleshooting when needed.","tokens":["Computer","Lab","Monitor","The","University","of","Alabama","-","Tuscaloosa,","AL","August","2013","to","December","2013","Instructed","teachers","and","students","on","how","to","use","lab","equipment,","and","offered","basic","troubleshooting","when","needed."],"metadata":[]}],[{"content":"Maintained lab equipment, and refilled supplies.","tokens":["Maintained","lab","equipment,","and","refilled","supplies."],"metadata":[]}],[{"content":"Education BS in Computer Science Oregon State University (eCampus) July 2018 to June 2020 BA in English Literature The University of Alabama - Tuscaloosa, AL May 2016 Skills Active Directory (2 years), Help Desk (2 years), Windows 7 (2 years), Exchange Server (1 year), Powershell (1 year), Desktop Support (2 years), Troubleshooting (2 years) Certifications/Licenses CompTIA A+ June 2016 to October 2020 https://www.certmetrics.com/comptia/public/verification.aspx?code=6DFZKTXEND142KSJ CompTIA Network+ July 2017 to October 2020 https://www.certmetrics.com/comptia/public/verification.aspx?code=4520E8QPGLFQQ5GG CompTIA Security+ October 2017 to October 2020 https://www.certmetrics.com/comptia/public/verification.aspx?code=W129F8WPEP141F5X","tokens":["Education","BS","in","Computer","Science","Oregon","State","University","(eCampus)","July","2018","to","June","2020","BA","in","English","Literature","The","University","of","Alabama","-","Tuscaloosa,","AL","May","2016","Skills","Active","Directory","(2","years),","Help","Desk","(2","years),","Windows","7","(2","years),","Exchange","Server","(1","year),","Powershell","(1","year),","Desktop","Support","(2","years),","Troubleshooting","(2","years)","Certifications/Licenses","CompTIA","A+","June","2016","to","October","2020","https://www.certmetrics.com/comptia/public/verification.aspx?code=6DFZKTXEND142KSJ","CompTIA","Network+","July","2017","to","October","2020","https://www.certmetrics.com/comptia/public/verification.aspx?code=4520E8QPGLFQQ5GG","CompTIA","Security+","October","2017","to","October","2020","https://www.certmetrics.com/comptia/public/verification.aspx?code=W129F8WPEP141F5X"],"metadata":[]}]],"labelerInfo":{"id":6814,"email":"cwilhel8@jh.edu","displayName":"Chris Wilhelm"},"labelSets":[{"name":"Resume Labels","index":0,"labelItems":[{"id":"Kj5U6n9NUqTXuWcB3c_7L","labelName":"College"},{"id":"rj7TW0-ymuRo6f_asXJab","labelName":"Company Name"},{"id":"SJEkdao76hjwbb6Fh5SY6","labelName":"Job Title"},{"id":"BjO8MdvK2KI4E5iMEeY4B","labelName":"Graduation Year"},{"id":"eS2knCRgLegeRw8bcmSWA","labelName":"Skill"},{"id":"IeEoIKabMl51BJE0gX2YL","labelName":"Degree"},{"id":"1R0C50AAwFbEp2O0WmRv6","labelName":"Location"},{"id":"zQcc4ygexJ_A3Gb0NeRTk","labelName":"Years of Experience"},{"id":"52S_6moRfhjC-yXgIBeCp","labelName":"Date"},{"id":"KiLarWmwlU1E3-FfdG6Qg","labelName":"Project"},{"id":"dyxKKTAxW1z5ifjPj42BI","labelName":"Name"}]}],"spanLabels":[{"id":"1663420422","labeledBy":"LABELER","labeledByUserId":6814,"acceptedByUserId":null,"rejectedByUserId":null,"layer":0,"counter":0,"status":"ACCEPTED","hashCode":"SPAN:SJEkdao76hjwbb6Fh5SY6:0:0:0:0:0:0:0:1:12:0:undefined:undefined","labelName":"SJEkdao76hjwbb6Fh5SY6","labelItem":{"id":"SJEkdao76hjwbb6Fh5SY6","labelName":"Job Title"},"textPosition":{"start":{"row":0,"column":0,"tokenIndex":0,"charIndex":0},"end":{"row":0,"column":0,"tokenIndex":1,"charIndex":12}},"confidenceScore":null},{"id":"1663420425","labeledBy":"LABELER","labeledByUserId":6814,"acceptedByUserId":null,"rejectedByUserId":null,"layer":0,"counter":0,"status":"ACCEPTED","hashCode":"SPAN:SJEkdao76hjwbb6Fh5SY6:0:0:0:2:0:0:0:3:12:0:undefined:undefined","labelName":"SJEkdao76hjwbb6Fh5SY6","labelItem":{"id":"SJEkdao76hjwbb6Fh5SY6","labelName":"Job Title"},"textPosition":{"start":{"row":0,"column":0,"tokenIndex":2,"charIndex":0},"end":{"row":0,"column":0,"tokenIndex":3,"charIndex":12}},"confidenceScore":null},{"id":"1663420428","labeledBy":"LABELER","labeledByUserId":6814,"acceptedByUserId":null,"rejectedByUserId":null,"layer":0,"counter":0,"status":"ACCEPTED","hashCode":"SPAN:eS2knCRgLegeRw8bcmSWA:0:0:0:4:0:0:0:5:11:0:undefined:undefined","labelName":"eS2knCRgLegeRw8bcmSWA","labelItem":{"id":"eS2knCRgLegeRw8bcmSWA","labelName":"Skill"},"textPosition":{"start":{"row":0,"column":0,"tokenIndex":4,"charIndex":0},"end":{"row":0,"column":0,"tokenIndex":5,"charIndex":11}},"confidenceScore":null},{"id":"1663420431","labeledBy":"LABELER","labeledByUserId":6814,"acceptedByUserId":null,"rejectedByUserId":null,"layer":0,"counter":0,"status":"ACCEPTED","hashCode":"SPAN:eS2knCRgLegeRw8bcmSWA:0:0:0:7:0:0:0:8:6:0:undefined:undefined","labelName":"eS2knCRgLegeRw8bcmSWA","labelItem":{"id":"eS2knCRgLegeRw8bcmSWA","labelName":"Skill"},"textPosition":{"start":{"row":0,"column":0,"tokenIndex":7,"charIndex":0},"end":{"row":0,"column":0,"tokenIndex":8,"charIndex":6}},"confidenceScore":null},{"id":"1663420434","labeledBy":"LABELER","labeledByUserId":6814,"acceptedByUserId":null,"rejectedByUserId":null,"layer":0,"counter":0,"status":"ACCEPTED","hashCode":"SPAN:1R0C50AAwFbEp2O0WmRv6:0:0:0:10:0:0:0:11:5:0:undefined:undefined","labelName":"1R0C50AAwFbEp2O0WmRv6","labelItem":{"id":"1R0C50AAwFbEp2O0WmRv6","labelName":"Location"},"textPosition":{"start":{"row":0,"column":0,"tokenIndex":10,"charIndex":0},"end":{"row":0,"column":0,"tokenIndex":11,"charIndex":5}},"confidenceScore":null},{"id":"1663420437","labeledBy":"LABELER","labeledByUserId":6814,"acceptedByUserId":null,"rejectedByUserId":null,"layer":0,"counter":0,"status":"ACCEPTED","hashCode":"SPAN:1R0C50AAwFbEp2O0WmRv6:0:0:0:12:0:0:0:12:1:0:undefined:undefined","labelName":"1R0C50AAwFbEp2O0WmRv6","labelItem":{"id":"1R0C50AAwFbEp2O0WmRv6","labelName":"Location"},"textPosition":{"start":{"row":0,"column":0,"tokenIndex":12,"charIndex":0},"end":{"row":0,"column":0,"tokenIndex":12,"charIndex":1}},"confidenceScore":null},{"id":"1663420440","labeledBy":"LABELER","labeledByUserId":6814,"acceptedByUserId":null,"rejectedByUserId":null,"layer":0,"counter":0,"status":"ACCEPTED","hashCode":"SPAN:SJEkdao76hjwbb6Fh5SY6:0:2:0:11:0:2:0:12:12:0:undefined:undefined","labelName":"SJEkdao76hjwbb6Fh5SY6","labelItem":{"id":"SJEkdao76hjwbb6Fh5SY6","labelName":"Job Title"},"textPosition":{"start":{"row":2,"column":0,"tokenIndex":11,"charIndex":0},"end":{"row":2,"column":0,"tokenIndex":12,"charIndex":12}},"confidenceScore":null},{"id":"1663420443","labeledBy":"LABELER","labeledByUserId":6814,"acceptedByUserId":null,"rejectedByUserId":null,"layer":0,"counter":0,"status":"ACCEPTED","hashCode":"SPAN:rj7TW0-ymuRo6f_asXJab:0:2:0:13:0:2:0:15:4:0:undefined:undefined","labelName":"rj7TW0-ymuRo6f_asXJab","labelItem":{"id":"rj7TW0-ymuRo6f_asXJab","labelName":"Company Name"},"textPosition":{"start":{"row":2,"column":0,"tokenIndex":13,"charIndex":0},"end":{"row":2,"column":0,"tokenIndex":15,"charIndex":4}},"confidenceScore":null},{"id":"1663420446","labeledBy":"LABELER","labeledByUserId":6814,"acceptedByUserId":null,"rejectedByUserId":null,"layer":0,"counter":0,"status":"ACCEPTED","hashCode":"SPAN:1R0C50AAwFbEp2O0WmRv6:0:2:0:17:0:2:0:18:5:0:undefined:undefined","labelName":"1R0C50AAwFbEp2O0WmRv6","labelItem":{"id":"1R0C50AAwFbEp2O0WmRv6","labelName":"Location"},"textPosition":{"start":{"row":2,"column":0,"tokenIndex":17,"charIndex":0},"end":{"row":2,"column":0,"tokenIndex":18,"charIndex":5}},"confidenceScore":null},{"id":"1663420449","labeledBy":"LABELER","labeledByUserId":6814,"acceptedByUserId":null,"rejectedByUserId":null,"layer":0,"counter":0,"status":"ACCEPTED","hashCode":"SPAN:1R0C50AAwFbEp2O0WmRv6:0:2:0:19:0:2:0:19:1:0:undefined:undefined","labelName":"1R0C50AAwFbEp2O0WmRv6","labelItem":{"id":"1R0C50AAwFbEp2O0WmRv6","labelName":"Location"},"textPosition":{"start":{"row":2,"column":0,"tokenIndex":19,"charIndex":0},"end":{"row":2,"column":0,"tokenIndex":19,"charIndex":1}},"confidenceScore":null},{"id":"1663420452","labeledBy":"LABELER","labeledByUserId":6814,"acceptedByUserId":null,"rejectedByUserId":null,"layer":0,"counter":0,"status":"ACCEPTED","hashCode":"SPAN:52S_6moRfhjC-yXgIBeCp:0:2:0:20:0:2:0:21:3:0:undefined:undefined","labelName":"52S_6moRfhjC-yXgIBeCp","labelItem":{"id":"52S_6moRfhjC-yXgIBeCp","labelName":"Date"},"textPosition":{"start":{"row":2,"column":0,"tokenIndex":20,"charIndex":0},"end":{"row":2,"column":0,"tokenIndex":21,"charIndex":3}},"confidenceScore":null},{"id":"1663420455","labeledBy":"LABELER","labeledByUserId":6814,"acceptedByUserId":null,"rejectedByUserId":null,"layer":0,"counter":0,"status":"ACCEPTED","hashCode":"SPAN:52S_6moRfhjC-yXgIBeCp:0:2:0:23:0:2:0:24:3:0:undefined:undefined","labelName":"52S_6moRfhjC-yXgIBeCp","labelItem":{"id":"52S_6moRfhjC-yXgIBeCp","labelName":"Date"},"textPosition":{"start":{"row":2,"column":0,"tokenIndex":23,"charIndex":0},"end":{"row":2,"column":0,"tokenIndex":24,"charIndex":3}},"confidenceScore":null},{"id":"1663420458","labeledBy":"LABELER","labeledByUserId":6814,"acceptedByUserId":null,"rejectedByUserId":null,"layer":0,"counter":0,"status":"ACCEPTED","hashCode":"SPAN:eS2knCRgLegeRw8bcmSWA:0:2:0:31:0:2:0:32:9:0:undefined:undefined","labelName":"eS2knCRgLegeRw8bcmSWA","labelItem":{"id":"eS2knCRgLegeRw8bcmSWA","labelName":"Skill"},"textPosition":{"start":{"row":2,"column":0,"tokenIndex":31,"charIndex":0},"end":{"row":2,"column":0,"tokenIndex":32,"charIndex":9}},"confidenceScore":null},{"id":"1663420461","labeledBy":"LABELER","labeledByUserId":6814,"acceptedByUserId":null,"rejectedByUserId":null,"layer":0,"counter":0,"status":"ACCEPTED","hashCode":"SPAN:eS2knCRgLegeRw8bcmSWA:0:2:0:33:0:2:0:33:8:0:undefined:undefined","labelName":"eS2knCRgLegeRw8bcmSWA","labelItem":{"id":"eS2knCRgLegeRw8bcmSWA","labelName":"Skill"},"textPosition":{"start":{"row":2,"column":0,"tokenIndex":33,"charIndex":0},"end":{"row":2,"column":0,"tokenIndex":33,"charIndex":8}},"confidenceScore":null},{"id":"1663420464","labeledBy":"LABELER","labeledByUserId":6814,"acceptedByUserId":null,"rejectedByUserId":null,"layer":0,"counter":0,"status":"ACCEPTED","hashCode":"SPAN:eS2knCRgLegeRw8bcmSWA:0:2:0:35:0:2:0:36:12:0:undefined:undefined","labelName":"eS2knCRgLegeRw8bcmSWA","labelItem":{"id":"eS2knCRgLegeRw8bcmSWA","labelName":"Skill"},"textPosition":{"start":{"row":2,"column":0,"tokenIndex":35,"charIndex":0},"end":{"row":2,"column":0,"tokenIndex":36,"charIndex":12}},"confidenceScore":null},{"id":"1663420467","labeledBy":"LABELER","labeledByUserId":6814,"acceptedByUserId":null,"rejectedByUserId":null,"layer":0,"counter":0,"status":"ACCEPTED","hashCode":"SPAN:eS2knCRgLegeRw8bcmSWA:0:3:0:6:0:3:0:7:12:0:undefined:undefined","labelName":"eS2knCRgLegeRw8bcmSWA","labelItem":{"id":"eS2knCRgLegeRw8bcmSWA","labelName":"Skill"},"textPosition":{"start":{"row":3,"column":0,"tokenIndex":6,"charIndex":0},"end":{"row":3,"column":0,"tokenIndex":7,"charIndex":12}},"confidenceScore":null},{"id":"1663420470","labeledBy":"LABELER","labeledByUserId":6814,"acceptedByUserId":null,"rejectedByUserId":null,"layer":0,"counter":0,"status":"ACCEPTED","hashCode":"SPAN:eS2knCRgLegeRw8bcmSWA:0:3:0:10:0:3:0:10:8:0:undefined:undefined","labelName":"eS2knCRgLegeRw8bcmSWA","labelItem":{"id":"eS2knCRgLegeRw8bcmSWA","labelName":"Skill"},"textPosition":{"start":{"row":3,"column":0,"tokenIndex":10,"charIndex":0},"end":{"row":3,"column":0,"tokenIndex":10,"charIndex":8}},"confidenceScore":null},{"id":"1663420473","labeledBy":"LABELER","labeledByUserId":6814,"acceptedByUserId":null,"rejectedByUserId":null,"layer":0,"counter":0,"status":"ACCEPTED","hashCode":"SPAN:SJEkdao76hjwbb6Fh5SY6:0:5:0:18:0:5:0:20:9:0:undefined:undefined","labelName":"SJEkdao76hjwbb6Fh5SY6","labelItem":{"id":"SJEkdao76hjwbb6Fh5SY6","labelName":"Job Title"},"textPosition":{"start":{"row":5,"column":0,"tokenIndex":18,"charIndex":0},"end":{"row":5,"column":0,"tokenIndex":20,"charIndex":9}},"confidenceScore":null},{"id":"1663420476","labeledBy":"LABELER","labeledByUserId":6814,"acceptedByUserId":null,"rejectedByUserId":null,"layer":0,"counter":0,"status":"ACCEPTED","hashCode":"SPAN:rj7TW0-ymuRo6f_asXJab:0:5:0:21:0:5:0:23:4:0:undefined:undefined","labelName":"rj7TW0-ymuRo6f_asXJab","labelItem":{"id":"rj7TW0-ymuRo6f_asXJab","labelName":"Company Name"},"textPosition":{"start":{"row":5,"column":0,"tokenIndex":21,"charIndex":0},"end":{"row":5,"column":0,"tokenIndex":23,"charIndex":4}},"confidenceScore":null},{"id":"1663420479","labeledBy":"LABELER","labeledByUserId":6814,"acceptedByUserId":null,"rejectedByUserId":null,"layer":0,"counter":0,"status":"ACCEPTED","hashCode":"SPAN:1R0C50AAwFbEp2O0WmRv6:0:5:0:25:0:5:0:26:5:0:undefined:undefined","labelName":"1R0C50AAwFbEp2O0WmRv6","labelItem":{"id":"1R0C50AAwFbEp2O0WmRv6","labelName":"Location"},"textPosition":{"start":{"row":5,"column":0,"tokenIndex":25,"charIndex":0},"end":{"row":5,"column":0,"tokenIndex":26,"charIndex":5}},"confidenceScore":null},{"id":"1663420482","labeledBy":"LABELER","labeledByUserId":6814,"acceptedByUserId":null,"rejectedByUserId":null,"layer":0,"counter":0,"status":"ACCEPTED","hashCode":"SPAN:1R0C50AAwFbEp2O0WmRv6:0:5:0:27:0:5:0:27:1:0:undefined:undefined","labelName":"1R0C50AAwFbEp2O0WmRv6","labelItem":{"id":"1R0C50AAwFbEp2O0WmRv6","labelName":"Location"},"textPosition":{"start":{"row":5,"column":0,"tokenIndex":27,"charIndex":0},"end":{"row":5,"column":0,"tokenIndex":27,"charIndex":1}},"confidenceScore":null},{"id":"1663420485","labeledBy":"LABELER","labeledByUserId":6814,"acceptedByUserId":null,"rejectedByUserId":null,"layer":0,"counter":0,"status":"ACCEPTED","hashCode":"SPAN:52S_6moRfhjC-yXgIBeCp:0:5:0:28:0:5:0:29:3:0:undefined:undefined","labelName":"52S_6moRfhjC-yXgIBeCp","labelItem":{"id":"52S_6moRfhjC-yXgIBeCp","labelName":"Date"},"textPosition":{"start":{"row":5,"column":0,"tokenIndex":28,"charIndex":0},"end":{"row":5,"column":0,"tokenIndex":29,"charIndex":3}},"confidenceScore":null},{"id":"1663420488","labeledBy":"LABELER","labeledByUserId":6814,"acceptedByUserId":null,"rejectedByUserId":null,"layer":0,"counter":0,"status":"ACCEPTED","hashCode":"SPAN:52S_6moRfhjC-yXgIBeCp:0:5:0:31:0:5:0:32:3:0:undefined:undefined","labelName":"52S_6moRfhjC-yXgIBeCp","labelItem":{"id":"52S_6moRfhjC-yXgIBeCp","labelName":"Date"},"textPosition":{"start":{"row":5,"column":0,"tokenIndex":31,"charIndex":0},"end":{"row":5,"column":0,"tokenIndex":32,"charIndex":3}},"confidenceScore":null},{"id":"1663420491","labeledBy":"LABELER","labeledByUserId":6814,"acceptedByUserId":null,"rejectedByUserId":null,"layer":0,"counter":0,"status":"ACCEPTED","hashCode":"SPAN:eS2knCRgLegeRw8bcmSWA:0:5:0:42:0:5:0:43:0:0:undefined:undefined","labelName":"eS2knCRgLegeRw8bcmSWA","labelItem":{"id":"eS2knCRgLegeRw8bcmSWA","labelName":"Skill"},"textPosition":{"start":{"row":5,"column":0,"tokenIndex":42,"charIndex":0},"end":{"row":5,"column":0,"tokenIndex":43,"charIndex":0}},"confidenceScore":null},{"id":"1663420494","labeledBy":"LABELER","labeledByUserId":6814,"acceptedByUserId":null,"rejectedByUserId":null,"layer":0,"counter":0,"status":"ACCEPTED","hashCode":"SPAN:eS2knCRgLegeRw8bcmSWA:0:8:0:2:0:8:0:4:3:0:undefined:undefined","labelName":"eS2knCRgLegeRw8bcmSWA","labelItem":{"id":"eS2knCRgLegeRw8bcmSWA","labelName":"Skill"},"textPosition":{"start":{"row":8,"column":0,"tokenIndex":2,"charIndex":0},"end":{"row":8,"column":0,"tokenIndex":4,"charIndex":3}},"confidenceScore":null},{"id":"1663420497","labeledBy":"LABELER","labeledByUserId":6814,"acceptedByUserId":null,"rejectedByUserId":null,"layer":0,"counter":0,"status":"ACCEPTED","hashCode":"SPAN:eS2knCRgLegeRw8bcmSWA:0:9:0:4:0:9:0:4:9:0:undefined:undefined","labelName":"eS2knCRgLegeRw8bcmSWA","labelItem":{"id":"eS2knCRgLegeRw8bcmSWA","labelName":"Skill"},"textPosition":{"start":{"row":9,"column":0,"tokenIndex":4,"charIndex":0},"end":{"row":9,"column":0,"tokenIndex":4,"charIndex":9}},"confidenceScore":null},{"id":"1663420500","labeledBy":"LABELER","labeledByUserId":6814,"acceptedByUserId":null,"rejectedByUserId":null,"layer":0,"counter":0,"status":"ACCEPTED","hashCode":"SPAN:eS2knCRgLegeRw8bcmSWA:0:10:0:1:0:10:0:2:12:0:undefined:undefined","labelName":"eS2knCRgLegeRw8bcmSWA","labelItem":{"id":"eS2knCRgLegeRw8bcmSWA","labelName":"Skill"},"textPosition":{"start":{"row":10,"column":0,"tokenIndex":1,"charIndex":0},"end":{"row":10,"column":0,"tokenIndex":2,"charIndex":12}},"confidenceScore":null},{"id":"1663420503","labeledBy":"LABELER","labeledByUserId":6814,"acceptedByUserId":null,"rejectedByUserId":null,"layer":0,"counter":0,"status":"ACCEPTED","hashCode":"SPAN:eS2knCRgLegeRw8bcmSWA:0:10:0:9:0:10:0:10:9:0:undefined:undefined","labelName":"eS2knCRgLegeRw8bcmSWA","labelItem":{"id":"eS2knCRgLegeRw8bcmSWA","labelName":"Skill"},"textPosition":{"start":{"row":10,"column":0,"tokenIndex":9,"charIndex":0},"end":{"row":10,"column":0,"tokenIndex":10,"charIndex":9}},"confidenceScore":null},{"id":"1663420505","labeledBy":"LABELER","labeledByUserId":6814,"acceptedByUserId":null,"rejectedByUserId":null,"layer":0,"counter":0,"status":"ACCEPTED","hashCode":"SPAN:eS2knCRgLegeRw8bcmSWA:0:10:0:11:0:10:0:12:3:0:undefined:undefined","labelName":"eS2knCRgLegeRw8bcmSWA","labelItem":{"id":"eS2knCRgLegeRw8bcmSWA","labelName":"Skill"},"textPosition":{"start":{"row":10,"column":0,"tokenIndex":11,"charIndex":0},"end":{"row":10,"column":0,"tokenIndex":12,"charIndex":3}},"confidenceScore":null},{"id":"1663420509","labeledBy":"LABELER","labeledByUserId":6814,"acceptedByUserId":null,"rejectedByUserId":null,"layer":0,"counter":0,"status":"ACCEPTED","hashCode":"SPAN:SJEkdao76hjwbb6Fh5SY6:0:11:0:0:0:11:0:2:6:0:undefined:undefined","labelName":"SJEkdao76hjwbb6Fh5SY6","labelItem":{"id":"SJEkdao76hjwbb6Fh5SY6","labelName":"Job Title"},"textPosition":{"start":{"row":11,"column":0,"tokenIndex":0,"charIndex":0},"end":{"row":11,"column":0,"tokenIndex":2,"charIndex":6}},"confidenceScore":null},{"id":"1663420512","labeledBy":"LABELER","labeledByUserId":6814,"acceptedByUserId":null,"rejectedByUserId":null,"layer":0,"counter":0,"status":"ACCEPTED","hashCode":"SPAN:rj7TW0-ymuRo6f_asXJab:0:11:0:3:0:11:0:6:6:0:undefined:undefined","labelName":"rj7TW0-ymuRo6f_asXJab","labelItem":{"id":"rj7TW0-ymuRo6f_asXJab","labelName":"Company Name"},"textPosition":{"start":{"row":11,"column":0,"tokenIndex":3,"charIndex":0},"end":{"row":11,"column":0,"tokenIndex":6,"charIndex":6}},"confidenceScore":null},{"id":"1663420515","labeledBy":"LABELER","labeledByUserId":6814,"acceptedByUserId":null,"rejectedByUserId":null,"layer":0,"counter":0,"status":"ACCEPTED","hashCode":"SPAN:1R0C50AAwFbEp2O0WmRv6:0:11:0:8:0:11:0:8:10:0:undefined:undefined","labelName":"1R0C50AAwFbEp2O0WmRv6","labelItem":{"id":"1R0C50AAwFbEp2O0WmRv6","labelName":"Location"},"textPosition":{"start":{"row":11,"column":0,"tokenIndex":8,"charIndex":0},"end":{"row":11,"column":0,"tokenIndex":8,"charIndex":10}},"confidenceScore":null},{"id":"1663420518","labeledBy":"LABELER","labeledByUserId":6814,"acceptedByUserId":null,"rejectedByUserId":null,"layer":0,"counter":0,"status":"ACCEPTED","hashCode":"SPAN:1R0C50AAwFbEp2O0WmRv6:0:11:0:9:0:11:0:9:1:0:undefined:undefined","labelName":"1R0C50AAwFbEp2O0WmRv6","labelItem":{"id":"1R0C50AAwFbEp2O0WmRv6","labelName":"Location"},"textPosition":{"start":{"row":11,"column":0,"tokenIndex":9,"charIndex":0},"end":{"row":11,"column":0,"tokenIndex":9,"charIndex":1}},"confidenceScore":null},{"id":"1663420521","labeledBy":"LABELER","labeledByUserId":6814,"acceptedByUserId":null,"rejectedByUserId":null,"layer":0,"counter":0,"status":"ACCEPTED","hashCode":"SPAN:52S_6moRfhjC-yXgIBeCp:0:11:0:10:0:11:0:11:3:0:undefined:undefined","labelName":"52S_6moRfhjC-yXgIBeCp","labelItem":{"id":"52S_6moRfhjC-yXgIBeCp","labelName":"Date"},"textPosition":{"start":{"row":11,"column":0,"tokenIndex":10,"charIndex":0},"end":{"row":11,"column":0,"tokenIndex":11,"charIndex":3}},"confidenceScore":null},{"id":"1663420524","labeledBy":"LABELER","labeledByUserId":6814,"acceptedByUserId":null,"rejectedByUserId":null,"layer":0,"counter":0,"status":"ACCEPTED","hashCode":"SPAN:52S_6moRfhjC-yXgIBeCp:0:11:0:13:0:11:0:14:3:0:undefined:undefined","labelName":"52S_6moRfhjC-yXgIBeCp","labelItem":{"id":"52S_6moRfhjC-yXgIBeCp","labelName":"Date"},"textPosition":{"start":{"row":11,"column":0,"tokenIndex":13,"charIndex":0},"end":{"row":11,"column":0,"tokenIndex":14,"charIndex":3}},"confidenceScore":null},{"id":"1663420527","labeledBy":"LABELER","labeledByUserId":6814,"acceptedByUserId":null,"rejectedByUserId":null,"layer":0,"counter":0,"status":"ACCEPTED","hashCode":"SPAN:IeEoIKabMl51BJE0gX2YL:0:13:0:1:0:13:0:4:6:0:undefined:undefined","labelName":"IeEoIKabMl51BJE0gX2YL","labelItem":{"id":"IeEoIKabMl51BJE0gX2YL","labelName":"Degree"},"textPosition":{"start":{"row":13,"column":0,"tokenIndex":1,"charIndex":0},"end":{"row":13,"column":0,"tokenIndex":4,"charIndex":6}},"confidenceScore":null},{"id":"1663420530","labeledBy":"LABELER","labeledByUserId":6814,"acceptedByUserId":null,"rejectedByUserId":null,"layer":0,"counter":0,"status":"ACCEPTED","hashCode":"SPAN:Kj5U6n9NUqTXuWcB3c_7L:0:13:0:5:0:13:0:8:8:0:undefined:undefined","labelName":"Kj5U6n9NUqTXuWcB3c_7L","labelItem":{"id":"Kj5U6n9NUqTXuWcB3c_7L","labelName":"College"},"textPosition":{"start":{"row":13,"column":0,"tokenIndex":5,"charIndex":0},"end":{"row":13,"column":0,"tokenIndex":8,"charIndex":8}},"confidenceScore":null},{"id":"1663420533","labeledBy":"LABELER","labeledByUserId":6814,"acceptedByUserId":null,"rejectedByUserId":null,"layer":0,"counter":0,"status":"ACCEPTED","hashCode":"SPAN:52S_6moRfhjC-yXgIBeCp:0:13:0:9:0:13:0:10:3:0:undefined:undefined","labelName":"52S_6moRfhjC-yXgIBeCp","labelItem":{"id":"52S_6moRfhjC-yXgIBeCp","labelName":"Date"},"textPosition":{"start":{"row":13,"column":0,"tokenIndex":9,"charIndex":0},"end":{"row":13,"column":0,"tokenIndex":10,"charIndex":3}},"confidenceScore":null},{"id":"1663420536","labeledBy":"LABELER","labeledByUserId":6814,"acceptedByUserId":null,"rejectedByUserId":null,"layer":0,"counter":0,"status":"ACCEPTED","hashCode":"SPAN:52S_6moRfhjC-yXgIBeCp:0:13:0:12:0:13:0:13:3:0:undefined:undefined","labelName":"52S_6moRfhjC-yXgIBeCp","labelItem":{"id":"52S_6moRfhjC-yXgIBeCp","labelName":"Date"},"textPosition":{"start":{"row":13,"column":0,"tokenIndex":12,"charIndex":0},"end":{"row":13,"column":0,"tokenIndex":13,"charIndex":3}},"confidenceScore":null},{"id":"1663420539","labeledBy":"LABELER","labeledByUserId":6814,"acceptedByUserId":null,"rejectedByUserId":null,"layer":0,"counter":0,"status":"ACCEPTED","hashCode":"SPAN:IeEoIKabMl51BJE0gX2YL:0:13:0:14:0:13:0:17:9:0:undefined:undefined","labelName":"IeEoIKabMl51BJE0gX2YL","labelItem":{"id":"IeEoIKabMl51BJE0gX2YL","labelName":"Degree"},"textPosition":{"start":{"row":13,"column":0,"tokenIndex":14,"charIndex":0},"end":{"row":13,"column":0,"tokenIndex":17,"charIndex":9}},"confidenceScore":null},{"id":"1663420542","labeledBy":"LABELER","labeledByUserId":6814,"acceptedByUserId":null,"rejectedByUserId":null,"layer":0,"counter":0,"status":"ACCEPTED","hashCode":"SPAN:Kj5U6n9NUqTXuWcB3c_7L:0:13:0:18:0:13:0:21:6:0:undefined:undefined","labelName":"Kj5U6n9NUqTXuWcB3c_7L","labelItem":{"id":"Kj5U6n9NUqTXuWcB3c_7L","labelName":"College"},"textPosition":{"start":{"row":13,"column":0,"tokenIndex":18,"charIndex":0},"end":{"row":13,"column":0,"tokenIndex":21,"charIndex":6}},"confidenceScore":null},{"id":"1663420545","labeledBy":"LABELER","labeledByUserId":6814,"acceptedByUserId":null,"rejectedByUserId":null,"layer":0,"counter":0,"status":"ACCEPTED","hashCode":"SPAN:1R0C50AAwFbEp2O0WmRv6:0:13:0:23:0:13:0:23:10:0:undefined:undefined","labelName":"1R0C50AAwFbEp2O0WmRv6","labelItem":{"id":"1R0C50AAwFbEp2O0WmRv6","labelName":"Location"},"textPosition":{"start":{"row":13,"column":0,"tokenIndex":23,"charIndex":0},"end":{"row":13,"column":0,"tokenIndex":23,"charIndex":10}},"confidenceScore":null},{"id":"1663420548","labeledBy":"LABELER","labeledByUserId":6814,"acceptedByUserId":null,"rejectedByUserId":null,"layer":0,"counter":0,"status":"ACCEPTED","hashCode":"SPAN:1R0C50AAwFbEp2O0WmRv6:0:13:0:24:0:13:0:24:1:0:undefined:undefined","labelName":"1R0C50AAwFbEp2O0WmRv6","labelItem":{"id":"1R0C50AAwFbEp2O0WmRv6","labelName":"Location"},"textPosition":{"start":{"row":13,"column":0,"tokenIndex":24,"charIndex":0},"end":{"row":13,"column":0,"tokenIndex":24,"charIndex":1}},"confidenceScore":null},{"id":"1663420551","labeledBy":"LABELER","labeledByUserId":6814,"acceptedByUserId":null,"rejectedByUserId":null,"layer":0,"counter":0,"status":"ACCEPTED","hashCode":"SPAN:BjO8MdvK2KI4E5iMEeY4B:0:13:0:25:0:13:0:26:3:0:undefined:undefined","labelName":"BjO8MdvK2KI4E5iMEeY4B","labelItem":{"id":"BjO8MdvK2KI4E5iMEeY4B","labelName":"Graduation Year"},"textPosition":{"start":{"row":13,"column":0,"tokenIndex":25,"charIndex":0},"end":{"row":13,"column":0,"tokenIndex":26,"charIndex":3}},"confidenceScore":null},{"id":"1663420554","labeledBy":"LABELER","labeledByUserId":6814,"acceptedByUserId":null,"rejectedByUserId":null,"layer":0,"counter":0,"status":"ACCEPTED","hashCode":"SPAN:eS2knCRgLegeRw8bcmSWA:0:13:0:28:0:13:0:29:8:0:undefined:undefined","labelName":"eS2knCRgLegeRw8bcmSWA","labelItem":{"id":"eS2knCRgLegeRw8bcmSWA","labelName":"Skill"},"textPosition":{"start":{"row":13,"column":0,"tokenIndex":28,"charIndex":0},"end":{"row":13,"column":0,"tokenIndex":29,"charIndex":8}},"confidenceScore":null},{"id":"1663420557","labeledBy":"LABELER","labeledByUserId":6814,"acceptedByUserId":null,"rejectedByUserId":null,"layer":0,"counter":0,"status":"ACCEPTED","hashCode":"SPAN:eS2knCRgLegeRw8bcmSWA:0:13:0:32:0:13:0:33:3:0:undefined:undefined","labelName":"eS2knCRgLegeRw8bcmSWA","labelItem":{"id":"eS2knCRgLegeRw8bcmSWA","labelName":"Skill"},"textPosition":{"start":{"row":13,"column":0,"tokenIndex":32,"charIndex":0},"end":{"row":13,"column":0,"tokenIndex":33,"charIndex":3}},"confidenceScore":null},{"id":"1663420560","labeledBy":"LABELER","labeledByUserId":6814,"acceptedByUserId":null,"rejectedByUserId":null,"layer":0,"counter":0,"status":"ACCEPTED","hashCode":"SPAN:eS2knCRgLegeRw8bcmSWA:0:13:0:36:0:13:0:37:0:0:undefined:undefined","labelName":"eS2knCRgLegeRw8bcmSWA","labelItem":{"id":"eS2knCRgLegeRw8bcmSWA","labelName":"Skill"},"textPosition":{"start":{"row":13,"column":0,"tokenIndex":36,"charIndex":0},"end":{"row":13,"column":0,"tokenIndex":37,"charIndex":0}},"confidenceScore":null},{"id":"1663420563","labeledBy":"LABELER","labeledByUserId":6814,"acceptedByUserId":null,"rejectedByUserId":null,"layer":0,"counter":0,"status":"ACCEPTED","hashCode":"SPAN:eS2knCRgLegeRw8bcmSWA:0:13:0:44:0:13:0:44:9:0:undefined:undefined","labelName":"eS2knCRgLegeRw8bcmSWA","labelItem":{"id":"eS2knCRgLegeRw8bcmSWA","labelName":"Skill"},"textPosition":{"start":{"row":13,"column":0,"tokenIndex":44,"charIndex":0},"end":{"row":13,"column":0,"tokenIndex":44,"charIndex":9}},"confidenceScore":null},{"id":"1663420566","labeledBy":"LABELER","labeledByUserId":6814,"acceptedByUserId":null,"rejectedByUserId":null,"layer":0,"counter":0,"status":"ACCEPTED","hashCode":"SPAN:eS2knCRgLegeRw8bcmSWA:0:13:0:47:0:13:0:48:6:0:undefined:undefined","labelName":"eS2knCRgLegeRw8bcmSWA","labelItem":{"id":"eS2knCRgLegeRw8bcmSWA","labelName":"Skill"},"textPosition":{"start":{"row":13,"column":0,"tokenIndex":47,"charIndex":0},"end":{"row":13,"column":0,"tokenIndex":48,"charIndex":6}},"confidenceScore":null},{"id":"1663420569","labeledBy":"LABELER","labeledByUserId":6814,"acceptedByUserId":null,"rejectedByUserId":null,"layer":0,"counter":0,"status":"ACCEPTED","hashCode":"SPAN:eS2knCRgLegeRw8bcmSWA:0:13:0:51:0:13:0:51:14:0:undefined:undefined","labelName":"eS2knCRgLegeRw8bcmSWA","labelItem":{"id":"eS2knCRgLegeRw8bcmSWA","labelName":"Skill"},"textPosition":{"start":{"row":13,"column":0,"tokenIndex":51,"charIndex":0},"end":{"row":13,"column":0,"tokenIndex":51,"charIndex":14}},"confidenceScore":null},{"id":"1663420572","labeledBy":"LABELER","labeledByUserId":6814,"acceptedByUserId":null,"rejectedByUserId":null,"layer":0,"counter":0,"status":"ACCEPTED","hashCode":"SPAN:eS2knCRgLegeRw8bcmSWA:0:13:0:55:0:13:0:56:1:0:undefined:undefined","labelName":"eS2knCRgLegeRw8bcmSWA","labelItem":{"id":"eS2knCRgLegeRw8bcmSWA","labelName":"Skill"},"textPosition":{"start":{"row":13,"column":0,"tokenIndex":55,"charIndex":0},"end":{"row":13,"column":0,"tokenIndex":56,"charIndex":1}},"confidenceScore":null},{"id":"1663420575","labeledBy":"LABELER","labeledByUserId":6814,"acceptedByUserId":null,"rejectedByUserId":null,"layer":0,"counter":0,"status":"ACCEPTED","hashCode":"SPAN:eS2knCRgLegeRw8bcmSWA:0:13:0:63:0:13:0:64:7:0:undefined:undefined","labelName":"eS2knCRgLegeRw8bcmSWA","labelItem":{"id":"eS2knCRgLegeRw8bcmSWA","labelName":"Skill"},"textPosition":{"start":{"row":13,"column":0,"tokenIndex":63,"charIndex":0},"end":{"row":13,"column":0,"tokenIndex":64,"charIndex":7}},"confidenceScore":null},{"id":"1663420578","labeledBy":"LABELER","labeledByUserId":6814,"acceptedByUserId":null,"rejectedByUserId":null,"layer":0,"counter":0,"status":"ACCEPTED","hashCode":"SPAN:eS2knCRgLegeRw8bcmSWA:0:13:0:71:0:13:0:72:8:0:undefined:undefined","labelName":"eS2knCRgLegeRw8bcmSWA","labelItem":{"id":"eS2knCRgLegeRw8bcmSWA","labelName":"Skill"},"textPosition":{"start":{"row":13,"column":0,"tokenIndex":71,"charIndex":0},"end":{"row":13,"column":0,"tokenIndex":72,"charIndex":8}},"confidenceScore":null}],"arrowLabels":[],"boundingBoxLabels":[],"timeLabels":[],"comments":[],"url":"datasaur://static/6814/dbfcf87f-0f03-4099-94d4-6cc7b2b7e885.txt"}}
