{"version":"1","data":{"project":{"id":"ODBjYmQ2MDg","name":"NLP SSM Final Project"},"document":{"id":"d4665c04-16f5-40eb-80db-e9e3412ca167","name":"resume_544_d1.txt"},"kinds":["TOKEN_BASED"],"rows":[[{"content":"ADMINISTRATIVE ASSISTANT Summary Masters prepared Administrative Assistant seeking a position as Human Resource Assistant.","tokens":["ADMINISTRATIVE","ASSISTANT","Summary","Masters","prepared","Administrative","Assistant","seeking","a","position","as","Human","Resource","Assistant."],"metadata":[]}],[{"content":"Exceptional administrative skills, human resource experience, and 13 years of experience working with C-suite executives.","tokens":["Exceptional","administrative","skills,","human","resource","experience,","and","13","years","of","experience","working","with","C-suite","executives."],"metadata":[]}],[{"content":"Highlights Microsoft Outlook, Word, Excel, Power Point, Adobe Pro, SharePoint.","tokens":["Highlights","Microsoft","Outlook,","Word,","Excel,","Power","Point,","Adobe","Pro,","SharePoint."],"metadata":[]}],[{"content":"Accomplishments Supported SVP through personal document management, calendar organization and collateral preparation for meetings.","tokens":["Accomplishments","Supported","SVP","through","personal","document","management,","calendar","organization","and","collateral","preparation","for","meetings."],"metadata":[]}],[{"content":"Experience Company Name City , State Administrative Assistant 10/2014 to 11/2015 Provide administrative support to Director of Operations and Plant Manager including managing their complex calendars and making domestic and international travel arrangements.","tokens":["Experience","Company","Name","City",",","State","Administrative","Assistant","10/2014","to","11/2015","Provide","administrative","support","to","Director","of","Operations","and","Plant","Manager","including","managing","their","complex","calendars","and","making","domestic","and","international","travel","arrangements."],"metadata":[]}],[{"content":"Prepare presentations and assist in creation and editing of monthly newsletter.","tokens":["Prepare","presentations","and","assist","in","creation","and","editing","of","monthly","newsletter."],"metadata":[]}],[{"content":"Prepare Global Reports & compile Management Reports.","tokens":["Prepare","Global","Reports","&","compile","Management","Reports."],"metadata":[]}],[{"content":"Reconcile expense reports.","tokens":["Reconcile","expense","reports."],"metadata":[]}],[{"content":"Organize off site meetings and Career Fairs.","tokens":["Organize","off","site","meetings","and","Career","Fairs."],"metadata":[]}],[{"content":"Open, sort, and distribute incoming correspondence, including faxes and email.","tokens":["Open,","sort,","and","distribute","incoming","correspondence,","including","faxes","and","email."],"metadata":[]}],[{"content":"Coordinate catering for luncheons and other meetings.","tokens":["Coordinate","catering","for","luncheons","and","other","meetings."],"metadata":[]}],[{"content":"Company Name City , State Administrative Assistant II 09/2013 to 09/2014 Provided administrative support to Chief Academic Officer and VP of Research.","tokens":["Company","Name","City",",","State","Administrative","Assistant","II","09/2013","to","09/2014","Provided","administrative","support","to","Chief","Academic","Officer","and","VP","of","Research."],"metadata":[]}],[{"content":"Managed calendars for two busy corporate executives while ensuring deadlines and time lines were met.","tokens":["Managed","calendars","for","two","busy","corporate","executives","while","ensuring","deadlines","and","time","lines","were","met."],"metadata":[]}],[{"content":"Managed technology and c partner/stakeholder relationships.","tokens":["Managed","technology","and","c","partner/stakeholder","relationships."],"metadata":[]}],[{"content":"Transcribed/compiled meeting minutes.","tokens":["Transcribed/compiled","meeting","minutes."],"metadata":[]}],[{"content":"Reviewed and processed expense reports.","tokens":["Reviewed","and","processed","expense","reports."],"metadata":[]}],[{"content":"Coordinated Department meetings and trainings.","tokens":["Coordinated","Department","meetings","and","trainings."],"metadata":[]}],[{"content":"Arranged travel.","tokens":["Arranged","travel."],"metadata":[]}],[{"content":"Performed payroll functions, such as maintained timekeeping information and processed and submitted payroll.","tokens":["Performed","payroll","functions,","such","as","maintained","timekeeping","information","and","processed","and","submitted","payroll."],"metadata":[]}],[{"content":"Proofread and ensured company policies were followed.","tokens":["Proofread","and","ensured","company","policies","were","followed."],"metadata":[]}],[{"content":"Managed paper or electronic filing systems.","tokens":["Managed","paper","or","electronic","filing","systems."],"metadata":[]}],[{"content":"Company Name City , State EA/Project Manager 11/2012 to 07/2013 Provided system and project planning; and administrative support to SVP.","tokens":["Company","Name","City",",","State","EA/Project","Manager","11/2012","to","07/2013","Provided","system","and","project","planning;","and","administrative","support","to","SVP."],"metadata":[]}],[{"content":"Estimated, executed, and implemented projects within the system.","tokens":["Estimated,","executed,","and","implemented","projects","within","the","system."],"metadata":[]}],[{"content":"Ensured deadlines and time lines were met.","tokens":["Ensured","deadlines","and","time","lines","were","met."],"metadata":[]}],[{"content":"Demonstrated superior skills in managing data and in using data to drive decision making.","tokens":["Demonstrated","superior","skills","in","managing","data","and","in","using","data","to","drive","decision","making."],"metadata":[]}],[{"content":"Trained users and answered questions.","tokens":["Trained","users","and","answered","questions."],"metadata":[]}],[{"content":"Presented research findings to groups of people.","tokens":["Presented","research","findings","to","groups","of","people."],"metadata":[]}],[{"content":"Performed needs assessments in order to determine the types of research and information that were required.","tokens":["Performed","needs","assessments","in","order","to","determine","the","types","of","research","and","information","that","were","required."],"metadata":[]}],[{"content":"Served as gate keeper for SVP Managed calendar and made travel arrangements for SVP.","tokens":["Served","as","gate","keeper","for","SVP","Managed","calendar","and","made","travel","arrangements","for","SVP."],"metadata":[]}],[{"content":"Company Name City , State EA/Supervising Corporate Assistant 03/2008 to 09/2012 Supervised corporate assistants and provided administrative support to SVP.","tokens":["Company","Name","City",",","State","EA/Supervising","Corporate","Assistant","03/2008","to","09/2012","Supervised","corporate","assistants","and","provided","administrative","support","to","SVP."],"metadata":[]}],[{"content":"Performed Human Resources responsibilities such as: selection, interviewing, hiring, on-boarding, training, and employee engagement.","tokens":["Performed","Human","Resources","responsibilities","such","as:","selection,","interviewing,","hiring,","on-boarding,","training,","and","employee","engagement."],"metadata":[]}],[{"content":"Assisted with CEO search Reviewed job performance issues with employees to identify causes and issues and worked on resolving issues.","tokens":["Assisted","with","CEO","search","Reviewed","job","performance","issues","with","employees","to","identify","causes","and","issues","and","worked","on","resolving","issues."],"metadata":[]}],[{"content":"Interpreted and communicated procedures and policies to staff.","tokens":["Interpreted","and","communicated","procedures","and","policies","to","staff."],"metadata":[]}],[{"content":"Managed projects for Clinical Operations Department Filed and retrieved corporate documents, records, and reports.","tokens":["Managed","projects","for","Clinical","Operations","Department","Filed","and","retrieved","corporate","documents,","records,","and","reports."],"metadata":[]}],[{"content":"Prepared agendas and materials for meetings.","tokens":["Prepared","agendas","and","materials","for","meetings."],"metadata":[]}],[{"content":"Helped with departmental budget preparation.","tokens":["Helped","with","departmental","budget","preparation."],"metadata":[]}],[{"content":"Created, maintained, and entered information into databases.","tokens":["Created,","maintained,","and","entered","information","into","databases."],"metadata":[]}],[{"content":"Set up and managed paper and electronic filing systems.","tokens":["Set","up","and","managed","paper","and","electronic","filing","systems."],"metadata":[]}],[{"content":"Composed and distributed meeting notes, reports, and presentations using Microsoft Word, Excel, or Power Point.","tokens":["Composed","and","distributed","meeting","notes,","reports,","and","presentations","using","Microsoft","Word,","Excel,","or","Power","Point."],"metadata":[]}],[{"content":"Arranged conference, meeting, and travel reservations.","tokens":["Arranged","conference,","meeting,","and","travel","reservations."],"metadata":[]}],[{"content":"Conducted Internet based searches.","tokens":["Conducted","Internet","based","searches."],"metadata":[]}],[{"content":"Reviewed work done by others to check spelling and grammar, and ensured company policies were followed (proofreader).","tokens":["Reviewed","work","done","by","others","to","check","spelling","and","grammar,","and","ensured","company","policies","were","followed","(proofreader)."],"metadata":[]}],[{"content":"Set up media equipment for meetings and web conferences.","tokens":["Set","up","media","equipment","for","meetings","and","web","conferences."],"metadata":[]}],[{"content":"Company Name City , State EA/Corporate Assistant 03/2001 to 03/2008 Provided administrative support to SVP.","tokens":["Company","Name","City",",","State","EA/Corporate","Assistant","03/2001","to","03/2008","Provided","administrative","support","to","SVP."],"metadata":[]}],[{"content":"Managed executive's schedule and served as gate keeper.","tokens":["Managed","executive's","schedule","and","served","as","gate","keeper."],"metadata":[]}],[{"content":"Screened SVP's calls and assigned callers to appropriate parties.","tokens":["Screened","SVP's","calls","and","assigned","callers","to","appropriate","parties."],"metadata":[]}],[{"content":"Compiled, transcribed, and distributed meeting minutes.","tokens":["Compiled,","transcribed,","and","distributed","meeting","minutes."],"metadata":[]}],[{"content":"Performed general office duties, such as ordered supplies and maintained records management database systems.","tokens":["Performed","general","office","duties,","such","as","ordered","supplies","and","maintained","records","management","database","systems."],"metadata":[]}],[{"content":"Made domestic and international travel arrangements.","tokens":["Made","domestic","and","international","travel","arrangements."],"metadata":[]}],[{"content":"Prepared agendas and made arrangements, such as coordinated catering for luncheons, for committee, board, and other meetings.","tokens":["Prepared","agendas","and","made","arrangements,","such","as","coordinated","catering","for","luncheons,","for","committee,","board,","and","other","meetings."],"metadata":[]}],[{"content":"Provided back up for CEO Executive Assistant.","tokens":["Provided","back","up","for","CEO","Executive","Assistant."],"metadata":[]}],[{"content":"Managed projects within Clinical Operations.","tokens":["Managed","projects","within","Clinical","Operations."],"metadata":[]}],[{"content":"Prepared Power Point presentations and Board packets.","tokens":["Prepared","Power","Point","presentations","and","Board","packets."],"metadata":[]}],[{"content":"Planned and organized retreats and significant events.","tokens":["Planned","and","organized","retreats","and","significant","events."],"metadata":[]}],[{"content":"Reviewed and processed expense reports for eight executives.","tokens":["Reviewed","and","processed","expense","reports","for","eight","executives."],"metadata":[]}],[{"content":"Compiled and reported payroll reports for clinical operations staff.","tokens":["Compiled","and","reported","payroll","reports","for","clinical","operations","staff."],"metadata":[]}],[{"content":"Company Name City , State Executive Assistant 10/2000 to 03/2001 Provided administrative support to President of Home Health Maintained President's calendar in Microsoft Outlook.","tokens":["Company","Name","City",",","State","Executive","Assistant","10/2000","to","03/2001","Provided","administrative","support","to","President","of","Home","Health","Maintained","President's","calendar","in","Microsoft","Outlook."],"metadata":[]}],[{"content":"Trained all new/current Provena Home Health employees to be proficient in Outlook.","tokens":["Trained","all","new/current","Provena","Home","Health","employees","to","be","proficient","in","Outlook."],"metadata":[]}],[{"content":"Scheduled appointments and meetings.","tokens":["Scheduled","appointments","and","meetings."],"metadata":[]}],[{"content":"Prepared meeting packets.","tokens":["Prepared","meeting","packets."],"metadata":[]}],[{"content":"Created tracking spreadsheets in Microsoft Excel.","tokens":["Created","tracking","spreadsheets","in","Microsoft","Excel."],"metadata":[]}],[{"content":"Prepared Power Point presentations and packets for Board Committee meetings Transcribed/compiled meeting minutes.","tokens":["Prepared","Power","Point","presentations","and","packets","for","Board","Committee","meetings","Transcribed/compiled","meeting","minutes."],"metadata":[]}],[{"content":"Education Master of Science : Management Human Resources Jan 2012 Indiana Wesleyan University , City , State Management Human Resources Bachelor of Science : Management Human Resources Jan 2007 Olivet Nazarene University , City , State GPA: Summa Cum Laude Management Human Resources Skills Decision making Screening Interviewing Multi-Tasking Presentations Project Management Newsletter Expense reports","tokens":["Education","Master","of","Science",":","Management","Human","Resources","Jan","2012","Indiana","Wesleyan","University",",","City",",","State","Management","Human","Resources","Bachelor","of","Science",":","Management","Human","Resources","Jan","2007","Olivet","Nazarene","University",",","City",",","State","GPA:","Summa","Cum","Laude","Management","Human","Resources","Skills","Decision","making","Screening","Interviewing","Multi-Tasking","Presentations","Project","Management","Newsletter","Expense","reports"],"metadata":[]}]],"labelerInfo":{"id":6814,"email":"cwilhel8@jh.edu","displayName":"Chris Wilhelm"},"labelSets":[{"name":"Resume Labels","index":0,"labelItems":[{"id":"Kj5U6n9NUqTXuWcB3c_7L","labelName":"College"},{"id":"rj7TW0-ymuRo6f_asXJab","labelName":"Company Name"},{"id":"SJEkdao76hjwbb6Fh5SY6","labelName":"Job Title"},{"id":"BjO8MdvK2KI4E5iMEeY4B","labelName":"Graduation Year"},{"id":"eS2knCRgLegeRw8bcmSWA","labelName":"Skill"},{"id":"IeEoIKabMl51BJE0gX2YL","labelName":"Degree"},{"id":"1R0C50AAwFbEp2O0WmRv6","labelName":"Location"},{"id":"zQcc4ygexJ_A3Gb0NeRTk","labelName":"Years of Experience"},{"id":"52S_6moRfhjC-yXgIBeCp","labelName":"Date"},{"id":"KiLarWmwlU1E3-FfdG6Qg","labelName":"Project"},{"id":"dyxKKTAxW1z5ifjPj42BI","labelName":"Name"}]}],"spanLabels":[{"id":"1663385244","labeledBy":"AUTO","labeledByUserId":null,"acceptedByUserId":null,"rejectedByUserId":null,"layer":0,"counter":0,"status":"LABELED","hashCode":"SPAN:SJEkdao76hjwbb6Fh5SY6:0:0:0:0:0:0:0:1:8:0:undefined:undefined","labelName":"SJEkdao76hjwbb6Fh5SY6","labelItem":{"id":"SJEkdao76hjwbb6Fh5SY6","labelName":"Job Title"},"textPosition":{"start":{"row":0,"column":0,"tokenIndex":0,"charIndex":0},"end":{"row":0,"column":0,"tokenIndex":1,"charIndex":8}},"confidenceScore":null},{"id":"1663385247","labeledBy":"AUTO","labeledByUserId":null,"acceptedByUserId":null,"rejectedByUserId":null,"layer":0,"counter":0,"status":"LABELED","hashCode":"SPAN:SJEkdao76hjwbb6Fh5SY6:0:0:0:5:0:0:0:6:8:0:undefined:undefined","labelName":"SJEkdao76hjwbb6Fh5SY6","labelItem":{"id":"SJEkdao76hjwbb6Fh5SY6","labelName":"Job Title"},"textPosition":{"start":{"row":0,"column":0,"tokenIndex":5,"charIndex":0},"end":{"row":0,"column":0,"tokenIndex":6,"charIndex":8}},"confidenceScore":null},{"id":"1663385250","labeledBy":"AUTO","labeledByUserId":null,"acceptedByUserId":null,"rejectedByUserId":null,"layer":0,"counter":0,"status":"LABELED","hashCode":"SPAN:SJEkdao76hjwbb6Fh5SY6:0:0:0:11:0:0:0:13:9:0:undefined:undefined","labelName":"SJEkdao76hjwbb6Fh5SY6","labelItem":{"id":"SJEkdao76hjwbb6Fh5SY6","labelName":"Job Title"},"textPosition":{"start":{"row":0,"column":0,"tokenIndex":11,"charIndex":0},"end":{"row":0,"column":0,"tokenIndex":13,"charIndex":9}},"confidenceScore":null},{"id":"1663385253","labeledBy":"AUTO","labeledByUserId":null,"acceptedByUserId":null,"rejectedByUserId":null,"layer":0,"counter":0,"status":"LABELED","hashCode":"SPAN:eS2knCRgLegeRw8bcmSWA:0:1:0:1:0:1:0:2:6:0:undefined:undefined","labelName":"eS2knCRgLegeRw8bcmSWA","labelItem":{"id":"eS2knCRgLegeRw8bcmSWA","labelName":"Skill"},"textPosition":{"start":{"row":1,"column":0,"tokenIndex":1,"charIndex":0},"end":{"row":1,"column":0,"tokenIndex":2,"charIndex":6}},"confidenceScore":null},{"id":"1663385256","labeledBy":"AUTO","labeledByUserId":null,"acceptedByUserId":null,"rejectedByUserId":null,"layer":0,"counter":0,"status":"LABELED","hashCode":"SPAN:eS2knCRgLegeRw8bcmSWA:0:1:0:3:0:1:0:4:7:0:undefined:undefined","labelName":"eS2knCRgLegeRw8bcmSWA","labelItem":{"id":"eS2knCRgLegeRw8bcmSWA","labelName":"Skill"},"textPosition":{"start":{"row":1,"column":0,"tokenIndex":3,"charIndex":0},"end":{"row":1,"column":0,"tokenIndex":4,"charIndex":7}},"confidenceScore":null},{"id":"1663385259","labeledBy":"AUTO","labeledByUserId":null,"acceptedByUserId":null,"rejectedByUserId":null,"layer":0,"counter":0,"status":"LABELED","hashCode":"SPAN:zQcc4ygexJ_A3Gb0NeRTk:0:1:0:7:0:1:0:8:4:0:undefined:undefined","labelName":"zQcc4ygexJ_A3Gb0NeRTk","labelItem":{"id":"zQcc4ygexJ_A3Gb0NeRTk","labelName":"Years of Experience"},"textPosition":{"start":{"row":1,"column":0,"tokenIndex":7,"charIndex":0},"end":{"row":1,"column":0,"tokenIndex":8,"charIndex":4}},"confidenceScore":null},{"id":"1663385262","labeledBy":"AUTO","labeledByUserId":null,"acceptedByUserId":null,"rejectedByUserId":null,"layer":0,"counter":0,"status":"LABELED","hashCode":"SPAN:eS2knCRgLegeRw8bcmSWA:0:2:0:1:0:2:0:2:7:0:undefined:undefined","labelName":"eS2knCRgLegeRw8bcmSWA","labelItem":{"id":"eS2knCRgLegeRw8bcmSWA","labelName":"Skill"},"textPosition":{"start":{"row":2,"column":0,"tokenIndex":1,"charIndex":0},"end":{"row":2,"column":0,"tokenIndex":2,"charIndex":7}},"confidenceScore":null},{"id":"1663385268","labeledBy":"AUTO","labeledByUserId":null,"acceptedByUserId":null,"rejectedByUserId":null,"layer":0,"counter":0,"status":"LABELED","hashCode":"SPAN:eS2knCRgLegeRw8bcmSWA:0:2:0:3:0:2:0:3:4:0:undefined:undefined","labelName":"eS2knCRgLegeRw8bcmSWA","labelItem":{"id":"eS2knCRgLegeRw8bcmSWA","labelName":"Skill"},"textPosition":{"start":{"row":2,"column":0,"tokenIndex":3,"charIndex":0},"end":{"row":2,"column":0,"tokenIndex":3,"charIndex":4}},"confidenceScore":null},{"id":"1663385265","labeledBy":"AUTO","labeledByUserId":null,"acceptedByUserId":null,"rejectedByUserId":null,"layer":0,"counter":0,"status":"LABELED","hashCode":"SPAN:eS2knCRgLegeRw8bcmSWA:0:2:0:4:0:2:0:4:5:0:undefined:undefined","labelName":"eS2knCRgLegeRw8bcmSWA","labelItem":{"id":"eS2knCRgLegeRw8bcmSWA","labelName":"Skill"},"textPosition":{"start":{"row":2,"column":0,"tokenIndex":4,"charIndex":0},"end":{"row":2,"column":0,"tokenIndex":4,"charIndex":5}},"confidenceScore":null},{"id":"1663385271","labeledBy":"AUTO","labeledByUserId":null,"acceptedByUserId":null,"rejectedByUserId":null,"layer":0,"counter":0,"status":"LABELED","hashCode":"SPAN:eS2knCRgLegeRw8bcmSWA:0:2:0:5:0:2:0:6:5:0:undefined:undefined","labelName":"eS2knCRgLegeRw8bcmSWA","labelItem":{"id":"eS2knCRgLegeRw8bcmSWA","labelName":"Skill"},"textPosition":{"start":{"row":2,"column":0,"tokenIndex":5,"charIndex":0},"end":{"row":2,"column":0,"tokenIndex":6,"charIndex":5}},"confidenceScore":null},{"id":"1663385274","labeledBy":"AUTO","labeledByUserId":null,"acceptedByUserId":null,"rejectedByUserId":null,"layer":0,"counter":0,"status":"LABELED","hashCode":"SPAN:eS2knCRgLegeRw8bcmSWA:0:2:0:7:0:2:0:8:3:0:undefined:undefined","labelName":"eS2knCRgLegeRw8bcmSWA","labelItem":{"id":"eS2knCRgLegeRw8bcmSWA","labelName":"Skill"},"textPosition":{"start":{"row":2,"column":0,"tokenIndex":7,"charIndex":0},"end":{"row":2,"column":0,"tokenIndex":8,"charIndex":3}},"confidenceScore":null},{"id":"1663385277","labeledBy":"AUTO","labeledByUserId":null,"acceptedByUserId":null,"rejectedByUserId":null,"layer":0,"counter":0,"status":"LABELED","hashCode":"SPAN:eS2knCRgLegeRw8bcmSWA:0:2:0:9:0:2:0:9:10:0:undefined:undefined","labelName":"eS2knCRgLegeRw8bcmSWA","labelItem":{"id":"eS2knCRgLegeRw8bcmSWA","labelName":"Skill"},"textPosition":{"start":{"row":2,"column":0,"tokenIndex":9,"charIndex":0},"end":{"row":2,"column":0,"tokenIndex":9,"charIndex":10}},"confidenceScore":null},{"id":"1663385280","labeledBy":"AUTO","labeledByUserId":null,"acceptedByUserId":null,"rejectedByUserId":null,"layer":0,"counter":0,"status":"LABELED","hashCode":"SPAN:SJEkdao76hjwbb6Fh5SY6:0:4:0:5:0:4:0:7:8:0:undefined:undefined","labelName":"SJEkdao76hjwbb6Fh5SY6","labelItem":{"id":"SJEkdao76hjwbb6Fh5SY6","labelName":"Job Title"},"textPosition":{"start":{"row":4,"column":0,"tokenIndex":5,"charIndex":0},"end":{"row":4,"column":0,"tokenIndex":7,"charIndex":8}},"confidenceScore":null},{"id":"1663385283","labeledBy":"AUTO","labeledByUserId":null,"acceptedByUserId":null,"rejectedByUserId":null,"layer":0,"counter":0,"status":"LABELED","hashCode":"SPAN:52S_6moRfhjC-yXgIBeCp:0:4:0:8:0:4:0:8:6:0:undefined:undefined","labelName":"52S_6moRfhjC-yXgIBeCp","labelItem":{"id":"52S_6moRfhjC-yXgIBeCp","labelName":"Date"},"textPosition":{"start":{"row":4,"column":0,"tokenIndex":8,"charIndex":0},"end":{"row":4,"column":0,"tokenIndex":8,"charIndex":6}},"confidenceScore":null},{"id":"1663385286","labeledBy":"AUTO","labeledByUserId":null,"acceptedByUserId":null,"rejectedByUserId":null,"layer":0,"counter":0,"status":"LABELED","hashCode":"SPAN:52S_6moRfhjC-yXgIBeCp:0:4:0:10:0:4:0:10:6:0:undefined:undefined","labelName":"52S_6moRfhjC-yXgIBeCp","labelItem":{"id":"52S_6moRfhjC-yXgIBeCp","labelName":"Date"},"textPosition":{"start":{"row":4,"column":0,"tokenIndex":10,"charIndex":0},"end":{"row":4,"column":0,"tokenIndex":10,"charIndex":6}},"confidenceScore":null},{"id":"1663385289","labeledBy":"AUTO","labeledByUserId":null,"acceptedByUserId":null,"rejectedByUserId":null,"layer":0,"counter":0,"status":"LABELED","hashCode":"SPAN:eS2knCRgLegeRw8bcmSWA:0:6:0:0:0:6:0:2:6:0:undefined:undefined","labelName":"eS2knCRgLegeRw8bcmSWA","labelItem":{"id":"eS2knCRgLegeRw8bcmSWA","labelName":"Skill"},"textPosition":{"start":{"row":6,"column":0,"tokenIndex":0,"charIndex":0},"end":{"row":6,"column":0,"tokenIndex":2,"charIndex":6}},"confidenceScore":null},{"id":"1663385293","labeledBy":"AUTO","labeledByUserId":null,"acceptedByUserId":null,"rejectedByUserId":null,"layer":0,"counter":0,"status":"LABELED","hashCode":"SPAN:eS2knCRgLegeRw8bcmSWA:0:6:0:4:0:6:0:6:7:0:undefined:undefined","labelName":"eS2knCRgLegeRw8bcmSWA","labelItem":{"id":"eS2knCRgLegeRw8bcmSWA","labelName":"Skill"},"textPosition":{"start":{"row":6,"column":0,"tokenIndex":4,"charIndex":0},"end":{"row":6,"column":0,"tokenIndex":6,"charIndex":7}},"confidenceScore":null},{"id":"1663385303","labeledBy":"AUTO","labeledByUserId":null,"acceptedByUserId":null,"rejectedByUserId":null,"layer":0,"counter":0,"status":"LABELED","hashCode":"SPAN:SJEkdao76hjwbb6Fh5SY6:0:11:0:4:0:11:0:7:1:0:undefined:undefined","labelName":"SJEkdao76hjwbb6Fh5SY6","labelItem":{"id":"SJEkdao76hjwbb6Fh5SY6","labelName":"Job Title"},"textPosition":{"start":{"row":11,"column":0,"tokenIndex":4,"charIndex":0},"end":{"row":11,"column":0,"tokenIndex":7,"charIndex":1}},"confidenceScore":null},{"id":"1663385306","labeledBy":"AUTO","labeledByUserId":null,"acceptedByUserId":null,"rejectedByUserId":null,"layer":0,"counter":0,"status":"LABELED","hashCode":"SPAN:52S_6moRfhjC-yXgIBeCp:0:11:0:8:0:11:0:8:6:0:undefined:undefined","labelName":"52S_6moRfhjC-yXgIBeCp","labelItem":{"id":"52S_6moRfhjC-yXgIBeCp","labelName":"Date"},"textPosition":{"start":{"row":11,"column":0,"tokenIndex":8,"charIndex":0},"end":{"row":11,"column":0,"tokenIndex":8,"charIndex":6}},"confidenceScore":null},{"id":"1663385309","labeledBy":"AUTO","labeledByUserId":null,"acceptedByUserId":null,"rejectedByUserId":null,"layer":0,"counter":0,"status":"LABELED","hashCode":"SPAN:52S_6moRfhjC-yXgIBeCp:0:11:0:10:0:11:0:10:6:0:undefined:undefined","labelName":"52S_6moRfhjC-yXgIBeCp","labelItem":{"id":"52S_6moRfhjC-yXgIBeCp","labelName":"Date"},"textPosition":{"start":{"row":11,"column":0,"tokenIndex":10,"charIndex":0},"end":{"row":11,"column":0,"tokenIndex":10,"charIndex":6}},"confidenceScore":null},{"id":"1663385312","labeledBy":"AUTO","labeledByUserId":null,"acceptedByUserId":null,"rejectedByUserId":null,"layer":0,"counter":0,"status":"LABELED","hashCode":"SPAN:eS2knCRgLegeRw8bcmSWA:0:12:0:0:0:12:0:1:8:0:undefined:undefined","labelName":"eS2knCRgLegeRw8bcmSWA","labelItem":{"id":"eS2knCRgLegeRw8bcmSWA","labelName":"Skill"},"textPosition":{"start":{"row":12,"column":0,"tokenIndex":0,"charIndex":0},"end":{"row":12,"column":0,"tokenIndex":1,"charIndex":8}},"confidenceScore":null},{"id":"1663385316","labeledBy":"AUTO","labeledByUserId":null,"acceptedByUserId":null,"rejectedByUserId":null,"layer":0,"counter":0,"status":"LABELED","hashCode":"SPAN:eS2knCRgLegeRw8bcmSWA:0:14:0:0:0:14:0:0:19:0:undefined:undefined","labelName":"eS2knCRgLegeRw8bcmSWA","labelItem":{"id":"eS2knCRgLegeRw8bcmSWA","labelName":"Skill"},"textPosition":{"start":{"row":14,"column":0,"tokenIndex":0,"charIndex":0},"end":{"row":14,"column":0,"tokenIndex":0,"charIndex":19}},"confidenceScore":null},{"id":"1663385320","labeledBy":"AUTO","labeledByUserId":null,"acceptedByUserId":null,"rejectedByUserId":null,"layer":0,"counter":0,"status":"LABELED","hashCode":"SPAN:SJEkdao76hjwbb6Fh5SY6:0:21:0:4:0:21:0:6:6:0:undefined:undefined","labelName":"SJEkdao76hjwbb6Fh5SY6","labelItem":{"id":"SJEkdao76hjwbb6Fh5SY6","labelName":"Job Title"},"textPosition":{"start":{"row":21,"column":0,"tokenIndex":4,"charIndex":0},"end":{"row":21,"column":0,"tokenIndex":6,"charIndex":6}},"confidenceScore":null},{"id":"1663385323","labeledBy":"AUTO","labeledByUserId":null,"acceptedByUserId":null,"rejectedByUserId":null,"layer":0,"counter":0,"status":"LABELED","hashCode":"SPAN:52S_6moRfhjC-yXgIBeCp:0:21:0:7:0:21:0:7:6:0:undefined:undefined","labelName":"52S_6moRfhjC-yXgIBeCp","labelItem":{"id":"52S_6moRfhjC-yXgIBeCp","labelName":"Date"},"textPosition":{"start":{"row":21,"column":0,"tokenIndex":7,"charIndex":0},"end":{"row":21,"column":0,"tokenIndex":7,"charIndex":6}},"confidenceScore":null},{"id":"1663385327","labeledBy":"AUTO","labeledByUserId":null,"acceptedByUserId":null,"rejectedByUserId":null,"layer":0,"counter":0,"status":"LABELED","hashCode":"SPAN:52S_6moRfhjC-yXgIBeCp:0:21:0:9:0:21:0:9:6:0:undefined:undefined","labelName":"52S_6moRfhjC-yXgIBeCp","labelItem":{"id":"52S_6moRfhjC-yXgIBeCp","labelName":"Date"},"textPosition":{"start":{"row":21,"column":0,"tokenIndex":9,"charIndex":0},"end":{"row":21,"column":0,"tokenIndex":9,"charIndex":6}},"confidenceScore":null},{"id":"1663385330","labeledBy":"AUTO","labeledByUserId":null,"acceptedByUserId":null,"rejectedByUserId":null,"layer":0,"counter":0,"status":"LABELED","hashCode":"SPAN:eS2knCRgLegeRw8bcmSWA:0:24:0:4:0:24:0:5:3:0:undefined:undefined","labelName":"eS2knCRgLegeRw8bcmSWA","labelItem":{"id":"eS2knCRgLegeRw8bcmSWA","labelName":"Skill"},"textPosition":{"start":{"row":24,"column":0,"tokenIndex":4,"charIndex":0},"end":{"row":24,"column":0,"tokenIndex":5,"charIndex":3}},"confidenceScore":null},{"id":"1663385334","labeledBy":"AUTO","labeledByUserId":null,"acceptedByUserId":null,"rejectedByUserId":null,"layer":0,"counter":0,"status":"LABELED","hashCode":"SPAN:SJEkdao76hjwbb6Fh5SY6:0:29:0:4:0:29:0:7:8:0:undefined:undefined","labelName":"SJEkdao76hjwbb6Fh5SY6","labelItem":{"id":"SJEkdao76hjwbb6Fh5SY6","labelName":"Job Title"},"textPosition":{"start":{"row":29,"column":0,"tokenIndex":4,"charIndex":0},"end":{"row":29,"column":0,"tokenIndex":7,"charIndex":8}},"confidenceScore":null},{"id":"1663385337","labeledBy":"AUTO","labeledByUserId":null,"acceptedByUserId":null,"rejectedByUserId":null,"layer":0,"counter":0,"status":"LABELED","hashCode":"SPAN:52S_6moRfhjC-yXgIBeCp:0:29:0:8:0:29:0:8:6:0:undefined:undefined","labelName":"52S_6moRfhjC-yXgIBeCp","labelItem":{"id":"52S_6moRfhjC-yXgIBeCp","labelName":"Date"},"textPosition":{"start":{"row":29,"column":0,"tokenIndex":8,"charIndex":0},"end":{"row":29,"column":0,"tokenIndex":8,"charIndex":6}},"confidenceScore":null},{"id":"1663385340","labeledBy":"AUTO","labeledByUserId":null,"acceptedByUserId":null,"rejectedByUserId":null,"layer":0,"counter":0,"status":"LABELED","hashCode":"SPAN:52S_6moRfhjC-yXgIBeCp:0:29:0:10:0:29:0:10:6:0:undefined:undefined","labelName":"52S_6moRfhjC-yXgIBeCp","labelItem":{"id":"52S_6moRfhjC-yXgIBeCp","labelName":"Date"},"textPosition":{"start":{"row":29,"column":0,"tokenIndex":10,"charIndex":0},"end":{"row":29,"column":0,"tokenIndex":10,"charIndex":6}},"confidenceScore":null},{"id":"1663385344","labeledBy":"AUTO","labeledByUserId":null,"acceptedByUserId":null,"rejectedByUserId":null,"layer":0,"counter":0,"status":"LABELED","hashCode":"SPAN:eS2knCRgLegeRw8bcmSWA:0:30:0:1:0:30:0:2:8:0:undefined:undefined","labelName":"eS2knCRgLegeRw8bcmSWA","labelItem":{"id":"eS2knCRgLegeRw8bcmSWA","labelName":"Skill"},"textPosition":{"start":{"row":30,"column":0,"tokenIndex":1,"charIndex":0},"end":{"row":30,"column":0,"tokenIndex":2,"charIndex":8}},"confidenceScore":null},{"id":"1663385347","labeledBy":"AUTO","labeledByUserId":null,"acceptedByUserId":null,"rejectedByUserId":null,"layer":0,"counter":0,"status":"LABELED","hashCode":"SPAN:eS2knCRgLegeRw8bcmSWA:0:30:0:7:0:30:0:7:12:0:undefined:undefined","labelName":"eS2knCRgLegeRw8bcmSWA","labelItem":{"id":"eS2knCRgLegeRw8bcmSWA","labelName":"Skill"},"textPosition":{"start":{"row":30,"column":0,"tokenIndex":7,"charIndex":0},"end":{"row":30,"column":0,"tokenIndex":7,"charIndex":12}},"confidenceScore":null},{"id":"1663385350","labeledBy":"AUTO","labeledByUserId":null,"acceptedByUserId":null,"rejectedByUserId":null,"layer":0,"counter":0,"status":"LABELED","hashCode":"SPAN:eS2knCRgLegeRw8bcmSWA:0:30:0:8:0:30:0:8:6:0:undefined:undefined","labelName":"eS2knCRgLegeRw8bcmSWA","labelItem":{"id":"eS2knCRgLegeRw8bcmSWA","labelName":"Skill"},"textPosition":{"start":{"row":30,"column":0,"tokenIndex":8,"charIndex":0},"end":{"row":30,"column":0,"tokenIndex":8,"charIndex":6}},"confidenceScore":null},{"id":"1663385353","labeledBy":"AUTO","labeledByUserId":null,"acceptedByUserId":null,"rejectedByUserId":null,"layer":0,"counter":0,"status":"LABELED","hashCode":"SPAN:eS2knCRgLegeRw8bcmSWA:0:30:0:9:0:30:0:9:11:0:undefined:undefined","labelName":"eS2knCRgLegeRw8bcmSWA","labelItem":{"id":"eS2knCRgLegeRw8bcmSWA","labelName":"Skill"},"textPosition":{"start":{"row":30,"column":0,"tokenIndex":9,"charIndex":0},"end":{"row":30,"column":0,"tokenIndex":9,"charIndex":11}},"confidenceScore":null},{"id":"1663385356","labeledBy":"AUTO","labeledByUserId":null,"acceptedByUserId":null,"rejectedByUserId":null,"layer":0,"counter":0,"status":"LABELED","hashCode":"SPAN:eS2knCRgLegeRw8bcmSWA:0:30:0:10:0:30:0:10:8:0:undefined:undefined","labelName":"eS2knCRgLegeRw8bcmSWA","labelItem":{"id":"eS2knCRgLegeRw8bcmSWA","labelName":"Skill"},"textPosition":{"start":{"row":30,"column":0,"tokenIndex":10,"charIndex":0},"end":{"row":30,"column":0,"tokenIndex":10,"charIndex":8}},"confidenceScore":null},{"id":"1663385359","labeledBy":"AUTO","labeledByUserId":null,"acceptedByUserId":null,"rejectedByUserId":null,"layer":0,"counter":0,"status":"LABELED","hashCode":"SPAN:eS2knCRgLegeRw8bcmSWA:0:38:0:9:0:38:0:10:4:0:undefined:undefined","labelName":"eS2knCRgLegeRw8bcmSWA","labelItem":{"id":"eS2knCRgLegeRw8bcmSWA","labelName":"Skill"},"textPosition":{"start":{"row":38,"column":0,"tokenIndex":9,"charIndex":0},"end":{"row":38,"column":0,"tokenIndex":10,"charIndex":4}},"confidenceScore":null},{"id":"1663385362","labeledBy":"AUTO","labeledByUserId":null,"acceptedByUserId":null,"rejectedByUserId":null,"layer":0,"counter":0,"status":"LABELED","hashCode":"SPAN:eS2knCRgLegeRw8bcmSWA:0:38:0:11:0:38:0:11:5:0:undefined:undefined","labelName":"eS2knCRgLegeRw8bcmSWA","labelItem":{"id":"eS2knCRgLegeRw8bcmSWA","labelName":"Skill"},"textPosition":{"start":{"row":38,"column":0,"tokenIndex":11,"charIndex":0},"end":{"row":38,"column":0,"tokenIndex":11,"charIndex":5}},"confidenceScore":null},{"id":"1663385365","labeledBy":"AUTO","labeledByUserId":null,"acceptedByUserId":null,"rejectedByUserId":null,"layer":0,"counter":0,"status":"LABELED","hashCode":"SPAN:eS2knCRgLegeRw8bcmSWA:0:38:0:13:0:38:0:14:5:0:undefined:undefined","labelName":"eS2knCRgLegeRw8bcmSWA","labelItem":{"id":"eS2knCRgLegeRw8bcmSWA","labelName":"Skill"},"textPosition":{"start":{"row":38,"column":0,"tokenIndex":13,"charIndex":0},"end":{"row":38,"column":0,"tokenIndex":14,"charIndex":5}},"confidenceScore":null},{"id":"1663385371","labeledBy":"AUTO","labeledByUserId":null,"acceptedByUserId":null,"rejectedByUserId":null,"layer":0,"counter":0,"status":"LABELED","hashCode":"SPAN:SJEkdao76hjwbb6Fh5SY6:0:43:0:4:0:43:0:6:8:0:undefined:undefined","labelName":"SJEkdao76hjwbb6Fh5SY6","labelItem":{"id":"SJEkdao76hjwbb6Fh5SY6","labelName":"Job Title"},"textPosition":{"start":{"row":43,"column":0,"tokenIndex":4,"charIndex":0},"end":{"row":43,"column":0,"tokenIndex":6,"charIndex":8}},"confidenceScore":null},{"id":"1663385375","labeledBy":"AUTO","labeledByUserId":null,"acceptedByUserId":null,"rejectedByUserId":null,"layer":0,"counter":0,"status":"LABELED","hashCode":"SPAN:52S_6moRfhjC-yXgIBeCp:0:43:0:7:0:43:0:7:6:0:undefined:undefined","labelName":"52S_6moRfhjC-yXgIBeCp","labelItem":{"id":"52S_6moRfhjC-yXgIBeCp","labelName":"Date"},"textPosition":{"start":{"row":43,"column":0,"tokenIndex":7,"charIndex":0},"end":{"row":43,"column":0,"tokenIndex":7,"charIndex":6}},"confidenceScore":null},{"id":"1663385378","labeledBy":"AUTO","labeledByUserId":null,"acceptedByUserId":null,"rejectedByUserId":null,"layer":0,"counter":0,"status":"LABELED","hashCode":"SPAN:52S_6moRfhjC-yXgIBeCp:0:43:0:9:0:43:0:9:6:0:undefined:undefined","labelName":"52S_6moRfhjC-yXgIBeCp","labelItem":{"id":"52S_6moRfhjC-yXgIBeCp","labelName":"Date"},"textPosition":{"start":{"row":43,"column":0,"tokenIndex":9,"charIndex":0},"end":{"row":43,"column":0,"tokenIndex":9,"charIndex":6}},"confidenceScore":null},{"id":"1663385385","labeledBy":"AUTO","labeledByUserId":null,"acceptedByUserId":null,"rejectedByUserId":null,"layer":0,"counter":0,"status":"LABELED","hashCode":"SPAN:SJEkdao76hjwbb6Fh5SY6:0:56:0:4:0:56:0:6:8:0:undefined:undefined","labelName":"SJEkdao76hjwbb6Fh5SY6","labelItem":{"id":"SJEkdao76hjwbb6Fh5SY6","labelName":"Job Title"},"textPosition":{"start":{"row":56,"column":0,"tokenIndex":4,"charIndex":0},"end":{"row":56,"column":0,"tokenIndex":6,"charIndex":8}},"confidenceScore":null},{"id":"1663385389","labeledBy":"AUTO","labeledByUserId":null,"acceptedByUserId":null,"rejectedByUserId":null,"layer":0,"counter":0,"status":"LABELED","hashCode":"SPAN:52S_6moRfhjC-yXgIBeCp:0:56:0:7:0:56:0:7:6:0:undefined:undefined","labelName":"52S_6moRfhjC-yXgIBeCp","labelItem":{"id":"52S_6moRfhjC-yXgIBeCp","labelName":"Date"},"textPosition":{"start":{"row":56,"column":0,"tokenIndex":7,"charIndex":0},"end":{"row":56,"column":0,"tokenIndex":7,"charIndex":6}},"confidenceScore":null},{"id":"1663385392","labeledBy":"AUTO","labeledByUserId":null,"acceptedByUserId":null,"rejectedByUserId":null,"layer":0,"counter":0,"status":"LABELED","hashCode":"SPAN:52S_6moRfhjC-yXgIBeCp:0:56:0:9:0:56:0:9:6:0:undefined:undefined","labelName":"52S_6moRfhjC-yXgIBeCp","labelItem":{"id":"52S_6moRfhjC-yXgIBeCp","labelName":"Date"},"textPosition":{"start":{"row":56,"column":0,"tokenIndex":9,"charIndex":0},"end":{"row":56,"column":0,"tokenIndex":9,"charIndex":6}},"confidenceScore":null},{"id":"1663385398","labeledBy":"AUTO","labeledByUserId":null,"acceptedByUserId":null,"rejectedByUserId":null,"layer":0,"counter":0,"status":"LABELED","hashCode":"SPAN:eS2knCRgLegeRw8bcmSWA:0:57:0:11:0:57:0:11:7:0:undefined:undefined","labelName":"eS2knCRgLegeRw8bcmSWA","labelItem":{"id":"eS2knCRgLegeRw8bcmSWA","labelName":"Skill"},"textPosition":{"start":{"row":57,"column":0,"tokenIndex":11,"charIndex":0},"end":{"row":57,"column":0,"tokenIndex":11,"charIndex":7}},"confidenceScore":null},{"id":"1663385395","labeledBy":"AUTO","labeledByUserId":null,"acceptedByUserId":null,"rejectedByUserId":null,"layer":0,"counter":0,"status":"LABELED","hashCode":"SPAN:eS2knCRgLegeRw8bcmSWA:0:60:0:4:0:60:0:5:5:0:undefined:undefined","labelName":"eS2knCRgLegeRw8bcmSWA","labelItem":{"id":"eS2knCRgLegeRw8bcmSWA","labelName":"Skill"},"textPosition":{"start":{"row":60,"column":0,"tokenIndex":4,"charIndex":0},"end":{"row":60,"column":0,"tokenIndex":5,"charIndex":5}},"confidenceScore":null},{"id":"1663385402","labeledBy":"AUTO","labeledByUserId":null,"acceptedByUserId":null,"rejectedByUserId":null,"layer":0,"counter":0,"status":"LABELED","hashCode":"SPAN:IeEoIKabMl51BJE0gX2YL:0:62:0:1:0:62:0:3:6:0:undefined:undefined","labelName":"IeEoIKabMl51BJE0gX2YL","labelItem":{"id":"IeEoIKabMl51BJE0gX2YL","labelName":"Degree"},"textPosition":{"start":{"row":62,"column":0,"tokenIndex":1,"charIndex":0},"end":{"row":62,"column":0,"tokenIndex":3,"charIndex":6}},"confidenceScore":null},{"id":"1663385405","labeledBy":"AUTO","labeledByUserId":null,"acceptedByUserId":null,"rejectedByUserId":null,"layer":0,"counter":0,"status":"LABELED","hashCode":"SPAN:IeEoIKabMl51BJE0gX2YL:0:62:0:1:0:62:0:7:8:0:undefined:undefined","labelName":"IeEoIKabMl51BJE0gX2YL","labelItem":{"id":"IeEoIKabMl51BJE0gX2YL","labelName":"Degree"},"textPosition":{"start":{"row":62,"column":0,"tokenIndex":1,"charIndex":0},"end":{"row":62,"column":0,"tokenIndex":7,"charIndex":8}},"confidenceScore":null},{"id":"1663396087","labeledBy":"AUTO","labeledByUserId":null,"acceptedByUserId":null,"rejectedByUserId":null,"layer":0,"counter":0,"status":"LABELED","hashCode":"SPAN:BjO8MdvK2KI4E5iMEeY4B:0:62:0:8:0:62:0:9:3:0:undefined:undefined","labelName":"BjO8MdvK2KI4E5iMEeY4B","labelItem":{"id":"BjO8MdvK2KI4E5iMEeY4B","labelName":"Graduation Year"},"textPosition":{"start":{"row":62,"column":0,"tokenIndex":8,"charIndex":0},"end":{"row":62,"column":0,"tokenIndex":9,"charIndex":3}},"confidenceScore":null},{"id":"1663385414","labeledBy":"AUTO","labeledByUserId":null,"acceptedByUserId":null,"rejectedByUserId":null,"layer":0,"counter":0,"status":"LABELED","hashCode":"SPAN:1R0C50AAwFbEp2O0WmRv6:0:62:0:10:0:62:0:10:6:0:undefined:undefined","labelName":"1R0C50AAwFbEp2O0WmRv6","labelItem":{"id":"1R0C50AAwFbEp2O0WmRv6","labelName":"Location"},"textPosition":{"start":{"row":62,"column":0,"tokenIndex":10,"charIndex":0},"end":{"row":62,"column":0,"tokenIndex":10,"charIndex":6}},"confidenceScore":null},{"id":"1663385411","labeledBy":"AUTO","labeledByUserId":null,"acceptedByUserId":null,"rejectedByUserId":null,"layer":0,"counter":0,"status":"LABELED","hashCode":"SPAN:Kj5U6n9NUqTXuWcB3c_7L:0:62:0:10:0:62:0:12:9:0:undefined:undefined","labelName":"Kj5U6n9NUqTXuWcB3c_7L","labelItem":{"id":"Kj5U6n9NUqTXuWcB3c_7L","labelName":"College"},"textPosition":{"start":{"row":62,"column":0,"tokenIndex":10,"charIndex":0},"end":{"row":62,"column":0,"tokenIndex":12,"charIndex":9}},"confidenceScore":null},{"id":"1663385417","labeledBy":"AUTO","labeledByUserId":null,"acceptedByUserId":null,"rejectedByUserId":null,"layer":0,"counter":0,"status":"LABELED","hashCode":"SPAN:IeEoIKabMl51BJE0gX2YL:0:62:0:20:0:62:0:26:8:0:undefined:undefined","labelName":"IeEoIKabMl51BJE0gX2YL","labelItem":{"id":"IeEoIKabMl51BJE0gX2YL","labelName":"Degree"},"textPosition":{"start":{"row":62,"column":0,"tokenIndex":20,"charIndex":0},"end":{"row":62,"column":0,"tokenIndex":26,"charIndex":8}},"confidenceScore":null},{"id":"1663396090","labeledBy":"AUTO","labeledByUserId":null,"acceptedByUserId":null,"rejectedByUserId":null,"layer":0,"counter":0,"status":"LABELED","hashCode":"SPAN:BjO8MdvK2KI4E5iMEeY4B:0:62:0:27:0:62:0:28:3:0:undefined:undefined","labelName":"BjO8MdvK2KI4E5iMEeY4B","labelItem":{"id":"BjO8MdvK2KI4E5iMEeY4B","labelName":"Graduation Year"},"textPosition":{"start":{"row":62,"column":0,"tokenIndex":27,"charIndex":0},"end":{"row":62,"column":0,"tokenIndex":28,"charIndex":3}},"confidenceScore":null},{"id":"1663385423","labeledBy":"AUTO","labeledByUserId":null,"acceptedByUserId":null,"rejectedByUserId":null,"layer":0,"counter":0,"status":"LABELED","hashCode":"SPAN:Kj5U6n9NUqTXuWcB3c_7L:0:62:0:29:0:62:0:31:9:0:undefined:undefined","labelName":"Kj5U6n9NUqTXuWcB3c_7L","labelItem":{"id":"Kj5U6n9NUqTXuWcB3c_7L","labelName":"College"},"textPosition":{"start":{"row":62,"column":0,"tokenIndex":29,"charIndex":0},"end":{"row":62,"column":0,"tokenIndex":31,"charIndex":9}},"confidenceScore":null},{"id":"1663385426","labeledBy":"AUTO","labeledByUserId":null,"acceptedByUserId":null,"rejectedByUserId":null,"layer":0,"counter":0,"status":"LABELED","hashCode":"SPAN:eS2knCRgLegeRw8bcmSWA:0:62:0:44:0:62:0:45:5:0:undefined:undefined","labelName":"eS2knCRgLegeRw8bcmSWA","labelItem":{"id":"eS2knCRgLegeRw8bcmSWA","labelName":"Skill"},"textPosition":{"start":{"row":62,"column":0,"tokenIndex":44,"charIndex":0},"end":{"row":62,"column":0,"tokenIndex":45,"charIndex":5}},"confidenceScore":null},{"id":"1663385429","labeledBy":"AUTO","labeledByUserId":null,"acceptedByUserId":null,"rejectedByUserId":null,"layer":0,"counter":0,"status":"LABELED","hashCode":"SPAN:eS2knCRgLegeRw8bcmSWA:0:62:0:46:0:62:0:46:8:0:undefined:undefined","labelName":"eS2knCRgLegeRw8bcmSWA","labelItem":{"id":"eS2knCRgLegeRw8bcmSWA","labelName":"Skill"},"textPosition":{"start":{"row":62,"column":0,"tokenIndex":46,"charIndex":0},"end":{"row":62,"column":0,"tokenIndex":46,"charIndex":8}},"confidenceScore":null},{"id":"1663385432","labeledBy":"AUTO","labeledByUserId":null,"acceptedByUserId":null,"rejectedByUserId":null,"layer":0,"counter":0,"status":"LABELED","hashCode":"SPAN:eS2knCRgLegeRw8bcmSWA:0:62:0:47:0:62:0:47:11:0:undefined:undefined","labelName":"eS2knCRgLegeRw8bcmSWA","labelItem":{"id":"eS2knCRgLegeRw8bcmSWA","labelName":"Skill"},"textPosition":{"start":{"row":62,"column":0,"tokenIndex":47,"charIndex":0},"end":{"row":62,"column":0,"tokenIndex":47,"charIndex":11}},"confidenceScore":null},{"id":"1663385435","labeledBy":"AUTO","labeledByUserId":null,"acceptedByUserId":null,"rejectedByUserId":null,"layer":0,"counter":0,"status":"LABELED","hashCode":"SPAN:eS2knCRgLegeRw8bcmSWA:0:62:0:48:0:62:0:48:12:0:undefined:undefined","labelName":"eS2knCRgLegeRw8bcmSWA","labelItem":{"id":"eS2knCRgLegeRw8bcmSWA","labelName":"Skill"},"textPosition":{"start":{"row":62,"column":0,"tokenIndex":48,"charIndex":0},"end":{"row":62,"column":0,"tokenIndex":48,"charIndex":12}},"confidenceScore":null},{"id":"1663385438","labeledBy":"AUTO","labeledByUserId":null,"acceptedByUserId":null,"rejectedByUserId":null,"layer":0,"counter":0,"status":"LABELED","hashCode":"SPAN:eS2knCRgLegeRw8bcmSWA:0:62:0:49:0:62:0:49:12:0:undefined:undefined","labelName":"eS2knCRgLegeRw8bcmSWA","labelItem":{"id":"eS2knCRgLegeRw8bcmSWA","labelName":"Skill"},"textPosition":{"start":{"row":62,"column":0,"tokenIndex":49,"charIndex":0},"end":{"row":62,"column":0,"tokenIndex":49,"charIndex":12}},"confidenceScore":null},{"id":"1663385441","labeledBy":"AUTO","labeledByUserId":null,"acceptedByUserId":null,"rejectedByUserId":null,"layer":0,"counter":0,"status":"LABELED","hashCode":"SPAN:eS2knCRgLegeRw8bcmSWA:0:62:0:50:0:62:0:51:9:0:undefined:undefined","labelName":"eS2knCRgLegeRw8bcmSWA","labelItem":{"id":"eS2knCRgLegeRw8bcmSWA","labelName":"Skill"},"textPosition":{"start":{"row":62,"column":0,"tokenIndex":50,"charIndex":0},"end":{"row":62,"column":0,"tokenIndex":51,"charIndex":9}},"confidenceScore":null},{"id":"1663385444","labeledBy":"AUTO","labeledByUserId":null,"acceptedByUserId":null,"rejectedByUserId":null,"layer":0,"counter":0,"status":"LABELED","hashCode":"SPAN:eS2knCRgLegeRw8bcmSWA:0:62:0:52:0:62:0:52:9:0:undefined:undefined","labelName":"eS2knCRgLegeRw8bcmSWA","labelItem":{"id":"eS2knCRgLegeRw8bcmSWA","labelName":"Skill"},"textPosition":{"start":{"row":62,"column":0,"tokenIndex":52,"charIndex":0},"end":{"row":62,"column":0,"tokenIndex":52,"charIndex":9}},"confidenceScore":null},{"id":"1663385447","labeledBy":"AUTO","labeledByUserId":null,"acceptedByUserId":null,"rejectedByUserId":null,"layer":0,"counter":0,"status":"LABELED","hashCode":"SPAN:eS2knCRgLegeRw8bcmSWA:0:62:0:53:0:62:0:54:6:0:undefined:undefined","labelName":"eS2knCRgLegeRw8bcmSWA","labelItem":{"id":"eS2knCRgLegeRw8bcmSWA","labelName":"Skill"},"textPosition":{"start":{"row":62,"column":0,"tokenIndex":53,"charIndex":0},"end":{"row":62,"column":0,"tokenIndex":54,"charIndex":6}},"confidenceScore":null}],"arrowLabels":[],"boundingBoxLabels":[],"timeLabels":[],"comments":[],"url":"datasaur://static/6814/25dc5883-00b4-43b8-a736-f342283de673.txt"}}
