{"version":"1","data":{"project":{"id":"ODBjYmQ2MDg","name":"NLP SSM Final Project"},"document":{"id":"86ca1571-022f-48d7-a5a5-675e850a538d","name":"resume_2198_d2.txt"},"kinds":["TOKEN_BASED"],"rows":[[{"content":"Full Stack java Developer Full Stack java Developer Dallas, TX Authorized to work in the US for any employer Work Experience Full Stack java Developer February 2013 to February 2017 Education Master's in Signal and information processing Tianjin university of technology and education - Tianjin September 2009 to September 2012 Bachelor's in Electrical and electronics technology Adama university - Adama September 2006 to September 2009 Skills Matlab, C++, Visual Basic, Java, Protel DXP","tokens":["Full","Stack","java","Developer","Full","Stack","java","Developer","Dallas,","TX","Authorized","to","work","in","the","US","for","any","employer","Work","Experience","Full","Stack","java","Developer","February","2013","to","February","2017","Education","Master's","in","Signal","and","information","processing","Tianjin","university","of","technology","and","education","-","Tianjin","September","2009","to","September","2012","Bachelor's","in","Electrical","and","electronics","technology","Adama","university","-","Adama","September","2006","to","September","2009","Skills","Matlab,","C++,","Visual","Basic,","Java,","Protel","DXP"],"metadata":[]}]],"labelerInfo":{"id":6814,"email":"cwilhel8@jh.edu","displayName":"Chris Wilhelm"},"labelSets":[{"name":"Resume Labels","index":0,"labelItems":[{"id":"Kj5U6n9NUqTXuWcB3c_7L","labelName":"College"},{"id":"rj7TW0-ymuRo6f_asXJab","labelName":"Company Name"},{"id":"SJEkdao76hjwbb6Fh5SY6","labelName":"Job Title"},{"id":"BjO8MdvK2KI4E5iMEeY4B","labelName":"Graduation Year"},{"id":"eS2knCRgLegeRw8bcmSWA","labelName":"Skill"},{"id":"IeEoIKabMl51BJE0gX2YL","labelName":"Degree"},{"id":"1R0C50AAwFbEp2O0WmRv6","labelName":"Location"},{"id":"zQcc4ygexJ_A3Gb0NeRTk","labelName":"Years of Experience"},{"id":"52S_6moRfhjC-yXgIBeCp","labelName":"Date"},{"id":"KiLarWmwlU1E3-FfdG6Qg","labelName":"Project"},{"id":"dyxKKTAxW1z5ifjPj42BI","labelName":"Name"}]}],"spanLabels":[{"id":"1663424092","labeledBy":"AUTO","labeledByUserId":null,"acceptedByUserId":null,"rejectedByUserId":null,"layer":0,"counter":0,"status":"LABELED","hashCode":"SPAN:SJEkdao76hjwbb6Fh5SY6:0:0:0:0:0:0:0:3:8:0:undefined:undefined","labelName":"SJEkdao76hjwbb6Fh5SY6","labelItem":{"id":"SJEkdao76hjwbb6Fh5SY6","labelName":"Job Title"},"textPosition":{"start":{"row":0,"column":0,"tokenIndex":0,"charIndex":0},"end":{"row":0,"column":0,"tokenIndex":3,"charIndex":8}},"confidenceScore":null},{"id":"1663424095","labeledBy":"AUTO","labeledByUserId":null,"acceptedByUserId":null,"rejectedByUserId":null,"layer":0,"counter":0,"status":"LABELED","hashCode":"SPAN:SJEkdao76hjwbb6Fh5SY6:0:0:0:4:0:0:0:7:8:0:undefined:undefined","labelName":"SJEkdao76hjwbb6Fh5SY6","labelItem":{"id":"SJEkdao76hjwbb6Fh5SY6","labelName":"Job Title"},"textPosition":{"start":{"row":0,"column":0,"tokenIndex":4,"charIndex":0},"end":{"row":0,"column":0,"tokenIndex":7,"charIndex":8}},"confidenceScore":null},{"id":"1663424098","labeledBy":"AUTO","labeledByUserId":null,"acceptedByUserId":null,"rejectedByUserId":null,"layer":0,"counter":0,"status":"LABELED","hashCode":"SPAN:1R0C50AAwFbEp2O0WmRv6:0:0:0:8:0:0:0:9:1:0:undefined:undefined","labelName":"1R0C50AAwFbEp2O0WmRv6","labelItem":{"id":"1R0C50AAwFbEp2O0WmRv6","labelName":"Location"},"textPosition":{"start":{"row":0,"column":0,"tokenIndex":8,"charIndex":0},"end":{"row":0,"column":0,"tokenIndex":9,"charIndex":1}},"confidenceScore":null},{"id":"1663424101","labeledBy":"AUTO","labeledByUserId":null,"acceptedByUserId":null,"rejectedByUserId":null,"layer":0,"counter":0,"status":"LABELED","hashCode":"SPAN:1R0C50AAwFbEp2O0WmRv6:0:0:0:15:0:0:0:15:1:0:undefined:undefined","labelName":"1R0C50AAwFbEp2O0WmRv6","labelItem":{"id":"1R0C50AAwFbEp2O0WmRv6","labelName":"Location"},"textPosition":{"start":{"row":0,"column":0,"tokenIndex":15,"charIndex":0},"end":{"row":0,"column":0,"tokenIndex":15,"charIndex":1}},"confidenceScore":null},{"id":"1663424104","labeledBy":"AUTO","labeledByUserId":null,"acceptedByUserId":null,"rejectedByUserId":null,"layer":0,"counter":0,"status":"LABELED","hashCode":"SPAN:SJEkdao76hjwbb6Fh5SY6:0:0:0:21:0:0:0:24:8:0:undefined:undefined","labelName":"SJEkdao76hjwbb6Fh5SY6","labelItem":{"id":"SJEkdao76hjwbb6Fh5SY6","labelName":"Job Title"},"textPosition":{"start":{"row":0,"column":0,"tokenIndex":21,"charIndex":0},"end":{"row":0,"column":0,"tokenIndex":24,"charIndex":8}},"confidenceScore":null},{"id":"1663424107","labeledBy":"AUTO","labeledByUserId":null,"acceptedByUserId":null,"rejectedByUserId":null,"layer":0,"counter":0,"status":"LABELED","hashCode":"SPAN:52S_6moRfhjC-yXgIBeCp:0:0:0:25:0:0:0:29:3:0:undefined:undefined","labelName":"52S_6moRfhjC-yXgIBeCp","labelItem":{"id":"52S_6moRfhjC-yXgIBeCp","labelName":"Date"},"textPosition":{"start":{"row":0,"column":0,"tokenIndex":25,"charIndex":0},"end":{"row":0,"column":0,"tokenIndex":29,"charIndex":3}},"confidenceScore":null},{"id":"1663424110","labeledBy":"AUTO","labeledByUserId":null,"acceptedByUserId":null,"rejectedByUserId":null,"layer":0,"counter":0,"status":"LABELED","hashCode":"SPAN:IeEoIKabMl51BJE0gX2YL:0:0:0:31:0:0:0:36:9:0:undefined:undefined","labelName":"IeEoIKabMl51BJE0gX2YL","labelItem":{"id":"IeEoIKabMl51BJE0gX2YL","labelName":"Degree"},"textPosition":{"start":{"row":0,"column":0,"tokenIndex":31,"charIndex":0},"end":{"row":0,"column":0,"tokenIndex":36,"charIndex":9}},"confidenceScore":null},{"id":"1663424113","labeledBy":"AUTO","labeledByUserId":null,"acceptedByUserId":null,"rejectedByUserId":null,"layer":0,"counter":0,"status":"LABELED","hashCode":"SPAN:Kj5U6n9NUqTXuWcB3c_7L:0:0:0:37:0:0:0:42:8:0:undefined:undefined","labelName":"Kj5U6n9NUqTXuWcB3c_7L","labelItem":{"id":"Kj5U6n9NUqTXuWcB3c_7L","labelName":"College"},"textPosition":{"start":{"row":0,"column":0,"tokenIndex":37,"charIndex":0},"end":{"row":0,"column":0,"tokenIndex":42,"charIndex":8}},"confidenceScore":null},{"id":"1663424116","labeledBy":"AUTO","labeledByUserId":null,"acceptedByUserId":null,"rejectedByUserId":null,"layer":0,"counter":0,"status":"LABELED","hashCode":"SPAN:1R0C50AAwFbEp2O0WmRv6:0:0:0:44:0:0:0:44:6:0:undefined:undefined","labelName":"1R0C50AAwFbEp2O0WmRv6","labelItem":{"id":"1R0C50AAwFbEp2O0WmRv6","labelName":"Location"},"textPosition":{"start":{"row":0,"column":0,"tokenIndex":44,"charIndex":0},"end":{"row":0,"column":0,"tokenIndex":44,"charIndex":6}},"confidenceScore":null},{"id":"1663424122","labeledBy":"AUTO","labeledByUserId":null,"acceptedByUserId":null,"rejectedByUserId":null,"layer":0,"counter":0,"status":"LABELED","hashCode":"SPAN:52S_6moRfhjC-yXgIBeCp:0:0:0:45:0:0:0:49:3:0:undefined:undefined","labelName":"52S_6moRfhjC-yXgIBeCp","labelItem":{"id":"52S_6moRfhjC-yXgIBeCp","labelName":"Date"},"textPosition":{"start":{"row":0,"column":0,"tokenIndex":45,"charIndex":0},"end":{"row":0,"column":0,"tokenIndex":49,"charIndex":3}},"confidenceScore":null},{"id":"1663424119","labeledBy":"AUTO","labeledByUserId":null,"acceptedByUserId":null,"rejectedByUserId":null,"layer":0,"counter":0,"status":"LABELED","hashCode":"SPAN:BjO8MdvK2KI4E5iMEeY4B:0:0:0:48:0:0:0:49:3:0:undefined:undefined","labelName":"BjO8MdvK2KI4E5iMEeY4B","labelItem":{"id":"BjO8MdvK2KI4E5iMEeY4B","labelName":"Graduation Year"},"textPosition":{"start":{"row":0,"column":0,"tokenIndex":48,"charIndex":0},"end":{"row":0,"column":0,"tokenIndex":49,"charIndex":3}},"confidenceScore":null},{"id":"1663424125","labeledBy":"AUTO","labeledByUserId":null,"acceptedByUserId":null,"rejectedByUserId":null,"layer":0,"counter":0,"status":"LABELED","hashCode":"SPAN:IeEoIKabMl51BJE0gX2YL:0:0:0:50:0:0:0:55:9:0:undefined:undefined","labelName":"IeEoIKabMl51BJE0gX2YL","labelItem":{"id":"IeEoIKabMl51BJE0gX2YL","labelName":"Degree"},"textPosition":{"start":{"row":0,"column":0,"tokenIndex":50,"charIndex":0},"end":{"row":0,"column":0,"tokenIndex":55,"charIndex":9}},"confidenceScore":null},{"id":"1663424128","labeledBy":"AUTO","labeledByUserId":null,"acceptedByUserId":null,"rejectedByUserId":null,"layer":0,"counter":0,"status":"LABELED","hashCode":"SPAN:Kj5U6n9NUqTXuWcB3c_7L:0:0:0:56:0:0:0:57:9:0:undefined:undefined","labelName":"Kj5U6n9NUqTXuWcB3c_7L","labelItem":{"id":"Kj5U6n9NUqTXuWcB3c_7L","labelName":"College"},"textPosition":{"start":{"row":0,"column":0,"tokenIndex":56,"charIndex":0},"end":{"row":0,"column":0,"tokenIndex":57,"charIndex":9}},"confidenceScore":null},{"id":"1663424131","labeledBy":"AUTO","labeledByUserId":null,"acceptedByUserId":null,"rejectedByUserId":null,"layer":0,"counter":0,"status":"LABELED","hashCode":"SPAN:1R0C50AAwFbEp2O0WmRv6:0:0:0:59:0:0:0:59:4:0:undefined:undefined","labelName":"1R0C50AAwFbEp2O0WmRv6","labelItem":{"id":"1R0C50AAwFbEp2O0WmRv6","labelName":"Location"},"textPosition":{"start":{"row":0,"column":0,"tokenIndex":59,"charIndex":0},"end":{"row":0,"column":0,"tokenIndex":59,"charIndex":4}},"confidenceScore":null},{"id":"1663424134","labeledBy":"AUTO","labeledByUserId":null,"acceptedByUserId":null,"rejectedByUserId":null,"layer":0,"counter":0,"status":"LABELED","hashCode":"SPAN:52S_6moRfhjC-yXgIBeCp:0:0:0:60:0:0:0:64:3:0:undefined:undefined","labelName":"52S_6moRfhjC-yXgIBeCp","labelItem":{"id":"52S_6moRfhjC-yXgIBeCp","labelName":"Date"},"textPosition":{"start":{"row":0,"column":0,"tokenIndex":60,"charIndex":0},"end":{"row":0,"column":0,"tokenIndex":64,"charIndex":3}},"confidenceScore":null},{"id":"1663424137","labeledBy":"AUTO","labeledByUserId":null,"acceptedByUserId":null,"rejectedByUserId":null,"layer":0,"counter":0,"status":"LABELED","hashCode":"SPAN:BjO8MdvK2KI4E5iMEeY4B:0:0:0:63:0:0:0:64:3:0:undefined:undefined","labelName":"BjO8MdvK2KI4E5iMEeY4B","labelItem":{"id":"BjO8MdvK2KI4E5iMEeY4B","labelName":"Graduation Year"},"textPosition":{"start":{"row":0,"column":0,"tokenIndex":63,"charIndex":0},"end":{"row":0,"column":0,"tokenIndex":64,"charIndex":3}},"confidenceScore":null},{"id":"1663424140","labeledBy":"AUTO","labeledByUserId":null,"acceptedByUserId":null,"rejectedByUserId":null,"layer":0,"counter":0,"status":"LABELED","hashCode":"SPAN:eS2knCRgLegeRw8bcmSWA:0:0:0:66:0:0:0:66:6:0:undefined:undefined","labelName":"eS2knCRgLegeRw8bcmSWA","labelItem":{"id":"eS2knCRgLegeRw8bcmSWA","labelName":"Skill"},"textPosition":{"start":{"row":0,"column":0,"tokenIndex":66,"charIndex":0},"end":{"row":0,"column":0,"tokenIndex":66,"charIndex":6}},"confidenceScore":null},{"id":"1663424143","labeledBy":"AUTO","labeledByUserId":null,"acceptedByUserId":null,"rejectedByUserId":null,"layer":0,"counter":0,"status":"LABELED","hashCode":"SPAN:eS2knCRgLegeRw8bcmSWA:0:0:0:67:0:0:0:67:3:0:undefined:undefined","labelName":"eS2knCRgLegeRw8bcmSWA","labelItem":{"id":"eS2knCRgLegeRw8bcmSWA","labelName":"Skill"},"textPosition":{"start":{"row":0,"column":0,"tokenIndex":67,"charIndex":0},"end":{"row":0,"column":0,"tokenIndex":67,"charIndex":3}},"confidenceScore":null},{"id":"1663424146","labeledBy":"AUTO","labeledByUserId":null,"acceptedByUserId":null,"rejectedByUserId":null,"layer":0,"counter":0,"status":"LABELED","hashCode":"SPAN:eS2knCRgLegeRw8bcmSWA:0:0:0:68:0:0:0:69:5:0:undefined:undefined","labelName":"eS2knCRgLegeRw8bcmSWA","labelItem":{"id":"eS2knCRgLegeRw8bcmSWA","labelName":"Skill"},"textPosition":{"start":{"row":0,"column":0,"tokenIndex":68,"charIndex":0},"end":{"row":0,"column":0,"tokenIndex":69,"charIndex":5}},"confidenceScore":null},{"id":"1663424149","labeledBy":"AUTO","labeledByUserId":null,"acceptedByUserId":null,"rejectedByUserId":null,"layer":0,"counter":0,"status":"LABELED","hashCode":"SPAN:eS2knCRgLegeRw8bcmSWA:0:0:0:70:0:0:0:70:4:0:undefined:undefined","labelName":"eS2knCRgLegeRw8bcmSWA","labelItem":{"id":"eS2knCRgLegeRw8bcmSWA","labelName":"Skill"},"textPosition":{"start":{"row":0,"column":0,"tokenIndex":70,"charIndex":0},"end":{"row":0,"column":0,"tokenIndex":70,"charIndex":4}},"confidenceScore":null},{"id":"1663424152","labeledBy":"AUTO","labeledByUserId":null,"acceptedByUserId":null,"rejectedByUserId":null,"layer":0,"counter":0,"status":"LABELED","hashCode":"SPAN:eS2knCRgLegeRw8bcmSWA:0:0:0:71:0:0:0:72:2:0:undefined:undefined","labelName":"eS2knCRgLegeRw8bcmSWA","labelItem":{"id":"eS2knCRgLegeRw8bcmSWA","labelName":"Skill"},"textPosition":{"start":{"row":0,"column":0,"tokenIndex":71,"charIndex":0},"end":{"row":0,"column":0,"tokenIndex":72,"charIndex":2}},"confidenceScore":null}],"arrowLabels":[],"boundingBoxLabels":[],"timeLabels":[],"comments":[],"url":"datasaur://static/6814/92c42a2d-8523-43bb-af0e-7a1c6ef053f1.txt"}}
