{"version":"1","data":{"project":{"id":"ODBjYmQ2MDg","name":"NLP SSM Final Project"},"document":{"id":"10a7a565-46e3-44be-92d8-25d2ced22e17","name":"resume_5839_d2.txt"},"kinds":["TOKEN_BASED"],"rows":[[{"content":"Network/System Administrator Network/System Administrator Network/System Administrator Lyndhurst, NJ Work Experience Network/System Administrator Star International Med - Medicine / Health - Bucharest, RO February 2017 to June 2019 - Managing and maintaining IT infrastructure - Servers configuration: BIND, Apache, Mail, Mysql, VPN - Managed Linux and Windows servers, workstations, computers, laptops, printers, routers, switches and existing network applications - Manages security and integrity protocols of systems according to standards - Configures new servers, programs, applications and other network resources - Administering security alerts and daily/weekly Data Backups - Logfile Analysis - Monitor network traffic, identify and isolate attempts of unauthorized access - Development of web hosting platform - E-mail-Postfix-Dovecot, Virus Scanner RealTimeScan, Opendkim, SPF, DNS Zones - Ensuring the performance and security of LAN and WAN - Bandwidth Monitoring - Ensure maximum systems uptime - routine/preventative maintenance tasks - Designing and implementing computer networks - Establish and implement policies and procedures for using IT networks - Creating and developing online presence - Creating websites - Design and implementation - E-commerce - Installation and maintenance of SSL Tunnels, SSL Certificates - Active Directory / DHCP / DNS - Windows Server - Linux - Centos, RedHat - Proxy - AWS - Cloud Computing - Vmware, Hyper-V - Microsoft Office - Web Telecom - Network and Data Security.","tokens":["Network/System","Administrator","Network/System","Administrator","Network/System","Administrator","Lyndhurst,","NJ","Work","Experience","Network/System","Administrator","Star","International","Med","-","Medicine","/","Health","-","Bucharest,","RO","February","2017","to","June","2019","-","Managing","and","maintaining","IT","infrastructure","-","Servers","configuration:","BIND,","Apache,","Mail,","Mysql,","VPN","-","Managed","Linux","and","Windows","servers,","workstations,","computers,","laptops,","printers,","routers,","switches","and","existing","network","applications","-","Manages","security","and","integrity","protocols","of","systems","according","to","standards","-","Configures","new","servers,","programs,","applications","and","other","network","resources","-","Administering","security","alerts","and","daily/weekly","Data","Backups","-","Logfile","Analysis","-","Monitor","network","traffic,","identify","and","isolate","attempts","of","unauthorized","access","-","Development","of","web","hosting","platform","-","E-mail-Postfix-Dovecot,","Virus","Scanner","RealTimeScan,","Opendkim,","SPF,","DNS","Zones","-","Ensuring","the","performance","and","security","of","LAN","and","WAN","-","Bandwidth","Monitoring","-","Ensure","maximum","systems","uptime","-","routine/preventative","maintenance","tasks","-","Designing","and","implementing","computer","networks","-","Establish","and","implement","policies","and","procedures","for","using","IT","networks","-","Creating","and","developing","online","presence","-","Creating","websites","-","Design","and","implementation","-","E-commerce","-","Installation","and","maintenance","of","SSL","Tunnels,","SSL","Certificates","-","Active","Directory","/","DHCP","/","DNS","-","Windows","Server","-","Linux","-","Centos,","RedHat","-","Proxy","-","AWS","-","Cloud","Computing","-","Vmware,","Hyper-V","-","Microsoft","Office","-","Web","Telecom","-","Network","and","Data","Security."],"metadata":[]}],[{"content":"Hardening, Prevention, Monitoring Network/System Administrator - Web Development Biadi Investment - IT / Telecom - Bucharest, RO November 2015 to February 2017 - Development: Hosting, E-mail, DNS - Installation and maintenance of servers - Linux - Centos, RedHat - E-commerce - Web Telecom - Implements and maintains security strategies - Ensure maximum systems uptime - routine/preventative maintenance tasks - DHCP Server, DNS Server, Proxy Server, VPN Server, FTP Server, SSH Server Network/System Administrator Ian Ghinness.com 2011 to August 2015 - Managed servers, workstations, computers and existing network applications - Manages security and integrity protocols of systems according to standards - Configures new servers, programs, applications and other network resources - Administering security alerts and weekly data backups - Conducted periodic performance tests on existing servers - Productivity Improvement - Database Design and Management - Configuration: BIND, Apache, Mail, Mysql - Active Directory / DHCP / DNS - Windows Server - Linux - Centos, RedHat - Virtualization Infrastructure Network/System Administrator - Web Development ModernCM - Architecture - Bucharest, RO May 2007 to August 2010 Responsible for the overall management of the web project - development, implementation and maintenance.","tokens":["Hardening,","Prevention,","Monitoring","Network/System","Administrator","-","Web","Development","Biadi","Investment","-","IT","/","Telecom","-","Bucharest,","RO","November","2015","to","February","2017","-","Development:","Hosting,","E-mail,","DNS","-","Installation","and","maintenance","of","servers","-","Linux","-","Centos,","RedHat","-","E-commerce","-","Web","Telecom","-","Implements","and","maintains","security","strategies","-","Ensure","maximum","systems","uptime","-","routine/preventative","maintenance","tasks","-","DHCP","Server,","DNS","Server,","Proxy","Server,","VPN","Server,","FTP","Server,","SSH","Server","Network/System","Administrator","Ian","Ghinness.com","2011","to","August","2015","-","Managed","servers,","workstations,","computers","and","existing","network","applications","-","Manages","security","and","integrity","protocols","of","systems","according","to","standards","-","Configures","new","servers,","programs,","applications","and","other","network","resources","-","Administering","security","alerts","and","weekly","data","backups","-","Conducted","periodic","performance","tests","on","existing","servers","-","Productivity","Improvement","-","Database","Design","and","Management","-","Configuration:","BIND,","Apache,","Mail,","Mysql","-","Active","Directory","/","DHCP","/","DNS","-","Windows","Server","-","Linux","-","Centos,","RedHat","-","Virtualization","Infrastructure","Network/System","Administrator","-","Web","Development","ModernCM","-","Architecture","-","Bucharest,","RO","May","2007","to","August","2010","Responsible","for","the","overall","management","of","the","web","project","-","development,","implementation","and","maintenance."],"metadata":[]}],[{"content":"- Maintenance of the infrastructure.","tokens":["-","Maintenance","of","the","infrastructure."],"metadata":[]}],[{"content":"- Creating websites - Upgraded servers and hardware to meet new standards.","tokens":["-","Creating","websites","-","Upgraded","servers","and","hardware","to","meet","new","standards."],"metadata":[]}],[{"content":"- Hosting platform development, E-mail, DNS - Responsible for design and implementation - Visual identity development Network/System Administrator - Web Development Maff Holding - Bucharest, RO March 2007 to April 2008 - Developing and designing new web interfaces, models and graphics.","tokens":["-","Hosting","platform","development,","E-mail,","DNS","-","Responsible","for","design","and","implementation","-","Visual","identity","development","Network/System","Administrator","-","Web","Development","Maff","Holding","-","Bucharest,","RO","March","2007","to","April","2008","-","Developing","and","designing","new","web","interfaces,","models","and","graphics."],"metadata":[]}],[{"content":"- Creating and designing sites for sales and demonstration purposes.","tokens":["-","Creating","and","designing","sites","for","sales","and","demonstration","purposes."],"metadata":[]}],[{"content":"- Responsible for design and implementation - Maintenance of the infrastructure.","tokens":["-","Responsible","for","design","and","implementation","-","Maintenance","of","the","infrastructure."],"metadata":[]}],[{"content":"- Upgraded servers and hardware to meet new standards.","tokens":["-","Upgraded","servers","and","hardware","to","meet","new","standards."],"metadata":[]}],[{"content":"- Development of web hosting platform, E-mail, DNS - Responsible for design and implementation Network/System Administrator GIS - IT Manamement - Queens, NY January 2004 to November 2006 - Web Telecom - SMS Services - IVR and Call Center - Daily Managing and maintaining IT infrastructure - Configuration of Linux servers - Centos, RedHat servers - Systems, Network and Data Security.","tokens":["-","Development","of","web","hosting","platform,","E-mail,","DNS","-","Responsible","for","design","and","implementation","Network/System","Administrator","GIS","-","IT","Manamement","-","Queens,","NY","January","2004","to","November","2006","-","Web","Telecom","-","SMS","Services","-","IVR","and","Call","Center","-","Daily","Managing","and","maintaining","IT","infrastructure","-","Configuration","of","Linux","servers","-","Centos,","RedHat","servers","-","Systems,","Network","and","Data","Security."],"metadata":[]}],[{"content":"Hardening, Prevention, Monitoring Education Management Academy of Economic Studies - Bucharest, RO 2017 Management International Tourism and Management Institute Bucharest 1998 High school Bucharest 1996 Skills Confident, Time management, Technical Support, Active Directory, Windows, Networking, Javascript, Microsoft Office, Linux/RedHat/CentOS, Security, Customer Service, Windows 7, Vmware Additional Information SKILLS Communication Ability to Work Under Pressure Decision Making Time Management Self-motivation Adaptability, Teamwork, Creativity Confident, polite and patient Willingness and ability to quickly learn new technologies","tokens":["Hardening,","Prevention,","Monitoring","Education","Management","Academy","of","Economic","Studies","-","Bucharest,","RO","2017","Management","International","Tourism","and","Management","Institute","Bucharest","1998","High","school","Bucharest","1996","Skills","Confident,","Time","management,","Technical","Support,","Active","Directory,","Windows,","Networking,","Javascript,","Microsoft","Office,","Linux/RedHat/CentOS,","Security,","Customer","Service,","Windows","7,","Vmware","Additional","Information","SKILLS","Communication","Ability","to","Work","Under","Pressure","Decision","Making","Time","Management","Self-motivation","Adaptability,","Teamwork,","Creativity","Confident,","polite","and","patient","Willingness","and","ability","to","quickly","learn","new","technologies"],"metadata":[]}]],"labelerInfo":{"id":6814,"email":"cwilhel8@jh.edu","displayName":"Chris Wilhelm"},"labelSets":[{"name":"Resume Labels","index":0,"labelItems":[{"id":"Kj5U6n9NUqTXuWcB3c_7L","labelName":"College"},{"id":"rj7TW0-ymuRo6f_asXJab","labelName":"Company Name"},{"id":"SJEkdao76hjwbb6Fh5SY6","labelName":"Job Title"},{"id":"BjO8MdvK2KI4E5iMEeY4B","labelName":"Graduation Year"},{"id":"eS2knCRgLegeRw8bcmSWA","labelName":"Skill"},{"id":"IeEoIKabMl51BJE0gX2YL","labelName":"Degree"},{"id":"1R0C50AAwFbEp2O0WmRv6","labelName":"Location"},{"id":"zQcc4ygexJ_A3Gb0NeRTk","labelName":"Years of Experience"},{"id":"52S_6moRfhjC-yXgIBeCp","labelName":"Date"},{"id":"KiLarWmwlU1E3-FfdG6Qg","labelName":"Project"},{"id":"dyxKKTAxW1z5ifjPj42BI","labelName":"Name"}]}],"spanLabels":[{"id":"1663419901","labeledBy":"AUTO","labeledByUserId":null,"acceptedByUserId":null,"rejectedByUserId":null,"layer":0,"counter":0,"status":"LABELED","hashCode":"SPAN:SJEkdao76hjwbb6Fh5SY6:0:0:0:0:0:0:0:1:12:0:undefined:undefined","labelName":"SJEkdao76hjwbb6Fh5SY6","labelItem":{"id":"SJEkdao76hjwbb6Fh5SY6","labelName":"Job Title"},"textPosition":{"start":{"row":0,"column":0,"tokenIndex":0,"charIndex":0},"end":{"row":0,"column":0,"tokenIndex":1,"charIndex":12}},"confidenceScore":null},{"id":"1663419904","labeledBy":"AUTO","labeledByUserId":null,"acceptedByUserId":null,"rejectedByUserId":null,"layer":0,"counter":0,"status":"LABELED","hashCode":"SPAN:SJEkdao76hjwbb6Fh5SY6:0:0:0:2:0:0:0:3:12:0:undefined:undefined","labelName":"SJEkdao76hjwbb6Fh5SY6","labelItem":{"id":"SJEkdao76hjwbb6Fh5SY6","labelName":"Job Title"},"textPosition":{"start":{"row":0,"column":0,"tokenIndex":2,"charIndex":0},"end":{"row":0,"column":0,"tokenIndex":3,"charIndex":12}},"confidenceScore":null},{"id":"1663419907","labeledBy":"AUTO","labeledByUserId":null,"acceptedByUserId":null,"rejectedByUserId":null,"layer":0,"counter":0,"status":"LABELED","hashCode":"SPAN:SJEkdao76hjwbb6Fh5SY6:0:0:0:4:0:0:0:5:12:0:undefined:undefined","labelName":"SJEkdao76hjwbb6Fh5SY6","labelItem":{"id":"SJEkdao76hjwbb6Fh5SY6","labelName":"Job Title"},"textPosition":{"start":{"row":0,"column":0,"tokenIndex":4,"charIndex":0},"end":{"row":0,"column":0,"tokenIndex":5,"charIndex":12}},"confidenceScore":null},{"id":"1663419910","labeledBy":"AUTO","labeledByUserId":null,"acceptedByUserId":null,"rejectedByUserId":null,"layer":0,"counter":0,"status":"LABELED","hashCode":"SPAN:1R0C50AAwFbEp2O0WmRv6:0:0:0:6:0:0:0:6:9:0:undefined:undefined","labelName":"1R0C50AAwFbEp2O0WmRv6","labelItem":{"id":"1R0C50AAwFbEp2O0WmRv6","labelName":"Location"},"textPosition":{"start":{"row":0,"column":0,"tokenIndex":6,"charIndex":0},"end":{"row":0,"column":0,"tokenIndex":6,"charIndex":9}},"confidenceScore":null},{"id":"1663419913","labeledBy":"AUTO","labeledByUserId":null,"acceptedByUserId":null,"rejectedByUserId":null,"layer":0,"counter":0,"status":"LABELED","hashCode":"SPAN:1R0C50AAwFbEp2O0WmRv6:0:0:0:7:0:0:0:7:1:0:undefined:undefined","labelName":"1R0C50AAwFbEp2O0WmRv6","labelItem":{"id":"1R0C50AAwFbEp2O0WmRv6","labelName":"Location"},"textPosition":{"start":{"row":0,"column":0,"tokenIndex":7,"charIndex":0},"end":{"row":0,"column":0,"tokenIndex":7,"charIndex":1}},"confidenceScore":null},{"id":"1663419916","labeledBy":"AUTO","labeledByUserId":null,"acceptedByUserId":null,"rejectedByUserId":null,"layer":0,"counter":0,"status":"LABELED","hashCode":"SPAN:SJEkdao76hjwbb6Fh5SY6:0:0:0:10:0:0:0:11:12:0:undefined:undefined","labelName":"SJEkdao76hjwbb6Fh5SY6","labelItem":{"id":"SJEkdao76hjwbb6Fh5SY6","labelName":"Job Title"},"textPosition":{"start":{"row":0,"column":0,"tokenIndex":10,"charIndex":0},"end":{"row":0,"column":0,"tokenIndex":11,"charIndex":12}},"confidenceScore":null},{"id":"1663419919","labeledBy":"AUTO","labeledByUserId":null,"acceptedByUserId":null,"rejectedByUserId":null,"layer":0,"counter":0,"status":"LABELED","hashCode":"SPAN:rj7TW0-ymuRo6f_asXJab:0:0:0:12:0:0:0:18:5:0:undefined:undefined","labelName":"rj7TW0-ymuRo6f_asXJab","labelItem":{"id":"rj7TW0-ymuRo6f_asXJab","labelName":"Company Name"},"textPosition":{"start":{"row":0,"column":0,"tokenIndex":12,"charIndex":0},"end":{"row":0,"column":0,"tokenIndex":18,"charIndex":5}},"confidenceScore":null},{"id":"1663419922","labeledBy":"AUTO","labeledByUserId":null,"acceptedByUserId":null,"rejectedByUserId":null,"layer":0,"counter":0,"status":"LABELED","hashCode":"SPAN:1R0C50AAwFbEp2O0WmRv6:0:0:0:20:0:0:0:20:9:0:undefined:undefined","labelName":"1R0C50AAwFbEp2O0WmRv6","labelItem":{"id":"1R0C50AAwFbEp2O0WmRv6","labelName":"Location"},"textPosition":{"start":{"row":0,"column":0,"tokenIndex":20,"charIndex":0},"end":{"row":0,"column":0,"tokenIndex":20,"charIndex":9}},"confidenceScore":null},{"id":"1663419925","labeledBy":"AUTO","labeledByUserId":null,"acceptedByUserId":null,"rejectedByUserId":null,"layer":0,"counter":0,"status":"LABELED","hashCode":"SPAN:1R0C50AAwFbEp2O0WmRv6:0:0:0:21:0:0:0:21:1:0:undefined:undefined","labelName":"1R0C50AAwFbEp2O0WmRv6","labelItem":{"id":"1R0C50AAwFbEp2O0WmRv6","labelName":"Location"},"textPosition":{"start":{"row":0,"column":0,"tokenIndex":21,"charIndex":0},"end":{"row":0,"column":0,"tokenIndex":21,"charIndex":1}},"confidenceScore":null},{"id":"1663419928","labeledBy":"AUTO","labeledByUserId":null,"acceptedByUserId":null,"rejectedByUserId":null,"layer":0,"counter":0,"status":"LABELED","hashCode":"SPAN:52S_6moRfhjC-yXgIBeCp:0:0:0:22:0:0:0:23:3:0:undefined:undefined","labelName":"52S_6moRfhjC-yXgIBeCp","labelItem":{"id":"52S_6moRfhjC-yXgIBeCp","labelName":"Date"},"textPosition":{"start":{"row":0,"column":0,"tokenIndex":22,"charIndex":0},"end":{"row":0,"column":0,"tokenIndex":23,"charIndex":3}},"confidenceScore":null},{"id":"1663419931","labeledBy":"AUTO","labeledByUserId":null,"acceptedByUserId":null,"rejectedByUserId":null,"layer":0,"counter":0,"status":"LABELED","hashCode":"SPAN:52S_6moRfhjC-yXgIBeCp:0:0:0:25:0:0:0:26:3:0:undefined:undefined","labelName":"52S_6moRfhjC-yXgIBeCp","labelItem":{"id":"52S_6moRfhjC-yXgIBeCp","labelName":"Date"},"textPosition":{"start":{"row":0,"column":0,"tokenIndex":25,"charIndex":0},"end":{"row":0,"column":0,"tokenIndex":26,"charIndex":3}},"confidenceScore":null},{"id":"1663419934","labeledBy":"AUTO","labeledByUserId":null,"acceptedByUserId":null,"rejectedByUserId":null,"layer":0,"counter":0,"status":"LABELED","hashCode":"SPAN:eS2knCRgLegeRw8bcmSWA:0:0:0:28:0:0:0:28:7:0:undefined:undefined","labelName":"eS2knCRgLegeRw8bcmSWA","labelItem":{"id":"eS2knCRgLegeRw8bcmSWA","labelName":"Skill"},"textPosition":{"start":{"row":0,"column":0,"tokenIndex":28,"charIndex":0},"end":{"row":0,"column":0,"tokenIndex":28,"charIndex":7}},"confidenceScore":null},{"id":"1663419937","labeledBy":"AUTO","labeledByUserId":null,"acceptedByUserId":null,"rejectedByUserId":null,"layer":0,"counter":0,"status":"LABELED","hashCode":"SPAN:eS2knCRgLegeRw8bcmSWA:0:0:0:31:0:0:0:32:13:0:undefined:undefined","labelName":"eS2knCRgLegeRw8bcmSWA","labelItem":{"id":"eS2knCRgLegeRw8bcmSWA","labelName":"Skill"},"textPosition":{"start":{"row":0,"column":0,"tokenIndex":31,"charIndex":0},"end":{"row":0,"column":0,"tokenIndex":32,"charIndex":13}},"confidenceScore":null},{"id":"1663419940","labeledBy":"AUTO","labeledByUserId":null,"acceptedByUserId":null,"rejectedByUserId":null,"layer":0,"counter":0,"status":"LABELED","hashCode":"SPAN:eS2knCRgLegeRw8bcmSWA:0:0:0:36:0:0:0:36:4:0:undefined:undefined","labelName":"eS2knCRgLegeRw8bcmSWA","labelItem":{"id":"eS2knCRgLegeRw8bcmSWA","labelName":"Skill"},"textPosition":{"start":{"row":0,"column":0,"tokenIndex":36,"charIndex":0},"end":{"row":0,"column":0,"tokenIndex":36,"charIndex":4}},"confidenceScore":null},{"id":"1663419943","labeledBy":"AUTO","labeledByUserId":null,"acceptedByUserId":null,"rejectedByUserId":null,"layer":0,"counter":0,"status":"LABELED","hashCode":"SPAN:eS2knCRgLegeRw8bcmSWA:0:0:0:37:0:0:0:37:6:0:undefined:undefined","labelName":"eS2knCRgLegeRw8bcmSWA","labelItem":{"id":"eS2knCRgLegeRw8bcmSWA","labelName":"Skill"},"textPosition":{"start":{"row":0,"column":0,"tokenIndex":37,"charIndex":0},"end":{"row":0,"column":0,"tokenIndex":37,"charIndex":6}},"confidenceScore":null},{"id":"1663419946","labeledBy":"AUTO","labeledByUserId":null,"acceptedByUserId":null,"rejectedByUserId":null,"layer":0,"counter":0,"status":"LABELED","hashCode":"SPAN:eS2knCRgLegeRw8bcmSWA:0:0:0:38:0:0:0:38:4:0:undefined:undefined","labelName":"eS2knCRgLegeRw8bcmSWA","labelItem":{"id":"eS2knCRgLegeRw8bcmSWA","labelName":"Skill"},"textPosition":{"start":{"row":0,"column":0,"tokenIndex":38,"charIndex":0},"end":{"row":0,"column":0,"tokenIndex":38,"charIndex":4}},"confidenceScore":null},{"id":"1663419949","labeledBy":"AUTO","labeledByUserId":null,"acceptedByUserId":null,"rejectedByUserId":null,"layer":0,"counter":0,"status":"LABELED","hashCode":"SPAN:eS2knCRgLegeRw8bcmSWA:0:0:0:39:0:0:0:39:5:0:undefined:undefined","labelName":"eS2knCRgLegeRw8bcmSWA","labelItem":{"id":"eS2knCRgLegeRw8bcmSWA","labelName":"Skill"},"textPosition":{"start":{"row":0,"column":0,"tokenIndex":39,"charIndex":0},"end":{"row":0,"column":0,"tokenIndex":39,"charIndex":5}},"confidenceScore":null},{"id":"1663419952","labeledBy":"AUTO","labeledByUserId":null,"acceptedByUserId":null,"rejectedByUserId":null,"layer":0,"counter":0,"status":"LABELED","hashCode":"SPAN:eS2knCRgLegeRw8bcmSWA:0:0:0:40:0:0:0:40:2:0:undefined:undefined","labelName":"eS2knCRgLegeRw8bcmSWA","labelItem":{"id":"eS2knCRgLegeRw8bcmSWA","labelName":"Skill"},"textPosition":{"start":{"row":0,"column":0,"tokenIndex":40,"charIndex":0},"end":{"row":0,"column":0,"tokenIndex":40,"charIndex":2}},"confidenceScore":null},{"id":"1663419955","labeledBy":"AUTO","labeledByUserId":null,"acceptedByUserId":null,"rejectedByUserId":null,"layer":0,"counter":0,"status":"LABELED","hashCode":"SPAN:eS2knCRgLegeRw8bcmSWA:0:0:0:42:0:0:0:46:7:0:undefined:undefined","labelName":"eS2knCRgLegeRw8bcmSWA","labelItem":{"id":"eS2knCRgLegeRw8bcmSWA","labelName":"Skill"},"textPosition":{"start":{"row":0,"column":0,"tokenIndex":42,"charIndex":0},"end":{"row":0,"column":0,"tokenIndex":46,"charIndex":7}},"confidenceScore":null},{"id":"1663419958","labeledBy":"AUTO","labeledByUserId":null,"acceptedByUserId":null,"rejectedByUserId":null,"layer":0,"counter":0,"status":"LABELED","hashCode":"SPAN:eS2knCRgLegeRw8bcmSWA:0:0:0:47:0:0:0:47:12:0:undefined:undefined","labelName":"eS2knCRgLegeRw8bcmSWA","labelItem":{"id":"eS2knCRgLegeRw8bcmSWA","labelName":"Skill"},"textPosition":{"start":{"row":0,"column":0,"tokenIndex":47,"charIndex":0},"end":{"row":0,"column":0,"tokenIndex":47,"charIndex":12}},"confidenceScore":null},{"id":"1663419961","labeledBy":"AUTO","labeledByUserId":null,"acceptedByUserId":null,"rejectedByUserId":null,"layer":0,"counter":0,"status":"LABELED","hashCode":"SPAN:eS2knCRgLegeRw8bcmSWA:0:0:0:48:0:0:0:48:9:0:undefined:undefined","labelName":"eS2knCRgLegeRw8bcmSWA","labelItem":{"id":"eS2knCRgLegeRw8bcmSWA","labelName":"Skill"},"textPosition":{"start":{"row":0,"column":0,"tokenIndex":48,"charIndex":0},"end":{"row":0,"column":0,"tokenIndex":48,"charIndex":9}},"confidenceScore":null},{"id":"1663419964","labeledBy":"AUTO","labeledByUserId":null,"acceptedByUserId":null,"rejectedByUserId":null,"layer":0,"counter":0,"status":"LABELED","hashCode":"SPAN:eS2knCRgLegeRw8bcmSWA:0:0:0:49:0:0:0:49:7:0:undefined:undefined","labelName":"eS2knCRgLegeRw8bcmSWA","labelItem":{"id":"eS2knCRgLegeRw8bcmSWA","labelName":"Skill"},"textPosition":{"start":{"row":0,"column":0,"tokenIndex":49,"charIndex":0},"end":{"row":0,"column":0,"tokenIndex":49,"charIndex":7}},"confidenceScore":null},{"id":"1663419967","labeledBy":"AUTO","labeledByUserId":null,"acceptedByUserId":null,"rejectedByUserId":null,"layer":0,"counter":0,"status":"LABELED","hashCode":"SPAN:eS2knCRgLegeRw8bcmSWA:0:0:0:50:0:0:0:50:8:0:undefined:undefined","labelName":"eS2knCRgLegeRw8bcmSWA","labelItem":{"id":"eS2knCRgLegeRw8bcmSWA","labelName":"Skill"},"textPosition":{"start":{"row":0,"column":0,"tokenIndex":50,"charIndex":0},"end":{"row":0,"column":0,"tokenIndex":50,"charIndex":8}},"confidenceScore":null},{"id":"1663419970","labeledBy":"AUTO","labeledByUserId":null,"acceptedByUserId":null,"rejectedByUserId":null,"layer":0,"counter":0,"status":"LABELED","hashCode":"SPAN:eS2knCRgLegeRw8bcmSWA:0:0:0:51:0:0:0:51:7:0:undefined:undefined","labelName":"eS2knCRgLegeRw8bcmSWA","labelItem":{"id":"eS2knCRgLegeRw8bcmSWA","labelName":"Skill"},"textPosition":{"start":{"row":0,"column":0,"tokenIndex":51,"charIndex":0},"end":{"row":0,"column":0,"tokenIndex":51,"charIndex":7}},"confidenceScore":null},{"id":"1663419973","labeledBy":"AUTO","labeledByUserId":null,"acceptedByUserId":null,"rejectedByUserId":null,"layer":0,"counter":0,"status":"LABELED","hashCode":"SPAN:eS2knCRgLegeRw8bcmSWA:0:0:0:52:0:0:0:52:7:0:undefined:undefined","labelName":"eS2knCRgLegeRw8bcmSWA","labelItem":{"id":"eS2knCRgLegeRw8bcmSWA","labelName":"Skill"},"textPosition":{"start":{"row":0,"column":0,"tokenIndex":52,"charIndex":0},"end":{"row":0,"column":0,"tokenIndex":52,"charIndex":7}},"confidenceScore":null},{"id":"1663419976","labeledBy":"AUTO","labeledByUserId":null,"acceptedByUserId":null,"rejectedByUserId":null,"layer":0,"counter":0,"status":"LABELED","hashCode":"SPAN:eS2knCRgLegeRw8bcmSWA:0:0:0:55:0:0:0:55:6:0:undefined:undefined","labelName":"eS2knCRgLegeRw8bcmSWA","labelItem":{"id":"eS2knCRgLegeRw8bcmSWA","labelName":"Skill"},"textPosition":{"start":{"row":0,"column":0,"tokenIndex":55,"charIndex":0},"end":{"row":0,"column":0,"tokenIndex":55,"charIndex":6}},"confidenceScore":null},{"id":"1663419979","labeledBy":"AUTO","labeledByUserId":null,"acceptedByUserId":null,"rejectedByUserId":null,"layer":0,"counter":0,"status":"LABELED","hashCode":"SPAN:eS2knCRgLegeRw8bcmSWA:0:0:0:59:0:0:0:59:7:0:undefined:undefined","labelName":"eS2knCRgLegeRw8bcmSWA","labelItem":{"id":"eS2knCRgLegeRw8bcmSWA","labelName":"Skill"},"textPosition":{"start":{"row":0,"column":0,"tokenIndex":59,"charIndex":0},"end":{"row":0,"column":0,"tokenIndex":59,"charIndex":7}},"confidenceScore":null},{"id":"1663419982","labeledBy":"AUTO","labeledByUserId":null,"acceptedByUserId":null,"rejectedByUserId":null,"layer":0,"counter":0,"status":"LABELED","hashCode":"SPAN:eS2knCRgLegeRw8bcmSWA:0:0:0:71:0:0:0:71:7:0:undefined:undefined","labelName":"eS2knCRgLegeRw8bcmSWA","labelItem":{"id":"eS2knCRgLegeRw8bcmSWA","labelName":"Skill"},"textPosition":{"start":{"row":0,"column":0,"tokenIndex":71,"charIndex":0},"end":{"row":0,"column":0,"tokenIndex":71,"charIndex":7}},"confidenceScore":null},{"id":"1663419985","labeledBy":"AUTO","labeledByUserId":null,"acceptedByUserId":null,"rejectedByUserId":null,"layer":0,"counter":0,"status":"LABELED","hashCode":"SPAN:eS2knCRgLegeRw8bcmSWA:0:0:0:72:0:0:0:72:8:0:undefined:undefined","labelName":"eS2knCRgLegeRw8bcmSWA","labelItem":{"id":"eS2knCRgLegeRw8bcmSWA","labelName":"Skill"},"textPosition":{"start":{"row":0,"column":0,"tokenIndex":72,"charIndex":0},"end":{"row":0,"column":0,"tokenIndex":72,"charIndex":8}},"confidenceScore":null},{"id":"1663419988","labeledBy":"AUTO","labeledByUserId":null,"acceptedByUserId":null,"rejectedByUserId":null,"layer":0,"counter":0,"status":"LABELED","hashCode":"SPAN:eS2knCRgLegeRw8bcmSWA:0:0:0:73:0:0:0:73:11:0:undefined:undefined","labelName":"eS2knCRgLegeRw8bcmSWA","labelItem":{"id":"eS2knCRgLegeRw8bcmSWA","labelName":"Skill"},"textPosition":{"start":{"row":0,"column":0,"tokenIndex":73,"charIndex":0},"end":{"row":0,"column":0,"tokenIndex":73,"charIndex":11}},"confidenceScore":null},{"id":"1663419991","labeledBy":"AUTO","labeledByUserId":null,"acceptedByUserId":null,"rejectedByUserId":null,"layer":0,"counter":0,"status":"LABELED","hashCode":"SPAN:eS2knCRgLegeRw8bcmSWA:0:0:0:80:0:0:0:81:5:0:undefined:undefined","labelName":"eS2knCRgLegeRw8bcmSWA","labelItem":{"id":"eS2knCRgLegeRw8bcmSWA","labelName":"Skill"},"textPosition":{"start":{"row":0,"column":0,"tokenIndex":80,"charIndex":0},"end":{"row":0,"column":0,"tokenIndex":81,"charIndex":5}},"confidenceScore":null},{"id":"1663419994","labeledBy":"AUTO","labeledByUserId":null,"acceptedByUserId":null,"rejectedByUserId":null,"layer":0,"counter":0,"status":"LABELED","hashCode":"SPAN:eS2knCRgLegeRw8bcmSWA:0:0:0:84:0:0:0:85:6:0:undefined:undefined","labelName":"eS2knCRgLegeRw8bcmSWA","labelItem":{"id":"eS2knCRgLegeRw8bcmSWA","labelName":"Skill"},"textPosition":{"start":{"row":0,"column":0,"tokenIndex":84,"charIndex":0},"end":{"row":0,"column":0,"tokenIndex":85,"charIndex":6}},"confidenceScore":null},{"id":"1663419997","labeledBy":"AUTO","labeledByUserId":null,"acceptedByUserId":null,"rejectedByUserId":null,"layer":0,"counter":0,"status":"LABELED","hashCode":"SPAN:eS2knCRgLegeRw8bcmSWA:0:0:0:87:0:0:0:88:7:0:undefined:undefined","labelName":"eS2knCRgLegeRw8bcmSWA","labelItem":{"id":"eS2knCRgLegeRw8bcmSWA","labelName":"Skill"},"textPosition":{"start":{"row":0,"column":0,"tokenIndex":87,"charIndex":0},"end":{"row":0,"column":0,"tokenIndex":88,"charIndex":7}},"confidenceScore":null},{"id":"1663420000","labeledBy":"AUTO","labeledByUserId":null,"acceptedByUserId":null,"rejectedByUserId":null,"layer":0,"counter":0,"status":"LABELED","hashCode":"SPAN:eS2knCRgLegeRw8bcmSWA:0:0:0:91:0:0:0:92:7:0:undefined:undefined","labelName":"eS2knCRgLegeRw8bcmSWA","labelItem":{"id":"eS2knCRgLegeRw8bcmSWA","labelName":"Skill"},"textPosition":{"start":{"row":0,"column":0,"tokenIndex":91,"charIndex":0},"end":{"row":0,"column":0,"tokenIndex":92,"charIndex":7}},"confidenceScore":null},{"id":"1663420006","labeledBy":"AUTO","labeledByUserId":null,"acceptedByUserId":null,"rejectedByUserId":null,"layer":0,"counter":0,"status":"LABELED","hashCode":"SPAN:eS2knCRgLegeRw8bcmSWA:0:0:0:101:0:0:0:101:10:0:undefined:undefined","labelName":"eS2knCRgLegeRw8bcmSWA","labelItem":{"id":"eS2knCRgLegeRw8bcmSWA","labelName":"Skill"},"textPosition":{"start":{"row":0,"column":0,"tokenIndex":101,"charIndex":0},"end":{"row":0,"column":0,"tokenIndex":101,"charIndex":10}},"confidenceScore":null},{"id":"1663420003","labeledBy":"AUTO","labeledByUserId":null,"acceptedByUserId":null,"rejectedByUserId":null,"layer":0,"counter":0,"status":"LABELED","hashCode":"SPAN:eS2knCRgLegeRw8bcmSWA:0:0:0:103:0:0:0:105:7:0:undefined:undefined","labelName":"eS2knCRgLegeRw8bcmSWA","labelItem":{"id":"eS2knCRgLegeRw8bcmSWA","labelName":"Skill"},"textPosition":{"start":{"row":0,"column":0,"tokenIndex":103,"charIndex":0},"end":{"row":0,"column":0,"tokenIndex":105,"charIndex":7}},"confidenceScore":null},{"id":"1663420009","labeledBy":"AUTO","labeledByUserId":null,"acceptedByUserId":null,"rejectedByUserId":null,"layer":0,"counter":0,"status":"LABELED","hashCode":"SPAN:eS2knCRgLegeRw8bcmSWA:0:0:0:107:0:0:0:107:22:0:undefined:undefined","labelName":"eS2knCRgLegeRw8bcmSWA","labelItem":{"id":"eS2knCRgLegeRw8bcmSWA","labelName":"Skill"},"textPosition":{"start":{"row":0,"column":0,"tokenIndex":107,"charIndex":0},"end":{"row":0,"column":0,"tokenIndex":107,"charIndex":22}},"confidenceScore":null},{"id":"1663420012","labeledBy":"AUTO","labeledByUserId":null,"acceptedByUserId":null,"rejectedByUserId":null,"layer":0,"counter":0,"status":"LABELED","hashCode":"SPAN:eS2knCRgLegeRw8bcmSWA:0:0:0:108:0:0:0:110:12:0:undefined:undefined","labelName":"eS2knCRgLegeRw8bcmSWA","labelItem":{"id":"eS2knCRgLegeRw8bcmSWA","labelName":"Skill"},"textPosition":{"start":{"row":0,"column":0,"tokenIndex":108,"charIndex":0},"end":{"row":0,"column":0,"tokenIndex":110,"charIndex":12}},"confidenceScore":null},{"id":"1663420015","labeledBy":"AUTO","labeledByUserId":null,"acceptedByUserId":null,"rejectedByUserId":null,"layer":0,"counter":0,"status":"LABELED","hashCode":"SPAN:eS2knCRgLegeRw8bcmSWA:0:0:0:111:0:0:0:111:8:0:undefined:undefined","labelName":"eS2knCRgLegeRw8bcmSWA","labelItem":{"id":"eS2knCRgLegeRw8bcmSWA","labelName":"Skill"},"textPosition":{"start":{"row":0,"column":0,"tokenIndex":111,"charIndex":0},"end":{"row":0,"column":0,"tokenIndex":111,"charIndex":8}},"confidenceScore":null},{"id":"1663420018","labeledBy":"AUTO","labeledByUserId":null,"acceptedByUserId":null,"rejectedByUserId":null,"layer":0,"counter":0,"status":"LABELED","hashCode":"SPAN:eS2knCRgLegeRw8bcmSWA:0:0:0:112:0:0:0:112:3:0:undefined:undefined","labelName":"eS2knCRgLegeRw8bcmSWA","labelItem":{"id":"eS2knCRgLegeRw8bcmSWA","labelName":"Skill"},"textPosition":{"start":{"row":0,"column":0,"tokenIndex":112,"charIndex":0},"end":{"row":0,"column":0,"tokenIndex":112,"charIndex":3}},"confidenceScore":null},{"id":"1663420021","labeledBy":"AUTO","labeledByUserId":null,"acceptedByUserId":null,"rejectedByUserId":null,"layer":0,"counter":0,"status":"LABELED","hashCode":"SPAN:eS2knCRgLegeRw8bcmSWA:0:0:0:113:0:0:0:114:4:0:undefined:undefined","labelName":"eS2knCRgLegeRw8bcmSWA","labelItem":{"id":"eS2knCRgLegeRw8bcmSWA","labelName":"Skill"},"textPosition":{"start":{"row":0,"column":0,"tokenIndex":113,"charIndex":0},"end":{"row":0,"column":0,"tokenIndex":114,"charIndex":4}},"confidenceScore":null},{"id":"1663420024","labeledBy":"AUTO","labeledByUserId":null,"acceptedByUserId":null,"rejectedByUserId":null,"layer":0,"counter":0,"status":"LABELED","hashCode":"SPAN:eS2knCRgLegeRw8bcmSWA:0:0:0:122:0:0:0:124:2:0:undefined:undefined","labelName":"eS2knCRgLegeRw8bcmSWA","labelItem":{"id":"eS2knCRgLegeRw8bcmSWA","labelName":"Skill"},"textPosition":{"start":{"row":0,"column":0,"tokenIndex":122,"charIndex":0},"end":{"row":0,"column":0,"tokenIndex":124,"charIndex":2}},"confidenceScore":null},{"id":"1663420027","labeledBy":"AUTO","labeledByUserId":null,"acceptedByUserId":null,"rejectedByUserId":null,"layer":0,"counter":0,"status":"LABELED","hashCode":"SPAN:eS2knCRgLegeRw8bcmSWA:0:0:0:126:0:0:0:127:9:0:undefined:undefined","labelName":"eS2knCRgLegeRw8bcmSWA","labelItem":{"id":"eS2knCRgLegeRw8bcmSWA","labelName":"Skill"},"textPosition":{"start":{"row":0,"column":0,"tokenIndex":126,"charIndex":0},"end":{"row":0,"column":0,"tokenIndex":127,"charIndex":9}},"confidenceScore":null},{"id":"1663420030","labeledBy":"AUTO","labeledByUserId":null,"acceptedByUserId":null,"rejectedByUserId":null,"layer":0,"counter":0,"status":"LABELED","hashCode":"SPAN:eS2knCRgLegeRw8bcmSWA:0:0:0:141:0:0:0:142:7:0:undefined:undefined","labelName":"eS2knCRgLegeRw8bcmSWA","labelItem":{"id":"eS2knCRgLegeRw8bcmSWA","labelName":"Skill"},"textPosition":{"start":{"row":0,"column":0,"tokenIndex":141,"charIndex":0},"end":{"row":0,"column":0,"tokenIndex":142,"charIndex":7}},"confidenceScore":null},{"id":"1663420033","labeledBy":"AUTO","labeledByUserId":null,"acceptedByUserId":null,"rejectedByUserId":null,"layer":0,"counter":0,"status":"LABELED","hashCode":"SPAN:eS2knCRgLegeRw8bcmSWA:0:0:0:152:0:0:0:153:7:0:undefined:undefined","labelName":"eS2knCRgLegeRw8bcmSWA","labelItem":{"id":"eS2knCRgLegeRw8bcmSWA","labelName":"Skill"},"textPosition":{"start":{"row":0,"column":0,"tokenIndex":152,"charIndex":0},"end":{"row":0,"column":0,"tokenIndex":153,"charIndex":7}},"confidenceScore":null},{"id":"1663420036","labeledBy":"AUTO","labeledByUserId":null,"acceptedByUserId":null,"rejectedByUserId":null,"layer":0,"counter":0,"status":"LABELED","hashCode":"SPAN:eS2knCRgLegeRw8bcmSWA:0:0:0:161:0:0:0:162:7:0:undefined:undefined","labelName":"eS2knCRgLegeRw8bcmSWA","labelItem":{"id":"eS2knCRgLegeRw8bcmSWA","labelName":"Skill"},"textPosition":{"start":{"row":0,"column":0,"tokenIndex":161,"charIndex":0},"end":{"row":0,"column":0,"tokenIndex":162,"charIndex":7}},"confidenceScore":null},{"id":"1663420039","labeledBy":"AUTO","labeledByUserId":null,"acceptedByUserId":null,"rejectedByUserId":null,"layer":0,"counter":0,"status":"LABELED","hashCode":"SPAN:eS2knCRgLegeRw8bcmSWA:0:0:0:164:0:0:0:164:5:0:undefined:undefined","labelName":"eS2knCRgLegeRw8bcmSWA","labelItem":{"id":"eS2knCRgLegeRw8bcmSWA","labelName":"Skill"},"textPosition":{"start":{"row":0,"column":0,"tokenIndex":164,"charIndex":0},"end":{"row":0,"column":0,"tokenIndex":164,"charIndex":5}},"confidenceScore":null},{"id":"1663420042","labeledBy":"AUTO","labeledByUserId":null,"acceptedByUserId":null,"rejectedByUserId":null,"layer":0,"counter":0,"status":"LABELED","hashCode":"SPAN:eS2knCRgLegeRw8bcmSWA:0:0:0:166:0:0:0:166:13:0:undefined:undefined","labelName":"eS2knCRgLegeRw8bcmSWA","labelItem":{"id":"eS2knCRgLegeRw8bcmSWA","labelName":"Skill"},"textPosition":{"start":{"row":0,"column":0,"tokenIndex":166,"charIndex":0},"end":{"row":0,"column":0,"tokenIndex":166,"charIndex":13}},"confidenceScore":null},{"id":"1663420045","labeledBy":"AUTO","labeledByUserId":null,"acceptedByUserId":null,"rejectedByUserId":null,"layer":0,"counter":0,"status":"LABELED","hashCode":"SPAN:eS2knCRgLegeRw8bcmSWA:0:0:0:168:0:0:0:168:9:0:undefined:undefined","labelName":"eS2knCRgLegeRw8bcmSWA","labelItem":{"id":"eS2knCRgLegeRw8bcmSWA","labelName":"Skill"},"textPosition":{"start":{"row":0,"column":0,"tokenIndex":168,"charIndex":0},"end":{"row":0,"column":0,"tokenIndex":168,"charIndex":9}},"confidenceScore":null},{"id":"1663420048","labeledBy":"AUTO","labeledByUserId":null,"acceptedByUserId":null,"rejectedByUserId":null,"layer":0,"counter":0,"status":"LABELED","hashCode":"SPAN:eS2knCRgLegeRw8bcmSWA:0:0:0:170:0:0:0:170:11:0:undefined:undefined","labelName":"eS2knCRgLegeRw8bcmSWA","labelItem":{"id":"eS2knCRgLegeRw8bcmSWA","labelName":"Skill"},"textPosition":{"start":{"row":0,"column":0,"tokenIndex":170,"charIndex":0},"end":{"row":0,"column":0,"tokenIndex":170,"charIndex":11}},"confidenceScore":null},{"id":"1663420051","labeledBy":"AUTO","labeledByUserId":null,"acceptedByUserId":null,"rejectedByUserId":null,"layer":0,"counter":0,"status":"LABELED","hashCode":"SPAN:eS2knCRgLegeRw8bcmSWA:0:0:0:172:0:0:0:172:10:0:undefined:undefined","labelName":"eS2knCRgLegeRw8bcmSWA","labelItem":{"id":"eS2knCRgLegeRw8bcmSWA","labelName":"Skill"},"textPosition":{"start":{"row":0,"column":0,"tokenIndex":172,"charIndex":0},"end":{"row":0,"column":0,"tokenIndex":172,"charIndex":10}},"confidenceScore":null},{"id":"1663420054","labeledBy":"AUTO","labeledByUserId":null,"acceptedByUserId":null,"rejectedByUserId":null,"layer":0,"counter":0,"status":"LABELED","hashCode":"SPAN:eS2knCRgLegeRw8bcmSWA:0:0:0:174:0:0:0:175:7:0:undefined:undefined","labelName":"eS2knCRgLegeRw8bcmSWA","labelItem":{"id":"eS2knCRgLegeRw8bcmSWA","labelName":"Skill"},"textPosition":{"start":{"row":0,"column":0,"tokenIndex":174,"charIndex":0},"end":{"row":0,"column":0,"tokenIndex":175,"charIndex":7}},"confidenceScore":null},{"id":"1663420057","labeledBy":"AUTO","labeledByUserId":null,"acceptedByUserId":null,"rejectedByUserId":null,"layer":0,"counter":0,"status":"LABELED","hashCode":"SPAN:eS2knCRgLegeRw8bcmSWA:0:0:0:176:0:0:0:177:11:0:undefined:undefined","labelName":"eS2knCRgLegeRw8bcmSWA","labelItem":{"id":"eS2knCRgLegeRw8bcmSWA","labelName":"Skill"},"textPosition":{"start":{"row":0,"column":0,"tokenIndex":176,"charIndex":0},"end":{"row":0,"column":0,"tokenIndex":177,"charIndex":11}},"confidenceScore":null},{"id":"1663420060","labeledBy":"AUTO","labeledByUserId":null,"acceptedByUserId":null,"rejectedByUserId":null,"layer":0,"counter":0,"status":"LABELED","hashCode":"SPAN:eS2knCRgLegeRw8bcmSWA:0:0:0:179:0:0:0:180:8:0:undefined:undefined","labelName":"eS2knCRgLegeRw8bcmSWA","labelItem":{"id":"eS2knCRgLegeRw8bcmSWA","labelName":"Skill"},"textPosition":{"start":{"row":0,"column":0,"tokenIndex":179,"charIndex":0},"end":{"row":0,"column":0,"tokenIndex":180,"charIndex":8}},"confidenceScore":null},{"id":"1663420063","labeledBy":"AUTO","labeledByUserId":null,"acceptedByUserId":null,"rejectedByUserId":null,"layer":0,"counter":0,"status":"LABELED","hashCode":"SPAN:eS2knCRgLegeRw8bcmSWA:0:0:0:182:0:0:0:182:3:0:undefined:undefined","labelName":"eS2knCRgLegeRw8bcmSWA","labelItem":{"id":"eS2knCRgLegeRw8bcmSWA","labelName":"Skill"},"textPosition":{"start":{"row":0,"column":0,"tokenIndex":182,"charIndex":0},"end":{"row":0,"column":0,"tokenIndex":182,"charIndex":3}},"confidenceScore":null},{"id":"1663420066","labeledBy":"AUTO","labeledByUserId":null,"acceptedByUserId":null,"rejectedByUserId":null,"layer":0,"counter":0,"status":"LABELED","hashCode":"SPAN:eS2knCRgLegeRw8bcmSWA:0:0:0:184:0:0:0:186:6:0:undefined:undefined","labelName":"eS2knCRgLegeRw8bcmSWA","labelItem":{"id":"eS2knCRgLegeRw8bcmSWA","labelName":"Skill"},"textPosition":{"start":{"row":0,"column":0,"tokenIndex":184,"charIndex":0},"end":{"row":0,"column":0,"tokenIndex":186,"charIndex":6}},"confidenceScore":null},{"id":"1663420069","labeledBy":"AUTO","labeledByUserId":null,"acceptedByUserId":null,"rejectedByUserId":null,"layer":0,"counter":0,"status":"LABELED","hashCode":"SPAN:eS2knCRgLegeRw8bcmSWA:0:0:0:189:0:0:0:189:4:0:undefined:undefined","labelName":"eS2knCRgLegeRw8bcmSWA","labelItem":{"id":"eS2knCRgLegeRw8bcmSWA","labelName":"Skill"},"textPosition":{"start":{"row":0,"column":0,"tokenIndex":189,"charIndex":0},"end":{"row":0,"column":0,"tokenIndex":189,"charIndex":4}},"confidenceScore":null},{"id":"1663420072","labeledBy":"AUTO","labeledByUserId":null,"acceptedByUserId":null,"rejectedByUserId":null,"layer":0,"counter":0,"status":"LABELED","hashCode":"SPAN:eS2knCRgLegeRw8bcmSWA:0:0:0:191:0:0:0:191:6:0:undefined:undefined","labelName":"eS2knCRgLegeRw8bcmSWA","labelItem":{"id":"eS2knCRgLegeRw8bcmSWA","labelName":"Skill"},"textPosition":{"start":{"row":0,"column":0,"tokenIndex":191,"charIndex":0},"end":{"row":0,"column":0,"tokenIndex":191,"charIndex":6}},"confidenceScore":null},{"id":"1663420075","labeledBy":"AUTO","labeledByUserId":null,"acceptedByUserId":null,"rejectedByUserId":null,"layer":0,"counter":0,"status":"LABELED","hashCode":"SPAN:eS2knCRgLegeRw8bcmSWA:0:0:0:192:0:0:0:192:5:0:undefined:undefined","labelName":"eS2knCRgLegeRw8bcmSWA","labelItem":{"id":"eS2knCRgLegeRw8bcmSWA","labelName":"Skill"},"textPosition":{"start":{"row":0,"column":0,"tokenIndex":192,"charIndex":0},"end":{"row":0,"column":0,"tokenIndex":192,"charIndex":5}},"confidenceScore":null},{"id":"1663420078","labeledBy":"AUTO","labeledByUserId":null,"acceptedByUserId":null,"rejectedByUserId":null,"layer":0,"counter":0,"status":"LABELED","hashCode":"SPAN:eS2knCRgLegeRw8bcmSWA:0:0:0:194:0:0:0:194:4:0:undefined:undefined","labelName":"eS2knCRgLegeRw8bcmSWA","labelItem":{"id":"eS2knCRgLegeRw8bcmSWA","labelName":"Skill"},"textPosition":{"start":{"row":0,"column":0,"tokenIndex":194,"charIndex":0},"end":{"row":0,"column":0,"tokenIndex":194,"charIndex":4}},"confidenceScore":null},{"id":"1663420081","labeledBy":"AUTO","labeledByUserId":null,"acceptedByUserId":null,"rejectedByUserId":null,"layer":0,"counter":0,"status":"LABELED","hashCode":"SPAN:eS2knCRgLegeRw8bcmSWA:0:0:0:196:0:0:0:196:2:0:undefined:undefined","labelName":"eS2knCRgLegeRw8bcmSWA","labelItem":{"id":"eS2knCRgLegeRw8bcmSWA","labelName":"Skill"},"textPosition":{"start":{"row":0,"column":0,"tokenIndex":196,"charIndex":0},"end":{"row":0,"column":0,"tokenIndex":196,"charIndex":2}},"confidenceScore":null},{"id":"1663420084","labeledBy":"AUTO","labeledByUserId":null,"acceptedByUserId":null,"rejectedByUserId":null,"layer":0,"counter":0,"status":"LABELED","hashCode":"SPAN:eS2knCRgLegeRw8bcmSWA:0:0:0:198:0:0:0:199:8:0:undefined:undefined","labelName":"eS2knCRgLegeRw8bcmSWA","labelItem":{"id":"eS2knCRgLegeRw8bcmSWA","labelName":"Skill"},"textPosition":{"start":{"row":0,"column":0,"tokenIndex":198,"charIndex":0},"end":{"row":0,"column":0,"tokenIndex":199,"charIndex":8}},"confidenceScore":null},{"id":"1663420087","labeledBy":"AUTO","labeledByUserId":null,"acceptedByUserId":null,"rejectedByUserId":null,"layer":0,"counter":0,"status":"LABELED","hashCode":"SPAN:eS2knCRgLegeRw8bcmSWA:0:0:0:201:0:0:0:201:6:0:undefined:undefined","labelName":"eS2knCRgLegeRw8bcmSWA","labelItem":{"id":"eS2knCRgLegeRw8bcmSWA","labelName":"Skill"},"textPosition":{"start":{"row":0,"column":0,"tokenIndex":201,"charIndex":0},"end":{"row":0,"column":0,"tokenIndex":201,"charIndex":6}},"confidenceScore":null},{"id":"1663420090","labeledBy":"AUTO","labeledByUserId":null,"acceptedByUserId":null,"rejectedByUserId":null,"layer":0,"counter":0,"status":"LABELED","hashCode":"SPAN:eS2knCRgLegeRw8bcmSWA:0:0:0:202:0:0:0:202:6:0:undefined:undefined","labelName":"eS2knCRgLegeRw8bcmSWA","labelItem":{"id":"eS2knCRgLegeRw8bcmSWA","labelName":"Skill"},"textPosition":{"start":{"row":0,"column":0,"tokenIndex":202,"charIndex":0},"end":{"row":0,"column":0,"tokenIndex":202,"charIndex":6}},"confidenceScore":null},{"id":"1663420093","labeledBy":"AUTO","labeledByUserId":null,"acceptedByUserId":null,"rejectedByUserId":null,"layer":0,"counter":0,"status":"LABELED","hashCode":"SPAN:eS2knCRgLegeRw8bcmSWA:0:0:0:204:0:0:0:205:5:0:undefined:undefined","labelName":"eS2knCRgLegeRw8bcmSWA","labelItem":{"id":"eS2knCRgLegeRw8bcmSWA","labelName":"Skill"},"textPosition":{"start":{"row":0,"column":0,"tokenIndex":204,"charIndex":0},"end":{"row":0,"column":0,"tokenIndex":205,"charIndex":5}},"confidenceScore":null},{"id":"1663420096","labeledBy":"AUTO","labeledByUserId":null,"acceptedByUserId":null,"rejectedByUserId":null,"layer":0,"counter":0,"status":"LABELED","hashCode":"SPAN:eS2knCRgLegeRw8bcmSWA:0:0:0:207:0:0:0:208:6:0:undefined:undefined","labelName":"eS2knCRgLegeRw8bcmSWA","labelItem":{"id":"eS2knCRgLegeRw8bcmSWA","labelName":"Skill"},"textPosition":{"start":{"row":0,"column":0,"tokenIndex":207,"charIndex":0},"end":{"row":0,"column":0,"tokenIndex":208,"charIndex":6}},"confidenceScore":null},{"id":"1663420099","labeledBy":"AUTO","labeledByUserId":null,"acceptedByUserId":null,"rejectedByUserId":null,"layer":0,"counter":0,"status":"LABELED","hashCode":"SPAN:eS2knCRgLegeRw8bcmSWA:0:0:0:210:0:0:0:213:8:0:undefined:undefined","labelName":"eS2knCRgLegeRw8bcmSWA","labelItem":{"id":"eS2knCRgLegeRw8bcmSWA","labelName":"Skill"},"textPosition":{"start":{"row":0,"column":0,"tokenIndex":210,"charIndex":0},"end":{"row":0,"column":0,"tokenIndex":213,"charIndex":8}},"confidenceScore":null},{"id":"1663420102","labeledBy":"AUTO","labeledByUserId":null,"acceptedByUserId":null,"rejectedByUserId":null,"layer":0,"counter":0,"status":"LABELED","hashCode":"SPAN:SJEkdao76hjwbb6Fh5SY6:0:1:0:0:0:1:0:4:12:0:undefined:undefined","labelName":"SJEkdao76hjwbb6Fh5SY6","labelItem":{"id":"SJEkdao76hjwbb6Fh5SY6","labelName":"Job Title"},"textPosition":{"start":{"row":1,"column":0,"tokenIndex":0,"charIndex":0},"end":{"row":1,"column":0,"tokenIndex":4,"charIndex":12}},"confidenceScore":null},{"id":"1663420105","labeledBy":"AUTO","labeledByUserId":null,"acceptedByUserId":null,"rejectedByUserId":null,"layer":0,"counter":0,"status":"LABELED","hashCode":"SPAN:rj7TW0-ymuRo6f_asXJab:0:1:0:6:0:1:0:9:9:0:undefined:undefined","labelName":"rj7TW0-ymuRo6f_asXJab","labelItem":{"id":"rj7TW0-ymuRo6f_asXJab","labelName":"Company Name"},"textPosition":{"start":{"row":1,"column":0,"tokenIndex":6,"charIndex":0},"end":{"row":1,"column":0,"tokenIndex":9,"charIndex":9}},"confidenceScore":null},{"id":"1663420108","labeledBy":"AUTO","labeledByUserId":null,"acceptedByUserId":null,"rejectedByUserId":null,"layer":0,"counter":0,"status":"LABELED","hashCode":"SPAN:1R0C50AAwFbEp2O0WmRv6:0:1:0:15:0:1:0:15:9:0:undefined:undefined","labelName":"1R0C50AAwFbEp2O0WmRv6","labelItem":{"id":"1R0C50AAwFbEp2O0WmRv6","labelName":"Location"},"textPosition":{"start":{"row":1,"column":0,"tokenIndex":15,"charIndex":0},"end":{"row":1,"column":0,"tokenIndex":15,"charIndex":9}},"confidenceScore":null},{"id":"1663420111","labeledBy":"AUTO","labeledByUserId":null,"acceptedByUserId":null,"rejectedByUserId":null,"layer":0,"counter":0,"status":"LABELED","hashCode":"SPAN:1R0C50AAwFbEp2O0WmRv6:0:1:0:16:0:1:0:16:1:0:undefined:undefined","labelName":"1R0C50AAwFbEp2O0WmRv6","labelItem":{"id":"1R0C50AAwFbEp2O0WmRv6","labelName":"Location"},"textPosition":{"start":{"row":1,"column":0,"tokenIndex":16,"charIndex":0},"end":{"row":1,"column":0,"tokenIndex":16,"charIndex":1}},"confidenceScore":null},{"id":"1663420114","labeledBy":"AUTO","labeledByUserId":null,"acceptedByUserId":null,"rejectedByUserId":null,"layer":0,"counter":0,"status":"LABELED","hashCode":"SPAN:52S_6moRfhjC-yXgIBeCp:0:1:0:17:0:1:0:18:3:0:undefined:undefined","labelName":"52S_6moRfhjC-yXgIBeCp","labelItem":{"id":"52S_6moRfhjC-yXgIBeCp","labelName":"Date"},"textPosition":{"start":{"row":1,"column":0,"tokenIndex":17,"charIndex":0},"end":{"row":1,"column":0,"tokenIndex":18,"charIndex":3}},"confidenceScore":null},{"id":"1663420117","labeledBy":"AUTO","labeledByUserId":null,"acceptedByUserId":null,"rejectedByUserId":null,"layer":0,"counter":0,"status":"LABELED","hashCode":"SPAN:52S_6moRfhjC-yXgIBeCp:0:1:0:20:0:1:0:21:3:0:undefined:undefined","labelName":"52S_6moRfhjC-yXgIBeCp","labelItem":{"id":"52S_6moRfhjC-yXgIBeCp","labelName":"Date"},"textPosition":{"start":{"row":1,"column":0,"tokenIndex":20,"charIndex":0},"end":{"row":1,"column":0,"tokenIndex":21,"charIndex":3}},"confidenceScore":null},{"id":"1663420120","labeledBy":"AUTO","labeledByUserId":null,"acceptedByUserId":null,"rejectedByUserId":null,"layer":0,"counter":0,"status":"LABELED","hashCode":"SPAN:eS2knCRgLegeRw8bcmSWA:0:1:0:24:0:1:0:24:7:0:undefined:undefined","labelName":"eS2knCRgLegeRw8bcmSWA","labelItem":{"id":"eS2knCRgLegeRw8bcmSWA","labelName":"Skill"},"textPosition":{"start":{"row":1,"column":0,"tokenIndex":24,"charIndex":0},"end":{"row":1,"column":0,"tokenIndex":24,"charIndex":7}},"confidenceScore":null},{"id":"1663420123","labeledBy":"AUTO","labeledByUserId":null,"acceptedByUserId":null,"rejectedByUserId":null,"layer":0,"counter":0,"status":"LABELED","hashCode":"SPAN:eS2knCRgLegeRw8bcmSWA:0:1:0:25:0:1:0:25:6:0:undefined:undefined","labelName":"eS2knCRgLegeRw8bcmSWA","labelItem":{"id":"eS2knCRgLegeRw8bcmSWA","labelName":"Skill"},"textPosition":{"start":{"row":1,"column":0,"tokenIndex":25,"charIndex":0},"end":{"row":1,"column":0,"tokenIndex":25,"charIndex":6}},"confidenceScore":null},{"id":"1663420126","labeledBy":"AUTO","labeledByUserId":null,"acceptedByUserId":null,"rejectedByUserId":null,"layer":0,"counter":0,"status":"LABELED","hashCode":"SPAN:eS2knCRgLegeRw8bcmSWA:0:1:0:26:0:1:0:26:2:0:undefined:undefined","labelName":"eS2knCRgLegeRw8bcmSWA","labelItem":{"id":"eS2knCRgLegeRw8bcmSWA","labelName":"Skill"},"textPosition":{"start":{"row":1,"column":0,"tokenIndex":26,"charIndex":0},"end":{"row":1,"column":0,"tokenIndex":26,"charIndex":2}},"confidenceScore":null},{"id":"1663420129","labeledBy":"AUTO","labeledByUserId":null,"acceptedByUserId":null,"rejectedByUserId":null,"layer":0,"counter":0,"status":"LABELED","hashCode":"SPAN:eS2knCRgLegeRw8bcmSWA:0:1:0:32:0:1:0:32:6:0:undefined:undefined","labelName":"eS2knCRgLegeRw8bcmSWA","labelItem":{"id":"eS2knCRgLegeRw8bcmSWA","labelName":"Skill"},"textPosition":{"start":{"row":1,"column":0,"tokenIndex":32,"charIndex":0},"end":{"row":1,"column":0,"tokenIndex":32,"charIndex":6}},"confidenceScore":null},{"id":"1663420132","labeledBy":"AUTO","labeledByUserId":null,"acceptedByUserId":null,"rejectedByUserId":null,"layer":0,"counter":0,"status":"LABELED","hashCode":"SPAN:eS2knCRgLegeRw8bcmSWA:0:1:0:34:0:1:0:34:4:0:undefined:undefined","labelName":"eS2knCRgLegeRw8bcmSWA","labelItem":{"id":"eS2knCRgLegeRw8bcmSWA","labelName":"Skill"},"textPosition":{"start":{"row":1,"column":0,"tokenIndex":34,"charIndex":0},"end":{"row":1,"column":0,"tokenIndex":34,"charIndex":4}},"confidenceScore":null},{"id":"1663420135","labeledBy":"AUTO","labeledByUserId":null,"acceptedByUserId":null,"rejectedByUserId":null,"layer":0,"counter":0,"status":"LABELED","hashCode":"SPAN:eS2knCRgLegeRw8bcmSWA:0:1:0:36:0:1:0:36:6:0:undefined:undefined","labelName":"eS2knCRgLegeRw8bcmSWA","labelItem":{"id":"eS2knCRgLegeRw8bcmSWA","labelName":"Skill"},"textPosition":{"start":{"row":1,"column":0,"tokenIndex":36,"charIndex":0},"end":{"row":1,"column":0,"tokenIndex":36,"charIndex":6}},"confidenceScore":null},{"id":"1663420138","labeledBy":"AUTO","labeledByUserId":null,"acceptedByUserId":null,"rejectedByUserId":null,"layer":0,"counter":0,"status":"LABELED","hashCode":"SPAN:eS2knCRgLegeRw8bcmSWA:0:1:0:37:0:1:0:37:5:0:undefined:undefined","labelName":"eS2knCRgLegeRw8bcmSWA","labelItem":{"id":"eS2knCRgLegeRw8bcmSWA","labelName":"Skill"},"textPosition":{"start":{"row":1,"column":0,"tokenIndex":37,"charIndex":0},"end":{"row":1,"column":0,"tokenIndex":37,"charIndex":5}},"confidenceScore":null},{"id":"1663420141","labeledBy":"AUTO","labeledByUserId":null,"acceptedByUserId":null,"rejectedByUserId":null,"layer":0,"counter":0,"status":"LABELED","hashCode":"SPAN:eS2knCRgLegeRw8bcmSWA:0:1:0:39:0:1:0:39:9:0:undefined:undefined","labelName":"eS2knCRgLegeRw8bcmSWA","labelItem":{"id":"eS2knCRgLegeRw8bcmSWA","labelName":"Skill"},"textPosition":{"start":{"row":1,"column":0,"tokenIndex":39,"charIndex":0},"end":{"row":1,"column":0,"tokenIndex":39,"charIndex":9}},"confidenceScore":null},{"id":"1663420144","labeledBy":"AUTO","labeledByUserId":null,"acceptedByUserId":null,"rejectedByUserId":null,"layer":0,"counter":0,"status":"LABELED","hashCode":"SPAN:eS2knCRgLegeRw8bcmSWA:0:1:0:41:0:1:0:42:6:0:undefined:undefined","labelName":"eS2knCRgLegeRw8bcmSWA","labelItem":{"id":"eS2knCRgLegeRw8bcmSWA","labelName":"Skill"},"textPosition":{"start":{"row":1,"column":0,"tokenIndex":41,"charIndex":0},"end":{"row":1,"column":0,"tokenIndex":42,"charIndex":6}},"confidenceScore":null},{"id":"1663420150","labeledBy":"AUTO","labeledByUserId":null,"acceptedByUserId":null,"rejectedByUserId":null,"layer":0,"counter":0,"status":"LABELED","hashCode":"SPAN:eS2knCRgLegeRw8bcmSWA:0:1:0:59:0:1:0:60:6:0:undefined:undefined","labelName":"eS2knCRgLegeRw8bcmSWA","labelItem":{"id":"eS2knCRgLegeRw8bcmSWA","labelName":"Skill"},"textPosition":{"start":{"row":1,"column":0,"tokenIndex":59,"charIndex":0},"end":{"row":1,"column":0,"tokenIndex":60,"charIndex":6}},"confidenceScore":null},{"id":"1663420153","labeledBy":"AUTO","labeledByUserId":null,"acceptedByUserId":null,"rejectedByUserId":null,"layer":0,"counter":0,"status":"LABELED","hashCode":"SPAN:eS2knCRgLegeRw8bcmSWA:0:1:0:61:0:1:0:62:6:0:undefined:undefined","labelName":"eS2knCRgLegeRw8bcmSWA","labelItem":{"id":"eS2knCRgLegeRw8bcmSWA","labelName":"Skill"},"textPosition":{"start":{"row":1,"column":0,"tokenIndex":61,"charIndex":0},"end":{"row":1,"column":0,"tokenIndex":62,"charIndex":6}},"confidenceScore":null},{"id":"1663420156","labeledBy":"AUTO","labeledByUserId":null,"acceptedByUserId":null,"rejectedByUserId":null,"layer":0,"counter":0,"status":"LABELED","hashCode":"SPAN:eS2knCRgLegeRw8bcmSWA:0:1:0:63:0:1:0:64:6:0:undefined:undefined","labelName":"eS2knCRgLegeRw8bcmSWA","labelItem":{"id":"eS2knCRgLegeRw8bcmSWA","labelName":"Skill"},"textPosition":{"start":{"row":1,"column":0,"tokenIndex":63,"charIndex":0},"end":{"row":1,"column":0,"tokenIndex":64,"charIndex":6}},"confidenceScore":null},{"id":"1663420159","labeledBy":"AUTO","labeledByUserId":null,"acceptedByUserId":null,"rejectedByUserId":null,"layer":0,"counter":0,"status":"LABELED","hashCode":"SPAN:eS2knCRgLegeRw8bcmSWA:0:1:0:65:0:1:0:66:6:0:undefined:undefined","labelName":"eS2knCRgLegeRw8bcmSWA","labelItem":{"id":"eS2knCRgLegeRw8bcmSWA","labelName":"Skill"},"textPosition":{"start":{"row":1,"column":0,"tokenIndex":65,"charIndex":0},"end":{"row":1,"column":0,"tokenIndex":66,"charIndex":6}},"confidenceScore":null},{"id":"1663420162","labeledBy":"AUTO","labeledByUserId":null,"acceptedByUserId":null,"rejectedByUserId":null,"layer":0,"counter":0,"status":"LABELED","hashCode":"SPAN:eS2knCRgLegeRw8bcmSWA:0:1:0:67:0:1:0:68:6:0:undefined:undefined","labelName":"eS2knCRgLegeRw8bcmSWA","labelItem":{"id":"eS2knCRgLegeRw8bcmSWA","labelName":"Skill"},"textPosition":{"start":{"row":1,"column":0,"tokenIndex":67,"charIndex":0},"end":{"row":1,"column":0,"tokenIndex":68,"charIndex":6}},"confidenceScore":null},{"id":"1663420165","labeledBy":"AUTO","labeledByUserId":null,"acceptedByUserId":null,"rejectedByUserId":null,"layer":0,"counter":0,"status":"LABELED","hashCode":"SPAN:eS2knCRgLegeRw8bcmSWA:0:1:0:69:0:1:0:70:5:0:undefined:undefined","labelName":"eS2knCRgLegeRw8bcmSWA","labelItem":{"id":"eS2knCRgLegeRw8bcmSWA","labelName":"Skill"},"textPosition":{"start":{"row":1,"column":0,"tokenIndex":69,"charIndex":0},"end":{"row":1,"column":0,"tokenIndex":70,"charIndex":5}},"confidenceScore":null},{"id":"1663420168","labeledBy":"AUTO","labeledByUserId":null,"acceptedByUserId":null,"rejectedByUserId":null,"layer":0,"counter":0,"status":"LABELED","hashCode":"SPAN:SJEkdao76hjwbb6Fh5SY6:0:1:0:71:0:1:0:72:12:0:undefined:undefined","labelName":"SJEkdao76hjwbb6Fh5SY6","labelItem":{"id":"SJEkdao76hjwbb6Fh5SY6","labelName":"Job Title"},"textPosition":{"start":{"row":1,"column":0,"tokenIndex":71,"charIndex":0},"end":{"row":1,"column":0,"tokenIndex":72,"charIndex":12}},"confidenceScore":null},{"id":"1663420171","labeledBy":"AUTO","labeledByUserId":null,"acceptedByUserId":null,"rejectedByUserId":null,"layer":0,"counter":0,"status":"LABELED","hashCode":"SPAN:rj7TW0-ymuRo6f_asXJab:0:1:0:73:0:1:0:74:11:0:undefined:undefined","labelName":"rj7TW0-ymuRo6f_asXJab","labelItem":{"id":"rj7TW0-ymuRo6f_asXJab","labelName":"Company Name"},"textPosition":{"start":{"row":1,"column":0,"tokenIndex":73,"charIndex":0},"end":{"row":1,"column":0,"tokenIndex":74,"charIndex":11}},"confidenceScore":null},{"id":"1663420174","labeledBy":"AUTO","labeledByUserId":null,"acceptedByUserId":null,"rejectedByUserId":null,"layer":0,"counter":0,"status":"LABELED","hashCode":"SPAN:52S_6moRfhjC-yXgIBeCp:0:1:0:75:0:1:0:75:3:0:undefined:undefined","labelName":"52S_6moRfhjC-yXgIBeCp","labelItem":{"id":"52S_6moRfhjC-yXgIBeCp","labelName":"Date"},"textPosition":{"start":{"row":1,"column":0,"tokenIndex":75,"charIndex":0},"end":{"row":1,"column":0,"tokenIndex":75,"charIndex":3}},"confidenceScore":null},{"id":"1663420177","labeledBy":"AUTO","labeledByUserId":null,"acceptedByUserId":null,"rejectedByUserId":null,"layer":0,"counter":0,"status":"LABELED","hashCode":"SPAN:52S_6moRfhjC-yXgIBeCp:0:1:0:77:0:1:0:78:3:0:undefined:undefined","labelName":"52S_6moRfhjC-yXgIBeCp","labelItem":{"id":"52S_6moRfhjC-yXgIBeCp","labelName":"Date"},"textPosition":{"start":{"row":1,"column":0,"tokenIndex":77,"charIndex":0},"end":{"row":1,"column":0,"tokenIndex":78,"charIndex":3}},"confidenceScore":null},{"id":"1663420186","labeledBy":"AUTO","labeledByUserId":null,"acceptedByUserId":null,"rejectedByUserId":null,"layer":0,"counter":0,"status":"LABELED","hashCode":"SPAN:eS2knCRgLegeRw8bcmSWA:0:1:0:80:0:1:0:81:7:0:undefined:undefined","labelName":"eS2knCRgLegeRw8bcmSWA","labelItem":{"id":"eS2knCRgLegeRw8bcmSWA","labelName":"Skill"},"textPosition":{"start":{"row":1,"column":0,"tokenIndex":80,"charIndex":0},"end":{"row":1,"column":0,"tokenIndex":81,"charIndex":7}},"confidenceScore":null},{"id":"1663420180","labeledBy":"AUTO","labeledByUserId":null,"acceptedByUserId":null,"rejectedByUserId":null,"layer":0,"counter":0,"status":"LABELED","hashCode":"SPAN:eS2knCRgLegeRw8bcmSWA:0:1:0:82:0:1:0:82:12:0:undefined:undefined","labelName":"eS2knCRgLegeRw8bcmSWA","labelItem":{"id":"eS2knCRgLegeRw8bcmSWA","labelName":"Skill"},"textPosition":{"start":{"row":1,"column":0,"tokenIndex":82,"charIndex":0},"end":{"row":1,"column":0,"tokenIndex":82,"charIndex":12}},"confidenceScore":null},{"id":"1663420184","labeledBy":"AUTO","labeledByUserId":null,"acceptedByUserId":null,"rejectedByUserId":null,"layer":0,"counter":0,"status":"LABELED","hashCode":"SPAN:eS2knCRgLegeRw8bcmSWA:0:1:0:83:0:1:0:83:8:0:undefined:undefined","labelName":"eS2knCRgLegeRw8bcmSWA","labelItem":{"id":"eS2knCRgLegeRw8bcmSWA","labelName":"Skill"},"textPosition":{"start":{"row":1,"column":0,"tokenIndex":83,"charIndex":0},"end":{"row":1,"column":0,"tokenIndex":83,"charIndex":8}},"confidenceScore":null},{"id":"1663420189","labeledBy":"AUTO","labeledByUserId":null,"acceptedByUserId":null,"rejectedByUserId":null,"layer":0,"counter":0,"status":"LABELED","hashCode":"SPAN:eS2knCRgLegeRw8bcmSWA:0:1:0:86:0:1:0:87:11:0:undefined:undefined","labelName":"eS2knCRgLegeRw8bcmSWA","labelItem":{"id":"eS2knCRgLegeRw8bcmSWA","labelName":"Skill"},"textPosition":{"start":{"row":1,"column":0,"tokenIndex":86,"charIndex":0},"end":{"row":1,"column":0,"tokenIndex":87,"charIndex":11}},"confidenceScore":null},{"id":"1663420192","labeledBy":"AUTO","labeledByUserId":null,"acceptedByUserId":null,"rejectedByUserId":null,"layer":0,"counter":0,"status":"LABELED","hashCode":"SPAN:eS2knCRgLegeRw8bcmSWA:0:1:0:89:0:1:0:90:7:0:undefined:undefined","labelName":"eS2knCRgLegeRw8bcmSWA","labelItem":{"id":"eS2knCRgLegeRw8bcmSWA","labelName":"Skill"},"textPosition":{"start":{"row":1,"column":0,"tokenIndex":89,"charIndex":0},"end":{"row":1,"column":0,"tokenIndex":90,"charIndex":7}},"confidenceScore":null},{"id":"1663420195","labeledBy":"AUTO","labeledByUserId":null,"acceptedByUserId":null,"rejectedByUserId":null,"layer":0,"counter":0,"status":"LABELED","hashCode":"SPAN:eS2knCRgLegeRw8bcmSWA:0:1:0:135:0:1:0:135:4:0:undefined:undefined","labelName":"eS2knCRgLegeRw8bcmSWA","labelItem":{"id":"eS2knCRgLegeRw8bcmSWA","labelName":"Skill"},"textPosition":{"start":{"row":1,"column":0,"tokenIndex":135,"charIndex":0},"end":{"row":1,"column":0,"tokenIndex":135,"charIndex":4}},"confidenceScore":null},{"id":"1663420198","labeledBy":"AUTO","labeledByUserId":null,"acceptedByUserId":null,"rejectedByUserId":null,"layer":0,"counter":0,"status":"LABELED","hashCode":"SPAN:eS2knCRgLegeRw8bcmSWA:0:1:0:136:0:1:0:136:6:0:undefined:undefined","labelName":"eS2knCRgLegeRw8bcmSWA","labelItem":{"id":"eS2knCRgLegeRw8bcmSWA","labelName":"Skill"},"textPosition":{"start":{"row":1,"column":0,"tokenIndex":136,"charIndex":0},"end":{"row":1,"column":0,"tokenIndex":136,"charIndex":6}},"confidenceScore":null},{"id":"1663420201","labeledBy":"AUTO","labeledByUserId":null,"acceptedByUserId":null,"rejectedByUserId":null,"layer":0,"counter":0,"status":"LABELED","hashCode":"SPAN:eS2knCRgLegeRw8bcmSWA:0:1:0:137:0:1:0:137:4:0:undefined:undefined","labelName":"eS2knCRgLegeRw8bcmSWA","labelItem":{"id":"eS2knCRgLegeRw8bcmSWA","labelName":"Skill"},"textPosition":{"start":{"row":1,"column":0,"tokenIndex":137,"charIndex":0},"end":{"row":1,"column":0,"tokenIndex":137,"charIndex":4}},"confidenceScore":null},{"id":"1663420204","labeledBy":"AUTO","labeledByUserId":null,"acceptedByUserId":null,"rejectedByUserId":null,"layer":0,"counter":0,"status":"LABELED","hashCode":"SPAN:eS2knCRgLegeRw8bcmSWA:0:1:0:138:0:1:0:138:4:0:undefined:undefined","labelName":"eS2knCRgLegeRw8bcmSWA","labelItem":{"id":"eS2knCRgLegeRw8bcmSWA","labelName":"Skill"},"textPosition":{"start":{"row":1,"column":0,"tokenIndex":138,"charIndex":0},"end":{"row":1,"column":0,"tokenIndex":138,"charIndex":4}},"confidenceScore":null},{"id":"1663420207","labeledBy":"AUTO","labeledByUserId":null,"acceptedByUserId":null,"rejectedByUserId":null,"layer":0,"counter":0,"status":"LABELED","hashCode":"SPAN:eS2knCRgLegeRw8bcmSWA:0:1:0:140:0:1:0:141:8:0:undefined:undefined","labelName":"eS2knCRgLegeRw8bcmSWA","labelItem":{"id":"eS2knCRgLegeRw8bcmSWA","labelName":"Skill"},"textPosition":{"start":{"row":1,"column":0,"tokenIndex":140,"charIndex":0},"end":{"row":1,"column":0,"tokenIndex":141,"charIndex":8}},"confidenceScore":null},{"id":"1663420210","labeledBy":"AUTO","labeledByUserId":null,"acceptedByUserId":null,"rejectedByUserId":null,"layer":0,"counter":0,"status":"LABELED","hashCode":"SPAN:eS2knCRgLegeRw8bcmSWA:0:1:0:143:0:1:0:143:3:0:undefined:undefined","labelName":"eS2knCRgLegeRw8bcmSWA","labelItem":{"id":"eS2knCRgLegeRw8bcmSWA","labelName":"Skill"},"textPosition":{"start":{"row":1,"column":0,"tokenIndex":143,"charIndex":0},"end":{"row":1,"column":0,"tokenIndex":143,"charIndex":3}},"confidenceScore":null},{"id":"1663420213","labeledBy":"AUTO","labeledByUserId":null,"acceptedByUserId":null,"rejectedByUserId":null,"layer":0,"counter":0,"status":"LABELED","hashCode":"SPAN:eS2knCRgLegeRw8bcmSWA:0:1:0:145:0:1:0:145:2:0:undefined:undefined","labelName":"eS2knCRgLegeRw8bcmSWA","labelItem":{"id":"eS2knCRgLegeRw8bcmSWA","labelName":"Skill"},"textPosition":{"start":{"row":1,"column":0,"tokenIndex":145,"charIndex":0},"end":{"row":1,"column":0,"tokenIndex":145,"charIndex":2}},"confidenceScore":null},{"id":"1663420216","labeledBy":"AUTO","labeledByUserId":null,"acceptedByUserId":null,"rejectedByUserId":null,"layer":0,"counter":0,"status":"LABELED","hashCode":"SPAN:eS2knCRgLegeRw8bcmSWA:0:1:0:147:0:1:0:150:4:0:undefined:undefined","labelName":"eS2knCRgLegeRw8bcmSWA","labelItem":{"id":"eS2knCRgLegeRw8bcmSWA","labelName":"Skill"},"textPosition":{"start":{"row":1,"column":0,"tokenIndex":147,"charIndex":0},"end":{"row":1,"column":0,"tokenIndex":150,"charIndex":4}},"confidenceScore":null},{"id":"1663420219","labeledBy":"AUTO","labeledByUserId":null,"acceptedByUserId":null,"rejectedByUserId":null,"layer":0,"counter":0,"status":"LABELED","hashCode":"SPAN:eS2knCRgLegeRw8bcmSWA:0:1:0:152:0:1:0:152:6:0:undefined:undefined","labelName":"eS2knCRgLegeRw8bcmSWA","labelItem":{"id":"eS2knCRgLegeRw8bcmSWA","labelName":"Skill"},"textPosition":{"start":{"row":1,"column":0,"tokenIndex":152,"charIndex":0},"end":{"row":1,"column":0,"tokenIndex":152,"charIndex":6}},"confidenceScore":null},{"id":"1663420222","labeledBy":"AUTO","labeledByUserId":null,"acceptedByUserId":null,"rejectedByUserId":null,"layer":0,"counter":0,"status":"LABELED","hashCode":"SPAN:eS2knCRgLegeRw8bcmSWA:0:1:0:153:0:1:0:153:5:0:undefined:undefined","labelName":"eS2knCRgLegeRw8bcmSWA","labelItem":{"id":"eS2knCRgLegeRw8bcmSWA","labelName":"Skill"},"textPosition":{"start":{"row":1,"column":0,"tokenIndex":153,"charIndex":0},"end":{"row":1,"column":0,"tokenIndex":153,"charIndex":5}},"confidenceScore":null},{"id":"1663420225","labeledBy":"AUTO","labeledByUserId":null,"acceptedByUserId":null,"rejectedByUserId":null,"layer":0,"counter":0,"status":"LABELED","hashCode":"SPAN:eS2knCRgLegeRw8bcmSWA:0:1:0:155:0:1:0:156:13:0:undefined:undefined","labelName":"eS2knCRgLegeRw8bcmSWA","labelItem":{"id":"eS2knCRgLegeRw8bcmSWA","labelName":"Skill"},"textPosition":{"start":{"row":1,"column":0,"tokenIndex":155,"charIndex":0},"end":{"row":1,"column":0,"tokenIndex":156,"charIndex":13}},"confidenceScore":null},{"id":"1663420231","labeledBy":"AUTO","labeledByUserId":null,"acceptedByUserId":null,"rejectedByUserId":null,"layer":0,"counter":0,"status":"LABELED","hashCode":"SPAN:SJEkdao76hjwbb6Fh5SY6:0:1:0:157:0:1:0:158:12:0:undefined:undefined","labelName":"SJEkdao76hjwbb6Fh5SY6","labelItem":{"id":"SJEkdao76hjwbb6Fh5SY6","labelName":"Job Title"},"textPosition":{"start":{"row":1,"column":0,"tokenIndex":157,"charIndex":0},"end":{"row":1,"column":0,"tokenIndex":158,"charIndex":12}},"confidenceScore":null},{"id":"1663420234","labeledBy":"AUTO","labeledByUserId":null,"acceptedByUserId":null,"rejectedByUserId":null,"layer":0,"counter":0,"status":"LABELED","hashCode":"SPAN:SJEkdao76hjwbb6Fh5SY6:0:1:0:157:0:1:0:162:7:0:undefined:undefined","labelName":"SJEkdao76hjwbb6Fh5SY6","labelItem":{"id":"SJEkdao76hjwbb6Fh5SY6","labelName":"Job Title"},"textPosition":{"start":{"row":1,"column":0,"tokenIndex":157,"charIndex":0},"end":{"row":1,"column":0,"tokenIndex":162,"charIndex":7}},"confidenceScore":null},{"id":"1663420228","labeledBy":"AUTO","labeledByUserId":null,"acceptedByUserId":null,"rejectedByUserId":null,"layer":0,"counter":0,"status":"LABELED","hashCode":"SPAN:eS2knCRgLegeRw8bcmSWA:0:1:0:160:0:1:0:162:7:0:undefined:undefined","labelName":"eS2knCRgLegeRw8bcmSWA","labelItem":{"id":"eS2knCRgLegeRw8bcmSWA","labelName":"Skill"},"textPosition":{"start":{"row":1,"column":0,"tokenIndex":160,"charIndex":0},"end":{"row":1,"column":0,"tokenIndex":162,"charIndex":7}},"confidenceScore":null},{"id":"1663420237","labeledBy":"AUTO","labeledByUserId":null,"acceptedByUserId":null,"rejectedByUserId":null,"layer":0,"counter":0,"status":"LABELED","hashCode":"SPAN:rj7TW0-ymuRo6f_asXJab:0:1:0:164:0:1:0:164:11:0:undefined:undefined","labelName":"rj7TW0-ymuRo6f_asXJab","labelItem":{"id":"rj7TW0-ymuRo6f_asXJab","labelName":"Company Name"},"textPosition":{"start":{"row":1,"column":0,"tokenIndex":164,"charIndex":0},"end":{"row":1,"column":0,"tokenIndex":164,"charIndex":11}},"confidenceScore":null},{"id":"1663420240","labeledBy":"AUTO","labeledByUserId":null,"acceptedByUserId":null,"rejectedByUserId":null,"layer":0,"counter":0,"status":"LABELED","hashCode":"SPAN:1R0C50AAwFbEp2O0WmRv6:0:1:0:166:0:1:0:166:9:0:undefined:undefined","labelName":"1R0C50AAwFbEp2O0WmRv6","labelItem":{"id":"1R0C50AAwFbEp2O0WmRv6","labelName":"Location"},"textPosition":{"start":{"row":1,"column":0,"tokenIndex":166,"charIndex":0},"end":{"row":1,"column":0,"tokenIndex":166,"charIndex":9}},"confidenceScore":null},{"id":"1663420243","labeledBy":"AUTO","labeledByUserId":null,"acceptedByUserId":null,"rejectedByUserId":null,"layer":0,"counter":0,"status":"LABELED","hashCode":"SPAN:1R0C50AAwFbEp2O0WmRv6:0:1:0:167:0:1:0:167:1:0:undefined:undefined","labelName":"1R0C50AAwFbEp2O0WmRv6","labelItem":{"id":"1R0C50AAwFbEp2O0WmRv6","labelName":"Location"},"textPosition":{"start":{"row":1,"column":0,"tokenIndex":167,"charIndex":0},"end":{"row":1,"column":0,"tokenIndex":167,"charIndex":1}},"confidenceScore":null},{"id":"1663420246","labeledBy":"AUTO","labeledByUserId":null,"acceptedByUserId":null,"rejectedByUserId":null,"layer":0,"counter":0,"status":"LABELED","hashCode":"SPAN:52S_6moRfhjC-yXgIBeCp:0:1:0:168:0:1:0:169:3:0:undefined:undefined","labelName":"52S_6moRfhjC-yXgIBeCp","labelItem":{"id":"52S_6moRfhjC-yXgIBeCp","labelName":"Date"},"textPosition":{"start":{"row":1,"column":0,"tokenIndex":168,"charIndex":0},"end":{"row":1,"column":0,"tokenIndex":169,"charIndex":3}},"confidenceScore":null},{"id":"1663420249","labeledBy":"AUTO","labeledByUserId":null,"acceptedByUserId":null,"rejectedByUserId":null,"layer":0,"counter":0,"status":"LABELED","hashCode":"SPAN:52S_6moRfhjC-yXgIBeCp:0:1:0:171:0:1:0:172:3:0:undefined:undefined","labelName":"52S_6moRfhjC-yXgIBeCp","labelItem":{"id":"52S_6moRfhjC-yXgIBeCp","labelName":"Date"},"textPosition":{"start":{"row":1,"column":0,"tokenIndex":171,"charIndex":0},"end":{"row":1,"column":0,"tokenIndex":172,"charIndex":3}},"confidenceScore":null},{"id":"1663420252","labeledBy":"AUTO","labeledByUserId":null,"acceptedByUserId":null,"rejectedByUserId":null,"layer":0,"counter":0,"status":"LABELED","hashCode":"SPAN:eS2knCRgLegeRw8bcmSWA:0:1:0:177:0:1:0:177:9:0:undefined:undefined","labelName":"eS2knCRgLegeRw8bcmSWA","labelItem":{"id":"eS2knCRgLegeRw8bcmSWA","labelName":"Skill"},"textPosition":{"start":{"row":1,"column":0,"tokenIndex":177,"charIndex":0},"end":{"row":1,"column":0,"tokenIndex":177,"charIndex":9}},"confidenceScore":null},{"id":"1663420255","labeledBy":"AUTO","labeledByUserId":null,"acceptedByUserId":null,"rejectedByUserId":null,"layer":0,"counter":0,"status":"LABELED","hashCode":"SPAN:eS2knCRgLegeRw8bcmSWA:0:1:0:183:0:1:0:183:11:0:undefined:undefined","labelName":"eS2knCRgLegeRw8bcmSWA","labelItem":{"id":"eS2knCRgLegeRw8bcmSWA","labelName":"Skill"},"textPosition":{"start":{"row":1,"column":0,"tokenIndex":183,"charIndex":0},"end":{"row":1,"column":0,"tokenIndex":183,"charIndex":11}},"confidenceScore":null},{"id":"1663420258","labeledBy":"AUTO","labeledByUserId":null,"acceptedByUserId":null,"rejectedByUserId":null,"layer":0,"counter":0,"status":"LABELED","hashCode":"SPAN:eS2knCRgLegeRw8bcmSWA:0:1:0:184:0:1:0:184:13:0:undefined:undefined","labelName":"eS2knCRgLegeRw8bcmSWA","labelItem":{"id":"eS2knCRgLegeRw8bcmSWA","labelName":"Skill"},"textPosition":{"start":{"row":1,"column":0,"tokenIndex":184,"charIndex":0},"end":{"row":1,"column":0,"tokenIndex":184,"charIndex":13}},"confidenceScore":null},{"id":"1663420261","labeledBy":"AUTO","labeledByUserId":null,"acceptedByUserId":null,"rejectedByUserId":null,"layer":0,"counter":0,"status":"LABELED","hashCode":"SPAN:eS2knCRgLegeRw8bcmSWA:0:1:0:186:0:1:0:186:11:0:undefined:undefined","labelName":"eS2knCRgLegeRw8bcmSWA","labelItem":{"id":"eS2knCRgLegeRw8bcmSWA","labelName":"Skill"},"textPosition":{"start":{"row":1,"column":0,"tokenIndex":186,"charIndex":0},"end":{"row":1,"column":0,"tokenIndex":186,"charIndex":11}},"confidenceScore":null},{"id":"1663420264","labeledBy":"AUTO","labeledByUserId":null,"acceptedByUserId":null,"rejectedByUserId":null,"layer":0,"counter":0,"status":"LABELED","hashCode":"SPAN:eS2knCRgLegeRw8bcmSWA:0:4:0:4:0:4:0:4:6:0:undefined:undefined","labelName":"eS2knCRgLegeRw8bcmSWA","labelItem":{"id":"eS2knCRgLegeRw8bcmSWA","labelName":"Skill"},"textPosition":{"start":{"row":4,"column":0,"tokenIndex":4,"charIndex":0},"end":{"row":4,"column":0,"tokenIndex":4,"charIndex":6}},"confidenceScore":null},{"id":"1663420267","labeledBy":"AUTO","labeledByUserId":null,"acceptedByUserId":null,"rejectedByUserId":null,"layer":0,"counter":0,"status":"LABELED","hashCode":"SPAN:eS2knCRgLegeRw8bcmSWA:0:4:0:5:0:4:0:5:2:0:undefined:undefined","labelName":"eS2knCRgLegeRw8bcmSWA","labelItem":{"id":"eS2knCRgLegeRw8bcmSWA","labelName":"Skill"},"textPosition":{"start":{"row":4,"column":0,"tokenIndex":5,"charIndex":0},"end":{"row":4,"column":0,"tokenIndex":5,"charIndex":2}},"confidenceScore":null},{"id":"1663420270","labeledBy":"AUTO","labeledByUserId":null,"acceptedByUserId":null,"rejectedByUserId":null,"layer":0,"counter":0,"status":"LABELED","hashCode":"SPAN:SJEkdao76hjwbb6Fh5SY6:0:4:0:16:0:4:0:20:10:0:undefined:undefined","labelName":"SJEkdao76hjwbb6Fh5SY6","labelItem":{"id":"SJEkdao76hjwbb6Fh5SY6","labelName":"Job Title"},"textPosition":{"start":{"row":4,"column":0,"tokenIndex":16,"charIndex":0},"end":{"row":4,"column":0,"tokenIndex":20,"charIndex":10}},"confidenceScore":null},{"id":"1663420273","labeledBy":"AUTO","labeledByUserId":null,"acceptedByUserId":null,"rejectedByUserId":null,"layer":0,"counter":0,"status":"LABELED","hashCode":"SPAN:rj7TW0-ymuRo6f_asXJab:0:4:0:21:0:4:0:22:6:0:undefined:undefined","labelName":"rj7TW0-ymuRo6f_asXJab","labelItem":{"id":"rj7TW0-ymuRo6f_asXJab","labelName":"Company Name"},"textPosition":{"start":{"row":4,"column":0,"tokenIndex":21,"charIndex":0},"end":{"row":4,"column":0,"tokenIndex":22,"charIndex":6}},"confidenceScore":null},{"id":"1663420279","labeledBy":"AUTO","labeledByUserId":null,"acceptedByUserId":null,"rejectedByUserId":null,"layer":0,"counter":0,"status":"LABELED","hashCode":"SPAN:1R0C50AAwFbEp2O0WmRv6:0:4:0:24:0:4:0:24:9:0:undefined:undefined","labelName":"1R0C50AAwFbEp2O0WmRv6","labelItem":{"id":"1R0C50AAwFbEp2O0WmRv6","labelName":"Location"},"textPosition":{"start":{"row":4,"column":0,"tokenIndex":24,"charIndex":0},"end":{"row":4,"column":0,"tokenIndex":24,"charIndex":9}},"confidenceScore":null},{"id":"1663420276","labeledBy":"AUTO","labeledByUserId":null,"acceptedByUserId":null,"rejectedByUserId":null,"layer":0,"counter":0,"status":"LABELED","hashCode":"SPAN:1R0C50AAwFbEp2O0WmRv6:0:4:0:25:0:4:0:25:1:0:undefined:undefined","labelName":"1R0C50AAwFbEp2O0WmRv6","labelItem":{"id":"1R0C50AAwFbEp2O0WmRv6","labelName":"Location"},"textPosition":{"start":{"row":4,"column":0,"tokenIndex":25,"charIndex":0},"end":{"row":4,"column":0,"tokenIndex":25,"charIndex":1}},"confidenceScore":null},{"id":"1663420282","labeledBy":"AUTO","labeledByUserId":null,"acceptedByUserId":null,"rejectedByUserId":null,"layer":0,"counter":0,"status":"LABELED","hashCode":"SPAN:52S_6moRfhjC-yXgIBeCp:0:4:0:26:0:4:0:27:3:0:undefined:undefined","labelName":"52S_6moRfhjC-yXgIBeCp","labelItem":{"id":"52S_6moRfhjC-yXgIBeCp","labelName":"Date"},"textPosition":{"start":{"row":4,"column":0,"tokenIndex":26,"charIndex":0},"end":{"row":4,"column":0,"tokenIndex":27,"charIndex":3}},"confidenceScore":null},{"id":"1663420285","labeledBy":"AUTO","labeledByUserId":null,"acceptedByUserId":null,"rejectedByUserId":null,"layer":0,"counter":0,"status":"LABELED","hashCode":"SPAN:52S_6moRfhjC-yXgIBeCp:0:4:0:29:0:4:0:30:3:0:undefined:undefined","labelName":"52S_6moRfhjC-yXgIBeCp","labelItem":{"id":"52S_6moRfhjC-yXgIBeCp","labelName":"Date"},"textPosition":{"start":{"row":4,"column":0,"tokenIndex":29,"charIndex":0},"end":{"row":4,"column":0,"tokenIndex":30,"charIndex":3}},"confidenceScore":null},{"id":"1663420288","labeledBy":"AUTO","labeledByUserId":null,"acceptedByUserId":null,"rejectedByUserId":null,"layer":0,"counter":0,"status":"LABELED","hashCode":"SPAN:eS2knCRgLegeRw8bcmSWA:0:4:0:34:0:4:0:37:10:0:undefined:undefined","labelName":"eS2knCRgLegeRw8bcmSWA","labelItem":{"id":"eS2knCRgLegeRw8bcmSWA","labelName":"Skill"},"textPosition":{"start":{"row":4,"column":0,"tokenIndex":34,"charIndex":0},"end":{"row":4,"column":0,"tokenIndex":37,"charIndex":10}},"confidenceScore":null},{"id":"1663420291","labeledBy":"AUTO","labeledByUserId":null,"acceptedByUserId":null,"rejectedByUserId":null,"layer":0,"counter":0,"status":"LABELED","hashCode":"SPAN:eS2knCRgLegeRw8bcmSWA:0:4:0:38:0:4:0:38:5:0:undefined:undefined","labelName":"eS2knCRgLegeRw8bcmSWA","labelItem":{"id":"eS2knCRgLegeRw8bcmSWA","labelName":"Skill"},"textPosition":{"start":{"row":4,"column":0,"tokenIndex":38,"charIndex":0},"end":{"row":4,"column":0,"tokenIndex":38,"charIndex":5}},"confidenceScore":null},{"id":"1663420294","labeledBy":"AUTO","labeledByUserId":null,"acceptedByUserId":null,"rejectedByUserId":null,"layer":0,"counter":0,"status":"LABELED","hashCode":"SPAN:eS2knCRgLegeRw8bcmSWA:0:4:0:40:0:4:0:40:8:0:undefined:undefined","labelName":"eS2knCRgLegeRw8bcmSWA","labelItem":{"id":"eS2knCRgLegeRw8bcmSWA","labelName":"Skill"},"textPosition":{"start":{"row":4,"column":0,"tokenIndex":40,"charIndex":0},"end":{"row":4,"column":0,"tokenIndex":40,"charIndex":8}},"confidenceScore":null},{"id":"1663420297","labeledBy":"AUTO","labeledByUserId":null,"acceptedByUserId":null,"rejectedByUserId":null,"layer":0,"counter":0,"status":"LABELED","hashCode":"SPAN:eS2knCRgLegeRw8bcmSWA:0:6:0:7:0:6:0:7:10:0:undefined:undefined","labelName":"eS2knCRgLegeRw8bcmSWA","labelItem":{"id":"eS2knCRgLegeRw8bcmSWA","labelName":"Skill"},"textPosition":{"start":{"row":6,"column":0,"tokenIndex":7,"charIndex":0},"end":{"row":6,"column":0,"tokenIndex":7,"charIndex":10}},"confidenceScore":null},{"id":"1663420300","labeledBy":"AUTO","labeledByUserId":null,"acceptedByUserId":null,"rejectedByUserId":null,"layer":0,"counter":0,"status":"LABELED","hashCode":"SPAN:SJEkdao76hjwbb6Fh5SY6:0:8:0:14:0:8:0:19:9:0:undefined:undefined","labelName":"SJEkdao76hjwbb6Fh5SY6","labelItem":{"id":"SJEkdao76hjwbb6Fh5SY6","labelName":"Job Title"},"textPosition":{"start":{"row":8,"column":0,"tokenIndex":14,"charIndex":0},"end":{"row":8,"column":0,"tokenIndex":19,"charIndex":9}},"confidenceScore":null},{"id":"1663420303","labeledBy":"AUTO","labeledByUserId":null,"acceptedByUserId":null,"rejectedByUserId":null,"layer":0,"counter":0,"status":"LABELED","hashCode":"SPAN:1R0C50AAwFbEp2O0WmRv6:0:8:0:21:0:8:0:21:6:0:undefined:undefined","labelName":"1R0C50AAwFbEp2O0WmRv6","labelItem":{"id":"1R0C50AAwFbEp2O0WmRv6","labelName":"Location"},"textPosition":{"start":{"row":8,"column":0,"tokenIndex":21,"charIndex":0},"end":{"row":8,"column":0,"tokenIndex":21,"charIndex":6}},"confidenceScore":null},{"id":"1663420306","labeledBy":"AUTO","labeledByUserId":null,"acceptedByUserId":null,"rejectedByUserId":null,"layer":0,"counter":0,"status":"LABELED","hashCode":"SPAN:1R0C50AAwFbEp2O0WmRv6:0:8:0:22:0:8:0:22:1:0:undefined:undefined","labelName":"1R0C50AAwFbEp2O0WmRv6","labelItem":{"id":"1R0C50AAwFbEp2O0WmRv6","labelName":"Location"},"textPosition":{"start":{"row":8,"column":0,"tokenIndex":22,"charIndex":0},"end":{"row":8,"column":0,"tokenIndex":22,"charIndex":1}},"confidenceScore":null},{"id":"1663420309","labeledBy":"AUTO","labeledByUserId":null,"acceptedByUserId":null,"rejectedByUserId":null,"layer":0,"counter":0,"status":"LABELED","hashCode":"SPAN:52S_6moRfhjC-yXgIBeCp:0:8:0:23:0:8:0:24:3:0:undefined:undefined","labelName":"52S_6moRfhjC-yXgIBeCp","labelItem":{"id":"52S_6moRfhjC-yXgIBeCp","labelName":"Date"},"textPosition":{"start":{"row":8,"column":0,"tokenIndex":23,"charIndex":0},"end":{"row":8,"column":0,"tokenIndex":24,"charIndex":3}},"confidenceScore":null},{"id":"1663420312","labeledBy":"AUTO","labeledByUserId":null,"acceptedByUserId":null,"rejectedByUserId":null,"layer":0,"counter":0,"status":"LABELED","hashCode":"SPAN:52S_6moRfhjC-yXgIBeCp:0:8:0:26:0:8:0:27:3:0:undefined:undefined","labelName":"52S_6moRfhjC-yXgIBeCp","labelItem":{"id":"52S_6moRfhjC-yXgIBeCp","labelName":"Date"},"textPosition":{"start":{"row":8,"column":0,"tokenIndex":26,"charIndex":0},"end":{"row":8,"column":0,"tokenIndex":27,"charIndex":3}},"confidenceScore":null},{"id":"1663420315","labeledBy":"AUTO","labeledByUserId":null,"acceptedByUserId":null,"rejectedByUserId":null,"layer":0,"counter":0,"status":"LABELED","hashCode":"SPAN:eS2knCRgLegeRw8bcmSWA:0:8:0:32:0:8:0:33:7:0:undefined:undefined","labelName":"eS2knCRgLegeRw8bcmSWA","labelItem":{"id":"eS2knCRgLegeRw8bcmSWA","labelName":"Skill"},"textPosition":{"start":{"row":8,"column":0,"tokenIndex":32,"charIndex":0},"end":{"row":8,"column":0,"tokenIndex":33,"charIndex":7}},"confidenceScore":null},{"id":"1663420405","labeledBy":"AUTO","labeledByUserId":null,"acceptedByUserId":null,"rejectedByUserId":null,"layer":0,"counter":0,"status":"LABELED","hashCode":"SPAN:eS2knCRgLegeRw8bcmSWA:0:8:0:47:0:8:0:50:6:0:undefined:undefined","labelName":"eS2knCRgLegeRw8bcmSWA","labelItem":{"id":"eS2knCRgLegeRw8bcmSWA","labelName":"Skill"},"textPosition":{"start":{"row":8,"column":0,"tokenIndex":47,"charIndex":0},"end":{"row":8,"column":0,"tokenIndex":50,"charIndex":6}},"confidenceScore":null},{"id":"1663420408","labeledBy":"AUTO","labeledByUserId":null,"acceptedByUserId":null,"rejectedByUserId":null,"layer":0,"counter":0,"status":"LABELED","hashCode":"SPAN:eS2knCRgLegeRw8bcmSWA:0:8:0:52:0:8:0:52:6:0:undefined:undefined","labelName":"eS2knCRgLegeRw8bcmSWA","labelItem":{"id":"eS2knCRgLegeRw8bcmSWA","labelName":"Skill"},"textPosition":{"start":{"row":8,"column":0,"tokenIndex":52,"charIndex":0},"end":{"row":8,"column":0,"tokenIndex":52,"charIndex":6}},"confidenceScore":null},{"id":"1663420411","labeledBy":"AUTO","labeledByUserId":null,"acceptedByUserId":null,"rejectedByUserId":null,"layer":0,"counter":0,"status":"LABELED","hashCode":"SPAN:eS2knCRgLegeRw8bcmSWA:0:8:0:53:0:8:0:53:5:0:undefined:undefined","labelName":"eS2knCRgLegeRw8bcmSWA","labelItem":{"id":"eS2knCRgLegeRw8bcmSWA","labelName":"Skill"},"textPosition":{"start":{"row":8,"column":0,"tokenIndex":53,"charIndex":0},"end":{"row":8,"column":0,"tokenIndex":53,"charIndex":5}},"confidenceScore":null},{"id":"1663420414","labeledBy":"AUTO","labeledByUserId":null,"acceptedByUserId":null,"rejectedByUserId":null,"layer":0,"counter":0,"status":"LABELED","hashCode":"SPAN:eS2knCRgLegeRw8bcmSWA:0:8:0:56:0:8:0:56:7:0:undefined:undefined","labelName":"eS2knCRgLegeRw8bcmSWA","labelItem":{"id":"eS2knCRgLegeRw8bcmSWA","labelName":"Skill"},"textPosition":{"start":{"row":8,"column":0,"tokenIndex":56,"charIndex":0},"end":{"row":8,"column":0,"tokenIndex":56,"charIndex":7}},"confidenceScore":null},{"id":"1663420417","labeledBy":"AUTO","labeledByUserId":null,"acceptedByUserId":null,"rejectedByUserId":null,"layer":0,"counter":0,"status":"LABELED","hashCode":"SPAN:eS2knCRgLegeRw8bcmSWA:0:8:0:57:0:8:0:57:6:0:undefined:undefined","labelName":"eS2knCRgLegeRw8bcmSWA","labelItem":{"id":"eS2knCRgLegeRw8bcmSWA","labelName":"Skill"},"textPosition":{"start":{"row":8,"column":0,"tokenIndex":57,"charIndex":0},"end":{"row":8,"column":0,"tokenIndex":57,"charIndex":6}},"confidenceScore":null},{"id":"1663420420","labeledBy":"AUTO","labeledByUserId":null,"acceptedByUserId":null,"rejectedByUserId":null,"layer":0,"counter":0,"status":"LABELED","hashCode":"SPAN:eS2knCRgLegeRw8bcmSWA:0:8:0:59:0:8:0:60:8:0:undefined:undefined","labelName":"eS2knCRgLegeRw8bcmSWA","labelItem":{"id":"eS2knCRgLegeRw8bcmSWA","labelName":"Skill"},"textPosition":{"start":{"row":8,"column":0,"tokenIndex":59,"charIndex":0},"end":{"row":8,"column":0,"tokenIndex":60,"charIndex":8}},"confidenceScore":null},{"id":"1663420393","labeledBy":"AUTO","labeledByUserId":null,"acceptedByUserId":null,"rejectedByUserId":null,"layer":0,"counter":0,"status":"LABELED","hashCode":"SPAN:IeEoIKabMl51BJE0gX2YL:0:9:0:0:0:9:0:8:6:0:undefined:undefined","labelName":"IeEoIKabMl51BJE0gX2YL","labelItem":{"id":"IeEoIKabMl51BJE0gX2YL","labelName":"Degree"},"textPosition":{"start":{"row":9,"column":0,"tokenIndex":0,"charIndex":0},"end":{"row":9,"column":0,"tokenIndex":8,"charIndex":6}},"confidenceScore":null},{"id":"1663420396","labeledBy":"AUTO","labeledByUserId":null,"acceptedByUserId":null,"rejectedByUserId":null,"layer":0,"counter":0,"status":"LABELED","hashCode":"SPAN:1R0C50AAwFbEp2O0WmRv6:0:9:0:10:0:9:0:10:9:0:undefined:undefined","labelName":"1R0C50AAwFbEp2O0WmRv6","labelItem":{"id":"1R0C50AAwFbEp2O0WmRv6","labelName":"Location"},"textPosition":{"start":{"row":9,"column":0,"tokenIndex":10,"charIndex":0},"end":{"row":9,"column":0,"tokenIndex":10,"charIndex":9}},"confidenceScore":null},{"id":"1663420399","labeledBy":"AUTO","labeledByUserId":null,"acceptedByUserId":null,"rejectedByUserId":null,"layer":0,"counter":0,"status":"LABELED","hashCode":"SPAN:1R0C50AAwFbEp2O0WmRv6:0:9:0:11:0:9:0:11:1:0:undefined:undefined","labelName":"1R0C50AAwFbEp2O0WmRv6","labelItem":{"id":"1R0C50AAwFbEp2O0WmRv6","labelName":"Location"},"textPosition":{"start":{"row":9,"column":0,"tokenIndex":11,"charIndex":0},"end":{"row":9,"column":0,"tokenIndex":11,"charIndex":1}},"confidenceScore":null},{"id":"1663420402","labeledBy":"AUTO","labeledByUserId":null,"acceptedByUserId":null,"rejectedByUserId":null,"layer":0,"counter":0,"status":"LABELED","hashCode":"SPAN:BjO8MdvK2KI4E5iMEeY4B:0:9:0:12:0:9:0:12:3:0:undefined:undefined","labelName":"BjO8MdvK2KI4E5iMEeY4B","labelItem":{"id":"BjO8MdvK2KI4E5iMEeY4B","labelName":"Graduation Year"},"textPosition":{"start":{"row":9,"column":0,"tokenIndex":12,"charIndex":0},"end":{"row":9,"column":0,"tokenIndex":12,"charIndex":3}},"confidenceScore":null},{"id":"1663420318","labeledBy":"AUTO","labeledByUserId":null,"acceptedByUserId":null,"rejectedByUserId":null,"layer":0,"counter":0,"status":"LABELED","hashCode":"SPAN:eS2knCRgLegeRw8bcmSWA:0:9:0:26:0:9:0:26:9:0:undefined:undefined","labelName":"eS2knCRgLegeRw8bcmSWA","labelItem":{"id":"eS2knCRgLegeRw8bcmSWA","labelName":"Skill"},"textPosition":{"start":{"row":9,"column":0,"tokenIndex":26,"charIndex":0},"end":{"row":9,"column":0,"tokenIndex":26,"charIndex":9}},"confidenceScore":null},{"id":"1663420321","labeledBy":"AUTO","labeledByUserId":null,"acceptedByUserId":null,"rejectedByUserId":null,"layer":0,"counter":0,"status":"LABELED","hashCode":"SPAN:eS2knCRgLegeRw8bcmSWA:0:9:0:27:0:9:0:28:10:0:undefined:undefined","labelName":"eS2knCRgLegeRw8bcmSWA","labelItem":{"id":"eS2knCRgLegeRw8bcmSWA","labelName":"Skill"},"textPosition":{"start":{"row":9,"column":0,"tokenIndex":27,"charIndex":0},"end":{"row":9,"column":0,"tokenIndex":28,"charIndex":10}},"confidenceScore":null},{"id":"1663420324","labeledBy":"AUTO","labeledByUserId":null,"acceptedByUserId":null,"rejectedByUserId":null,"layer":0,"counter":0,"status":"LABELED","hashCode":"SPAN:eS2knCRgLegeRw8bcmSWA:0:9:0:29:0:9:0:30:7:0:undefined:undefined","labelName":"eS2knCRgLegeRw8bcmSWA","labelItem":{"id":"eS2knCRgLegeRw8bcmSWA","labelName":"Skill"},"textPosition":{"start":{"row":9,"column":0,"tokenIndex":29,"charIndex":0},"end":{"row":9,"column":0,"tokenIndex":30,"charIndex":7}},"confidenceScore":null},{"id":"1663420330","labeledBy":"AUTO","labeledByUserId":null,"acceptedByUserId":null,"rejectedByUserId":null,"layer":0,"counter":0,"status":"LABELED","hashCode":"SPAN:eS2knCRgLegeRw8bcmSWA:0:9:0:31:0:9:0:32:9:0:undefined:undefined","labelName":"eS2knCRgLegeRw8bcmSWA","labelItem":{"id":"eS2knCRgLegeRw8bcmSWA","labelName":"Skill"},"textPosition":{"start":{"row":9,"column":0,"tokenIndex":31,"charIndex":0},"end":{"row":9,"column":0,"tokenIndex":32,"charIndex":9}},"confidenceScore":null},{"id":"1663420328","labeledBy":"AUTO","labeledByUserId":null,"acceptedByUserId":null,"rejectedByUserId":null,"layer":0,"counter":0,"status":"LABELED","hashCode":"SPAN:eS2knCRgLegeRw8bcmSWA:0:9:0:33:0:9:0:33:7:0:undefined:undefined","labelName":"eS2knCRgLegeRw8bcmSWA","labelItem":{"id":"eS2knCRgLegeRw8bcmSWA","labelName":"Skill"},"textPosition":{"start":{"row":9,"column":0,"tokenIndex":33,"charIndex":0},"end":{"row":9,"column":0,"tokenIndex":33,"charIndex":7}},"confidenceScore":null},{"id":"1663420333","labeledBy":"AUTO","labeledByUserId":null,"acceptedByUserId":null,"rejectedByUserId":null,"layer":0,"counter":0,"status":"LABELED","hashCode":"SPAN:eS2knCRgLegeRw8bcmSWA:0:9:0:34:0:9:0:34:10:0:undefined:undefined","labelName":"eS2knCRgLegeRw8bcmSWA","labelItem":{"id":"eS2knCRgLegeRw8bcmSWA","labelName":"Skill"},"textPosition":{"start":{"row":9,"column":0,"tokenIndex":34,"charIndex":0},"end":{"row":9,"column":0,"tokenIndex":34,"charIndex":10}},"confidenceScore":null},{"id":"1663420336","labeledBy":"AUTO","labeledByUserId":null,"acceptedByUserId":null,"rejectedByUserId":null,"layer":0,"counter":0,"status":"LABELED","hashCode":"SPAN:eS2knCRgLegeRw8bcmSWA:0:9:0:35:0:9:0:35:10:0:undefined:undefined","labelName":"eS2knCRgLegeRw8bcmSWA","labelItem":{"id":"eS2knCRgLegeRw8bcmSWA","labelName":"Skill"},"textPosition":{"start":{"row":9,"column":0,"tokenIndex":35,"charIndex":0},"end":{"row":9,"column":0,"tokenIndex":35,"charIndex":10}},"confidenceScore":null},{"id":"1663420342","labeledBy":"AUTO","labeledByUserId":null,"acceptedByUserId":null,"rejectedByUserId":null,"layer":0,"counter":0,"status":"LABELED","hashCode":"SPAN:eS2knCRgLegeRw8bcmSWA:0:9:0:36:0:9:0:37:6:0:undefined:undefined","labelName":"eS2knCRgLegeRw8bcmSWA","labelItem":{"id":"eS2knCRgLegeRw8bcmSWA","labelName":"Skill"},"textPosition":{"start":{"row":9,"column":0,"tokenIndex":36,"charIndex":0},"end":{"row":9,"column":0,"tokenIndex":37,"charIndex":6}},"confidenceScore":null},{"id":"1663420339","labeledBy":"AUTO","labeledByUserId":null,"acceptedByUserId":null,"rejectedByUserId":null,"layer":0,"counter":0,"status":"LABELED","hashCode":"SPAN:eS2knCRgLegeRw8bcmSWA:0:9:0:38:0:9:0:38:19:0:undefined:undefined","labelName":"eS2knCRgLegeRw8bcmSWA","labelItem":{"id":"eS2knCRgLegeRw8bcmSWA","labelName":"Skill"},"textPosition":{"start":{"row":9,"column":0,"tokenIndex":38,"charIndex":0},"end":{"row":9,"column":0,"tokenIndex":38,"charIndex":19}},"confidenceScore":null},{"id":"1663420345","labeledBy":"AUTO","labeledByUserId":null,"acceptedByUserId":null,"rejectedByUserId":null,"layer":0,"counter":0,"status":"LABELED","hashCode":"SPAN:eS2knCRgLegeRw8bcmSWA:0:9:0:39:0:9:0:39:8:0:undefined:undefined","labelName":"eS2knCRgLegeRw8bcmSWA","labelItem":{"id":"eS2knCRgLegeRw8bcmSWA","labelName":"Skill"},"textPosition":{"start":{"row":9,"column":0,"tokenIndex":39,"charIndex":0},"end":{"row":9,"column":0,"tokenIndex":39,"charIndex":8}},"confidenceScore":null},{"id":"1663420348","labeledBy":"AUTO","labeledByUserId":null,"acceptedByUserId":null,"rejectedByUserId":null,"layer":0,"counter":0,"status":"LABELED","hashCode":"SPAN:eS2knCRgLegeRw8bcmSWA:0:9:0:40:0:9:0:41:7:0:undefined:undefined","labelName":"eS2knCRgLegeRw8bcmSWA","labelItem":{"id":"eS2knCRgLegeRw8bcmSWA","labelName":"Skill"},"textPosition":{"start":{"row":9,"column":0,"tokenIndex":40,"charIndex":0},"end":{"row":9,"column":0,"tokenIndex":41,"charIndex":7}},"confidenceScore":null},{"id":"1663420351","labeledBy":"AUTO","labeledByUserId":null,"acceptedByUserId":null,"rejectedByUserId":null,"layer":0,"counter":0,"status":"LABELED","hashCode":"SPAN:eS2knCRgLegeRw8bcmSWA:0:9:0:42:0:9:0:43:1:0:undefined:undefined","labelName":"eS2knCRgLegeRw8bcmSWA","labelItem":{"id":"eS2knCRgLegeRw8bcmSWA","labelName":"Skill"},"textPosition":{"start":{"row":9,"column":0,"tokenIndex":42,"charIndex":0},"end":{"row":9,"column":0,"tokenIndex":43,"charIndex":1}},"confidenceScore":null},{"id":"1663420354","labeledBy":"AUTO","labeledByUserId":null,"acceptedByUserId":null,"rejectedByUserId":null,"layer":0,"counter":0,"status":"LABELED","hashCode":"SPAN:eS2knCRgLegeRw8bcmSWA:0:9:0:44:0:9:0:44:5:0:undefined:undefined","labelName":"eS2knCRgLegeRw8bcmSWA","labelItem":{"id":"eS2knCRgLegeRw8bcmSWA","labelName":"Skill"},"textPosition":{"start":{"row":9,"column":0,"tokenIndex":44,"charIndex":0},"end":{"row":9,"column":0,"tokenIndex":44,"charIndex":5}},"confidenceScore":null},{"id":"1663420357","labeledBy":"AUTO","labeledByUserId":null,"acceptedByUserId":null,"rejectedByUserId":null,"layer":0,"counter":0,"status":"LABELED","hashCode":"SPAN:eS2knCRgLegeRw8bcmSWA:0:9:0:48:0:9:0:48:12:0:undefined:undefined","labelName":"eS2knCRgLegeRw8bcmSWA","labelItem":{"id":"eS2knCRgLegeRw8bcmSWA","labelName":"Skill"},"textPosition":{"start":{"row":9,"column":0,"tokenIndex":48,"charIndex":0},"end":{"row":9,"column":0,"tokenIndex":48,"charIndex":12}},"confidenceScore":null},{"id":"1663420360","labeledBy":"AUTO","labeledByUserId":null,"acceptedByUserId":null,"rejectedByUserId":null,"layer":0,"counter":0,"status":"LABELED","hashCode":"SPAN:eS2knCRgLegeRw8bcmSWA:0:9:0:49:0:9:0:53:7:0:undefined:undefined","labelName":"eS2knCRgLegeRw8bcmSWA","labelItem":{"id":"eS2knCRgLegeRw8bcmSWA","labelName":"Skill"},"textPosition":{"start":{"row":9,"column":0,"tokenIndex":49,"charIndex":0},"end":{"row":9,"column":0,"tokenIndex":53,"charIndex":7}},"confidenceScore":null},{"id":"1663420363","labeledBy":"AUTO","labeledByUserId":null,"acceptedByUserId":null,"rejectedByUserId":null,"layer":0,"counter":0,"status":"LABELED","hashCode":"SPAN:eS2knCRgLegeRw8bcmSWA:0:9:0:54:0:9:0:55:5:0:undefined:undefined","labelName":"eS2knCRgLegeRw8bcmSWA","labelItem":{"id":"eS2knCRgLegeRw8bcmSWA","labelName":"Skill"},"textPosition":{"start":{"row":9,"column":0,"tokenIndex":54,"charIndex":0},"end":{"row":9,"column":0,"tokenIndex":55,"charIndex":5}},"confidenceScore":null},{"id":"1663420366","labeledBy":"AUTO","labeledByUserId":null,"acceptedByUserId":null,"rejectedByUserId":null,"layer":0,"counter":0,"status":"LABELED","hashCode":"SPAN:eS2knCRgLegeRw8bcmSWA:0:9:0:56:0:9:0:57:9:0:undefined:undefined","labelName":"eS2knCRgLegeRw8bcmSWA","labelItem":{"id":"eS2knCRgLegeRw8bcmSWA","labelName":"Skill"},"textPosition":{"start":{"row":9,"column":0,"tokenIndex":56,"charIndex":0},"end":{"row":9,"column":0,"tokenIndex":57,"charIndex":9}},"confidenceScore":null},{"id":"1663420369","labeledBy":"AUTO","labeledByUserId":null,"acceptedByUserId":null,"rejectedByUserId":null,"layer":0,"counter":0,"status":"LABELED","hashCode":"SPAN:eS2knCRgLegeRw8bcmSWA:0:9:0:58:0:9:0:58:14:0:undefined:undefined","labelName":"eS2knCRgLegeRw8bcmSWA","labelItem":{"id":"eS2knCRgLegeRw8bcmSWA","labelName":"Skill"},"textPosition":{"start":{"row":9,"column":0,"tokenIndex":58,"charIndex":0},"end":{"row":9,"column":0,"tokenIndex":58,"charIndex":14}},"confidenceScore":null},{"id":"1663420372","labeledBy":"AUTO","labeledByUserId":null,"acceptedByUserId":null,"rejectedByUserId":null,"layer":0,"counter":0,"status":"LABELED","hashCode":"SPAN:eS2knCRgLegeRw8bcmSWA:0:9:0:59:0:9:0:59:12:0:undefined:undefined","labelName":"eS2knCRgLegeRw8bcmSWA","labelItem":{"id":"eS2knCRgLegeRw8bcmSWA","labelName":"Skill"},"textPosition":{"start":{"row":9,"column":0,"tokenIndex":59,"charIndex":0},"end":{"row":9,"column":0,"tokenIndex":59,"charIndex":12}},"confidenceScore":null},{"id":"1663420375","labeledBy":"AUTO","labeledByUserId":null,"acceptedByUserId":null,"rejectedByUserId":null,"layer":0,"counter":0,"status":"LABELED","hashCode":"SPAN:eS2knCRgLegeRw8bcmSWA:0:9:0:60:0:9:0:60:8:0:undefined:undefined","labelName":"eS2knCRgLegeRw8bcmSWA","labelItem":{"id":"eS2knCRgLegeRw8bcmSWA","labelName":"Skill"},"textPosition":{"start":{"row":9,"column":0,"tokenIndex":60,"charIndex":0},"end":{"row":9,"column":0,"tokenIndex":60,"charIndex":8}},"confidenceScore":null},{"id":"1663420378","labeledBy":"AUTO","labeledByUserId":null,"acceptedByUserId":null,"rejectedByUserId":null,"layer":0,"counter":0,"status":"LABELED","hashCode":"SPAN:eS2knCRgLegeRw8bcmSWA:0:9:0:61:0:9:0:61:9:0:undefined:undefined","labelName":"eS2knCRgLegeRw8bcmSWA","labelItem":{"id":"eS2knCRgLegeRw8bcmSWA","labelName":"Skill"},"textPosition":{"start":{"row":9,"column":0,"tokenIndex":61,"charIndex":0},"end":{"row":9,"column":0,"tokenIndex":61,"charIndex":9}},"confidenceScore":null},{"id":"1663420381","labeledBy":"AUTO","labeledByUserId":null,"acceptedByUserId":null,"rejectedByUserId":null,"layer":0,"counter":0,"status":"LABELED","hashCode":"SPAN:eS2knCRgLegeRw8bcmSWA:0:9:0:62:0:9:0:62:9:0:undefined:undefined","labelName":"eS2knCRgLegeRw8bcmSWA","labelItem":{"id":"eS2knCRgLegeRw8bcmSWA","labelName":"Skill"},"textPosition":{"start":{"row":9,"column":0,"tokenIndex":62,"charIndex":0},"end":{"row":9,"column":0,"tokenIndex":62,"charIndex":9}},"confidenceScore":null},{"id":"1663420384","labeledBy":"AUTO","labeledByUserId":null,"acceptedByUserId":null,"rejectedByUserId":null,"layer":0,"counter":0,"status":"LABELED","hashCode":"SPAN:eS2knCRgLegeRw8bcmSWA:0:9:0:63:0:9:0:63:5:0:undefined:undefined","labelName":"eS2knCRgLegeRw8bcmSWA","labelItem":{"id":"eS2knCRgLegeRw8bcmSWA","labelName":"Skill"},"textPosition":{"start":{"row":9,"column":0,"tokenIndex":63,"charIndex":0},"end":{"row":9,"column":0,"tokenIndex":63,"charIndex":5}},"confidenceScore":null},{"id":"1663420387","labeledBy":"AUTO","labeledByUserId":null,"acceptedByUserId":null,"rejectedByUserId":null,"layer":0,"counter":0,"status":"LABELED","hashCode":"SPAN:eS2knCRgLegeRw8bcmSWA:0:9:0:65:0:9:0:65:6:0:undefined:undefined","labelName":"eS2knCRgLegeRw8bcmSWA","labelItem":{"id":"eS2knCRgLegeRw8bcmSWA","labelName":"Skill"},"textPosition":{"start":{"row":9,"column":0,"tokenIndex":65,"charIndex":0},"end":{"row":9,"column":0,"tokenIndex":65,"charIndex":6}},"confidenceScore":null},{"id":"1663420390","labeledBy":"AUTO","labeledByUserId":null,"acceptedByUserId":null,"rejectedByUserId":null,"layer":0,"counter":0,"status":"LABELED","hashCode":"SPAN:eS2knCRgLegeRw8bcmSWA:0:9:0:66:0:9:0:73:11:0:undefined:undefined","labelName":"eS2knCRgLegeRw8bcmSWA","labelItem":{"id":"eS2knCRgLegeRw8bcmSWA","labelName":"Skill"},"textPosition":{"start":{"row":9,"column":0,"tokenIndex":66,"charIndex":0},"end":{"row":9,"column":0,"tokenIndex":73,"charIndex":11}},"confidenceScore":null}],"arrowLabels":[],"boundingBoxLabels":[],"timeLabels":[],"comments":[],"url":"datasaur://static/6814/6aae88e2-2303-4f71-b287-9c458e75b7ce.txt"}}
