{"version":"1","data":{"project":{"id":"ODBjYmQ2MDg","name":"NLP SSM Final Project"},"document":{"id":"b017cb2d-acde-4821-aa6b-96a1b03113dd","name":"resume_4892_d2.txt"},"kinds":["TOKEN_BASED"],"rows":[[{"content":"IT Security Analyst IT Security Analyst IT Security Analyst - Motivon Inc Woodbridge, VA A self-motivated and analytic person with excellent communication skills who combines professionalism and great interpersonal skills to accomplish the mission.","tokens":["IT","Security","Analyst","IT","Security","Analyst","IT","Security","Analyst","-","Motivon","Inc","Woodbridge,","VA","A","self-motivated","and","analytic","person","with","excellent","communication","skills","who","combines","professionalism","and","great","interpersonal","skills","to","accomplish","the","mission."],"metadata":[]}],[{"content":"Significant experience in developing business and marketing strategies as well as training programs.","tokens":["Significant","experience","in","developing","business","and","marketing","strategies","as","well","as","training","programs."],"metadata":[]}],[{"content":"Able to motivate, lead, and work with a team in IT Security.","tokens":["Able","to","motivate,","lead,","and","work","with","a","team","in","IT","Security."],"metadata":[]}],[{"content":"Seeking to utilize background and experience within a progressive and responsible position.","tokens":["Seeking","to","utilize","background","and","experience","within","a","progressive","and","responsible","position."],"metadata":[]}],[{"content":"Work Experience IT Security Analyst Motivon Inc - Chicago, IL June 2016 to Present Reviews and when needed, updates SAR, SSP, CP & POA&M Works with business process owners to ensure timely identification and remediation of jointly owned risk related issues and action plans (POA&M) Utilizes processes within the Security Assessment and Authorization (A&A) environment such as system security categorization, development of security and contingency plans, security testing and evaluation, system accreditation and continuous monitoring.","tokens":["Work","Experience","IT","Security","Analyst","Motivon","Inc","-","Chicago,","IL","June","2016","to","Present","Reviews","and","when","needed,","updates","SAR,","SSP,","CP","&","POA&M","Works","with","business","process","owners","to","ensure","timely","identification","and","remediation","of","jointly","owned","risk","related","issues","and","action","plans","(POA&M)","Utilizes","processes","within","the","Security","Assessment","and","Authorization","(A&A)","environment","such","as","system","security","categorization,","development","of","security","and","contingency","plans,","security","testing","and","evaluation,","system","accreditation","and","continuous","monitoring."],"metadata":[]}],[{"content":"Advices and applies current computer science technologies and Information Assurance (IA) requirements to the analysis, design, development, evaluation, and integration of computer/communication systems and networks to maintain an acceptable system security posture throughout the lifecycle of multiple national level mission system.","tokens":["Advices","and","applies","current","computer","science","technologies","and","Information","Assurance","(IA)","requirements","to","the","analysis,","design,","development,","evaluation,","and","integration","of","computer/communication","systems","and","networks","to","maintain","an","acceptable","system","security","posture","throughout","the","lifecycle","of","multiple","national","level","mission","system."],"metadata":[]}],[{"content":"Manually reviews logs and provides documentation guidelines to business process owners and management Reviews System Security Plan (SSP) and conduct Security Assessment Report (SAR).","tokens":["Manually","reviews","logs","and","provides","documentation","guidelines","to","business","process","owners","and","management","Reviews","System","Security","Plan","(SSP)","and","conduct","Security","Assessment","Report","(SAR)."],"metadata":[]}],[{"content":"Reviews Clients processes relating to Vulnerability Mitigation, Training on C & A (A&A) Tools.","tokens":["Reviews","Clients","processes","relating","to","Vulnerability","Mitigation,","Training","on","C","&","A","(A&A)","Tools."],"metadata":[]}],[{"content":"NIST publications 800-18 SSP, 800-30, 800-37, 800-53, 800-53A, 800-53R4 and 800-60 Works with business process owners to ensure timely identification and remediation of jointly owned risk related issues and action plans.","tokens":["NIST","publications","800-18","SSP,","800-30,","800-37,","800-53,","800-53A,","800-53R4","and","800-60","Works","with","business","process","owners","to","ensure","timely","identification","and","remediation","of","jointly","owned","risk","related","issues","and","action","plans."],"metadata":[]}],[{"content":"Provides Support for System Testing and Evaluation (ST&E) IT Security Analyst SGB INC.","tokens":["Provides","Support","for","System","Testing","and","Evaluation","(ST&E)","IT","Security","Analyst","SGB","INC."],"metadata":[]}],[{"content":"INFORMATION ASSURANCE/PROTECTION February 2016 to April 2016 Conducts Security Risk Assessment and documents Key Controls.","tokens":["INFORMATION","ASSURANCE/PROTECTION","February","2016","to","April","2016","Conducts","Security","Risk","Assessment","and","documents","Key","Controls."],"metadata":[]}],[{"content":"Determines security controls effectiveness (i.e., controls implemented correctly, operating as intended, and meeting security requirements).","tokens":["Determines","security","controls","effectiveness","(i.e.,","controls","implemented","correctly,","operating","as","intended,","and","meeting","security","requirements)."],"metadata":[]}],[{"content":"Conducts risk assessments regularly; ensures measures raised in assessments are implemented in accordance with risk profile, and root-causes of risks were fully addressed following NIST 800-30 and NIST 800-37.","tokens":["Conducts","risk","assessments","regularly;","ensures","measures","raised","in","assessments","are","implemented","in","accordance","with","risk","profile,","and","root-causes","of","risks","were","fully","addressed","following","NIST","800-30","and","NIST","800-37."],"metadata":[]}],[{"content":"Performs on-site security testing using vulnerability scanning tools such as Nessus management Contributes to initiating FISMA metrics such as Annual Testing, POA&M Management, and Program Management.","tokens":["Performs","on-site","security","testing","using","vulnerability","scanning","tools","such","as","Nessus","management","Contributes","to","initiating","FISMA","metrics","such","as","Annual","Testing,","POA&M","Management,","and","Program","Management."],"metadata":[]}],[{"content":"Monitoring customer account information, data and implementing security measures to control cyber information.","tokens":["Monitoring","customer","account","information,","data","and","implementing","security","measures","to","control","cyber","information."],"metadata":[]}],[{"content":"Negotiate with the ISSM to administer ATO's Serves on a team of information security professionals in the development of security policies, procedures, and security certification & accreditation (C&A) packages for a variety of commercial and government activities worldwide.","tokens":["Negotiate","with","the","ISSM","to","administer","ATO's","Serves","on","a","team","of","information","security","professionals","in","the","development","of","security","policies,","procedures,","and","security","certification","&","accreditation","(C&A)","packages","for","a","variety","of","commercial","and","government","activities","worldwide."],"metadata":[]}],[{"content":"Develops A&A security packages and documents in accordance with Information Assurance Controls Education BACHELOR'S in SOCIAL SCIENCE K N University of science and Technology 2003 Chartered Institute of Accountants certificate in business and industrial Administration Kumasi Polytechnic, Chartered Institute of Bankers Skills Excel Certifications/Licenses CompTIA Security+ Scrum Master CAP Certificaton \"in proress\"","tokens":["Develops","A&A","security","packages","and","documents","in","accordance","with","Information","Assurance","Controls","Education","BACHELOR'S","in","SOCIAL","SCIENCE","K","N","University","of","science","and","Technology","2003","Chartered","Institute","of","Accountants","certificate","in","business","and","industrial","Administration","Kumasi","Polytechnic,","Chartered","Institute","of","Bankers","Skills","Excel","Certifications/Licenses","CompTIA","Security+","Scrum","Master","CAP","Certificaton","\"in","proress\""],"metadata":[]}]],"labelerInfo":{"id":6814,"email":"cwilhel8@jh.edu","displayName":"Chris Wilhelm"},"labelSets":[{"name":"Resume Labels","index":0,"labelItems":[{"id":"Kj5U6n9NUqTXuWcB3c_7L","labelName":"College"},{"id":"rj7TW0-ymuRo6f_asXJab","labelName":"Company Name"},{"id":"SJEkdao76hjwbb6Fh5SY6","labelName":"Job Title"},{"id":"BjO8MdvK2KI4E5iMEeY4B","labelName":"Graduation Year"},{"id":"eS2knCRgLegeRw8bcmSWA","labelName":"Skill"},{"id":"IeEoIKabMl51BJE0gX2YL","labelName":"Degree"},{"id":"1R0C50AAwFbEp2O0WmRv6","labelName":"Location"},{"id":"zQcc4ygexJ_A3Gb0NeRTk","labelName":"Years of Experience"},{"id":"52S_6moRfhjC-yXgIBeCp","labelName":"Date"},{"id":"KiLarWmwlU1E3-FfdG6Qg","labelName":"Project"},{"id":"dyxKKTAxW1z5ifjPj42BI","labelName":"Name"}]}],"spanLabels":[{"id":"1663418524","labeledBy":"AUTO","labeledByUserId":null,"acceptedByUserId":null,"rejectedByUserId":null,"layer":0,"counter":0,"status":"LABELED","hashCode":"SPAN:SJEkdao76hjwbb6Fh5SY6:0:0:0:0:0:0:0:2:6:0:undefined:undefined","labelName":"SJEkdao76hjwbb6Fh5SY6","labelItem":{"id":"SJEkdao76hjwbb6Fh5SY6","labelName":"Job Title"},"textPosition":{"start":{"row":0,"column":0,"tokenIndex":0,"charIndex":0},"end":{"row":0,"column":0,"tokenIndex":2,"charIndex":6}},"confidenceScore":null},{"id":"1663418527","labeledBy":"AUTO","labeledByUserId":null,"acceptedByUserId":null,"rejectedByUserId":null,"layer":0,"counter":0,"status":"LABELED","hashCode":"SPAN:SJEkdao76hjwbb6Fh5SY6:0:0:0:3:0:0:0:5:6:0:undefined:undefined","labelName":"SJEkdao76hjwbb6Fh5SY6","labelItem":{"id":"SJEkdao76hjwbb6Fh5SY6","labelName":"Job Title"},"textPosition":{"start":{"row":0,"column":0,"tokenIndex":3,"charIndex":0},"end":{"row":0,"column":0,"tokenIndex":5,"charIndex":6}},"confidenceScore":null},{"id":"1663418530","labeledBy":"AUTO","labeledByUserId":null,"acceptedByUserId":null,"rejectedByUserId":null,"layer":0,"counter":0,"status":"LABELED","hashCode":"SPAN:SJEkdao76hjwbb6Fh5SY6:0:0:0:6:0:0:0:8:6:0:undefined:undefined","labelName":"SJEkdao76hjwbb6Fh5SY6","labelItem":{"id":"SJEkdao76hjwbb6Fh5SY6","labelName":"Job Title"},"textPosition":{"start":{"row":0,"column":0,"tokenIndex":6,"charIndex":0},"end":{"row":0,"column":0,"tokenIndex":8,"charIndex":6}},"confidenceScore":null},{"id":"1663418533","labeledBy":"AUTO","labeledByUserId":null,"acceptedByUserId":null,"rejectedByUserId":null,"layer":0,"counter":0,"status":"LABELED","hashCode":"SPAN:rj7TW0-ymuRo6f_asXJab:0:0:0:10:0:0:0:11:2:0:undefined:undefined","labelName":"rj7TW0-ymuRo6f_asXJab","labelItem":{"id":"rj7TW0-ymuRo6f_asXJab","labelName":"Company Name"},"textPosition":{"start":{"row":0,"column":0,"tokenIndex":10,"charIndex":0},"end":{"row":0,"column":0,"tokenIndex":11,"charIndex":2}},"confidenceScore":null},{"id":"1663418536","labeledBy":"AUTO","labeledByUserId":null,"acceptedByUserId":null,"rejectedByUserId":null,"layer":0,"counter":0,"status":"LABELED","hashCode":"SPAN:1R0C50AAwFbEp2O0WmRv6:0:0:0:12:0:0:0:12:10:0:undefined:undefined","labelName":"1R0C50AAwFbEp2O0WmRv6","labelItem":{"id":"1R0C50AAwFbEp2O0WmRv6","labelName":"Location"},"textPosition":{"start":{"row":0,"column":0,"tokenIndex":12,"charIndex":0},"end":{"row":0,"column":0,"tokenIndex":12,"charIndex":10}},"confidenceScore":null},{"id":"1663418539","labeledBy":"AUTO","labeledByUserId":null,"acceptedByUserId":null,"rejectedByUserId":null,"layer":0,"counter":0,"status":"LABELED","hashCode":"SPAN:1R0C50AAwFbEp2O0WmRv6:0:0:0:13:0:0:0:13:1:0:undefined:undefined","labelName":"1R0C50AAwFbEp2O0WmRv6","labelItem":{"id":"1R0C50AAwFbEp2O0WmRv6","labelName":"Location"},"textPosition":{"start":{"row":0,"column":0,"tokenIndex":13,"charIndex":0},"end":{"row":0,"column":0,"tokenIndex":13,"charIndex":1}},"confidenceScore":null},{"id":"1663418542","labeledBy":"AUTO","labeledByUserId":null,"acceptedByUserId":null,"rejectedByUserId":null,"layer":0,"counter":0,"status":"LABELED","hashCode":"SPAN:eS2knCRgLegeRw8bcmSWA:0:0:0:15:0:0:0:15:13:0:undefined:undefined","labelName":"eS2knCRgLegeRw8bcmSWA","labelItem":{"id":"eS2knCRgLegeRw8bcmSWA","labelName":"Skill"},"textPosition":{"start":{"row":0,"column":0,"tokenIndex":15,"charIndex":0},"end":{"row":0,"column":0,"tokenIndex":15,"charIndex":13}},"confidenceScore":null},{"id":"1663418545","labeledBy":"AUTO","labeledByUserId":null,"acceptedByUserId":null,"rejectedByUserId":null,"layer":0,"counter":0,"status":"LABELED","hashCode":"SPAN:eS2knCRgLegeRw8bcmSWA:0:0:0:17:0:0:0:17:7:0:undefined:undefined","labelName":"eS2knCRgLegeRw8bcmSWA","labelItem":{"id":"eS2knCRgLegeRw8bcmSWA","labelName":"Skill"},"textPosition":{"start":{"row":0,"column":0,"tokenIndex":17,"charIndex":0},"end":{"row":0,"column":0,"tokenIndex":17,"charIndex":7}},"confidenceScore":null},{"id":"1663418548","labeledBy":"AUTO","labeledByUserId":null,"acceptedByUserId":null,"rejectedByUserId":null,"layer":0,"counter":0,"status":"LABELED","hashCode":"SPAN:eS2knCRgLegeRw8bcmSWA:0:0:0:21:0:0:0:21:12:0:undefined:undefined","labelName":"eS2knCRgLegeRw8bcmSWA","labelItem":{"id":"eS2knCRgLegeRw8bcmSWA","labelName":"Skill"},"textPosition":{"start":{"row":0,"column":0,"tokenIndex":21,"charIndex":0},"end":{"row":0,"column":0,"tokenIndex":21,"charIndex":12}},"confidenceScore":null},{"id":"1663418551","labeledBy":"AUTO","labeledByUserId":null,"acceptedByUserId":null,"rejectedByUserId":null,"layer":0,"counter":0,"status":"LABELED","hashCode":"SPAN:eS2knCRgLegeRw8bcmSWA:0:0:0:25:0:0:0:25:14:0:undefined:undefined","labelName":"eS2knCRgLegeRw8bcmSWA","labelItem":{"id":"eS2knCRgLegeRw8bcmSWA","labelName":"Skill"},"textPosition":{"start":{"row":0,"column":0,"tokenIndex":25,"charIndex":0},"end":{"row":0,"column":0,"tokenIndex":25,"charIndex":14}},"confidenceScore":null},{"id":"1663418554","labeledBy":"AUTO","labeledByUserId":null,"acceptedByUserId":null,"rejectedByUserId":null,"layer":0,"counter":0,"status":"LABELED","hashCode":"SPAN:eS2knCRgLegeRw8bcmSWA:0:0:0:28:0:0:0:28:12:0:undefined:undefined","labelName":"eS2knCRgLegeRw8bcmSWA","labelItem":{"id":"eS2knCRgLegeRw8bcmSWA","labelName":"Skill"},"textPosition":{"start":{"row":0,"column":0,"tokenIndex":28,"charIndex":0},"end":{"row":0,"column":0,"tokenIndex":28,"charIndex":12}},"confidenceScore":null},{"id":"1663418557","labeledBy":"AUTO","labeledByUserId":null,"acceptedByUserId":null,"rejectedByUserId":null,"layer":0,"counter":0,"status":"LABELED","hashCode":"SPAN:eS2knCRgLegeRw8bcmSWA:0:1:0:3:0:1:0:4:7:0:undefined:undefined","labelName":"eS2knCRgLegeRw8bcmSWA","labelItem":{"id":"eS2knCRgLegeRw8bcmSWA","labelName":"Skill"},"textPosition":{"start":{"row":1,"column":0,"tokenIndex":3,"charIndex":0},"end":{"row":1,"column":0,"tokenIndex":4,"charIndex":7}},"confidenceScore":null},{"id":"1663418560","labeledBy":"AUTO","labeledByUserId":null,"acceptedByUserId":null,"rejectedByUserId":null,"layer":0,"counter":0,"status":"LABELED","hashCode":"SPAN:eS2knCRgLegeRw8bcmSWA:0:1:0:6:0:1:0:7:9:0:undefined:undefined","labelName":"eS2knCRgLegeRw8bcmSWA","labelItem":{"id":"eS2knCRgLegeRw8bcmSWA","labelName":"Skill"},"textPosition":{"start":{"row":1,"column":0,"tokenIndex":6,"charIndex":0},"end":{"row":1,"column":0,"tokenIndex":7,"charIndex":9}},"confidenceScore":null},{"id":"1663418563","labeledBy":"AUTO","labeledByUserId":null,"acceptedByUserId":null,"rejectedByUserId":null,"layer":0,"counter":0,"status":"LABELED","hashCode":"SPAN:eS2knCRgLegeRw8bcmSWA:0:2:0:2:0:2:0:2:8:0:undefined:undefined","labelName":"eS2knCRgLegeRw8bcmSWA","labelItem":{"id":"eS2knCRgLegeRw8bcmSWA","labelName":"Skill"},"textPosition":{"start":{"row":2,"column":0,"tokenIndex":2,"charIndex":0},"end":{"row":2,"column":0,"tokenIndex":2,"charIndex":8}},"confidenceScore":null},{"id":"1663418566","labeledBy":"AUTO","labeledByUserId":null,"acceptedByUserId":null,"rejectedByUserId":null,"layer":0,"counter":0,"status":"LABELED","hashCode":"SPAN:eS2knCRgLegeRw8bcmSWA:0:2:0:3:0:2:0:3:4:0:undefined:undefined","labelName":"eS2knCRgLegeRw8bcmSWA","labelItem":{"id":"eS2knCRgLegeRw8bcmSWA","labelName":"Skill"},"textPosition":{"start":{"row":2,"column":0,"tokenIndex":3,"charIndex":0},"end":{"row":2,"column":0,"tokenIndex":3,"charIndex":4}},"confidenceScore":null},{"id":"1663418569","labeledBy":"AUTO","labeledByUserId":null,"acceptedByUserId":null,"rejectedByUserId":null,"layer":0,"counter":0,"status":"LABELED","hashCode":"SPAN:eS2knCRgLegeRw8bcmSWA:0:2:0:5:0:2:0:8:3:0:undefined:undefined","labelName":"eS2knCRgLegeRw8bcmSWA","labelItem":{"id":"eS2knCRgLegeRw8bcmSWA","labelName":"Skill"},"textPosition":{"start":{"row":2,"column":0,"tokenIndex":5,"charIndex":0},"end":{"row":2,"column":0,"tokenIndex":8,"charIndex":3}},"confidenceScore":null},{"id":"1663418572","labeledBy":"AUTO","labeledByUserId":null,"acceptedByUserId":null,"rejectedByUserId":null,"layer":0,"counter":0,"status":"LABELED","hashCode":"SPAN:eS2knCRgLegeRw8bcmSWA:0:2:0:10:0:2:0:11:8:0:undefined:undefined","labelName":"eS2knCRgLegeRw8bcmSWA","labelItem":{"id":"eS2knCRgLegeRw8bcmSWA","labelName":"Skill"},"textPosition":{"start":{"row":2,"column":0,"tokenIndex":10,"charIndex":0},"end":{"row":2,"column":0,"tokenIndex":11,"charIndex":8}},"confidenceScore":null},{"id":"1663418575","labeledBy":"AUTO","labeledByUserId":null,"acceptedByUserId":null,"rejectedByUserId":null,"layer":0,"counter":0,"status":"LABELED","hashCode":"SPAN:SJEkdao76hjwbb6Fh5SY6:0:4:0:2:0:4:0:4:6:0:undefined:undefined","labelName":"SJEkdao76hjwbb6Fh5SY6","labelItem":{"id":"SJEkdao76hjwbb6Fh5SY6","labelName":"Job Title"},"textPosition":{"start":{"row":4,"column":0,"tokenIndex":2,"charIndex":0},"end":{"row":4,"column":0,"tokenIndex":4,"charIndex":6}},"confidenceScore":null},{"id":"1663418578","labeledBy":"AUTO","labeledByUserId":null,"acceptedByUserId":null,"rejectedByUserId":null,"layer":0,"counter":0,"status":"LABELED","hashCode":"SPAN:rj7TW0-ymuRo6f_asXJab:0:4:0:5:0:4:0:6:2:0:undefined:undefined","labelName":"rj7TW0-ymuRo6f_asXJab","labelItem":{"id":"rj7TW0-ymuRo6f_asXJab","labelName":"Company Name"},"textPosition":{"start":{"row":4,"column":0,"tokenIndex":5,"charIndex":0},"end":{"row":4,"column":0,"tokenIndex":6,"charIndex":2}},"confidenceScore":null},{"id":"1663418581","labeledBy":"AUTO","labeledByUserId":null,"acceptedByUserId":null,"rejectedByUserId":null,"layer":0,"counter":0,"status":"LABELED","hashCode":"SPAN:1R0C50AAwFbEp2O0WmRv6:0:4:0:8:0:4:0:8:7:0:undefined:undefined","labelName":"1R0C50AAwFbEp2O0WmRv6","labelItem":{"id":"1R0C50AAwFbEp2O0WmRv6","labelName":"Location"},"textPosition":{"start":{"row":4,"column":0,"tokenIndex":8,"charIndex":0},"end":{"row":4,"column":0,"tokenIndex":8,"charIndex":7}},"confidenceScore":null},{"id":"1663418584","labeledBy":"AUTO","labeledByUserId":null,"acceptedByUserId":null,"rejectedByUserId":null,"layer":0,"counter":0,"status":"LABELED","hashCode":"SPAN:1R0C50AAwFbEp2O0WmRv6:0:4:0:9:0:4:0:9:1:0:undefined:undefined","labelName":"1R0C50AAwFbEp2O0WmRv6","labelItem":{"id":"1R0C50AAwFbEp2O0WmRv6","labelName":"Location"},"textPosition":{"start":{"row":4,"column":0,"tokenIndex":9,"charIndex":0},"end":{"row":4,"column":0,"tokenIndex":9,"charIndex":1}},"confidenceScore":null},{"id":"1663418587","labeledBy":"AUTO","labeledByUserId":null,"acceptedByUserId":null,"rejectedByUserId":null,"layer":0,"counter":0,"status":"LABELED","hashCode":"SPAN:52S_6moRfhjC-yXgIBeCp:0:4:0:10:0:4:0:11:3:0:undefined:undefined","labelName":"52S_6moRfhjC-yXgIBeCp","labelItem":{"id":"52S_6moRfhjC-yXgIBeCp","labelName":"Date"},"textPosition":{"start":{"row":4,"column":0,"tokenIndex":10,"charIndex":0},"end":{"row":4,"column":0,"tokenIndex":11,"charIndex":3}},"confidenceScore":null},{"id":"1663418590","labeledBy":"AUTO","labeledByUserId":null,"acceptedByUserId":null,"rejectedByUserId":null,"layer":0,"counter":0,"status":"LABELED","hashCode":"SPAN:52S_6moRfhjC-yXgIBeCp:0:4:0:13:0:4:0:13:6:0:undefined:undefined","labelName":"52S_6moRfhjC-yXgIBeCp","labelItem":{"id":"52S_6moRfhjC-yXgIBeCp","labelName":"Date"},"textPosition":{"start":{"row":4,"column":0,"tokenIndex":13,"charIndex":0},"end":{"row":4,"column":0,"tokenIndex":13,"charIndex":6}},"confidenceScore":null},{"id":"1663418593","labeledBy":"AUTO","labeledByUserId":null,"acceptedByUserId":null,"rejectedByUserId":null,"layer":0,"counter":0,"status":"LABELED","hashCode":"SPAN:eS2knCRgLegeRw8bcmSWA:0:4:0:19:0:4:0:19:3:0:undefined:undefined","labelName":"eS2knCRgLegeRw8bcmSWA","labelItem":{"id":"eS2knCRgLegeRw8bcmSWA","labelName":"Skill"},"textPosition":{"start":{"row":4,"column":0,"tokenIndex":19,"charIndex":0},"end":{"row":4,"column":0,"tokenIndex":19,"charIndex":3}},"confidenceScore":null},{"id":"1663418596","labeledBy":"AUTO","labeledByUserId":null,"acceptedByUserId":null,"rejectedByUserId":null,"layer":0,"counter":0,"status":"LABELED","hashCode":"SPAN:eS2knCRgLegeRw8bcmSWA:0:4:0:20:0:4:0:20:3:0:undefined:undefined","labelName":"eS2knCRgLegeRw8bcmSWA","labelItem":{"id":"eS2knCRgLegeRw8bcmSWA","labelName":"Skill"},"textPosition":{"start":{"row":4,"column":0,"tokenIndex":20,"charIndex":0},"end":{"row":4,"column":0,"tokenIndex":20,"charIndex":3}},"confidenceScore":null},{"id":"1663418599","labeledBy":"AUTO","labeledByUserId":null,"acceptedByUserId":null,"rejectedByUserId":null,"layer":0,"counter":0,"status":"LABELED","hashCode":"SPAN:eS2knCRgLegeRw8bcmSWA:0:4:0:21:0:4:0:21:1:0:undefined:undefined","labelName":"eS2knCRgLegeRw8bcmSWA","labelItem":{"id":"eS2knCRgLegeRw8bcmSWA","labelName":"Skill"},"textPosition":{"start":{"row":4,"column":0,"tokenIndex":21,"charIndex":0},"end":{"row":4,"column":0,"tokenIndex":21,"charIndex":1}},"confidenceScore":null},{"id":"1663418602","labeledBy":"AUTO","labeledByUserId":null,"acceptedByUserId":null,"rejectedByUserId":null,"layer":0,"counter":0,"status":"LABELED","hashCode":"SPAN:eS2knCRgLegeRw8bcmSWA:0:4:0:23:0:4:0:23:4:0:undefined:undefined","labelName":"eS2knCRgLegeRw8bcmSWA","labelItem":{"id":"eS2knCRgLegeRw8bcmSWA","labelName":"Skill"},"textPosition":{"start":{"row":4,"column":0,"tokenIndex":23,"charIndex":0},"end":{"row":4,"column":0,"tokenIndex":23,"charIndex":4}},"confidenceScore":null},{"id":"1663418608","labeledBy":"AUTO","labeledByUserId":null,"acceptedByUserId":null,"rejectedByUserId":null,"layer":0,"counter":0,"status":"LABELED","hashCode":"SPAN:eS2knCRgLegeRw8bcmSWA:0:4:0:44:0:4:0:44:6:0:undefined:undefined","labelName":"eS2knCRgLegeRw8bcmSWA","labelItem":{"id":"eS2knCRgLegeRw8bcmSWA","labelName":"Skill"},"textPosition":{"start":{"row":4,"column":0,"tokenIndex":44,"charIndex":0},"end":{"row":4,"column":0,"tokenIndex":44,"charIndex":6}},"confidenceScore":null},{"id":"1663418605","labeledBy":"AUTO","labeledByUserId":null,"acceptedByUserId":null,"rejectedByUserId":null,"layer":0,"counter":0,"status":"LABELED","hashCode":"SPAN:eS2knCRgLegeRw8bcmSWA:0:4:0:49:0:4:0:50:9:0:undefined:undefined","labelName":"eS2knCRgLegeRw8bcmSWA","labelItem":{"id":"eS2knCRgLegeRw8bcmSWA","labelName":"Skill"},"textPosition":{"start":{"row":4,"column":0,"tokenIndex":49,"charIndex":0},"end":{"row":4,"column":0,"tokenIndex":50,"charIndex":9}},"confidenceScore":null},{"id":"1663418611","labeledBy":"AUTO","labeledByUserId":null,"acceptedByUserId":null,"rejectedByUserId":null,"layer":0,"counter":0,"status":"LABELED","hashCode":"SPAN:eS2knCRgLegeRw8bcmSWA:0:4:0:52:0:4:0:53:4:0:undefined:undefined","labelName":"eS2knCRgLegeRw8bcmSWA","labelItem":{"id":"eS2knCRgLegeRw8bcmSWA","labelName":"Skill"},"textPosition":{"start":{"row":4,"column":0,"tokenIndex":52,"charIndex":0},"end":{"row":4,"column":0,"tokenIndex":53,"charIndex":4}},"confidenceScore":null},{"id":"1663418617","labeledBy":"AUTO","labeledByUserId":null,"acceptedByUserId":null,"rejectedByUserId":null,"layer":0,"counter":0,"status":"LABELED","hashCode":"SPAN:eS2knCRgLegeRw8bcmSWA:0:5:0:4:0:5:0:6:11:0:undefined:undefined","labelName":"eS2knCRgLegeRw8bcmSWA","labelItem":{"id":"eS2knCRgLegeRw8bcmSWA","labelName":"Skill"},"textPosition":{"start":{"row":5,"column":0,"tokenIndex":4,"charIndex":0},"end":{"row":5,"column":0,"tokenIndex":6,"charIndex":11}},"confidenceScore":null},{"id":"1663418614","labeledBy":"AUTO","labeledByUserId":null,"acceptedByUserId":null,"rejectedByUserId":null,"layer":0,"counter":0,"status":"LABELED","hashCode":"SPAN:eS2knCRgLegeRw8bcmSWA:0:5:0:8:0:5:0:9:8:0:undefined:undefined","labelName":"eS2knCRgLegeRw8bcmSWA","labelItem":{"id":"eS2knCRgLegeRw8bcmSWA","labelName":"Skill"},"textPosition":{"start":{"row":5,"column":0,"tokenIndex":8,"charIndex":0},"end":{"row":5,"column":0,"tokenIndex":9,"charIndex":8}},"confidenceScore":null},{"id":"1663418620","labeledBy":"AUTO","labeledByUserId":null,"acceptedByUserId":null,"rejectedByUserId":null,"layer":0,"counter":0,"status":"LABELED","hashCode":"SPAN:eS2knCRgLegeRw8bcmSWA:0:5:0:14:0:5:0:14:8:0:undefined:undefined","labelName":"eS2knCRgLegeRw8bcmSWA","labelItem":{"id":"eS2knCRgLegeRw8bcmSWA","labelName":"Skill"},"textPosition":{"start":{"row":5,"column":0,"tokenIndex":14,"charIndex":0},"end":{"row":5,"column":0,"tokenIndex":14,"charIndex":8}},"confidenceScore":null},{"id":"1663418623","labeledBy":"AUTO","labeledByUserId":null,"acceptedByUserId":null,"rejectedByUserId":null,"layer":0,"counter":0,"status":"LABELED","hashCode":"SPAN:eS2knCRgLegeRw8bcmSWA:0:5:0:15:0:5:0:15:6:0:undefined:undefined","labelName":"eS2knCRgLegeRw8bcmSWA","labelItem":{"id":"eS2knCRgLegeRw8bcmSWA","labelName":"Skill"},"textPosition":{"start":{"row":5,"column":0,"tokenIndex":15,"charIndex":0},"end":{"row":5,"column":0,"tokenIndex":15,"charIndex":6}},"confidenceScore":null},{"id":"1663418626","labeledBy":"AUTO","labeledByUserId":null,"acceptedByUserId":null,"rejectedByUserId":null,"layer":0,"counter":0,"status":"LABELED","hashCode":"SPAN:eS2knCRgLegeRw8bcmSWA:0:5:0:16:0:5:0:16:11:0:undefined:undefined","labelName":"eS2knCRgLegeRw8bcmSWA","labelItem":{"id":"eS2knCRgLegeRw8bcmSWA","labelName":"Skill"},"textPosition":{"start":{"row":5,"column":0,"tokenIndex":16,"charIndex":0},"end":{"row":5,"column":0,"tokenIndex":16,"charIndex":11}},"confidenceScore":null},{"id":"1663418629","labeledBy":"AUTO","labeledByUserId":null,"acceptedByUserId":null,"rejectedByUserId":null,"layer":0,"counter":0,"status":"LABELED","hashCode":"SPAN:eS2knCRgLegeRw8bcmSWA:0:5:0:17:0:5:0:17:10:0:undefined:undefined","labelName":"eS2knCRgLegeRw8bcmSWA","labelItem":{"id":"eS2knCRgLegeRw8bcmSWA","labelName":"Skill"},"textPosition":{"start":{"row":5,"column":0,"tokenIndex":17,"charIndex":0},"end":{"row":5,"column":0,"tokenIndex":17,"charIndex":10}},"confidenceScore":null},{"id":"1663418632","labeledBy":"AUTO","labeledByUserId":null,"acceptedByUserId":null,"rejectedByUserId":null,"layer":0,"counter":0,"status":"LABELED","hashCode":"SPAN:eS2knCRgLegeRw8bcmSWA:0:5:0:19:0:5:0:19:10:0:undefined:undefined","labelName":"eS2knCRgLegeRw8bcmSWA","labelItem":{"id":"eS2knCRgLegeRw8bcmSWA","labelName":"Skill"},"textPosition":{"start":{"row":5,"column":0,"tokenIndex":19,"charIndex":0},"end":{"row":5,"column":0,"tokenIndex":19,"charIndex":10}},"confidenceScore":null},{"id":"1663418635","labeledBy":"AUTO","labeledByUserId":null,"acceptedByUserId":null,"rejectedByUserId":null,"layer":0,"counter":0,"status":"LABELED","hashCode":"SPAN:eS2knCRgLegeRw8bcmSWA:0:5:0:21:0:5:0:22:6:0:undefined:undefined","labelName":"eS2knCRgLegeRw8bcmSWA","labelItem":{"id":"eS2knCRgLegeRw8bcmSWA","labelName":"Skill"},"textPosition":{"start":{"row":5,"column":0,"tokenIndex":21,"charIndex":0},"end":{"row":5,"column":0,"tokenIndex":22,"charIndex":6}},"confidenceScore":null},{"id":"1663418638","labeledBy":"AUTO","labeledByUserId":null,"acceptedByUserId":null,"rejectedByUserId":null,"layer":0,"counter":0,"status":"LABELED","hashCode":"SPAN:eS2knCRgLegeRw8bcmSWA:0:5:0:24:0:5:0:24:7:0:undefined:undefined","labelName":"eS2knCRgLegeRw8bcmSWA","labelItem":{"id":"eS2knCRgLegeRw8bcmSWA","labelName":"Skill"},"textPosition":{"start":{"row":5,"column":0,"tokenIndex":24,"charIndex":0},"end":{"row":5,"column":0,"tokenIndex":24,"charIndex":7}},"confidenceScore":null},{"id":"1663418641","labeledBy":"AUTO","labeledByUserId":null,"acceptedByUserId":null,"rejectedByUserId":null,"layer":0,"counter":0,"status":"LABELED","hashCode":"SPAN:eS2knCRgLegeRw8bcmSWA:0:6:0:1:0:6:0:2:3:0:undefined:undefined","labelName":"eS2knCRgLegeRw8bcmSWA","labelItem":{"id":"eS2knCRgLegeRw8bcmSWA","labelName":"Skill"},"textPosition":{"start":{"row":6,"column":0,"tokenIndex":1,"charIndex":0},"end":{"row":6,"column":0,"tokenIndex":2,"charIndex":3}},"confidenceScore":null},{"id":"1663418644","labeledBy":"AUTO","labeledByUserId":null,"acceptedByUserId":null,"rejectedByUserId":null,"layer":0,"counter":0,"status":"LABELED","hashCode":"SPAN:eS2knCRgLegeRw8bcmSWA:0:6:0:4:0:6:0:5:12:0:undefined:undefined","labelName":"eS2knCRgLegeRw8bcmSWA","labelItem":{"id":"eS2knCRgLegeRw8bcmSWA","labelName":"Skill"},"textPosition":{"start":{"row":6,"column":0,"tokenIndex":4,"charIndex":0},"end":{"row":6,"column":0,"tokenIndex":5,"charIndex":12}},"confidenceScore":null},{"id":"1663418647","labeledBy":"AUTO","labeledByUserId":null,"acceptedByUserId":null,"rejectedByUserId":null,"layer":0,"counter":0,"status":"LABELED","hashCode":"SPAN:eS2knCRgLegeRw8bcmSWA:0:6:0:14:0:6:0:16:3:0:undefined:undefined","labelName":"eS2knCRgLegeRw8bcmSWA","labelItem":{"id":"eS2knCRgLegeRw8bcmSWA","labelName":"Skill"},"textPosition":{"start":{"row":6,"column":0,"tokenIndex":14,"charIndex":0},"end":{"row":6,"column":0,"tokenIndex":16,"charIndex":3}},"confidenceScore":null},{"id":"1663418650","labeledBy":"AUTO","labeledByUserId":null,"acceptedByUserId":null,"rejectedByUserId":null,"layer":0,"counter":0,"status":"LABELED","hashCode":"SPAN:eS2knCRgLegeRw8bcmSWA:0:6:0:20:0:6:0:22:5:0:undefined:undefined","labelName":"eS2knCRgLegeRw8bcmSWA","labelItem":{"id":"eS2knCRgLegeRw8bcmSWA","labelName":"Skill"},"textPosition":{"start":{"row":6,"column":0,"tokenIndex":20,"charIndex":0},"end":{"row":6,"column":0,"tokenIndex":22,"charIndex":5}},"confidenceScore":null},{"id":"1663418653","labeledBy":"AUTO","labeledByUserId":null,"acceptedByUserId":null,"rejectedByUserId":null,"layer":0,"counter":0,"status":"LABELED","hashCode":"SPAN:eS2knCRgLegeRw8bcmSWA:0:6:0:23:0:6:0:23:5:0:undefined:undefined","labelName":"eS2knCRgLegeRw8bcmSWA","labelItem":{"id":"eS2knCRgLegeRw8bcmSWA","labelName":"Skill"},"textPosition":{"start":{"row":6,"column":0,"tokenIndex":23,"charIndex":0},"end":{"row":6,"column":0,"tokenIndex":23,"charIndex":5}},"confidenceScore":null},{"id":"1663418656","labeledBy":"AUTO","labeledByUserId":null,"acceptedByUserId":null,"rejectedByUserId":null,"layer":0,"counter":0,"status":"LABELED","hashCode":"SPAN:eS2knCRgLegeRw8bcmSWA:0:7:0:5:0:7:0:6:10:0:undefined:undefined","labelName":"eS2knCRgLegeRw8bcmSWA","labelItem":{"id":"eS2knCRgLegeRw8bcmSWA","labelName":"Skill"},"textPosition":{"start":{"row":7,"column":0,"tokenIndex":5,"charIndex":0},"end":{"row":7,"column":0,"tokenIndex":6,"charIndex":10}},"confidenceScore":null},{"id":"1663418659","labeledBy":"AUTO","labeledByUserId":null,"acceptedByUserId":null,"rejectedByUserId":null,"layer":0,"counter":0,"status":"LABELED","hashCode":"SPAN:eS2knCRgLegeRw8bcmSWA:0:7:0:7:0:7:0:12:4:0:undefined:undefined","labelName":"eS2knCRgLegeRw8bcmSWA","labelItem":{"id":"eS2knCRgLegeRw8bcmSWA","labelName":"Skill"},"textPosition":{"start":{"row":7,"column":0,"tokenIndex":7,"charIndex":0},"end":{"row":7,"column":0,"tokenIndex":12,"charIndex":4}},"confidenceScore":null},{"id":"1663418662","labeledBy":"AUTO","labeledByUserId":null,"acceptedByUserId":null,"rejectedByUserId":null,"layer":0,"counter":0,"status":"LABELED","hashCode":"SPAN:eS2knCRgLegeRw8bcmSWA:0:8:0:2:0:8:0:3:3:0:undefined:undefined","labelName":"eS2knCRgLegeRw8bcmSWA","labelItem":{"id":"eS2knCRgLegeRw8bcmSWA","labelName":"Skill"},"textPosition":{"start":{"row":8,"column":0,"tokenIndex":2,"charIndex":0},"end":{"row":8,"column":0,"tokenIndex":3,"charIndex":3}},"confidenceScore":null},{"id":"1663418665","labeledBy":"AUTO","labeledByUserId":null,"acceptedByUserId":null,"rejectedByUserId":null,"layer":0,"counter":0,"status":"LABELED","hashCode":"SPAN:eS2knCRgLegeRw8bcmSWA:0:8:0:4:0:8:0:4:6:0:undefined:undefined","labelName":"eS2knCRgLegeRw8bcmSWA","labelItem":{"id":"eS2knCRgLegeRw8bcmSWA","labelName":"Skill"},"textPosition":{"start":{"row":8,"column":0,"tokenIndex":4,"charIndex":0},"end":{"row":8,"column":0,"tokenIndex":4,"charIndex":6}},"confidenceScore":null},{"id":"1663418668","labeledBy":"AUTO","labeledByUserId":null,"acceptedByUserId":null,"rejectedByUserId":null,"layer":0,"counter":0,"status":"LABELED","hashCode":"SPAN:eS2knCRgLegeRw8bcmSWA:0:8:0:5:0:8:0:5:6:0:undefined:undefined","labelName":"eS2knCRgLegeRw8bcmSWA","labelItem":{"id":"eS2knCRgLegeRw8bcmSWA","labelName":"Skill"},"textPosition":{"start":{"row":8,"column":0,"tokenIndex":5,"charIndex":0},"end":{"row":8,"column":0,"tokenIndex":5,"charIndex":6}},"confidenceScore":null},{"id":"1663418671","labeledBy":"AUTO","labeledByUserId":null,"acceptedByUserId":null,"rejectedByUserId":null,"layer":0,"counter":0,"status":"LABELED","hashCode":"SPAN:eS2knCRgLegeRw8bcmSWA:0:8:0:6:0:8:0:6:6:0:undefined:undefined","labelName":"eS2knCRgLegeRw8bcmSWA","labelItem":{"id":"eS2knCRgLegeRw8bcmSWA","labelName":"Skill"},"textPosition":{"start":{"row":8,"column":0,"tokenIndex":6,"charIndex":0},"end":{"row":8,"column":0,"tokenIndex":6,"charIndex":6}},"confidenceScore":null},{"id":"1663418674","labeledBy":"AUTO","labeledByUserId":null,"acceptedByUserId":null,"rejectedByUserId":null,"layer":0,"counter":0,"status":"LABELED","hashCode":"SPAN:eS2knCRgLegeRw8bcmSWA:0:8:0:7:0:8:0:7:7:0:undefined:undefined","labelName":"eS2knCRgLegeRw8bcmSWA","labelItem":{"id":"eS2knCRgLegeRw8bcmSWA","labelName":"Skill"},"textPosition":{"start":{"row":8,"column":0,"tokenIndex":7,"charIndex":0},"end":{"row":8,"column":0,"tokenIndex":7,"charIndex":7}},"confidenceScore":null},{"id":"1663418677","labeledBy":"AUTO","labeledByUserId":null,"acceptedByUserId":null,"rejectedByUserId":null,"layer":0,"counter":0,"status":"LABELED","hashCode":"SPAN:eS2knCRgLegeRw8bcmSWA:0:8:0:8:0:8:0:8:7:0:undefined:undefined","labelName":"eS2knCRgLegeRw8bcmSWA","labelItem":{"id":"eS2knCRgLegeRw8bcmSWA","labelName":"Skill"},"textPosition":{"start":{"row":8,"column":0,"tokenIndex":8,"charIndex":0},"end":{"row":8,"column":0,"tokenIndex":8,"charIndex":7}},"confidenceScore":null},{"id":"1663418680","labeledBy":"AUTO","labeledByUserId":null,"acceptedByUserId":null,"rejectedByUserId":null,"layer":0,"counter":0,"status":"LABELED","hashCode":"SPAN:eS2knCRgLegeRw8bcmSWA:0:8:0:10:0:8:0:10:5:0:undefined:undefined","labelName":"eS2knCRgLegeRw8bcmSWA","labelItem":{"id":"eS2knCRgLegeRw8bcmSWA","labelName":"Skill"},"textPosition":{"start":{"row":8,"column":0,"tokenIndex":10,"charIndex":0},"end":{"row":8,"column":0,"tokenIndex":10,"charIndex":5}},"confidenceScore":null},{"id":"1663418683","labeledBy":"AUTO","labeledByUserId":null,"acceptedByUserId":null,"rejectedByUserId":null,"layer":0,"counter":0,"status":"LABELED","hashCode":"SPAN:eS2knCRgLegeRw8bcmSWA:0:9:0:3:0:9:0:7:5:0:undefined:undefined","labelName":"eS2knCRgLegeRw8bcmSWA","labelItem":{"id":"eS2knCRgLegeRw8bcmSWA","labelName":"Skill"},"textPosition":{"start":{"row":9,"column":0,"tokenIndex":3,"charIndex":0},"end":{"row":9,"column":0,"tokenIndex":7,"charIndex":5}},"confidenceScore":null},{"id":"1663418686","labeledBy":"AUTO","labeledByUserId":null,"acceptedByUserId":null,"rejectedByUserId":null,"layer":0,"counter":0,"status":"LABELED","hashCode":"SPAN:eS2knCRgLegeRw8bcmSWA:0:9:0:8:0:9:0:10:6:0:undefined:undefined","labelName":"eS2knCRgLegeRw8bcmSWA","labelItem":{"id":"eS2knCRgLegeRw8bcmSWA","labelName":"Skill"},"textPosition":{"start":{"row":9,"column":0,"tokenIndex":8,"charIndex":0},"end":{"row":9,"column":0,"tokenIndex":10,"charIndex":6}},"confidenceScore":null},{"id":"1663418689","labeledBy":"AUTO","labeledByUserId":null,"acceptedByUserId":null,"rejectedByUserId":null,"layer":0,"counter":0,"status":"LABELED","hashCode":"SPAN:rj7TW0-ymuRo6f_asXJab:0:9:0:11:0:9:0:12:3:0:undefined:undefined","labelName":"rj7TW0-ymuRo6f_asXJab","labelItem":{"id":"rj7TW0-ymuRo6f_asXJab","labelName":"Company Name"},"textPosition":{"start":{"row":9,"column":0,"tokenIndex":11,"charIndex":0},"end":{"row":9,"column":0,"tokenIndex":12,"charIndex":3}},"confidenceScore":null},{"id":"1663418692","labeledBy":"AUTO","labeledByUserId":null,"acceptedByUserId":null,"rejectedByUserId":null,"layer":0,"counter":0,"status":"LABELED","hashCode":"SPAN:SJEkdao76hjwbb6Fh5SY6:0:10:0:0:0:10:0:1:19:0:undefined:undefined","labelName":"SJEkdao76hjwbb6Fh5SY6","labelItem":{"id":"SJEkdao76hjwbb6Fh5SY6","labelName":"Job Title"},"textPosition":{"start":{"row":10,"column":0,"tokenIndex":0,"charIndex":0},"end":{"row":10,"column":0,"tokenIndex":1,"charIndex":19}},"confidenceScore":null},{"id":"1663418695","labeledBy":"AUTO","labeledByUserId":null,"acceptedByUserId":null,"rejectedByUserId":null,"layer":0,"counter":0,"status":"LABELED","hashCode":"SPAN:52S_6moRfhjC-yXgIBeCp:0:10:0:2:0:10:0:3:3:0:undefined:undefined","labelName":"52S_6moRfhjC-yXgIBeCp","labelItem":{"id":"52S_6moRfhjC-yXgIBeCp","labelName":"Date"},"textPosition":{"start":{"row":10,"column":0,"tokenIndex":2,"charIndex":0},"end":{"row":10,"column":0,"tokenIndex":3,"charIndex":3}},"confidenceScore":null},{"id":"1663418698","labeledBy":"AUTO","labeledByUserId":null,"acceptedByUserId":null,"rejectedByUserId":null,"layer":0,"counter":0,"status":"LABELED","hashCode":"SPAN:52S_6moRfhjC-yXgIBeCp:0:10:0:5:0:10:0:6:3:0:undefined:undefined","labelName":"52S_6moRfhjC-yXgIBeCp","labelItem":{"id":"52S_6moRfhjC-yXgIBeCp","labelName":"Date"},"textPosition":{"start":{"row":10,"column":0,"tokenIndex":5,"charIndex":0},"end":{"row":10,"column":0,"tokenIndex":6,"charIndex":3}},"confidenceScore":null},{"id":"1663418701","labeledBy":"AUTO","labeledByUserId":null,"acceptedByUserId":null,"rejectedByUserId":null,"layer":0,"counter":0,"status":"LABELED","hashCode":"SPAN:eS2knCRgLegeRw8bcmSWA:0:10:0:8:0:10:0:10:9:0:undefined:undefined","labelName":"eS2knCRgLegeRw8bcmSWA","labelItem":{"id":"eS2knCRgLegeRw8bcmSWA","labelName":"Skill"},"textPosition":{"start":{"row":10,"column":0,"tokenIndex":8,"charIndex":0},"end":{"row":10,"column":0,"tokenIndex":10,"charIndex":9}},"confidenceScore":null},{"id":"1663418704","labeledBy":"AUTO","labeledByUserId":null,"acceptedByUserId":null,"rejectedByUserId":null,"layer":0,"counter":0,"status":"LABELED","hashCode":"SPAN:eS2knCRgLegeRw8bcmSWA:0:11:0:1:0:11:0:2:7:0:undefined:undefined","labelName":"eS2knCRgLegeRw8bcmSWA","labelItem":{"id":"eS2knCRgLegeRw8bcmSWA","labelName":"Skill"},"textPosition":{"start":{"row":11,"column":0,"tokenIndex":1,"charIndex":0},"end":{"row":11,"column":0,"tokenIndex":2,"charIndex":7}},"confidenceScore":null},{"id":"1663418707","labeledBy":"AUTO","labeledByUserId":null,"acceptedByUserId":null,"rejectedByUserId":null,"layer":0,"counter":0,"status":"LABELED","hashCode":"SPAN:eS2knCRgLegeRw8bcmSWA:0:12:0:24:0:12:0:25:5:0:undefined:undefined","labelName":"eS2knCRgLegeRw8bcmSWA","labelItem":{"id":"eS2knCRgLegeRw8bcmSWA","labelName":"Skill"},"textPosition":{"start":{"row":12,"column":0,"tokenIndex":24,"charIndex":0},"end":{"row":12,"column":0,"tokenIndex":25,"charIndex":5}},"confidenceScore":null},{"id":"1663418710","labeledBy":"AUTO","labeledByUserId":null,"acceptedByUserId":null,"rejectedByUserId":null,"layer":0,"counter":0,"status":"LABELED","hashCode":"SPAN:eS2knCRgLegeRw8bcmSWA:0:12:0:27:0:12:0:28:6:0:undefined:undefined","labelName":"eS2knCRgLegeRw8bcmSWA","labelItem":{"id":"eS2knCRgLegeRw8bcmSWA","labelName":"Skill"},"textPosition":{"start":{"row":12,"column":0,"tokenIndex":27,"charIndex":0},"end":{"row":12,"column":0,"tokenIndex":28,"charIndex":6}},"confidenceScore":null},{"id":"1663418713","labeledBy":"AUTO","labeledByUserId":null,"acceptedByUserId":null,"rejectedByUserId":null,"layer":0,"counter":0,"status":"LABELED","hashCode":"SPAN:eS2knCRgLegeRw8bcmSWA:0:13:0:10:0:13:0:10:5:0:undefined:undefined","labelName":"eS2knCRgLegeRw8bcmSWA","labelItem":{"id":"eS2knCRgLegeRw8bcmSWA","labelName":"Skill"},"textPosition":{"start":{"row":13,"column":0,"tokenIndex":10,"charIndex":0},"end":{"row":13,"column":0,"tokenIndex":10,"charIndex":5}},"confidenceScore":null},{"id":"1663418716","labeledBy":"AUTO","labeledByUserId":null,"acceptedByUserId":null,"rejectedByUserId":null,"layer":0,"counter":0,"status":"LABELED","hashCode":"SPAN:eS2knCRgLegeRw8bcmSWA:0:13:0:15:0:13:0:15:4:0:undefined:undefined","labelName":"eS2knCRgLegeRw8bcmSWA","labelItem":{"id":"eS2knCRgLegeRw8bcmSWA","labelName":"Skill"},"textPosition":{"start":{"row":13,"column":0,"tokenIndex":15,"charIndex":0},"end":{"row":13,"column":0,"tokenIndex":15,"charIndex":4}},"confidenceScore":null},{"id":"1663418719","labeledBy":"AUTO","labeledByUserId":null,"acceptedByUserId":null,"rejectedByUserId":null,"layer":0,"counter":0,"status":"LABELED","hashCode":"SPAN:eS2knCRgLegeRw8bcmSWA:0:13:0:19:0:13:0:20:7:0:undefined:undefined","labelName":"eS2knCRgLegeRw8bcmSWA","labelItem":{"id":"eS2knCRgLegeRw8bcmSWA","labelName":"Skill"},"textPosition":{"start":{"row":13,"column":0,"tokenIndex":19,"charIndex":0},"end":{"row":13,"column":0,"tokenIndex":20,"charIndex":7}},"confidenceScore":null},{"id":"1663418722","labeledBy":"AUTO","labeledByUserId":null,"acceptedByUserId":null,"rejectedByUserId":null,"layer":0,"counter":0,"status":"LABELED","hashCode":"SPAN:eS2knCRgLegeRw8bcmSWA:0:13:0:21:0:13:0:22:10:0:undefined:undefined","labelName":"eS2knCRgLegeRw8bcmSWA","labelItem":{"id":"eS2knCRgLegeRw8bcmSWA","labelName":"Skill"},"textPosition":{"start":{"row":13,"column":0,"tokenIndex":21,"charIndex":0},"end":{"row":13,"column":0,"tokenIndex":22,"charIndex":10}},"confidenceScore":null},{"id":"1663418725","labeledBy":"AUTO","labeledByUserId":null,"acceptedByUserId":null,"rejectedByUserId":null,"layer":0,"counter":0,"status":"LABELED","hashCode":"SPAN:eS2knCRgLegeRw8bcmSWA:0:13:0:24:0:13:0:25:10:0:undefined:undefined","labelName":"eS2knCRgLegeRw8bcmSWA","labelItem":{"id":"eS2knCRgLegeRw8bcmSWA","labelName":"Skill"},"textPosition":{"start":{"row":13,"column":0,"tokenIndex":24,"charIndex":0},"end":{"row":13,"column":0,"tokenIndex":25,"charIndex":10}},"confidenceScore":null},{"id":"1663418728","labeledBy":"AUTO","labeledByUserId":null,"acceptedByUserId":null,"rejectedByUserId":null,"layer":0,"counter":0,"status":"LABELED","hashCode":"SPAN:eS2knCRgLegeRw8bcmSWA:0:14:0:7:0:14:0:7:7:0:undefined:undefined","labelName":"eS2knCRgLegeRw8bcmSWA","labelItem":{"id":"eS2knCRgLegeRw8bcmSWA","labelName":"Skill"},"textPosition":{"start":{"row":14,"column":0,"tokenIndex":7,"charIndex":0},"end":{"row":14,"column":0,"tokenIndex":7,"charIndex":7}},"confidenceScore":null},{"id":"1663418731","labeledBy":"AUTO","labeledByUserId":null,"acceptedByUserId":null,"rejectedByUserId":null,"layer":0,"counter":0,"status":"LABELED","hashCode":"SPAN:eS2knCRgLegeRw8bcmSWA:0:14:0:11:0:14:0:12:11:0:undefined:undefined","labelName":"eS2knCRgLegeRw8bcmSWA","labelItem":{"id":"eS2knCRgLegeRw8bcmSWA","labelName":"Skill"},"textPosition":{"start":{"row":14,"column":0,"tokenIndex":11,"charIndex":0},"end":{"row":14,"column":0,"tokenIndex":12,"charIndex":11}},"confidenceScore":null},{"id":"1663418737","labeledBy":"AUTO","labeledByUserId":null,"acceptedByUserId":null,"rejectedByUserId":null,"layer":0,"counter":0,"status":"LABELED","hashCode":"SPAN:eS2knCRgLegeRw8bcmSWA:0:15:0:0:0:15:0:0:8:0:undefined:undefined","labelName":"eS2knCRgLegeRw8bcmSWA","labelItem":{"id":"eS2knCRgLegeRw8bcmSWA","labelName":"Skill"},"textPosition":{"start":{"row":15,"column":0,"tokenIndex":0,"charIndex":0},"end":{"row":15,"column":0,"tokenIndex":0,"charIndex":8}},"confidenceScore":null},{"id":"1663418734","labeledBy":"AUTO","labeledByUserId":null,"acceptedByUserId":null,"rejectedByUserId":null,"layer":0,"counter":0,"status":"LABELED","hashCode":"SPAN:eS2knCRgLegeRw8bcmSWA:0:15:0:3:0:15:0:3:3:0:undefined:undefined","labelName":"eS2knCRgLegeRw8bcmSWA","labelItem":{"id":"eS2knCRgLegeRw8bcmSWA","labelName":"Skill"},"textPosition":{"start":{"row":15,"column":0,"tokenIndex":3,"charIndex":0},"end":{"row":15,"column":0,"tokenIndex":3,"charIndex":3}},"confidenceScore":null},{"id":"1663418740","labeledBy":"AUTO","labeledByUserId":null,"acceptedByUserId":null,"rejectedByUserId":null,"layer":0,"counter":0,"status":"LABELED","hashCode":"SPAN:IeEoIKabMl51BJE0gX2YL:0:16:0:13:0:16:0:16:6:0:undefined:undefined","labelName":"IeEoIKabMl51BJE0gX2YL","labelItem":{"id":"IeEoIKabMl51BJE0gX2YL","labelName":"Degree"},"textPosition":{"start":{"row":16,"column":0,"tokenIndex":13,"charIndex":0},"end":{"row":16,"column":0,"tokenIndex":16,"charIndex":6}},"confidenceScore":null},{"id":"1663418743","labeledBy":"AUTO","labeledByUserId":null,"acceptedByUserId":null,"rejectedByUserId":null,"layer":0,"counter":0,"status":"LABELED","hashCode":"SPAN:Kj5U6n9NUqTXuWcB3c_7L:0:16:0:17:0:16:0:23:9:0:undefined:undefined","labelName":"Kj5U6n9NUqTXuWcB3c_7L","labelItem":{"id":"Kj5U6n9NUqTXuWcB3c_7L","labelName":"College"},"textPosition":{"start":{"row":16,"column":0,"tokenIndex":17,"charIndex":0},"end":{"row":16,"column":0,"tokenIndex":23,"charIndex":9}},"confidenceScore":null},{"id":"1663418746","labeledBy":"AUTO","labeledByUserId":null,"acceptedByUserId":null,"rejectedByUserId":null,"layer":0,"counter":0,"status":"LABELED","hashCode":"SPAN:BjO8MdvK2KI4E5iMEeY4B:0:16:0:24:0:16:0:24:3:0:undefined:undefined","labelName":"BjO8MdvK2KI4E5iMEeY4B","labelItem":{"id":"BjO8MdvK2KI4E5iMEeY4B","labelName":"Graduation Year"},"textPosition":{"start":{"row":16,"column":0,"tokenIndex":24,"charIndex":0},"end":{"row":16,"column":0,"tokenIndex":24,"charIndex":3}},"confidenceScore":null},{"id":"1663418749","labeledBy":"AUTO","labeledByUserId":null,"acceptedByUserId":null,"rejectedByUserId":null,"layer":0,"counter":0,"status":"LABELED","hashCode":"SPAN:eS2knCRgLegeRw8bcmSWA:0:16:0:31:0:16:0:34:13:0:undefined:undefined","labelName":"eS2knCRgLegeRw8bcmSWA","labelItem":{"id":"eS2knCRgLegeRw8bcmSWA","labelName":"Skill"},"textPosition":{"start":{"row":16,"column":0,"tokenIndex":31,"charIndex":0},"end":{"row":16,"column":0,"tokenIndex":34,"charIndex":13}},"confidenceScore":null},{"id":"1663418752","labeledBy":"AUTO","labeledByUserId":null,"acceptedByUserId":null,"rejectedByUserId":null,"layer":0,"counter":0,"status":"LABELED","hashCode":"SPAN:eS2knCRgLegeRw8bcmSWA:0:16:0:42:0:16:0:43:22:0:undefined:undefined","labelName":"eS2knCRgLegeRw8bcmSWA","labelItem":{"id":"eS2knCRgLegeRw8bcmSWA","labelName":"Skill"},"textPosition":{"start":{"row":16,"column":0,"tokenIndex":42,"charIndex":0},"end":{"row":16,"column":0,"tokenIndex":43,"charIndex":22}},"confidenceScore":null},{"id":"1663418756","labeledBy":"AUTO","labeledByUserId":null,"acceptedByUserId":null,"rejectedByUserId":null,"layer":0,"counter":0,"status":"LABELED","hashCode":"SPAN:eS2knCRgLegeRw8bcmSWA:0:16:0:44:0:16:0:45:8:0:undefined:undefined","labelName":"eS2knCRgLegeRw8bcmSWA","labelItem":{"id":"eS2knCRgLegeRw8bcmSWA","labelName":"Skill"},"textPosition":{"start":{"row":16,"column":0,"tokenIndex":44,"charIndex":0},"end":{"row":16,"column":0,"tokenIndex":45,"charIndex":8}},"confidenceScore":null},{"id":"1663418758","labeledBy":"AUTO","labeledByUserId":null,"acceptedByUserId":null,"rejectedByUserId":null,"layer":0,"counter":0,"status":"LABELED","hashCode":"SPAN:eS2knCRgLegeRw8bcmSWA:0:16:0:46:0:16:0:47:5:0:undefined:undefined","labelName":"eS2knCRgLegeRw8bcmSWA","labelItem":{"id":"eS2knCRgLegeRw8bcmSWA","labelName":"Skill"},"textPosition":{"start":{"row":16,"column":0,"tokenIndex":46,"charIndex":0},"end":{"row":16,"column":0,"tokenIndex":47,"charIndex":5}},"confidenceScore":null}],"arrowLabels":[],"boundingBoxLabels":[],"timeLabels":[],"comments":[],"url":"datasaur://static/6814/290c63ae-0c9d-466e-831b-3c53591f3892.txt"}}
