{"version":"1","data":{"project":{"id":"ODBjYmQ2MDg","name":"NLP SSM Final Project"},"document":{"id":"8d4087a1-0a71-452e-b098-337005922989","name":"resume_4787_d2.txt"},"kinds":["TOKEN_BASED"],"rows":[[{"content":"IT AUDITOR IT AUDITOR IT ANALYST Pasadena, MD Authorized to work in the US for any employer Work Experience IT AUDITOR BELLO MACHRE 2014 to Present 2019 ?","tokens":["IT","AUDITOR","IT","AUDITOR","IT","ANALYST","Pasadena,","MD","Authorized","to","work","in","the","US","for","any","employer","Work","Experience","IT","AUDITOR","BELLO","MACHRE","2014","to","Present","2019","?"],"metadata":[]}],[{"content":"Review assigned IT General Controls such as Access control, change management, and Application controls such as Validity checks and Interface checks, and IT Infrastructure.","tokens":["Review","assigned","IT","General","Controls","such","as","Access","control,","change","management,","and","Application","controls","such","as","Validity","checks","and","Interface","checks,","and","IT","Infrastructure."],"metadata":[]}],[{"content":"?","tokens":["?"],"metadata":[]}],[{"content":"Perform walkthroughs and testing relating to IT General controls (ITGCs) for financially significant ERP systems.","tokens":["Perform","walkthroughs","and","testing","relating","to","IT","General","controls","(ITGCs)","for","financially","significant","ERP","systems."],"metadata":[]}],[{"content":"?","tokens":["?"],"metadata":[]}],[{"content":"Assess and document creation using NIST SP800-53 Rev.2.","tokens":["Assess","and","document","creation","using","NIST","SP800-53","Rev.2."],"metadata":[]}],[{"content":"?","tokens":["?"],"metadata":[]}],[{"content":"Responsible for developing and maintaining IT control metrics related to compliance activities.","tokens":["Responsible","for","developing","and","maintaining","IT","control","metrics","related","to","compliance","activities."],"metadata":[]}],[{"content":"?","tokens":["?"],"metadata":[]}],[{"content":"Tested compliance with company policies and procedures to ensure it conforms to industry standards and applications such as ISO and ITIL framework.","tokens":["Tested","compliance","with","company","policies","and","procedures","to","ensure","it","conforms","to","industry","standards","and","applications","such","as","ISO","and","ITIL","framework."],"metadata":[]}],[{"content":"?","tokens":["?"],"metadata":[]}],[{"content":"Performed Quality Assurance (QA) Review over all Sustainment Assessed Controls.","tokens":["Performed","Quality","Assurance","(QA)","Review","over","all","Sustainment","Assessed","Controls."],"metadata":[]}],[{"content":"?","tokens":["?"],"metadata":[]}],[{"content":"Develop, implement, and enforce information systems security policies by ensuring system security requirements are addressed during all phases of the acquisition and SDLC.","tokens":["Develop,","implement,","and","enforce","information","systems","security","policies","by","ensuring","system","security","requirements","are","addressed","during","all","phases","of","the","acquisition","and","SDLC."],"metadata":[]}],[{"content":"?","tokens":["?"],"metadata":[]}],[{"content":"Ensured audit tasks were completed accurately and within established timeframes using application frameworks such as the FISCAM, FISMA, NIST, COBIT, and COSO.","tokens":["Ensured","audit","tasks","were","completed","accurately","and","within","established","timeframes","using","application","frameworks","such","as","the","FISCAM,","FISMA,","NIST,","COBIT,","and","COSO."],"metadata":[]}],[{"content":"?","tokens":["?"],"metadata":[]}],[{"content":"Performed audit tests, compliance tests, and substantive tests, and identified key controls and weak points and mapped them against the COBIT and FISCAM frameworks.","tokens":["Performed","audit","tests,","compliance","tests,","and","substantive","tests,","and","identified","key","controls","and","weak","points","and","mapped","them","against","the","COBIT","and","FISCAM","frameworks."],"metadata":[]}],[{"content":"?","tokens":["?"],"metadata":[]}],[{"content":"Ensure that policies and procedures are in place and adhered to.","tokens":["Ensure","that","policies","and","procedures","are","in","place","and","adhered","to."],"metadata":[]}],[{"content":"?","tokens":["?"],"metadata":[]}],[{"content":"Evaluate IT infrastructure in terms of risk to the organization and establish controls to mitigate the risk.","tokens":["Evaluate","IT","infrastructure","in","terms","of","risk","to","the","organization","and","establish","controls","to","mitigate","the","risk."],"metadata":[]}],[{"content":"?","tokens":["?"],"metadata":[]}],[{"content":"Prioritize newly identified vulnerabilities based upon severity, potential operation impacts, exploitation, and mitigation strategies.","tokens":["Prioritize","newly","identified","vulnerabilities","based","upon","severity,","potential","operation","impacts,","exploitation,","and","mitigation","strategies."],"metadata":[]}],[{"content":"?","tokens":["?"],"metadata":[]}],[{"content":"Identify outdated process controls and implement corporate policy to reflect industry best practice.","tokens":["Identify","outdated","process","controls","and","implement","corporate","policy","to","reflect","industry","best","practice."],"metadata":[]}],[{"content":"?","tokens":["?"],"metadata":[]}],[{"content":"Ensure standardization of change management in line with operational and service level agreement.","tokens":["Ensure","standardization","of","change","management","in","line","with","operational","and","service","level","agreement."],"metadata":[]}],[{"content":"?","tokens":["?"],"metadata":[]}],[{"content":"Monitor the vendor's performance to ensure compliance with the best practices and contract specifications.","tokens":["Monitor","the","vendor's","performance","to","ensure","compliance","with","the","best","practices","and","contract","specifications."],"metadata":[]}],[{"content":"?","tokens":["?"],"metadata":[]}],[{"content":"Monitor the anti-virus status on servers and workstations, security support and ensuring compliance with anti-virus policy.","tokens":["Monitor","the","anti-virus","status","on","servers","and","workstations,","security","support","and","ensuring","compliance","with","anti-virus","policy."],"metadata":[]}],[{"content":"?","tokens":["?"],"metadata":[]}],[{"content":"Recommend adequate protection on critical asset.","tokens":["Recommend","adequate","protection","on","critical","asset."],"metadata":[]}],[{"content":"?","tokens":["?"],"metadata":[]}],[{"content":"Analyze system logs, firewall logs, intrusion detection logs and network traffic.","tokens":["Analyze","system","logs,","firewall","logs,","intrusion","detection","logs","and","network","traffic."],"metadata":[]}],[{"content":"?","tokens":["?"],"metadata":[]}],[{"content":"Review security policy document and recommend actions based on industry standards.","tokens":["Review","security","policy","document","and","recommend","actions","based","on","industry","standards."],"metadata":[]}],[{"content":"IT ANALYST Board of elections 2018 to 2018 In-depth experience in performing audit of IT general controls (ITGC) such as, access control, change management, IT operations, disaster recovery and platform reviews (Windows and UNIX OS).","tokens":["IT","ANALYST","Board","of","elections","2018","to","2018","In-depth","experience","in","performing","audit","of","IT","general","controls","(ITGC)","such","as,","access","control,","change","management,","IT","operations,","disaster","recovery","and","platform","reviews","(Windows","and","UNIX","OS)."],"metadata":[]}],[{"content":"?","tokens":["?"],"metadata":[]}],[{"content":"Assisted in IT management by identifying gaps between policy and process, developing recommendations to remediate control weaknesses.","tokens":["Assisted","in","IT","management","by","identifying","gaps","between","policy","and","process,","developing","recommendations","to","remediate","control","weaknesses."],"metadata":[]}],[{"content":"?","tokens":["?"],"metadata":[]}],[{"content":"Perform Logic and Accuracy on voting equipment.","tokens":["Perform","Logic","and","Accuracy","on","voting","equipment."],"metadata":[]}],[{"content":"?","tokens":["?"],"metadata":[]}],[{"content":"Ensure the voting supplies are ready for Certification and Accreditation by the board.","tokens":["Ensure","the","voting","supplies","are","ready","for","Certification","and","Accreditation","by","the","board."],"metadata":[]}],[{"content":"?","tokens":["?"],"metadata":[]}],[{"content":"Audit and tested voting equipment before being taken to sites.","tokens":["Audit","and","tested","voting","equipment","before","being","taken","to","sites."],"metadata":[]}],[{"content":"?","tokens":["?"],"metadata":[]}],[{"content":"Audit VACs and evaluation of results.","tokens":["Audit","VACs","and","evaluation","of","results."],"metadata":[]}],[{"content":"?","tokens":["?"],"metadata":[]}],[{"content":"Batch runner in canvassing team.","tokens":["Batch","runner","in","canvassing","team."],"metadata":[]}],[{"content":"?","tokens":["?"],"metadata":[]}],[{"content":"Verify integrity reports of all equipment.","tokens":["Verify","integrity","reports","of","all","equipment."],"metadata":[]}],[{"content":"CYBER SECURITY ANALYST Monitor 2003 to 2013 evaluate and maintain systems and procedures to safeguard internal information systems.","tokens":["CYBER","SECURITY","ANALYST","Monitor","2003","to","2013","evaluate","and","maintain","systems","and","procedures","to","safeguard","internal","information","systems."],"metadata":[]}],[{"content":"?","tokens":["?"],"metadata":[]}],[{"content":"Manually review logs and provide documentation guidelines to management.","tokens":["Manually","review","logs","and","provide","documentation","guidelines","to","management."],"metadata":[]}],[{"content":"?","tokens":["?"],"metadata":[]}],[{"content":"Provided technical support to end-users who need advice, assistance and training.","tokens":["Provided","technical","support","to","end-users","who","need","advice,","assistance","and","training."],"metadata":[]}],[{"content":"?","tokens":["?"],"metadata":[]}],[{"content":"Ensured regular availability of network to the satellite campuses.","tokens":["Ensured","regular","availability","of","network","to","the","satellite","campuses."],"metadata":[]}],[{"content":"?","tokens":["?"],"metadata":[]}],[{"content":"Created and managed user account using Windows 2000/2003 and Active directory.","tokens":["Created","and","managed","user","account","using","Windows","2000/2003","and","Active","directory."],"metadata":[]}],[{"content":"?","tokens":["?"],"metadata":[]}],[{"content":"Safeguard the organization's systems, network, and web portal.","tokens":["Safeguard","the","organization's","systems,","network,","and","web","portal."],"metadata":[]}],[{"content":"?","tokens":["?"],"metadata":[]}],[{"content":"Planned and carried out security measures to monitor and protect sensitive data system from infiltration and cyber-attacks.","tokens":["Planned","and","carried","out","security","measures","to","monitor","and","protect","sensitive","data","system","from","infiltration","and","cyber-attacks."],"metadata":[]}],[{"content":"?","tokens":["?"],"metadata":[]}],[{"content":"Member of the Certification and Accreditation team.","tokens":["Member","of","the","Certification","and","Accreditation","team."],"metadata":[]}],[{"content":"?","tokens":["?"],"metadata":[]}],[{"content":"Diagnose and provide root cause analysis for application, hardware, network and operating system issues.","tokens":["Diagnose","and","provide","root","cause","analysis","for","application,","hardware,","network","and","operating","system","issues."],"metadata":[]}],[{"content":"?","tokens":["?"],"metadata":[]}],[{"content":"Perform operating system patches and updates.","tokens":["Perform","operating","system","patches","and","updates."],"metadata":[]}],[{"content":"?","tokens":["?"],"metadata":[]}],[{"content":"Monitor the security state of information system that may affect security controls.","tokens":["Monitor","the","security","state","of","information","system","that","may","affect","security","controls."],"metadata":[]}],[{"content":"?","tokens":["?"],"metadata":[]}],[{"content":"Participate in the planning, development, and analysis of IT related risk assessments.","tokens":["Participate","in","the","planning,","development,","and","analysis","of","IT","related","risk","assessments."],"metadata":[]}],[{"content":"?","tokens":["?"],"metadata":[]}],[{"content":"Conduct research on test, training, and implementing programs designed to safeguard sensitive information.","tokens":["Conduct","research","on","test,","training,","and","implementing","programs","designed","to","safeguard","sensitive","information."],"metadata":[]}],[{"content":"?","tokens":["?"],"metadata":[]}],[{"content":"Evaluate current state of information and make necessary recommendation.","tokens":["Evaluate","current","state","of","information","and","make","necessary","recommendation."],"metadata":[]}],[{"content":"?","tokens":["?"],"metadata":[]}],[{"content":"Manages, configures, and setup Windows and laptops.","tokens":["Manages,","configures,","and","setup","Windows","and","laptops."],"metadata":[]}],[{"content":"?","tokens":["?"],"metadata":[]}],[{"content":"Monitored security event logs from a centralized management console to ensure the environment is secure.","tokens":["Monitored","security","event","logs","from","a","centralized","management","console","to","ensure","the","environment","is","secure."],"metadata":[]}],[{"content":"?","tokens":["?"],"metadata":[]}],[{"content":"Substantially decreased the frequency of virus infected computers by implementing network wide upgrade.","tokens":["Substantially","decreased","the","frequency","of","virus","infected","computers","by","implementing","network","wide","upgrade."],"metadata":[]}],[{"content":"HELP DESK NCEMA 2002 to 2003 Planned and scheduled the installation of new hardware, operating systems and application software.","tokens":["HELP","DESK","NCEMA","2002","to","2003","Planned","and","scheduled","the","installation","of","new","hardware,","operating","systems","and","application","software."],"metadata":[]}],[{"content":"?","tokens":["?"],"metadata":[]}],[{"content":"Assured software and systems quality and functionality are maintained.","tokens":["Assured","software","and","systems","quality","and","functionality","are","maintained."],"metadata":[]}],[{"content":"?","tokens":["?"],"metadata":[]}],[{"content":"Maintained software and hardware inventory.","tokens":["Maintained","software","and","hardware","inventory."],"metadata":[]}],[{"content":"Education B.SC in COMPUTER SCIENCE UNIVERSITY OF ILORIN 2002 Skills It Audit, Cisa, SOX, Fisma, Cobit","tokens":["Education","B.SC","in","COMPUTER","SCIENCE","UNIVERSITY","OF","ILORIN","2002","Skills","It","Audit,","Cisa,","SOX,","Fisma,","Cobit"],"metadata":[]}]],"labelerInfo":{"id":6814,"email":"cwilhel8@jh.edu","displayName":"Chris Wilhelm"},"labelSets":[{"name":"Resume Labels","index":0,"labelItems":[{"id":"Kj5U6n9NUqTXuWcB3c_7L","labelName":"College"},{"id":"rj7TW0-ymuRo6f_asXJab","labelName":"Company Name"},{"id":"SJEkdao76hjwbb6Fh5SY6","labelName":"Job Title"},{"id":"BjO8MdvK2KI4E5iMEeY4B","labelName":"Graduation Year"},{"id":"eS2knCRgLegeRw8bcmSWA","labelName":"Skill"},{"id":"IeEoIKabMl51BJE0gX2YL","labelName":"Degree"},{"id":"1R0C50AAwFbEp2O0WmRv6","labelName":"Location"},{"id":"zQcc4ygexJ_A3Gb0NeRTk","labelName":"Years of Experience"},{"id":"52S_6moRfhjC-yXgIBeCp","labelName":"Date"},{"id":"KiLarWmwlU1E3-FfdG6Qg","labelName":"Project"},{"id":"dyxKKTAxW1z5ifjPj42BI","labelName":"Name"}]}],"spanLabels":[{"id":"1663418269","labeledBy":"AUTO","labeledByUserId":null,"acceptedByUserId":null,"rejectedByUserId":null,"layer":0,"counter":0,"status":"LABELED","hashCode":"SPAN:SJEkdao76hjwbb6Fh5SY6:0:0:0:0:0:0:0:1:6:0:undefined:undefined","labelName":"SJEkdao76hjwbb6Fh5SY6","labelItem":{"id":"SJEkdao76hjwbb6Fh5SY6","labelName":"Job Title"},"textPosition":{"start":{"row":0,"column":0,"tokenIndex":0,"charIndex":0},"end":{"row":0,"column":0,"tokenIndex":1,"charIndex":6}},"confidenceScore":null},{"id":"1663418272","labeledBy":"AUTO","labeledByUserId":null,"acceptedByUserId":null,"rejectedByUserId":null,"layer":0,"counter":0,"status":"LABELED","hashCode":"SPAN:SJEkdao76hjwbb6Fh5SY6:0:0:0:2:0:0:0:3:6:0:undefined:undefined","labelName":"SJEkdao76hjwbb6Fh5SY6","labelItem":{"id":"SJEkdao76hjwbb6Fh5SY6","labelName":"Job Title"},"textPosition":{"start":{"row":0,"column":0,"tokenIndex":2,"charIndex":0},"end":{"row":0,"column":0,"tokenIndex":3,"charIndex":6}},"confidenceScore":null},{"id":"1663418275","labeledBy":"AUTO","labeledByUserId":null,"acceptedByUserId":null,"rejectedByUserId":null,"layer":0,"counter":0,"status":"LABELED","hashCode":"SPAN:SJEkdao76hjwbb6Fh5SY6:0:0:0:4:0:0:0:5:6:0:undefined:undefined","labelName":"SJEkdao76hjwbb6Fh5SY6","labelItem":{"id":"SJEkdao76hjwbb6Fh5SY6","labelName":"Job Title"},"textPosition":{"start":{"row":0,"column":0,"tokenIndex":4,"charIndex":0},"end":{"row":0,"column":0,"tokenIndex":5,"charIndex":6}},"confidenceScore":null},{"id":"1663418278","labeledBy":"AUTO","labeledByUserId":null,"acceptedByUserId":null,"rejectedByUserId":null,"layer":0,"counter":0,"status":"LABELED","hashCode":"SPAN:1R0C50AAwFbEp2O0WmRv6:0:0:0:6:0:0:0:6:8:0:undefined:undefined","labelName":"1R0C50AAwFbEp2O0WmRv6","labelItem":{"id":"1R0C50AAwFbEp2O0WmRv6","labelName":"Location"},"textPosition":{"start":{"row":0,"column":0,"tokenIndex":6,"charIndex":0},"end":{"row":0,"column":0,"tokenIndex":6,"charIndex":8}},"confidenceScore":null},{"id":"1663418281","labeledBy":"AUTO","labeledByUserId":null,"acceptedByUserId":null,"rejectedByUserId":null,"layer":0,"counter":0,"status":"LABELED","hashCode":"SPAN:1R0C50AAwFbEp2O0WmRv6:0:0:0:7:0:0:0:7:1:0:undefined:undefined","labelName":"1R0C50AAwFbEp2O0WmRv6","labelItem":{"id":"1R0C50AAwFbEp2O0WmRv6","labelName":"Location"},"textPosition":{"start":{"row":0,"column":0,"tokenIndex":7,"charIndex":0},"end":{"row":0,"column":0,"tokenIndex":7,"charIndex":1}},"confidenceScore":null},{"id":"1663418284","labeledBy":"AUTO","labeledByUserId":null,"acceptedByUserId":null,"rejectedByUserId":null,"layer":0,"counter":0,"status":"LABELED","hashCode":"SPAN:SJEkdao76hjwbb6Fh5SY6:0:0:0:19:0:0:0:20:6:0:undefined:undefined","labelName":"SJEkdao76hjwbb6Fh5SY6","labelItem":{"id":"SJEkdao76hjwbb6Fh5SY6","labelName":"Job Title"},"textPosition":{"start":{"row":0,"column":0,"tokenIndex":19,"charIndex":0},"end":{"row":0,"column":0,"tokenIndex":20,"charIndex":6}},"confidenceScore":null},{"id":"1663418287","labeledBy":"AUTO","labeledByUserId":null,"acceptedByUserId":null,"rejectedByUserId":null,"layer":0,"counter":0,"status":"LABELED","hashCode":"SPAN:rj7TW0-ymuRo6f_asXJab:0:0:0:21:0:0:0:22:5:0:undefined:undefined","labelName":"rj7TW0-ymuRo6f_asXJab","labelItem":{"id":"rj7TW0-ymuRo6f_asXJab","labelName":"Company Name"},"textPosition":{"start":{"row":0,"column":0,"tokenIndex":21,"charIndex":0},"end":{"row":0,"column":0,"tokenIndex":22,"charIndex":5}},"confidenceScore":null},{"id":"1663418290","labeledBy":"AUTO","labeledByUserId":null,"acceptedByUserId":null,"rejectedByUserId":null,"layer":0,"counter":0,"status":"LABELED","hashCode":"SPAN:52S_6moRfhjC-yXgIBeCp:0:0:0:23:0:0:0:23:3:0:undefined:undefined","labelName":"52S_6moRfhjC-yXgIBeCp","labelItem":{"id":"52S_6moRfhjC-yXgIBeCp","labelName":"Date"},"textPosition":{"start":{"row":0,"column":0,"tokenIndex":23,"charIndex":0},"end":{"row":0,"column":0,"tokenIndex":23,"charIndex":3}},"confidenceScore":null},{"id":"1663418293","labeledBy":"AUTO","labeledByUserId":null,"acceptedByUserId":null,"rejectedByUserId":null,"layer":0,"counter":0,"status":"LABELED","hashCode":"SPAN:52S_6moRfhjC-yXgIBeCp:0:0:0:25:0:0:0:25:6:0:undefined:undefined","labelName":"52S_6moRfhjC-yXgIBeCp","labelItem":{"id":"52S_6moRfhjC-yXgIBeCp","labelName":"Date"},"textPosition":{"start":{"row":0,"column":0,"tokenIndex":25,"charIndex":0},"end":{"row":0,"column":0,"tokenIndex":25,"charIndex":6}},"confidenceScore":null},{"id":"1663418296","labeledBy":"AUTO","labeledByUserId":null,"acceptedByUserId":null,"rejectedByUserId":null,"layer":0,"counter":0,"status":"LABELED","hashCode":"SPAN:52S_6moRfhjC-yXgIBeCp:0:0:0:25:0:0:0:26:3:0:undefined:undefined","labelName":"52S_6moRfhjC-yXgIBeCp","labelItem":{"id":"52S_6moRfhjC-yXgIBeCp","labelName":"Date"},"textPosition":{"start":{"row":0,"column":0,"tokenIndex":25,"charIndex":0},"end":{"row":0,"column":0,"tokenIndex":26,"charIndex":3}},"confidenceScore":null},{"id":"1663418299","labeledBy":"AUTO","labeledByUserId":null,"acceptedByUserId":null,"rejectedByUserId":null,"layer":0,"counter":0,"status":"LABELED","hashCode":"SPAN:eS2knCRgLegeRw8bcmSWA:0:1:0:7:0:1:0:8:7:0:undefined:undefined","labelName":"eS2knCRgLegeRw8bcmSWA","labelItem":{"id":"eS2knCRgLegeRw8bcmSWA","labelName":"Skill"},"textPosition":{"start":{"row":1,"column":0,"tokenIndex":7,"charIndex":0},"end":{"row":1,"column":0,"tokenIndex":8,"charIndex":7}},"confidenceScore":null},{"id":"1663418302","labeledBy":"AUTO","labeledByUserId":null,"acceptedByUserId":null,"rejectedByUserId":null,"layer":0,"counter":0,"status":"LABELED","hashCode":"SPAN:eS2knCRgLegeRw8bcmSWA:0:1:0:9:0:1:0:10:10:0:undefined:undefined","labelName":"eS2knCRgLegeRw8bcmSWA","labelItem":{"id":"eS2knCRgLegeRw8bcmSWA","labelName":"Skill"},"textPosition":{"start":{"row":1,"column":0,"tokenIndex":9,"charIndex":0},"end":{"row":1,"column":0,"tokenIndex":10,"charIndex":10}},"confidenceScore":null},{"id":"1663418305","labeledBy":"AUTO","labeledByUserId":null,"acceptedByUserId":null,"rejectedByUserId":null,"layer":0,"counter":0,"status":"LABELED","hashCode":"SPAN:eS2knCRgLegeRw8bcmSWA:0:1:0:12:0:1:0:13:7:0:undefined:undefined","labelName":"eS2knCRgLegeRw8bcmSWA","labelItem":{"id":"eS2knCRgLegeRw8bcmSWA","labelName":"Skill"},"textPosition":{"start":{"row":1,"column":0,"tokenIndex":12,"charIndex":0},"end":{"row":1,"column":0,"tokenIndex":13,"charIndex":7}},"confidenceScore":null},{"id":"1663418308","labeledBy":"AUTO","labeledByUserId":null,"acceptedByUserId":null,"rejectedByUserId":null,"layer":0,"counter":0,"status":"LABELED","hashCode":"SPAN:eS2knCRgLegeRw8bcmSWA:0:1:0:16:0:1:0:17:5:0:undefined:undefined","labelName":"eS2knCRgLegeRw8bcmSWA","labelItem":{"id":"eS2knCRgLegeRw8bcmSWA","labelName":"Skill"},"textPosition":{"start":{"row":1,"column":0,"tokenIndex":16,"charIndex":0},"end":{"row":1,"column":0,"tokenIndex":17,"charIndex":5}},"confidenceScore":null},{"id":"1663418311","labeledBy":"AUTO","labeledByUserId":null,"acceptedByUserId":null,"rejectedByUserId":null,"layer":0,"counter":0,"status":"LABELED","hashCode":"SPAN:eS2knCRgLegeRw8bcmSWA:0:1:0:19:0:1:0:20:6:0:undefined:undefined","labelName":"eS2knCRgLegeRw8bcmSWA","labelItem":{"id":"eS2knCRgLegeRw8bcmSWA","labelName":"Skill"},"textPosition":{"start":{"row":1,"column":0,"tokenIndex":19,"charIndex":0},"end":{"row":1,"column":0,"tokenIndex":20,"charIndex":6}},"confidenceScore":null},{"id":"1663418314","labeledBy":"AUTO","labeledByUserId":null,"acceptedByUserId":null,"rejectedByUserId":null,"layer":0,"counter":0,"status":"LABELED","hashCode":"SPAN:eS2knCRgLegeRw8bcmSWA:0:1:0:22:0:1:0:23:14:0:undefined:undefined","labelName":"eS2knCRgLegeRw8bcmSWA","labelItem":{"id":"eS2knCRgLegeRw8bcmSWA","labelName":"Skill"},"textPosition":{"start":{"row":1,"column":0,"tokenIndex":22,"charIndex":0},"end":{"row":1,"column":0,"tokenIndex":23,"charIndex":14}},"confidenceScore":null},{"id":"1663418317","labeledBy":"AUTO","labeledByUserId":null,"acceptedByUserId":null,"rejectedByUserId":null,"layer":0,"counter":0,"status":"LABELED","hashCode":"SPAN:eS2knCRgLegeRw8bcmSWA:0:3:0:6:0:3:0:9:6:0:undefined:undefined","labelName":"eS2knCRgLegeRw8bcmSWA","labelItem":{"id":"eS2knCRgLegeRw8bcmSWA","labelName":"Skill"},"textPosition":{"start":{"row":3,"column":0,"tokenIndex":6,"charIndex":0},"end":{"row":3,"column":0,"tokenIndex":9,"charIndex":6}},"confidenceScore":null},{"id":"1663418320","labeledBy":"AUTO","labeledByUserId":null,"acceptedByUserId":null,"rejectedByUserId":null,"layer":0,"counter":0,"status":"LABELED","hashCode":"SPAN:eS2knCRgLegeRw8bcmSWA:0:3:0:13:0:3:0:14:7:0:undefined:undefined","labelName":"eS2knCRgLegeRw8bcmSWA","labelItem":{"id":"eS2knCRgLegeRw8bcmSWA","labelName":"Skill"},"textPosition":{"start":{"row":3,"column":0,"tokenIndex":13,"charIndex":0},"end":{"row":3,"column":0,"tokenIndex":14,"charIndex":7}},"confidenceScore":null},{"id":"1663418323","labeledBy":"AUTO","labeledByUserId":null,"acceptedByUserId":null,"rejectedByUserId":null,"layer":0,"counter":0,"status":"LABELED","hashCode":"SPAN:eS2knCRgLegeRw8bcmSWA:0:5:0:5:0:5:0:7:5:0:undefined:undefined","labelName":"eS2knCRgLegeRw8bcmSWA","labelItem":{"id":"eS2knCRgLegeRw8bcmSWA","labelName":"Skill"},"textPosition":{"start":{"row":5,"column":0,"tokenIndex":5,"charIndex":0},"end":{"row":5,"column":0,"tokenIndex":7,"charIndex":5}},"confidenceScore":null},{"id":"1663418329","labeledBy":"AUTO","labeledByUserId":null,"acceptedByUserId":null,"rejectedByUserId":null,"layer":0,"counter":0,"status":"LABELED","hashCode":"SPAN:eS2knCRgLegeRw8bcmSWA:0:9:0:0:0:9:0:0:5:0:undefined:undefined","labelName":"eS2knCRgLegeRw8bcmSWA","labelItem":{"id":"eS2knCRgLegeRw8bcmSWA","labelName":"Skill"},"textPosition":{"start":{"row":9,"column":0,"tokenIndex":0,"charIndex":0},"end":{"row":9,"column":0,"tokenIndex":0,"charIndex":5}},"confidenceScore":null},{"id":"1663418326","labeledBy":"AUTO","labeledByUserId":null,"acceptedByUserId":null,"rejectedByUserId":null,"layer":0,"counter":0,"status":"LABELED","hashCode":"SPAN:eS2knCRgLegeRw8bcmSWA:0:9:0:1:0:9:0:1:9:0:undefined:undefined","labelName":"eS2knCRgLegeRw8bcmSWA","labelItem":{"id":"eS2knCRgLegeRw8bcmSWA","labelName":"Skill"},"textPosition":{"start":{"row":9,"column":0,"tokenIndex":1,"charIndex":0},"end":{"row":9,"column":0,"tokenIndex":1,"charIndex":9}},"confidenceScore":null},{"id":"1663418332","labeledBy":"AUTO","labeledByUserId":null,"acceptedByUserId":null,"rejectedByUserId":null,"layer":0,"counter":0,"status":"LABELED","hashCode":"SPAN:eS2knCRgLegeRw8bcmSWA:0:9:0:18:0:9:0:18:2:0:undefined:undefined","labelName":"eS2knCRgLegeRw8bcmSWA","labelItem":{"id":"eS2knCRgLegeRw8bcmSWA","labelName":"Skill"},"textPosition":{"start":{"row":9,"column":0,"tokenIndex":18,"charIndex":0},"end":{"row":9,"column":0,"tokenIndex":18,"charIndex":2}},"confidenceScore":null},{"id":"1663418335","labeledBy":"AUTO","labeledByUserId":null,"acceptedByUserId":null,"rejectedByUserId":null,"layer":0,"counter":0,"status":"LABELED","hashCode":"SPAN:eS2knCRgLegeRw8bcmSWA:0:9:0:20:0:9:0:20:3:0:undefined:undefined","labelName":"eS2knCRgLegeRw8bcmSWA","labelItem":{"id":"eS2knCRgLegeRw8bcmSWA","labelName":"Skill"},"textPosition":{"start":{"row":9,"column":0,"tokenIndex":20,"charIndex":0},"end":{"row":9,"column":0,"tokenIndex":20,"charIndex":3}},"confidenceScore":null},{"id":"1663418338","labeledBy":"AUTO","labeledByUserId":null,"acceptedByUserId":null,"rejectedByUserId":null,"layer":0,"counter":0,"status":"LABELED","hashCode":"SPAN:eS2knCRgLegeRw8bcmSWA:0:11:0:1:0:11:0:3:3:0:undefined:undefined","labelName":"eS2knCRgLegeRw8bcmSWA","labelItem":{"id":"eS2knCRgLegeRw8bcmSWA","labelName":"Skill"},"textPosition":{"start":{"row":11,"column":0,"tokenIndex":1,"charIndex":0},"end":{"row":11,"column":0,"tokenIndex":3,"charIndex":3}},"confidenceScore":null},{"id":"1663418341","labeledBy":"AUTO","labeledByUserId":null,"acceptedByUserId":null,"rejectedByUserId":null,"layer":0,"counter":0,"status":"LABELED","hashCode":"SPAN:eS2knCRgLegeRw8bcmSWA:0:11:0:7:0:11:0:9:8:0:undefined:undefined","labelName":"eS2knCRgLegeRw8bcmSWA","labelItem":{"id":"eS2knCRgLegeRw8bcmSWA","labelName":"Skill"},"textPosition":{"start":{"row":11,"column":0,"tokenIndex":7,"charIndex":0},"end":{"row":11,"column":0,"tokenIndex":9,"charIndex":8}},"confidenceScore":null},{"id":"1663418344","labeledBy":"AUTO","labeledByUserId":null,"acceptedByUserId":null,"rejectedByUserId":null,"layer":0,"counter":0,"status":"LABELED","hashCode":"SPAN:eS2knCRgLegeRw8bcmSWA:0:13:0:22:0:13:0:22:4:0:undefined:undefined","labelName":"eS2knCRgLegeRw8bcmSWA","labelItem":{"id":"eS2knCRgLegeRw8bcmSWA","labelName":"Skill"},"textPosition":{"start":{"row":13,"column":0,"tokenIndex":22,"charIndex":0},"end":{"row":13,"column":0,"tokenIndex":22,"charIndex":4}},"confidenceScore":null},{"id":"1663418347","labeledBy":"AUTO","labeledByUserId":null,"acceptedByUserId":null,"rejectedByUserId":null,"layer":0,"counter":0,"status":"LABELED","hashCode":"SPAN:eS2knCRgLegeRw8bcmSWA:0:15:0:16:0:15:0:16:6:0:undefined:undefined","labelName":"eS2knCRgLegeRw8bcmSWA","labelItem":{"id":"eS2knCRgLegeRw8bcmSWA","labelName":"Skill"},"textPosition":{"start":{"row":15,"column":0,"tokenIndex":16,"charIndex":0},"end":{"row":15,"column":0,"tokenIndex":16,"charIndex":6}},"confidenceScore":null},{"id":"1663418350","labeledBy":"AUTO","labeledByUserId":null,"acceptedByUserId":null,"rejectedByUserId":null,"layer":0,"counter":0,"status":"LABELED","hashCode":"SPAN:eS2knCRgLegeRw8bcmSWA:0:15:0:17:0:15:0:17:5:0:undefined:undefined","labelName":"eS2knCRgLegeRw8bcmSWA","labelItem":{"id":"eS2knCRgLegeRw8bcmSWA","labelName":"Skill"},"textPosition":{"start":{"row":15,"column":0,"tokenIndex":17,"charIndex":0},"end":{"row":15,"column":0,"tokenIndex":17,"charIndex":5}},"confidenceScore":null},{"id":"1663418353","labeledBy":"AUTO","labeledByUserId":null,"acceptedByUserId":null,"rejectedByUserId":null,"layer":0,"counter":0,"status":"LABELED","hashCode":"SPAN:eS2knCRgLegeRw8bcmSWA:0:15:0:18:0:15:0:18:4:0:undefined:undefined","labelName":"eS2knCRgLegeRw8bcmSWA","labelItem":{"id":"eS2knCRgLegeRw8bcmSWA","labelName":"Skill"},"textPosition":{"start":{"row":15,"column":0,"tokenIndex":18,"charIndex":0},"end":{"row":15,"column":0,"tokenIndex":18,"charIndex":4}},"confidenceScore":null},{"id":"1663418356","labeledBy":"AUTO","labeledByUserId":null,"acceptedByUserId":null,"rejectedByUserId":null,"layer":0,"counter":0,"status":"LABELED","hashCode":"SPAN:eS2knCRgLegeRw8bcmSWA:0:15:0:19:0:15:0:19:5:0:undefined:undefined","labelName":"eS2knCRgLegeRw8bcmSWA","labelItem":{"id":"eS2knCRgLegeRw8bcmSWA","labelName":"Skill"},"textPosition":{"start":{"row":15,"column":0,"tokenIndex":19,"charIndex":0},"end":{"row":15,"column":0,"tokenIndex":19,"charIndex":5}},"confidenceScore":null},{"id":"1663418359","labeledBy":"AUTO","labeledByUserId":null,"acceptedByUserId":null,"rejectedByUserId":null,"layer":0,"counter":0,"status":"LABELED","hashCode":"SPAN:eS2knCRgLegeRw8bcmSWA:0:15:0:21:0:15:0:21:4:0:undefined:undefined","labelName":"eS2knCRgLegeRw8bcmSWA","labelItem":{"id":"eS2knCRgLegeRw8bcmSWA","labelName":"Skill"},"textPosition":{"start":{"row":15,"column":0,"tokenIndex":21,"charIndex":0},"end":{"row":15,"column":0,"tokenIndex":21,"charIndex":4}},"confidenceScore":null},{"id":"1663418362","labeledBy":"AUTO","labeledByUserId":null,"acceptedByUserId":null,"rejectedByUserId":null,"layer":0,"counter":0,"status":"LABELED","hashCode":"SPAN:eS2knCRgLegeRw8bcmSWA:0:17:0:1:0:17:0:2:5:0:undefined:undefined","labelName":"eS2knCRgLegeRw8bcmSWA","labelItem":{"id":"eS2knCRgLegeRw8bcmSWA","labelName":"Skill"},"textPosition":{"start":{"row":17,"column":0,"tokenIndex":1,"charIndex":0},"end":{"row":17,"column":0,"tokenIndex":2,"charIndex":5}},"confidenceScore":null},{"id":"1663418365","labeledBy":"AUTO","labeledByUserId":null,"acceptedByUserId":null,"rejectedByUserId":null,"layer":0,"counter":0,"status":"LABELED","hashCode":"SPAN:eS2knCRgLegeRw8bcmSWA:0:17:0:3:0:17:0:4:5:0:undefined:undefined","labelName":"eS2knCRgLegeRw8bcmSWA","labelItem":{"id":"eS2knCRgLegeRw8bcmSWA","labelName":"Skill"},"textPosition":{"start":{"row":17,"column":0,"tokenIndex":3,"charIndex":0},"end":{"row":17,"column":0,"tokenIndex":4,"charIndex":5}},"confidenceScore":null},{"id":"1663418368","labeledBy":"AUTO","labeledByUserId":null,"acceptedByUserId":null,"rejectedByUserId":null,"layer":0,"counter":0,"status":"LABELED","hashCode":"SPAN:eS2knCRgLegeRw8bcmSWA:0:17:0:6:0:17:0:7:5:0:undefined:undefined","labelName":"eS2knCRgLegeRw8bcmSWA","labelItem":{"id":"eS2knCRgLegeRw8bcmSWA","labelName":"Skill"},"textPosition":{"start":{"row":17,"column":0,"tokenIndex":6,"charIndex":0},"end":{"row":17,"column":0,"tokenIndex":7,"charIndex":5}},"confidenceScore":null},{"id":"1663418371","labeledBy":"AUTO","labeledByUserId":null,"acceptedByUserId":null,"rejectedByUserId":null,"layer":0,"counter":0,"status":"LABELED","hashCode":"SPAN:eS2knCRgLegeRw8bcmSWA:0:17:0:20:0:17:0:20:4:0:undefined:undefined","labelName":"eS2knCRgLegeRw8bcmSWA","labelItem":{"id":"eS2knCRgLegeRw8bcmSWA","labelName":"Skill"},"textPosition":{"start":{"row":17,"column":0,"tokenIndex":20,"charIndex":0},"end":{"row":17,"column":0,"tokenIndex":20,"charIndex":4}},"confidenceScore":null},{"id":"1663418374","labeledBy":"AUTO","labeledByUserId":null,"acceptedByUserId":null,"rejectedByUserId":null,"layer":0,"counter":0,"status":"LABELED","hashCode":"SPAN:eS2knCRgLegeRw8bcmSWA:0:17:0:22:0:17:0:22:5:0:undefined:undefined","labelName":"eS2knCRgLegeRw8bcmSWA","labelItem":{"id":"eS2knCRgLegeRw8bcmSWA","labelName":"Skill"},"textPosition":{"start":{"row":17,"column":0,"tokenIndex":22,"charIndex":0},"end":{"row":17,"column":0,"tokenIndex":22,"charIndex":5}},"confidenceScore":null},{"id":"1663418377","labeledBy":"AUTO","labeledByUserId":null,"acceptedByUserId":null,"rejectedByUserId":null,"layer":0,"counter":0,"status":"LABELED","hashCode":"SPAN:eS2knCRgLegeRw8bcmSWA:0:21:0:1:0:21:0:2:13:0:undefined:undefined","labelName":"eS2knCRgLegeRw8bcmSWA","labelItem":{"id":"eS2knCRgLegeRw8bcmSWA","labelName":"Skill"},"textPosition":{"start":{"row":21,"column":0,"tokenIndex":1,"charIndex":0},"end":{"row":21,"column":0,"tokenIndex":2,"charIndex":13}},"confidenceScore":null},{"id":"1663418380","labeledBy":"AUTO","labeledByUserId":null,"acceptedByUserId":null,"rejectedByUserId":null,"layer":0,"counter":0,"status":"LABELED","hashCode":"SPAN:eS2knCRgLegeRw8bcmSWA:0:21:0:14:0:21:0:16:4:0:undefined:undefined","labelName":"eS2knCRgLegeRw8bcmSWA","labelItem":{"id":"eS2knCRgLegeRw8bcmSWA","labelName":"Skill"},"textPosition":{"start":{"row":21,"column":0,"tokenIndex":14,"charIndex":0},"end":{"row":21,"column":0,"tokenIndex":16,"charIndex":4}},"confidenceScore":null},{"id":"1663418383","labeledBy":"AUTO","labeledByUserId":null,"acceptedByUserId":null,"rejectedByUserId":null,"layer":0,"counter":0,"status":"LABELED","hashCode":"SPAN:eS2knCRgLegeRw8bcmSWA:0:23:0:3:0:23:0:3:14:0:undefined:undefined","labelName":"eS2knCRgLegeRw8bcmSWA","labelItem":{"id":"eS2knCRgLegeRw8bcmSWA","labelName":"Skill"},"textPosition":{"start":{"row":23,"column":0,"tokenIndex":3,"charIndex":0},"end":{"row":23,"column":0,"tokenIndex":3,"charIndex":14}},"confidenceScore":null},{"id":"1663418386","labeledBy":"AUTO","labeledByUserId":null,"acceptedByUserId":null,"rejectedByUserId":null,"layer":0,"counter":0,"status":"LABELED","hashCode":"SPAN:eS2knCRgLegeRw8bcmSWA:0:31:0:2:0:31:0:2:9:0:undefined:undefined","labelName":"eS2knCRgLegeRw8bcmSWA","labelItem":{"id":"eS2knCRgLegeRw8bcmSWA","labelName":"Skill"},"textPosition":{"start":{"row":31,"column":0,"tokenIndex":2,"charIndex":0},"end":{"row":31,"column":0,"tokenIndex":2,"charIndex":9}},"confidenceScore":null},{"id":"1663418389","labeledBy":"AUTO","labeledByUserId":null,"acceptedByUserId":null,"rejectedByUserId":null,"layer":0,"counter":0,"status":"LABELED","hashCode":"SPAN:eS2knCRgLegeRw8bcmSWA:0:31:0:5:0:31:0:5:6:0:undefined:undefined","labelName":"eS2knCRgLegeRw8bcmSWA","labelItem":{"id":"eS2knCRgLegeRw8bcmSWA","labelName":"Skill"},"textPosition":{"start":{"row":31,"column":0,"tokenIndex":5,"charIndex":0},"end":{"row":31,"column":0,"tokenIndex":5,"charIndex":6}},"confidenceScore":null},{"id":"1663418392","labeledBy":"AUTO","labeledByUserId":null,"acceptedByUserId":null,"rejectedByUserId":null,"layer":0,"counter":0,"status":"LABELED","hashCode":"SPAN:eS2knCRgLegeRw8bcmSWA:0:31:0:7:0:31:0:7:12:0:undefined:undefined","labelName":"eS2knCRgLegeRw8bcmSWA","labelItem":{"id":"eS2knCRgLegeRw8bcmSWA","labelName":"Skill"},"textPosition":{"start":{"row":31,"column":0,"tokenIndex":7,"charIndex":0},"end":{"row":31,"column":0,"tokenIndex":7,"charIndex":12}},"confidenceScore":null},{"id":"1663418395","labeledBy":"AUTO","labeledByUserId":null,"acceptedByUserId":null,"rejectedByUserId":null,"layer":0,"counter":0,"status":"LABELED","hashCode":"SPAN:eS2knCRgLegeRw8bcmSWA:0:35:0:1:0:35:0:2:4:0:undefined:undefined","labelName":"eS2knCRgLegeRw8bcmSWA","labelItem":{"id":"eS2knCRgLegeRw8bcmSWA","labelName":"Skill"},"textPosition":{"start":{"row":35,"column":0,"tokenIndex":1,"charIndex":0},"end":{"row":35,"column":0,"tokenIndex":2,"charIndex":4}},"confidenceScore":null},{"id":"1663418398","labeledBy":"AUTO","labeledByUserId":null,"acceptedByUserId":null,"rejectedByUserId":null,"layer":0,"counter":0,"status":"LABELED","hashCode":"SPAN:eS2knCRgLegeRw8bcmSWA:0:35:0:3:0:35:0:4:4:0:undefined:undefined","labelName":"eS2knCRgLegeRw8bcmSWA","labelItem":{"id":"eS2knCRgLegeRw8bcmSWA","labelName":"Skill"},"textPosition":{"start":{"row":35,"column":0,"tokenIndex":3,"charIndex":0},"end":{"row":35,"column":0,"tokenIndex":4,"charIndex":4}},"confidenceScore":null},{"id":"1663418401","labeledBy":"AUTO","labeledByUserId":null,"acceptedByUserId":null,"rejectedByUserId":null,"layer":0,"counter":0,"status":"LABELED","hashCode":"SPAN:eS2knCRgLegeRw8bcmSWA:0:35:0:5:0:35:0:7:3:0:undefined:undefined","labelName":"eS2knCRgLegeRw8bcmSWA","labelItem":{"id":"eS2knCRgLegeRw8bcmSWA","labelName":"Skill"},"textPosition":{"start":{"row":35,"column":0,"tokenIndex":5,"charIndex":0},"end":{"row":35,"column":0,"tokenIndex":7,"charIndex":3}},"confidenceScore":null},{"id":"1663418404","labeledBy":"AUTO","labeledByUserId":null,"acceptedByUserId":null,"rejectedByUserId":null,"layer":0,"counter":0,"status":"LABELED","hashCode":"SPAN:eS2knCRgLegeRw8bcmSWA:0:35:0:9:0:35:0:10:7:0:undefined:undefined","labelName":"eS2knCRgLegeRw8bcmSWA","labelItem":{"id":"eS2knCRgLegeRw8bcmSWA","labelName":"Skill"},"textPosition":{"start":{"row":35,"column":0,"tokenIndex":9,"charIndex":0},"end":{"row":35,"column":0,"tokenIndex":10,"charIndex":7}},"confidenceScore":null},{"id":"1663418407","labeledBy":"AUTO","labeledByUserId":null,"acceptedByUserId":null,"rejectedByUserId":null,"layer":0,"counter":0,"status":"LABELED","hashCode":"SPAN:SJEkdao76hjwbb6Fh5SY6:0:38:0:0:0:38:0:1:6:0:undefined:undefined","labelName":"SJEkdao76hjwbb6Fh5SY6","labelItem":{"id":"SJEkdao76hjwbb6Fh5SY6","labelName":"Job Title"},"textPosition":{"start":{"row":38,"column":0,"tokenIndex":0,"charIndex":0},"end":{"row":38,"column":0,"tokenIndex":1,"charIndex":6}},"confidenceScore":null},{"id":"1663418410","labeledBy":"AUTO","labeledByUserId":null,"acceptedByUserId":null,"rejectedByUserId":null,"layer":0,"counter":0,"status":"LABELED","hashCode":"SPAN:rj7TW0-ymuRo6f_asXJab:0:38:0:2:0:38:0:4:8:0:undefined:undefined","labelName":"rj7TW0-ymuRo6f_asXJab","labelItem":{"id":"rj7TW0-ymuRo6f_asXJab","labelName":"Company Name"},"textPosition":{"start":{"row":38,"column":0,"tokenIndex":2,"charIndex":0},"end":{"row":38,"column":0,"tokenIndex":4,"charIndex":8}},"confidenceScore":null},{"id":"1663418413","labeledBy":"AUTO","labeledByUserId":null,"acceptedByUserId":null,"rejectedByUserId":null,"layer":0,"counter":0,"status":"LABELED","hashCode":"SPAN:52S_6moRfhjC-yXgIBeCp:0:38:0:5:0:38:0:5:3:0:undefined:undefined","labelName":"52S_6moRfhjC-yXgIBeCp","labelItem":{"id":"52S_6moRfhjC-yXgIBeCp","labelName":"Date"},"textPosition":{"start":{"row":38,"column":0,"tokenIndex":5,"charIndex":0},"end":{"row":38,"column":0,"tokenIndex":5,"charIndex":3}},"confidenceScore":null},{"id":"1663418416","labeledBy":"AUTO","labeledByUserId":null,"acceptedByUserId":null,"rejectedByUserId":null,"layer":0,"counter":0,"status":"LABELED","hashCode":"SPAN:52S_6moRfhjC-yXgIBeCp:0:38:0:7:0:38:0:7:3:0:undefined:undefined","labelName":"52S_6moRfhjC-yXgIBeCp","labelItem":{"id":"52S_6moRfhjC-yXgIBeCp","labelName":"Date"},"textPosition":{"start":{"row":38,"column":0,"tokenIndex":7,"charIndex":0},"end":{"row":38,"column":0,"tokenIndex":7,"charIndex":3}},"confidenceScore":null},{"id":"1663418419","labeledBy":"AUTO","labeledByUserId":null,"acceptedByUserId":null,"rejectedByUserId":null,"layer":0,"counter":0,"status":"LABELED","hashCode":"SPAN:eS2knCRgLegeRw8bcmSWA:0:38:0:14:0:38:0:17:5:0:undefined:undefined","labelName":"eS2knCRgLegeRw8bcmSWA","labelItem":{"id":"eS2knCRgLegeRw8bcmSWA","labelName":"Skill"},"textPosition":{"start":{"row":38,"column":0,"tokenIndex":14,"charIndex":0},"end":{"row":38,"column":0,"tokenIndex":17,"charIndex":5}},"confidenceScore":null},{"id":"1663418428","labeledBy":"AUTO","labeledByUserId":null,"acceptedByUserId":null,"rejectedByUserId":null,"layer":0,"counter":0,"status":"LABELED","hashCode":"SPAN:eS2knCRgLegeRw8bcmSWA:0:38:0:20:0:38:0:21:7:0:undefined:undefined","labelName":"eS2knCRgLegeRw8bcmSWA","labelItem":{"id":"eS2knCRgLegeRw8bcmSWA","labelName":"Skill"},"textPosition":{"start":{"row":38,"column":0,"tokenIndex":20,"charIndex":0},"end":{"row":38,"column":0,"tokenIndex":21,"charIndex":7}},"confidenceScore":null},{"id":"1663418425","labeledBy":"AUTO","labeledByUserId":null,"acceptedByUserId":null,"rejectedByUserId":null,"layer":0,"counter":0,"status":"LABELED","hashCode":"SPAN:eS2knCRgLegeRw8bcmSWA:0:38:0:22:0:38:0:23:10:0:undefined:undefined","labelName":"eS2knCRgLegeRw8bcmSWA","labelItem":{"id":"eS2knCRgLegeRw8bcmSWA","labelName":"Skill"},"textPosition":{"start":{"row":38,"column":0,"tokenIndex":22,"charIndex":0},"end":{"row":38,"column":0,"tokenIndex":23,"charIndex":10}},"confidenceScore":null},{"id":"1663418422","labeledBy":"AUTO","labeledByUserId":null,"acceptedByUserId":null,"rejectedByUserId":null,"layer":0,"counter":0,"status":"LABELED","hashCode":"SPAN:eS2knCRgLegeRw8bcmSWA:0:38:0:24:0:38:0:25:10:0:undefined:undefined","labelName":"eS2knCRgLegeRw8bcmSWA","labelItem":{"id":"eS2knCRgLegeRw8bcmSWA","labelName":"Skill"},"textPosition":{"start":{"row":38,"column":0,"tokenIndex":24,"charIndex":0},"end":{"row":38,"column":0,"tokenIndex":25,"charIndex":10}},"confidenceScore":null},{"id":"1663418431","labeledBy":"AUTO","labeledByUserId":null,"acceptedByUserId":null,"rejectedByUserId":null,"layer":0,"counter":0,"status":"LABELED","hashCode":"SPAN:eS2knCRgLegeRw8bcmSWA:0:38:0:29:0:38:0:34:3:0:undefined:undefined","labelName":"eS2knCRgLegeRw8bcmSWA","labelItem":{"id":"eS2knCRgLegeRw8bcmSWA","labelName":"Skill"},"textPosition":{"start":{"row":38,"column":0,"tokenIndex":29,"charIndex":0},"end":{"row":38,"column":0,"tokenIndex":34,"charIndex":3}},"confidenceScore":null},{"id":"1663418434","labeledBy":"AUTO","labeledByUserId":null,"acceptedByUserId":null,"rejectedByUserId":null,"layer":0,"counter":0,"status":"LABELED","hashCode":"SPAN:eS2knCRgLegeRw8bcmSWA:0:42:0:1:0:42:0:3:7:0:undefined:undefined","labelName":"eS2knCRgLegeRw8bcmSWA","labelItem":{"id":"eS2knCRgLegeRw8bcmSWA","labelName":"Skill"},"textPosition":{"start":{"row":42,"column":0,"tokenIndex":1,"charIndex":0},"end":{"row":42,"column":0,"tokenIndex":3,"charIndex":7}},"confidenceScore":null},{"id":"1663418437","labeledBy":"AUTO","labeledByUserId":null,"acceptedByUserId":null,"rejectedByUserId":null,"layer":0,"counter":0,"status":"LABELED","hashCode":"SPAN:eS2knCRgLegeRw8bcmSWA:0:46:0:0:0:46:0:0:4:0:undefined:undefined","labelName":"eS2knCRgLegeRw8bcmSWA","labelItem":{"id":"eS2knCRgLegeRw8bcmSWA","labelName":"Skill"},"textPosition":{"start":{"row":46,"column":0,"tokenIndex":0,"charIndex":0},"end":{"row":46,"column":0,"tokenIndex":0,"charIndex":4}},"confidenceScore":null},{"id":"1663418440","labeledBy":"AUTO","labeledByUserId":null,"acceptedByUserId":null,"rejectedByUserId":null,"layer":0,"counter":0,"status":"LABELED","hashCode":"SPAN:eS2knCRgLegeRw8bcmSWA:0:46:0:2:0:46:0:2:5:0:undefined:undefined","labelName":"eS2knCRgLegeRw8bcmSWA","labelItem":{"id":"eS2knCRgLegeRw8bcmSWA","labelName":"Skill"},"textPosition":{"start":{"row":46,"column":0,"tokenIndex":2,"charIndex":0},"end":{"row":46,"column":0,"tokenIndex":2,"charIndex":5}},"confidenceScore":null},{"id":"1663418443","labeledBy":"AUTO","labeledByUserId":null,"acceptedByUserId":null,"rejectedByUserId":null,"layer":0,"counter":0,"status":"LABELED","hashCode":"SPAN:SJEkdao76hjwbb6Fh5SY6:0:53:0:0:0:53:0:2:6:0:undefined:undefined","labelName":"SJEkdao76hjwbb6Fh5SY6","labelItem":{"id":"SJEkdao76hjwbb6Fh5SY6","labelName":"Job Title"},"textPosition":{"start":{"row":53,"column":0,"tokenIndex":0,"charIndex":0},"end":{"row":53,"column":0,"tokenIndex":2,"charIndex":6}},"confidenceScore":null},{"id":"1663418446","labeledBy":"AUTO","labeledByUserId":null,"acceptedByUserId":null,"rejectedByUserId":null,"layer":0,"counter":0,"status":"LABELED","hashCode":"SPAN:rj7TW0-ymuRo6f_asXJab:0:53:0:3:0:53:0:3:6:0:undefined:undefined","labelName":"rj7TW0-ymuRo6f_asXJab","labelItem":{"id":"rj7TW0-ymuRo6f_asXJab","labelName":"Company Name"},"textPosition":{"start":{"row":53,"column":0,"tokenIndex":3,"charIndex":0},"end":{"row":53,"column":0,"tokenIndex":3,"charIndex":6}},"confidenceScore":null},{"id":"1663418449","labeledBy":"AUTO","labeledByUserId":null,"acceptedByUserId":null,"rejectedByUserId":null,"layer":0,"counter":0,"status":"LABELED","hashCode":"SPAN:52S_6moRfhjC-yXgIBeCp:0:53:0:4:0:53:0:4:3:0:undefined:undefined","labelName":"52S_6moRfhjC-yXgIBeCp","labelItem":{"id":"52S_6moRfhjC-yXgIBeCp","labelName":"Date"},"textPosition":{"start":{"row":53,"column":0,"tokenIndex":4,"charIndex":0},"end":{"row":53,"column":0,"tokenIndex":4,"charIndex":3}},"confidenceScore":null},{"id":"1663418452","labeledBy":"AUTO","labeledByUserId":null,"acceptedByUserId":null,"rejectedByUserId":null,"layer":0,"counter":0,"status":"LABELED","hashCode":"SPAN:52S_6moRfhjC-yXgIBeCp:0:53:0:6:0:53:0:6:3:0:undefined:undefined","labelName":"52S_6moRfhjC-yXgIBeCp","labelItem":{"id":"52S_6moRfhjC-yXgIBeCp","labelName":"Date"},"textPosition":{"start":{"row":53,"column":0,"tokenIndex":6,"charIndex":0},"end":{"row":53,"column":0,"tokenIndex":6,"charIndex":3}},"confidenceScore":null},{"id":"1663418455","labeledBy":"AUTO","labeledByUserId":null,"acceptedByUserId":null,"rejectedByUserId":null,"layer":0,"counter":0,"status":"LABELED","hashCode":"SPAN:eS2knCRgLegeRw8bcmSWA:0:53:0:14:0:53:0:14:8:0:undefined:undefined","labelName":"eS2knCRgLegeRw8bcmSWA","labelItem":{"id":"eS2knCRgLegeRw8bcmSWA","labelName":"Skill"},"textPosition":{"start":{"row":53,"column":0,"tokenIndex":14,"charIndex":0},"end":{"row":53,"column":0,"tokenIndex":14,"charIndex":8}},"confidenceScore":null},{"id":"1663418458","labeledBy":"AUTO","labeledByUserId":null,"acceptedByUserId":null,"rejectedByUserId":null,"layer":0,"counter":0,"status":"LABELED","hashCode":"SPAN:eS2knCRgLegeRw8bcmSWA:0:55:0:1:0:55:0:2:3:0:undefined:undefined","labelName":"eS2knCRgLegeRw8bcmSWA","labelItem":{"id":"eS2knCRgLegeRw8bcmSWA","labelName":"Skill"},"textPosition":{"start":{"row":55,"column":0,"tokenIndex":1,"charIndex":0},"end":{"row":55,"column":0,"tokenIndex":2,"charIndex":3}},"confidenceScore":null},{"id":"1663418461","labeledBy":"AUTO","labeledByUserId":null,"acceptedByUserId":null,"rejectedByUserId":null,"layer":0,"counter":0,"status":"LABELED","hashCode":"SPAN:eS2knCRgLegeRw8bcmSWA:0:57:0:1:0:57:0:2:6:0:undefined:undefined","labelName":"eS2knCRgLegeRw8bcmSWA","labelItem":{"id":"eS2knCRgLegeRw8bcmSWA","labelName":"Skill"},"textPosition":{"start":{"row":57,"column":0,"tokenIndex":1,"charIndex":0},"end":{"row":57,"column":0,"tokenIndex":2,"charIndex":6}},"confidenceScore":null},{"id":"1663418464","labeledBy":"AUTO","labeledByUserId":null,"acceptedByUserId":null,"rejectedByUserId":null,"layer":0,"counter":0,"status":"LABELED","hashCode":"SPAN:eS2knCRgLegeRw8bcmSWA:0:61:0:6:0:61:0:7:8:0:undefined:undefined","labelName":"eS2knCRgLegeRw8bcmSWA","labelItem":{"id":"eS2knCRgLegeRw8bcmSWA","labelName":"Skill"},"textPosition":{"start":{"row":61,"column":0,"tokenIndex":6,"charIndex":0},"end":{"row":61,"column":0,"tokenIndex":7,"charIndex":8}},"confidenceScore":null},{"id":"1663418467","labeledBy":"AUTO","labeledByUserId":null,"acceptedByUserId":null,"rejectedByUserId":null,"layer":0,"counter":0,"status":"LABELED","hashCode":"SPAN:eS2knCRgLegeRw8bcmSWA:0:61:0:9:0:61:0:10:9:0:undefined:undefined","labelName":"eS2knCRgLegeRw8bcmSWA","labelItem":{"id":"eS2knCRgLegeRw8bcmSWA","labelName":"Skill"},"textPosition":{"start":{"row":61,"column":0,"tokenIndex":9,"charIndex":0},"end":{"row":61,"column":0,"tokenIndex":10,"charIndex":9}},"confidenceScore":null},{"id":"1663418470","labeledBy":"AUTO","labeledByUserId":null,"acceptedByUserId":null,"rejectedByUserId":null,"layer":0,"counter":0,"status":"LABELED","hashCode":"SPAN:eS2knCRgLegeRw8bcmSWA:0:63:0:3:0:63:0:3:7:0:undefined:undefined","labelName":"eS2knCRgLegeRw8bcmSWA","labelItem":{"id":"eS2knCRgLegeRw8bcmSWA","labelName":"Skill"},"textPosition":{"start":{"row":63,"column":0,"tokenIndex":3,"charIndex":0},"end":{"row":63,"column":0,"tokenIndex":3,"charIndex":7}},"confidenceScore":null},{"id":"1663418473","labeledBy":"AUTO","labeledByUserId":null,"acceptedByUserId":null,"rejectedByUserId":null,"layer":0,"counter":0,"status":"LABELED","hashCode":"SPAN:eS2knCRgLegeRw8bcmSWA:0:63:0:4:0:63:0:4:7:0:undefined:undefined","labelName":"eS2knCRgLegeRw8bcmSWA","labelItem":{"id":"eS2knCRgLegeRw8bcmSWA","labelName":"Skill"},"textPosition":{"start":{"row":63,"column":0,"tokenIndex":4,"charIndex":0},"end":{"row":63,"column":0,"tokenIndex":4,"charIndex":7}},"confidenceScore":null},{"id":"1663418476","labeledBy":"AUTO","labeledByUserId":null,"acceptedByUserId":null,"rejectedByUserId":null,"layer":0,"counter":0,"status":"LABELED","hashCode":"SPAN:eS2knCRgLegeRw8bcmSWA:0:63:0:6:0:63:0:7:6:0:undefined:undefined","labelName":"eS2knCRgLegeRw8bcmSWA","labelItem":{"id":"eS2knCRgLegeRw8bcmSWA","labelName":"Skill"},"textPosition":{"start":{"row":63,"column":0,"tokenIndex":6,"charIndex":0},"end":{"row":63,"column":0,"tokenIndex":7,"charIndex":6}},"confidenceScore":null},{"id":"1663418479","labeledBy":"AUTO","labeledByUserId":null,"acceptedByUserId":null,"rejectedByUserId":null,"layer":0,"counter":0,"status":"LABELED","hashCode":"SPAN:eS2knCRgLegeRw8bcmSWA:0:65:0:16:0:65:0:16:13:0:undefined:undefined","labelName":"eS2knCRgLegeRw8bcmSWA","labelItem":{"id":"eS2knCRgLegeRw8bcmSWA","labelName":"Skill"},"textPosition":{"start":{"row":65,"column":0,"tokenIndex":16,"charIndex":0},"end":{"row":65,"column":0,"tokenIndex":16,"charIndex":13}},"confidenceScore":null},{"id":"1663418482","labeledBy":"AUTO","labeledByUserId":null,"acceptedByUserId":null,"rejectedByUserId":null,"layer":0,"counter":0,"status":"LABELED","hashCode":"SPAN:eS2knCRgLegeRw8bcmSWA:0:75:0:10:0:75:0:11:11:0:undefined:undefined","labelName":"eS2knCRgLegeRw8bcmSWA","labelItem":{"id":"eS2knCRgLegeRw8bcmSWA","labelName":"Skill"},"textPosition":{"start":{"row":75,"column":0,"tokenIndex":10,"charIndex":0},"end":{"row":75,"column":0,"tokenIndex":11,"charIndex":11}},"confidenceScore":null},{"id":"1663418485","labeledBy":"AUTO","labeledByUserId":null,"acceptedByUserId":null,"rejectedByUserId":null,"layer":0,"counter":0,"status":"LABELED","hashCode":"SPAN:SJEkdao76hjwbb6Fh5SY6:0:86:0:0:0:86:0:1:3:0:undefined:undefined","labelName":"SJEkdao76hjwbb6Fh5SY6","labelItem":{"id":"SJEkdao76hjwbb6Fh5SY6","labelName":"Job Title"},"textPosition":{"start":{"row":86,"column":0,"tokenIndex":0,"charIndex":0},"end":{"row":86,"column":0,"tokenIndex":1,"charIndex":3}},"confidenceScore":null},{"id":"1663418488","labeledBy":"AUTO","labeledByUserId":null,"acceptedByUserId":null,"rejectedByUserId":null,"layer":0,"counter":0,"status":"LABELED","hashCode":"SPAN:rj7TW0-ymuRo6f_asXJab:0:86:0:2:0:86:0:2:4:0:undefined:undefined","labelName":"rj7TW0-ymuRo6f_asXJab","labelItem":{"id":"rj7TW0-ymuRo6f_asXJab","labelName":"Company Name"},"textPosition":{"start":{"row":86,"column":0,"tokenIndex":2,"charIndex":0},"end":{"row":86,"column":0,"tokenIndex":2,"charIndex":4}},"confidenceScore":null},{"id":"1663418491","labeledBy":"AUTO","labeledByUserId":null,"acceptedByUserId":null,"rejectedByUserId":null,"layer":0,"counter":0,"status":"LABELED","hashCode":"SPAN:52S_6moRfhjC-yXgIBeCp:0:86:0:3:0:86:0:3:3:0:undefined:undefined","labelName":"52S_6moRfhjC-yXgIBeCp","labelItem":{"id":"52S_6moRfhjC-yXgIBeCp","labelName":"Date"},"textPosition":{"start":{"row":86,"column":0,"tokenIndex":3,"charIndex":0},"end":{"row":86,"column":0,"tokenIndex":3,"charIndex":3}},"confidenceScore":null},{"id":"1663418494","labeledBy":"AUTO","labeledByUserId":null,"acceptedByUserId":null,"rejectedByUserId":null,"layer":0,"counter":0,"status":"LABELED","hashCode":"SPAN:52S_6moRfhjC-yXgIBeCp:0:86:0:5:0:86:0:5:3:0:undefined:undefined","labelName":"52S_6moRfhjC-yXgIBeCp","labelItem":{"id":"52S_6moRfhjC-yXgIBeCp","labelName":"Date"},"textPosition":{"start":{"row":86,"column":0,"tokenIndex":5,"charIndex":0},"end":{"row":86,"column":0,"tokenIndex":5,"charIndex":3}},"confidenceScore":null},{"id":"1663418497","labeledBy":"AUTO","labeledByUserId":null,"acceptedByUserId":null,"rejectedByUserId":null,"layer":0,"counter":0,"status":"LABELED","hashCode":"SPAN:eS2knCRgLegeRw8bcmSWA:0:86:0:10:0:86:0:18:8:0:undefined:undefined","labelName":"eS2knCRgLegeRw8bcmSWA","labelItem":{"id":"eS2knCRgLegeRw8bcmSWA","labelName":"Skill"},"textPosition":{"start":{"row":86,"column":0,"tokenIndex":10,"charIndex":0},"end":{"row":86,"column":0,"tokenIndex":18,"charIndex":8}},"confidenceScore":null},{"id":"1663418500","labeledBy":"AUTO","labeledByUserId":null,"acceptedByUserId":null,"rejectedByUserId":null,"layer":0,"counter":0,"status":"LABELED","hashCode":"SPAN:IeEoIKabMl51BJE0gX2YL:0:91:0:1:0:91:0:4:6:0:undefined:undefined","labelName":"IeEoIKabMl51BJE0gX2YL","labelItem":{"id":"IeEoIKabMl51BJE0gX2YL","labelName":"Degree"},"textPosition":{"start":{"row":91,"column":0,"tokenIndex":1,"charIndex":0},"end":{"row":91,"column":0,"tokenIndex":4,"charIndex":6}},"confidenceScore":null},{"id":"1663418503","labeledBy":"AUTO","labeledByUserId":null,"acceptedByUserId":null,"rejectedByUserId":null,"layer":0,"counter":0,"status":"LABELED","hashCode":"SPAN:Kj5U6n9NUqTXuWcB3c_7L:0:91:0:5:0:91:0:7:5:0:undefined:undefined","labelName":"Kj5U6n9NUqTXuWcB3c_7L","labelItem":{"id":"Kj5U6n9NUqTXuWcB3c_7L","labelName":"College"},"textPosition":{"start":{"row":91,"column":0,"tokenIndex":5,"charIndex":0},"end":{"row":91,"column":0,"tokenIndex":7,"charIndex":5}},"confidenceScore":null},{"id":"1663418506","labeledBy":"AUTO","labeledByUserId":null,"acceptedByUserId":null,"rejectedByUserId":null,"layer":0,"counter":0,"status":"LABELED","hashCode":"SPAN:BjO8MdvK2KI4E5iMEeY4B:0:91:0:8:0:91:0:8:3:0:undefined:undefined","labelName":"BjO8MdvK2KI4E5iMEeY4B","labelItem":{"id":"BjO8MdvK2KI4E5iMEeY4B","labelName":"Graduation Year"},"textPosition":{"start":{"row":91,"column":0,"tokenIndex":8,"charIndex":0},"end":{"row":91,"column":0,"tokenIndex":8,"charIndex":3}},"confidenceScore":null},{"id":"1663418509","labeledBy":"AUTO","labeledByUserId":null,"acceptedByUserId":null,"rejectedByUserId":null,"layer":0,"counter":0,"status":"LABELED","hashCode":"SPAN:eS2knCRgLegeRw8bcmSWA:0:91:0:10:0:91:0:11:5:0:undefined:undefined","labelName":"eS2knCRgLegeRw8bcmSWA","labelItem":{"id":"eS2knCRgLegeRw8bcmSWA","labelName":"Skill"},"textPosition":{"start":{"row":91,"column":0,"tokenIndex":10,"charIndex":0},"end":{"row":91,"column":0,"tokenIndex":11,"charIndex":5}},"confidenceScore":null},{"id":"1663418512","labeledBy":"AUTO","labeledByUserId":null,"acceptedByUserId":null,"rejectedByUserId":null,"layer":0,"counter":0,"status":"LABELED","hashCode":"SPAN:eS2knCRgLegeRw8bcmSWA:0:91:0:12:0:91:0:12:4:0:undefined:undefined","labelName":"eS2knCRgLegeRw8bcmSWA","labelItem":{"id":"eS2knCRgLegeRw8bcmSWA","labelName":"Skill"},"textPosition":{"start":{"row":91,"column":0,"tokenIndex":12,"charIndex":0},"end":{"row":91,"column":0,"tokenIndex":12,"charIndex":4}},"confidenceScore":null},{"id":"1663418515","labeledBy":"AUTO","labeledByUserId":null,"acceptedByUserId":null,"rejectedByUserId":null,"layer":0,"counter":0,"status":"LABELED","hashCode":"SPAN:eS2knCRgLegeRw8bcmSWA:0:91:0:13:0:91:0:13:3:0:undefined:undefined","labelName":"eS2knCRgLegeRw8bcmSWA","labelItem":{"id":"eS2knCRgLegeRw8bcmSWA","labelName":"Skill"},"textPosition":{"start":{"row":91,"column":0,"tokenIndex":13,"charIndex":0},"end":{"row":91,"column":0,"tokenIndex":13,"charIndex":3}},"confidenceScore":null},{"id":"1663418518","labeledBy":"AUTO","labeledByUserId":null,"acceptedByUserId":null,"rejectedByUserId":null,"layer":0,"counter":0,"status":"LABELED","hashCode":"SPAN:eS2knCRgLegeRw8bcmSWA:0:91:0:14:0:91:0:14:5:0:undefined:undefined","labelName":"eS2knCRgLegeRw8bcmSWA","labelItem":{"id":"eS2knCRgLegeRw8bcmSWA","labelName":"Skill"},"textPosition":{"start":{"row":91,"column":0,"tokenIndex":14,"charIndex":0},"end":{"row":91,"column":0,"tokenIndex":14,"charIndex":5}},"confidenceScore":null},{"id":"1663418521","labeledBy":"AUTO","labeledByUserId":null,"acceptedByUserId":null,"rejectedByUserId":null,"layer":0,"counter":0,"status":"LABELED","hashCode":"SPAN:eS2knCRgLegeRw8bcmSWA:0:91:0:15:0:91:0:15:4:0:undefined:undefined","labelName":"eS2knCRgLegeRw8bcmSWA","labelItem":{"id":"eS2knCRgLegeRw8bcmSWA","labelName":"Skill"},"textPosition":{"start":{"row":91,"column":0,"tokenIndex":15,"charIndex":0},"end":{"row":91,"column":0,"tokenIndex":15,"charIndex":4}},"confidenceScore":null}],"arrowLabels":[],"boundingBoxLabels":[],"timeLabels":[],"comments":[],"url":"datasaur://static/6814/8361e76a-a9dd-4c21-850b-38989e2883e1.txt"}}
