{"version":"1","data":{"project":{"id":"ODBjYmQ2MDg","name":"NLP SSM Final Project"},"document":{"id":"f5d8e762-2a05-4703-b685-5a0a62cfa0ea","name":"resume_3948_d2.txt"},"kinds":["TOKEN_BASED"],"rows":[[{"content":"Scrum Master Contractor Scrum Master Contractor Passionate Agile Leader Memphis, TN Willing to relocate to Irvine, CA without assistance Authorized to work in the US for any employer Work Experience Scrum Master Contractor ALSAC/St.","tokens":["Scrum","Master","Contractor","Scrum","Master","Contractor","Passionate","Agile","Leader","Memphis,","TN","Willing","to","relocate","to","Irvine,","CA","without","assistance","Authorized","to","work","in","the","US","for","any","employer","Work","Experience","Scrum","Master","Contractor","ALSAC/St."],"metadata":[]}],[{"content":"Jude Children's Research Hospital - Memphis, TN November 2018 to Present Utilize and promote adoption for various agile practices for quality software development and delivery such as test driven development, software test automation, user stories, user story mapping, continuous delivery, etc Lead Marketing Campaigns, Help Desk, and Product Operations teams through appropriate agile adoption and maturity to become as effective and efficient as possible Identify and remediate impediments to agile adoption and processes at the Enterprise level Acted as PM, BA, and QA and responsible for enterprise migration from SalesForce RemedyForce to JIRA PMO Manager Venus Fashion - Jacksonville, FL May 2018 to July 2018 Implemented PMO standard process, procedures and documentation for all IT projects Lead 3 direct reports representing Project Management and Quality Assurance Analyze and create process improvement plan in all areas of the SDLC resulting in shorter time to market and streamlined processes for development, QA, UI/UX, and management Created new workflows, projects, and boards in JIRA to reflect business processes, coordinate and manage sprints for interdependent teams, monitor product progress and improve business process Trained 2 Jr. QAs and implemented test case standards to allow for quick delivery and scaling of QA efforts when necessary Responsible for maintaining the product backlog, ensuring completeness of product backlog items, and keeping the backlog organized and up to date with latest business requirements Defined people and roles for business requirements gathering process and standardized project library in Confluence.","tokens":["Jude","Children's","Research","Hospital","-","Memphis,","TN","November","2018","to","Present","Utilize","and","promote","adoption","for","various","agile","practices","for","quality","software","development","and","delivery","such","as","test","driven","development,","software","test","automation,","user","stories,","user","story","mapping,","continuous","delivery,","etc","Lead","Marketing","Campaigns,","Help","Desk,","and","Product","Operations","teams","through","appropriate","agile","adoption","and","maturity","to","become","as","effective","and","efficient","as","possible","Identify","and","remediate","impediments","to","agile","adoption","and","processes","at","the","Enterprise","level","Acted","as","PM,","BA,","and","QA","and","responsible","for","enterprise","migration","from","SalesForce","RemedyForce","to","JIRA","PMO","Manager","Venus","Fashion","-","Jacksonville,","FL","May","2018","to","July","2018","Implemented","PMO","standard","process,","procedures","and","documentation","for","all","IT","projects","Lead","3","direct","reports","representing","Project","Management","and","Quality","Assurance","Analyze","and","create","process","improvement","plan","in","all","areas","of","the","SDLC","resulting","in","shorter","time","to","market","and","streamlined","processes","for","development,","QA,","UI/UX,","and","management","Created","new","workflows,","projects,","and","boards","in","JIRA","to","reflect","business","processes,","coordinate","and","manage","sprints","for","interdependent","teams,","monitor","product","progress","and","improve","business","process","Trained","2","Jr.","QAs","and","implemented","test","case","standards","to","allow","for","quick","delivery","and","scaling","of","QA","efforts","when","necessary","Responsible","for","maintaining","the","product","backlog,","ensuring","completeness","of","product","backlog","items,","and","keeping","the","backlog","organized","and","up","to","date","with","latest","business","requirements","Defined","people","and","roles","for","business","requirements","gathering","process","and","standardized","project","library","in","Confluence."],"metadata":[]}],[{"content":"Created cyclical process for business requirements gathering which established consistent pipeline of features to development team Responsible for communicating full process change strategy, sprint reports, and prioritization/scope changes to CxO suite Administrator for Confluence and JIRA - 250+ users IT Project Manager Venus Fashion Inc - Jacksonville, FL July 2017 to July 2018 Responsible for training and continual coaching of all web and enterprise systems teams in agile methodologies (15 people, 3 teams) Created and delivered 8-hour workshop to educate and promote adoption of Scrum framework and principals in IT department with accompanying 4-hour workshop to educate executives on Scrum Analyze and create process improvement plan in all areas of the SDLC resulting in shorter time to market and streamlined processes for development, QA, UI/UX, and management Break out cross-functional teams by product and identify gaps in key positions to create hiring plan and restructure organization Lead automation of deployment process saving an average of 4 developer hours each deployment and allowing for more frequent and simple releases Created new workflows, projects, and boards in JIRA to reflect business processes and give higher visibility to each ticket in every step of the SDLC Trained 2 Jr. QAs and implemented test case standards which resolved confusion while scaling and ensured every ticket was tested before release Created and implemented smoke testing procedures for QA Defined people and roles for business requirements gathering process and standardized project library in Confluence.","tokens":["Created","cyclical","process","for","business","requirements","gathering","which","established","consistent","pipeline","of","features","to","development","team","Responsible","for","communicating","full","process","change","strategy,","sprint","reports,","and","prioritization/scope","changes","to","CxO","suite","Administrator","for","Confluence","and","JIRA","-","250+","users","IT","Project","Manager","Venus","Fashion","Inc","-","Jacksonville,","FL","July","2017","to","July","2018","Responsible","for","training","and","continual","coaching","of","all","web","and","enterprise","systems","teams","in","agile","methodologies","(15","people,","3","teams)","Created","and","delivered","8-hour","workshop","to","educate","and","promote","adoption","of","Scrum","framework","and","principals","in","IT","department","with","accompanying","4-hour","workshop","to","educate","executives","on","Scrum","Analyze","and","create","process","improvement","plan","in","all","areas","of","the","SDLC","resulting","in","shorter","time","to","market","and","streamlined","processes","for","development,","QA,","UI/UX,","and","management","Break","out","cross-functional","teams","by","product","and","identify","gaps","in","key","positions","to","create","hiring","plan","and","restructure","organization","Lead","automation","of","deployment","process","saving","an","average","of","4","developer","hours","each","deployment","and","allowing","for","more","frequent","and","simple","releases","Created","new","workflows,","projects,","and","boards","in","JIRA","to","reflect","business","processes","and","give","higher","visibility","to","each","ticket","in","every","step","of","the","SDLC","Trained","2","Jr.","QAs","and","implemented","test","case","standards","which","resolved","confusion","while","scaling","and","ensured","every","ticket","was","tested","before","release","Created","and","implemented","smoke","testing","procedures","for","QA","Defined","people","and","roles","for","business","requirements","gathering","process","and","standardized","project","library","in","Confluence."],"metadata":[]}],[{"content":"Created cyclical process for business requirements gathering which established consistent pipeline of features to development team Responsible for full process change strategy and reporting process changes to CxO suite Administer JIRA and Confluence for 250+ users, translate business requirements and processes into JIRA workflows, permissions, and issue types IT Project Manager Advanced Disposal - Ponte Vedra Beach, FL November 2009 to July 2018 Responsible for the management and delivery of $1.5M customer service, payment and ecommerce platform within scope, time and budget constraints Create and maintain project documentation according to PMBOK, SOX compliance and internal audit standards, including project charter, scope, statement of work, RAID, stakeholder register, CxO communication and project reporting, work breakdown structure, release planning, budget analysis, etc. Manage vendor relationships to facilitate on time delivery and provides leadership to team through risk management, issue resolution and cross team coordination Confluence and JIRA administrator - 100 users Agile IT Project Manager Triad Retail Media November 2014 to September 2016 Responsible for training and coaching all IT, development, infrastructure, and admin teams in agile methodologies including Scrum and Kanban (60 people, 8 teams) Created and led 8-hour Scrum workshop with 2 other ScrumMasters to educate and promote adoption of Scrum framework and principals Break out cross-functional Scrum teams by product and identify gaps in key positions to create hiring plan and restructure organization Analyze and improve processes in all areas of the SDLC resulting in shorter time to market and streamlined processes for development, QA, and management through agile coaching methods Created Definition of Done for each team ensuring highest operational standards were met for each feature produced by the development team Responsible for release and agile performance reporting to CxO suite Analyze JIRA implementation to identify reporting and business process gaps.","tokens":["Created","cyclical","process","for","business","requirements","gathering","which","established","consistent","pipeline","of","features","to","development","team","Responsible","for","full","process","change","strategy","and","reporting","process","changes","to","CxO","suite","Administer","JIRA","and","Confluence","for","250+","users,","translate","business","requirements","and","processes","into","JIRA","workflows,","permissions,","and","issue","types","IT","Project","Manager","Advanced","Disposal","-","Ponte","Vedra","Beach,","FL","November","2009","to","July","2018","Responsible","for","the","management","and","delivery","of","$1.5M","customer","service,","payment","and","ecommerce","platform","within","scope,","time","and","budget","constraints","Create","and","maintain","project","documentation","according","to","PMBOK,","SOX","compliance","and","internal","audit","standards,","including","project","charter,","scope,","statement","of","work,","RAID,","stakeholder","register,","CxO","communication","and","project","reporting,","work","breakdown","structure,","release","planning,","budget","analysis,","etc.","Manage","vendor","relationships","to","facilitate","on","time","delivery","and","provides","leadership","to","team","through","risk","management,","issue","resolution","and","cross","team","coordination","Confluence","and","JIRA","administrator","-","100","users","Agile","IT","Project","Manager","Triad","Retail","Media","November","2014","to","September","2016","Responsible","for","training","and","coaching","all","IT,","development,","infrastructure,","and","admin","teams","in","agile","methodologies","including","Scrum","and","Kanban","(60","people,","8","teams)","Created","and","led","8-hour","Scrum","workshop","with","2","other","ScrumMasters","to","educate","and","promote","adoption","of","Scrum","framework","and","principals","Break","out","cross-functional","Scrum","teams","by","product","and","identify","gaps","in","key","positions","to","create","hiring","plan","and","restructure","organization","Analyze","and","improve","processes","in","all","areas","of","the","SDLC","resulting","in","shorter","time","to","market","and","streamlined","processes","for","development,","QA,","and","management","through","agile","coaching","methods","Created","Definition","of","Done","for","each","team","ensuring","highest","operational","standards","were","met","for","each","feature","produced","by","the","development","team","Responsible","for","release","and","agile","performance","reporting","to","CxO","suite","Analyze","JIRA","implementation","to","identify","reporting","and","business","process","gaps."],"metadata":[]}],[{"content":"Implement gap resolution through front end administration and coordinating backend admin efforts.","tokens":["Implement","gap","resolution","through","front","end","administration","and","coordinating","backend","admin","efforts."],"metadata":[]}],[{"content":"Set up and provide governance through committee in TFS IT Project Manager Kaleidacare - Austin, TX August 2013 to November 2014 Led creation and implementation of SAAS medical billing system and BizTalk EDI through the full SDLC Acted as Scrum Master for additional internal development teams by coordinating meeting cadence, BRDs QA testing, and release schedules, user guide documentation, and sales guides Coordinated best practices plan for development teams consisting of unit testing / regression testing plans / automated testing / Definition of Done Reduced waste through resolving impediments for the teams Perform manual QA testing and trained 2 QAs on medical billing module Intern- Jr. ScrumMaster uShip - Austin, TX October 2012 to July 2013 Coordinated all standard scrum activities for multiple interdependent teams Led team that addressed maintenance of proprietary payment processing system, creation of Less-Than-Load shipping portal, and ongoing user generated functionality requests Utilized Scrum / XP / Kanban methodologies for different teams based on product and project needs Coached teams to adopt new working styles to improve efficiency and throughput by instilling a commitment to continual improvement JIRA/Confluence admin for 450+ users, create capitalization reporting through JIRA, and analyze business process gaps to identify necessary field changes or plug-ins Education Bachelor of Science in Public Relations University of Texas at Austin - Austin, TX 2014 Skills Scrum (7 years), Process Improvement (7 years), Project Management (7 years), Business Process Improvement (7 years), Business Analysis (7 years), SDLC, Scrum Master, Waterfall, PM, CSM Links http://linkedin.com/in/abpannell Certifications/Licenses Certified ScrumMaster (CSM) Present PMI-ACP February 2019 to Present Groups Phi Theta Kappa January 2010 to December 2010 Additional Information Technical Skills: TFS Admin JIRA Admin MS Project MS Planner Visio SharePoint Word Excel Powerpoint","tokens":["Set","up","and","provide","governance","through","committee","in","TFS","IT","Project","Manager","Kaleidacare","-","Austin,","TX","August","2013","to","November","2014","Led","creation","and","implementation","of","SAAS","medical","billing","system","and","BizTalk","EDI","through","the","full","SDLC","Acted","as","Scrum","Master","for","additional","internal","development","teams","by","coordinating","meeting","cadence,","BRDs","QA","testing,","and","release","schedules,","user","guide","documentation,","and","sales","guides","Coordinated","best","practices","plan","for","development","teams","consisting","of","unit","testing","/","regression","testing","plans","/","automated","testing","/","Definition","of","Done","Reduced","waste","through","resolving","impediments","for","the","teams","Perform","manual","QA","testing","and","trained","2","QAs","on","medical","billing","module","Intern-","Jr.","ScrumMaster","uShip","-","Austin,","TX","October","2012","to","July","2013","Coordinated","all","standard","scrum","activities","for","multiple","interdependent","teams","Led","team","that","addressed","maintenance","of","proprietary","payment","processing","system,","creation","of","Less-Than-Load","shipping","portal,","and","ongoing","user","generated","functionality","requests","Utilized","Scrum","/","XP","/","Kanban","methodologies","for","different","teams","based","on","product","and","project","needs","Coached","teams","to","adopt","new","working","styles","to","improve","efficiency","and","throughput","by","instilling","a","commitment","to","continual","improvement","JIRA/Confluence","admin","for","450+","users,","create","capitalization","reporting","through","JIRA,","and","analyze","business","process","gaps","to","identify","necessary","field","changes","or","plug-ins","Education","Bachelor","of","Science","in","Public","Relations","University","of","Texas","at","Austin","-","Austin,","TX","2014","Skills","Scrum","(7","years),","Process","Improvement","(7","years),","Project","Management","(7","years),","Business","Process","Improvement","(7","years),","Business","Analysis","(7","years),","SDLC,","Scrum","Master,","Waterfall,","PM,","CSM","Links","http://linkedin.com/in/abpannell","Certifications/Licenses","Certified","ScrumMaster","(CSM)","Present","PMI-ACP","February","2019","to","Present","Groups","Phi","Theta","Kappa","January","2010","to","December","2010","Additional","Information","Technical","Skills:","TFS","Admin","JIRA","Admin","MS","Project","MS","Planner","Visio","SharePoint","Word","Excel","Powerpoint"],"metadata":[]}]],"labelerInfo":{"id":6814,"email":"cwilhel8@jh.edu","displayName":"Chris Wilhelm"},"labelSets":[{"name":"Resume Labels","index":0,"labelItems":[{"id":"Kj5U6n9NUqTXuWcB3c_7L","labelName":"College"},{"id":"rj7TW0-ymuRo6f_asXJab","labelName":"Company Name"},{"id":"SJEkdao76hjwbb6Fh5SY6","labelName":"Job Title"},{"id":"BjO8MdvK2KI4E5iMEeY4B","labelName":"Graduation Year"},{"id":"eS2knCRgLegeRw8bcmSWA","labelName":"Skill"},{"id":"IeEoIKabMl51BJE0gX2YL","labelName":"Degree"},{"id":"1R0C50AAwFbEp2O0WmRv6","labelName":"Location"},{"id":"zQcc4ygexJ_A3Gb0NeRTk","labelName":"Years of Experience"},{"id":"52S_6moRfhjC-yXgIBeCp","labelName":"Date"},{"id":"KiLarWmwlU1E3-FfdG6Qg","labelName":"Project"},{"id":"dyxKKTAxW1z5ifjPj42BI","labelName":"Name"}]}],"spanLabels":[{"id":"1663413124","labeledBy":"AUTO","labeledByUserId":null,"acceptedByUserId":null,"rejectedByUserId":null,"layer":0,"counter":0,"status":"LABELED","hashCode":"SPAN:SJEkdao76hjwbb6Fh5SY6:0:0:0:0:0:0:0:2:9:0:undefined:undefined","labelName":"SJEkdao76hjwbb6Fh5SY6","labelItem":{"id":"SJEkdao76hjwbb6Fh5SY6","labelName":"Job Title"},"textPosition":{"start":{"row":0,"column":0,"tokenIndex":0,"charIndex":0},"end":{"row":0,"column":0,"tokenIndex":2,"charIndex":9}},"confidenceScore":null},{"id":"1663413127","labeledBy":"AUTO","labeledByUserId":null,"acceptedByUserId":null,"rejectedByUserId":null,"layer":0,"counter":0,"status":"LABELED","hashCode":"SPAN:SJEkdao76hjwbb6Fh5SY6:0:0:0:3:0:0:0:5:9:0:undefined:undefined","labelName":"SJEkdao76hjwbb6Fh5SY6","labelItem":{"id":"SJEkdao76hjwbb6Fh5SY6","labelName":"Job Title"},"textPosition":{"start":{"row":0,"column":0,"tokenIndex":3,"charIndex":0},"end":{"row":0,"column":0,"tokenIndex":5,"charIndex":9}},"confidenceScore":null},{"id":"1663413133","labeledBy":"AUTO","labeledByUserId":null,"acceptedByUserId":null,"rejectedByUserId":null,"layer":0,"counter":0,"status":"LABELED","hashCode":"SPAN:eS2knCRgLegeRw8bcmSWA:0:0:0:6:0:0:0:6:9:0:undefined:undefined","labelName":"eS2knCRgLegeRw8bcmSWA","labelItem":{"id":"eS2knCRgLegeRw8bcmSWA","labelName":"Skill"},"textPosition":{"start":{"row":0,"column":0,"tokenIndex":6,"charIndex":0},"end":{"row":0,"column":0,"tokenIndex":6,"charIndex":9}},"confidenceScore":null},{"id":"1663413139","labeledBy":"AUTO","labeledByUserId":null,"acceptedByUserId":null,"rejectedByUserId":null,"layer":0,"counter":0,"status":"LABELED","hashCode":"SPAN:eS2knCRgLegeRw8bcmSWA:0:0:0:7:0:0:0:8:5:0:undefined:undefined","labelName":"eS2knCRgLegeRw8bcmSWA","labelItem":{"id":"eS2knCRgLegeRw8bcmSWA","labelName":"Skill"},"textPosition":{"start":{"row":0,"column":0,"tokenIndex":7,"charIndex":0},"end":{"row":0,"column":0,"tokenIndex":8,"charIndex":5}},"confidenceScore":null},{"id":"1663413145","labeledBy":"AUTO","labeledByUserId":null,"acceptedByUserId":null,"rejectedByUserId":null,"layer":0,"counter":0,"status":"LABELED","hashCode":"SPAN:1R0C50AAwFbEp2O0WmRv6:0:0:0:9:0:0:0:9:7:0:undefined:undefined","labelName":"1R0C50AAwFbEp2O0WmRv6","labelItem":{"id":"1R0C50AAwFbEp2O0WmRv6","labelName":"Location"},"textPosition":{"start":{"row":0,"column":0,"tokenIndex":9,"charIndex":0},"end":{"row":0,"column":0,"tokenIndex":9,"charIndex":7}},"confidenceScore":null},{"id":"1663413151","labeledBy":"AUTO","labeledByUserId":null,"acceptedByUserId":null,"rejectedByUserId":null,"layer":0,"counter":0,"status":"LABELED","hashCode":"SPAN:1R0C50AAwFbEp2O0WmRv6:0:0:0:10:0:0:0:10:1:0:undefined:undefined","labelName":"1R0C50AAwFbEp2O0WmRv6","labelItem":{"id":"1R0C50AAwFbEp2O0WmRv6","labelName":"Location"},"textPosition":{"start":{"row":0,"column":0,"tokenIndex":10,"charIndex":0},"end":{"row":0,"column":0,"tokenIndex":10,"charIndex":1}},"confidenceScore":null},{"id":"1663413154","labeledBy":"AUTO","labeledByUserId":null,"acceptedByUserId":null,"rejectedByUserId":null,"layer":0,"counter":0,"status":"LABELED","hashCode":"SPAN:1R0C50AAwFbEp2O0WmRv6:0:0:0:15:0:0:0:15:6:0:undefined:undefined","labelName":"1R0C50AAwFbEp2O0WmRv6","labelItem":{"id":"1R0C50AAwFbEp2O0WmRv6","labelName":"Location"},"textPosition":{"start":{"row":0,"column":0,"tokenIndex":15,"charIndex":0},"end":{"row":0,"column":0,"tokenIndex":15,"charIndex":6}},"confidenceScore":null},{"id":"1663413157","labeledBy":"AUTO","labeledByUserId":null,"acceptedByUserId":null,"rejectedByUserId":null,"layer":0,"counter":0,"status":"LABELED","hashCode":"SPAN:1R0C50AAwFbEp2O0WmRv6:0:0:0:16:0:0:0:16:1:0:undefined:undefined","labelName":"1R0C50AAwFbEp2O0WmRv6","labelItem":{"id":"1R0C50AAwFbEp2O0WmRv6","labelName":"Location"},"textPosition":{"start":{"row":0,"column":0,"tokenIndex":16,"charIndex":0},"end":{"row":0,"column":0,"tokenIndex":16,"charIndex":1}},"confidenceScore":null},{"id":"1663413163","labeledBy":"AUTO","labeledByUserId":null,"acceptedByUserId":null,"rejectedByUserId":null,"layer":0,"counter":0,"status":"LABELED","hashCode":"SPAN:SJEkdao76hjwbb6Fh5SY6:0:0:0:30:0:0:0:32:9:0:undefined:undefined","labelName":"SJEkdao76hjwbb6Fh5SY6","labelItem":{"id":"SJEkdao76hjwbb6Fh5SY6","labelName":"Job Title"},"textPosition":{"start":{"row":0,"column":0,"tokenIndex":30,"charIndex":0},"end":{"row":0,"column":0,"tokenIndex":32,"charIndex":9}},"confidenceScore":null},{"id":"1663413172","labeledBy":"AUTO","labeledByUserId":null,"acceptedByUserId":null,"rejectedByUserId":null,"layer":0,"counter":0,"status":"LABELED","hashCode":"SPAN:rj7TW0-ymuRo6f_asXJab:0:0:0:33:0:1:0:3:7:0:undefined:undefined","labelName":"rj7TW0-ymuRo6f_asXJab","labelItem":{"id":"rj7TW0-ymuRo6f_asXJab","labelName":"Company Name"},"textPosition":{"start":{"row":0,"column":0,"tokenIndex":33,"charIndex":0},"end":{"row":1,"column":0,"tokenIndex":3,"charIndex":7}},"confidenceScore":null},{"id":"1663413178","labeledBy":"AUTO","labeledByUserId":null,"acceptedByUserId":null,"rejectedByUserId":null,"layer":0,"counter":0,"status":"LABELED","hashCode":"SPAN:1R0C50AAwFbEp2O0WmRv6:0:1:0:5:0:1:0:5:7:0:undefined:undefined","labelName":"1R0C50AAwFbEp2O0WmRv6","labelItem":{"id":"1R0C50AAwFbEp2O0WmRv6","labelName":"Location"},"textPosition":{"start":{"row":1,"column":0,"tokenIndex":5,"charIndex":0},"end":{"row":1,"column":0,"tokenIndex":5,"charIndex":7}},"confidenceScore":null},{"id":"1663413181","labeledBy":"AUTO","labeledByUserId":null,"acceptedByUserId":null,"rejectedByUserId":null,"layer":0,"counter":0,"status":"LABELED","hashCode":"SPAN:1R0C50AAwFbEp2O0WmRv6:0:1:0:6:0:1:0:6:1:0:undefined:undefined","labelName":"1R0C50AAwFbEp2O0WmRv6","labelItem":{"id":"1R0C50AAwFbEp2O0WmRv6","labelName":"Location"},"textPosition":{"start":{"row":1,"column":0,"tokenIndex":6,"charIndex":0},"end":{"row":1,"column":0,"tokenIndex":6,"charIndex":1}},"confidenceScore":null},{"id":"1663413184","labeledBy":"AUTO","labeledByUserId":null,"acceptedByUserId":null,"rejectedByUserId":null,"layer":0,"counter":0,"status":"LABELED","hashCode":"SPAN:52S_6moRfhjC-yXgIBeCp:0:1:0:7:0:1:0:8:3:0:undefined:undefined","labelName":"52S_6moRfhjC-yXgIBeCp","labelItem":{"id":"52S_6moRfhjC-yXgIBeCp","labelName":"Date"},"textPosition":{"start":{"row":1,"column":0,"tokenIndex":7,"charIndex":0},"end":{"row":1,"column":0,"tokenIndex":8,"charIndex":3}},"confidenceScore":null},{"id":"1663413187","labeledBy":"AUTO","labeledByUserId":null,"acceptedByUserId":null,"rejectedByUserId":null,"layer":0,"counter":0,"status":"LABELED","hashCode":"SPAN:52S_6moRfhjC-yXgIBeCp:0:1:0:10:0:1:0:10:6:0:undefined:undefined","labelName":"52S_6moRfhjC-yXgIBeCp","labelItem":{"id":"52S_6moRfhjC-yXgIBeCp","labelName":"Date"},"textPosition":{"start":{"row":1,"column":0,"tokenIndex":10,"charIndex":0},"end":{"row":1,"column":0,"tokenIndex":10,"charIndex":6}},"confidenceScore":null},{"id":"1663413190","labeledBy":"AUTO","labeledByUserId":null,"acceptedByUserId":null,"rejectedByUserId":null,"layer":0,"counter":0,"status":"LABELED","hashCode":"SPAN:eS2knCRgLegeRw8bcmSWA:0:1:0:17:0:1:0:18:8:0:undefined:undefined","labelName":"eS2knCRgLegeRw8bcmSWA","labelItem":{"id":"eS2knCRgLegeRw8bcmSWA","labelName":"Skill"},"textPosition":{"start":{"row":1,"column":0,"tokenIndex":17,"charIndex":0},"end":{"row":1,"column":0,"tokenIndex":18,"charIndex":8}},"confidenceScore":null},{"id":"1663413193","labeledBy":"AUTO","labeledByUserId":null,"acceptedByUserId":null,"rejectedByUserId":null,"layer":0,"counter":0,"status":"LABELED","hashCode":"SPAN:eS2knCRgLegeRw8bcmSWA:0:1:0:20:0:1:0:22:10:0:undefined:undefined","labelName":"eS2knCRgLegeRw8bcmSWA","labelItem":{"id":"eS2knCRgLegeRw8bcmSWA","labelName":"Skill"},"textPosition":{"start":{"row":1,"column":0,"tokenIndex":20,"charIndex":0},"end":{"row":1,"column":0,"tokenIndex":22,"charIndex":10}},"confidenceScore":null},{"id":"1663413196","labeledBy":"AUTO","labeledByUserId":null,"acceptedByUserId":null,"rejectedByUserId":null,"layer":0,"counter":0,"status":"LABELED","hashCode":"SPAN:eS2knCRgLegeRw8bcmSWA:0:1:0:27:0:1:0:29:11:0:undefined:undefined","labelName":"eS2knCRgLegeRw8bcmSWA","labelItem":{"id":"eS2knCRgLegeRw8bcmSWA","labelName":"Skill"},"textPosition":{"start":{"row":1,"column":0,"tokenIndex":27,"charIndex":0},"end":{"row":1,"column":0,"tokenIndex":29,"charIndex":11}},"confidenceScore":null},{"id":"1663413199","labeledBy":"AUTO","labeledByUserId":null,"acceptedByUserId":null,"rejectedByUserId":null,"layer":0,"counter":0,"status":"LABELED","hashCode":"SPAN:eS2knCRgLegeRw8bcmSWA:0:1:0:30:0:1:0:32:10:0:undefined:undefined","labelName":"eS2knCRgLegeRw8bcmSWA","labelItem":{"id":"eS2knCRgLegeRw8bcmSWA","labelName":"Skill"},"textPosition":{"start":{"row":1,"column":0,"tokenIndex":30,"charIndex":0},"end":{"row":1,"column":0,"tokenIndex":32,"charIndex":10}},"confidenceScore":null},{"id":"1663413202","labeledBy":"AUTO","labeledByUserId":null,"acceptedByUserId":null,"rejectedByUserId":null,"layer":0,"counter":0,"status":"LABELED","hashCode":"SPAN:eS2knCRgLegeRw8bcmSWA:0:1:0:33:0:1:0:34:7:0:undefined:undefined","labelName":"eS2knCRgLegeRw8bcmSWA","labelItem":{"id":"eS2knCRgLegeRw8bcmSWA","labelName":"Skill"},"textPosition":{"start":{"row":1,"column":0,"tokenIndex":33,"charIndex":0},"end":{"row":1,"column":0,"tokenIndex":34,"charIndex":7}},"confidenceScore":null},{"id":"1663413205","labeledBy":"AUTO","labeledByUserId":null,"acceptedByUserId":null,"rejectedByUserId":null,"layer":0,"counter":0,"status":"LABELED","hashCode":"SPAN:eS2knCRgLegeRw8bcmSWA:0:1:0:35:0:1:0:37:7:0:undefined:undefined","labelName":"eS2knCRgLegeRw8bcmSWA","labelItem":{"id":"eS2knCRgLegeRw8bcmSWA","labelName":"Skill"},"textPosition":{"start":{"row":1,"column":0,"tokenIndex":35,"charIndex":0},"end":{"row":1,"column":0,"tokenIndex":37,"charIndex":7}},"confidenceScore":null},{"id":"1663413208","labeledBy":"AUTO","labeledByUserId":null,"acceptedByUserId":null,"rejectedByUserId":null,"layer":0,"counter":0,"status":"LABELED","hashCode":"SPAN:eS2knCRgLegeRw8bcmSWA:0:1:0:38:0:1:0:39:8:0:undefined:undefined","labelName":"eS2knCRgLegeRw8bcmSWA","labelItem":{"id":"eS2knCRgLegeRw8bcmSWA","labelName":"Skill"},"textPosition":{"start":{"row":1,"column":0,"tokenIndex":38,"charIndex":0},"end":{"row":1,"column":0,"tokenIndex":39,"charIndex":8}},"confidenceScore":null},{"id":"1663413211","labeledBy":"AUTO","labeledByUserId":null,"acceptedByUserId":null,"rejectedByUserId":null,"layer":0,"counter":0,"status":"LABELED","hashCode":"SPAN:eS2knCRgLegeRw8bcmSWA:0:1:0:41:0:1:0:43:9:0:undefined:undefined","labelName":"eS2knCRgLegeRw8bcmSWA","labelItem":{"id":"eS2knCRgLegeRw8bcmSWA","labelName":"Skill"},"textPosition":{"start":{"row":1,"column":0,"tokenIndex":41,"charIndex":0},"end":{"row":1,"column":0,"tokenIndex":43,"charIndex":9}},"confidenceScore":null},{"id":"1663413214","labeledBy":"AUTO","labeledByUserId":null,"acceptedByUserId":null,"rejectedByUserId":null,"layer":0,"counter":0,"status":"LABELED","hashCode":"SPAN:eS2knCRgLegeRw8bcmSWA:0:1:0:44:0:1:0:45:4:0:undefined:undefined","labelName":"eS2knCRgLegeRw8bcmSWA","labelItem":{"id":"eS2knCRgLegeRw8bcmSWA","labelName":"Skill"},"textPosition":{"start":{"row":1,"column":0,"tokenIndex":44,"charIndex":0},"end":{"row":1,"column":0,"tokenIndex":45,"charIndex":4}},"confidenceScore":null},{"id":"1663413217","labeledBy":"AUTO","labeledByUserId":null,"acceptedByUserId":null,"rejectedByUserId":null,"layer":0,"counter":0,"status":"LABELED","hashCode":"SPAN:eS2knCRgLegeRw8bcmSWA:0:1:0:47:0:1:0:48:9:0:undefined:undefined","labelName":"eS2knCRgLegeRw8bcmSWA","labelItem":{"id":"eS2knCRgLegeRw8bcmSWA","labelName":"Skill"},"textPosition":{"start":{"row":1,"column":0,"tokenIndex":47,"charIndex":0},"end":{"row":1,"column":0,"tokenIndex":48,"charIndex":9}},"confidenceScore":null},{"id":"1663413220","labeledBy":"AUTO","labeledByUserId":null,"acceptedByUserId":null,"rejectedByUserId":null,"layer":0,"counter":0,"status":"LABELED","hashCode":"SPAN:eS2knCRgLegeRw8bcmSWA:0:1:0:52:0:1:0:53:7:0:undefined:undefined","labelName":"eS2knCRgLegeRw8bcmSWA","labelItem":{"id":"eS2knCRgLegeRw8bcmSWA","labelName":"Skill"},"textPosition":{"start":{"row":1,"column":0,"tokenIndex":52,"charIndex":0},"end":{"row":1,"column":0,"tokenIndex":53,"charIndex":7}},"confidenceScore":null},{"id":"1663413223","labeledBy":"AUTO","labeledByUserId":null,"acceptedByUserId":null,"rejectedByUserId":null,"layer":0,"counter":0,"status":"LABELED","hashCode":"SPAN:eS2knCRgLegeRw8bcmSWA:0:1:0:69:0:1:0:70:7:0:undefined:undefined","labelName":"eS2knCRgLegeRw8bcmSWA","labelItem":{"id":"eS2knCRgLegeRw8bcmSWA","labelName":"Skill"},"textPosition":{"start":{"row":1,"column":0,"tokenIndex":69,"charIndex":0},"end":{"row":1,"column":0,"tokenIndex":70,"charIndex":7}},"confidenceScore":null},{"id":"1663413226","labeledBy":"AUTO","labeledByUserId":null,"acceptedByUserId":null,"rejectedByUserId":null,"layer":0,"counter":0,"status":"LABELED","hashCode":"SPAN:eS2knCRgLegeRw8bcmSWA:0:1:0:79:0:1:0:79:2:0:undefined:undefined","labelName":"eS2knCRgLegeRw8bcmSWA","labelItem":{"id":"eS2knCRgLegeRw8bcmSWA","labelName":"Skill"},"textPosition":{"start":{"row":1,"column":0,"tokenIndex":79,"charIndex":0},"end":{"row":1,"column":0,"tokenIndex":79,"charIndex":2}},"confidenceScore":null},{"id":"1663413229","labeledBy":"AUTO","labeledByUserId":null,"acceptedByUserId":null,"rejectedByUserId":null,"layer":0,"counter":0,"status":"LABELED","hashCode":"SPAN:eS2knCRgLegeRw8bcmSWA:0:1:0:80:0:1:0:80:2:0:undefined:undefined","labelName":"eS2knCRgLegeRw8bcmSWA","labelItem":{"id":"eS2knCRgLegeRw8bcmSWA","labelName":"Skill"},"textPosition":{"start":{"row":1,"column":0,"tokenIndex":80,"charIndex":0},"end":{"row":1,"column":0,"tokenIndex":80,"charIndex":2}},"confidenceScore":null},{"id":"1663413232","labeledBy":"AUTO","labeledByUserId":null,"acceptedByUserId":null,"rejectedByUserId":null,"layer":0,"counter":0,"status":"LABELED","hashCode":"SPAN:eS2knCRgLegeRw8bcmSWA:0:1:0:82:0:1:0:82:1:0:undefined:undefined","labelName":"eS2knCRgLegeRw8bcmSWA","labelItem":{"id":"eS2knCRgLegeRw8bcmSWA","labelName":"Skill"},"textPosition":{"start":{"row":1,"column":0,"tokenIndex":82,"charIndex":0},"end":{"row":1,"column":0,"tokenIndex":82,"charIndex":1}},"confidenceScore":null},{"id":"1663413235","labeledBy":"AUTO","labeledByUserId":null,"acceptedByUserId":null,"rejectedByUserId":null,"layer":0,"counter":0,"status":"LABELED","hashCode":"SPAN:eS2knCRgLegeRw8bcmSWA:0:1:0:89:0:1:0:90:10:0:undefined:undefined","labelName":"eS2knCRgLegeRw8bcmSWA","labelItem":{"id":"eS2knCRgLegeRw8bcmSWA","labelName":"Skill"},"textPosition":{"start":{"row":1,"column":0,"tokenIndex":89,"charIndex":0},"end":{"row":1,"column":0,"tokenIndex":90,"charIndex":10}},"confidenceScore":null},{"id":"1663413244","labeledBy":"AUTO","labeledByUserId":null,"acceptedByUserId":null,"rejectedByUserId":null,"layer":0,"counter":0,"status":"LABELED","hashCode":"SPAN:eS2knCRgLegeRw8bcmSWA:0:1:0:92:0:1:0:92:3:0:undefined:undefined","labelName":"eS2knCRgLegeRw8bcmSWA","labelItem":{"id":"eS2knCRgLegeRw8bcmSWA","labelName":"Skill"},"textPosition":{"start":{"row":1,"column":0,"tokenIndex":92,"charIndex":0},"end":{"row":1,"column":0,"tokenIndex":92,"charIndex":3}},"confidenceScore":null},{"id":"1663413247","labeledBy":"AUTO","labeledByUserId":null,"acceptedByUserId":null,"rejectedByUserId":null,"layer":0,"counter":0,"status":"LABELED","hashCode":"SPAN:SJEkdao76hjwbb6Fh5SY6:0:1:0:93:0:1:0:94:6:0:undefined:undefined","labelName":"SJEkdao76hjwbb6Fh5SY6","labelItem":{"id":"SJEkdao76hjwbb6Fh5SY6","labelName":"Job Title"},"textPosition":{"start":{"row":1,"column":0,"tokenIndex":93,"charIndex":0},"end":{"row":1,"column":0,"tokenIndex":94,"charIndex":6}},"confidenceScore":null},{"id":"1663413250","labeledBy":"AUTO","labeledByUserId":null,"acceptedByUserId":null,"rejectedByUserId":null,"layer":0,"counter":0,"status":"LABELED","hashCode":"SPAN:rj7TW0-ymuRo6f_asXJab:0:1:0:95:0:1:0:96:6:0:undefined:undefined","labelName":"rj7TW0-ymuRo6f_asXJab","labelItem":{"id":"rj7TW0-ymuRo6f_asXJab","labelName":"Company Name"},"textPosition":{"start":{"row":1,"column":0,"tokenIndex":95,"charIndex":0},"end":{"row":1,"column":0,"tokenIndex":96,"charIndex":6}},"confidenceScore":null},{"id":"1663413253","labeledBy":"AUTO","labeledByUserId":null,"acceptedByUserId":null,"rejectedByUserId":null,"layer":0,"counter":0,"status":"LABELED","hashCode":"SPAN:1R0C50AAwFbEp2O0WmRv6:0:1:0:98:0:1:0:98:12:0:undefined:undefined","labelName":"1R0C50AAwFbEp2O0WmRv6","labelItem":{"id":"1R0C50AAwFbEp2O0WmRv6","labelName":"Location"},"textPosition":{"start":{"row":1,"column":0,"tokenIndex":98,"charIndex":0},"end":{"row":1,"column":0,"tokenIndex":98,"charIndex":12}},"confidenceScore":null},{"id":"1663413256","labeledBy":"AUTO","labeledByUserId":null,"acceptedByUserId":null,"rejectedByUserId":null,"layer":0,"counter":0,"status":"LABELED","hashCode":"SPAN:1R0C50AAwFbEp2O0WmRv6:0:1:0:99:0:1:0:99:1:0:undefined:undefined","labelName":"1R0C50AAwFbEp2O0WmRv6","labelItem":{"id":"1R0C50AAwFbEp2O0WmRv6","labelName":"Location"},"textPosition":{"start":{"row":1,"column":0,"tokenIndex":99,"charIndex":0},"end":{"row":1,"column":0,"tokenIndex":99,"charIndex":1}},"confidenceScore":null},{"id":"1663413259","labeledBy":"AUTO","labeledByUserId":null,"acceptedByUserId":null,"rejectedByUserId":null,"layer":0,"counter":0,"status":"LABELED","hashCode":"SPAN:52S_6moRfhjC-yXgIBeCp:0:1:0:100:0:1:0:101:3:0:undefined:undefined","labelName":"52S_6moRfhjC-yXgIBeCp","labelItem":{"id":"52S_6moRfhjC-yXgIBeCp","labelName":"Date"},"textPosition":{"start":{"row":1,"column":0,"tokenIndex":100,"charIndex":0},"end":{"row":1,"column":0,"tokenIndex":101,"charIndex":3}},"confidenceScore":null},{"id":"1663413262","labeledBy":"AUTO","labeledByUserId":null,"acceptedByUserId":null,"rejectedByUserId":null,"layer":0,"counter":0,"status":"LABELED","hashCode":"SPAN:52S_6moRfhjC-yXgIBeCp:0:1:0:103:0:1:0:104:3:0:undefined:undefined","labelName":"52S_6moRfhjC-yXgIBeCp","labelItem":{"id":"52S_6moRfhjC-yXgIBeCp","labelName":"Date"},"textPosition":{"start":{"row":1,"column":0,"tokenIndex":103,"charIndex":0},"end":{"row":1,"column":0,"tokenIndex":104,"charIndex":3}},"confidenceScore":null},{"id":"1663413265","labeledBy":"AUTO","labeledByUserId":null,"acceptedByUserId":null,"rejectedByUserId":null,"layer":0,"counter":0,"status":"LABELED","hashCode":"SPAN:eS2knCRgLegeRw8bcmSWA:0:1:0:106:0:1:0:106:2:0:undefined:undefined","labelName":"eS2knCRgLegeRw8bcmSWA","labelItem":{"id":"eS2knCRgLegeRw8bcmSWA","labelName":"Skill"},"textPosition":{"start":{"row":1,"column":0,"tokenIndex":106,"charIndex":0},"end":{"row":1,"column":0,"tokenIndex":106,"charIndex":2}},"confidenceScore":null},{"id":"1663413268","labeledBy":"AUTO","labeledByUserId":null,"acceptedByUserId":null,"rejectedByUserId":null,"layer":0,"counter":0,"status":"LABELED","hashCode":"SPAN:eS2knCRgLegeRw8bcmSWA:0:1:0:121:0:1:0:122:9:0:undefined:undefined","labelName":"eS2knCRgLegeRw8bcmSWA","labelItem":{"id":"eS2knCRgLegeRw8bcmSWA","labelName":"Skill"},"textPosition":{"start":{"row":1,"column":0,"tokenIndex":121,"charIndex":0},"end":{"row":1,"column":0,"tokenIndex":122,"charIndex":9}},"confidenceScore":null},{"id":"1663413271","labeledBy":"AUTO","labeledByUserId":null,"acceptedByUserId":null,"rejectedByUserId":null,"layer":0,"counter":0,"status":"LABELED","hashCode":"SPAN:eS2knCRgLegeRw8bcmSWA:0:1:0:124:0:1:0:126:6:0:undefined:undefined","labelName":"eS2knCRgLegeRw8bcmSWA","labelItem":{"id":"eS2knCRgLegeRw8bcmSWA","labelName":"Skill"},"textPosition":{"start":{"row":1,"column":0,"tokenIndex":124,"charIndex":0},"end":{"row":1,"column":0,"tokenIndex":126,"charIndex":6}},"confidenceScore":null},{"id":"1663413277","labeledBy":"AUTO","labeledByUserId":null,"acceptedByUserId":null,"rejectedByUserId":null,"layer":0,"counter":0,"status":"LABELED","hashCode":"SPAN:eS2knCRgLegeRw8bcmSWA:0:1:0:137:0:1:0:137:3:0:undefined:undefined","labelName":"eS2knCRgLegeRw8bcmSWA","labelItem":{"id":"eS2knCRgLegeRw8bcmSWA","labelName":"Skill"},"textPosition":{"start":{"row":1,"column":0,"tokenIndex":137,"charIndex":0},"end":{"row":1,"column":0,"tokenIndex":137,"charIndex":3}},"confidenceScore":null},{"id":"1663413284","labeledBy":"AUTO","labeledByUserId":null,"acceptedByUserId":null,"rejectedByUserId":null,"layer":0,"counter":0,"status":"LABELED","hashCode":"SPAN:eS2knCRgLegeRw8bcmSWA:0:1:0:146:0:1:0:148:11:0:undefined:undefined","labelName":"eS2knCRgLegeRw8bcmSWA","labelItem":{"id":"eS2knCRgLegeRw8bcmSWA","labelName":"Skill"},"textPosition":{"start":{"row":1,"column":0,"tokenIndex":146,"charIndex":0},"end":{"row":1,"column":0,"tokenIndex":148,"charIndex":11}},"confidenceScore":null},{"id":"1663413289","labeledBy":"AUTO","labeledByUserId":null,"acceptedByUserId":null,"rejectedByUserId":null,"layer":0,"counter":0,"status":"LABELED","hashCode":"SPAN:eS2knCRgLegeRw8bcmSWA:0:1:0:149:0:1:0:149:2:0:undefined:undefined","labelName":"eS2knCRgLegeRw8bcmSWA","labelItem":{"id":"eS2knCRgLegeRw8bcmSWA","labelName":"Skill"},"textPosition":{"start":{"row":1,"column":0,"tokenIndex":149,"charIndex":0},"end":{"row":1,"column":0,"tokenIndex":149,"charIndex":2}},"confidenceScore":null},{"id":"1663413287","labeledBy":"AUTO","labeledByUserId":null,"acceptedByUserId":null,"rejectedByUserId":null,"layer":0,"counter":0,"status":"LABELED","hashCode":"SPAN:eS2knCRgLegeRw8bcmSWA:0:1:0:150:0:1:0:150:5:0:undefined:undefined","labelName":"eS2knCRgLegeRw8bcmSWA","labelItem":{"id":"eS2knCRgLegeRw8bcmSWA","labelName":"Skill"},"textPosition":{"start":{"row":1,"column":0,"tokenIndex":150,"charIndex":0},"end":{"row":1,"column":0,"tokenIndex":150,"charIndex":5}},"confidenceScore":null},{"id":"1663413292","labeledBy":"AUTO","labeledByUserId":null,"acceptedByUserId":null,"rejectedByUserId":null,"layer":0,"counter":0,"status":"LABELED","hashCode":"SPAN:eS2knCRgLegeRw8bcmSWA:0:1:0:152:0:1:0:152:9:0:undefined:undefined","labelName":"eS2knCRgLegeRw8bcmSWA","labelItem":{"id":"eS2knCRgLegeRw8bcmSWA","labelName":"Skill"},"textPosition":{"start":{"row":1,"column":0,"tokenIndex":152,"charIndex":0},"end":{"row":1,"column":0,"tokenIndex":152,"charIndex":9}},"confidenceScore":null},{"id":"1663413295","labeledBy":"AUTO","labeledByUserId":null,"acceptedByUserId":null,"rejectedByUserId":null,"layer":0,"counter":0,"status":"LABELED","hashCode":"SPAN:eS2knCRgLegeRw8bcmSWA:0:1:0:160:0:1:0:160:3:0:undefined:undefined","labelName":"eS2knCRgLegeRw8bcmSWA","labelItem":{"id":"eS2knCRgLegeRw8bcmSWA","labelName":"Skill"},"textPosition":{"start":{"row":1,"column":0,"tokenIndex":160,"charIndex":0},"end":{"row":1,"column":0,"tokenIndex":160,"charIndex":3}},"confidenceScore":null},{"id":"1663413301","labeledBy":"AUTO","labeledByUserId":null,"acceptedByUserId":null,"rejectedByUserId":null,"layer":0,"counter":0,"status":"LABELED","hashCode":"SPAN:eS2knCRgLegeRw8bcmSWA:0:1:0:182:0:1:0:182:2:0:undefined:undefined","labelName":"eS2knCRgLegeRw8bcmSWA","labelItem":{"id":"eS2knCRgLegeRw8bcmSWA","labelName":"Skill"},"textPosition":{"start":{"row":1,"column":0,"tokenIndex":182,"charIndex":0},"end":{"row":1,"column":0,"tokenIndex":182,"charIndex":2}},"confidenceScore":null},{"id":"1663413304","labeledBy":"AUTO","labeledByUserId":null,"acceptedByUserId":null,"rejectedByUserId":null,"layer":0,"counter":0,"status":"LABELED","hashCode":"SPAN:eS2knCRgLegeRw8bcmSWA:0:1:0:196:0:1:0:196:1:0:undefined:undefined","labelName":"eS2knCRgLegeRw8bcmSWA","labelItem":{"id":"eS2knCRgLegeRw8bcmSWA","labelName":"Skill"},"textPosition":{"start":{"row":1,"column":0,"tokenIndex":196,"charIndex":0},"end":{"row":1,"column":0,"tokenIndex":196,"charIndex":1}},"confidenceScore":null},{"id":"1663413313","labeledBy":"AUTO","labeledByUserId":null,"acceptedByUserId":null,"rejectedByUserId":null,"layer":0,"counter":0,"status":"LABELED","hashCode":"SPAN:SJEkdao76hjwbb6Fh5SY6:0:2:0:39:0:2:0:41:6:0:undefined:undefined","labelName":"SJEkdao76hjwbb6Fh5SY6","labelItem":{"id":"SJEkdao76hjwbb6Fh5SY6","labelName":"Job Title"},"textPosition":{"start":{"row":2,"column":0,"tokenIndex":39,"charIndex":0},"end":{"row":2,"column":0,"tokenIndex":41,"charIndex":6}},"confidenceScore":null},{"id":"1663413316","labeledBy":"AUTO","labeledByUserId":null,"acceptedByUserId":null,"rejectedByUserId":null,"layer":0,"counter":0,"status":"LABELED","hashCode":"SPAN:rj7TW0-ymuRo6f_asXJab:0:2:0:42:0:2:0:44:2:0:undefined:undefined","labelName":"rj7TW0-ymuRo6f_asXJab","labelItem":{"id":"rj7TW0-ymuRo6f_asXJab","labelName":"Company Name"},"textPosition":{"start":{"row":2,"column":0,"tokenIndex":42,"charIndex":0},"end":{"row":2,"column":0,"tokenIndex":44,"charIndex":2}},"confidenceScore":null},{"id":"1663413319","labeledBy":"AUTO","labeledByUserId":null,"acceptedByUserId":null,"rejectedByUserId":null,"layer":0,"counter":0,"status":"LABELED","hashCode":"SPAN:1R0C50AAwFbEp2O0WmRv6:0:2:0:46:0:2:0:46:12:0:undefined:undefined","labelName":"1R0C50AAwFbEp2O0WmRv6","labelItem":{"id":"1R0C50AAwFbEp2O0WmRv6","labelName":"Location"},"textPosition":{"start":{"row":2,"column":0,"tokenIndex":46,"charIndex":0},"end":{"row":2,"column":0,"tokenIndex":46,"charIndex":12}},"confidenceScore":null},{"id":"1663413325","labeledBy":"AUTO","labeledByUserId":null,"acceptedByUserId":null,"rejectedByUserId":null,"layer":0,"counter":0,"status":"LABELED","hashCode":"SPAN:1R0C50AAwFbEp2O0WmRv6:0:2:0:47:0:2:0:47:1:0:undefined:undefined","labelName":"1R0C50AAwFbEp2O0WmRv6","labelItem":{"id":"1R0C50AAwFbEp2O0WmRv6","labelName":"Location"},"textPosition":{"start":{"row":2,"column":0,"tokenIndex":47,"charIndex":0},"end":{"row":2,"column":0,"tokenIndex":47,"charIndex":1}},"confidenceScore":null},{"id":"1663413328","labeledBy":"AUTO","labeledByUserId":null,"acceptedByUserId":null,"rejectedByUserId":null,"layer":0,"counter":0,"status":"LABELED","hashCode":"SPAN:52S_6moRfhjC-yXgIBeCp:0:2:0:48:0:2:0:49:3:0:undefined:undefined","labelName":"52S_6moRfhjC-yXgIBeCp","labelItem":{"id":"52S_6moRfhjC-yXgIBeCp","labelName":"Date"},"textPosition":{"start":{"row":2,"column":0,"tokenIndex":48,"charIndex":0},"end":{"row":2,"column":0,"tokenIndex":49,"charIndex":3}},"confidenceScore":null},{"id":"1663413331","labeledBy":"AUTO","labeledByUserId":null,"acceptedByUserId":null,"rejectedByUserId":null,"layer":0,"counter":0,"status":"LABELED","hashCode":"SPAN:52S_6moRfhjC-yXgIBeCp:0:2:0:50:0:2:0:52:3:0:undefined:undefined","labelName":"52S_6moRfhjC-yXgIBeCp","labelItem":{"id":"52S_6moRfhjC-yXgIBeCp","labelName":"Date"},"textPosition":{"start":{"row":2,"column":0,"tokenIndex":50,"charIndex":0},"end":{"row":2,"column":0,"tokenIndex":52,"charIndex":3}},"confidenceScore":null},{"id":"1663413337","labeledBy":"AUTO","labeledByUserId":null,"acceptedByUserId":null,"rejectedByUserId":null,"layer":0,"counter":0,"status":"LABELED","hashCode":"SPAN:eS2knCRgLegeRw8bcmSWA:0:2:0:67:0:2:0:68:12:0:undefined:undefined","labelName":"eS2knCRgLegeRw8bcmSWA","labelItem":{"id":"eS2knCRgLegeRw8bcmSWA","labelName":"Skill"},"textPosition":{"start":{"row":2,"column":0,"tokenIndex":67,"charIndex":0},"end":{"row":2,"column":0,"tokenIndex":68,"charIndex":12}},"confidenceScore":null},{"id":"1663413343","labeledBy":"AUTO","labeledByUserId":null,"acceptedByUserId":null,"rejectedByUserId":null,"layer":0,"counter":0,"status":"LABELED","hashCode":"SPAN:eS2knCRgLegeRw8bcmSWA:0:2:0:84:0:2:0:85:8:0:undefined:undefined","labelName":"eS2knCRgLegeRw8bcmSWA","labelItem":{"id":"eS2knCRgLegeRw8bcmSWA","labelName":"Skill"},"textPosition":{"start":{"row":2,"column":0,"tokenIndex":84,"charIndex":0},"end":{"row":2,"column":0,"tokenIndex":85,"charIndex":8}},"confidenceScore":null},{"id":"1663413346","labeledBy":"AUTO","labeledByUserId":null,"acceptedByUserId":null,"rejectedByUserId":null,"layer":0,"counter":0,"status":"LABELED","hashCode":"SPAN:eS2knCRgLegeRw8bcmSWA:0:2:0:89:0:2:0:90:9:0:undefined:undefined","labelName":"eS2knCRgLegeRw8bcmSWA","labelItem":{"id":"eS2knCRgLegeRw8bcmSWA","labelName":"Skill"},"textPosition":{"start":{"row":2,"column":0,"tokenIndex":89,"charIndex":0},"end":{"row":2,"column":0,"tokenIndex":90,"charIndex":9}},"confidenceScore":null},{"id":"1663413355","labeledBy":"AUTO","labeledByUserId":null,"acceptedByUserId":null,"rejectedByUserId":null,"layer":0,"counter":0,"status":"LABELED","hashCode":"SPAN:eS2knCRgLegeRw8bcmSWA:0:2:0:99:0:2:0:100:6:0:undefined:undefined","labelName":"eS2knCRgLegeRw8bcmSWA","labelItem":{"id":"eS2knCRgLegeRw8bcmSWA","labelName":"Skill"},"textPosition":{"start":{"row":2,"column":0,"tokenIndex":99,"charIndex":0},"end":{"row":2,"column":0,"tokenIndex":100,"charIndex":6}},"confidenceScore":null},{"id":"1663413358","labeledBy":"AUTO","labeledByUserId":null,"acceptedByUserId":null,"rejectedByUserId":null,"layer":0,"counter":0,"status":"LABELED","hashCode":"SPAN:eS2knCRgLegeRw8bcmSWA:0:2:0:111:0:2:0:111:3:0:undefined:undefined","labelName":"eS2knCRgLegeRw8bcmSWA","labelItem":{"id":"eS2knCRgLegeRw8bcmSWA","labelName":"Skill"},"textPosition":{"start":{"row":2,"column":0,"tokenIndex":111,"charIndex":0},"end":{"row":2,"column":0,"tokenIndex":111,"charIndex":3}},"confidenceScore":null},{"id":"1663413364","labeledBy":"AUTO","labeledByUserId":null,"acceptedByUserId":null,"rejectedByUserId":null,"layer":0,"counter":0,"status":"LABELED","hashCode":"SPAN:eS2knCRgLegeRw8bcmSWA:0:2:0:122:0:2:0:122:11:0:undefined:undefined","labelName":"eS2knCRgLegeRw8bcmSWA","labelItem":{"id":"eS2knCRgLegeRw8bcmSWA","labelName":"Skill"},"textPosition":{"start":{"row":2,"column":0,"tokenIndex":122,"charIndex":0},"end":{"row":2,"column":0,"tokenIndex":122,"charIndex":11}},"confidenceScore":null},{"id":"1663413367","labeledBy":"AUTO","labeledByUserId":null,"acceptedByUserId":null,"rejectedByUserId":null,"layer":0,"counter":0,"status":"LABELED","hashCode":"SPAN:eS2knCRgLegeRw8bcmSWA:0:2:0:123:0:2:0:123:2:0:undefined:undefined","labelName":"eS2knCRgLegeRw8bcmSWA","labelItem":{"id":"eS2knCRgLegeRw8bcmSWA","labelName":"Skill"},"textPosition":{"start":{"row":2,"column":0,"tokenIndex":123,"charIndex":0},"end":{"row":2,"column":0,"tokenIndex":123,"charIndex":2}},"confidenceScore":null},{"id":"1663413370","labeledBy":"AUTO","labeledByUserId":null,"acceptedByUserId":null,"rejectedByUserId":null,"layer":0,"counter":0,"status":"LABELED","hashCode":"SPAN:eS2knCRgLegeRw8bcmSWA:0:2:0:124:0:2:0:124:5:0:undefined:undefined","labelName":"eS2knCRgLegeRw8bcmSWA","labelItem":{"id":"eS2knCRgLegeRw8bcmSWA","labelName":"Skill"},"textPosition":{"start":{"row":2,"column":0,"tokenIndex":124,"charIndex":0},"end":{"row":2,"column":0,"tokenIndex":124,"charIndex":5}},"confidenceScore":null},{"id":"1663413373","labeledBy":"AUTO","labeledByUserId":null,"acceptedByUserId":null,"rejectedByUserId":null,"layer":0,"counter":0,"status":"LABELED","hashCode":"SPAN:eS2knCRgLegeRw8bcmSWA:0:2:0:175:0:2:0:175:3:0:undefined:undefined","labelName":"eS2knCRgLegeRw8bcmSWA","labelItem":{"id":"eS2knCRgLegeRw8bcmSWA","labelName":"Skill"},"textPosition":{"start":{"row":2,"column":0,"tokenIndex":175,"charIndex":0},"end":{"row":2,"column":0,"tokenIndex":175,"charIndex":3}},"confidenceScore":null},{"id":"1663413376","labeledBy":"AUTO","labeledByUserId":null,"acceptedByUserId":null,"rejectedByUserId":null,"layer":0,"counter":0,"status":"LABELED","hashCode":"SPAN:eS2knCRgLegeRw8bcmSWA:0:2:0:192:0:2:0:192:3:0:undefined:undefined","labelName":"eS2knCRgLegeRw8bcmSWA","labelItem":{"id":"eS2knCRgLegeRw8bcmSWA","labelName":"Skill"},"textPosition":{"start":{"row":2,"column":0,"tokenIndex":192,"charIndex":0},"end":{"row":2,"column":0,"tokenIndex":192,"charIndex":3}},"confidenceScore":null},{"id":"1663413379","labeledBy":"AUTO","labeledByUserId":null,"acceptedByUserId":null,"rejectedByUserId":null,"layer":0,"counter":0,"status":"LABELED","hashCode":"SPAN:eS2knCRgLegeRw8bcmSWA:0:2:0:196:0:2:0:196:2:0:undefined:undefined","labelName":"eS2knCRgLegeRw8bcmSWA","labelItem":{"id":"eS2knCRgLegeRw8bcmSWA","labelName":"Skill"},"textPosition":{"start":{"row":2,"column":0,"tokenIndex":196,"charIndex":0},"end":{"row":2,"column":0,"tokenIndex":196,"charIndex":2}},"confidenceScore":null},{"id":"1663413403","labeledBy":"AUTO","labeledByUserId":null,"acceptedByUserId":null,"rejectedByUserId":null,"layer":0,"counter":0,"status":"LABELED","hashCode":"SPAN:SJEkdao76hjwbb6Fh5SY6:0:5:0:9:0:5:0:11:6:0:undefined:undefined","labelName":"SJEkdao76hjwbb6Fh5SY6","labelItem":{"id":"SJEkdao76hjwbb6Fh5SY6","labelName":"Job Title"},"textPosition":{"start":{"row":5,"column":0,"tokenIndex":9,"charIndex":0},"end":{"row":5,"column":0,"tokenIndex":11,"charIndex":6}},"confidenceScore":null},{"id":"1663413412","labeledBy":"AUTO","labeledByUserId":null,"acceptedByUserId":null,"rejectedByUserId":null,"layer":0,"counter":0,"status":"LABELED","hashCode":"SPAN:rj7TW0-ymuRo6f_asXJab:0:5:0:12:0:5:0:12:10:0:undefined:undefined","labelName":"rj7TW0-ymuRo6f_asXJab","labelItem":{"id":"rj7TW0-ymuRo6f_asXJab","labelName":"Company Name"},"textPosition":{"start":{"row":5,"column":0,"tokenIndex":12,"charIndex":0},"end":{"row":5,"column":0,"tokenIndex":12,"charIndex":10}},"confidenceScore":null},{"id":"1663413418","labeledBy":"AUTO","labeledByUserId":null,"acceptedByUserId":null,"rejectedByUserId":null,"layer":0,"counter":0,"status":"LABELED","hashCode":"SPAN:1R0C50AAwFbEp2O0WmRv6:0:5:0:14:0:5:0:14:6:0:undefined:undefined","labelName":"1R0C50AAwFbEp2O0WmRv6","labelItem":{"id":"1R0C50AAwFbEp2O0WmRv6","labelName":"Location"},"textPosition":{"start":{"row":5,"column":0,"tokenIndex":14,"charIndex":0},"end":{"row":5,"column":0,"tokenIndex":14,"charIndex":6}},"confidenceScore":null},{"id":"1663413421","labeledBy":"AUTO","labeledByUserId":null,"acceptedByUserId":null,"rejectedByUserId":null,"layer":0,"counter":0,"status":"LABELED","hashCode":"SPAN:1R0C50AAwFbEp2O0WmRv6:0:5:0:15:0:5:0:15:1:0:undefined:undefined","labelName":"1R0C50AAwFbEp2O0WmRv6","labelItem":{"id":"1R0C50AAwFbEp2O0WmRv6","labelName":"Location"},"textPosition":{"start":{"row":5,"column":0,"tokenIndex":15,"charIndex":0},"end":{"row":5,"column":0,"tokenIndex":15,"charIndex":1}},"confidenceScore":null},{"id":"1663413433","labeledBy":"AUTO","labeledByUserId":null,"acceptedByUserId":null,"rejectedByUserId":null,"layer":0,"counter":0,"status":"LABELED","hashCode":"SPAN:52S_6moRfhjC-yXgIBeCp:0:5:0:16:0:5:0:17:3:0:undefined:undefined","labelName":"52S_6moRfhjC-yXgIBeCp","labelItem":{"id":"52S_6moRfhjC-yXgIBeCp","labelName":"Date"},"textPosition":{"start":{"row":5,"column":0,"tokenIndex":16,"charIndex":0},"end":{"row":5,"column":0,"tokenIndex":17,"charIndex":3}},"confidenceScore":null},{"id":"1663413437","labeledBy":"AUTO","labeledByUserId":null,"acceptedByUserId":null,"rejectedByUserId":null,"layer":0,"counter":0,"status":"LABELED","hashCode":"SPAN:52S_6moRfhjC-yXgIBeCp:0:5:0:19:0:5:0:20:3:0:undefined:undefined","labelName":"52S_6moRfhjC-yXgIBeCp","labelItem":{"id":"52S_6moRfhjC-yXgIBeCp","labelName":"Date"},"textPosition":{"start":{"row":5,"column":0,"tokenIndex":19,"charIndex":0},"end":{"row":5,"column":0,"tokenIndex":20,"charIndex":3}},"confidenceScore":null},{"id":"1663413453","labeledBy":"AUTO","labeledByUserId":null,"acceptedByUserId":null,"rejectedByUserId":null,"layer":0,"counter":0,"status":"LABELED","hashCode":"SPAN:eS2knCRgLegeRw8bcmSWA:0:5:0:26:0:5:0:26:3:0:undefined:undefined","labelName":"eS2knCRgLegeRw8bcmSWA","labelItem":{"id":"eS2knCRgLegeRw8bcmSWA","labelName":"Skill"},"textPosition":{"start":{"row":5,"column":0,"tokenIndex":26,"charIndex":0},"end":{"row":5,"column":0,"tokenIndex":26,"charIndex":3}},"confidenceScore":null},{"id":"1663413463","labeledBy":"AUTO","labeledByUserId":null,"acceptedByUserId":null,"rejectedByUserId":null,"layer":0,"counter":0,"status":"LABELED","hashCode":"SPAN:eS2knCRgLegeRw8bcmSWA:0:5:0:39:0:5:0:40:5:0:undefined:undefined","labelName":"eS2knCRgLegeRw8bcmSWA","labelItem":{"id":"eS2knCRgLegeRw8bcmSWA","labelName":"Skill"},"textPosition":{"start":{"row":5,"column":0,"tokenIndex":39,"charIndex":0},"end":{"row":5,"column":0,"tokenIndex":40,"charIndex":5}},"confidenceScore":null},{"id":"1663413475","labeledBy":"AUTO","labeledByUserId":null,"acceptedByUserId":null,"rejectedByUserId":null,"layer":0,"counter":0,"status":"LABELED","hashCode":"SPAN:eS2knCRgLegeRw8bcmSWA:0:5:0:50:0:5:0:50:3:0:undefined:undefined","labelName":"eS2knCRgLegeRw8bcmSWA","labelItem":{"id":"eS2knCRgLegeRw8bcmSWA","labelName":"Skill"},"textPosition":{"start":{"row":5,"column":0,"tokenIndex":50,"charIndex":0},"end":{"row":5,"column":0,"tokenIndex":50,"charIndex":3}},"confidenceScore":null},{"id":"1663413482","labeledBy":"AUTO","labeledByUserId":null,"acceptedByUserId":null,"rejectedByUserId":null,"layer":0,"counter":0,"status":"LABELED","hashCode":"SPAN:eS2knCRgLegeRw8bcmSWA:0:5:0:51:0:5:0:51:1:0:undefined:undefined","labelName":"eS2knCRgLegeRw8bcmSWA","labelItem":{"id":"eS2knCRgLegeRw8bcmSWA","labelName":"Skill"},"textPosition":{"start":{"row":5,"column":0,"tokenIndex":51,"charIndex":0},"end":{"row":5,"column":0,"tokenIndex":51,"charIndex":1}},"confidenceScore":null},{"id":"1663413490","labeledBy":"AUTO","labeledByUserId":null,"acceptedByUserId":null,"rejectedByUserId":null,"layer":0,"counter":0,"status":"LABELED","hashCode":"SPAN:eS2knCRgLegeRw8bcmSWA:0:5:0:52:0:5:0:52:7:0:undefined:undefined","labelName":"eS2knCRgLegeRw8bcmSWA","labelItem":{"id":"eS2knCRgLegeRw8bcmSWA","labelName":"Skill"},"textPosition":{"start":{"row":5,"column":0,"tokenIndex":52,"charIndex":0},"end":{"row":5,"column":0,"tokenIndex":52,"charIndex":7}},"confidenceScore":null},{"id":"1663413511","labeledBy":"AUTO","labeledByUserId":null,"acceptedByUserId":null,"rejectedByUserId":null,"layer":0,"counter":0,"status":"LABELED","hashCode":"SPAN:SJEkdao76hjwbb6Fh5SY6:0:5:0:105:0:5:0:106:10:0:undefined:undefined","labelName":"SJEkdao76hjwbb6Fh5SY6","labelItem":{"id":"SJEkdao76hjwbb6Fh5SY6","labelName":"Job Title"},"textPosition":{"start":{"row":5,"column":0,"tokenIndex":105,"charIndex":0},"end":{"row":5,"column":0,"tokenIndex":106,"charIndex":10}},"confidenceScore":null},{"id":"1663413514","labeledBy":"AUTO","labeledByUserId":null,"acceptedByUserId":null,"rejectedByUserId":null,"layer":0,"counter":0,"status":"LABELED","hashCode":"SPAN:rj7TW0-ymuRo6f_asXJab:0:5:0:107:0:5:0:107:4:0:undefined:undefined","labelName":"rj7TW0-ymuRo6f_asXJab","labelItem":{"id":"rj7TW0-ymuRo6f_asXJab","labelName":"Company Name"},"textPosition":{"start":{"row":5,"column":0,"tokenIndex":107,"charIndex":0},"end":{"row":5,"column":0,"tokenIndex":107,"charIndex":4}},"confidenceScore":null},{"id":"1663413517","labeledBy":"AUTO","labeledByUserId":null,"acceptedByUserId":null,"rejectedByUserId":null,"layer":0,"counter":0,"status":"LABELED","hashCode":"SPAN:1R0C50AAwFbEp2O0WmRv6:0:5:0:109:0:5:0:109:6:0:undefined:undefined","labelName":"1R0C50AAwFbEp2O0WmRv6","labelItem":{"id":"1R0C50AAwFbEp2O0WmRv6","labelName":"Location"},"textPosition":{"start":{"row":5,"column":0,"tokenIndex":109,"charIndex":0},"end":{"row":5,"column":0,"tokenIndex":109,"charIndex":6}},"confidenceScore":null},{"id":"1663413520","labeledBy":"AUTO","labeledByUserId":null,"acceptedByUserId":null,"rejectedByUserId":null,"layer":0,"counter":0,"status":"LABELED","hashCode":"SPAN:1R0C50AAwFbEp2O0WmRv6:0:5:0:110:0:5:0:110:1:0:undefined:undefined","labelName":"1R0C50AAwFbEp2O0WmRv6","labelItem":{"id":"1R0C50AAwFbEp2O0WmRv6","labelName":"Location"},"textPosition":{"start":{"row":5,"column":0,"tokenIndex":110,"charIndex":0},"end":{"row":5,"column":0,"tokenIndex":110,"charIndex":1}},"confidenceScore":null},{"id":"1663413526","labeledBy":"AUTO","labeledByUserId":null,"acceptedByUserId":null,"rejectedByUserId":null,"layer":0,"counter":0,"status":"LABELED","hashCode":"SPAN:52S_6moRfhjC-yXgIBeCp:0:5:0:111:0:5:0:112:3:0:undefined:undefined","labelName":"52S_6moRfhjC-yXgIBeCp","labelItem":{"id":"52S_6moRfhjC-yXgIBeCp","labelName":"Date"},"textPosition":{"start":{"row":5,"column":0,"tokenIndex":111,"charIndex":0},"end":{"row":5,"column":0,"tokenIndex":112,"charIndex":3}},"confidenceScore":null},{"id":"1663413529","labeledBy":"AUTO","labeledByUserId":null,"acceptedByUserId":null,"rejectedByUserId":null,"layer":0,"counter":0,"status":"LABELED","hashCode":"SPAN:52S_6moRfhjC-yXgIBeCp:0:5:0:114:0:5:0:115:3:0:undefined:undefined","labelName":"52S_6moRfhjC-yXgIBeCp","labelItem":{"id":"52S_6moRfhjC-yXgIBeCp","labelName":"Date"},"textPosition":{"start":{"row":5,"column":0,"tokenIndex":114,"charIndex":0},"end":{"row":5,"column":0,"tokenIndex":115,"charIndex":3}},"confidenceScore":null},{"id":"1663413532","labeledBy":"AUTO","labeledByUserId":null,"acceptedByUserId":null,"rejectedByUserId":null,"layer":0,"counter":0,"status":"LABELED","hashCode":"SPAN:eS2knCRgLegeRw8bcmSWA:0:5:0:116:0:5:0:116:10:0:undefined:undefined","labelName":"eS2knCRgLegeRw8bcmSWA","labelItem":{"id":"eS2knCRgLegeRw8bcmSWA","labelName":"Skill"},"textPosition":{"start":{"row":5,"column":0,"tokenIndex":116,"charIndex":0},"end":{"row":5,"column":0,"tokenIndex":116,"charIndex":10}},"confidenceScore":null},{"id":"1663413538","labeledBy":"AUTO","labeledByUserId":null,"acceptedByUserId":null,"rejectedByUserId":null,"layer":0,"counter":0,"status":"LABELED","hashCode":"SPAN:eS2knCRgLegeRw8bcmSWA:0:5:0:119:0:5:0:119:4:0:undefined:undefined","labelName":"eS2knCRgLegeRw8bcmSWA","labelItem":{"id":"eS2knCRgLegeRw8bcmSWA","labelName":"Skill"},"textPosition":{"start":{"row":5,"column":0,"tokenIndex":119,"charIndex":0},"end":{"row":5,"column":0,"tokenIndex":119,"charIndex":4}},"confidenceScore":null},{"id":"1663413544","labeledBy":"AUTO","labeledByUserId":null,"acceptedByUserId":null,"rejectedByUserId":null,"layer":0,"counter":0,"status":"LABELED","hashCode":"SPAN:eS2knCRgLegeRw8bcmSWA:0:5:0:146:0:5:0:147:4:0:undefined:undefined","labelName":"eS2knCRgLegeRw8bcmSWA","labelItem":{"id":"eS2knCRgLegeRw8bcmSWA","labelName":"Skill"},"textPosition":{"start":{"row":5,"column":0,"tokenIndex":146,"charIndex":0},"end":{"row":5,"column":0,"tokenIndex":147,"charIndex":4}},"confidenceScore":null},{"id":"1663413547","labeledBy":"AUTO","labeledByUserId":null,"acceptedByUserId":null,"rejectedByUserId":null,"layer":0,"counter":0,"status":"LABELED","hashCode":"SPAN:eS2knCRgLegeRw8bcmSWA:0:5:0:149:0:5:0:149:1:0:undefined:undefined","labelName":"eS2knCRgLegeRw8bcmSWA","labelItem":{"id":"eS2knCRgLegeRw8bcmSWA","labelName":"Skill"},"textPosition":{"start":{"row":5,"column":0,"tokenIndex":149,"charIndex":0},"end":{"row":5,"column":0,"tokenIndex":149,"charIndex":1}},"confidenceScore":null},{"id":"1663413550","labeledBy":"AUTO","labeledByUserId":null,"acceptedByUserId":null,"rejectedByUserId":null,"layer":0,"counter":0,"status":"LABELED","hashCode":"SPAN:eS2knCRgLegeRw8bcmSWA:0:5:0:151:0:5:0:151:5:0:undefined:undefined","labelName":"eS2knCRgLegeRw8bcmSWA","labelItem":{"id":"eS2knCRgLegeRw8bcmSWA","labelName":"Skill"},"textPosition":{"start":{"row":5,"column":0,"tokenIndex":151,"charIndex":0},"end":{"row":5,"column":0,"tokenIndex":151,"charIndex":5}},"confidenceScore":null},{"id":"1663413556","labeledBy":"AUTO","labeledByUserId":null,"acceptedByUserId":null,"rejectedByUserId":null,"layer":0,"counter":0,"status":"LABELED","hashCode":"SPAN:eS2knCRgLegeRw8bcmSWA:0:5:0:181:0:5:0:181:14:0:undefined:undefined","labelName":"eS2knCRgLegeRw8bcmSWA","labelItem":{"id":"eS2knCRgLegeRw8bcmSWA","labelName":"Skill"},"textPosition":{"start":{"row":5,"column":0,"tokenIndex":181,"charIndex":0},"end":{"row":5,"column":0,"tokenIndex":181,"charIndex":14}},"confidenceScore":null},{"id":"1663413568","labeledBy":"AUTO","labeledByUserId":null,"acceptedByUserId":null,"rejectedByUserId":null,"layer":0,"counter":0,"status":"LABELED","hashCode":"SPAN:IeEoIKabMl51BJE0gX2YL:0:5:0:204:0:5:0:209:8:0:undefined:undefined","labelName":"IeEoIKabMl51BJE0gX2YL","labelItem":{"id":"IeEoIKabMl51BJE0gX2YL","labelName":"Degree"},"textPosition":{"start":{"row":5,"column":0,"tokenIndex":204,"charIndex":0},"end":{"row":5,"column":0,"tokenIndex":209,"charIndex":8}},"confidenceScore":null},{"id":"1663413571","labeledBy":"AUTO","labeledByUserId":null,"acceptedByUserId":null,"rejectedByUserId":null,"layer":0,"counter":0,"status":"LABELED","hashCode":"SPAN:Kj5U6n9NUqTXuWcB3c_7L:0:5:0:210:0:5:0:212:4:0:undefined:undefined","labelName":"Kj5U6n9NUqTXuWcB3c_7L","labelItem":{"id":"Kj5U6n9NUqTXuWcB3c_7L","labelName":"College"},"textPosition":{"start":{"row":5,"column":0,"tokenIndex":210,"charIndex":0},"end":{"row":5,"column":0,"tokenIndex":212,"charIndex":4}},"confidenceScore":null},{"id":"1663413580","labeledBy":"AUTO","labeledByUserId":null,"acceptedByUserId":null,"rejectedByUserId":null,"layer":0,"counter":0,"status":"LABELED","hashCode":"SPAN:Kj5U6n9NUqTXuWcB3c_7L:0:5:0:210:0:5:0:214:5:0:undefined:undefined","labelName":"Kj5U6n9NUqTXuWcB3c_7L","labelItem":{"id":"Kj5U6n9NUqTXuWcB3c_7L","labelName":"College"},"textPosition":{"start":{"row":5,"column":0,"tokenIndex":210,"charIndex":0},"end":{"row":5,"column":0,"tokenIndex":214,"charIndex":5}},"confidenceScore":null},{"id":"1663413583","labeledBy":"AUTO","labeledByUserId":null,"acceptedByUserId":null,"rejectedByUserId":null,"layer":0,"counter":0,"status":"LABELED","hashCode":"SPAN:1R0C50AAwFbEp2O0WmRv6:0:5:0:216:0:5:0:216:6:0:undefined:undefined","labelName":"1R0C50AAwFbEp2O0WmRv6","labelItem":{"id":"1R0C50AAwFbEp2O0WmRv6","labelName":"Location"},"textPosition":{"start":{"row":5,"column":0,"tokenIndex":216,"charIndex":0},"end":{"row":5,"column":0,"tokenIndex":216,"charIndex":6}},"confidenceScore":null},{"id":"1663413589","labeledBy":"AUTO","labeledByUserId":null,"acceptedByUserId":null,"rejectedByUserId":null,"layer":0,"counter":0,"status":"LABELED","hashCode":"SPAN:1R0C50AAwFbEp2O0WmRv6:0:5:0:217:0:5:0:217:1:0:undefined:undefined","labelName":"1R0C50AAwFbEp2O0WmRv6","labelItem":{"id":"1R0C50AAwFbEp2O0WmRv6","labelName":"Location"},"textPosition":{"start":{"row":5,"column":0,"tokenIndex":217,"charIndex":0},"end":{"row":5,"column":0,"tokenIndex":217,"charIndex":1}},"confidenceScore":null},{"id":"1663413592","labeledBy":"AUTO","labeledByUserId":null,"acceptedByUserId":null,"rejectedByUserId":null,"layer":0,"counter":0,"status":"LABELED","hashCode":"SPAN:BjO8MdvK2KI4E5iMEeY4B:0:5:0:218:0:5:0:218:3:0:undefined:undefined","labelName":"BjO8MdvK2KI4E5iMEeY4B","labelItem":{"id":"BjO8MdvK2KI4E5iMEeY4B","labelName":"Graduation Year"},"textPosition":{"start":{"row":5,"column":0,"tokenIndex":218,"charIndex":0},"end":{"row":5,"column":0,"tokenIndex":218,"charIndex":3}},"confidenceScore":null},{"id":"1663413595","labeledBy":"AUTO","labeledByUserId":null,"acceptedByUserId":null,"rejectedByUserId":null,"layer":0,"counter":0,"status":"LABELED","hashCode":"SPAN:eS2knCRgLegeRw8bcmSWA:0:5:0:220:0:5:0:220:4:0:undefined:undefined","labelName":"eS2knCRgLegeRw8bcmSWA","labelItem":{"id":"eS2knCRgLegeRw8bcmSWA","labelName":"Skill"},"textPosition":{"start":{"row":5,"column":0,"tokenIndex":220,"charIndex":0},"end":{"row":5,"column":0,"tokenIndex":220,"charIndex":4}},"confidenceScore":null},{"id":"1663413598","labeledBy":"AUTO","labeledByUserId":null,"acceptedByUserId":null,"rejectedByUserId":null,"layer":0,"counter":0,"status":"LABELED","hashCode":"SPAN:eS2knCRgLegeRw8bcmSWA:0:5:0:223:0:5:0:224:10:0:undefined:undefined","labelName":"eS2knCRgLegeRw8bcmSWA","labelItem":{"id":"eS2knCRgLegeRw8bcmSWA","labelName":"Skill"},"textPosition":{"start":{"row":5,"column":0,"tokenIndex":223,"charIndex":0},"end":{"row":5,"column":0,"tokenIndex":224,"charIndex":10}},"confidenceScore":null},{"id":"1663413601","labeledBy":"AUTO","labeledByUserId":null,"acceptedByUserId":null,"rejectedByUserId":null,"layer":0,"counter":0,"status":"LABELED","hashCode":"SPAN:eS2knCRgLegeRw8bcmSWA:0:5:0:227:0:5:0:228:9:0:undefined:undefined","labelName":"eS2knCRgLegeRw8bcmSWA","labelItem":{"id":"eS2knCRgLegeRw8bcmSWA","labelName":"Skill"},"textPosition":{"start":{"row":5,"column":0,"tokenIndex":227,"charIndex":0},"end":{"row":5,"column":0,"tokenIndex":228,"charIndex":9}},"confidenceScore":null},{"id":"1663413604","labeledBy":"AUTO","labeledByUserId":null,"acceptedByUserId":null,"rejectedByUserId":null,"layer":0,"counter":0,"status":"LABELED","hashCode":"SPAN:eS2knCRgLegeRw8bcmSWA:0:5:0:231:0:5:0:233:10:0:undefined:undefined","labelName":"eS2knCRgLegeRw8bcmSWA","labelItem":{"id":"eS2knCRgLegeRw8bcmSWA","labelName":"Skill"},"textPosition":{"start":{"row":5,"column":0,"tokenIndex":231,"charIndex":0},"end":{"row":5,"column":0,"tokenIndex":233,"charIndex":10}},"confidenceScore":null},{"id":"1663413607","labeledBy":"AUTO","labeledByUserId":null,"acceptedByUserId":null,"rejectedByUserId":null,"layer":0,"counter":0,"status":"LABELED","hashCode":"SPAN:eS2knCRgLegeRw8bcmSWA:0:5:0:236:0:5:0:237:7:0:undefined:undefined","labelName":"eS2knCRgLegeRw8bcmSWA","labelItem":{"id":"eS2knCRgLegeRw8bcmSWA","labelName":"Skill"},"textPosition":{"start":{"row":5,"column":0,"tokenIndex":236,"charIndex":0},"end":{"row":5,"column":0,"tokenIndex":237,"charIndex":7}},"confidenceScore":null},{"id":"1663413610","labeledBy":"AUTO","labeledByUserId":null,"acceptedByUserId":null,"rejectedByUserId":null,"layer":0,"counter":0,"status":"LABELED","hashCode":"SPAN:eS2knCRgLegeRw8bcmSWA:0:5:0:240:0:5:0:240:4:0:undefined:undefined","labelName":"eS2knCRgLegeRw8bcmSWA","labelItem":{"id":"eS2knCRgLegeRw8bcmSWA","labelName":"Skill"},"textPosition":{"start":{"row":5,"column":0,"tokenIndex":240,"charIndex":0},"end":{"row":5,"column":0,"tokenIndex":240,"charIndex":4}},"confidenceScore":null},{"id":"1663413613","labeledBy":"AUTO","labeledByUserId":null,"acceptedByUserId":null,"rejectedByUserId":null,"layer":0,"counter":0,"status":"LABELED","hashCode":"SPAN:eS2knCRgLegeRw8bcmSWA:0:5:0:241:0:5:0:242:6:0:undefined:undefined","labelName":"eS2knCRgLegeRw8bcmSWA","labelItem":{"id":"eS2knCRgLegeRw8bcmSWA","labelName":"Skill"},"textPosition":{"start":{"row":5,"column":0,"tokenIndex":241,"charIndex":0},"end":{"row":5,"column":0,"tokenIndex":242,"charIndex":6}},"confidenceScore":null},{"id":"1663413616","labeledBy":"AUTO","labeledByUserId":null,"acceptedByUserId":null,"rejectedByUserId":null,"layer":0,"counter":0,"status":"LABELED","hashCode":"SPAN:eS2knCRgLegeRw8bcmSWA:0:5:0:243:0:5:0:243:9:0:undefined:undefined","labelName":"eS2knCRgLegeRw8bcmSWA","labelItem":{"id":"eS2knCRgLegeRw8bcmSWA","labelName":"Skill"},"textPosition":{"start":{"row":5,"column":0,"tokenIndex":243,"charIndex":0},"end":{"row":5,"column":0,"tokenIndex":243,"charIndex":9}},"confidenceScore":null},{"id":"1663413619","labeledBy":"AUTO","labeledByUserId":null,"acceptedByUserId":null,"rejectedByUserId":null,"layer":0,"counter":0,"status":"LABELED","hashCode":"SPAN:eS2knCRgLegeRw8bcmSWA:0:5:0:244:0:5:0:244:2:0:undefined:undefined","labelName":"eS2knCRgLegeRw8bcmSWA","labelItem":{"id":"eS2knCRgLegeRw8bcmSWA","labelName":"Skill"},"textPosition":{"start":{"row":5,"column":0,"tokenIndex":244,"charIndex":0},"end":{"row":5,"column":0,"tokenIndex":244,"charIndex":2}},"confidenceScore":null},{"id":"1663413622","labeledBy":"AUTO","labeledByUserId":null,"acceptedByUserId":null,"rejectedByUserId":null,"layer":0,"counter":0,"status":"LABELED","hashCode":"SPAN:eS2knCRgLegeRw8bcmSWA:0:5:0:245:0:5:0:245:2:0:undefined:undefined","labelName":"eS2knCRgLegeRw8bcmSWA","labelItem":{"id":"eS2knCRgLegeRw8bcmSWA","labelName":"Skill"},"textPosition":{"start":{"row":5,"column":0,"tokenIndex":245,"charIndex":0},"end":{"row":5,"column":0,"tokenIndex":245,"charIndex":2}},"confidenceScore":null},{"id":"1663413628","labeledBy":"AUTO","labeledByUserId":null,"acceptedByUserId":null,"rejectedByUserId":null,"layer":0,"counter":0,"status":"LABELED","hashCode":"SPAN:eS2knCRgLegeRw8bcmSWA:0:5:0:249:0:5:0:250:10:0:undefined:undefined","labelName":"eS2knCRgLegeRw8bcmSWA","labelItem":{"id":"eS2knCRgLegeRw8bcmSWA","labelName":"Skill"},"textPosition":{"start":{"row":5,"column":0,"tokenIndex":249,"charIndex":0},"end":{"row":5,"column":0,"tokenIndex":250,"charIndex":10}},"confidenceScore":null},{"id":"1663413634","labeledBy":"AUTO","labeledByUserId":null,"acceptedByUserId":null,"rejectedByUserId":null,"layer":0,"counter":0,"status":"LABELED","hashCode":"SPAN:eS2knCRgLegeRw8bcmSWA:0:5:0:253:0:5:0:253:6:0:undefined:undefined","labelName":"eS2knCRgLegeRw8bcmSWA","labelItem":{"id":"eS2knCRgLegeRw8bcmSWA","labelName":"Skill"},"textPosition":{"start":{"row":5,"column":0,"tokenIndex":253,"charIndex":0},"end":{"row":5,"column":0,"tokenIndex":253,"charIndex":6}},"confidenceScore":null},{"id":"1663413644","labeledBy":"AUTO","labeledByUserId":null,"acceptedByUserId":null,"rejectedByUserId":null,"layer":0,"counter":0,"status":"LABELED","hashCode":"SPAN:eS2knCRgLegeRw8bcmSWA:0:5:0:271:0:5:0:272:4:0:undefined:undefined","labelName":"eS2knCRgLegeRw8bcmSWA","labelItem":{"id":"eS2knCRgLegeRw8bcmSWA","labelName":"Skill"},"textPosition":{"start":{"row":5,"column":0,"tokenIndex":271,"charIndex":0},"end":{"row":5,"column":0,"tokenIndex":272,"charIndex":4}},"confidenceScore":null},{"id":"1663413652","labeledBy":"AUTO","labeledByUserId":null,"acceptedByUserId":null,"rejectedByUserId":null,"layer":0,"counter":0,"status":"LABELED","hashCode":"SPAN:eS2knCRgLegeRw8bcmSWA:0:5:0:273:0:5:0:274:4:0:undefined:undefined","labelName":"eS2knCRgLegeRw8bcmSWA","labelItem":{"id":"eS2knCRgLegeRw8bcmSWA","labelName":"Skill"},"textPosition":{"start":{"row":5,"column":0,"tokenIndex":273,"charIndex":0},"end":{"row":5,"column":0,"tokenIndex":274,"charIndex":4}},"confidenceScore":null},{"id":"1663413658","labeledBy":"AUTO","labeledByUserId":null,"acceptedByUserId":null,"rejectedByUserId":null,"layer":0,"counter":0,"status":"LABELED","hashCode":"SPAN:eS2knCRgLegeRw8bcmSWA:0:5:0:275:0:5:0:276:6:0:undefined:undefined","labelName":"eS2knCRgLegeRw8bcmSWA","labelItem":{"id":"eS2knCRgLegeRw8bcmSWA","labelName":"Skill"},"textPosition":{"start":{"row":5,"column":0,"tokenIndex":275,"charIndex":0},"end":{"row":5,"column":0,"tokenIndex":276,"charIndex":6}},"confidenceScore":null},{"id":"1663413661","labeledBy":"AUTO","labeledByUserId":null,"acceptedByUserId":null,"rejectedByUserId":null,"layer":0,"counter":0,"status":"LABELED","hashCode":"SPAN:eS2knCRgLegeRw8bcmSWA:0:5:0:277:0:5:0:278:6:0:undefined:undefined","labelName":"eS2knCRgLegeRw8bcmSWA","labelItem":{"id":"eS2knCRgLegeRw8bcmSWA","labelName":"Skill"},"textPosition":{"start":{"row":5,"column":0,"tokenIndex":277,"charIndex":0},"end":{"row":5,"column":0,"tokenIndex":278,"charIndex":6}},"confidenceScore":null},{"id":"1663413667","labeledBy":"AUTO","labeledByUserId":null,"acceptedByUserId":null,"rejectedByUserId":null,"layer":0,"counter":0,"status":"LABELED","hashCode":"SPAN:eS2knCRgLegeRw8bcmSWA:0:5:0:279:0:5:0:279:4:0:undefined:undefined","labelName":"eS2knCRgLegeRw8bcmSWA","labelItem":{"id":"eS2knCRgLegeRw8bcmSWA","labelName":"Skill"},"textPosition":{"start":{"row":5,"column":0,"tokenIndex":279,"charIndex":0},"end":{"row":5,"column":0,"tokenIndex":279,"charIndex":4}},"confidenceScore":null},{"id":"1663413670","labeledBy":"AUTO","labeledByUserId":null,"acceptedByUserId":null,"rejectedByUserId":null,"layer":0,"counter":0,"status":"LABELED","hashCode":"SPAN:eS2knCRgLegeRw8bcmSWA:0:5:0:280:0:5:0:280:9:0:undefined:undefined","labelName":"eS2knCRgLegeRw8bcmSWA","labelItem":{"id":"eS2knCRgLegeRw8bcmSWA","labelName":"Skill"},"textPosition":{"start":{"row":5,"column":0,"tokenIndex":280,"charIndex":0},"end":{"row":5,"column":0,"tokenIndex":280,"charIndex":9}},"confidenceScore":null},{"id":"1663413676","labeledBy":"AUTO","labeledByUserId":null,"acceptedByUserId":null,"rejectedByUserId":null,"layer":0,"counter":0,"status":"LABELED","hashCode":"SPAN:eS2knCRgLegeRw8bcmSWA:0:5:0:281:0:5:0:282:4:0:undefined:undefined","labelName":"eS2knCRgLegeRw8bcmSWA","labelItem":{"id":"eS2knCRgLegeRw8bcmSWA","labelName":"Skill"},"textPosition":{"start":{"row":5,"column":0,"tokenIndex":281,"charIndex":0},"end":{"row":5,"column":0,"tokenIndex":282,"charIndex":4}},"confidenceScore":null},{"id":"1663413679","labeledBy":"AUTO","labeledByUserId":null,"acceptedByUserId":null,"rejectedByUserId":null,"layer":0,"counter":0,"status":"LABELED","hashCode":"SPAN:eS2knCRgLegeRw8bcmSWA:0:5:0:283:0:5:0:283:9:0:undefined:undefined","labelName":"eS2knCRgLegeRw8bcmSWA","labelItem":{"id":"eS2knCRgLegeRw8bcmSWA","labelName":"Skill"},"textPosition":{"start":{"row":5,"column":0,"tokenIndex":283,"charIndex":0},"end":{"row":5,"column":0,"tokenIndex":283,"charIndex":9}},"confidenceScore":null}],"arrowLabels":[],"boundingBoxLabels":[],"timeLabels":[],"comments":[],"url":"datasaur://static/6814/70c0dcc7-1223-40e7-a67d-cd17a953c68b.txt"}}
