{"version":"1","data":{"project":{"id":"ODBjYmQ2MDg","name":"NLP SSM Final Project"},"document":{"id":"2e8d1634-302d-4a84-97c5-d605b2f0d4f6","name":"resume_2294_d1.txt"},"kinds":["TOKEN_BASED"],"rows":[[{"content":"LANDSCAPE TECHNICIAN Professional Profile Diligent and driven banking professional who has achieved success in a variety of roles with increasing levels of responsibility.","tokens":["LANDSCAPE","TECHNICIAN","Professional","Profile","Diligent","and","driven","banking","professional","who","has","achieved","success","in","a","variety","of","roles","with","increasing","levels","of","responsibility."],"metadata":[]}],[{"content":"An effective communicator and team-builder with strong analytical, management and organizational skills.","tokens":["An","effective","communicator","and","team-builder","with","strong","analytical,","management","and","organizational","skills."],"metadata":[]}],[{"content":"Highlights Analytical Detail-oriented Excellent communication skills Strong work ethic Risk management expertise Excellent time management skills Exceptional customer service MS Office proficient Experience 07/2015 - Current Company Name － City , State Loss Prevention/ BSA Analyst","tokens":["Highlights","Analytical","Detail-oriented","Excellent","communication","skills","Strong","work","ethic","Risk","management","expertise","Excellent","time","management","skills","Exceptional","customer","service","MS","Office","proficient","Experience","07/2015","-","Current","Company","Name","－","City",",","State","Loss","Prevention/","BSA","Analyst"],"metadata":[]}],[{"content":"Evaluate current fraud","tokens":["Evaluate","current","fraud"],"metadata":[]}],[{"content":"situations and formulate recommendations to reduce in the future Use anti-money laundering","tokens":["situations","and","formulate","recommendations","to","reduce","in","the","future","Use","anti-money","laundering"],"metadata":[]}],[{"content":"(AML) software to review members' activity for money laundering and other","tokens":["(AML)","software","to","review","members'","activity","for","money","laundering","and","other"],"metadata":[]}],[{"content":"suspicious activity.","tokens":["suspicious","activity."],"metadata":[]}],[{"content":"Review structuring","tokens":["Review","structuring"],"metadata":[]}],[{"content":"reports if software is not functional.","tokens":["reports","if","software","is","not","functional."],"metadata":[]}],[{"content":"Work cases and alerts","tokens":["Work","cases","and","alerts"],"metadata":[]}],[{"content":"generated by software, documenting conclusions reached and actions taken.","tokens":["generated","by","software,","documenting","conclusions","reached","and","actions","taken."],"metadata":[]}],[{"content":"Review member accounts to","tokens":["Review","member","accounts","to"],"metadata":[]}],[{"content":"determine those posing higher risk.","tokens":["determine","those","posing","higher","risk."],"metadata":[]}],[{"content":"Obtain and evaluate EDD forms and information.","tokens":["Obtain","and","evaluate","EDD","forms","and","information."],"metadata":[]}],[{"content":"File Suspicious Activity","tokens":["File","Suspicious","Activity"],"metadata":[]}],[{"content":"Reports (SARs) as necessary.","tokens":["Reports","(SARs)","as","necessary."],"metadata":[]}],[{"content":"Provide effective written","tokens":["Provide","effective","written"],"metadata":[]}],[{"content":"and oral communication with members concerning extended holds, or possible","tokens":["and","oral","communication","with","members","concerning","extended","holds,","or","possible"],"metadata":[]}],[{"content":"fraudulent transactions, or other security measures taken.","tokens":["fraudulent","transactions,","or","other","security","measures","taken."],"metadata":[]}],[{"content":"Document all actions","tokens":["Document","all","actions"],"metadata":[]}],[{"content":"accurately and timely.","tokens":["accurately","and","timely."],"metadata":[]}],[{"content":"Work with Fraud and","tokens":["Work","with","Fraud","and"],"metadata":[]}],[{"content":"Security Managers in investigations and recoveries; with Operations (when","tokens":["Security","Managers","in","investigations","and","recoveries;","with","Operations","(when"],"metadata":[]}],[{"content":"necessary) to ensure fraud is limited/prevented; with other financial","tokens":["necessary)","to","ensure","fraud","is","limited/prevented;","with","other","financial"],"metadata":[]}],[{"content":"institutions and merchants to process fraud claims","tokens":["institutions","and","merchants","to","process","fraud","claims"],"metadata":[]}],[{"content":"04/2014 - 07/2015 Company Name － City , State Branch Representative Provided superior member service in the Retail branch, answering/ resolving member questions, and discrepancies; performed and processed transactions on sales side of branch- i.e. membership/ loan applications; resolving account related issues; and all cash-related responsibilities related to the service side Achieved assigned cross-selling and performance goals by proactively offering appropriate products and services to each member to ensure Credit Union's growth goals Developed and maintained a strong working knowledge of PFFCU products and services, as well as all policies and procedures associated with entire branch in order to ensure operational effectiveness Produced work that is thorough and completed with minimal errors, delivered the highest level of service by ensuring all member information is secured and protected Maintained a superior volume level of work performed; adhered to all PFFCU policies and procedures 11/2011 - 10/2013 Company Name － City , State Operations Supervisor Oversaw and supported the day-to-day department production activities which included cross training, control, and audit activities, production, and quality control to achieve targeted business goals / objectives.","tokens":["04/2014","-","07/2015","Company","Name","－","City",",","State","Branch","Representative","Provided","superior","member","service","in","the","Retail","branch,","answering/","resolving","member","questions,","and","discrepancies;","performed","and","processed","transactions","on","sales","side","of","branch-","i.e.","membership/","loan","applications;","resolving","account","related","issues;","and","all","cash-related","responsibilities","related","to","the","service","side","Achieved","assigned","cross-selling","and","performance","goals","by","proactively","offering","appropriate","products","and","services","to","each","member","to","ensure","Credit","Union's","growth","goals","Developed","and","maintained","a","strong","working","knowledge","of","PFFCU","products","and","services,","as","well","as","all","policies","and","procedures","associated","with","entire","branch","in","order","to","ensure","operational","effectiveness","Produced","work","that","is","thorough","and","completed","with","minimal","errors,","delivered","the","highest","level","of","service","by","ensuring","all","member","information","is","secured","and","protected","Maintained","a","superior","volume","level","of","work","performed;","adhered","to","all","PFFCU","policies","and","procedures","11/2011","-","10/2013","Company","Name","－","City",",","State","Operations","Supervisor","Oversaw","and","supported","the","day-to-day","department","production","activities","which","included","cross","training,","control,","and","audit","activities,","production,","and","quality","control","to","achieve","targeted","business","goals","/","objectives."],"metadata":[]}],[{"content":"Facilitated departmental workflow, ensured work was properly safeguarded and controlled in accordance with banking policies and procedures; identified, minimized and escalated risk where appropriate.","tokens":["Facilitated","departmental","workflow,","ensured","work","was","properly","safeguarded","and","controlled","in","accordance","with","banking","policies","and","procedures;","identified,","minimized","and","escalated","risk","where","appropriate."],"metadata":[]}],[{"content":"Ensured work adhered to regulations and compliance to CFG policies, departmental policies, risk avoidance standards and SLAs; contributed to the improvement of the customer experience.","tokens":["Ensured","work","adhered","to","regulations","and","compliance","to","CFG","policies,","departmental","policies,","risk","avoidance","standards","and","SLAs;","contributed","to","the","improvement","of","the","customer","experience."],"metadata":[]}],[{"content":"Tracked and reported key department metrics to include productivity (group / team), large dollar items, general ledger errors, teller errors, customer impact and service level agreements.","tokens":["Tracked","and","reported","key","department","metrics","to","include","productivity","(group","/","team),","large","dollar","items,","general","ledger","errors,","teller","errors,","customer","impact","and","service","level","agreements."],"metadata":[]}],[{"content":"Reporting demonstrated team's operational effectiveness and efficiency to Retail and Corporate units.","tokens":["Reporting","demonstrated","team's","operational","effectiveness","and","efficiency","to","Retail","and","Corporate","units."],"metadata":[]}],[{"content":"Recorded passing audits, 90% customer service, and SLAs met for 5 consecutive years by providing guidance, training and leadership to 12 junior team members who achieved individual / department goals.","tokens":["Recorded","passing","audits,","90%","customer","service,","and","SLAs","met","for","5","consecutive","years","by","providing","guidance,","training","and","leadership","to","12","junior","team","members","who","achieved","individual","/","department","goals."],"metadata":[]}],[{"content":"Provided input in the performance review process; motivated, incented, and rewarded desired behaviors to the team by providing feedback and utilizing available reward and recognition programs.","tokens":["Provided","input","in","the","performance","review","process;","motivated,","incented,","and","rewarded","desired","behaviors","to","the","team","by","providing","feedback","and","utilizing","available","reward","and","recognition","programs."],"metadata":[]}],[{"content":"02/2008 - 11/2011 Company Name － City , State Senior Operations Associate Provided oversight, monitoring, and decision making of the workflow for a team of Operational researchers in a fast paced environment requiring application of various complex methods, procedures and knowledge of business unit's product(s) and application(s); repaired any negative impact to both internal and / or external customers.","tokens":["02/2008","-","11/2011","Company","Name","－","City",",","State","Senior","Operations","Associate","Provided","oversight,","monitoring,","and","decision","making","of","the","workflow","for","a","team","of","Operational","researchers","in","a","fast","paced","environment","requiring","application","of","various","complex","methods,","procedures","and","knowledge","of","business","unit's","product(s)","and","application(s);","repaired","any","negative","impact","to","both","internal","and","/","or","external","customers."],"metadata":[]}],[{"content":"Researched customer, brand, or bank inquires using advanced analytical skills to determine the source of the problems.","tokens":["Researched","customer,","brand,","or","bank","inquires","using","advanced","analytical","skills","to","determine","the","source","of","the","problems."],"metadata":[]}],[{"content":"Accurately resolved and ensured work product adhered to regulatory and compliance guidelines, departmental policies, quality control and service level agreement requirements.","tokens":["Accurately","resolved","and","ensured","work","product","adhered","to","regulatory","and","compliance","guidelines,","departmental","policies,","quality","control","and","service","level","agreement","requirements."],"metadata":[]}],[{"content":"Minimized risk to the bank by utilizing knowledge of regulatory / compliance requirements.","tokens":["Minimized","risk","to","the","bank","by","utilizing","knowledge","of","regulatory","/","compliance","requirements."],"metadata":[]}],[{"content":"Achieved multiple individual corporate recognitions.","tokens":["Achieved","multiple","individual","corporate","recognitions."],"metadata":[]}],[{"content":"Delivered prompt, accurate and excellent customer service.","tokens":["Delivered","prompt,","accurate","and","excellent","customer","service."],"metadata":[]}],[{"content":"Served as mentor to 18 junior team members.","tokens":["Served","as","mentor","to","18","junior","team","members."],"metadata":[]}],[{"content":"Communicated technical support to management team and department colleagues on business specific systems and/or processing issues which resolved negative bank exposure.","tokens":["Communicated","technical","support","to","management","team","and","department","colleagues","on","business","specific","systems","and/or","processing","issues","which","resolved","negative","bank","exposure."],"metadata":[]}],[{"content":"11/1999 - 02/2008 Company Name － City , State Teller Manager Managed opening and closing times for the main branch.","tokens":["11/1999","-","02/2008","Company","Name","－","City",",","State","Teller","Manager","Managed","opening","and","closing","times","for","the","main","branch."],"metadata":[]}],[{"content":"Oversaw training for all new branch employees Managed team of 10 branch tellers Balanced daily cash deposits and bank vault inventory with a zero error rate.","tokens":["Oversaw","training","for","all","new","branch","employees","Managed","team","of","10","branch","tellers","Balanced","daily","cash","deposits","and","bank","vault","inventory","with","a","zero","error","rate."],"metadata":[]}],[{"content":"Received regional branch recognition award for outstanding customer service.","tokens":["Received","regional","branch","recognition","award","for","outstanding","customer","service."],"metadata":[]}],[{"content":"Received an internal audit score of 90% for 5 consecutive years Adhered to Citizens Bank security and audit procedures.","tokens":["Received","an","internal","audit","score","of","90%","for","5","consecutive","years","Adhered","to","Citizens","Bank","security","and","audit","procedures."],"metadata":[]}],[{"content":"Adhered to all federal and state compliance guidelines for retail banking.","tokens":["Adhered","to","all","federal","and","state","compliance","guidelines","for","retail","banking."],"metadata":[]}],[{"content":"Education 2010 Peirce College City , State Bachelor of Science : Business Administration Magna Cum Laude Technical Skills and Qualifications Analytical skills, banking, coaching, oral communication, Credit, customer service, decision making, financial, forms, functional, general ledger, leadership, mentoring, performance management, policies, process improvement, quality control, Reporting, Retail, selling, sales, service level agreements, technical support","tokens":["Education","2010","Peirce","College","City",",","State","Bachelor","of","Science",":","Business","Administration","Magna","Cum","Laude","Technical","Skills","and","Qualifications","Analytical","skills,","banking,","coaching,","oral","communication,","Credit,","customer","service,","decision","making,","financial,","forms,","functional,","general","ledger,","leadership,","mentoring,","performance","management,","policies,","process","improvement,","quality","control,","Reporting,","Retail,","selling,","sales,","service","level","agreements,","technical","support"],"metadata":[]}],[{"content":"Highly","tokens":["Highly"],"metadata":[]}],[{"content":"accountable and experienced in operational effectiveness, performance","tokens":["accountable","and","experienced","in","operational","effectiveness,","performance"],"metadata":[]}],[{"content":"improvement initiatives, BSA compliance, regulatory and audit procedures.","tokens":["improvement","initiatives,","BSA","compliance,","regulatory","and","audit","procedures."],"metadata":[]}],[{"content":"Excellent research and analytical skills, process development, and delivering","tokens":["Excellent","research","and","analytical","skills,","process","development,","and","delivering"],"metadata":[]}],[{"content":"exceptional customer service.","tokens":["exceptional","customer","service."],"metadata":[]}],[{"content":"Ability to acquire technology quickly and","tokens":["Ability","to","acquire","technology","quickly","and"],"metadata":[]}],[{"content":"proficient with various banking and credit union internal financial systems.","tokens":["proficient","with","various","banking","and","credit","union","internal","financial","systems."],"metadata":[]}],[{"content":"Banking systems, Credit Union systems: Epysis/ Symitar, Meridian Link, STAR Network, Patriot Officer, VISA","tokens":["Banking","systems,","Credit","Union","systems:","Epysis/","Symitar,","Meridian","Link,","STAR","Network,","Patriot","Officer,","VISA"],"metadata":[]}]],"labelerInfo":{"id":6814,"email":"cwilhel8@jh.edu","displayName":"Chris Wilhelm"},"labelSets":[{"name":"Resume Labels","index":0,"labelItems":[{"id":"Kj5U6n9NUqTXuWcB3c_7L","labelName":"College"},{"id":"rj7TW0-ymuRo6f_asXJab","labelName":"Company Name"},{"id":"SJEkdao76hjwbb6Fh5SY6","labelName":"Job Title"},{"id":"BjO8MdvK2KI4E5iMEeY4B","labelName":"Graduation Year"},{"id":"eS2knCRgLegeRw8bcmSWA","labelName":"Skill"},{"id":"IeEoIKabMl51BJE0gX2YL","labelName":"Degree"},{"id":"1R0C50AAwFbEp2O0WmRv6","labelName":"Location"},{"id":"zQcc4ygexJ_A3Gb0NeRTk","labelName":"Years of Experience"},{"id":"52S_6moRfhjC-yXgIBeCp","labelName":"Date"},{"id":"KiLarWmwlU1E3-FfdG6Qg","labelName":"Project"},{"id":"dyxKKTAxW1z5ifjPj42BI","labelName":"Name"}]}],"spanLabels":[{"id":"1663400089","labeledBy":"AUTO","labeledByUserId":null,"acceptedByUserId":null,"rejectedByUserId":null,"layer":0,"counter":0,"status":"LABELED","hashCode":"SPAN:SJEkdao76hjwbb6Fh5SY6:0:0:0:0:0:0:0:1:9:0:undefined:undefined","labelName":"SJEkdao76hjwbb6Fh5SY6","labelItem":{"id":"SJEkdao76hjwbb6Fh5SY6","labelName":"Job Title"},"textPosition":{"start":{"row":0,"column":0,"tokenIndex":0,"charIndex":0},"end":{"row":0,"column":0,"tokenIndex":1,"charIndex":9}},"confidenceScore":null},{"id":"1663400092","labeledBy":"AUTO","labeledByUserId":null,"acceptedByUserId":null,"rejectedByUserId":null,"layer":0,"counter":0,"status":"LABELED","hashCode":"SPAN:eS2knCRgLegeRw8bcmSWA:0:0:0:4:0:0:0:4:7:0:undefined:undefined","labelName":"eS2knCRgLegeRw8bcmSWA","labelItem":{"id":"eS2knCRgLegeRw8bcmSWA","labelName":"Skill"},"textPosition":{"start":{"row":0,"column":0,"tokenIndex":4,"charIndex":0},"end":{"row":0,"column":0,"tokenIndex":4,"charIndex":7}},"confidenceScore":null},{"id":"1663400095","labeledBy":"AUTO","labeledByUserId":null,"acceptedByUserId":null,"rejectedByUserId":null,"layer":0,"counter":0,"status":"LABELED","hashCode":"SPAN:eS2knCRgLegeRw8bcmSWA:0:0:0:6:0:0:0:6:5:0:undefined:undefined","labelName":"eS2knCRgLegeRw8bcmSWA","labelItem":{"id":"eS2knCRgLegeRw8bcmSWA","labelName":"Skill"},"textPosition":{"start":{"row":0,"column":0,"tokenIndex":6,"charIndex":0},"end":{"row":0,"column":0,"tokenIndex":6,"charIndex":5}},"confidenceScore":null},{"id":"1663400098","labeledBy":"AUTO","labeledByUserId":null,"acceptedByUserId":null,"rejectedByUserId":null,"layer":0,"counter":0,"status":"LABELED","hashCode":"SPAN:eS2knCRgLegeRw8bcmSWA:0:0:0:7:0:0:0:7:6:0:undefined:undefined","labelName":"eS2knCRgLegeRw8bcmSWA","labelItem":{"id":"eS2knCRgLegeRw8bcmSWA","labelName":"Skill"},"textPosition":{"start":{"row":0,"column":0,"tokenIndex":7,"charIndex":0},"end":{"row":0,"column":0,"tokenIndex":7,"charIndex":6}},"confidenceScore":null},{"id":"1663400101","labeledBy":"AUTO","labeledByUserId":null,"acceptedByUserId":null,"rejectedByUserId":null,"layer":0,"counter":0,"status":"LABELED","hashCode":"SPAN:eS2knCRgLegeRw8bcmSWA:0:1:0:2:0:1:0:2:11:0:undefined:undefined","labelName":"eS2knCRgLegeRw8bcmSWA","labelItem":{"id":"eS2knCRgLegeRw8bcmSWA","labelName":"Skill"},"textPosition":{"start":{"row":1,"column":0,"tokenIndex":2,"charIndex":0},"end":{"row":1,"column":0,"tokenIndex":2,"charIndex":11}},"confidenceScore":null},{"id":"1663400104","labeledBy":"AUTO","labeledByUserId":null,"acceptedByUserId":null,"rejectedByUserId":null,"layer":0,"counter":0,"status":"LABELED","hashCode":"SPAN:eS2knCRgLegeRw8bcmSWA:0:1:0:4:0:1:0:4:11:0:undefined:undefined","labelName":"eS2knCRgLegeRw8bcmSWA","labelItem":{"id":"eS2knCRgLegeRw8bcmSWA","labelName":"Skill"},"textPosition":{"start":{"row":1,"column":0,"tokenIndex":4,"charIndex":0},"end":{"row":1,"column":0,"tokenIndex":4,"charIndex":11}},"confidenceScore":null},{"id":"1663400107","labeledBy":"AUTO","labeledByUserId":null,"acceptedByUserId":null,"rejectedByUserId":null,"layer":0,"counter":0,"status":"LABELED","hashCode":"SPAN:eS2knCRgLegeRw8bcmSWA:0:1:0:7:0:1:0:7:10:0:undefined:undefined","labelName":"eS2knCRgLegeRw8bcmSWA","labelItem":{"id":"eS2knCRgLegeRw8bcmSWA","labelName":"Skill"},"textPosition":{"start":{"row":1,"column":0,"tokenIndex":7,"charIndex":0},"end":{"row":1,"column":0,"tokenIndex":7,"charIndex":10}},"confidenceScore":null},{"id":"1663400110","labeledBy":"AUTO","labeledByUserId":null,"acceptedByUserId":null,"rejectedByUserId":null,"layer":0,"counter":0,"status":"LABELED","hashCode":"SPAN:eS2knCRgLegeRw8bcmSWA:0:1:0:8:0:1:0:8:9:0:undefined:undefined","labelName":"eS2knCRgLegeRw8bcmSWA","labelItem":{"id":"eS2knCRgLegeRw8bcmSWA","labelName":"Skill"},"textPosition":{"start":{"row":1,"column":0,"tokenIndex":8,"charIndex":0},"end":{"row":1,"column":0,"tokenIndex":8,"charIndex":9}},"confidenceScore":null},{"id":"1663400113","labeledBy":"AUTO","labeledByUserId":null,"acceptedByUserId":null,"rejectedByUserId":null,"layer":0,"counter":0,"status":"LABELED","hashCode":"SPAN:eS2knCRgLegeRw8bcmSWA:0:1:0:10:0:1:0:10:13:0:undefined:undefined","labelName":"eS2knCRgLegeRw8bcmSWA","labelItem":{"id":"eS2knCRgLegeRw8bcmSWA","labelName":"Skill"},"textPosition":{"start":{"row":1,"column":0,"tokenIndex":10,"charIndex":0},"end":{"row":1,"column":0,"tokenIndex":10,"charIndex":13}},"confidenceScore":null},{"id":"1663400119","labeledBy":"AUTO","labeledByUserId":null,"acceptedByUserId":null,"rejectedByUserId":null,"layer":0,"counter":0,"status":"LABELED","hashCode":"SPAN:eS2knCRgLegeRw8bcmSWA:0:2:0:1:0:2:0:1:9:0:undefined:undefined","labelName":"eS2knCRgLegeRw8bcmSWA","labelItem":{"id":"eS2knCRgLegeRw8bcmSWA","labelName":"Skill"},"textPosition":{"start":{"row":2,"column":0,"tokenIndex":1,"charIndex":0},"end":{"row":2,"column":0,"tokenIndex":1,"charIndex":9}},"confidenceScore":null},{"id":"1663400116","labeledBy":"AUTO","labeledByUserId":null,"acceptedByUserId":null,"rejectedByUserId":null,"layer":0,"counter":0,"status":"LABELED","hashCode":"SPAN:eS2knCRgLegeRw8bcmSWA:0:2:0:2:0:2:0:2:14:0:undefined:undefined","labelName":"eS2knCRgLegeRw8bcmSWA","labelItem":{"id":"eS2knCRgLegeRw8bcmSWA","labelName":"Skill"},"textPosition":{"start":{"row":2,"column":0,"tokenIndex":2,"charIndex":0},"end":{"row":2,"column":0,"tokenIndex":2,"charIndex":14}},"confidenceScore":null},{"id":"1663400122","labeledBy":"AUTO","labeledByUserId":null,"acceptedByUserId":null,"rejectedByUserId":null,"layer":0,"counter":0,"status":"LABELED","hashCode":"SPAN:eS2knCRgLegeRw8bcmSWA:0:2:0:4:0:2:0:4:12:0:undefined:undefined","labelName":"eS2knCRgLegeRw8bcmSWA","labelItem":{"id":"eS2knCRgLegeRw8bcmSWA","labelName":"Skill"},"textPosition":{"start":{"row":2,"column":0,"tokenIndex":4,"charIndex":0},"end":{"row":2,"column":0,"tokenIndex":4,"charIndex":12}},"confidenceScore":null},{"id":"1663400125","labeledBy":"AUTO","labeledByUserId":null,"acceptedByUserId":null,"rejectedByUserId":null,"layer":0,"counter":0,"status":"LABELED","hashCode":"SPAN:eS2knCRgLegeRw8bcmSWA:0:2:0:7:0:2:0:8:4:0:undefined:undefined","labelName":"eS2knCRgLegeRw8bcmSWA","labelItem":{"id":"eS2knCRgLegeRw8bcmSWA","labelName":"Skill"},"textPosition":{"start":{"row":2,"column":0,"tokenIndex":7,"charIndex":0},"end":{"row":2,"column":0,"tokenIndex":8,"charIndex":4}},"confidenceScore":null},{"id":"1663400128","labeledBy":"AUTO","labeledByUserId":null,"acceptedByUserId":null,"rejectedByUserId":null,"layer":0,"counter":0,"status":"LABELED","hashCode":"SPAN:eS2knCRgLegeRw8bcmSWA:0:2:0:9:0:2:0:10:9:0:undefined:undefined","labelName":"eS2knCRgLegeRw8bcmSWA","labelItem":{"id":"eS2knCRgLegeRw8bcmSWA","labelName":"Skill"},"textPosition":{"start":{"row":2,"column":0,"tokenIndex":9,"charIndex":0},"end":{"row":2,"column":0,"tokenIndex":10,"charIndex":9}},"confidenceScore":null},{"id":"1663400131","labeledBy":"AUTO","labeledByUserId":null,"acceptedByUserId":null,"rejectedByUserId":null,"layer":0,"counter":0,"status":"LABELED","hashCode":"SPAN:eS2knCRgLegeRw8bcmSWA:0:2:0:13:0:2:0:15:5:0:undefined:undefined","labelName":"eS2knCRgLegeRw8bcmSWA","labelItem":{"id":"eS2knCRgLegeRw8bcmSWA","labelName":"Skill"},"textPosition":{"start":{"row":2,"column":0,"tokenIndex":13,"charIndex":0},"end":{"row":2,"column":0,"tokenIndex":15,"charIndex":5}},"confidenceScore":null},{"id":"1663400134","labeledBy":"AUTO","labeledByUserId":null,"acceptedByUserId":null,"rejectedByUserId":null,"layer":0,"counter":0,"status":"LABELED","hashCode":"SPAN:eS2knCRgLegeRw8bcmSWA:0:2:0:17:0:2:0:18:6:0:undefined:undefined","labelName":"eS2knCRgLegeRw8bcmSWA","labelItem":{"id":"eS2knCRgLegeRw8bcmSWA","labelName":"Skill"},"textPosition":{"start":{"row":2,"column":0,"tokenIndex":17,"charIndex":0},"end":{"row":2,"column":0,"tokenIndex":18,"charIndex":6}},"confidenceScore":null},{"id":"1663400137","labeledBy":"AUTO","labeledByUserId":null,"acceptedByUserId":null,"rejectedByUserId":null,"layer":0,"counter":0,"status":"LABELED","hashCode":"SPAN:eS2knCRgLegeRw8bcmSWA:0:2:0:19:0:2:0:20:5:0:undefined:undefined","labelName":"eS2knCRgLegeRw8bcmSWA","labelItem":{"id":"eS2knCRgLegeRw8bcmSWA","labelName":"Skill"},"textPosition":{"start":{"row":2,"column":0,"tokenIndex":19,"charIndex":0},"end":{"row":2,"column":0,"tokenIndex":20,"charIndex":5}},"confidenceScore":null},{"id":"1663400140","labeledBy":"AUTO","labeledByUserId":null,"acceptedByUserId":null,"rejectedByUserId":null,"layer":0,"counter":0,"status":"LABELED","hashCode":"SPAN:52S_6moRfhjC-yXgIBeCp:0:2:0:23:0:2:0:23:6:0:undefined:undefined","labelName":"52S_6moRfhjC-yXgIBeCp","labelItem":{"id":"52S_6moRfhjC-yXgIBeCp","labelName":"Date"},"textPosition":{"start":{"row":2,"column":0,"tokenIndex":23,"charIndex":0},"end":{"row":2,"column":0,"tokenIndex":23,"charIndex":6}},"confidenceScore":null},{"id":"1663400143","labeledBy":"AUTO","labeledByUserId":null,"acceptedByUserId":null,"rejectedByUserId":null,"layer":0,"counter":0,"status":"LABELED","hashCode":"SPAN:52S_6moRfhjC-yXgIBeCp:0:2:0:25:0:2:0:25:6:0:undefined:undefined","labelName":"52S_6moRfhjC-yXgIBeCp","labelItem":{"id":"52S_6moRfhjC-yXgIBeCp","labelName":"Date"},"textPosition":{"start":{"row":2,"column":0,"tokenIndex":25,"charIndex":0},"end":{"row":2,"column":0,"tokenIndex":25,"charIndex":6}},"confidenceScore":null},{"id":"1663400146","labeledBy":"AUTO","labeledByUserId":null,"acceptedByUserId":null,"rejectedByUserId":null,"layer":0,"counter":0,"status":"LABELED","hashCode":"SPAN:rj7TW0-ymuRo6f_asXJab:0:2:0:26:0:2:0:27:3:0:undefined:undefined","labelName":"rj7TW0-ymuRo6f_asXJab","labelItem":{"id":"rj7TW0-ymuRo6f_asXJab","labelName":"Company Name"},"textPosition":{"start":{"row":2,"column":0,"tokenIndex":26,"charIndex":0},"end":{"row":2,"column":0,"tokenIndex":27,"charIndex":3}},"confidenceScore":null},{"id":"1663400149","labeledBy":"AUTO","labeledByUserId":null,"acceptedByUserId":null,"rejectedByUserId":null,"layer":0,"counter":0,"status":"LABELED","hashCode":"SPAN:1R0C50AAwFbEp2O0WmRv6:0:2:0:29:0:2:0:29:3:0:undefined:undefined","labelName":"1R0C50AAwFbEp2O0WmRv6","labelItem":{"id":"1R0C50AAwFbEp2O0WmRv6","labelName":"Location"},"textPosition":{"start":{"row":2,"column":0,"tokenIndex":29,"charIndex":0},"end":{"row":2,"column":0,"tokenIndex":29,"charIndex":3}},"confidenceScore":null},{"id":"1663400152","labeledBy":"AUTO","labeledByUserId":null,"acceptedByUserId":null,"rejectedByUserId":null,"layer":0,"counter":0,"status":"LABELED","hashCode":"SPAN:1R0C50AAwFbEp2O0WmRv6:0:2:0:31:0:2:0:31:4:0:undefined:undefined","labelName":"1R0C50AAwFbEp2O0WmRv6","labelItem":{"id":"1R0C50AAwFbEp2O0WmRv6","labelName":"Location"},"textPosition":{"start":{"row":2,"column":0,"tokenIndex":31,"charIndex":0},"end":{"row":2,"column":0,"tokenIndex":31,"charIndex":4}},"confidenceScore":null},{"id":"1663400155","labeledBy":"AUTO","labeledByUserId":null,"acceptedByUserId":null,"rejectedByUserId":null,"layer":0,"counter":0,"status":"LABELED","hashCode":"SPAN:eS2knCRgLegeRw8bcmSWA:0:2:0:32:0:2:0:33:10:0:undefined:undefined","labelName":"eS2knCRgLegeRw8bcmSWA","labelItem":{"id":"eS2knCRgLegeRw8bcmSWA","labelName":"Skill"},"textPosition":{"start":{"row":2,"column":0,"tokenIndex":32,"charIndex":0},"end":{"row":2,"column":0,"tokenIndex":33,"charIndex":10}},"confidenceScore":null},{"id":"1663400158","labeledBy":"AUTO","labeledByUserId":null,"acceptedByUserId":null,"rejectedByUserId":null,"layer":0,"counter":0,"status":"LABELED","hashCode":"SPAN:eS2knCRgLegeRw8bcmSWA:0:2:0:34:0:2:0:35:6:0:undefined:undefined","labelName":"eS2knCRgLegeRw8bcmSWA","labelItem":{"id":"eS2knCRgLegeRw8bcmSWA","labelName":"Skill"},"textPosition":{"start":{"row":2,"column":0,"tokenIndex":34,"charIndex":0},"end":{"row":2,"column":0,"tokenIndex":35,"charIndex":6}},"confidenceScore":null},{"id":"1663400161","labeledBy":"AUTO","labeledByUserId":null,"acceptedByUserId":null,"rejectedByUserId":null,"layer":0,"counter":0,"status":"LABELED","hashCode":"SPAN:eS2knCRgLegeRw8bcmSWA:0:4:0:10:0:4:0:11:9:0:undefined:undefined","labelName":"eS2knCRgLegeRw8bcmSWA","labelItem":{"id":"eS2knCRgLegeRw8bcmSWA","labelName":"Skill"},"textPosition":{"start":{"row":4,"column":0,"tokenIndex":10,"charIndex":0},"end":{"row":4,"column":0,"tokenIndex":11,"charIndex":9}},"confidenceScore":null},{"id":"1663400164","labeledBy":"AUTO","labeledByUserId":null,"acceptedByUserId":null,"rejectedByUserId":null,"layer":0,"counter":0,"status":"LABELED","hashCode":"SPAN:eS2knCRgLegeRw8bcmSWA:0:5:0:0:0:5:0:0:4:0:undefined:undefined","labelName":"eS2knCRgLegeRw8bcmSWA","labelItem":{"id":"eS2knCRgLegeRw8bcmSWA","labelName":"Skill"},"textPosition":{"start":{"row":5,"column":0,"tokenIndex":0,"charIndex":0},"end":{"row":5,"column":0,"tokenIndex":0,"charIndex":4}},"confidenceScore":null},{"id":"1663400167","labeledBy":"AUTO","labeledByUserId":null,"acceptedByUserId":null,"rejectedByUserId":null,"layer":0,"counter":0,"status":"LABELED","hashCode":"SPAN:eS2knCRgLegeRw8bcmSWA:0:13:0:3:0:13:0:3:2:0:undefined:undefined","labelName":"eS2knCRgLegeRw8bcmSWA","labelItem":{"id":"eS2knCRgLegeRw8bcmSWA","labelName":"Skill"},"textPosition":{"start":{"row":13,"column":0,"tokenIndex":3,"charIndex":0},"end":{"row":13,"column":0,"tokenIndex":3,"charIndex":2}},"confidenceScore":null},{"id":"1663400170","labeledBy":"AUTO","labeledByUserId":null,"acceptedByUserId":null,"rejectedByUserId":null,"layer":0,"counter":0,"status":"LABELED","hashCode":"SPAN:eS2knCRgLegeRw8bcmSWA:0:14:0:0:0:15:0:1:5:0:undefined:undefined","labelName":"eS2knCRgLegeRw8bcmSWA","labelItem":{"id":"eS2knCRgLegeRw8bcmSWA","labelName":"Skill"},"textPosition":{"start":{"row":14,"column":0,"tokenIndex":0,"charIndex":0},"end":{"row":15,"column":0,"tokenIndex":1,"charIndex":5}},"confidenceScore":null},{"id":"1663400173","labeledBy":"AUTO","labeledByUserId":null,"acceptedByUserId":null,"rejectedByUserId":null,"layer":0,"counter":0,"status":"LABELED","hashCode":"SPAN:eS2knCRgLegeRw8bcmSWA:0:16:0:2:0:16:0:2:6:0:undefined:undefined","labelName":"eS2knCRgLegeRw8bcmSWA","labelItem":{"id":"eS2knCRgLegeRw8bcmSWA","labelName":"Skill"},"textPosition":{"start":{"row":16,"column":0,"tokenIndex":2,"charIndex":0},"end":{"row":16,"column":0,"tokenIndex":2,"charIndex":6}},"confidenceScore":null},{"id":"1663400176","labeledBy":"AUTO","labeledByUserId":null,"acceptedByUserId":null,"rejectedByUserId":null,"layer":0,"counter":0,"status":"LABELED","hashCode":"SPAN:eS2knCRgLegeRw8bcmSWA:0:17:0:1:0:17:0:2:12:0:undefined:undefined","labelName":"eS2knCRgLegeRw8bcmSWA","labelItem":{"id":"eS2knCRgLegeRw8bcmSWA","labelName":"Skill"},"textPosition":{"start":{"row":17,"column":0,"tokenIndex":1,"charIndex":0},"end":{"row":17,"column":0,"tokenIndex":2,"charIndex":12}},"confidenceScore":null},{"id":"1663400179","labeledBy":"AUTO","labeledByUserId":null,"acceptedByUserId":null,"rejectedByUserId":null,"layer":0,"counter":0,"status":"LABELED","hashCode":"SPAN:eS2knCRgLegeRw8bcmSWA:0:18:0:0:0:18:0:1:12:0:undefined:undefined","labelName":"eS2knCRgLegeRw8bcmSWA","labelItem":{"id":"eS2knCRgLegeRw8bcmSWA","labelName":"Skill"},"textPosition":{"start":{"row":18,"column":0,"tokenIndex":0,"charIndex":0},"end":{"row":18,"column":0,"tokenIndex":1,"charIndex":12}},"confidenceScore":null},{"id":"1663400182","labeledBy":"AUTO","labeledByUserId":null,"acceptedByUserId":null,"rejectedByUserId":null,"layer":0,"counter":0,"status":"LABELED","hashCode":"SPAN:eS2knCRgLegeRw8bcmSWA:0:21:0:2:0:22:0:0:7:0:undefined:undefined","labelName":"eS2knCRgLegeRw8bcmSWA","labelItem":{"id":"eS2knCRgLegeRw8bcmSWA","labelName":"Skill"},"textPosition":{"start":{"row":21,"column":0,"tokenIndex":2,"charIndex":0},"end":{"row":22,"column":0,"tokenIndex":0,"charIndex":7}},"confidenceScore":null},{"id":"1663400185","labeledBy":"AUTO","labeledByUserId":null,"acceptedByUserId":null,"rejectedByUserId":null,"layer":0,"counter":0,"status":"LABELED","hashCode":"SPAN:52S_6moRfhjC-yXgIBeCp:0:25:0:0:0:25:0:0:6:0:undefined:undefined","labelName":"52S_6moRfhjC-yXgIBeCp","labelItem":{"id":"52S_6moRfhjC-yXgIBeCp","labelName":"Date"},"textPosition":{"start":{"row":25,"column":0,"tokenIndex":0,"charIndex":0},"end":{"row":25,"column":0,"tokenIndex":0,"charIndex":6}},"confidenceScore":null},{"id":"1663400188","labeledBy":"AUTO","labeledByUserId":null,"acceptedByUserId":null,"rejectedByUserId":null,"layer":0,"counter":0,"status":"LABELED","hashCode":"SPAN:52S_6moRfhjC-yXgIBeCp:0:25:0:2:0:25:0:2:6:0:undefined:undefined","labelName":"52S_6moRfhjC-yXgIBeCp","labelItem":{"id":"52S_6moRfhjC-yXgIBeCp","labelName":"Date"},"textPosition":{"start":{"row":25,"column":0,"tokenIndex":2,"charIndex":0},"end":{"row":25,"column":0,"tokenIndex":2,"charIndex":6}},"confidenceScore":null},{"id":"1663400191","labeledBy":"AUTO","labeledByUserId":null,"acceptedByUserId":null,"rejectedByUserId":null,"layer":0,"counter":0,"status":"LABELED","hashCode":"SPAN:rj7TW0-ymuRo6f_asXJab:0:25:0:3:0:25:0:4:3:0:undefined:undefined","labelName":"rj7TW0-ymuRo6f_asXJab","labelItem":{"id":"rj7TW0-ymuRo6f_asXJab","labelName":"Company Name"},"textPosition":{"start":{"row":25,"column":0,"tokenIndex":3,"charIndex":0},"end":{"row":25,"column":0,"tokenIndex":4,"charIndex":3}},"confidenceScore":null},{"id":"1663400194","labeledBy":"AUTO","labeledByUserId":null,"acceptedByUserId":null,"rejectedByUserId":null,"layer":0,"counter":0,"status":"LABELED","hashCode":"SPAN:1R0C50AAwFbEp2O0WmRv6:0:25:0:6:0:25:0:6:3:0:undefined:undefined","labelName":"1R0C50AAwFbEp2O0WmRv6","labelItem":{"id":"1R0C50AAwFbEp2O0WmRv6","labelName":"Location"},"textPosition":{"start":{"row":25,"column":0,"tokenIndex":6,"charIndex":0},"end":{"row":25,"column":0,"tokenIndex":6,"charIndex":3}},"confidenceScore":null},{"id":"1663400197","labeledBy":"AUTO","labeledByUserId":null,"acceptedByUserId":null,"rejectedByUserId":null,"layer":0,"counter":0,"status":"LABELED","hashCode":"SPAN:1R0C50AAwFbEp2O0WmRv6:0:25:0:8:0:25:0:8:4:0:undefined:undefined","labelName":"1R0C50AAwFbEp2O0WmRv6","labelItem":{"id":"1R0C50AAwFbEp2O0WmRv6","labelName":"Location"},"textPosition":{"start":{"row":25,"column":0,"tokenIndex":8,"charIndex":0},"end":{"row":25,"column":0,"tokenIndex":8,"charIndex":4}},"confidenceScore":null},{"id":"1663400200","labeledBy":"AUTO","labeledByUserId":null,"acceptedByUserId":null,"rejectedByUserId":null,"layer":0,"counter":0,"status":"LABELED","hashCode":"SPAN:eS2knCRgLegeRw8bcmSWA:0:25:0:13:0:25:0:14:6:0:undefined:undefined","labelName":"eS2knCRgLegeRw8bcmSWA","labelItem":{"id":"eS2knCRgLegeRw8bcmSWA","labelName":"Skill"},"textPosition":{"start":{"row":25,"column":0,"tokenIndex":13,"charIndex":0},"end":{"row":25,"column":0,"tokenIndex":14,"charIndex":6}},"confidenceScore":null},{"id":"1663400203","labeledBy":"AUTO","labeledByUserId":null,"acceptedByUserId":null,"rejectedByUserId":null,"layer":0,"counter":0,"status":"LABELED","hashCode":"SPAN:eS2knCRgLegeRw8bcmSWA:0:25:0:28:0:25:0:28:11:0:undefined:undefined","labelName":"eS2knCRgLegeRw8bcmSWA","labelItem":{"id":"eS2knCRgLegeRw8bcmSWA","labelName":"Skill"},"textPosition":{"start":{"row":25,"column":0,"tokenIndex":28,"charIndex":0},"end":{"row":25,"column":0,"tokenIndex":28,"charIndex":11}},"confidenceScore":null},{"id":"1663400206","labeledBy":"AUTO","labeledByUserId":null,"acceptedByUserId":null,"rejectedByUserId":null,"layer":0,"counter":0,"status":"LABELED","hashCode":"SPAN:eS2knCRgLegeRw8bcmSWA:0:25:0:30:0:25:0:30:4:0:undefined:undefined","labelName":"eS2knCRgLegeRw8bcmSWA","labelItem":{"id":"eS2knCRgLegeRw8bcmSWA","labelName":"Skill"},"textPosition":{"start":{"row":25,"column":0,"tokenIndex":30,"charIndex":0},"end":{"row":25,"column":0,"tokenIndex":30,"charIndex":4}},"confidenceScore":null},{"id":"1663400209","labeledBy":"AUTO","labeledByUserId":null,"acceptedByUserId":null,"rejectedByUserId":null,"layer":0,"counter":0,"status":"LABELED","hashCode":"SPAN:eS2knCRgLegeRw8bcmSWA:0:25:0:36:0:25:0:37:12:0:undefined:undefined","labelName":"eS2knCRgLegeRw8bcmSWA","labelItem":{"id":"eS2knCRgLegeRw8bcmSWA","labelName":"Skill"},"textPosition":{"start":{"row":25,"column":0,"tokenIndex":36,"charIndex":0},"end":{"row":25,"column":0,"tokenIndex":37,"charIndex":12}},"confidenceScore":null},{"id":"1663400212","labeledBy":"AUTO","labeledByUserId":null,"acceptedByUserId":null,"rejectedByUserId":null,"layer":0,"counter":0,"status":"LABELED","hashCode":"SPAN:eS2knCRgLegeRw8bcmSWA:0:25:0:81:0:25:0:81:4:0:undefined:undefined","labelName":"eS2knCRgLegeRw8bcmSWA","labelItem":{"id":"eS2knCRgLegeRw8bcmSWA","labelName":"Skill"},"textPosition":{"start":{"row":25,"column":0,"tokenIndex":81,"charIndex":0},"end":{"row":25,"column":0,"tokenIndex":81,"charIndex":4}},"confidenceScore":null},{"id":"1663400215","labeledBy":"AUTO","labeledByUserId":null,"acceptedByUserId":null,"rejectedByUserId":null,"layer":0,"counter":0,"status":"LABELED","hashCode":"SPAN:eS2knCRgLegeRw8bcmSWA:0:25:0:89:0:25:0:91:9:0:undefined:undefined","labelName":"eS2knCRgLegeRw8bcmSWA","labelItem":{"id":"eS2knCRgLegeRw8bcmSWA","labelName":"Skill"},"textPosition":{"start":{"row":25,"column":0,"tokenIndex":89,"charIndex":0},"end":{"row":25,"column":0,"tokenIndex":91,"charIndex":9}},"confidenceScore":null},{"id":"1663400218","labeledBy":"AUTO","labeledByUserId":null,"acceptedByUserId":null,"rejectedByUserId":null,"layer":0,"counter":0,"status":"LABELED","hashCode":"SPAN:eS2knCRgLegeRw8bcmSWA:0:25:0:138:0:25:0:138:4:0:undefined:undefined","labelName":"eS2knCRgLegeRw8bcmSWA","labelItem":{"id":"eS2knCRgLegeRw8bcmSWA","labelName":"Skill"},"textPosition":{"start":{"row":25,"column":0,"tokenIndex":138,"charIndex":0},"end":{"row":25,"column":0,"tokenIndex":138,"charIndex":4}},"confidenceScore":null},{"id":"1663400221","labeledBy":"AUTO","labeledByUserId":null,"acceptedByUserId":null,"rejectedByUserId":null,"layer":0,"counter":0,"status":"LABELED","hashCode":"SPAN:eS2knCRgLegeRw8bcmSWA:0:25:0:139:0:25:0:141:9:0:undefined:undefined","labelName":"eS2knCRgLegeRw8bcmSWA","labelItem":{"id":"eS2knCRgLegeRw8bcmSWA","labelName":"Skill"},"textPosition":{"start":{"row":25,"column":0,"tokenIndex":139,"charIndex":0},"end":{"row":25,"column":0,"tokenIndex":141,"charIndex":9}},"confidenceScore":null},{"id":"1663400224","labeledBy":"AUTO","labeledByUserId":null,"acceptedByUserId":null,"rejectedByUserId":null,"layer":0,"counter":0,"status":"LABELED","hashCode":"SPAN:52S_6moRfhjC-yXgIBeCp:0:25:0:142:0:25:0:142:6:0:undefined:undefined","labelName":"52S_6moRfhjC-yXgIBeCp","labelItem":{"id":"52S_6moRfhjC-yXgIBeCp","labelName":"Date"},"textPosition":{"start":{"row":25,"column":0,"tokenIndex":142,"charIndex":0},"end":{"row":25,"column":0,"tokenIndex":142,"charIndex":6}},"confidenceScore":null},{"id":"1663400227","labeledBy":"AUTO","labeledByUserId":null,"acceptedByUserId":null,"rejectedByUserId":null,"layer":0,"counter":0,"status":"LABELED","hashCode":"SPAN:52S_6moRfhjC-yXgIBeCp:0:25:0:144:0:25:0:144:6:0:undefined:undefined","labelName":"52S_6moRfhjC-yXgIBeCp","labelItem":{"id":"52S_6moRfhjC-yXgIBeCp","labelName":"Date"},"textPosition":{"start":{"row":25,"column":0,"tokenIndex":144,"charIndex":0},"end":{"row":25,"column":0,"tokenIndex":144,"charIndex":6}},"confidenceScore":null},{"id":"1663400230","labeledBy":"AUTO","labeledByUserId":null,"acceptedByUserId":null,"rejectedByUserId":null,"layer":0,"counter":0,"status":"LABELED","hashCode":"SPAN:rj7TW0-ymuRo6f_asXJab:0:25:0:145:0:25:0:146:3:0:undefined:undefined","labelName":"rj7TW0-ymuRo6f_asXJab","labelItem":{"id":"rj7TW0-ymuRo6f_asXJab","labelName":"Company Name"},"textPosition":{"start":{"row":25,"column":0,"tokenIndex":145,"charIndex":0},"end":{"row":25,"column":0,"tokenIndex":146,"charIndex":3}},"confidenceScore":null},{"id":"1663400233","labeledBy":"AUTO","labeledByUserId":null,"acceptedByUserId":null,"rejectedByUserId":null,"layer":0,"counter":0,"status":"LABELED","hashCode":"SPAN:1R0C50AAwFbEp2O0WmRv6:0:25:0:148:0:25:0:148:3:0:undefined:undefined","labelName":"1R0C50AAwFbEp2O0WmRv6","labelItem":{"id":"1R0C50AAwFbEp2O0WmRv6","labelName":"Location"},"textPosition":{"start":{"row":25,"column":0,"tokenIndex":148,"charIndex":0},"end":{"row":25,"column":0,"tokenIndex":148,"charIndex":3}},"confidenceScore":null},{"id":"1663400236","labeledBy":"AUTO","labeledByUserId":null,"acceptedByUserId":null,"rejectedByUserId":null,"layer":0,"counter":0,"status":"LABELED","hashCode":"SPAN:1R0C50AAwFbEp2O0WmRv6:0:25:0:150:0:25:0:150:4:0:undefined:undefined","labelName":"1R0C50AAwFbEp2O0WmRv6","labelItem":{"id":"1R0C50AAwFbEp2O0WmRv6","labelName":"Location"},"textPosition":{"start":{"row":25,"column":0,"tokenIndex":150,"charIndex":0},"end":{"row":25,"column":0,"tokenIndex":150,"charIndex":4}},"confidenceScore":null},{"id":"1663400239","labeledBy":"AUTO","labeledByUserId":null,"acceptedByUserId":null,"rejectedByUserId":null,"layer":0,"counter":0,"status":"LABELED","hashCode":"SPAN:SJEkdao76hjwbb6Fh5SY6:0:25:0:151:0:25:0:152:9:0:undefined:undefined","labelName":"SJEkdao76hjwbb6Fh5SY6","labelItem":{"id":"SJEkdao76hjwbb6Fh5SY6","labelName":"Job Title"},"textPosition":{"start":{"row":25,"column":0,"tokenIndex":151,"charIndex":0},"end":{"row":25,"column":0,"tokenIndex":152,"charIndex":9}},"confidenceScore":null},{"id":"1663400242","labeledBy":"AUTO","labeledByUserId":null,"acceptedByUserId":null,"rejectedByUserId":null,"layer":0,"counter":0,"status":"LABELED","hashCode":"SPAN:eS2knCRgLegeRw8bcmSWA:0:26:0:1:0:26:0:2:8:0:undefined:undefined","labelName":"eS2knCRgLegeRw8bcmSWA","labelItem":{"id":"eS2knCRgLegeRw8bcmSWA","labelName":"Skill"},"textPosition":{"start":{"row":26,"column":0,"tokenIndex":1,"charIndex":0},"end":{"row":26,"column":0,"tokenIndex":2,"charIndex":8}},"confidenceScore":null},{"id":"1663400245","labeledBy":"AUTO","labeledByUserId":null,"acceptedByUserId":null,"rejectedByUserId":null,"layer":0,"counter":0,"status":"LABELED","hashCode":"SPAN:eS2knCRgLegeRw8bcmSWA:0:27:0:8:0:27:0:8:2:0:undefined:undefined","labelName":"eS2knCRgLegeRw8bcmSWA","labelItem":{"id":"eS2knCRgLegeRw8bcmSWA","labelName":"Skill"},"textPosition":{"start":{"row":27,"column":0,"tokenIndex":8,"charIndex":0},"end":{"row":27,"column":0,"tokenIndex":8,"charIndex":2}},"confidenceScore":null},{"id":"1663400248","labeledBy":"AUTO","labeledByUserId":null,"acceptedByUserId":null,"rejectedByUserId":null,"layer":0,"counter":0,"status":"LABELED","hashCode":"SPAN:eS2knCRgLegeRw8bcmSWA:0:27:0:9:0:27:0:9:8:0:undefined:undefined","labelName":"eS2knCRgLegeRw8bcmSWA","labelItem":{"id":"eS2knCRgLegeRw8bcmSWA","labelName":"Skill"},"textPosition":{"start":{"row":27,"column":0,"tokenIndex":9,"charIndex":0},"end":{"row":27,"column":0,"tokenIndex":9,"charIndex":8}},"confidenceScore":null},{"id":"1663400251","labeledBy":"AUTO","labeledByUserId":null,"acceptedByUserId":null,"rejectedByUserId":null,"layer":0,"counter":0,"status":"LABELED","hashCode":"SPAN:eS2knCRgLegeRw8bcmSWA:0:27:0:10:0:27:0:11:8:0:undefined:undefined","labelName":"eS2knCRgLegeRw8bcmSWA","labelItem":{"id":"eS2knCRgLegeRw8bcmSWA","labelName":"Skill"},"textPosition":{"start":{"row":27,"column":0,"tokenIndex":10,"charIndex":0},"end":{"row":27,"column":0,"tokenIndex":11,"charIndex":8}},"confidenceScore":null},{"id":"1663400254","labeledBy":"AUTO","labeledByUserId":null,"acceptedByUserId":null,"rejectedByUserId":null,"layer":0,"counter":0,"status":"LABELED","hashCode":"SPAN:eS2knCRgLegeRw8bcmSWA:0:27:0:12:0:27:0:14:8:0:undefined:undefined","labelName":"eS2knCRgLegeRw8bcmSWA","labelItem":{"id":"eS2knCRgLegeRw8bcmSWA","labelName":"Skill"},"textPosition":{"start":{"row":27,"column":0,"tokenIndex":12,"charIndex":0},"end":{"row":27,"column":0,"tokenIndex":14,"charIndex":8}},"confidenceScore":null},{"id":"1663400257","labeledBy":"AUTO","labeledByUserId":null,"acceptedByUserId":null,"rejectedByUserId":null,"layer":0,"counter":0,"status":"LABELED","hashCode":"SPAN:eS2knCRgLegeRw8bcmSWA:0:27:0:16:0:27:0:16:4:0:undefined:undefined","labelName":"eS2knCRgLegeRw8bcmSWA","labelItem":{"id":"eS2knCRgLegeRw8bcmSWA","labelName":"Skill"},"textPosition":{"start":{"row":27,"column":0,"tokenIndex":16,"charIndex":0},"end":{"row":27,"column":0,"tokenIndex":16,"charIndex":4}},"confidenceScore":null},{"id":"1663400260","labeledBy":"AUTO","labeledByUserId":null,"acceptedByUserId":null,"rejectedByUserId":null,"layer":0,"counter":0,"status":"LABELED","hashCode":"SPAN:eS2knCRgLegeRw8bcmSWA:0:30:0:2:0:30:0:2:6:0:undefined:undefined","labelName":"eS2knCRgLegeRw8bcmSWA","labelItem":{"id":"eS2knCRgLegeRw8bcmSWA","labelName":"Skill"},"textPosition":{"start":{"row":30,"column":0,"tokenIndex":2,"charIndex":0},"end":{"row":30,"column":0,"tokenIndex":2,"charIndex":6}},"confidenceScore":null},{"id":"1663400263","labeledBy":"AUTO","labeledByUserId":null,"acceptedByUserId":null,"rejectedByUserId":null,"layer":0,"counter":0,"status":"LABELED","hashCode":"SPAN:eS2knCRgLegeRw8bcmSWA:0:30:0:7:0:30:0:7:3:0:undefined:undefined","labelName":"eS2knCRgLegeRw8bcmSWA","labelItem":{"id":"eS2knCRgLegeRw8bcmSWA","labelName":"Skill"},"textPosition":{"start":{"row":30,"column":0,"tokenIndex":7,"charIndex":0},"end":{"row":30,"column":0,"tokenIndex":7,"charIndex":3}},"confidenceScore":null},{"id":"1663400266","labeledBy":"AUTO","labeledByUserId":null,"acceptedByUserId":null,"rejectedByUserId":null,"layer":0,"counter":0,"status":"LABELED","hashCode":"SPAN:52S_6moRfhjC-yXgIBeCp:0:32:0:0:0:32:0:0:6:0:undefined:undefined","labelName":"52S_6moRfhjC-yXgIBeCp","labelItem":{"id":"52S_6moRfhjC-yXgIBeCp","labelName":"Date"},"textPosition":{"start":{"row":32,"column":0,"tokenIndex":0,"charIndex":0},"end":{"row":32,"column":0,"tokenIndex":0,"charIndex":6}},"confidenceScore":null},{"id":"1663400269","labeledBy":"AUTO","labeledByUserId":null,"acceptedByUserId":null,"rejectedByUserId":null,"layer":0,"counter":0,"status":"LABELED","hashCode":"SPAN:52S_6moRfhjC-yXgIBeCp:0:32:0:2:0:32:0:2:6:0:undefined:undefined","labelName":"52S_6moRfhjC-yXgIBeCp","labelItem":{"id":"52S_6moRfhjC-yXgIBeCp","labelName":"Date"},"textPosition":{"start":{"row":32,"column":0,"tokenIndex":2,"charIndex":0},"end":{"row":32,"column":0,"tokenIndex":2,"charIndex":6}},"confidenceScore":null},{"id":"1663400272","labeledBy":"AUTO","labeledByUserId":null,"acceptedByUserId":null,"rejectedByUserId":null,"layer":0,"counter":0,"status":"LABELED","hashCode":"SPAN:rj7TW0-ymuRo6f_asXJab:0:32:0:3:0:32:0:4:3:0:undefined:undefined","labelName":"rj7TW0-ymuRo6f_asXJab","labelItem":{"id":"rj7TW0-ymuRo6f_asXJab","labelName":"Company Name"},"textPosition":{"start":{"row":32,"column":0,"tokenIndex":3,"charIndex":0},"end":{"row":32,"column":0,"tokenIndex":4,"charIndex":3}},"confidenceScore":null},{"id":"1663400275","labeledBy":"AUTO","labeledByUserId":null,"acceptedByUserId":null,"rejectedByUserId":null,"layer":0,"counter":0,"status":"LABELED","hashCode":"SPAN:1R0C50AAwFbEp2O0WmRv6:0:32:0:6:0:32:0:6:3:0:undefined:undefined","labelName":"1R0C50AAwFbEp2O0WmRv6","labelItem":{"id":"1R0C50AAwFbEp2O0WmRv6","labelName":"Location"},"textPosition":{"start":{"row":32,"column":0,"tokenIndex":6,"charIndex":0},"end":{"row":32,"column":0,"tokenIndex":6,"charIndex":3}},"confidenceScore":null},{"id":"1663400278","labeledBy":"AUTO","labeledByUserId":null,"acceptedByUserId":null,"rejectedByUserId":null,"layer":0,"counter":0,"status":"LABELED","hashCode":"SPAN:1R0C50AAwFbEp2O0WmRv6:0:32:0:8:0:32:0:8:4:0:undefined:undefined","labelName":"1R0C50AAwFbEp2O0WmRv6","labelItem":{"id":"1R0C50AAwFbEp2O0WmRv6","labelName":"Location"},"textPosition":{"start":{"row":32,"column":0,"tokenIndex":8,"charIndex":0},"end":{"row":32,"column":0,"tokenIndex":8,"charIndex":4}},"confidenceScore":null},{"id":"1663400281","labeledBy":"AUTO","labeledByUserId":null,"acceptedByUserId":null,"rejectedByUserId":null,"layer":0,"counter":0,"status":"LABELED","hashCode":"SPAN:SJEkdao76hjwbb6Fh5SY6:0:32:0:9:0:32:0:11:8:0:undefined:undefined","labelName":"SJEkdao76hjwbb6Fh5SY6","labelItem":{"id":"SJEkdao76hjwbb6Fh5SY6","labelName":"Job Title"},"textPosition":{"start":{"row":32,"column":0,"tokenIndex":9,"charIndex":0},"end":{"row":32,"column":0,"tokenIndex":11,"charIndex":8}},"confidenceScore":null},{"id":"1663400287","labeledBy":"AUTO","labeledByUserId":null,"acceptedByUserId":null,"rejectedByUserId":null,"layer":0,"counter":0,"status":"LABELED","hashCode":"SPAN:eS2knCRgLegeRw8bcmSWA:0:32:0:13:0:32:0:13:9:0:undefined:undefined","labelName":"eS2knCRgLegeRw8bcmSWA","labelItem":{"id":"eS2knCRgLegeRw8bcmSWA","labelName":"Skill"},"textPosition":{"start":{"row":32,"column":0,"tokenIndex":13,"charIndex":0},"end":{"row":32,"column":0,"tokenIndex":13,"charIndex":9}},"confidenceScore":null},{"id":"1663400285","labeledBy":"AUTO","labeledByUserId":null,"acceptedByUserId":null,"rejectedByUserId":null,"layer":0,"counter":0,"status":"LABELED","hashCode":"SPAN:eS2knCRgLegeRw8bcmSWA:0:32:0:14:0:32:0:14:10:0:undefined:undefined","labelName":"eS2knCRgLegeRw8bcmSWA","labelItem":{"id":"eS2knCRgLegeRw8bcmSWA","labelName":"Skill"},"textPosition":{"start":{"row":32,"column":0,"tokenIndex":14,"charIndex":0},"end":{"row":32,"column":0,"tokenIndex":14,"charIndex":10}},"confidenceScore":null},{"id":"1663400290","labeledBy":"AUTO","labeledByUserId":null,"acceptedByUserId":null,"rejectedByUserId":null,"layer":0,"counter":0,"status":"LABELED","hashCode":"SPAN:eS2knCRgLegeRw8bcmSWA:0:32:0:16:0:32:0:17:5:0:undefined:undefined","labelName":"eS2knCRgLegeRw8bcmSWA","labelItem":{"id":"eS2knCRgLegeRw8bcmSWA","labelName":"Skill"},"textPosition":{"start":{"row":32,"column":0,"tokenIndex":16,"charIndex":0},"end":{"row":32,"column":0,"tokenIndex":17,"charIndex":5}},"confidenceScore":null},{"id":"1663400293","labeledBy":"AUTO","labeledByUserId":null,"acceptedByUserId":null,"rejectedByUserId":null,"layer":0,"counter":0,"status":"LABELED","hashCode":"SPAN:eS2knCRgLegeRw8bcmSWA:0:33:0:0:0:33:0:0:9:0:undefined:undefined","labelName":"eS2knCRgLegeRw8bcmSWA","labelItem":{"id":"eS2knCRgLegeRw8bcmSWA","labelName":"Skill"},"textPosition":{"start":{"row":33,"column":0,"tokenIndex":0,"charIndex":0},"end":{"row":33,"column":0,"tokenIndex":0,"charIndex":9}},"confidenceScore":null},{"id":"1663400296","labeledBy":"AUTO","labeledByUserId":null,"acceptedByUserId":null,"rejectedByUserId":null,"layer":0,"counter":0,"status":"LABELED","hashCode":"SPAN:eS2knCRgLegeRw8bcmSWA:0:33:0:1:0:33:0:1:8:0:undefined:undefined","labelName":"eS2knCRgLegeRw8bcmSWA","labelItem":{"id":"eS2knCRgLegeRw8bcmSWA","labelName":"Skill"},"textPosition":{"start":{"row":33,"column":0,"tokenIndex":1,"charIndex":0},"end":{"row":33,"column":0,"tokenIndex":1,"charIndex":8}},"confidenceScore":null},{"id":"1663400299","labeledBy":"AUTO","labeledByUserId":null,"acceptedByUserId":null,"rejectedByUserId":null,"layer":0,"counter":0,"status":"LABELED","hashCode":"SPAN:eS2knCRgLegeRw8bcmSWA:0:33:0:2:0:33:0:2:5:0:undefined:undefined","labelName":"eS2knCRgLegeRw8bcmSWA","labelItem":{"id":"eS2knCRgLegeRw8bcmSWA","labelName":"Skill"},"textPosition":{"start":{"row":33,"column":0,"tokenIndex":2,"charIndex":0},"end":{"row":33,"column":0,"tokenIndex":2,"charIndex":5}},"confidenceScore":null},{"id":"1663400302","labeledBy":"AUTO","labeledByUserId":null,"acceptedByUserId":null,"rejectedByUserId":null,"layer":0,"counter":0,"status":"LABELED","hashCode":"SPAN:eS2knCRgLegeRw8bcmSWA:0:33:0:4:0:33:0:5:7:0:undefined:undefined","labelName":"eS2knCRgLegeRw8bcmSWA","labelItem":{"id":"eS2knCRgLegeRw8bcmSWA","labelName":"Skill"},"textPosition":{"start":{"row":33,"column":0,"tokenIndex":4,"charIndex":0},"end":{"row":33,"column":0,"tokenIndex":5,"charIndex":7}},"confidenceScore":null},{"id":"1663400305","labeledBy":"AUTO","labeledByUserId":null,"acceptedByUserId":null,"rejectedByUserId":null,"layer":0,"counter":0,"status":"LABELED","hashCode":"SPAN:eS2knCRgLegeRw8bcmSWA:0:33:0:8:0:33:0:8:9:0:undefined:undefined","labelName":"eS2knCRgLegeRw8bcmSWA","labelItem":{"id":"eS2knCRgLegeRw8bcmSWA","labelName":"Skill"},"textPosition":{"start":{"row":33,"column":0,"tokenIndex":8,"charIndex":0},"end":{"row":33,"column":0,"tokenIndex":8,"charIndex":9}},"confidenceScore":null},{"id":"1663400308","labeledBy":"AUTO","labeledByUserId":null,"acceptedByUserId":null,"rejectedByUserId":null,"layer":0,"counter":0,"status":"LABELED","hashCode":"SPAN:eS2knCRgLegeRw8bcmSWA:0:34:0:8:0:34:0:11:10:0:undefined:undefined","labelName":"eS2knCRgLegeRw8bcmSWA","labelItem":{"id":"eS2knCRgLegeRw8bcmSWA","labelName":"Skill"},"textPosition":{"start":{"row":34,"column":0,"tokenIndex":8,"charIndex":0},"end":{"row":34,"column":0,"tokenIndex":11,"charIndex":10}},"confidenceScore":null},{"id":"1663400311","labeledBy":"AUTO","labeledByUserId":null,"acceptedByUserId":null,"rejectedByUserId":null,"layer":0,"counter":0,"status":"LABELED","hashCode":"SPAN:eS2knCRgLegeRw8bcmSWA:0:34:0:12:0:34:0:13:8:0:undefined:undefined","labelName":"eS2knCRgLegeRw8bcmSWA","labelItem":{"id":"eS2knCRgLegeRw8bcmSWA","labelName":"Skill"},"textPosition":{"start":{"row":34,"column":0,"tokenIndex":12,"charIndex":0},"end":{"row":34,"column":0,"tokenIndex":13,"charIndex":8}},"confidenceScore":null},{"id":"1663400314","labeledBy":"AUTO","labeledByUserId":null,"acceptedByUserId":null,"rejectedByUserId":null,"layer":0,"counter":0,"status":"LABELED","hashCode":"SPAN:eS2knCRgLegeRw8bcmSWA:0:34:0:14:0:34:0:15:6:0:undefined:undefined","labelName":"eS2knCRgLegeRw8bcmSWA","labelItem":{"id":"eS2knCRgLegeRw8bcmSWA","labelName":"Skill"},"textPosition":{"start":{"row":34,"column":0,"tokenIndex":14,"charIndex":0},"end":{"row":34,"column":0,"tokenIndex":15,"charIndex":6}},"confidenceScore":null},{"id":"1663400317","labeledBy":"AUTO","labeledByUserId":null,"acceptedByUserId":null,"rejectedByUserId":null,"layer":0,"counter":0,"status":"LABELED","hashCode":"SPAN:eS2knCRgLegeRw8bcmSWA:0:34:0:17:0:34:0:19:8:0:undefined:undefined","labelName":"eS2knCRgLegeRw8bcmSWA","labelItem":{"id":"eS2knCRgLegeRw8bcmSWA","labelName":"Skill"},"textPosition":{"start":{"row":34,"column":0,"tokenIndex":17,"charIndex":0},"end":{"row":34,"column":0,"tokenIndex":19,"charIndex":8}},"confidenceScore":null},{"id":"1663400320","labeledBy":"AUTO","labeledByUserId":null,"acceptedByUserId":null,"rejectedByUserId":null,"layer":0,"counter":0,"status":"LABELED","hashCode":"SPAN:eS2knCRgLegeRw8bcmSWA:0:39:0:1:0:39:0:2:6:0:undefined:undefined","labelName":"eS2knCRgLegeRw8bcmSWA","labelItem":{"id":"eS2knCRgLegeRw8bcmSWA","labelName":"Skill"},"textPosition":{"start":{"row":39,"column":0,"tokenIndex":1,"charIndex":0},"end":{"row":39,"column":0,"tokenIndex":2,"charIndex":6}},"confidenceScore":null},{"id":"1663400323","labeledBy":"AUTO","labeledByUserId":null,"acceptedByUserId":null,"rejectedByUserId":null,"layer":0,"counter":0,"status":"LABELED","hashCode":"SPAN:52S_6moRfhjC-yXgIBeCp:0:40:0:0:0:40:0:0:6:0:undefined:undefined","labelName":"52S_6moRfhjC-yXgIBeCp","labelItem":{"id":"52S_6moRfhjC-yXgIBeCp","labelName":"Date"},"textPosition":{"start":{"row":40,"column":0,"tokenIndex":0,"charIndex":0},"end":{"row":40,"column":0,"tokenIndex":0,"charIndex":6}},"confidenceScore":null},{"id":"1663400326","labeledBy":"AUTO","labeledByUserId":null,"acceptedByUserId":null,"rejectedByUserId":null,"layer":0,"counter":0,"status":"LABELED","hashCode":"SPAN:52S_6moRfhjC-yXgIBeCp:0:40:0:2:0:40:0:2:6:0:undefined:undefined","labelName":"52S_6moRfhjC-yXgIBeCp","labelItem":{"id":"52S_6moRfhjC-yXgIBeCp","labelName":"Date"},"textPosition":{"start":{"row":40,"column":0,"tokenIndex":2,"charIndex":0},"end":{"row":40,"column":0,"tokenIndex":2,"charIndex":6}},"confidenceScore":null},{"id":"1663400329","labeledBy":"AUTO","labeledByUserId":null,"acceptedByUserId":null,"rejectedByUserId":null,"layer":0,"counter":0,"status":"LABELED","hashCode":"SPAN:rj7TW0-ymuRo6f_asXJab:0:40:0:3:0:40:0:4:3:0:undefined:undefined","labelName":"rj7TW0-ymuRo6f_asXJab","labelItem":{"id":"rj7TW0-ymuRo6f_asXJab","labelName":"Company Name"},"textPosition":{"start":{"row":40,"column":0,"tokenIndex":3,"charIndex":0},"end":{"row":40,"column":0,"tokenIndex":4,"charIndex":3}},"confidenceScore":null},{"id":"1663400332","labeledBy":"AUTO","labeledByUserId":null,"acceptedByUserId":null,"rejectedByUserId":null,"layer":0,"counter":0,"status":"LABELED","hashCode":"SPAN:1R0C50AAwFbEp2O0WmRv6:0:40:0:6:0:40:0:6:3:0:undefined:undefined","labelName":"1R0C50AAwFbEp2O0WmRv6","labelItem":{"id":"1R0C50AAwFbEp2O0WmRv6","labelName":"Location"},"textPosition":{"start":{"row":40,"column":0,"tokenIndex":6,"charIndex":0},"end":{"row":40,"column":0,"tokenIndex":6,"charIndex":3}},"confidenceScore":null},{"id":"1663400335","labeledBy":"AUTO","labeledByUserId":null,"acceptedByUserId":null,"rejectedByUserId":null,"layer":0,"counter":0,"status":"LABELED","hashCode":"SPAN:1R0C50AAwFbEp2O0WmRv6:0:40:0:8:0:40:0:8:4:0:undefined:undefined","labelName":"1R0C50AAwFbEp2O0WmRv6","labelItem":{"id":"1R0C50AAwFbEp2O0WmRv6","labelName":"Location"},"textPosition":{"start":{"row":40,"column":0,"tokenIndex":8,"charIndex":0},"end":{"row":40,"column":0,"tokenIndex":8,"charIndex":4}},"confidenceScore":null},{"id":"1663400338","labeledBy":"AUTO","labeledByUserId":null,"acceptedByUserId":null,"rejectedByUserId":null,"layer":0,"counter":0,"status":"LABELED","hashCode":"SPAN:SJEkdao76hjwbb6Fh5SY6:0:40:0:9:0:40:0:10:6:0:undefined:undefined","labelName":"SJEkdao76hjwbb6Fh5SY6","labelItem":{"id":"SJEkdao76hjwbb6Fh5SY6","labelName":"Job Title"},"textPosition":{"start":{"row":40,"column":0,"tokenIndex":9,"charIndex":0},"end":{"row":40,"column":0,"tokenIndex":10,"charIndex":6}},"confidenceScore":null},{"id":"1663400341","labeledBy":"AUTO","labeledByUserId":null,"acceptedByUserId":null,"rejectedByUserId":null,"layer":0,"counter":0,"status":"LABELED","hashCode":"SPAN:eS2knCRgLegeRw8bcmSWA:0:40:0:11:0:40:0:11:6:0:undefined:undefined","labelName":"eS2knCRgLegeRw8bcmSWA","labelItem":{"id":"eS2knCRgLegeRw8bcmSWA","labelName":"Skill"},"textPosition":{"start":{"row":40,"column":0,"tokenIndex":11,"charIndex":0},"end":{"row":40,"column":0,"tokenIndex":11,"charIndex":6}},"confidenceScore":null},{"id":"1663400344","labeledBy":"AUTO","labeledByUserId":null,"acceptedByUserId":null,"rejectedByUserId":null,"layer":0,"counter":0,"status":"LABELED","hashCode":"SPAN:eS2knCRgLegeRw8bcmSWA:0:41:0:0:0:41:0:1:7:0:undefined:undefined","labelName":"eS2knCRgLegeRw8bcmSWA","labelItem":{"id":"eS2knCRgLegeRw8bcmSWA","labelName":"Skill"},"textPosition":{"start":{"row":41,"column":0,"tokenIndex":0,"charIndex":0},"end":{"row":41,"column":0,"tokenIndex":1,"charIndex":7}},"confidenceScore":null},{"id":"1663400347","labeledBy":"AUTO","labeledByUserId":null,"acceptedByUserId":null,"rejectedByUserId":null,"layer":0,"counter":0,"status":"LABELED","hashCode":"SPAN:rj7TW0-ymuRo6f_asXJab:0:43:0:13:0:43:0:14:3:0:undefined:undefined","labelName":"rj7TW0-ymuRo6f_asXJab","labelItem":{"id":"rj7TW0-ymuRo6f_asXJab","labelName":"Company Name"},"textPosition":{"start":{"row":43,"column":0,"tokenIndex":13,"charIndex":0},"end":{"row":43,"column":0,"tokenIndex":14,"charIndex":3}},"confidenceScore":null},{"id":"1663400350","labeledBy":"AUTO","labeledByUserId":null,"acceptedByUserId":null,"rejectedByUserId":null,"layer":0,"counter":0,"status":"LABELED","hashCode":"SPAN:eS2knCRgLegeRw8bcmSWA:0:44:0:3:0:44:0:7:9:0:undefined:undefined","labelName":"eS2knCRgLegeRw8bcmSWA","labelItem":{"id":"eS2knCRgLegeRw8bcmSWA","labelName":"Skill"},"textPosition":{"start":{"row":44,"column":0,"tokenIndex":3,"charIndex":0},"end":{"row":44,"column":0,"tokenIndex":7,"charIndex":9}},"confidenceScore":null},{"id":"1663400353","labeledBy":"AUTO","labeledByUserId":null,"acceptedByUserId":null,"rejectedByUserId":null,"layer":0,"counter":0,"status":"LABELED","hashCode":"SPAN:BjO8MdvK2KI4E5iMEeY4B:0:45:0:1:0:45:0:1:3:0:undefined:undefined","labelName":"BjO8MdvK2KI4E5iMEeY4B","labelItem":{"id":"BjO8MdvK2KI4E5iMEeY4B","labelName":"Graduation Year"},"textPosition":{"start":{"row":45,"column":0,"tokenIndex":1,"charIndex":0},"end":{"row":45,"column":0,"tokenIndex":1,"charIndex":3}},"confidenceScore":null},{"id":"1663400356","labeledBy":"AUTO","labeledByUserId":null,"acceptedByUserId":null,"rejectedByUserId":null,"layer":0,"counter":0,"status":"LABELED","hashCode":"SPAN:Kj5U6n9NUqTXuWcB3c_7L:0:45:0:2:0:45:0:3:6:0:undefined:undefined","labelName":"Kj5U6n9NUqTXuWcB3c_7L","labelItem":{"id":"Kj5U6n9NUqTXuWcB3c_7L","labelName":"College"},"textPosition":{"start":{"row":45,"column":0,"tokenIndex":2,"charIndex":0},"end":{"row":45,"column":0,"tokenIndex":3,"charIndex":6}},"confidenceScore":null},{"id":"1663400359","labeledBy":"AUTO","labeledByUserId":null,"acceptedByUserId":null,"rejectedByUserId":null,"layer":0,"counter":0,"status":"LABELED","hashCode":"SPAN:1R0C50AAwFbEp2O0WmRv6:0:45:0:4:0:45:0:4:3:0:undefined:undefined","labelName":"1R0C50AAwFbEp2O0WmRv6","labelItem":{"id":"1R0C50AAwFbEp2O0WmRv6","labelName":"Location"},"textPosition":{"start":{"row":45,"column":0,"tokenIndex":4,"charIndex":0},"end":{"row":45,"column":0,"tokenIndex":4,"charIndex":3}},"confidenceScore":null},{"id":"1663400362","labeledBy":"AUTO","labeledByUserId":null,"acceptedByUserId":null,"rejectedByUserId":null,"layer":0,"counter":0,"status":"LABELED","hashCode":"SPAN:1R0C50AAwFbEp2O0WmRv6:0:45:0:6:0:45:0:6:4:0:undefined:undefined","labelName":"1R0C50AAwFbEp2O0WmRv6","labelItem":{"id":"1R0C50AAwFbEp2O0WmRv6","labelName":"Location"},"textPosition":{"start":{"row":45,"column":0,"tokenIndex":6,"charIndex":0},"end":{"row":45,"column":0,"tokenIndex":6,"charIndex":4}},"confidenceScore":null},{"id":"1663400365","labeledBy":"AUTO","labeledByUserId":null,"acceptedByUserId":null,"rejectedByUserId":null,"layer":0,"counter":0,"status":"LABELED","hashCode":"SPAN:IeEoIKabMl51BJE0gX2YL:0:45:0:7:0:45:0:12:13:0:undefined:undefined","labelName":"IeEoIKabMl51BJE0gX2YL","labelItem":{"id":"IeEoIKabMl51BJE0gX2YL","labelName":"Degree"},"textPosition":{"start":{"row":45,"column":0,"tokenIndex":7,"charIndex":0},"end":{"row":45,"column":0,"tokenIndex":12,"charIndex":13}},"confidenceScore":null},{"id":"1663400368","labeledBy":"AUTO","labeledByUserId":null,"acceptedByUserId":null,"rejectedByUserId":null,"layer":0,"counter":0,"status":"LABELED","hashCode":"SPAN:eS2knCRgLegeRw8bcmSWA:0:45:0:20:0:45:0:21:6:0:undefined:undefined","labelName":"eS2knCRgLegeRw8bcmSWA","labelItem":{"id":"eS2knCRgLegeRw8bcmSWA","labelName":"Skill"},"textPosition":{"start":{"row":45,"column":0,"tokenIndex":20,"charIndex":0},"end":{"row":45,"column":0,"tokenIndex":21,"charIndex":6}},"confidenceScore":null},{"id":"1663400371","labeledBy":"AUTO","labeledByUserId":null,"acceptedByUserId":null,"rejectedByUserId":null,"layer":0,"counter":0,"status":"LABELED","hashCode":"SPAN:eS2knCRgLegeRw8bcmSWA:0:45:0:22:0:45:0:22:7:0:undefined:undefined","labelName":"eS2knCRgLegeRw8bcmSWA","labelItem":{"id":"eS2knCRgLegeRw8bcmSWA","labelName":"Skill"},"textPosition":{"start":{"row":45,"column":0,"tokenIndex":22,"charIndex":0},"end":{"row":45,"column":0,"tokenIndex":22,"charIndex":7}},"confidenceScore":null},{"id":"1663400374","labeledBy":"AUTO","labeledByUserId":null,"acceptedByUserId":null,"rejectedByUserId":null,"layer":0,"counter":0,"status":"LABELED","hashCode":"SPAN:eS2knCRgLegeRw8bcmSWA:0:45:0:23:0:45:0:23:8:0:undefined:undefined","labelName":"eS2knCRgLegeRw8bcmSWA","labelItem":{"id":"eS2knCRgLegeRw8bcmSWA","labelName":"Skill"},"textPosition":{"start":{"row":45,"column":0,"tokenIndex":23,"charIndex":0},"end":{"row":45,"column":0,"tokenIndex":23,"charIndex":8}},"confidenceScore":null},{"id":"1663400377","labeledBy":"AUTO","labeledByUserId":null,"acceptedByUserId":null,"rejectedByUserId":null,"layer":0,"counter":0,"status":"LABELED","hashCode":"SPAN:eS2knCRgLegeRw8bcmSWA:0:45:0:24:0:45:0:25:13:0:undefined:undefined","labelName":"eS2knCRgLegeRw8bcmSWA","labelItem":{"id":"eS2knCRgLegeRw8bcmSWA","labelName":"Skill"},"textPosition":{"start":{"row":45,"column":0,"tokenIndex":24,"charIndex":0},"end":{"row":45,"column":0,"tokenIndex":25,"charIndex":13}},"confidenceScore":null},{"id":"1663400380","labeledBy":"AUTO","labeledByUserId":null,"acceptedByUserId":null,"rejectedByUserId":null,"layer":0,"counter":0,"status":"LABELED","hashCode":"SPAN:eS2knCRgLegeRw8bcmSWA:0:45:0:26:0:45:0:26:6:0:undefined:undefined","labelName":"eS2knCRgLegeRw8bcmSWA","labelItem":{"id":"eS2knCRgLegeRw8bcmSWA","labelName":"Skill"},"textPosition":{"start":{"row":45,"column":0,"tokenIndex":26,"charIndex":0},"end":{"row":45,"column":0,"tokenIndex":26,"charIndex":6}},"confidenceScore":null},{"id":"1663400383","labeledBy":"AUTO","labeledByUserId":null,"acceptedByUserId":null,"rejectedByUserId":null,"layer":0,"counter":0,"status":"LABELED","hashCode":"SPAN:eS2knCRgLegeRw8bcmSWA:0:45:0:27:0:45:0:28:7:0:undefined:undefined","labelName":"eS2knCRgLegeRw8bcmSWA","labelItem":{"id":"eS2knCRgLegeRw8bcmSWA","labelName":"Skill"},"textPosition":{"start":{"row":45,"column":0,"tokenIndex":27,"charIndex":0},"end":{"row":45,"column":0,"tokenIndex":28,"charIndex":7}},"confidenceScore":null},{"id":"1663400386","labeledBy":"AUTO","labeledByUserId":null,"acceptedByUserId":null,"rejectedByUserId":null,"layer":0,"counter":0,"status":"LABELED","hashCode":"SPAN:eS2knCRgLegeRw8bcmSWA:0:45:0:29:0:45:0:30:6:0:undefined:undefined","labelName":"eS2knCRgLegeRw8bcmSWA","labelItem":{"id":"eS2knCRgLegeRw8bcmSWA","labelName":"Skill"},"textPosition":{"start":{"row":45,"column":0,"tokenIndex":29,"charIndex":0},"end":{"row":45,"column":0,"tokenIndex":30,"charIndex":6}},"confidenceScore":null},{"id":"1663400389","labeledBy":"AUTO","labeledByUserId":null,"acceptedByUserId":null,"rejectedByUserId":null,"layer":0,"counter":0,"status":"LABELED","hashCode":"SPAN:eS2knCRgLegeRw8bcmSWA:0:45:0:31:0:45:0:31:9:0:undefined:undefined","labelName":"eS2knCRgLegeRw8bcmSWA","labelItem":{"id":"eS2knCRgLegeRw8bcmSWA","labelName":"Skill"},"textPosition":{"start":{"row":45,"column":0,"tokenIndex":31,"charIndex":0},"end":{"row":45,"column":0,"tokenIndex":31,"charIndex":9}},"confidenceScore":null},{"id":"1663400392","labeledBy":"AUTO","labeledByUserId":null,"acceptedByUserId":null,"rejectedByUserId":null,"layer":0,"counter":0,"status":"LABELED","hashCode":"SPAN:eS2knCRgLegeRw8bcmSWA:0:45:0:32:0:45:0:32:5:0:undefined:undefined","labelName":"eS2knCRgLegeRw8bcmSWA","labelItem":{"id":"eS2knCRgLegeRw8bcmSWA","labelName":"Skill"},"textPosition":{"start":{"row":45,"column":0,"tokenIndex":32,"charIndex":0},"end":{"row":45,"column":0,"tokenIndex":32,"charIndex":5}},"confidenceScore":null},{"id":"1663400395","labeledBy":"AUTO","labeledByUserId":null,"acceptedByUserId":null,"rejectedByUserId":null,"layer":0,"counter":0,"status":"LABELED","hashCode":"SPAN:eS2knCRgLegeRw8bcmSWA:0:45:0:33:0:45:0:33:10:0:undefined:undefined","labelName":"eS2knCRgLegeRw8bcmSWA","labelItem":{"id":"eS2knCRgLegeRw8bcmSWA","labelName":"Skill"},"textPosition":{"start":{"row":45,"column":0,"tokenIndex":33,"charIndex":0},"end":{"row":45,"column":0,"tokenIndex":33,"charIndex":10}},"confidenceScore":null},{"id":"1663400398","labeledBy":"AUTO","labeledByUserId":null,"acceptedByUserId":null,"rejectedByUserId":null,"layer":0,"counter":0,"status":"LABELED","hashCode":"SPAN:eS2knCRgLegeRw8bcmSWA:0:45:0:34:0:45:0:35:6:0:undefined:undefined","labelName":"eS2knCRgLegeRw8bcmSWA","labelItem":{"id":"eS2knCRgLegeRw8bcmSWA","labelName":"Skill"},"textPosition":{"start":{"row":45,"column":0,"tokenIndex":34,"charIndex":0},"end":{"row":45,"column":0,"tokenIndex":35,"charIndex":6}},"confidenceScore":null},{"id":"1663400401","labeledBy":"AUTO","labeledByUserId":null,"acceptedByUserId":null,"rejectedByUserId":null,"layer":0,"counter":0,"status":"LABELED","hashCode":"SPAN:eS2knCRgLegeRw8bcmSWA:0:45:0:36:0:45:0:36:10:0:undefined:undefined","labelName":"eS2knCRgLegeRw8bcmSWA","labelItem":{"id":"eS2knCRgLegeRw8bcmSWA","labelName":"Skill"},"textPosition":{"start":{"row":45,"column":0,"tokenIndex":36,"charIndex":0},"end":{"row":45,"column":0,"tokenIndex":36,"charIndex":10}},"confidenceScore":null},{"id":"1663400404","labeledBy":"AUTO","labeledByUserId":null,"acceptedByUserId":null,"rejectedByUserId":null,"layer":0,"counter":0,"status":"LABELED","hashCode":"SPAN:eS2knCRgLegeRw8bcmSWA:0:45:0:37:0:45:0:37:9:0:undefined:undefined","labelName":"eS2knCRgLegeRw8bcmSWA","labelItem":{"id":"eS2knCRgLegeRw8bcmSWA","labelName":"Skill"},"textPosition":{"start":{"row":45,"column":0,"tokenIndex":37,"charIndex":0},"end":{"row":45,"column":0,"tokenIndex":37,"charIndex":9}},"confidenceScore":null},{"id":"1663400407","labeledBy":"AUTO","labeledByUserId":null,"acceptedByUserId":null,"rejectedByUserId":null,"layer":0,"counter":0,"status":"LABELED","hashCode":"SPAN:eS2knCRgLegeRw8bcmSWA:0:45:0:38:0:45:0:39:10:0:undefined:undefined","labelName":"eS2knCRgLegeRw8bcmSWA","labelItem":{"id":"eS2knCRgLegeRw8bcmSWA","labelName":"Skill"},"textPosition":{"start":{"row":45,"column":0,"tokenIndex":38,"charIndex":0},"end":{"row":45,"column":0,"tokenIndex":39,"charIndex":10}},"confidenceScore":null},{"id":"1663400410","labeledBy":"AUTO","labeledByUserId":null,"acceptedByUserId":null,"rejectedByUserId":null,"layer":0,"counter":0,"status":"LABELED","hashCode":"SPAN:eS2knCRgLegeRw8bcmSWA:0:45:0:40:0:45:0:40:8:0:undefined:undefined","labelName":"eS2knCRgLegeRw8bcmSWA","labelItem":{"id":"eS2knCRgLegeRw8bcmSWA","labelName":"Skill"},"textPosition":{"start":{"row":45,"column":0,"tokenIndex":40,"charIndex":0},"end":{"row":45,"column":0,"tokenIndex":40,"charIndex":8}},"confidenceScore":null},{"id":"1663400413","labeledBy":"AUTO","labeledByUserId":null,"acceptedByUserId":null,"rejectedByUserId":null,"layer":0,"counter":0,"status":"LABELED","hashCode":"SPAN:eS2knCRgLegeRw8bcmSWA:0:45:0:41:0:45:0:42:11:0:undefined:undefined","labelName":"eS2knCRgLegeRw8bcmSWA","labelItem":{"id":"eS2knCRgLegeRw8bcmSWA","labelName":"Skill"},"textPosition":{"start":{"row":45,"column":0,"tokenIndex":41,"charIndex":0},"end":{"row":45,"column":0,"tokenIndex":42,"charIndex":11}},"confidenceScore":null},{"id":"1663400416","labeledBy":"AUTO","labeledByUserId":null,"acceptedByUserId":null,"rejectedByUserId":null,"layer":0,"counter":0,"status":"LABELED","hashCode":"SPAN:eS2knCRgLegeRw8bcmSWA:0:45:0:43:0:45:0:44:7:0:undefined:undefined","labelName":"eS2knCRgLegeRw8bcmSWA","labelItem":{"id":"eS2knCRgLegeRw8bcmSWA","labelName":"Skill"},"textPosition":{"start":{"row":45,"column":0,"tokenIndex":43,"charIndex":0},"end":{"row":45,"column":0,"tokenIndex":44,"charIndex":7}},"confidenceScore":null},{"id":"1663400419","labeledBy":"AUTO","labeledByUserId":null,"acceptedByUserId":null,"rejectedByUserId":null,"layer":0,"counter":0,"status":"LABELED","hashCode":"SPAN:eS2knCRgLegeRw8bcmSWA:0:45:0:45:0:45:0:45:9:0:undefined:undefined","labelName":"eS2knCRgLegeRw8bcmSWA","labelItem":{"id":"eS2knCRgLegeRw8bcmSWA","labelName":"Skill"},"textPosition":{"start":{"row":45,"column":0,"tokenIndex":45,"charIndex":0},"end":{"row":45,"column":0,"tokenIndex":45,"charIndex":9}},"confidenceScore":null},{"id":"1663400422","labeledBy":"AUTO","labeledByUserId":null,"acceptedByUserId":null,"rejectedByUserId":null,"layer":0,"counter":0,"status":"LABELED","hashCode":"SPAN:eS2knCRgLegeRw8bcmSWA:0:45:0:46:0:45:0:46:6:0:undefined:undefined","labelName":"eS2knCRgLegeRw8bcmSWA","labelItem":{"id":"eS2knCRgLegeRw8bcmSWA","labelName":"Skill"},"textPosition":{"start":{"row":45,"column":0,"tokenIndex":46,"charIndex":0},"end":{"row":45,"column":0,"tokenIndex":46,"charIndex":6}},"confidenceScore":null},{"id":"1663400425","labeledBy":"AUTO","labeledByUserId":null,"acceptedByUserId":null,"rejectedByUserId":null,"layer":0,"counter":0,"status":"LABELED","hashCode":"SPAN:eS2knCRgLegeRw8bcmSWA:0:45:0:47:0:45:0:47:7:0:undefined:undefined","labelName":"eS2knCRgLegeRw8bcmSWA","labelItem":{"id":"eS2knCRgLegeRw8bcmSWA","labelName":"Skill"},"textPosition":{"start":{"row":45,"column":0,"tokenIndex":47,"charIndex":0},"end":{"row":45,"column":0,"tokenIndex":47,"charIndex":7}},"confidenceScore":null},{"id":"1663400428","labeledBy":"AUTO","labeledByUserId":null,"acceptedByUserId":null,"rejectedByUserId":null,"layer":0,"counter":0,"status":"LABELED","hashCode":"SPAN:eS2knCRgLegeRw8bcmSWA:0:45:0:48:0:45:0:48:5:0:undefined:undefined","labelName":"eS2knCRgLegeRw8bcmSWA","labelItem":{"id":"eS2knCRgLegeRw8bcmSWA","labelName":"Skill"},"textPosition":{"start":{"row":45,"column":0,"tokenIndex":48,"charIndex":0},"end":{"row":45,"column":0,"tokenIndex":48,"charIndex":5}},"confidenceScore":null},{"id":"1663400431","labeledBy":"AUTO","labeledByUserId":null,"acceptedByUserId":null,"rejectedByUserId":null,"layer":0,"counter":0,"status":"LABELED","hashCode":"SPAN:eS2knCRgLegeRw8bcmSWA:0:45:0:49:0:45:0:51:10:0:undefined:undefined","labelName":"eS2knCRgLegeRw8bcmSWA","labelItem":{"id":"eS2knCRgLegeRw8bcmSWA","labelName":"Skill"},"textPosition":{"start":{"row":45,"column":0,"tokenIndex":49,"charIndex":0},"end":{"row":45,"column":0,"tokenIndex":51,"charIndex":10}},"confidenceScore":null},{"id":"1663400434","labeledBy":"AUTO","labeledByUserId":null,"acceptedByUserId":null,"rejectedByUserId":null,"layer":0,"counter":0,"status":"LABELED","hashCode":"SPAN:eS2knCRgLegeRw8bcmSWA:0:45:0:52:0:45:0:53:6:0:undefined:undefined","labelName":"eS2knCRgLegeRw8bcmSWA","labelItem":{"id":"eS2knCRgLegeRw8bcmSWA","labelName":"Skill"},"textPosition":{"start":{"row":45,"column":0,"tokenIndex":52,"charIndex":0},"end":{"row":45,"column":0,"tokenIndex":53,"charIndex":6}},"confidenceScore":null},{"id":"1663400437","labeledBy":"AUTO","labeledByUserId":null,"acceptedByUserId":null,"rejectedByUserId":null,"layer":0,"counter":0,"status":"LABELED","hashCode":"SPAN:eS2knCRgLegeRw8bcmSWA:0:47:0:0:0:47:0:0:10:0:undefined:undefined","labelName":"eS2knCRgLegeRw8bcmSWA","labelItem":{"id":"eS2knCRgLegeRw8bcmSWA","labelName":"Skill"},"textPosition":{"start":{"row":47,"column":0,"tokenIndex":0,"charIndex":0},"end":{"row":47,"column":0,"tokenIndex":0,"charIndex":10}},"confidenceScore":null},{"id":"1663400440","labeledBy":"AUTO","labeledByUserId":null,"acceptedByUserId":null,"rejectedByUserId":null,"layer":0,"counter":0,"status":"LABELED","hashCode":"SPAN:eS2knCRgLegeRw8bcmSWA:0:47:0:4:0:47:0:5:13:0:undefined:undefined","labelName":"eS2knCRgLegeRw8bcmSWA","labelItem":{"id":"eS2knCRgLegeRw8bcmSWA","labelName":"Skill"},"textPosition":{"start":{"row":47,"column":0,"tokenIndex":4,"charIndex":0},"end":{"row":47,"column":0,"tokenIndex":5,"charIndex":13}},"confidenceScore":null},{"id":"1663400443","labeledBy":"AUTO","labeledByUserId":null,"acceptedByUserId":null,"rejectedByUserId":null,"layer":0,"counter":0,"status":"LABELED","hashCode":"SPAN:eS2knCRgLegeRw8bcmSWA:0:48:0:2:0:48:0:3:10:0:undefined:undefined","labelName":"eS2knCRgLegeRw8bcmSWA","labelItem":{"id":"eS2knCRgLegeRw8bcmSWA","labelName":"Skill"},"textPosition":{"start":{"row":48,"column":0,"tokenIndex":2,"charIndex":0},"end":{"row":48,"column":0,"tokenIndex":3,"charIndex":10}},"confidenceScore":null},{"id":"1663400446","labeledBy":"AUTO","labeledByUserId":null,"acceptedByUserId":null,"rejectedByUserId":null,"layer":0,"counter":0,"status":"LABELED","hashCode":"SPAN:eS2knCRgLegeRw8bcmSWA:0:48:0:6:0:48:0:7:10:0:undefined:undefined","labelName":"eS2knCRgLegeRw8bcmSWA","labelItem":{"id":"eS2knCRgLegeRw8bcmSWA","labelName":"Skill"},"textPosition":{"start":{"row":48,"column":0,"tokenIndex":6,"charIndex":0},"end":{"row":48,"column":0,"tokenIndex":7,"charIndex":10}},"confidenceScore":null},{"id":"1663400449","labeledBy":"AUTO","labeledByUserId":null,"acceptedByUserId":null,"rejectedByUserId":null,"layer":0,"counter":0,"status":"LABELED","hashCode":"SPAN:eS2knCRgLegeRw8bcmSWA:0:49:0:1:0:49:0:1:7:0:undefined:undefined","labelName":"eS2knCRgLegeRw8bcmSWA","labelItem":{"id":"eS2knCRgLegeRw8bcmSWA","labelName":"Skill"},"textPosition":{"start":{"row":49,"column":0,"tokenIndex":1,"charIndex":0},"end":{"row":49,"column":0,"tokenIndex":1,"charIndex":7}},"confidenceScore":null},{"id":"1663400452","labeledBy":"AUTO","labeledByUserId":null,"acceptedByUserId":null,"rejectedByUserId":null,"layer":0,"counter":0,"status":"LABELED","hashCode":"SPAN:eS2knCRgLegeRw8bcmSWA:0:49:0:3:0:49:0:3:9:0:undefined:undefined","labelName":"eS2knCRgLegeRw8bcmSWA","labelItem":{"id":"eS2knCRgLegeRw8bcmSWA","labelName":"Skill"},"textPosition":{"start":{"row":49,"column":0,"tokenIndex":3,"charIndex":0},"end":{"row":49,"column":0,"tokenIndex":3,"charIndex":9}},"confidenceScore":null},{"id":"1663400455","labeledBy":"AUTO","labeledByUserId":null,"acceptedByUserId":null,"rejectedByUserId":null,"layer":0,"counter":0,"status":"LABELED","hashCode":"SPAN:eS2knCRgLegeRw8bcmSWA:0:49:0:5:0:49:0:6:11:0:undefined:undefined","labelName":"eS2knCRgLegeRw8bcmSWA","labelItem":{"id":"eS2knCRgLegeRw8bcmSWA","labelName":"Skill"},"textPosition":{"start":{"row":49,"column":0,"tokenIndex":5,"charIndex":0},"end":{"row":49,"column":0,"tokenIndex":6,"charIndex":11}},"confidenceScore":null},{"id":"1663400458","labeledBy":"AUTO","labeledByUserId":null,"acceptedByUserId":null,"rejectedByUserId":null,"layer":0,"counter":0,"status":"LABELED","hashCode":"SPAN:eS2knCRgLegeRw8bcmSWA:0:50:0:1:0:50:0:2:7:0:undefined:undefined","labelName":"eS2knCRgLegeRw8bcmSWA","labelItem":{"id":"eS2knCRgLegeRw8bcmSWA","labelName":"Skill"},"textPosition":{"start":{"row":50,"column":0,"tokenIndex":1,"charIndex":0},"end":{"row":50,"column":0,"tokenIndex":2,"charIndex":7}},"confidenceScore":null},{"id":"1663400461","labeledBy":"AUTO","labeledByUserId":null,"acceptedByUserId":null,"rejectedByUserId":null,"layer":0,"counter":0,"status":"LABELED","hashCode":"SPAN:eS2knCRgLegeRw8bcmSWA:0:53:0:5:0:53:0:6:7:0:undefined:undefined","labelName":"eS2knCRgLegeRw8bcmSWA","labelItem":{"id":"eS2knCRgLegeRw8bcmSWA","labelName":"Skill"},"textPosition":{"start":{"row":53,"column":0,"tokenIndex":5,"charIndex":0},"end":{"row":53,"column":0,"tokenIndex":6,"charIndex":7}},"confidenceScore":null},{"id":"1663400464","labeledBy":"AUTO","labeledByUserId":null,"acceptedByUserId":null,"rejectedByUserId":null,"layer":0,"counter":0,"status":"LABELED","hashCode":"SPAN:eS2knCRgLegeRw8bcmSWA:0:53:0:7:0:53:0:8:4:0:undefined:undefined","labelName":"eS2knCRgLegeRw8bcmSWA","labelItem":{"id":"eS2knCRgLegeRw8bcmSWA","labelName":"Skill"},"textPosition":{"start":{"row":53,"column":0,"tokenIndex":7,"charIndex":0},"end":{"row":53,"column":0,"tokenIndex":8,"charIndex":4}},"confidenceScore":null},{"id":"1663400467","labeledBy":"AUTO","labeledByUserId":null,"acceptedByUserId":null,"rejectedByUserId":null,"layer":0,"counter":0,"status":"LABELED","hashCode":"SPAN:eS2knCRgLegeRw8bcmSWA:0:53:0:9:0:53:0:10:7:0:undefined:undefined","labelName":"eS2knCRgLegeRw8bcmSWA","labelItem":{"id":"eS2knCRgLegeRw8bcmSWA","labelName":"Skill"},"textPosition":{"start":{"row":53,"column":0,"tokenIndex":9,"charIndex":0},"end":{"row":53,"column":0,"tokenIndex":10,"charIndex":7}},"confidenceScore":null},{"id":"1663400470","labeledBy":"AUTO","labeledByUserId":null,"acceptedByUserId":null,"rejectedByUserId":null,"layer":0,"counter":0,"status":"LABELED","hashCode":"SPAN:eS2knCRgLegeRw8bcmSWA:0:53:0:11:0:53:0:11:6:0:undefined:undefined","labelName":"eS2knCRgLegeRw8bcmSWA","labelItem":{"id":"eS2knCRgLegeRw8bcmSWA","labelName":"Skill"},"textPosition":{"start":{"row":53,"column":0,"tokenIndex":11,"charIndex":0},"end":{"row":53,"column":0,"tokenIndex":11,"charIndex":6}},"confidenceScore":null},{"id":"1663400476","labeledBy":"AUTO","labeledByUserId":null,"acceptedByUserId":null,"rejectedByUserId":null,"layer":0,"counter":0,"status":"LABELED","hashCode":"SPAN:eS2knCRgLegeRw8bcmSWA:0:53:0:11:0:53:0:12:7:0:undefined:undefined","labelName":"eS2knCRgLegeRw8bcmSWA","labelItem":{"id":"eS2knCRgLegeRw8bcmSWA","labelName":"Skill"},"textPosition":{"start":{"row":53,"column":0,"tokenIndex":11,"charIndex":0},"end":{"row":53,"column":0,"tokenIndex":12,"charIndex":7}},"confidenceScore":null},{"id":"1663400479","labeledBy":"AUTO","labeledByUserId":null,"acceptedByUserId":null,"rejectedByUserId":null,"layer":0,"counter":0,"status":"LABELED","hashCode":"SPAN:eS2knCRgLegeRw8bcmSWA:0:53:0:13:0:53:0:13:3:0:undefined:undefined","labelName":"eS2knCRgLegeRw8bcmSWA","labelItem":{"id":"eS2knCRgLegeRw8bcmSWA","labelName":"Skill"},"textPosition":{"start":{"row":53,"column":0,"tokenIndex":13,"charIndex":0},"end":{"row":53,"column":0,"tokenIndex":13,"charIndex":3}},"confidenceScore":null}],"arrowLabels":[],"boundingBoxLabels":[],"timeLabels":[],"comments":[],"url":"datasaur://static/6814/3b9f38da-4875-46de-b561-e7a499f4708b.txt"}}
