{"version":"1","data":{"project":{"id":"ODBjYmQ2MDg","name":"NLP SSM Final Project"},"document":{"id":"77f20ebc-5c0b-4c11-bbe8-d51cecd9f0d4","name":"resume_5018_d2.txt"},"kinds":["TOKEN_BASED"],"rows":[[{"content":"Senior Associate | Senior Technical Advisor | Subject Matter Expert (SME) Senior Associate | Senior Technical Advisor | Subject Matter Expert (SME) Senior Associate | Senior Technical Advisor | Subject Matter Expert (SME) - 1 Inc Gaithersburg, MD Versatile, creative information security executive with over thirteen (13) years' of experience in secure technology implementations of networking equipment, systems architecture, systems configuration, and systems administration.","tokens":["Senior","Associate","|","Senior","Technical","Advisor","|","Subject","Matter","Expert","(SME)","Senior","Associate","|","Senior","Technical","Advisor","|","Subject","Matter","Expert","(SME)","Senior","Associate","|","Senior","Technical","Advisor","|","Subject","Matter","Expert","(SME)","-","1","Inc","Gaithersburg,","MD","Versatile,","creative","information","security","executive","with","over","thirteen","(13)","years'","of","experience","in","secure","technology","implementations","of","networking","equipment,","systems","architecture,","systems","configuration,","and","systems","administration."],"metadata":[]}],[{"content":"Effective information security executive able to build excellent relationships with: team members, upper management, and customers.","tokens":["Effective","information","security","executive","able","to","build","excellent","relationships","with:","team","members,","upper","management,","and","customers."],"metadata":[]}],[{"content":"Extensive experience in the National Institute of Standards and Technology (NIST) Risk Management Framework, providing expertise to multiple government agencies in ensuring security without compromising confidentiality, integrity and availability (C-I-A).","tokens":["Extensive","experience","in","the","National","Institute","of","Standards","and","Technology","(NIST)","Risk","Management","Framework,","providing","expertise","to","multiple","government","agencies","in","ensuring","security","without","compromising","confidentiality,","integrity","and","availability","(C-I-A)."],"metadata":[]}],[{"content":"Work Experience Senior Associate | Senior Technical Advisor | Subject Matter Expert (SME) 1 Inc - Germantown, MD April 2019 to Present 20874 Responsibilities: Senior Technical advisor for the agencies cloud computing models/environments.","tokens":["Work","Experience","Senior","Associate","|","Senior","Technical","Advisor","|","Subject","Matter","Expert","(SME)","1","Inc","-","Germantown,","MD","April","2019","to","Present","20874","Responsibilities:","Senior","Technical","advisor","for","the","agencies","cloud","computing","models/environments."],"metadata":[]}],[{"content":"Ensuring Cloud Service Providers (CSPs) are complying with agencies security policies and procedures.","tokens":["Ensuring","Cloud","Service","Providers","(CSPs)","are","complying","with","agencies","security","policies","and","procedures."],"metadata":[]}],[{"content":"System Owner for the agencies CSAM application.","tokens":["System","Owner","for","the","agencies","CSAM","application."],"metadata":[]}],[{"content":"Ensuring all FISMA system control requirements are implemented and maintained.","tokens":["Ensuring","all","FISMA","system","control","requirements","are","implemented","and","maintained."],"metadata":[]}],[{"content":"Ensuring that weaknesses are identified and addressed through the process of Plan of Action and Milestones (POA&M's), Waivers and/or Exceptions.","tokens":["Ensuring","that","weaknesses","are","identified","and","addressed","through","the","process","of","Plan","of","Action","and","Milestones","(POA&M's),","Waivers","and/or","Exceptions."],"metadata":[]}],[{"content":"Ensuring that the Security Plan (SP) is appropriately developed and maintained.","tokens":["Ensuring","that","the","Security","Plan","(SP)","is","appropriately","developed","and","maintained."],"metadata":[]}],[{"content":"Ensuring that the Contingency Plan (CP) is appropriately developed, tested, and maintained.","tokens":["Ensuring","that","the","Contingency","Plan","(CP)","is","appropriately","developed,","tested,","and","maintained."],"metadata":[]}],[{"content":"Ensuring that all security requirements are being or will be met to obtain/maintain a valid Authorization to Operate (ATO) status.","tokens":["Ensuring","that","all","security","requirements","are","being","or","will","be","met","to","obtain/maintain","a","valid","Authorization","to","Operate","(ATO)","status."],"metadata":[]}],[{"content":"Created the agencies Common Control Provider (CCPs) Program.","tokens":["Created","the","agencies","Common","Control","Provider","(CCPs)","Program."],"metadata":[]}],[{"content":"Identified and designated (Common, Hybrid, System Specific) NIST 800-53 rev4 security controls based on assessment objective and service(s) provided by the agencies CCP(s).","tokens":["Identified","and","designated","(Common,","Hybrid,","System","Specific)","NIST","800-53","rev4","security","controls","based","on","assessment","objective","and","service(s)","provided","by","the","agencies","CCP(s)."],"metadata":[]}],[{"content":"Identified and designated (Customer, Shared, Inherited, N/A) NIST 800-53 rev4 security controls based on assessment objective for the three (3) Cloud Computing Model(s): Infrastructure as a Service (IaaS), Platform as a Service (PaaS), and Software as a Service (SaaS).","tokens":["Identified","and","designated","(Customer,","Shared,","Inherited,","N/A)","NIST","800-53","rev4","security","controls","based","on","assessment","objective","for","the","three","(3)","Cloud","Computing","Model(s):","Infrastructure","as","a","Service","(IaaS),","Platform","as","a","Service","(PaaS),","and","Software","as","a","Service","(SaaS)."],"metadata":[]}],[{"content":"Advised agency executive(s) on cybersecurity best practices/standards to ensure the agency is in compliance with Federal statue(s)/mandate(s).","tokens":["Advised","agency","executive(s)","on","cybersecurity","best","practices/standards","to","ensure","the","agency","is","in","compliance","with","Federal","statue(s)/mandate(s)."],"metadata":[]}],[{"content":"Senior Information System Security Officer (ISSO) AmVet Technologies, LLC - Germantown, MD December 2018 to April 2019 20874 Responsibilities: Senior ISSO for the agencies cloud computing models/environments.","tokens":["Senior","Information","System","Security","Officer","(ISSO)","AmVet","Technologies,","LLC","-","Germantown,","MD","December","2018","to","April","2019","20874","Responsibilities:","Senior","ISSO","for","the","agencies","cloud","computing","models/environments."],"metadata":[]}],[{"content":"Assist in the development, deployment, and implementation of security measure(s) within the various cloud computing environments.","tokens":["Assist","in","the","development,","deployment,","and","implementation","of","security","measure(s)","within","the","various","cloud","computing","environments."],"metadata":[]}],[{"content":"Ensure security authorization boundary is described and documented.","tokens":["Ensure","security","authorization","boundary","is","described","and","documented."],"metadata":[]}],[{"content":"Ensure that all FISMA system control requirements are implemented and maintained.","tokens":["Ensure","that","all","FISMA","system","control","requirements","are","implemented","and","maintained."],"metadata":[]}],[{"content":"Ensuring that weaknesses are identified and addressed through the process of Plan of Action and Milestones (POA&M's), Waivers and/or Exceptions.","tokens":["Ensuring","that","weaknesses","are","identified","and","addressed","through","the","process","of","Plan","of","Action","and","Milestones","(POA&M's),","Waivers","and/or","Exceptions."],"metadata":[]}],[{"content":"Ensuring that the Security Plan (SP) is appropriately developed and maintained.","tokens":["Ensuring","that","the","Security","Plan","(SP)","is","appropriately","developed","and","maintained."],"metadata":[]}],[{"content":"Ensuring that the Contingency Plan (CP) is appropriately developed, tested, and maintained.","tokens":["Ensuring","that","the","Contingency","Plan","(CP)","is","appropriately","developed,","tested,","and","maintained."],"metadata":[]}],[{"content":"Ensuring that security requirements for the Major Application (M.A) or General Support System (G.S.S) are being or will be met to obtain/maintain a valid Authorization to Operate (ATO) status.","tokens":["Ensuring","that","security","requirements","for","the","Major","Application","(M.A)","or","General","Support","System","(G.S.S)","are","being","or","will","be","met","to","obtain/maintain","a","valid","Authorization","to","Operate","(ATO)","status."],"metadata":[]}],[{"content":"Ensuring that requests for Security Assessment and Authorization (SA&A) of computer systems are completed in accordance with federal statue(s) and mandate(s).","tokens":["Ensuring","that","requests","for","Security","Assessment","and","Authorization","(SA&A)","of","computer","systems","are","completed","in","accordance","with","federal","statue(s)","and","mandate(s)."],"metadata":[]}],[{"content":"Ensuring compliance with all legal requirements concerning the use of commercial proprietary software.","tokens":["Ensuring","compliance","with","all","legal","requirements","concerning","the","use","of","commercial","proprietary","software."],"metadata":[]}],[{"content":"Maintaining an up-to-date inventory of hardware and software that encompasses the M.A or G.S.S accreditation boundary.","tokens":["Maintaining","an","up-to-date","inventory","of","hardware","and","software","that","encompasses","the","M.A","or","G.S.S","accreditation","boundary."],"metadata":[]}],[{"content":"Ensuring that risk assessment(s) report(s) are completed to determine cost-effective and essential safeguards against identified threat source(s).","tokens":["Ensuring","that","risk","assessment(s)","report(s)","are","completed","to","determine","cost-effective","and","essential","safeguards","against","identified","threat","source(s)."],"metadata":[]}],[{"content":"Attending security awareness and related training programs and distributing security awareness information to the user community as appropriate.","tokens":["Attending","security","awareness","and","related","training","programs","and","distributing","security","awareness","information","to","the","user","community","as","appropriate."],"metadata":[]}],[{"content":"Reporting IT security incidents (i.e. computer viruses) in accordance with established agency policies and procedures.","tokens":["Reporting","IT","security","incidents","(i.e.","computer","viruses)","in","accordance","with","established","agency","policies","and","procedures."],"metadata":[]}],[{"content":"Reporting security incidents not involving IT resources, to the appropriate office and/or department.","tokens":["Reporting","security","incidents","not","involving","IT","resources,","to","the","appropriate","office","and/or","department."],"metadata":[]}],[{"content":"Providing input to appropriate IT security personnel for preparation of reports to higher authorities concerning sensitive and/or national security information systems.","tokens":["Providing","input","to","appropriate","IT","security","personnel","for","preparation","of","reports","to","higher","authorities","concerning","sensitive","and/or","national","security","information","systems."],"metadata":[]}],[{"content":"Subject Matter Expert (SME) II/Information System Security Officer (ISSO) eGlobalTech Inc - Arlington, VA January 2018 to December 2018 22203 Responsibilities: SME/ISSO ensuring that all FISMA system control requirements are implemented and maintained.","tokens":["Subject","Matter","Expert","(SME)","II/Information","System","Security","Officer","(ISSO)","eGlobalTech","Inc","-","Arlington,","VA","January","2018","to","December","2018","22203","Responsibilities:","SME/ISSO","ensuring","that","all","FISMA","system","control","requirements","are","implemented","and","maintained."],"metadata":[]}],[{"content":"Ensuring that weaknesses are identified and addressed through the process of Plan of Action and Milestones (POA&M's), Waivers and/or Exceptions.","tokens":["Ensuring","that","weaknesses","are","identified","and","addressed","through","the","process","of","Plan","of","Action","and","Milestones","(POA&M's),","Waivers","and/or","Exceptions."],"metadata":[]}],[{"content":"Ensuring that the Security Plan (SP) is appropriately developed and maintained.","tokens":["Ensuring","that","the","Security","Plan","(SP)","is","appropriately","developed","and","maintained."],"metadata":[]}],[{"content":"Ensuring that the Contingency Plan (CP) is appropriately developed, tested, and maintained.","tokens":["Ensuring","that","the","Contingency","Plan","(CP)","is","appropriately","developed,","tested,","and","maintained."],"metadata":[]}],[{"content":"Ensuring that security requirements for the Major Application (M.A) or General Support System (G.S.S) are being or will be met to obtain/maintain a valid Authorization to Operate (ATO) status.","tokens":["Ensuring","that","security","requirements","for","the","Major","Application","(M.A)","or","General","Support","System","(G.S.S)","are","being","or","will","be","met","to","obtain/maintain","a","valid","Authorization","to","Operate","(ATO)","status."],"metadata":[]}],[{"content":"Ensuring that requests for Security Assessment and Authorization (SA&A) of computer systems are completed in accordance with federal statue(s) and mandate(s).","tokens":["Ensuring","that","requests","for","Security","Assessment","and","Authorization","(SA&A)","of","computer","systems","are","completed","in","accordance","with","federal","statue(s)","and","mandate(s)."],"metadata":[]}],[{"content":"Ensuring compliance with all legal requirements concerning the use of commercial proprietary software.","tokens":["Ensuring","compliance","with","all","legal","requirements","concerning","the","use","of","commercial","proprietary","software."],"metadata":[]}],[{"content":"Maintaining an up-to-date inventory of hardware and software that encompasses the M.A or G.S.S accreditation boundary.","tokens":["Maintaining","an","up-to-date","inventory","of","hardware","and","software","that","encompasses","the","M.A","or","G.S.S","accreditation","boundary."],"metadata":[]}],[{"content":"Ensuring that risk assessment(s) report(s) are completed to determine cost-effective and essential safeguards against identified threat source(s).","tokens":["Ensuring","that","risk","assessment(s)","report(s)","are","completed","to","determine","cost-effective","and","essential","safeguards","against","identified","threat","source(s)."],"metadata":[]}],[{"content":"Attending security awareness and related training programs and distributing security awareness information to the user community as appropriate.","tokens":["Attending","security","awareness","and","related","training","programs","and","distributing","security","awareness","information","to","the","user","community","as","appropriate."],"metadata":[]}],[{"content":"Reporting IT security incidents (i.e. computer viruses) in accordance with established agency policies and procedures.","tokens":["Reporting","IT","security","incidents","(i.e.","computer","viruses)","in","accordance","with","established","agency","policies","and","procedures."],"metadata":[]}],[{"content":"Reporting security incidents not involving IT resources, to the appropriate office and/or department.","tokens":["Reporting","security","incidents","not","involving","IT","resources,","to","the","appropriate","office","and/or","department."],"metadata":[]}],[{"content":"Providing input to appropriate IT security personnel for preparation of reports to higher authorities concerning sensitive and/or national security information systems.","tokens":["Providing","input","to","appropriate","IT","security","personnel","for","preparation","of","reports","to","higher","authorities","concerning","sensitive","and/or","national","security","information","systems."],"metadata":[]}],[{"content":"IT Specialist Woodlawn, MD August 2012 to January 2018 21207 Responsibilities: Information Technology ( IT) Specialist/Lead Security Analyst/Technical Advisor/ Subject Matter Expert (SME), directing technical and security evaluation(s) on various agency programmatic application(s) and service(s).","tokens":["IT","Specialist","Woodlawn,","MD","August","2012","to","January","2018","21207","Responsibilities:","Information","Technology","(","IT)","Specialist/Lead","Security","Analyst/Technical","Advisor/","Subject","Matter","Expert","(SME),","directing","technical","and","security","evaluation(s)","on","various","agency","programmatic","application(s)","and","service(s)."],"metadata":[]}],[{"content":"IT Specialist/Lead Security Analyst performing Security Assessment and Authorization (SA&A) activities performing Security Control Assessment(s) (SCA) on the NIST Special Publication (SP) 800-53 rev.4 security control(s).","tokens":["IT","Specialist/Lead","Security","Analyst","performing","Security","Assessment","and","Authorization","(SA&A)","activities","performing","Security","Control","Assessment(s)","(SCA)","on","the","NIST","Special","Publication","(SP)","800-53","rev.4","security","control(s)."],"metadata":[]}],[{"content":"Interviewing stakeholder(s) to determine implementation status of the NIST SP rev.4 security controls, examining the Security Authorization Package (SAP) documentation (i.e. SP, Audit Plan, Configuration Management Plan (CMP), CP, etc.), and testing NIST 800-53rev4 security control(s) utilizing Tenable Nessus, DBProtect, McAfee Endpoint Protection, Splunk, and ArcSight.","tokens":["Interviewing","stakeholder(s)","to","determine","implementation","status","of","the","NIST","SP","rev.4","security","controls,","examining","the","Security","Authorization","Package","(SAP)","documentation","(i.e.","SP,","Audit","Plan,","Configuration","Management","Plan","(CMP),","CP,","etc.),","and","testing","NIST","800-53rev4","security","control(s)","utilizing","Tenable","Nessus,","DBProtect,","McAfee","Endpoint","Protection,","Splunk,","and","ArcSight."],"metadata":[]}],[{"content":"Documenting SCA result(s) and SA&A artifacts in the Cyber Security Assessment and Management (CSAM) application.","tokens":["Documenting","SCA","result(s)","and","SA&A","artifacts","in","the","Cyber","Security","Assessment","and","Management","(CSAM)","application."],"metadata":[]}],[{"content":"Technical Advisor for the re-engineered integrity review process (R-CIRP) system.","tokens":["Technical","Advisor","for","the","re-engineered","integrity","review","process","(R-CIRP)","system."],"metadata":[]}],[{"content":"Delegating task(s) to various developer(s), contractor(s), and analyst(s) to ensure completion of project milestone(s).","tokens":["Delegating","task(s)","to","various","developer(s),","contractor(s),","and","analyst(s)","to","ensure","completion","of","project","milestone(s)."],"metadata":[]}],[{"content":"Serving as the configuration manager, risk executive, ensuring architecture and implementation are aligned with agency standard(s).","tokens":["Serving","as","the","configuration","manager,","risk","executive,","ensuring","architecture","and","implementation","are","aligned","with","agency","standard(s)."],"metadata":[]}],[{"content":"Ensuring all security controls comply with NIST 800-53rev4 guideline(s).","tokens":["Ensuring","all","security","controls","comply","with","NIST","800-53rev4","guideline(s)."],"metadata":[]}],[{"content":"Certifying manager for case(s) submitted within the R-CIRP system to detect and deter internal/external fraudulent behavior.","tokens":["Certifying","manager","for","case(s)","submitted","within","the","R-CIRP","system","to","detect","and","deter","internal/external","fraudulent","behavior."],"metadata":[]}],[{"content":"Subject Matter Expert (SME) for the agency Audit Trail System (ATS) identifying security violation(s), examining user behavior, and analyzing threat vectors to determine auditable event(s).","tokens":["Subject","Matter","Expert","(SME)","for","the","agency","Audit","Trail","System","(ATS)","identifying","security","violation(s),","examining","user","behavior,","and","analyzing","threat","vectors","to","determine","auditable","event(s)."],"metadata":[]}],[{"content":"ISSO/ISSM for the ATS ensuring adequate implementation of moderate baseline NIST 800-53rev4 security control(s).","tokens":["ISSO/ISSM","for","the","ATS","ensuring","adequate","implementation","of","moderate","baseline","NIST","800-53rev4","security","control(s)."],"metadata":[]}],[{"content":"Authoring and publishing the agency Information Security Policy (ISP) chapter on \"Internal Security Controls\".","tokens":["Authoring","and","publishing","the","agency","Information","Security","Policy","(ISP)","chapter","on","\"Internal","Security","Controls\"."],"metadata":[]}],[{"content":"CyberSecurity Analyst Veris Group Inc - Woodlawn, MD October 2010 to 2012 21207 Responsibilities: Lead Security Control Assessor, performing SA&A in-depth analysis of the SSP, CMP, CP and other SAP documentation related to M.A and GSS's.","tokens":["CyberSecurity","Analyst","Veris","Group","Inc","-","Woodlawn,","MD","October","2010","to","2012","21207","Responsibilities:","Lead","Security","Control","Assessor,","performing","SA&A","in-depth","analysis","of","the","SSP,","CMP,","CP","and","other","SAP","documentation","related","to","M.A","and","GSS's."],"metadata":[]}],[{"content":"Ensuring all necessary requirements for infrastructure and operations are adequately documented and addressed.","tokens":["Ensuring","all","necessary","requirements","for","infrastructure","and","operations","are","adequately","documented","and","addressed."],"metadata":[]}],[{"content":"Analyzing vulnerability scans using automated tools (Tenable Nessus) and creating POA&Ms along with the appropriate mitigating controls.","tokens":["Analyzing","vulnerability","scans","using","automated","tools","(Tenable","Nessus)","and","creating","POA&Ms","along","with","the","appropriate","mitigating","controls."],"metadata":[]}],[{"content":"Providing in-depth analysis of client's information system security program and making adequate recommendations based on analysis.","tokens":["Providing","in-depth","analysis","of","client's","information","system","security","program","and","making","adequate","recommendations","based","on","analysis."],"metadata":[]}],[{"content":"Providing technical expertise to enhance the agency/organization overall security posture.","tokens":["Providing","technical","expertise","to","enhance","the","agency/organization","overall","security","posture."],"metadata":[]}],[{"content":"CyberSecurity Analyst SAIC Secure Infrastructure Division, Cyber Security Solutions Operation - Columbia, MD June 2008 to October 2010 21046 Responsibilities: Technical Lead/Team Lead providing SA&A and continuous diagnostics mitigation (CDM) support of various line offices within the client's organization.","tokens":["CyberSecurity","Analyst","SAIC","Secure","Infrastructure","Division,","Cyber","Security","Solutions","Operation","-","Columbia,","MD","June","2008","to","October","2010","21046","Responsibilities:","Technical","Lead/Team","Lead","providing","SA&A","and","continuous","diagnostics","mitigation","(CDM)","support","of","various","line","offices","within","the","client's","organization."],"metadata":[]}],[{"content":"Managed a test team of five (5) (up to ten (10)) individuals and was responsible for ensuring deliverables were submitted on time, testing procedures were conducted according to policy, and all stakeholders were aware of the current security posture of their system.","tokens":["Managed","a","test","team","of","five","(5)","(up","to","ten","(10))","individuals","and","was","responsible","for","ensuring","deliverables","were","submitted","on","time,","testing","procedures","were","conducted","according","to","policy,","and","all","stakeholders","were","aware","of","the","current","security","posture","of","their","system."],"metadata":[]}],[{"content":"Performing review and verification of clients systems utilizing NIST SP 800-53 rev4, and Risk Management Framework (RMF) (NIST SP 800-37 rev1) and assisted in the update of SAP package development.","tokens":["Performing","review","and","verification","of","clients","systems","utilizing","NIST","SP","800-53","rev4,","and","Risk","Management","Framework","(RMF)","(NIST","SP","800-37","rev1)","and","assisted","in","the","update","of","SAP","package","development."],"metadata":[]}],[{"content":"Provided in-depth analysis of vulnerabilities identified from the SA&A and vulnerability scan(s).","tokens":["Provided","in-depth","analysis","of","vulnerabilities","identified","from","the","SA&A","and","vulnerability","scan(s)."],"metadata":[]}],[{"content":"Furthermore, presented findings from the SA&A effort to various system owner(s), executive(s), and CIO(s), acknowledging action(s) needed in order to enhance the security posture of a particular system.","tokens":["Furthermore,","presented","findings","from","the","SA&A","effort","to","various","system","owner(s),","executive(s),","and","CIO(s),","acknowledging","action(s)","needed","in","order","to","enhance","the","security","posture","of","a","particular","system."],"metadata":[]}],[{"content":"Updating publishing, and providing recommendation(s) regarding agency wide Common Controls.","tokens":["Updating","publishing,","and","providing","recommendation(s)","regarding","agency","wide","Common","Controls."],"metadata":[]}],[{"content":"Assisting in the development and distribution of internal automated SA&A testing tools that provided a more efficient and effective reporting mechanisms of the agency security flaw(s).","tokens":["Assisting","in","the","development","and","distribution","of","internal","automated","SA&A","testing","tools","that","provided","a","more","efficient","and","effective","reporting","mechanisms","of","the","agency","security","flaw(s)."],"metadata":[]}],[{"content":"Information Assurance (IA) Engineer SRA International - Washington, DC June 2006 to June 2008 20548 Responsibilities: IA Engineer responsible for providing and maintaining workstation and network security, agency wide.","tokens":["Information","Assurance","(IA)","Engineer","SRA","International","-","Washington,","DC","June","2006","to","June","2008","20548","Responsibilities:","IA","Engineer","responsible","for","providing","and","maintaining","workstation","and","network","security,","agency","wide."],"metadata":[]}],[{"content":"Utilizing a variety of security software, tool(s), and appliance(s) reporting security flaw(s), potential threat(s), and harmful user(s) activities.","tokens":["Utilizing","a","variety","of","security","software,","tool(s),","and","appliance(s)","reporting","security","flaw(s),","potential","threat(s),","and","harmful","user(s)","activities."],"metadata":[]}],[{"content":"Participating in the deployment and configuration of new network analysis tools, Intrusion Detection Sensor(s), and hard-drive encryption software.","tokens":["Participating","in","the","deployment","and","configuration","of","new","network","analysis","tools,","Intrusion","Detection","Sensor(s),","and","hard-drive","encryption","software."],"metadata":[]}],[{"content":"Responsible for providing presentation(s) to the executive committee on any/all security finding(s).","tokens":["Responsible","for","providing","presentation(s)","to","the","executive","committee","on","any/all","security","finding(s)."],"metadata":[]}],[{"content":"Maintaining all security server(s) related to workstation and network security.","tokens":["Maintaining","all","security","server(s)","related","to","workstation","and","network","security."],"metadata":[]}],[{"content":"This included, updating each server, ensuring the server was collecting adequate information, and implementing hardening guidelines set-forth by the agency.","tokens":["This","included,","updating","each","server,","ensuring","the","server","was","collecting","adequate","information,","and","implementing","hardening","guidelines","set-forth","by","the","agency."],"metadata":[]}],[{"content":"Providing end-user support to those having difficulties with the various security software employed on their system.","tokens":["Providing","end-user","support","to","those","having","difficulties","with","the","various","security","software","employed","on","their","system."],"metadata":[]}],[{"content":"Education BSc. in Information System- Security Johns Hopkins University 2006 Aa.","tokens":["Education","BSc.","in","Information","System-","Security","Johns","Hopkins","University","2006","Aa."],"metadata":[]}],[{"content":"in Business Administration Carroll Community College 2003 Skills SECURITY, IDS, NESSUS, NMAP, SIEM","tokens":["in","Business","Administration","Carroll","Community","College","2003","Skills","SECURITY,","IDS,","NESSUS,","NMAP,","SIEM"],"metadata":[]}]],"labelerInfo":{"id":6814,"email":"cwilhel8@jh.edu","displayName":"Chris Wilhelm"},"labelSets":[{"name":"Resume Labels","index":0,"labelItems":[{"id":"Kj5U6n9NUqTXuWcB3c_7L","labelName":"College"},{"id":"rj7TW0-ymuRo6f_asXJab","labelName":"Company Name"},{"id":"SJEkdao76hjwbb6Fh5SY6","labelName":"Job Title"},{"id":"BjO8MdvK2KI4E5iMEeY4B","labelName":"Graduation Year"},{"id":"eS2knCRgLegeRw8bcmSWA","labelName":"Skill"},{"id":"IeEoIKabMl51BJE0gX2YL","labelName":"Degree"},{"id":"1R0C50AAwFbEp2O0WmRv6","labelName":"Location"},{"id":"zQcc4ygexJ_A3Gb0NeRTk","labelName":"Years of Experience"},{"id":"52S_6moRfhjC-yXgIBeCp","labelName":"Date"},{"id":"KiLarWmwlU1E3-FfdG6Qg","labelName":"Project"},{"id":"dyxKKTAxW1z5ifjPj42BI","labelName":"Name"}]}],"spanLabels":[],"arrowLabels":[],"boundingBoxLabels":[],"timeLabels":[],"comments":[],"url":"datasaur://static/6814/13720b34-afe3-4cc1-aaa6-45fade365f0b.txt"}}
