{"version":"1","data":{"project":{"id":"ODBjYmQ2MDg","name":"NLP SSM Final Project"},"document":{"id":"f2523dfc-c24d-40e0-9461-6f5aa9b3a8b8","name":"resume_2088_d1.txt"},"kinds":["TOKEN_BASED"],"rows":[[{"content":"COMMUNICATIONS CONSULTANT Summary Client-focused communications professional with nearly 10 years of internal communications, marketing, and public relations experience.","tokens":["COMMUNICATIONS","CONSULTANT","Summary","Client-focused","communications","professional","with","nearly","10","years","of","internal","communications,","marketing,","and","public","relations","experience."],"metadata":[]}],[{"content":"Committed to producing results that deliver a unique blend of creativeness, strategy, and influence to advance company goals.","tokens":["Committed","to","producing","results","that","deliver","a","unique","blend","of","creativeness,","strategy,","and","influence","to","advance","company","goals."],"metadata":[]}],[{"content":"Technical Skills Advising C-level executives Effectively working in a large complex organization with multiple entities Nonprofit and Public Relations agency experience Experience in Adobe InDesign creative software and WordPress Experience Communications Consultant 08/2017 to Current Company Name City , State Serves as an advisor, strategist, and writer for senior physician executives, including the Chief Quality Officer.","tokens":["Technical","Skills","Advising","C-level","executives","Effectively","working","in","a","large","complex","organization","with","multiple","entities","Nonprofit","and","Public","Relations","agency","experience","Experience","in","Adobe","InDesign","creative","software","and","WordPress","Experience","Communications","Consultant","08/2017","to","Current","Company","Name","City",",","State","Serves","as","an","advisor,","strategist,","and","writer","for","senior","physician","executives,","including","the","Chief","Quality","Officer."],"metadata":[]}],[{"content":"Authors and leads annual communication strategies designed to motivate, engage, and inform employees and key organizational stakeholders.","tokens":["Authors","and","leads","annual","communication","strategies","designed","to","motivate,","engage,","and","inform","employees","and","key","organizational","stakeholders."],"metadata":[]}],[{"content":"Develops internal send-all emails reaching more than 200,000 Kaiser Permanente employees.","tokens":["Develops","internal","send-all","emails","reaching","more","than","200,000","Kaiser","Permanente","employees."],"metadata":[]}],[{"content":"Supports senior executives in high-profile speaking engagements including Kaiser Permanente's TEDx talks (10,000 livestream participants), Institute for Healthcare Improvement National Forum (5,500 attendees), and Kaiser Permanente's National Quality Conference (1,000+ attendees).","tokens":["Supports","senior","executives","in","high-profile","speaking","engagements","including","Kaiser","Permanente's","TEDx","talks","(10,000","livestream","participants),","Institute","for","Healthcare","Improvement","National","Forum","(5,500","attendees),","and","Kaiser","Permanente's","National","Quality","Conference","(1,000+","attendees)."],"metadata":[]}],[{"content":"Built a communications function for the organization's research and development division which included establishing an intranet page, newsletter, monthly \"stand up\" meetings, quarterly all hands meetings, and roadshows to engage employees and key regional stakeholders.","tokens":["Built","a","communications","function","for","the","organization's","research","and","development","division","which","included","establishing","an","intranet","page,","newsletter,","monthly","\"stand","up\"","meetings,","quarterly","all","hands","meetings,","and","roadshows","to","engage","employees","and","key","regional","stakeholders."],"metadata":[]}],[{"content":"Serves as the national program leader in marketing strategy designed to showcase the organization's clinical advancements to large broker and employer groups.","tokens":["Serves","as","the","national","program","leader","in","marketing","strategy","designed","to","showcase","the","organization's","clinical","advancements","to","large","broker","and","employer","groups."],"metadata":[]}],[{"content":"Rapidly develops stories for external website that feature patient and physician perspectives on a variety of medical advancements.","tokens":["Rapidly","develops","stories","for","external","website","that","feature","patient","and","physician","perspectives","on","a","variety","of","medical","advancements."],"metadata":[]}],[{"content":"Led the organization-wide adoption and implementation strategy for new emergency communication system designed to keep employees informed and connected in the event of a crisis.","tokens":["Led","the","organization-wide","adoption","and","implementation","strategy","for","new","emergency","communication","system","designed","to","keep","employees","informed","and","connected","in","the","event","of","a","crisis."],"metadata":[]}],[{"content":"Serves as the national crisis communication representative for The Permanente Federation and eight Permanente Medical Groups.","tokens":["Serves","as","the","national","crisis","communication","representative","for","The","Permanente","Federation","and","eight","Permanente","Medical","Groups."],"metadata":[]}],[{"content":"Marketing Communications Specialist 06/2015 to 08/2017 Company Name City , State Created clear and simple communication materials that empower members and prospects to make the best care decisions possible for themselves and their families.","tokens":["Marketing","Communications","Specialist","06/2015","to","08/2017","Company","Name","City",",","State","Created","clear","and","simple","communication","materials","that","empower","members","and","prospects","to","make","the","best","care","decisions","possible","for","themselves","and","their","families."],"metadata":[]}],[{"content":"Provided consultation on communication strategies that support member engagement.","tokens":["Provided","consultation","on","communication","strategies","that","support","member","engagement."],"metadata":[]}],[{"content":"Lead project manager for regional flu communications.","tokens":["Lead","project","manager","for","regional","flu","communications."],"metadata":[]}],[{"content":"Project managed first kp.org cause-based marketing campaign that outperformed established benchmarks by 125%.","tokens":["Project","managed","first","kp.org","cause-based","marketing","campaign","that","outperformed","established","benchmarks","by","125%."],"metadata":[]}],[{"content":"Produced creative print and digital advertising content to favorably position the organization with key member and non-member audiences.","tokens":["Produced","creative","print","and","digital","advertising","content","to","favorably","position","the","organization","with","key","member","and","non-member","audiences."],"metadata":[]}],[{"content":"Served as communications consultant and strategist to 22 medical facilities on matters that impact patient care.","tokens":["Served","as","communications","consultant","and","strategist","to","22","medical","facilities","on","matters","that","impact","patient","care."],"metadata":[]}],[{"content":"Supported Legal department to ensure compliance with annual regulatory notifications to members.","tokens":["Supported","Legal","department","to","ensure","compliance","with","annual","regulatory","notifications","to","members."],"metadata":[]}],[{"content":"Led cross-functional teams to draft a variety of communication that help members navigate the complexities of their health plan.","tokens":["Led","cross-functional","teams","to","draft","a","variety","of","communication","that","help","members","navigate","the","complexities","of","their","health","plan."],"metadata":[]}],[{"content":"Internal Communications Specialist 05/2013 to 06/2015 Company Name City , State Produced comprehensive communication materials that connected employees to strategic and operational goals.","tokens":["Internal","Communications","Specialist","05/2013","to","06/2015","Company","Name","City",",","State","Produced","comprehensive","communication","materials","that","connected","employees","to","strategic","and","operational","goals."],"metadata":[]}],[{"content":"Ensured organizational consistency in all aspects of communication to employees.","tokens":["Ensured","organizational","consistency","in","all","aspects","of","communication","to","employees."],"metadata":[]}],[{"content":"Authored weekly employee newsletter with readership of 4,600.","tokens":["Authored","weekly","employee","newsletter","with","readership","of","4,600."],"metadata":[]}],[{"content":"Responsible for the creation and posting of daily content on employee intranet page.","tokens":["Responsible","for","the","creation","and","posting","of","daily","content","on","employee","intranet","page."],"metadata":[]}],[{"content":"Served as lead project manager for communication of a $300 million renovation at regional medical center to reduce impacts to operations.","tokens":["Served","as","lead","project","manager","for","communication","of","a","$300","million","renovation","at","regional","medical","center","to","reduce","impacts","to","operations."],"metadata":[]}],[{"content":"Developed creative concepts for employee communication projects to a variety of internal clients and business partners.","tokens":["Developed","creative","concepts","for","employee","communication","projects","to","a","variety","of","internal","clients","and","business","partners."],"metadata":[]}],[{"content":"Wrote on behalf of the Regional Hospital Administrator to align employees with organizational and care delivery initiatives.","tokens":["Wrote","on","behalf","of","the","Regional","Hospital","Administrator","to","align","employees","with","organizational","and","care","delivery","initiatives."],"metadata":[]}],[{"content":"Public Relations Assistant 08/2010 to 04/2013 Company Name City , State Managed volunteers at client events.","tokens":["Public","Relations","Assistant","08/2010","to","04/2013","Company","Name","City",",","State","Managed","volunteers","at","client","events."],"metadata":[]}],[{"content":"Organized speaking points for clients at public.","tokens":["Organized","speaking","points","for","clients","at","public."],"metadata":[]}],[{"content":"Supported meetings and press conferences key clients and business partners.","tokens":["Supported","meetings","and","press","conferences","key","clients","and","business","partners."],"metadata":[]}],[{"content":"Wrote press releases and maintained relationships with members of the media.","tokens":["Wrote","press","releases","and","maintained","relationships","with","members","of","the","media."],"metadata":[]}],[{"content":"Education Master of Communication Management, M.C.M.","tokens":["Education","Master","of","Communication","Management,","M.C.M."],"metadata":[]}],[{"content":"2016 University of Southern California City , State , USA Bachelor of Arts : Communication 2012 University of Hawaii City , State , USA Bachelor of Arts : Psychology 2012 University of Hawaii City , State , USA Board & Leadership Experience Communications Chair, Board of Directors 12/2014 to 12/2015 Company Name City , State Produced timely and comprehensive communication to chapter members about programs, workshops, and other matters of interest via digital and print chapter publications.","tokens":["2016","University","of","Southern","California","City",",","State",",","USA","Bachelor","of","Arts",":","Communication","2012","University","of","Hawaii","City",",","State",",","USA","Bachelor","of","Arts",":","Psychology","2012","University","of","Hawaii","City",",","State",",","USA","Board","&","Leadership","Experience","Communications","Chair,","Board","of","Directors","12/2014","to","12/2015","Company","Name","City",",","State","Produced","timely","and","comprehensive","communication","to","chapter","members","about","programs,","workshops,","and","other","matters","of","interest","via","digital","and","print","chapter","publications."],"metadata":[]}]],"labelerInfo":{"id":6814,"email":"cwilhel8@jh.edu","displayName":"Chris Wilhelm"},"labelSets":[{"name":"Resume Labels","index":0,"labelItems":[{"id":"Kj5U6n9NUqTXuWcB3c_7L","labelName":"College"},{"id":"rj7TW0-ymuRo6f_asXJab","labelName":"Company Name"},{"id":"SJEkdao76hjwbb6Fh5SY6","labelName":"Job Title"},{"id":"BjO8MdvK2KI4E5iMEeY4B","labelName":"Graduation Year"},{"id":"eS2knCRgLegeRw8bcmSWA","labelName":"Skill"},{"id":"IeEoIKabMl51BJE0gX2YL","labelName":"Degree"},{"id":"1R0C50AAwFbEp2O0WmRv6","labelName":"Location"},{"id":"zQcc4ygexJ_A3Gb0NeRTk","labelName":"Years of Experience"},{"id":"52S_6moRfhjC-yXgIBeCp","labelName":"Date"},{"id":"KiLarWmwlU1E3-FfdG6Qg","labelName":"Project"},{"id":"dyxKKTAxW1z5ifjPj42BI","labelName":"Name"}]}],"spanLabels":[{"id":"1663398763","labeledBy":"AUTO","labeledByUserId":null,"acceptedByUserId":null,"rejectedByUserId":null,"layer":0,"counter":0,"status":"LABELED","hashCode":"SPAN:SJEkdao76hjwbb6Fh5SY6:0:0:0:0:0:0:0:1:9:0:undefined:undefined","labelName":"SJEkdao76hjwbb6Fh5SY6","labelItem":{"id":"SJEkdao76hjwbb6Fh5SY6","labelName":"Job Title"},"textPosition":{"start":{"row":0,"column":0,"tokenIndex":0,"charIndex":0},"end":{"row":0,"column":0,"tokenIndex":1,"charIndex":9}},"confidenceScore":null},{"id":"1663398766","labeledBy":"AUTO","labeledByUserId":null,"acceptedByUserId":null,"rejectedByUserId":null,"layer":0,"counter":0,"status":"LABELED","hashCode":"SPAN:eS2knCRgLegeRw8bcmSWA:0:0:0:4:0:0:0:4:13:0:undefined:undefined","labelName":"eS2knCRgLegeRw8bcmSWA","labelItem":{"id":"eS2knCRgLegeRw8bcmSWA","labelName":"Skill"},"textPosition":{"start":{"row":0,"column":0,"tokenIndex":4,"charIndex":0},"end":{"row":0,"column":0,"tokenIndex":4,"charIndex":13}},"confidenceScore":null},{"id":"1663398769","labeledBy":"AUTO","labeledByUserId":null,"acceptedByUserId":null,"rejectedByUserId":null,"layer":0,"counter":0,"status":"LABELED","hashCode":"SPAN:zQcc4ygexJ_A3Gb0NeRTk:0:0:0:8:0:0:0:9:4:0:undefined:undefined","labelName":"zQcc4ygexJ_A3Gb0NeRTk","labelItem":{"id":"zQcc4ygexJ_A3Gb0NeRTk","labelName":"Years of Experience"},"textPosition":{"start":{"row":0,"column":0,"tokenIndex":8,"charIndex":0},"end":{"row":0,"column":0,"tokenIndex":9,"charIndex":4}},"confidenceScore":null},{"id":"1663398772","labeledBy":"AUTO","labeledByUserId":null,"acceptedByUserId":null,"rejectedByUserId":null,"layer":0,"counter":0,"status":"LABELED","hashCode":"SPAN:eS2knCRgLegeRw8bcmSWA:0:0:0:12:0:0:0:12:14:0:undefined:undefined","labelName":"eS2knCRgLegeRw8bcmSWA","labelItem":{"id":"eS2knCRgLegeRw8bcmSWA","labelName":"Skill"},"textPosition":{"start":{"row":0,"column":0,"tokenIndex":12,"charIndex":0},"end":{"row":0,"column":0,"tokenIndex":12,"charIndex":14}},"confidenceScore":null},{"id":"1663398775","labeledBy":"AUTO","labeledByUserId":null,"acceptedByUserId":null,"rejectedByUserId":null,"layer":0,"counter":0,"status":"LABELED","hashCode":"SPAN:eS2knCRgLegeRw8bcmSWA:0:0:0:13:0:0:0:13:9:0:undefined:undefined","labelName":"eS2knCRgLegeRw8bcmSWA","labelItem":{"id":"eS2knCRgLegeRw8bcmSWA","labelName":"Skill"},"textPosition":{"start":{"row":0,"column":0,"tokenIndex":13,"charIndex":0},"end":{"row":0,"column":0,"tokenIndex":13,"charIndex":9}},"confidenceScore":null},{"id":"1663398778","labeledBy":"AUTO","labeledByUserId":null,"acceptedByUserId":null,"rejectedByUserId":null,"layer":0,"counter":0,"status":"LABELED","hashCode":"SPAN:eS2knCRgLegeRw8bcmSWA:0:0:0:15:0:0:0:16:8:0:undefined:undefined","labelName":"eS2knCRgLegeRw8bcmSWA","labelItem":{"id":"eS2knCRgLegeRw8bcmSWA","labelName":"Skill"},"textPosition":{"start":{"row":0,"column":0,"tokenIndex":15,"charIndex":0},"end":{"row":0,"column":0,"tokenIndex":16,"charIndex":8}},"confidenceScore":null},{"id":"1663398781","labeledBy":"AUTO","labeledByUserId":null,"acceptedByUserId":null,"rejectedByUserId":null,"layer":0,"counter":0,"status":"LABELED","hashCode":"SPAN:eS2knCRgLegeRw8bcmSWA:0:1:0:10:0:1:0:10:12:0:undefined:undefined","labelName":"eS2knCRgLegeRw8bcmSWA","labelItem":{"id":"eS2knCRgLegeRw8bcmSWA","labelName":"Skill"},"textPosition":{"start":{"row":1,"column":0,"tokenIndex":10,"charIndex":0},"end":{"row":1,"column":0,"tokenIndex":10,"charIndex":12}},"confidenceScore":null},{"id":"1663398784","labeledBy":"AUTO","labeledByUserId":null,"acceptedByUserId":null,"rejectedByUserId":null,"layer":0,"counter":0,"status":"LABELED","hashCode":"SPAN:eS2knCRgLegeRw8bcmSWA:0:1:0:11:0:1:0:11:8:0:undefined:undefined","labelName":"eS2knCRgLegeRw8bcmSWA","labelItem":{"id":"eS2knCRgLegeRw8bcmSWA","labelName":"Skill"},"textPosition":{"start":{"row":1,"column":0,"tokenIndex":11,"charIndex":0},"end":{"row":1,"column":0,"tokenIndex":11,"charIndex":8}},"confidenceScore":null},{"id":"1663398787","labeledBy":"AUTO","labeledByUserId":null,"acceptedByUserId":null,"rejectedByUserId":null,"layer":0,"counter":0,"status":"LABELED","hashCode":"SPAN:eS2knCRgLegeRw8bcmSWA:0:1:0:13:0:1:0:13:8:0:undefined:undefined","labelName":"eS2knCRgLegeRw8bcmSWA","labelItem":{"id":"eS2knCRgLegeRw8bcmSWA","labelName":"Skill"},"textPosition":{"start":{"row":1,"column":0,"tokenIndex":13,"charIndex":0},"end":{"row":1,"column":0,"tokenIndex":13,"charIndex":8}},"confidenceScore":null},{"id":"1663398790","labeledBy":"AUTO","labeledByUserId":null,"acceptedByUserId":null,"rejectedByUserId":null,"layer":0,"counter":0,"status":"LABELED","hashCode":"SPAN:eS2knCRgLegeRw8bcmSWA:0:2:0:2:0:2:0:4:9:0:undefined:undefined","labelName":"eS2knCRgLegeRw8bcmSWA","labelItem":{"id":"eS2knCRgLegeRw8bcmSWA","labelName":"Skill"},"textPosition":{"start":{"row":2,"column":0,"tokenIndex":2,"charIndex":0},"end":{"row":2,"column":0,"tokenIndex":4,"charIndex":9}},"confidenceScore":null},{"id":"1663398793","labeledBy":"AUTO","labeledByUserId":null,"acceptedByUserId":null,"rejectedByUserId":null,"layer":0,"counter":0,"status":"LABELED","hashCode":"SPAN:eS2knCRgLegeRw8bcmSWA:0:2:0:6:0:2:0:11:11:0:undefined:undefined","labelName":"eS2knCRgLegeRw8bcmSWA","labelItem":{"id":"eS2knCRgLegeRw8bcmSWA","labelName":"Skill"},"textPosition":{"start":{"row":2,"column":0,"tokenIndex":6,"charIndex":0},"end":{"row":2,"column":0,"tokenIndex":11,"charIndex":11}},"confidenceScore":null},{"id":"1663398796","labeledBy":"AUTO","labeledByUserId":null,"acceptedByUserId":null,"rejectedByUserId":null,"layer":0,"counter":0,"status":"LABELED","hashCode":"SPAN:eS2knCRgLegeRw8bcmSWA:0:2:0:15:0:2:0:18:8:0:undefined:undefined","labelName":"eS2knCRgLegeRw8bcmSWA","labelItem":{"id":"eS2knCRgLegeRw8bcmSWA","labelName":"Skill"},"textPosition":{"start":{"row":2,"column":0,"tokenIndex":15,"charIndex":0},"end":{"row":2,"column":0,"tokenIndex":18,"charIndex":8}},"confidenceScore":null},{"id":"1663398799","labeledBy":"AUTO","labeledByUserId":null,"acceptedByUserId":null,"rejectedByUserId":null,"layer":0,"counter":0,"status":"LABELED","hashCode":"SPAN:eS2knCRgLegeRw8bcmSWA:0:2:0:23:0:2:0:24:7:0:undefined:undefined","labelName":"eS2knCRgLegeRw8bcmSWA","labelItem":{"id":"eS2knCRgLegeRw8bcmSWA","labelName":"Skill"},"textPosition":{"start":{"row":2,"column":0,"tokenIndex":23,"charIndex":0},"end":{"row":2,"column":0,"tokenIndex":24,"charIndex":7}},"confidenceScore":null},{"id":"1663398802","labeledBy":"AUTO","labeledByUserId":null,"acceptedByUserId":null,"rejectedByUserId":null,"layer":0,"counter":0,"status":"LABELED","hashCode":"SPAN:eS2knCRgLegeRw8bcmSWA:0:2:0:25:0:2:0:26:7:0:undefined:undefined","labelName":"eS2knCRgLegeRw8bcmSWA","labelItem":{"id":"eS2knCRgLegeRw8bcmSWA","labelName":"Skill"},"textPosition":{"start":{"row":2,"column":0,"tokenIndex":25,"charIndex":0},"end":{"row":2,"column":0,"tokenIndex":26,"charIndex":7}},"confidenceScore":null},{"id":"1663398808","labeledBy":"AUTO","labeledByUserId":null,"acceptedByUserId":null,"rejectedByUserId":null,"layer":0,"counter":0,"status":"LABELED","hashCode":"SPAN:eS2knCRgLegeRw8bcmSWA:0:2:0:28:0:2:0:28:8:0:undefined:undefined","labelName":"eS2knCRgLegeRw8bcmSWA","labelItem":{"id":"eS2knCRgLegeRw8bcmSWA","labelName":"Skill"},"textPosition":{"start":{"row":2,"column":0,"tokenIndex":28,"charIndex":0},"end":{"row":2,"column":0,"tokenIndex":28,"charIndex":8}},"confidenceScore":null},{"id":"1663398811","labeledBy":"AUTO","labeledByUserId":null,"acceptedByUserId":null,"rejectedByUserId":null,"layer":0,"counter":0,"status":"LABELED","hashCode":"SPAN:SJEkdao76hjwbb6Fh5SY6:0:2:0:30:0:2:0:31:9:0:undefined:undefined","labelName":"SJEkdao76hjwbb6Fh5SY6","labelItem":{"id":"SJEkdao76hjwbb6Fh5SY6","labelName":"Job Title"},"textPosition":{"start":{"row":2,"column":0,"tokenIndex":30,"charIndex":0},"end":{"row":2,"column":0,"tokenIndex":31,"charIndex":9}},"confidenceScore":null},{"id":"1663398814","labeledBy":"AUTO","labeledByUserId":null,"acceptedByUserId":null,"rejectedByUserId":null,"layer":0,"counter":0,"status":"LABELED","hashCode":"SPAN:52S_6moRfhjC-yXgIBeCp:0:2:0:32:0:2:0:32:6:0:undefined:undefined","labelName":"52S_6moRfhjC-yXgIBeCp","labelItem":{"id":"52S_6moRfhjC-yXgIBeCp","labelName":"Date"},"textPosition":{"start":{"row":2,"column":0,"tokenIndex":32,"charIndex":0},"end":{"row":2,"column":0,"tokenIndex":32,"charIndex":6}},"confidenceScore":null},{"id":"1663398817","labeledBy":"AUTO","labeledByUserId":null,"acceptedByUserId":null,"rejectedByUserId":null,"layer":0,"counter":0,"status":"LABELED","hashCode":"SPAN:52S_6moRfhjC-yXgIBeCp:0:2:0:34:0:2:0:34:6:0:undefined:undefined","labelName":"52S_6moRfhjC-yXgIBeCp","labelItem":{"id":"52S_6moRfhjC-yXgIBeCp","labelName":"Date"},"textPosition":{"start":{"row":2,"column":0,"tokenIndex":34,"charIndex":0},"end":{"row":2,"column":0,"tokenIndex":34,"charIndex":6}},"confidenceScore":null},{"id":"1663398820","labeledBy":"AUTO","labeledByUserId":null,"acceptedByUserId":null,"rejectedByUserId":null,"layer":0,"counter":0,"status":"LABELED","hashCode":"SPAN:rj7TW0-ymuRo6f_asXJab:0:2:0:35:0:2:0:36:3:0:undefined:undefined","labelName":"rj7TW0-ymuRo6f_asXJab","labelItem":{"id":"rj7TW0-ymuRo6f_asXJab","labelName":"Company Name"},"textPosition":{"start":{"row":2,"column":0,"tokenIndex":35,"charIndex":0},"end":{"row":2,"column":0,"tokenIndex":36,"charIndex":3}},"confidenceScore":null},{"id":"1663398823","labeledBy":"AUTO","labeledByUserId":null,"acceptedByUserId":null,"rejectedByUserId":null,"layer":0,"counter":0,"status":"LABELED","hashCode":"SPAN:1R0C50AAwFbEp2O0WmRv6:0:2:0:37:0:2:0:37:3:0:undefined:undefined","labelName":"1R0C50AAwFbEp2O0WmRv6","labelItem":{"id":"1R0C50AAwFbEp2O0WmRv6","labelName":"Location"},"textPosition":{"start":{"row":2,"column":0,"tokenIndex":37,"charIndex":0},"end":{"row":2,"column":0,"tokenIndex":37,"charIndex":3}},"confidenceScore":null},{"id":"1663398826","labeledBy":"AUTO","labeledByUserId":null,"acceptedByUserId":null,"rejectedByUserId":null,"layer":0,"counter":0,"status":"LABELED","hashCode":"SPAN:1R0C50AAwFbEp2O0WmRv6:0:2:0:39:0:2:0:39:4:0:undefined:undefined","labelName":"1R0C50AAwFbEp2O0WmRv6","labelItem":{"id":"1R0C50AAwFbEp2O0WmRv6","labelName":"Location"},"textPosition":{"start":{"row":2,"column":0,"tokenIndex":39,"charIndex":0},"end":{"row":2,"column":0,"tokenIndex":39,"charIndex":4}},"confidenceScore":null},{"id":"1663398829","labeledBy":"AUTO","labeledByUserId":null,"acceptedByUserId":null,"rejectedByUserId":null,"layer":0,"counter":0,"status":"LABELED","hashCode":"SPAN:eS2knCRgLegeRw8bcmSWA:0:2:0:43:0:2:0:43:7:0:undefined:undefined","labelName":"eS2knCRgLegeRw8bcmSWA","labelItem":{"id":"eS2knCRgLegeRw8bcmSWA","labelName":"Skill"},"textPosition":{"start":{"row":2,"column":0,"tokenIndex":43,"charIndex":0},"end":{"row":2,"column":0,"tokenIndex":43,"charIndex":7}},"confidenceScore":null},{"id":"1663398832","labeledBy":"AUTO","labeledByUserId":null,"acceptedByUserId":null,"rejectedByUserId":null,"layer":0,"counter":0,"status":"LABELED","hashCode":"SPAN:eS2knCRgLegeRw8bcmSWA:0:2:0:44:0:2:0:44:10:0:undefined:undefined","labelName":"eS2knCRgLegeRw8bcmSWA","labelItem":{"id":"eS2knCRgLegeRw8bcmSWA","labelName":"Skill"},"textPosition":{"start":{"row":2,"column":0,"tokenIndex":44,"charIndex":0},"end":{"row":2,"column":0,"tokenIndex":44,"charIndex":10}},"confidenceScore":null},{"id":"1663398835","labeledBy":"AUTO","labeledByUserId":null,"acceptedByUserId":null,"rejectedByUserId":null,"layer":0,"counter":0,"status":"LABELED","hashCode":"SPAN:eS2knCRgLegeRw8bcmSWA:0:2:0:46:0:2:0:46:5:0:undefined:undefined","labelName":"eS2knCRgLegeRw8bcmSWA","labelItem":{"id":"eS2knCRgLegeRw8bcmSWA","labelName":"Skill"},"textPosition":{"start":{"row":2,"column":0,"tokenIndex":46,"charIndex":0},"end":{"row":2,"column":0,"tokenIndex":46,"charIndex":5}},"confidenceScore":null},{"id":"1663398838","labeledBy":"AUTO","labeledByUserId":null,"acceptedByUserId":null,"rejectedByUserId":null,"layer":0,"counter":0,"status":"LABELED","hashCode":"SPAN:rj7TW0-ymuRo6f_asXJab:0:4:0:8:0:4:0:9:9:0:undefined:undefined","labelName":"rj7TW0-ymuRo6f_asXJab","labelItem":{"id":"rj7TW0-ymuRo6f_asXJab","labelName":"Company Name"},"textPosition":{"start":{"row":4,"column":0,"tokenIndex":8,"charIndex":0},"end":{"row":4,"column":0,"tokenIndex":9,"charIndex":9}},"confidenceScore":null},{"id":"1663398841","labeledBy":"AUTO","labeledByUserId":null,"acceptedByUserId":null,"rejectedByUserId":null,"layer":0,"counter":0,"status":"LABELED","hashCode":"SPAN:Kj5U6n9NUqTXuWcB3c_7L:0:5:0:8:0:5:0:9:11:0:undefined:undefined","labelName":"Kj5U6n9NUqTXuWcB3c_7L","labelItem":{"id":"Kj5U6n9NUqTXuWcB3c_7L","labelName":"College"},"textPosition":{"start":{"row":5,"column":0,"tokenIndex":8,"charIndex":0},"end":{"row":5,"column":0,"tokenIndex":9,"charIndex":11}},"confidenceScore":null},{"id":"1663398844","labeledBy":"AUTO","labeledByUserId":null,"acceptedByUserId":null,"rejectedByUserId":null,"layer":0,"counter":0,"status":"LABELED","hashCode":"SPAN:Kj5U6n9NUqTXuWcB3c_7L:0:5:0:24:0:5:0:25:11:0:undefined:undefined","labelName":"Kj5U6n9NUqTXuWcB3c_7L","labelItem":{"id":"Kj5U6n9NUqTXuWcB3c_7L","labelName":"College"},"textPosition":{"start":{"row":5,"column":0,"tokenIndex":24,"charIndex":0},"end":{"row":5,"column":0,"tokenIndex":25,"charIndex":11}},"confidenceScore":null},{"id":"1663398847","labeledBy":"AUTO","labeledByUserId":null,"acceptedByUserId":null,"rejectedByUserId":null,"layer":0,"counter":0,"status":"LABELED","hashCode":"SPAN:eS2knCRgLegeRw8bcmSWA:0:6:0:15:0:6:0:16:4:0:undefined:undefined","labelName":"eS2knCRgLegeRw8bcmSWA","labelItem":{"id":"eS2knCRgLegeRw8bcmSWA","labelName":"Skill"},"textPosition":{"start":{"row":6,"column":0,"tokenIndex":15,"charIndex":0},"end":{"row":6,"column":0,"tokenIndex":16,"charIndex":4}},"confidenceScore":null},{"id":"1663398850","labeledBy":"AUTO","labeledByUserId":null,"acceptedByUserId":null,"rejectedByUserId":null,"layer":0,"counter":0,"status":"LABELED","hashCode":"SPAN:eS2knCRgLegeRw8bcmSWA:0:7:0:7:0:7:0:8:7:0:undefined:undefined","labelName":"eS2knCRgLegeRw8bcmSWA","labelItem":{"id":"eS2knCRgLegeRw8bcmSWA","labelName":"Skill"},"textPosition":{"start":{"row":7,"column":0,"tokenIndex":7,"charIndex":0},"end":{"row":7,"column":0,"tokenIndex":8,"charIndex":7}},"confidenceScore":null},{"id":"1663398853","labeledBy":"AUTO","labeledByUserId":null,"acceptedByUserId":null,"rejectedByUserId":null,"layer":0,"counter":0,"status":"LABELED","hashCode":"SPAN:eS2knCRgLegeRw8bcmSWA:0:10:0:3:0:10:0:5:12:0:undefined:undefined","labelName":"eS2knCRgLegeRw8bcmSWA","labelItem":{"id":"eS2knCRgLegeRw8bcmSWA","labelName":"Skill"},"textPosition":{"start":{"row":10,"column":0,"tokenIndex":3,"charIndex":0},"end":{"row":10,"column":0,"tokenIndex":5,"charIndex":12}},"confidenceScore":null},{"id":"1663398856","labeledBy":"AUTO","labeledByUserId":null,"acceptedByUserId":null,"rejectedByUserId":null,"layer":0,"counter":0,"status":"LABELED","hashCode":"SPAN:SJEkdao76hjwbb6Fh5SY6:0:11:0:0:0:11:0:2:9:0:undefined:undefined","labelName":"SJEkdao76hjwbb6Fh5SY6","labelItem":{"id":"SJEkdao76hjwbb6Fh5SY6","labelName":"Job Title"},"textPosition":{"start":{"row":11,"column":0,"tokenIndex":0,"charIndex":0},"end":{"row":11,"column":0,"tokenIndex":2,"charIndex":9}},"confidenceScore":null},{"id":"1663398859","labeledBy":"AUTO","labeledByUserId":null,"acceptedByUserId":null,"rejectedByUserId":null,"layer":0,"counter":0,"status":"LABELED","hashCode":"SPAN:52S_6moRfhjC-yXgIBeCp:0:11:0:3:0:11:0:3:6:0:undefined:undefined","labelName":"52S_6moRfhjC-yXgIBeCp","labelItem":{"id":"52S_6moRfhjC-yXgIBeCp","labelName":"Date"},"textPosition":{"start":{"row":11,"column":0,"tokenIndex":3,"charIndex":0},"end":{"row":11,"column":0,"tokenIndex":3,"charIndex":6}},"confidenceScore":null},{"id":"1663398862","labeledBy":"AUTO","labeledByUserId":null,"acceptedByUserId":null,"rejectedByUserId":null,"layer":0,"counter":0,"status":"LABELED","hashCode":"SPAN:52S_6moRfhjC-yXgIBeCp:0:11:0:5:0:11:0:5:6:0:undefined:undefined","labelName":"52S_6moRfhjC-yXgIBeCp","labelItem":{"id":"52S_6moRfhjC-yXgIBeCp","labelName":"Date"},"textPosition":{"start":{"row":11,"column":0,"tokenIndex":5,"charIndex":0},"end":{"row":11,"column":0,"tokenIndex":5,"charIndex":6}},"confidenceScore":null},{"id":"1663398865","labeledBy":"AUTO","labeledByUserId":null,"acceptedByUserId":null,"rejectedByUserId":null,"layer":0,"counter":0,"status":"LABELED","hashCode":"SPAN:rj7TW0-ymuRo6f_asXJab:0:11:0:6:0:11:0:7:3:0:undefined:undefined","labelName":"rj7TW0-ymuRo6f_asXJab","labelItem":{"id":"rj7TW0-ymuRo6f_asXJab","labelName":"Company Name"},"textPosition":{"start":{"row":11,"column":0,"tokenIndex":6,"charIndex":0},"end":{"row":11,"column":0,"tokenIndex":7,"charIndex":3}},"confidenceScore":null},{"id":"1663398868","labeledBy":"AUTO","labeledByUserId":null,"acceptedByUserId":null,"rejectedByUserId":null,"layer":0,"counter":0,"status":"LABELED","hashCode":"SPAN:1R0C50AAwFbEp2O0WmRv6:0:11:0:8:0:11:0:8:3:0:undefined:undefined","labelName":"1R0C50AAwFbEp2O0WmRv6","labelItem":{"id":"1R0C50AAwFbEp2O0WmRv6","labelName":"Location"},"textPosition":{"start":{"row":11,"column":0,"tokenIndex":8,"charIndex":0},"end":{"row":11,"column":0,"tokenIndex":8,"charIndex":3}},"confidenceScore":null},{"id":"1663398871","labeledBy":"AUTO","labeledByUserId":null,"acceptedByUserId":null,"rejectedByUserId":null,"layer":0,"counter":0,"status":"LABELED","hashCode":"SPAN:1R0C50AAwFbEp2O0WmRv6:0:11:0:10:0:11:0:10:4:0:undefined:undefined","labelName":"1R0C50AAwFbEp2O0WmRv6","labelItem":{"id":"1R0C50AAwFbEp2O0WmRv6","labelName":"Location"},"textPosition":{"start":{"row":11,"column":0,"tokenIndex":10,"charIndex":0},"end":{"row":11,"column":0,"tokenIndex":10,"charIndex":4}},"confidenceScore":null},{"id":"1663398874","labeledBy":"AUTO","labeledByUserId":null,"acceptedByUserId":null,"rejectedByUserId":null,"layer":0,"counter":0,"status":"LABELED","hashCode":"SPAN:eS2knCRgLegeRw8bcmSWA:0:12:0:3:0:12:0:4:9:0:undefined:undefined","labelName":"eS2knCRgLegeRw8bcmSWA","labelItem":{"id":"eS2knCRgLegeRw8bcmSWA","labelName":"Skill"},"textPosition":{"start":{"row":12,"column":0,"tokenIndex":3,"charIndex":0},"end":{"row":12,"column":0,"tokenIndex":4,"charIndex":9}},"confidenceScore":null},{"id":"1663398877","labeledBy":"AUTO","labeledByUserId":null,"acceptedByUserId":null,"rejectedByUserId":null,"layer":0,"counter":0,"status":"LABELED","hashCode":"SPAN:eS2knCRgLegeRw8bcmSWA:0:13:0:1:0:13:0:2:6:0:undefined:undefined","labelName":"eS2knCRgLegeRw8bcmSWA","labelItem":{"id":"eS2knCRgLegeRw8bcmSWA","labelName":"Skill"},"textPosition":{"start":{"row":13,"column":0,"tokenIndex":1,"charIndex":0},"end":{"row":13,"column":0,"tokenIndex":2,"charIndex":6}},"confidenceScore":null},{"id":"1663398880","labeledBy":"AUTO","labeledByUserId":null,"acceptedByUserId":null,"rejectedByUserId":null,"layer":0,"counter":0,"status":"LABELED","hashCode":"SPAN:eS2knCRgLegeRw8bcmSWA:0:14:0:5:0:14:0:6:7:0:undefined:undefined","labelName":"eS2knCRgLegeRw8bcmSWA","labelItem":{"id":"eS2knCRgLegeRw8bcmSWA","labelName":"Skill"},"textPosition":{"start":{"row":14,"column":0,"tokenIndex":5,"charIndex":0},"end":{"row":14,"column":0,"tokenIndex":6,"charIndex":7}},"confidenceScore":null},{"id":"1663398883","labeledBy":"AUTO","labeledByUserId":null,"acceptedByUserId":null,"rejectedByUserId":null,"layer":0,"counter":0,"status":"LABELED","hashCode":"SPAN:eS2knCRgLegeRw8bcmSWA:0:15:0:1:0:15:0:2:4:0:undefined:undefined","labelName":"eS2knCRgLegeRw8bcmSWA","labelItem":{"id":"eS2knCRgLegeRw8bcmSWA","labelName":"Skill"},"textPosition":{"start":{"row":15,"column":0,"tokenIndex":1,"charIndex":0},"end":{"row":15,"column":0,"tokenIndex":2,"charIndex":4}},"confidenceScore":null},{"id":"1663398886","labeledBy":"AUTO","labeledByUserId":null,"acceptedByUserId":null,"rejectedByUserId":null,"layer":0,"counter":0,"status":"LABELED","hashCode":"SPAN:eS2knCRgLegeRw8bcmSWA:0:15:0:4:0:15:0:5:10:0:undefined:undefined","labelName":"eS2knCRgLegeRw8bcmSWA","labelItem":{"id":"eS2knCRgLegeRw8bcmSWA","labelName":"Skill"},"textPosition":{"start":{"row":15,"column":0,"tokenIndex":4,"charIndex":0},"end":{"row":15,"column":0,"tokenIndex":5,"charIndex":10}},"confidenceScore":null},{"id":"1663398889","labeledBy":"AUTO","labeledByUserId":null,"acceptedByUserId":null,"rejectedByUserId":null,"layer":0,"counter":0,"status":"LABELED","hashCode":"SPAN:eS2knCRgLegeRw8bcmSWA:0:16:0:2:0:16:0:3:9:0:undefined:undefined","labelName":"eS2knCRgLegeRw8bcmSWA","labelItem":{"id":"eS2knCRgLegeRw8bcmSWA","labelName":"Skill"},"textPosition":{"start":{"row":16,"column":0,"tokenIndex":2,"charIndex":0},"end":{"row":16,"column":0,"tokenIndex":3,"charIndex":9}},"confidenceScore":null},{"id":"1663398892","labeledBy":"AUTO","labeledByUserId":null,"acceptedByUserId":null,"rejectedByUserId":null,"layer":0,"counter":0,"status":"LABELED","hashCode":"SPAN:eS2knCRgLegeRw8bcmSWA:0:17:0:1:0:17:0:1:4:0:undefined:undefined","labelName":"eS2knCRgLegeRw8bcmSWA","labelItem":{"id":"eS2knCRgLegeRw8bcmSWA","labelName":"Skill"},"textPosition":{"start":{"row":17,"column":0,"tokenIndex":1,"charIndex":0},"end":{"row":17,"column":0,"tokenIndex":1,"charIndex":4}},"confidenceScore":null},{"id":"1663398895","labeledBy":"AUTO","labeledByUserId":null,"acceptedByUserId":null,"rejectedByUserId":null,"layer":0,"counter":0,"status":"LABELED","hashCode":"SPAN:eS2knCRgLegeRw8bcmSWA:0:17:0:5:0:17:0:5:9:0:undefined:undefined","labelName":"eS2knCRgLegeRw8bcmSWA","labelItem":{"id":"eS2knCRgLegeRw8bcmSWA","labelName":"Skill"},"textPosition":{"start":{"row":17,"column":0,"tokenIndex":5,"charIndex":0},"end":{"row":17,"column":0,"tokenIndex":5,"charIndex":9}},"confidenceScore":null},{"id":"1663398898","labeledBy":"AUTO","labeledByUserId":null,"acceptedByUserId":null,"rejectedByUserId":null,"layer":0,"counter":0,"status":"LABELED","hashCode":"SPAN:SJEkdao76hjwbb6Fh5SY6:0:19:0:0:0:19:0:2:9:0:undefined:undefined","labelName":"SJEkdao76hjwbb6Fh5SY6","labelItem":{"id":"SJEkdao76hjwbb6Fh5SY6","labelName":"Job Title"},"textPosition":{"start":{"row":19,"column":0,"tokenIndex":0,"charIndex":0},"end":{"row":19,"column":0,"tokenIndex":2,"charIndex":9}},"confidenceScore":null},{"id":"1663398901","labeledBy":"AUTO","labeledByUserId":null,"acceptedByUserId":null,"rejectedByUserId":null,"layer":0,"counter":0,"status":"LABELED","hashCode":"SPAN:52S_6moRfhjC-yXgIBeCp:0:19:0:3:0:19:0:3:6:0:undefined:undefined","labelName":"52S_6moRfhjC-yXgIBeCp","labelItem":{"id":"52S_6moRfhjC-yXgIBeCp","labelName":"Date"},"textPosition":{"start":{"row":19,"column":0,"tokenIndex":3,"charIndex":0},"end":{"row":19,"column":0,"tokenIndex":3,"charIndex":6}},"confidenceScore":null},{"id":"1663398904","labeledBy":"AUTO","labeledByUserId":null,"acceptedByUserId":null,"rejectedByUserId":null,"layer":0,"counter":0,"status":"LABELED","hashCode":"SPAN:52S_6moRfhjC-yXgIBeCp:0:19:0:5:0:19:0:5:6:0:undefined:undefined","labelName":"52S_6moRfhjC-yXgIBeCp","labelItem":{"id":"52S_6moRfhjC-yXgIBeCp","labelName":"Date"},"textPosition":{"start":{"row":19,"column":0,"tokenIndex":5,"charIndex":0},"end":{"row":19,"column":0,"tokenIndex":5,"charIndex":6}},"confidenceScore":null},{"id":"1663398907","labeledBy":"AUTO","labeledByUserId":null,"acceptedByUserId":null,"rejectedByUserId":null,"layer":0,"counter":0,"status":"LABELED","hashCode":"SPAN:rj7TW0-ymuRo6f_asXJab:0:19:0:6:0:19:0:7:3:0:undefined:undefined","labelName":"rj7TW0-ymuRo6f_asXJab","labelItem":{"id":"rj7TW0-ymuRo6f_asXJab","labelName":"Company Name"},"textPosition":{"start":{"row":19,"column":0,"tokenIndex":6,"charIndex":0},"end":{"row":19,"column":0,"tokenIndex":7,"charIndex":3}},"confidenceScore":null},{"id":"1663398910","labeledBy":"AUTO","labeledByUserId":null,"acceptedByUserId":null,"rejectedByUserId":null,"layer":0,"counter":0,"status":"LABELED","hashCode":"SPAN:1R0C50AAwFbEp2O0WmRv6:0:19:0:8:0:19:0:8:3:0:undefined:undefined","labelName":"1R0C50AAwFbEp2O0WmRv6","labelItem":{"id":"1R0C50AAwFbEp2O0WmRv6","labelName":"Location"},"textPosition":{"start":{"row":19,"column":0,"tokenIndex":8,"charIndex":0},"end":{"row":19,"column":0,"tokenIndex":8,"charIndex":3}},"confidenceScore":null},{"id":"1663398913","labeledBy":"AUTO","labeledByUserId":null,"acceptedByUserId":null,"rejectedByUserId":null,"layer":0,"counter":0,"status":"LABELED","hashCode":"SPAN:1R0C50AAwFbEp2O0WmRv6:0:19:0:10:0:19:0:10:4:0:undefined:undefined","labelName":"1R0C50AAwFbEp2O0WmRv6","labelItem":{"id":"1R0C50AAwFbEp2O0WmRv6","labelName":"Location"},"textPosition":{"start":{"row":19,"column":0,"tokenIndex":10,"charIndex":0},"end":{"row":19,"column":0,"tokenIndex":10,"charIndex":4}},"confidenceScore":null},{"id":"1663398916","labeledBy":"AUTO","labeledByUserId":null,"acceptedByUserId":null,"rejectedByUserId":null,"layer":0,"counter":0,"status":"LABELED","hashCode":"SPAN:eS2knCRgLegeRw8bcmSWA:0:24:0:1:0:24:0:2:7:0:undefined:undefined","labelName":"eS2knCRgLegeRw8bcmSWA","labelItem":{"id":"eS2knCRgLegeRw8bcmSWA","labelName":"Skill"},"textPosition":{"start":{"row":24,"column":0,"tokenIndex":1,"charIndex":0},"end":{"row":24,"column":0,"tokenIndex":2,"charIndex":7}},"confidenceScore":null},{"id":"1663398919","labeledBy":"AUTO","labeledByUserId":null,"acceptedByUserId":null,"rejectedByUserId":null,"layer":0,"counter":0,"status":"LABELED","hashCode":"SPAN:eS2knCRgLegeRw8bcmSWA:0:24:0:5:0:24:0:5:12:0:undefined:undefined","labelName":"eS2knCRgLegeRw8bcmSWA","labelItem":{"id":"eS2knCRgLegeRw8bcmSWA","labelName":"Skill"},"textPosition":{"start":{"row":24,"column":0,"tokenIndex":5,"charIndex":0},"end":{"row":24,"column":0,"tokenIndex":5,"charIndex":12}},"confidenceScore":null},{"id":"1663398922","labeledBy":"AUTO","labeledByUserId":null,"acceptedByUserId":null,"rejectedByUserId":null,"layer":0,"counter":0,"status":"LABELED","hashCode":"SPAN:SJEkdao76hjwbb6Fh5SY6:0:26:0:0:0:26:0:2:8:0:undefined:undefined","labelName":"SJEkdao76hjwbb6Fh5SY6","labelItem":{"id":"SJEkdao76hjwbb6Fh5SY6","labelName":"Job Title"},"textPosition":{"start":{"row":26,"column":0,"tokenIndex":0,"charIndex":0},"end":{"row":26,"column":0,"tokenIndex":2,"charIndex":8}},"confidenceScore":null},{"id":"1663398925","labeledBy":"AUTO","labeledByUserId":null,"acceptedByUserId":null,"rejectedByUserId":null,"layer":0,"counter":0,"status":"LABELED","hashCode":"SPAN:52S_6moRfhjC-yXgIBeCp:0:26:0:3:0:26:0:3:6:0:undefined:undefined","labelName":"52S_6moRfhjC-yXgIBeCp","labelItem":{"id":"52S_6moRfhjC-yXgIBeCp","labelName":"Date"},"textPosition":{"start":{"row":26,"column":0,"tokenIndex":3,"charIndex":0},"end":{"row":26,"column":0,"tokenIndex":3,"charIndex":6}},"confidenceScore":null},{"id":"1663398940","labeledBy":"AUTO","labeledByUserId":null,"acceptedByUserId":null,"rejectedByUserId":null,"layer":0,"counter":0,"status":"LABELED","hashCode":"SPAN:52S_6moRfhjC-yXgIBeCp:0:26:0:5:0:26:0:5:6:0:undefined:undefined","labelName":"52S_6moRfhjC-yXgIBeCp","labelItem":{"id":"52S_6moRfhjC-yXgIBeCp","labelName":"Date"},"textPosition":{"start":{"row":26,"column":0,"tokenIndex":5,"charIndex":0},"end":{"row":26,"column":0,"tokenIndex":5,"charIndex":6}},"confidenceScore":null},{"id":"1663398931","labeledBy":"AUTO","labeledByUserId":null,"acceptedByUserId":null,"rejectedByUserId":null,"layer":0,"counter":0,"status":"LABELED","hashCode":"SPAN:rj7TW0-ymuRo6f_asXJab:0:26:0:6:0:26:0:7:3:0:undefined:undefined","labelName":"rj7TW0-ymuRo6f_asXJab","labelItem":{"id":"rj7TW0-ymuRo6f_asXJab","labelName":"Company Name"},"textPosition":{"start":{"row":26,"column":0,"tokenIndex":6,"charIndex":0},"end":{"row":26,"column":0,"tokenIndex":7,"charIndex":3}},"confidenceScore":null},{"id":"1663398934","labeledBy":"AUTO","labeledByUserId":null,"acceptedByUserId":null,"rejectedByUserId":null,"layer":0,"counter":0,"status":"LABELED","hashCode":"SPAN:1R0C50AAwFbEp2O0WmRv6:0:26:0:8:0:26:0:8:3:0:undefined:undefined","labelName":"1R0C50AAwFbEp2O0WmRv6","labelItem":{"id":"1R0C50AAwFbEp2O0WmRv6","labelName":"Location"},"textPosition":{"start":{"row":26,"column":0,"tokenIndex":8,"charIndex":0},"end":{"row":26,"column":0,"tokenIndex":8,"charIndex":3}},"confidenceScore":null},{"id":"1663398937","labeledBy":"AUTO","labeledByUserId":null,"acceptedByUserId":null,"rejectedByUserId":null,"layer":0,"counter":0,"status":"LABELED","hashCode":"SPAN:1R0C50AAwFbEp2O0WmRv6:0:26:0:10:0:26:0:10:4:0:undefined:undefined","labelName":"1R0C50AAwFbEp2O0WmRv6","labelItem":{"id":"1R0C50AAwFbEp2O0WmRv6","labelName":"Location"},"textPosition":{"start":{"row":26,"column":0,"tokenIndex":10,"charIndex":0},"end":{"row":26,"column":0,"tokenIndex":10,"charIndex":4}},"confidenceScore":null},{"id":"1663398943","labeledBy":"AUTO","labeledByUserId":null,"acceptedByUserId":null,"rejectedByUserId":null,"layer":0,"counter":0,"status":"LABELED","hashCode":"SPAN:eS2knCRgLegeRw8bcmSWA:0:27:0:1:0:27:0:2:5:0:undefined:undefined","labelName":"eS2knCRgLegeRw8bcmSWA","labelItem":{"id":"eS2knCRgLegeRw8bcmSWA","labelName":"Skill"},"textPosition":{"start":{"row":27,"column":0,"tokenIndex":1,"charIndex":0},"end":{"row":27,"column":0,"tokenIndex":2,"charIndex":5}},"confidenceScore":null},{"id":"1663398946","labeledBy":"AUTO","labeledByUserId":null,"acceptedByUserId":null,"rejectedByUserId":null,"layer":0,"counter":0,"status":"LABELED","hashCode":"SPAN:eS2knCRgLegeRw8bcmSWA:0:28:0:3:0:28:0:4:10:0:undefined:undefined","labelName":"eS2knCRgLegeRw8bcmSWA","labelItem":{"id":"eS2knCRgLegeRw8bcmSWA","labelName":"Skill"},"textPosition":{"start":{"row":28,"column":0,"tokenIndex":3,"charIndex":0},"end":{"row":28,"column":0,"tokenIndex":4,"charIndex":10}},"confidenceScore":null},{"id":"1663398949","labeledBy":"AUTO","labeledByUserId":null,"acceptedByUserId":null,"rejectedByUserId":null,"layer":0,"counter":0,"status":"LABELED","hashCode":"SPAN:eS2knCRgLegeRw8bcmSWA:0:29:0:1:0:29:0:2:7:0:undefined:undefined","labelName":"eS2knCRgLegeRw8bcmSWA","labelItem":{"id":"eS2knCRgLegeRw8bcmSWA","labelName":"Skill"},"textPosition":{"start":{"row":29,"column":0,"tokenIndex":1,"charIndex":0},"end":{"row":29,"column":0,"tokenIndex":2,"charIndex":7}},"confidenceScore":null},{"id":"1663398952","labeledBy":"AUTO","labeledByUserId":null,"acceptedByUserId":null,"rejectedByUserId":null,"layer":0,"counter":0,"status":"LABELED","hashCode":"SPAN:IeEoIKabMl51BJE0gX2YL:0:30:0:1:0:30:0:5:5:0:undefined:undefined","labelName":"IeEoIKabMl51BJE0gX2YL","labelItem":{"id":"IeEoIKabMl51BJE0gX2YL","labelName":"Degree"},"textPosition":{"start":{"row":30,"column":0,"tokenIndex":1,"charIndex":0},"end":{"row":30,"column":0,"tokenIndex":5,"charIndex":5}},"confidenceScore":null},{"id":"1663398955","labeledBy":"AUTO","labeledByUserId":null,"acceptedByUserId":null,"rejectedByUserId":null,"layer":0,"counter":0,"status":"LABELED","hashCode":"SPAN:BjO8MdvK2KI4E5iMEeY4B:0:31:0:0:0:31:0:0:3:0:undefined:undefined","labelName":"BjO8MdvK2KI4E5iMEeY4B","labelItem":{"id":"BjO8MdvK2KI4E5iMEeY4B","labelName":"Graduation Year"},"textPosition":{"start":{"row":31,"column":0,"tokenIndex":0,"charIndex":0},"end":{"row":31,"column":0,"tokenIndex":0,"charIndex":3}},"confidenceScore":null},{"id":"1663398958","labeledBy":"AUTO","labeledByUserId":null,"acceptedByUserId":null,"rejectedByUserId":null,"layer":0,"counter":0,"status":"LABELED","hashCode":"SPAN:Kj5U6n9NUqTXuWcB3c_7L:0:31:0:1:0:31:0:4:9:0:undefined:undefined","labelName":"Kj5U6n9NUqTXuWcB3c_7L","labelItem":{"id":"Kj5U6n9NUqTXuWcB3c_7L","labelName":"College"},"textPosition":{"start":{"row":31,"column":0,"tokenIndex":1,"charIndex":0},"end":{"row":31,"column":0,"tokenIndex":4,"charIndex":9}},"confidenceScore":null},{"id":"1663398961","labeledBy":"AUTO","labeledByUserId":null,"acceptedByUserId":null,"rejectedByUserId":null,"layer":0,"counter":0,"status":"LABELED","hashCode":"SPAN:1R0C50AAwFbEp2O0WmRv6:0:31:0:5:0:31:0:5:3:0:undefined:undefined","labelName":"1R0C50AAwFbEp2O0WmRv6","labelItem":{"id":"1R0C50AAwFbEp2O0WmRv6","labelName":"Location"},"textPosition":{"start":{"row":31,"column":0,"tokenIndex":5,"charIndex":0},"end":{"row":31,"column":0,"tokenIndex":5,"charIndex":3}},"confidenceScore":null},{"id":"1663398964","labeledBy":"AUTO","labeledByUserId":null,"acceptedByUserId":null,"rejectedByUserId":null,"layer":0,"counter":0,"status":"LABELED","hashCode":"SPAN:1R0C50AAwFbEp2O0WmRv6:0:31:0:7:0:31:0:7:4:0:undefined:undefined","labelName":"1R0C50AAwFbEp2O0WmRv6","labelItem":{"id":"1R0C50AAwFbEp2O0WmRv6","labelName":"Location"},"textPosition":{"start":{"row":31,"column":0,"tokenIndex":7,"charIndex":0},"end":{"row":31,"column":0,"tokenIndex":7,"charIndex":4}},"confidenceScore":null},{"id":"1663398967","labeledBy":"AUTO","labeledByUserId":null,"acceptedByUserId":null,"rejectedByUserId":null,"layer":0,"counter":0,"status":"LABELED","hashCode":"SPAN:1R0C50AAwFbEp2O0WmRv6:0:31:0:9:0:31:0:9:2:0:undefined:undefined","labelName":"1R0C50AAwFbEp2O0WmRv6","labelItem":{"id":"1R0C50AAwFbEp2O0WmRv6","labelName":"Location"},"textPosition":{"start":{"row":31,"column":0,"tokenIndex":9,"charIndex":0},"end":{"row":31,"column":0,"tokenIndex":9,"charIndex":2}},"confidenceScore":null},{"id":"1663398970","labeledBy":"AUTO","labeledByUserId":null,"acceptedByUserId":null,"rejectedByUserId":null,"layer":0,"counter":0,"status":"LABELED","hashCode":"SPAN:IeEoIKabMl51BJE0gX2YL:0:31:0:10:0:31:0:14:12:0:undefined:undefined","labelName":"IeEoIKabMl51BJE0gX2YL","labelItem":{"id":"IeEoIKabMl51BJE0gX2YL","labelName":"Degree"},"textPosition":{"start":{"row":31,"column":0,"tokenIndex":10,"charIndex":0},"end":{"row":31,"column":0,"tokenIndex":14,"charIndex":12}},"confidenceScore":null},{"id":"1663398973","labeledBy":"AUTO","labeledByUserId":null,"acceptedByUserId":null,"rejectedByUserId":null,"layer":0,"counter":0,"status":"LABELED","hashCode":"SPAN:BjO8MdvK2KI4E5iMEeY4B:0:31:0:15:0:31:0:15:3:0:undefined:undefined","labelName":"BjO8MdvK2KI4E5iMEeY4B","labelItem":{"id":"BjO8MdvK2KI4E5iMEeY4B","labelName":"Graduation Year"},"textPosition":{"start":{"row":31,"column":0,"tokenIndex":15,"charIndex":0},"end":{"row":31,"column":0,"tokenIndex":15,"charIndex":3}},"confidenceScore":null},{"id":"1663398976","labeledBy":"AUTO","labeledByUserId":null,"acceptedByUserId":null,"rejectedByUserId":null,"layer":0,"counter":0,"status":"LABELED","hashCode":"SPAN:Kj5U6n9NUqTXuWcB3c_7L:0:31:0:16:0:31:0:18:5:0:undefined:undefined","labelName":"Kj5U6n9NUqTXuWcB3c_7L","labelItem":{"id":"Kj5U6n9NUqTXuWcB3c_7L","labelName":"College"},"textPosition":{"start":{"row":31,"column":0,"tokenIndex":16,"charIndex":0},"end":{"row":31,"column":0,"tokenIndex":18,"charIndex":5}},"confidenceScore":null},{"id":"1663398979","labeledBy":"AUTO","labeledByUserId":null,"acceptedByUserId":null,"rejectedByUserId":null,"layer":0,"counter":0,"status":"LABELED","hashCode":"SPAN:1R0C50AAwFbEp2O0WmRv6:0:31:0:19:0:31:0:19:3:0:undefined:undefined","labelName":"1R0C50AAwFbEp2O0WmRv6","labelItem":{"id":"1R0C50AAwFbEp2O0WmRv6","labelName":"Location"},"textPosition":{"start":{"row":31,"column":0,"tokenIndex":19,"charIndex":0},"end":{"row":31,"column":0,"tokenIndex":19,"charIndex":3}},"confidenceScore":null},{"id":"1663398982","labeledBy":"AUTO","labeledByUserId":null,"acceptedByUserId":null,"rejectedByUserId":null,"layer":0,"counter":0,"status":"LABELED","hashCode":"SPAN:1R0C50AAwFbEp2O0WmRv6:0:31:0:21:0:31:0:21:4:0:undefined:undefined","labelName":"1R0C50AAwFbEp2O0WmRv6","labelItem":{"id":"1R0C50AAwFbEp2O0WmRv6","labelName":"Location"},"textPosition":{"start":{"row":31,"column":0,"tokenIndex":21,"charIndex":0},"end":{"row":31,"column":0,"tokenIndex":21,"charIndex":4}},"confidenceScore":null},{"id":"1663398985","labeledBy":"AUTO","labeledByUserId":null,"acceptedByUserId":null,"rejectedByUserId":null,"layer":0,"counter":0,"status":"LABELED","hashCode":"SPAN:1R0C50AAwFbEp2O0WmRv6:0:31:0:23:0:31:0:23:2:0:undefined:undefined","labelName":"1R0C50AAwFbEp2O0WmRv6","labelItem":{"id":"1R0C50AAwFbEp2O0WmRv6","labelName":"Location"},"textPosition":{"start":{"row":31,"column":0,"tokenIndex":23,"charIndex":0},"end":{"row":31,"column":0,"tokenIndex":23,"charIndex":2}},"confidenceScore":null},{"id":"1663398988","labeledBy":"AUTO","labeledByUserId":null,"acceptedByUserId":null,"rejectedByUserId":null,"layer":0,"counter":0,"status":"LABELED","hashCode":"SPAN:IeEoIKabMl51BJE0gX2YL:0:31:0:24:0:31:0:28:9:0:undefined:undefined","labelName":"IeEoIKabMl51BJE0gX2YL","labelItem":{"id":"IeEoIKabMl51BJE0gX2YL","labelName":"Degree"},"textPosition":{"start":{"row":31,"column":0,"tokenIndex":24,"charIndex":0},"end":{"row":31,"column":0,"tokenIndex":28,"charIndex":9}},"confidenceScore":null},{"id":"1663398991","labeledBy":"AUTO","labeledByUserId":null,"acceptedByUserId":null,"rejectedByUserId":null,"layer":0,"counter":0,"status":"LABELED","hashCode":"SPAN:BjO8MdvK2KI4E5iMEeY4B:0:31:0:29:0:31:0:29:3:0:undefined:undefined","labelName":"BjO8MdvK2KI4E5iMEeY4B","labelItem":{"id":"BjO8MdvK2KI4E5iMEeY4B","labelName":"Graduation Year"},"textPosition":{"start":{"row":31,"column":0,"tokenIndex":29,"charIndex":0},"end":{"row":31,"column":0,"tokenIndex":29,"charIndex":3}},"confidenceScore":null},{"id":"1663398994","labeledBy":"AUTO","labeledByUserId":null,"acceptedByUserId":null,"rejectedByUserId":null,"layer":0,"counter":0,"status":"LABELED","hashCode":"SPAN:Kj5U6n9NUqTXuWcB3c_7L:0:31:0:30:0:31:0:32:5:0:undefined:undefined","labelName":"Kj5U6n9NUqTXuWcB3c_7L","labelItem":{"id":"Kj5U6n9NUqTXuWcB3c_7L","labelName":"College"},"textPosition":{"start":{"row":31,"column":0,"tokenIndex":30,"charIndex":0},"end":{"row":31,"column":0,"tokenIndex":32,"charIndex":5}},"confidenceScore":null},{"id":"1663398997","labeledBy":"AUTO","labeledByUserId":null,"acceptedByUserId":null,"rejectedByUserId":null,"layer":0,"counter":0,"status":"LABELED","hashCode":"SPAN:1R0C50AAwFbEp2O0WmRv6:0:31:0:33:0:31:0:33:3:0:undefined:undefined","labelName":"1R0C50AAwFbEp2O0WmRv6","labelItem":{"id":"1R0C50AAwFbEp2O0WmRv6","labelName":"Location"},"textPosition":{"start":{"row":31,"column":0,"tokenIndex":33,"charIndex":0},"end":{"row":31,"column":0,"tokenIndex":33,"charIndex":3}},"confidenceScore":null},{"id":"1663399000","labeledBy":"AUTO","labeledByUserId":null,"acceptedByUserId":null,"rejectedByUserId":null,"layer":0,"counter":0,"status":"LABELED","hashCode":"SPAN:1R0C50AAwFbEp2O0WmRv6:0:31:0:35:0:31:0:35:4:0:undefined:undefined","labelName":"1R0C50AAwFbEp2O0WmRv6","labelItem":{"id":"1R0C50AAwFbEp2O0WmRv6","labelName":"Location"},"textPosition":{"start":{"row":31,"column":0,"tokenIndex":35,"charIndex":0},"end":{"row":31,"column":0,"tokenIndex":35,"charIndex":4}},"confidenceScore":null},{"id":"1663399003","labeledBy":"AUTO","labeledByUserId":null,"acceptedByUserId":null,"rejectedByUserId":null,"layer":0,"counter":0,"status":"LABELED","hashCode":"SPAN:1R0C50AAwFbEp2O0WmRv6:0:31:0:37:0:31:0:37:2:0:undefined:undefined","labelName":"1R0C50AAwFbEp2O0WmRv6","labelItem":{"id":"1R0C50AAwFbEp2O0WmRv6","labelName":"Location"},"textPosition":{"start":{"row":31,"column":0,"tokenIndex":37,"charIndex":0},"end":{"row":31,"column":0,"tokenIndex":37,"charIndex":2}},"confidenceScore":null},{"id":"1663399006","labeledBy":"AUTO","labeledByUserId":null,"acceptedByUserId":null,"rejectedByUserId":null,"layer":0,"counter":0,"status":"LABELED","hashCode":"SPAN:SJEkdao76hjwbb6Fh5SY6:0:31:0:42:0:31:0:43:5:0:undefined:undefined","labelName":"SJEkdao76hjwbb6Fh5SY6","labelItem":{"id":"SJEkdao76hjwbb6Fh5SY6","labelName":"Job Title"},"textPosition":{"start":{"row":31,"column":0,"tokenIndex":42,"charIndex":0},"end":{"row":31,"column":0,"tokenIndex":43,"charIndex":5}},"confidenceScore":null},{"id":"1663399009","labeledBy":"AUTO","labeledByUserId":null,"acceptedByUserId":null,"rejectedByUserId":null,"layer":0,"counter":0,"status":"LABELED","hashCode":"SPAN:SJEkdao76hjwbb6Fh5SY6:0:31:0:42:0:31:0:46:8:0:undefined:undefined","labelName":"SJEkdao76hjwbb6Fh5SY6","labelItem":{"id":"SJEkdao76hjwbb6Fh5SY6","labelName":"Job Title"},"textPosition":{"start":{"row":31,"column":0,"tokenIndex":42,"charIndex":0},"end":{"row":31,"column":0,"tokenIndex":46,"charIndex":8}},"confidenceScore":null},{"id":"1663399012","labeledBy":"AUTO","labeledByUserId":null,"acceptedByUserId":null,"rejectedByUserId":null,"layer":0,"counter":0,"status":"LABELED","hashCode":"SPAN:52S_6moRfhjC-yXgIBeCp:0:31:0:47:0:31:0:47:6:0:undefined:undefined","labelName":"52S_6moRfhjC-yXgIBeCp","labelItem":{"id":"52S_6moRfhjC-yXgIBeCp","labelName":"Date"},"textPosition":{"start":{"row":31,"column":0,"tokenIndex":47,"charIndex":0},"end":{"row":31,"column":0,"tokenIndex":47,"charIndex":6}},"confidenceScore":null},{"id":"1663399015","labeledBy":"AUTO","labeledByUserId":null,"acceptedByUserId":null,"rejectedByUserId":null,"layer":0,"counter":0,"status":"LABELED","hashCode":"SPAN:52S_6moRfhjC-yXgIBeCp:0:31:0:49:0:31:0:49:6:0:undefined:undefined","labelName":"52S_6moRfhjC-yXgIBeCp","labelItem":{"id":"52S_6moRfhjC-yXgIBeCp","labelName":"Date"},"textPosition":{"start":{"row":31,"column":0,"tokenIndex":49,"charIndex":0},"end":{"row":31,"column":0,"tokenIndex":49,"charIndex":6}},"confidenceScore":null},{"id":"1663399018","labeledBy":"AUTO","labeledByUserId":null,"acceptedByUserId":null,"rejectedByUserId":null,"layer":0,"counter":0,"status":"LABELED","hashCode":"SPAN:rj7TW0-ymuRo6f_asXJab:0:31:0:50:0:31:0:51:3:0:undefined:undefined","labelName":"rj7TW0-ymuRo6f_asXJab","labelItem":{"id":"rj7TW0-ymuRo6f_asXJab","labelName":"Company Name"},"textPosition":{"start":{"row":31,"column":0,"tokenIndex":50,"charIndex":0},"end":{"row":31,"column":0,"tokenIndex":51,"charIndex":3}},"confidenceScore":null},{"id":"1663399021","labeledBy":"AUTO","labeledByUserId":null,"acceptedByUserId":null,"rejectedByUserId":null,"layer":0,"counter":0,"status":"LABELED","hashCode":"SPAN:1R0C50AAwFbEp2O0WmRv6:0:31:0:52:0:31:0:52:3:0:undefined:undefined","labelName":"1R0C50AAwFbEp2O0WmRv6","labelItem":{"id":"1R0C50AAwFbEp2O0WmRv6","labelName":"Location"},"textPosition":{"start":{"row":31,"column":0,"tokenIndex":52,"charIndex":0},"end":{"row":31,"column":0,"tokenIndex":52,"charIndex":3}},"confidenceScore":null},{"id":"1663399024","labeledBy":"AUTO","labeledByUserId":null,"acceptedByUserId":null,"rejectedByUserId":null,"layer":0,"counter":0,"status":"LABELED","hashCode":"SPAN:1R0C50AAwFbEp2O0WmRv6:0:31:0:54:0:31:0:54:4:0:undefined:undefined","labelName":"1R0C50AAwFbEp2O0WmRv6","labelItem":{"id":"1R0C50AAwFbEp2O0WmRv6","labelName":"Location"},"textPosition":{"start":{"row":31,"column":0,"tokenIndex":54,"charIndex":0},"end":{"row":31,"column":0,"tokenIndex":54,"charIndex":4}},"confidenceScore":null},{"id":"1663399027","labeledBy":"AUTO","labeledByUserId":null,"acceptedByUserId":null,"rejectedByUserId":null,"layer":0,"counter":0,"status":"LABELED","hashCode":"SPAN:eS2knCRgLegeRw8bcmSWA:0:31:0:72:0:31:0:76:12:0:undefined:undefined","labelName":"eS2knCRgLegeRw8bcmSWA","labelItem":{"id":"eS2knCRgLegeRw8bcmSWA","labelName":"Skill"},"textPosition":{"start":{"row":31,"column":0,"tokenIndex":72,"charIndex":0},"end":{"row":31,"column":0,"tokenIndex":76,"charIndex":12}},"confidenceScore":null}],"arrowLabels":[],"boundingBoxLabels":[],"timeLabels":[],"comments":[],"url":"datasaur://static/6814/6a79289a-e81d-417b-b26c-fe2f42ee7242.txt"}}
