{"version":"1","data":{"project":{"id":"ODBjYmQ2MDg","name":"NLP SSM Final Project"},"document":{"id":"9be35535-24cd-4cab-835b-888811d594d6","name":"resume_2065_d1.txt"},"kinds":["TOKEN_BASED"],"rows":[[{"content":"PUBLIC RELATIONS & COMMUNICATIONS MANAGER Professional Summary Public Relations Manager | Strategy | Execution | Results Strategic, results oriented and licensed PR professional with extensive experience directing communication campaigns in both agency and in-house settings.","tokens":["PUBLIC","RELATIONS","&","COMMUNICATIONS","MANAGER","Professional","Summary","Public","Relations","Manager","|","Strategy","|","Execution","|","Results","Strategic,","results","oriented","and","licensed","PR","professional","with","extensive","experience","directing","communication","campaigns","in","both","agency","and","in-house","settings."],"metadata":[]}],[{"content":"Proven creative talent with demonstrated strength in producing and implementing media strategies.","tokens":["Proven","creative","talent","with","demonstrated","strength","in","producing","and","implementing","media","strategies."],"metadata":[]}],[{"content":"Well-versed in corporate communication, promotional support and branding.","tokens":["Well-versed","in","corporate","communication,","promotional","support","and","branding."],"metadata":[]}],[{"content":"Exceptional writing, editing and interpersonal skills with internal and external audiences.","tokens":["Exceptional","writing,","editing","and","interpersonal","skills","with","internal","and","external","audiences."],"metadata":[]}],[{"content":"Deadline-driven, tenacious and successful at thriving in high-pressure environments.","tokens":["Deadline-driven,","tenacious","and","successful","at","thriving","in","high-pressure","environments."],"metadata":[]}],[{"content":"Skills Creative writing Strategic messaging Team Leadership Press Releases & Press Kits Crisis Management Promotion & Image Media Relations Campaign Development Community Relations Social media coordination Problem solving Media relations training Work History Public Relations & Communications Manager , 01/2019 to Current Company Name – City , State Direct Report to the President.","tokens":["Skills","Creative","writing","Strategic","messaging","Team","Leadership","Press","Releases","&","Press","Kits","Crisis","Management","Promotion","&","Image","Media","Relations","Campaign","Development","Community","Relations","Social","media","coordination","Problem","solving","Media","relations","training","Work","History","Public","Relations","&","Communications","Manager",",","01/2019","to","Current","Company","Name","–","City",",","State","Direct","Report","to","the","President."],"metadata":[]}],[{"content":"Lead the development, implementation and monitoring of the work strategy aligned to the operation of the station in both internal and external Oversee public relations activities and communications including press releases, social media, company literature, announcements, programming launches and media kits Built a favorable brand image with customers, prospects, employees and public Serve as primary media contact directing all publicity, viewership and consumer awareness, and image campaigns for Wapa and Wapa Deportes Plan, develop and implement media action plans to support and positively position the company Identify and implement creative ways to actively manage and promulgate the corporate reputation Work with the Crisis Communications Committee to develop communications plans and strategies Serve as primarycontact for media Build relationships with media to facilitate communication for crisis management and other activities that may draw media interest Identify opportunities to partner with and enhance community communication efforts Develop a variety of communications pieces, including but not limited to fact sheets, speeches, letters and press releases Coordinate media tours to promote special projects and new programs through internal and external outlets Maintain an effective relationship with external parties, such as community leaders, government and media Communicate positive and negative feedback from media/community/audience to work toward a beneficial outcome and ensure positive positioning for the company Coordinate events for external audiences, including press conferences Results: Established and nurtured relationships with media representatives across all major news outlets Developed and implemented Wapa Contigo program to reinforce community relations Developed and managed communications campaigns for programming launches with strategic messages translated in more viewers Partnered with non profit organizations as Susan G. Komen and SER of Puerto Rico to maximize social responsibility Relaunched corporate and organizational culture Public Relations Coordinator , 06/2011 to 01/2019 Company Name – City , State Direct Report to President of the Programming, Promotions and Production.","tokens":["Lead","the","development,","implementation","and","monitoring","of","the","work","strategy","aligned","to","the","operation","of","the","station","in","both","internal","and","external","Oversee","public","relations","activities","and","communications","including","press","releases,","social","media,","company","literature,","announcements,","programming","launches","and","media","kits","Built","a","favorable","brand","image","with","customers,","prospects,","employees","and","public","Serve","as","primary","media","contact","directing","all","publicity,","viewership","and","consumer","awareness,","and","image","campaigns","for","Wapa","and","Wapa","Deportes","Plan,","develop","and","implement","media","action","plans","to","support","and","positively","position","the","company","Identify","and","implement","creative","ways","to","actively","manage","and","promulgate","the","corporate","reputation","Work","with","the","Crisis","Communications","Committee","to","develop","communications","plans","and","strategies","Serve","as","primarycontact","for","media","Build","relationships","with","media","to","facilitate","communication","for","crisis","management","and","other","activities","that","may","draw","media","interest","Identify","opportunities","to","partner","with","and","enhance","community","communication","efforts","Develop","a","variety","of","communications","pieces,","including","but","not","limited","to","fact","sheets,","speeches,","letters","and","press","releases","Coordinate","media","tours","to","promote","special","projects","and","new","programs","through","internal","and","external","outlets","Maintain","an","effective","relationship","with","external","parties,","such","as","community","leaders,","government","and","media","Communicate","positive","and","negative","feedback","from","media/community/audience","to","work","toward","a","beneficial","outcome","and","ensure","positive","positioning","for","the","company","Coordinate","events","for","external","audiences,","including","press","conferences","Results:","Established","and","nurtured","relationships","with","media","representatives","across","all","major","news","outlets","Developed","and","implemented","Wapa","Contigo","program","to","reinforce","community","relations","Developed","and","managed","communications","campaigns","for","programming","launches","with","strategic","messages","translated","in","more","viewers","Partnered","with","non","profit","organizations","as","Susan","G.","Komen","and","SER","of","Puerto","Rico","to","maximize","social","responsibility","Relaunched","corporate","and","organizational","culture","Public","Relations","Coordinator",",","06/2011","to","01/2019","Company","Name","–","City",",","State","Direct","Report","to","President","of","the","Programming,","Promotions","and","Production."],"metadata":[]}],[{"content":"Lead the internal and external communication for programming launches and established cross promotions Developed and executed public relations campaigns that integrated with clients' marketing strategies Wrote press releases and stories, pitched ideas to media and compiled research and reports Arranged interviews, speaking engagements and other media opportunities Created messages, position statements and other corporate communications based on company's objectives Account Executive , 01/2005 to 06/2011 Company Name – City , State Direct Report to the President.","tokens":["Lead","the","internal","and","external","communication","for","programming","launches","and","established","cross","promotions","Developed","and","executed","public","relations","campaigns","that","integrated","with","clients'","marketing","strategies","Wrote","press","releases","and","stories,","pitched","ideas","to","media","and","compiled","research","and","reports","Arranged","interviews,","speaking","engagements","and","other","media","opportunities","Created","messages,","position","statements","and","other","corporate","communications","based","on","company's","objectives","Account","Executive",",","01/2005","to","06/2011","Company","Name","–","City",",","State","Direct","Report","to","the","President."],"metadata":[]}],[{"content":"Managed up to five clients simultaneously, including International companies such as: McDonald´s and Nissan Wrote fact sheets, press releases, talking points, letters, speeches and articles Coordinated, managed and organized events, such as press conferences, exhibitions, meetings, launches and promotions Performed media monitoring, analysis and ROI reports for clients and their competitors Coordinated media tours Trained up to three employees Supported strategies and other corrective actions employed to solve problems and issues as part of the crisis management process Produced over 15 public relations pieces per month, getting 90% of them published in at least two media outlets Got more than $1M ROI publicity in a year for a client General Editor of a corporate newsletter that was read by more than 3,000 employees Education Master : Public Relations , 04/2011 University of Sacred Heart - City Bachelor of Arts : Advertising & Public Relations , 04/2005 University of Puerto Rico - City https://www.linkedin.com/in/migdaliz-ortiz-8303653b Affiliations Board Member of the Public Relations Professionals Association (ARPPR) - 2019 Public Relations Professionals Association (ARPPR) member Global Alliance member Additional Information • Bilingual – Oral and Written Proficiency in English & Spanish","tokens":["Managed","up","to","five","clients","simultaneously,","including","International","companies","such","as:","McDonald´s","and","Nissan","Wrote","fact","sheets,","press","releases,","talking","points,","letters,","speeches","and","articles","Coordinated,","managed","and","organized","events,","such","as","press","conferences,","exhibitions,","meetings,","launches","and","promotions","Performed","media","monitoring,","analysis","and","ROI","reports","for","clients","and","their","competitors","Coordinated","media","tours","Trained","up","to","three","employees","Supported","strategies","and","other","corrective","actions","employed","to","solve","problems","and","issues","as","part","of","the","crisis","management","process","Produced","over","15","public","relations","pieces","per","month,","getting","90%","of","them","published","in","at","least","two","media","outlets","Got","more","than","$1M","ROI","publicity","in","a","year","for","a","client","General","Editor","of","a","corporate","newsletter","that","was","read","by","more","than","3,000","employees","Education","Master",":","Public","Relations",",","04/2011","University","of","Sacred","Heart","-","City","Bachelor","of","Arts",":","Advertising","&","Public","Relations",",","04/2005","University","of","Puerto","Rico","-","City","https://www.linkedin.com/in/migdaliz-ortiz-8303653b","Affiliations","Board","Member","of","the","Public","Relations","Professionals","Association","(ARPPR)","-","2019","Public","Relations","Professionals","Association","(ARPPR)","member","Global","Alliance","member","Additional","Information","•","Bilingual","–","Oral","and","Written","Proficiency","in","English","&","Spanish"],"metadata":[]}],[{"content":"• Computer Knowledge - Windows; MS Office Suite (Advanced: Word, Power Point and Outlook & Intermediate: Excel) Certifications Communications Manager Certification - Business School of Navarra, Spain - 2010 Public Relations License R-223 since 2014 Skills Creative writing Strategic messaging Team Leadership Press Releases & Press Kits Crisis Management Promotion & Image Media Relations Campaign Development Community Relations Social media coordination Problem solving Media relations training Work History Public Relations & Communications Manager , 01/2019 to Current Company Name – City , State Direct Report to the President.","tokens":["•","Computer","Knowledge","-","Windows;","MS","Office","Suite","(Advanced:","Word,","Power","Point","and","Outlook","&","Intermediate:","Excel)","Certifications","Communications","Manager","Certification","-","Business","School","of","Navarra,","Spain","-","2010","Public","Relations","License","R-223","since","2014","Skills","Creative","writing","Strategic","messaging","Team","Leadership","Press","Releases","&","Press","Kits","Crisis","Management","Promotion","&","Image","Media","Relations","Campaign","Development","Community","Relations","Social","media","coordination","Problem","solving","Media","relations","training","Work","History","Public","Relations","&","Communications","Manager",",","01/2019","to","Current","Company","Name","–","City",",","State","Direct","Report","to","the","President."],"metadata":[]}],[{"content":"Lead the development, implementation and monitoring of the work strategy aligned to the operation of the station in both internal and external Oversee public relations activities and communications including press releases, social media, company literature, announcements, programming launches and media kits Built a favorable brand image with customers, prospects, employees and public Serve as primary media contact directing all publicity, viewership and consumer awareness, and image campaigns for Wapa and Wapa Deportes Plan, develop and implement media action plans to support and positively position the company Identify and implement creative ways to actively manage and promulgate the corporate reputation Work with the Crisis Communications Committee to develop communications plans and strategies Serve as primarycontact for media Build relationships with media to facilitate communication for crisis management and other activities that may draw media interest Identify opportunities to partner with and enhance community communication efforts Develop a variety of communications pieces, including but not limited to fact sheets, speeches, letters and press releases Coordinate media tours to promote special projects and new programs through internal and external outlets Maintain an effective relationship with external parties, such as community leaders, government and media Communicate positive and negative feedback from media/community/audience to work toward a beneficial outcome and ensure positive positioning for the company Coordinate events for external audiences, including press conferences Results: Established and nurtured relationships with media representatives across all major news outlets Developed and implemented Wapa Contigo program to reinforce community relations Developed and managed communications campaigns for programming launches with strategic messages translated in more viewers Partnered with non profit organizations as Susan G. Komen and SER of Puerto Rico to maximize social responsibility Relaunched corporate and organizational culture Public Relations Coordinator , 06/2011 to 01/2019 Company Name – City , State Direct Report to President of the Programming, Promotions and Production.","tokens":["Lead","the","development,","implementation","and","monitoring","of","the","work","strategy","aligned","to","the","operation","of","the","station","in","both","internal","and","external","Oversee","public","relations","activities","and","communications","including","press","releases,","social","media,","company","literature,","announcements,","programming","launches","and","media","kits","Built","a","favorable","brand","image","with","customers,","prospects,","employees","and","public","Serve","as","primary","media","contact","directing","all","publicity,","viewership","and","consumer","awareness,","and","image","campaigns","for","Wapa","and","Wapa","Deportes","Plan,","develop","and","implement","media","action","plans","to","support","and","positively","position","the","company","Identify","and","implement","creative","ways","to","actively","manage","and","promulgate","the","corporate","reputation","Work","with","the","Crisis","Communications","Committee","to","develop","communications","plans","and","strategies","Serve","as","primarycontact","for","media","Build","relationships","with","media","to","facilitate","communication","for","crisis","management","and","other","activities","that","may","draw","media","interest","Identify","opportunities","to","partner","with","and","enhance","community","communication","efforts","Develop","a","variety","of","communications","pieces,","including","but","not","limited","to","fact","sheets,","speeches,","letters","and","press","releases","Coordinate","media","tours","to","promote","special","projects","and","new","programs","through","internal","and","external","outlets","Maintain","an","effective","relationship","with","external","parties,","such","as","community","leaders,","government","and","media","Communicate","positive","and","negative","feedback","from","media/community/audience","to","work","toward","a","beneficial","outcome","and","ensure","positive","positioning","for","the","company","Coordinate","events","for","external","audiences,","including","press","conferences","Results:","Established","and","nurtured","relationships","with","media","representatives","across","all","major","news","outlets","Developed","and","implemented","Wapa","Contigo","program","to","reinforce","community","relations","Developed","and","managed","communications","campaigns","for","programming","launches","with","strategic","messages","translated","in","more","viewers","Partnered","with","non","profit","organizations","as","Susan","G.","Komen","and","SER","of","Puerto","Rico","to","maximize","social","responsibility","Relaunched","corporate","and","organizational","culture","Public","Relations","Coordinator",",","06/2011","to","01/2019","Company","Name","–","City",",","State","Direct","Report","to","President","of","the","Programming,","Promotions","and","Production."],"metadata":[]}],[{"content":"Lead the internal and external communication for programming launches and established cross promotions Developed and executed public relations campaigns that integrated with clients' marketing strategies Wrote press releases and stories, pitched ideas to media and compiled research and reports Arranged interviews, speaking engagements and other media opportunities Created messages, position statements and other corporate communications based on company's objectives Account Executive , 01/2005 to 06/2011 Company Name – City , State Direct Report to the President.","tokens":["Lead","the","internal","and","external","communication","for","programming","launches","and","established","cross","promotions","Developed","and","executed","public","relations","campaigns","that","integrated","with","clients'","marketing","strategies","Wrote","press","releases","and","stories,","pitched","ideas","to","media","and","compiled","research","and","reports","Arranged","interviews,","speaking","engagements","and","other","media","opportunities","Created","messages,","position","statements","and","other","corporate","communications","based","on","company's","objectives","Account","Executive",",","01/2005","to","06/2011","Company","Name","–","City",",","State","Direct","Report","to","the","President."],"metadata":[]}],[{"content":"Managed up to five clients simultaneously, including International companies such as: McDonald´s and Nissan Wrote fact sheets, press releases, talking points, letters, speeches and articles Coordinated, managed and organized events, such as press conferences, exhibitions, meetings, launches and promotions Performed media monitoring, analysis and ROI reports for clients and their competitors Coordinated media tours Trained up to three employees Supported strategies and other corrective actions employed to solve problems and issues as part of the crisis management process Produced over 15 public relations pieces per month, getting 90% of them published in at least two media outlets Got more than $1M ROI publicity in a year for a client General Editor of a corporate newsletter that was read by more than 3,000 employees","tokens":["Managed","up","to","five","clients","simultaneously,","including","International","companies","such","as:","McDonald´s","and","Nissan","Wrote","fact","sheets,","press","releases,","talking","points,","letters,","speeches","and","articles","Coordinated,","managed","and","organized","events,","such","as","press","conferences,","exhibitions,","meetings,","launches","and","promotions","Performed","media","monitoring,","analysis","and","ROI","reports","for","clients","and","their","competitors","Coordinated","media","tours","Trained","up","to","three","employees","Supported","strategies","and","other","corrective","actions","employed","to","solve","problems","and","issues","as","part","of","the","crisis","management","process","Produced","over","15","public","relations","pieces","per","month,","getting","90%","of","them","published","in","at","least","two","media","outlets","Got","more","than","$1M","ROI","publicity","in","a","year","for","a","client","General","Editor","of","a","corporate","newsletter","that","was","read","by","more","than","3,000","employees"],"metadata":[]}]],"labelerInfo":{"id":6814,"email":"cwilhel8@jh.edu","displayName":"Chris Wilhelm"},"labelSets":[{"name":"Resume Labels","index":0,"labelItems":[{"id":"Kj5U6n9NUqTXuWcB3c_7L","labelName":"College"},{"id":"rj7TW0-ymuRo6f_asXJab","labelName":"Company Name"},{"id":"SJEkdao76hjwbb6Fh5SY6","labelName":"Job Title"},{"id":"BjO8MdvK2KI4E5iMEeY4B","labelName":"Graduation Year"},{"id":"eS2knCRgLegeRw8bcmSWA","labelName":"Skill"},{"id":"IeEoIKabMl51BJE0gX2YL","labelName":"Degree"},{"id":"1R0C50AAwFbEp2O0WmRv6","labelName":"Location"},{"id":"zQcc4ygexJ_A3Gb0NeRTk","labelName":"Years of Experience"},{"id":"52S_6moRfhjC-yXgIBeCp","labelName":"Date"},{"id":"KiLarWmwlU1E3-FfdG6Qg","labelName":"Project"},{"id":"dyxKKTAxW1z5ifjPj42BI","labelName":"Name"}]}],"spanLabels":[{"id":"1663398379","labeledBy":"AUTO","labeledByUserId":null,"acceptedByUserId":null,"rejectedByUserId":null,"layer":0,"counter":0,"status":"LABELED","hashCode":"SPAN:SJEkdao76hjwbb6Fh5SY6:0:0:0:0:0:0:0:4:6:0:undefined:undefined","labelName":"SJEkdao76hjwbb6Fh5SY6","labelItem":{"id":"SJEkdao76hjwbb6Fh5SY6","labelName":"Job Title"},"textPosition":{"start":{"row":0,"column":0,"tokenIndex":0,"charIndex":0},"end":{"row":0,"column":0,"tokenIndex":4,"charIndex":6}},"confidenceScore":null},{"id":"1663398382","labeledBy":"AUTO","labeledByUserId":null,"acceptedByUserId":null,"rejectedByUserId":null,"layer":0,"counter":0,"status":"LABELED","hashCode":"SPAN:eS2knCRgLegeRw8bcmSWA:0:0:0:7:0:0:0:8:8:0:undefined:undefined","labelName":"eS2knCRgLegeRw8bcmSWA","labelItem":{"id":"eS2knCRgLegeRw8bcmSWA","labelName":"Skill"},"textPosition":{"start":{"row":0,"column":0,"tokenIndex":7,"charIndex":0},"end":{"row":0,"column":0,"tokenIndex":8,"charIndex":8}},"confidenceScore":null},{"id":"1663398385","labeledBy":"AUTO","labeledByUserId":null,"acceptedByUserId":null,"rejectedByUserId":null,"layer":0,"counter":0,"status":"LABELED","hashCode":"SPAN:eS2knCRgLegeRw8bcmSWA:0:0:0:9:0:0:0:9:6:0:undefined:undefined","labelName":"eS2knCRgLegeRw8bcmSWA","labelItem":{"id":"eS2knCRgLegeRw8bcmSWA","labelName":"Skill"},"textPosition":{"start":{"row":0,"column":0,"tokenIndex":9,"charIndex":0},"end":{"row":0,"column":0,"tokenIndex":9,"charIndex":6}},"confidenceScore":null},{"id":"1663398388","labeledBy":"AUTO","labeledByUserId":null,"acceptedByUserId":null,"rejectedByUserId":null,"layer":0,"counter":0,"status":"LABELED","hashCode":"SPAN:eS2knCRgLegeRw8bcmSWA:0:0:0:11:0:0:0:11:7:0:undefined:undefined","labelName":"eS2knCRgLegeRw8bcmSWA","labelItem":{"id":"eS2knCRgLegeRw8bcmSWA","labelName":"Skill"},"textPosition":{"start":{"row":0,"column":0,"tokenIndex":11,"charIndex":0},"end":{"row":0,"column":0,"tokenIndex":11,"charIndex":7}},"confidenceScore":null},{"id":"1663398391","labeledBy":"AUTO","labeledByUserId":null,"acceptedByUserId":null,"rejectedByUserId":null,"layer":0,"counter":0,"status":"LABELED","hashCode":"SPAN:eS2knCRgLegeRw8bcmSWA:0:0:0:13:0:0:0:13:8:0:undefined:undefined","labelName":"eS2knCRgLegeRw8bcmSWA","labelItem":{"id":"eS2knCRgLegeRw8bcmSWA","labelName":"Skill"},"textPosition":{"start":{"row":0,"column":0,"tokenIndex":13,"charIndex":0},"end":{"row":0,"column":0,"tokenIndex":13,"charIndex":8}},"confidenceScore":null},{"id":"1663398394","labeledBy":"AUTO","labeledByUserId":null,"acceptedByUserId":null,"rejectedByUserId":null,"layer":0,"counter":0,"status":"LABELED","hashCode":"SPAN:eS2knCRgLegeRw8bcmSWA:0:0:0:15:0:0:0:15:6:0:undefined:undefined","labelName":"eS2knCRgLegeRw8bcmSWA","labelItem":{"id":"eS2knCRgLegeRw8bcmSWA","labelName":"Skill"},"textPosition":{"start":{"row":0,"column":0,"tokenIndex":15,"charIndex":0},"end":{"row":0,"column":0,"tokenIndex":15,"charIndex":6}},"confidenceScore":null},{"id":"1663398397","labeledBy":"AUTO","labeledByUserId":null,"acceptedByUserId":null,"rejectedByUserId":null,"layer":0,"counter":0,"status":"LABELED","hashCode":"SPAN:eS2knCRgLegeRw8bcmSWA:0:0:0:16:0:0:0:16:9:0:undefined:undefined","labelName":"eS2knCRgLegeRw8bcmSWA","labelItem":{"id":"eS2knCRgLegeRw8bcmSWA","labelName":"Skill"},"textPosition":{"start":{"row":0,"column":0,"tokenIndex":16,"charIndex":0},"end":{"row":0,"column":0,"tokenIndex":16,"charIndex":9}},"confidenceScore":null},{"id":"1663398400","labeledBy":"AUTO","labeledByUserId":null,"acceptedByUserId":null,"rejectedByUserId":null,"layer":0,"counter":0,"status":"LABELED","hashCode":"SPAN:eS2knCRgLegeRw8bcmSWA:0:0:0:17:0:0:0:18:7:0:undefined:undefined","labelName":"eS2knCRgLegeRw8bcmSWA","labelItem":{"id":"eS2knCRgLegeRw8bcmSWA","labelName":"Skill"},"textPosition":{"start":{"row":0,"column":0,"tokenIndex":17,"charIndex":0},"end":{"row":0,"column":0,"tokenIndex":18,"charIndex":7}},"confidenceScore":null},{"id":"1663398403","labeledBy":"AUTO","labeledByUserId":null,"acceptedByUserId":null,"rejectedByUserId":null,"layer":0,"counter":0,"status":"LABELED","hashCode":"SPAN:eS2knCRgLegeRw8bcmSWA:0:0:0:20:0:0:0:20:7:0:undefined:undefined","labelName":"eS2knCRgLegeRw8bcmSWA","labelItem":{"id":"eS2knCRgLegeRw8bcmSWA","labelName":"Skill"},"textPosition":{"start":{"row":0,"column":0,"tokenIndex":20,"charIndex":0},"end":{"row":0,"column":0,"tokenIndex":20,"charIndex":7}},"confidenceScore":null},{"id":"1663398406","labeledBy":"AUTO","labeledByUserId":null,"acceptedByUserId":null,"rejectedByUserId":null,"layer":0,"counter":0,"status":"LABELED","hashCode":"SPAN:eS2knCRgLegeRw8bcmSWA:0:0:0:21:0:0:0:22:11:0:undefined:undefined","labelName":"eS2knCRgLegeRw8bcmSWA","labelItem":{"id":"eS2knCRgLegeRw8bcmSWA","labelName":"Skill"},"textPosition":{"start":{"row":0,"column":0,"tokenIndex":21,"charIndex":0},"end":{"row":0,"column":0,"tokenIndex":22,"charIndex":11}},"confidenceScore":null},{"id":"1663398409","labeledBy":"AUTO","labeledByUserId":null,"acceptedByUserId":null,"rejectedByUserId":null,"layer":0,"counter":0,"status":"LABELED","hashCode":"SPAN:eS2knCRgLegeRw8bcmSWA:0:0:0:27:0:0:0:27:12:0:undefined:undefined","labelName":"eS2knCRgLegeRw8bcmSWA","labelItem":{"id":"eS2knCRgLegeRw8bcmSWA","labelName":"Skill"},"textPosition":{"start":{"row":0,"column":0,"tokenIndex":27,"charIndex":0},"end":{"row":0,"column":0,"tokenIndex":27,"charIndex":12}},"confidenceScore":null},{"id":"1663398412","labeledBy":"AUTO","labeledByUserId":null,"acceptedByUserId":null,"rejectedByUserId":null,"layer":0,"counter":0,"status":"LABELED","hashCode":"SPAN:eS2knCRgLegeRw8bcmSWA:0:1:0:1:0:1:0:1:7:0:undefined:undefined","labelName":"eS2knCRgLegeRw8bcmSWA","labelItem":{"id":"eS2knCRgLegeRw8bcmSWA","labelName":"Skill"},"textPosition":{"start":{"row":1,"column":0,"tokenIndex":1,"charIndex":0},"end":{"row":1,"column":0,"tokenIndex":1,"charIndex":7}},"confidenceScore":null},{"id":"1663398415","labeledBy":"AUTO","labeledByUserId":null,"acceptedByUserId":null,"rejectedByUserId":null,"layer":0,"counter":0,"status":"LABELED","hashCode":"SPAN:eS2knCRgLegeRw8bcmSWA:0:1:0:10:0:1:0:11:10:0:undefined:undefined","labelName":"eS2knCRgLegeRw8bcmSWA","labelItem":{"id":"eS2knCRgLegeRw8bcmSWA","labelName":"Skill"},"textPosition":{"start":{"row":1,"column":0,"tokenIndex":10,"charIndex":0},"end":{"row":1,"column":0,"tokenIndex":11,"charIndex":10}},"confidenceScore":null},{"id":"1663398418","labeledBy":"AUTO","labeledByUserId":null,"acceptedByUserId":null,"rejectedByUserId":null,"layer":0,"counter":0,"status":"LABELED","hashCode":"SPAN:eS2knCRgLegeRw8bcmSWA:0:2:0:2:0:2:0:3:13:0:undefined:undefined","labelName":"eS2knCRgLegeRw8bcmSWA","labelItem":{"id":"eS2knCRgLegeRw8bcmSWA","labelName":"Skill"},"textPosition":{"start":{"row":2,"column":0,"tokenIndex":2,"charIndex":0},"end":{"row":2,"column":0,"tokenIndex":3,"charIndex":13}},"confidenceScore":null},{"id":"1663398421","labeledBy":"AUTO","labeledByUserId":null,"acceptedByUserId":null,"rejectedByUserId":null,"layer":0,"counter":0,"status":"LABELED","hashCode":"SPAN:eS2knCRgLegeRw8bcmSWA:0:2:0:4:0:2:0:5:6:0:undefined:undefined","labelName":"eS2knCRgLegeRw8bcmSWA","labelItem":{"id":"eS2knCRgLegeRw8bcmSWA","labelName":"Skill"},"textPosition":{"start":{"row":2,"column":0,"tokenIndex":4,"charIndex":0},"end":{"row":2,"column":0,"tokenIndex":5,"charIndex":6}},"confidenceScore":null},{"id":"1663398424","labeledBy":"AUTO","labeledByUserId":null,"acceptedByUserId":null,"rejectedByUserId":null,"layer":0,"counter":0,"status":"LABELED","hashCode":"SPAN:eS2knCRgLegeRw8bcmSWA:0:2:0:7:0:2:0:7:8:0:undefined:undefined","labelName":"eS2knCRgLegeRw8bcmSWA","labelItem":{"id":"eS2knCRgLegeRw8bcmSWA","labelName":"Skill"},"textPosition":{"start":{"row":2,"column":0,"tokenIndex":7,"charIndex":0},"end":{"row":2,"column":0,"tokenIndex":7,"charIndex":8}},"confidenceScore":null},{"id":"1663398430","labeledBy":"AUTO","labeledByUserId":null,"acceptedByUserId":null,"rejectedByUserId":null,"layer":0,"counter":0,"status":"LABELED","hashCode":"SPAN:eS2knCRgLegeRw8bcmSWA:0:3:0:1:0:3:0:1:7:0:undefined:undefined","labelName":"eS2knCRgLegeRw8bcmSWA","labelItem":{"id":"eS2knCRgLegeRw8bcmSWA","labelName":"Skill"},"textPosition":{"start":{"row":3,"column":0,"tokenIndex":1,"charIndex":0},"end":{"row":3,"column":0,"tokenIndex":1,"charIndex":7}},"confidenceScore":null},{"id":"1663398428","labeledBy":"AUTO","labeledByUserId":null,"acceptedByUserId":null,"rejectedByUserId":null,"layer":0,"counter":0,"status":"LABELED","hashCode":"SPAN:eS2knCRgLegeRw8bcmSWA:0:3:0:2:0:3:0:2:6:0:undefined:undefined","labelName":"eS2knCRgLegeRw8bcmSWA","labelItem":{"id":"eS2knCRgLegeRw8bcmSWA","labelName":"Skill"},"textPosition":{"start":{"row":3,"column":0,"tokenIndex":2,"charIndex":0},"end":{"row":3,"column":0,"tokenIndex":2,"charIndex":6}},"confidenceScore":null},{"id":"1663398433","labeledBy":"AUTO","labeledByUserId":null,"acceptedByUserId":null,"rejectedByUserId":null,"layer":0,"counter":0,"status":"LABELED","hashCode":"SPAN:eS2knCRgLegeRw8bcmSWA:0:3:0:4:0:3:0:4:12:0:undefined:undefined","labelName":"eS2knCRgLegeRw8bcmSWA","labelItem":{"id":"eS2knCRgLegeRw8bcmSWA","labelName":"Skill"},"textPosition":{"start":{"row":3,"column":0,"tokenIndex":4,"charIndex":0},"end":{"row":3,"column":0,"tokenIndex":4,"charIndex":12}},"confidenceScore":null},{"id":"1663398436","labeledBy":"AUTO","labeledByUserId":null,"acceptedByUserId":null,"rejectedByUserId":null,"layer":0,"counter":0,"status":"LABELED","hashCode":"SPAN:eS2knCRgLegeRw8bcmSWA:0:4:0:0:0:4:0:0:15:0:undefined:undefined","labelName":"eS2knCRgLegeRw8bcmSWA","labelItem":{"id":"eS2knCRgLegeRw8bcmSWA","labelName":"Skill"},"textPosition":{"start":{"row":4,"column":0,"tokenIndex":0,"charIndex":0},"end":{"row":4,"column":0,"tokenIndex":0,"charIndex":15}},"confidenceScore":null},{"id":"1663398439","labeledBy":"AUTO","labeledByUserId":null,"acceptedByUserId":null,"rejectedByUserId":null,"layer":0,"counter":0,"status":"LABELED","hashCode":"SPAN:eS2knCRgLegeRw8bcmSWA:0:4:0:1:0:4:0:1:8:0:undefined:undefined","labelName":"eS2knCRgLegeRw8bcmSWA","labelItem":{"id":"eS2knCRgLegeRw8bcmSWA","labelName":"Skill"},"textPosition":{"start":{"row":4,"column":0,"tokenIndex":1,"charIndex":0},"end":{"row":4,"column":0,"tokenIndex":1,"charIndex":8}},"confidenceScore":null},{"id":"1663398442","labeledBy":"AUTO","labeledByUserId":null,"acceptedByUserId":null,"rejectedByUserId":null,"layer":0,"counter":0,"status":"LABELED","hashCode":"SPAN:eS2knCRgLegeRw8bcmSWA:0:4:0:7:0:4:0:8:12:0:undefined:undefined","labelName":"eS2knCRgLegeRw8bcmSWA","labelItem":{"id":"eS2knCRgLegeRw8bcmSWA","labelName":"Skill"},"textPosition":{"start":{"row":4,"column":0,"tokenIndex":7,"charIndex":0},"end":{"row":4,"column":0,"tokenIndex":8,"charIndex":12}},"confidenceScore":null},{"id":"1663398445","labeledBy":"AUTO","labeledByUserId":null,"acceptedByUserId":null,"rejectedByUserId":null,"layer":0,"counter":0,"status":"LABELED","hashCode":"SPAN:eS2knCRgLegeRw8bcmSWA:0:5:0:1:0:5:0:2:6:0:undefined:undefined","labelName":"eS2knCRgLegeRw8bcmSWA","labelItem":{"id":"eS2knCRgLegeRw8bcmSWA","labelName":"Skill"},"textPosition":{"start":{"row":5,"column":0,"tokenIndex":1,"charIndex":0},"end":{"row":5,"column":0,"tokenIndex":2,"charIndex":6}},"confidenceScore":null},{"id":"1663398448","labeledBy":"AUTO","labeledByUserId":null,"acceptedByUserId":null,"rejectedByUserId":null,"layer":0,"counter":0,"status":"LABELED","hashCode":"SPAN:eS2knCRgLegeRw8bcmSWA:0:5:0:3:0:5:0:4:8:0:undefined:undefined","labelName":"eS2knCRgLegeRw8bcmSWA","labelItem":{"id":"eS2knCRgLegeRw8bcmSWA","labelName":"Skill"},"textPosition":{"start":{"row":5,"column":0,"tokenIndex":3,"charIndex":0},"end":{"row":5,"column":0,"tokenIndex":4,"charIndex":8}},"confidenceScore":null},{"id":"1663398452","labeledBy":"AUTO","labeledByUserId":null,"acceptedByUserId":null,"rejectedByUserId":null,"layer":0,"counter":0,"status":"LABELED","hashCode":"SPAN:eS2knCRgLegeRw8bcmSWA:0:5:0:5:0:5:0:6:9:0:undefined:undefined","labelName":"eS2knCRgLegeRw8bcmSWA","labelItem":{"id":"eS2knCRgLegeRw8bcmSWA","labelName":"Skill"},"textPosition":{"start":{"row":5,"column":0,"tokenIndex":5,"charIndex":0},"end":{"row":5,"column":0,"tokenIndex":6,"charIndex":9}},"confidenceScore":null},{"id":"1663398454","labeledBy":"AUTO","labeledByUserId":null,"acceptedByUserId":null,"rejectedByUserId":null,"layer":0,"counter":0,"status":"LABELED","hashCode":"SPAN:eS2knCRgLegeRw8bcmSWA:0:5:0:7:0:5:0:8:7:0:undefined:undefined","labelName":"eS2knCRgLegeRw8bcmSWA","labelItem":{"id":"eS2knCRgLegeRw8bcmSWA","labelName":"Skill"},"textPosition":{"start":{"row":5,"column":0,"tokenIndex":7,"charIndex":0},"end":{"row":5,"column":0,"tokenIndex":8,"charIndex":7}},"confidenceScore":null},{"id":"1663398457","labeledBy":"AUTO","labeledByUserId":null,"acceptedByUserId":null,"rejectedByUserId":null,"layer":0,"counter":0,"status":"LABELED","hashCode":"SPAN:eS2knCRgLegeRw8bcmSWA:0:5:0:10:0:5:0:11:3:0:undefined:undefined","labelName":"eS2knCRgLegeRw8bcmSWA","labelItem":{"id":"eS2knCRgLegeRw8bcmSWA","labelName":"Skill"},"textPosition":{"start":{"row":5,"column":0,"tokenIndex":10,"charIndex":0},"end":{"row":5,"column":0,"tokenIndex":11,"charIndex":3}},"confidenceScore":null},{"id":"1663398460","labeledBy":"AUTO","labeledByUserId":null,"acceptedByUserId":null,"rejectedByUserId":null,"layer":0,"counter":0,"status":"LABELED","hashCode":"SPAN:eS2knCRgLegeRw8bcmSWA:0:5:0:12:0:5:0:13:9:0:undefined:undefined","labelName":"eS2knCRgLegeRw8bcmSWA","labelItem":{"id":"eS2knCRgLegeRw8bcmSWA","labelName":"Skill"},"textPosition":{"start":{"row":5,"column":0,"tokenIndex":12,"charIndex":0},"end":{"row":5,"column":0,"tokenIndex":13,"charIndex":9}},"confidenceScore":null},{"id":"1663398463","labeledBy":"AUTO","labeledByUserId":null,"acceptedByUserId":null,"rejectedByUserId":null,"layer":0,"counter":0,"status":"LABELED","hashCode":"SPAN:eS2knCRgLegeRw8bcmSWA:0:5:0:14:0:5:0:14:8:0:undefined:undefined","labelName":"eS2knCRgLegeRw8bcmSWA","labelItem":{"id":"eS2knCRgLegeRw8bcmSWA","labelName":"Skill"},"textPosition":{"start":{"row":5,"column":0,"tokenIndex":14,"charIndex":0},"end":{"row":5,"column":0,"tokenIndex":14,"charIndex":8}},"confidenceScore":null},{"id":"1663398466","labeledBy":"AUTO","labeledByUserId":null,"acceptedByUserId":null,"rejectedByUserId":null,"layer":0,"counter":0,"status":"LABELED","hashCode":"SPAN:eS2knCRgLegeRw8bcmSWA:0:5:0:17:0:5:0:18:8:0:undefined:undefined","labelName":"eS2knCRgLegeRw8bcmSWA","labelItem":{"id":"eS2knCRgLegeRw8bcmSWA","labelName":"Skill"},"textPosition":{"start":{"row":5,"column":0,"tokenIndex":17,"charIndex":0},"end":{"row":5,"column":0,"tokenIndex":18,"charIndex":8}},"confidenceScore":null},{"id":"1663398469","labeledBy":"AUTO","labeledByUserId":null,"acceptedByUserId":null,"rejectedByUserId":null,"layer":0,"counter":0,"status":"LABELED","hashCode":"SPAN:eS2knCRgLegeRw8bcmSWA:0:5:0:19:0:5:0:20:10:0:undefined:undefined","labelName":"eS2knCRgLegeRw8bcmSWA","labelItem":{"id":"eS2knCRgLegeRw8bcmSWA","labelName":"Skill"},"textPosition":{"start":{"row":5,"column":0,"tokenIndex":19,"charIndex":0},"end":{"row":5,"column":0,"tokenIndex":20,"charIndex":10}},"confidenceScore":null},{"id":"1663398472","labeledBy":"AUTO","labeledByUserId":null,"acceptedByUserId":null,"rejectedByUserId":null,"layer":0,"counter":0,"status":"LABELED","hashCode":"SPAN:eS2knCRgLegeRw8bcmSWA:0:5:0:21:0:5:0:22:8:0:undefined:undefined","labelName":"eS2knCRgLegeRw8bcmSWA","labelItem":{"id":"eS2knCRgLegeRw8bcmSWA","labelName":"Skill"},"textPosition":{"start":{"row":5,"column":0,"tokenIndex":21,"charIndex":0},"end":{"row":5,"column":0,"tokenIndex":22,"charIndex":8}},"confidenceScore":null},{"id":"1663398475","labeledBy":"AUTO","labeledByUserId":null,"acceptedByUserId":null,"rejectedByUserId":null,"layer":0,"counter":0,"status":"LABELED","hashCode":"SPAN:eS2knCRgLegeRw8bcmSWA:0:5:0:23:0:5:0:25:11:0:undefined:undefined","labelName":"eS2knCRgLegeRw8bcmSWA","labelItem":{"id":"eS2knCRgLegeRw8bcmSWA","labelName":"Skill"},"textPosition":{"start":{"row":5,"column":0,"tokenIndex":23,"charIndex":0},"end":{"row":5,"column":0,"tokenIndex":25,"charIndex":11}},"confidenceScore":null},{"id":"1663398478","labeledBy":"AUTO","labeledByUserId":null,"acceptedByUserId":null,"rejectedByUserId":null,"layer":0,"counter":0,"status":"LABELED","hashCode":"SPAN:eS2knCRgLegeRw8bcmSWA:0:5:0:26:0:5:0:27:6:0:undefined:undefined","labelName":"eS2knCRgLegeRw8bcmSWA","labelItem":{"id":"eS2knCRgLegeRw8bcmSWA","labelName":"Skill"},"textPosition":{"start":{"row":5,"column":0,"tokenIndex":26,"charIndex":0},"end":{"row":5,"column":0,"tokenIndex":27,"charIndex":6}},"confidenceScore":null},{"id":"1663398481","labeledBy":"AUTO","labeledByUserId":null,"acceptedByUserId":null,"rejectedByUserId":null,"layer":0,"counter":0,"status":"LABELED","hashCode":"SPAN:eS2knCRgLegeRw8bcmSWA:0:5:0:28:0:5:0:30:7:0:undefined:undefined","labelName":"eS2knCRgLegeRw8bcmSWA","labelItem":{"id":"eS2knCRgLegeRw8bcmSWA","labelName":"Skill"},"textPosition":{"start":{"row":5,"column":0,"tokenIndex":28,"charIndex":0},"end":{"row":5,"column":0,"tokenIndex":30,"charIndex":7}},"confidenceScore":null},{"id":"1663398484","labeledBy":"AUTO","labeledByUserId":null,"acceptedByUserId":null,"rejectedByUserId":null,"layer":0,"counter":0,"status":"LABELED","hashCode":"SPAN:SJEkdao76hjwbb6Fh5SY6:0:5:0:33:0:5:0:37:6:0:undefined:undefined","labelName":"SJEkdao76hjwbb6Fh5SY6","labelItem":{"id":"SJEkdao76hjwbb6Fh5SY6","labelName":"Job Title"},"textPosition":{"start":{"row":5,"column":0,"tokenIndex":33,"charIndex":0},"end":{"row":5,"column":0,"tokenIndex":37,"charIndex":6}},"confidenceScore":null},{"id":"1663398487","labeledBy":"AUTO","labeledByUserId":null,"acceptedByUserId":null,"rejectedByUserId":null,"layer":0,"counter":0,"status":"LABELED","hashCode":"SPAN:52S_6moRfhjC-yXgIBeCp:0:5:0:39:0:5:0:39:6:0:undefined:undefined","labelName":"52S_6moRfhjC-yXgIBeCp","labelItem":{"id":"52S_6moRfhjC-yXgIBeCp","labelName":"Date"},"textPosition":{"start":{"row":5,"column":0,"tokenIndex":39,"charIndex":0},"end":{"row":5,"column":0,"tokenIndex":39,"charIndex":6}},"confidenceScore":null},{"id":"1663398490","labeledBy":"AUTO","labeledByUserId":null,"acceptedByUserId":null,"rejectedByUserId":null,"layer":0,"counter":0,"status":"LABELED","hashCode":"SPAN:52S_6moRfhjC-yXgIBeCp:0:5:0:41:0:5:0:41:6:0:undefined:undefined","labelName":"52S_6moRfhjC-yXgIBeCp","labelItem":{"id":"52S_6moRfhjC-yXgIBeCp","labelName":"Date"},"textPosition":{"start":{"row":5,"column":0,"tokenIndex":41,"charIndex":0},"end":{"row":5,"column":0,"tokenIndex":41,"charIndex":6}},"confidenceScore":null},{"id":"1663398493","labeledBy":"AUTO","labeledByUserId":null,"acceptedByUserId":null,"rejectedByUserId":null,"layer":0,"counter":0,"status":"LABELED","hashCode":"SPAN:rj7TW0-ymuRo6f_asXJab:0:5:0:42:0:5:0:43:3:0:undefined:undefined","labelName":"rj7TW0-ymuRo6f_asXJab","labelItem":{"id":"rj7TW0-ymuRo6f_asXJab","labelName":"Company Name"},"textPosition":{"start":{"row":5,"column":0,"tokenIndex":42,"charIndex":0},"end":{"row":5,"column":0,"tokenIndex":43,"charIndex":3}},"confidenceScore":null},{"id":"1663398496","labeledBy":"AUTO","labeledByUserId":null,"acceptedByUserId":null,"rejectedByUserId":null,"layer":0,"counter":0,"status":"LABELED","hashCode":"SPAN:1R0C50AAwFbEp2O0WmRv6:0:5:0:45:0:5:0:45:3:0:undefined:undefined","labelName":"1R0C50AAwFbEp2O0WmRv6","labelItem":{"id":"1R0C50AAwFbEp2O0WmRv6","labelName":"Location"},"textPosition":{"start":{"row":5,"column":0,"tokenIndex":45,"charIndex":0},"end":{"row":5,"column":0,"tokenIndex":45,"charIndex":3}},"confidenceScore":null},{"id":"1663398499","labeledBy":"AUTO","labeledByUserId":null,"acceptedByUserId":null,"rejectedByUserId":null,"layer":0,"counter":0,"status":"LABELED","hashCode":"SPAN:1R0C50AAwFbEp2O0WmRv6:0:5:0:47:0:5:0:47:4:0:undefined:undefined","labelName":"1R0C50AAwFbEp2O0WmRv6","labelItem":{"id":"1R0C50AAwFbEp2O0WmRv6","labelName":"Location"},"textPosition":{"start":{"row":5,"column":0,"tokenIndex":47,"charIndex":0},"end":{"row":5,"column":0,"tokenIndex":47,"charIndex":4}},"confidenceScore":null},{"id":"1663398502","labeledBy":"AUTO","labeledByUserId":null,"acceptedByUserId":null,"rejectedByUserId":null,"layer":0,"counter":0,"status":"LABELED","hashCode":"SPAN:eS2knCRgLegeRw8bcmSWA:0:6:0:0:0:6:0:0:3:0:undefined:undefined","labelName":"eS2knCRgLegeRw8bcmSWA","labelItem":{"id":"eS2knCRgLegeRw8bcmSWA","labelName":"Skill"},"textPosition":{"start":{"row":6,"column":0,"tokenIndex":0,"charIndex":0},"end":{"row":6,"column":0,"tokenIndex":0,"charIndex":3}},"confidenceScore":null},{"id":"1663398505","labeledBy":"AUTO","labeledByUserId":null,"acceptedByUserId":null,"rejectedByUserId":null,"layer":0,"counter":0,"status":"LABELED","hashCode":"SPAN:eS2knCRgLegeRw8bcmSWA:0:6:0:2:0:6:0:2:11:0:undefined:undefined","labelName":"eS2knCRgLegeRw8bcmSWA","labelItem":{"id":"eS2knCRgLegeRw8bcmSWA","labelName":"Skill"},"textPosition":{"start":{"row":6,"column":0,"tokenIndex":2,"charIndex":0},"end":{"row":6,"column":0,"tokenIndex":2,"charIndex":11}},"confidenceScore":null},{"id":"1663398508","labeledBy":"AUTO","labeledByUserId":null,"acceptedByUserId":null,"rejectedByUserId":null,"layer":0,"counter":0,"status":"LABELED","hashCode":"SPAN:eS2knCRgLegeRw8bcmSWA:0:6:0:8:0:6:0:9:7:0:undefined:undefined","labelName":"eS2knCRgLegeRw8bcmSWA","labelItem":{"id":"eS2knCRgLegeRw8bcmSWA","labelName":"Skill"},"textPosition":{"start":{"row":6,"column":0,"tokenIndex":8,"charIndex":0},"end":{"row":6,"column":0,"tokenIndex":9,"charIndex":7}},"confidenceScore":null},{"id":"1663398511","labeledBy":"AUTO","labeledByUserId":null,"acceptedByUserId":null,"rejectedByUserId":null,"layer":0,"counter":0,"status":"LABELED","hashCode":"SPAN:eS2knCRgLegeRw8bcmSWA:0:6:0:23:0:6:0:24:8:0:undefined:undefined","labelName":"eS2knCRgLegeRw8bcmSWA","labelItem":{"id":"eS2knCRgLegeRw8bcmSWA","labelName":"Skill"},"textPosition":{"start":{"row":6,"column":0,"tokenIndex":23,"charIndex":0},"end":{"row":6,"column":0,"tokenIndex":24,"charIndex":8}},"confidenceScore":null},{"id":"1663398514","labeledBy":"AUTO","labeledByUserId":null,"acceptedByUserId":null,"rejectedByUserId":null,"layer":0,"counter":0,"status":"LABELED","hashCode":"SPAN:eS2knCRgLegeRw8bcmSWA:0:6:0:27:0:6:0:27:13:0:undefined:undefined","labelName":"eS2knCRgLegeRw8bcmSWA","labelItem":{"id":"eS2knCRgLegeRw8bcmSWA","labelName":"Skill"},"textPosition":{"start":{"row":6,"column":0,"tokenIndex":27,"charIndex":0},"end":{"row":6,"column":0,"tokenIndex":27,"charIndex":13}},"confidenceScore":null},{"id":"1663398517","labeledBy":"AUTO","labeledByUserId":null,"acceptedByUserId":null,"rejectedByUserId":null,"layer":0,"counter":0,"status":"LABELED","hashCode":"SPAN:eS2knCRgLegeRw8bcmSWA:0:6:0:29:0:6:0:30:8:0:undefined:undefined","labelName":"eS2knCRgLegeRw8bcmSWA","labelItem":{"id":"eS2knCRgLegeRw8bcmSWA","labelName":"Skill"},"textPosition":{"start":{"row":6,"column":0,"tokenIndex":29,"charIndex":0},"end":{"row":6,"column":0,"tokenIndex":30,"charIndex":8}},"confidenceScore":null},{"id":"1663398520","labeledBy":"AUTO","labeledByUserId":null,"acceptedByUserId":null,"rejectedByUserId":null,"layer":0,"counter":0,"status":"LABELED","hashCode":"SPAN:eS2knCRgLegeRw8bcmSWA:0:6:0:31:0:6:0:32:5:0:undefined:undefined","labelName":"eS2knCRgLegeRw8bcmSWA","labelItem":{"id":"eS2knCRgLegeRw8bcmSWA","labelName":"Skill"},"textPosition":{"start":{"row":6,"column":0,"tokenIndex":31,"charIndex":0},"end":{"row":6,"column":0,"tokenIndex":32,"charIndex":5}},"confidenceScore":null},{"id":"1663398523","labeledBy":"AUTO","labeledByUserId":null,"acceptedByUserId":null,"rejectedByUserId":null,"layer":0,"counter":0,"status":"LABELED","hashCode":"SPAN:eS2knCRgLegeRw8bcmSWA:0:6:0:33:0:6:0:34:10:0:undefined:undefined","labelName":"eS2knCRgLegeRw8bcmSWA","labelItem":{"id":"eS2knCRgLegeRw8bcmSWA","labelName":"Skill"},"textPosition":{"start":{"row":6,"column":0,"tokenIndex":33,"charIndex":0},"end":{"row":6,"column":0,"tokenIndex":34,"charIndex":10}},"confidenceScore":null},{"id":"1663398526","labeledBy":"AUTO","labeledByUserId":null,"acceptedByUserId":null,"rejectedByUserId":null,"layer":0,"counter":0,"status":"LABELED","hashCode":"SPAN:eS2knCRgLegeRw8bcmSWA:0:6:0:35:0:6:0:35:13:0:undefined:undefined","labelName":"eS2knCRgLegeRw8bcmSWA","labelItem":{"id":"eS2knCRgLegeRw8bcmSWA","labelName":"Skill"},"textPosition":{"start":{"row":6,"column":0,"tokenIndex":35,"charIndex":0},"end":{"row":6,"column":0,"tokenIndex":35,"charIndex":13}},"confidenceScore":null},{"id":"1663398529","labeledBy":"AUTO","labeledByUserId":null,"acceptedByUserId":null,"rejectedByUserId":null,"layer":0,"counter":0,"status":"LABELED","hashCode":"SPAN:eS2knCRgLegeRw8bcmSWA:0:6:0:36:0:6:0:37:7:0:undefined:undefined","labelName":"eS2knCRgLegeRw8bcmSWA","labelItem":{"id":"eS2knCRgLegeRw8bcmSWA","labelName":"Skill"},"textPosition":{"start":{"row":6,"column":0,"tokenIndex":36,"charIndex":0},"end":{"row":6,"column":0,"tokenIndex":37,"charIndex":7}},"confidenceScore":null},{"id":"1663398532","labeledBy":"AUTO","labeledByUserId":null,"acceptedByUserId":null,"rejectedByUserId":null,"layer":0,"counter":0,"status":"LABELED","hashCode":"SPAN:eS2knCRgLegeRw8bcmSWA:0:6:0:39:0:6:0:40:3:0:undefined:undefined","labelName":"eS2knCRgLegeRw8bcmSWA","labelItem":{"id":"eS2knCRgLegeRw8bcmSWA","labelName":"Skill"},"textPosition":{"start":{"row":6,"column":0,"tokenIndex":39,"charIndex":0},"end":{"row":6,"column":0,"tokenIndex":40,"charIndex":3}},"confidenceScore":null},{"id":"1663398535","labeledBy":"AUTO","labeledByUserId":null,"acceptedByUserId":null,"rejectedByUserId":null,"layer":0,"counter":0,"status":"LABELED","hashCode":"SPAN:eS2knCRgLegeRw8bcmSWA:0:6:0:76:0:6:0:78:4:0:undefined:undefined","labelName":"eS2knCRgLegeRw8bcmSWA","labelItem":{"id":"eS2knCRgLegeRw8bcmSWA","labelName":"Skill"},"textPosition":{"start":{"row":6,"column":0,"tokenIndex":76,"charIndex":0},"end":{"row":6,"column":0,"tokenIndex":78,"charIndex":4}},"confidenceScore":null},{"id":"1663398538","labeledBy":"AUTO","labeledByUserId":null,"acceptedByUserId":null,"rejectedByUserId":null,"layer":0,"counter":0,"status":"LABELED","hashCode":"SPAN:eS2knCRgLegeRw8bcmSWA:0:6:0:102:0:6:0:103:13:0:undefined:undefined","labelName":"eS2knCRgLegeRw8bcmSWA","labelItem":{"id":"eS2knCRgLegeRw8bcmSWA","labelName":"Skill"},"textPosition":{"start":{"row":6,"column":0,"tokenIndex":102,"charIndex":0},"end":{"row":6,"column":0,"tokenIndex":103,"charIndex":13}},"confidenceScore":null},{"id":"1663398541","labeledBy":"AUTO","labeledByUserId":null,"acceptedByUserId":null,"rejectedByUserId":null,"layer":0,"counter":0,"status":"LABELED","hashCode":"SPAN:eS2knCRgLegeRw8bcmSWA:0:6:0:117:0:6:0:119:4:0:undefined:undefined","labelName":"eS2knCRgLegeRw8bcmSWA","labelItem":{"id":"eS2knCRgLegeRw8bcmSWA","labelName":"Skill"},"textPosition":{"start":{"row":6,"column":0,"tokenIndex":117,"charIndex":0},"end":{"row":6,"column":0,"tokenIndex":119,"charIndex":4}},"confidenceScore":null},{"id":"1663398544","labeledBy":"AUTO","labeledByUserId":null,"acceptedByUserId":null,"rejectedByUserId":null,"layer":0,"counter":0,"status":"LABELED","hashCode":"SPAN:eS2knCRgLegeRw8bcmSWA:0:6:0:162:0:6:0:164:4:0:undefined:undefined","labelName":"eS2knCRgLegeRw8bcmSWA","labelItem":{"id":"eS2knCRgLegeRw8bcmSWA","labelName":"Skill"},"textPosition":{"start":{"row":6,"column":0,"tokenIndex":162,"charIndex":0},"end":{"row":6,"column":0,"tokenIndex":164,"charIndex":4}},"confidenceScore":null},{"id":"1663398547","labeledBy":"AUTO","labeledByUserId":null,"acceptedByUserId":null,"rejectedByUserId":null,"layer":0,"counter":0,"status":"LABELED","hashCode":"SPAN:eS2knCRgLegeRw8bcmSWA:0:6:0:244:0:6:0:245:13:0:undefined:undefined","labelName":"eS2knCRgLegeRw8bcmSWA","labelItem":{"id":"eS2knCRgLegeRw8bcmSWA","labelName":"Skill"},"textPosition":{"start":{"row":6,"column":0,"tokenIndex":244,"charIndex":0},"end":{"row":6,"column":0,"tokenIndex":245,"charIndex":13}},"confidenceScore":null},{"id":"1663398550","labeledBy":"AUTO","labeledByUserId":null,"acceptedByUserId":null,"rejectedByUserId":null,"layer":0,"counter":0,"status":"LABELED","hashCode":"SPAN:SJEkdao76hjwbb6Fh5SY6:0:6:0:280:0:6:0:282:10:0:undefined:undefined","labelName":"SJEkdao76hjwbb6Fh5SY6","labelItem":{"id":"SJEkdao76hjwbb6Fh5SY6","labelName":"Job Title"},"textPosition":{"start":{"row":6,"column":0,"tokenIndex":280,"charIndex":0},"end":{"row":6,"column":0,"tokenIndex":282,"charIndex":10}},"confidenceScore":null},{"id":"1663398553","labeledBy":"AUTO","labeledByUserId":null,"acceptedByUserId":null,"rejectedByUserId":null,"layer":0,"counter":0,"status":"LABELED","hashCode":"SPAN:52S_6moRfhjC-yXgIBeCp:0:6:0:284:0:6:0:284:6:0:undefined:undefined","labelName":"52S_6moRfhjC-yXgIBeCp","labelItem":{"id":"52S_6moRfhjC-yXgIBeCp","labelName":"Date"},"textPosition":{"start":{"row":6,"column":0,"tokenIndex":284,"charIndex":0},"end":{"row":6,"column":0,"tokenIndex":284,"charIndex":6}},"confidenceScore":null},{"id":"1663398556","labeledBy":"AUTO","labeledByUserId":null,"acceptedByUserId":null,"rejectedByUserId":null,"layer":0,"counter":0,"status":"LABELED","hashCode":"SPAN:52S_6moRfhjC-yXgIBeCp:0:6:0:286:0:6:0:286:6:0:undefined:undefined","labelName":"52S_6moRfhjC-yXgIBeCp","labelItem":{"id":"52S_6moRfhjC-yXgIBeCp","labelName":"Date"},"textPosition":{"start":{"row":6,"column":0,"tokenIndex":286,"charIndex":0},"end":{"row":6,"column":0,"tokenIndex":286,"charIndex":6}},"confidenceScore":null},{"id":"1663398559","labeledBy":"AUTO","labeledByUserId":null,"acceptedByUserId":null,"rejectedByUserId":null,"layer":0,"counter":0,"status":"LABELED","hashCode":"SPAN:Kj5U6n9NUqTXuWcB3c_7L:0:6:0:287:0:6:0:288:3:0:undefined:undefined","labelName":"Kj5U6n9NUqTXuWcB3c_7L","labelItem":{"id":"Kj5U6n9NUqTXuWcB3c_7L","labelName":"College"},"textPosition":{"start":{"row":6,"column":0,"tokenIndex":287,"charIndex":0},"end":{"row":6,"column":0,"tokenIndex":288,"charIndex":3}},"confidenceScore":null},{"id":"1663398562","labeledBy":"AUTO","labeledByUserId":null,"acceptedByUserId":null,"rejectedByUserId":null,"layer":0,"counter":0,"status":"LABELED","hashCode":"SPAN:1R0C50AAwFbEp2O0WmRv6:0:6:0:290:0:6:0:290:3:0:undefined:undefined","labelName":"1R0C50AAwFbEp2O0WmRv6","labelItem":{"id":"1R0C50AAwFbEp2O0WmRv6","labelName":"Location"},"textPosition":{"start":{"row":6,"column":0,"tokenIndex":290,"charIndex":0},"end":{"row":6,"column":0,"tokenIndex":290,"charIndex":3}},"confidenceScore":null},{"id":"1663398565","labeledBy":"AUTO","labeledByUserId":null,"acceptedByUserId":null,"rejectedByUserId":null,"layer":0,"counter":0,"status":"LABELED","hashCode":"SPAN:1R0C50AAwFbEp2O0WmRv6:0:6:0:292:0:6:0:292:4:0:undefined:undefined","labelName":"1R0C50AAwFbEp2O0WmRv6","labelItem":{"id":"1R0C50AAwFbEp2O0WmRv6","labelName":"Location"},"textPosition":{"start":{"row":6,"column":0,"tokenIndex":292,"charIndex":0},"end":{"row":6,"column":0,"tokenIndex":292,"charIndex":4}},"confidenceScore":null},{"id":"1663398568","labeledBy":"AUTO","labeledByUserId":null,"acceptedByUserId":null,"rejectedByUserId":null,"layer":0,"counter":0,"status":"LABELED","hashCode":"SPAN:eS2knCRgLegeRw8bcmSWA:0:7:0:7:0:7:0:8:7:0:undefined:undefined","labelName":"eS2knCRgLegeRw8bcmSWA","labelItem":{"id":"eS2knCRgLegeRw8bcmSWA","labelName":"Skill"},"textPosition":{"start":{"row":7,"column":0,"tokenIndex":7,"charIndex":0},"end":{"row":7,"column":0,"tokenIndex":8,"charIndex":7}},"confidenceScore":null},{"id":"1663398571","labeledBy":"AUTO","labeledByUserId":null,"acceptedByUserId":null,"rejectedByUserId":null,"layer":0,"counter":0,"status":"LABELED","hashCode":"SPAN:eS2knCRgLegeRw8bcmSWA:0:7:0:16:0:7:0:18:8:0:undefined:undefined","labelName":"eS2knCRgLegeRw8bcmSWA","labelItem":{"id":"eS2knCRgLegeRw8bcmSWA","labelName":"Skill"},"textPosition":{"start":{"row":7,"column":0,"tokenIndex":16,"charIndex":0},"end":{"row":7,"column":0,"tokenIndex":18,"charIndex":8}},"confidenceScore":null},{"id":"1663398574","labeledBy":"AUTO","labeledByUserId":null,"acceptedByUserId":null,"rejectedByUserId":null,"layer":0,"counter":0,"status":"LABELED","hashCode":"SPAN:eS2knCRgLegeRw8bcmSWA:0:7:0:26:0:7:0:29:7:0:undefined:undefined","labelName":"eS2knCRgLegeRw8bcmSWA","labelItem":{"id":"eS2knCRgLegeRw8bcmSWA","labelName":"Skill"},"textPosition":{"start":{"row":7,"column":0,"tokenIndex":26,"charIndex":0},"end":{"row":7,"column":0,"tokenIndex":29,"charIndex":7}},"confidenceScore":null},{"id":"1663398577","labeledBy":"AUTO","labeledByUserId":null,"acceptedByUserId":null,"rejectedByUserId":null,"layer":0,"counter":0,"status":"LABELED","hashCode":"SPAN:eS2knCRgLegeRw8bcmSWA:0:7:0:36:0:7:0:36:7:0:undefined:undefined","labelName":"eS2knCRgLegeRw8bcmSWA","labelItem":{"id":"eS2knCRgLegeRw8bcmSWA","labelName":"Skill"},"textPosition":{"start":{"row":7,"column":0,"tokenIndex":36,"charIndex":0},"end":{"row":7,"column":0,"tokenIndex":36,"charIndex":7}},"confidenceScore":null},{"id":"1663398580","labeledBy":"AUTO","labeledByUserId":null,"acceptedByUserId":null,"rejectedByUserId":null,"layer":0,"counter":0,"status":"LABELED","hashCode":"SPAN:SJEkdao76hjwbb6Fh5SY6:0:7:0:59:0:7:0:60:8:0:undefined:undefined","labelName":"SJEkdao76hjwbb6Fh5SY6","labelItem":{"id":"SJEkdao76hjwbb6Fh5SY6","labelName":"Job Title"},"textPosition":{"start":{"row":7,"column":0,"tokenIndex":59,"charIndex":0},"end":{"row":7,"column":0,"tokenIndex":60,"charIndex":8}},"confidenceScore":null},{"id":"1663398583","labeledBy":"AUTO","labeledByUserId":null,"acceptedByUserId":null,"rejectedByUserId":null,"layer":0,"counter":0,"status":"LABELED","hashCode":"SPAN:52S_6moRfhjC-yXgIBeCp:0:7:0:62:0:7:0:62:6:0:undefined:undefined","labelName":"52S_6moRfhjC-yXgIBeCp","labelItem":{"id":"52S_6moRfhjC-yXgIBeCp","labelName":"Date"},"textPosition":{"start":{"row":7,"column":0,"tokenIndex":62,"charIndex":0},"end":{"row":7,"column":0,"tokenIndex":62,"charIndex":6}},"confidenceScore":null},{"id":"1663398586","labeledBy":"AUTO","labeledByUserId":null,"acceptedByUserId":null,"rejectedByUserId":null,"layer":0,"counter":0,"status":"LABELED","hashCode":"SPAN:52S_6moRfhjC-yXgIBeCp:0:7:0:64:0:7:0:64:6:0:undefined:undefined","labelName":"52S_6moRfhjC-yXgIBeCp","labelItem":{"id":"52S_6moRfhjC-yXgIBeCp","labelName":"Date"},"textPosition":{"start":{"row":7,"column":0,"tokenIndex":64,"charIndex":0},"end":{"row":7,"column":0,"tokenIndex":64,"charIndex":6}},"confidenceScore":null},{"id":"1663398589","labeledBy":"AUTO","labeledByUserId":null,"acceptedByUserId":null,"rejectedByUserId":null,"layer":0,"counter":0,"status":"LABELED","hashCode":"SPAN:rj7TW0-ymuRo6f_asXJab:0:7:0:65:0:7:0:66:3:0:undefined:undefined","labelName":"rj7TW0-ymuRo6f_asXJab","labelItem":{"id":"rj7TW0-ymuRo6f_asXJab","labelName":"Company Name"},"textPosition":{"start":{"row":7,"column":0,"tokenIndex":65,"charIndex":0},"end":{"row":7,"column":0,"tokenIndex":66,"charIndex":3}},"confidenceScore":null},{"id":"1663398592","labeledBy":"AUTO","labeledByUserId":null,"acceptedByUserId":null,"rejectedByUserId":null,"layer":0,"counter":0,"status":"LABELED","hashCode":"SPAN:1R0C50AAwFbEp2O0WmRv6:0:7:0:68:0:7:0:68:3:0:undefined:undefined","labelName":"1R0C50AAwFbEp2O0WmRv6","labelItem":{"id":"1R0C50AAwFbEp2O0WmRv6","labelName":"Location"},"textPosition":{"start":{"row":7,"column":0,"tokenIndex":68,"charIndex":0},"end":{"row":7,"column":0,"tokenIndex":68,"charIndex":3}},"confidenceScore":null},{"id":"1663398595","labeledBy":"AUTO","labeledByUserId":null,"acceptedByUserId":null,"rejectedByUserId":null,"layer":0,"counter":0,"status":"LABELED","hashCode":"SPAN:1R0C50AAwFbEp2O0WmRv6:0:7:0:70:0:7:0:70:4:0:undefined:undefined","labelName":"1R0C50AAwFbEp2O0WmRv6","labelItem":{"id":"1R0C50AAwFbEp2O0WmRv6","labelName":"Location"},"textPosition":{"start":{"row":7,"column":0,"tokenIndex":70,"charIndex":0},"end":{"row":7,"column":0,"tokenIndex":70,"charIndex":4}},"confidenceScore":null},{"id":"1663398598","labeledBy":"AUTO","labeledByUserId":null,"acceptedByUserId":null,"rejectedByUserId":null,"layer":0,"counter":0,"status":"LABELED","hashCode":"SPAN:eS2knCRgLegeRw8bcmSWA:0:8:0:17:0:8:0:18:8:0:undefined:undefined","labelName":"eS2knCRgLegeRw8bcmSWA","labelItem":{"id":"eS2knCRgLegeRw8bcmSWA","labelName":"Skill"},"textPosition":{"start":{"row":8,"column":0,"tokenIndex":17,"charIndex":0},"end":{"row":8,"column":0,"tokenIndex":18,"charIndex":8}},"confidenceScore":null},{"id":"1663398602","labeledBy":"AUTO","labeledByUserId":null,"acceptedByUserId":null,"rejectedByUserId":null,"layer":0,"counter":0,"status":"LABELED","hashCode":"SPAN:eS2knCRgLegeRw8bcmSWA:0:8:0:19:0:8:0:20:6:0:undefined:undefined","labelName":"eS2knCRgLegeRw8bcmSWA","labelItem":{"id":"eS2knCRgLegeRw8bcmSWA","labelName":"Skill"},"textPosition":{"start":{"row":8,"column":0,"tokenIndex":19,"charIndex":0},"end":{"row":8,"column":0,"tokenIndex":20,"charIndex":6}},"confidenceScore":null},{"id":"1663398607","labeledBy":"AUTO","labeledByUserId":null,"acceptedByUserId":null,"rejectedByUserId":null,"layer":0,"counter":0,"status":"LABELED","hashCode":"SPAN:eS2knCRgLegeRw8bcmSWA:0:8:0:21:0:8:0:21:7:0:undefined:undefined","labelName":"eS2knCRgLegeRw8bcmSWA","labelItem":{"id":"eS2knCRgLegeRw8bcmSWA","labelName":"Skill"},"textPosition":{"start":{"row":8,"column":0,"tokenIndex":21,"charIndex":0},"end":{"row":8,"column":0,"tokenIndex":21,"charIndex":7}},"confidenceScore":null},{"id":"1663398604","labeledBy":"AUTO","labeledByUserId":null,"acceptedByUserId":null,"rejectedByUserId":null,"layer":0,"counter":0,"status":"LABELED","hashCode":"SPAN:eS2knCRgLegeRw8bcmSWA:0:8:0:22:0:8:0:22:7:0:undefined:undefined","labelName":"eS2knCRgLegeRw8bcmSWA","labelItem":{"id":"eS2knCRgLegeRw8bcmSWA","labelName":"Skill"},"textPosition":{"start":{"row":8,"column":0,"tokenIndex":22,"charIndex":0},"end":{"row":8,"column":0,"tokenIndex":22,"charIndex":7}},"confidenceScore":null},{"id":"1663398610","labeledBy":"AUTO","labeledByUserId":null,"acceptedByUserId":null,"rejectedByUserId":null,"layer":0,"counter":0,"status":"LABELED","hashCode":"SPAN:eS2knCRgLegeRw8bcmSWA:0:8:0:24:0:8:0:24:7:0:undefined:undefined","labelName":"eS2knCRgLegeRw8bcmSWA","labelItem":{"id":"eS2knCRgLegeRw8bcmSWA","labelName":"Skill"},"textPosition":{"start":{"row":8,"column":0,"tokenIndex":24,"charIndex":0},"end":{"row":8,"column":0,"tokenIndex":24,"charIndex":7}},"confidenceScore":null},{"id":"1663398613","labeledBy":"AUTO","labeledByUserId":null,"acceptedByUserId":null,"rejectedByUserId":null,"layer":0,"counter":0,"status":"LABELED","hashCode":"SPAN:eS2knCRgLegeRw8bcmSWA:0:8:0:32:0:8:0:33:11:0:undefined:undefined","labelName":"eS2knCRgLegeRw8bcmSWA","labelItem":{"id":"eS2knCRgLegeRw8bcmSWA","labelName":"Skill"},"textPosition":{"start":{"row":8,"column":0,"tokenIndex":32,"charIndex":0},"end":{"row":8,"column":0,"tokenIndex":33,"charIndex":11}},"confidenceScore":null},{"id":"1663398616","labeledBy":"AUTO","labeledByUserId":null,"acceptedByUserId":null,"rejectedByUserId":null,"layer":0,"counter":0,"status":"LABELED","hashCode":"SPAN:eS2knCRgLegeRw8bcmSWA:0:8:0:34:0:8:0:34:11:0:undefined:undefined","labelName":"eS2knCRgLegeRw8bcmSWA","labelItem":{"id":"eS2knCRgLegeRw8bcmSWA","labelName":"Skill"},"textPosition":{"start":{"row":8,"column":0,"tokenIndex":34,"charIndex":0},"end":{"row":8,"column":0,"tokenIndex":34,"charIndex":11}},"confidenceScore":null},{"id":"1663398619","labeledBy":"AUTO","labeledByUserId":null,"acceptedByUserId":null,"rejectedByUserId":null,"layer":0,"counter":0,"status":"LABELED","hashCode":"SPAN:eS2knCRgLegeRw8bcmSWA:0:8:0:35:0:8:0:35:8:0:undefined:undefined","labelName":"eS2knCRgLegeRw8bcmSWA","labelItem":{"id":"eS2knCRgLegeRw8bcmSWA","labelName":"Skill"},"textPosition":{"start":{"row":8,"column":0,"tokenIndex":35,"charIndex":0},"end":{"row":8,"column":0,"tokenIndex":35,"charIndex":8}},"confidenceScore":null},{"id":"1663398622","labeledBy":"AUTO","labeledByUserId":null,"acceptedByUserId":null,"rejectedByUserId":null,"layer":0,"counter":0,"status":"LABELED","hashCode":"SPAN:eS2knCRgLegeRw8bcmSWA:0:8:0:36:0:8:0:36:7:0:undefined:undefined","labelName":"eS2knCRgLegeRw8bcmSWA","labelItem":{"id":"eS2knCRgLegeRw8bcmSWA","labelName":"Skill"},"textPosition":{"start":{"row":8,"column":0,"tokenIndex":36,"charIndex":0},"end":{"row":8,"column":0,"tokenIndex":36,"charIndex":7}},"confidenceScore":null},{"id":"1663398625","labeledBy":"AUTO","labeledByUserId":null,"acceptedByUserId":null,"rejectedByUserId":null,"layer":0,"counter":0,"status":"LABELED","hashCode":"SPAN:eS2knCRgLegeRw8bcmSWA:0:8:0:38:0:8:0:38:9:0:undefined:undefined","labelName":"eS2knCRgLegeRw8bcmSWA","labelItem":{"id":"eS2knCRgLegeRw8bcmSWA","labelName":"Skill"},"textPosition":{"start":{"row":8,"column":0,"tokenIndex":38,"charIndex":0},"end":{"row":8,"column":0,"tokenIndex":38,"charIndex":9}},"confidenceScore":null},{"id":"1663398628","labeledBy":"AUTO","labeledByUserId":null,"acceptedByUserId":null,"rejectedByUserId":null,"layer":0,"counter":0,"status":"LABELED","hashCode":"SPAN:eS2knCRgLegeRw8bcmSWA:0:8:0:40:0:8:0:41:10:0:undefined:undefined","labelName":"eS2knCRgLegeRw8bcmSWA","labelItem":{"id":"eS2knCRgLegeRw8bcmSWA","labelName":"Skill"},"textPosition":{"start":{"row":8,"column":0,"tokenIndex":40,"charIndex":0},"end":{"row":8,"column":0,"tokenIndex":41,"charIndex":10}},"confidenceScore":null},{"id":"1663398631","labeledBy":"AUTO","labeledByUserId":null,"acceptedByUserId":null,"rejectedByUserId":null,"layer":0,"counter":0,"status":"LABELED","hashCode":"SPAN:eS2knCRgLegeRw8bcmSWA:0:8:0:42:0:8:0:42:7:0:undefined:undefined","labelName":"eS2knCRgLegeRw8bcmSWA","labelItem":{"id":"eS2knCRgLegeRw8bcmSWA","labelName":"Skill"},"textPosition":{"start":{"row":8,"column":0,"tokenIndex":42,"charIndex":0},"end":{"row":8,"column":0,"tokenIndex":42,"charIndex":7}},"confidenceScore":null},{"id":"1663398634","labeledBy":"AUTO","labeledByUserId":null,"acceptedByUserId":null,"rejectedByUserId":null,"layer":0,"counter":0,"status":"LABELED","hashCode":"SPAN:eS2knCRgLegeRw8bcmSWA:0:8:0:44:0:8:0:45:6:0:undefined:undefined","labelName":"eS2knCRgLegeRw8bcmSWA","labelItem":{"id":"eS2knCRgLegeRw8bcmSWA","labelName":"Skill"},"textPosition":{"start":{"row":8,"column":0,"tokenIndex":44,"charIndex":0},"end":{"row":8,"column":0,"tokenIndex":45,"charIndex":6}},"confidenceScore":null},{"id":"1663398637","labeledBy":"AUTO","labeledByUserId":null,"acceptedByUserId":null,"rejectedByUserId":null,"layer":0,"counter":0,"status":"LABELED","hashCode":"SPAN:eS2knCRgLegeRw8bcmSWA:0:8:0:67:0:8:0:68:7:0:undefined:undefined","labelName":"eS2knCRgLegeRw8bcmSWA","labelItem":{"id":"eS2knCRgLegeRw8bcmSWA","labelName":"Skill"},"textPosition":{"start":{"row":8,"column":0,"tokenIndex":67,"charIndex":0},"end":{"row":8,"column":0,"tokenIndex":68,"charIndex":7}},"confidenceScore":null},{"id":"1663398640","labeledBy":"AUTO","labeledByUserId":null,"acceptedByUserId":null,"rejectedByUserId":null,"layer":0,"counter":0,"status":"LABELED","hashCode":"SPAN:eS2knCRgLegeRw8bcmSWA:0:8:0:75:0:8:0:76:9:0:undefined:undefined","labelName":"eS2knCRgLegeRw8bcmSWA","labelItem":{"id":"eS2knCRgLegeRw8bcmSWA","labelName":"Skill"},"textPosition":{"start":{"row":8,"column":0,"tokenIndex":75,"charIndex":0},"end":{"row":8,"column":0,"tokenIndex":76,"charIndex":9}},"confidenceScore":null},{"id":"1663398643","labeledBy":"AUTO","labeledByUserId":null,"acceptedByUserId":null,"rejectedByUserId":null,"layer":0,"counter":0,"status":"LABELED","hashCode":"SPAN:SJEkdao76hjwbb6Fh5SY6:0:8:0:109:0:8:0:110:5:0:undefined:undefined","labelName":"SJEkdao76hjwbb6Fh5SY6","labelItem":{"id":"SJEkdao76hjwbb6Fh5SY6","labelName":"Job Title"},"textPosition":{"start":{"row":8,"column":0,"tokenIndex":109,"charIndex":0},"end":{"row":8,"column":0,"tokenIndex":110,"charIndex":5}},"confidenceScore":null},{"id":"1663398646","labeledBy":"AUTO","labeledByUserId":null,"acceptedByUserId":null,"rejectedByUserId":null,"layer":0,"counter":0,"status":"LABELED","hashCode":"SPAN:IeEoIKabMl51BJE0gX2YL:0:8:0:124:0:8:0:127:8:0:undefined:undefined","labelName":"IeEoIKabMl51BJE0gX2YL","labelItem":{"id":"IeEoIKabMl51BJE0gX2YL","labelName":"Degree"},"textPosition":{"start":{"row":8,"column":0,"tokenIndex":124,"charIndex":0},"end":{"row":8,"column":0,"tokenIndex":127,"charIndex":8}},"confidenceScore":null},{"id":"1663398649","labeledBy":"AUTO","labeledByUserId":null,"acceptedByUserId":null,"rejectedByUserId":null,"layer":0,"counter":0,"status":"LABELED","hashCode":"SPAN:BjO8MdvK2KI4E5iMEeY4B:0:8:0:129:0:8:0:129:6:0:undefined:undefined","labelName":"BjO8MdvK2KI4E5iMEeY4B","labelItem":{"id":"BjO8MdvK2KI4E5iMEeY4B","labelName":"Graduation Year"},"textPosition":{"start":{"row":8,"column":0,"tokenIndex":129,"charIndex":0},"end":{"row":8,"column":0,"tokenIndex":129,"charIndex":6}},"confidenceScore":null},{"id":"1663398652","labeledBy":"AUTO","labeledByUserId":null,"acceptedByUserId":null,"rejectedByUserId":null,"layer":0,"counter":0,"status":"LABELED","hashCode":"SPAN:Kj5U6n9NUqTXuWcB3c_7L:0:8:0:130:0:8:0:133:4:0:undefined:undefined","labelName":"Kj5U6n9NUqTXuWcB3c_7L","labelItem":{"id":"Kj5U6n9NUqTXuWcB3c_7L","labelName":"College"},"textPosition":{"start":{"row":8,"column":0,"tokenIndex":130,"charIndex":0},"end":{"row":8,"column":0,"tokenIndex":133,"charIndex":4}},"confidenceScore":null},{"id":"1663398655","labeledBy":"AUTO","labeledByUserId":null,"acceptedByUserId":null,"rejectedByUserId":null,"layer":0,"counter":0,"status":"LABELED","hashCode":"SPAN:1R0C50AAwFbEp2O0WmRv6:0:8:0:135:0:8:0:135:3:0:undefined:undefined","labelName":"1R0C50AAwFbEp2O0WmRv6","labelItem":{"id":"1R0C50AAwFbEp2O0WmRv6","labelName":"Location"},"textPosition":{"start":{"row":8,"column":0,"tokenIndex":135,"charIndex":0},"end":{"row":8,"column":0,"tokenIndex":135,"charIndex":3}},"confidenceScore":null},{"id":"1663398658","labeledBy":"AUTO","labeledByUserId":null,"acceptedByUserId":null,"rejectedByUserId":null,"layer":0,"counter":0,"status":"LABELED","hashCode":"SPAN:IeEoIKabMl51BJE0gX2YL:0:8:0:136:0:8:0:143:8:0:undefined:undefined","labelName":"IeEoIKabMl51BJE0gX2YL","labelItem":{"id":"IeEoIKabMl51BJE0gX2YL","labelName":"Degree"},"textPosition":{"start":{"row":8,"column":0,"tokenIndex":136,"charIndex":0},"end":{"row":8,"column":0,"tokenIndex":143,"charIndex":8}},"confidenceScore":null},{"id":"1663398661","labeledBy":"AUTO","labeledByUserId":null,"acceptedByUserId":null,"rejectedByUserId":null,"layer":0,"counter":0,"status":"LABELED","hashCode":"SPAN:BjO8MdvK2KI4E5iMEeY4B:0:8:0:145:0:8:0:145:6:0:undefined:undefined","labelName":"BjO8MdvK2KI4E5iMEeY4B","labelItem":{"id":"BjO8MdvK2KI4E5iMEeY4B","labelName":"Graduation Year"},"textPosition":{"start":{"row":8,"column":0,"tokenIndex":145,"charIndex":0},"end":{"row":8,"column":0,"tokenIndex":145,"charIndex":6}},"confidenceScore":null},{"id":"1663398664","labeledBy":"AUTO","labeledByUserId":null,"acceptedByUserId":null,"rejectedByUserId":null,"layer":0,"counter":0,"status":"LABELED","hashCode":"SPAN:Kj5U6n9NUqTXuWcB3c_7L:0:8:0:146:0:8:0:149:3:0:undefined:undefined","labelName":"Kj5U6n9NUqTXuWcB3c_7L","labelItem":{"id":"Kj5U6n9NUqTXuWcB3c_7L","labelName":"College"},"textPosition":{"start":{"row":8,"column":0,"tokenIndex":146,"charIndex":0},"end":{"row":8,"column":0,"tokenIndex":149,"charIndex":3}},"confidenceScore":null},{"id":"1663398667","labeledBy":"AUTO","labeledByUserId":null,"acceptedByUserId":null,"rejectedByUserId":null,"layer":0,"counter":0,"status":"LABELED","hashCode":"SPAN:1R0C50AAwFbEp2O0WmRv6:0:8:0:151:0:8:0:151:3:0:undefined:undefined","labelName":"1R0C50AAwFbEp2O0WmRv6","labelItem":{"id":"1R0C50AAwFbEp2O0WmRv6","labelName":"Location"},"textPosition":{"start":{"row":8,"column":0,"tokenIndex":151,"charIndex":0},"end":{"row":8,"column":0,"tokenIndex":151,"charIndex":3}},"confidenceScore":null},{"id":"1663398670","labeledBy":"AUTO","labeledByUserId":null,"acceptedByUserId":null,"rejectedByUserId":null,"layer":0,"counter":0,"status":"LABELED","hashCode":"SPAN:dyxKKTAxW1z5ifjPj42BI:0:8:0:152:0:8:0:152:50:0:undefined:undefined","labelName":"dyxKKTAxW1z5ifjPj42BI","labelItem":{"id":"dyxKKTAxW1z5ifjPj42BI","labelName":"Name"},"textPosition":{"start":{"row":8,"column":0,"tokenIndex":152,"charIndex":0},"end":{"row":8,"column":0,"tokenIndex":152,"charIndex":50}},"confidenceScore":null},{"id":"1663398673","labeledBy":"AUTO","labeledByUserId":null,"acceptedByUserId":null,"rejectedByUserId":null,"layer":0,"counter":0,"status":"LABELED","hashCode":"SPAN:eS2knCRgLegeRw8bcmSWA:0:8:0:177:0:8:0:177:8:0:undefined:undefined","labelName":"eS2knCRgLegeRw8bcmSWA","labelItem":{"id":"eS2knCRgLegeRw8bcmSWA","labelName":"Skill"},"textPosition":{"start":{"row":8,"column":0,"tokenIndex":177,"charIndex":0},"end":{"row":8,"column":0,"tokenIndex":177,"charIndex":8}},"confidenceScore":null},{"id":"1663398676","labeledBy":"AUTO","labeledByUserId":null,"acceptedByUserId":null,"rejectedByUserId":null,"layer":0,"counter":0,"status":"LABELED","hashCode":"SPAN:eS2knCRgLegeRw8bcmSWA:0:8:0:179:0:8:0:182:10:0:undefined:undefined","labelName":"eS2knCRgLegeRw8bcmSWA","labelItem":{"id":"eS2knCRgLegeRw8bcmSWA","labelName":"Skill"},"textPosition":{"start":{"row":8,"column":0,"tokenIndex":179,"charIndex":0},"end":{"row":8,"column":0,"tokenIndex":182,"charIndex":10}},"confidenceScore":null},{"id":"1663398679","labeledBy":"AUTO","labeledByUserId":null,"acceptedByUserId":null,"rejectedByUserId":null,"layer":0,"counter":0,"status":"LABELED","hashCode":"SPAN:eS2knCRgLegeRw8bcmSWA:0:8:0:184:0:8:0:184:6:0:undefined:undefined","labelName":"eS2knCRgLegeRw8bcmSWA","labelItem":{"id":"eS2knCRgLegeRw8bcmSWA","labelName":"Skill"},"textPosition":{"start":{"row":8,"column":0,"tokenIndex":184,"charIndex":0},"end":{"row":8,"column":0,"tokenIndex":184,"charIndex":6}},"confidenceScore":null},{"id":"1663398682","labeledBy":"AUTO","labeledByUserId":null,"acceptedByUserId":null,"rejectedByUserId":null,"layer":0,"counter":0,"status":"LABELED","hashCode":"SPAN:eS2knCRgLegeRw8bcmSWA:0:8:0:186:0:8:0:186:6:0:undefined:undefined","labelName":"eS2knCRgLegeRw8bcmSWA","labelItem":{"id":"eS2knCRgLegeRw8bcmSWA","labelName":"Skill"},"textPosition":{"start":{"row":8,"column":0,"tokenIndex":186,"charIndex":0},"end":{"row":8,"column":0,"tokenIndex":186,"charIndex":6}},"confidenceScore":null},{"id":"1663398685","labeledBy":"AUTO","labeledByUserId":null,"acceptedByUserId":null,"rejectedByUserId":null,"layer":0,"counter":0,"status":"LABELED","hashCode":"SPAN:eS2knCRgLegeRw8bcmSWA:0:9:0:4:0:9:0:4:7:0:undefined:undefined","labelName":"eS2knCRgLegeRw8bcmSWA","labelItem":{"id":"eS2knCRgLegeRw8bcmSWA","labelName":"Skill"},"textPosition":{"start":{"row":9,"column":0,"tokenIndex":4,"charIndex":0},"end":{"row":9,"column":0,"tokenIndex":4,"charIndex":7}},"confidenceScore":null},{"id":"1663398688","labeledBy":"AUTO","labeledByUserId":null,"acceptedByUserId":null,"rejectedByUserId":null,"layer":0,"counter":0,"status":"LABELED","hashCode":"SPAN:eS2knCRgLegeRw8bcmSWA:0:9:0:5:0:9:0:7:4:0:undefined:undefined","labelName":"eS2knCRgLegeRw8bcmSWA","labelItem":{"id":"eS2knCRgLegeRw8bcmSWA","labelName":"Skill"},"textPosition":{"start":{"row":9,"column":0,"tokenIndex":5,"charIndex":0},"end":{"row":9,"column":0,"tokenIndex":7,"charIndex":4}},"confidenceScore":null},{"id":"1663398691","labeledBy":"AUTO","labeledByUserId":null,"acceptedByUserId":null,"rejectedByUserId":null,"layer":0,"counter":0,"status":"LABELED","hashCode":"SPAN:eS2knCRgLegeRw8bcmSWA:0:9:0:9:0:9:0:9:4:0:undefined:undefined","labelName":"eS2knCRgLegeRw8bcmSWA","labelItem":{"id":"eS2knCRgLegeRw8bcmSWA","labelName":"Skill"},"textPosition":{"start":{"row":9,"column":0,"tokenIndex":9,"charIndex":0},"end":{"row":9,"column":0,"tokenIndex":9,"charIndex":4}},"confidenceScore":null},{"id":"1663398694","labeledBy":"AUTO","labeledByUserId":null,"acceptedByUserId":null,"rejectedByUserId":null,"layer":0,"counter":0,"status":"LABELED","hashCode":"SPAN:eS2knCRgLegeRw8bcmSWA:0:9:0:10:0:9:0:11:4:0:undefined:undefined","labelName":"eS2knCRgLegeRw8bcmSWA","labelItem":{"id":"eS2knCRgLegeRw8bcmSWA","labelName":"Skill"},"textPosition":{"start":{"row":9,"column":0,"tokenIndex":10,"charIndex":0},"end":{"row":9,"column":0,"tokenIndex":11,"charIndex":4}},"confidenceScore":null},{"id":"1663398697","labeledBy":"AUTO","labeledByUserId":null,"acceptedByUserId":null,"rejectedByUserId":null,"layer":0,"counter":0,"status":"LABELED","hashCode":"SPAN:eS2knCRgLegeRw8bcmSWA:0:9:0:13:0:9:0:13:6:0:undefined:undefined","labelName":"eS2knCRgLegeRw8bcmSWA","labelItem":{"id":"eS2knCRgLegeRw8bcmSWA","labelName":"Skill"},"textPosition":{"start":{"row":9,"column":0,"tokenIndex":13,"charIndex":0},"end":{"row":9,"column":0,"tokenIndex":13,"charIndex":6}},"confidenceScore":null},{"id":"1663398700","labeledBy":"AUTO","labeledByUserId":null,"acceptedByUserId":null,"rejectedByUserId":null,"layer":0,"counter":0,"status":"LABELED","hashCode":"SPAN:eS2knCRgLegeRw8bcmSWA:0:9:0:16:0:9:0:16:5:0:undefined:undefined","labelName":"eS2knCRgLegeRw8bcmSWA","labelItem":{"id":"eS2knCRgLegeRw8bcmSWA","labelName":"Skill"},"textPosition":{"start":{"row":9,"column":0,"tokenIndex":16,"charIndex":0},"end":{"row":9,"column":0,"tokenIndex":16,"charIndex":5}},"confidenceScore":null},{"id":"1663398703","labeledBy":"AUTO","labeledByUserId":null,"acceptedByUserId":null,"rejectedByUserId":null,"layer":0,"counter":0,"status":"LABELED","hashCode":"SPAN:eS2knCRgLegeRw8bcmSWA:0:9:0:18:0:9:0:19:6:0:undefined:undefined","labelName":"eS2knCRgLegeRw8bcmSWA","labelItem":{"id":"eS2knCRgLegeRw8bcmSWA","labelName":"Skill"},"textPosition":{"start":{"row":9,"column":0,"tokenIndex":18,"charIndex":0},"end":{"row":9,"column":0,"tokenIndex":19,"charIndex":6}},"confidenceScore":null},{"id":"1663398706","labeledBy":"AUTO","labeledByUserId":null,"acceptedByUserId":null,"rejectedByUserId":null,"layer":0,"counter":0,"status":"LABELED","hashCode":"SPAN:eS2knCRgLegeRw8bcmSWA:0:9:0:29:0:9:0:32:4:0:undefined:undefined","labelName":"eS2knCRgLegeRw8bcmSWA","labelItem":{"id":"eS2knCRgLegeRw8bcmSWA","labelName":"Skill"},"textPosition":{"start":{"row":9,"column":0,"tokenIndex":29,"charIndex":0},"end":{"row":9,"column":0,"tokenIndex":32,"charIndex":4}},"confidenceScore":null},{"id":"1663398709","labeledBy":"AUTO","labeledByUserId":null,"acceptedByUserId":null,"rejectedByUserId":null,"layer":0,"counter":0,"status":"LABELED","hashCode":"SPAN:eS2knCRgLegeRw8bcmSWA:0:9:0:36:0:9:0:37:6:0:undefined:undefined","labelName":"eS2knCRgLegeRw8bcmSWA","labelItem":{"id":"eS2knCRgLegeRw8bcmSWA","labelName":"Skill"},"textPosition":{"start":{"row":9,"column":0,"tokenIndex":36,"charIndex":0},"end":{"row":9,"column":0,"tokenIndex":37,"charIndex":6}},"confidenceScore":null},{"id":"1663398712","labeledBy":"AUTO","labeledByUserId":null,"acceptedByUserId":null,"rejectedByUserId":null,"layer":0,"counter":0,"status":"LABELED","hashCode":"SPAN:eS2knCRgLegeRw8bcmSWA:0:9:0:38:0:9:0:39:8:0:undefined:undefined","labelName":"eS2knCRgLegeRw8bcmSWA","labelItem":{"id":"eS2knCRgLegeRw8bcmSWA","labelName":"Skill"},"textPosition":{"start":{"row":9,"column":0,"tokenIndex":38,"charIndex":0},"end":{"row":9,"column":0,"tokenIndex":39,"charIndex":8}},"confidenceScore":null},{"id":"1663398715","labeledBy":"AUTO","labeledByUserId":null,"acceptedByUserId":null,"rejectedByUserId":null,"layer":0,"counter":0,"status":"LABELED","hashCode":"SPAN:eS2knCRgLegeRw8bcmSWA:0:9:0:40:0:9:0:40:3:0:undefined:undefined","labelName":"eS2knCRgLegeRw8bcmSWA","labelItem":{"id":"eS2knCRgLegeRw8bcmSWA","labelName":"Skill"},"textPosition":{"start":{"row":9,"column":0,"tokenIndex":40,"charIndex":0},"end":{"row":9,"column":0,"tokenIndex":40,"charIndex":3}},"confidenceScore":null},{"id":"1663398718","labeledBy":"AUTO","labeledByUserId":null,"acceptedByUserId":null,"rejectedByUserId":null,"layer":0,"counter":0,"status":"LABELED","hashCode":"SPAN:eS2knCRgLegeRw8bcmSWA:0:9:0:41:0:9:0:41:9:0:undefined:undefined","labelName":"eS2knCRgLegeRw8bcmSWA","labelItem":{"id":"eS2knCRgLegeRw8bcmSWA","labelName":"Skill"},"textPosition":{"start":{"row":9,"column":0,"tokenIndex":41,"charIndex":0},"end":{"row":9,"column":0,"tokenIndex":41,"charIndex":9}},"confidenceScore":null},{"id":"1663398721","labeledBy":"AUTO","labeledByUserId":null,"acceptedByUserId":null,"rejectedByUserId":null,"layer":0,"counter":0,"status":"LABELED","hashCode":"SPAN:eS2knCRgLegeRw8bcmSWA:0:9:0:42:0:9:0:46:3:0:undefined:undefined","labelName":"eS2knCRgLegeRw8bcmSWA","labelItem":{"id":"eS2knCRgLegeRw8bcmSWA","labelName":"Skill"},"textPosition":{"start":{"row":9,"column":0,"tokenIndex":42,"charIndex":0},"end":{"row":9,"column":0,"tokenIndex":46,"charIndex":3}},"confidenceScore":null},{"id":"1663398724","labeledBy":"AUTO","labeledByUserId":null,"acceptedByUserId":null,"rejectedByUserId":null,"layer":0,"counter":0,"status":"LABELED","hashCode":"SPAN:eS2knCRgLegeRw8bcmSWA:0:9:0:47:0:9:0:48:9:0:undefined:undefined","labelName":"eS2knCRgLegeRw8bcmSWA","labelItem":{"id":"eS2knCRgLegeRw8bcmSWA","labelName":"Skill"},"textPosition":{"start":{"row":9,"column":0,"tokenIndex":47,"charIndex":0},"end":{"row":9,"column":0,"tokenIndex":48,"charIndex":9}},"confidenceScore":null},{"id":"1663398727","labeledBy":"AUTO","labeledByUserId":null,"acceptedByUserId":null,"rejectedByUserId":null,"layer":0,"counter":0,"status":"LABELED","hashCode":"SPAN:eS2knCRgLegeRw8bcmSWA:0:9:0:49:0:9:0:53:8:0:undefined:undefined","labelName":"eS2knCRgLegeRw8bcmSWA","labelItem":{"id":"eS2knCRgLegeRw8bcmSWA","labelName":"Skill"},"textPosition":{"start":{"row":9,"column":0,"tokenIndex":49,"charIndex":0},"end":{"row":9,"column":0,"tokenIndex":53,"charIndex":8}},"confidenceScore":null},{"id":"1663398730","labeledBy":"AUTO","labeledByUserId":null,"acceptedByUserId":null,"rejectedByUserId":null,"layer":0,"counter":0,"status":"LABELED","hashCode":"SPAN:eS2knCRgLegeRw8bcmSWA:0:9:0:54:0:9:0:55:10:0:undefined:undefined","labelName":"eS2knCRgLegeRw8bcmSWA","labelItem":{"id":"eS2knCRgLegeRw8bcmSWA","labelName":"Skill"},"textPosition":{"start":{"row":9,"column":0,"tokenIndex":54,"charIndex":0},"end":{"row":9,"column":0,"tokenIndex":55,"charIndex":10}},"confidenceScore":null},{"id":"1663398733","labeledBy":"AUTO","labeledByUserId":null,"acceptedByUserId":null,"rejectedByUserId":null,"layer":0,"counter":0,"status":"LABELED","hashCode":"SPAN:eS2knCRgLegeRw8bcmSWA:0:9:0:56:0:9:0:57:8:0:undefined:undefined","labelName":"eS2knCRgLegeRw8bcmSWA","labelItem":{"id":"eS2knCRgLegeRw8bcmSWA","labelName":"Skill"},"textPosition":{"start":{"row":9,"column":0,"tokenIndex":56,"charIndex":0},"end":{"row":9,"column":0,"tokenIndex":57,"charIndex":8}},"confidenceScore":null},{"id":"1663398736","labeledBy":"AUTO","labeledByUserId":null,"acceptedByUserId":null,"rejectedByUserId":null,"layer":0,"counter":0,"status":"LABELED","hashCode":"SPAN:eS2knCRgLegeRw8bcmSWA:0:9:0:58:0:9:0:60:11:0:undefined:undefined","labelName":"eS2knCRgLegeRw8bcmSWA","labelItem":{"id":"eS2knCRgLegeRw8bcmSWA","labelName":"Skill"},"textPosition":{"start":{"row":9,"column":0,"tokenIndex":58,"charIndex":0},"end":{"row":9,"column":0,"tokenIndex":60,"charIndex":11}},"confidenceScore":null},{"id":"1663398739","labeledBy":"AUTO","labeledByUserId":null,"acceptedByUserId":null,"rejectedByUserId":null,"layer":0,"counter":0,"status":"LABELED","hashCode":"SPAN:eS2knCRgLegeRw8bcmSWA:0:9:0:61:0:9:0:62:6:0:undefined:undefined","labelName":"eS2knCRgLegeRw8bcmSWA","labelItem":{"id":"eS2knCRgLegeRw8bcmSWA","labelName":"Skill"},"textPosition":{"start":{"row":9,"column":0,"tokenIndex":61,"charIndex":0},"end":{"row":9,"column":0,"tokenIndex":62,"charIndex":6}},"confidenceScore":null},{"id":"1663398742","labeledBy":"AUTO","labeledByUserId":null,"acceptedByUserId":null,"rejectedByUserId":null,"layer":0,"counter":0,"status":"LABELED","hashCode":"SPAN:eS2knCRgLegeRw8bcmSWA:0:9:0:63:0:9:0:65:7:0:undefined:undefined","labelName":"eS2knCRgLegeRw8bcmSWA","labelItem":{"id":"eS2knCRgLegeRw8bcmSWA","labelName":"Skill"},"textPosition":{"start":{"row":9,"column":0,"tokenIndex":63,"charIndex":0},"end":{"row":9,"column":0,"tokenIndex":65,"charIndex":7}},"confidenceScore":null},{"id":"1663398745","labeledBy":"AUTO","labeledByUserId":null,"acceptedByUserId":null,"rejectedByUserId":null,"layer":0,"counter":0,"status":"LABELED","hashCode":"SPAN:SJEkdao76hjwbb6Fh5SY6:0:9:0:68:0:9:0:72:6:0:undefined:undefined","labelName":"SJEkdao76hjwbb6Fh5SY6","labelItem":{"id":"SJEkdao76hjwbb6Fh5SY6","labelName":"Job Title"},"textPosition":{"start":{"row":9,"column":0,"tokenIndex":68,"charIndex":0},"end":{"row":9,"column":0,"tokenIndex":72,"charIndex":6}},"confidenceScore":null},{"id":"1663398748","labeledBy":"AUTO","labeledByUserId":null,"acceptedByUserId":null,"rejectedByUserId":null,"layer":0,"counter":0,"status":"LABELED","hashCode":"SPAN:52S_6moRfhjC-yXgIBeCp:0:9:0:74:0:9:0:74:6:0:undefined:undefined","labelName":"52S_6moRfhjC-yXgIBeCp","labelItem":{"id":"52S_6moRfhjC-yXgIBeCp","labelName":"Date"},"textPosition":{"start":{"row":9,"column":0,"tokenIndex":74,"charIndex":0},"end":{"row":9,"column":0,"tokenIndex":74,"charIndex":6}},"confidenceScore":null},{"id":"1663398751","labeledBy":"AUTO","labeledByUserId":null,"acceptedByUserId":null,"rejectedByUserId":null,"layer":0,"counter":0,"status":"LABELED","hashCode":"SPAN:52S_6moRfhjC-yXgIBeCp:0:9:0:76:0:9:0:76:6:0:undefined:undefined","labelName":"52S_6moRfhjC-yXgIBeCp","labelItem":{"id":"52S_6moRfhjC-yXgIBeCp","labelName":"Date"},"textPosition":{"start":{"row":9,"column":0,"tokenIndex":76,"charIndex":0},"end":{"row":9,"column":0,"tokenIndex":76,"charIndex":6}},"confidenceScore":null},{"id":"1663398754","labeledBy":"AUTO","labeledByUserId":null,"acceptedByUserId":null,"rejectedByUserId":null,"layer":0,"counter":0,"status":"LABELED","hashCode":"SPAN:rj7TW0-ymuRo6f_asXJab:0:9:0:77:0:9:0:78:3:0:undefined:undefined","labelName":"rj7TW0-ymuRo6f_asXJab","labelItem":{"id":"rj7TW0-ymuRo6f_asXJab","labelName":"Company Name"},"textPosition":{"start":{"row":9,"column":0,"tokenIndex":77,"charIndex":0},"end":{"row":9,"column":0,"tokenIndex":78,"charIndex":3}},"confidenceScore":null},{"id":"1663398757","labeledBy":"AUTO","labeledByUserId":null,"acceptedByUserId":null,"rejectedByUserId":null,"layer":0,"counter":0,"status":"LABELED","hashCode":"SPAN:1R0C50AAwFbEp2O0WmRv6:0:9:0:80:0:9:0:80:3:0:undefined:undefined","labelName":"1R0C50AAwFbEp2O0WmRv6","labelItem":{"id":"1R0C50AAwFbEp2O0WmRv6","labelName":"Location"},"textPosition":{"start":{"row":9,"column":0,"tokenIndex":80,"charIndex":0},"end":{"row":9,"column":0,"tokenIndex":80,"charIndex":3}},"confidenceScore":null},{"id":"1663398760","labeledBy":"AUTO","labeledByUserId":null,"acceptedByUserId":null,"rejectedByUserId":null,"layer":0,"counter":0,"status":"LABELED","hashCode":"SPAN:1R0C50AAwFbEp2O0WmRv6:0:9:0:82:0:9:0:82:4:0:undefined:undefined","labelName":"1R0C50AAwFbEp2O0WmRv6","labelItem":{"id":"1R0C50AAwFbEp2O0WmRv6","labelName":"Location"},"textPosition":{"start":{"row":9,"column":0,"tokenIndex":82,"charIndex":0},"end":{"row":9,"column":0,"tokenIndex":82,"charIndex":4}},"confidenceScore":null}],"arrowLabels":[],"boundingBoxLabels":[],"timeLabels":[],"comments":[],"url":"datasaur://static/6814/6d1f20c5-97b5-4307-9655-2fbcda3216f9.txt"}}
