{"version":"1","data":{"project":{"id":"ODBjYmQ2MDg","name":"NLP SSM Final Project"},"document":{"id":"5ebd4f20-a196-48f9-958c-30cb74365b6c","name":"resume_887_d1.txt"},"kinds":["TOKEN_BASED"],"rows":[[{"content":"ACCOMMODATION SERVICE EXECUTIVE LL Professional Summary Customer service and sales expert who identifies customer needs and delivers","tokens":["ACCOMMODATION","SERVICE","EXECUTIVE","LL","Professional","Summary","Customer","service","and","sales","expert","who","identifies","customer","needs","and","delivers"],"metadata":[]}],[{"content":"solutions to problems.","tokens":["solutions","to","problems."],"metadata":[]}],[{"content":"Driven to exceed sales and customer satisfaction goals and build long term","tokens":["Driven","to","exceed","sales","and","customer","satisfaction","goals","and","build","long","term"],"metadata":[]}],[{"content":"relationships with the clients.","tokens":["relationships","with","the","clients."],"metadata":[]}],[{"content":"Creates a positive experience through high quality","tokens":["Creates","a","positive","experience","through","high","quality"],"metadata":[]}],[{"content":"customer care.","tokens":["customer","care."],"metadata":[]}],[{"content":"Bilingual manager able to build, lead and train efficient and friendly service teams.","tokens":["Bilingual","manager","able","to","build,","lead","and","train","efficient","and","friendly","service","teams."],"metadata":[]}],[{"content":"Core Qualifications Client-focused Results-oriented Quick learner Superior communication skills Cheerful and energetic Effective team player Experience ACCOMMODATION SERVICE EXECUTIVE ll 12/2016 to Current Company Name City , State Communicate with Partners by telephone or by e mail to provide guidance and assistance regarding Booking.com platform Extranet.","tokens":["Core","Qualifications","Client-focused","Results-oriented","Quick","learner","Superior","communication","skills","Cheerful","and","energetic","Effective","team","player","Experience","ACCOMMODATION","SERVICE","EXECUTIVE","ll","12/2016","to","Current","Company","Name","City",",","State","Communicate","with","Partners","by","telephone","or","by","e","mail","to","provide","guidance","and","assistance","regarding","Booking.com","platform","Extranet."],"metadata":[]}],[{"content":"​ Provide commercial advise and orientation to partners based on Booking.com business model.","tokens":["​","Provide","commercial","advise","and","orientation","to","partners","based","on","Booking.com","business","model."],"metadata":[]}],[{"content":"Gather information to solve partner and guests issues regarding reservations in order to coordinate assistance with Customer Service department.","tokens":["Gather","information","to","solve","partner","and","guests","issues","regarding","reservations","in","order","to","coordinate","assistance","with","Customer","Service","department."],"metadata":[]}],[{"content":"Review and process new partnership registrations and set them ready to open on Booking.com webpage.","tokens":["Review","and","process","new","partnership","registrations","and","set","them","ready","to","open","on","Booking.com","webpage."],"metadata":[]}],[{"content":"Keep partners and guests as center of all our operations to guarantee maximum satisfaction.","tokens":["Keep","partners","and","guests","as","center","of","all","our","operations","to","guarantee","maximum","satisfaction."],"metadata":[]}],[{"content":"​ CUSTOMER SERVICE EXECUTIVE 02/2016 to 11/2016 Company Name City , State Communicate with customers by telephone or by e mail to provide information","tokens":["​","CUSTOMER","SERVICE","EXECUTIVE","02/2016","to","11/2016","Company","Name","City",",","State","Communicate","with","customers","by","telephone","or","by","e","mail","to","provide","information"],"metadata":[]}],[{"content":"about hotel reservations, take or enter information, cancel reservations, gather complaints details .","tokens":["about","hotel","reservations,","take","or","enter","information,","cancel","reservations,","gather","complaints","details","."],"metadata":[]}],[{"content":"Keep records of customer interactions or transactions, recording details of","tokens":["Keep","records","of","customer","interactions","or","transactions,","recording","details","of"],"metadata":[]}],[{"content":"inquiries, complaints, or comments, as well as actions taken.","tokens":["inquiries,","complaints,","or","comments,","as","well","as","actions","taken."],"metadata":[]}],[{"content":"Check and ensure that appropriate changes were made to resolve customers'","tokens":["Check","and","ensure","that","appropriate","changes","were","made","to","resolve","customers'"],"metadata":[]}],[{"content":"problems.","tokens":["problems."],"metadata":[]}],[{"content":"Contact customers to respond to inquiries or to notify them of claim","tokens":["Contact","customers","to","respond","to","inquiries","or","to","notify","them","of","claim"],"metadata":[]}],[{"content":"investigation results or any planned adjustments.","tokens":["investigation","results","or","any","planned","adjustments."],"metadata":[]}],[{"content":"Refer unresolved customer grievances to designated departments for further","tokens":["Refer","unresolved","customer","grievances","to","designated","departments","for","further"],"metadata":[]}],[{"content":"investigation.","tokens":["investigation."],"metadata":[]}],[{"content":"GENERAL MANAGER /SALES MANAGER 12/2011 to 01/2016 Company Name City , State Managed sales team generating daily new memberships according to sales","tokens":["GENERAL","MANAGER","/SALES","MANAGER","12/2011","to","01/2016","Company","Name","City",",","State","Managed","sales","team","generating","daily","new","memberships","according","to","sales"],"metadata":[]}],[{"content":"quota, interacted with prospects and new customers and provided high level of","tokens":["quota,","interacted","with","prospects","and","new","customers","and","provided","high","level","of"],"metadata":[]}],[{"content":"service to achieve 100% customer satisfaction and company revenue.","tokens":["service","to","achieve","100%","customer","satisfaction","and","company","revenue."],"metadata":[]}],[{"content":"Hired and trained all sales and customer service staff.","tokens":["Hired","and","trained","all","sales","and","customer","service","staff."],"metadata":[]}],[{"content":"Monitored customer preferences to determine focus of sales efforts.","tokens":["Monitored","customer","preferences","to","determine","focus","of","sales","efforts."],"metadata":[]}],[{"content":"Developed,implemented and monitored programs to maximize customer","tokens":["Developed,implemented","and","monitored","programs","to","maximize","customer"],"metadata":[]}],[{"content":"satisfaction.","tokens":["satisfaction."],"metadata":[]}],[{"content":"Manage projects or contribute to committee or team work.","tokens":["Manage","projects","or","contribute","to","committee","or","team","work."],"metadata":[]}],[{"content":"Create, maintain, and enter information into databases.","tokens":["Create,","maintain,","and","enter","information","into","databases."],"metadata":[]}],[{"content":"GENERAL MANAGER 01/2005 to 12/2011 Company Name City , State Managed sales and customer service operation Control retention and attrition Responsible for new hire process Supervised over 30 employees Reported to District Vice President GUEST SERVICE MANAGER 01/2000 to 12/2004 Company Name City , State Served as public relations representative for the hotel.","tokens":["GENERAL","MANAGER","01/2005","to","12/2011","Company","Name","City",",","State","Managed","sales","and","customer","service","operation","Control","retention","and","attrition","Responsible","for","new","hire","process","Supervised","over","30","employees","Reported","to","District","Vice","President","GUEST","SERVICE","MANAGER","01/2000","to","12/2004","Company","Name","City",",","State","Served","as","public","relations","representative","for","the","hotel."],"metadata":[]}],[{"content":"Assisted guests with any special requests during their visits.","tokens":["Assisted","guests","with","any","special","requests","during","their","visits."],"metadata":[]}],[{"content":"Answer inquiries pertaining to hotel services, guest registration, and travel","tokens":["Answer","inquiries","pertaining","to","hotel","services,","guest","registration,","and","travel"],"metadata":[]}],[{"content":"directions, or make recommendations regarding shopping, dining, or","tokens":["directions,","or","make","recommendations","regarding","shopping,","dining,","or"],"metadata":[]}],[{"content":"entertainment","tokens":["entertainment"],"metadata":[]}],[{"content":"Record guest comments or complaints, referring customers to managers as","tokens":["Record","guest","comments","or","complaints,","referring","customers","to","managers","as"],"metadata":[]}],[{"content":"necessary.","tokens":["necessary."],"metadata":[]}],[{"content":"Transmit and receive messages, using telephones or telephone switchboards.","tokens":["Transmit","and","receive","messages,","using","telephones","or","telephone","switchboards."],"metadata":[]}],[{"content":"Accomplishments researched, calmed and rapidly resolved client conflicts to ensure customer","tokens":["Accomplishments","researched,","calmed","and","rapidly","resolved","client","conflicts","to","ensure","customer"],"metadata":[]}],[{"content":"retention increasing it up to 85% per month.","tokens":["retention","increasing","it","up","to","85%","per","month."],"metadata":[]}],[{"content":"Consistently generated additional revenue through skilled customer services","tokens":["Consistently","generated","additional","revenue","through","skilled","customer","services"],"metadata":[]}],[{"content":"and sales techniques used to generate new corporate.","tokens":["and","sales","techniques","used","to","generate","new","corporate."],"metadata":[]}],[{"content":"accounts to service high","tokens":["accounts","to","service","high"],"metadata":[]}],[{"content":"volume employee corporations.","tokens":["volume","employee","corporations."],"metadata":[]}],[{"content":"Satisfactory managed company new locations pre saleand openings to","tokens":["Satisfactory","managed","company","new","locations","pre","saleand","openings","to"],"metadata":[]}],[{"content":"guarantee revenue profit and investment return.","tokens":["guarantee","revenue","profit","and","investment","return."],"metadata":[]}],[{"content":"Education J.D. : Law 2000 Universidad Santa Maria City , State , Venezuela Law Courses on Military Law, Criminology .","tokens":["Education","J.D.",":","Law","2000","Universidad","Santa","Maria","City",",","State",",","Venezuela","Law","Courses","on","Military","Law,","Criminology","."],"metadata":[]}],[{"content":"Bachelor of Science : TOURISM 1995 IUTIRLA City , Venezuela Tourism and Hospitality Management Barcelona Hospitality and","tokens":["Bachelor","of","Science",":","TOURISM","1995","IUTIRLA","City",",","Venezuela","Tourism","and","Hospitality","Management","Barcelona","Hospitality","and"],"metadata":[]}],[{"content":"Tourism","tokens":["Tourism"],"metadata":[]}],[{"content":"Instituto Universitario de Tecnologia Industrial \"Rodolfo Loero Arismendi\", El Morro, Anzoategui Graduated Cum Laude Professional Affiliations National Association of Professional Trainers Languages Bilingual English- Spanish,","tokens":["Instituto","Universitario","de","Tecnologia","Industrial","\"Rodolfo","Loero","Arismendi\",","El","Morro,","Anzoategui","Graduated","Cum","Laude","Professional","Affiliations","National","Association","of","Professional","Trainers","Languages","Bilingual","English-","Spanish,"],"metadata":[]}],[{"content":"proficient in Portuguese, French","tokens":["proficient","in","Portuguese,","French"],"metadata":[]}],[{"content":"and Italian.","tokens":["and","Italian."],"metadata":[]}],[{"content":"Skills Customer services supervision,decision making, dependable, staff training and development, problem solver, public relations,dynamic team player able to motivate employees to reach high level of performance while using maximum potential.","tokens":["Skills","Customer","services","supervision,decision","making,","dependable,","staff","training","and","development,","problem","solver,","public","relations,dynamic","team","player","able","to","motivate","employees","to","reach","high","level","of","performance","while","using","maximum","potential."],"metadata":[]}],[{"content":"Online skills development courses ,The Open University : Commercial awareness.","tokens":["Online","skills","development","courses",",The","Open","University",":","Commercial","awareness."],"metadata":[]}],[{"content":"Conversations and interviews.","tokens":["Conversations","and","interviews."],"metadata":[]}],[{"content":"Developing high trust work relationships.","tokens":["Developing","high","trust","work","relationships."],"metadata":[]}],[{"content":"Difference and challenge in teams.","tokens":["Difference","and","challenge","in","teams."],"metadata":[]}],[{"content":"Discovering development management.","tokens":["Discovering","development","management."],"metadata":[]}],[{"content":"Facilitating group discussions.","tokens":["Facilitating","group","discussions."],"metadata":[]}],[{"content":"Making decisions.","tokens":["Making","decisions."],"metadata":[]}],[{"content":"Speeches and speech making.","tokens":["Speeches","and","speech","making."],"metadata":[]}],[{"content":"The importance of interpersonal skills.","tokens":["The","importance","of","interpersonal","skills."],"metadata":[]}],[{"content":"The role of a manager.","tokens":["The","role","of","a","manager."],"metadata":[]}],[{"content":"Three principles of coaching approach.","tokens":["Three","principles","of","coaching","approach."],"metadata":[]}]],"labelerInfo":{"id":6814,"email":"cwilhel8@jh.edu","displayName":"Chris Wilhelm"},"labelSets":[{"name":"Resume Labels","index":0,"labelItems":[{"id":"Kj5U6n9NUqTXuWcB3c_7L","labelName":"College"},{"id":"rj7TW0-ymuRo6f_asXJab","labelName":"Company Name"},{"id":"SJEkdao76hjwbb6Fh5SY6","labelName":"Job Title"},{"id":"BjO8MdvK2KI4E5iMEeY4B","labelName":"Graduation Year"},{"id":"eS2knCRgLegeRw8bcmSWA","labelName":"Skill"},{"id":"IeEoIKabMl51BJE0gX2YL","labelName":"Degree"},{"id":"1R0C50AAwFbEp2O0WmRv6","labelName":"Location"},{"id":"zQcc4ygexJ_A3Gb0NeRTk","labelName":"Years of Experience"},{"id":"52S_6moRfhjC-yXgIBeCp","labelName":"Date"},{"id":"KiLarWmwlU1E3-FfdG6Qg","labelName":"Project"},{"id":"dyxKKTAxW1z5ifjPj42BI","labelName":"Name"}]}],"spanLabels":[{"id":"1663412209","labeledBy":"AUTO","labeledByUserId":null,"acceptedByUserId":null,"rejectedByUserId":null,"layer":0,"counter":0,"status":"LABELED","hashCode":"SPAN:SJEkdao76hjwbb6Fh5SY6:0:0:0:0:0:0:0:3:1:0:undefined:undefined","labelName":"SJEkdao76hjwbb6Fh5SY6","labelItem":{"id":"SJEkdao76hjwbb6Fh5SY6","labelName":"Job Title"},"textPosition":{"start":{"row":0,"column":0,"tokenIndex":0,"charIndex":0},"end":{"row":0,"column":0,"tokenIndex":3,"charIndex":1}},"confidenceScore":null},{"id":"1663412212","labeledBy":"AUTO","labeledByUserId":null,"acceptedByUserId":null,"rejectedByUserId":null,"layer":0,"counter":0,"status":"LABELED","hashCode":"SPAN:eS2knCRgLegeRw8bcmSWA:0:0:0:6:0:0:0:7:6:0:undefined:undefined","labelName":"eS2knCRgLegeRw8bcmSWA","labelItem":{"id":"eS2knCRgLegeRw8bcmSWA","labelName":"Skill"},"textPosition":{"start":{"row":0,"column":0,"tokenIndex":6,"charIndex":0},"end":{"row":0,"column":0,"tokenIndex":7,"charIndex":6}},"confidenceScore":null},{"id":"1663412215","labeledBy":"AUTO","labeledByUserId":null,"acceptedByUserId":null,"rejectedByUserId":null,"layer":0,"counter":0,"status":"LABELED","hashCode":"SPAN:eS2knCRgLegeRw8bcmSWA:0:0:0:9:0:0:0:9:4:0:undefined:undefined","labelName":"eS2knCRgLegeRw8bcmSWA","labelItem":{"id":"eS2knCRgLegeRw8bcmSWA","labelName":"Skill"},"textPosition":{"start":{"row":0,"column":0,"tokenIndex":9,"charIndex":0},"end":{"row":0,"column":0,"tokenIndex":9,"charIndex":4}},"confidenceScore":null},{"id":"1663412218","labeledBy":"AUTO","labeledByUserId":null,"acceptedByUserId":null,"rejectedByUserId":null,"layer":0,"counter":0,"status":"LABELED","hashCode":"SPAN:eS2knCRgLegeRw8bcmSWA:0:5:0:0:0:5:0:1:4:0:undefined:undefined","labelName":"eS2knCRgLegeRw8bcmSWA","labelItem":{"id":"eS2knCRgLegeRw8bcmSWA","labelName":"Skill"},"textPosition":{"start":{"row":5,"column":0,"tokenIndex":0,"charIndex":0},"end":{"row":5,"column":0,"tokenIndex":1,"charIndex":4}},"confidenceScore":null},{"id":"1663412221","labeledBy":"AUTO","labeledByUserId":null,"acceptedByUserId":null,"rejectedByUserId":null,"layer":0,"counter":0,"status":"LABELED","hashCode":"SPAN:eS2knCRgLegeRw8bcmSWA:0:6:0:0:0:6:0:0:8:0:undefined:undefined","labelName":"eS2knCRgLegeRw8bcmSWA","labelItem":{"id":"eS2knCRgLegeRw8bcmSWA","labelName":"Skill"},"textPosition":{"start":{"row":6,"column":0,"tokenIndex":0,"charIndex":0},"end":{"row":6,"column":0,"tokenIndex":0,"charIndex":8}},"confidenceScore":null},{"id":"1663412224","labeledBy":"AUTO","labeledByUserId":null,"acceptedByUserId":null,"rejectedByUserId":null,"layer":0,"counter":0,"status":"LABELED","hashCode":"SPAN:eS2knCRgLegeRw8bcmSWA:0:7:0:2:0:7:0:2:13:0:undefined:undefined","labelName":"eS2knCRgLegeRw8bcmSWA","labelItem":{"id":"eS2knCRgLegeRw8bcmSWA","labelName":"Skill"},"textPosition":{"start":{"row":7,"column":0,"tokenIndex":2,"charIndex":0},"end":{"row":7,"column":0,"tokenIndex":2,"charIndex":13}},"confidenceScore":null},{"id":"1663412227","labeledBy":"AUTO","labeledByUserId":null,"acceptedByUserId":null,"rejectedByUserId":null,"layer":0,"counter":0,"status":"LABELED","hashCode":"SPAN:eS2knCRgLegeRw8bcmSWA:0:7:0:3:0:7:0:3:15:0:undefined:undefined","labelName":"eS2knCRgLegeRw8bcmSWA","labelItem":{"id":"eS2knCRgLegeRw8bcmSWA","labelName":"Skill"},"textPosition":{"start":{"row":7,"column":0,"tokenIndex":3,"charIndex":0},"end":{"row":7,"column":0,"tokenIndex":3,"charIndex":15}},"confidenceScore":null},{"id":"1663412233","labeledBy":"AUTO","labeledByUserId":null,"acceptedByUserId":null,"rejectedByUserId":null,"layer":0,"counter":0,"status":"LABELED","hashCode":"SPAN:eS2knCRgLegeRw8bcmSWA:0:7:0:4:0:7:0:5:6:0:undefined:undefined","labelName":"eS2knCRgLegeRw8bcmSWA","labelItem":{"id":"eS2knCRgLegeRw8bcmSWA","labelName":"Skill"},"textPosition":{"start":{"row":7,"column":0,"tokenIndex":4,"charIndex":0},"end":{"row":7,"column":0,"tokenIndex":5,"charIndex":6}},"confidenceScore":null},{"id":"1663412239","labeledBy":"AUTO","labeledByUserId":null,"acceptedByUserId":null,"rejectedByUserId":null,"layer":0,"counter":0,"status":"LABELED","hashCode":"SPAN:eS2knCRgLegeRw8bcmSWA:0:7:0:6:0:7:0:7:12:0:undefined:undefined","labelName":"eS2knCRgLegeRw8bcmSWA","labelItem":{"id":"eS2knCRgLegeRw8bcmSWA","labelName":"Skill"},"textPosition":{"start":{"row":7,"column":0,"tokenIndex":6,"charIndex":0},"end":{"row":7,"column":0,"tokenIndex":7,"charIndex":12}},"confidenceScore":null},{"id":"1663412245","labeledBy":"AUTO","labeledByUserId":null,"acceptedByUserId":null,"rejectedByUserId":null,"layer":0,"counter":0,"status":"LABELED","hashCode":"SPAN:eS2knCRgLegeRw8bcmSWA:0:7:0:9:0:7:0:9:7:0:undefined:undefined","labelName":"eS2knCRgLegeRw8bcmSWA","labelItem":{"id":"eS2knCRgLegeRw8bcmSWA","labelName":"Skill"},"textPosition":{"start":{"row":7,"column":0,"tokenIndex":9,"charIndex":0},"end":{"row":7,"column":0,"tokenIndex":9,"charIndex":7}},"confidenceScore":null},{"id":"1663412249","labeledBy":"AUTO","labeledByUserId":null,"acceptedByUserId":null,"rejectedByUserId":null,"layer":0,"counter":0,"status":"LABELED","hashCode":"SPAN:eS2knCRgLegeRw8bcmSWA:0:7:0:11:0:7:0:11:8:0:undefined:undefined","labelName":"eS2knCRgLegeRw8bcmSWA","labelItem":{"id":"eS2knCRgLegeRw8bcmSWA","labelName":"Skill"},"textPosition":{"start":{"row":7,"column":0,"tokenIndex":11,"charIndex":0},"end":{"row":7,"column":0,"tokenIndex":11,"charIndex":8}},"confidenceScore":null},{"id":"1663412254","labeledBy":"AUTO","labeledByUserId":null,"acceptedByUserId":null,"rejectedByUserId":null,"layer":0,"counter":0,"status":"LABELED","hashCode":"SPAN:eS2knCRgLegeRw8bcmSWA:0:7:0:12:0:7:0:12:8:0:undefined:undefined","labelName":"eS2knCRgLegeRw8bcmSWA","labelItem":{"id":"eS2knCRgLegeRw8bcmSWA","labelName":"Skill"},"textPosition":{"start":{"row":7,"column":0,"tokenIndex":12,"charIndex":0},"end":{"row":7,"column":0,"tokenIndex":12,"charIndex":8}},"confidenceScore":null},{"id":"1663412269","labeledBy":"AUTO","labeledByUserId":null,"acceptedByUserId":null,"rejectedByUserId":null,"layer":0,"counter":0,"status":"LABELED","hashCode":"SPAN:eS2knCRgLegeRw8bcmSWA:0:7:0:13:0:7:0:14:5:0:undefined:undefined","labelName":"eS2knCRgLegeRw8bcmSWA","labelItem":{"id":"eS2knCRgLegeRw8bcmSWA","labelName":"Skill"},"textPosition":{"start":{"row":7,"column":0,"tokenIndex":13,"charIndex":0},"end":{"row":7,"column":0,"tokenIndex":14,"charIndex":5}},"confidenceScore":null},{"id":"1663412275","labeledBy":"AUTO","labeledByUserId":null,"acceptedByUserId":null,"rejectedByUserId":null,"layer":0,"counter":0,"status":"LABELED","hashCode":"SPAN:SJEkdao76hjwbb6Fh5SY6:0:7:0:16:0:7:0:19:1:0:undefined:undefined","labelName":"SJEkdao76hjwbb6Fh5SY6","labelItem":{"id":"SJEkdao76hjwbb6Fh5SY6","labelName":"Job Title"},"textPosition":{"start":{"row":7,"column":0,"tokenIndex":16,"charIndex":0},"end":{"row":7,"column":0,"tokenIndex":19,"charIndex":1}},"confidenceScore":null},{"id":"1663412278","labeledBy":"AUTO","labeledByUserId":null,"acceptedByUserId":null,"rejectedByUserId":null,"layer":0,"counter":0,"status":"LABELED","hashCode":"SPAN:52S_6moRfhjC-yXgIBeCp:0:7:0:20:0:7:0:20:6:0:undefined:undefined","labelName":"52S_6moRfhjC-yXgIBeCp","labelItem":{"id":"52S_6moRfhjC-yXgIBeCp","labelName":"Date"},"textPosition":{"start":{"row":7,"column":0,"tokenIndex":20,"charIndex":0},"end":{"row":7,"column":0,"tokenIndex":20,"charIndex":6}},"confidenceScore":null},{"id":"1663412281","labeledBy":"AUTO","labeledByUserId":null,"acceptedByUserId":null,"rejectedByUserId":null,"layer":0,"counter":0,"status":"LABELED","hashCode":"SPAN:52S_6moRfhjC-yXgIBeCp:0:7:0:22:0:7:0:22:6:0:undefined:undefined","labelName":"52S_6moRfhjC-yXgIBeCp","labelItem":{"id":"52S_6moRfhjC-yXgIBeCp","labelName":"Date"},"textPosition":{"start":{"row":7,"column":0,"tokenIndex":22,"charIndex":0},"end":{"row":7,"column":0,"tokenIndex":22,"charIndex":6}},"confidenceScore":null},{"id":"1663412407","labeledBy":"AUTO","labeledByUserId":null,"acceptedByUserId":null,"rejectedByUserId":null,"layer":0,"counter":0,"status":"LABELED","hashCode":"SPAN:rj7TW0-ymuRo6f_asXJab:0:7:0:43:0:7:0:43:10:0:undefined:undefined","labelName":"rj7TW0-ymuRo6f_asXJab","labelItem":{"id":"rj7TW0-ymuRo6f_asXJab","labelName":"Company Name"},"textPosition":{"start":{"row":7,"column":0,"tokenIndex":43,"charIndex":0},"end":{"row":7,"column":0,"tokenIndex":43,"charIndex":10}},"confidenceScore":null},{"id":"1663412419","labeledBy":"AUTO","labeledByUserId":null,"acceptedByUserId":null,"rejectedByUserId":null,"layer":0,"counter":0,"status":"LABELED","hashCode":"SPAN:rj7TW0-ymuRo6f_asXJab:0:8:0:10:0:8:0:10:10:0:undefined:undefined","labelName":"rj7TW0-ymuRo6f_asXJab","labelItem":{"id":"rj7TW0-ymuRo6f_asXJab","labelName":"Company Name"},"textPosition":{"start":{"row":8,"column":0,"tokenIndex":10,"charIndex":0},"end":{"row":8,"column":0,"tokenIndex":10,"charIndex":10}},"confidenceScore":null},{"id":"1663412428","labeledBy":"AUTO","labeledByUserId":null,"acceptedByUserId":null,"rejectedByUserId":null,"layer":0,"counter":0,"status":"LABELED","hashCode":"SPAN:rj7TW0-ymuRo6f_asXJab:0:10:0:13:0:10:0:13:10:0:undefined:undefined","labelName":"rj7TW0-ymuRo6f_asXJab","labelItem":{"id":"rj7TW0-ymuRo6f_asXJab","labelName":"Company Name"},"textPosition":{"start":{"row":10,"column":0,"tokenIndex":13,"charIndex":0},"end":{"row":10,"column":0,"tokenIndex":13,"charIndex":10}},"confidenceScore":null},{"id":"1663412441","labeledBy":"AUTO","labeledByUserId":null,"acceptedByUserId":null,"rejectedByUserId":null,"layer":0,"counter":0,"status":"LABELED","hashCode":"SPAN:SJEkdao76hjwbb6Fh5SY6:0:12:0:0:0:12:0:3:8:0:undefined:undefined","labelName":"SJEkdao76hjwbb6Fh5SY6","labelItem":{"id":"SJEkdao76hjwbb6Fh5SY6","labelName":"Job Title"},"textPosition":{"start":{"row":12,"column":0,"tokenIndex":0,"charIndex":0},"end":{"row":12,"column":0,"tokenIndex":3,"charIndex":8}},"confidenceScore":null},{"id":"1663412452","labeledBy":"AUTO","labeledByUserId":null,"acceptedByUserId":null,"rejectedByUserId":null,"layer":0,"counter":0,"status":"LABELED","hashCode":"SPAN:52S_6moRfhjC-yXgIBeCp:0:12:0:4:0:12:0:6:6:0:undefined:undefined","labelName":"52S_6moRfhjC-yXgIBeCp","labelItem":{"id":"52S_6moRfhjC-yXgIBeCp","labelName":"Date"},"textPosition":{"start":{"row":12,"column":0,"tokenIndex":4,"charIndex":0},"end":{"row":12,"column":0,"tokenIndex":6,"charIndex":6}},"confidenceScore":null},{"id":"1663412497","labeledBy":"AUTO","labeledByUserId":null,"acceptedByUserId":null,"rejectedByUserId":null,"layer":0,"counter":0,"status":"LABELED","hashCode":"SPAN:SJEkdao76hjwbb6Fh5SY6:0:22:0:0:0:22:0:3:6:0:undefined:undefined","labelName":"SJEkdao76hjwbb6Fh5SY6","labelItem":{"id":"SJEkdao76hjwbb6Fh5SY6","labelName":"Job Title"},"textPosition":{"start":{"row":22,"column":0,"tokenIndex":0,"charIndex":0},"end":{"row":22,"column":0,"tokenIndex":3,"charIndex":6}},"confidenceScore":null},{"id":"1663412503","labeledBy":"AUTO","labeledByUserId":null,"acceptedByUserId":null,"rejectedByUserId":null,"layer":0,"counter":0,"status":"LABELED","hashCode":"SPAN:52S_6moRfhjC-yXgIBeCp:0:22:0:4:0:22:0:6:6:0:undefined:undefined","labelName":"52S_6moRfhjC-yXgIBeCp","labelItem":{"id":"52S_6moRfhjC-yXgIBeCp","labelName":"Date"},"textPosition":{"start":{"row":22,"column":0,"tokenIndex":4,"charIndex":0},"end":{"row":22,"column":0,"tokenIndex":6,"charIndex":6}},"confidenceScore":null},{"id":"1663412518","labeledBy":"AUTO","labeledByUserId":null,"acceptedByUserId":null,"rejectedByUserId":null,"layer":0,"counter":0,"status":"LABELED","hashCode":"SPAN:eS2knCRgLegeRw8bcmSWA:0:29:0:0:0:29:0:1:7:0:undefined:undefined","labelName":"eS2knCRgLegeRw8bcmSWA","labelItem":{"id":"eS2knCRgLegeRw8bcmSWA","labelName":"Skill"},"textPosition":{"start":{"row":29,"column":0,"tokenIndex":0,"charIndex":0},"end":{"row":29,"column":0,"tokenIndex":1,"charIndex":7}},"confidenceScore":null},{"id":"1663412533","labeledBy":"AUTO","labeledByUserId":null,"acceptedByUserId":null,"rejectedByUserId":null,"layer":0,"counter":0,"status":"LABELED","hashCode":"SPAN:SJEkdao76hjwbb6Fh5SY6:0:31:0:0:0:31:0:1:6:0:undefined:undefined","labelName":"SJEkdao76hjwbb6Fh5SY6","labelItem":{"id":"SJEkdao76hjwbb6Fh5SY6","labelName":"Job Title"},"textPosition":{"start":{"row":31,"column":0,"tokenIndex":0,"charIndex":0},"end":{"row":31,"column":0,"tokenIndex":1,"charIndex":6}},"confidenceScore":null},{"id":"1663412542","labeledBy":"AUTO","labeledByUserId":null,"acceptedByUserId":null,"rejectedByUserId":null,"layer":0,"counter":0,"status":"LABELED","hashCode":"SPAN:52S_6moRfhjC-yXgIBeCp:0:31:0:2:0:31:0:4:6:0:undefined:undefined","labelName":"52S_6moRfhjC-yXgIBeCp","labelItem":{"id":"52S_6moRfhjC-yXgIBeCp","labelName":"Date"},"textPosition":{"start":{"row":31,"column":0,"tokenIndex":2,"charIndex":0},"end":{"row":31,"column":0,"tokenIndex":4,"charIndex":6}},"confidenceScore":null},{"id":"1663412545","labeledBy":"AUTO","labeledByUserId":null,"acceptedByUserId":null,"rejectedByUserId":null,"layer":0,"counter":0,"status":"LABELED","hashCode":"SPAN:SJEkdao76hjwbb6Fh5SY6:0:31:0:34:0:31:0:36:6:0:undefined:undefined","labelName":"SJEkdao76hjwbb6Fh5SY6","labelItem":{"id":"SJEkdao76hjwbb6Fh5SY6","labelName":"Job Title"},"textPosition":{"start":{"row":31,"column":0,"tokenIndex":34,"charIndex":0},"end":{"row":31,"column":0,"tokenIndex":36,"charIndex":6}},"confidenceScore":null},{"id":"1663412548","labeledBy":"AUTO","labeledByUserId":null,"acceptedByUserId":null,"rejectedByUserId":null,"layer":0,"counter":0,"status":"LABELED","hashCode":"SPAN:52S_6moRfhjC-yXgIBeCp:0:31:0:37:0:31:0:39:6:0:undefined:undefined","labelName":"52S_6moRfhjC-yXgIBeCp","labelItem":{"id":"52S_6moRfhjC-yXgIBeCp","labelName":"Date"},"textPosition":{"start":{"row":31,"column":0,"tokenIndex":37,"charIndex":0},"end":{"row":31,"column":0,"tokenIndex":39,"charIndex":6}},"confidenceScore":null},{"id":"1663412567","labeledBy":"AUTO","labeledByUserId":null,"acceptedByUserId":null,"rejectedByUserId":null,"layer":0,"counter":0,"status":"LABELED","hashCode":"SPAN:IeEoIKabMl51BJE0gX2YL:0:47:0:0:0:47:0:3:2:0:undefined:undefined","labelName":"IeEoIKabMl51BJE0gX2YL","labelItem":{"id":"IeEoIKabMl51BJE0gX2YL","labelName":"Degree"},"textPosition":{"start":{"row":47,"column":0,"tokenIndex":0,"charIndex":0},"end":{"row":47,"column":0,"tokenIndex":3,"charIndex":2}},"confidenceScore":null},{"id":"1663412575","labeledBy":"AUTO","labeledByUserId":null,"acceptedByUserId":null,"rejectedByUserId":null,"layer":0,"counter":0,"status":"LABELED","hashCode":"SPAN:BjO8MdvK2KI4E5iMEeY4B:0:47:0:4:0:47:0:4:3:0:undefined:undefined","labelName":"BjO8MdvK2KI4E5iMEeY4B","labelItem":{"id":"BjO8MdvK2KI4E5iMEeY4B","labelName":"Graduation Year"},"textPosition":{"start":{"row":47,"column":0,"tokenIndex":4,"charIndex":0},"end":{"row":47,"column":0,"tokenIndex":4,"charIndex":3}},"confidenceScore":null},{"id":"1663412581","labeledBy":"AUTO","labeledByUserId":null,"acceptedByUserId":null,"rejectedByUserId":null,"layer":0,"counter":0,"status":"LABELED","hashCode":"SPAN:Kj5U6n9NUqTXuWcB3c_7L:0:47:0:5:0:47:0:8:3:0:undefined:undefined","labelName":"Kj5U6n9NUqTXuWcB3c_7L","labelItem":{"id":"Kj5U6n9NUqTXuWcB3c_7L","labelName":"College"},"textPosition":{"start":{"row":47,"column":0,"tokenIndex":5,"charIndex":0},"end":{"row":47,"column":0,"tokenIndex":8,"charIndex":3}},"confidenceScore":null},{"id":"1663412596","labeledBy":"AUTO","labeledByUserId":null,"acceptedByUserId":null,"rejectedByUserId":null,"layer":0,"counter":0,"status":"LABELED","hashCode":"SPAN:eS2knCRgLegeRw8bcmSWA:0:47:0:16:0:47:0:17:3:0:undefined:undefined","labelName":"eS2knCRgLegeRw8bcmSWA","labelItem":{"id":"eS2knCRgLegeRw8bcmSWA","labelName":"Skill"},"textPosition":{"start":{"row":47,"column":0,"tokenIndex":16,"charIndex":0},"end":{"row":47,"column":0,"tokenIndex":17,"charIndex":3}},"confidenceScore":null},{"id":"1663412602","labeledBy":"AUTO","labeledByUserId":null,"acceptedByUserId":null,"rejectedByUserId":null,"layer":0,"counter":0,"status":"LABELED","hashCode":"SPAN:eS2knCRgLegeRw8bcmSWA:0:47:0:18:0:47:0:18:10:0:undefined:undefined","labelName":"eS2knCRgLegeRw8bcmSWA","labelItem":{"id":"eS2knCRgLegeRw8bcmSWA","labelName":"Skill"},"textPosition":{"start":{"row":47,"column":0,"tokenIndex":18,"charIndex":0},"end":{"row":47,"column":0,"tokenIndex":18,"charIndex":10}},"confidenceScore":null},{"id":"1663412605","labeledBy":"AUTO","labeledByUserId":null,"acceptedByUserId":null,"rejectedByUserId":null,"layer":0,"counter":0,"status":"LABELED","hashCode":"SPAN:IeEoIKabMl51BJE0gX2YL:0:48:0:0:0:48:0:4:6:0:undefined:undefined","labelName":"IeEoIKabMl51BJE0gX2YL","labelItem":{"id":"IeEoIKabMl51BJE0gX2YL","labelName":"Degree"},"textPosition":{"start":{"row":48,"column":0,"tokenIndex":0,"charIndex":0},"end":{"row":48,"column":0,"tokenIndex":4,"charIndex":6}},"confidenceScore":null},{"id":"1663412608","labeledBy":"AUTO","labeledByUserId":null,"acceptedByUserId":null,"rejectedByUserId":null,"layer":0,"counter":0,"status":"LABELED","hashCode":"SPAN:BjO8MdvK2KI4E5iMEeY4B:0:48:0:5:0:48:0:5:3:0:undefined:undefined","labelName":"BjO8MdvK2KI4E5iMEeY4B","labelItem":{"id":"BjO8MdvK2KI4E5iMEeY4B","labelName":"Graduation Year"},"textPosition":{"start":{"row":48,"column":0,"tokenIndex":5,"charIndex":0},"end":{"row":48,"column":0,"tokenIndex":5,"charIndex":3}},"confidenceScore":null},{"id":"1663412614","labeledBy":"AUTO","labeledByUserId":null,"acceptedByUserId":null,"rejectedByUserId":null,"layer":0,"counter":0,"status":"LABELED","hashCode":"SPAN:1R0C50AAwFbEp2O0WmRv6:0:48:0:6:0:48:0:6:6:0:undefined:undefined","labelName":"1R0C50AAwFbEp2O0WmRv6","labelItem":{"id":"1R0C50AAwFbEp2O0WmRv6","labelName":"Location"},"textPosition":{"start":{"row":48,"column":0,"tokenIndex":6,"charIndex":0},"end":{"row":48,"column":0,"tokenIndex":6,"charIndex":6}},"confidenceScore":null},{"id":"1663412656","labeledBy":"AUTO","labeledByUserId":null,"acceptedByUserId":null,"rejectedByUserId":null,"layer":0,"counter":0,"status":"LABELED","hashCode":"SPAN:Kj5U6n9NUqTXuWcB3c_7L:0:50:0:0:0:50:0:4:9:0:undefined:undefined","labelName":"Kj5U6n9NUqTXuWcB3c_7L","labelItem":{"id":"Kj5U6n9NUqTXuWcB3c_7L","labelName":"College"},"textPosition":{"start":{"row":50,"column":0,"tokenIndex":0,"charIndex":0},"end":{"row":50,"column":0,"tokenIndex":4,"charIndex":9}},"confidenceScore":null},{"id":"1663412626","labeledBy":"AUTO","labeledByUserId":null,"acceptedByUserId":null,"rejectedByUserId":null,"layer":0,"counter":0,"status":"LABELED","hashCode":"SPAN:eS2knCRgLegeRw8bcmSWA:0:50:0:22:0:50:0:22:8:0:undefined:undefined","labelName":"eS2knCRgLegeRw8bcmSWA","labelItem":{"id":"eS2knCRgLegeRw8bcmSWA","labelName":"Skill"},"textPosition":{"start":{"row":50,"column":0,"tokenIndex":22,"charIndex":0},"end":{"row":50,"column":0,"tokenIndex":22,"charIndex":8}},"confidenceScore":null},{"id":"1663412644","labeledBy":"AUTO","labeledByUserId":null,"acceptedByUserId":null,"rejectedByUserId":null,"layer":0,"counter":0,"status":"LABELED","hashCode":"SPAN:eS2knCRgLegeRw8bcmSWA:0:50:0:23:0:50:0:23:7:0:undefined:undefined","labelName":"eS2knCRgLegeRw8bcmSWA","labelItem":{"id":"eS2knCRgLegeRw8bcmSWA","labelName":"Skill"},"textPosition":{"start":{"row":50,"column":0,"tokenIndex":23,"charIndex":0},"end":{"row":50,"column":0,"tokenIndex":23,"charIndex":7}},"confidenceScore":null},{"id":"1663412650","labeledBy":"AUTO","labeledByUserId":null,"acceptedByUserId":null,"rejectedByUserId":null,"layer":0,"counter":0,"status":"LABELED","hashCode":"SPAN:eS2knCRgLegeRw8bcmSWA:0:50:0:24:0:50:0:24:7:0:undefined:undefined","labelName":"eS2knCRgLegeRw8bcmSWA","labelItem":{"id":"eS2knCRgLegeRw8bcmSWA","labelName":"Skill"},"textPosition":{"start":{"row":50,"column":0,"tokenIndex":24,"charIndex":0},"end":{"row":50,"column":0,"tokenIndex":24,"charIndex":7}},"confidenceScore":null},{"id":"1663412632","labeledBy":"AUTO","labeledByUserId":null,"acceptedByUserId":null,"rejectedByUserId":null,"layer":0,"counter":0,"status":"LABELED","hashCode":"SPAN:eS2knCRgLegeRw8bcmSWA:0:51:0:2:0:51:0:2:10:0:undefined:undefined","labelName":"eS2knCRgLegeRw8bcmSWA","labelItem":{"id":"eS2knCRgLegeRw8bcmSWA","labelName":"Skill"},"textPosition":{"start":{"row":51,"column":0,"tokenIndex":2,"charIndex":0},"end":{"row":51,"column":0,"tokenIndex":2,"charIndex":10}},"confidenceScore":null},{"id":"1663412635","labeledBy":"AUTO","labeledByUserId":null,"acceptedByUserId":null,"rejectedByUserId":null,"layer":0,"counter":0,"status":"LABELED","hashCode":"SPAN:eS2knCRgLegeRw8bcmSWA:0:51:0:3:0:51:0:3:5:0:undefined:undefined","labelName":"eS2knCRgLegeRw8bcmSWA","labelItem":{"id":"eS2knCRgLegeRw8bcmSWA","labelName":"Skill"},"textPosition":{"start":{"row":51,"column":0,"tokenIndex":3,"charIndex":0},"end":{"row":51,"column":0,"tokenIndex":3,"charIndex":5}},"confidenceScore":null},{"id":"1663412638","labeledBy":"AUTO","labeledByUserId":null,"acceptedByUserId":null,"rejectedByUserId":null,"layer":0,"counter":0,"status":"LABELED","hashCode":"SPAN:eS2knCRgLegeRw8bcmSWA:0:52:0:1:0:52:0:1:7:0:undefined:undefined","labelName":"eS2knCRgLegeRw8bcmSWA","labelItem":{"id":"eS2knCRgLegeRw8bcmSWA","labelName":"Skill"},"textPosition":{"start":{"row":52,"column":0,"tokenIndex":1,"charIndex":0},"end":{"row":52,"column":0,"tokenIndex":1,"charIndex":7}},"confidenceScore":null},{"id":"1663412662","labeledBy":"AUTO","labeledByUserId":null,"acceptedByUserId":null,"rejectedByUserId":null,"layer":0,"counter":0,"status":"LABELED","hashCode":"SPAN:eS2knCRgLegeRw8bcmSWA:0:53:0:1:0:53:0:2:7:0:undefined:undefined","labelName":"eS2knCRgLegeRw8bcmSWA","labelItem":{"id":"eS2knCRgLegeRw8bcmSWA","labelName":"Skill"},"textPosition":{"start":{"row":53,"column":0,"tokenIndex":1,"charIndex":0},"end":{"row":53,"column":0,"tokenIndex":2,"charIndex":7}},"confidenceScore":null},{"id":"1663412668","labeledBy":"AUTO","labeledByUserId":null,"acceptedByUserId":null,"rejectedByUserId":null,"layer":0,"counter":0,"status":"LABELED","hashCode":"SPAN:eS2knCRgLegeRw8bcmSWA:0:53:0:5:0:53:0:5:10:0:undefined:undefined","labelName":"eS2knCRgLegeRw8bcmSWA","labelItem":{"id":"eS2knCRgLegeRw8bcmSWA","labelName":"Skill"},"textPosition":{"start":{"row":53,"column":0,"tokenIndex":5,"charIndex":0},"end":{"row":53,"column":0,"tokenIndex":5,"charIndex":10}},"confidenceScore":null},{"id":"1663412674","labeledBy":"AUTO","labeledByUserId":null,"acceptedByUserId":null,"rejectedByUserId":null,"layer":0,"counter":0,"status":"LABELED","hashCode":"SPAN:eS2knCRgLegeRw8bcmSWA:0:53:0:6:0:53:0:7:7:0:undefined:undefined","labelName":"eS2knCRgLegeRw8bcmSWA","labelItem":{"id":"eS2knCRgLegeRw8bcmSWA","labelName":"Skill"},"textPosition":{"start":{"row":53,"column":0,"tokenIndex":6,"charIndex":0},"end":{"row":53,"column":0,"tokenIndex":7,"charIndex":7}},"confidenceScore":null},{"id":"1663412680","labeledBy":"AUTO","labeledByUserId":null,"acceptedByUserId":null,"rejectedByUserId":null,"layer":0,"counter":0,"status":"LABELED","hashCode":"SPAN:eS2knCRgLegeRw8bcmSWA:0:53:0:10:0:53:0:11:6:0:undefined:undefined","labelName":"eS2knCRgLegeRw8bcmSWA","labelItem":{"id":"eS2knCRgLegeRw8bcmSWA","labelName":"Skill"},"textPosition":{"start":{"row":53,"column":0,"tokenIndex":10,"charIndex":0},"end":{"row":53,"column":0,"tokenIndex":11,"charIndex":6}},"confidenceScore":null},{"id":"1663412686","labeledBy":"AUTO","labeledByUserId":null,"acceptedByUserId":null,"rejectedByUserId":null,"layer":0,"counter":0,"status":"LABELED","hashCode":"SPAN:eS2knCRgLegeRw8bcmSWA:0:53:0:14:0:53:0:15:5:0:undefined:undefined","labelName":"eS2knCRgLegeRw8bcmSWA","labelItem":{"id":"eS2knCRgLegeRw8bcmSWA","labelName":"Skill"},"textPosition":{"start":{"row":53,"column":0,"tokenIndex":14,"charIndex":0},"end":{"row":53,"column":0,"tokenIndex":15,"charIndex":5}},"confidenceScore":null},{"id":"1663412710","labeledBy":"AUTO","labeledByUserId":null,"acceptedByUserId":null,"rejectedByUserId":null,"layer":0,"counter":0,"status":"LABELED","hashCode":"SPAN:eS2knCRgLegeRw8bcmSWA:0:60:0:0:0:60:0:1:9:0:undefined:undefined","labelName":"eS2knCRgLegeRw8bcmSWA","labelItem":{"id":"eS2knCRgLegeRw8bcmSWA","labelName":"Skill"},"textPosition":{"start":{"row":60,"column":0,"tokenIndex":0,"charIndex":0},"end":{"row":60,"column":0,"tokenIndex":1,"charIndex":9}},"confidenceScore":null},{"id":"1663412713","labeledBy":"AUTO","labeledByUserId":null,"acceptedByUserId":null,"rejectedByUserId":null,"layer":0,"counter":0,"status":"LABELED","hashCode":"SPAN:eS2knCRgLegeRw8bcmSWA:0:61:0:0:0:61:0:0:7:0:undefined:undefined","labelName":"eS2knCRgLegeRw8bcmSWA","labelItem":{"id":"eS2knCRgLegeRw8bcmSWA","labelName":"Skill"},"textPosition":{"start":{"row":61,"column":0,"tokenIndex":0,"charIndex":0},"end":{"row":61,"column":0,"tokenIndex":0,"charIndex":7}},"confidenceScore":null},{"id":"1663412722","labeledBy":"AUTO","labeledByUserId":null,"acceptedByUserId":null,"rejectedByUserId":null,"layer":0,"counter":0,"status":"LABELED","hashCode":"SPAN:eS2knCRgLegeRw8bcmSWA:0:62:0:3:0:62:0:4:6:0:undefined:undefined","labelName":"eS2knCRgLegeRw8bcmSWA","labelItem":{"id":"eS2knCRgLegeRw8bcmSWA","labelName":"Skill"},"textPosition":{"start":{"row":62,"column":0,"tokenIndex":3,"charIndex":0},"end":{"row":62,"column":0,"tokenIndex":4,"charIndex":6}},"confidenceScore":null},{"id":"1663412728","labeledBy":"AUTO","labeledByUserId":null,"acceptedByUserId":null,"rejectedByUserId":null,"layer":0,"counter":0,"status":"LABELED","hashCode":"SPAN:eS2knCRgLegeRw8bcmSWA:0:63:0:4:0:63:0:4:7:0:undefined:undefined","labelName":"eS2knCRgLegeRw8bcmSWA","labelItem":{"id":"eS2knCRgLegeRw8bcmSWA","labelName":"Skill"},"textPosition":{"start":{"row":63,"column":0,"tokenIndex":4,"charIndex":0},"end":{"row":63,"column":0,"tokenIndex":4,"charIndex":7}},"confidenceScore":null}],"arrowLabels":[],"boundingBoxLabels":[],"timeLabels":[],"comments":[],"url":"datasaur://static/6814/94750967-ccd6-4014-b794-240def321833.txt"}}
