{"version":"1","data":{"project":{"id":"ODBjYmQ2MDg","name":"NLP SSM Final Project"},"document":{"id":"779ce313-04b2-4043-8cde-ea7fa73aca73","name":"resume_6214_d2.txt"},"kinds":["TOKEN_BASED"],"rows":[[{"content":"Systems Administrator Systems Administrator Systems Administrator Annville, PA ?","tokens":["Systems","Administrator","Systems","Administrator","Systems","Administrator","Annville,","PA","?"],"metadata":[]}],[{"content":"Successful Systems Administrator with 22+ years experience in system administration in environments that have consisted of multiple operating divisions, remote facilities and multiple data centers ?","tokens":["Successful","Systems","Administrator","with","22+","years","experience","in","system","administration","in","environments","that","have","consisted","of","multiple","operating","divisions,","remote","facilities","and","multiple","data","centers","?"],"metadata":[]}],[{"content":"Effective communicator at all levels and across functional teams with focus on meeting the needs of the business, customers and end users ?","tokens":["Effective","communicator","at","all","levels","and","across","functional","teams","with","focus","on","meeting","the","needs","of","the","business,","customers","and","end","users","?"],"metadata":[]}],[{"content":"Accustomed to fast pace with shifting priorities and multiple concurrent projects ?","tokens":["Accustomed","to","fast","pace","with","shifting","priorities","and","multiple","concurrent","projects","?"],"metadata":[]}],[{"content":"Highly analytical with excellent problem solving skills ?","tokens":["Highly","analytical","with","excellent","problem","solving","skills","?"],"metadata":[]}],[{"content":"Self-motivated leader with attention to detail ?","tokens":["Self-motivated","leader","with","attention","to","detail","?"],"metadata":[]}],[{"content":"Adaptive to changing business demands with forward thinking to implement creative solutions Authorized to work in the US for any employer Work Experience Systems Administrator E & E Technical Consultants Inc - Harrisburg, PA April 2019 to Present Administration, operation and support of critical compute infrastructure","tokens":["Adaptive","to","changing","business","demands","with","forward","thinking","to","implement","creative","solutions","Authorized","to","work","in","the","US","for","any","employer","Work","Experience","Systems","Administrator","E","&","E","Technical","Consultants","Inc","-","Harrisburg,","PA","April","2019","to","Present","Administration,","operation","and","support","of","critical","compute","infrastructure"],"metadata":[]}],[{"content":"Design, develop, and implement application infrastructure to provide reliable and scalable applications and systems to meet the organizations objectives and requirements.","tokens":["Design,","develop,","and","implement","application","infrastructure","to","provide","reliable","and","scalable","applications","and","systems","to","meet","the","organizations","objectives","and","requirements."],"metadata":[]}],[{"content":"Windows Server deployment, configuration and administration; Installing and configuring hardware and software.","tokens":["Windows","Server","deployment,","configuration","and","administration;","Installing","and","configuring","hardware","and","software."],"metadata":[]}],[{"content":"Implement and maintain monitoring utilities and software for fault management, performance and log analysis & actively respond to system issues and outages in a timely manner.","tokens":["Implement","and","maintain","monitoring","utilities","and","software","for","fault","management,","performance","and","log","analysis","&","actively","respond","to","system","issues","and","outages","in","a","timely","manner."],"metadata":[]}],[{"content":"Works with third party hosting facilities, vendors and contractors providing compute services in support ofdelivery center systems, including mission critical systems.","tokens":["Works","with","third","party","hosting","facilities,","vendors","and","contractors","providing","compute","services","in","support","ofdelivery","center","systems,","including","mission","critical","systems."],"metadata":[]}],[{"content":"Assist in architecting, planning and implementing compute needs in third party hosted facilities.","tokens":["Assist","in","architecting,","planning","and","implementing","compute","needs","in","third","party","hosted","facilities."],"metadata":[]}],[{"content":"Involved in the planning and design of complex compute configurations including all hardware and software necessary for system operation and functionality and prepares design plans and specificationsfor acquisition and implementation according to established standards.","tokens":["Involved","in","the","planning","and","design","of","complex","compute","configurations","including","all","hardware","and","software","necessary","for","system","operation","and","functionality","and","prepares","design","plans","and","specificationsfor","acquisition","and","implementation","according","to","established","standards."],"metadata":[]}],[{"content":"Handle service desk tickets.","tokens":["Handle","service","desk","tickets."],"metadata":[]}],[{"content":"Create and maintain system documentation.","tokens":["Create","and","maintain","system","documentation."],"metadata":[]}],[{"content":"Systems supported include: VMWare, SQL Server, Windows Server 2008/2012/2016/2019, ServiceNow, Microsoft Security Center Operations Manager (SCOM), Skype, vRealize.","tokens":["Systems","supported","include:","VMWare,","SQL","Server,","Windows","Server","2008/2012/2016/2019,","ServiceNow,","Microsoft","Security","Center","Operations","Manager","(SCOM),","Skype,","vRealize."],"metadata":[]}],[{"content":"Key Achievements: ?","tokens":["Key","Achievements:","?"],"metadata":[]}],[{"content":"Created new standardized dashboards for each department in Microsoft SCOM.","tokens":["Created","new","standardized","dashboards","for","each","department","in","Microsoft","SCOM."],"metadata":[]}],[{"content":"?","tokens":["?"],"metadata":[]}],[{"content":"Added monitoring of Routers, Switches, UPS, and Web Application Services.","tokens":["Added","monitoring","of","Routers,","Switches,","UPS,","and","Web","Application","Services."],"metadata":[]}],[{"content":"?","tokens":["?"],"metadata":[]}],[{"content":"Updated firmware/drivers on 77 branch servers.","tokens":["Updated","firmware/drivers","on","77","branch","servers."],"metadata":[]}],[{"content":"?","tokens":["?"],"metadata":[]}],[{"content":"Patched and updated VMWare templates and VMs.","tokens":["Patched","and","updated","VMWare","templates","and","VMs."],"metadata":[]}],[{"content":"?","tokens":["?"],"metadata":[]}],[{"content":"Created scripting to automate and audit VM upgrades.","tokens":["Created","scripting","to","automate","and","audit","VM","upgrades."],"metadata":[]}],[{"content":"Systems Administrator Stephenson Equipment Inc - Harrisburg, PA December 2016 to February 2019 Chart the IT direction of the company.","tokens":["Systems","Administrator","Stephenson","Equipment","Inc","-","Harrisburg,","PA","December","2016","to","February","2019","Chart","the","IT","direction","of","the","company."],"metadata":[]}],[{"content":"Manage all IT and Telecomm Systems.","tokens":["Manage","all","IT","and","Telecomm","Systems."],"metadata":[]}],[{"content":"In charge of all IT staff.","tokens":["In","charge","of","all","IT","staff."],"metadata":[]}],[{"content":"Responsible for uptime, and creating failover of systems.","tokens":["Responsible","for","uptime,","and","creating","failover","of","systems."],"metadata":[]}],[{"content":"Maintain and created reports in Microsoft SQL Server Reporting Services to fulfill business requirements.","tokens":["Maintain","and","created","reports","in","Microsoft","SQL","Server","Reporting","Services","to","fulfill","business","requirements."],"metadata":[]}],[{"content":"Purchase and track all licenses and equipment.","tokens":["Purchase","and","track","all","licenses","and","equipment."],"metadata":[]}],[{"content":"Provide support for end users.","tokens":["Provide","support","for","end","users."],"metadata":[]}],[{"content":"Create documentation and procedures.","tokens":["Create","documentation","and","procedures."],"metadata":[]}],[{"content":"In charge of user administration and backups.","tokens":["In","charge","of","user","administration","and","backups."],"metadata":[]}],[{"content":"Systems supported include: Exchange, VMWare, Barracuda Email and Spam Gateway, Citrix, Vipre, SQL Server, Foresight, Cisco Call Manager, Cisco Unity, Bridge Operator, Cisco Routers & Switches, Meraki Routers Switches & Access Points, Unitrends, Panopta, ACT!, EBS, LogMeIn, Carbonite, Windows Server, SAN, Laptops, PC, and cell phones.","tokens":["Systems","supported","include:","Exchange,","VMWare,","Barracuda","Email","and","Spam","Gateway,","Citrix,","Vipre,","SQL","Server,","Foresight,","Cisco","Call","Manager,","Cisco","Unity,","Bridge","Operator,","Cisco","Routers","&","Switches,","Meraki","Routers","Switches","&","Access","Points,","Unitrends,","Panopta,","ACT!,","EBS,","LogMeIn,","Carbonite,","Windows","Server,","SAN,","Laptops,","PC,","and","cell","phones."],"metadata":[]}],[{"content":"Key Achievements: ?","tokens":["Key","Achievements:","?"],"metadata":[]}],[{"content":"Orchestrated an upgrade of both Core and SAN switches to 10G w/ Dual Switches for Failover.","tokens":["Orchestrated","an","upgrade","of","both","Core","and","SAN","switches","to","10G","w/","Dual","Switches","for","Failover."],"metadata":[]}],[{"content":"?","tokens":["?"],"metadata":[]}],[{"content":"Orchestrated failover routing for VOIP Phones ?","tokens":["Orchestrated","failover","routing","for","VOIP","Phones","?"],"metadata":[]}],[{"content":"Created Failover for Radius, VPN, DNS ?","tokens":["Created","Failover","for","Radius,","VPN,","DNS","?"],"metadata":[]}],[{"content":"Upgraded data circuits and implemented backups circuits for multi-state and multi-site connections.","tokens":["Upgraded","data","circuits","and","implemented","backups","circuits","for","multi-state","and","multi-site","connections."],"metadata":[]}],[{"content":"?","tokens":["?"],"metadata":[]}],[{"content":"Upgraded voice circuits from T1 to Ethernet for multi-state and multi-site connections.","tokens":["Upgraded","voice","circuits","from","T1","to","Ethernet","for","multi-state","and","multi-site","connections."],"metadata":[]}],[{"content":"?","tokens":["?"],"metadata":[]}],[{"content":"Increased backup retention and added cloud based DRaaS.","tokens":["Increased","backup","retention","and","added","cloud","based","DRaaS."],"metadata":[]}],[{"content":"?","tokens":["?"],"metadata":[]}],[{"content":"Orchestrated an upgrade from a single SQL server to a SQL Cluster.","tokens":["Orchestrated","an","upgrade","from","a","single","SQL","server","to","a","SQL","Cluster."],"metadata":[]}],[{"content":"?","tokens":["?"],"metadata":[]}],[{"content":"Orchestrated an upgrade of the Exchange server and added a backup DAG server.","tokens":["Orchestrated","an","upgrade","of","the","Exchange","server","and","added","a","backup","DAG","server."],"metadata":[]}],[{"content":"?","tokens":["?"],"metadata":[]}],[{"content":"Upgraded Citrix from a single server to multiple server Citrix Farm ?","tokens":["Upgraded","Citrix","from","a","single","server","to","multiple","server","Citrix","Farm","?"],"metadata":[]}],[{"content":"Upgraded SAN to a Dell Compellant increasing both storage and speed.","tokens":["Upgraded","SAN","to","a","Dell","Compellant","increasing","both","storage","and","speed."],"metadata":[]}],[{"content":"?","tokens":["?"],"metadata":[]}],[{"content":"Connected Walsh Equipment Inc and Stephenson Equipment Inc's networks together.","tokens":["Connected","Walsh","Equipment","Inc","and","Stephenson","Equipment","Inc's","networks","together."],"metadata":[]}],[{"content":"?","tokens":["?"],"metadata":[]}],[{"content":"Increased Uptime of UPS ?","tokens":["Increased","Uptime","of","UPS","?"],"metadata":[]}],[{"content":"Implemented network monitoring.","tokens":["Implemented","network","monitoring."],"metadata":[]}],[{"content":"?","tokens":["?"],"metadata":[]}],[{"content":"Upgraded CRM software Act!","tokens":["Upgraded","CRM","software","Act!"],"metadata":[]}],[{"content":"to current version and rolled out to Sales ?","tokens":["to","current","version","and","rolled","out","to","Sales","?"],"metadata":[]}],[{"content":"Orchestrated VMware upgrade ?","tokens":["Orchestrated","VMware","upgrade","?"],"metadata":[]}],[{"content":"Successfully relocated multiple site locations to other locations.","tokens":["Successfully","relocated","multiple","site","locations","to","other","locations."],"metadata":[]}],[{"content":"PC Analyst New Penn Motor Express - Lebanon, PA February 1997 to November 2016 Support a fast paced next day delivery trucking company with many locations.","tokens":["PC","Analyst","New","Penn","Motor","Express","-","Lebanon,","PA","February","1997","to","November","2016","Support","a","fast","paced","next","day","delivery","trucking","company","with","many","locations."],"metadata":[]}],[{"content":"Provide support for help desk, network, PC, server, Citrix.","tokens":["Provide","support","for","help","desk,","network,","PC,","server,","Citrix."],"metadata":[]}],[{"content":"Establish and maintain relations with vendors and service providers for equipment and software.","tokens":["Establish","and","maintain","relations","with","vendors","and","service","providers","for","equipment","and","software."],"metadata":[]}],[{"content":"Manage inventory from procurement, asset tracking, and licensing.","tokens":["Manage","inventory","from","procurement,","asset","tracking,","and","licensing."],"metadata":[]}],[{"content":"Install end user equipment.","tokens":["Install","end","user","equipment."],"metadata":[]}],[{"content":"Manage warranty and support renewals.","tokens":["Manage","warranty","and","support","renewals."],"metadata":[]}],[{"content":"Maintain handheld computers for drivers.","tokens":["Maintain","handheld","computers","for","drivers."],"metadata":[]}],[{"content":"Support forklift scales and scanners for Weights & Inspections.","tokens":["Support","forklift","scales","and","scanners","for","Weights","&","Inspections."],"metadata":[]}],[{"content":"Create documents and procedures.","tokens":["Create","documents","and","procedures."],"metadata":[]}],[{"content":"In charge of user administration and backups.","tokens":["In","charge","of","user","administration","and","backups."],"metadata":[]}],[{"content":"Key Achievements: ","tokens":["Key","Achievements:"],"metadata":[]}],[{"content":"Multiple Laptop and PC rollouts ","tokens":["Multiple","Laptop","and","PC","rollouts"],"metadata":[]}],[{"content":"Citrix Migration of 2016","tokens":["Citrix","Migration","of","2016"],"metadata":[]}],[{"content":"Migrated users to iGel UD2 and Wyse 3030 thin client devices.","tokens":["Migrated","users","to","iGel","UD2","and","Wyse","3030","thin","client","devices."],"metadata":[]}],[{"content":"","tokens":[""],"metadata":[]}],[{"content":"Service cost control for Mobile Handhelds","tokens":["Service","cost","control","for","Mobile","Handhelds"],"metadata":[]}],[{"content":"Reduced repair costs 18% with a 4 week turnaround","tokens":["Reduced","repair","costs","18%","with","a","4","week","turnaround"],"metadata":[]}],[{"content":"Further reduced repair costs 32% and sped up the turnaround to 2 weeks","tokens":["Further","reduced","repair","costs","32%","and","sped","up","the","turnaround","to","2","weeks"],"metadata":[]}],[{"content":"Finally, reduced repair costs 24% and sped up repair costs to 2 days","tokens":["Finally,","reduced","repair","costs","24%","and","sped","up","repair","costs","to","2","days"],"metadata":[]}],[{"content":"This comes to a $2,850 per month cost savings.","tokens":["This","comes","to","a","$2,850","per","month","cost","savings."],"metadata":[]}],[{"content":"","tokens":[""],"metadata":[]}],[{"content":"Secured a National Contract with Avery Weigh-Tronix to service the forklift scales and cut support costs.","tokens":["Secured","a","National","Contract","with","Avery","Weigh-Tronix","to","service","the","forklift","scales","and","cut","support","costs."],"metadata":[]}],[{"content":"","tokens":[""],"metadata":[]}],[{"content":"Replaced backup solutions several times","tokens":["Replaced","backup","solutions","several","times"],"metadata":[]}],[{"content":"Migrated to ARCserve IT on Novell","tokens":["Migrated","to","ARCserve","IT","on","Novell"],"metadata":[]}],[{"content":"Migrated to NetBackup on Linux","tokens":["Migrated","to","NetBackup","on","Linux"],"metadata":[]}],[{"content":"Migrated to NetBackup on Windows.","tokens":["Migrated","to","NetBackup","on","Windows."],"metadata":[]}],[{"content":"","tokens":[""],"metadata":[]}],[{"content":"Upgraded Novell Netware 5 network to Novell Netware 6.","tokens":["Upgraded","Novell","Netware","5","network","to","Novell","Netware","6."],"metadata":[]}],[{"content":"Education B.S. in Computer Science in SQL Programming Lebanon Valley College - Annville, PA 1995 Skills Microsoft Office (10+ years), Microsoft Visio (10+ years), Cisco Meraki networking equipment (2 years), Cisco Unified Communications System (2 years), Bridge Operator Console (2 years), Adobe Suite (4 years), Unitrends Backup with Forever Cloud and DRaaS (2 years), Lotus Notes (10+ years), Novell Netware (5 years), Symantec Ghost (10+ years), VMWare (4 years), Barracude Email and Spam Gateway (2 years), Microsoft SQL Server (2 years), Trend Micro OfficeScan (5 years), Vipre (2 years), BackupExec (3 years), NetBackup (5 years), ArcServe IT (5 years), LogMeIn (2 years), Carbonite (2 years), Windows Server (10+ years), Citrix (10+ years), System Administrator, Active Directory, System Admin, Red Hat, Linux Certifications/Licenses Certified Meraki Network Operator (CMNO) January 2019 to Present Cisco Meraki certification.","tokens":["Education","B.S.","in","Computer","Science","in","SQL","Programming","Lebanon","Valley","College","-","Annville,","PA","1995","Skills","Microsoft","Office","(10+","years),","Microsoft","Visio","(10+","years),","Cisco","Meraki","networking","equipment","(2","years),","Cisco","Unified","Communications","System","(2","years),","Bridge","Operator","Console","(2","years),","Adobe","Suite","(4","years),","Unitrends","Backup","with","Forever","Cloud","and","DRaaS","(2","years),","Lotus","Notes","(10+","years),","Novell","Netware","(5","years),","Symantec","Ghost","(10+","years),","VMWare","(4","years),","Barracude","Email","and","Spam","Gateway","(2","years),","Microsoft","SQL","Server","(2","years),","Trend","Micro","OfficeScan","(5","years),","Vipre","(2","years),","BackupExec","(3","years),","NetBackup","(5","years),","ArcServe","IT","(5","years),","LogMeIn","(2","years),","Carbonite","(2","years),","Windows","Server","(10+","years),","Citrix","(10+","years),","System","Administrator,","Active","Directory,","System","Admin,","Red","Hat,","Linux","Certifications/Licenses","Certified","Meraki","Network","Operator","(CMNO)","January","2019","to","Present","Cisco","Meraki","certification."],"metadata":[]}],[{"content":"Groups Central PA VMWare User Group October 2017 to Present March 2018 I joined the leadership of this group.","tokens":["Groups","Central","PA","VMWare","User","Group","October","2017","to","Present","March","2018","I","joined","the","leadership","of","this","group."],"metadata":[]}],[{"content":"Additional Information Actively involved in personal development and leadership skills Additional courses taken: SQL Programming Microsoft 70-461 Querying SQL Server 2012 Microsoft 70-462 Administering SQL Server 2012 Databases","tokens":["Additional","Information","Actively","involved","in","personal","development","and","leadership","skills","Additional","courses","taken:","SQL","Programming","Microsoft","70-461","Querying","SQL","Server","2012","Microsoft","70-462","Administering","SQL","Server","2012","Databases"],"metadata":[]}]],"labelerInfo":{"id":6814,"email":"cwilhel8@jh.edu","displayName":"Chris Wilhelm"},"labelSets":[{"name":"Resume Labels","index":0,"labelItems":[{"id":"Kj5U6n9NUqTXuWcB3c_7L","labelName":"College"},{"id":"rj7TW0-ymuRo6f_asXJab","labelName":"Company Name"},{"id":"SJEkdao76hjwbb6Fh5SY6","labelName":"Job Title"},{"id":"BjO8MdvK2KI4E5iMEeY4B","labelName":"Graduation Year"},{"id":"eS2knCRgLegeRw8bcmSWA","labelName":"Skill"},{"id":"IeEoIKabMl51BJE0gX2YL","labelName":"Degree"},{"id":"1R0C50AAwFbEp2O0WmRv6","labelName":"Location"},{"id":"zQcc4ygexJ_A3Gb0NeRTk","labelName":"Years of Experience"},{"id":"52S_6moRfhjC-yXgIBeCp","labelName":"Date"},{"id":"KiLarWmwlU1E3-FfdG6Qg","labelName":"Project"},{"id":"dyxKKTAxW1z5ifjPj42BI","labelName":"Name"}]}],"spanLabels":[{"id":"1663420987","labeledBy":"AUTO","labeledByUserId":null,"acceptedByUserId":null,"rejectedByUserId":null,"layer":0,"counter":0,"status":"LABELED","hashCode":"SPAN:SJEkdao76hjwbb6Fh5SY6:0:0:0:0:0:0:0:1:12:0:undefined:undefined","labelName":"SJEkdao76hjwbb6Fh5SY6","labelItem":{"id":"SJEkdao76hjwbb6Fh5SY6","labelName":"Job Title"},"textPosition":{"start":{"row":0,"column":0,"tokenIndex":0,"charIndex":0},"end":{"row":0,"column":0,"tokenIndex":1,"charIndex":12}},"confidenceScore":null},{"id":"1663420990","labeledBy":"AUTO","labeledByUserId":null,"acceptedByUserId":null,"rejectedByUserId":null,"layer":0,"counter":0,"status":"LABELED","hashCode":"SPAN:SJEkdao76hjwbb6Fh5SY6:0:0:0:2:0:0:0:3:12:0:undefined:undefined","labelName":"SJEkdao76hjwbb6Fh5SY6","labelItem":{"id":"SJEkdao76hjwbb6Fh5SY6","labelName":"Job Title"},"textPosition":{"start":{"row":0,"column":0,"tokenIndex":2,"charIndex":0},"end":{"row":0,"column":0,"tokenIndex":3,"charIndex":12}},"confidenceScore":null},{"id":"1663420993","labeledBy":"AUTO","labeledByUserId":null,"acceptedByUserId":null,"rejectedByUserId":null,"layer":0,"counter":0,"status":"LABELED","hashCode":"SPAN:SJEkdao76hjwbb6Fh5SY6:0:0:0:4:0:0:0:5:12:0:undefined:undefined","labelName":"SJEkdao76hjwbb6Fh5SY6","labelItem":{"id":"SJEkdao76hjwbb6Fh5SY6","labelName":"Job Title"},"textPosition":{"start":{"row":0,"column":0,"tokenIndex":4,"charIndex":0},"end":{"row":0,"column":0,"tokenIndex":5,"charIndex":12}},"confidenceScore":null},{"id":"1663420996","labeledBy":"AUTO","labeledByUserId":null,"acceptedByUserId":null,"rejectedByUserId":null,"layer":0,"counter":0,"status":"LABELED","hashCode":"SPAN:1R0C50AAwFbEp2O0WmRv6:0:0:0:6:0:0:0:6:8:0:undefined:undefined","labelName":"1R0C50AAwFbEp2O0WmRv6","labelItem":{"id":"1R0C50AAwFbEp2O0WmRv6","labelName":"Location"},"textPosition":{"start":{"row":0,"column":0,"tokenIndex":6,"charIndex":0},"end":{"row":0,"column":0,"tokenIndex":6,"charIndex":8}},"confidenceScore":null},{"id":"1663420999","labeledBy":"AUTO","labeledByUserId":null,"acceptedByUserId":null,"rejectedByUserId":null,"layer":0,"counter":0,"status":"LABELED","hashCode":"SPAN:1R0C50AAwFbEp2O0WmRv6:0:0:0:7:0:0:0:7:1:0:undefined:undefined","labelName":"1R0C50AAwFbEp2O0WmRv6","labelItem":{"id":"1R0C50AAwFbEp2O0WmRv6","labelName":"Location"},"textPosition":{"start":{"row":0,"column":0,"tokenIndex":7,"charIndex":0},"end":{"row":0,"column":0,"tokenIndex":7,"charIndex":1}},"confidenceScore":null},{"id":"1663421002","labeledBy":"AUTO","labeledByUserId":null,"acceptedByUserId":null,"rejectedByUserId":null,"layer":0,"counter":0,"status":"LABELED","hashCode":"SPAN:eS2knCRgLegeRw8bcmSWA:0:1:0:1:0:1:0:2:12:0:undefined:undefined","labelName":"eS2knCRgLegeRw8bcmSWA","labelItem":{"id":"eS2knCRgLegeRw8bcmSWA","labelName":"Skill"},"textPosition":{"start":{"row":1,"column":0,"tokenIndex":1,"charIndex":0},"end":{"row":1,"column":0,"tokenIndex":2,"charIndex":12}},"confidenceScore":null},{"id":"1663421005","labeledBy":"AUTO","labeledByUserId":null,"acceptedByUserId":null,"rejectedByUserId":null,"layer":0,"counter":0,"status":"LABELED","hashCode":"SPAN:zQcc4ygexJ_A3Gb0NeRTk:0:1:0:4:0:1:0:5:4:0:undefined:undefined","labelName":"zQcc4ygexJ_A3Gb0NeRTk","labelItem":{"id":"zQcc4ygexJ_A3Gb0NeRTk","labelName":"Years of Experience"},"textPosition":{"start":{"row":1,"column":0,"tokenIndex":4,"charIndex":0},"end":{"row":1,"column":0,"tokenIndex":5,"charIndex":4}},"confidenceScore":null},{"id":"1663421008","labeledBy":"AUTO","labeledByUserId":null,"acceptedByUserId":null,"rejectedByUserId":null,"layer":0,"counter":0,"status":"LABELED","hashCode":"SPAN:eS2knCRgLegeRw8bcmSWA:0:1:0:8:0:1:0:9:13:0:undefined:undefined","labelName":"eS2knCRgLegeRw8bcmSWA","labelItem":{"id":"eS2knCRgLegeRw8bcmSWA","labelName":"Skill"},"textPosition":{"start":{"row":1,"column":0,"tokenIndex":8,"charIndex":0},"end":{"row":1,"column":0,"tokenIndex":9,"charIndex":13}},"confidenceScore":null},{"id":"1663421011","labeledBy":"AUTO","labeledByUserId":null,"acceptedByUserId":null,"rejectedByUserId":null,"layer":0,"counter":0,"status":"LABELED","hashCode":"SPAN:eS2knCRgLegeRw8bcmSWA:0:1:0:23:0:1:0:24:6:0:undefined:undefined","labelName":"eS2knCRgLegeRw8bcmSWA","labelItem":{"id":"eS2knCRgLegeRw8bcmSWA","labelName":"Skill"},"textPosition":{"start":{"row":1,"column":0,"tokenIndex":23,"charIndex":0},"end":{"row":1,"column":0,"tokenIndex":24,"charIndex":6}},"confidenceScore":null},{"id":"1663421014","labeledBy":"AUTO","labeledByUserId":null,"acceptedByUserId":null,"rejectedByUserId":null,"layer":0,"counter":0,"status":"LABELED","hashCode":"SPAN:eS2knCRgLegeRw8bcmSWA:0:2:0:1:0:2:0:1:11:0:undefined:undefined","labelName":"eS2knCRgLegeRw8bcmSWA","labelItem":{"id":"eS2knCRgLegeRw8bcmSWA","labelName":"Skill"},"textPosition":{"start":{"row":2,"column":0,"tokenIndex":1,"charIndex":0},"end":{"row":2,"column":0,"tokenIndex":1,"charIndex":11}},"confidenceScore":null},{"id":"1663421017","labeledBy":"AUTO","labeledByUserId":null,"acceptedByUserId":null,"rejectedByUserId":null,"layer":0,"counter":0,"status":"LABELED","hashCode":"SPAN:eS2knCRgLegeRw8bcmSWA:0:4:0:1:0:4:0:1:9:0:undefined:undefined","labelName":"eS2knCRgLegeRw8bcmSWA","labelItem":{"id":"eS2knCRgLegeRw8bcmSWA","labelName":"Skill"},"textPosition":{"start":{"row":4,"column":0,"tokenIndex":1,"charIndex":0},"end":{"row":4,"column":0,"tokenIndex":1,"charIndex":9}},"confidenceScore":null},{"id":"1663421020","labeledBy":"AUTO","labeledByUserId":null,"acceptedByUserId":null,"rejectedByUserId":null,"layer":0,"counter":0,"status":"LABELED","hashCode":"SPAN:eS2knCRgLegeRw8bcmSWA:0:4:0:4:0:4:0:5:6:0:undefined:undefined","labelName":"eS2knCRgLegeRw8bcmSWA","labelItem":{"id":"eS2knCRgLegeRw8bcmSWA","labelName":"Skill"},"textPosition":{"start":{"row":4,"column":0,"tokenIndex":4,"charIndex":0},"end":{"row":4,"column":0,"tokenIndex":5,"charIndex":6}},"confidenceScore":null},{"id":"1663421026","labeledBy":"AUTO","labeledByUserId":null,"acceptedByUserId":null,"rejectedByUserId":null,"layer":0,"counter":0,"status":"LABELED","hashCode":"SPAN:eS2knCRgLegeRw8bcmSWA:0:5:0:0:0:5:0:0:13:0:undefined:undefined","labelName":"eS2knCRgLegeRw8bcmSWA","labelItem":{"id":"eS2knCRgLegeRw8bcmSWA","labelName":"Skill"},"textPosition":{"start":{"row":5,"column":0,"tokenIndex":0,"charIndex":0},"end":{"row":5,"column":0,"tokenIndex":0,"charIndex":13}},"confidenceScore":null},{"id":"1663421024","labeledBy":"AUTO","labeledByUserId":null,"acceptedByUserId":null,"rejectedByUserId":null,"layer":0,"counter":0,"status":"LABELED","hashCode":"SPAN:eS2knCRgLegeRw8bcmSWA:0:5:0:1:0:5:0:1:5:0:undefined:undefined","labelName":"eS2knCRgLegeRw8bcmSWA","labelItem":{"id":"eS2knCRgLegeRw8bcmSWA","labelName":"Skill"},"textPosition":{"start":{"row":5,"column":0,"tokenIndex":1,"charIndex":0},"end":{"row":5,"column":0,"tokenIndex":1,"charIndex":5}},"confidenceScore":null},{"id":"1663421029","labeledBy":"AUTO","labeledByUserId":null,"acceptedByUserId":null,"rejectedByUserId":null,"layer":0,"counter":0,"status":"LABELED","hashCode":"SPAN:eS2knCRgLegeRw8bcmSWA:0:5:0:3:0:5:0:5:5:0:undefined:undefined","labelName":"eS2knCRgLegeRw8bcmSWA","labelItem":{"id":"eS2knCRgLegeRw8bcmSWA","labelName":"Skill"},"textPosition":{"start":{"row":5,"column":0,"tokenIndex":3,"charIndex":0},"end":{"row":5,"column":0,"tokenIndex":5,"charIndex":5}},"confidenceScore":null},{"id":"1663421032","labeledBy":"AUTO","labeledByUserId":null,"acceptedByUserId":null,"rejectedByUserId":null,"layer":0,"counter":0,"status":"LABELED","hashCode":"SPAN:SJEkdao76hjwbb6Fh5SY6:0:6:0:23:0:6:0:24:12:0:undefined:undefined","labelName":"SJEkdao76hjwbb6Fh5SY6","labelItem":{"id":"SJEkdao76hjwbb6Fh5SY6","labelName":"Job Title"},"textPosition":{"start":{"row":6,"column":0,"tokenIndex":23,"charIndex":0},"end":{"row":6,"column":0,"tokenIndex":24,"charIndex":12}},"confidenceScore":null},{"id":"1663421035","labeledBy":"AUTO","labeledByUserId":null,"acceptedByUserId":null,"rejectedByUserId":null,"layer":0,"counter":0,"status":"LABELED","hashCode":"SPAN:rj7TW0-ymuRo6f_asXJab:0:6:0:25:0:6:0:30:2:0:undefined:undefined","labelName":"rj7TW0-ymuRo6f_asXJab","labelItem":{"id":"rj7TW0-ymuRo6f_asXJab","labelName":"Company Name"},"textPosition":{"start":{"row":6,"column":0,"tokenIndex":25,"charIndex":0},"end":{"row":6,"column":0,"tokenIndex":30,"charIndex":2}},"confidenceScore":null},{"id":"1663421038","labeledBy":"AUTO","labeledByUserId":null,"acceptedByUserId":null,"rejectedByUserId":null,"layer":0,"counter":0,"status":"LABELED","hashCode":"SPAN:1R0C50AAwFbEp2O0WmRv6:0:6:0:32:0:6:0:32:10:0:undefined:undefined","labelName":"1R0C50AAwFbEp2O0WmRv6","labelItem":{"id":"1R0C50AAwFbEp2O0WmRv6","labelName":"Location"},"textPosition":{"start":{"row":6,"column":0,"tokenIndex":32,"charIndex":0},"end":{"row":6,"column":0,"tokenIndex":32,"charIndex":10}},"confidenceScore":null},{"id":"1663421041","labeledBy":"AUTO","labeledByUserId":null,"acceptedByUserId":null,"rejectedByUserId":null,"layer":0,"counter":0,"status":"LABELED","hashCode":"SPAN:1R0C50AAwFbEp2O0WmRv6:0:6:0:33:0:6:0:33:1:0:undefined:undefined","labelName":"1R0C50AAwFbEp2O0WmRv6","labelItem":{"id":"1R0C50AAwFbEp2O0WmRv6","labelName":"Location"},"textPosition":{"start":{"row":6,"column":0,"tokenIndex":33,"charIndex":0},"end":{"row":6,"column":0,"tokenIndex":33,"charIndex":1}},"confidenceScore":null},{"id":"1663421044","labeledBy":"AUTO","labeledByUserId":null,"acceptedByUserId":null,"rejectedByUserId":null,"layer":0,"counter":0,"status":"LABELED","hashCode":"SPAN:52S_6moRfhjC-yXgIBeCp:0:6:0:34:0:6:0:35:3:0:undefined:undefined","labelName":"52S_6moRfhjC-yXgIBeCp","labelItem":{"id":"52S_6moRfhjC-yXgIBeCp","labelName":"Date"},"textPosition":{"start":{"row":6,"column":0,"tokenIndex":34,"charIndex":0},"end":{"row":6,"column":0,"tokenIndex":35,"charIndex":3}},"confidenceScore":null},{"id":"1663421047","labeledBy":"AUTO","labeledByUserId":null,"acceptedByUserId":null,"rejectedByUserId":null,"layer":0,"counter":0,"status":"LABELED","hashCode":"SPAN:52S_6moRfhjC-yXgIBeCp:0:6:0:37:0:6:0:37:6:0:undefined:undefined","labelName":"52S_6moRfhjC-yXgIBeCp","labelItem":{"id":"52S_6moRfhjC-yXgIBeCp","labelName":"Date"},"textPosition":{"start":{"row":6,"column":0,"tokenIndex":37,"charIndex":0},"end":{"row":6,"column":0,"tokenIndex":37,"charIndex":6}},"confidenceScore":null},{"id":"1663421050","labeledBy":"AUTO","labeledByUserId":null,"acceptedByUserId":null,"rejectedByUserId":null,"layer":0,"counter":0,"status":"LABELED","hashCode":"SPAN:eS2knCRgLegeRw8bcmSWA:0:6:0:38:0:6:0:38:14:0:undefined:undefined","labelName":"eS2knCRgLegeRw8bcmSWA","labelItem":{"id":"eS2knCRgLegeRw8bcmSWA","labelName":"Skill"},"textPosition":{"start":{"row":6,"column":0,"tokenIndex":38,"charIndex":0},"end":{"row":6,"column":0,"tokenIndex":38,"charIndex":14}},"confidenceScore":null},{"id":"1663421053","labeledBy":"AUTO","labeledByUserId":null,"acceptedByUserId":null,"rejectedByUserId":null,"layer":0,"counter":0,"status":"LABELED","hashCode":"SPAN:eS2knCRgLegeRw8bcmSWA:0:6:0:39:0:6:0:39:8:0:undefined:undefined","labelName":"eS2knCRgLegeRw8bcmSWA","labelItem":{"id":"eS2knCRgLegeRw8bcmSWA","labelName":"Skill"},"textPosition":{"start":{"row":6,"column":0,"tokenIndex":39,"charIndex":0},"end":{"row":6,"column":0,"tokenIndex":39,"charIndex":8}},"confidenceScore":null},{"id":"1663421056","labeledBy":"AUTO","labeledByUserId":null,"acceptedByUserId":null,"rejectedByUserId":null,"layer":0,"counter":0,"status":"LABELED","hashCode":"SPAN:eS2knCRgLegeRw8bcmSWA:0:6:0:41:0:6:0:41:6:0:undefined:undefined","labelName":"eS2knCRgLegeRw8bcmSWA","labelItem":{"id":"eS2knCRgLegeRw8bcmSWA","labelName":"Skill"},"textPosition":{"start":{"row":6,"column":0,"tokenIndex":41,"charIndex":0},"end":{"row":6,"column":0,"tokenIndex":41,"charIndex":6}},"confidenceScore":null},{"id":"1663421059","labeledBy":"AUTO","labeledByUserId":null,"acceptedByUserId":null,"rejectedByUserId":null,"layer":0,"counter":0,"status":"LABELED","hashCode":"SPAN:eS2knCRgLegeRw8bcmSWA:0:7:0:0:0:7:0:0:6:0:undefined:undefined","labelName":"eS2knCRgLegeRw8bcmSWA","labelItem":{"id":"eS2knCRgLegeRw8bcmSWA","labelName":"Skill"},"textPosition":{"start":{"row":7,"column":0,"tokenIndex":0,"charIndex":0},"end":{"row":7,"column":0,"tokenIndex":0,"charIndex":6}},"confidenceScore":null},{"id":"1663421062","labeledBy":"AUTO","labeledByUserId":null,"acceptedByUserId":null,"rejectedByUserId":null,"layer":0,"counter":0,"status":"LABELED","hashCode":"SPAN:eS2knCRgLegeRw8bcmSWA:0:7:0:1:0:7:0:1:7:0:undefined:undefined","labelName":"eS2knCRgLegeRw8bcmSWA","labelItem":{"id":"eS2knCRgLegeRw8bcmSWA","labelName":"Skill"},"textPosition":{"start":{"row":7,"column":0,"tokenIndex":1,"charIndex":0},"end":{"row":7,"column":0,"tokenIndex":1,"charIndex":7}},"confidenceScore":null},{"id":"1663421065","labeledBy":"AUTO","labeledByUserId":null,"acceptedByUserId":null,"rejectedByUserId":null,"layer":0,"counter":0,"status":"LABELED","hashCode":"SPAN:eS2knCRgLegeRw8bcmSWA:0:7:0:3:0:7:0:3:8:0:undefined:undefined","labelName":"eS2knCRgLegeRw8bcmSWA","labelItem":{"id":"eS2knCRgLegeRw8bcmSWA","labelName":"Skill"},"textPosition":{"start":{"row":7,"column":0,"tokenIndex":3,"charIndex":0},"end":{"row":7,"column":0,"tokenIndex":3,"charIndex":8}},"confidenceScore":null},{"id":"1663421068","labeledBy":"AUTO","labeledByUserId":null,"acceptedByUserId":null,"rejectedByUserId":null,"layer":0,"counter":0,"status":"LABELED","hashCode":"SPAN:eS2knCRgLegeRw8bcmSWA:0:7:0:4:0:7:0:5:13:0:undefined:undefined","labelName":"eS2knCRgLegeRw8bcmSWA","labelItem":{"id":"eS2knCRgLegeRw8bcmSWA","labelName":"Skill"},"textPosition":{"start":{"row":7,"column":0,"tokenIndex":4,"charIndex":0},"end":{"row":7,"column":0,"tokenIndex":5,"charIndex":13}},"confidenceScore":null},{"id":"1663421071","labeledBy":"AUTO","labeledByUserId":null,"acceptedByUserId":null,"rejectedByUserId":null,"layer":0,"counter":0,"status":"LABELED","hashCode":"SPAN:eS2knCRgLegeRw8bcmSWA:0:8:0:0:0:8:0:2:10:0:undefined:undefined","labelName":"eS2knCRgLegeRw8bcmSWA","labelItem":{"id":"eS2knCRgLegeRw8bcmSWA","labelName":"Skill"},"textPosition":{"start":{"row":8,"column":0,"tokenIndex":0,"charIndex":0},"end":{"row":8,"column":0,"tokenIndex":2,"charIndex":10}},"confidenceScore":null},{"id":"1663421074","labeledBy":"AUTO","labeledByUserId":null,"acceptedByUserId":null,"rejectedByUserId":null,"layer":0,"counter":0,"status":"LABELED","hashCode":"SPAN:eS2knCRgLegeRw8bcmSWA:0:8:0:3:0:8:0:3:12:0:undefined:undefined","labelName":"eS2knCRgLegeRw8bcmSWA","labelItem":{"id":"eS2knCRgLegeRw8bcmSWA","labelName":"Skill"},"textPosition":{"start":{"row":8,"column":0,"tokenIndex":3,"charIndex":0},"end":{"row":8,"column":0,"tokenIndex":3,"charIndex":12}},"confidenceScore":null},{"id":"1663421077","labeledBy":"AUTO","labeledByUserId":null,"acceptedByUserId":null,"rejectedByUserId":null,"layer":0,"counter":0,"status":"LABELED","hashCode":"SPAN:eS2knCRgLegeRw8bcmSWA:0:8:0:5:0:8:0:5:14:0:undefined:undefined","labelName":"eS2knCRgLegeRw8bcmSWA","labelItem":{"id":"eS2knCRgLegeRw8bcmSWA","labelName":"Skill"},"textPosition":{"start":{"row":8,"column":0,"tokenIndex":5,"charIndex":0},"end":{"row":8,"column":0,"tokenIndex":5,"charIndex":14}},"confidenceScore":null},{"id":"1663421080","labeledBy":"AUTO","labeledByUserId":null,"acceptedByUserId":null,"rejectedByUserId":null,"layer":0,"counter":0,"status":"LABELED","hashCode":"SPAN:eS2knCRgLegeRw8bcmSWA:0:11:0:2:0:11:0:2:12:0:undefined:undefined","labelName":"eS2knCRgLegeRw8bcmSWA","labelItem":{"id":"eS2knCRgLegeRw8bcmSWA","labelName":"Skill"},"textPosition":{"start":{"row":11,"column":0,"tokenIndex":2,"charIndex":0},"end":{"row":11,"column":0,"tokenIndex":2,"charIndex":12}},"confidenceScore":null},{"id":"1663421083","labeledBy":"AUTO","labeledByUserId":null,"acceptedByUserId":null,"rejectedByUserId":null,"layer":0,"counter":0,"status":"LABELED","hashCode":"SPAN:eS2knCRgLegeRw8bcmSWA:0:15:0:3:0:15:0:3:6:0:undefined:undefined","labelName":"eS2knCRgLegeRw8bcmSWA","labelItem":{"id":"eS2knCRgLegeRw8bcmSWA","labelName":"Skill"},"textPosition":{"start":{"row":15,"column":0,"tokenIndex":3,"charIndex":0},"end":{"row":15,"column":0,"tokenIndex":3,"charIndex":6}},"confidenceScore":null},{"id":"1663421086","labeledBy":"AUTO","labeledByUserId":null,"acceptedByUserId":null,"rejectedByUserId":null,"layer":0,"counter":0,"status":"LABELED","hashCode":"SPAN:eS2knCRgLegeRw8bcmSWA:0:15:0:4:0:15:0:5:6:0:undefined:undefined","labelName":"eS2knCRgLegeRw8bcmSWA","labelItem":{"id":"eS2knCRgLegeRw8bcmSWA","labelName":"Skill"},"textPosition":{"start":{"row":15,"column":0,"tokenIndex":4,"charIndex":0},"end":{"row":15,"column":0,"tokenIndex":5,"charIndex":6}},"confidenceScore":null},{"id":"1663421089","labeledBy":"AUTO","labeledByUserId":null,"acceptedByUserId":null,"rejectedByUserId":null,"layer":0,"counter":0,"status":"LABELED","hashCode":"SPAN:eS2knCRgLegeRw8bcmSWA:0:15:0:6:0:15:0:8:19:0:undefined:undefined","labelName":"eS2knCRgLegeRw8bcmSWA","labelItem":{"id":"eS2knCRgLegeRw8bcmSWA","labelName":"Skill"},"textPosition":{"start":{"row":15,"column":0,"tokenIndex":6,"charIndex":0},"end":{"row":15,"column":0,"tokenIndex":8,"charIndex":19}},"confidenceScore":null},{"id":"1663421092","labeledBy":"AUTO","labeledByUserId":null,"acceptedByUserId":null,"rejectedByUserId":null,"layer":0,"counter":0,"status":"LABELED","hashCode":"SPAN:eS2knCRgLegeRw8bcmSWA:0:15:0:9:0:15:0:9:10:0:undefined:undefined","labelName":"eS2knCRgLegeRw8bcmSWA","labelItem":{"id":"eS2knCRgLegeRw8bcmSWA","labelName":"Skill"},"textPosition":{"start":{"row":15,"column":0,"tokenIndex":9,"charIndex":0},"end":{"row":15,"column":0,"tokenIndex":9,"charIndex":10}},"confidenceScore":null},{"id":"1663421098","labeledBy":"AUTO","labeledByUserId":null,"acceptedByUserId":null,"rejectedByUserId":null,"layer":0,"counter":0,"status":"LABELED","hashCode":"SPAN:eS2knCRgLegeRw8bcmSWA:0:15:0:10:0:15:0:15:6:0:undefined:undefined","labelName":"eS2knCRgLegeRw8bcmSWA","labelItem":{"id":"eS2knCRgLegeRw8bcmSWA","labelName":"Skill"},"textPosition":{"start":{"row":15,"column":0,"tokenIndex":10,"charIndex":0},"end":{"row":15,"column":0,"tokenIndex":15,"charIndex":6}},"confidenceScore":null},{"id":"1663421096","labeledBy":"AUTO","labeledByUserId":null,"acceptedByUserId":null,"rejectedByUserId":null,"layer":0,"counter":0,"status":"LABELED","hashCode":"SPAN:eS2knCRgLegeRw8bcmSWA:0:15:0:16:0:15:0:16:5:0:undefined:undefined","labelName":"eS2knCRgLegeRw8bcmSWA","labelItem":{"id":"eS2knCRgLegeRw8bcmSWA","labelName":"Skill"},"textPosition":{"start":{"row":15,"column":0,"tokenIndex":16,"charIndex":0},"end":{"row":15,"column":0,"tokenIndex":16,"charIndex":5}},"confidenceScore":null},{"id":"1663421101","labeledBy":"AUTO","labeledByUserId":null,"acceptedByUserId":null,"rejectedByUserId":null,"layer":0,"counter":0,"status":"LABELED","hashCode":"SPAN:eS2knCRgLegeRw8bcmSWA:0:15:0:17:0:15:0:17:8:0:undefined:undefined","labelName":"eS2knCRgLegeRw8bcmSWA","labelItem":{"id":"eS2knCRgLegeRw8bcmSWA","labelName":"Skill"},"textPosition":{"start":{"row":15,"column":0,"tokenIndex":17,"charIndex":0},"end":{"row":15,"column":0,"tokenIndex":17,"charIndex":8}},"confidenceScore":null},{"id":"1663421104","labeledBy":"AUTO","labeledByUserId":null,"acceptedByUserId":null,"rejectedByUserId":null,"layer":0,"counter":0,"status":"LABELED","hashCode":"SPAN:eS2knCRgLegeRw8bcmSWA:0:17:0:8:0:17:0:9:4:0:undefined:undefined","labelName":"eS2knCRgLegeRw8bcmSWA","labelItem":{"id":"eS2knCRgLegeRw8bcmSWA","labelName":"Skill"},"textPosition":{"start":{"row":17,"column":0,"tokenIndex":8,"charIndex":0},"end":{"row":17,"column":0,"tokenIndex":9,"charIndex":4}},"confidenceScore":null},{"id":"1663421107","labeledBy":"AUTO","labeledByUserId":null,"acceptedByUserId":null,"rejectedByUserId":null,"layer":0,"counter":0,"status":"LABELED","hashCode":"SPAN:eS2knCRgLegeRw8bcmSWA:0:19:0:3:0:19:0:3:7:0:undefined:undefined","labelName":"eS2knCRgLegeRw8bcmSWA","labelItem":{"id":"eS2knCRgLegeRw8bcmSWA","labelName":"Skill"},"textPosition":{"start":{"row":19,"column":0,"tokenIndex":3,"charIndex":0},"end":{"row":19,"column":0,"tokenIndex":3,"charIndex":7}},"confidenceScore":null},{"id":"1663421110","labeledBy":"AUTO","labeledByUserId":null,"acceptedByUserId":null,"rejectedByUserId":null,"layer":0,"counter":0,"status":"LABELED","hashCode":"SPAN:eS2knCRgLegeRw8bcmSWA:0:19:0:4:0:19:0:4:8:0:undefined:undefined","labelName":"eS2knCRgLegeRw8bcmSWA","labelItem":{"id":"eS2knCRgLegeRw8bcmSWA","labelName":"Skill"},"textPosition":{"start":{"row":19,"column":0,"tokenIndex":4,"charIndex":0},"end":{"row":19,"column":0,"tokenIndex":4,"charIndex":8}},"confidenceScore":null},{"id":"1663421113","labeledBy":"AUTO","labeledByUserId":null,"acceptedByUserId":null,"rejectedByUserId":null,"layer":0,"counter":0,"status":"LABELED","hashCode":"SPAN:eS2knCRgLegeRw8bcmSWA:0:19:0:5:0:19:0:5:3:0:undefined:undefined","labelName":"eS2knCRgLegeRw8bcmSWA","labelItem":{"id":"eS2knCRgLegeRw8bcmSWA","labelName":"Skill"},"textPosition":{"start":{"row":19,"column":0,"tokenIndex":5,"charIndex":0},"end":{"row":19,"column":0,"tokenIndex":5,"charIndex":3}},"confidenceScore":null},{"id":"1663421116","labeledBy":"AUTO","labeledByUserId":null,"acceptedByUserId":null,"rejectedByUserId":null,"layer":0,"counter":0,"status":"LABELED","hashCode":"SPAN:eS2knCRgLegeRw8bcmSWA:0:19:0:7:0:19:0:9:8:0:undefined:undefined","labelName":"eS2knCRgLegeRw8bcmSWA","labelItem":{"id":"eS2knCRgLegeRw8bcmSWA","labelName":"Skill"},"textPosition":{"start":{"row":19,"column":0,"tokenIndex":7,"charIndex":0},"end":{"row":19,"column":0,"tokenIndex":9,"charIndex":8}},"confidenceScore":null},{"id":"1663421122","labeledBy":"AUTO","labeledByUserId":null,"acceptedByUserId":null,"rejectedByUserId":null,"layer":0,"counter":0,"status":"LABELED","hashCode":"SPAN:eS2knCRgLegeRw8bcmSWA:0:21:0:1:0:21:0:1:15:0:undefined:undefined","labelName":"eS2knCRgLegeRw8bcmSWA","labelItem":{"id":"eS2knCRgLegeRw8bcmSWA","labelName":"Skill"},"textPosition":{"start":{"row":21,"column":0,"tokenIndex":1,"charIndex":0},"end":{"row":21,"column":0,"tokenIndex":1,"charIndex":15}},"confidenceScore":null},{"id":"1663421119","labeledBy":"AUTO","labeledByUserId":null,"acceptedByUserId":null,"rejectedByUserId":null,"layer":0,"counter":0,"status":"LABELED","hashCode":"SPAN:eS2knCRgLegeRw8bcmSWA:0:21:0:3:0:21:0:5:7:0:undefined:undefined","labelName":"eS2knCRgLegeRw8bcmSWA","labelItem":{"id":"eS2knCRgLegeRw8bcmSWA","labelName":"Skill"},"textPosition":{"start":{"row":21,"column":0,"tokenIndex":3,"charIndex":0},"end":{"row":21,"column":0,"tokenIndex":5,"charIndex":7}},"confidenceScore":null},{"id":"1663421128","labeledBy":"AUTO","labeledByUserId":null,"acceptedByUserId":null,"rejectedByUserId":null,"layer":0,"counter":0,"status":"LABELED","hashCode":"SPAN:eS2knCRgLegeRw8bcmSWA:0:23:0:3:0:23:0:3:5:0:undefined:undefined","labelName":"eS2knCRgLegeRw8bcmSWA","labelItem":{"id":"eS2knCRgLegeRw8bcmSWA","labelName":"Skill"},"textPosition":{"start":{"row":23,"column":0,"tokenIndex":3,"charIndex":0},"end":{"row":23,"column":0,"tokenIndex":3,"charIndex":5}},"confidenceScore":null},{"id":"1663421126","labeledBy":"AUTO","labeledByUserId":null,"acceptedByUserId":null,"rejectedByUserId":null,"layer":0,"counter":0,"status":"LABELED","hashCode":"SPAN:eS2knCRgLegeRw8bcmSWA:0:23:0:6:0:23:0:6:3:0:undefined:undefined","labelName":"eS2knCRgLegeRw8bcmSWA","labelItem":{"id":"eS2knCRgLegeRw8bcmSWA","labelName":"Skill"},"textPosition":{"start":{"row":23,"column":0,"tokenIndex":6,"charIndex":0},"end":{"row":23,"column":0,"tokenIndex":6,"charIndex":3}},"confidenceScore":null},{"id":"1663421134","labeledBy":"AUTO","labeledByUserId":null,"acceptedByUserId":null,"rejectedByUserId":null,"layer":0,"counter":0,"status":"LABELED","hashCode":"SPAN:eS2knCRgLegeRw8bcmSWA:0:25:0:1:0:25:0:1:8:0:undefined:undefined","labelName":"eS2knCRgLegeRw8bcmSWA","labelItem":{"id":"eS2knCRgLegeRw8bcmSWA","labelName":"Skill"},"textPosition":{"start":{"row":25,"column":0,"tokenIndex":1,"charIndex":0},"end":{"row":25,"column":0,"tokenIndex":1,"charIndex":8}},"confidenceScore":null},{"id":"1663421131","labeledBy":"AUTO","labeledByUserId":null,"acceptedByUserId":null,"rejectedByUserId":null,"layer":0,"counter":0,"status":"LABELED","hashCode":"SPAN:eS2knCRgLegeRw8bcmSWA:0:25:0:6:0:25:0:6:1:0:undefined:undefined","labelName":"eS2knCRgLegeRw8bcmSWA","labelItem":{"id":"eS2knCRgLegeRw8bcmSWA","labelName":"Skill"},"textPosition":{"start":{"row":25,"column":0,"tokenIndex":6,"charIndex":0},"end":{"row":25,"column":0,"tokenIndex":6,"charIndex":1}},"confidenceScore":null},{"id":"1663421137","labeledBy":"AUTO","labeledByUserId":null,"acceptedByUserId":null,"rejectedByUserId":null,"layer":0,"counter":0,"status":"LABELED","hashCode":"SPAN:SJEkdao76hjwbb6Fh5SY6:0:26:0:0:0:26:0:1:12:0:undefined:undefined","labelName":"SJEkdao76hjwbb6Fh5SY6","labelItem":{"id":"SJEkdao76hjwbb6Fh5SY6","labelName":"Job Title"},"textPosition":{"start":{"row":26,"column":0,"tokenIndex":0,"charIndex":0},"end":{"row":26,"column":0,"tokenIndex":1,"charIndex":12}},"confidenceScore":null},{"id":"1663421140","labeledBy":"AUTO","labeledByUserId":null,"acceptedByUserId":null,"rejectedByUserId":null,"layer":0,"counter":0,"status":"LABELED","hashCode":"SPAN:rj7TW0-ymuRo6f_asXJab:0:26:0:2:0:26:0:4:2:0:undefined:undefined","labelName":"rj7TW0-ymuRo6f_asXJab","labelItem":{"id":"rj7TW0-ymuRo6f_asXJab","labelName":"Company Name"},"textPosition":{"start":{"row":26,"column":0,"tokenIndex":2,"charIndex":0},"end":{"row":26,"column":0,"tokenIndex":4,"charIndex":2}},"confidenceScore":null},{"id":"1663421143","labeledBy":"AUTO","labeledByUserId":null,"acceptedByUserId":null,"rejectedByUserId":null,"layer":0,"counter":0,"status":"LABELED","hashCode":"SPAN:1R0C50AAwFbEp2O0WmRv6:0:26:0:6:0:26:0:6:10:0:undefined:undefined","labelName":"1R0C50AAwFbEp2O0WmRv6","labelItem":{"id":"1R0C50AAwFbEp2O0WmRv6","labelName":"Location"},"textPosition":{"start":{"row":26,"column":0,"tokenIndex":6,"charIndex":0},"end":{"row":26,"column":0,"tokenIndex":6,"charIndex":10}},"confidenceScore":null},{"id":"1663421146","labeledBy":"AUTO","labeledByUserId":null,"acceptedByUserId":null,"rejectedByUserId":null,"layer":0,"counter":0,"status":"LABELED","hashCode":"SPAN:1R0C50AAwFbEp2O0WmRv6:0:26:0:7:0:26:0:7:1:0:undefined:undefined","labelName":"1R0C50AAwFbEp2O0WmRv6","labelItem":{"id":"1R0C50AAwFbEp2O0WmRv6","labelName":"Location"},"textPosition":{"start":{"row":26,"column":0,"tokenIndex":7,"charIndex":0},"end":{"row":26,"column":0,"tokenIndex":7,"charIndex":1}},"confidenceScore":null},{"id":"1663421149","labeledBy":"AUTO","labeledByUserId":null,"acceptedByUserId":null,"rejectedByUserId":null,"layer":0,"counter":0,"status":"LABELED","hashCode":"SPAN:52S_6moRfhjC-yXgIBeCp:0:26:0:8:0:26:0:9:3:0:undefined:undefined","labelName":"52S_6moRfhjC-yXgIBeCp","labelItem":{"id":"52S_6moRfhjC-yXgIBeCp","labelName":"Date"},"textPosition":{"start":{"row":26,"column":0,"tokenIndex":8,"charIndex":0},"end":{"row":26,"column":0,"tokenIndex":9,"charIndex":3}},"confidenceScore":null},{"id":"1663421152","labeledBy":"AUTO","labeledByUserId":null,"acceptedByUserId":null,"rejectedByUserId":null,"layer":0,"counter":0,"status":"LABELED","hashCode":"SPAN:52S_6moRfhjC-yXgIBeCp:0:26:0:11:0:26:0:12:3:0:undefined:undefined","labelName":"52S_6moRfhjC-yXgIBeCp","labelItem":{"id":"52S_6moRfhjC-yXgIBeCp","labelName":"Date"},"textPosition":{"start":{"row":26,"column":0,"tokenIndex":11,"charIndex":0},"end":{"row":26,"column":0,"tokenIndex":12,"charIndex":3}},"confidenceScore":null},{"id":"1663421155","labeledBy":"AUTO","labeledByUserId":null,"acceptedByUserId":null,"rejectedByUserId":null,"layer":0,"counter":0,"status":"LABELED","hashCode":"SPAN:eS2knCRgLegeRw8bcmSWA:0:27:0:2:0:27:0:5:7:0:undefined:undefined","labelName":"eS2knCRgLegeRw8bcmSWA","labelItem":{"id":"eS2knCRgLegeRw8bcmSWA","labelName":"Skill"},"textPosition":{"start":{"row":27,"column":0,"tokenIndex":2,"charIndex":0},"end":{"row":27,"column":0,"tokenIndex":5,"charIndex":7}},"confidenceScore":null},{"id":"1663421161","labeledBy":"AUTO","labeledByUserId":null,"acceptedByUserId":null,"rejectedByUserId":null,"layer":0,"counter":0,"status":"LABELED","hashCode":"SPAN:eS2knCRgLegeRw8bcmSWA:0:29:0:2:0:29:0:2:6:0:undefined:undefined","labelName":"eS2knCRgLegeRw8bcmSWA","labelItem":{"id":"eS2knCRgLegeRw8bcmSWA","labelName":"Skill"},"textPosition":{"start":{"row":29,"column":0,"tokenIndex":2,"charIndex":0},"end":{"row":29,"column":0,"tokenIndex":2,"charIndex":6}},"confidenceScore":null},{"id":"1663421164","labeledBy":"AUTO","labeledByUserId":null,"acceptedByUserId":null,"rejectedByUserId":null,"layer":0,"counter":0,"status":"LABELED","hashCode":"SPAN:eS2knCRgLegeRw8bcmSWA:0:29:0:5:0:29:0:7:7:0:undefined:undefined","labelName":"eS2knCRgLegeRw8bcmSWA","labelItem":{"id":"eS2knCRgLegeRw8bcmSWA","labelName":"Skill"},"textPosition":{"start":{"row":29,"column":0,"tokenIndex":5,"charIndex":0},"end":{"row":29,"column":0,"tokenIndex":7,"charIndex":7}},"confidenceScore":null},{"id":"1663421158","labeledBy":"AUTO","labeledByUserId":null,"acceptedByUserId":null,"rejectedByUserId":null,"layer":0,"counter":0,"status":"LABELED","hashCode":"SPAN:eS2knCRgLegeRw8bcmSWA:0:30:0:5:0:30:0:7:5:0:undefined:undefined","labelName":"eS2knCRgLegeRw8bcmSWA","labelItem":{"id":"eS2knCRgLegeRw8bcmSWA","labelName":"Skill"},"textPosition":{"start":{"row":30,"column":0,"tokenIndex":5,"charIndex":0},"end":{"row":30,"column":0,"tokenIndex":7,"charIndex":5}},"confidenceScore":null},{"id":"1663421167","labeledBy":"AUTO","labeledByUserId":null,"acceptedByUserId":null,"rejectedByUserId":null,"layer":0,"counter":0,"status":"LABELED","hashCode":"SPAN:eS2knCRgLegeRw8bcmSWA:0:35:0:3:0:35:0:3:8:0:undefined:undefined","labelName":"eS2knCRgLegeRw8bcmSWA","labelItem":{"id":"eS2knCRgLegeRw8bcmSWA","labelName":"Skill"},"textPosition":{"start":{"row":35,"column":0,"tokenIndex":3,"charIndex":0},"end":{"row":35,"column":0,"tokenIndex":3,"charIndex":8}},"confidenceScore":null},{"id":"1663421170","labeledBy":"AUTO","labeledByUserId":null,"acceptedByUserId":null,"rejectedByUserId":null,"layer":0,"counter":0,"status":"LABELED","hashCode":"SPAN:eS2knCRgLegeRw8bcmSWA:0:35:0:4:0:35:0:4:6:0:undefined:undefined","labelName":"eS2knCRgLegeRw8bcmSWA","labelItem":{"id":"eS2knCRgLegeRw8bcmSWA","labelName":"Skill"},"textPosition":{"start":{"row":35,"column":0,"tokenIndex":4,"charIndex":0},"end":{"row":35,"column":0,"tokenIndex":4,"charIndex":6}},"confidenceScore":null},{"id":"1663421173","labeledBy":"AUTO","labeledByUserId":null,"acceptedByUserId":null,"rejectedByUserId":null,"layer":0,"counter":0,"status":"LABELED","hashCode":"SPAN:eS2knCRgLegeRw8bcmSWA:0:35:0:5:0:35:0:9:7:0:undefined:undefined","labelName":"eS2knCRgLegeRw8bcmSWA","labelItem":{"id":"eS2knCRgLegeRw8bcmSWA","labelName":"Skill"},"textPosition":{"start":{"row":35,"column":0,"tokenIndex":5,"charIndex":0},"end":{"row":35,"column":0,"tokenIndex":9,"charIndex":7}},"confidenceScore":null},{"id":"1663421176","labeledBy":"AUTO","labeledByUserId":null,"acceptedByUserId":null,"rejectedByUserId":null,"layer":0,"counter":0,"status":"LABELED","hashCode":"SPAN:eS2knCRgLegeRw8bcmSWA:0:35:0:10:0:35:0:10:6:0:undefined:undefined","labelName":"eS2knCRgLegeRw8bcmSWA","labelItem":{"id":"eS2knCRgLegeRw8bcmSWA","labelName":"Skill"},"textPosition":{"start":{"row":35,"column":0,"tokenIndex":10,"charIndex":0},"end":{"row":35,"column":0,"tokenIndex":10,"charIndex":6}},"confidenceScore":null},{"id":"1663421179","labeledBy":"AUTO","labeledByUserId":null,"acceptedByUserId":null,"rejectedByUserId":null,"layer":0,"counter":0,"status":"LABELED","hashCode":"SPAN:eS2knCRgLegeRw8bcmSWA:0:35:0:11:0:35:0:11:5:0:undefined:undefined","labelName":"eS2knCRgLegeRw8bcmSWA","labelItem":{"id":"eS2knCRgLegeRw8bcmSWA","labelName":"Skill"},"textPosition":{"start":{"row":35,"column":0,"tokenIndex":11,"charIndex":0},"end":{"row":35,"column":0,"tokenIndex":11,"charIndex":5}},"confidenceScore":null},{"id":"1663421182","labeledBy":"AUTO","labeledByUserId":null,"acceptedByUserId":null,"rejectedByUserId":null,"layer":0,"counter":0,"status":"LABELED","hashCode":"SPAN:eS2knCRgLegeRw8bcmSWA:0:35:0:12:0:35:0:13:6:0:undefined:undefined","labelName":"eS2knCRgLegeRw8bcmSWA","labelItem":{"id":"eS2knCRgLegeRw8bcmSWA","labelName":"Skill"},"textPosition":{"start":{"row":35,"column":0,"tokenIndex":12,"charIndex":0},"end":{"row":35,"column":0,"tokenIndex":13,"charIndex":6}},"confidenceScore":null},{"id":"1663421185","labeledBy":"AUTO","labeledByUserId":null,"acceptedByUserId":null,"rejectedByUserId":null,"layer":0,"counter":0,"status":"LABELED","hashCode":"SPAN:eS2knCRgLegeRw8bcmSWA:0:35:0:14:0:35:0:14:9:0:undefined:undefined","labelName":"eS2knCRgLegeRw8bcmSWA","labelItem":{"id":"eS2knCRgLegeRw8bcmSWA","labelName":"Skill"},"textPosition":{"start":{"row":35,"column":0,"tokenIndex":14,"charIndex":0},"end":{"row":35,"column":0,"tokenIndex":14,"charIndex":9}},"confidenceScore":null},{"id":"1663421188","labeledBy":"AUTO","labeledByUserId":null,"acceptedByUserId":null,"rejectedByUserId":null,"layer":0,"counter":0,"status":"LABELED","hashCode":"SPAN:eS2knCRgLegeRw8bcmSWA:0:35:0:15:0:35:0:17:7:0:undefined:undefined","labelName":"eS2knCRgLegeRw8bcmSWA","labelItem":{"id":"eS2knCRgLegeRw8bcmSWA","labelName":"Skill"},"textPosition":{"start":{"row":35,"column":0,"tokenIndex":15,"charIndex":0},"end":{"row":35,"column":0,"tokenIndex":17,"charIndex":7}},"confidenceScore":null},{"id":"1663421191","labeledBy":"AUTO","labeledByUserId":null,"acceptedByUserId":null,"rejectedByUserId":null,"layer":0,"counter":0,"status":"LABELED","hashCode":"SPAN:eS2knCRgLegeRw8bcmSWA:0:35:0:18:0:35:0:19:5:0:undefined:undefined","labelName":"eS2knCRgLegeRw8bcmSWA","labelItem":{"id":"eS2knCRgLegeRw8bcmSWA","labelName":"Skill"},"textPosition":{"start":{"row":35,"column":0,"tokenIndex":18,"charIndex":0},"end":{"row":35,"column":0,"tokenIndex":19,"charIndex":5}},"confidenceScore":null},{"id":"1663421194","labeledBy":"AUTO","labeledByUserId":null,"acceptedByUserId":null,"rejectedByUserId":null,"layer":0,"counter":0,"status":"LABELED","hashCode":"SPAN:eS2knCRgLegeRw8bcmSWA:0:35:0:20:0:35:0:21:8:0:undefined:undefined","labelName":"eS2knCRgLegeRw8bcmSWA","labelItem":{"id":"eS2knCRgLegeRw8bcmSWA","labelName":"Skill"},"textPosition":{"start":{"row":35,"column":0,"tokenIndex":20,"charIndex":0},"end":{"row":35,"column":0,"tokenIndex":21,"charIndex":8}},"confidenceScore":null},{"id":"1663421197","labeledBy":"AUTO","labeledByUserId":null,"acceptedByUserId":null,"rejectedByUserId":null,"layer":0,"counter":0,"status":"LABELED","hashCode":"SPAN:eS2knCRgLegeRw8bcmSWA:0:35:0:22:0:35:0:25:8:0:undefined:undefined","labelName":"eS2knCRgLegeRw8bcmSWA","labelItem":{"id":"eS2knCRgLegeRw8bcmSWA","labelName":"Skill"},"textPosition":{"start":{"row":35,"column":0,"tokenIndex":22,"charIndex":0},"end":{"row":35,"column":0,"tokenIndex":25,"charIndex":8}},"confidenceScore":null},{"id":"1663421209","labeledBy":"AUTO","labeledByUserId":null,"acceptedByUserId":null,"rejectedByUserId":null,"layer":0,"counter":0,"status":"LABELED","hashCode":"SPAN:eS2knCRgLegeRw8bcmSWA:0:35:0:26:0:35:0:31:6:0:undefined:undefined","labelName":"eS2knCRgLegeRw8bcmSWA","labelItem":{"id":"eS2knCRgLegeRw8bcmSWA","labelName":"Skill"},"textPosition":{"start":{"row":35,"column":0,"tokenIndex":26,"charIndex":0},"end":{"row":35,"column":0,"tokenIndex":31,"charIndex":6}},"confidenceScore":null},{"id":"1663421200","labeledBy":"AUTO","labeledByUserId":null,"acceptedByUserId":null,"rejectedByUserId":null,"layer":0,"counter":0,"status":"LABELED","hashCode":"SPAN:eS2knCRgLegeRw8bcmSWA:0:35:0:32:0:35:0:32:9:0:undefined:undefined","labelName":"eS2knCRgLegeRw8bcmSWA","labelItem":{"id":"eS2knCRgLegeRw8bcmSWA","labelName":"Skill"},"textPosition":{"start":{"row":35,"column":0,"tokenIndex":32,"charIndex":0},"end":{"row":35,"column":0,"tokenIndex":32,"charIndex":9}},"confidenceScore":null},{"id":"1663421203","labeledBy":"AUTO","labeledByUserId":null,"acceptedByUserId":null,"rejectedByUserId":null,"layer":0,"counter":0,"status":"LABELED","hashCode":"SPAN:eS2knCRgLegeRw8bcmSWA:0:35:0:33:0:35:0:33:7:0:undefined:undefined","labelName":"eS2knCRgLegeRw8bcmSWA","labelItem":{"id":"eS2knCRgLegeRw8bcmSWA","labelName":"Skill"},"textPosition":{"start":{"row":35,"column":0,"tokenIndex":33,"charIndex":0},"end":{"row":35,"column":0,"tokenIndex":33,"charIndex":7}},"confidenceScore":null},{"id":"1663421207","labeledBy":"AUTO","labeledByUserId":null,"acceptedByUserId":null,"rejectedByUserId":null,"layer":0,"counter":0,"status":"LABELED","hashCode":"SPAN:eS2knCRgLegeRw8bcmSWA:0:35:0:34:0:35:0:34:4:0:undefined:undefined","labelName":"eS2knCRgLegeRw8bcmSWA","labelItem":{"id":"eS2knCRgLegeRw8bcmSWA","labelName":"Skill"},"textPosition":{"start":{"row":35,"column":0,"tokenIndex":34,"charIndex":0},"end":{"row":35,"column":0,"tokenIndex":34,"charIndex":4}},"confidenceScore":null},{"id":"1663421212","labeledBy":"AUTO","labeledByUserId":null,"acceptedByUserId":null,"rejectedByUserId":null,"layer":0,"counter":0,"status":"LABELED","hashCode":"SPAN:eS2knCRgLegeRw8bcmSWA:0:35:0:35:0:35:0:35:3:0:undefined:undefined","labelName":"eS2knCRgLegeRw8bcmSWA","labelItem":{"id":"eS2knCRgLegeRw8bcmSWA","labelName":"Skill"},"textPosition":{"start":{"row":35,"column":0,"tokenIndex":35,"charIndex":0},"end":{"row":35,"column":0,"tokenIndex":35,"charIndex":3}},"confidenceScore":null},{"id":"1663421215","labeledBy":"AUTO","labeledByUserId":null,"acceptedByUserId":null,"rejectedByUserId":null,"layer":0,"counter":0,"status":"LABELED","hashCode":"SPAN:eS2knCRgLegeRw8bcmSWA:0:35:0:36:0:35:0:36:7:0:undefined:undefined","labelName":"eS2knCRgLegeRw8bcmSWA","labelItem":{"id":"eS2knCRgLegeRw8bcmSWA","labelName":"Skill"},"textPosition":{"start":{"row":35,"column":0,"tokenIndex":36,"charIndex":0},"end":{"row":35,"column":0,"tokenIndex":36,"charIndex":7}},"confidenceScore":null},{"id":"1663421218","labeledBy":"AUTO","labeledByUserId":null,"acceptedByUserId":null,"rejectedByUserId":null,"layer":0,"counter":0,"status":"LABELED","hashCode":"SPAN:eS2knCRgLegeRw8bcmSWA:0:35:0:37:0:35:0:37:9:0:undefined:undefined","labelName":"eS2knCRgLegeRw8bcmSWA","labelItem":{"id":"eS2knCRgLegeRw8bcmSWA","labelName":"Skill"},"textPosition":{"start":{"row":35,"column":0,"tokenIndex":37,"charIndex":0},"end":{"row":35,"column":0,"tokenIndex":37,"charIndex":9}},"confidenceScore":null},{"id":"1663421221","labeledBy":"AUTO","labeledByUserId":null,"acceptedByUserId":null,"rejectedByUserId":null,"layer":0,"counter":0,"status":"LABELED","hashCode":"SPAN:eS2knCRgLegeRw8bcmSWA:0:35:0:38:0:35:0:39:6:0:undefined:undefined","labelName":"eS2knCRgLegeRw8bcmSWA","labelItem":{"id":"eS2knCRgLegeRw8bcmSWA","labelName":"Skill"},"textPosition":{"start":{"row":35,"column":0,"tokenIndex":38,"charIndex":0},"end":{"row":35,"column":0,"tokenIndex":39,"charIndex":6}},"confidenceScore":null},{"id":"1663421224","labeledBy":"AUTO","labeledByUserId":null,"acceptedByUserId":null,"rejectedByUserId":null,"layer":0,"counter":0,"status":"LABELED","hashCode":"SPAN:eS2knCRgLegeRw8bcmSWA:0:35:0:40:0:35:0:40:3:0:undefined:undefined","labelName":"eS2knCRgLegeRw8bcmSWA","labelItem":{"id":"eS2knCRgLegeRw8bcmSWA","labelName":"Skill"},"textPosition":{"start":{"row":35,"column":0,"tokenIndex":40,"charIndex":0},"end":{"row":35,"column":0,"tokenIndex":40,"charIndex":3}},"confidenceScore":null},{"id":"1663421227","labeledBy":"AUTO","labeledByUserId":null,"acceptedByUserId":null,"rejectedByUserId":null,"layer":0,"counter":0,"status":"LABELED","hashCode":"SPAN:eS2knCRgLegeRw8bcmSWA:0:35:0:41:0:35:0:41:7:0:undefined:undefined","labelName":"eS2knCRgLegeRw8bcmSWA","labelItem":{"id":"eS2knCRgLegeRw8bcmSWA","labelName":"Skill"},"textPosition":{"start":{"row":35,"column":0,"tokenIndex":41,"charIndex":0},"end":{"row":35,"column":0,"tokenIndex":41,"charIndex":7}},"confidenceScore":null},{"id":"1663421230","labeledBy":"AUTO","labeledByUserId":null,"acceptedByUserId":null,"rejectedByUserId":null,"layer":0,"counter":0,"status":"LABELED","hashCode":"SPAN:eS2knCRgLegeRw8bcmSWA:0:35:0:42:0:35:0:42:2:0:undefined:undefined","labelName":"eS2knCRgLegeRw8bcmSWA","labelItem":{"id":"eS2knCRgLegeRw8bcmSWA","labelName":"Skill"},"textPosition":{"start":{"row":35,"column":0,"tokenIndex":42,"charIndex":0},"end":{"row":35,"column":0,"tokenIndex":42,"charIndex":2}},"confidenceScore":null},{"id":"1663421233","labeledBy":"AUTO","labeledByUserId":null,"acceptedByUserId":null,"rejectedByUserId":null,"layer":0,"counter":0,"status":"LABELED","hashCode":"SPAN:eS2knCRgLegeRw8bcmSWA:0:35:0:44:0:35:0:45:6:0:undefined:undefined","labelName":"eS2knCRgLegeRw8bcmSWA","labelItem":{"id":"eS2knCRgLegeRw8bcmSWA","labelName":"Skill"},"textPosition":{"start":{"row":35,"column":0,"tokenIndex":44,"charIndex":0},"end":{"row":35,"column":0,"tokenIndex":45,"charIndex":6}},"confidenceScore":null},{"id":"1663421236","labeledBy":"AUTO","labeledByUserId":null,"acceptedByUserId":null,"rejectedByUserId":null,"layer":0,"counter":0,"status":"LABELED","hashCode":"SPAN:eS2knCRgLegeRw8bcmSWA:0:39:0:1:0:39:0:2:6:0:undefined:undefined","labelName":"eS2knCRgLegeRw8bcmSWA","labelItem":{"id":"eS2knCRgLegeRw8bcmSWA","labelName":"Skill"},"textPosition":{"start":{"row":39,"column":0,"tokenIndex":1,"charIndex":0},"end":{"row":39,"column":0,"tokenIndex":2,"charIndex":6}},"confidenceScore":null},{"id":"1663421242","labeledBy":"AUTO","labeledByUserId":null,"acceptedByUserId":null,"rejectedByUserId":null,"layer":0,"counter":0,"status":"LABELED","hashCode":"SPAN:eS2knCRgLegeRw8bcmSWA:0:40:0:4:0:40:0:4:3:0:undefined:undefined","labelName":"eS2knCRgLegeRw8bcmSWA","labelItem":{"id":"eS2knCRgLegeRw8bcmSWA","labelName":"Skill"},"textPosition":{"start":{"row":40,"column":0,"tokenIndex":4,"charIndex":0},"end":{"row":40,"column":0,"tokenIndex":4,"charIndex":3}},"confidenceScore":null},{"id":"1663421240","labeledBy":"AUTO","labeledByUserId":null,"acceptedByUserId":null,"rejectedByUserId":null,"layer":0,"counter":0,"status":"LABELED","hashCode":"SPAN:eS2knCRgLegeRw8bcmSWA:0:40:0:5:0:40:0:5:2:0:undefined:undefined","labelName":"eS2knCRgLegeRw8bcmSWA","labelItem":{"id":"eS2knCRgLegeRw8bcmSWA","labelName":"Skill"},"textPosition":{"start":{"row":40,"column":0,"tokenIndex":5,"charIndex":0},"end":{"row":40,"column":0,"tokenIndex":5,"charIndex":2}},"confidenceScore":null},{"id":"1663421245","labeledBy":"AUTO","labeledByUserId":null,"acceptedByUserId":null,"rejectedByUserId":null,"layer":0,"counter":0,"status":"LABELED","hashCode":"SPAN:eS2knCRgLegeRw8bcmSWA:0:43:0:6:0:43:0:6:7:0:undefined:undefined","labelName":"eS2knCRgLegeRw8bcmSWA","labelItem":{"id":"eS2knCRgLegeRw8bcmSWA","labelName":"Skill"},"textPosition":{"start":{"row":43,"column":0,"tokenIndex":6,"charIndex":0},"end":{"row":43,"column":0,"tokenIndex":6,"charIndex":7}},"confidenceScore":null},{"id":"1663421248","labeledBy":"AUTO","labeledByUserId":null,"acceptedByUserId":null,"rejectedByUserId":null,"layer":0,"counter":0,"status":"LABELED","hashCode":"SPAN:eS2knCRgLegeRw8bcmSWA:0:47:0:6:0:47:0:7:5:0:undefined:undefined","labelName":"eS2knCRgLegeRw8bcmSWA","labelItem":{"id":"eS2knCRgLegeRw8bcmSWA","labelName":"Skill"},"textPosition":{"start":{"row":47,"column":0,"tokenIndex":6,"charIndex":0},"end":{"row":47,"column":0,"tokenIndex":7,"charIndex":5}},"confidenceScore":null},{"id":"1663421251","labeledBy":"AUTO","labeledByUserId":null,"acceptedByUserId":null,"rejectedByUserId":null,"layer":0,"counter":0,"status":"LABELED","hashCode":"SPAN:eS2knCRgLegeRw8bcmSWA:0:47:0:10:0:47:0:11:7:0:undefined:undefined","labelName":"eS2knCRgLegeRw8bcmSWA","labelItem":{"id":"eS2knCRgLegeRw8bcmSWA","labelName":"Skill"},"textPosition":{"start":{"row":47,"column":0,"tokenIndex":10,"charIndex":0},"end":{"row":47,"column":0,"tokenIndex":11,"charIndex":7}},"confidenceScore":null},{"id":"1663421254","labeledBy":"AUTO","labeledByUserId":null,"acceptedByUserId":null,"rejectedByUserId":null,"layer":0,"counter":0,"status":"LABELED","hashCode":"SPAN:eS2knCRgLegeRw8bcmSWA:0:49:0:5:0:49:0:6:5:0:undefined:undefined","labelName":"eS2knCRgLegeRw8bcmSWA","labelItem":{"id":"eS2knCRgLegeRw8bcmSWA","labelName":"Skill"},"textPosition":{"start":{"row":49,"column":0,"tokenIndex":5,"charIndex":0},"end":{"row":49,"column":0,"tokenIndex":6,"charIndex":5}},"confidenceScore":null},{"id":"1663421257","labeledBy":"AUTO","labeledByUserId":null,"acceptedByUserId":null,"rejectedByUserId":null,"layer":0,"counter":0,"status":"LABELED","hashCode":"SPAN:eS2knCRgLegeRw8bcmSWA:0:49:0:11:0:49:0:12:6:0:undefined:undefined","labelName":"eS2knCRgLegeRw8bcmSWA","labelItem":{"id":"eS2knCRgLegeRw8bcmSWA","labelName":"Skill"},"textPosition":{"start":{"row":49,"column":0,"tokenIndex":11,"charIndex":0},"end":{"row":49,"column":0,"tokenIndex":12,"charIndex":6}},"confidenceScore":null},{"id":"1663421260","labeledBy":"AUTO","labeledByUserId":null,"acceptedByUserId":null,"rejectedByUserId":null,"layer":0,"counter":0,"status":"LABELED","hashCode":"SPAN:eS2knCRgLegeRw8bcmSWA:0:51:0:1:0:51:0:1:5:0:undefined:undefined","labelName":"eS2knCRgLegeRw8bcmSWA","labelItem":{"id":"eS2knCRgLegeRw8bcmSWA","labelName":"Skill"},"textPosition":{"start":{"row":51,"column":0,"tokenIndex":1,"charIndex":0},"end":{"row":51,"column":0,"tokenIndex":1,"charIndex":5}},"confidenceScore":null},{"id":"1663421263","labeledBy":"AUTO","labeledByUserId":null,"acceptedByUserId":null,"rejectedByUserId":null,"layer":0,"counter":0,"status":"LABELED","hashCode":"SPAN:eS2knCRgLegeRw8bcmSWA:0:51:0:9:0:51:0:10:3:0:undefined:undefined","labelName":"eS2knCRgLegeRw8bcmSWA","labelItem":{"id":"eS2knCRgLegeRw8bcmSWA","labelName":"Skill"},"textPosition":{"start":{"row":51,"column":0,"tokenIndex":9,"charIndex":0},"end":{"row":51,"column":0,"tokenIndex":10,"charIndex":3}},"confidenceScore":null},{"id":"1663421266","labeledBy":"AUTO","labeledByUserId":null,"acceptedByUserId":null,"rejectedByUserId":null,"layer":0,"counter":0,"status":"LABELED","hashCode":"SPAN:eS2knCRgLegeRw8bcmSWA:0:52:0:1:0:52:0:1:2:0:undefined:undefined","labelName":"eS2knCRgLegeRw8bcmSWA","labelItem":{"id":"eS2knCRgLegeRw8bcmSWA","labelName":"Skill"},"textPosition":{"start":{"row":52,"column":0,"tokenIndex":1,"charIndex":0},"end":{"row":52,"column":0,"tokenIndex":1,"charIndex":2}},"confidenceScore":null},{"id":"1663421269","labeledBy":"AUTO","labeledByUserId":null,"acceptedByUserId":null,"rejectedByUserId":null,"layer":0,"counter":0,"status":"LABELED","hashCode":"SPAN:eS2knCRgLegeRw8bcmSWA:0:52:0:4:0:52:0:5:9:0:undefined:undefined","labelName":"eS2knCRgLegeRw8bcmSWA","labelItem":{"id":"eS2knCRgLegeRw8bcmSWA","labelName":"Skill"},"textPosition":{"start":{"row":52,"column":0,"tokenIndex":4,"charIndex":0},"end":{"row":52,"column":0,"tokenIndex":5,"charIndex":9}},"confidenceScore":null},{"id":"1663421272","labeledBy":"AUTO","labeledByUserId":null,"acceptedByUserId":null,"rejectedByUserId":null,"layer":0,"counter":0,"status":"LABELED","hashCode":"SPAN:SJEkdao76hjwbb6Fh5SY6:0:63:0:0:0:63:0:1:6:0:undefined:undefined","labelName":"SJEkdao76hjwbb6Fh5SY6","labelItem":{"id":"SJEkdao76hjwbb6Fh5SY6","labelName":"Job Title"},"textPosition":{"start":{"row":63,"column":0,"tokenIndex":0,"charIndex":0},"end":{"row":63,"column":0,"tokenIndex":1,"charIndex":6}},"confidenceScore":null},{"id":"1663421275","labeledBy":"AUTO","labeledByUserId":null,"acceptedByUserId":null,"rejectedByUserId":null,"layer":0,"counter":0,"status":"LABELED","hashCode":"SPAN:rj7TW0-ymuRo6f_asXJab:0:63:0:2:0:63:0:5:6:0:undefined:undefined","labelName":"rj7TW0-ymuRo6f_asXJab","labelItem":{"id":"rj7TW0-ymuRo6f_asXJab","labelName":"Company Name"},"textPosition":{"start":{"row":63,"column":0,"tokenIndex":2,"charIndex":0},"end":{"row":63,"column":0,"tokenIndex":5,"charIndex":6}},"confidenceScore":null},{"id":"1663421278","labeledBy":"AUTO","labeledByUserId":null,"acceptedByUserId":null,"rejectedByUserId":null,"layer":0,"counter":0,"status":"LABELED","hashCode":"SPAN:1R0C50AAwFbEp2O0WmRv6:0:63:0:7:0:63:0:7:7:0:undefined:undefined","labelName":"1R0C50AAwFbEp2O0WmRv6","labelItem":{"id":"1R0C50AAwFbEp2O0WmRv6","labelName":"Location"},"textPosition":{"start":{"row":63,"column":0,"tokenIndex":7,"charIndex":0},"end":{"row":63,"column":0,"tokenIndex":7,"charIndex":7}},"confidenceScore":null},{"id":"1663421281","labeledBy":"AUTO","labeledByUserId":null,"acceptedByUserId":null,"rejectedByUserId":null,"layer":0,"counter":0,"status":"LABELED","hashCode":"SPAN:1R0C50AAwFbEp2O0WmRv6:0:63:0:8:0:63:0:8:1:0:undefined:undefined","labelName":"1R0C50AAwFbEp2O0WmRv6","labelItem":{"id":"1R0C50AAwFbEp2O0WmRv6","labelName":"Location"},"textPosition":{"start":{"row":63,"column":0,"tokenIndex":8,"charIndex":0},"end":{"row":63,"column":0,"tokenIndex":8,"charIndex":1}},"confidenceScore":null},{"id":"1663421284","labeledBy":"AUTO","labeledByUserId":null,"acceptedByUserId":null,"rejectedByUserId":null,"layer":0,"counter":0,"status":"LABELED","hashCode":"SPAN:52S_6moRfhjC-yXgIBeCp:0:63:0:9:0:63:0:10:3:0:undefined:undefined","labelName":"52S_6moRfhjC-yXgIBeCp","labelItem":{"id":"52S_6moRfhjC-yXgIBeCp","labelName":"Date"},"textPosition":{"start":{"row":63,"column":0,"tokenIndex":9,"charIndex":0},"end":{"row":63,"column":0,"tokenIndex":10,"charIndex":3}},"confidenceScore":null},{"id":"1663421287","labeledBy":"AUTO","labeledByUserId":null,"acceptedByUserId":null,"rejectedByUserId":null,"layer":0,"counter":0,"status":"LABELED","hashCode":"SPAN:52S_6moRfhjC-yXgIBeCp:0:63:0:12:0:63:0:13:3:0:undefined:undefined","labelName":"52S_6moRfhjC-yXgIBeCp","labelItem":{"id":"52S_6moRfhjC-yXgIBeCp","labelName":"Date"},"textPosition":{"start":{"row":63,"column":0,"tokenIndex":12,"charIndex":0},"end":{"row":63,"column":0,"tokenIndex":13,"charIndex":3}},"confidenceScore":null},{"id":"1663421290","labeledBy":"AUTO","labeledByUserId":null,"acceptedByUserId":null,"rejectedByUserId":null,"layer":0,"counter":0,"status":"LABELED","hashCode":"SPAN:eS2knCRgLegeRw8bcmSWA:0:64:0:3:0:64:0:4:4:0:undefined:undefined","labelName":"eS2knCRgLegeRw8bcmSWA","labelItem":{"id":"eS2knCRgLegeRw8bcmSWA","labelName":"Skill"},"textPosition":{"start":{"row":64,"column":0,"tokenIndex":3,"charIndex":0},"end":{"row":64,"column":0,"tokenIndex":4,"charIndex":4}},"confidenceScore":null},{"id":"1663421293","labeledBy":"AUTO","labeledByUserId":null,"acceptedByUserId":null,"rejectedByUserId":null,"layer":0,"counter":0,"status":"LABELED","hashCode":"SPAN:eS2knCRgLegeRw8bcmSWA:0:64:0:5:0:64:0:5:7:0:undefined:undefined","labelName":"eS2knCRgLegeRw8bcmSWA","labelItem":{"id":"eS2knCRgLegeRw8bcmSWA","labelName":"Skill"},"textPosition":{"start":{"row":64,"column":0,"tokenIndex":5,"charIndex":0},"end":{"row":64,"column":0,"tokenIndex":5,"charIndex":7}},"confidenceScore":null},{"id":"1663421296","labeledBy":"AUTO","labeledByUserId":null,"acceptedByUserId":null,"rejectedByUserId":null,"layer":0,"counter":0,"status":"LABELED","hashCode":"SPAN:eS2knCRgLegeRw8bcmSWA:0:64:0:6:0:64:0:6:2:0:undefined:undefined","labelName":"eS2knCRgLegeRw8bcmSWA","labelItem":{"id":"eS2knCRgLegeRw8bcmSWA","labelName":"Skill"},"textPosition":{"start":{"row":64,"column":0,"tokenIndex":6,"charIndex":0},"end":{"row":64,"column":0,"tokenIndex":6,"charIndex":2}},"confidenceScore":null},{"id":"1663421299","labeledBy":"AUTO","labeledByUserId":null,"acceptedByUserId":null,"rejectedByUserId":null,"layer":0,"counter":0,"status":"LABELED","hashCode":"SPAN:eS2knCRgLegeRw8bcmSWA:0:64:0:7:0:64:0:7:6:0:undefined:undefined","labelName":"eS2knCRgLegeRw8bcmSWA","labelItem":{"id":"eS2knCRgLegeRw8bcmSWA","labelName":"Skill"},"textPosition":{"start":{"row":64,"column":0,"tokenIndex":7,"charIndex":0},"end":{"row":64,"column":0,"tokenIndex":7,"charIndex":6}},"confidenceScore":null},{"id":"1663421302","labeledBy":"AUTO","labeledByUserId":null,"acceptedByUserId":null,"rejectedByUserId":null,"layer":0,"counter":0,"status":"LABELED","hashCode":"SPAN:eS2knCRgLegeRw8bcmSWA:0:64:0:8:0:64:0:8:6:0:undefined:undefined","labelName":"eS2knCRgLegeRw8bcmSWA","labelItem":{"id":"eS2knCRgLegeRw8bcmSWA","labelName":"Skill"},"textPosition":{"start":{"row":64,"column":0,"tokenIndex":8,"charIndex":0},"end":{"row":64,"column":0,"tokenIndex":8,"charIndex":6}},"confidenceScore":null},{"id":"1663421311","labeledBy":"AUTO","labeledByUserId":null,"acceptedByUserId":null,"rejectedByUserId":null,"layer":0,"counter":0,"status":"LABELED","hashCode":"SPAN:eS2knCRgLegeRw8bcmSWA:0:88:0:2:0:88:0:2:8:0:undefined:undefined","labelName":"eS2knCRgLegeRw8bcmSWA","labelItem":{"id":"eS2knCRgLegeRw8bcmSWA","labelName":"Skill"},"textPosition":{"start":{"row":88,"column":0,"tokenIndex":2,"charIndex":0},"end":{"row":88,"column":0,"tokenIndex":2,"charIndex":8}},"confidenceScore":null},{"id":"1663421314","labeledBy":"AUTO","labeledByUserId":null,"acceptedByUserId":null,"rejectedByUserId":null,"layer":0,"counter":0,"status":"LABELED","hashCode":"SPAN:eS2knCRgLegeRw8bcmSWA:0:88:0:4:0:88:0:4:4:0:undefined:undefined","labelName":"eS2knCRgLegeRw8bcmSWA","labelItem":{"id":"eS2knCRgLegeRw8bcmSWA","labelName":"Skill"},"textPosition":{"start":{"row":88,"column":0,"tokenIndex":4,"charIndex":0},"end":{"row":88,"column":0,"tokenIndex":4,"charIndex":4}},"confidenceScore":null},{"id":"1663421305","labeledBy":"AUTO","labeledByUserId":null,"acceptedByUserId":null,"rejectedByUserId":null,"layer":0,"counter":0,"status":"LABELED","hashCode":"SPAN:eS2knCRgLegeRw8bcmSWA:0:89:0:2:0:89:0:2:8:0:undefined:undefined","labelName":"eS2knCRgLegeRw8bcmSWA","labelItem":{"id":"eS2knCRgLegeRw8bcmSWA","labelName":"Skill"},"textPosition":{"start":{"row":89,"column":0,"tokenIndex":2,"charIndex":0},"end":{"row":89,"column":0,"tokenIndex":2,"charIndex":8}},"confidenceScore":null},{"id":"1663421308","labeledBy":"AUTO","labeledByUserId":null,"acceptedByUserId":null,"rejectedByUserId":null,"layer":0,"counter":0,"status":"LABELED","hashCode":"SPAN:eS2knCRgLegeRw8bcmSWA:0:89:0:4:0:89:0:4:7:0:undefined:undefined","labelName":"eS2knCRgLegeRw8bcmSWA","labelItem":{"id":"eS2knCRgLegeRw8bcmSWA","labelName":"Skill"},"textPosition":{"start":{"row":89,"column":0,"tokenIndex":4,"charIndex":0},"end":{"row":89,"column":0,"tokenIndex":4,"charIndex":7}},"confidenceScore":null},{"id":"1663421317","labeledBy":"AUTO","labeledByUserId":null,"acceptedByUserId":null,"rejectedByUserId":null,"layer":0,"counter":0,"status":"LABELED","hashCode":"SPAN:IeEoIKabMl51BJE0gX2YL:0:92:0:1:0:92:0:7:10:0:undefined:undefined","labelName":"IeEoIKabMl51BJE0gX2YL","labelItem":{"id":"IeEoIKabMl51BJE0gX2YL","labelName":"Degree"},"textPosition":{"start":{"row":92,"column":0,"tokenIndex":1,"charIndex":0},"end":{"row":92,"column":0,"tokenIndex":7,"charIndex":10}},"confidenceScore":null},{"id":"1663421320","labeledBy":"AUTO","labeledByUserId":null,"acceptedByUserId":null,"rejectedByUserId":null,"layer":0,"counter":0,"status":"LABELED","hashCode":"SPAN:Kj5U6n9NUqTXuWcB3c_7L:0:92:0:8:0:92:0:10:6:0:undefined:undefined","labelName":"Kj5U6n9NUqTXuWcB3c_7L","labelItem":{"id":"Kj5U6n9NUqTXuWcB3c_7L","labelName":"College"},"textPosition":{"start":{"row":92,"column":0,"tokenIndex":8,"charIndex":0},"end":{"row":92,"column":0,"tokenIndex":10,"charIndex":6}},"confidenceScore":null},{"id":"1663421323","labeledBy":"AUTO","labeledByUserId":null,"acceptedByUserId":null,"rejectedByUserId":null,"layer":0,"counter":0,"status":"LABELED","hashCode":"SPAN:1R0C50AAwFbEp2O0WmRv6:0:92:0:12:0:92:0:12:8:0:undefined:undefined","labelName":"1R0C50AAwFbEp2O0WmRv6","labelItem":{"id":"1R0C50AAwFbEp2O0WmRv6","labelName":"Location"},"textPosition":{"start":{"row":92,"column":0,"tokenIndex":12,"charIndex":0},"end":{"row":92,"column":0,"tokenIndex":12,"charIndex":8}},"confidenceScore":null},{"id":"1663421326","labeledBy":"AUTO","labeledByUserId":null,"acceptedByUserId":null,"rejectedByUserId":null,"layer":0,"counter":0,"status":"LABELED","hashCode":"SPAN:1R0C50AAwFbEp2O0WmRv6:0:92:0:13:0:92:0:13:1:0:undefined:undefined","labelName":"1R0C50AAwFbEp2O0WmRv6","labelItem":{"id":"1R0C50AAwFbEp2O0WmRv6","labelName":"Location"},"textPosition":{"start":{"row":92,"column":0,"tokenIndex":13,"charIndex":0},"end":{"row":92,"column":0,"tokenIndex":13,"charIndex":1}},"confidenceScore":null},{"id":"1663421329","labeledBy":"AUTO","labeledByUserId":null,"acceptedByUserId":null,"rejectedByUserId":null,"layer":0,"counter":0,"status":"LABELED","hashCode":"SPAN:BjO8MdvK2KI4E5iMEeY4B:0:92:0:14:0:92:0:14:3:0:undefined:undefined","labelName":"BjO8MdvK2KI4E5iMEeY4B","labelItem":{"id":"BjO8MdvK2KI4E5iMEeY4B","labelName":"Graduation Year"},"textPosition":{"start":{"row":92,"column":0,"tokenIndex":14,"charIndex":0},"end":{"row":92,"column":0,"tokenIndex":14,"charIndex":3}},"confidenceScore":null},{"id":"1663421332","labeledBy":"AUTO","labeledByUserId":null,"acceptedByUserId":null,"rejectedByUserId":null,"layer":0,"counter":0,"status":"LABELED","hashCode":"SPAN:eS2knCRgLegeRw8bcmSWA:0:92:0:16:0:92:0:17:5:0:undefined:undefined","labelName":"eS2knCRgLegeRw8bcmSWA","labelItem":{"id":"eS2knCRgLegeRw8bcmSWA","labelName":"Skill"},"textPosition":{"start":{"row":92,"column":0,"tokenIndex":16,"charIndex":0},"end":{"row":92,"column":0,"tokenIndex":17,"charIndex":5}},"confidenceScore":null},{"id":"1663421335","labeledBy":"AUTO","labeledByUserId":null,"acceptedByUserId":null,"rejectedByUserId":null,"layer":0,"counter":0,"status":"LABELED","hashCode":"SPAN:eS2knCRgLegeRw8bcmSWA:0:92:0:20:0:92:0:21:4:0:undefined:undefined","labelName":"eS2knCRgLegeRw8bcmSWA","labelItem":{"id":"eS2knCRgLegeRw8bcmSWA","labelName":"Skill"},"textPosition":{"start":{"row":92,"column":0,"tokenIndex":20,"charIndex":0},"end":{"row":92,"column":0,"tokenIndex":21,"charIndex":4}},"confidenceScore":null},{"id":"1663421338","labeledBy":"AUTO","labeledByUserId":null,"acceptedByUserId":null,"rejectedByUserId":null,"layer":0,"counter":0,"status":"LABELED","hashCode":"SPAN:eS2knCRgLegeRw8bcmSWA:0:92:0:24:0:92:0:27:8:0:undefined:undefined","labelName":"eS2knCRgLegeRw8bcmSWA","labelItem":{"id":"eS2knCRgLegeRw8bcmSWA","labelName":"Skill"},"textPosition":{"start":{"row":92,"column":0,"tokenIndex":24,"charIndex":0},"end":{"row":92,"column":0,"tokenIndex":27,"charIndex":8}},"confidenceScore":null},{"id":"1663421341","labeledBy":"AUTO","labeledByUserId":null,"acceptedByUserId":null,"rejectedByUserId":null,"layer":0,"counter":0,"status":"LABELED","hashCode":"SPAN:eS2knCRgLegeRw8bcmSWA:0:92:0:30:0:92:0:33:5:0:undefined:undefined","labelName":"eS2knCRgLegeRw8bcmSWA","labelItem":{"id":"eS2knCRgLegeRw8bcmSWA","labelName":"Skill"},"textPosition":{"start":{"row":92,"column":0,"tokenIndex":30,"charIndex":0},"end":{"row":92,"column":0,"tokenIndex":33,"charIndex":5}},"confidenceScore":null},{"id":"1663421344","labeledBy":"AUTO","labeledByUserId":null,"acceptedByUserId":null,"rejectedByUserId":null,"layer":0,"counter":0,"status":"LABELED","hashCode":"SPAN:eS2knCRgLegeRw8bcmSWA:0:92:0:36:0:92:0:38:6:0:undefined:undefined","labelName":"eS2knCRgLegeRw8bcmSWA","labelItem":{"id":"eS2knCRgLegeRw8bcmSWA","labelName":"Skill"},"textPosition":{"start":{"row":92,"column":0,"tokenIndex":36,"charIndex":0},"end":{"row":92,"column":0,"tokenIndex":38,"charIndex":6}},"confidenceScore":null},{"id":"1663421347","labeledBy":"AUTO","labeledByUserId":null,"acceptedByUserId":null,"rejectedByUserId":null,"layer":0,"counter":0,"status":"LABELED","hashCode":"SPAN:eS2knCRgLegeRw8bcmSWA:0:92:0:41:0:92:0:42:4:0:undefined:undefined","labelName":"eS2knCRgLegeRw8bcmSWA","labelItem":{"id":"eS2knCRgLegeRw8bcmSWA","labelName":"Skill"},"textPosition":{"start":{"row":92,"column":0,"tokenIndex":41,"charIndex":0},"end":{"row":92,"column":0,"tokenIndex":42,"charIndex":4}},"confidenceScore":null},{"id":"1663421350","labeledBy":"AUTO","labeledByUserId":null,"acceptedByUserId":null,"rejectedByUserId":null,"layer":0,"counter":0,"status":"LABELED","hashCode":"SPAN:eS2knCRgLegeRw8bcmSWA:0:92:0:45:0:92:0:51:4:0:undefined:undefined","labelName":"eS2knCRgLegeRw8bcmSWA","labelItem":{"id":"eS2knCRgLegeRw8bcmSWA","labelName":"Skill"},"textPosition":{"start":{"row":92,"column":0,"tokenIndex":45,"charIndex":0},"end":{"row":92,"column":0,"tokenIndex":51,"charIndex":4}},"confidenceScore":null},{"id":"1663421353","labeledBy":"AUTO","labeledByUserId":null,"acceptedByUserId":null,"rejectedByUserId":null,"layer":0,"counter":0,"status":"LABELED","hashCode":"SPAN:eS2knCRgLegeRw8bcmSWA:0:92:0:54:0:92:0:55:4:0:undefined:undefined","labelName":"eS2knCRgLegeRw8bcmSWA","labelItem":{"id":"eS2knCRgLegeRw8bcmSWA","labelName":"Skill"},"textPosition":{"start":{"row":92,"column":0,"tokenIndex":54,"charIndex":0},"end":{"row":92,"column":0,"tokenIndex":55,"charIndex":4}},"confidenceScore":null},{"id":"1663421356","labeledBy":"AUTO","labeledByUserId":null,"acceptedByUserId":null,"rejectedByUserId":null,"layer":0,"counter":0,"status":"LABELED","hashCode":"SPAN:eS2knCRgLegeRw8bcmSWA:0:92:0:58:0:92:0:59:6:0:undefined:undefined","labelName":"eS2knCRgLegeRw8bcmSWA","labelItem":{"id":"eS2knCRgLegeRw8bcmSWA","labelName":"Skill"},"textPosition":{"start":{"row":92,"column":0,"tokenIndex":58,"charIndex":0},"end":{"row":92,"column":0,"tokenIndex":59,"charIndex":6}},"confidenceScore":null},{"id":"1663421359","labeledBy":"AUTO","labeledByUserId":null,"acceptedByUserId":null,"rejectedByUserId":null,"layer":0,"counter":0,"status":"LABELED","hashCode":"SPAN:eS2knCRgLegeRw8bcmSWA:0:92:0:62:0:92:0:63:4:0:undefined:undefined","labelName":"eS2knCRgLegeRw8bcmSWA","labelItem":{"id":"eS2knCRgLegeRw8bcmSWA","labelName":"Skill"},"textPosition":{"start":{"row":92,"column":0,"tokenIndex":62,"charIndex":0},"end":{"row":92,"column":0,"tokenIndex":63,"charIndex":4}},"confidenceScore":null},{"id":"1663421362","labeledBy":"AUTO","labeledByUserId":null,"acceptedByUserId":null,"rejectedByUserId":null,"layer":0,"counter":0,"status":"LABELED","hashCode":"SPAN:eS2knCRgLegeRw8bcmSWA:0:92:0:66:0:92:0:66:5:0:undefined:undefined","labelName":"eS2knCRgLegeRw8bcmSWA","labelItem":{"id":"eS2knCRgLegeRw8bcmSWA","labelName":"Skill"},"textPosition":{"start":{"row":92,"column":0,"tokenIndex":66,"charIndex":0},"end":{"row":92,"column":0,"tokenIndex":66,"charIndex":5}},"confidenceScore":null},{"id":"1663421365","labeledBy":"AUTO","labeledByUserId":null,"acceptedByUserId":null,"rejectedByUserId":null,"layer":0,"counter":0,"status":"LABELED","hashCode":"SPAN:eS2knCRgLegeRw8bcmSWA:0:92:0:69:0:92:0:73:6:0:undefined:undefined","labelName":"eS2knCRgLegeRw8bcmSWA","labelItem":{"id":"eS2knCRgLegeRw8bcmSWA","labelName":"Skill"},"textPosition":{"start":{"row":92,"column":0,"tokenIndex":69,"charIndex":0},"end":{"row":92,"column":0,"tokenIndex":73,"charIndex":6}},"confidenceScore":null},{"id":"1663421368","labeledBy":"AUTO","labeledByUserId":null,"acceptedByUserId":null,"rejectedByUserId":null,"layer":0,"counter":0,"status":"LABELED","hashCode":"SPAN:eS2knCRgLegeRw8bcmSWA:0:92:0:76:0:92:0:78:5:0:undefined:undefined","labelName":"eS2knCRgLegeRw8bcmSWA","labelItem":{"id":"eS2knCRgLegeRw8bcmSWA","labelName":"Skill"},"textPosition":{"start":{"row":92,"column":0,"tokenIndex":76,"charIndex":0},"end":{"row":92,"column":0,"tokenIndex":78,"charIndex":5}},"confidenceScore":null},{"id":"1663421371","labeledBy":"AUTO","labeledByUserId":null,"acceptedByUserId":null,"rejectedByUserId":null,"layer":0,"counter":0,"status":"LABELED","hashCode":"SPAN:eS2knCRgLegeRw8bcmSWA:0:92:0:81:0:92:0:83:9:0:undefined:undefined","labelName":"eS2knCRgLegeRw8bcmSWA","labelItem":{"id":"eS2knCRgLegeRw8bcmSWA","labelName":"Skill"},"textPosition":{"start":{"row":92,"column":0,"tokenIndex":81,"charIndex":0},"end":{"row":92,"column":0,"tokenIndex":83,"charIndex":9}},"confidenceScore":null},{"id":"1663421374","labeledBy":"AUTO","labeledByUserId":null,"acceptedByUserId":null,"rejectedByUserId":null,"layer":0,"counter":0,"status":"LABELED","hashCode":"SPAN:eS2knCRgLegeRw8bcmSWA:0:92:0:86:0:92:0:86:4:0:undefined:undefined","labelName":"eS2knCRgLegeRw8bcmSWA","labelItem":{"id":"eS2knCRgLegeRw8bcmSWA","labelName":"Skill"},"textPosition":{"start":{"row":92,"column":0,"tokenIndex":86,"charIndex":0},"end":{"row":92,"column":0,"tokenIndex":86,"charIndex":4}},"confidenceScore":null},{"id":"1663421377","labeledBy":"AUTO","labeledByUserId":null,"acceptedByUserId":null,"rejectedByUserId":null,"layer":0,"counter":0,"status":"LABELED","hashCode":"SPAN:eS2knCRgLegeRw8bcmSWA:0:92:0:89:0:92:0:89:9:0:undefined:undefined","labelName":"eS2knCRgLegeRw8bcmSWA","labelItem":{"id":"eS2knCRgLegeRw8bcmSWA","labelName":"Skill"},"textPosition":{"start":{"row":92,"column":0,"tokenIndex":89,"charIndex":0},"end":{"row":92,"column":0,"tokenIndex":89,"charIndex":9}},"confidenceScore":null},{"id":"1663421380","labeledBy":"AUTO","labeledByUserId":null,"acceptedByUserId":null,"rejectedByUserId":null,"layer":0,"counter":0,"status":"LABELED","hashCode":"SPAN:eS2knCRgLegeRw8bcmSWA:0:92:0:92:0:92:0:92:8:0:undefined:undefined","labelName":"eS2knCRgLegeRw8bcmSWA","labelItem":{"id":"eS2knCRgLegeRw8bcmSWA","labelName":"Skill"},"textPosition":{"start":{"row":92,"column":0,"tokenIndex":92,"charIndex":0},"end":{"row":92,"column":0,"tokenIndex":92,"charIndex":8}},"confidenceScore":null},{"id":"1663421383","labeledBy":"AUTO","labeledByUserId":null,"acceptedByUserId":null,"rejectedByUserId":null,"layer":0,"counter":0,"status":"LABELED","hashCode":"SPAN:eS2knCRgLegeRw8bcmSWA:0:92:0:95:0:92:0:95:7:0:undefined:undefined","labelName":"eS2knCRgLegeRw8bcmSWA","labelItem":{"id":"eS2knCRgLegeRw8bcmSWA","labelName":"Skill"},"textPosition":{"start":{"row":92,"column":0,"tokenIndex":95,"charIndex":0},"end":{"row":92,"column":0,"tokenIndex":95,"charIndex":7}},"confidenceScore":null},{"id":"1663421386","labeledBy":"AUTO","labeledByUserId":null,"acceptedByUserId":null,"rejectedByUserId":null,"layer":0,"counter":0,"status":"LABELED","hashCode":"SPAN:eS2knCRgLegeRw8bcmSWA:0:92:0:99:0:92:0:99:6:0:undefined:undefined","labelName":"eS2knCRgLegeRw8bcmSWA","labelItem":{"id":"eS2knCRgLegeRw8bcmSWA","labelName":"Skill"},"textPosition":{"start":{"row":92,"column":0,"tokenIndex":99,"charIndex":0},"end":{"row":92,"column":0,"tokenIndex":99,"charIndex":6}},"confidenceScore":null},{"id":"1663421389","labeledBy":"AUTO","labeledByUserId":null,"acceptedByUserId":null,"rejectedByUserId":null,"layer":0,"counter":0,"status":"LABELED","hashCode":"SPAN:eS2knCRgLegeRw8bcmSWA:0:92:0:102:0:92:0:102:8:0:undefined:undefined","labelName":"eS2knCRgLegeRw8bcmSWA","labelItem":{"id":"eS2knCRgLegeRw8bcmSWA","labelName":"Skill"},"textPosition":{"start":{"row":92,"column":0,"tokenIndex":102,"charIndex":0},"end":{"row":92,"column":0,"tokenIndex":102,"charIndex":8}},"confidenceScore":null},{"id":"1663421392","labeledBy":"AUTO","labeledByUserId":null,"acceptedByUserId":null,"rejectedByUserId":null,"layer":0,"counter":0,"status":"LABELED","hashCode":"SPAN:eS2knCRgLegeRw8bcmSWA:0:92:0:105:0:92:0:106:5:0:undefined:undefined","labelName":"eS2knCRgLegeRw8bcmSWA","labelItem":{"id":"eS2knCRgLegeRw8bcmSWA","labelName":"Skill"},"textPosition":{"start":{"row":92,"column":0,"tokenIndex":105,"charIndex":0},"end":{"row":92,"column":0,"tokenIndex":106,"charIndex":5}},"confidenceScore":null},{"id":"1663421395","labeledBy":"AUTO","labeledByUserId":null,"acceptedByUserId":null,"rejectedByUserId":null,"layer":0,"counter":0,"status":"LABELED","hashCode":"SPAN:eS2knCRgLegeRw8bcmSWA:0:92:0:109:0:92:0:109:5:0:undefined:undefined","labelName":"eS2knCRgLegeRw8bcmSWA","labelItem":{"id":"eS2knCRgLegeRw8bcmSWA","labelName":"Skill"},"textPosition":{"start":{"row":92,"column":0,"tokenIndex":109,"charIndex":0},"end":{"row":92,"column":0,"tokenIndex":109,"charIndex":5}},"confidenceScore":null},{"id":"1663421398","labeledBy":"AUTO","labeledByUserId":null,"acceptedByUserId":null,"rejectedByUserId":null,"layer":0,"counter":0,"status":"LABELED","hashCode":"SPAN:eS2knCRgLegeRw8bcmSWA:0:92:0:112:0:92:0:113:13:0:undefined:undefined","labelName":"eS2knCRgLegeRw8bcmSWA","labelItem":{"id":"eS2knCRgLegeRw8bcmSWA","labelName":"Skill"},"textPosition":{"start":{"row":92,"column":0,"tokenIndex":112,"charIndex":0},"end":{"row":92,"column":0,"tokenIndex":113,"charIndex":13}},"confidenceScore":null},{"id":"1663421401","labeledBy":"AUTO","labeledByUserId":null,"acceptedByUserId":null,"rejectedByUserId":null,"layer":0,"counter":0,"status":"LABELED","hashCode":"SPAN:eS2knCRgLegeRw8bcmSWA:0:92:0:114:0:92:0:115:9:0:undefined:undefined","labelName":"eS2knCRgLegeRw8bcmSWA","labelItem":{"id":"eS2knCRgLegeRw8bcmSWA","labelName":"Skill"},"textPosition":{"start":{"row":92,"column":0,"tokenIndex":114,"charIndex":0},"end":{"row":92,"column":0,"tokenIndex":115,"charIndex":9}},"confidenceScore":null},{"id":"1663421404","labeledBy":"AUTO","labeledByUserId":null,"acceptedByUserId":null,"rejectedByUserId":null,"layer":0,"counter":0,"status":"LABELED","hashCode":"SPAN:eS2knCRgLegeRw8bcmSWA:0:92:0:116:0:92:0:117:5:0:undefined:undefined","labelName":"eS2knCRgLegeRw8bcmSWA","labelItem":{"id":"eS2knCRgLegeRw8bcmSWA","labelName":"Skill"},"textPosition":{"start":{"row":92,"column":0,"tokenIndex":116,"charIndex":0},"end":{"row":92,"column":0,"tokenIndex":117,"charIndex":5}},"confidenceScore":null},{"id":"1663421407","labeledBy":"AUTO","labeledByUserId":null,"acceptedByUserId":null,"rejectedByUserId":null,"layer":0,"counter":0,"status":"LABELED","hashCode":"SPAN:eS2knCRgLegeRw8bcmSWA:0:92:0:118:0:92:0:119:3:0:undefined:undefined","labelName":"eS2knCRgLegeRw8bcmSWA","labelItem":{"id":"eS2knCRgLegeRw8bcmSWA","labelName":"Skill"},"textPosition":{"start":{"row":92,"column":0,"tokenIndex":118,"charIndex":0},"end":{"row":92,"column":0,"tokenIndex":119,"charIndex":3}},"confidenceScore":null},{"id":"1663421410","labeledBy":"AUTO","labeledByUserId":null,"acceptedByUserId":null,"rejectedByUserId":null,"layer":0,"counter":0,"status":"LABELED","hashCode":"SPAN:eS2knCRgLegeRw8bcmSWA:0:92:0:120:0:92:0:120:4:0:undefined:undefined","labelName":"eS2knCRgLegeRw8bcmSWA","labelItem":{"id":"eS2knCRgLegeRw8bcmSWA","labelName":"Skill"},"textPosition":{"start":{"row":92,"column":0,"tokenIndex":120,"charIndex":0},"end":{"row":92,"column":0,"tokenIndex":120,"charIndex":4}},"confidenceScore":null},{"id":"1663421413","labeledBy":"AUTO","labeledByUserId":null,"acceptedByUserId":null,"rejectedByUserId":null,"layer":0,"counter":0,"status":"LABELED","hashCode":"SPAN:eS2knCRgLegeRw8bcmSWA:0:92:0:122:0:92:0:125:7:0:undefined:undefined","labelName":"eS2knCRgLegeRw8bcmSWA","labelItem":{"id":"eS2knCRgLegeRw8bcmSWA","labelName":"Skill"},"textPosition":{"start":{"row":92,"column":0,"tokenIndex":122,"charIndex":0},"end":{"row":92,"column":0,"tokenIndex":125,"charIndex":7}},"confidenceScore":null},{"id":"1663421416","labeledBy":"AUTO","labeledByUserId":null,"acceptedByUserId":null,"rejectedByUserId":null,"layer":0,"counter":0,"status":"LABELED","hashCode":"SPAN:eS2knCRgLegeRw8bcmSWA:0:94:0:13:0:94:0:15:8:0:undefined:undefined","labelName":"eS2knCRgLegeRw8bcmSWA","labelItem":{"id":"eS2knCRgLegeRw8bcmSWA","labelName":"Skill"},"textPosition":{"start":{"row":94,"column":0,"tokenIndex":13,"charIndex":0},"end":{"row":94,"column":0,"tokenIndex":15,"charIndex":8}},"confidenceScore":null},{"id":"1663421419","labeledBy":"AUTO","labeledByUserId":null,"acceptedByUserId":null,"rejectedByUserId":null,"layer":0,"counter":0,"status":"LABELED","hashCode":"SPAN:eS2knCRgLegeRw8bcmSWA:0:94:0:17:0:94:0:21:8:0:undefined:undefined","labelName":"eS2knCRgLegeRw8bcmSWA","labelItem":{"id":"eS2knCRgLegeRw8bcmSWA","labelName":"Skill"},"textPosition":{"start":{"row":94,"column":0,"tokenIndex":17,"charIndex":0},"end":{"row":94,"column":0,"tokenIndex":21,"charIndex":8}},"confidenceScore":null},{"id":"1663421422","labeledBy":"AUTO","labeledByUserId":null,"acceptedByUserId":null,"rejectedByUserId":null,"layer":0,"counter":0,"status":"LABELED","hashCode":"SPAN:eS2knCRgLegeRw8bcmSWA:0:94:0:23:0:94:0:26:3:0:undefined:undefined","labelName":"eS2knCRgLegeRw8bcmSWA","labelItem":{"id":"eS2knCRgLegeRw8bcmSWA","labelName":"Skill"},"textPosition":{"start":{"row":94,"column":0,"tokenIndex":23,"charIndex":0},"end":{"row":94,"column":0,"tokenIndex":26,"charIndex":3}},"confidenceScore":null}],"arrowLabels":[],"boundingBoxLabels":[],"timeLabels":[],"comments":[],"url":"datasaur://static/6814/57f94be1-99b6-4f09-9bfe-e50cafc91c2a.txt"}}
