{"version":"1","data":{"project":{"id":"ODBjYmQ2MDg","name":"NLP SSM Final Project"},"document":{"id":"c35da2c0-ebb4-489c-a6fd-9be3ea2c3c7a","name":"resume_699_d1.txt"},"kinds":["TOKEN_BASED"],"rows":[[{"content":"SENIOR MANAGER/SPECIALIST LEADER HEALTHCARE Executive Profile","tokens":["SENIOR","MANAGER/SPECIALIST","LEADER","HEALTHCARE","Executive","Profile"],"metadata":[]}],[{"content":"Seasoned Health Care Leader and clinician with deep operations","tokens":["Seasoned","Health","Care","Leader","and","clinician","with","deep","operations"],"metadata":[]}],[{"content":"experiences spanning multiple markets and health care delivery systems.","tokens":["experiences","spanning","multiple","markets","and","health","care","delivery","systems."],"metadata":[]}],[{"content":"Demonstrated ability to lead complex projects","tokens":["Demonstrated","ability","to","lead","complex","projects"],"metadata":[]}],[{"content":"to successful completion, working with multi-disciplinary teams – Executive","tokens":["to","successful","completion,","working","with","multi-disciplinary","teams","–","Executive"],"metadata":[]}],[{"content":"Leadership teams, physicians, management and staff/clinicians.","tokens":["Leadership","teams,","physicians,","management","and","staff/clinicians."],"metadata":[]}],[{"content":"Excellent communication skills, creative","tokens":["Excellent","communication","skills,","creative"],"metadata":[]}],[{"content":"strategic thinker and collaborative team builder.","tokens":["strategic","thinker","and","collaborative","team","builder."],"metadata":[]}],[{"content":"I have spent the last 18 years serving","tokens":["I","have","spent","the","last","18","years","serving"],"metadata":[]}],[{"content":"leading healthcare organizations across the county, including Mayo Clinic, UMHS and Cedars-Sinai as a Senior Leader with","tokens":["leading","healthcare","organizations","across","the","county,","including","Mayo","Clinic,","UMHS","and","Cedars-Sinai","as","a","Senior","Leader","with"],"metadata":[]}],[{"content":"Deloitte Consulting LLP.","tokens":["Deloitte","Consulting","LLP."],"metadata":[]}],[{"content":"Seeking opportunities","tokens":["Seeking","opportunities"],"metadata":[]}],[{"content":"to work with innovative, cutting edge organizations targeting healthcare","tokens":["to","work","with","innovative,","cutting","edge","organizations","targeting","healthcare"],"metadata":[]}],[{"content":"transformations.","tokens":["transformations."],"metadata":[]}],[{"content":"Skill Highlights Identifying/Building New Service Offerings Creative Problem Solver/Innovator Process Transformation with Change Management Healthcare Informatics (merging technical with operations) Creating and Maintaining a Performance Bases Culture Growing and Developing High Performing Team Oncology/Transplant RN with pharmaceutical research experience Core Accomplishments Successfully managed and drove highly complex technical and organizational transformations at the countries leading healthcare organizations","tokens":["Skill","Highlights","Identifying/Building","New","Service","Offerings","Creative","Problem","Solver/Innovator","Process","Transformation","with","Change","Management","Healthcare","Informatics","(merging","technical","with","operations)","Creating","and","Maintaining","a","Performance","Bases","Culture","Growing","and","Developing","High","Performing","Team","Oncology/Transplant","RN","with","pharmaceutical","research","experience","Core","Accomplishments","Successfully","managed","and","drove","highly","complex","technical","and","organizational","transformations","at","the","countries","leading","healthcare","organizations"],"metadata":[]}],[{"content":"Management","tokens":["Management"],"metadata":[]}],[{"content":"of $100M++ budgets Management","tokens":["of","$100M++","budgets","Management"],"metadata":[]}],[{"content":"of on-going communication with Board of Directors and C Suite Facilitated","tokens":["of","on-going","communication","with","Board","of","Directors","and","C","Suite","Facilitated"],"metadata":[]}],[{"content":"communication and strategies to build and improve Physician Adoption Developed multi year, multi state/multi region timelines to deliver on time, in scope and on budget projects Implemented targeted benefits, metrics and Best Practices, as a part","tokens":["communication","and","strategies","to","build","and","improve","Physician","Adoption","Developed","multi","year,","multi","state/multi","region","timelines","to","deliver","on","time,","in","scope","and","on","budget","projects","Implemented","targeted","benefits,","metrics","and","Best","Practices,","as","a","part"],"metadata":[]}],[{"content":"of clinical transformation efforts, resulting in tangible bottom line financial","tokens":["of","clinical","transformation","efforts,","resulting","in","tangible","bottom","line","financial"],"metadata":[]}],[{"content":"benefits","tokens":["benefits"],"metadata":[]}],[{"content":"Professional Experience Senior Manager/Specialist Leader HealthCare May 1999 to March 2017 Company Name Served as a Practice Leader in Deloitte's Healthcare Strategy and Operations Practice Provided advisory services to enable clients to manage ever changing Healthcare Landscape Provided Leadership and Project Management to large, complex multi year technical and operational transformations Clients served include: Mayo Clinic, Kaiser Permanente, Cedars-Sinai, Sutter Health, University of Michigan Health System, CHI and Children's Hospital of Wisconsin Authored and contributed to numerous whitepapers and published content on HealthCare Delivery and Improvement Director of Home Care Services May 1996 to May 1999 Company Name Served as Director of Homecare Services for a hospital based agency that served a 10 county area (rural and urban) Participated in the planning and implementation of merger and acquisition of additional homecare company Re-engineered operations and processes which resulted in increased efficiency and responsiveness of the agency, as well as a 40% increase over a 1 year period (decreased cost per visit and decreased utilization to maximize reimbursement New program development: Infusion Services, Pediatrics, OB, Mental Health and Private Duty Executive Director/Owner February 1993 to May 1996 Company Name Developed, planned and implemented a cost-effective healthcare delivery system that has been recognized as a model for children with special needs.","tokens":["Professional","Experience","Senior","Manager/Specialist","Leader","HealthCare","May","1999","to","March","2017","Company","Name","Served","as","a","Practice","Leader","in","Deloitte's","Healthcare","Strategy","and","Operations","Practice","Provided","advisory","services","to","enable","clients","to","manage","ever","changing","Healthcare","Landscape","Provided","Leadership","and","Project","Management","to","large,","complex","multi","year","technical","and","operational","transformations","Clients","served","include:","Mayo","Clinic,","Kaiser","Permanente,","Cedars-Sinai,","Sutter","Health,","University","of","Michigan","Health","System,","CHI","and","Children's","Hospital","of","Wisconsin","Authored","and","contributed","to","numerous","whitepapers","and","published","content","on","HealthCare","Delivery","and","Improvement","Director","of","Home","Care","Services","May","1996","to","May","1999","Company","Name","Served","as","Director","of","Homecare","Services","for","a","hospital","based","agency","that","served","a","10","county","area","(rural","and","urban)","Participated","in","the","planning","and","implementation","of","merger","and","acquisition","of","additional","homecare","company","Re-engineered","operations","and","processes","which","resulted","in","increased","efficiency","and","responsiveness","of","the","agency,","as","well","as","a","40%","increase","over","a","1","year","period","(decreased","cost","per","visit","and","decreased","utilization","to","maximize","reimbursement","New","program","development:","Infusion","Services,","Pediatrics,","OB,","Mental","Health","and","Private","Duty","Executive","Director/Owner","February","1993","to","May","1996","Company","Name","Developed,","planned","and","implemented","a","cost-effective","healthcare","delivery","system","that","has","been","recognized","as","a","model","for","children","with","special","needs."],"metadata":[]}],[{"content":"Center provided nursing care, as well as, PT, OT, ST and educational services to medically fragile children and their families.","tokens":["Center","provided","nursing","care,","as","well","as,","PT,","OT,","ST","and","educational","services","to","medically","fragile","children","and","their","families."],"metadata":[]}],[{"content":"Center was first of it's kind to receive JCAHO certification.","tokens":["Center","was","first","of","it's","kind","to","receive","JCAHO","certification."],"metadata":[]}],[{"content":"Successfully lobbied the State of Ohio Medicaid Waiver program to reimburse for services provided at a free-standing facility.","tokens":["Successfully","lobbied","the","State","of","Ohio","Medicaid","Waiver","program","to","reimburse","for","services","provided","at","a","free-standing","facility."],"metadata":[]}],[{"content":"Contracted with third party payors and insurers for reimbursement.","tokens":["Contracted","with","third","party","payors","and","insurers","for","reimbursement."],"metadata":[]}],[{"content":"Nurse Manager/RN January 1984 to January 1993 Company Name Rainbow Babies and Children's Hospital has been consistently recognized as one of the top five children's hospitals in the country.","tokens":["Nurse","Manager/RN","January","1984","to","January","1993","Company","Name","Rainbow","Babies","and","Children's","Hospital","has","been","consistently","recognized","as","one","of","the","top","five","children's","hospitals","in","the","country."],"metadata":[]}],[{"content":"Managed a 35 bed Bone Marrow Transplant/Oncology unit.","tokens":["Managed","a","35","bed","Bone","Marrow","Transplant/Oncology","unit."],"metadata":[]}],[{"content":"Daily operations management accountability.","tokens":["Daily","operations","management","accountability."],"metadata":[]}],[{"content":"Served as a member of the design team that developed the facilities planning, workflow design and patient care \"experience\" for a new 300 bed pediatric hospital.","tokens":["Served","as","a","member","of","the","design","team","that","developed","the","facilities","planning,","workflow","design","and","patient","care","\"experience\"","for","a","new","300","bed","pediatric","hospital."],"metadata":[]}],[{"content":"Education Bachelor of Science : Nursing Ursuline College － City , State Executive Healthcare Management Certification CWRU Weatherhead － City , State MBA : Healthcare Management Cleveland State University － City , State * Completed 3 of 4 years course work Publications/Presentations Optimization after Implementation Value Based Billing Transforming Healthcare Clinical Management Redesign Developing Multi-Disciplinary Clinical Content Skills Seasoned HealthCare Advisor, Excellent Communication Skills, Creative Problem Solver, Innovative Critical Thinker, Leader, Change Driver","tokens":["Education","Bachelor","of","Science",":","Nursing","Ursuline","College","－","City",",","State","Executive","Healthcare","Management","Certification","CWRU","Weatherhead","－","City",",","State","MBA",":","Healthcare","Management","Cleveland","State","University","－","City",",","State","*","Completed","3","of","4","years","course","work","Publications/Presentations","Optimization","after","Implementation","Value","Based","Billing","Transforming","Healthcare","Clinical","Management","Redesign","Developing","Multi-Disciplinary","Clinical","Content","Skills","Seasoned","HealthCare","Advisor,","Excellent","Communication","Skills,","Creative","Problem","Solver,","Innovative","Critical","Thinker,","Leader,","Change","Driver"],"metadata":[]}]],"labelerInfo":{"id":6814,"email":"cwilhel8@jh.edu","displayName":"Chris Wilhelm"},"labelSets":[{"name":"Resume Labels","index":0,"labelItems":[{"id":"Kj5U6n9NUqTXuWcB3c_7L","labelName":"College"},{"id":"rj7TW0-ymuRo6f_asXJab","labelName":"Company Name"},{"id":"SJEkdao76hjwbb6Fh5SY6","labelName":"Job Title"},{"id":"BjO8MdvK2KI4E5iMEeY4B","labelName":"Graduation Year"},{"id":"eS2knCRgLegeRw8bcmSWA","labelName":"Skill"},{"id":"IeEoIKabMl51BJE0gX2YL","labelName":"Degree"},{"id":"1R0C50AAwFbEp2O0WmRv6","labelName":"Location"},{"id":"zQcc4ygexJ_A3Gb0NeRTk","labelName":"Years of Experience"},{"id":"52S_6moRfhjC-yXgIBeCp","labelName":"Date"},{"id":"KiLarWmwlU1E3-FfdG6Qg","labelName":"Project"},{"id":"dyxKKTAxW1z5ifjPj42BI","labelName":"Name"}]}],"spanLabels":[{"id":"1663394002","labeledBy":"AUTO","labeledByUserId":null,"acceptedByUserId":null,"rejectedByUserId":null,"layer":0,"counter":0,"status":"LABELED","hashCode":"SPAN:SJEkdao76hjwbb6Fh5SY6:0:0:0:0:0:0:0:3:9:0:undefined:undefined","labelName":"SJEkdao76hjwbb6Fh5SY6","labelItem":{"id":"SJEkdao76hjwbb6Fh5SY6","labelName":"Job Title"},"textPosition":{"start":{"row":0,"column":0,"tokenIndex":0,"charIndex":0},"end":{"row":0,"column":0,"tokenIndex":3,"charIndex":9}},"confidenceScore":null},{"id":"1663394005","labeledBy":"AUTO","labeledByUserId":null,"acceptedByUserId":null,"rejectedByUserId":null,"layer":0,"counter":0,"status":"LABELED","hashCode":"SPAN:eS2knCRgLegeRw8bcmSWA:0:6:0:1:0:6:0:2:6:0:undefined:undefined","labelName":"eS2knCRgLegeRw8bcmSWA","labelItem":{"id":"eS2knCRgLegeRw8bcmSWA","labelName":"Skill"},"textPosition":{"start":{"row":6,"column":0,"tokenIndex":1,"charIndex":0},"end":{"row":6,"column":0,"tokenIndex":2,"charIndex":6}},"confidenceScore":null},{"id":"1663394008","labeledBy":"AUTO","labeledByUserId":null,"acceptedByUserId":null,"rejectedByUserId":null,"layer":0,"counter":0,"status":"LABELED","hashCode":"SPAN:eS2knCRgLegeRw8bcmSWA:0:6:0:3:0:7:0:1:6:0:undefined:undefined","labelName":"eS2knCRgLegeRw8bcmSWA","labelItem":{"id":"eS2knCRgLegeRw8bcmSWA","labelName":"Skill"},"textPosition":{"start":{"row":6,"column":0,"tokenIndex":3,"charIndex":0},"end":{"row":7,"column":0,"tokenIndex":1,"charIndex":6}},"confidenceScore":null},{"id":"1663394011","labeledBy":"AUTO","labeledByUserId":null,"acceptedByUserId":null,"rejectedByUserId":null,"layer":0,"counter":0,"status":"LABELED","hashCode":"SPAN:eS2knCRgLegeRw8bcmSWA:0:7:0:3:0:7:0:3:12:0:undefined:undefined","labelName":"eS2knCRgLegeRw8bcmSWA","labelItem":{"id":"eS2knCRgLegeRw8bcmSWA","labelName":"Skill"},"textPosition":{"start":{"row":7,"column":0,"tokenIndex":3,"charIndex":0},"end":{"row":7,"column":0,"tokenIndex":3,"charIndex":12}},"confidenceScore":null},{"id":"1663394014","labeledBy":"AUTO","labeledByUserId":null,"acceptedByUserId":null,"rejectedByUserId":null,"layer":0,"counter":0,"status":"LABELED","hashCode":"SPAN:zQcc4ygexJ_A3Gb0NeRTk:0:8:0:5:0:8:0:6:4:0:undefined:undefined","labelName":"zQcc4ygexJ_A3Gb0NeRTk","labelItem":{"id":"zQcc4ygexJ_A3Gb0NeRTk","labelName":"Years of Experience"},"textPosition":{"start":{"row":8,"column":0,"tokenIndex":5,"charIndex":0},"end":{"row":8,"column":0,"tokenIndex":6,"charIndex":4}},"confidenceScore":null},{"id":"1663394026","labeledBy":"AUTO","labeledByUserId":null,"acceptedByUserId":null,"rejectedByUserId":null,"layer":0,"counter":0,"status":"LABELED","hashCode":"SPAN:rj7TW0-ymuRo6f_asXJab:0:9:0:7:0:9:0:8:6:0:undefined:undefined","labelName":"rj7TW0-ymuRo6f_asXJab","labelItem":{"id":"rj7TW0-ymuRo6f_asXJab","labelName":"Company Name"},"textPosition":{"start":{"row":9,"column":0,"tokenIndex":7,"charIndex":0},"end":{"row":9,"column":0,"tokenIndex":8,"charIndex":6}},"confidenceScore":null},{"id":"1663394029","labeledBy":"AUTO","labeledByUserId":null,"acceptedByUserId":null,"rejectedByUserId":null,"layer":0,"counter":0,"status":"LABELED","hashCode":"SPAN:rj7TW0-ymuRo6f_asXJab:0:9:0:9:0:9:0:9:3:0:undefined:undefined","labelName":"rj7TW0-ymuRo6f_asXJab","labelItem":{"id":"rj7TW0-ymuRo6f_asXJab","labelName":"Company Name"},"textPosition":{"start":{"row":9,"column":0,"tokenIndex":9,"charIndex":0},"end":{"row":9,"column":0,"tokenIndex":9,"charIndex":3}},"confidenceScore":null},{"id":"1663394032","labeledBy":"AUTO","labeledByUserId":null,"acceptedByUserId":null,"rejectedByUserId":null,"layer":0,"counter":0,"status":"LABELED","hashCode":"SPAN:rj7TW0-ymuRo6f_asXJab:0:9:0:11:0:9:0:11:11:0:undefined:undefined","labelName":"rj7TW0-ymuRo6f_asXJab","labelItem":{"id":"rj7TW0-ymuRo6f_asXJab","labelName":"Company Name"},"textPosition":{"start":{"row":9,"column":0,"tokenIndex":11,"charIndex":0},"end":{"row":9,"column":0,"tokenIndex":11,"charIndex":11}},"confidenceScore":null},{"id":"1663394038","labeledBy":"AUTO","labeledByUserId":null,"acceptedByUserId":null,"rejectedByUserId":null,"layer":0,"counter":0,"status":"LABELED","hashCode":"SPAN:SJEkdao76hjwbb6Fh5SY6:0:9:0:14:0:9:0:15:5:0:undefined:undefined","labelName":"SJEkdao76hjwbb6Fh5SY6","labelItem":{"id":"SJEkdao76hjwbb6Fh5SY6","labelName":"Job Title"},"textPosition":{"start":{"row":9,"column":0,"tokenIndex":14,"charIndex":0},"end":{"row":9,"column":0,"tokenIndex":15,"charIndex":5}},"confidenceScore":null},{"id":"1663394056","labeledBy":"AUTO","labeledByUserId":null,"acceptedByUserId":null,"rejectedByUserId":null,"layer":0,"counter":0,"status":"LABELED","hashCode":"SPAN:rj7TW0-ymuRo6f_asXJab:0:10:0:0:0:10:0:2:3:0:undefined:undefined","labelName":"rj7TW0-ymuRo6f_asXJab","labelItem":{"id":"rj7TW0-ymuRo6f_asXJab","labelName":"Company Name"},"textPosition":{"start":{"row":10,"column":0,"tokenIndex":0,"charIndex":0},"end":{"row":10,"column":0,"tokenIndex":2,"charIndex":3}},"confidenceScore":null},{"id":"1663394083","labeledBy":"AUTO","labeledByUserId":null,"acceptedByUserId":null,"rejectedByUserId":null,"layer":0,"counter":0,"status":"LABELED","hashCode":"SPAN:eS2knCRgLegeRw8bcmSWA:0:14:0:2:0:14:0:4:6:0:undefined:undefined","labelName":"eS2knCRgLegeRw8bcmSWA","labelItem":{"id":"eS2knCRgLegeRw8bcmSWA","labelName":"Skill"},"textPosition":{"start":{"row":14,"column":0,"tokenIndex":2,"charIndex":0},"end":{"row":14,"column":0,"tokenIndex":4,"charIndex":6}},"confidenceScore":null},{"id":"1663394074","labeledBy":"AUTO","labeledByUserId":null,"acceptedByUserId":null,"rejectedByUserId":null,"layer":0,"counter":0,"status":"LABELED","hashCode":"SPAN:eS2knCRgLegeRw8bcmSWA:0:14:0:6:0:14:0:6:7:0:undefined:undefined","labelName":"eS2knCRgLegeRw8bcmSWA","labelItem":{"id":"eS2knCRgLegeRw8bcmSWA","labelName":"Skill"},"textPosition":{"start":{"row":14,"column":0,"tokenIndex":6,"charIndex":0},"end":{"row":14,"column":0,"tokenIndex":6,"charIndex":7}},"confidenceScore":null},{"id":"1663394077","labeledBy":"AUTO","labeledByUserId":null,"acceptedByUserId":null,"rejectedByUserId":null,"layer":0,"counter":0,"status":"LABELED","hashCode":"SPAN:eS2knCRgLegeRw8bcmSWA:0:14:0:7:0:14:0:8:15:0:undefined:undefined","labelName":"eS2knCRgLegeRw8bcmSWA","labelItem":{"id":"eS2knCRgLegeRw8bcmSWA","labelName":"Skill"},"textPosition":{"start":{"row":14,"column":0,"tokenIndex":7,"charIndex":0},"end":{"row":14,"column":0,"tokenIndex":8,"charIndex":15}},"confidenceScore":null},{"id":"1663394101","labeledBy":"AUTO","labeledByUserId":null,"acceptedByUserId":null,"rejectedByUserId":null,"layer":0,"counter":0,"status":"LABELED","hashCode":"SPAN:eS2knCRgLegeRw8bcmSWA:0:14:0:26:0:14:0:27:6:0:undefined:undefined","labelName":"eS2knCRgLegeRw8bcmSWA","labelItem":{"id":"eS2knCRgLegeRw8bcmSWA","labelName":"Skill"},"textPosition":{"start":{"row":14,"column":0,"tokenIndex":26,"charIndex":0},"end":{"row":14,"column":0,"tokenIndex":27,"charIndex":6}},"confidenceScore":null},{"id":"1663394113","labeledBy":"AUTO","labeledByUserId":null,"acceptedByUserId":null,"rejectedByUserId":null,"layer":0,"counter":0,"status":"LABELED","hashCode":"SPAN:eS2knCRgLegeRw8bcmSWA:0:14:0:36:0:14:0:37:7:0:undefined:undefined","labelName":"eS2knCRgLegeRw8bcmSWA","labelItem":{"id":"eS2knCRgLegeRw8bcmSWA","labelName":"Skill"},"textPosition":{"start":{"row":14,"column":0,"tokenIndex":36,"charIndex":0},"end":{"row":14,"column":0,"tokenIndex":37,"charIndex":7}},"confidenceScore":null},{"id":"1663394131","labeledBy":"AUTO","labeledByUserId":null,"acceptedByUserId":null,"rejectedByUserId":null,"layer":0,"counter":0,"status":"LABELED","hashCode":"SPAN:SJEkdao76hjwbb6Fh5SY6:0:21:0:2:0:21:0:5:9:0:undefined:undefined","labelName":"SJEkdao76hjwbb6Fh5SY6","labelItem":{"id":"SJEkdao76hjwbb6Fh5SY6","labelName":"Job Title"},"textPosition":{"start":{"row":21,"column":0,"tokenIndex":2,"charIndex":0},"end":{"row":21,"column":0,"tokenIndex":5,"charIndex":9}},"confidenceScore":null},{"id":"1663394134","labeledBy":"AUTO","labeledByUserId":null,"acceptedByUserId":null,"rejectedByUserId":null,"layer":0,"counter":0,"status":"LABELED","hashCode":"SPAN:52S_6moRfhjC-yXgIBeCp:0:21:0:6:0:21:0:7:3:0:undefined:undefined","labelName":"52S_6moRfhjC-yXgIBeCp","labelItem":{"id":"52S_6moRfhjC-yXgIBeCp","labelName":"Date"},"textPosition":{"start":{"row":21,"column":0,"tokenIndex":6,"charIndex":0},"end":{"row":21,"column":0,"tokenIndex":7,"charIndex":3}},"confidenceScore":null},{"id":"1663394138","labeledBy":"AUTO","labeledByUserId":null,"acceptedByUserId":null,"rejectedByUserId":null,"layer":0,"counter":0,"status":"LABELED","hashCode":"SPAN:52S_6moRfhjC-yXgIBeCp:0:21:0:9:0:21:0:10:3:0:undefined:undefined","labelName":"52S_6moRfhjC-yXgIBeCp","labelItem":{"id":"52S_6moRfhjC-yXgIBeCp","labelName":"Date"},"textPosition":{"start":{"row":21,"column":0,"tokenIndex":9,"charIndex":0},"end":{"row":21,"column":0,"tokenIndex":10,"charIndex":3}},"confidenceScore":null},{"id":"1663394143","labeledBy":"AUTO","labeledByUserId":null,"acceptedByUserId":null,"rejectedByUserId":null,"layer":0,"counter":0,"status":"LABELED","hashCode":"SPAN:SJEkdao76hjwbb6Fh5SY6:0:21:0:16:0:21:0:17:5:0:undefined:undefined","labelName":"SJEkdao76hjwbb6Fh5SY6","labelItem":{"id":"SJEkdao76hjwbb6Fh5SY6","labelName":"Job Title"},"textPosition":{"start":{"row":21,"column":0,"tokenIndex":16,"charIndex":0},"end":{"row":21,"column":0,"tokenIndex":17,"charIndex":5}},"confidenceScore":null},{"id":"1663394161","labeledBy":"AUTO","labeledByUserId":null,"acceptedByUserId":null,"rejectedByUserId":null,"layer":0,"counter":0,"status":"LABELED","hashCode":"SPAN:rj7TW0-ymuRo6f_asXJab:0:21:0:19:0:21:0:24:7:0:undefined:undefined","labelName":"rj7TW0-ymuRo6f_asXJab","labelItem":{"id":"rj7TW0-ymuRo6f_asXJab","labelName":"Company Name"},"textPosition":{"start":{"row":21,"column":0,"tokenIndex":19,"charIndex":0},"end":{"row":21,"column":0,"tokenIndex":24,"charIndex":7}},"confidenceScore":null},{"id":"1663394224","labeledBy":"AUTO","labeledByUserId":null,"acceptedByUserId":null,"rejectedByUserId":null,"layer":0,"counter":0,"status":"LABELED","hashCode":"SPAN:rj7TW0-ymuRo6f_asXJab:0:21:0:54:0:21:0:55:6:0:undefined:undefined","labelName":"rj7TW0-ymuRo6f_asXJab","labelItem":{"id":"rj7TW0-ymuRo6f_asXJab","labelName":"Company Name"},"textPosition":{"start":{"row":21,"column":0,"tokenIndex":54,"charIndex":0},"end":{"row":21,"column":0,"tokenIndex":55,"charIndex":6}},"confidenceScore":null},{"id":"1663394222","labeledBy":"AUTO","labeledByUserId":null,"acceptedByUserId":null,"rejectedByUserId":null,"layer":0,"counter":0,"status":"LABELED","hashCode":"SPAN:rj7TW0-ymuRo6f_asXJab:0:21:0:56:0:21:0:57:10:0:undefined:undefined","labelName":"rj7TW0-ymuRo6f_asXJab","labelItem":{"id":"rj7TW0-ymuRo6f_asXJab","labelName":"Company Name"},"textPosition":{"start":{"row":21,"column":0,"tokenIndex":56,"charIndex":0},"end":{"row":21,"column":0,"tokenIndex":57,"charIndex":10}},"confidenceScore":null},{"id":"1663394227","labeledBy":"AUTO","labeledByUserId":null,"acceptedByUserId":null,"rejectedByUserId":null,"layer":0,"counter":0,"status":"LABELED","hashCode":"SPAN:rj7TW0-ymuRo6f_asXJab:0:21:0:58:0:21:0:58:12:0:undefined:undefined","labelName":"rj7TW0-ymuRo6f_asXJab","labelItem":{"id":"rj7TW0-ymuRo6f_asXJab","labelName":"Company Name"},"textPosition":{"start":{"row":21,"column":0,"tokenIndex":58,"charIndex":0},"end":{"row":21,"column":0,"tokenIndex":58,"charIndex":12}},"confidenceScore":null},{"id":"1663394230","labeledBy":"AUTO","labeledByUserId":null,"acceptedByUserId":null,"rejectedByUserId":null,"layer":0,"counter":0,"status":"LABELED","hashCode":"SPAN:rj7TW0-ymuRo6f_asXJab:0:21:0:59:0:21:0:60:6:0:undefined:undefined","labelName":"rj7TW0-ymuRo6f_asXJab","labelItem":{"id":"rj7TW0-ymuRo6f_asXJab","labelName":"Company Name"},"textPosition":{"start":{"row":21,"column":0,"tokenIndex":59,"charIndex":0},"end":{"row":21,"column":0,"tokenIndex":60,"charIndex":6}},"confidenceScore":null},{"id":"1663394233","labeledBy":"AUTO","labeledByUserId":null,"acceptedByUserId":null,"rejectedByUserId":null,"layer":0,"counter":0,"status":"LABELED","hashCode":"SPAN:rj7TW0-ymuRo6f_asXJab:0:21:0:61:0:21:0:65:6:0:undefined:undefined","labelName":"rj7TW0-ymuRo6f_asXJab","labelItem":{"id":"rj7TW0-ymuRo6f_asXJab","labelName":"Company Name"},"textPosition":{"start":{"row":21,"column":0,"tokenIndex":61,"charIndex":0},"end":{"row":21,"column":0,"tokenIndex":65,"charIndex":6}},"confidenceScore":null},{"id":"1663394236","labeledBy":"AUTO","labeledByUserId":null,"acceptedByUserId":null,"rejectedByUserId":null,"layer":0,"counter":0,"status":"LABELED","hashCode":"SPAN:rj7TW0-ymuRo6f_asXJab:0:21:0:66:0:21:0:66:2:0:undefined:undefined","labelName":"rj7TW0-ymuRo6f_asXJab","labelItem":{"id":"rj7TW0-ymuRo6f_asXJab","labelName":"Company Name"},"textPosition":{"start":{"row":21,"column":0,"tokenIndex":66,"charIndex":0},"end":{"row":21,"column":0,"tokenIndex":66,"charIndex":2}},"confidenceScore":null},{"id":"1663394242","labeledBy":"AUTO","labeledByUserId":null,"acceptedByUserId":null,"rejectedByUserId":null,"layer":0,"counter":0,"status":"LABELED","hashCode":"SPAN:rj7TW0-ymuRo6f_asXJab:0:21:0:68:0:21:0:71:8:0:undefined:undefined","labelName":"rj7TW0-ymuRo6f_asXJab","labelItem":{"id":"rj7TW0-ymuRo6f_asXJab","labelName":"Company Name"},"textPosition":{"start":{"row":21,"column":0,"tokenIndex":68,"charIndex":0},"end":{"row":21,"column":0,"tokenIndex":71,"charIndex":8}},"confidenceScore":null},{"id":"1663394317","labeledBy":"AUTO","labeledByUserId":null,"acceptedByUserId":null,"rejectedByUserId":null,"layer":0,"counter":0,"status":"LABELED","hashCode":"SPAN:eS2knCRgLegeRw8bcmSWA:0:21:0:79:0:21:0:80:6:0:undefined:undefined","labelName":"eS2knCRgLegeRw8bcmSWA","labelItem":{"id":"eS2knCRgLegeRw8bcmSWA","labelName":"Skill"},"textPosition":{"start":{"row":21,"column":0,"tokenIndex":79,"charIndex":0},"end":{"row":21,"column":0,"tokenIndex":80,"charIndex":6}},"confidenceScore":null},{"id":"1663394287","labeledBy":"AUTO","labeledByUserId":null,"acceptedByUserId":null,"rejectedByUserId":null,"layer":0,"counter":0,"status":"LABELED","hashCode":"SPAN:eS2knCRgLegeRw8bcmSWA:0:21:0:91:0:21:0:92:3:0:undefined:undefined","labelName":"eS2knCRgLegeRw8bcmSWA","labelItem":{"id":"eS2knCRgLegeRw8bcmSWA","labelName":"Skill"},"textPosition":{"start":{"row":21,"column":0,"tokenIndex":91,"charIndex":0},"end":{"row":21,"column":0,"tokenIndex":92,"charIndex":3}},"confidenceScore":null},{"id":"1663394299","labeledBy":"AUTO","labeledByUserId":null,"acceptedByUserId":null,"rejectedByUserId":null,"layer":0,"counter":0,"status":"LABELED","hashCode":"SPAN:eS2knCRgLegeRw8bcmSWA:0:21:0:94:0:21:0:95:3:0:undefined:undefined","labelName":"eS2knCRgLegeRw8bcmSWA","labelItem":{"id":"eS2knCRgLegeRw8bcmSWA","labelName":"Skill"},"textPosition":{"start":{"row":21,"column":0,"tokenIndex":94,"charIndex":0},"end":{"row":21,"column":0,"tokenIndex":95,"charIndex":3}},"confidenceScore":null},{"id":"1663394350","labeledBy":"AUTO","labeledByUserId":null,"acceptedByUserId":null,"rejectedByUserId":null,"layer":0,"counter":0,"status":"LABELED","hashCode":"SPAN:SJEkdao76hjwbb6Fh5SY6:0:21:0:100:0:21:0:103:7:0:undefined:undefined","labelName":"SJEkdao76hjwbb6Fh5SY6","labelItem":{"id":"SJEkdao76hjwbb6Fh5SY6","labelName":"Job Title"},"textPosition":{"start":{"row":21,"column":0,"tokenIndex":100,"charIndex":0},"end":{"row":21,"column":0,"tokenIndex":103,"charIndex":7}},"confidenceScore":null},{"id":"1663394395","labeledBy":"AUTO","labeledByUserId":null,"acceptedByUserId":null,"rejectedByUserId":null,"layer":0,"counter":0,"status":"LABELED","hashCode":"SPAN:SJEkdao76hjwbb6Fh5SY6:0:21:0:174:0:21:0:180:13:0:undefined:undefined","labelName":"SJEkdao76hjwbb6Fh5SY6","labelItem":{"id":"SJEkdao76hjwbb6Fh5SY6","labelName":"Job Title"},"textPosition":{"start":{"row":21,"column":0,"tokenIndex":174,"charIndex":0},"end":{"row":21,"column":0,"tokenIndex":180,"charIndex":13}},"confidenceScore":null},{"id":"1663394371","labeledBy":"AUTO","labeledByUserId":null,"acceptedByUserId":null,"rejectedByUserId":null,"layer":0,"counter":0,"status":"LABELED","hashCode":"SPAN:52S_6moRfhjC-yXgIBeCp:0:21:0:181:0:21:0:182:3:0:undefined:undefined","labelName":"52S_6moRfhjC-yXgIBeCp","labelItem":{"id":"52S_6moRfhjC-yXgIBeCp","labelName":"Date"},"textPosition":{"start":{"row":21,"column":0,"tokenIndex":181,"charIndex":0},"end":{"row":21,"column":0,"tokenIndex":182,"charIndex":3}},"confidenceScore":null},{"id":"1663394377","labeledBy":"AUTO","labeledByUserId":null,"acceptedByUserId":null,"rejectedByUserId":null,"layer":0,"counter":0,"status":"LABELED","hashCode":"SPAN:52S_6moRfhjC-yXgIBeCp:0:21:0:184:0:21:0:185:3:0:undefined:undefined","labelName":"52S_6moRfhjC-yXgIBeCp","labelItem":{"id":"52S_6moRfhjC-yXgIBeCp","labelName":"Date"},"textPosition":{"start":{"row":21,"column":0,"tokenIndex":184,"charIndex":0},"end":{"row":21,"column":0,"tokenIndex":185,"charIndex":3}},"confidenceScore":null},{"id":"1663394407","labeledBy":"AUTO","labeledByUserId":null,"acceptedByUserId":null,"rejectedByUserId":null,"layer":0,"counter":0,"status":"LABELED","hashCode":"SPAN:SJEkdao76hjwbb6Fh5SY6:0:26:0:0:0:26:0:1:9:0:undefined:undefined","labelName":"SJEkdao76hjwbb6Fh5SY6","labelItem":{"id":"SJEkdao76hjwbb6Fh5SY6","labelName":"Job Title"},"textPosition":{"start":{"row":26,"column":0,"tokenIndex":0,"charIndex":0},"end":{"row":26,"column":0,"tokenIndex":1,"charIndex":9}},"confidenceScore":null},{"id":"1663394410","labeledBy":"AUTO","labeledByUserId":null,"acceptedByUserId":null,"rejectedByUserId":null,"layer":0,"counter":0,"status":"LABELED","hashCode":"SPAN:52S_6moRfhjC-yXgIBeCp:0:26:0:2:0:26:0:3:3:0:undefined:undefined","labelName":"52S_6moRfhjC-yXgIBeCp","labelItem":{"id":"52S_6moRfhjC-yXgIBeCp","labelName":"Date"},"textPosition":{"start":{"row":26,"column":0,"tokenIndex":2,"charIndex":0},"end":{"row":26,"column":0,"tokenIndex":3,"charIndex":3}},"confidenceScore":null},{"id":"1663394416","labeledBy":"AUTO","labeledByUserId":null,"acceptedByUserId":null,"rejectedByUserId":null,"layer":0,"counter":0,"status":"LABELED","hashCode":"SPAN:52S_6moRfhjC-yXgIBeCp:0:26:0:5:0:26:0:6:3:0:undefined:undefined","labelName":"52S_6moRfhjC-yXgIBeCp","labelItem":{"id":"52S_6moRfhjC-yXgIBeCp","labelName":"Date"},"textPosition":{"start":{"row":26,"column":0,"tokenIndex":5,"charIndex":0},"end":{"row":26,"column":0,"tokenIndex":6,"charIndex":3}},"confidenceScore":null},{"id":"1663394422","labeledBy":"AUTO","labeledByUserId":null,"acceptedByUserId":null,"rejectedByUserId":null,"layer":0,"counter":0,"status":"LABELED","hashCode":"SPAN:rj7TW0-ymuRo6f_asXJab:0:26:0:9:0:26:0:13:7:0:undefined:undefined","labelName":"rj7TW0-ymuRo6f_asXJab","labelItem":{"id":"rj7TW0-ymuRo6f_asXJab","labelName":"Company Name"},"textPosition":{"start":{"row":26,"column":0,"tokenIndex":9,"charIndex":0},"end":{"row":26,"column":0,"tokenIndex":13,"charIndex":7}},"confidenceScore":null},{"id":"1663394437","labeledBy":"AUTO","labeledByUserId":null,"acceptedByUserId":null,"rejectedByUserId":null,"layer":0,"counter":0,"status":"LABELED","hashCode":"SPAN:eS2knCRgLegeRw8bcmSWA:0:27:0:6:0:27:0:6:18:0:undefined:undefined","labelName":"eS2knCRgLegeRw8bcmSWA","labelItem":{"id":"eS2knCRgLegeRw8bcmSWA","labelName":"Skill"},"textPosition":{"start":{"row":27,"column":0,"tokenIndex":6,"charIndex":0},"end":{"row":27,"column":0,"tokenIndex":6,"charIndex":18}},"confidenceScore":null},{"id":"1663394452","labeledBy":"AUTO","labeledByUserId":null,"acceptedByUserId":null,"rejectedByUserId":null,"layer":0,"counter":0,"status":"LABELED","hashCode":"SPAN:IeEoIKabMl51BJE0gX2YL:0:30:0:1:0:30:0:5:6:0:undefined:undefined","labelName":"IeEoIKabMl51BJE0gX2YL","labelItem":{"id":"IeEoIKabMl51BJE0gX2YL","labelName":"Degree"},"textPosition":{"start":{"row":30,"column":0,"tokenIndex":1,"charIndex":0},"end":{"row":30,"column":0,"tokenIndex":5,"charIndex":6}},"confidenceScore":null},{"id":"1663394458","labeledBy":"AUTO","labeledByUserId":null,"acceptedByUserId":null,"rejectedByUserId":null,"layer":0,"counter":0,"status":"LABELED","hashCode":"SPAN:Kj5U6n9NUqTXuWcB3c_7L:0:30:0:6:0:30:0:7:6:0:undefined:undefined","labelName":"Kj5U6n9NUqTXuWcB3c_7L","labelItem":{"id":"Kj5U6n9NUqTXuWcB3c_7L","labelName":"College"},"textPosition":{"start":{"row":30,"column":0,"tokenIndex":6,"charIndex":0},"end":{"row":30,"column":0,"tokenIndex":7,"charIndex":6}},"confidenceScore":null},{"id":"1663394467","labeledBy":"AUTO","labeledByUserId":null,"acceptedByUserId":null,"rejectedByUserId":null,"layer":0,"counter":0,"status":"LABELED","hashCode":"SPAN:eS2knCRgLegeRw8bcmSWA:0:30:0:12:0:30:0:15:12:0:undefined:undefined","labelName":"eS2knCRgLegeRw8bcmSWA","labelItem":{"id":"eS2knCRgLegeRw8bcmSWA","labelName":"Skill"},"textPosition":{"start":{"row":30,"column":0,"tokenIndex":12,"charIndex":0},"end":{"row":30,"column":0,"tokenIndex":15,"charIndex":12}},"confidenceScore":null},{"id":"1663394512","labeledBy":"AUTO","labeledByUserId":null,"acceptedByUserId":null,"rejectedByUserId":null,"layer":0,"counter":0,"status":"LABELED","hashCode":"SPAN:Kj5U6n9NUqTXuWcB3c_7L:0:30:0:16:0:30:0:17:10:0:undefined:undefined","labelName":"Kj5U6n9NUqTXuWcB3c_7L","labelItem":{"id":"Kj5U6n9NUqTXuWcB3c_7L","labelName":"College"},"textPosition":{"start":{"row":30,"column":0,"tokenIndex":16,"charIndex":0},"end":{"row":30,"column":0,"tokenIndex":17,"charIndex":10}},"confidenceScore":null},{"id":"1663394527","labeledBy":"AUTO","labeledByUserId":null,"acceptedByUserId":null,"rejectedByUserId":null,"layer":0,"counter":0,"status":"LABELED","hashCode":"SPAN:IeEoIKabMl51BJE0gX2YL:0:30:0:22:0:30:0:25:9:0:undefined:undefined","labelName":"IeEoIKabMl51BJE0gX2YL","labelItem":{"id":"IeEoIKabMl51BJE0gX2YL","labelName":"Degree"},"textPosition":{"start":{"row":30,"column":0,"tokenIndex":22,"charIndex":0},"end":{"row":30,"column":0,"tokenIndex":25,"charIndex":9}},"confidenceScore":null},{"id":"1663394533","labeledBy":"AUTO","labeledByUserId":null,"acceptedByUserId":null,"rejectedByUserId":null,"layer":0,"counter":0,"status":"LABELED","hashCode":"SPAN:Kj5U6n9NUqTXuWcB3c_7L:0:30:0:26:0:30:0:28:9:0:undefined:undefined","labelName":"Kj5U6n9NUqTXuWcB3c_7L","labelItem":{"id":"Kj5U6n9NUqTXuWcB3c_7L","labelName":"College"},"textPosition":{"start":{"row":30,"column":0,"tokenIndex":26,"charIndex":0},"end":{"row":30,"column":0,"tokenIndex":28,"charIndex":9}},"confidenceScore":null},{"id":"1663394554","labeledBy":"AUTO","labeledByUserId":null,"acceptedByUserId":null,"rejectedByUserId":null,"layer":0,"counter":0,"status":"LABELED","hashCode":"SPAN:zQcc4ygexJ_A3Gb0NeRTk:0:30:0:35:0:30:0:38:4:0:undefined:undefined","labelName":"zQcc4ygexJ_A3Gb0NeRTk","labelItem":{"id":"zQcc4ygexJ_A3Gb0NeRTk","labelName":"Years of Experience"},"textPosition":{"start":{"row":30,"column":0,"tokenIndex":35,"charIndex":0},"end":{"row":30,"column":0,"tokenIndex":38,"charIndex":4}},"confidenceScore":null},{"id":"1663394770","labeledBy":"AUTO","labeledByUserId":null,"acceptedByUserId":null,"rejectedByUserId":null,"layer":0,"counter":0,"status":"LABELED","hashCode":"SPAN:eS2knCRgLegeRw8bcmSWA:0:30:0:48:0:30:0:49:9:0:undefined:undefined","labelName":"eS2knCRgLegeRw8bcmSWA","labelItem":{"id":"eS2knCRgLegeRw8bcmSWA","labelName":"Skill"},"textPosition":{"start":{"row":30,"column":0,"tokenIndex":48,"charIndex":0},"end":{"row":30,"column":0,"tokenIndex":49,"charIndex":9}},"confidenceScore":null},{"id":"1663394773","labeledBy":"AUTO","labeledByUserId":null,"acceptedByUserId":null,"rejectedByUserId":null,"layer":0,"counter":0,"status":"LABELED","hashCode":"SPAN:eS2knCRgLegeRw8bcmSWA:0:30:0:50:0:30:0:50:7:0:undefined:undefined","labelName":"eS2knCRgLegeRw8bcmSWA","labelItem":{"id":"eS2knCRgLegeRw8bcmSWA","labelName":"Skill"},"textPosition":{"start":{"row":30,"column":0,"tokenIndex":50,"charIndex":0},"end":{"row":30,"column":0,"tokenIndex":50,"charIndex":7}},"confidenceScore":null},{"id":"1663394776","labeledBy":"AUTO","labeledByUserId":null,"acceptedByUserId":null,"rejectedByUserId":null,"layer":0,"counter":0,"status":"LABELED","hashCode":"SPAN:eS2knCRgLegeRw8bcmSWA:0:30:0:51:0:30:0:51:9:0:undefined:undefined","labelName":"eS2knCRgLegeRw8bcmSWA","labelItem":{"id":"eS2knCRgLegeRw8bcmSWA","labelName":"Skill"},"textPosition":{"start":{"row":30,"column":0,"tokenIndex":51,"charIndex":0},"end":{"row":30,"column":0,"tokenIndex":51,"charIndex":9}},"confidenceScore":null},{"id":"1663394779","labeledBy":"AUTO","labeledByUserId":null,"acceptedByUserId":null,"rejectedByUserId":null,"layer":0,"counter":0,"status":"LABELED","hashCode":"SPAN:eS2knCRgLegeRw8bcmSWA:0:30:0:52:0:30:0:52:7:0:undefined:undefined","labelName":"eS2knCRgLegeRw8bcmSWA","labelItem":{"id":"eS2knCRgLegeRw8bcmSWA","labelName":"Skill"},"textPosition":{"start":{"row":30,"column":0,"tokenIndex":52,"charIndex":0},"end":{"row":30,"column":0,"tokenIndex":52,"charIndex":7}},"confidenceScore":null},{"id":"1663394782","labeledBy":"AUTO","labeledByUserId":null,"acceptedByUserId":null,"rejectedByUserId":null,"layer":0,"counter":0,"status":"LABELED","hashCode":"SPAN:eS2knCRgLegeRw8bcmSWA:0:30:0:53:0:30:0:53:9:0:undefined:undefined","labelName":"eS2knCRgLegeRw8bcmSWA","labelItem":{"id":"eS2knCRgLegeRw8bcmSWA","labelName":"Skill"},"textPosition":{"start":{"row":30,"column":0,"tokenIndex":53,"charIndex":0},"end":{"row":30,"column":0,"tokenIndex":53,"charIndex":9}},"confidenceScore":null},{"id":"1663394785","labeledBy":"AUTO","labeledByUserId":null,"acceptedByUserId":null,"rejectedByUserId":null,"layer":0,"counter":0,"status":"LABELED","hashCode":"SPAN:eS2knCRgLegeRw8bcmSWA:0:30:0:54:0:30:0:54:17:0:undefined:undefined","labelName":"eS2knCRgLegeRw8bcmSWA","labelItem":{"id":"eS2knCRgLegeRw8bcmSWA","labelName":"Skill"},"textPosition":{"start":{"row":30,"column":0,"tokenIndex":54,"charIndex":0},"end":{"row":30,"column":0,"tokenIndex":54,"charIndex":17}},"confidenceScore":null},{"id":"1663394797","labeledBy":"AUTO","labeledByUserId":null,"acceptedByUserId":null,"rejectedByUserId":null,"layer":0,"counter":0,"status":"LABELED","hashCode":"SPAN:eS2knCRgLegeRw8bcmSWA:0:30:0:59:0:30:0:60:7:0:undefined:undefined","labelName":"eS2knCRgLegeRw8bcmSWA","labelItem":{"id":"eS2knCRgLegeRw8bcmSWA","labelName":"Skill"},"textPosition":{"start":{"row":30,"column":0,"tokenIndex":59,"charIndex":0},"end":{"row":30,"column":0,"tokenIndex":60,"charIndex":7}},"confidenceScore":null},{"id":"1663394701","labeledBy":"AUTO","labeledByUserId":null,"acceptedByUserId":null,"rejectedByUserId":null,"layer":0,"counter":0,"status":"LABELED","hashCode":"SPAN:eS2knCRgLegeRw8bcmSWA:0:30:0:61:0:30:0:63:6:0:undefined:undefined","labelName":"eS2knCRgLegeRw8bcmSWA","labelItem":{"id":"eS2knCRgLegeRw8bcmSWA","labelName":"Skill"},"textPosition":{"start":{"row":30,"column":0,"tokenIndex":61,"charIndex":0},"end":{"row":30,"column":0,"tokenIndex":63,"charIndex":6}},"confidenceScore":null},{"id":"1663394704","labeledBy":"AUTO","labeledByUserId":null,"acceptedByUserId":null,"rejectedByUserId":null,"layer":0,"counter":0,"status":"LABELED","hashCode":"SPAN:eS2knCRgLegeRw8bcmSWA:0:30:0:64:0:30:0:66:6:0:undefined:undefined","labelName":"eS2knCRgLegeRw8bcmSWA","labelItem":{"id":"eS2knCRgLegeRw8bcmSWA","labelName":"Skill"},"textPosition":{"start":{"row":30,"column":0,"tokenIndex":64,"charIndex":0},"end":{"row":30,"column":0,"tokenIndex":66,"charIndex":6}},"confidenceScore":null},{"id":"1663394710","labeledBy":"AUTO","labeledByUserId":null,"acceptedByUserId":null,"rejectedByUserId":null,"layer":0,"counter":0,"status":"LABELED","hashCode":"SPAN:eS2knCRgLegeRw8bcmSWA:0:30:0:67:0:30:0:69:7:0:undefined:undefined","labelName":"eS2knCRgLegeRw8bcmSWA","labelItem":{"id":"eS2knCRgLegeRw8bcmSWA","labelName":"Skill"},"textPosition":{"start":{"row":30,"column":0,"tokenIndex":67,"charIndex":0},"end":{"row":30,"column":0,"tokenIndex":69,"charIndex":7}},"confidenceScore":null},{"id":"1663394716","labeledBy":"AUTO","labeledByUserId":null,"acceptedByUserId":null,"rejectedByUserId":null,"layer":0,"counter":0,"status":"LABELED","hashCode":"SPAN:eS2knCRgLegeRw8bcmSWA:0:30:0:70:0:30:0:70:6:0:undefined:undefined","labelName":"eS2knCRgLegeRw8bcmSWA","labelItem":{"id":"eS2knCRgLegeRw8bcmSWA","labelName":"Skill"},"textPosition":{"start":{"row":30,"column":0,"tokenIndex":70,"charIndex":0},"end":{"row":30,"column":0,"tokenIndex":70,"charIndex":6}},"confidenceScore":null},{"id":"1663394719","labeledBy":"AUTO","labeledByUserId":null,"acceptedByUserId":null,"rejectedByUserId":null,"layer":0,"counter":0,"status":"LABELED","hashCode":"SPAN:eS2knCRgLegeRw8bcmSWA:0:30:0:71:0:30:0:72:5:0:undefined:undefined","labelName":"eS2knCRgLegeRw8bcmSWA","labelItem":{"id":"eS2knCRgLegeRw8bcmSWA","labelName":"Skill"},"textPosition":{"start":{"row":30,"column":0,"tokenIndex":71,"charIndex":0},"end":{"row":30,"column":0,"tokenIndex":72,"charIndex":5}},"confidenceScore":null}],"arrowLabels":[],"boundingBoxLabels":[],"timeLabels":[],"comments":[],"url":"datasaur://static/6814/4ca01901-87ec-4086-bae4-a3344bb3bb2a.txt"}}
