{"version":"1","data":{"project":{"id":"ODBjYmQ2MDg","name":"NLP SSM Final Project"},"document":{"id":"3de605fb-e7a9-4fc7-82e2-d4cb1d93035d","name":"resume_1995_d1.txt"},"kinds":["TOKEN_BASED"],"rows":[[{"content":"CONSTRUCTION EQUIPMENT REPAIRER/ SHOP FOREMAN/ SQUAD LEADER Summary Maurice Madison, a United States Army veteran, offers expertise in property accountability, logistics and configuration management.","tokens":["CONSTRUCTION","EQUIPMENT","REPAIRER/","SHOP","FOREMAN/","SQUAD","LEADER","Summary","Maurice","Madison,","a","United","States","Army","veteran,","offers","expertise","in","property","accountability,","logistics","and","configuration","management."],"metadata":[]}],[{"content":"Highly motivated, with Technical and Mechanical Engineering Support professional.","tokens":["Highly","motivated,","with","Technical","and","Mechanical","Engineering","Support","professional."],"metadata":[]}],[{"content":"Strong verbal, listening and writing skills.","tokens":["Strong","verbal,","listening","and","writing","skills."],"metadata":[]}],[{"content":"Comfortable in interacting with all levels of the organization and public.","tokens":["Comfortable","in","interacting","with","all","levels","of","the","organization","and","public."],"metadata":[]}],[{"content":"Able to negotiate and problem solve quickly, accurately, and efficiently.","tokens":["Able","to","negotiate","and","problem","solve","quickly,","accurately,","and","efficiently."],"metadata":[]}],[{"content":"Adept at multitasking to achieve individual and team goals.","tokens":["Adept","at","multitasking","to","achieve","individual","and","team","goals."],"metadata":[]}],[{"content":"Diverse background includes, customer service and supervision.","tokens":["Diverse","background","includes,","customer","service","and","supervision."],"metadata":[]}],[{"content":"Committed to quality and excellence.","tokens":["Committed","to","quality","and","excellence."],"metadata":[]}],[{"content":"Works well with others and with minimum supervision.","tokens":["Works","well","with","others","and","with","minimum","supervision."],"metadata":[]}],[{"content":"Computer literate, with strong electronic, electrical and mechanical skills.","tokens":["Computer","literate,","with","strong","electronic,","electrical","and","mechanical","skills."],"metadata":[]}],[{"content":"Customer oriented problem solver with an ability to adapt to new situations.","tokens":["Customer","oriented","problem","solver","with","an","ability","to","adapt","to","new","situations."],"metadata":[]}],[{"content":"A quick learner with a desire for continuous personal growth.","tokens":["A","quick","learner","with","a","desire","for","continuous","personal","growth."],"metadata":[]}],[{"content":"Highlights Athletic Training -Budget planning Marketing Public Relations -Presentations -Resource management Communications -Windows proficiency Facilities Mgmt.","tokens":["Highlights","Athletic","Training","-Budget","planning","Marketing","Public","Relations","-Presentations","-Resource","management","Communications","-Windows","proficiency","Facilities","Mgmt."],"metadata":[]}],[{"content":"-Mac proficiency Office Experience -Planning -Computer Knowledge -Logistics Case Management Research -Microsoft Word Writing -Microsoft Excel Bookkeeping -Microsoft PowerPoint Effective team leader HAZMAT handling Trained in emergency response CPR certified Expertise in hydraulic and pneumatic systems repair Equipment maintenance Small arms weapons specialist Valid Michigan driver's license Fluent in Troubleshooting 6 time combat veteran Accomplishments United States Army Basic Training.","tokens":["-Mac","proficiency","Office","Experience","-Planning","-Computer","Knowledge","-Logistics","Case","Management","Research","-Microsoft","Word","Writing","-Microsoft","Excel","Bookkeeping","-Microsoft","PowerPoint","Effective","team","leader","HAZMAT","handling","Trained","in","emergency","response","CPR","certified","Expertise","in","hydraulic","and","pneumatic","systems","repair","Equipment","maintenance","Small","arms","weapons","specialist","Valid","Michigan","driver's","license","Fluent","in","Troubleshooting","6","time","combat","veteran","Accomplishments","United","States","Army","Basic","Training."],"metadata":[]}],[{"content":"United States Army Ordinance School Advanced Individual Training Graduate.","tokens":["United","States","Army","Ordinance","School","Advanced","Individual","Training","Graduate."],"metadata":[]}],[{"content":"United States Army Airborne School Graduate.","tokens":["United","States","Army","Airborne","School","Graduate."],"metadata":[]}],[{"content":"Army Hazardous Waste Management Certified.","tokens":["Army","Hazardous","Waste","Management","Certified."],"metadata":[]}],[{"content":"Awarded the Army Achievement Medal.","tokens":["Awarded","the","Army","Achievement","Medal."],"metadata":[]}],[{"content":"Received Global War on Terrorism Service Medal.","tokens":["Received","Global","War","on","Terrorism","Service","Medal."],"metadata":[]}],[{"content":"Personally responsible for over $65 million of command equipment with no deficiencies, losses or damages.","tokens":["Personally","responsible","for","over","$65","million","of","command","equipment","with","no","deficiencies,","losses","or","damages."],"metadata":[]}],[{"content":"Maintained 100% accountability of a large section of equipment worth over $65 million during multiple overseas deployments.","tokens":["Maintained","100%","accountability","of","a","large","section","of","equipment","worth","over","$65","million","during","multiple","overseas","deployments."],"metadata":[]}],[{"content":"Expanded multi-lateral relations with Iraq and Afghanistan to strengthen security and partnership.","tokens":["Expanded","multi-lateral","relations","with","Iraq","and","Afghanistan","to","strengthen","security","and","partnership."],"metadata":[]}],[{"content":"Experience Construction Equipment Repairer/ Shop Foreman/ Squad Leader August 2001 to March 2015 Company Name - City , State Serves as a heavy construction vehicle repairer mechanic and assisted in the professional development, discipline, and training of soldiers and peers.","tokens":["Experience","Construction","Equipment","Repairer/","Shop","Foreman/","Squad","Leader","August","2001","to","March","2015","Company","Name","-","City",",","State","Serves","as","a","heavy","construction","vehicle","repairer","mechanic","and","assisted","in","the","professional","development,","discipline,","and","training","of","soldiers","and","peers."],"metadata":[]}],[{"content":"Oversaw and performed maintenance on construction equipment used for earth moving, grading, compaction, loading, quarrying, mixing, surfacing, pumping and powered bridging.","tokens":["Oversaw","and","performed","maintenance","on","construction","equipment","used","for","earth","moving,","grading,","compaction,","loading,","quarrying,","mixing,","surfacing,","pumping","and","powered","bridging."],"metadata":[]}],[{"content":"Squad Leader to First Line Supervisor.-Directly supervised, trained, and evaluated 40 personnel, supporting over 2,000 troops in four countries, with an inventory list of 1,500 line items, and material assets valued at $65M including large vehicles).","tokens":["Squad","Leader","to","First","Line","Supervisor.-Directly","supervised,","trained,","and","evaluated","40","personnel,","supporting","over","2,000","troops","in","four","countries,","with","an","inventory","list","of","1,500","line","items,","and","material","assets","valued","at","$65M","including","large","vehicles)."],"metadata":[]}],[{"content":"Areas of expertise included personnel management, logistics, and operations.","tokens":["Areas","of","expertise","included","personnel","management,","logistics,","and","operations."],"metadata":[]}],[{"content":"Senior management level, gained considerable responsibility for strategic planning and tactical application.","tokens":["Senior","management","level,","gained","considerable","responsibility","for","strategic","planning","and","tactical","application."],"metadata":[]}],[{"content":"Effective decision-maker in high-pressure environments.","tokens":["Effective","decision-maker","in","high-pressure","environments."],"metadata":[]}],[{"content":"Maintained complete accountability during redeployment of all sensitive items and communication equipment.","tokens":["Maintained","complete","accountability","during","redeployment","of","all","sensitive","items","and","communication","equipment."],"metadata":[]}],[{"content":"Cashier October 1999 to May 2001 Company Name - City , State Customer service.","tokens":["Cashier","October","1999","to","May","2001","Company","Name","-","City",",","State","Customer","service."],"metadata":[]}],[{"content":"Applying basic computer skills.","tokens":["Applying","basic","computer","skills."],"metadata":[]}],[{"content":"Greet customers, account for purchases and accuracy of.","tokens":["Greet","customers,","account","for","purchases","and","accuracy","of."],"metadata":[]}],[{"content":"customer orders, handle money.","tokens":["customer","orders,","handle","money."],"metadata":[]}],[{"content":"Assist in food preparation.","tokens":["Assist","in","food","preparation."],"metadata":[]}],[{"content":"Additional job duties include answering questions about.","tokens":["Additional","job","duties","include","answering","questions","about."],"metadata":[]}],[{"content":"menu items and reviewing restaurant policies and services with customers.","tokens":["menu","items","and","reviewing","restaurant","policies","and","services","with","customers."],"metadata":[]}],[{"content":"Training new employees with hands-on.","tokens":["Training","new","employees","with","hands-on."],"metadata":[]}],[{"content":"computer instruction and audio/visual orientation with a hiring manager.","tokens":["computer","instruction","and","audio/visual","orientation","with","a","hiring","manager."],"metadata":[]}],[{"content":"Education High School Diploma : 2001 Miami Northwestern Senior High - City , State Additional Information Accomplishments Recipient of multiple awards and Accommodations to include, Meritorious Service Medal, Army Commendation Medal, Army Achievement Medal, Army Meritorious Unit Commendation, Army Superior Unit Award, Army Good Conduct Medal, National Defense Service Medal, Armed Forces Expeditionary Medal, Kosovo Campaign Medal, Afghanistan Campaign Medal, Iraq Campaign Medal, Global War on Terrorism Expeditionary Medal, Global War on Terrorism Service Medal, Army Service Ribbon.","tokens":["Education","High","School","Diploma",":","2001","Miami","Northwestern","Senior","High","-","City",",","State","Additional","Information","Accomplishments","Recipient","of","multiple","awards","and","Accommodations","to","include,","Meritorious","Service","Medal,","Army","Commendation","Medal,","Army","Achievement","Medal,","Army","Meritorious","Unit","Commendation,","Army","Superior","Unit","Award,","Army","Good","Conduct","Medal,","National","Defense","Service","Medal,","Armed","Forces","Expeditionary","Medal,","Kosovo","Campaign","Medal,","Afghanistan","Campaign","Medal,","Iraq","Campaign","Medal,","Global","War","on","Terrorism","Expeditionary","Medal,","Global","War","on","Terrorism","Service","Medal,","Army","Service","Ribbon."],"metadata":[]}],[{"content":"Skills audio, Bookkeeping, Budget planning, Case Management, basic computer skills, Computer Knowledge, Conflict Resolution, Counseling, Customer service, Data Entry, Detail oriented, Senior management, First Aid, hiring, instruction, inventory, Leadership Skills, Logistics, Mac, Mgmt, Marketing, mechanic, Microsoft Excel, money, Office, Microsoft PowerPoint, Windows, Microsoft Word, Organizing, personnel, Personnel management, policies, Presentations, problem solver, Problem Solving, Public Relations, Quality Control, Research, strategic planning, Stress management, Supervisor, Teaching, Team-Work, Time Management, Trouble Shooting","tokens":["Skills","audio,","Bookkeeping,","Budget","planning,","Case","Management,","basic","computer","skills,","Computer","Knowledge,","Conflict","Resolution,","Counseling,","Customer","service,","Data","Entry,","Detail","oriented,","Senior","management,","First","Aid,","hiring,","instruction,","inventory,","Leadership","Skills,","Logistics,","Mac,","Mgmt,","Marketing,","mechanic,","Microsoft","Excel,","money,","Office,","Microsoft","PowerPoint,","Windows,","Microsoft","Word,","Organizing,","personnel,","Personnel","management,","policies,","Presentations,","problem","solver,","Problem","Solving,","Public","Relations,","Quality","Control,","Research,","strategic","planning,","Stress","management,","Supervisor,","Teaching,","Team-Work,","Time","Management,","Trouble","Shooting"],"metadata":[]}]],"labelerInfo":{"id":6814,"email":"cwilhel8@jh.edu","displayName":"Chris Wilhelm"},"labelSets":[{"name":"Resume Labels","index":0,"labelItems":[{"id":"Kj5U6n9NUqTXuWcB3c_7L","labelName":"College"},{"id":"rj7TW0-ymuRo6f_asXJab","labelName":"Company Name"},{"id":"SJEkdao76hjwbb6Fh5SY6","labelName":"Job Title"},{"id":"BjO8MdvK2KI4E5iMEeY4B","labelName":"Graduation Year"},{"id":"eS2knCRgLegeRw8bcmSWA","labelName":"Skill"},{"id":"IeEoIKabMl51BJE0gX2YL","labelName":"Degree"},{"id":"1R0C50AAwFbEp2O0WmRv6","labelName":"Location"},{"id":"zQcc4ygexJ_A3Gb0NeRTk","labelName":"Years of Experience"},{"id":"52S_6moRfhjC-yXgIBeCp","labelName":"Date"},{"id":"KiLarWmwlU1E3-FfdG6Qg","labelName":"Project"},{"id":"dyxKKTAxW1z5ifjPj42BI","labelName":"Name"}]}],"spanLabels":[{"id":"1663397935","labeledBy":"AUTO","labeledByUserId":null,"acceptedByUserId":null,"rejectedByUserId":null,"layer":0,"counter":0,"status":"LABELED","hashCode":"SPAN:SJEkdao76hjwbb6Fh5SY6:0:0:0:0:0:0:0:6:5:0:undefined:undefined","labelName":"SJEkdao76hjwbb6Fh5SY6","labelItem":{"id":"SJEkdao76hjwbb6Fh5SY6","labelName":"Job Title"},"textPosition":{"start":{"row":0,"column":0,"tokenIndex":0,"charIndex":0},"end":{"row":0,"column":0,"tokenIndex":6,"charIndex":5}},"confidenceScore":null},{"id":"1663397938","labeledBy":"AUTO","labeledByUserId":null,"acceptedByUserId":null,"rejectedByUserId":null,"layer":0,"counter":0,"status":"LABELED","hashCode":"SPAN:dyxKKTAxW1z5ifjPj42BI:0:0:0:8:0:0:0:9:7:0:undefined:undefined","labelName":"dyxKKTAxW1z5ifjPj42BI","labelItem":{"id":"dyxKKTAxW1z5ifjPj42BI","labelName":"Name"},"textPosition":{"start":{"row":0,"column":0,"tokenIndex":8,"charIndex":0},"end":{"row":0,"column":0,"tokenIndex":9,"charIndex":7}},"confidenceScore":null},{"id":"1663397941","labeledBy":"AUTO","labeledByUserId":null,"acceptedByUserId":null,"rejectedByUserId":null,"layer":0,"counter":0,"status":"LABELED","hashCode":"SPAN:eS2knCRgLegeRw8bcmSWA:0:0:0:14:0:0:0:14:7:0:undefined:undefined","labelName":"eS2knCRgLegeRw8bcmSWA","labelItem":{"id":"eS2knCRgLegeRw8bcmSWA","labelName":"Skill"},"textPosition":{"start":{"row":0,"column":0,"tokenIndex":14,"charIndex":0},"end":{"row":0,"column":0,"tokenIndex":14,"charIndex":7}},"confidenceScore":null},{"id":"1663397944","labeledBy":"AUTO","labeledByUserId":null,"acceptedByUserId":null,"rejectedByUserId":null,"layer":0,"counter":0,"status":"LABELED","hashCode":"SPAN:eS2knCRgLegeRw8bcmSWA:0:1:0:0:0:1:0:1:9:0:undefined:undefined","labelName":"eS2knCRgLegeRw8bcmSWA","labelItem":{"id":"eS2knCRgLegeRw8bcmSWA","labelName":"Skill"},"textPosition":{"start":{"row":1,"column":0,"tokenIndex":0,"charIndex":0},"end":{"row":1,"column":0,"tokenIndex":1,"charIndex":9}},"confidenceScore":null},{"id":"1663397947","labeledBy":"AUTO","labeledByUserId":null,"acceptedByUserId":null,"rejectedByUserId":null,"layer":0,"counter":0,"status":"LABELED","hashCode":"SPAN:eS2knCRgLegeRw8bcmSWA:0:1:0:3:0:1:0:7:6:0:undefined:undefined","labelName":"eS2knCRgLegeRw8bcmSWA","labelItem":{"id":"eS2knCRgLegeRw8bcmSWA","labelName":"Skill"},"textPosition":{"start":{"row":1,"column":0,"tokenIndex":3,"charIndex":0},"end":{"row":1,"column":0,"tokenIndex":7,"charIndex":6}},"confidenceScore":null},{"id":"1663397950","labeledBy":"AUTO","labeledByUserId":null,"acceptedByUserId":null,"rejectedByUserId":null,"layer":0,"counter":0,"status":"LABELED","hashCode":"SPAN:eS2knCRgLegeRw8bcmSWA:0:1:0:8:0:1:0:8:12:0:undefined:undefined","labelName":"eS2knCRgLegeRw8bcmSWA","labelItem":{"id":"eS2knCRgLegeRw8bcmSWA","labelName":"Skill"},"textPosition":{"start":{"row":1,"column":0,"tokenIndex":8,"charIndex":0},"end":{"row":1,"column":0,"tokenIndex":8,"charIndex":12}},"confidenceScore":null},{"id":"1663397953","labeledBy":"AUTO","labeledByUserId":null,"acceptedByUserId":null,"rejectedByUserId":null,"layer":0,"counter":0,"status":"LABELED","hashCode":"SPAN:eS2knCRgLegeRw8bcmSWA:0:2:0:0:0:2:0:1:6:0:undefined:undefined","labelName":"eS2knCRgLegeRw8bcmSWA","labelItem":{"id":"eS2knCRgLegeRw8bcmSWA","labelName":"Skill"},"textPosition":{"start":{"row":2,"column":0,"tokenIndex":0,"charIndex":0},"end":{"row":2,"column":0,"tokenIndex":1,"charIndex":6}},"confidenceScore":null},{"id":"1663397956","labeledBy":"AUTO","labeledByUserId":null,"acceptedByUserId":null,"rejectedByUserId":null,"layer":0,"counter":0,"status":"LABELED","hashCode":"SPAN:eS2knCRgLegeRw8bcmSWA:0:2:0:2:0:2:0:2:8:0:undefined:undefined","labelName":"eS2knCRgLegeRw8bcmSWA","labelItem":{"id":"eS2knCRgLegeRw8bcmSWA","labelName":"Skill"},"textPosition":{"start":{"row":2,"column":0,"tokenIndex":2,"charIndex":0},"end":{"row":2,"column":0,"tokenIndex":2,"charIndex":8}},"confidenceScore":null},{"id":"1663397959","labeledBy":"AUTO","labeledByUserId":null,"acceptedByUserId":null,"rejectedByUserId":null,"layer":0,"counter":0,"status":"LABELED","hashCode":"SPAN:eS2knCRgLegeRw8bcmSWA:0:2:0:4:0:2:0:4:6:0:undefined:undefined","labelName":"eS2knCRgLegeRw8bcmSWA","labelItem":{"id":"eS2knCRgLegeRw8bcmSWA","labelName":"Skill"},"textPosition":{"start":{"row":2,"column":0,"tokenIndex":4,"charIndex":0},"end":{"row":2,"column":0,"tokenIndex":4,"charIndex":6}},"confidenceScore":null},{"id":"1663397962","labeledBy":"AUTO","labeledByUserId":null,"acceptedByUserId":null,"rejectedByUserId":null,"layer":0,"counter":0,"status":"LABELED","hashCode":"SPAN:eS2knCRgLegeRw8bcmSWA:0:4:0:2:0:4:0:2:8:0:undefined:undefined","labelName":"eS2knCRgLegeRw8bcmSWA","labelItem":{"id":"eS2knCRgLegeRw8bcmSWA","labelName":"Skill"},"textPosition":{"start":{"row":4,"column":0,"tokenIndex":2,"charIndex":0},"end":{"row":4,"column":0,"tokenIndex":2,"charIndex":8}},"confidenceScore":null},{"id":"1663397965","labeledBy":"AUTO","labeledByUserId":null,"acceptedByUserId":null,"rejectedByUserId":null,"layer":0,"counter":0,"status":"LABELED","hashCode":"SPAN:eS2knCRgLegeRw8bcmSWA:0:4:0:4:0:4:0:5:4:0:undefined:undefined","labelName":"eS2knCRgLegeRw8bcmSWA","labelItem":{"id":"eS2knCRgLegeRw8bcmSWA","labelName":"Skill"},"textPosition":{"start":{"row":4,"column":0,"tokenIndex":4,"charIndex":0},"end":{"row":4,"column":0,"tokenIndex":5,"charIndex":4}},"confidenceScore":null},{"id":"1663397968","labeledBy":"AUTO","labeledByUserId":null,"acceptedByUserId":null,"rejectedByUserId":null,"layer":0,"counter":0,"status":"LABELED","hashCode":"SPAN:eS2knCRgLegeRw8bcmSWA:0:5:0:2:0:5:0:2:11:0:undefined:undefined","labelName":"eS2knCRgLegeRw8bcmSWA","labelItem":{"id":"eS2knCRgLegeRw8bcmSWA","labelName":"Skill"},"textPosition":{"start":{"row":5,"column":0,"tokenIndex":2,"charIndex":0},"end":{"row":5,"column":0,"tokenIndex":2,"charIndex":11}},"confidenceScore":null},{"id":"1663397974","labeledBy":"AUTO","labeledByUserId":null,"acceptedByUserId":null,"rejectedByUserId":null,"layer":0,"counter":0,"status":"LABELED","hashCode":"SPAN:eS2knCRgLegeRw8bcmSWA:0:6:0:3:0:6:0:4:6:0:undefined:undefined","labelName":"eS2knCRgLegeRw8bcmSWA","labelItem":{"id":"eS2knCRgLegeRw8bcmSWA","labelName":"Skill"},"textPosition":{"start":{"row":6,"column":0,"tokenIndex":3,"charIndex":0},"end":{"row":6,"column":0,"tokenIndex":4,"charIndex":6}},"confidenceScore":null},{"id":"1663397977","labeledBy":"AUTO","labeledByUserId":null,"acceptedByUserId":null,"rejectedByUserId":null,"layer":0,"counter":0,"status":"LABELED","hashCode":"SPAN:eS2knCRgLegeRw8bcmSWA:0:6:0:6:0:6:0:6:11:0:undefined:undefined","labelName":"eS2knCRgLegeRw8bcmSWA","labelItem":{"id":"eS2knCRgLegeRw8bcmSWA","labelName":"Skill"},"textPosition":{"start":{"row":6,"column":0,"tokenIndex":6,"charIndex":0},"end":{"row":6,"column":0,"tokenIndex":6,"charIndex":11}},"confidenceScore":null},{"id":"1663397980","labeledBy":"AUTO","labeledByUserId":null,"acceptedByUserId":null,"rejectedByUserId":null,"layer":0,"counter":0,"status":"LABELED","hashCode":"SPAN:eS2knCRgLegeRw8bcmSWA:0:9:0:0:0:9:0:1:8:0:undefined:undefined","labelName":"eS2knCRgLegeRw8bcmSWA","labelItem":{"id":"eS2knCRgLegeRw8bcmSWA","labelName":"Skill"},"textPosition":{"start":{"row":9,"column":0,"tokenIndex":0,"charIndex":0},"end":{"row":9,"column":0,"tokenIndex":1,"charIndex":8}},"confidenceScore":null},{"id":"1663397983","labeledBy":"AUTO","labeledByUserId":null,"acceptedByUserId":null,"rejectedByUserId":null,"layer":0,"counter":0,"status":"LABELED","hashCode":"SPAN:eS2knCRgLegeRw8bcmSWA:0:9:0:4:0:9:0:8:6:0:undefined:undefined","labelName":"eS2knCRgLegeRw8bcmSWA","labelItem":{"id":"eS2knCRgLegeRw8bcmSWA","labelName":"Skill"},"textPosition":{"start":{"row":9,"column":0,"tokenIndex":4,"charIndex":0},"end":{"row":9,"column":0,"tokenIndex":8,"charIndex":6}},"confidenceScore":null},{"id":"1663397989","labeledBy":"AUTO","labeledByUserId":null,"acceptedByUserId":null,"rejectedByUserId":null,"layer":0,"counter":0,"status":"LABELED","hashCode":"SPAN:eS2knCRgLegeRw8bcmSWA:0:10:0:0:0:10:0:1:7:0:undefined:undefined","labelName":"eS2knCRgLegeRw8bcmSWA","labelItem":{"id":"eS2knCRgLegeRw8bcmSWA","labelName":"Skill"},"textPosition":{"start":{"row":10,"column":0,"tokenIndex":0,"charIndex":0},"end":{"row":10,"column":0,"tokenIndex":1,"charIndex":7}},"confidenceScore":null},{"id":"1663397986","labeledBy":"AUTO","labeledByUserId":null,"acceptedByUserId":null,"rejectedByUserId":null,"layer":0,"counter":0,"status":"LABELED","hashCode":"SPAN:eS2knCRgLegeRw8bcmSWA:0:10:0:2:0:10:0:3:5:0:undefined:undefined","labelName":"eS2knCRgLegeRw8bcmSWA","labelItem":{"id":"eS2knCRgLegeRw8bcmSWA","labelName":"Skill"},"textPosition":{"start":{"row":10,"column":0,"tokenIndex":2,"charIndex":0},"end":{"row":10,"column":0,"tokenIndex":3,"charIndex":5}},"confidenceScore":null},{"id":"1663397992","labeledBy":"AUTO","labeledByUserId":null,"acceptedByUserId":null,"rejectedByUserId":null,"layer":0,"counter":0,"status":"LABELED","hashCode":"SPAN:eS2knCRgLegeRw8bcmSWA:0:11:0:1:0:11:0:2:6:0:undefined:undefined","labelName":"eS2knCRgLegeRw8bcmSWA","labelItem":{"id":"eS2knCRgLegeRw8bcmSWA","labelName":"Skill"},"textPosition":{"start":{"row":11,"column":0,"tokenIndex":1,"charIndex":0},"end":{"row":11,"column":0,"tokenIndex":2,"charIndex":6}},"confidenceScore":null},{"id":"1663397995","labeledBy":"AUTO","labeledByUserId":null,"acceptedByUserId":null,"rejectedByUserId":null,"layer":0,"counter":0,"status":"LABELED","hashCode":"SPAN:eS2knCRgLegeRw8bcmSWA:0:12:0:1:0:12:0:2:7:0:undefined:undefined","labelName":"eS2knCRgLegeRw8bcmSWA","labelItem":{"id":"eS2knCRgLegeRw8bcmSWA","labelName":"Skill"},"textPosition":{"start":{"row":12,"column":0,"tokenIndex":1,"charIndex":0},"end":{"row":12,"column":0,"tokenIndex":2,"charIndex":7}},"confidenceScore":null},{"id":"1663397998","labeledBy":"AUTO","labeledByUserId":null,"acceptedByUserId":null,"rejectedByUserId":null,"layer":0,"counter":0,"status":"LABELED","hashCode":"SPAN:eS2knCRgLegeRw8bcmSWA:0:12:0:3:0:12:0:4:7:0:undefined:undefined","labelName":"eS2knCRgLegeRw8bcmSWA","labelItem":{"id":"eS2knCRgLegeRw8bcmSWA","labelName":"Skill"},"textPosition":{"start":{"row":12,"column":0,"tokenIndex":3,"charIndex":0},"end":{"row":12,"column":0,"tokenIndex":4,"charIndex":7}},"confidenceScore":null},{"id":"1663398001","labeledBy":"AUTO","labeledByUserId":null,"acceptedByUserId":null,"rejectedByUserId":null,"layer":0,"counter":0,"status":"LABELED","hashCode":"SPAN:eS2knCRgLegeRw8bcmSWA:0:12:0:5:0:12:0:7:8:0:undefined:undefined","labelName":"eS2knCRgLegeRw8bcmSWA","labelItem":{"id":"eS2knCRgLegeRw8bcmSWA","labelName":"Skill"},"textPosition":{"start":{"row":12,"column":0,"tokenIndex":5,"charIndex":0},"end":{"row":12,"column":0,"tokenIndex":7,"charIndex":8}},"confidenceScore":null},{"id":"1663398004","labeledBy":"AUTO","labeledByUserId":null,"acceptedByUserId":null,"rejectedByUserId":null,"layer":0,"counter":0,"status":"LABELED","hashCode":"SPAN:eS2knCRgLegeRw8bcmSWA:0:12:0:8:0:12:0:8:13:0:undefined:undefined","labelName":"eS2knCRgLegeRw8bcmSWA","labelItem":{"id":"eS2knCRgLegeRw8bcmSWA","labelName":"Skill"},"textPosition":{"start":{"row":12,"column":0,"tokenIndex":8,"charIndex":0},"end":{"row":12,"column":0,"tokenIndex":8,"charIndex":13}},"confidenceScore":null},{"id":"1663398007","labeledBy":"AUTO","labeledByUserId":null,"acceptedByUserId":null,"rejectedByUserId":null,"layer":0,"counter":0,"status":"LABELED","hashCode":"SPAN:eS2knCRgLegeRw8bcmSWA:0:12:0:9:0:12:0:11:13:0:undefined:undefined","labelName":"eS2knCRgLegeRw8bcmSWA","labelItem":{"id":"eS2knCRgLegeRw8bcmSWA","labelName":"Skill"},"textPosition":{"start":{"row":12,"column":0,"tokenIndex":9,"charIndex":0},"end":{"row":12,"column":0,"tokenIndex":11,"charIndex":13}},"confidenceScore":null},{"id":"1663398010","labeledBy":"AUTO","labeledByUserId":null,"acceptedByUserId":null,"rejectedByUserId":null,"layer":0,"counter":0,"status":"LABELED","hashCode":"SPAN:eS2knCRgLegeRw8bcmSWA:0:12:0:12:0:12:0:12:7:0:undefined:undefined","labelName":"eS2knCRgLegeRw8bcmSWA","labelItem":{"id":"eS2knCRgLegeRw8bcmSWA","labelName":"Skill"},"textPosition":{"start":{"row":12,"column":0,"tokenIndex":12,"charIndex":0},"end":{"row":12,"column":0,"tokenIndex":12,"charIndex":7}},"confidenceScore":null},{"id":"1663398013","labeledBy":"AUTO","labeledByUserId":null,"acceptedByUserId":null,"rejectedByUserId":null,"layer":0,"counter":0,"status":"LABELED","hashCode":"SPAN:eS2knCRgLegeRw8bcmSWA:0:12:0:14:0:12:0:15:4:0:undefined:undefined","labelName":"eS2knCRgLegeRw8bcmSWA","labelItem":{"id":"eS2knCRgLegeRw8bcmSWA","labelName":"Skill"},"textPosition":{"start":{"row":12,"column":0,"tokenIndex":14,"charIndex":0},"end":{"row":12,"column":0,"tokenIndex":15,"charIndex":4}},"confidenceScore":null},{"id":"1663398016","labeledBy":"AUTO","labeledByUserId":null,"acceptedByUserId":null,"rejectedByUserId":null,"layer":0,"counter":0,"status":"LABELED","hashCode":"SPAN:eS2knCRgLegeRw8bcmSWA:0:13:0:0:0:13:0:1:10:0:undefined:undefined","labelName":"eS2knCRgLegeRw8bcmSWA","labelItem":{"id":"eS2knCRgLegeRw8bcmSWA","labelName":"Skill"},"textPosition":{"start":{"row":13,"column":0,"tokenIndex":0,"charIndex":0},"end":{"row":13,"column":0,"tokenIndex":1,"charIndex":10}},"confidenceScore":null},{"id":"1663398019","labeledBy":"AUTO","labeledByUserId":null,"acceptedByUserId":null,"rejectedByUserId":null,"layer":0,"counter":0,"status":"LABELED","hashCode":"SPAN:eS2knCRgLegeRw8bcmSWA:0:13:0:2:0:13:0:3:9:0:undefined:undefined","labelName":"eS2knCRgLegeRw8bcmSWA","labelItem":{"id":"eS2knCRgLegeRw8bcmSWA","labelName":"Skill"},"textPosition":{"start":{"row":13,"column":0,"tokenIndex":2,"charIndex":0},"end":{"row":13,"column":0,"tokenIndex":3,"charIndex":9}},"confidenceScore":null},{"id":"1663398022","labeledBy":"AUTO","labeledByUserId":null,"acceptedByUserId":null,"rejectedByUserId":null,"layer":0,"counter":0,"status":"LABELED","hashCode":"SPAN:eS2knCRgLegeRw8bcmSWA:0:13:0:4:0:13:0:4:8:0:undefined:undefined","labelName":"eS2knCRgLegeRw8bcmSWA","labelItem":{"id":"eS2knCRgLegeRw8bcmSWA","labelName":"Skill"},"textPosition":{"start":{"row":13,"column":0,"tokenIndex":4,"charIndex":0},"end":{"row":13,"column":0,"tokenIndex":4,"charIndex":8}},"confidenceScore":null},{"id":"1663398025","labeledBy":"AUTO","labeledByUserId":null,"acceptedByUserId":null,"rejectedByUserId":null,"layer":0,"counter":0,"status":"LABELED","hashCode":"SPAN:eS2knCRgLegeRw8bcmSWA:0:13:0:5:0:13:0:6:8:0:undefined:undefined","labelName":"eS2knCRgLegeRw8bcmSWA","labelItem":{"id":"eS2knCRgLegeRw8bcmSWA","labelName":"Skill"},"textPosition":{"start":{"row":13,"column":0,"tokenIndex":5,"charIndex":0},"end":{"row":13,"column":0,"tokenIndex":6,"charIndex":8}},"confidenceScore":null},{"id":"1663398028","labeledBy":"AUTO","labeledByUserId":null,"acceptedByUserId":null,"rejectedByUserId":null,"layer":0,"counter":0,"status":"LABELED","hashCode":"SPAN:eS2knCRgLegeRw8bcmSWA:0:13:0:7:0:13:0:10:7:0:undefined:undefined","labelName":"eS2knCRgLegeRw8bcmSWA","labelItem":{"id":"eS2knCRgLegeRw8bcmSWA","labelName":"Skill"},"textPosition":{"start":{"row":13,"column":0,"tokenIndex":7,"charIndex":0},"end":{"row":13,"column":0,"tokenIndex":10,"charIndex":7}},"confidenceScore":null},{"id":"1663398031","labeledBy":"AUTO","labeledByUserId":null,"acceptedByUserId":null,"rejectedByUserId":null,"layer":0,"counter":0,"status":"LABELED","hashCode":"SPAN:eS2knCRgLegeRw8bcmSWA:0:13:0:11:0:13:0:12:3:0:undefined:undefined","labelName":"eS2knCRgLegeRw8bcmSWA","labelItem":{"id":"eS2knCRgLegeRw8bcmSWA","labelName":"Skill"},"textPosition":{"start":{"row":13,"column":0,"tokenIndex":11,"charIndex":0},"end":{"row":13,"column":0,"tokenIndex":12,"charIndex":3}},"confidenceScore":null},{"id":"1663398034","labeledBy":"AUTO","labeledByUserId":null,"acceptedByUserId":null,"rejectedByUserId":null,"layer":0,"counter":0,"status":"LABELED","hashCode":"SPAN:eS2knCRgLegeRw8bcmSWA:0:13:0:13:0:13:0:13:6:0:undefined:undefined","labelName":"eS2knCRgLegeRw8bcmSWA","labelItem":{"id":"eS2knCRgLegeRw8bcmSWA","labelName":"Skill"},"textPosition":{"start":{"row":13,"column":0,"tokenIndex":13,"charIndex":0},"end":{"row":13,"column":0,"tokenIndex":13,"charIndex":6}},"confidenceScore":null},{"id":"1663398037","labeledBy":"AUTO","labeledByUserId":null,"acceptedByUserId":null,"rejectedByUserId":null,"layer":0,"counter":0,"status":"LABELED","hashCode":"SPAN:eS2knCRgLegeRw8bcmSWA:0:13:0:14:0:13:0:15:4:0:undefined:undefined","labelName":"eS2knCRgLegeRw8bcmSWA","labelItem":{"id":"eS2knCRgLegeRw8bcmSWA","labelName":"Skill"},"textPosition":{"start":{"row":13,"column":0,"tokenIndex":14,"charIndex":0},"end":{"row":13,"column":0,"tokenIndex":15,"charIndex":4}},"confidenceScore":null},{"id":"1663398040","labeledBy":"AUTO","labeledByUserId":null,"acceptedByUserId":null,"rejectedByUserId":null,"layer":0,"counter":0,"status":"LABELED","hashCode":"SPAN:eS2knCRgLegeRw8bcmSWA:0:13:0:16:0:13:0:16:10:0:undefined:undefined","labelName":"eS2knCRgLegeRw8bcmSWA","labelItem":{"id":"eS2knCRgLegeRw8bcmSWA","labelName":"Skill"},"textPosition":{"start":{"row":13,"column":0,"tokenIndex":16,"charIndex":0},"end":{"row":13,"column":0,"tokenIndex":16,"charIndex":10}},"confidenceScore":null},{"id":"1663398043","labeledBy":"AUTO","labeledByUserId":null,"acceptedByUserId":null,"rejectedByUserId":null,"layer":0,"counter":0,"status":"LABELED","hashCode":"SPAN:eS2knCRgLegeRw8bcmSWA:0:13:0:17:0:13:0:18:9:0:undefined:undefined","labelName":"eS2knCRgLegeRw8bcmSWA","labelItem":{"id":"eS2knCRgLegeRw8bcmSWA","labelName":"Skill"},"textPosition":{"start":{"row":13,"column":0,"tokenIndex":17,"charIndex":0},"end":{"row":13,"column":0,"tokenIndex":18,"charIndex":9}},"confidenceScore":null},{"id":"1663398046","labeledBy":"AUTO","labeledByUserId":null,"acceptedByUserId":null,"rejectedByUserId":null,"layer":0,"counter":0,"status":"LABELED","hashCode":"SPAN:eS2knCRgLegeRw8bcmSWA:0:13:0:19:0:13:0:21:5:0:undefined:undefined","labelName":"eS2knCRgLegeRw8bcmSWA","labelItem":{"id":"eS2knCRgLegeRw8bcmSWA","labelName":"Skill"},"textPosition":{"start":{"row":13,"column":0,"tokenIndex":19,"charIndex":0},"end":{"row":13,"column":0,"tokenIndex":21,"charIndex":5}},"confidenceScore":null},{"id":"1663398049","labeledBy":"AUTO","labeledByUserId":null,"acceptedByUserId":null,"rejectedByUserId":null,"layer":0,"counter":0,"status":"LABELED","hashCode":"SPAN:eS2knCRgLegeRw8bcmSWA:0:13:0:22:0:13:0:22:5:0:undefined:undefined","labelName":"eS2knCRgLegeRw8bcmSWA","labelItem":{"id":"eS2knCRgLegeRw8bcmSWA","labelName":"Skill"},"textPosition":{"start":{"row":13,"column":0,"tokenIndex":22,"charIndex":0},"end":{"row":13,"column":0,"tokenIndex":22,"charIndex":5}},"confidenceScore":null},{"id":"1663398052","labeledBy":"AUTO","labeledByUserId":null,"acceptedByUserId":null,"rejectedByUserId":null,"layer":0,"counter":0,"status":"LABELED","hashCode":"SPAN:eS2knCRgLegeRw8bcmSWA:0:13:0:28:0:13:0:28:2:0:undefined:undefined","labelName":"eS2knCRgLegeRw8bcmSWA","labelItem":{"id":"eS2knCRgLegeRw8bcmSWA","labelName":"Skill"},"textPosition":{"start":{"row":13,"column":0,"tokenIndex":28,"charIndex":0},"end":{"row":13,"column":0,"tokenIndex":28,"charIndex":2}},"confidenceScore":null},{"id":"1663398055","labeledBy":"AUTO","labeledByUserId":null,"acceptedByUserId":null,"rejectedByUserId":null,"layer":0,"counter":0,"status":"LABELED","hashCode":"SPAN:eS2knCRgLegeRw8bcmSWA:0:13:0:32:0:13:0:32:8:0:undefined:undefined","labelName":"eS2knCRgLegeRw8bcmSWA","labelItem":{"id":"eS2knCRgLegeRw8bcmSWA","labelName":"Skill"},"textPosition":{"start":{"row":13,"column":0,"tokenIndex":32,"charIndex":0},"end":{"row":13,"column":0,"tokenIndex":32,"charIndex":8}},"confidenceScore":null},{"id":"1663398058","labeledBy":"AUTO","labeledByUserId":null,"acceptedByUserId":null,"rejectedByUserId":null,"layer":0,"counter":0,"status":"LABELED","hashCode":"SPAN:eS2knCRgLegeRw8bcmSWA:0:13:0:34:0:13:0:34:8:0:undefined:undefined","labelName":"eS2knCRgLegeRw8bcmSWA","labelItem":{"id":"eS2knCRgLegeRw8bcmSWA","labelName":"Skill"},"textPosition":{"start":{"row":13,"column":0,"tokenIndex":34,"charIndex":0},"end":{"row":13,"column":0,"tokenIndex":34,"charIndex":8}},"confidenceScore":null},{"id":"1663398061","labeledBy":"AUTO","labeledByUserId":null,"acceptedByUserId":null,"rejectedByUserId":null,"layer":0,"counter":0,"status":"LABELED","hashCode":"SPAN:eS2knCRgLegeRw8bcmSWA:0:13:0:39:0:13:0:42:9:0:undefined:undefined","labelName":"eS2knCRgLegeRw8bcmSWA","labelItem":{"id":"eS2knCRgLegeRw8bcmSWA","labelName":"Skill"},"textPosition":{"start":{"row":13,"column":0,"tokenIndex":39,"charIndex":0},"end":{"row":13,"column":0,"tokenIndex":42,"charIndex":9}},"confidenceScore":null},{"id":"1663398064","labeledBy":"AUTO","labeledByUserId":null,"acceptedByUserId":null,"rejectedByUserId":null,"layer":0,"counter":0,"status":"LABELED","hashCode":"SPAN:eS2knCRgLegeRw8bcmSWA:0:16:0:0:0:16:0:3:9:0:undefined:undefined","labelName":"eS2knCRgLegeRw8bcmSWA","labelItem":{"id":"eS2knCRgLegeRw8bcmSWA","labelName":"Skill"},"textPosition":{"start":{"row":16,"column":0,"tokenIndex":0,"charIndex":0},"end":{"row":16,"column":0,"tokenIndex":3,"charIndex":9}},"confidenceScore":null},{"id":"1663398067","labeledBy":"AUTO","labeledByUserId":null,"acceptedByUserId":null,"rejectedByUserId":null,"layer":0,"counter":0,"status":"LABELED","hashCode":"SPAN:SJEkdao76hjwbb6Fh5SY6:0:22:0:1:0:22:0:7:5:0:undefined:undefined","labelName":"SJEkdao76hjwbb6Fh5SY6","labelItem":{"id":"SJEkdao76hjwbb6Fh5SY6","labelName":"Job Title"},"textPosition":{"start":{"row":22,"column":0,"tokenIndex":1,"charIndex":0},"end":{"row":22,"column":0,"tokenIndex":7,"charIndex":5}},"confidenceScore":null},{"id":"1663398070","labeledBy":"AUTO","labeledByUserId":null,"acceptedByUserId":null,"rejectedByUserId":null,"layer":0,"counter":0,"status":"LABELED","hashCode":"SPAN:52S_6moRfhjC-yXgIBeCp:0:22:0:8:0:22:0:9:3:0:undefined:undefined","labelName":"52S_6moRfhjC-yXgIBeCp","labelItem":{"id":"52S_6moRfhjC-yXgIBeCp","labelName":"Date"},"textPosition":{"start":{"row":22,"column":0,"tokenIndex":8,"charIndex":0},"end":{"row":22,"column":0,"tokenIndex":9,"charIndex":3}},"confidenceScore":null},{"id":"1663398073","labeledBy":"AUTO","labeledByUserId":null,"acceptedByUserId":null,"rejectedByUserId":null,"layer":0,"counter":0,"status":"LABELED","hashCode":"SPAN:52S_6moRfhjC-yXgIBeCp:0:22:0:11:0:22:0:12:3:0:undefined:undefined","labelName":"52S_6moRfhjC-yXgIBeCp","labelItem":{"id":"52S_6moRfhjC-yXgIBeCp","labelName":"Date"},"textPosition":{"start":{"row":22,"column":0,"tokenIndex":11,"charIndex":0},"end":{"row":22,"column":0,"tokenIndex":12,"charIndex":3}},"confidenceScore":null},{"id":"1663398076","labeledBy":"AUTO","labeledByUserId":null,"acceptedByUserId":null,"rejectedByUserId":null,"layer":0,"counter":0,"status":"LABELED","hashCode":"SPAN:rj7TW0-ymuRo6f_asXJab:0:22:0:13:0:22:0:14:3:0:undefined:undefined","labelName":"rj7TW0-ymuRo6f_asXJab","labelItem":{"id":"rj7TW0-ymuRo6f_asXJab","labelName":"Company Name"},"textPosition":{"start":{"row":22,"column":0,"tokenIndex":13,"charIndex":0},"end":{"row":22,"column":0,"tokenIndex":14,"charIndex":3}},"confidenceScore":null},{"id":"1663398079","labeledBy":"AUTO","labeledByUserId":null,"acceptedByUserId":null,"rejectedByUserId":null,"layer":0,"counter":0,"status":"LABELED","hashCode":"SPAN:1R0C50AAwFbEp2O0WmRv6:0:22:0:16:0:22:0:16:3:0:undefined:undefined","labelName":"1R0C50AAwFbEp2O0WmRv6","labelItem":{"id":"1R0C50AAwFbEp2O0WmRv6","labelName":"Location"},"textPosition":{"start":{"row":22,"column":0,"tokenIndex":16,"charIndex":0},"end":{"row":22,"column":0,"tokenIndex":16,"charIndex":3}},"confidenceScore":null},{"id":"1663398082","labeledBy":"AUTO","labeledByUserId":null,"acceptedByUserId":null,"rejectedByUserId":null,"layer":0,"counter":0,"status":"LABELED","hashCode":"SPAN:1R0C50AAwFbEp2O0WmRv6:0:22:0:18:0:22:0:18:4:0:undefined:undefined","labelName":"1R0C50AAwFbEp2O0WmRv6","labelItem":{"id":"1R0C50AAwFbEp2O0WmRv6","labelName":"Location"},"textPosition":{"start":{"row":22,"column":0,"tokenIndex":18,"charIndex":0},"end":{"row":22,"column":0,"tokenIndex":18,"charIndex":4}},"confidenceScore":null},{"id":"1663398085","labeledBy":"AUTO","labeledByUserId":null,"acceptedByUserId":null,"rejectedByUserId":null,"layer":0,"counter":0,"status":"LABELED","hashCode":"SPAN:eS2knCRgLegeRw8bcmSWA:0:22:0:33:0:22:0:33:10:0:undefined:undefined","labelName":"eS2knCRgLegeRw8bcmSWA","labelItem":{"id":"eS2knCRgLegeRw8bcmSWA","labelName":"Skill"},"textPosition":{"start":{"row":22,"column":0,"tokenIndex":33,"charIndex":0},"end":{"row":22,"column":0,"tokenIndex":33,"charIndex":10}},"confidenceScore":null},{"id":"1663398088","labeledBy":"AUTO","labeledByUserId":null,"acceptedByUserId":null,"rejectedByUserId":null,"layer":0,"counter":0,"status":"LABELED","hashCode":"SPAN:eS2knCRgLegeRw8bcmSWA:0:23:0:3:0:23:0:3:10:0:undefined:undefined","labelName":"eS2knCRgLegeRw8bcmSWA","labelItem":{"id":"eS2knCRgLegeRw8bcmSWA","labelName":"Skill"},"textPosition":{"start":{"row":23,"column":0,"tokenIndex":3,"charIndex":0},"end":{"row":23,"column":0,"tokenIndex":3,"charIndex":10}},"confidenceScore":null},{"id":"1663398091","labeledBy":"AUTO","labeledByUserId":null,"acceptedByUserId":null,"rejectedByUserId":null,"layer":0,"counter":0,"status":"LABELED","hashCode":"SPAN:eS2knCRgLegeRw8bcmSWA:0:23:0:10:0:23:0:10:6:0:undefined:undefined","labelName":"eS2knCRgLegeRw8bcmSWA","labelItem":{"id":"eS2knCRgLegeRw8bcmSWA","labelName":"Skill"},"textPosition":{"start":{"row":23,"column":0,"tokenIndex":10,"charIndex":0},"end":{"row":23,"column":0,"tokenIndex":10,"charIndex":6}},"confidenceScore":null},{"id":"1663398094","labeledBy":"AUTO","labeledByUserId":null,"acceptedByUserId":null,"rejectedByUserId":null,"layer":0,"counter":0,"status":"LABELED","hashCode":"SPAN:eS2knCRgLegeRw8bcmSWA:0:23:0:11:0:23:0:11:7:0:undefined:undefined","labelName":"eS2knCRgLegeRw8bcmSWA","labelItem":{"id":"eS2knCRgLegeRw8bcmSWA","labelName":"Skill"},"textPosition":{"start":{"row":23,"column":0,"tokenIndex":11,"charIndex":0},"end":{"row":23,"column":0,"tokenIndex":11,"charIndex":7}},"confidenceScore":null},{"id":"1663398097","labeledBy":"AUTO","labeledByUserId":null,"acceptedByUserId":null,"rejectedByUserId":null,"layer":0,"counter":0,"status":"LABELED","hashCode":"SPAN:eS2knCRgLegeRw8bcmSWA:0:23:0:12:0:23:0:12:10:0:undefined:undefined","labelName":"eS2knCRgLegeRw8bcmSWA","labelItem":{"id":"eS2knCRgLegeRw8bcmSWA","labelName":"Skill"},"textPosition":{"start":{"row":23,"column":0,"tokenIndex":12,"charIndex":0},"end":{"row":23,"column":0,"tokenIndex":12,"charIndex":10}},"confidenceScore":null},{"id":"1663398106","labeledBy":"AUTO","labeledByUserId":null,"acceptedByUserId":null,"rejectedByUserId":null,"layer":0,"counter":0,"status":"LABELED","hashCode":"SPAN:eS2knCRgLegeRw8bcmSWA:0:23:0:13:0:23:0:13:7:0:undefined:undefined","labelName":"eS2knCRgLegeRw8bcmSWA","labelItem":{"id":"eS2knCRgLegeRw8bcmSWA","labelName":"Skill"},"textPosition":{"start":{"row":23,"column":0,"tokenIndex":13,"charIndex":0},"end":{"row":23,"column":0,"tokenIndex":13,"charIndex":7}},"confidenceScore":null},{"id":"1663398101","labeledBy":"AUTO","labeledByUserId":null,"acceptedByUserId":null,"rejectedByUserId":null,"layer":0,"counter":0,"status":"LABELED","hashCode":"SPAN:eS2knCRgLegeRw8bcmSWA:0:23:0:14:0:23:0:14:9:0:undefined:undefined","labelName":"eS2knCRgLegeRw8bcmSWA","labelItem":{"id":"eS2knCRgLegeRw8bcmSWA","labelName":"Skill"},"textPosition":{"start":{"row":23,"column":0,"tokenIndex":14,"charIndex":0},"end":{"row":23,"column":0,"tokenIndex":14,"charIndex":9}},"confidenceScore":null},{"id":"1663398104","labeledBy":"AUTO","labeledByUserId":null,"acceptedByUserId":null,"rejectedByUserId":null,"layer":0,"counter":0,"status":"LABELED","hashCode":"SPAN:eS2knCRgLegeRw8bcmSWA:0:23:0:15:0:23:0:15:6:0:undefined:undefined","labelName":"eS2knCRgLegeRw8bcmSWA","labelItem":{"id":"eS2knCRgLegeRw8bcmSWA","labelName":"Skill"},"textPosition":{"start":{"row":23,"column":0,"tokenIndex":15,"charIndex":0},"end":{"row":23,"column":0,"tokenIndex":15,"charIndex":6}},"confidenceScore":null},{"id":"1663398109","labeledBy":"AUTO","labeledByUserId":null,"acceptedByUserId":null,"rejectedByUserId":null,"layer":0,"counter":0,"status":"LABELED","hashCode":"SPAN:eS2knCRgLegeRw8bcmSWA:0:23:0:16:0:23:0:16:9:0:undefined:undefined","labelName":"eS2knCRgLegeRw8bcmSWA","labelItem":{"id":"eS2knCRgLegeRw8bcmSWA","labelName":"Skill"},"textPosition":{"start":{"row":23,"column":0,"tokenIndex":16,"charIndex":0},"end":{"row":23,"column":0,"tokenIndex":16,"charIndex":9}},"confidenceScore":null},{"id":"1663398112","labeledBy":"AUTO","labeledByUserId":null,"acceptedByUserId":null,"rejectedByUserId":null,"layer":0,"counter":0,"status":"LABELED","hashCode":"SPAN:eS2knCRgLegeRw8bcmSWA:0:23:0:17:0:23:0:17:6:0:undefined:undefined","labelName":"eS2knCRgLegeRw8bcmSWA","labelItem":{"id":"eS2knCRgLegeRw8bcmSWA","labelName":"Skill"},"textPosition":{"start":{"row":23,"column":0,"tokenIndex":17,"charIndex":0},"end":{"row":23,"column":0,"tokenIndex":17,"charIndex":6}},"confidenceScore":null},{"id":"1663398115","labeledBy":"AUTO","labeledByUserId":null,"acceptedByUserId":null,"rejectedByUserId":null,"layer":0,"counter":0,"status":"LABELED","hashCode":"SPAN:eS2knCRgLegeRw8bcmSWA:0:23:0:19:0:23:0:20:8:0:undefined:undefined","labelName":"eS2knCRgLegeRw8bcmSWA","labelItem":{"id":"eS2knCRgLegeRw8bcmSWA","labelName":"Skill"},"textPosition":{"start":{"row":23,"column":0,"tokenIndex":19,"charIndex":0},"end":{"row":23,"column":0,"tokenIndex":20,"charIndex":8}},"confidenceScore":null},{"id":"1663398118","labeledBy":"AUTO","labeledByUserId":null,"acceptedByUserId":null,"rejectedByUserId":null,"layer":0,"counter":0,"status":"LABELED","hashCode":"SPAN:eS2knCRgLegeRw8bcmSWA:0:24:0:0:0:24:0:1:5:0:undefined:undefined","labelName":"eS2knCRgLegeRw8bcmSWA","labelItem":{"id":"eS2knCRgLegeRw8bcmSWA","labelName":"Skill"},"textPosition":{"start":{"row":24,"column":0,"tokenIndex":0,"charIndex":0},"end":{"row":24,"column":0,"tokenIndex":1,"charIndex":5}},"confidenceScore":null},{"id":"1663398121","labeledBy":"AUTO","labeledByUserId":null,"acceptedByUserId":null,"rejectedByUserId":null,"layer":0,"counter":0,"status":"LABELED","hashCode":"SPAN:eS2knCRgLegeRw8bcmSWA:0:25:0:4:0:25:0:5:10:0:undefined:undefined","labelName":"eS2knCRgLegeRw8bcmSWA","labelItem":{"id":"eS2knCRgLegeRw8bcmSWA","labelName":"Skill"},"textPosition":{"start":{"row":25,"column":0,"tokenIndex":4,"charIndex":0},"end":{"row":25,"column":0,"tokenIndex":5,"charIndex":10}},"confidenceScore":null},{"id":"1663398124","labeledBy":"AUTO","labeledByUserId":null,"acceptedByUserId":null,"rejectedByUserId":null,"layer":0,"counter":0,"status":"LABELED","hashCode":"SPAN:eS2knCRgLegeRw8bcmSWA:0:25:0:6:0:25:0:6:9:0:undefined:undefined","labelName":"eS2knCRgLegeRw8bcmSWA","labelItem":{"id":"eS2knCRgLegeRw8bcmSWA","labelName":"Skill"},"textPosition":{"start":{"row":25,"column":0,"tokenIndex":6,"charIndex":0},"end":{"row":25,"column":0,"tokenIndex":6,"charIndex":9}},"confidenceScore":null},{"id":"1663398127","labeledBy":"AUTO","labeledByUserId":null,"acceptedByUserId":null,"rejectedByUserId":null,"layer":0,"counter":0,"status":"LABELED","hashCode":"SPAN:eS2knCRgLegeRw8bcmSWA:0:25:0:8:0:25:0:8:10:0:undefined:undefined","labelName":"eS2knCRgLegeRw8bcmSWA","labelItem":{"id":"eS2knCRgLegeRw8bcmSWA","labelName":"Skill"},"textPosition":{"start":{"row":25,"column":0,"tokenIndex":8,"charIndex":0},"end":{"row":25,"column":0,"tokenIndex":8,"charIndex":10}},"confidenceScore":null},{"id":"1663398130","labeledBy":"AUTO","labeledByUserId":null,"acceptedByUserId":null,"rejectedByUserId":null,"layer":0,"counter":0,"status":"LABELED","hashCode":"SPAN:eS2knCRgLegeRw8bcmSWA:0:27:0:1:0:27:0:1:13:0:undefined:undefined","labelName":"eS2knCRgLegeRw8bcmSWA","labelItem":{"id":"eS2knCRgLegeRw8bcmSWA","labelName":"Skill"},"textPosition":{"start":{"row":27,"column":0,"tokenIndex":1,"charIndex":0},"end":{"row":27,"column":0,"tokenIndex":1,"charIndex":13}},"confidenceScore":null},{"id":"1663398133","labeledBy":"AUTO","labeledByUserId":null,"acceptedByUserId":null,"rejectedByUserId":null,"layer":0,"counter":0,"status":"LABELED","hashCode":"SPAN:SJEkdao76hjwbb6Fh5SY6:0:29:0:0:0:29:0:0:6:0:undefined:undefined","labelName":"SJEkdao76hjwbb6Fh5SY6","labelItem":{"id":"SJEkdao76hjwbb6Fh5SY6","labelName":"Job Title"},"textPosition":{"start":{"row":29,"column":0,"tokenIndex":0,"charIndex":0},"end":{"row":29,"column":0,"tokenIndex":0,"charIndex":6}},"confidenceScore":null},{"id":"1663398136","labeledBy":"AUTO","labeledByUserId":null,"acceptedByUserId":null,"rejectedByUserId":null,"layer":0,"counter":0,"status":"LABELED","hashCode":"SPAN:52S_6moRfhjC-yXgIBeCp:0:29:0:1:0:29:0:2:3:0:undefined:undefined","labelName":"52S_6moRfhjC-yXgIBeCp","labelItem":{"id":"52S_6moRfhjC-yXgIBeCp","labelName":"Date"},"textPosition":{"start":{"row":29,"column":0,"tokenIndex":1,"charIndex":0},"end":{"row":29,"column":0,"tokenIndex":2,"charIndex":3}},"confidenceScore":null},{"id":"1663398139","labeledBy":"AUTO","labeledByUserId":null,"acceptedByUserId":null,"rejectedByUserId":null,"layer":0,"counter":0,"status":"LABELED","hashCode":"SPAN:52S_6moRfhjC-yXgIBeCp:0:29:0:4:0:29:0:5:3:0:undefined:undefined","labelName":"52S_6moRfhjC-yXgIBeCp","labelItem":{"id":"52S_6moRfhjC-yXgIBeCp","labelName":"Date"},"textPosition":{"start":{"row":29,"column":0,"tokenIndex":4,"charIndex":0},"end":{"row":29,"column":0,"tokenIndex":5,"charIndex":3}},"confidenceScore":null},{"id":"1663398142","labeledBy":"AUTO","labeledByUserId":null,"acceptedByUserId":null,"rejectedByUserId":null,"layer":0,"counter":0,"status":"LABELED","hashCode":"SPAN:rj7TW0-ymuRo6f_asXJab:0:29:0:6:0:29:0:7:3:0:undefined:undefined","labelName":"rj7TW0-ymuRo6f_asXJab","labelItem":{"id":"rj7TW0-ymuRo6f_asXJab","labelName":"Company Name"},"textPosition":{"start":{"row":29,"column":0,"tokenIndex":6,"charIndex":0},"end":{"row":29,"column":0,"tokenIndex":7,"charIndex":3}},"confidenceScore":null},{"id":"1663398145","labeledBy":"AUTO","labeledByUserId":null,"acceptedByUserId":null,"rejectedByUserId":null,"layer":0,"counter":0,"status":"LABELED","hashCode":"SPAN:1R0C50AAwFbEp2O0WmRv6:0:29:0:9:0:29:0:9:3:0:undefined:undefined","labelName":"1R0C50AAwFbEp2O0WmRv6","labelItem":{"id":"1R0C50AAwFbEp2O0WmRv6","labelName":"Location"},"textPosition":{"start":{"row":29,"column":0,"tokenIndex":9,"charIndex":0},"end":{"row":29,"column":0,"tokenIndex":9,"charIndex":3}},"confidenceScore":null},{"id":"1663398148","labeledBy":"AUTO","labeledByUserId":null,"acceptedByUserId":null,"rejectedByUserId":null,"layer":0,"counter":0,"status":"LABELED","hashCode":"SPAN:1R0C50AAwFbEp2O0WmRv6:0:29:0:11:0:29:0:11:4:0:undefined:undefined","labelName":"1R0C50AAwFbEp2O0WmRv6","labelItem":{"id":"1R0C50AAwFbEp2O0WmRv6","labelName":"Location"},"textPosition":{"start":{"row":29,"column":0,"tokenIndex":11,"charIndex":0},"end":{"row":29,"column":0,"tokenIndex":11,"charIndex":4}},"confidenceScore":null},{"id":"1663398151","labeledBy":"AUTO","labeledByUserId":null,"acceptedByUserId":null,"rejectedByUserId":null,"layer":0,"counter":0,"status":"LABELED","hashCode":"SPAN:eS2knCRgLegeRw8bcmSWA:0:29:0:12:0:29:0:13:7:0:undefined:undefined","labelName":"eS2knCRgLegeRw8bcmSWA","labelItem":{"id":"eS2knCRgLegeRw8bcmSWA","labelName":"Skill"},"textPosition":{"start":{"row":29,"column":0,"tokenIndex":12,"charIndex":0},"end":{"row":29,"column":0,"tokenIndex":13,"charIndex":7}},"confidenceScore":null},{"id":"1663398154","labeledBy":"AUTO","labeledByUserId":null,"acceptedByUserId":null,"rejectedByUserId":null,"layer":0,"counter":0,"status":"LABELED","hashCode":"SPAN:eS2knCRgLegeRw8bcmSWA:0:30:0:2:0:30:0:3:6:0:undefined:undefined","labelName":"eS2knCRgLegeRw8bcmSWA","labelItem":{"id":"eS2knCRgLegeRw8bcmSWA","labelName":"Skill"},"textPosition":{"start":{"row":30,"column":0,"tokenIndex":2,"charIndex":0},"end":{"row":30,"column":0,"tokenIndex":3,"charIndex":6}},"confidenceScore":null},{"id":"1663398157","labeledBy":"AUTO","labeledByUserId":null,"acceptedByUserId":null,"rejectedByUserId":null,"layer":0,"counter":0,"status":"LABELED","hashCode":"SPAN:eS2knCRgLegeRw8bcmSWA:0:33:0:2:0:33:0:3:11:0:undefined:undefined","labelName":"eS2knCRgLegeRw8bcmSWA","labelItem":{"id":"eS2knCRgLegeRw8bcmSWA","labelName":"Skill"},"textPosition":{"start":{"row":33,"column":0,"tokenIndex":2,"charIndex":0},"end":{"row":33,"column":0,"tokenIndex":3,"charIndex":11}},"confidenceScore":null},{"id":"1663398160","labeledBy":"AUTO","labeledByUserId":null,"acceptedByUserId":null,"rejectedByUserId":null,"layer":0,"counter":0,"status":"LABELED","hashCode":"SPAN:eS2knCRgLegeRw8bcmSWA:0:37:0:0:0:37:0:1:10:0:undefined:undefined","labelName":"eS2knCRgLegeRw8bcmSWA","labelItem":{"id":"eS2knCRgLegeRw8bcmSWA","labelName":"Skill"},"textPosition":{"start":{"row":37,"column":0,"tokenIndex":0,"charIndex":0},"end":{"row":37,"column":0,"tokenIndex":1,"charIndex":10}},"confidenceScore":null},{"id":"1663398163","labeledBy":"AUTO","labeledByUserId":null,"acceptedByUserId":null,"rejectedByUserId":null,"layer":0,"counter":0,"status":"LABELED","hashCode":"SPAN:eS2knCRgLegeRw8bcmSWA:0:37:0:3:0:37:0:4:10:0:undefined:undefined","labelName":"eS2knCRgLegeRw8bcmSWA","labelItem":{"id":"eS2knCRgLegeRw8bcmSWA","labelName":"Skill"},"textPosition":{"start":{"row":37,"column":0,"tokenIndex":3,"charIndex":0},"end":{"row":37,"column":0,"tokenIndex":4,"charIndex":10}},"confidenceScore":null},{"id":"1663398166","labeledBy":"AUTO","labeledByUserId":null,"acceptedByUserId":null,"rejectedByUserId":null,"layer":0,"counter":0,"status":"LABELED","hashCode":"SPAN:eS2knCRgLegeRw8bcmSWA:0:37:0:7:0:37:0:8:7:0:undefined:undefined","labelName":"eS2knCRgLegeRw8bcmSWA","labelItem":{"id":"eS2knCRgLegeRw8bcmSWA","labelName":"Skill"},"textPosition":{"start":{"row":37,"column":0,"tokenIndex":7,"charIndex":0},"end":{"row":37,"column":0,"tokenIndex":8,"charIndex":7}},"confidenceScore":null},{"id":"1663398169","labeledBy":"AUTO","labeledByUserId":null,"acceptedByUserId":null,"rejectedByUserId":null,"layer":0,"counter":0,"status":"LABELED","hashCode":"SPAN:IeEoIKabMl51BJE0gX2YL:0:38:0:1:0:38:0:3:6:0:undefined:undefined","labelName":"IeEoIKabMl51BJE0gX2YL","labelItem":{"id":"IeEoIKabMl51BJE0gX2YL","labelName":"Degree"},"textPosition":{"start":{"row":38,"column":0,"tokenIndex":1,"charIndex":0},"end":{"row":38,"column":0,"tokenIndex":3,"charIndex":6}},"confidenceScore":null},{"id":"1663398172","labeledBy":"AUTO","labeledByUserId":null,"acceptedByUserId":null,"rejectedByUserId":null,"layer":0,"counter":0,"status":"LABELED","hashCode":"SPAN:BjO8MdvK2KI4E5iMEeY4B:0:38:0:5:0:38:0:5:3:0:undefined:undefined","labelName":"BjO8MdvK2KI4E5iMEeY4B","labelItem":{"id":"BjO8MdvK2KI4E5iMEeY4B","labelName":"Graduation Year"},"textPosition":{"start":{"row":38,"column":0,"tokenIndex":5,"charIndex":0},"end":{"row":38,"column":0,"tokenIndex":5,"charIndex":3}},"confidenceScore":null},{"id":"1663398175","labeledBy":"AUTO","labeledByUserId":null,"acceptedByUserId":null,"rejectedByUserId":null,"layer":0,"counter":0,"status":"LABELED","hashCode":"SPAN:Kj5U6n9NUqTXuWcB3c_7L:0:38:0:6:0:38:0:9:3:0:undefined:undefined","labelName":"Kj5U6n9NUqTXuWcB3c_7L","labelItem":{"id":"Kj5U6n9NUqTXuWcB3c_7L","labelName":"College"},"textPosition":{"start":{"row":38,"column":0,"tokenIndex":6,"charIndex":0},"end":{"row":38,"column":0,"tokenIndex":9,"charIndex":3}},"confidenceScore":null},{"id":"1663398178","labeledBy":"AUTO","labeledByUserId":null,"acceptedByUserId":null,"rejectedByUserId":null,"layer":0,"counter":0,"status":"LABELED","hashCode":"SPAN:1R0C50AAwFbEp2O0WmRv6:0:38:0:11:0:38:0:11:3:0:undefined:undefined","labelName":"1R0C50AAwFbEp2O0WmRv6","labelItem":{"id":"1R0C50AAwFbEp2O0WmRv6","labelName":"Location"},"textPosition":{"start":{"row":38,"column":0,"tokenIndex":11,"charIndex":0},"end":{"row":38,"column":0,"tokenIndex":11,"charIndex":3}},"confidenceScore":null},{"id":"1663398181","labeledBy":"AUTO","labeledByUserId":null,"acceptedByUserId":null,"rejectedByUserId":null,"layer":0,"counter":0,"status":"LABELED","hashCode":"SPAN:1R0C50AAwFbEp2O0WmRv6:0:38:0:13:0:38:0:13:4:0:undefined:undefined","labelName":"1R0C50AAwFbEp2O0WmRv6","labelItem":{"id":"1R0C50AAwFbEp2O0WmRv6","labelName":"Location"},"textPosition":{"start":{"row":38,"column":0,"tokenIndex":13,"charIndex":0},"end":{"row":38,"column":0,"tokenIndex":13,"charIndex":4}},"confidenceScore":null},{"id":"1663398184","labeledBy":"AUTO","labeledByUserId":null,"acceptedByUserId":null,"rejectedByUserId":null,"layer":0,"counter":0,"status":"LABELED","hashCode":"SPAN:eS2knCRgLegeRw8bcmSWA:0:39:0:1:0:39:0:1:5:0:undefined:undefined","labelName":"eS2knCRgLegeRw8bcmSWA","labelItem":{"id":"eS2knCRgLegeRw8bcmSWA","labelName":"Skill"},"textPosition":{"start":{"row":39,"column":0,"tokenIndex":1,"charIndex":0},"end":{"row":39,"column":0,"tokenIndex":1,"charIndex":5}},"confidenceScore":null},{"id":"1663398187","labeledBy":"AUTO","labeledByUserId":null,"acceptedByUserId":null,"rejectedByUserId":null,"layer":0,"counter":0,"status":"LABELED","hashCode":"SPAN:eS2knCRgLegeRw8bcmSWA:0:39:0:2:0:39:0:2:11:0:undefined:undefined","labelName":"eS2knCRgLegeRw8bcmSWA","labelItem":{"id":"eS2knCRgLegeRw8bcmSWA","labelName":"Skill"},"textPosition":{"start":{"row":39,"column":0,"tokenIndex":2,"charIndex":0},"end":{"row":39,"column":0,"tokenIndex":2,"charIndex":11}},"confidenceScore":null},{"id":"1663398190","labeledBy":"AUTO","labeledByUserId":null,"acceptedByUserId":null,"rejectedByUserId":null,"layer":0,"counter":0,"status":"LABELED","hashCode":"SPAN:eS2knCRgLegeRw8bcmSWA:0:39:0:3:0:39:0:4:8:0:undefined:undefined","labelName":"eS2knCRgLegeRw8bcmSWA","labelItem":{"id":"eS2knCRgLegeRw8bcmSWA","labelName":"Skill"},"textPosition":{"start":{"row":39,"column":0,"tokenIndex":3,"charIndex":0},"end":{"row":39,"column":0,"tokenIndex":4,"charIndex":8}},"confidenceScore":null},{"id":"1663398193","labeledBy":"AUTO","labeledByUserId":null,"acceptedByUserId":null,"rejectedByUserId":null,"layer":0,"counter":0,"status":"LABELED","hashCode":"SPAN:eS2knCRgLegeRw8bcmSWA:0:39:0:5:0:39:0:6:10:0:undefined:undefined","labelName":"eS2knCRgLegeRw8bcmSWA","labelItem":{"id":"eS2knCRgLegeRw8bcmSWA","labelName":"Skill"},"textPosition":{"start":{"row":39,"column":0,"tokenIndex":5,"charIndex":0},"end":{"row":39,"column":0,"tokenIndex":6,"charIndex":10}},"confidenceScore":null},{"id":"1663398196","labeledBy":"AUTO","labeledByUserId":null,"acceptedByUserId":null,"rejectedByUserId":null,"layer":0,"counter":0,"status":"LABELED","hashCode":"SPAN:eS2knCRgLegeRw8bcmSWA:0:39:0:7:0:39:0:9:6:0:undefined:undefined","labelName":"eS2knCRgLegeRw8bcmSWA","labelItem":{"id":"eS2knCRgLegeRw8bcmSWA","labelName":"Skill"},"textPosition":{"start":{"row":39,"column":0,"tokenIndex":7,"charIndex":0},"end":{"row":39,"column":0,"tokenIndex":9,"charIndex":6}},"confidenceScore":null},{"id":"1663398199","labeledBy":"AUTO","labeledByUserId":null,"acceptedByUserId":null,"rejectedByUserId":null,"layer":0,"counter":0,"status":"LABELED","hashCode":"SPAN:eS2knCRgLegeRw8bcmSWA:0:39:0:10:0:39:0:11:9:0:undefined:undefined","labelName":"eS2knCRgLegeRw8bcmSWA","labelItem":{"id":"eS2knCRgLegeRw8bcmSWA","labelName":"Skill"},"textPosition":{"start":{"row":39,"column":0,"tokenIndex":10,"charIndex":0},"end":{"row":39,"column":0,"tokenIndex":11,"charIndex":9}},"confidenceScore":null},{"id":"1663398202","labeledBy":"AUTO","labeledByUserId":null,"acceptedByUserId":null,"rejectedByUserId":null,"layer":0,"counter":0,"status":"LABELED","hashCode":"SPAN:eS2knCRgLegeRw8bcmSWA:0:39:0:12:0:39:0:13:10:0:undefined:undefined","labelName":"eS2knCRgLegeRw8bcmSWA","labelItem":{"id":"eS2knCRgLegeRw8bcmSWA","labelName":"Skill"},"textPosition":{"start":{"row":39,"column":0,"tokenIndex":12,"charIndex":0},"end":{"row":39,"column":0,"tokenIndex":13,"charIndex":10}},"confidenceScore":null},{"id":"1663398205","labeledBy":"AUTO","labeledByUserId":null,"acceptedByUserId":null,"rejectedByUserId":null,"layer":0,"counter":0,"status":"LABELED","hashCode":"SPAN:eS2knCRgLegeRw8bcmSWA:0:39:0:14:0:39:0:14:10:0:undefined:undefined","labelName":"eS2knCRgLegeRw8bcmSWA","labelItem":{"id":"eS2knCRgLegeRw8bcmSWA","labelName":"Skill"},"textPosition":{"start":{"row":39,"column":0,"tokenIndex":14,"charIndex":0},"end":{"row":39,"column":0,"tokenIndex":14,"charIndex":10}},"confidenceScore":null},{"id":"1663398208","labeledBy":"AUTO","labeledByUserId":null,"acceptedByUserId":null,"rejectedByUserId":null,"layer":0,"counter":0,"status":"LABELED","hashCode":"SPAN:eS2knCRgLegeRw8bcmSWA:0:39:0:15:0:39:0:16:7:0:undefined:undefined","labelName":"eS2knCRgLegeRw8bcmSWA","labelItem":{"id":"eS2knCRgLegeRw8bcmSWA","labelName":"Skill"},"textPosition":{"start":{"row":39,"column":0,"tokenIndex":15,"charIndex":0},"end":{"row":39,"column":0,"tokenIndex":16,"charIndex":7}},"confidenceScore":null},{"id":"1663398211","labeledBy":"AUTO","labeledByUserId":null,"acceptedByUserId":null,"rejectedByUserId":null,"layer":0,"counter":0,"status":"LABELED","hashCode":"SPAN:eS2knCRgLegeRw8bcmSWA:0:39:0:17:0:39:0:18:5:0:undefined:undefined","labelName":"eS2knCRgLegeRw8bcmSWA","labelItem":{"id":"eS2knCRgLegeRw8bcmSWA","labelName":"Skill"},"textPosition":{"start":{"row":39,"column":0,"tokenIndex":17,"charIndex":0},"end":{"row":39,"column":0,"tokenIndex":18,"charIndex":5}},"confidenceScore":null},{"id":"1663398214","labeledBy":"AUTO","labeledByUserId":null,"acceptedByUserId":null,"rejectedByUserId":null,"layer":0,"counter":0,"status":"LABELED","hashCode":"SPAN:eS2knCRgLegeRw8bcmSWA:0:39:0:19:0:39:0:20:8:0:undefined:undefined","labelName":"eS2knCRgLegeRw8bcmSWA","labelItem":{"id":"eS2knCRgLegeRw8bcmSWA","labelName":"Skill"},"textPosition":{"start":{"row":39,"column":0,"tokenIndex":19,"charIndex":0},"end":{"row":39,"column":0,"tokenIndex":20,"charIndex":8}},"confidenceScore":null},{"id":"1663398217","labeledBy":"AUTO","labeledByUserId":null,"acceptedByUserId":null,"rejectedByUserId":null,"layer":0,"counter":0,"status":"LABELED","hashCode":"SPAN:eS2knCRgLegeRw8bcmSWA:0:39:0:21:0:39:0:22:10:0:undefined:undefined","labelName":"eS2knCRgLegeRw8bcmSWA","labelItem":{"id":"eS2knCRgLegeRw8bcmSWA","labelName":"Skill"},"textPosition":{"start":{"row":39,"column":0,"tokenIndex":21,"charIndex":0},"end":{"row":39,"column":0,"tokenIndex":22,"charIndex":10}},"confidenceScore":null},{"id":"1663398220","labeledBy":"AUTO","labeledByUserId":null,"acceptedByUserId":null,"rejectedByUserId":null,"layer":0,"counter":0,"status":"LABELED","hashCode":"SPAN:eS2knCRgLegeRw8bcmSWA:0:39:0:23:0:39:0:24:3:0:undefined:undefined","labelName":"eS2knCRgLegeRw8bcmSWA","labelItem":{"id":"eS2knCRgLegeRw8bcmSWA","labelName":"Skill"},"textPosition":{"start":{"row":39,"column":0,"tokenIndex":23,"charIndex":0},"end":{"row":39,"column":0,"tokenIndex":24,"charIndex":3}},"confidenceScore":null},{"id":"1663398223","labeledBy":"AUTO","labeledByUserId":null,"acceptedByUserId":null,"rejectedByUserId":null,"layer":0,"counter":0,"status":"LABELED","hashCode":"SPAN:eS2knCRgLegeRw8bcmSWA:0:39:0:25:0:39:0:25:6:0:undefined:undefined","labelName":"eS2knCRgLegeRw8bcmSWA","labelItem":{"id":"eS2knCRgLegeRw8bcmSWA","labelName":"Skill"},"textPosition":{"start":{"row":39,"column":0,"tokenIndex":25,"charIndex":0},"end":{"row":39,"column":0,"tokenIndex":25,"charIndex":6}},"confidenceScore":null},{"id":"1663398226","labeledBy":"AUTO","labeledByUserId":null,"acceptedByUserId":null,"rejectedByUserId":null,"layer":0,"counter":0,"status":"LABELED","hashCode":"SPAN:eS2knCRgLegeRw8bcmSWA:0:39:0:26:0:39:0:26:11:0:undefined:undefined","labelName":"eS2knCRgLegeRw8bcmSWA","labelItem":{"id":"eS2knCRgLegeRw8bcmSWA","labelName":"Skill"},"textPosition":{"start":{"row":39,"column":0,"tokenIndex":26,"charIndex":0},"end":{"row":39,"column":0,"tokenIndex":26,"charIndex":11}},"confidenceScore":null},{"id":"1663398229","labeledBy":"AUTO","labeledByUserId":null,"acceptedByUserId":null,"rejectedByUserId":null,"layer":0,"counter":0,"status":"LABELED","hashCode":"SPAN:eS2knCRgLegeRw8bcmSWA:0:39:0:27:0:39:0:27:9:0:undefined:undefined","labelName":"eS2knCRgLegeRw8bcmSWA","labelItem":{"id":"eS2knCRgLegeRw8bcmSWA","labelName":"Skill"},"textPosition":{"start":{"row":39,"column":0,"tokenIndex":27,"charIndex":0},"end":{"row":39,"column":0,"tokenIndex":27,"charIndex":9}},"confidenceScore":null},{"id":"1663398232","labeledBy":"AUTO","labeledByUserId":null,"acceptedByUserId":null,"rejectedByUserId":null,"layer":0,"counter":0,"status":"LABELED","hashCode":"SPAN:eS2knCRgLegeRw8bcmSWA:0:39:0:28:0:39:0:28:9:0:undefined:undefined","labelName":"eS2knCRgLegeRw8bcmSWA","labelItem":{"id":"eS2knCRgLegeRw8bcmSWA","labelName":"Skill"},"textPosition":{"start":{"row":39,"column":0,"tokenIndex":28,"charIndex":0},"end":{"row":39,"column":0,"tokenIndex":28,"charIndex":9}},"confidenceScore":null},{"id":"1663398235","labeledBy":"AUTO","labeledByUserId":null,"acceptedByUserId":null,"rejectedByUserId":null,"layer":0,"counter":0,"status":"LABELED","hashCode":"SPAN:eS2knCRgLegeRw8bcmSWA:0:39:0:30:0:39:0:30:9:0:undefined:undefined","labelName":"eS2knCRgLegeRw8bcmSWA","labelItem":{"id":"eS2knCRgLegeRw8bcmSWA","labelName":"Skill"},"textPosition":{"start":{"row":39,"column":0,"tokenIndex":30,"charIndex":0},"end":{"row":39,"column":0,"tokenIndex":30,"charIndex":9}},"confidenceScore":null},{"id":"1663398238","labeledBy":"AUTO","labeledByUserId":null,"acceptedByUserId":null,"rejectedByUserId":null,"layer":0,"counter":0,"status":"LABELED","hashCode":"SPAN:eS2knCRgLegeRw8bcmSWA:0:39:0:31:0:39:0:31:3:0:undefined:undefined","labelName":"eS2knCRgLegeRw8bcmSWA","labelItem":{"id":"eS2knCRgLegeRw8bcmSWA","labelName":"Skill"},"textPosition":{"start":{"row":39,"column":0,"tokenIndex":31,"charIndex":0},"end":{"row":39,"column":0,"tokenIndex":31,"charIndex":3}},"confidenceScore":null},{"id":"1663398241","labeledBy":"AUTO","labeledByUserId":null,"acceptedByUserId":null,"rejectedByUserId":null,"layer":0,"counter":0,"status":"LABELED","hashCode":"SPAN:eS2knCRgLegeRw8bcmSWA:0:39:0:32:0:39:0:32:4:0:undefined:undefined","labelName":"eS2knCRgLegeRw8bcmSWA","labelItem":{"id":"eS2knCRgLegeRw8bcmSWA","labelName":"Skill"},"textPosition":{"start":{"row":39,"column":0,"tokenIndex":32,"charIndex":0},"end":{"row":39,"column":0,"tokenIndex":32,"charIndex":4}},"confidenceScore":null},{"id":"1663398244","labeledBy":"AUTO","labeledByUserId":null,"acceptedByUserId":null,"rejectedByUserId":null,"layer":0,"counter":0,"status":"LABELED","hashCode":"SPAN:eS2knCRgLegeRw8bcmSWA:0:39:0:33:0:39:0:33:9:0:undefined:undefined","labelName":"eS2knCRgLegeRw8bcmSWA","labelItem":{"id":"eS2knCRgLegeRw8bcmSWA","labelName":"Skill"},"textPosition":{"start":{"row":39,"column":0,"tokenIndex":33,"charIndex":0},"end":{"row":39,"column":0,"tokenIndex":33,"charIndex":9}},"confidenceScore":null},{"id":"1663398247","labeledBy":"AUTO","labeledByUserId":null,"acceptedByUserId":null,"rejectedByUserId":null,"layer":0,"counter":0,"status":"LABELED","hashCode":"SPAN:eS2knCRgLegeRw8bcmSWA:0:39:0:34:0:39:0:34:8:0:undefined:undefined","labelName":"eS2knCRgLegeRw8bcmSWA","labelItem":{"id":"eS2knCRgLegeRw8bcmSWA","labelName":"Skill"},"textPosition":{"start":{"row":39,"column":0,"tokenIndex":34,"charIndex":0},"end":{"row":39,"column":0,"tokenIndex":34,"charIndex":8}},"confidenceScore":null},{"id":"1663398250","labeledBy":"AUTO","labeledByUserId":null,"acceptedByUserId":null,"rejectedByUserId":null,"layer":0,"counter":0,"status":"LABELED","hashCode":"SPAN:eS2knCRgLegeRw8bcmSWA:0:39:0:35:0:39:0:35:8:0:undefined:undefined","labelName":"eS2knCRgLegeRw8bcmSWA","labelItem":{"id":"eS2knCRgLegeRw8bcmSWA","labelName":"Skill"},"textPosition":{"start":{"row":39,"column":0,"tokenIndex":35,"charIndex":0},"end":{"row":39,"column":0,"tokenIndex":35,"charIndex":8}},"confidenceScore":null},{"id":"1663398253","labeledBy":"AUTO","labeledByUserId":null,"acceptedByUserId":null,"rejectedByUserId":null,"layer":0,"counter":0,"status":"LABELED","hashCode":"SPAN:eS2knCRgLegeRw8bcmSWA:0:39:0:36:0:39:0:36:5:0:undefined:undefined","labelName":"eS2knCRgLegeRw8bcmSWA","labelItem":{"id":"eS2knCRgLegeRw8bcmSWA","labelName":"Skill"},"textPosition":{"start":{"row":39,"column":0,"tokenIndex":36,"charIndex":0},"end":{"row":39,"column":0,"tokenIndex":36,"charIndex":5}},"confidenceScore":null},{"id":"1663398256","labeledBy":"AUTO","labeledByUserId":null,"acceptedByUserId":null,"rejectedByUserId":null,"layer":0,"counter":0,"status":"LABELED","hashCode":"SPAN:eS2knCRgLegeRw8bcmSWA:0:39:0:37:0:39:0:37:5:0:undefined:undefined","labelName":"eS2knCRgLegeRw8bcmSWA","labelItem":{"id":"eS2knCRgLegeRw8bcmSWA","labelName":"Skill"},"textPosition":{"start":{"row":39,"column":0,"tokenIndex":37,"charIndex":0},"end":{"row":39,"column":0,"tokenIndex":37,"charIndex":5}},"confidenceScore":null},{"id":"1663398259","labeledBy":"AUTO","labeledByUserId":null,"acceptedByUserId":null,"rejectedByUserId":null,"layer":0,"counter":0,"status":"LABELED","hashCode":"SPAN:eS2knCRgLegeRw8bcmSWA:0:39:0:38:0:39:0:38:6:0:undefined:undefined","labelName":"eS2knCRgLegeRw8bcmSWA","labelItem":{"id":"eS2knCRgLegeRw8bcmSWA","labelName":"Skill"},"textPosition":{"start":{"row":39,"column":0,"tokenIndex":38,"charIndex":0},"end":{"row":39,"column":0,"tokenIndex":38,"charIndex":6}},"confidenceScore":null},{"id":"1663398262","labeledBy":"AUTO","labeledByUserId":null,"acceptedByUserId":null,"rejectedByUserId":null,"layer":0,"counter":0,"status":"LABELED","hashCode":"SPAN:eS2knCRgLegeRw8bcmSWA:0:39:0:39:0:39:0:40:10:0:undefined:undefined","labelName":"eS2knCRgLegeRw8bcmSWA","labelItem":{"id":"eS2knCRgLegeRw8bcmSWA","labelName":"Skill"},"textPosition":{"start":{"row":39,"column":0,"tokenIndex":39,"charIndex":0},"end":{"row":39,"column":0,"tokenIndex":40,"charIndex":10}},"confidenceScore":null},{"id":"1663398265","labeledBy":"AUTO","labeledByUserId":null,"acceptedByUserId":null,"rejectedByUserId":null,"layer":0,"counter":0,"status":"LABELED","hashCode":"SPAN:eS2knCRgLegeRw8bcmSWA:0:39:0:41:0:39:0:41:7:0:undefined:undefined","labelName":"eS2knCRgLegeRw8bcmSWA","labelItem":{"id":"eS2knCRgLegeRw8bcmSWA","labelName":"Skill"},"textPosition":{"start":{"row":39,"column":0,"tokenIndex":41,"charIndex":0},"end":{"row":39,"column":0,"tokenIndex":41,"charIndex":7}},"confidenceScore":null},{"id":"1663398268","labeledBy":"AUTO","labeledByUserId":null,"acceptedByUserId":null,"rejectedByUserId":null,"layer":0,"counter":0,"status":"LABELED","hashCode":"SPAN:eS2knCRgLegeRw8bcmSWA:0:39:0:42:0:39:0:43:4:0:undefined:undefined","labelName":"eS2knCRgLegeRw8bcmSWA","labelItem":{"id":"eS2knCRgLegeRw8bcmSWA","labelName":"Skill"},"textPosition":{"start":{"row":39,"column":0,"tokenIndex":42,"charIndex":0},"end":{"row":39,"column":0,"tokenIndex":43,"charIndex":4}},"confidenceScore":null},{"id":"1663398271","labeledBy":"AUTO","labeledByUserId":null,"acceptedByUserId":null,"rejectedByUserId":null,"layer":0,"counter":0,"status":"LABELED","hashCode":"SPAN:eS2knCRgLegeRw8bcmSWA:0:39:0:44:0:39:0:44:10:0:undefined:undefined","labelName":"eS2knCRgLegeRw8bcmSWA","labelItem":{"id":"eS2knCRgLegeRw8bcmSWA","labelName":"Skill"},"textPosition":{"start":{"row":39,"column":0,"tokenIndex":44,"charIndex":0},"end":{"row":39,"column":0,"tokenIndex":44,"charIndex":10}},"confidenceScore":null},{"id":"1663398274","labeledBy":"AUTO","labeledByUserId":null,"acceptedByUserId":null,"rejectedByUserId":null,"layer":0,"counter":0,"status":"LABELED","hashCode":"SPAN:eS2knCRgLegeRw8bcmSWA:0:39:0:45:0:39:0:45:9:0:undefined:undefined","labelName":"eS2knCRgLegeRw8bcmSWA","labelItem":{"id":"eS2knCRgLegeRw8bcmSWA","labelName":"Skill"},"textPosition":{"start":{"row":39,"column":0,"tokenIndex":45,"charIndex":0},"end":{"row":39,"column":0,"tokenIndex":45,"charIndex":9}},"confidenceScore":null},{"id":"1663398277","labeledBy":"AUTO","labeledByUserId":null,"acceptedByUserId":null,"rejectedByUserId":null,"layer":0,"counter":0,"status":"LABELED","hashCode":"SPAN:eS2knCRgLegeRw8bcmSWA:0:39:0:46:0:39:0:46:8:0:undefined:undefined","labelName":"eS2knCRgLegeRw8bcmSWA","labelItem":{"id":"eS2knCRgLegeRw8bcmSWA","labelName":"Skill"},"textPosition":{"start":{"row":39,"column":0,"tokenIndex":46,"charIndex":0},"end":{"row":39,"column":0,"tokenIndex":46,"charIndex":8}},"confidenceScore":null},{"id":"1663398280","labeledBy":"AUTO","labeledByUserId":null,"acceptedByUserId":null,"rejectedByUserId":null,"layer":0,"counter":0,"status":"LABELED","hashCode":"SPAN:eS2knCRgLegeRw8bcmSWA:0:39:0:47:0:39:0:47:10:0:undefined:undefined","labelName":"eS2knCRgLegeRw8bcmSWA","labelItem":{"id":"eS2knCRgLegeRw8bcmSWA","labelName":"Skill"},"textPosition":{"start":{"row":39,"column":0,"tokenIndex":47,"charIndex":0},"end":{"row":39,"column":0,"tokenIndex":47,"charIndex":10}},"confidenceScore":null},{"id":"1663398283","labeledBy":"AUTO","labeledByUserId":null,"acceptedByUserId":null,"rejectedByUserId":null,"layer":0,"counter":0,"status":"LABELED","hashCode":"SPAN:eS2knCRgLegeRw8bcmSWA:0:39:0:48:0:39:0:48:8:0:undefined:undefined","labelName":"eS2knCRgLegeRw8bcmSWA","labelItem":{"id":"eS2knCRgLegeRw8bcmSWA","labelName":"Skill"},"textPosition":{"start":{"row":39,"column":0,"tokenIndex":48,"charIndex":0},"end":{"row":39,"column":0,"tokenIndex":48,"charIndex":8}},"confidenceScore":null},{"id":"1663398286","labeledBy":"AUTO","labeledByUserId":null,"acceptedByUserId":null,"rejectedByUserId":null,"layer":0,"counter":0,"status":"LABELED","hashCode":"SPAN:eS2knCRgLegeRw8bcmSWA:0:39:0:49:0:39:0:49:13:0:undefined:undefined","labelName":"eS2knCRgLegeRw8bcmSWA","labelItem":{"id":"eS2knCRgLegeRw8bcmSWA","labelName":"Skill"},"textPosition":{"start":{"row":39,"column":0,"tokenIndex":49,"charIndex":0},"end":{"row":39,"column":0,"tokenIndex":49,"charIndex":13}},"confidenceScore":null},{"id":"1663398289","labeledBy":"AUTO","labeledByUserId":null,"acceptedByUserId":null,"rejectedByUserId":null,"layer":0,"counter":0,"status":"LABELED","hashCode":"SPAN:eS2knCRgLegeRw8bcmSWA:0:39:0:50:0:39:0:51:6:0:undefined:undefined","labelName":"eS2knCRgLegeRw8bcmSWA","labelItem":{"id":"eS2knCRgLegeRw8bcmSWA","labelName":"Skill"},"textPosition":{"start":{"row":39,"column":0,"tokenIndex":50,"charIndex":0},"end":{"row":39,"column":0,"tokenIndex":51,"charIndex":6}},"confidenceScore":null},{"id":"1663398292","labeledBy":"AUTO","labeledByUserId":null,"acceptedByUserId":null,"rejectedByUserId":null,"layer":0,"counter":0,"status":"LABELED","hashCode":"SPAN:eS2knCRgLegeRw8bcmSWA:0:39:0:52:0:39:0:53:7:0:undefined:undefined","labelName":"eS2knCRgLegeRw8bcmSWA","labelItem":{"id":"eS2knCRgLegeRw8bcmSWA","labelName":"Skill"},"textPosition":{"start":{"row":39,"column":0,"tokenIndex":52,"charIndex":0},"end":{"row":39,"column":0,"tokenIndex":53,"charIndex":7}},"confidenceScore":null},{"id":"1663398295","labeledBy":"AUTO","labeledByUserId":null,"acceptedByUserId":null,"rejectedByUserId":null,"layer":0,"counter":0,"status":"LABELED","hashCode":"SPAN:eS2knCRgLegeRw8bcmSWA:0:39:0:54:0:39:0:55:9:0:undefined:undefined","labelName":"eS2knCRgLegeRw8bcmSWA","labelItem":{"id":"eS2knCRgLegeRw8bcmSWA","labelName":"Skill"},"textPosition":{"start":{"row":39,"column":0,"tokenIndex":54,"charIndex":0},"end":{"row":39,"column":0,"tokenIndex":55,"charIndex":9}},"confidenceScore":null},{"id":"1663398298","labeledBy":"AUTO","labeledByUserId":null,"acceptedByUserId":null,"rejectedByUserId":null,"layer":0,"counter":0,"status":"LABELED","hashCode":"SPAN:eS2knCRgLegeRw8bcmSWA:0:39:0:56:0:39:0:57:7:0:undefined:undefined","labelName":"eS2knCRgLegeRw8bcmSWA","labelItem":{"id":"eS2knCRgLegeRw8bcmSWA","labelName":"Skill"},"textPosition":{"start":{"row":39,"column":0,"tokenIndex":56,"charIndex":0},"end":{"row":39,"column":0,"tokenIndex":57,"charIndex":7}},"confidenceScore":null},{"id":"1663398301","labeledBy":"AUTO","labeledByUserId":null,"acceptedByUserId":null,"rejectedByUserId":null,"layer":0,"counter":0,"status":"LABELED","hashCode":"SPAN:eS2knCRgLegeRw8bcmSWA:0:39:0:58:0:39:0:58:8:0:undefined:undefined","labelName":"eS2knCRgLegeRw8bcmSWA","labelItem":{"id":"eS2knCRgLegeRw8bcmSWA","labelName":"Skill"},"textPosition":{"start":{"row":39,"column":0,"tokenIndex":58,"charIndex":0},"end":{"row":39,"column":0,"tokenIndex":58,"charIndex":8}},"confidenceScore":null},{"id":"1663398304","labeledBy":"AUTO","labeledByUserId":null,"acceptedByUserId":null,"rejectedByUserId":null,"layer":0,"counter":0,"status":"LABELED","hashCode":"SPAN:eS2knCRgLegeRw8bcmSWA:0:39:0:59:0:39:0:60:8:0:undefined:undefined","labelName":"eS2knCRgLegeRw8bcmSWA","labelItem":{"id":"eS2knCRgLegeRw8bcmSWA","labelName":"Skill"},"textPosition":{"start":{"row":39,"column":0,"tokenIndex":59,"charIndex":0},"end":{"row":39,"column":0,"tokenIndex":60,"charIndex":8}},"confidenceScore":null},{"id":"1663398307","labeledBy":"AUTO","labeledByUserId":null,"acceptedByUserId":null,"rejectedByUserId":null,"layer":0,"counter":0,"status":"LABELED","hashCode":"SPAN:eS2knCRgLegeRw8bcmSWA:0:39:0:61:0:39:0:62:10:0:undefined:undefined","labelName":"eS2knCRgLegeRw8bcmSWA","labelItem":{"id":"eS2knCRgLegeRw8bcmSWA","labelName":"Skill"},"textPosition":{"start":{"row":39,"column":0,"tokenIndex":61,"charIndex":0},"end":{"row":39,"column":0,"tokenIndex":62,"charIndex":10}},"confidenceScore":null},{"id":"1663398310","labeledBy":"AUTO","labeledByUserId":null,"acceptedByUserId":null,"rejectedByUserId":null,"layer":0,"counter":0,"status":"LABELED","hashCode":"SPAN:eS2knCRgLegeRw8bcmSWA:0:39:0:63:0:39:0:63:10:0:undefined:undefined","labelName":"eS2knCRgLegeRw8bcmSWA","labelItem":{"id":"eS2knCRgLegeRw8bcmSWA","labelName":"Skill"},"textPosition":{"start":{"row":39,"column":0,"tokenIndex":63,"charIndex":0},"end":{"row":39,"column":0,"tokenIndex":63,"charIndex":10}},"confidenceScore":null},{"id":"1663398313","labeledBy":"AUTO","labeledByUserId":null,"acceptedByUserId":null,"rejectedByUserId":null,"layer":0,"counter":0,"status":"LABELED","hashCode":"SPAN:eS2knCRgLegeRw8bcmSWA:0:39:0:64:0:39:0:64:8:0:undefined:undefined","labelName":"eS2knCRgLegeRw8bcmSWA","labelItem":{"id":"eS2knCRgLegeRw8bcmSWA","labelName":"Skill"},"textPosition":{"start":{"row":39,"column":0,"tokenIndex":64,"charIndex":0},"end":{"row":39,"column":0,"tokenIndex":64,"charIndex":8}},"confidenceScore":null},{"id":"1663398316","labeledBy":"AUTO","labeledByUserId":null,"acceptedByUserId":null,"rejectedByUserId":null,"layer":0,"counter":0,"status":"LABELED","hashCode":"SPAN:eS2knCRgLegeRw8bcmSWA:0:39:0:65:0:39:0:65:9:0:undefined:undefined","labelName":"eS2knCRgLegeRw8bcmSWA","labelItem":{"id":"eS2knCRgLegeRw8bcmSWA","labelName":"Skill"},"textPosition":{"start":{"row":39,"column":0,"tokenIndex":65,"charIndex":0},"end":{"row":39,"column":0,"tokenIndex":65,"charIndex":9}},"confidenceScore":null},{"id":"1663398319","labeledBy":"AUTO","labeledByUserId":null,"acceptedByUserId":null,"rejectedByUserId":null,"layer":0,"counter":0,"status":"LABELED","hashCode":"SPAN:eS2knCRgLegeRw8bcmSWA:0:39:0:66:0:39:0:67:10:0:undefined:undefined","labelName":"eS2knCRgLegeRw8bcmSWA","labelItem":{"id":"eS2knCRgLegeRw8bcmSWA","labelName":"Skill"},"textPosition":{"start":{"row":39,"column":0,"tokenIndex":66,"charIndex":0},"end":{"row":39,"column":0,"tokenIndex":67,"charIndex":10}},"confidenceScore":null},{"id":"1663398322","labeledBy":"AUTO","labeledByUserId":null,"acceptedByUserId":null,"rejectedByUserId":null,"layer":0,"counter":0,"status":"LABELED","hashCode":"SPAN:eS2knCRgLegeRw8bcmSWA:0:39:0:68:0:39:0:69:7:0:undefined:undefined","labelName":"eS2knCRgLegeRw8bcmSWA","labelItem":{"id":"eS2knCRgLegeRw8bcmSWA","labelName":"Skill"},"textPosition":{"start":{"row":39,"column":0,"tokenIndex":68,"charIndex":0},"end":{"row":39,"column":0,"tokenIndex":69,"charIndex":7}},"confidenceScore":null}],"arrowLabels":[],"boundingBoxLabels":[],"timeLabels":[],"comments":[],"url":"datasaur://static/6814/4aabd93e-7ac9-4203-944d-c5c830012334.txt"}}
