{"version":"1","data":{"project":{"id":"ODBjYmQ2MDg","name":"NLP SSM Final Project"},"document":{"id":"50e55a5b-5658-4399-b057-bfdffe645796","name":"resume_2419_d1.txt"},"kinds":["TOKEN_BASED"],"rows":[[{"content":"PATIENT CARE TECHNICIAN Summary Enthusiastic and hardworking nursing school graduate.","tokens":["PATIENT","CARE","TECHNICIAN","Summary","Enthusiastic","and","hardworking","nursing","school","graduate."],"metadata":[]}],[{"content":"Graduated Salutatorian and Magna Cum Lauda from Chamberlain University.","tokens":["Graduated","Salutatorian","and","Magna","Cum","Lauda","from","Chamberlain","University."],"metadata":[]}],[{"content":"My can-do attitude has led me to be a valued member to all my prior employers.","tokens":["My","can-do","attitude","has","led","me","to","be","a","valued","member","to","all","my","prior","employers."],"metadata":[]}],[{"content":"I am extremely dedicated and always strive to provide the best service possible, one that I can proudly put my name on.","tokens":["I","am","extremely","dedicated","and","always","strive","to","provide","the","best","service","possible,","one","that","I","can","proudly","put","my","name","on."],"metadata":[]}],[{"content":"I understand the importance of getting the job done correctly the first time, and in a timely manner.","tokens":["I","understand","the","importance","of","getting","the","job","done","correctly","the","first","time,","and","in","a","timely","manner."],"metadata":[]}],[{"content":"I will be a strong advocate for my patients and for the healthcare team I work for.","tokens":["I","will","be","a","strong","advocate","for","my","patients","and","for","the","healthcare","team","I","work","for."],"metadata":[]}],[{"content":"Experience 12/2016 to 07/2017 Patient Care Technician Interviewed patients, measured vital signs, and documented all information on patients' EMR.","tokens":["Experience","12/2016","to","07/2017","Patient","Care","Technician","Interviewed","patients,","measured","vital","signs,","and","documented","all","information","on","patients'","EMR."],"metadata":[]}],[{"content":"Assisted nurses in pre-and postoperative therapy with treatments; inserting and","tokens":["Assisted","nurses","in","pre-and","postoperative","therapy","with","treatments;","inserting","and"],"metadata":[]}],[{"content":"discontinuing Foley catheter, discontinuing IV catheters, and maintaining IV fluids.","tokens":["discontinuing","Foley","catheter,","discontinuing","IV","catheters,","and","maintaining","IV","fluids."],"metadata":[]}],[{"content":"Collected and prepared laboratory specimens, preformed glucose monitoring.","tokens":["Collected","and","prepared","laboratory","specimens,","preformed","glucose","monitoring."],"metadata":[]}],[{"content":"Transported patients via wheel chairs and stretcher, assisted patients to","tokens":["Transported","patients","via","wheel","chairs","and","stretcher,","assisted","patients","to"],"metadata":[]}],[{"content":"ambulate around the unit.","tokens":["ambulate","around","the","unit."],"metadata":[]}],[{"content":"Notified nurses of any conditional changes of patients in my care.","tokens":["Notified","nurses","of","any","conditional","changes","of","patients","in","my","care."],"metadata":[]}],[{"content":"Provided care and comfort to all patients, ensuring the best possible care.","tokens":["Provided","care","and","comfort","to","all","patients,","ensuring","the","best","possible","care."],"metadata":[]}],[{"content":"06/2010 to 12/2014 Server Company Name Assisted patrons during selection of food and beverages by presenting menu, and offering recommendations.","tokens":["06/2010","to","12/2014","Server","Company","Name","Assisted","patrons","during","selection","of","food","and","beverages","by","presenting","menu,","and","offering","recommendations."],"metadata":[]}],[{"content":"Transmitted orders to bar and kitchen by recording patrons' choices; identified patrons' special dietary needs and special requests.","tokens":["Transmitted","orders","to","bar","and","kitchen","by","recording","patrons'","choices;","identified","patrons'","special","dietary","needs","and","special","requests."],"metadata":[]}],[{"content":"Protected establishment and patrons by adhering to sanitation, safety, and alcohol beverage control policies.","tokens":["Protected","establishment","and","patrons","by","adhering","to","sanitation,","safety,","and","alcohol","beverage","control","policies."],"metadata":[]}],[{"content":"09/2005 to 09/2009 Aviation Electronic Technician Company Name Drastically reduced aircraft discrepancies by 30% during my tenure with Patrol Squadron Sixteen.","tokens":["09/2005","to","09/2009","Aviation","Electronic","Technician","Company","Name","Drastically","reduced","aircraft","discrepancies","by","30%","during","my","tenure","with","Patrol","Squadron","Sixteen."],"metadata":[]}],[{"content":"Troubleshot, replaced, and repaired critical electronic equipment on 17 different P-3C aircraft avionic systems.","tokens":["Troubleshot,","replaced,","and","repaired","critical","electronic","equipment","on","17","different","P-3C","aircraft","avionic","systems."],"metadata":[]}],[{"content":"Responsible for accurate and timely updating of aircraft log books.","tokens":["Responsible","for","accurate","and","timely","updating","of","aircraft","log","books."],"metadata":[]}],[{"content":"Accountable for over 10 junior sailors in my work center.","tokens":["Accountable","for","over","10","junior","sailors","in","my","work","center."],"metadata":[]}],[{"content":"07/2000 to 08/2005 Company Name Assisted DVM with medical examinations, triaged incoming patients and managed clients throughout their visit.","tokens":["07/2000","to","08/2005","Company","Name","Assisted","DVM","with","medical","examinations,","triaged","incoming","patients","and","managed","clients","throughout","their","visit."],"metadata":[]}],[{"content":"Prepared animals for surgery, prepared surgical packs, monitored patients under anesthesia, and assisted Veterinarians during surgical procedures.","tokens":["Prepared","animals","for","surgery,","prepared","surgical","packs,","monitored","patients","under","anesthesia,","and","assisted","Veterinarians","during","surgical","procedures."],"metadata":[]}],[{"content":"Performed dental procedures, x-rays, lab and bloodwork.","tokens":["Performed","dental","procedures,","x-rays,","lab","and","bloodwork."],"metadata":[]}],[{"content":"Gave vaccinations, obtained blood samples, and administered medications.","tokens":["Gave","vaccinations,","obtained","blood","samples,","and","administered","medications."],"metadata":[]}],[{"content":"Monitored and appropriately documented patient vital signs and activity.","tokens":["Monitored","and","appropriately","documented","patient","vital","signs","and","activity."],"metadata":[]}],[{"content":"Clearly communicated instructions to my clients and veterinary assistants.","tokens":["Clearly","communicated","instructions","to","my","clients","and","veterinary","assistants."],"metadata":[]}],[{"content":"Education and Training June 25, 2017 Bachelors of Science Degree : Nursing Chamberlain University － City , State Nursing May 6, 2011 Associates of Arts Florida State College of Jacksonville Interests Registered Nurse- State of Florida July 18, 2017","tokens":["Education","and","Training","June","25,","2017","Bachelors","of","Science","Degree",":","Nursing","Chamberlain","University","－","City",",","State","Nursing","May","6,","2011","Associates","of","Arts","Florida","State","College","of","Jacksonville","Interests","Registered","Nurse-","State","of","Florida","July","18,","2017"],"metadata":[]}],[{"content":"*American Heart Association Basic Life Support (BLS) Certification","tokens":["*American","Heart","Association","Basic","Life","Support","(BLS)","Certification"],"metadata":[]}],[{"content":"Preceptorship at UF HEALTH EMERGENCY DEPARTEMENT:","tokens":["Preceptorship","at","UF","HEALTH","EMERGENCY","DEPARTEMENT:"],"metadata":[]}],[{"content":"*Stabilized and managed basic life support of high acuity patients.","tokens":["*Stabilized","and","managed","basic","life","support","of","high","acuity","patients."],"metadata":[]}],[{"content":"*Triaged patients according to their acuity.","tokens":["*Triaged","patients","according","to","their","acuity."],"metadata":[]}],[{"content":"*Assessed and collected data on patient health history and current condition.","tokens":["*Assessed","and","collected","data","on","patient","health","history","and","current","condition."],"metadata":[]}],[{"content":"*Coordinated with health care team, including physicians, pharmacists, and technicians.","tokens":["*Coordinated","with","health","care","team,","including","physicians,","pharmacists,","and","technicians."],"metadata":[]}],[{"content":"*Initiated corrective action when equipment or patient showed adverse or worsening condition.","tokens":["*Initiated","corrective","action","when","equipment","or","patient","showed","adverse","or","worsening","condition."],"metadata":[]}],[{"content":"*Documented all information concisely, accurately, and according to hospital policies.","tokens":["*Documented","all","information","concisely,","accurately,","and","according","to","hospital","policies."],"metadata":[]}],[{"content":"*Inserted IV catheters, administered IV fluids, and medications when appropriate.","tokens":["*Inserted","IV","catheters,","administered","IV","fluids,","and","medications","when","appropriate."],"metadata":[]}],[{"content":"*Collected blood specimens and interpreted lab results.","tokens":["*Collected","blood","specimens","and","interpreted","lab","results."],"metadata":[]}],[{"content":"*Collected and prepared laboratory specimens, and performed glucose monitoring.","tokens":["*Collected","and","prepared","laboratory","specimens,","and","performed","glucose","monitoring."],"metadata":[]}],[{"content":"*Assisted physicians in performing procedures.","tokens":["*Assisted","physicians","in","performing","procedures."],"metadata":[]}],[{"content":"*Initiated patient education, including how to manage illness/injury by explaining post treatment home care needs, diet, exercise, self-administration of medication, as well as referrals.","tokens":["*Initiated","patient","education,","including","how","to","manage","illness/injury","by","explaining","post","treatment","home","care","needs,","diet,","exercise,","self-administration","of","medication,","as","well","as","referrals."],"metadata":[]}],[{"content":"Clinical Experience: Over 400 hours","tokens":["Clinical","Experience:","Over","400","hours"],"metadata":[]}],[{"content":"UF Health","tokens":["UF","Health"],"metadata":[]}],[{"content":"*Transitional Care Unit","tokens":["*Transitional","Care","Unit"],"metadata":[]}],[{"content":"*Neurological Medical Surgical","tokens":["*Neurological","Medical","Surgical"],"metadata":[]}],[{"content":"*Orthopedic Medical Surgical","tokens":["*Orthopedic","Medical","Surgical"],"metadata":[]}],[{"content":"*Labor and Delivery","tokens":["*Labor","and","Delivery"],"metadata":[]}],[{"content":"*Neonatal Intensive Care Unit","tokens":["*Neonatal","Intensive","Care","Unit"],"metadata":[]}],[{"content":"*Neonatal Intensive Care Unit, Step down","tokens":["*Neonatal","Intensive","Care","Unit,","Step","down"],"metadata":[]}],[{"content":"*Pediatric Emergency Department","tokens":["*Pediatric","Emergency","Department"],"metadata":[]}],[{"content":"*Intensive Care Unit","tokens":["*Intensive","Care","Unit"],"metadata":[]}],[{"content":"Northeast Florida State Hospital","tokens":["Northeast","Florida","State","Hospital"],"metadata":[]}],[{"content":"*Mental Health Nursing","tokens":["*Mental","Health","Nursing"],"metadata":[]}],[{"content":"Memorial Specialty Hospital","tokens":["Memorial","Specialty","Hospital"],"metadata":[]}],[{"content":"*Medical Surgical Skills anesthesia, C, clients, policies, presenting, recording, safety, surgery, therapy, vital signs, x-rays Additional Information Licensure:","tokens":["*Medical","Surgical","Skills","anesthesia,","C,","clients,","policies,","presenting,","recording,","safety,","surgery,","therapy,","vital","signs,","x-rays","Additional","Information","Licensure:"],"metadata":[]}],[{"content":"*Registered Nurse- State of Florida July 18, 2017","tokens":["*Registered","Nurse-","State","of","Florida","July","18,","2017"],"metadata":[]}],[{"content":"*American Heart Association Basic Life Support (BLS) Certification","tokens":["*American","Heart","Association","Basic","Life","Support","(BLS)","Certification"],"metadata":[]}],[{"content":"Preceptorship at UF HEALTH EMERGENCY DEPARTEMENT:","tokens":["Preceptorship","at","UF","HEALTH","EMERGENCY","DEPARTEMENT:"],"metadata":[]}],[{"content":"*Stabilized and managed basic life support of high acuity patients.","tokens":["*Stabilized","and","managed","basic","life","support","of","high","acuity","patients."],"metadata":[]}],[{"content":"*Triaged patients according to their acuity.","tokens":["*Triaged","patients","according","to","their","acuity."],"metadata":[]}],[{"content":"*Assessed and collected data on patient health history and current condition.","tokens":["*Assessed","and","collected","data","on","patient","health","history","and","current","condition."],"metadata":[]}],[{"content":"*Coordinated with health care team, including physicians, pharmacists, and technicians.","tokens":["*Coordinated","with","health","care","team,","including","physicians,","pharmacists,","and","technicians."],"metadata":[]}],[{"content":"*Initiated corrective action when equipment or patient showed adverse or worsening condition.","tokens":["*Initiated","corrective","action","when","equipment","or","patient","showed","adverse","or","worsening","condition."],"metadata":[]}],[{"content":"*Documented all information concisely, accurately, and according to hospital policies.","tokens":["*Documented","all","information","concisely,","accurately,","and","according","to","hospital","policies."],"metadata":[]}],[{"content":"*Inserted IV catheters, administered IV fluids, and medications when appropriate.","tokens":["*Inserted","IV","catheters,","administered","IV","fluids,","and","medications","when","appropriate."],"metadata":[]}],[{"content":"*Collected blood specimens and interpreted lab results.","tokens":["*Collected","blood","specimens","and","interpreted","lab","results."],"metadata":[]}],[{"content":"*Collected and prepared laboratory specimens, and performed glucose monitoring.","tokens":["*Collected","and","prepared","laboratory","specimens,","and","performed","glucose","monitoring."],"metadata":[]}],[{"content":"*Assisted physicians in performing procedures.","tokens":["*Assisted","physicians","in","performing","procedures."],"metadata":[]}],[{"content":"*Initiated patient education, including how to manage illness/injury by explaining post treatment home care needs, diet, exercise, self-administration of medication, as well as referrals.","tokens":["*Initiated","patient","education,","including","how","to","manage","illness/injury","by","explaining","post","treatment","home","care","needs,","diet,","exercise,","self-administration","of","medication,","as","well","as","referrals."],"metadata":[]}],[{"content":"Clinical Experience: Over 400 hours","tokens":["Clinical","Experience:","Over","400","hours"],"metadata":[]}],[{"content":"UF Health","tokens":["UF","Health"],"metadata":[]}],[{"content":"*Transitional Care Unit","tokens":["*Transitional","Care","Unit"],"metadata":[]}],[{"content":"*Neurological Medical Surgical","tokens":["*Neurological","Medical","Surgical"],"metadata":[]}],[{"content":"*Orthopedic Medical Surgical","tokens":["*Orthopedic","Medical","Surgical"],"metadata":[]}],[{"content":"*Labor and Delivery","tokens":["*Labor","and","Delivery"],"metadata":[]}],[{"content":"*Neonatal Intensive Care Unit","tokens":["*Neonatal","Intensive","Care","Unit"],"metadata":[]}],[{"content":"*Neonatal Intensive Care Unit, Step down","tokens":["*Neonatal","Intensive","Care","Unit,","Step","down"],"metadata":[]}],[{"content":"*Pediatric Emergency Department","tokens":["*Pediatric","Emergency","Department"],"metadata":[]}],[{"content":"*Intensive Care Unit","tokens":["*Intensive","Care","Unit"],"metadata":[]}],[{"content":"Northeast Florida State Hospital","tokens":["Northeast","Florida","State","Hospital"],"metadata":[]}],[{"content":"*Mental Health Nursing","tokens":["*Mental","Health","Nursing"],"metadata":[]}],[{"content":"Memorial Specialty Hospital","tokens":["Memorial","Specialty","Hospital"],"metadata":[]}],[{"content":"*Medical Surgical Awards:","tokens":["*Medical","Surgical","Awards:"],"metadata":[]}],[{"content":"*Salutatorian, and Magna Cum Laude graduate from Chamberlain University.","tokens":["*Salutatorian,","and","Magna","Cum","Laude","graduate","from","Chamberlain","University."],"metadata":[]}],[{"content":"*Honor Graduate: P-3 Electrical Connector and Wire Repair Organizational Maintenance Course and P-3C Avionics Organizational Level Maintenance Course, Aug. 2006.","tokens":["*Honor","Graduate:","P-3","Electrical","Connector","and","Wire","Repair","Organizational","Maintenance","Course","and","P-3C","Avionics","Organizational","Level","Maintenance","Course,","Aug.","2006."],"metadata":[]}],[{"content":"*Enlisted Aviation Warfare Specialist, Nov. 3, 2006","tokens":["*Enlisted","Aviation","Warfare","Specialist,","Nov.","3,","2006"],"metadata":[]}],[{"content":"*Department of the Navy, Good Conduct Award, Sept. 7, 2007","tokens":["*Department","of","the","Navy,","Good","Conduct","Award,","Sept.","7,","2007"],"metadata":[]}],[{"content":"*Navy and Marine Corps Achievement Medal, Sept. 6, 2009","tokens":["*Navy","and","Marine","Corps","Achievement","Medal,","Sept.","6,","2009"],"metadata":[]}]],"labelerInfo":{"id":6814,"email":"cwilhel8@jh.edu","displayName":"Chris Wilhelm"},"labelSets":[{"name":"Resume Labels","index":0,"labelItems":[{"id":"Kj5U6n9NUqTXuWcB3c_7L","labelName":"College"},{"id":"rj7TW0-ymuRo6f_asXJab","labelName":"Company Name"},{"id":"SJEkdao76hjwbb6Fh5SY6","labelName":"Job Title"},{"id":"BjO8MdvK2KI4E5iMEeY4B","labelName":"Graduation Year"},{"id":"eS2knCRgLegeRw8bcmSWA","labelName":"Skill"},{"id":"IeEoIKabMl51BJE0gX2YL","labelName":"Degree"},{"id":"1R0C50AAwFbEp2O0WmRv6","labelName":"Location"},{"id":"zQcc4ygexJ_A3Gb0NeRTk","labelName":"Years of Experience"},{"id":"52S_6moRfhjC-yXgIBeCp","labelName":"Date"},{"id":"KiLarWmwlU1E3-FfdG6Qg","labelName":"Project"},{"id":"dyxKKTAxW1z5ifjPj42BI","labelName":"Name"}]}],"spanLabels":[{"id":"1663424434","labeledBy":"AUTO","labeledByUserId":null,"acceptedByUserId":null,"rejectedByUserId":null,"layer":0,"counter":0,"status":"LABELED","hashCode":"SPAN:SJEkdao76hjwbb6Fh5SY6:0:0:0:0:0:0:0:2:9:0:undefined:undefined","labelName":"SJEkdao76hjwbb6Fh5SY6","labelItem":{"id":"SJEkdao76hjwbb6Fh5SY6","labelName":"Job Title"},"textPosition":{"start":{"row":0,"column":0,"tokenIndex":0,"charIndex":0},"end":{"row":0,"column":0,"tokenIndex":2,"charIndex":9}},"confidenceScore":null},{"id":"1663424437","labeledBy":"AUTO","labeledByUserId":null,"acceptedByUserId":null,"rejectedByUserId":null,"layer":0,"counter":0,"status":"LABELED","hashCode":"SPAN:eS2knCRgLegeRw8bcmSWA:0:0:0:4:0:0:0:4:11:0:undefined:undefined","labelName":"eS2knCRgLegeRw8bcmSWA","labelItem":{"id":"eS2knCRgLegeRw8bcmSWA","labelName":"Skill"},"textPosition":{"start":{"row":0,"column":0,"tokenIndex":4,"charIndex":0},"end":{"row":0,"column":0,"tokenIndex":4,"charIndex":11}},"confidenceScore":null},{"id":"1663424440","labeledBy":"AUTO","labeledByUserId":null,"acceptedByUserId":null,"rejectedByUserId":null,"layer":0,"counter":0,"status":"LABELED","hashCode":"SPAN:eS2knCRgLegeRw8bcmSWA:0:0:0:6:0:0:0:6:10:0:undefined:undefined","labelName":"eS2knCRgLegeRw8bcmSWA","labelItem":{"id":"eS2knCRgLegeRw8bcmSWA","labelName":"Skill"},"textPosition":{"start":{"row":0,"column":0,"tokenIndex":6,"charIndex":0},"end":{"row":0,"column":0,"tokenIndex":6,"charIndex":10}},"confidenceScore":null},{"id":"1663424443","labeledBy":"AUTO","labeledByUserId":null,"acceptedByUserId":null,"rejectedByUserId":null,"layer":0,"counter":0,"status":"LABELED","hashCode":"SPAN:eS2knCRgLegeRw8bcmSWA:0:0:0:7:0:0:0:9:8:0:undefined:undefined","labelName":"eS2knCRgLegeRw8bcmSWA","labelItem":{"id":"eS2knCRgLegeRw8bcmSWA","labelName":"Skill"},"textPosition":{"start":{"row":0,"column":0,"tokenIndex":7,"charIndex":0},"end":{"row":0,"column":0,"tokenIndex":9,"charIndex":8}},"confidenceScore":null},{"id":"1663424446","labeledBy":"AUTO","labeledByUserId":null,"acceptedByUserId":null,"rejectedByUserId":null,"layer":0,"counter":0,"status":"LABELED","hashCode":"SPAN:Kj5U6n9NUqTXuWcB3c_7L:0:1:0:7:0:1:0:8:10:0:undefined:undefined","labelName":"Kj5U6n9NUqTXuWcB3c_7L","labelItem":{"id":"Kj5U6n9NUqTXuWcB3c_7L","labelName":"College"},"textPosition":{"start":{"row":1,"column":0,"tokenIndex":7,"charIndex":0},"end":{"row":1,"column":0,"tokenIndex":8,"charIndex":10}},"confidenceScore":null},{"id":"1663424449","labeledBy":"AUTO","labeledByUserId":null,"acceptedByUserId":null,"rejectedByUserId":null,"layer":0,"counter":0,"status":"LABELED","hashCode":"SPAN:52S_6moRfhjC-yXgIBeCp:0:6:0:1:0:6:0:3:6:0:undefined:undefined","labelName":"52S_6moRfhjC-yXgIBeCp","labelItem":{"id":"52S_6moRfhjC-yXgIBeCp","labelName":"Date"},"textPosition":{"start":{"row":6,"column":0,"tokenIndex":1,"charIndex":0},"end":{"row":6,"column":0,"tokenIndex":3,"charIndex":6}},"confidenceScore":null},{"id":"1663424452","labeledBy":"AUTO","labeledByUserId":null,"acceptedByUserId":null,"rejectedByUserId":null,"layer":0,"counter":0,"status":"LABELED","hashCode":"SPAN:SJEkdao76hjwbb6Fh5SY6:0:6:0:4:0:6:0:6:9:0:undefined:undefined","labelName":"SJEkdao76hjwbb6Fh5SY6","labelItem":{"id":"SJEkdao76hjwbb6Fh5SY6","labelName":"Job Title"},"textPosition":{"start":{"row":6,"column":0,"tokenIndex":4,"charIndex":0},"end":{"row":6,"column":0,"tokenIndex":6,"charIndex":9}},"confidenceScore":null},{"id":"1663424455","labeledBy":"AUTO","labeledByUserId":null,"acceptedByUserId":null,"rejectedByUserId":null,"layer":0,"counter":0,"status":"LABELED","hashCode":"SPAN:eS2knCRgLegeRw8bcmSWA:0:7:0:3:0:7:0:5:6:0:undefined:undefined","labelName":"eS2knCRgLegeRw8bcmSWA","labelItem":{"id":"eS2knCRgLegeRw8bcmSWA","labelName":"Skill"},"textPosition":{"start":{"row":7,"column":0,"tokenIndex":3,"charIndex":0},"end":{"row":7,"column":0,"tokenIndex":5,"charIndex":6}},"confidenceScore":null},{"id":"1663424461","labeledBy":"AUTO","labeledByUserId":null,"acceptedByUserId":null,"rejectedByUserId":null,"layer":0,"counter":0,"status":"LABELED","hashCode":"SPAN:eS2knCRgLegeRw8bcmSWA:0:7:0:8:0:8:0:2:8:0:undefined:undefined","labelName":"eS2knCRgLegeRw8bcmSWA","labelItem":{"id":"eS2knCRgLegeRw8bcmSWA","labelName":"Skill"},"textPosition":{"start":{"row":7,"column":0,"tokenIndex":8,"charIndex":0},"end":{"row":8,"column":0,"tokenIndex":2,"charIndex":8}},"confidenceScore":null},{"id":"1663424458","labeledBy":"AUTO","labeledByUserId":null,"acceptedByUserId":null,"rejectedByUserId":null,"layer":0,"counter":0,"status":"LABELED","hashCode":"SPAN:eS2knCRgLegeRw8bcmSWA:0:8:0:3:0:8:0:5:9:0:undefined:undefined","labelName":"eS2knCRgLegeRw8bcmSWA","labelItem":{"id":"eS2knCRgLegeRw8bcmSWA","labelName":"Skill"},"textPosition":{"start":{"row":8,"column":0,"tokenIndex":3,"charIndex":0},"end":{"row":8,"column":0,"tokenIndex":5,"charIndex":9}},"confidenceScore":null},{"id":"1663424464","labeledBy":"AUTO","labeledByUserId":null,"acceptedByUserId":null,"rejectedByUserId":null,"layer":0,"counter":0,"status":"LABELED","hashCode":"SPAN:eS2knCRgLegeRw8bcmSWA:0:8:0:7:0:8:0:9:6:0:undefined:undefined","labelName":"eS2knCRgLegeRw8bcmSWA","labelItem":{"id":"eS2knCRgLegeRw8bcmSWA","labelName":"Skill"},"textPosition":{"start":{"row":8,"column":0,"tokenIndex":7,"charIndex":0},"end":{"row":8,"column":0,"tokenIndex":9,"charIndex":6}},"confidenceScore":null},{"id":"1663424467","labeledBy":"AUTO","labeledByUserId":null,"acceptedByUserId":null,"rejectedByUserId":null,"layer":0,"counter":0,"status":"LABELED","hashCode":"SPAN:eS2knCRgLegeRw8bcmSWA:0:9:0:6:0:9:0:7:10:0:undefined:undefined","labelName":"eS2knCRgLegeRw8bcmSWA","labelItem":{"id":"eS2knCRgLegeRw8bcmSWA","labelName":"Skill"},"textPosition":{"start":{"row":9,"column":0,"tokenIndex":6,"charIndex":0},"end":{"row":9,"column":0,"tokenIndex":7,"charIndex":10}},"confidenceScore":null},{"id":"1663424470","labeledBy":"AUTO","labeledByUserId":null,"acceptedByUserId":null,"rejectedByUserId":null,"layer":0,"counter":0,"status":"LABELED","hashCode":"SPAN:52S_6moRfhjC-yXgIBeCp:0:14:0:0:0:14:0:2:6:0:undefined:undefined","labelName":"52S_6moRfhjC-yXgIBeCp","labelItem":{"id":"52S_6moRfhjC-yXgIBeCp","labelName":"Date"},"textPosition":{"start":{"row":14,"column":0,"tokenIndex":0,"charIndex":0},"end":{"row":14,"column":0,"tokenIndex":2,"charIndex":6}},"confidenceScore":null},{"id":"1663424473","labeledBy":"AUTO","labeledByUserId":null,"acceptedByUserId":null,"rejectedByUserId":null,"layer":0,"counter":0,"status":"LABELED","hashCode":"SPAN:SJEkdao76hjwbb6Fh5SY6:0:14:0:3:0:14:0:3:5:0:undefined:undefined","labelName":"SJEkdao76hjwbb6Fh5SY6","labelItem":{"id":"SJEkdao76hjwbb6Fh5SY6","labelName":"Job Title"},"textPosition":{"start":{"row":14,"column":0,"tokenIndex":3,"charIndex":0},"end":{"row":14,"column":0,"tokenIndex":3,"charIndex":5}},"confidenceScore":null},{"id":"1663424476","labeledBy":"AUTO","labeledByUserId":null,"acceptedByUserId":null,"rejectedByUserId":null,"layer":0,"counter":0,"status":"LABELED","hashCode":"SPAN:52S_6moRfhjC-yXgIBeCp:0:17:0:0:0:17:0:2:6:0:undefined:undefined","labelName":"52S_6moRfhjC-yXgIBeCp","labelItem":{"id":"52S_6moRfhjC-yXgIBeCp","labelName":"Date"},"textPosition":{"start":{"row":17,"column":0,"tokenIndex":0,"charIndex":0},"end":{"row":17,"column":0,"tokenIndex":2,"charIndex":6}},"confidenceScore":null},{"id":"1663424479","labeledBy":"AUTO","labeledByUserId":null,"acceptedByUserId":null,"rejectedByUserId":null,"layer":0,"counter":0,"status":"LABELED","hashCode":"SPAN:SJEkdao76hjwbb6Fh5SY6:0:17:0:3:0:17:0:5:9:0:undefined:undefined","labelName":"SJEkdao76hjwbb6Fh5SY6","labelItem":{"id":"SJEkdao76hjwbb6Fh5SY6","labelName":"Job Title"},"textPosition":{"start":{"row":17,"column":0,"tokenIndex":3,"charIndex":0},"end":{"row":17,"column":0,"tokenIndex":5,"charIndex":9}},"confidenceScore":null},{"id":"1663424482","labeledBy":"AUTO","labeledByUserId":null,"acceptedByUserId":null,"rejectedByUserId":null,"layer":0,"counter":0,"status":"LABELED","hashCode":"SPAN:eS2knCRgLegeRw8bcmSWA:0:18:0:0:0:18:0:0:11:0:undefined:undefined","labelName":"eS2knCRgLegeRw8bcmSWA","labelItem":{"id":"eS2knCRgLegeRw8bcmSWA","labelName":"Skill"},"textPosition":{"start":{"row":18,"column":0,"tokenIndex":0,"charIndex":0},"end":{"row":18,"column":0,"tokenIndex":0,"charIndex":11}},"confidenceScore":null},{"id":"1663424485","labeledBy":"AUTO","labeledByUserId":null,"acceptedByUserId":null,"rejectedByUserId":null,"layer":0,"counter":0,"status":"LABELED","hashCode":"SPAN:eS2knCRgLegeRw8bcmSWA:0:18:0:3:0:18:0:3:7:0:undefined:undefined","labelName":"eS2knCRgLegeRw8bcmSWA","labelItem":{"id":"eS2knCRgLegeRw8bcmSWA","labelName":"Skill"},"textPosition":{"start":{"row":18,"column":0,"tokenIndex":3,"charIndex":0},"end":{"row":18,"column":0,"tokenIndex":3,"charIndex":7}},"confidenceScore":null},{"id":"1663424488","labeledBy":"AUTO","labeledByUserId":null,"acceptedByUserId":null,"rejectedByUserId":null,"layer":0,"counter":0,"status":"LABELED","hashCode":"SPAN:52S_6moRfhjC-yXgIBeCp:0:21:0:0:0:21:0:2:6:0:undefined:undefined","labelName":"52S_6moRfhjC-yXgIBeCp","labelItem":{"id":"52S_6moRfhjC-yXgIBeCp","labelName":"Date"},"textPosition":{"start":{"row":21,"column":0,"tokenIndex":0,"charIndex":0},"end":{"row":21,"column":0,"tokenIndex":2,"charIndex":6}},"confidenceScore":null},{"id":"1663424491","labeledBy":"AUTO","labeledByUserId":null,"acceptedByUserId":null,"rejectedByUserId":null,"layer":0,"counter":0,"status":"LABELED","hashCode":"SPAN:eS2knCRgLegeRw8bcmSWA:0:21:0:8:0:21:0:9:12:0:undefined:undefined","labelName":"eS2knCRgLegeRw8bcmSWA","labelItem":{"id":"eS2knCRgLegeRw8bcmSWA","labelName":"Skill"},"textPosition":{"start":{"row":21,"column":0,"tokenIndex":8,"charIndex":0},"end":{"row":21,"column":0,"tokenIndex":9,"charIndex":12}},"confidenceScore":null},{"id":"1663424494","labeledBy":"AUTO","labeledByUserId":null,"acceptedByUserId":null,"rejectedByUserId":null,"layer":0,"counter":0,"status":"LABELED","hashCode":"SPAN:eS2knCRgLegeRw8bcmSWA:0:22:0:10:0:22:0:10:10:0:undefined:undefined","labelName":"eS2knCRgLegeRw8bcmSWA","labelItem":{"id":"eS2knCRgLegeRw8bcmSWA","labelName":"Skill"},"textPosition":{"start":{"row":22,"column":0,"tokenIndex":10,"charIndex":0},"end":{"row":22,"column":0,"tokenIndex":10,"charIndex":10}},"confidenceScore":null},{"id":"1663424497","labeledBy":"AUTO","labeledByUserId":null,"acceptedByUserId":null,"rejectedByUserId":null,"layer":0,"counter":0,"status":"LABELED","hashCode":"SPAN:eS2knCRgLegeRw8bcmSWA:0:22:0:15:0:22:0:16:10:0:undefined:undefined","labelName":"eS2knCRgLegeRw8bcmSWA","labelItem":{"id":"eS2knCRgLegeRw8bcmSWA","labelName":"Skill"},"textPosition":{"start":{"row":22,"column":0,"tokenIndex":15,"charIndex":0},"end":{"row":22,"column":0,"tokenIndex":16,"charIndex":10}},"confidenceScore":null},{"id":"1663424500","labeledBy":"AUTO","labeledByUserId":null,"acceptedByUserId":null,"rejectedByUserId":null,"layer":0,"counter":0,"status":"LABELED","hashCode":"SPAN:eS2knCRgLegeRw8bcmSWA:0:23:0:1:0:23:0:2:10:0:undefined:undefined","labelName":"eS2knCRgLegeRw8bcmSWA","labelItem":{"id":"eS2knCRgLegeRw8bcmSWA","labelName":"Skill"},"textPosition":{"start":{"row":23,"column":0,"tokenIndex":1,"charIndex":0},"end":{"row":23,"column":0,"tokenIndex":2,"charIndex":10}},"confidenceScore":null},{"id":"1663424503","labeledBy":"AUTO","labeledByUserId":null,"acceptedByUserId":null,"rejectedByUserId":null,"layer":0,"counter":0,"status":"LABELED","hashCode":"SPAN:eS2knCRgLegeRw8bcmSWA:0:23:0:3:0:23:0:3:6:0:undefined:undefined","labelName":"eS2knCRgLegeRw8bcmSWA","labelItem":{"id":"eS2knCRgLegeRw8bcmSWA","labelName":"Skill"},"textPosition":{"start":{"row":23,"column":0,"tokenIndex":3,"charIndex":0},"end":{"row":23,"column":0,"tokenIndex":3,"charIndex":6}},"confidenceScore":null},{"id":"1663424506","labeledBy":"AUTO","labeledByUserId":null,"acceptedByUserId":null,"rejectedByUserId":null,"layer":0,"counter":0,"status":"LABELED","hashCode":"SPAN:eS2knCRgLegeRw8bcmSWA:0:23:0:4:0:23:0:6:9:0:undefined:undefined","labelName":"eS2knCRgLegeRw8bcmSWA","labelItem":{"id":"eS2knCRgLegeRw8bcmSWA","labelName":"Skill"},"textPosition":{"start":{"row":23,"column":0,"tokenIndex":4,"charIndex":0},"end":{"row":23,"column":0,"tokenIndex":6,"charIndex":9}},"confidenceScore":null},{"id":"1663424509","labeledBy":"AUTO","labeledByUserId":null,"acceptedByUserId":null,"rejectedByUserId":null,"layer":0,"counter":0,"status":"LABELED","hashCode":"SPAN:eS2knCRgLegeRw8bcmSWA:0:24:0:1:0:24:0:1:12:0:undefined:undefined","labelName":"eS2knCRgLegeRw8bcmSWA","labelItem":{"id":"eS2knCRgLegeRw8bcmSWA","labelName":"Skill"},"textPosition":{"start":{"row":24,"column":0,"tokenIndex":1,"charIndex":0},"end":{"row":24,"column":0,"tokenIndex":1,"charIndex":12}},"confidenceScore":null},{"id":"1663424512","labeledBy":"AUTO","labeledByUserId":null,"acceptedByUserId":null,"rejectedByUserId":null,"layer":0,"counter":0,"status":"LABELED","hashCode":"SPAN:eS2knCRgLegeRw8bcmSWA:0:24:0:3:0:24:0:4:7:0:undefined:undefined","labelName":"eS2knCRgLegeRw8bcmSWA","labelItem":{"id":"eS2knCRgLegeRw8bcmSWA","labelName":"Skill"},"textPosition":{"start":{"row":24,"column":0,"tokenIndex":3,"charIndex":0},"end":{"row":24,"column":0,"tokenIndex":4,"charIndex":7}},"confidenceScore":null},{"id":"1663424515","labeledBy":"AUTO","labeledByUserId":null,"acceptedByUserId":null,"rejectedByUserId":null,"layer":0,"counter":0,"status":"LABELED","hashCode":"SPAN:eS2knCRgLegeRw8bcmSWA:0:24:0:7:0:24:0:7:11:0:undefined:undefined","labelName":"eS2knCRgLegeRw8bcmSWA","labelItem":{"id":"eS2knCRgLegeRw8bcmSWA","labelName":"Skill"},"textPosition":{"start":{"row":24,"column":0,"tokenIndex":7,"charIndex":0},"end":{"row":24,"column":0,"tokenIndex":7,"charIndex":11}},"confidenceScore":null},{"id":"1663424518","labeledBy":"AUTO","labeledByUserId":null,"acceptedByUserId":null,"rejectedByUserId":null,"layer":0,"counter":0,"status":"LABELED","hashCode":"SPAN:BjO8MdvK2KI4E5iMEeY4B:0:27:0:3:0:27:0:5:3:0:undefined:undefined","labelName":"BjO8MdvK2KI4E5iMEeY4B","labelItem":{"id":"BjO8MdvK2KI4E5iMEeY4B","labelName":"Graduation Year"},"textPosition":{"start":{"row":27,"column":0,"tokenIndex":3,"charIndex":0},"end":{"row":27,"column":0,"tokenIndex":5,"charIndex":3}},"confidenceScore":null},{"id":"1663424524","labeledBy":"AUTO","labeledByUserId":null,"acceptedByUserId":null,"rejectedByUserId":null,"layer":0,"counter":0,"status":"LABELED","hashCode":"SPAN:IeEoIKabMl51BJE0gX2YL:0:27:0:6:0:27:0:11:6:0:undefined:undefined","labelName":"IeEoIKabMl51BJE0gX2YL","labelItem":{"id":"IeEoIKabMl51BJE0gX2YL","labelName":"Degree"},"textPosition":{"start":{"row":27,"column":0,"tokenIndex":6,"charIndex":0},"end":{"row":27,"column":0,"tokenIndex":11,"charIndex":6}},"confidenceScore":null},{"id":"1663424527","labeledBy":"AUTO","labeledByUserId":null,"acceptedByUserId":null,"rejectedByUserId":null,"layer":0,"counter":0,"status":"LABELED","hashCode":"SPAN:Kj5U6n9NUqTXuWcB3c_7L:0:27:0:12:0:27:0:13:9:0:undefined:undefined","labelName":"Kj5U6n9NUqTXuWcB3c_7L","labelItem":{"id":"Kj5U6n9NUqTXuWcB3c_7L","labelName":"College"},"textPosition":{"start":{"row":27,"column":0,"tokenIndex":12,"charIndex":0},"end":{"row":27,"column":0,"tokenIndex":13,"charIndex":9}},"confidenceScore":null},{"id":"1663424530","labeledBy":"AUTO","labeledByUserId":null,"acceptedByUserId":null,"rejectedByUserId":null,"layer":0,"counter":0,"status":"LABELED","hashCode":"SPAN:BjO8MdvK2KI4E5iMEeY4B:0:27:0:19:0:27:0:21:3:0:undefined:undefined","labelName":"BjO8MdvK2KI4E5iMEeY4B","labelItem":{"id":"BjO8MdvK2KI4E5iMEeY4B","labelName":"Graduation Year"},"textPosition":{"start":{"row":27,"column":0,"tokenIndex":19,"charIndex":0},"end":{"row":27,"column":0,"tokenIndex":21,"charIndex":3}},"confidenceScore":null},{"id":"1663424533","labeledBy":"AUTO","labeledByUserId":null,"acceptedByUserId":null,"rejectedByUserId":null,"layer":0,"counter":0,"status":"LABELED","hashCode":"SPAN:IeEoIKabMl51BJE0gX2YL:0:27:0:22:0:27:0:24:3:0:undefined:undefined","labelName":"IeEoIKabMl51BJE0gX2YL","labelItem":{"id":"IeEoIKabMl51BJE0gX2YL","labelName":"Degree"},"textPosition":{"start":{"row":27,"column":0,"tokenIndex":22,"charIndex":0},"end":{"row":27,"column":0,"tokenIndex":24,"charIndex":3}},"confidenceScore":null},{"id":"1663424536","labeledBy":"AUTO","labeledByUserId":null,"acceptedByUserId":null,"rejectedByUserId":null,"layer":0,"counter":0,"status":"LABELED","hashCode":"SPAN:Kj5U6n9NUqTXuWcB3c_7L:0:27:0:25:0:27:0:29:11:0:undefined:undefined","labelName":"Kj5U6n9NUqTXuWcB3c_7L","labelItem":{"id":"Kj5U6n9NUqTXuWcB3c_7L","labelName":"College"},"textPosition":{"start":{"row":27,"column":0,"tokenIndex":25,"charIndex":0},"end":{"row":27,"column":0,"tokenIndex":29,"charIndex":11}},"confidenceScore":null},{"id":"1663424539","labeledBy":"AUTO","labeledByUserId":null,"acceptedByUserId":null,"rejectedByUserId":null,"layer":0,"counter":0,"status":"LABELED","hashCode":"SPAN:SJEkdao76hjwbb6Fh5SY6:0:27:0:31:0:27:0:32:5:0:undefined:undefined","labelName":"SJEkdao76hjwbb6Fh5SY6","labelItem":{"id":"SJEkdao76hjwbb6Fh5SY6","labelName":"Job Title"},"textPosition":{"start":{"row":27,"column":0,"tokenIndex":31,"charIndex":0},"end":{"row":27,"column":0,"tokenIndex":32,"charIndex":5}},"confidenceScore":null},{"id":"1663424542","labeledBy":"AUTO","labeledByUserId":null,"acceptedByUserId":null,"rejectedByUserId":null,"layer":0,"counter":0,"status":"LABELED","hashCode":"SPAN:1R0C50AAwFbEp2O0WmRv6:0:27:0:35:0:27:0:35:6:0:undefined:undefined","labelName":"1R0C50AAwFbEp2O0WmRv6","labelItem":{"id":"1R0C50AAwFbEp2O0WmRv6","labelName":"Location"},"textPosition":{"start":{"row":27,"column":0,"tokenIndex":35,"charIndex":0},"end":{"row":27,"column":0,"tokenIndex":35,"charIndex":6}},"confidenceScore":null},{"id":"1663424545","labeledBy":"AUTO","labeledByUserId":null,"acceptedByUserId":null,"rejectedByUserId":null,"layer":0,"counter":0,"status":"LABELED","hashCode":"SPAN:52S_6moRfhjC-yXgIBeCp:0:27:0:36:0:27:0:38:3:0:undefined:undefined","labelName":"52S_6moRfhjC-yXgIBeCp","labelItem":{"id":"52S_6moRfhjC-yXgIBeCp","labelName":"Date"},"textPosition":{"start":{"row":27,"column":0,"tokenIndex":36,"charIndex":0},"end":{"row":27,"column":0,"tokenIndex":38,"charIndex":3}},"confidenceScore":null},{"id":"1663424548","labeledBy":"AUTO","labeledByUserId":null,"acceptedByUserId":null,"rejectedByUserId":null,"layer":0,"counter":0,"status":"LABELED","hashCode":"SPAN:eS2knCRgLegeRw8bcmSWA:0:28:0:0:0:28:0:7:12:0:undefined:undefined","labelName":"eS2knCRgLegeRw8bcmSWA","labelItem":{"id":"eS2knCRgLegeRw8bcmSWA","labelName":"Skill"},"textPosition":{"start":{"row":28,"column":0,"tokenIndex":0,"charIndex":0},"end":{"row":28,"column":0,"tokenIndex":7,"charIndex":12}},"confidenceScore":null},{"id":"1663424551","labeledBy":"AUTO","labeledByUserId":null,"acceptedByUserId":null,"rejectedByUserId":null,"layer":0,"counter":0,"status":"LABELED","hashCode":"SPAN:eS2knCRgLegeRw8bcmSWA:0:36:0:0:0:36:0:2:9:0:undefined:undefined","labelName":"eS2knCRgLegeRw8bcmSWA","labelItem":{"id":"eS2knCRgLegeRw8bcmSWA","labelName":"Skill"},"textPosition":{"start":{"row":36,"column":0,"tokenIndex":0,"charIndex":0},"end":{"row":36,"column":0,"tokenIndex":2,"charIndex":9}},"confidenceScore":null},{"id":"1663424554","labeledBy":"AUTO","labeledByUserId":null,"acceptedByUserId":null,"rejectedByUserId":null,"layer":0,"counter":0,"status":"LABELED","hashCode":"SPAN:eS2knCRgLegeRw8bcmSWA:0:36:0:3:0:36:0:5:6:0:undefined:undefined","labelName":"eS2knCRgLegeRw8bcmSWA","labelItem":{"id":"eS2knCRgLegeRw8bcmSWA","labelName":"Skill"},"textPosition":{"start":{"row":36,"column":0,"tokenIndex":3,"charIndex":0},"end":{"row":36,"column":0,"tokenIndex":5,"charIndex":6}},"confidenceScore":null},{"id":"1663424557","labeledBy":"AUTO","labeledByUserId":null,"acceptedByUserId":null,"rejectedByUserId":null,"layer":0,"counter":0,"status":"LABELED","hashCode":"SPAN:eS2knCRgLegeRw8bcmSWA:0:36:0:7:0:36:0:7:10:0:undefined:undefined","labelName":"eS2knCRgLegeRw8bcmSWA","labelItem":{"id":"eS2knCRgLegeRw8bcmSWA","labelName":"Skill"},"textPosition":{"start":{"row":36,"column":0,"tokenIndex":7,"charIndex":0},"end":{"row":36,"column":0,"tokenIndex":7,"charIndex":10}},"confidenceScore":null},{"id":"1663424560","labeledBy":"AUTO","labeledByUserId":null,"acceptedByUserId":null,"rejectedByUserId":null,"layer":0,"counter":0,"status":"LABELED","hashCode":"SPAN:eS2knCRgLegeRw8bcmSWA:0:37:0:1:0:37:0:2:8:0:undefined:undefined","labelName":"eS2knCRgLegeRw8bcmSWA","labelItem":{"id":"eS2knCRgLegeRw8bcmSWA","labelName":"Skill"},"textPosition":{"start":{"row":37,"column":0,"tokenIndex":1,"charIndex":0},"end":{"row":37,"column":0,"tokenIndex":2,"charIndex":8}},"confidenceScore":null},{"id":"1663424563","labeledBy":"AUTO","labeledByUserId":null,"acceptedByUserId":null,"rejectedByUserId":null,"layer":0,"counter":0,"status":"LABELED","hashCode":"SPAN:eS2knCRgLegeRw8bcmSWA:0:37:0:5:0:37:0:6:7:0:undefined:undefined","labelName":"eS2knCRgLegeRw8bcmSWA","labelItem":{"id":"eS2knCRgLegeRw8bcmSWA","labelName":"Skill"},"textPosition":{"start":{"row":37,"column":0,"tokenIndex":5,"charIndex":0},"end":{"row":37,"column":0,"tokenIndex":6,"charIndex":7}},"confidenceScore":null},{"id":"1663424569","labeledBy":"AUTO","labeledByUserId":null,"acceptedByUserId":null,"rejectedByUserId":null,"layer":0,"counter":0,"status":"LABELED","hashCode":"SPAN:eS2knCRgLegeRw8bcmSWA:0:38:0:3:0:38:0:4:9:0:undefined:undefined","labelName":"eS2knCRgLegeRw8bcmSWA","labelItem":{"id":"eS2knCRgLegeRw8bcmSWA","labelName":"Skill"},"textPosition":{"start":{"row":38,"column":0,"tokenIndex":3,"charIndex":0},"end":{"row":38,"column":0,"tokenIndex":4,"charIndex":9}},"confidenceScore":null},{"id":"1663424566","labeledBy":"AUTO","labeledByUserId":null,"acceptedByUserId":null,"rejectedByUserId":null,"layer":0,"counter":0,"status":"LABELED","hashCode":"SPAN:eS2knCRgLegeRw8bcmSWA:0:38:0:7:0:38:0:8:10:0:undefined:undefined","labelName":"eS2knCRgLegeRw8bcmSWA","labelItem":{"id":"eS2knCRgLegeRw8bcmSWA","labelName":"Skill"},"textPosition":{"start":{"row":38,"column":0,"tokenIndex":7,"charIndex":0},"end":{"row":38,"column":0,"tokenIndex":8,"charIndex":10}},"confidenceScore":null},{"id":"1663424572","labeledBy":"AUTO","labeledByUserId":null,"acceptedByUserId":null,"rejectedByUserId":null,"layer":0,"counter":0,"status":"LABELED","hashCode":"SPAN:eS2knCRgLegeRw8bcmSWA:0:39:0:3:0:39:0:4:10:0:undefined:undefined","labelName":"eS2knCRgLegeRw8bcmSWA","labelItem":{"id":"eS2knCRgLegeRw8bcmSWA","labelName":"Skill"},"textPosition":{"start":{"row":39,"column":0,"tokenIndex":3,"charIndex":0},"end":{"row":39,"column":0,"tokenIndex":4,"charIndex":10}},"confidenceScore":null},{"id":"1663424575","labeledBy":"AUTO","labeledByUserId":null,"acceptedByUserId":null,"rejectedByUserId":null,"layer":0,"counter":0,"status":"LABELED","hashCode":"SPAN:zQcc4ygexJ_A3Gb0NeRTk:0:41:0:2:0:41:0:4:4:0:undefined:undefined","labelName":"zQcc4ygexJ_A3Gb0NeRTk","labelItem":{"id":"zQcc4ygexJ_A3Gb0NeRTk","labelName":"Years of Experience"},"textPosition":{"start":{"row":41,"column":0,"tokenIndex":2,"charIndex":0},"end":{"row":41,"column":0,"tokenIndex":4,"charIndex":4}},"confidenceScore":null},{"id":"1663424578","labeledBy":"AUTO","labeledByUserId":null,"acceptedByUserId":null,"rejectedByUserId":null,"layer":0,"counter":0,"status":"LABELED","hashCode":"SPAN:rj7TW0-ymuRo6f_asXJab:0:42:0:0:0:42:0:1:5:0:undefined:undefined","labelName":"rj7TW0-ymuRo6f_asXJab","labelItem":{"id":"rj7TW0-ymuRo6f_asXJab","labelName":"Company Name"},"textPosition":{"start":{"row":42,"column":0,"tokenIndex":0,"charIndex":0},"end":{"row":42,"column":0,"tokenIndex":1,"charIndex":5}},"confidenceScore":null},{"id":"1663424581","labeledBy":"AUTO","labeledByUserId":null,"acceptedByUserId":null,"rejectedByUserId":null,"layer":0,"counter":0,"status":"LABELED","hashCode":"SPAN:eS2knCRgLegeRw8bcmSWA:0:43:0:0:0:43:0:2:3:0:undefined:undefined","labelName":"eS2knCRgLegeRw8bcmSWA","labelItem":{"id":"eS2knCRgLegeRw8bcmSWA","labelName":"Skill"},"textPosition":{"start":{"row":43,"column":0,"tokenIndex":0,"charIndex":0},"end":{"row":43,"column":0,"tokenIndex":2,"charIndex":3}},"confidenceScore":null},{"id":"1663424584","labeledBy":"AUTO","labeledByUserId":null,"acceptedByUserId":null,"rejectedByUserId":null,"layer":0,"counter":0,"status":"LABELED","hashCode":"SPAN:eS2knCRgLegeRw8bcmSWA:0:44:0:0:0:44:0:2:7:0:undefined:undefined","labelName":"eS2knCRgLegeRw8bcmSWA","labelItem":{"id":"eS2knCRgLegeRw8bcmSWA","labelName":"Skill"},"textPosition":{"start":{"row":44,"column":0,"tokenIndex":0,"charIndex":0},"end":{"row":44,"column":0,"tokenIndex":2,"charIndex":7}},"confidenceScore":null},{"id":"1663424587","labeledBy":"AUTO","labeledByUserId":null,"acceptedByUserId":null,"rejectedByUserId":null,"layer":0,"counter":0,"status":"LABELED","hashCode":"SPAN:eS2knCRgLegeRw8bcmSWA:0:45:0:0:0:45:0:2:7:0:undefined:undefined","labelName":"eS2knCRgLegeRw8bcmSWA","labelItem":{"id":"eS2knCRgLegeRw8bcmSWA","labelName":"Skill"},"textPosition":{"start":{"row":45,"column":0,"tokenIndex":0,"charIndex":0},"end":{"row":45,"column":0,"tokenIndex":2,"charIndex":7}},"confidenceScore":null},{"id":"1663424590","labeledBy":"AUTO","labeledByUserId":null,"acceptedByUserId":null,"rejectedByUserId":null,"layer":0,"counter":0,"status":"LABELED","hashCode":"SPAN:eS2knCRgLegeRw8bcmSWA:0:46:0:0:0:46:0:2:7:0:undefined:undefined","labelName":"eS2knCRgLegeRw8bcmSWA","labelItem":{"id":"eS2knCRgLegeRw8bcmSWA","labelName":"Skill"},"textPosition":{"start":{"row":46,"column":0,"tokenIndex":0,"charIndex":0},"end":{"row":46,"column":0,"tokenIndex":2,"charIndex":7}},"confidenceScore":null},{"id":"1663424593","labeledBy":"AUTO","labeledByUserId":null,"acceptedByUserId":null,"rejectedByUserId":null,"layer":0,"counter":0,"status":"LABELED","hashCode":"SPAN:eS2knCRgLegeRw8bcmSWA:0:47:0:0:0:47:0:3:3:0:undefined:undefined","labelName":"eS2knCRgLegeRw8bcmSWA","labelItem":{"id":"eS2knCRgLegeRw8bcmSWA","labelName":"Skill"},"textPosition":{"start":{"row":47,"column":0,"tokenIndex":0,"charIndex":0},"end":{"row":47,"column":0,"tokenIndex":3,"charIndex":3}},"confidenceScore":null},{"id":"1663424597","labeledBy":"AUTO","labeledByUserId":null,"acceptedByUserId":null,"rejectedByUserId":null,"layer":0,"counter":0,"status":"LABELED","hashCode":"SPAN:eS2knCRgLegeRw8bcmSWA:0:49:0:0:0:49:0:2:9:0:undefined:undefined","labelName":"eS2knCRgLegeRw8bcmSWA","labelItem":{"id":"eS2knCRgLegeRw8bcmSWA","labelName":"Skill"},"textPosition":{"start":{"row":49,"column":0,"tokenIndex":0,"charIndex":0},"end":{"row":49,"column":0,"tokenIndex":2,"charIndex":9}},"confidenceScore":null},{"id":"1663424599","labeledBy":"AUTO","labeledByUserId":null,"acceptedByUserId":null,"rejectedByUserId":null,"layer":0,"counter":0,"status":"LABELED","hashCode":"SPAN:eS2knCRgLegeRw8bcmSWA:0:50:0:0:0:50:0:2:3:0:undefined:undefined","labelName":"eS2knCRgLegeRw8bcmSWA","labelItem":{"id":"eS2knCRgLegeRw8bcmSWA","labelName":"Skill"},"textPosition":{"start":{"row":50,"column":0,"tokenIndex":0,"charIndex":0},"end":{"row":50,"column":0,"tokenIndex":2,"charIndex":3}},"confidenceScore":null},{"id":"1663424602","labeledBy":"AUTO","labeledByUserId":null,"acceptedByUserId":null,"rejectedByUserId":null,"layer":0,"counter":0,"status":"LABELED","hashCode":"SPAN:rj7TW0-ymuRo6f_asXJab:0:51:0:0:0:51:0:3:7:0:undefined:undefined","labelName":"rj7TW0-ymuRo6f_asXJab","labelItem":{"id":"rj7TW0-ymuRo6f_asXJab","labelName":"Company Name"},"textPosition":{"start":{"row":51,"column":0,"tokenIndex":0,"charIndex":0},"end":{"row":51,"column":0,"tokenIndex":3,"charIndex":7}},"confidenceScore":null},{"id":"1663424605","labeledBy":"AUTO","labeledByUserId":null,"acceptedByUserId":null,"rejectedByUserId":null,"layer":0,"counter":0,"status":"LABELED","hashCode":"SPAN:eS2knCRgLegeRw8bcmSWA:0:52:0:0:0:52:0:2:6:0:undefined:undefined","labelName":"eS2knCRgLegeRw8bcmSWA","labelItem":{"id":"eS2knCRgLegeRw8bcmSWA","labelName":"Skill"},"textPosition":{"start":{"row":52,"column":0,"tokenIndex":0,"charIndex":0},"end":{"row":52,"column":0,"tokenIndex":2,"charIndex":6}},"confidenceScore":null},{"id":"1663424608","labeledBy":"AUTO","labeledByUserId":null,"acceptedByUserId":null,"rejectedByUserId":null,"layer":0,"counter":0,"status":"LABELED","hashCode":"SPAN:rj7TW0-ymuRo6f_asXJab:0:53:0:0:0:53:0:2:7:0:undefined:undefined","labelName":"rj7TW0-ymuRo6f_asXJab","labelItem":{"id":"rj7TW0-ymuRo6f_asXJab","labelName":"Company Name"},"textPosition":{"start":{"row":53,"column":0,"tokenIndex":0,"charIndex":0},"end":{"row":53,"column":0,"tokenIndex":2,"charIndex":7}},"confidenceScore":null},{"id":"1663424611","labeledBy":"AUTO","labeledByUserId":null,"acceptedByUserId":null,"rejectedByUserId":null,"layer":0,"counter":0,"status":"LABELED","hashCode":"SPAN:eS2knCRgLegeRw8bcmSWA:0:54:0:3:0:54:0:3:10:0:undefined:undefined","labelName":"eS2knCRgLegeRw8bcmSWA","labelItem":{"id":"eS2knCRgLegeRw8bcmSWA","labelName":"Skill"},"textPosition":{"start":{"row":54,"column":0,"tokenIndex":3,"charIndex":0},"end":{"row":54,"column":0,"tokenIndex":3,"charIndex":10}},"confidenceScore":null},{"id":"1663424614","labeledBy":"AUTO","labeledByUserId":null,"acceptedByUserId":null,"rejectedByUserId":null,"layer":0,"counter":0,"status":"LABELED","hashCode":"SPAN:eS2knCRgLegeRw8bcmSWA:0:54:0:5:0:54:0:5:7:0:undefined:undefined","labelName":"eS2knCRgLegeRw8bcmSWA","labelItem":{"id":"eS2knCRgLegeRw8bcmSWA","labelName":"Skill"},"textPosition":{"start":{"row":54,"column":0,"tokenIndex":5,"charIndex":0},"end":{"row":54,"column":0,"tokenIndex":5,"charIndex":7}},"confidenceScore":null},{"id":"1663424617","labeledBy":"AUTO","labeledByUserId":null,"acceptedByUserId":null,"rejectedByUserId":null,"layer":0,"counter":0,"status":"LABELED","hashCode":"SPAN:eS2knCRgLegeRw8bcmSWA:0:54:0:6:0:54:0:6:8:0:undefined:undefined","labelName":"eS2knCRgLegeRw8bcmSWA","labelItem":{"id":"eS2knCRgLegeRw8bcmSWA","labelName":"Skill"},"textPosition":{"start":{"row":54,"column":0,"tokenIndex":6,"charIndex":0},"end":{"row":54,"column":0,"tokenIndex":6,"charIndex":8}},"confidenceScore":null},{"id":"1663424620","labeledBy":"AUTO","labeledByUserId":null,"acceptedByUserId":null,"rejectedByUserId":null,"layer":0,"counter":0,"status":"LABELED","hashCode":"SPAN:eS2knCRgLegeRw8bcmSWA:0:54:0:7:0:54:0:7:10:0:undefined:undefined","labelName":"eS2knCRgLegeRw8bcmSWA","labelItem":{"id":"eS2knCRgLegeRw8bcmSWA","labelName":"Skill"},"textPosition":{"start":{"row":54,"column":0,"tokenIndex":7,"charIndex":0},"end":{"row":54,"column":0,"tokenIndex":7,"charIndex":10}},"confidenceScore":null},{"id":"1663424623","labeledBy":"AUTO","labeledByUserId":null,"acceptedByUserId":null,"rejectedByUserId":null,"layer":0,"counter":0,"status":"LABELED","hashCode":"SPAN:eS2knCRgLegeRw8bcmSWA:0:54:0:8:0:54:0:8:9:0:undefined:undefined","labelName":"eS2knCRgLegeRw8bcmSWA","labelItem":{"id":"eS2knCRgLegeRw8bcmSWA","labelName":"Skill"},"textPosition":{"start":{"row":54,"column":0,"tokenIndex":8,"charIndex":0},"end":{"row":54,"column":0,"tokenIndex":8,"charIndex":9}},"confidenceScore":null},{"id":"1663424626","labeledBy":"AUTO","labeledByUserId":null,"acceptedByUserId":null,"rejectedByUserId":null,"layer":0,"counter":0,"status":"LABELED","hashCode":"SPAN:eS2knCRgLegeRw8bcmSWA:0:54:0:9:0:54:0:9:6:0:undefined:undefined","labelName":"eS2knCRgLegeRw8bcmSWA","labelItem":{"id":"eS2knCRgLegeRw8bcmSWA","labelName":"Skill"},"textPosition":{"start":{"row":54,"column":0,"tokenIndex":9,"charIndex":0},"end":{"row":54,"column":0,"tokenIndex":9,"charIndex":6}},"confidenceScore":null},{"id":"1663424629","labeledBy":"AUTO","labeledByUserId":null,"acceptedByUserId":null,"rejectedByUserId":null,"layer":0,"counter":0,"status":"LABELED","hashCode":"SPAN:eS2knCRgLegeRw8bcmSWA:0:54:0:10:0:54:0:10:7:0:undefined:undefined","labelName":"eS2knCRgLegeRw8bcmSWA","labelItem":{"id":"eS2knCRgLegeRw8bcmSWA","labelName":"Skill"},"textPosition":{"start":{"row":54,"column":0,"tokenIndex":10,"charIndex":0},"end":{"row":54,"column":0,"tokenIndex":10,"charIndex":7}},"confidenceScore":null},{"id":"1663424632","labeledBy":"AUTO","labeledByUserId":null,"acceptedByUserId":null,"rejectedByUserId":null,"layer":0,"counter":0,"status":"LABELED","hashCode":"SPAN:eS2knCRgLegeRw8bcmSWA:0:54:0:11:0:54:0:11:7:0:undefined:undefined","labelName":"eS2knCRgLegeRw8bcmSWA","labelItem":{"id":"eS2knCRgLegeRw8bcmSWA","labelName":"Skill"},"textPosition":{"start":{"row":54,"column":0,"tokenIndex":11,"charIndex":0},"end":{"row":54,"column":0,"tokenIndex":11,"charIndex":7}},"confidenceScore":null},{"id":"1663424635","labeledBy":"AUTO","labeledByUserId":null,"acceptedByUserId":null,"rejectedByUserId":null,"layer":0,"counter":0,"status":"LABELED","hashCode":"SPAN:eS2knCRgLegeRw8bcmSWA:0:54:0:12:0:54:0:13:5:0:undefined:undefined","labelName":"eS2knCRgLegeRw8bcmSWA","labelItem":{"id":"eS2knCRgLegeRw8bcmSWA","labelName":"Skill"},"textPosition":{"start":{"row":54,"column":0,"tokenIndex":12,"charIndex":0},"end":{"row":54,"column":0,"tokenIndex":13,"charIndex":5}},"confidenceScore":null},{"id":"1663424638","labeledBy":"AUTO","labeledByUserId":null,"acceptedByUserId":null,"rejectedByUserId":null,"layer":0,"counter":0,"status":"LABELED","hashCode":"SPAN:eS2knCRgLegeRw8bcmSWA:0:54:0:14:0:54:0:14:5:0:undefined:undefined","labelName":"eS2knCRgLegeRw8bcmSWA","labelItem":{"id":"eS2knCRgLegeRw8bcmSWA","labelName":"Skill"},"textPosition":{"start":{"row":54,"column":0,"tokenIndex":14,"charIndex":0},"end":{"row":54,"column":0,"tokenIndex":14,"charIndex":5}},"confidenceScore":null},{"id":"1663424641","labeledBy":"AUTO","labeledByUserId":null,"acceptedByUserId":null,"rejectedByUserId":null,"layer":0,"counter":0,"status":"LABELED","hashCode":"SPAN:SJEkdao76hjwbb6Fh5SY6:0:55:0:0:0:55:0:1:5:0:undefined:undefined","labelName":"SJEkdao76hjwbb6Fh5SY6","labelItem":{"id":"SJEkdao76hjwbb6Fh5SY6","labelName":"Job Title"},"textPosition":{"start":{"row":55,"column":0,"tokenIndex":0,"charIndex":0},"end":{"row":55,"column":0,"tokenIndex":1,"charIndex":5}},"confidenceScore":null},{"id":"1663424644","labeledBy":"AUTO","labeledByUserId":null,"acceptedByUserId":null,"rejectedByUserId":null,"layer":0,"counter":0,"status":"LABELED","hashCode":"SPAN:1R0C50AAwFbEp2O0WmRv6:0:55:0:4:0:55:0:4:6:0:undefined:undefined","labelName":"1R0C50AAwFbEp2O0WmRv6","labelItem":{"id":"1R0C50AAwFbEp2O0WmRv6","labelName":"Location"},"textPosition":{"start":{"row":55,"column":0,"tokenIndex":4,"charIndex":0},"end":{"row":55,"column":0,"tokenIndex":4,"charIndex":6}},"confidenceScore":null},{"id":"1663424647","labeledBy":"AUTO","labeledByUserId":null,"acceptedByUserId":null,"rejectedByUserId":null,"layer":0,"counter":0,"status":"LABELED","hashCode":"SPAN:52S_6moRfhjC-yXgIBeCp:0:55:0:5:0:55:0:7:3:0:undefined:undefined","labelName":"52S_6moRfhjC-yXgIBeCp","labelItem":{"id":"52S_6moRfhjC-yXgIBeCp","labelName":"Date"},"textPosition":{"start":{"row":55,"column":0,"tokenIndex":5,"charIndex":0},"end":{"row":55,"column":0,"tokenIndex":7,"charIndex":3}},"confidenceScore":null},{"id":"1663424650","labeledBy":"AUTO","labeledByUserId":null,"acceptedByUserId":null,"rejectedByUserId":null,"layer":0,"counter":0,"status":"LABELED","hashCode":"SPAN:eS2knCRgLegeRw8bcmSWA:0:56:0:0:0:56:0:7:12:0:undefined:undefined","labelName":"eS2knCRgLegeRw8bcmSWA","labelItem":{"id":"eS2knCRgLegeRw8bcmSWA","labelName":"Skill"},"textPosition":{"start":{"row":56,"column":0,"tokenIndex":0,"charIndex":0},"end":{"row":56,"column":0,"tokenIndex":7,"charIndex":12}},"confidenceScore":null},{"id":"1663424653","labeledBy":"AUTO","labeledByUserId":null,"acceptedByUserId":null,"rejectedByUserId":null,"layer":0,"counter":0,"status":"LABELED","hashCode":"SPAN:rj7TW0-ymuRo6f_asXJab:0:57:0:2:0:57:0:5:11:0:undefined:undefined","labelName":"rj7TW0-ymuRo6f_asXJab","labelItem":{"id":"rj7TW0-ymuRo6f_asXJab","labelName":"Company Name"},"textPosition":{"start":{"row":57,"column":0,"tokenIndex":2,"charIndex":0},"end":{"row":57,"column":0,"tokenIndex":5,"charIndex":11}},"confidenceScore":null},{"id":"1663424656","labeledBy":"AUTO","labeledByUserId":null,"acceptedByUserId":null,"rejectedByUserId":null,"layer":0,"counter":0,"status":"LABELED","hashCode":"SPAN:eS2knCRgLegeRw8bcmSWA:0:64:0:0:0:64:0:2:9:0:undefined:undefined","labelName":"eS2knCRgLegeRw8bcmSWA","labelItem":{"id":"eS2knCRgLegeRw8bcmSWA","labelName":"Skill"},"textPosition":{"start":{"row":64,"column":0,"tokenIndex":0,"charIndex":0},"end":{"row":64,"column":0,"tokenIndex":2,"charIndex":9}},"confidenceScore":null},{"id":"1663424659","labeledBy":"AUTO","labeledByUserId":null,"acceptedByUserId":null,"rejectedByUserId":null,"layer":0,"counter":0,"status":"LABELED","hashCode":"SPAN:eS2knCRgLegeRw8bcmSWA:0:64:0:3:0:64:0:5:6:0:undefined:undefined","labelName":"eS2knCRgLegeRw8bcmSWA","labelItem":{"id":"eS2knCRgLegeRw8bcmSWA","labelName":"Skill"},"textPosition":{"start":{"row":64,"column":0,"tokenIndex":3,"charIndex":0},"end":{"row":64,"column":0,"tokenIndex":5,"charIndex":6}},"confidenceScore":null},{"id":"1663424662","labeledBy":"AUTO","labeledByUserId":null,"acceptedByUserId":null,"rejectedByUserId":null,"layer":0,"counter":0,"status":"LABELED","hashCode":"SPAN:eS2knCRgLegeRw8bcmSWA:0:64:0:7:0:64:0:7:10:0:undefined:undefined","labelName":"eS2knCRgLegeRw8bcmSWA","labelItem":{"id":"eS2knCRgLegeRw8bcmSWA","labelName":"Skill"},"textPosition":{"start":{"row":64,"column":0,"tokenIndex":7,"charIndex":0},"end":{"row":64,"column":0,"tokenIndex":7,"charIndex":10}},"confidenceScore":null},{"id":"1663424665","labeledBy":"AUTO","labeledByUserId":null,"acceptedByUserId":null,"rejectedByUserId":null,"layer":0,"counter":0,"status":"LABELED","hashCode":"SPAN:eS2knCRgLegeRw8bcmSWA:0:65:0:1:0:65:0:2:8:0:undefined:undefined","labelName":"eS2knCRgLegeRw8bcmSWA","labelItem":{"id":"eS2knCRgLegeRw8bcmSWA","labelName":"Skill"},"textPosition":{"start":{"row":65,"column":0,"tokenIndex":1,"charIndex":0},"end":{"row":65,"column":0,"tokenIndex":2,"charIndex":8}},"confidenceScore":null},{"id":"1663424668","labeledBy":"AUTO","labeledByUserId":null,"acceptedByUserId":null,"rejectedByUserId":null,"layer":0,"counter":0,"status":"LABELED","hashCode":"SPAN:eS2knCRgLegeRw8bcmSWA:0:65:0:5:0:65:0:6:7:0:undefined:undefined","labelName":"eS2knCRgLegeRw8bcmSWA","labelItem":{"id":"eS2knCRgLegeRw8bcmSWA","labelName":"Skill"},"textPosition":{"start":{"row":65,"column":0,"tokenIndex":5,"charIndex":0},"end":{"row":65,"column":0,"tokenIndex":6,"charIndex":7}},"confidenceScore":null},{"id":"1663424671","labeledBy":"AUTO","labeledByUserId":null,"acceptedByUserId":null,"rejectedByUserId":null,"layer":0,"counter":0,"status":"LABELED","hashCode":"SPAN:eS2knCRgLegeRw8bcmSWA:0:66:0:3:0:66:0:4:9:0:undefined:undefined","labelName":"eS2knCRgLegeRw8bcmSWA","labelItem":{"id":"eS2knCRgLegeRw8bcmSWA","labelName":"Skill"},"textPosition":{"start":{"row":66,"column":0,"tokenIndex":3,"charIndex":0},"end":{"row":66,"column":0,"tokenIndex":4,"charIndex":9}},"confidenceScore":null},{"id":"1663424674","labeledBy":"AUTO","labeledByUserId":null,"acceptedByUserId":null,"rejectedByUserId":null,"layer":0,"counter":0,"status":"LABELED","hashCode":"SPAN:eS2knCRgLegeRw8bcmSWA:0:66:0:7:0:66:0:8:10:0:undefined:undefined","labelName":"eS2knCRgLegeRw8bcmSWA","labelItem":{"id":"eS2knCRgLegeRw8bcmSWA","labelName":"Skill"},"textPosition":{"start":{"row":66,"column":0,"tokenIndex":7,"charIndex":0},"end":{"row":66,"column":0,"tokenIndex":8,"charIndex":10}},"confidenceScore":null},{"id":"1663424677","labeledBy":"AUTO","labeledByUserId":null,"acceptedByUserId":null,"rejectedByUserId":null,"layer":0,"counter":0,"status":"LABELED","hashCode":"SPAN:eS2knCRgLegeRw8bcmSWA:0:67:0:3:0:67:0:4:10:0:undefined:undefined","labelName":"eS2knCRgLegeRw8bcmSWA","labelItem":{"id":"eS2knCRgLegeRw8bcmSWA","labelName":"Skill"},"textPosition":{"start":{"row":67,"column":0,"tokenIndex":3,"charIndex":0},"end":{"row":67,"column":0,"tokenIndex":4,"charIndex":10}},"confidenceScore":null},{"id":"1663424680","labeledBy":"AUTO","labeledByUserId":null,"acceptedByUserId":null,"rejectedByUserId":null,"layer":0,"counter":0,"status":"LABELED","hashCode":"SPAN:zQcc4ygexJ_A3Gb0NeRTk:0:69:0:2:0:69:0:4:4:0:undefined:undefined","labelName":"zQcc4ygexJ_A3Gb0NeRTk","labelItem":{"id":"zQcc4ygexJ_A3Gb0NeRTk","labelName":"Years of Experience"},"textPosition":{"start":{"row":69,"column":0,"tokenIndex":2,"charIndex":0},"end":{"row":69,"column":0,"tokenIndex":4,"charIndex":4}},"confidenceScore":null},{"id":"1663424683","labeledBy":"AUTO","labeledByUserId":null,"acceptedByUserId":null,"rejectedByUserId":null,"layer":0,"counter":0,"status":"LABELED","hashCode":"SPAN:rj7TW0-ymuRo6f_asXJab:0:70:0:0:0:70:0:1:5:0:undefined:undefined","labelName":"rj7TW0-ymuRo6f_asXJab","labelItem":{"id":"rj7TW0-ymuRo6f_asXJab","labelName":"Company Name"},"textPosition":{"start":{"row":70,"column":0,"tokenIndex":0,"charIndex":0},"end":{"row":70,"column":0,"tokenIndex":1,"charIndex":5}},"confidenceScore":null},{"id":"1663424686","labeledBy":"AUTO","labeledByUserId":null,"acceptedByUserId":null,"rejectedByUserId":null,"layer":0,"counter":0,"status":"LABELED","hashCode":"SPAN:eS2knCRgLegeRw8bcmSWA:0:71:0:0:0:71:0:2:3:0:undefined:undefined","labelName":"eS2knCRgLegeRw8bcmSWA","labelItem":{"id":"eS2knCRgLegeRw8bcmSWA","labelName":"Skill"},"textPosition":{"start":{"row":71,"column":0,"tokenIndex":0,"charIndex":0},"end":{"row":71,"column":0,"tokenIndex":2,"charIndex":3}},"confidenceScore":null},{"id":"1663424689","labeledBy":"AUTO","labeledByUserId":null,"acceptedByUserId":null,"rejectedByUserId":null,"layer":0,"counter":0,"status":"LABELED","hashCode":"SPAN:eS2knCRgLegeRw8bcmSWA:0:72:0:0:0:72:0:2:7:0:undefined:undefined","labelName":"eS2knCRgLegeRw8bcmSWA","labelItem":{"id":"eS2knCRgLegeRw8bcmSWA","labelName":"Skill"},"textPosition":{"start":{"row":72,"column":0,"tokenIndex":0,"charIndex":0},"end":{"row":72,"column":0,"tokenIndex":2,"charIndex":7}},"confidenceScore":null},{"id":"1663424692","labeledBy":"AUTO","labeledByUserId":null,"acceptedByUserId":null,"rejectedByUserId":null,"layer":0,"counter":0,"status":"LABELED","hashCode":"SPAN:eS2knCRgLegeRw8bcmSWA:0:73:0:0:0:73:0:2:7:0:undefined:undefined","labelName":"eS2knCRgLegeRw8bcmSWA","labelItem":{"id":"eS2knCRgLegeRw8bcmSWA","labelName":"Skill"},"textPosition":{"start":{"row":73,"column":0,"tokenIndex":0,"charIndex":0},"end":{"row":73,"column":0,"tokenIndex":2,"charIndex":7}},"confidenceScore":null},{"id":"1663424695","labeledBy":"AUTO","labeledByUserId":null,"acceptedByUserId":null,"rejectedByUserId":null,"layer":0,"counter":0,"status":"LABELED","hashCode":"SPAN:eS2knCRgLegeRw8bcmSWA:0:74:0:0:0:74:0:2:7:0:undefined:undefined","labelName":"eS2knCRgLegeRw8bcmSWA","labelItem":{"id":"eS2knCRgLegeRw8bcmSWA","labelName":"Skill"},"textPosition":{"start":{"row":74,"column":0,"tokenIndex":0,"charIndex":0},"end":{"row":74,"column":0,"tokenIndex":2,"charIndex":7}},"confidenceScore":null},{"id":"1663424698","labeledBy":"AUTO","labeledByUserId":null,"acceptedByUserId":null,"rejectedByUserId":null,"layer":0,"counter":0,"status":"LABELED","hashCode":"SPAN:eS2knCRgLegeRw8bcmSWA:0:75:0:0:0:75:0:3:3:0:undefined:undefined","labelName":"eS2knCRgLegeRw8bcmSWA","labelItem":{"id":"eS2knCRgLegeRw8bcmSWA","labelName":"Skill"},"textPosition":{"start":{"row":75,"column":0,"tokenIndex":0,"charIndex":0},"end":{"row":75,"column":0,"tokenIndex":3,"charIndex":3}},"confidenceScore":null},{"id":"1663424704","labeledBy":"AUTO","labeledByUserId":null,"acceptedByUserId":null,"rejectedByUserId":null,"layer":0,"counter":0,"status":"LABELED","hashCode":"SPAN:eS2knCRgLegeRw8bcmSWA:0:77:0:0:0:77:0:2:9:0:undefined:undefined","labelName":"eS2knCRgLegeRw8bcmSWA","labelItem":{"id":"eS2knCRgLegeRw8bcmSWA","labelName":"Skill"},"textPosition":{"start":{"row":77,"column":0,"tokenIndex":0,"charIndex":0},"end":{"row":77,"column":0,"tokenIndex":2,"charIndex":9}},"confidenceScore":null},{"id":"1663424707","labeledBy":"AUTO","labeledByUserId":null,"acceptedByUserId":null,"rejectedByUserId":null,"layer":0,"counter":0,"status":"LABELED","hashCode":"SPAN:eS2knCRgLegeRw8bcmSWA:0:78:0:0:0:78:0:2:3:0:undefined:undefined","labelName":"eS2knCRgLegeRw8bcmSWA","labelItem":{"id":"eS2knCRgLegeRw8bcmSWA","labelName":"Skill"},"textPosition":{"start":{"row":78,"column":0,"tokenIndex":0,"charIndex":0},"end":{"row":78,"column":0,"tokenIndex":2,"charIndex":3}},"confidenceScore":null},{"id":"1663424710","labeledBy":"AUTO","labeledByUserId":null,"acceptedByUserId":null,"rejectedByUserId":null,"layer":0,"counter":0,"status":"LABELED","hashCode":"SPAN:rj7TW0-ymuRo6f_asXJab:0:79:0:0:0:79:0:3:7:0:undefined:undefined","labelName":"rj7TW0-ymuRo6f_asXJab","labelItem":{"id":"rj7TW0-ymuRo6f_asXJab","labelName":"Company Name"},"textPosition":{"start":{"row":79,"column":0,"tokenIndex":0,"charIndex":0},"end":{"row":79,"column":0,"tokenIndex":3,"charIndex":7}},"confidenceScore":null},{"id":"1663424713","labeledBy":"AUTO","labeledByUserId":null,"acceptedByUserId":null,"rejectedByUserId":null,"layer":0,"counter":0,"status":"LABELED","hashCode":"SPAN:eS2knCRgLegeRw8bcmSWA:0:80:0:0:0:80:0:2:6:0:undefined:undefined","labelName":"eS2knCRgLegeRw8bcmSWA","labelItem":{"id":"eS2knCRgLegeRw8bcmSWA","labelName":"Skill"},"textPosition":{"start":{"row":80,"column":0,"tokenIndex":0,"charIndex":0},"end":{"row":80,"column":0,"tokenIndex":2,"charIndex":6}},"confidenceScore":null},{"id":"1663424716","labeledBy":"AUTO","labeledByUserId":null,"acceptedByUserId":null,"rejectedByUserId":null,"layer":0,"counter":0,"status":"LABELED","hashCode":"SPAN:rj7TW0-ymuRo6f_asXJab:0:81:0:0:0:81:0:2:7:0:undefined:undefined","labelName":"rj7TW0-ymuRo6f_asXJab","labelItem":{"id":"rj7TW0-ymuRo6f_asXJab","labelName":"Company Name"},"textPosition":{"start":{"row":81,"column":0,"tokenIndex":0,"charIndex":0},"end":{"row":81,"column":0,"tokenIndex":2,"charIndex":7}},"confidenceScore":null},{"id":"1663424749","labeledBy":"AUTO","labeledByUserId":null,"acceptedByUserId":null,"rejectedByUserId":null,"layer":0,"counter":0,"status":"LABELED","hashCode":"SPAN:eS2knCRgLegeRw8bcmSWA:0:83:0:0:0:83:0:0:13:0:undefined:undefined","labelName":"eS2knCRgLegeRw8bcmSWA","labelItem":{"id":"eS2knCRgLegeRw8bcmSWA","labelName":"Skill"},"textPosition":{"start":{"row":83,"column":0,"tokenIndex":0,"charIndex":0},"end":{"row":83,"column":0,"tokenIndex":0,"charIndex":13}},"confidenceScore":null},{"id":"1663424752","labeledBy":"AUTO","labeledByUserId":null,"acceptedByUserId":null,"rejectedByUserId":null,"layer":0,"counter":0,"status":"LABELED","hashCode":"SPAN:eS2knCRgLegeRw8bcmSWA:0:83:0:2:0:83:0:4:4:0:undefined:undefined","labelName":"eS2knCRgLegeRw8bcmSWA","labelItem":{"id":"eS2knCRgLegeRw8bcmSWA","labelName":"Skill"},"textPosition":{"start":{"row":83,"column":0,"tokenIndex":2,"charIndex":0},"end":{"row":83,"column":0,"tokenIndex":4,"charIndex":4}},"confidenceScore":null},{"id":"1663424719","labeledBy":"AUTO","labeledByUserId":null,"acceptedByUserId":null,"rejectedByUserId":null,"layer":0,"counter":0,"status":"LABELED","hashCode":"SPAN:Kj5U6n9NUqTXuWcB3c_7L:0:83:0:7:0:83:0:8:10:0:undefined:undefined","labelName":"Kj5U6n9NUqTXuWcB3c_7L","labelItem":{"id":"Kj5U6n9NUqTXuWcB3c_7L","labelName":"College"},"textPosition":{"start":{"row":83,"column":0,"tokenIndex":7,"charIndex":0},"end":{"row":83,"column":0,"tokenIndex":8,"charIndex":10}},"confidenceScore":null},{"id":"1663424722","labeledBy":"AUTO","labeledByUserId":null,"acceptedByUserId":null,"rejectedByUserId":null,"layer":0,"counter":0,"status":"LABELED","hashCode":"SPAN:52S_6moRfhjC-yXgIBeCp:0:84:0:18:0:84:0:19:4:0:undefined:undefined","labelName":"52S_6moRfhjC-yXgIBeCp","labelItem":{"id":"52S_6moRfhjC-yXgIBeCp","labelName":"Date"},"textPosition":{"start":{"row":84,"column":0,"tokenIndex":18,"charIndex":0},"end":{"row":84,"column":0,"tokenIndex":19,"charIndex":4}},"confidenceScore":null},{"id":"1663424734","labeledBy":"AUTO","labeledByUserId":null,"acceptedByUserId":null,"rejectedByUserId":null,"layer":0,"counter":0,"status":"LABELED","hashCode":"SPAN:eS2knCRgLegeRw8bcmSWA:0:85:0:0:0:85:0:3:10:0:undefined:undefined","labelName":"eS2knCRgLegeRw8bcmSWA","labelItem":{"id":"eS2knCRgLegeRw8bcmSWA","labelName":"Skill"},"textPosition":{"start":{"row":85,"column":0,"tokenIndex":0,"charIndex":0},"end":{"row":85,"column":0,"tokenIndex":3,"charIndex":10}},"confidenceScore":null},{"id":"1663424725","labeledBy":"AUTO","labeledByUserId":null,"acceptedByUserId":null,"rejectedByUserId":null,"layer":0,"counter":0,"status":"LABELED","hashCode":"SPAN:52S_6moRfhjC-yXgIBeCp:0:85:0:4:0:85:0:6:3:0:undefined:undefined","labelName":"52S_6moRfhjC-yXgIBeCp","labelItem":{"id":"52S_6moRfhjC-yXgIBeCp","labelName":"Date"},"textPosition":{"start":{"row":85,"column":0,"tokenIndex":4,"charIndex":0},"end":{"row":85,"column":0,"tokenIndex":6,"charIndex":3}},"confidenceScore":null},{"id":"1663424740","labeledBy":"AUTO","labeledByUserId":null,"acceptedByUserId":null,"rejectedByUserId":null,"layer":0,"counter":0,"status":"LABELED","hashCode":"SPAN:rj7TW0-ymuRo6f_asXJab:0:86:0:3:0:86:0:3:4:0:undefined:undefined","labelName":"rj7TW0-ymuRo6f_asXJab","labelItem":{"id":"rj7TW0-ymuRo6f_asXJab","labelName":"Company Name"},"textPosition":{"start":{"row":86,"column":0,"tokenIndex":3,"charIndex":0},"end":{"row":86,"column":0,"tokenIndex":3,"charIndex":4}},"confidenceScore":null},{"id":"1663424737","labeledBy":"AUTO","labeledByUserId":null,"acceptedByUserId":null,"rejectedByUserId":null,"layer":0,"counter":0,"status":"LABELED","hashCode":"SPAN:eS2knCRgLegeRw8bcmSWA:0:86:0:4:0:86:0:6:5:0:undefined:undefined","labelName":"eS2knCRgLegeRw8bcmSWA","labelItem":{"id":"eS2knCRgLegeRw8bcmSWA","labelName":"Skill"},"textPosition":{"start":{"row":86,"column":0,"tokenIndex":4,"charIndex":0},"end":{"row":86,"column":0,"tokenIndex":6,"charIndex":5}},"confidenceScore":null},{"id":"1663424728","labeledBy":"AUTO","labeledByUserId":null,"acceptedByUserId":null,"rejectedByUserId":null,"layer":0,"counter":0,"status":"LABELED","hashCode":"SPAN:52S_6moRfhjC-yXgIBeCp:0:86:0:7:0:86:0:9:3:0:undefined:undefined","labelName":"52S_6moRfhjC-yXgIBeCp","labelItem":{"id":"52S_6moRfhjC-yXgIBeCp","labelName":"Date"},"textPosition":{"start":{"row":86,"column":0,"tokenIndex":7,"charIndex":0},"end":{"row":86,"column":0,"tokenIndex":9,"charIndex":3}},"confidenceScore":null},{"id":"1663424743","labeledBy":"AUTO","labeledByUserId":null,"acceptedByUserId":null,"rejectedByUserId":null,"layer":0,"counter":0,"status":"LABELED","hashCode":"SPAN:rj7TW0-ymuRo6f_asXJab:0:87:0:0:0:87:0:3:4:0:undefined:undefined","labelName":"rj7TW0-ymuRo6f_asXJab","labelItem":{"id":"rj7TW0-ymuRo6f_asXJab","labelName":"Company Name"},"textPosition":{"start":{"row":87,"column":0,"tokenIndex":0,"charIndex":0},"end":{"row":87,"column":0,"tokenIndex":3,"charIndex":4}},"confidenceScore":null},{"id":"1663424746","labeledBy":"AUTO","labeledByUserId":null,"acceptedByUserId":null,"rejectedByUserId":null,"layer":0,"counter":0,"status":"LABELED","hashCode":"SPAN:eS2knCRgLegeRw8bcmSWA:0:87:0:4:0:87:0:5:5:0:undefined:undefined","labelName":"eS2knCRgLegeRw8bcmSWA","labelItem":{"id":"eS2knCRgLegeRw8bcmSWA","labelName":"Skill"},"textPosition":{"start":{"row":87,"column":0,"tokenIndex":4,"charIndex":0},"end":{"row":87,"column":0,"tokenIndex":5,"charIndex":5}},"confidenceScore":null},{"id":"1663424731","labeledBy":"AUTO","labeledByUserId":null,"acceptedByUserId":null,"rejectedByUserId":null,"layer":0,"counter":0,"status":"LABELED","hashCode":"SPAN:52S_6moRfhjC-yXgIBeCp:0:87:0:6:0:87:0:8:3:0:undefined:undefined","labelName":"52S_6moRfhjC-yXgIBeCp","labelItem":{"id":"52S_6moRfhjC-yXgIBeCp","labelName":"Date"},"textPosition":{"start":{"row":87,"column":0,"tokenIndex":6,"charIndex":0},"end":{"row":87,"column":0,"tokenIndex":8,"charIndex":3}},"confidenceScore":null}],"arrowLabels":[],"boundingBoxLabels":[],"timeLabels":[],"comments":[],"url":"datasaur://static/6814/89a87228-0aac-485f-9e2b-daa83fe7f7cf.txt"}}
