{"version":"1","data":{"project":{"id":"ODBjYmQ2MDg","name":"NLP SSM Final Project"},"document":{"id":"dfee4b7f-3f88-43b8-9988-2d277073e3ce","name":"resume_1464_d1.txt"},"kinds":["TOKEN_BASED"],"rows":[[{"content":"ADMINISTRATIVE ASSISTANT Career Overview I would like the opportunity to enhance your department with my experience, skills, and knowledge.","tokens":["ADMINISTRATIVE","ASSISTANT","Career","Overview","I","would","like","the","opportunity","to","enhance","your","department","with","my","experience,","skills,","and","knowledge."],"metadata":[]}],[{"content":"* Over 1.5 years as an assistant in the medical field.","tokens":["*","Over","1.5","years","as","an","assistant","in","the","medical","field."],"metadata":[]}],[{"content":"* Over 6 years in customer service and sales.","tokens":["*","Over","6","years","in","customer","service","and","sales."],"metadata":[]}],[{"content":"* Medical Billing and Coding Associates Degree completed in December 2012.","tokens":["*","Medical","Billing","and","Coding","Associates","Degree","completed","in","December","2012."],"metadata":[]}],[{"content":"Skill Highlights Microsoft Office (Access, Excel, Outlook, PowerPoint, Word) Quickbooks 2012 Medisoft ­ Electronic Medical Records: Practice Management Software Eyefinity ­ OfficeMate: Practice Management Software Eyefinity ­ ExamWRITER: Electronic Health Record Software Professional Experience Company Name June 2012 to June 2013 Administrative Assistant City , State Assist with creating all documents and a bookkeeping/accounting system.","tokens":["Skill","Highlights","Microsoft","Office","(Access,","Excel,","Outlook,","PowerPoint,","Word)","Quickbooks","2012","Medisoft","­","Electronic","Medical","Records:","Practice","Management","Software","Eyefinity","­","OfficeMate:","Practice","Management","Software","Eyefinity","­","ExamWRITER:","Electronic","Health","Record","Software","Professional","Experience","Company","Name","June","2012","to","June","2013","Administrative","Assistant","City",",","State","Assist","with","creating","all","documents","and","a","bookkeeping/accounting","system."],"metadata":[]}],[{"content":"Payroll and Bookkeeping.","tokens":["Payroll","and","Bookkeeping."],"metadata":[]}],[{"content":"Tax preparation for accountants.","tokens":["Tax","preparation","for","accountants."],"metadata":[]}],[{"content":"Answer phones in a professional manner and take messages.","tokens":["Answer","phones","in","a","professional","manner","and","take","messages."],"metadata":[]}],[{"content":"Schedule Meetings.","tokens":["Schedule","Meetings."],"metadata":[]}],[{"content":"Post job openings and screen candidates.","tokens":["Post","job","openings","and","screen","candidates."],"metadata":[]}],[{"content":"Completely run the office by myself.","tokens":["Completely","run","the","office","by","myself."],"metadata":[]}],[{"content":"Company Name February 2012 to Current Independent Consultant City , State Market and sell high quality kitchen tools and accessories through in-home demonstrations, booths at trade shows and fundraiser programs.","tokens":["Company","Name","February","2012","to","Current","Independent","Consultant","City",",","State","Market","and","sell","high","quality","kitchen","tools","and","accessories","through","in-home","demonstrations,","booths","at","trade","shows","and","fundraiser","programs."],"metadata":[]}],[{"content":"Create and publish monthly newsletters for customers and other consultants.","tokens":["Create","and","publish","monthly","newsletters","for","customers","and","other","consultants."],"metadata":[]}],[{"content":"Help plan, lead, and execute monthly kitchen consultant meetings and potential consultant workshops.","tokens":["Help","plan,","lead,","and","execute","monthly","kitchen","consultant","meetings","and","potential","consultant","workshops."],"metadata":[]}],[{"content":"Company Name May 2008 to October 2009 Paraoptometric Technician City , State Answered phones, greeted patients, and scheduled patients, called in prescriptions to pharmacies, and set up patient referrals to other doctors.","tokens":["Company","Name","May","2008","to","October","2009","Paraoptometric","Technician","City",",","State","Answered","phones,","greeted","patients,","and","scheduled","patients,","called","in","prescriptions","to","pharmacies,","and","set","up","patient","referrals","to","other","doctors."],"metadata":[]}],[{"content":"Gathered and recorded patient history.","tokens":["Gathered","and","recorded","patient","history."],"metadata":[]}],[{"content":"Performed pre-examination tests using techniques, procedures and equipment as instructed.","tokens":["Performed","pre-examination","tests","using","techniques,","procedures","and","equipment","as","instructed."],"metadata":[]}],[{"content":"Assisted optometrists conducting and recording patient examinations.","tokens":["Assisted","optometrists","conducting","and","recording","patient","examinations."],"metadata":[]}],[{"content":"Company Name October 2007 to March 2008 Sales and Service Specialist City , State Accepted phone orders for flower arrangements.","tokens":["Company","Name","October","2007","to","March","2008","Sales","and","Service","Specialist","City",",","State","Accepted","phone","orders","for","flower","arrangements."],"metadata":[]}],[{"content":"Represented items for 10 different companies.","tokens":["Represented","items","for","10","different","companies."],"metadata":[]}],[{"content":"Reconciled customer issues.","tokens":["Reconciled","customer","issues."],"metadata":[]}],[{"content":"Accepted payments for orders.","tokens":["Accepted","payments","for","orders."],"metadata":[]}],[{"content":"Issues credit when necessary.","tokens":["Issues","credit","when","necessary."],"metadata":[]}],[{"content":"Answered customer questions.","tokens":["Answered","customer","questions."],"metadata":[]}],[{"content":"Company Name March 2007 to May 2007 Shift Lead / Assistant Manager City , State Took and ordered inventory.","tokens":["Company","Name","March","2007","to","May","2007","Shift","Lead","/","Assistant","Manager","City",",","State","Took","and","ordered","inventory."],"metadata":[]}],[{"content":"Operated cash register.","tokens":["Operated","cash","register."],"metadata":[]}],[{"content":"Prepared food following customers' specifications.","tokens":["Prepared","food","following","customers'","specifications."],"metadata":[]}],[{"content":"Reconciled income and prepared and made bank deposits.","tokens":["Reconciled","income","and","prepared","and","made","bank","deposits."],"metadata":[]}],[{"content":"Trained and scheduled employees and began interviewing employees when store closed.","tokens":["Trained","and","scheduled","employees","and","began","interviewing","employees","when","store","closed."],"metadata":[]}],[{"content":"Assisted General Manager.","tokens":["Assisted","General","Manager."],"metadata":[]}],[{"content":"Company Name March 2006 to September 2007 Sales Associate City , State Answered questions regarding the store and its merchandise.","tokens":["Company","Name","March","2006","to","September","2007","Sales","Associate","City",",","State","Answered","questions","regarding","the","store","and","its","merchandise."],"metadata":[]}],[{"content":"Bagged / packaged purchases.","tokens":["Bagged","/","packaged","purchases."],"metadata":[]}],[{"content":"Maintained a clean and safe work environment.","tokens":["Maintained","a","clean","and","safe","work","environment."],"metadata":[]}],[{"content":"Faced and cleaned shelves, counters, and tables.","tokens":["Faced","and","cleaned","shelves,","counters,","and","tables."],"metadata":[]}],[{"content":"Computed sales prices and received cash or credit payment.","tokens":["Computed","sales","prices","and","received","cash","or","credit","payment."],"metadata":[]}],[{"content":"Described merchandise and explained use, operation, and care of merchandise to customers.","tokens":["Described","merchandise","and","explained","use,","operation,","and","care","of","merchandise","to","customers."],"metadata":[]}],[{"content":"Greeted customers and ascertained what each customer wanted or needed.","tokens":["Greeted","customers","and","ascertained","what","each","customer","wanted","or","needed."],"metadata":[]}],[{"content":"Helped customers try on or fit merchandise.","tokens":["Helped","customers","try","on","or","fit","merchandise."],"metadata":[]}],[{"content":"Inventoried stock and requisitioned new stock.","tokens":["Inventoried","stock","and","requisitioned","new","stock."],"metadata":[]}],[{"content":"Maintained knowledge of current sales and promotions, policies regarding payment and exchanges, and security practices.","tokens":["Maintained","knowledge","of","current","sales","and","promotions,","policies","regarding","payment","and","exchanges,","and","security","practices."],"metadata":[]}],[{"content":"Opened and closed cash registers, performing tasks such as counting money, separating charge slips, coupons, and vouchers, balancing cash drawers.","tokens":["Opened","and","closed","cash","registers,","performing","tasks","such","as","counting","money,","separating","charge","slips,","coupons,","and","vouchers,","balancing","cash","drawers."],"metadata":[]}],[{"content":"Placed special orders or called other stores to find desired items.","tokens":["Placed","special","orders","or","called","other","stores","to","find","desired","items."],"metadata":[]}],[{"content":"Recommended, selected, and helped locate or obtain merchandise based on customer needs.","tokens":["Recommended,","selected,","and","helped","locate","or","obtain","merchandise","based","on","customer","needs."],"metadata":[]}],[{"content":"Arranged and displayed merchandise to promote sales.","tokens":["Arranged","and","displayed","merchandise","to","promote","sales."],"metadata":[]}],[{"content":"Maintained awareness to ensure safety and to prevent theft.","tokens":["Maintained","awareness","to","ensure","safety","and","to","prevent","theft."],"metadata":[]}],[{"content":"Company Name February 2006 to March 2006 Customer Service Rep City , State Answered phone calls for RCA Electronics.","tokens":["Company","Name","February","2006","to","March","2006","Customer","Service","Rep","City",",","State","Answered","phone","calls","for","RCA","Electronics."],"metadata":[]}],[{"content":"Performed troubleshooting duties for customers.","tokens":["Performed","troubleshooting","duties","for","customers."],"metadata":[]}],[{"content":"Logged information into computerized system.","tokens":["Logged","information","into","computerized","system."],"metadata":[]}],[{"content":"Looked up and cross referenced information in order to assist customers in an accurate manner.","tokens":["Looked","up","and","cross","referenced","information","in","order","to","assist","customers","in","an","accurate","manner."],"metadata":[]}],[{"content":"Company Name August 2004 to August 2005 Secretary City , State Answered phone calls in a professional manner.","tokens":["Company","Name","August","2004","to","August","2005","Secretary","City",",","State","Answered","phone","calls","in","a","professional","manner."],"metadata":[]}],[{"content":"Greeted customers.","tokens":["Greeted","customers."],"metadata":[]}],[{"content":"Completed shop tickets.","tokens":["Completed","shop","tickets."],"metadata":[]}],[{"content":"Operated office machinery.","tokens":["Operated","office","machinery."],"metadata":[]}],[{"content":"Accepted payments and wrote receipts.","tokens":["Accepted","payments","and","wrote","receipts."],"metadata":[]}],[{"content":"Performed payroll and bookkeeping functions.","tokens":["Performed","payroll","and","bookkeeping","functions."],"metadata":[]}],[{"content":"Used a computer.","tokens":["Used","a","computer."],"metadata":[]}],[{"content":"Set up a website and listed cars for sale on the Internet.","tokens":["Set","up","a","website","and","listed","cars","for","sale","on","the","Internet."],"metadata":[]}],[{"content":"Completed paperwork for titling/retitling (title transfers).","tokens":["Completed","paperwork","for","titling/retitling","(title","transfers)."],"metadata":[]}],[{"content":"Education Cowley County Community College Associates of Applied Science : Medical Billing and Coding City , State Medical Billing and Coding Medical Office Support--College Certificate Cowley County Community College High School Diploma City , State Stillwater High School City , State Certifications Certified Paraoptometric (expires 11/2012)","tokens":["Education","Cowley","County","Community","College","Associates","of","Applied","Science",":","Medical","Billing","and","Coding","City",",","State","Medical","Billing","and","Coding","Medical","Office","Support--College","Certificate","Cowley","County","Community","College","High","School","Diploma","City",",","State","Stillwater","High","School","City",",","State","Certifications","Certified","Paraoptometric","(expires","11/2012)"],"metadata":[]}],[{"content":"Safety Training includes: HazCom, Bloodborne Pathogens and Lifting Skills accounting, Bookkeeping, cash register, cash registers, consultant, credit, Electronics, General Manager, inventory, machinery, Market, Medisoft, Meetings, Access, Excel, money, Microsoft Office, Office, Outlook, PowerPoint, Word, newsletters, Payroll, policies, quality, Quickbooks, recording, Safety, sales, tables, Tax preparation, phones, phone, Answer phones, trade shows, troubleshooting, website, workshops","tokens":["Safety","Training","includes:","HazCom,","Bloodborne","Pathogens","and","Lifting","Skills","accounting,","Bookkeeping,","cash","register,","cash","registers,","consultant,","credit,","Electronics,","General","Manager,","inventory,","machinery,","Market,","Medisoft,","Meetings,","Access,","Excel,","money,","Microsoft","Office,","Office,","Outlook,","PowerPoint,","Word,","newsletters,","Payroll,","policies,","quality,","Quickbooks,","recording,","Safety,","sales,","tables,","Tax","preparation,","phones,","phone,","Answer","phones,","trade","shows,","troubleshooting,","website,","workshops"],"metadata":[]}]],"labelerInfo":{"id":6814,"email":"cwilhel8@jh.edu","displayName":"Chris Wilhelm"},"labelSets":[{"name":"Resume Labels","index":0,"labelItems":[{"id":"Kj5U6n9NUqTXuWcB3c_7L","labelName":"College"},{"id":"rj7TW0-ymuRo6f_asXJab","labelName":"Company Name"},{"id":"SJEkdao76hjwbb6Fh5SY6","labelName":"Job Title"},{"id":"BjO8MdvK2KI4E5iMEeY4B","labelName":"Graduation Year"},{"id":"eS2knCRgLegeRw8bcmSWA","labelName":"Skill"},{"id":"IeEoIKabMl51BJE0gX2YL","labelName":"Degree"},{"id":"1R0C50AAwFbEp2O0WmRv6","labelName":"Location"},{"id":"zQcc4ygexJ_A3Gb0NeRTk","labelName":"Years of Experience"},{"id":"52S_6moRfhjC-yXgIBeCp","labelName":"Date"},{"id":"KiLarWmwlU1E3-FfdG6Qg","labelName":"Project"},{"id":"dyxKKTAxW1z5ifjPj42BI","labelName":"Name"}]}],"spanLabels":[{"id":"1663390751","labeledBy":"AUTO","labeledByUserId":null,"acceptedByUserId":null,"rejectedByUserId":null,"layer":0,"counter":0,"status":"LABELED","hashCode":"SPAN:SJEkdao76hjwbb6Fh5SY6:0:0:0:0:0:0:0:1:8:0:undefined:undefined","labelName":"SJEkdao76hjwbb6Fh5SY6","labelItem":{"id":"SJEkdao76hjwbb6Fh5SY6","labelName":"Job Title"},"textPosition":{"start":{"row":0,"column":0,"tokenIndex":0,"charIndex":0},"end":{"row":0,"column":0,"tokenIndex":1,"charIndex":8}},"confidenceScore":null},{"id":"1663390754","labeledBy":"AUTO","labeledByUserId":null,"acceptedByUserId":null,"rejectedByUserId":null,"layer":0,"counter":0,"status":"LABELED","hashCode":"SPAN:zQcc4ygexJ_A3Gb0NeRTk:0:2:0:2:0:2:0:3:4:0:undefined:undefined","labelName":"zQcc4ygexJ_A3Gb0NeRTk","labelItem":{"id":"zQcc4ygexJ_A3Gb0NeRTk","labelName":"Years of Experience"},"textPosition":{"start":{"row":2,"column":0,"tokenIndex":2,"charIndex":0},"end":{"row":2,"column":0,"tokenIndex":3,"charIndex":4}},"confidenceScore":null},{"id":"1663390757","labeledBy":"AUTO","labeledByUserId":null,"acceptedByUserId":null,"rejectedByUserId":null,"layer":0,"counter":0,"status":"LABELED","hashCode":"SPAN:eS2knCRgLegeRw8bcmSWA:0:3:0:1:0:3:0:2:6:0:undefined:undefined","labelName":"eS2knCRgLegeRw8bcmSWA","labelItem":{"id":"eS2knCRgLegeRw8bcmSWA","labelName":"Skill"},"textPosition":{"start":{"row":3,"column":0,"tokenIndex":1,"charIndex":0},"end":{"row":3,"column":0,"tokenIndex":2,"charIndex":6}},"confidenceScore":null},{"id":"1663390760","labeledBy":"AUTO","labeledByUserId":null,"acceptedByUserId":null,"rejectedByUserId":null,"layer":0,"counter":0,"status":"LABELED","hashCode":"SPAN:IeEoIKabMl51BJE0gX2YL:0:3:0:1:0:3:0:6:5:0:undefined:undefined","labelName":"IeEoIKabMl51BJE0gX2YL","labelItem":{"id":"IeEoIKabMl51BJE0gX2YL","labelName":"Degree"},"textPosition":{"start":{"row":3,"column":0,"tokenIndex":1,"charIndex":0},"end":{"row":3,"column":0,"tokenIndex":6,"charIndex":5}},"confidenceScore":null},{"id":"1663390763","labeledBy":"AUTO","labeledByUserId":null,"acceptedByUserId":null,"rejectedByUserId":null,"layer":0,"counter":0,"status":"LABELED","hashCode":"SPAN:BjO8MdvK2KI4E5iMEeY4B:0:3:0:9:0:3:0:10:4:0:undefined:undefined","labelName":"BjO8MdvK2KI4E5iMEeY4B","labelItem":{"id":"BjO8MdvK2KI4E5iMEeY4B","labelName":"Graduation Year"},"textPosition":{"start":{"row":3,"column":0,"tokenIndex":9,"charIndex":0},"end":{"row":3,"column":0,"tokenIndex":10,"charIndex":4}},"confidenceScore":null},{"id":"1663390766","labeledBy":"AUTO","labeledByUserId":null,"acceptedByUserId":null,"rejectedByUserId":null,"layer":0,"counter":0,"status":"LABELED","hashCode":"SPAN:eS2knCRgLegeRw8bcmSWA:0:4:0:2:0:4:0:3:5:0:undefined:undefined","labelName":"eS2knCRgLegeRw8bcmSWA","labelItem":{"id":"eS2knCRgLegeRw8bcmSWA","labelName":"Skill"},"textPosition":{"start":{"row":4,"column":0,"tokenIndex":2,"charIndex":0},"end":{"row":4,"column":0,"tokenIndex":3,"charIndex":5}},"confidenceScore":null},{"id":"1663390769","labeledBy":"AUTO","labeledByUserId":null,"acceptedByUserId":null,"rejectedByUserId":null,"layer":0,"counter":0,"status":"LABELED","hashCode":"SPAN:eS2knCRgLegeRw8bcmSWA:0:4:0:4:0:4:0:4:7:0:undefined:undefined","labelName":"eS2knCRgLegeRw8bcmSWA","labelItem":{"id":"eS2knCRgLegeRw8bcmSWA","labelName":"Skill"},"textPosition":{"start":{"row":4,"column":0,"tokenIndex":4,"charIndex":0},"end":{"row":4,"column":0,"tokenIndex":4,"charIndex":7}},"confidenceScore":null},{"id":"1663390779","labeledBy":"AUTO","labeledByUserId":null,"acceptedByUserId":null,"rejectedByUserId":null,"layer":0,"counter":0,"status":"LABELED","hashCode":"SPAN:eS2knCRgLegeRw8bcmSWA:0:4:0:5:0:4:0:5:5:0:undefined:undefined","labelName":"eS2knCRgLegeRw8bcmSWA","labelItem":{"id":"eS2knCRgLegeRw8bcmSWA","labelName":"Skill"},"textPosition":{"start":{"row":4,"column":0,"tokenIndex":5,"charIndex":0},"end":{"row":4,"column":0,"tokenIndex":5,"charIndex":5}},"confidenceScore":null},{"id":"1663390781","labeledBy":"AUTO","labeledByUserId":null,"acceptedByUserId":null,"rejectedByUserId":null,"layer":0,"counter":0,"status":"LABELED","hashCode":"SPAN:eS2knCRgLegeRw8bcmSWA:0:4:0:6:0:4:0:6:7:0:undefined:undefined","labelName":"eS2knCRgLegeRw8bcmSWA","labelItem":{"id":"eS2knCRgLegeRw8bcmSWA","labelName":"Skill"},"textPosition":{"start":{"row":4,"column":0,"tokenIndex":6,"charIndex":0},"end":{"row":4,"column":0,"tokenIndex":6,"charIndex":7}},"confidenceScore":null},{"id":"1663390773","labeledBy":"AUTO","labeledByUserId":null,"acceptedByUserId":null,"rejectedByUserId":null,"layer":0,"counter":0,"status":"LABELED","hashCode":"SPAN:eS2knCRgLegeRw8bcmSWA:0:4:0:7:0:4:0:7:10:0:undefined:undefined","labelName":"eS2knCRgLegeRw8bcmSWA","labelItem":{"id":"eS2knCRgLegeRw8bcmSWA","labelName":"Skill"},"textPosition":{"start":{"row":4,"column":0,"tokenIndex":7,"charIndex":0},"end":{"row":4,"column":0,"tokenIndex":7,"charIndex":10}},"confidenceScore":null},{"id":"1663390777","labeledBy":"AUTO","labeledByUserId":null,"acceptedByUserId":null,"rejectedByUserId":null,"layer":0,"counter":0,"status":"LABELED","hashCode":"SPAN:eS2knCRgLegeRw8bcmSWA:0:4:0:8:0:4:0:8:4:0:undefined:undefined","labelName":"eS2knCRgLegeRw8bcmSWA","labelItem":{"id":"eS2knCRgLegeRw8bcmSWA","labelName":"Skill"},"textPosition":{"start":{"row":4,"column":0,"tokenIndex":8,"charIndex":0},"end":{"row":4,"column":0,"tokenIndex":8,"charIndex":4}},"confidenceScore":null},{"id":"1663390784","labeledBy":"AUTO","labeledByUserId":null,"acceptedByUserId":null,"rejectedByUserId":null,"layer":0,"counter":0,"status":"LABELED","hashCode":"SPAN:eS2knCRgLegeRw8bcmSWA:0:4:0:9:0:4:0:9:9:0:undefined:undefined","labelName":"eS2knCRgLegeRw8bcmSWA","labelItem":{"id":"eS2knCRgLegeRw8bcmSWA","labelName":"Skill"},"textPosition":{"start":{"row":4,"column":0,"tokenIndex":9,"charIndex":0},"end":{"row":4,"column":0,"tokenIndex":9,"charIndex":9}},"confidenceScore":null},{"id":"1663390787","labeledBy":"AUTO","labeledByUserId":null,"acceptedByUserId":null,"rejectedByUserId":null,"layer":0,"counter":0,"status":"LABELED","hashCode":"SPAN:52S_6moRfhjC-yXgIBeCp:0:4:0:10:0:4:0:10:3:0:undefined:undefined","labelName":"52S_6moRfhjC-yXgIBeCp","labelItem":{"id":"52S_6moRfhjC-yXgIBeCp","labelName":"Date"},"textPosition":{"start":{"row":4,"column":0,"tokenIndex":10,"charIndex":0},"end":{"row":4,"column":0,"tokenIndex":10,"charIndex":3}},"confidenceScore":null},{"id":"1663390790","labeledBy":"AUTO","labeledByUserId":null,"acceptedByUserId":null,"rejectedByUserId":null,"layer":0,"counter":0,"status":"LABELED","hashCode":"SPAN:eS2knCRgLegeRw8bcmSWA:0:4:0:11:0:4:0:11:7:0:undefined:undefined","labelName":"eS2knCRgLegeRw8bcmSWA","labelItem":{"id":"eS2knCRgLegeRw8bcmSWA","labelName":"Skill"},"textPosition":{"start":{"row":4,"column":0,"tokenIndex":11,"charIndex":0},"end":{"row":4,"column":0,"tokenIndex":11,"charIndex":7}},"confidenceScore":null},{"id":"1663390793","labeledBy":"AUTO","labeledByUserId":null,"acceptedByUserId":null,"rejectedByUserId":null,"layer":0,"counter":0,"status":"LABELED","hashCode":"SPAN:eS2knCRgLegeRw8bcmSWA:0:4:0:13:0:4:0:15:7:0:undefined:undefined","labelName":"eS2knCRgLegeRw8bcmSWA","labelItem":{"id":"eS2knCRgLegeRw8bcmSWA","labelName":"Skill"},"textPosition":{"start":{"row":4,"column":0,"tokenIndex":13,"charIndex":0},"end":{"row":4,"column":0,"tokenIndex":15,"charIndex":7}},"confidenceScore":null},{"id":"1663390796","labeledBy":"AUTO","labeledByUserId":null,"acceptedByUserId":null,"rejectedByUserId":null,"layer":0,"counter":0,"status":"LABELED","hashCode":"SPAN:eS2knCRgLegeRw8bcmSWA:0:4:0:21:0:4:0:21:10:0:undefined:undefined","labelName":"eS2knCRgLegeRw8bcmSWA","labelItem":{"id":"eS2knCRgLegeRw8bcmSWA","labelName":"Skill"},"textPosition":{"start":{"row":4,"column":0,"tokenIndex":21,"charIndex":0},"end":{"row":4,"column":0,"tokenIndex":21,"charIndex":10}},"confidenceScore":null},{"id":"1663390799","labeledBy":"AUTO","labeledByUserId":null,"acceptedByUserId":null,"rejectedByUserId":null,"layer":0,"counter":0,"status":"LABELED","hashCode":"SPAN:eS2knCRgLegeRw8bcmSWA:0:4:0:27:0:4:0:27:10:0:undefined:undefined","labelName":"eS2knCRgLegeRw8bcmSWA","labelItem":{"id":"eS2knCRgLegeRw8bcmSWA","labelName":"Skill"},"textPosition":{"start":{"row":4,"column":0,"tokenIndex":27,"charIndex":0},"end":{"row":4,"column":0,"tokenIndex":27,"charIndex":10}},"confidenceScore":null},{"id":"1663390802","labeledBy":"AUTO","labeledByUserId":null,"acceptedByUserId":null,"rejectedByUserId":null,"layer":0,"counter":0,"status":"LABELED","hashCode":"SPAN:rj7TW0-ymuRo6f_asXJab:0:4:0:34:0:4:0:35:3:0:undefined:undefined","labelName":"rj7TW0-ymuRo6f_asXJab","labelItem":{"id":"rj7TW0-ymuRo6f_asXJab","labelName":"Company Name"},"textPosition":{"start":{"row":4,"column":0,"tokenIndex":34,"charIndex":0},"end":{"row":4,"column":0,"tokenIndex":35,"charIndex":3}},"confidenceScore":null},{"id":"1663390805","labeledBy":"AUTO","labeledByUserId":null,"acceptedByUserId":null,"rejectedByUserId":null,"layer":0,"counter":0,"status":"LABELED","hashCode":"SPAN:52S_6moRfhjC-yXgIBeCp:0:4:0:36:0:4:0:37:3:0:undefined:undefined","labelName":"52S_6moRfhjC-yXgIBeCp","labelItem":{"id":"52S_6moRfhjC-yXgIBeCp","labelName":"Date"},"textPosition":{"start":{"row":4,"column":0,"tokenIndex":36,"charIndex":0},"end":{"row":4,"column":0,"tokenIndex":37,"charIndex":3}},"confidenceScore":null},{"id":"1663390808","labeledBy":"AUTO","labeledByUserId":null,"acceptedByUserId":null,"rejectedByUserId":null,"layer":0,"counter":0,"status":"LABELED","hashCode":"SPAN:52S_6moRfhjC-yXgIBeCp:0:4:0:39:0:4:0:40:3:0:undefined:undefined","labelName":"52S_6moRfhjC-yXgIBeCp","labelItem":{"id":"52S_6moRfhjC-yXgIBeCp","labelName":"Date"},"textPosition":{"start":{"row":4,"column":0,"tokenIndex":39,"charIndex":0},"end":{"row":4,"column":0,"tokenIndex":40,"charIndex":3}},"confidenceScore":null},{"id":"1663390811","labeledBy":"AUTO","labeledByUserId":null,"acceptedByUserId":null,"rejectedByUserId":null,"layer":0,"counter":0,"status":"LABELED","hashCode":"SPAN:SJEkdao76hjwbb6Fh5SY6:0:4:0:41:0:4:0:42:8:0:undefined:undefined","labelName":"SJEkdao76hjwbb6Fh5SY6","labelItem":{"id":"SJEkdao76hjwbb6Fh5SY6","labelName":"Job Title"},"textPosition":{"start":{"row":4,"column":0,"tokenIndex":41,"charIndex":0},"end":{"row":4,"column":0,"tokenIndex":42,"charIndex":8}},"confidenceScore":null},{"id":"1663390814","labeledBy":"AUTO","labeledByUserId":null,"acceptedByUserId":null,"rejectedByUserId":null,"layer":0,"counter":0,"status":"LABELED","hashCode":"SPAN:1R0C50AAwFbEp2O0WmRv6:0:4:0:43:0:4:0:43:3:0:undefined:undefined","labelName":"1R0C50AAwFbEp2O0WmRv6","labelItem":{"id":"1R0C50AAwFbEp2O0WmRv6","labelName":"Location"},"textPosition":{"start":{"row":4,"column":0,"tokenIndex":43,"charIndex":0},"end":{"row":4,"column":0,"tokenIndex":43,"charIndex":3}},"confidenceScore":null},{"id":"1663390817","labeledBy":"AUTO","labeledByUserId":null,"acceptedByUserId":null,"rejectedByUserId":null,"layer":0,"counter":0,"status":"LABELED","hashCode":"SPAN:1R0C50AAwFbEp2O0WmRv6:0:4:0:45:0:4:0:45:4:0:undefined:undefined","labelName":"1R0C50AAwFbEp2O0WmRv6","labelItem":{"id":"1R0C50AAwFbEp2O0WmRv6","labelName":"Location"},"textPosition":{"start":{"row":4,"column":0,"tokenIndex":45,"charIndex":0},"end":{"row":4,"column":0,"tokenIndex":45,"charIndex":4}},"confidenceScore":null},{"id":"1663390820","labeledBy":"AUTO","labeledByUserId":null,"acceptedByUserId":null,"rejectedByUserId":null,"layer":0,"counter":0,"status":"LABELED","hashCode":"SPAN:eS2knCRgLegeRw8bcmSWA:0:4:0:53:0:4:0:53:21:0:undefined:undefined","labelName":"eS2knCRgLegeRw8bcmSWA","labelItem":{"id":"eS2knCRgLegeRw8bcmSWA","labelName":"Skill"},"textPosition":{"start":{"row":4,"column":0,"tokenIndex":53,"charIndex":0},"end":{"row":4,"column":0,"tokenIndex":53,"charIndex":21}},"confidenceScore":null},{"id":"1663390823","labeledBy":"AUTO","labeledByUserId":null,"acceptedByUserId":null,"rejectedByUserId":null,"layer":0,"counter":0,"status":"LABELED","hashCode":"SPAN:eS2knCRgLegeRw8bcmSWA:0:5:0:0:0:5:0:0:6:0:undefined:undefined","labelName":"eS2knCRgLegeRw8bcmSWA","labelItem":{"id":"eS2knCRgLegeRw8bcmSWA","labelName":"Skill"},"textPosition":{"start":{"row":5,"column":0,"tokenIndex":0,"charIndex":0},"end":{"row":5,"column":0,"tokenIndex":0,"charIndex":6}},"confidenceScore":null},{"id":"1663390826","labeledBy":"AUTO","labeledByUserId":null,"acceptedByUserId":null,"rejectedByUserId":null,"layer":0,"counter":0,"status":"LABELED","hashCode":"SPAN:eS2knCRgLegeRw8bcmSWA:0:5:0:2:0:5:0:2:11:0:undefined:undefined","labelName":"eS2knCRgLegeRw8bcmSWA","labelItem":{"id":"eS2knCRgLegeRw8bcmSWA","labelName":"Skill"},"textPosition":{"start":{"row":5,"column":0,"tokenIndex":2,"charIndex":0},"end":{"row":5,"column":0,"tokenIndex":2,"charIndex":11}},"confidenceScore":null},{"id":"1663390829","labeledBy":"AUTO","labeledByUserId":null,"acceptedByUserId":null,"rejectedByUserId":null,"layer":0,"counter":0,"status":"LABELED","hashCode":"SPAN:eS2knCRgLegeRw8bcmSWA:0:6:0:0:0:6:0:1:10:0:undefined:undefined","labelName":"eS2knCRgLegeRw8bcmSWA","labelItem":{"id":"eS2knCRgLegeRw8bcmSWA","labelName":"Skill"},"textPosition":{"start":{"row":6,"column":0,"tokenIndex":0,"charIndex":0},"end":{"row":6,"column":0,"tokenIndex":1,"charIndex":10}},"confidenceScore":null},{"id":"1663390832","labeledBy":"AUTO","labeledByUserId":null,"acceptedByUserId":null,"rejectedByUserId":null,"layer":0,"counter":0,"status":"LABELED","hashCode":"SPAN:eS2knCRgLegeRw8bcmSWA:0:8:0:0:0:8:0:1:8:0:undefined:undefined","labelName":"eS2knCRgLegeRw8bcmSWA","labelItem":{"id":"eS2knCRgLegeRw8bcmSWA","labelName":"Skill"},"textPosition":{"start":{"row":8,"column":0,"tokenIndex":0,"charIndex":0},"end":{"row":8,"column":0,"tokenIndex":1,"charIndex":8}},"confidenceScore":null},{"id":"1663390835","labeledBy":"AUTO","labeledByUserId":null,"acceptedByUserId":null,"rejectedByUserId":null,"layer":0,"counter":0,"status":"LABELED","hashCode":"SPAN:eS2knCRgLegeRw8bcmSWA:0:9:0:4:0:9:0:5:10:0:undefined:undefined","labelName":"eS2knCRgLegeRw8bcmSWA","labelItem":{"id":"eS2knCRgLegeRw8bcmSWA","labelName":"Skill"},"textPosition":{"start":{"row":9,"column":0,"tokenIndex":4,"charIndex":0},"end":{"row":9,"column":0,"tokenIndex":5,"charIndex":10}},"confidenceScore":null},{"id":"1663390838","labeledBy":"AUTO","labeledByUserId":null,"acceptedByUserId":null,"rejectedByUserId":null,"layer":0,"counter":0,"status":"LABELED","hashCode":"SPAN:rj7TW0-ymuRo6f_asXJab:0:11:0:0:0:11:0:1:3:0:undefined:undefined","labelName":"rj7TW0-ymuRo6f_asXJab","labelItem":{"id":"rj7TW0-ymuRo6f_asXJab","labelName":"Company Name"},"textPosition":{"start":{"row":11,"column":0,"tokenIndex":0,"charIndex":0},"end":{"row":11,"column":0,"tokenIndex":1,"charIndex":3}},"confidenceScore":null},{"id":"1663390841","labeledBy":"AUTO","labeledByUserId":null,"acceptedByUserId":null,"rejectedByUserId":null,"layer":0,"counter":0,"status":"LABELED","hashCode":"SPAN:52S_6moRfhjC-yXgIBeCp:0:11:0:2:0:11:0:3:3:0:undefined:undefined","labelName":"52S_6moRfhjC-yXgIBeCp","labelItem":{"id":"52S_6moRfhjC-yXgIBeCp","labelName":"Date"},"textPosition":{"start":{"row":11,"column":0,"tokenIndex":2,"charIndex":0},"end":{"row":11,"column":0,"tokenIndex":3,"charIndex":3}},"confidenceScore":null},{"id":"1663390844","labeledBy":"AUTO","labeledByUserId":null,"acceptedByUserId":null,"rejectedByUserId":null,"layer":0,"counter":0,"status":"LABELED","hashCode":"SPAN:52S_6moRfhjC-yXgIBeCp:0:11:0:5:0:11:0:5:6:0:undefined:undefined","labelName":"52S_6moRfhjC-yXgIBeCp","labelItem":{"id":"52S_6moRfhjC-yXgIBeCp","labelName":"Date"},"textPosition":{"start":{"row":11,"column":0,"tokenIndex":5,"charIndex":0},"end":{"row":11,"column":0,"tokenIndex":5,"charIndex":6}},"confidenceScore":null},{"id":"1663390847","labeledBy":"AUTO","labeledByUserId":null,"acceptedByUserId":null,"rejectedByUserId":null,"layer":0,"counter":0,"status":"LABELED","hashCode":"SPAN:SJEkdao76hjwbb6Fh5SY6:0:11:0:6:0:11:0:7:9:0:undefined:undefined","labelName":"SJEkdao76hjwbb6Fh5SY6","labelItem":{"id":"SJEkdao76hjwbb6Fh5SY6","labelName":"Job Title"},"textPosition":{"start":{"row":11,"column":0,"tokenIndex":6,"charIndex":0},"end":{"row":11,"column":0,"tokenIndex":7,"charIndex":9}},"confidenceScore":null},{"id":"1663390850","labeledBy":"AUTO","labeledByUserId":null,"acceptedByUserId":null,"rejectedByUserId":null,"layer":0,"counter":0,"status":"LABELED","hashCode":"SPAN:1R0C50AAwFbEp2O0WmRv6:0:11:0:8:0:11:0:8:3:0:undefined:undefined","labelName":"1R0C50AAwFbEp2O0WmRv6","labelItem":{"id":"1R0C50AAwFbEp2O0WmRv6","labelName":"Location"},"textPosition":{"start":{"row":11,"column":0,"tokenIndex":8,"charIndex":0},"end":{"row":11,"column":0,"tokenIndex":8,"charIndex":3}},"confidenceScore":null},{"id":"1663390853","labeledBy":"AUTO","labeledByUserId":null,"acceptedByUserId":null,"rejectedByUserId":null,"layer":0,"counter":0,"status":"LABELED","hashCode":"SPAN:1R0C50AAwFbEp2O0WmRv6:0:11:0:10:0:11:0:10:4:0:undefined:undefined","labelName":"1R0C50AAwFbEp2O0WmRv6","labelItem":{"id":"1R0C50AAwFbEp2O0WmRv6","labelName":"Location"},"textPosition":{"start":{"row":11,"column":0,"tokenIndex":10,"charIndex":0},"end":{"row":11,"column":0,"tokenIndex":10,"charIndex":4}},"confidenceScore":null},{"id":"1663390856","labeledBy":"AUTO","labeledByUserId":null,"acceptedByUserId":null,"rejectedByUserId":null,"layer":0,"counter":0,"status":"LABELED","hashCode":"SPAN:eS2knCRgLegeRw8bcmSWA:0:11:0:11:0:11:0:11:5:0:undefined:undefined","labelName":"eS2knCRgLegeRw8bcmSWA","labelItem":{"id":"eS2knCRgLegeRw8bcmSWA","labelName":"Skill"},"textPosition":{"start":{"row":11,"column":0,"tokenIndex":11,"charIndex":0},"end":{"row":11,"column":0,"tokenIndex":11,"charIndex":5}},"confidenceScore":null},{"id":"1663390859","labeledBy":"AUTO","labeledByUserId":null,"acceptedByUserId":null,"rejectedByUserId":null,"layer":0,"counter":0,"status":"LABELED","hashCode":"SPAN:eS2knCRgLegeRw8bcmSWA:0:11:0:13:0:11:0:13:3:0:undefined:undefined","labelName":"eS2knCRgLegeRw8bcmSWA","labelItem":{"id":"eS2knCRgLegeRw8bcmSWA","labelName":"Skill"},"textPosition":{"start":{"row":11,"column":0,"tokenIndex":13,"charIndex":0},"end":{"row":11,"column":0,"tokenIndex":13,"charIndex":3}},"confidenceScore":null},{"id":"1663390862","labeledBy":"AUTO","labeledByUserId":null,"acceptedByUserId":null,"rejectedByUserId":null,"layer":0,"counter":0,"status":"LABELED","hashCode":"SPAN:eS2knCRgLegeRw8bcmSWA:0:12:0:0:0:12:0:0:5:0:undefined:undefined","labelName":"eS2knCRgLegeRw8bcmSWA","labelItem":{"id":"eS2knCRgLegeRw8bcmSWA","labelName":"Skill"},"textPosition":{"start":{"row":12,"column":0,"tokenIndex":0,"charIndex":0},"end":{"row":12,"column":0,"tokenIndex":0,"charIndex":5}},"confidenceScore":null},{"id":"1663390865","labeledBy":"AUTO","labeledByUserId":null,"acceptedByUserId":null,"rejectedByUserId":null,"layer":0,"counter":0,"status":"LABELED","hashCode":"SPAN:eS2knCRgLegeRw8bcmSWA:0:12:0:2:0:12:0:2:6:0:undefined:undefined","labelName":"eS2knCRgLegeRw8bcmSWA","labelItem":{"id":"eS2knCRgLegeRw8bcmSWA","labelName":"Skill"},"textPosition":{"start":{"row":12,"column":0,"tokenIndex":2,"charIndex":0},"end":{"row":12,"column":0,"tokenIndex":2,"charIndex":6}},"confidenceScore":null},{"id":"1663390868","labeledBy":"AUTO","labeledByUserId":null,"acceptedByUserId":null,"rejectedByUserId":null,"layer":0,"counter":0,"status":"LABELED","hashCode":"SPAN:eS2knCRgLegeRw8bcmSWA:0:12:0:4:0:12:0:4:10:0:undefined:undefined","labelName":"eS2knCRgLegeRw8bcmSWA","labelItem":{"id":"eS2knCRgLegeRw8bcmSWA","labelName":"Skill"},"textPosition":{"start":{"row":12,"column":0,"tokenIndex":4,"charIndex":0},"end":{"row":12,"column":0,"tokenIndex":4,"charIndex":10}},"confidenceScore":null},{"id":"1663390871","labeledBy":"AUTO","labeledByUserId":null,"acceptedByUserId":null,"rejectedByUserId":null,"layer":0,"counter":0,"status":"LABELED","hashCode":"SPAN:eS2knCRgLegeRw8bcmSWA:0:13:0:1:0:13:0:1:4:0:undefined:undefined","labelName":"eS2knCRgLegeRw8bcmSWA","labelItem":{"id":"eS2knCRgLegeRw8bcmSWA","labelName":"Skill"},"textPosition":{"start":{"row":13,"column":0,"tokenIndex":1,"charIndex":0},"end":{"row":13,"column":0,"tokenIndex":1,"charIndex":4}},"confidenceScore":null},{"id":"1663390874","labeledBy":"AUTO","labeledByUserId":null,"acceptedByUserId":null,"rejectedByUserId":null,"layer":0,"counter":0,"status":"LABELED","hashCode":"SPAN:eS2knCRgLegeRw8bcmSWA:0:13:0:2:0:13:0:2:4:0:undefined:undefined","labelName":"eS2knCRgLegeRw8bcmSWA","labelItem":{"id":"eS2knCRgLegeRw8bcmSWA","labelName":"Skill"},"textPosition":{"start":{"row":13,"column":0,"tokenIndex":2,"charIndex":0},"end":{"row":13,"column":0,"tokenIndex":2,"charIndex":4}},"confidenceScore":null},{"id":"1663390877","labeledBy":"AUTO","labeledByUserId":null,"acceptedByUserId":null,"rejectedByUserId":null,"layer":0,"counter":0,"status":"LABELED","hashCode":"SPAN:eS2knCRgLegeRw8bcmSWA:0:13:0:4:0:13:0:4:6:0:undefined:undefined","labelName":"eS2knCRgLegeRw8bcmSWA","labelItem":{"id":"eS2knCRgLegeRw8bcmSWA","labelName":"Skill"},"textPosition":{"start":{"row":13,"column":0,"tokenIndex":4,"charIndex":0},"end":{"row":13,"column":0,"tokenIndex":4,"charIndex":6}},"confidenceScore":null},{"id":"1663390880","labeledBy":"AUTO","labeledByUserId":null,"acceptedByUserId":null,"rejectedByUserId":null,"layer":0,"counter":0,"status":"LABELED","hashCode":"SPAN:eS2knCRgLegeRw8bcmSWA:0:13:0:8:0:13:0:8:7:0:undefined:undefined","labelName":"eS2knCRgLegeRw8bcmSWA","labelItem":{"id":"eS2knCRgLegeRw8bcmSWA","labelName":"Skill"},"textPosition":{"start":{"row":13,"column":0,"tokenIndex":8,"charIndex":0},"end":{"row":13,"column":0,"tokenIndex":8,"charIndex":7}},"confidenceScore":null},{"id":"1663390883","labeledBy":"AUTO","labeledByUserId":null,"acceptedByUserId":null,"rejectedByUserId":null,"layer":0,"counter":0,"status":"LABELED","hashCode":"SPAN:rj7TW0-ymuRo6f_asXJab:0:14:0:0:0:14:0:1:3:0:undefined:undefined","labelName":"rj7TW0-ymuRo6f_asXJab","labelItem":{"id":"rj7TW0-ymuRo6f_asXJab","labelName":"Company Name"},"textPosition":{"start":{"row":14,"column":0,"tokenIndex":0,"charIndex":0},"end":{"row":14,"column":0,"tokenIndex":1,"charIndex":3}},"confidenceScore":null},{"id":"1663390886","labeledBy":"AUTO","labeledByUserId":null,"acceptedByUserId":null,"rejectedByUserId":null,"layer":0,"counter":0,"status":"LABELED","hashCode":"SPAN:52S_6moRfhjC-yXgIBeCp:0:14:0:2:0:14:0:3:3:0:undefined:undefined","labelName":"52S_6moRfhjC-yXgIBeCp","labelItem":{"id":"52S_6moRfhjC-yXgIBeCp","labelName":"Date"},"textPosition":{"start":{"row":14,"column":0,"tokenIndex":2,"charIndex":0},"end":{"row":14,"column":0,"tokenIndex":3,"charIndex":3}},"confidenceScore":null},{"id":"1663390889","labeledBy":"AUTO","labeledByUserId":null,"acceptedByUserId":null,"rejectedByUserId":null,"layer":0,"counter":0,"status":"LABELED","hashCode":"SPAN:52S_6moRfhjC-yXgIBeCp:0:14:0:5:0:14:0:6:3:0:undefined:undefined","labelName":"52S_6moRfhjC-yXgIBeCp","labelItem":{"id":"52S_6moRfhjC-yXgIBeCp","labelName":"Date"},"textPosition":{"start":{"row":14,"column":0,"tokenIndex":5,"charIndex":0},"end":{"row":14,"column":0,"tokenIndex":6,"charIndex":3}},"confidenceScore":null},{"id":"1663390892","labeledBy":"AUTO","labeledByUserId":null,"acceptedByUserId":null,"rejectedByUserId":null,"layer":0,"counter":0,"status":"LABELED","hashCode":"SPAN:SJEkdao76hjwbb6Fh5SY6:0:14:0:7:0:14:0:8:9:0:undefined:undefined","labelName":"SJEkdao76hjwbb6Fh5SY6","labelItem":{"id":"SJEkdao76hjwbb6Fh5SY6","labelName":"Job Title"},"textPosition":{"start":{"row":14,"column":0,"tokenIndex":7,"charIndex":0},"end":{"row":14,"column":0,"tokenIndex":8,"charIndex":9}},"confidenceScore":null},{"id":"1663390895","labeledBy":"AUTO","labeledByUserId":null,"acceptedByUserId":null,"rejectedByUserId":null,"layer":0,"counter":0,"status":"LABELED","hashCode":"SPAN:1R0C50AAwFbEp2O0WmRv6:0:14:0:9:0:14:0:9:3:0:undefined:undefined","labelName":"1R0C50AAwFbEp2O0WmRv6","labelItem":{"id":"1R0C50AAwFbEp2O0WmRv6","labelName":"Location"},"textPosition":{"start":{"row":14,"column":0,"tokenIndex":9,"charIndex":0},"end":{"row":14,"column":0,"tokenIndex":9,"charIndex":3}},"confidenceScore":null},{"id":"1663390898","labeledBy":"AUTO","labeledByUserId":null,"acceptedByUserId":null,"rejectedByUserId":null,"layer":0,"counter":0,"status":"LABELED","hashCode":"SPAN:1R0C50AAwFbEp2O0WmRv6:0:14:0:11:0:14:0:11:4:0:undefined:undefined","labelName":"1R0C50AAwFbEp2O0WmRv6","labelItem":{"id":"1R0C50AAwFbEp2O0WmRv6","labelName":"Location"},"textPosition":{"start":{"row":14,"column":0,"tokenIndex":11,"charIndex":0},"end":{"row":14,"column":0,"tokenIndex":11,"charIndex":4}},"confidenceScore":null},{"id":"1663390901","labeledBy":"AUTO","labeledByUserId":null,"acceptedByUserId":null,"rejectedByUserId":null,"layer":0,"counter":0,"status":"LABELED","hashCode":"SPAN:eS2knCRgLegeRw8bcmSWA:0:16:0:1:0:16:0:2:4:0:undefined:undefined","labelName":"eS2knCRgLegeRw8bcmSWA","labelItem":{"id":"eS2knCRgLegeRw8bcmSWA","labelName":"Skill"},"textPosition":{"start":{"row":16,"column":0,"tokenIndex":1,"charIndex":0},"end":{"row":16,"column":0,"tokenIndex":2,"charIndex":4}},"confidenceScore":null},{"id":"1663390904","labeledBy":"AUTO","labeledByUserId":null,"acceptedByUserId":null,"rejectedByUserId":null,"layer":0,"counter":0,"status":"LABELED","hashCode":"SPAN:eS2knCRgLegeRw8bcmSWA:0:17:0:1:0:17:0:1:11:0:undefined:undefined","labelName":"eS2knCRgLegeRw8bcmSWA","labelItem":{"id":"eS2knCRgLegeRw8bcmSWA","labelName":"Skill"},"textPosition":{"start":{"row":17,"column":0,"tokenIndex":1,"charIndex":0},"end":{"row":17,"column":0,"tokenIndex":1,"charIndex":11}},"confidenceScore":null},{"id":"1663390907","labeledBy":"AUTO","labeledByUserId":null,"acceptedByUserId":null,"rejectedByUserId":null,"layer":0,"counter":0,"status":"LABELED","hashCode":"SPAN:eS2knCRgLegeRw8bcmSWA:0:17:0:4:0:17:0:6:12:0:undefined:undefined","labelName":"eS2knCRgLegeRw8bcmSWA","labelItem":{"id":"eS2knCRgLegeRw8bcmSWA","labelName":"Skill"},"textPosition":{"start":{"row":17,"column":0,"tokenIndex":4,"charIndex":0},"end":{"row":17,"column":0,"tokenIndex":6,"charIndex":12}},"confidenceScore":null},{"id":"1663390910","labeledBy":"AUTO","labeledByUserId":null,"acceptedByUserId":null,"rejectedByUserId":null,"layer":0,"counter":0,"status":"LABELED","hashCode":"SPAN:rj7TW0-ymuRo6f_asXJab:0:18:0:0:0:18:0:1:3:0:undefined:undefined","labelName":"rj7TW0-ymuRo6f_asXJab","labelItem":{"id":"rj7TW0-ymuRo6f_asXJab","labelName":"Company Name"},"textPosition":{"start":{"row":18,"column":0,"tokenIndex":0,"charIndex":0},"end":{"row":18,"column":0,"tokenIndex":1,"charIndex":3}},"confidenceScore":null},{"id":"1663390913","labeledBy":"AUTO","labeledByUserId":null,"acceptedByUserId":null,"rejectedByUserId":null,"layer":0,"counter":0,"status":"LABELED","hashCode":"SPAN:52S_6moRfhjC-yXgIBeCp:0:18:0:2:0:18:0:3:3:0:undefined:undefined","labelName":"52S_6moRfhjC-yXgIBeCp","labelItem":{"id":"52S_6moRfhjC-yXgIBeCp","labelName":"Date"},"textPosition":{"start":{"row":18,"column":0,"tokenIndex":2,"charIndex":0},"end":{"row":18,"column":0,"tokenIndex":3,"charIndex":3}},"confidenceScore":null},{"id":"1663390916","labeledBy":"AUTO","labeledByUserId":null,"acceptedByUserId":null,"rejectedByUserId":null,"layer":0,"counter":0,"status":"LABELED","hashCode":"SPAN:52S_6moRfhjC-yXgIBeCp:0:18:0:5:0:18:0:6:3:0:undefined:undefined","labelName":"52S_6moRfhjC-yXgIBeCp","labelItem":{"id":"52S_6moRfhjC-yXgIBeCp","labelName":"Date"},"textPosition":{"start":{"row":18,"column":0,"tokenIndex":5,"charIndex":0},"end":{"row":18,"column":0,"tokenIndex":6,"charIndex":3}},"confidenceScore":null},{"id":"1663390919","labeledBy":"AUTO","labeledByUserId":null,"acceptedByUserId":null,"rejectedByUserId":null,"layer":0,"counter":0,"status":"LABELED","hashCode":"SPAN:SJEkdao76hjwbb6Fh5SY6:0:18:0:7:0:18:0:10:9:0:undefined:undefined","labelName":"SJEkdao76hjwbb6Fh5SY6","labelItem":{"id":"SJEkdao76hjwbb6Fh5SY6","labelName":"Job Title"},"textPosition":{"start":{"row":18,"column":0,"tokenIndex":7,"charIndex":0},"end":{"row":18,"column":0,"tokenIndex":10,"charIndex":9}},"confidenceScore":null},{"id":"1663390922","labeledBy":"AUTO","labeledByUserId":null,"acceptedByUserId":null,"rejectedByUserId":null,"layer":0,"counter":0,"status":"LABELED","hashCode":"SPAN:1R0C50AAwFbEp2O0WmRv6:0:18:0:11:0:18:0:11:3:0:undefined:undefined","labelName":"1R0C50AAwFbEp2O0WmRv6","labelItem":{"id":"1R0C50AAwFbEp2O0WmRv6","labelName":"Location"},"textPosition":{"start":{"row":18,"column":0,"tokenIndex":11,"charIndex":0},"end":{"row":18,"column":0,"tokenIndex":11,"charIndex":3}},"confidenceScore":null},{"id":"1663390925","labeledBy":"AUTO","labeledByUserId":null,"acceptedByUserId":null,"rejectedByUserId":null,"layer":0,"counter":0,"status":"LABELED","hashCode":"SPAN:1R0C50AAwFbEp2O0WmRv6:0:18:0:13:0:18:0:13:4:0:undefined:undefined","labelName":"1R0C50AAwFbEp2O0WmRv6","labelItem":{"id":"1R0C50AAwFbEp2O0WmRv6","labelName":"Location"},"textPosition":{"start":{"row":18,"column":0,"tokenIndex":13,"charIndex":0},"end":{"row":18,"column":0,"tokenIndex":13,"charIndex":4}},"confidenceScore":null},{"id":"1663390928","labeledBy":"AUTO","labeledByUserId":null,"acceptedByUserId":null,"rejectedByUserId":null,"layer":0,"counter":0,"status":"LABELED","hashCode":"SPAN:eS2knCRgLegeRw8bcmSWA:0:20:0:1:0:20:0:2:6:0:undefined:undefined","labelName":"eS2knCRgLegeRw8bcmSWA","labelItem":{"id":"eS2knCRgLegeRw8bcmSWA","labelName":"Skill"},"textPosition":{"start":{"row":20,"column":0,"tokenIndex":1,"charIndex":0},"end":{"row":20,"column":0,"tokenIndex":2,"charIndex":6}},"confidenceScore":null},{"id":"1663390931","labeledBy":"AUTO","labeledByUserId":null,"acceptedByUserId":null,"rejectedByUserId":null,"layer":0,"counter":0,"status":"LABELED","hashCode":"SPAN:eS2knCRgLegeRw8bcmSWA:0:21:0:1:0:21:0:1:7:0:undefined:undefined","labelName":"eS2knCRgLegeRw8bcmSWA","labelItem":{"id":"eS2knCRgLegeRw8bcmSWA","labelName":"Skill"},"textPosition":{"start":{"row":21,"column":0,"tokenIndex":1,"charIndex":0},"end":{"row":21,"column":0,"tokenIndex":1,"charIndex":7}},"confidenceScore":null},{"id":"1663390934","labeledBy":"AUTO","labeledByUserId":null,"acceptedByUserId":null,"rejectedByUserId":null,"layer":0,"counter":0,"status":"LABELED","hashCode":"SPAN:eS2knCRgLegeRw8bcmSWA:0:23:0:1:0:23:0:2:9:0:undefined:undefined","labelName":"eS2knCRgLegeRw8bcmSWA","labelItem":{"id":"eS2knCRgLegeRw8bcmSWA","labelName":"Skill"},"textPosition":{"start":{"row":23,"column":0,"tokenIndex":1,"charIndex":0},"end":{"row":23,"column":0,"tokenIndex":2,"charIndex":9}},"confidenceScore":null},{"id":"1663390937","labeledBy":"AUTO","labeledByUserId":null,"acceptedByUserId":null,"rejectedByUserId":null,"layer":0,"counter":0,"status":"LABELED","hashCode":"SPAN:rj7TW0-ymuRo6f_asXJab:0:24:0:0:0:24:0:1:3:0:undefined:undefined","labelName":"rj7TW0-ymuRo6f_asXJab","labelItem":{"id":"rj7TW0-ymuRo6f_asXJab","labelName":"Company Name"},"textPosition":{"start":{"row":24,"column":0,"tokenIndex":0,"charIndex":0},"end":{"row":24,"column":0,"tokenIndex":1,"charIndex":3}},"confidenceScore":null},{"id":"1663390940","labeledBy":"AUTO","labeledByUserId":null,"acceptedByUserId":null,"rejectedByUserId":null,"layer":0,"counter":0,"status":"LABELED","hashCode":"SPAN:52S_6moRfhjC-yXgIBeCp:0:24:0:2:0:24:0:3:3:0:undefined:undefined","labelName":"52S_6moRfhjC-yXgIBeCp","labelItem":{"id":"52S_6moRfhjC-yXgIBeCp","labelName":"Date"},"textPosition":{"start":{"row":24,"column":0,"tokenIndex":2,"charIndex":0},"end":{"row":24,"column":0,"tokenIndex":3,"charIndex":3}},"confidenceScore":null},{"id":"1663390943","labeledBy":"AUTO","labeledByUserId":null,"acceptedByUserId":null,"rejectedByUserId":null,"layer":0,"counter":0,"status":"LABELED","hashCode":"SPAN:52S_6moRfhjC-yXgIBeCp:0:24:0:5:0:24:0:6:3:0:undefined:undefined","labelName":"52S_6moRfhjC-yXgIBeCp","labelItem":{"id":"52S_6moRfhjC-yXgIBeCp","labelName":"Date"},"textPosition":{"start":{"row":24,"column":0,"tokenIndex":5,"charIndex":0},"end":{"row":24,"column":0,"tokenIndex":6,"charIndex":3}},"confidenceScore":null},{"id":"1663390946","labeledBy":"AUTO","labeledByUserId":null,"acceptedByUserId":null,"rejectedByUserId":null,"layer":0,"counter":0,"status":"LABELED","hashCode":"SPAN:SJEkdao76hjwbb6Fh5SY6:0:24:0:7:0:24:0:11:6:0:undefined:undefined","labelName":"SJEkdao76hjwbb6Fh5SY6","labelItem":{"id":"SJEkdao76hjwbb6Fh5SY6","labelName":"Job Title"},"textPosition":{"start":{"row":24,"column":0,"tokenIndex":7,"charIndex":0},"end":{"row":24,"column":0,"tokenIndex":11,"charIndex":6}},"confidenceScore":null},{"id":"1663390949","labeledBy":"AUTO","labeledByUserId":null,"acceptedByUserId":null,"rejectedByUserId":null,"layer":0,"counter":0,"status":"LABELED","hashCode":"SPAN:1R0C50AAwFbEp2O0WmRv6:0:24:0:12:0:24:0:12:3:0:undefined:undefined","labelName":"1R0C50AAwFbEp2O0WmRv6","labelItem":{"id":"1R0C50AAwFbEp2O0WmRv6","labelName":"Location"},"textPosition":{"start":{"row":24,"column":0,"tokenIndex":12,"charIndex":0},"end":{"row":24,"column":0,"tokenIndex":12,"charIndex":3}},"confidenceScore":null},{"id":"1663390952","labeledBy":"AUTO","labeledByUserId":null,"acceptedByUserId":null,"rejectedByUserId":null,"layer":0,"counter":0,"status":"LABELED","hashCode":"SPAN:1R0C50AAwFbEp2O0WmRv6:0:24:0:14:0:24:0:14:4:0:undefined:undefined","labelName":"1R0C50AAwFbEp2O0WmRv6","labelItem":{"id":"1R0C50AAwFbEp2O0WmRv6","labelName":"Location"},"textPosition":{"start":{"row":24,"column":0,"tokenIndex":14,"charIndex":0},"end":{"row":24,"column":0,"tokenIndex":14,"charIndex":4}},"confidenceScore":null},{"id":"1663390955","labeledBy":"AUTO","labeledByUserId":null,"acceptedByUserId":null,"rejectedByUserId":null,"layer":0,"counter":0,"status":"LABELED","hashCode":"SPAN:eS2knCRgLegeRw8bcmSWA:0:24:0:18:0:24:0:18:9:0:undefined:undefined","labelName":"eS2knCRgLegeRw8bcmSWA","labelItem":{"id":"eS2knCRgLegeRw8bcmSWA","labelName":"Skill"},"textPosition":{"start":{"row":24,"column":0,"tokenIndex":18,"charIndex":0},"end":{"row":24,"column":0,"tokenIndex":18,"charIndex":9}},"confidenceScore":null},{"id":"1663390958","labeledBy":"AUTO","labeledByUserId":null,"acceptedByUserId":null,"rejectedByUserId":null,"layer":0,"counter":0,"status":"LABELED","hashCode":"SPAN:eS2knCRgLegeRw8bcmSWA:0:26:0:0:0:26:0:0:7:0:undefined:undefined","labelName":"eS2knCRgLegeRw8bcmSWA","labelItem":{"id":"eS2knCRgLegeRw8bcmSWA","labelName":"Skill"},"textPosition":{"start":{"row":26,"column":0,"tokenIndex":0,"charIndex":0},"end":{"row":26,"column":0,"tokenIndex":0,"charIndex":7}},"confidenceScore":null},{"id":"1663390961","labeledBy":"AUTO","labeledByUserId":null,"acceptedByUserId":null,"rejectedByUserId":null,"layer":0,"counter":0,"status":"LABELED","hashCode":"SPAN:eS2knCRgLegeRw8bcmSWA:0:28:0:0:0:28:0:3:8:0:undefined:undefined","labelName":"eS2knCRgLegeRw8bcmSWA","labelItem":{"id":"eS2knCRgLegeRw8bcmSWA","labelName":"Skill"},"textPosition":{"start":{"row":28,"column":0,"tokenIndex":0,"charIndex":0},"end":{"row":28,"column":0,"tokenIndex":3,"charIndex":8}},"confidenceScore":null},{"id":"1663390964","labeledBy":"AUTO","labeledByUserId":null,"acceptedByUserId":null,"rejectedByUserId":null,"layer":0,"counter":0,"status":"LABELED","hashCode":"SPAN:eS2knCRgLegeRw8bcmSWA:0:28:0:6:0:28:0:6:11:0:undefined:undefined","labelName":"eS2knCRgLegeRw8bcmSWA","labelItem":{"id":"eS2knCRgLegeRw8bcmSWA","labelName":"Skill"},"textPosition":{"start":{"row":28,"column":0,"tokenIndex":6,"charIndex":0},"end":{"row":28,"column":0,"tokenIndex":6,"charIndex":11}},"confidenceScore":null},{"id":"1663390967","labeledBy":"AUTO","labeledByUserId":null,"acceptedByUserId":null,"rejectedByUserId":null,"layer":0,"counter":0,"status":"LABELED","hashCode":"SPAN:rj7TW0-ymuRo6f_asXJab:0:30:0:0:0:30:0:1:3:0:undefined:undefined","labelName":"rj7TW0-ymuRo6f_asXJab","labelItem":{"id":"rj7TW0-ymuRo6f_asXJab","labelName":"Company Name"},"textPosition":{"start":{"row":30,"column":0,"tokenIndex":0,"charIndex":0},"end":{"row":30,"column":0,"tokenIndex":1,"charIndex":3}},"confidenceScore":null},{"id":"1663390970","labeledBy":"AUTO","labeledByUserId":null,"acceptedByUserId":null,"rejectedByUserId":null,"layer":0,"counter":0,"status":"LABELED","hashCode":"SPAN:52S_6moRfhjC-yXgIBeCp:0:30:0:2:0:30:0:3:3:0:undefined:undefined","labelName":"52S_6moRfhjC-yXgIBeCp","labelItem":{"id":"52S_6moRfhjC-yXgIBeCp","labelName":"Date"},"textPosition":{"start":{"row":30,"column":0,"tokenIndex":2,"charIndex":0},"end":{"row":30,"column":0,"tokenIndex":3,"charIndex":3}},"confidenceScore":null},{"id":"1663390973","labeledBy":"AUTO","labeledByUserId":null,"acceptedByUserId":null,"rejectedByUserId":null,"layer":0,"counter":0,"status":"LABELED","hashCode":"SPAN:52S_6moRfhjC-yXgIBeCp:0:30:0:5:0:30:0:6:3:0:undefined:undefined","labelName":"52S_6moRfhjC-yXgIBeCp","labelItem":{"id":"52S_6moRfhjC-yXgIBeCp","labelName":"Date"},"textPosition":{"start":{"row":30,"column":0,"tokenIndex":5,"charIndex":0},"end":{"row":30,"column":0,"tokenIndex":6,"charIndex":3}},"confidenceScore":null},{"id":"1663390976","labeledBy":"AUTO","labeledByUserId":null,"acceptedByUserId":null,"rejectedByUserId":null,"layer":0,"counter":0,"status":"LABELED","hashCode":"SPAN:SJEkdao76hjwbb6Fh5SY6:0:30:0:7:0:30:0:8:8:0:undefined:undefined","labelName":"SJEkdao76hjwbb6Fh5SY6","labelItem":{"id":"SJEkdao76hjwbb6Fh5SY6","labelName":"Job Title"},"textPosition":{"start":{"row":30,"column":0,"tokenIndex":7,"charIndex":0},"end":{"row":30,"column":0,"tokenIndex":8,"charIndex":8}},"confidenceScore":null},{"id":"1663390979","labeledBy":"AUTO","labeledByUserId":null,"acceptedByUserId":null,"rejectedByUserId":null,"layer":0,"counter":0,"status":"LABELED","hashCode":"SPAN:1R0C50AAwFbEp2O0WmRv6:0:30:0:9:0:30:0:9:3:0:undefined:undefined","labelName":"1R0C50AAwFbEp2O0WmRv6","labelItem":{"id":"1R0C50AAwFbEp2O0WmRv6","labelName":"Location"},"textPosition":{"start":{"row":30,"column":0,"tokenIndex":9,"charIndex":0},"end":{"row":30,"column":0,"tokenIndex":9,"charIndex":3}},"confidenceScore":null},{"id":"1663390982","labeledBy":"AUTO","labeledByUserId":null,"acceptedByUserId":null,"rejectedByUserId":null,"layer":0,"counter":0,"status":"LABELED","hashCode":"SPAN:1R0C50AAwFbEp2O0WmRv6:0:30:0:11:0:30:0:11:4:0:undefined:undefined","labelName":"1R0C50AAwFbEp2O0WmRv6","labelItem":{"id":"1R0C50AAwFbEp2O0WmRv6","labelName":"Location"},"textPosition":{"start":{"row":30,"column":0,"tokenIndex":11,"charIndex":0},"end":{"row":30,"column":0,"tokenIndex":11,"charIndex":4}},"confidenceScore":null},{"id":"1663390985","labeledBy":"AUTO","labeledByUserId":null,"acceptedByUserId":null,"rejectedByUserId":null,"layer":0,"counter":0,"status":"LABELED","hashCode":"SPAN:eS2knCRgLegeRw8bcmSWA:0:31:0:0:0:31:0:3:9:0:undefined:undefined","labelName":"eS2knCRgLegeRw8bcmSWA","labelItem":{"id":"eS2knCRgLegeRw8bcmSWA","labelName":"Skill"},"textPosition":{"start":{"row":31,"column":0,"tokenIndex":0,"charIndex":0},"end":{"row":31,"column":0,"tokenIndex":3,"charIndex":9}},"confidenceScore":null},{"id":"1663390988","labeledBy":"AUTO","labeledByUserId":null,"acceptedByUserId":null,"rejectedByUserId":null,"layer":0,"counter":0,"status":"LABELED","hashCode":"SPAN:eS2knCRgLegeRw8bcmSWA:0:39:0:13:0:39:0:13:7:0:undefined:undefined","labelName":"eS2knCRgLegeRw8bcmSWA","labelItem":{"id":"eS2knCRgLegeRw8bcmSWA","labelName":"Skill"},"textPosition":{"start":{"row":39,"column":0,"tokenIndex":13,"charIndex":0},"end":{"row":39,"column":0,"tokenIndex":13,"charIndex":7}},"confidenceScore":null},{"id":"1663390991","labeledBy":"AUTO","labeledByUserId":null,"acceptedByUserId":null,"rejectedByUserId":null,"layer":0,"counter":0,"status":"LABELED","hashCode":"SPAN:eS2knCRgLegeRw8bcmSWA:0:42:0:0:0:42:0:0:11:0:undefined:undefined","labelName":"eS2knCRgLegeRw8bcmSWA","labelItem":{"id":"eS2knCRgLegeRw8bcmSWA","labelName":"Skill"},"textPosition":{"start":{"row":42,"column":0,"tokenIndex":0,"charIndex":0},"end":{"row":42,"column":0,"tokenIndex":0,"charIndex":11}},"confidenceScore":null},{"id":"1663390994","labeledBy":"AUTO","labeledByUserId":null,"acceptedByUserId":null,"rejectedByUserId":null,"layer":0,"counter":0,"status":"LABELED","hashCode":"SPAN:rj7TW0-ymuRo6f_asXJab:0:45:0:0:0:45:0:1:3:0:undefined:undefined","labelName":"rj7TW0-ymuRo6f_asXJab","labelItem":{"id":"rj7TW0-ymuRo6f_asXJab","labelName":"Company Name"},"textPosition":{"start":{"row":45,"column":0,"tokenIndex":0,"charIndex":0},"end":{"row":45,"column":0,"tokenIndex":1,"charIndex":3}},"confidenceScore":null},{"id":"1663390997","labeledBy":"AUTO","labeledByUserId":null,"acceptedByUserId":null,"rejectedByUserId":null,"layer":0,"counter":0,"status":"LABELED","hashCode":"SPAN:52S_6moRfhjC-yXgIBeCp:0:45:0:2:0:45:0:3:3:0:undefined:undefined","labelName":"52S_6moRfhjC-yXgIBeCp","labelItem":{"id":"52S_6moRfhjC-yXgIBeCp","labelName":"Date"},"textPosition":{"start":{"row":45,"column":0,"tokenIndex":2,"charIndex":0},"end":{"row":45,"column":0,"tokenIndex":3,"charIndex":3}},"confidenceScore":null},{"id":"1663391000","labeledBy":"AUTO","labeledByUserId":null,"acceptedByUserId":null,"rejectedByUserId":null,"layer":0,"counter":0,"status":"LABELED","hashCode":"SPAN:52S_6moRfhjC-yXgIBeCp:0:45:0:5:0:45:0:6:3:0:undefined:undefined","labelName":"52S_6moRfhjC-yXgIBeCp","labelItem":{"id":"52S_6moRfhjC-yXgIBeCp","labelName":"Date"},"textPosition":{"start":{"row":45,"column":0,"tokenIndex":5,"charIndex":0},"end":{"row":45,"column":0,"tokenIndex":6,"charIndex":3}},"confidenceScore":null},{"id":"1663391003","labeledBy":"AUTO","labeledByUserId":null,"acceptedByUserId":null,"rejectedByUserId":null,"layer":0,"counter":0,"status":"LABELED","hashCode":"SPAN:SJEkdao76hjwbb6Fh5SY6:0:45:0:7:0:45:0:9:2:0:undefined:undefined","labelName":"SJEkdao76hjwbb6Fh5SY6","labelItem":{"id":"SJEkdao76hjwbb6Fh5SY6","labelName":"Job Title"},"textPosition":{"start":{"row":45,"column":0,"tokenIndex":7,"charIndex":0},"end":{"row":45,"column":0,"tokenIndex":9,"charIndex":2}},"confidenceScore":null},{"id":"1663391006","labeledBy":"AUTO","labeledByUserId":null,"acceptedByUserId":null,"rejectedByUserId":null,"layer":0,"counter":0,"status":"LABELED","hashCode":"SPAN:1R0C50AAwFbEp2O0WmRv6:0:45:0:10:0:45:0:10:3:0:undefined:undefined","labelName":"1R0C50AAwFbEp2O0WmRv6","labelItem":{"id":"1R0C50AAwFbEp2O0WmRv6","labelName":"Location"},"textPosition":{"start":{"row":45,"column":0,"tokenIndex":10,"charIndex":0},"end":{"row":45,"column":0,"tokenIndex":10,"charIndex":3}},"confidenceScore":null},{"id":"1663391009","labeledBy":"AUTO","labeledByUserId":null,"acceptedByUserId":null,"rejectedByUserId":null,"layer":0,"counter":0,"status":"LABELED","hashCode":"SPAN:1R0C50AAwFbEp2O0WmRv6:0:45:0:12:0:45:0:12:4:0:undefined:undefined","labelName":"1R0C50AAwFbEp2O0WmRv6","labelItem":{"id":"1R0C50AAwFbEp2O0WmRv6","labelName":"Location"},"textPosition":{"start":{"row":45,"column":0,"tokenIndex":12,"charIndex":0},"end":{"row":45,"column":0,"tokenIndex":12,"charIndex":4}},"confidenceScore":null},{"id":"1663391012","labeledBy":"AUTO","labeledByUserId":null,"acceptedByUserId":null,"rejectedByUserId":null,"layer":0,"counter":0,"status":"LABELED","hashCode":"SPAN:rj7TW0-ymuRo6f_asXJab:0:45:0:17:0:45:0:18:11:0:undefined:undefined","labelName":"rj7TW0-ymuRo6f_asXJab","labelItem":{"id":"rj7TW0-ymuRo6f_asXJab","labelName":"Company Name"},"textPosition":{"start":{"row":45,"column":0,"tokenIndex":17,"charIndex":0},"end":{"row":45,"column":0,"tokenIndex":18,"charIndex":11}},"confidenceScore":null},{"id":"1663391015","labeledBy":"AUTO","labeledByUserId":null,"acceptedByUserId":null,"rejectedByUserId":null,"layer":0,"counter":0,"status":"LABELED","hashCode":"SPAN:eS2knCRgLegeRw8bcmSWA:0:47:0:0:0:47:0:1:10:0:undefined:undefined","labelName":"eS2knCRgLegeRw8bcmSWA","labelItem":{"id":"eS2knCRgLegeRw8bcmSWA","labelName":"Skill"},"textPosition":{"start":{"row":47,"column":0,"tokenIndex":0,"charIndex":0},"end":{"row":47,"column":0,"tokenIndex":1,"charIndex":10}},"confidenceScore":null},{"id":"1663391018","labeledBy":"AUTO","labeledByUserId":null,"acceptedByUserId":null,"rejectedByUserId":null,"layer":0,"counter":0,"status":"LABELED","hashCode":"SPAN:eS2knCRgLegeRw8bcmSWA:0:48:0:3:0:48:0:4:9:0:undefined:undefined","labelName":"eS2knCRgLegeRw8bcmSWA","labelItem":{"id":"eS2knCRgLegeRw8bcmSWA","labelName":"Skill"},"textPosition":{"start":{"row":48,"column":0,"tokenIndex":3,"charIndex":0},"end":{"row":48,"column":0,"tokenIndex":4,"charIndex":9}},"confidenceScore":null},{"id":"1663391024","labeledBy":"AUTO","labeledByUserId":null,"acceptedByUserId":null,"rejectedByUserId":null,"layer":0,"counter":0,"status":"LABELED","hashCode":"SPAN:rj7TW0-ymuRo6f_asXJab:0:49:0:0:0:49:0:1:3:0:undefined:undefined","labelName":"rj7TW0-ymuRo6f_asXJab","labelItem":{"id":"rj7TW0-ymuRo6f_asXJab","labelName":"Company Name"},"textPosition":{"start":{"row":49,"column":0,"tokenIndex":0,"charIndex":0},"end":{"row":49,"column":0,"tokenIndex":1,"charIndex":3}},"confidenceScore":null},{"id":"1663391030","labeledBy":"AUTO","labeledByUserId":null,"acceptedByUserId":null,"rejectedByUserId":null,"layer":0,"counter":0,"status":"LABELED","hashCode":"SPAN:52S_6moRfhjC-yXgIBeCp:0:49:0:2:0:49:0:3:3:0:undefined:undefined","labelName":"52S_6moRfhjC-yXgIBeCp","labelItem":{"id":"52S_6moRfhjC-yXgIBeCp","labelName":"Date"},"textPosition":{"start":{"row":49,"column":0,"tokenIndex":2,"charIndex":0},"end":{"row":49,"column":0,"tokenIndex":3,"charIndex":3}},"confidenceScore":null},{"id":"1663391036","labeledBy":"AUTO","labeledByUserId":null,"acceptedByUserId":null,"rejectedByUserId":null,"layer":0,"counter":0,"status":"LABELED","hashCode":"SPAN:52S_6moRfhjC-yXgIBeCp:0:49:0:5:0:49:0:6:3:0:undefined:undefined","labelName":"52S_6moRfhjC-yXgIBeCp","labelItem":{"id":"52S_6moRfhjC-yXgIBeCp","labelName":"Date"},"textPosition":{"start":{"row":49,"column":0,"tokenIndex":5,"charIndex":0},"end":{"row":49,"column":0,"tokenIndex":6,"charIndex":3}},"confidenceScore":null},{"id":"1663391093","labeledBy":"AUTO","labeledByUserId":null,"acceptedByUserId":null,"rejectedByUserId":null,"layer":0,"counter":0,"status":"LABELED","hashCode":"SPAN:SJEkdao76hjwbb6Fh5SY6:0:49:0:7:0:49:0:7:8:0:undefined:undefined","labelName":"SJEkdao76hjwbb6Fh5SY6","labelItem":{"id":"SJEkdao76hjwbb6Fh5SY6","labelName":"Job Title"},"textPosition":{"start":{"row":49,"column":0,"tokenIndex":7,"charIndex":0},"end":{"row":49,"column":0,"tokenIndex":7,"charIndex":8}},"confidenceScore":null},{"id":"1663391057","labeledBy":"AUTO","labeledByUserId":null,"acceptedByUserId":null,"rejectedByUserId":null,"layer":0,"counter":0,"status":"LABELED","hashCode":"SPAN:1R0C50AAwFbEp2O0WmRv6:0:49:0:8:0:49:0:8:3:0:undefined:undefined","labelName":"1R0C50AAwFbEp2O0WmRv6","labelItem":{"id":"1R0C50AAwFbEp2O0WmRv6","labelName":"Location"},"textPosition":{"start":{"row":49,"column":0,"tokenIndex":8,"charIndex":0},"end":{"row":49,"column":0,"tokenIndex":8,"charIndex":3}},"confidenceScore":null},{"id":"1663391060","labeledBy":"AUTO","labeledByUserId":null,"acceptedByUserId":null,"rejectedByUserId":null,"layer":0,"counter":0,"status":"LABELED","hashCode":"SPAN:1R0C50AAwFbEp2O0WmRv6:0:49:0:10:0:49:0:10:4:0:undefined:undefined","labelName":"1R0C50AAwFbEp2O0WmRv6","labelItem":{"id":"1R0C50AAwFbEp2O0WmRv6","labelName":"Location"},"textPosition":{"start":{"row":49,"column":0,"tokenIndex":10,"charIndex":0},"end":{"row":49,"column":0,"tokenIndex":10,"charIndex":4}},"confidenceScore":null},{"id":"1663391096","labeledBy":"AUTO","labeledByUserId":null,"acceptedByUserId":null,"rejectedByUserId":null,"layer":0,"counter":0,"status":"LABELED","hashCode":"SPAN:eS2knCRgLegeRw8bcmSWA:0:49:0:16:0:49:0:16:11:0:undefined:undefined","labelName":"eS2knCRgLegeRw8bcmSWA","labelItem":{"id":"eS2knCRgLegeRw8bcmSWA","labelName":"Skill"},"textPosition":{"start":{"row":49,"column":0,"tokenIndex":16,"charIndex":0},"end":{"row":49,"column":0,"tokenIndex":16,"charIndex":11}},"confidenceScore":null},{"id":"1663391099","labeledBy":"AUTO","labeledByUserId":null,"acceptedByUserId":null,"rejectedByUserId":null,"layer":0,"counter":0,"status":"LABELED","hashCode":"SPAN:eS2knCRgLegeRw8bcmSWA:0:53:0:1:0:53:0:1:7:0:undefined:undefined","labelName":"eS2knCRgLegeRw8bcmSWA","labelItem":{"id":"eS2knCRgLegeRw8bcmSWA","labelName":"Skill"},"textPosition":{"start":{"row":53,"column":0,"tokenIndex":1,"charIndex":0},"end":{"row":53,"column":0,"tokenIndex":1,"charIndex":7}},"confidenceScore":null},{"id":"1663391105","labeledBy":"AUTO","labeledByUserId":null,"acceptedByUserId":null,"rejectedByUserId":null,"layer":0,"counter":0,"status":"LABELED","hashCode":"SPAN:eS2knCRgLegeRw8bcmSWA:0:53:0:4:0:53:0:4:8:0:undefined:undefined","labelName":"eS2knCRgLegeRw8bcmSWA","labelItem":{"id":"eS2knCRgLegeRw8bcmSWA","labelName":"Skill"},"textPosition":{"start":{"row":53,"column":0,"tokenIndex":4,"charIndex":0},"end":{"row":53,"column":0,"tokenIndex":4,"charIndex":8}},"confidenceScore":null},{"id":"1663391108","labeledBy":"AUTO","labeledByUserId":null,"acceptedByUserId":null,"rejectedByUserId":null,"layer":0,"counter":0,"status":"LABELED","hashCode":"SPAN:eS2knCRgLegeRw8bcmSWA:0:54:0:1:0:54:0:1:6:0:undefined:undefined","labelName":"eS2knCRgLegeRw8bcmSWA","labelItem":{"id":"eS2knCRgLegeRw8bcmSWA","labelName":"Skill"},"textPosition":{"start":{"row":54,"column":0,"tokenIndex":1,"charIndex":0},"end":{"row":54,"column":0,"tokenIndex":1,"charIndex":6}},"confidenceScore":null},{"id":"1663391111","labeledBy":"AUTO","labeledByUserId":null,"acceptedByUserId":null,"rejectedByUserId":null,"layer":0,"counter":0,"status":"LABELED","hashCode":"SPAN:eS2knCRgLegeRw8bcmSWA:0:54:0:3:0:54:0:3:10:0:undefined:undefined","labelName":"eS2knCRgLegeRw8bcmSWA","labelItem":{"id":"eS2knCRgLegeRw8bcmSWA","labelName":"Skill"},"textPosition":{"start":{"row":54,"column":0,"tokenIndex":3,"charIndex":0},"end":{"row":54,"column":0,"tokenIndex":3,"charIndex":10}},"confidenceScore":null},{"id":"1663391114","labeledBy":"AUTO","labeledByUserId":null,"acceptedByUserId":null,"rejectedByUserId":null,"layer":0,"counter":0,"status":"LABELED","hashCode":"SPAN:eS2knCRgLegeRw8bcmSWA:0:57:0:4:0:57:0:5:10:0:undefined:undefined","labelName":"eS2knCRgLegeRw8bcmSWA","labelItem":{"id":"eS2knCRgLegeRw8bcmSWA","labelName":"Skill"},"textPosition":{"start":{"row":57,"column":0,"tokenIndex":4,"charIndex":0},"end":{"row":57,"column":0,"tokenIndex":5,"charIndex":10}},"confidenceScore":null},{"id":"1663391120","labeledBy":"AUTO","labeledByUserId":null,"acceptedByUserId":null,"rejectedByUserId":null,"layer":0,"counter":0,"status":"LABELED","hashCode":"SPAN:Kj5U6n9NUqTXuWcB3c_7L:0:58:0:1:0:58:0:4:6:0:undefined:undefined","labelName":"Kj5U6n9NUqTXuWcB3c_7L","labelItem":{"id":"Kj5U6n9NUqTXuWcB3c_7L","labelName":"College"},"textPosition":{"start":{"row":58,"column":0,"tokenIndex":1,"charIndex":0},"end":{"row":58,"column":0,"tokenIndex":4,"charIndex":6}},"confidenceScore":null},{"id":"1663391123","labeledBy":"AUTO","labeledByUserId":null,"acceptedByUserId":null,"rejectedByUserId":null,"layer":0,"counter":0,"status":"LABELED","hashCode":"SPAN:IeEoIKabMl51BJE0gX2YL:0:58:0:5:0:58:0:8:6:0:undefined:undefined","labelName":"IeEoIKabMl51BJE0gX2YL","labelItem":{"id":"IeEoIKabMl51BJE0gX2YL","labelName":"Degree"},"textPosition":{"start":{"row":58,"column":0,"tokenIndex":5,"charIndex":0},"end":{"row":58,"column":0,"tokenIndex":8,"charIndex":6}},"confidenceScore":null},{"id":"1663391132","labeledBy":"AUTO","labeledByUserId":null,"acceptedByUserId":null,"rejectedByUserId":null,"layer":0,"counter":0,"status":"LABELED","hashCode":"SPAN:IeEoIKabMl51BJE0gX2YL:0:58:0:10:0:58:0:13:5:0:undefined:undefined","labelName":"IeEoIKabMl51BJE0gX2YL","labelItem":{"id":"IeEoIKabMl51BJE0gX2YL","labelName":"Degree"},"textPosition":{"start":{"row":58,"column":0,"tokenIndex":10,"charIndex":0},"end":{"row":58,"column":0,"tokenIndex":13,"charIndex":5}},"confidenceScore":null},{"id":"1663391135","labeledBy":"AUTO","labeledByUserId":null,"acceptedByUserId":null,"rejectedByUserId":null,"layer":0,"counter":0,"status":"LABELED","hashCode":"SPAN:1R0C50AAwFbEp2O0WmRv6:0:58:0:14:0:58:0:14:3:0:undefined:undefined","labelName":"1R0C50AAwFbEp2O0WmRv6","labelItem":{"id":"1R0C50AAwFbEp2O0WmRv6","labelName":"Location"},"textPosition":{"start":{"row":58,"column":0,"tokenIndex":14,"charIndex":0},"end":{"row":58,"column":0,"tokenIndex":14,"charIndex":3}},"confidenceScore":null},{"id":"1663391141","labeledBy":"AUTO","labeledByUserId":null,"acceptedByUserId":null,"rejectedByUserId":null,"layer":0,"counter":0,"status":"LABELED","hashCode":"SPAN:1R0C50AAwFbEp2O0WmRv6:0:58:0:16:0:58:0:16:4:0:undefined:undefined","labelName":"1R0C50AAwFbEp2O0WmRv6","labelItem":{"id":"1R0C50AAwFbEp2O0WmRv6","labelName":"Location"},"textPosition":{"start":{"row":58,"column":0,"tokenIndex":16,"charIndex":0},"end":{"row":58,"column":0,"tokenIndex":16,"charIndex":4}},"confidenceScore":null},{"id":"1663391150","labeledBy":"AUTO","labeledByUserId":null,"acceptedByUserId":null,"rejectedByUserId":null,"layer":0,"counter":0,"status":"LABELED","hashCode":"SPAN:IeEoIKabMl51BJE0gX2YL:0:58:0:18:0:58:0:23:15:0:undefined:undefined","labelName":"IeEoIKabMl51BJE0gX2YL","labelItem":{"id":"IeEoIKabMl51BJE0gX2YL","labelName":"Degree"},"textPosition":{"start":{"row":58,"column":0,"tokenIndex":18,"charIndex":0},"end":{"row":58,"column":0,"tokenIndex":23,"charIndex":15}},"confidenceScore":null},{"id":"1663391156","labeledBy":"AUTO","labeledByUserId":null,"acceptedByUserId":null,"rejectedByUserId":null,"layer":0,"counter":0,"status":"LABELED","hashCode":"SPAN:eS2knCRgLegeRw8bcmSWA:0:59:0:3:0:59:0:3:6:0:undefined:undefined","labelName":"eS2knCRgLegeRw8bcmSWA","labelItem":{"id":"eS2knCRgLegeRw8bcmSWA","labelName":"Skill"},"textPosition":{"start":{"row":59,"column":0,"tokenIndex":3,"charIndex":0},"end":{"row":59,"column":0,"tokenIndex":3,"charIndex":6}},"confidenceScore":null},{"id":"1663391159","labeledBy":"AUTO","labeledByUserId":null,"acceptedByUserId":null,"rejectedByUserId":null,"layer":0,"counter":0,"status":"LABELED","hashCode":"SPAN:eS2knCRgLegeRw8bcmSWA:0:59:0:4:0:59:0:5:8:0:undefined:undefined","labelName":"eS2knCRgLegeRw8bcmSWA","labelItem":{"id":"eS2knCRgLegeRw8bcmSWA","labelName":"Skill"},"textPosition":{"start":{"row":59,"column":0,"tokenIndex":4,"charIndex":0},"end":{"row":59,"column":0,"tokenIndex":5,"charIndex":8}},"confidenceScore":null},{"id":"1663391168","labeledBy":"AUTO","labeledByUserId":null,"acceptedByUserId":null,"rejectedByUserId":null,"layer":0,"counter":0,"status":"LABELED","hashCode":"SPAN:eS2knCRgLegeRw8bcmSWA:0:59:0:7:0:59:0:7:6:0:undefined:undefined","labelName":"eS2knCRgLegeRw8bcmSWA","labelItem":{"id":"eS2knCRgLegeRw8bcmSWA","labelName":"Skill"},"textPosition":{"start":{"row":59,"column":0,"tokenIndex":7,"charIndex":0},"end":{"row":59,"column":0,"tokenIndex":7,"charIndex":6}},"confidenceScore":null},{"id":"1663391165","labeledBy":"AUTO","labeledByUserId":null,"acceptedByUserId":null,"rejectedByUserId":null,"layer":0,"counter":0,"status":"LABELED","hashCode":"SPAN:eS2knCRgLegeRw8bcmSWA:0:59:0:9:0:59:0:9:10:0:undefined:undefined","labelName":"eS2knCRgLegeRw8bcmSWA","labelItem":{"id":"eS2knCRgLegeRw8bcmSWA","labelName":"Skill"},"textPosition":{"start":{"row":59,"column":0,"tokenIndex":9,"charIndex":0},"end":{"row":59,"column":0,"tokenIndex":9,"charIndex":10}},"confidenceScore":null},{"id":"1663391171","labeledBy":"AUTO","labeledByUserId":null,"acceptedByUserId":null,"rejectedByUserId":null,"layer":0,"counter":0,"status":"LABELED","hashCode":"SPAN:eS2knCRgLegeRw8bcmSWA:0:59:0:10:0:59:0:10:11:0:undefined:undefined","labelName":"eS2knCRgLegeRw8bcmSWA","labelItem":{"id":"eS2knCRgLegeRw8bcmSWA","labelName":"Skill"},"textPosition":{"start":{"row":59,"column":0,"tokenIndex":10,"charIndex":0},"end":{"row":59,"column":0,"tokenIndex":10,"charIndex":11}},"confidenceScore":null},{"id":"1663391174","labeledBy":"AUTO","labeledByUserId":null,"acceptedByUserId":null,"rejectedByUserId":null,"layer":0,"counter":0,"status":"LABELED","hashCode":"SPAN:eS2knCRgLegeRw8bcmSWA:0:59:0:11:0:59:0:12:8:0:undefined:undefined","labelName":"eS2knCRgLegeRw8bcmSWA","labelItem":{"id":"eS2knCRgLegeRw8bcmSWA","labelName":"Skill"},"textPosition":{"start":{"row":59,"column":0,"tokenIndex":11,"charIndex":0},"end":{"row":59,"column":0,"tokenIndex":12,"charIndex":8}},"confidenceScore":null},{"id":"1663391177","labeledBy":"AUTO","labeledByUserId":null,"acceptedByUserId":null,"rejectedByUserId":null,"layer":0,"counter":0,"status":"LABELED","hashCode":"SPAN:eS2knCRgLegeRw8bcmSWA:0:59:0:13:0:59:0:14:9:0:undefined:undefined","labelName":"eS2knCRgLegeRw8bcmSWA","labelItem":{"id":"eS2knCRgLegeRw8bcmSWA","labelName":"Skill"},"textPosition":{"start":{"row":59,"column":0,"tokenIndex":13,"charIndex":0},"end":{"row":59,"column":0,"tokenIndex":14,"charIndex":9}},"confidenceScore":null},{"id":"1663391180","labeledBy":"AUTO","labeledByUserId":null,"acceptedByUserId":null,"rejectedByUserId":null,"layer":0,"counter":0,"status":"LABELED","hashCode":"SPAN:eS2knCRgLegeRw8bcmSWA:0:59:0:15:0:59:0:15:10:0:undefined:undefined","labelName":"eS2knCRgLegeRw8bcmSWA","labelItem":{"id":"eS2knCRgLegeRw8bcmSWA","labelName":"Skill"},"textPosition":{"start":{"row":59,"column":0,"tokenIndex":15,"charIndex":0},"end":{"row":59,"column":0,"tokenIndex":15,"charIndex":10}},"confidenceScore":null},{"id":"1663391183","labeledBy":"AUTO","labeledByUserId":null,"acceptedByUserId":null,"rejectedByUserId":null,"layer":0,"counter":0,"status":"LABELED","hashCode":"SPAN:eS2knCRgLegeRw8bcmSWA:0:59:0:16:0:59:0:16:6:0:undefined:undefined","labelName":"eS2knCRgLegeRw8bcmSWA","labelItem":{"id":"eS2knCRgLegeRw8bcmSWA","labelName":"Skill"},"textPosition":{"start":{"row":59,"column":0,"tokenIndex":16,"charIndex":0},"end":{"row":59,"column":0,"tokenIndex":16,"charIndex":6}},"confidenceScore":null},{"id":"1663391186","labeledBy":"AUTO","labeledByUserId":null,"acceptedByUserId":null,"rejectedByUserId":null,"layer":0,"counter":0,"status":"LABELED","hashCode":"SPAN:eS2knCRgLegeRw8bcmSWA:0:59:0:17:0:59:0:17:11:0:undefined:undefined","labelName":"eS2knCRgLegeRw8bcmSWA","labelItem":{"id":"eS2knCRgLegeRw8bcmSWA","labelName":"Skill"},"textPosition":{"start":{"row":59,"column":0,"tokenIndex":17,"charIndex":0},"end":{"row":59,"column":0,"tokenIndex":17,"charIndex":11}},"confidenceScore":null},{"id":"1663391189","labeledBy":"AUTO","labeledByUserId":null,"acceptedByUserId":null,"rejectedByUserId":null,"layer":0,"counter":0,"status":"LABELED","hashCode":"SPAN:eS2knCRgLegeRw8bcmSWA:0:59:0:18:0:59:0:19:7:0:undefined:undefined","labelName":"eS2knCRgLegeRw8bcmSWA","labelItem":{"id":"eS2knCRgLegeRw8bcmSWA","labelName":"Skill"},"textPosition":{"start":{"row":59,"column":0,"tokenIndex":18,"charIndex":0},"end":{"row":59,"column":0,"tokenIndex":19,"charIndex":7}},"confidenceScore":null},{"id":"1663391192","labeledBy":"AUTO","labeledByUserId":null,"acceptedByUserId":null,"rejectedByUserId":null,"layer":0,"counter":0,"status":"LABELED","hashCode":"SPAN:eS2knCRgLegeRw8bcmSWA:0:59:0:20:0:59:0:20:9:0:undefined:undefined","labelName":"eS2knCRgLegeRw8bcmSWA","labelItem":{"id":"eS2knCRgLegeRw8bcmSWA","labelName":"Skill"},"textPosition":{"start":{"row":59,"column":0,"tokenIndex":20,"charIndex":0},"end":{"row":59,"column":0,"tokenIndex":20,"charIndex":9}},"confidenceScore":null},{"id":"1663391195","labeledBy":"AUTO","labeledByUserId":null,"acceptedByUserId":null,"rejectedByUserId":null,"layer":0,"counter":0,"status":"LABELED","hashCode":"SPAN:eS2knCRgLegeRw8bcmSWA:0:59:0:21:0:59:0:21:9:0:undefined:undefined","labelName":"eS2knCRgLegeRw8bcmSWA","labelItem":{"id":"eS2knCRgLegeRw8bcmSWA","labelName":"Skill"},"textPosition":{"start":{"row":59,"column":0,"tokenIndex":21,"charIndex":0},"end":{"row":59,"column":0,"tokenIndex":21,"charIndex":9}},"confidenceScore":null},{"id":"1663391198","labeledBy":"AUTO","labeledByUserId":null,"acceptedByUserId":null,"rejectedByUserId":null,"layer":0,"counter":0,"status":"LABELED","hashCode":"SPAN:eS2knCRgLegeRw8bcmSWA:0:59:0:22:0:59:0:22:6:0:undefined:undefined","labelName":"eS2knCRgLegeRw8bcmSWA","labelItem":{"id":"eS2knCRgLegeRw8bcmSWA","labelName":"Skill"},"textPosition":{"start":{"row":59,"column":0,"tokenIndex":22,"charIndex":0},"end":{"row":59,"column":0,"tokenIndex":22,"charIndex":6}},"confidenceScore":null},{"id":"1663391207","labeledBy":"AUTO","labeledByUserId":null,"acceptedByUserId":null,"rejectedByUserId":null,"layer":0,"counter":0,"status":"LABELED","hashCode":"SPAN:eS2knCRgLegeRw8bcmSWA:0:59:0:23:0:59:0:23:8:0:undefined:undefined","labelName":"eS2knCRgLegeRw8bcmSWA","labelItem":{"id":"eS2knCRgLegeRw8bcmSWA","labelName":"Skill"},"textPosition":{"start":{"row":59,"column":0,"tokenIndex":23,"charIndex":0},"end":{"row":59,"column":0,"tokenIndex":23,"charIndex":8}},"confidenceScore":null},{"id":"1663391201","labeledBy":"AUTO","labeledByUserId":null,"acceptedByUserId":null,"rejectedByUserId":null,"layer":0,"counter":0,"status":"LABELED","hashCode":"SPAN:eS2knCRgLegeRw8bcmSWA:0:59:0:24:0:59:0:24:8:0:undefined:undefined","labelName":"eS2knCRgLegeRw8bcmSWA","labelItem":{"id":"eS2knCRgLegeRw8bcmSWA","labelName":"Skill"},"textPosition":{"start":{"row":59,"column":0,"tokenIndex":24,"charIndex":0},"end":{"row":59,"column":0,"tokenIndex":24,"charIndex":8}},"confidenceScore":null},{"id":"1663391205","labeledBy":"AUTO","labeledByUserId":null,"acceptedByUserId":null,"rejectedByUserId":null,"layer":0,"counter":0,"status":"LABELED","hashCode":"SPAN:eS2knCRgLegeRw8bcmSWA:0:59:0:25:0:59:0:25:6:0:undefined:undefined","labelName":"eS2knCRgLegeRw8bcmSWA","labelItem":{"id":"eS2knCRgLegeRw8bcmSWA","labelName":"Skill"},"textPosition":{"start":{"row":59,"column":0,"tokenIndex":25,"charIndex":0},"end":{"row":59,"column":0,"tokenIndex":25,"charIndex":6}},"confidenceScore":null},{"id":"1663391210","labeledBy":"AUTO","labeledByUserId":null,"acceptedByUserId":null,"rejectedByUserId":null,"layer":0,"counter":0,"status":"LABELED","hashCode":"SPAN:eS2knCRgLegeRw8bcmSWA:0:59:0:26:0:59:0:26:5:0:undefined:undefined","labelName":"eS2knCRgLegeRw8bcmSWA","labelItem":{"id":"eS2knCRgLegeRw8bcmSWA","labelName":"Skill"},"textPosition":{"start":{"row":59,"column":0,"tokenIndex":26,"charIndex":0},"end":{"row":59,"column":0,"tokenIndex":26,"charIndex":5}},"confidenceScore":null},{"id":"1663391213","labeledBy":"AUTO","labeledByUserId":null,"acceptedByUserId":null,"rejectedByUserId":null,"layer":0,"counter":0,"status":"LABELED","hashCode":"SPAN:eS2knCRgLegeRw8bcmSWA:0:59:0:27:0:59:0:27:5:0:undefined:undefined","labelName":"eS2knCRgLegeRw8bcmSWA","labelItem":{"id":"eS2knCRgLegeRw8bcmSWA","labelName":"Skill"},"textPosition":{"start":{"row":59,"column":0,"tokenIndex":27,"charIndex":0},"end":{"row":59,"column":0,"tokenIndex":27,"charIndex":5}},"confidenceScore":null},{"id":"1663391216","labeledBy":"AUTO","labeledByUserId":null,"acceptedByUserId":null,"rejectedByUserId":null,"layer":0,"counter":0,"status":"LABELED","hashCode":"SPAN:eS2knCRgLegeRw8bcmSWA:0:59:0:28:0:59:0:29:6:0:undefined:undefined","labelName":"eS2knCRgLegeRw8bcmSWA","labelItem":{"id":"eS2knCRgLegeRw8bcmSWA","labelName":"Skill"},"textPosition":{"start":{"row":59,"column":0,"tokenIndex":28,"charIndex":0},"end":{"row":59,"column":0,"tokenIndex":29,"charIndex":6}},"confidenceScore":null},{"id":"1663391219","labeledBy":"AUTO","labeledByUserId":null,"acceptedByUserId":null,"rejectedByUserId":null,"layer":0,"counter":0,"status":"LABELED","hashCode":"SPAN:eS2knCRgLegeRw8bcmSWA:0:59:0:30:0:59:0:30:6:0:undefined:undefined","labelName":"eS2knCRgLegeRw8bcmSWA","labelItem":{"id":"eS2knCRgLegeRw8bcmSWA","labelName":"Skill"},"textPosition":{"start":{"row":59,"column":0,"tokenIndex":30,"charIndex":0},"end":{"row":59,"column":0,"tokenIndex":30,"charIndex":6}},"confidenceScore":null},{"id":"1663391222","labeledBy":"AUTO","labeledByUserId":null,"acceptedByUserId":null,"rejectedByUserId":null,"layer":0,"counter":0,"status":"LABELED","hashCode":"SPAN:eS2knCRgLegeRw8bcmSWA:0:59:0:31:0:59:0:31:7:0:undefined:undefined","labelName":"eS2knCRgLegeRw8bcmSWA","labelItem":{"id":"eS2knCRgLegeRw8bcmSWA","labelName":"Skill"},"textPosition":{"start":{"row":59,"column":0,"tokenIndex":31,"charIndex":0},"end":{"row":59,"column":0,"tokenIndex":31,"charIndex":7}},"confidenceScore":null},{"id":"1663391225","labeledBy":"AUTO","labeledByUserId":null,"acceptedByUserId":null,"rejectedByUserId":null,"layer":0,"counter":0,"status":"LABELED","hashCode":"SPAN:eS2knCRgLegeRw8bcmSWA:0:59:0:32:0:59:0:32:10:0:undefined:undefined","labelName":"eS2knCRgLegeRw8bcmSWA","labelItem":{"id":"eS2knCRgLegeRw8bcmSWA","labelName":"Skill"},"textPosition":{"start":{"row":59,"column":0,"tokenIndex":32,"charIndex":0},"end":{"row":59,"column":0,"tokenIndex":32,"charIndex":10}},"confidenceScore":null},{"id":"1663391228","labeledBy":"AUTO","labeledByUserId":null,"acceptedByUserId":null,"rejectedByUserId":null,"layer":0,"counter":0,"status":"LABELED","hashCode":"SPAN:eS2knCRgLegeRw8bcmSWA:0:59:0:33:0:59:0:33:4:0:undefined:undefined","labelName":"eS2knCRgLegeRw8bcmSWA","labelItem":{"id":"eS2knCRgLegeRw8bcmSWA","labelName":"Skill"},"textPosition":{"start":{"row":59,"column":0,"tokenIndex":33,"charIndex":0},"end":{"row":59,"column":0,"tokenIndex":33,"charIndex":4}},"confidenceScore":null},{"id":"1663391231","labeledBy":"AUTO","labeledByUserId":null,"acceptedByUserId":null,"rejectedByUserId":null,"layer":0,"counter":0,"status":"LABELED","hashCode":"SPAN:eS2knCRgLegeRw8bcmSWA:0:59:0:34:0:59:0:34:11:0:undefined:undefined","labelName":"eS2knCRgLegeRw8bcmSWA","labelItem":{"id":"eS2knCRgLegeRw8bcmSWA","labelName":"Skill"},"textPosition":{"start":{"row":59,"column":0,"tokenIndex":34,"charIndex":0},"end":{"row":59,"column":0,"tokenIndex":34,"charIndex":11}},"confidenceScore":null},{"id":"1663391234","labeledBy":"AUTO","labeledByUserId":null,"acceptedByUserId":null,"rejectedByUserId":null,"layer":0,"counter":0,"status":"LABELED","hashCode":"SPAN:eS2knCRgLegeRw8bcmSWA:0:59:0:35:0:59:0:35:7:0:undefined:undefined","labelName":"eS2knCRgLegeRw8bcmSWA","labelItem":{"id":"eS2knCRgLegeRw8bcmSWA","labelName":"Skill"},"textPosition":{"start":{"row":59,"column":0,"tokenIndex":35,"charIndex":0},"end":{"row":59,"column":0,"tokenIndex":35,"charIndex":7}},"confidenceScore":null},{"id":"1663391237","labeledBy":"AUTO","labeledByUserId":null,"acceptedByUserId":null,"rejectedByUserId":null,"layer":0,"counter":0,"status":"LABELED","hashCode":"SPAN:eS2knCRgLegeRw8bcmSWA:0:59:0:36:0:59:0:36:8:0:undefined:undefined","labelName":"eS2knCRgLegeRw8bcmSWA","labelItem":{"id":"eS2knCRgLegeRw8bcmSWA","labelName":"Skill"},"textPosition":{"start":{"row":59,"column":0,"tokenIndex":36,"charIndex":0},"end":{"row":59,"column":0,"tokenIndex":36,"charIndex":8}},"confidenceScore":null},{"id":"1663391240","labeledBy":"AUTO","labeledByUserId":null,"acceptedByUserId":null,"rejectedByUserId":null,"layer":0,"counter":0,"status":"LABELED","hashCode":"SPAN:eS2knCRgLegeRw8bcmSWA:0:59:0:37:0:59:0:37:7:0:undefined:undefined","labelName":"eS2knCRgLegeRw8bcmSWA","labelItem":{"id":"eS2knCRgLegeRw8bcmSWA","labelName":"Skill"},"textPosition":{"start":{"row":59,"column":0,"tokenIndex":37,"charIndex":0},"end":{"row":59,"column":0,"tokenIndex":37,"charIndex":7}},"confidenceScore":null},{"id":"1663391243","labeledBy":"AUTO","labeledByUserId":null,"acceptedByUserId":null,"rejectedByUserId":null,"layer":0,"counter":0,"status":"LABELED","hashCode":"SPAN:eS2knCRgLegeRw8bcmSWA:0:59:0:38:0:59:0:38:10:0:undefined:undefined","labelName":"eS2knCRgLegeRw8bcmSWA","labelItem":{"id":"eS2knCRgLegeRw8bcmSWA","labelName":"Skill"},"textPosition":{"start":{"row":59,"column":0,"tokenIndex":38,"charIndex":0},"end":{"row":59,"column":0,"tokenIndex":38,"charIndex":10}},"confidenceScore":null},{"id":"1663391246","labeledBy":"AUTO","labeledByUserId":null,"acceptedByUserId":null,"rejectedByUserId":null,"layer":0,"counter":0,"status":"LABELED","hashCode":"SPAN:eS2knCRgLegeRw8bcmSWA:0:59:0:39:0:59:0:39:9:0:undefined:undefined","labelName":"eS2knCRgLegeRw8bcmSWA","labelItem":{"id":"eS2knCRgLegeRw8bcmSWA","labelName":"Skill"},"textPosition":{"start":{"row":59,"column":0,"tokenIndex":39,"charIndex":0},"end":{"row":59,"column":0,"tokenIndex":39,"charIndex":9}},"confidenceScore":null},{"id":"1663391249","labeledBy":"AUTO","labeledByUserId":null,"acceptedByUserId":null,"rejectedByUserId":null,"layer":0,"counter":0,"status":"LABELED","hashCode":"SPAN:eS2knCRgLegeRw8bcmSWA:0:59:0:40:0:59:0:40:6:0:undefined:undefined","labelName":"eS2knCRgLegeRw8bcmSWA","labelItem":{"id":"eS2knCRgLegeRw8bcmSWA","labelName":"Skill"},"textPosition":{"start":{"row":59,"column":0,"tokenIndex":40,"charIndex":0},"end":{"row":59,"column":0,"tokenIndex":40,"charIndex":6}},"confidenceScore":null},{"id":"1663391252","labeledBy":"AUTO","labeledByUserId":null,"acceptedByUserId":null,"rejectedByUserId":null,"layer":0,"counter":0,"status":"LABELED","hashCode":"SPAN:eS2knCRgLegeRw8bcmSWA:0:59:0:41:0:59:0:41:5:0:undefined:undefined","labelName":"eS2knCRgLegeRw8bcmSWA","labelItem":{"id":"eS2knCRgLegeRw8bcmSWA","labelName":"Skill"},"textPosition":{"start":{"row":59,"column":0,"tokenIndex":41,"charIndex":0},"end":{"row":59,"column":0,"tokenIndex":41,"charIndex":5}},"confidenceScore":null},{"id":"1663391255","labeledBy":"AUTO","labeledByUserId":null,"acceptedByUserId":null,"rejectedByUserId":null,"layer":0,"counter":0,"status":"LABELED","hashCode":"SPAN:eS2knCRgLegeRw8bcmSWA:0:59:0:42:0:59:0:42:6:0:undefined:undefined","labelName":"eS2knCRgLegeRw8bcmSWA","labelItem":{"id":"eS2knCRgLegeRw8bcmSWA","labelName":"Skill"},"textPosition":{"start":{"row":59,"column":0,"tokenIndex":42,"charIndex":0},"end":{"row":59,"column":0,"tokenIndex":42,"charIndex":6}},"confidenceScore":null},{"id":"1663391258","labeledBy":"AUTO","labeledByUserId":null,"acceptedByUserId":null,"rejectedByUserId":null,"layer":0,"counter":0,"status":"LABELED","hashCode":"SPAN:eS2knCRgLegeRw8bcmSWA:0:59:0:43:0:59:0:44:11:0:undefined:undefined","labelName":"eS2knCRgLegeRw8bcmSWA","labelItem":{"id":"eS2knCRgLegeRw8bcmSWA","labelName":"Skill"},"textPosition":{"start":{"row":59,"column":0,"tokenIndex":43,"charIndex":0},"end":{"row":59,"column":0,"tokenIndex":44,"charIndex":11}},"confidenceScore":null},{"id":"1663391261","labeledBy":"AUTO","labeledByUserId":null,"acceptedByUserId":null,"rejectedByUserId":null,"layer":0,"counter":0,"status":"LABELED","hashCode":"SPAN:eS2knCRgLegeRw8bcmSWA:0:59:0:45:0:59:0:45:6:0:undefined:undefined","labelName":"eS2knCRgLegeRw8bcmSWA","labelItem":{"id":"eS2knCRgLegeRw8bcmSWA","labelName":"Skill"},"textPosition":{"start":{"row":59,"column":0,"tokenIndex":45,"charIndex":0},"end":{"row":59,"column":0,"tokenIndex":45,"charIndex":6}},"confidenceScore":null},{"id":"1663391264","labeledBy":"AUTO","labeledByUserId":null,"acceptedByUserId":null,"rejectedByUserId":null,"layer":0,"counter":0,"status":"LABELED","hashCode":"SPAN:eS2knCRgLegeRw8bcmSWA:0:59:0:46:0:59:0:46:5:0:undefined:undefined","labelName":"eS2knCRgLegeRw8bcmSWA","labelItem":{"id":"eS2knCRgLegeRw8bcmSWA","labelName":"Skill"},"textPosition":{"start":{"row":59,"column":0,"tokenIndex":46,"charIndex":0},"end":{"row":59,"column":0,"tokenIndex":46,"charIndex":5}},"confidenceScore":null},{"id":"1663391267","labeledBy":"AUTO","labeledByUserId":null,"acceptedByUserId":null,"rejectedByUserId":null,"layer":0,"counter":0,"status":"LABELED","hashCode":"SPAN:eS2knCRgLegeRw8bcmSWA:0:59:0:47:0:59:0:48:6:0:undefined:undefined","labelName":"eS2knCRgLegeRw8bcmSWA","labelItem":{"id":"eS2knCRgLegeRw8bcmSWA","labelName":"Skill"},"textPosition":{"start":{"row":59,"column":0,"tokenIndex":47,"charIndex":0},"end":{"row":59,"column":0,"tokenIndex":48,"charIndex":6}},"confidenceScore":null},{"id":"1663391270","labeledBy":"AUTO","labeledByUserId":null,"acceptedByUserId":null,"rejectedByUserId":null,"layer":0,"counter":0,"status":"LABELED","hashCode":"SPAN:eS2knCRgLegeRw8bcmSWA:0:59:0:49:0:59:0:50:5:0:undefined:undefined","labelName":"eS2knCRgLegeRw8bcmSWA","labelItem":{"id":"eS2knCRgLegeRw8bcmSWA","labelName":"Skill"},"textPosition":{"start":{"row":59,"column":0,"tokenIndex":49,"charIndex":0},"end":{"row":59,"column":0,"tokenIndex":50,"charIndex":5}},"confidenceScore":null},{"id":"1663391273","labeledBy":"AUTO","labeledByUserId":null,"acceptedByUserId":null,"rejectedByUserId":null,"layer":0,"counter":0,"status":"LABELED","hashCode":"SPAN:eS2knCRgLegeRw8bcmSWA:0:59:0:51:0:59:0:51:15:0:undefined:undefined","labelName":"eS2knCRgLegeRw8bcmSWA","labelItem":{"id":"eS2knCRgLegeRw8bcmSWA","labelName":"Skill"},"textPosition":{"start":{"row":59,"column":0,"tokenIndex":51,"charIndex":0},"end":{"row":59,"column":0,"tokenIndex":51,"charIndex":15}},"confidenceScore":null},{"id":"1663391276","labeledBy":"AUTO","labeledByUserId":null,"acceptedByUserId":null,"rejectedByUserId":null,"layer":0,"counter":0,"status":"LABELED","hashCode":"SPAN:eS2knCRgLegeRw8bcmSWA:0:59:0:52:0:59:0:52:7:0:undefined:undefined","labelName":"eS2knCRgLegeRw8bcmSWA","labelItem":{"id":"eS2knCRgLegeRw8bcmSWA","labelName":"Skill"},"textPosition":{"start":{"row":59,"column":0,"tokenIndex":52,"charIndex":0},"end":{"row":59,"column":0,"tokenIndex":52,"charIndex":7}},"confidenceScore":null},{"id":"1663391279","labeledBy":"AUTO","labeledByUserId":null,"acceptedByUserId":null,"rejectedByUserId":null,"layer":0,"counter":0,"status":"LABELED","hashCode":"SPAN:eS2knCRgLegeRw8bcmSWA:0:59:0:53:0:59:0:53:8:0:undefined:undefined","labelName":"eS2knCRgLegeRw8bcmSWA","labelItem":{"id":"eS2knCRgLegeRw8bcmSWA","labelName":"Skill"},"textPosition":{"start":{"row":59,"column":0,"tokenIndex":53,"charIndex":0},"end":{"row":59,"column":0,"tokenIndex":53,"charIndex":8}},"confidenceScore":null}],"arrowLabels":[],"boundingBoxLabels":[],"timeLabels":[],"comments":[],"url":"datasaur://static/6814/6ea56cf2-e5e0-43bc-90fd-ff92a508d137.txt"}}
