{"version":"1","data":{"project":{"id":"ODBjYmQ2MDg","name":"NLP SSM Final Project"},"document":{"id":"ac2c479d-5769-4009-8cef-87eb0fd187b3","name":"resume_792_d1.txt"},"kinds":["TOKEN_BASED"],"rows":[[{"content":"FITNESS CONSULTANT Experience 09/2013 to 03/2014 Fitness Consultant Company Name － City , State Conducted tours, and gave wellness advice to help every person change their lives.","tokens":["FITNESS","CONSULTANT","Experience","09/2013","to","03/2014","Fitness","Consultant","Company","Name","－","City",",","State","Conducted","tours,","and","gave","wellness","advice","to","help","every","person","change","their","lives."],"metadata":[]}],[{"content":"Also, did outside marketing to help drive in business and","tokens":["Also,","did","outside","marketing","to","help","drive","in","business","and"],"metadata":[]}],[{"content":"conducted calls to prospective members.","tokens":["conducted","calls","to","prospective","members."],"metadata":[]}],[{"content":"08/2012 to 05/2013 DAEP/Special Education/Coach Company Name － City , State Taught in the DAEP (Disciplinary Alternative Educational Program) Also worked in the Special Education wings in the Middle and Elementary","tokens":["08/2012","to","05/2013","DAEP/Special","Education/Coach","Company","Name","－","City",",","State","Taught","in","the","DAEP","(Disciplinary","Alternative","Educational","Program)","Also","worked","in","the","Special","Education","wings","in","the","Middle","and","Elementary"],"metadata":[]}],[{"content":"schools with Autism and Down Syndrome children, also coached Football, Basketball, and conducted the Strength and Conditioning programs for","tokens":["schools","with","Autism","and","Down","Syndrome","children,","also","coached","Football,","Basketball,","and","conducted","the","Strength","and","Conditioning","programs","for"],"metadata":[]}],[{"content":"Middle school and high school athletes.","tokens":["Middle","school","and","high","school","athletes."],"metadata":[]}],[{"content":"08/2009 to 05/2012 PE/Special Education/Coach Company Name － City , State Taught three PE classes in the Middle School and also taught in the Content Mastery programs to help children with disabilities.","tokens":["08/2009","to","05/2012","PE/Special","Education/Coach","Company","Name","－","City",",","State","Taught","three","PE","classes","in","the","Middle","School","and","also","taught","in","the","Content","Mastery","programs","to","help","children","with","disabilities."],"metadata":[]}],[{"content":"Also worked with","tokens":["Also","worked","with"],"metadata":[]}],[{"content":"the Special Educational settings in the Elementary and high school levels and also coached Football, Basketball, Baseball, and Track & Field","tokens":["the","Special","Educational","settings","in","the","Elementary","and","high","school","levels","and","also","coached","Football,","Basketball,","Baseball,","and","Track","&","Field"],"metadata":[]}],[{"content":"throughout various teams and levels in the Athletic Department.","tokens":["throughout","various","teams","and","levels","in","the","Athletic","Department."],"metadata":[]}],[{"content":"07/2014 to Current Sales Company Name － City , State Helped grow the business from the inside out.","tokens":["07/2014","to","Current","Sales","Company","Name","－","City",",","State","Helped","grow","the","business","from","the","inside","out."],"metadata":[]}],[{"content":"Maintained detailed records of jobs and potential clients.","tokens":["Maintained","detailed","records","of","jobs","and","potential","clients."],"metadata":[]}],[{"content":"Maintained client relations and work.","tokens":["Maintained","client","relations","and","work."],"metadata":[]}],[{"content":"​ Education and Training May 2009 Parks and Recreation Management SOUTHWESTERN OKLAHOMA STATE UNIVERSITY － City , State Parks and Recreation Management Criminal Justice Blinn College － City , State Member of the football and baseball teams President of SAAC Member of the Student Council.","tokens":["​","Education","and","Training","May","2009","Parks","and","Recreation","Management","SOUTHWESTERN","OKLAHOMA","STATE","UNIVERSITY","－","City",",","State","Parks","and","Recreation","Management","Criminal","Justice","Blinn","College","－","City",",","State","Member","of","the","football","and","baseball","teams","President","of","SAAC","Member","of","the","Student","Council."],"metadata":[]}],[{"content":"Crimianl Justice Texas A&M University-Commerce － City , State Member of the football team Vice President of SAAC Memeber of Student Council ​ Additional Information CDL Drivers License THSCA Member CPI member Activities and Honors Member of the Bulldogs Baseball Team.","tokens":["Crimianl","Justice","Texas","A&M","University-Commerce","－","City",",","State","Member","of","the","football","team","Vice","President","of","SAAC","Memeber","of","Student","Council","​","Additional","Information","CDL","Drivers","License","THSCA","Member","CPI","member","Activities","and","Honors","Member","of","the","Bulldogs","Baseball","Team."],"metadata":[]}],[{"content":"(2007-09)","tokens":["(2007-09)"],"metadata":[]}],[{"content":"Special Olympics Coordinator (Western Oklahoma)","tokens":["Special","Olympics","Coordinator","(Western","Oklahoma)"],"metadata":[]}],[{"content":"Member of TKE Fraternity.","tokens":["Member","of","TKE","Fraternity."],"metadata":[]}],[{"content":"Tau Kappa Epsilon Vice President","tokens":["Tau","Kappa","Epsilon","Vice","President"],"metadata":[]}],[{"content":"Vice President of The Student Athlete Advisory Committee (SAAC)","tokens":["Vice","President","of","The","Student","Athlete","Advisory","Committee","(SAAC)"],"metadata":[]}],[{"content":"TEXAS A&M UNIVERSITY-COMMERCE - COMMERCE, TX","tokens":["TEXAS","A&M","UNIVERSITY-COMMERCE","-","COMMERCE,","TX"],"metadata":[]}],[{"content":"Member of the Lions Football Team","tokens":["Member","of","the","Lions","Football","Team"],"metadata":[]}],[{"content":"President of the Student Athlete Advisory Committee (SAAC)","tokens":["President","of","the","Student","Athlete","Advisory","Committee","(SAAC)"],"metadata":[]}],[{"content":"Special Olympics Coach","tokens":["Special","Olympics","Coach"],"metadata":[]}],[{"content":"Member of the Criminal Law Club","tokens":["Member","of","the","Criminal","Law","Club"],"metadata":[]}],[{"content":"BLINN COLLEGE - BRENHAM, TX","tokens":["BLINN","COLLEGE","-","BRENHAM,","TX"],"metadata":[]}],[{"content":"Member of the Buccaneers Football and Baseball Teams.","tokens":["Member","of","the","Buccaneers","Football","and","Baseball","Teams."],"metadata":[]}],[{"content":"Special Olympics Coach","tokens":["Special","Olympics","Coach"],"metadata":[]}],[{"content":"Mentor to younger kids through a Big Brother Program.","tokens":["Mentor","to","younger","kids","through","a","Big","Brother","Program."],"metadata":[]}],[{"content":"Sponsored by schools in the area.","tokens":["Sponsored","by","schools","in","the","area."],"metadata":[]}],[{"content":"Additional Skills","tokens":["Additional","Skills"],"metadata":[]}],[{"content":"CPR/AED Certified","tokens":["CPR/AED","Certified"],"metadata":[]}],[{"content":"CPI Certified (Crisis Prevention Intervention)","tokens":["CPI","Certified","(Crisis","Prevention","Intervention)"],"metadata":[]}],[{"content":"THSCA Member (Texas High School Coaches Association)","tokens":["THSCA","Member","(Texas","High","School","Coaches","Association)"],"metadata":[]}]],"labelerInfo":{"id":6821,"email":"tli94@jh.edu","displayName":"Thomas Li"},"labelSets":[{"name":"Resume Labels","index":0,"labelItems":[{"id":"Kj5U6n9NUqTXuWcB3c_7L","labelName":"College"},{"id":"rj7TW0-ymuRo6f_asXJab","labelName":"Company Name"},{"id":"SJEkdao76hjwbb6Fh5SY6","labelName":"Job Title"},{"id":"BjO8MdvK2KI4E5iMEeY4B","labelName":"Graduation Year"},{"id":"eS2knCRgLegeRw8bcmSWA","labelName":"Skill"},{"id":"IeEoIKabMl51BJE0gX2YL","labelName":"Degree"},{"id":"1R0C50AAwFbEp2O0WmRv6","labelName":"Location"},{"id":"zQcc4ygexJ_A3Gb0NeRTk","labelName":"Years of Experience"},{"id":"52S_6moRfhjC-yXgIBeCp","labelName":"Date"},{"id":"KiLarWmwlU1E3-FfdG6Qg","labelName":"Project"},{"id":"dyxKKTAxW1z5ifjPj42BI","labelName":"Name"}]}],"spanLabels":[{"id":"1663396110","labeledBy":"LABELER","labeledByUserId":6821,"acceptedByUserId":null,"rejectedByUserId":null,"layer":0,"counter":0,"status":"ACCEPTED","hashCode":"SPAN:SJEkdao76hjwbb6Fh5SY6:0:0:0:0:0:0:0:1:9:0:undefined:undefined","labelName":"SJEkdao76hjwbb6Fh5SY6","labelItem":{"id":"SJEkdao76hjwbb6Fh5SY6","labelName":"Job Title"},"textPosition":{"start":{"row":0,"column":0,"tokenIndex":0,"charIndex":0},"end":{"row":0,"column":0,"tokenIndex":1,"charIndex":9}},"confidenceScore":null},{"id":"1663396113","labeledBy":"LABELER","labeledByUserId":6821,"acceptedByUserId":null,"rejectedByUserId":null,"layer":0,"counter":0,"status":"ACCEPTED","hashCode":"SPAN:52S_6moRfhjC-yXgIBeCp:0:0:0:3:0:0:0:3:6:0:undefined:undefined","labelName":"52S_6moRfhjC-yXgIBeCp","labelItem":{"id":"52S_6moRfhjC-yXgIBeCp","labelName":"Date"},"textPosition":{"start":{"row":0,"column":0,"tokenIndex":3,"charIndex":0},"end":{"row":0,"column":0,"tokenIndex":3,"charIndex":6}},"confidenceScore":null},{"id":"1663396116","labeledBy":"LABELER","labeledByUserId":6821,"acceptedByUserId":null,"rejectedByUserId":null,"layer":0,"counter":0,"status":"ACCEPTED","hashCode":"SPAN:52S_6moRfhjC-yXgIBeCp:0:0:0:5:0:0:0:5:6:0:undefined:undefined","labelName":"52S_6moRfhjC-yXgIBeCp","labelItem":{"id":"52S_6moRfhjC-yXgIBeCp","labelName":"Date"},"textPosition":{"start":{"row":0,"column":0,"tokenIndex":5,"charIndex":0},"end":{"row":0,"column":0,"tokenIndex":5,"charIndex":6}},"confidenceScore":null},{"id":"1663396119","labeledBy":"LABELER","labeledByUserId":6821,"acceptedByUserId":null,"rejectedByUserId":null,"layer":0,"counter":0,"status":"ACCEPTED","hashCode":"SPAN:SJEkdao76hjwbb6Fh5SY6:0:0:0:6:0:0:0:7:9:0:undefined:undefined","labelName":"SJEkdao76hjwbb6Fh5SY6","labelItem":{"id":"SJEkdao76hjwbb6Fh5SY6","labelName":"Job Title"},"textPosition":{"start":{"row":0,"column":0,"tokenIndex":6,"charIndex":0},"end":{"row":0,"column":0,"tokenIndex":7,"charIndex":9}},"confidenceScore":null},{"id":"1663396122","labeledBy":"LABELER","labeledByUserId":6821,"acceptedByUserId":null,"rejectedByUserId":null,"layer":0,"counter":0,"status":"ACCEPTED","hashCode":"SPAN:52S_6moRfhjC-yXgIBeCp:0:3:0:0:0:3:0:0:6:0:undefined:undefined","labelName":"52S_6moRfhjC-yXgIBeCp","labelItem":{"id":"52S_6moRfhjC-yXgIBeCp","labelName":"Date"},"textPosition":{"start":{"row":3,"column":0,"tokenIndex":0,"charIndex":0},"end":{"row":3,"column":0,"tokenIndex":0,"charIndex":6}},"confidenceScore":null},{"id":"1663396125","labeledBy":"LABELER","labeledByUserId":6821,"acceptedByUserId":null,"rejectedByUserId":null,"layer":0,"counter":0,"status":"ACCEPTED","hashCode":"SPAN:52S_6moRfhjC-yXgIBeCp:0:3:0:2:0:3:0:2:6:0:undefined:undefined","labelName":"52S_6moRfhjC-yXgIBeCp","labelItem":{"id":"52S_6moRfhjC-yXgIBeCp","labelName":"Date"},"textPosition":{"start":{"row":3,"column":0,"tokenIndex":2,"charIndex":0},"end":{"row":3,"column":0,"tokenIndex":2,"charIndex":6}},"confidenceScore":null},{"id":"1663396128","labeledBy":"LABELER","labeledByUserId":6821,"acceptedByUserId":null,"rejectedByUserId":null,"layer":0,"counter":0,"status":"ACCEPTED","hashCode":"SPAN:SJEkdao76hjwbb6Fh5SY6:0:3:0:3:0:3:0:4:14:0:undefined:undefined","labelName":"SJEkdao76hjwbb6Fh5SY6","labelItem":{"id":"SJEkdao76hjwbb6Fh5SY6","labelName":"Job Title"},"textPosition":{"start":{"row":3,"column":0,"tokenIndex":3,"charIndex":0},"end":{"row":3,"column":0,"tokenIndex":4,"charIndex":14}},"confidenceScore":null},{"id":"1663396134","labeledBy":"LABELER","labeledByUserId":6821,"acceptedByUserId":null,"rejectedByUserId":null,"layer":0,"counter":0,"status":"ACCEPTED","hashCode":"SPAN:rj7TW0-ymuRo6f_asXJab:0:3:0:15:0:3:0:18:7:0:undefined:undefined","labelName":"rj7TW0-ymuRo6f_asXJab","labelItem":{"id":"rj7TW0-ymuRo6f_asXJab","labelName":"Company Name"},"textPosition":{"start":{"row":3,"column":0,"tokenIndex":15,"charIndex":0},"end":{"row":3,"column":0,"tokenIndex":18,"charIndex":7}},"confidenceScore":null},{"id":"1663396137","labeledBy":"LABELER","labeledByUserId":6821,"acceptedByUserId":null,"rejectedByUserId":null,"layer":0,"counter":0,"status":"ACCEPTED","hashCode":"SPAN:rj7TW0-ymuRo6f_asXJab:0:3:0:23:0:3:0:24:8:0:undefined:undefined","labelName":"rj7TW0-ymuRo6f_asXJab","labelItem":{"id":"rj7TW0-ymuRo6f_asXJab","labelName":"Company Name"},"textPosition":{"start":{"row":3,"column":0,"tokenIndex":23,"charIndex":0},"end":{"row":3,"column":0,"tokenIndex":24,"charIndex":8}},"confidenceScore":null},{"id":"1663396146","labeledBy":"LABELER","labeledByUserId":6821,"acceptedByUserId":null,"rejectedByUserId":null,"layer":0,"counter":0,"status":"ACCEPTED","hashCode":"SPAN:eS2knCRgLegeRw8bcmSWA:0:4:0:9:0:4:0:9:8:0:undefined:undefined","labelName":"eS2knCRgLegeRw8bcmSWA","labelItem":{"id":"eS2knCRgLegeRw8bcmSWA","labelName":"Skill"},"textPosition":{"start":{"row":4,"column":0,"tokenIndex":9,"charIndex":0},"end":{"row":4,"column":0,"tokenIndex":9,"charIndex":8}},"confidenceScore":null},{"id":"1663396143","labeledBy":"LABELER","labeledByUserId":6821,"acceptedByUserId":null,"rejectedByUserId":null,"layer":0,"counter":0,"status":"ACCEPTED","hashCode":"SPAN:eS2knCRgLegeRw8bcmSWA:0:4:0:10:0:4:0:10:10:0:undefined:undefined","labelName":"eS2knCRgLegeRw8bcmSWA","labelItem":{"id":"eS2knCRgLegeRw8bcmSWA","labelName":"Skill"},"textPosition":{"start":{"row":4,"column":0,"tokenIndex":10,"charIndex":0},"end":{"row":4,"column":0,"tokenIndex":10,"charIndex":10}},"confidenceScore":null},{"id":"1663396140","labeledBy":"LABELER","labeledByUserId":6821,"acceptedByUserId":null,"rejectedByUserId":null,"layer":0,"counter":0,"status":"ACCEPTED","hashCode":"SPAN:eS2knCRgLegeRw8bcmSWA:0:4:0:14:0:4:0:16:11:0:undefined:undefined","labelName":"eS2knCRgLegeRw8bcmSWA","labelItem":{"id":"eS2knCRgLegeRw8bcmSWA","labelName":"Skill"},"textPosition":{"start":{"row":4,"column":0,"tokenIndex":14,"charIndex":0},"end":{"row":4,"column":0,"tokenIndex":16,"charIndex":11}},"confidenceScore":null},{"id":"1663396149","labeledBy":"LABELER","labeledByUserId":6821,"acceptedByUserId":null,"rejectedByUserId":null,"layer":0,"counter":0,"status":"ACCEPTED","hashCode":"SPAN:52S_6moRfhjC-yXgIBeCp:0:6:0:0:0:6:0:0:6:0:undefined:undefined","labelName":"52S_6moRfhjC-yXgIBeCp","labelItem":{"id":"52S_6moRfhjC-yXgIBeCp","labelName":"Date"},"textPosition":{"start":{"row":6,"column":0,"tokenIndex":0,"charIndex":0},"end":{"row":6,"column":0,"tokenIndex":0,"charIndex":6}},"confidenceScore":null},{"id":"1663396152","labeledBy":"LABELER","labeledByUserId":6821,"acceptedByUserId":null,"rejectedByUserId":null,"layer":0,"counter":0,"status":"ACCEPTED","hashCode":"SPAN:52S_6moRfhjC-yXgIBeCp:0:6:0:2:0:6:0:2:6:0:undefined:undefined","labelName":"52S_6moRfhjC-yXgIBeCp","labelItem":{"id":"52S_6moRfhjC-yXgIBeCp","labelName":"Date"},"textPosition":{"start":{"row":6,"column":0,"tokenIndex":2,"charIndex":0},"end":{"row":6,"column":0,"tokenIndex":2,"charIndex":6}},"confidenceScore":null},{"id":"1663396155","labeledBy":"LABELER","labeledByUserId":6821,"acceptedByUserId":null,"rejectedByUserId":null,"layer":0,"counter":0,"status":"ACCEPTED","hashCode":"SPAN:SJEkdao76hjwbb6Fh5SY6:0:6:0:3:0:6:0:4:14:0:undefined:undefined","labelName":"SJEkdao76hjwbb6Fh5SY6","labelItem":{"id":"SJEkdao76hjwbb6Fh5SY6","labelName":"Job Title"},"textPosition":{"start":{"row":6,"column":0,"tokenIndex":3,"charIndex":0},"end":{"row":6,"column":0,"tokenIndex":4,"charIndex":14}},"confidenceScore":null},{"id":"1663396158","labeledBy":"LABELER","labeledByUserId":6821,"acceptedByUserId":null,"rejectedByUserId":null,"layer":0,"counter":0,"status":"ACCEPTED","hashCode":"SPAN:eS2knCRgLegeRw8bcmSWA:0:8:0:14:0:8:0:14:8:0:undefined:undefined","labelName":"eS2knCRgLegeRw8bcmSWA","labelItem":{"id":"eS2knCRgLegeRw8bcmSWA","labelName":"Skill"},"textPosition":{"start":{"row":8,"column":0,"tokenIndex":14,"charIndex":0},"end":{"row":8,"column":0,"tokenIndex":14,"charIndex":8}},"confidenceScore":null},{"id":"1663396161","labeledBy":"LABELER","labeledByUserId":6821,"acceptedByUserId":null,"rejectedByUserId":null,"layer":0,"counter":0,"status":"ACCEPTED","hashCode":"SPAN:eS2knCRgLegeRw8bcmSWA:0:8:0:15:0:8:0:15:10:0:undefined:undefined","labelName":"eS2knCRgLegeRw8bcmSWA","labelItem":{"id":"eS2knCRgLegeRw8bcmSWA","labelName":"Skill"},"textPosition":{"start":{"row":8,"column":0,"tokenIndex":15,"charIndex":0},"end":{"row":8,"column":0,"tokenIndex":15,"charIndex":10}},"confidenceScore":null},{"id":"1663396164","labeledBy":"LABELER","labeledByUserId":6821,"acceptedByUserId":null,"rejectedByUserId":null,"layer":0,"counter":0,"status":"ACCEPTED","hashCode":"SPAN:eS2knCRgLegeRw8bcmSWA:0:8:0:16:0:8:0:16:8:0:undefined:undefined","labelName":"eS2knCRgLegeRw8bcmSWA","labelItem":{"id":"eS2knCRgLegeRw8bcmSWA","labelName":"Skill"},"textPosition":{"start":{"row":8,"column":0,"tokenIndex":16,"charIndex":0},"end":{"row":8,"column":0,"tokenIndex":16,"charIndex":8}},"confidenceScore":null},{"id":"1663396167","labeledBy":"LABELER","labeledByUserId":6821,"acceptedByUserId":null,"rejectedByUserId":null,"layer":0,"counter":0,"status":"ACCEPTED","hashCode":"SPAN:eS2knCRgLegeRw8bcmSWA:0:8:0:18:0:8:0:20:4:0:undefined:undefined","labelName":"eS2knCRgLegeRw8bcmSWA","labelItem":{"id":"eS2knCRgLegeRw8bcmSWA","labelName":"Skill"},"textPosition":{"start":{"row":8,"column":0,"tokenIndex":18,"charIndex":0},"end":{"row":8,"column":0,"tokenIndex":20,"charIndex":4}},"confidenceScore":null},{"id":"1663396170","labeledBy":"LABELER","labeledByUserId":6821,"acceptedByUserId":null,"rejectedByUserId":null,"layer":0,"counter":0,"status":"ACCEPTED","hashCode":"SPAN:52S_6moRfhjC-yXgIBeCp:0:10:0:0:0:10:0:0:6:0:undefined:undefined","labelName":"52S_6moRfhjC-yXgIBeCp","labelItem":{"id":"52S_6moRfhjC-yXgIBeCp","labelName":"Date"},"textPosition":{"start":{"row":10,"column":0,"tokenIndex":0,"charIndex":0},"end":{"row":10,"column":0,"tokenIndex":0,"charIndex":6}},"confidenceScore":null},{"id":"1663396173","labeledBy":"LABELER","labeledByUserId":6821,"acceptedByUserId":null,"rejectedByUserId":null,"layer":0,"counter":0,"status":"ACCEPTED","hashCode":"SPAN:52S_6moRfhjC-yXgIBeCp:0:10:0:2:0:10:0:2:6:0:undefined:undefined","labelName":"52S_6moRfhjC-yXgIBeCp","labelItem":{"id":"52S_6moRfhjC-yXgIBeCp","labelName":"Date"},"textPosition":{"start":{"row":10,"column":0,"tokenIndex":2,"charIndex":0},"end":{"row":10,"column":0,"tokenIndex":2,"charIndex":6}},"confidenceScore":null},{"id":"1663396176","labeledBy":"LABELER","labeledByUserId":6821,"acceptedByUserId":null,"rejectedByUserId":null,"layer":0,"counter":0,"status":"ACCEPTED","hashCode":"SPAN:SJEkdao76hjwbb6Fh5SY6:0:10:0:3:0:10:0:3:4:0:undefined:undefined","labelName":"SJEkdao76hjwbb6Fh5SY6","labelItem":{"id":"SJEkdao76hjwbb6Fh5SY6","labelName":"Job Title"},"textPosition":{"start":{"row":10,"column":0,"tokenIndex":3,"charIndex":0},"end":{"row":10,"column":0,"tokenIndex":3,"charIndex":4}},"confidenceScore":null},{"id":"1663396185","labeledBy":"LABELER","labeledByUserId":6821,"acceptedByUserId":null,"rejectedByUserId":null,"layer":0,"counter":0,"status":"ACCEPTED","hashCode":"SPAN:IeEoIKabMl51BJE0gX2YL:0:13:0:1:0:13:0:3:7:0:undefined:undefined","labelName":"IeEoIKabMl51BJE0gX2YL","labelItem":{"id":"IeEoIKabMl51BJE0gX2YL","labelName":"Degree"},"textPosition":{"start":{"row":13,"column":0,"tokenIndex":1,"charIndex":0},"end":{"row":13,"column":0,"tokenIndex":3,"charIndex":7}},"confidenceScore":null},{"id":"1663396182","labeledBy":"LABELER","labeledByUserId":6821,"acceptedByUserId":null,"rejectedByUserId":null,"layer":0,"counter":0,"status":"ACCEPTED","hashCode":"SPAN:52S_6moRfhjC-yXgIBeCp:0:13:0:4:0:13:0:5:3:0:undefined:undefined","labelName":"52S_6moRfhjC-yXgIBeCp","labelItem":{"id":"52S_6moRfhjC-yXgIBeCp","labelName":"Date"},"textPosition":{"start":{"row":13,"column":0,"tokenIndex":4,"charIndex":0},"end":{"row":13,"column":0,"tokenIndex":5,"charIndex":3}},"confidenceScore":null},{"id":"1663396179","labeledBy":"LABELER","labeledByUserId":6821,"acceptedByUserId":null,"rejectedByUserId":null,"layer":0,"counter":0,"status":"ACCEPTED","hashCode":"SPAN:Kj5U6n9NUqTXuWcB3c_7L:0:13:0:10:0:13:0:13:9:0:undefined:undefined","labelName":"Kj5U6n9NUqTXuWcB3c_7L","labelItem":{"id":"Kj5U6n9NUqTXuWcB3c_7L","labelName":"College"},"textPosition":{"start":{"row":13,"column":0,"tokenIndex":10,"charIndex":0},"end":{"row":13,"column":0,"tokenIndex":13,"charIndex":9}},"confidenceScore":null},{"id":"1663396188","labeledBy":"LABELER","labeledByUserId":6821,"acceptedByUserId":null,"rejectedByUserId":null,"layer":0,"counter":0,"status":"ACCEPTED","hashCode":"SPAN:Kj5U6n9NUqTXuWcB3c_7L:0:13:0:24:0:13:0:25:6:0:undefined:undefined","labelName":"Kj5U6n9NUqTXuWcB3c_7L","labelItem":{"id":"Kj5U6n9NUqTXuWcB3c_7L","labelName":"College"},"textPosition":{"start":{"row":13,"column":0,"tokenIndex":24,"charIndex":0},"end":{"row":13,"column":0,"tokenIndex":25,"charIndex":6}},"confidenceScore":null},{"id":"1663396191","labeledBy":"LABELER","labeledByUserId":6821,"acceptedByUserId":null,"rejectedByUserId":null,"layer":0,"counter":0,"status":"ACCEPTED","hashCode":"SPAN:Kj5U6n9NUqTXuWcB3c_7L:0:14:0:2:0:14:0:4:18:0:undefined:undefined","labelName":"Kj5U6n9NUqTXuWcB3c_7L","labelItem":{"id":"Kj5U6n9NUqTXuWcB3c_7L","labelName":"College"},"textPosition":{"start":{"row":14,"column":0,"tokenIndex":2,"charIndex":0},"end":{"row":14,"column":0,"tokenIndex":4,"charIndex":18}},"confidenceScore":null},{"id":"1663396227","labeledBy":"LABELER","labeledByUserId":6821,"acceptedByUserId":null,"rejectedByUserId":null,"layer":0,"counter":0,"status":"ACCEPTED","hashCode":"SPAN:BjO8MdvK2KI4E5iMEeY4B:0:15:0:0:0:15:0:0:8:0:undefined:undefined","labelName":"BjO8MdvK2KI4E5iMEeY4B","labelItem":{"id":"BjO8MdvK2KI4E5iMEeY4B","labelName":"Graduation Year"},"textPosition":{"start":{"row":15,"column":0,"tokenIndex":0,"charIndex":0},"end":{"row":15,"column":0,"tokenIndex":0,"charIndex":8}},"confidenceScore":null},{"id":"1663396197","labeledBy":"LABELER","labeledByUserId":6821,"acceptedByUserId":null,"rejectedByUserId":null,"layer":0,"counter":0,"status":"ACCEPTED","hashCode":"SPAN:SJEkdao76hjwbb6Fh5SY6:0:16:0:0:0:16:0:2:10:0:undefined:undefined","labelName":"SJEkdao76hjwbb6Fh5SY6","labelItem":{"id":"SJEkdao76hjwbb6Fh5SY6","labelName":"Job Title"},"textPosition":{"start":{"row":16,"column":0,"tokenIndex":0,"charIndex":0},"end":{"row":16,"column":0,"tokenIndex":2,"charIndex":10}},"confidenceScore":null},{"id":"1663396203","labeledBy":"LABELER","labeledByUserId":6821,"acceptedByUserId":null,"rejectedByUserId":null,"layer":0,"counter":0,"status":"ACCEPTED","hashCode":"SPAN:Kj5U6n9NUqTXuWcB3c_7L:0:20:0:0:0:20:0:2:18:0:undefined:undefined","labelName":"Kj5U6n9NUqTXuWcB3c_7L","labelItem":{"id":"Kj5U6n9NUqTXuWcB3c_7L","labelName":"College"},"textPosition":{"start":{"row":20,"column":0,"tokenIndex":0,"charIndex":0},"end":{"row":20,"column":0,"tokenIndex":2,"charIndex":18}},"confidenceScore":null},{"id":"1663396200","labeledBy":"LABELER","labeledByUserId":6821,"acceptedByUserId":null,"rejectedByUserId":null,"layer":0,"counter":0,"status":"ACCEPTED","hashCode":"SPAN:1R0C50AAwFbEp2O0WmRv6:0:20:0:4:0:20:0:5:1:0:undefined:undefined","labelName":"1R0C50AAwFbEp2O0WmRv6","labelItem":{"id":"1R0C50AAwFbEp2O0WmRv6","labelName":"Location"},"textPosition":{"start":{"row":20,"column":0,"tokenIndex":4,"charIndex":0},"end":{"row":20,"column":0,"tokenIndex":5,"charIndex":1}},"confidenceScore":null},{"id":"1663396206","labeledBy":"LABELER","labeledByUserId":6821,"acceptedByUserId":null,"rejectedByUserId":null,"layer":0,"counter":0,"status":"ACCEPTED","hashCode":"SPAN:SJEkdao76hjwbb6Fh5SY6:0:23:0:0:0:23:0:2:4:0:undefined:undefined","labelName":"SJEkdao76hjwbb6Fh5SY6","labelItem":{"id":"SJEkdao76hjwbb6Fh5SY6","labelName":"Job Title"},"textPosition":{"start":{"row":23,"column":0,"tokenIndex":0,"charIndex":0},"end":{"row":23,"column":0,"tokenIndex":2,"charIndex":4}},"confidenceScore":null},{"id":"1663396209","labeledBy":"LABELER","labeledByUserId":6821,"acceptedByUserId":null,"rejectedByUserId":null,"layer":0,"counter":0,"status":"ACCEPTED","hashCode":"SPAN:Kj5U6n9NUqTXuWcB3c_7L:0:25:0:0:0:25:0:1:6:0:undefined:undefined","labelName":"Kj5U6n9NUqTXuWcB3c_7L","labelItem":{"id":"Kj5U6n9NUqTXuWcB3c_7L","labelName":"College"},"textPosition":{"start":{"row":25,"column":0,"tokenIndex":0,"charIndex":0},"end":{"row":25,"column":0,"tokenIndex":1,"charIndex":6}},"confidenceScore":null},{"id":"1663396212","labeledBy":"LABELER","labeledByUserId":6821,"acceptedByUserId":null,"rejectedByUserId":null,"layer":0,"counter":0,"status":"ACCEPTED","hashCode":"SPAN:1R0C50AAwFbEp2O0WmRv6:0:25:0:3:0:25:0:4:1:0:undefined:undefined","labelName":"1R0C50AAwFbEp2O0WmRv6","labelItem":{"id":"1R0C50AAwFbEp2O0WmRv6","labelName":"Location"},"textPosition":{"start":{"row":25,"column":0,"tokenIndex":3,"charIndex":0},"end":{"row":25,"column":0,"tokenIndex":4,"charIndex":1}},"confidenceScore":null},{"id":"1663396215","labeledBy":"LABELER","labeledByUserId":6821,"acceptedByUserId":null,"rejectedByUserId":null,"layer":0,"counter":0,"status":"ACCEPTED","hashCode":"SPAN:SJEkdao76hjwbb6Fh5SY6:0:27:0:0:0:27:0:2:4:0:undefined:undefined","labelName":"SJEkdao76hjwbb6Fh5SY6","labelItem":{"id":"SJEkdao76hjwbb6Fh5SY6","labelName":"Job Title"},"textPosition":{"start":{"row":27,"column":0,"tokenIndex":0,"charIndex":0},"end":{"row":27,"column":0,"tokenIndex":2,"charIndex":4}},"confidenceScore":null},{"id":"1663396218","labeledBy":"LABELER","labeledByUserId":6821,"acceptedByUserId":null,"rejectedByUserId":null,"layer":0,"counter":0,"status":"ACCEPTED","hashCode":"SPAN:eS2knCRgLegeRw8bcmSWA:0:31:0:0:0:31:0:1:8:0:undefined:undefined","labelName":"eS2knCRgLegeRw8bcmSWA","labelItem":{"id":"eS2knCRgLegeRw8bcmSWA","labelName":"Skill"},"textPosition":{"start":{"row":31,"column":0,"tokenIndex":0,"charIndex":0},"end":{"row":31,"column":0,"tokenIndex":1,"charIndex":8}},"confidenceScore":null},{"id":"1663396221","labeledBy":"LABELER","labeledByUserId":6821,"acceptedByUserId":null,"rejectedByUserId":null,"layer":0,"counter":0,"status":"ACCEPTED","hashCode":"SPAN:eS2knCRgLegeRw8bcmSWA:0:32:0:0:0:32:0:1:8:0:undefined:undefined","labelName":"eS2knCRgLegeRw8bcmSWA","labelItem":{"id":"eS2knCRgLegeRw8bcmSWA","labelName":"Skill"},"textPosition":{"start":{"row":32,"column":0,"tokenIndex":0,"charIndex":0},"end":{"row":32,"column":0,"tokenIndex":1,"charIndex":8}},"confidenceScore":null},{"id":"1663396224","labeledBy":"LABELER","labeledByUserId":6821,"acceptedByUserId":null,"rejectedByUserId":null,"layer":0,"counter":0,"status":"ACCEPTED","hashCode":"SPAN:eS2knCRgLegeRw8bcmSWA:0:33:0:0:0:33:0:1:5:0:undefined:undefined","labelName":"eS2knCRgLegeRw8bcmSWA","labelItem":{"id":"eS2knCRgLegeRw8bcmSWA","labelName":"Skill"},"textPosition":{"start":{"row":33,"column":0,"tokenIndex":0,"charIndex":0},"end":{"row":33,"column":0,"tokenIndex":1,"charIndex":5}},"confidenceScore":null}],"arrowLabels":[],"boundingBoxLabels":[],"timeLabels":[],"comments":[],"url":"datasaur://static/6814/7759f8d3-bea5-4ccb-9f1a-62074f8dcc2f.txt"}}
