{"version":"1","data":{"project":{"id":"ODBjYmQ2MDg","name":"NLP SSM Final Project"},"document":{"id":"30c225aa-e025-4512-9f93-9a8e87db31b4","name":"resume_1884_d1.txt"},"kinds":["TOKEN_BASED"],"rows":[[{"content":"SUPERVISOR ACCOUNTANT Professional Summary Ability to work in a fast paced, deadline driven environment, independently or as a team.","tokens":["SUPERVISOR","ACCOUNTANT","Professional","Summary","Ability","to","work","in","a","fast","paced,","deadline","driven","environment,","independently","or","as","a","team."],"metadata":[]}],[{"content":"Core Qualifications Microsoft Office, advanced Excel, PowerPoint, MS Access, Atlas, Windows 95 - XP, Harvard Graphics, QuickBooks, NGS Systems (Net Global Solutions Systems), People Soft, SAP, Quicken, Nanovision, 2-Tier, Phoenix (E1), and Business Objects.","tokens":["Core","Qualifications","Microsoft","Office,","advanced","Excel,","PowerPoint,","MS","Access,","Atlas,","Windows","95","-","XP,","Harvard","Graphics,","QuickBooks,","NGS","Systems","(Net","Global","Solutions","Systems),","People","Soft,","SAP,","Quicken,","Nanovision,","2-Tier,","Phoenix","(E1),","and","Business","Objects."],"metadata":[]}],[{"content":"Experience Supervisor Accountant July 2015 to Current Company Name － City , State Performed financial reporting activities for the Ichthys Project.","tokens":["Experience","Supervisor","Accountant","July","2015","to","Current","Company","Name","－","City",",","State","Performed","financial","reporting","activities","for","the","Ichthys","Project."],"metadata":[]}],[{"content":"Specific responsibilities included the following Financial Reporting including variance analysis of P&L's and Balance Sheet.","tokens":["Specific","responsibilities","included","the","following","Financial","Reporting","including","variance","analysis","of","P&L's","and","Balance","Sheet."],"metadata":[]}],[{"content":"Project accounting including billing and month end closeout for assigned projects.","tokens":["Project","accounting","including","billing","and","month","end","closeout","for","assigned","projects."],"metadata":[]}],[{"content":"Sarbanes Oxley compliance/FCPA - Quarterly testing of internal controls.","tokens":["Sarbanes","Oxley","compliance/FCPA","-","Quarterly","testing","of","internal","controls."],"metadata":[]}],[{"content":"Responsible for preparing budgeting and forecasting.","tokens":["Responsible","for","preparing","budgeting","and","forecasting."],"metadata":[]}],[{"content":"Account reconciliations and analysis of balance sheet accounts.","tokens":["Account","reconciliations","and","analysis","of","balance","sheet","accounts."],"metadata":[]}],[{"content":"Monitoring of project accounts receivables, unbilled, unearned and financial performance.","tokens":["Monitoring","of","project","accounts","receivables,","unbilled,","unearned","and","financial","performance."],"metadata":[]}],[{"content":"Responsible for preparing Backlog Roll Forward for Ichthys.","tokens":["Responsible","for","preparing","Backlog","Roll","Forward","for","Ichthys."],"metadata":[]}],[{"content":"Prepare PowerPoint presentations, charts, and graphs.","tokens":["Prepare","PowerPoint","presentations,","charts,","and","graphs."],"metadata":[]}],[{"content":"Attend Monthly and Quarter PSR/PFSR meeting.","tokens":["Attend","Monthly","and","Quarter","PSR/PFSR","meeting."],"metadata":[]}],[{"content":"Performance of ad-hoc request and special projects as required.","tokens":["Performance","of","ad-hoc","request","and","special","projects","as","required."],"metadata":[]}],[{"content":"Lead Accountant July 2008 to July 2015 Company Name － City , State Performed financial reporting activities within the Government, Infrastructure and Minerals product line.","tokens":["Lead","Accountant","July","2008","to","July","2015","Company","Name","－","City",",","State","Performed","financial","reporting","activities","within","the","Government,","Infrastructure","and","Minerals","product","line."],"metadata":[]}],[{"content":"Specific responsibilities included the following Financial Reporting including variance analysis of P&L's and Balance Sheet.","tokens":["Specific","responsibilities","included","the","following","Financial","Reporting","including","variance","analysis","of","P&L's","and","Balance","Sheet."],"metadata":[]}],[{"content":"Project accounting including billing and month end closeout for assigned projects.","tokens":["Project","accounting","including","billing","and","month","end","closeout","for","assigned","projects."],"metadata":[]}],[{"content":"Sarbanes Oxley compliance - Quarterly testing of internal controls.","tokens":["Sarbanes","Oxley","compliance","-","Quarterly","testing","of","internal","controls."],"metadata":[]}],[{"content":"Assist with budgeting and forecasting.","tokens":["Assist","with","budgeting","and","forecasting."],"metadata":[]}],[{"content":"Account reconciliations and analysis of balance sheet accounts.","tokens":["Account","reconciliations","and","analysis","of","balance","sheet","accounts."],"metadata":[]}],[{"content":"Monitoring of project accounts receivables, unbilled, unearned and financial performance.","tokens":["Monitoring","of","project","accounts","receivables,","unbilled,","unearned","and","financial","performance."],"metadata":[]}],[{"content":"Responsible for preparing Backlog Roll Forward for Infrastructure and Minerals.","tokens":["Responsible","for","preparing","Backlog","Roll","Forward","for","Infrastructure","and","Minerals."],"metadata":[]}],[{"content":"Assist in preparing PowerPoint presentations, charts, and graphs.","tokens":["Assist","in","preparing","PowerPoint","presentations,","charts,","and","graphs."],"metadata":[]}],[{"content":"Performance of ad-hoc request and special projects as required.","tokens":["Performance","of","ad-hoc","request","and","special","projects","as","required."],"metadata":[]}],[{"content":"Senior Accountant December 2007 to June 2008 Company Name － City , State Review the SSC general ledger accounts and make correcting entries.","tokens":["Senior","Accountant","December","2007","to","June","2008","Company","Name","－","City",",","State","Review","the","SSC","general","ledger","accounts","and","make","correcting","entries."],"metadata":[]}],[{"content":"Performs account analysis and reconciliation.","tokens":["Performs","account","analysis","and","reconciliation."],"metadata":[]}],[{"content":"Create and maintain ad hoc reports and reporting databases such as Access and Excel.","tokens":["Create","and","maintain","ad","hoc","reports","and","reporting","databases","such","as","Access","and","Excel."],"metadata":[]}],[{"content":"Monitor SSC process execution for SOX compliance, and coordinates testing activities with auditors.","tokens":["Monitor","SSC","process","execution","for","SOX","compliance,","and","coordinates","testing","activities","with","auditors."],"metadata":[]}],[{"content":"Generate and analyze process performance metrics.","tokens":["Generate","and","analyze","process","performance","metrics."],"metadata":[]}],[{"content":"Assists in developing and testing automated tools such as Lotus Notes and SSC webpage.","tokens":["Assists","in","developing","and","testing","automated","tools","such","as","Lotus","Notes","and","SSC","webpage."],"metadata":[]}],[{"content":"Assist in preparing PowerPoint presentations, charts, and graphs.","tokens":["Assist","in","preparing","PowerPoint","presentations,","charts,","and","graphs."],"metadata":[]}],[{"content":"Reconcile intercompany balances with 18 sister companies.","tokens":["Reconcile","intercompany","balances","with","18","sister","companies."],"metadata":[]}],[{"content":"Prepare accounts payable accruals.","tokens":["Prepare","accounts","payable","accruals."],"metadata":[]}],[{"content":"Reconcile AP accruals, payroll transactions, and fixed assets.","tokens":["Reconcile","AP","accruals,","payroll","transactions,","and","fixed","assets."],"metadata":[]}],[{"content":"Set up fixed assets in JDE for depreciation expense.","tokens":["Set","up","fixed","assets","in","JDE","for","depreciation","expense."],"metadata":[]}],[{"content":"Pay monthly lease for vehicles and gas cards.","tokens":["Pay","monthly","lease","for","vehicles","and","gas","cards."],"metadata":[]}],[{"content":"Prepare monthly financial reports and tax packages.","tokens":["Prepare","monthly","financial","reports","and","tax","packages."],"metadata":[]}],[{"content":"Prepare monthly forecast analysis and summary variance explanations.","tokens":["Prepare","monthly","forecast","analysis","and","summary","variance","explanations."],"metadata":[]}],[{"content":"Senior Financial Analyst October 2005 to October 2007 Company Name － City , State 20th Century Fox Home Entertainment one of the world's most recognized and respected producers and distributors of films and television programs) Researched and analyzed licensee royalty statements, reconciled local office financial statements, evaluated company's position by using multiple schedules (e.g., sum cost, revenue and contribution), forecasted month-to-date, prepared and analyzed monthly forecast, prepared quarterly forecast statements and presented findings to senior management.","tokens":["Senior","Financial","Analyst","October","2005","to","October","2007","Company","Name","－","City",",","State","20th","Century","Fox","Home","Entertainment","one","of","the","world's","most","recognized","and","respected","producers","and","distributors","of","films","and","television","programs)","Researched","and","analyzed","licensee","royalty","statements,","reconciled","local","office","financial","statements,","evaluated","company's","position","by","using","multiple","schedules","(e.g.,","sum","cost,","revenue","and","contribution),","forecasted","month-to-date,","prepared","and","analyzed","monthly","forecast,","prepared","quarterly","forecast","statements","and","presented","findings","to","senior","management."],"metadata":[]}],[{"content":"Prepared, maintained and reviewed forecasts.","tokens":["Prepared,","maintained","and","reviewed","forecasts."],"metadata":[]}],[{"content":"Set up projects in PeopleSoft.","tokens":["Set","up","projects","in","PeopleSoft."],"metadata":[]}],[{"content":"Performed month-end close activities.","tokens":["Performed","month-end","close","activities."],"metadata":[]}],[{"content":"Individually analyzed and prepared production actual.","tokens":["Individually","analyzed","and","prepared","production","actual."],"metadata":[]}],[{"content":"Analyzed and prepared month-to-date and year-to-date variance explanations.","tokens":["Analyzed","and","prepared","month-to-date","and","year-to-date","variance","explanations."],"metadata":[]}],[{"content":"Prepared journal entries and coordinated with senior management to input book entries into People Soft.","tokens":["Prepared","journal","entries","and","coordinated","with","senior","management","to","input","book","entries","into","People","Soft."],"metadata":[]}],[{"content":"Performed financial analysis as requested.","tokens":["Performed","financial","analysis","as","requested."],"metadata":[]}],[{"content":"Prepared licensee royalty statement to be uploaded into Atlas.","tokens":["Prepared","licensee","royalty","statement","to","be","uploaded","into","Atlas."],"metadata":[]}],[{"content":"Prepared and processed journal entries to be uploaded into PeopleSoft.","tokens":["Prepared","and","processed","journal","entries","to","be","uploaded","into","PeopleSoft."],"metadata":[]}],[{"content":"General Accountant June 2005 to August 2005 Company Name － City , State Supervised over a 120 different accounts within the United States by using Nanovision.","tokens":["General","Accountant","June","2005","to","August","2005","Company","Name","－","City",",","State","Supervised","over","a","120","different","accounts","within","the","United","States","by","using","Nanovision."],"metadata":[]}],[{"content":"Adjusted journal entries to balance general ledger.","tokens":["Adjusted","journal","entries","to","balance","general","ledger."],"metadata":[]}],[{"content":"Handled bookkeeping monthly byusing Nanovision and Excel.","tokens":["Handled","bookkeeping","monthly","byusing","Nanovision","and","Excel."],"metadata":[]}],[{"content":"Provided bank reconciliations for month-end closing statement for each account.","tokens":["Provided","bank","reconciliations","for","month-end","closing","statement","for","each","account."],"metadata":[]}],[{"content":"Accountant September 2004 to January 2005 Company Name － City , State Oversaw accounts receivables operating and approval process to support production of over 150 checks weekly.","tokens":["Accountant","September","2004","to","January","2005","Company","Name","－","City",",","State","Oversaw","accounts","receivables","operating","and","approval","process","to","support","production","of","over","150","checks","weekly."],"metadata":[]}],[{"content":"Authorized check signer, approved all wire transfers over $1M.","tokens":["Authorized","check","signer,","approved","all","wire","transfers","over","$1M."],"metadata":[]}],[{"content":"Adjusted journal entries to balance general ledger.","tokens":["Adjusted","journal","entries","to","balance","general","ledger."],"metadata":[]}],[{"content":"Contributed to annual budget process, working with various department heads to review historical activities, trends, and future obligations.","tokens":["Contributed","to","annual","budget","process,","working","with","various","department","heads","to","review","historical","activities,","trends,","and","future","obligations."],"metadata":[]}],[{"content":"Handled 1099 Miscellaneous tax issues.","tokens":["Handled","1099","Miscellaneous","tax","issues."],"metadata":[]}],[{"content":"2005) Managed month-end closing cycle.","tokens":["2005)","Managed","month-end","closing","cycle."],"metadata":[]}],[{"content":"Education Master of Business Administration : Business Development Strategy, Management , May 2008 Pepperdine University, Graziadio School of Business and Management － City , State Business Development Strategy, Management Bachelor of Science : Finance Spanish , May 2004 University of New Orleans － City , State Finance Spanish Languages Fluent in English and Spanish (proficiency has decreased due to moderate use).","tokens":["Education","Master","of","Business","Administration",":","Business","Development","Strategy,","Management",",","May","2008","Pepperdine","University,","Graziadio","School","of","Business","and","Management","－","City",",","State","Business","Development","Strategy,","Management","Bachelor","of","Science",":","Finance","Spanish",",","May","2004","University","of","New","Orleans","－","City",",","State","Finance","Spanish","Languages","Fluent","in","English","and","Spanish","(proficiency","has","decreased","due","to","moderate","use)."],"metadata":[]}],[{"content":"Skills Account reconciliations, accounting, accounts payable, accounts receivables, accruals, ad, AP, balance sheet, balance, bank reconciliations, billing, bookkeeping, book, budgeting, budget, Business Objects, charts, oral communication, CPA, databases, Fluent in English, senior management, finance, financial, financial analysis, financial reports, Financial Reporting, financial statements, fixed assets, forecasting, general ledger, general ledger accounts, Government, graphs, Harvard Graphics, JDE, Lotus Notes, Access, MS Access, Excel, Microsoft Office, office, PowerPoint, PowerPoint presentations, Windows 95, month-end closing, payroll, PeopleSoft, People Soft, presentations, QuickBooks, Quicken, reporting, SAP, SOX compliance, Sarbanes Oxley, Spanish, tax, television, variance analysis, Excellent written","tokens":["Skills","Account","reconciliations,","accounting,","accounts","payable,","accounts","receivables,","accruals,","ad,","AP,","balance","sheet,","balance,","bank","reconciliations,","billing,","bookkeeping,","book,","budgeting,","budget,","Business","Objects,","charts,","oral","communication,","CPA,","databases,","Fluent","in","English,","senior","management,","finance,","financial,","financial","analysis,","financial","reports,","Financial","Reporting,","financial","statements,","fixed","assets,","forecasting,","general","ledger,","general","ledger","accounts,","Government,","graphs,","Harvard","Graphics,","JDE,","Lotus","Notes,","Access,","MS","Access,","Excel,","Microsoft","Office,","office,","PowerPoint,","PowerPoint","presentations,","Windows","95,","month-end","closing,","payroll,","PeopleSoft,","People","Soft,","presentations,","QuickBooks,","Quicken,","reporting,","SAP,","SOX","compliance,","Sarbanes","Oxley,","Spanish,","tax,","television,","variance","analysis,","Excellent","written"],"metadata":[]}]],"labelerInfo":{"id":6821,"email":"tli94@jh.edu","displayName":"Thomas Li"},"labelSets":[{"name":"Resume Labels","index":0,"labelItems":[{"id":"Kj5U6n9NUqTXuWcB3c_7L","labelName":"College"},{"id":"rj7TW0-ymuRo6f_asXJab","labelName":"Company Name"},{"id":"SJEkdao76hjwbb6Fh5SY6","labelName":"Job Title"},{"id":"BjO8MdvK2KI4E5iMEeY4B","labelName":"Graduation Year"},{"id":"eS2knCRgLegeRw8bcmSWA","labelName":"Skill"},{"id":"IeEoIKabMl51BJE0gX2YL","labelName":"Degree"},{"id":"1R0C50AAwFbEp2O0WmRv6","labelName":"Location"},{"id":"zQcc4ygexJ_A3Gb0NeRTk","labelName":"Years of Experience"},{"id":"52S_6moRfhjC-yXgIBeCp","labelName":"Date"},{"id":"KiLarWmwlU1E3-FfdG6Qg","labelName":"Project"},{"id":"dyxKKTAxW1z5ifjPj42BI","labelName":"Name"}]}],"spanLabels":[{"id":"1663421463","labeledBy":"LABELER","labeledByUserId":6821,"acceptedByUserId":null,"rejectedByUserId":null,"layer":0,"counter":0,"status":"ACCEPTED","hashCode":"SPAN:SJEkdao76hjwbb6Fh5SY6:0:0:0:0:0:0:0:1:9:0:undefined:undefined","labelName":"SJEkdao76hjwbb6Fh5SY6","labelItem":{"id":"SJEkdao76hjwbb6Fh5SY6","labelName":"Job Title"},"textPosition":{"start":{"row":0,"column":0,"tokenIndex":0,"charIndex":0},"end":{"row":0,"column":0,"tokenIndex":1,"charIndex":9}},"confidenceScore":null},{"id":"1663421469","labeledBy":"LABELER","labeledByUserId":6821,"acceptedByUserId":null,"rejectedByUserId":null,"layer":0,"counter":0,"status":"ACCEPTED","hashCode":"SPAN:eS2knCRgLegeRw8bcmSWA:0:1:0:2:0:1:0:3:6:0:undefined:undefined","labelName":"eS2knCRgLegeRw8bcmSWA","labelItem":{"id":"eS2knCRgLegeRw8bcmSWA","labelName":"Skill"},"textPosition":{"start":{"row":1,"column":0,"tokenIndex":2,"charIndex":0},"end":{"row":1,"column":0,"tokenIndex":3,"charIndex":6}},"confidenceScore":null},{"id":"1663421478","labeledBy":"LABELER","labeledByUserId":6821,"acceptedByUserId":null,"rejectedByUserId":null,"layer":0,"counter":0,"status":"ACCEPTED","hashCode":"SPAN:eS2knCRgLegeRw8bcmSWA:0:1:0:4:0:1:0:5:5:0:undefined:undefined","labelName":"eS2knCRgLegeRw8bcmSWA","labelItem":{"id":"eS2knCRgLegeRw8bcmSWA","labelName":"Skill"},"textPosition":{"start":{"row":1,"column":0,"tokenIndex":4,"charIndex":0},"end":{"row":1,"column":0,"tokenIndex":5,"charIndex":5}},"confidenceScore":null},{"id":"1663421481","labeledBy":"LABELER","labeledByUserId":6821,"acceptedByUserId":null,"rejectedByUserId":null,"layer":0,"counter":0,"status":"ACCEPTED","hashCode":"SPAN:eS2knCRgLegeRw8bcmSWA:0:1:0:6:0:1:0:6:10:0:undefined:undefined","labelName":"eS2knCRgLegeRw8bcmSWA","labelItem":{"id":"eS2knCRgLegeRw8bcmSWA","labelName":"Skill"},"textPosition":{"start":{"row":1,"column":0,"tokenIndex":6,"charIndex":0},"end":{"row":1,"column":0,"tokenIndex":6,"charIndex":10}},"confidenceScore":null},{"id":"1663421484","labeledBy":"LABELER","labeledByUserId":6821,"acceptedByUserId":null,"rejectedByUserId":null,"layer":0,"counter":0,"status":"ACCEPTED","hashCode":"SPAN:eS2knCRgLegeRw8bcmSWA:0:1:0:7:0:1:0:8:6:0:undefined:undefined","labelName":"eS2knCRgLegeRw8bcmSWA","labelItem":{"id":"eS2knCRgLegeRw8bcmSWA","labelName":"Skill"},"textPosition":{"start":{"row":1,"column":0,"tokenIndex":7,"charIndex":0},"end":{"row":1,"column":0,"tokenIndex":8,"charIndex":6}},"confidenceScore":null},{"id":"1663421485","labeledBy":"LABELER","labeledByUserId":6821,"acceptedByUserId":null,"rejectedByUserId":null,"layer":0,"counter":0,"status":"ACCEPTED","hashCode":"SPAN:eS2knCRgLegeRw8bcmSWA:0:1:0:9:0:1:0:9:5:0:undefined:undefined","labelName":"eS2knCRgLegeRw8bcmSWA","labelItem":{"id":"eS2knCRgLegeRw8bcmSWA","labelName":"Skill"},"textPosition":{"start":{"row":1,"column":0,"tokenIndex":9,"charIndex":0},"end":{"row":1,"column":0,"tokenIndex":9,"charIndex":5}},"confidenceScore":null},{"id":"1663421493","labeledBy":"LABELER","labeledByUserId":6821,"acceptedByUserId":null,"rejectedByUserId":null,"layer":0,"counter":0,"status":"ACCEPTED","hashCode":"SPAN:eS2knCRgLegeRw8bcmSWA:0:1:0:10:0:1:0:13:2:0:undefined:undefined","labelName":"eS2knCRgLegeRw8bcmSWA","labelItem":{"id":"eS2knCRgLegeRw8bcmSWA","labelName":"Skill"},"textPosition":{"start":{"row":1,"column":0,"tokenIndex":10,"charIndex":0},"end":{"row":1,"column":0,"tokenIndex":13,"charIndex":2}},"confidenceScore":null},{"id":"1663421496","labeledBy":"LABELER","labeledByUserId":6821,"acceptedByUserId":null,"rejectedByUserId":null,"layer":0,"counter":0,"status":"ACCEPTED","hashCode":"SPAN:eS2knCRgLegeRw8bcmSWA:0:1:0:14:0:1:0:15:8:0:undefined:undefined","labelName":"eS2knCRgLegeRw8bcmSWA","labelItem":{"id":"eS2knCRgLegeRw8bcmSWA","labelName":"Skill"},"textPosition":{"start":{"row":1,"column":0,"tokenIndex":14,"charIndex":0},"end":{"row":1,"column":0,"tokenIndex":15,"charIndex":8}},"confidenceScore":null},{"id":"1663421499","labeledBy":"LABELER","labeledByUserId":6821,"acceptedByUserId":null,"rejectedByUserId":null,"layer":0,"counter":0,"status":"ACCEPTED","hashCode":"SPAN:eS2knCRgLegeRw8bcmSWA:0:1:0:16:0:1:0:16:10:0:undefined:undefined","labelName":"eS2knCRgLegeRw8bcmSWA","labelItem":{"id":"eS2knCRgLegeRw8bcmSWA","labelName":"Skill"},"textPosition":{"start":{"row":1,"column":0,"tokenIndex":16,"charIndex":0},"end":{"row":1,"column":0,"tokenIndex":16,"charIndex":10}},"confidenceScore":null},{"id":"1663421505","labeledBy":"LABELER","labeledByUserId":6821,"acceptedByUserId":null,"rejectedByUserId":null,"layer":0,"counter":0,"status":"ACCEPTED","hashCode":"SPAN:eS2knCRgLegeRw8bcmSWA:0:1:0:17:0:1:0:22:8:0:undefined:undefined","labelName":"eS2knCRgLegeRw8bcmSWA","labelItem":{"id":"eS2knCRgLegeRw8bcmSWA","labelName":"Skill"},"textPosition":{"start":{"row":1,"column":0,"tokenIndex":17,"charIndex":0},"end":{"row":1,"column":0,"tokenIndex":22,"charIndex":8}},"confidenceScore":null},{"id":"1663421508","labeledBy":"LABELER","labeledByUserId":6821,"acceptedByUserId":null,"rejectedByUserId":null,"layer":0,"counter":0,"status":"ACCEPTED","hashCode":"SPAN:eS2knCRgLegeRw8bcmSWA:0:1:0:23:0:1:0:24:4:0:undefined:undefined","labelName":"eS2knCRgLegeRw8bcmSWA","labelItem":{"id":"eS2knCRgLegeRw8bcmSWA","labelName":"Skill"},"textPosition":{"start":{"row":1,"column":0,"tokenIndex":23,"charIndex":0},"end":{"row":1,"column":0,"tokenIndex":24,"charIndex":4}},"confidenceScore":null},{"id":"1663421511","labeledBy":"LABELER","labeledByUserId":6821,"acceptedByUserId":null,"rejectedByUserId":null,"layer":0,"counter":0,"status":"ACCEPTED","hashCode":"SPAN:eS2knCRgLegeRw8bcmSWA:0:1:0:25:0:1:0:25:3:0:undefined:undefined","labelName":"eS2knCRgLegeRw8bcmSWA","labelItem":{"id":"eS2knCRgLegeRw8bcmSWA","labelName":"Skill"},"textPosition":{"start":{"row":1,"column":0,"tokenIndex":25,"charIndex":0},"end":{"row":1,"column":0,"tokenIndex":25,"charIndex":3}},"confidenceScore":null},{"id":"1663421514","labeledBy":"LABELER","labeledByUserId":6821,"acceptedByUserId":null,"rejectedByUserId":null,"layer":0,"counter":0,"status":"ACCEPTED","hashCode":"SPAN:eS2knCRgLegeRw8bcmSWA:0:1:0:26:0:1:0:26:7:0:undefined:undefined","labelName":"eS2knCRgLegeRw8bcmSWA","labelItem":{"id":"eS2knCRgLegeRw8bcmSWA","labelName":"Skill"},"textPosition":{"start":{"row":1,"column":0,"tokenIndex":26,"charIndex":0},"end":{"row":1,"column":0,"tokenIndex":26,"charIndex":7}},"confidenceScore":null},{"id":"1663421517","labeledBy":"LABELER","labeledByUserId":6821,"acceptedByUserId":null,"rejectedByUserId":null,"layer":0,"counter":0,"status":"ACCEPTED","hashCode":"SPAN:eS2knCRgLegeRw8bcmSWA:0:1:0:27:0:1:0:27:10:0:undefined:undefined","labelName":"eS2knCRgLegeRw8bcmSWA","labelItem":{"id":"eS2knCRgLegeRw8bcmSWA","labelName":"Skill"},"textPosition":{"start":{"row":1,"column":0,"tokenIndex":27,"charIndex":0},"end":{"row":1,"column":0,"tokenIndex":27,"charIndex":10}},"confidenceScore":null},{"id":"1663421520","labeledBy":"LABELER","labeledByUserId":6821,"acceptedByUserId":null,"rejectedByUserId":null,"layer":0,"counter":0,"status":"ACCEPTED","hashCode":"SPAN:eS2knCRgLegeRw8bcmSWA:0:1:0:28:0:1:0:28:6:0:undefined:undefined","labelName":"eS2knCRgLegeRw8bcmSWA","labelItem":{"id":"eS2knCRgLegeRw8bcmSWA","labelName":"Skill"},"textPosition":{"start":{"row":1,"column":0,"tokenIndex":28,"charIndex":0},"end":{"row":1,"column":0,"tokenIndex":28,"charIndex":6}},"confidenceScore":null},{"id":"1663421523","labeledBy":"LABELER","labeledByUserId":6821,"acceptedByUserId":null,"rejectedByUserId":null,"layer":0,"counter":0,"status":"ACCEPTED","hashCode":"SPAN:eS2knCRgLegeRw8bcmSWA:0:1:0:29:0:1:0:30:4:0:undefined:undefined","labelName":"eS2knCRgLegeRw8bcmSWA","labelItem":{"id":"eS2knCRgLegeRw8bcmSWA","labelName":"Skill"},"textPosition":{"start":{"row":1,"column":0,"tokenIndex":29,"charIndex":0},"end":{"row":1,"column":0,"tokenIndex":30,"charIndex":4}},"confidenceScore":null},{"id":"1663421526","labeledBy":"LABELER","labeledByUserId":6821,"acceptedByUserId":null,"rejectedByUserId":null,"layer":0,"counter":0,"status":"ACCEPTED","hashCode":"SPAN:eS2knCRgLegeRw8bcmSWA:0:1:0:32:0:1:0:33:7:0:undefined:undefined","labelName":"eS2knCRgLegeRw8bcmSWA","labelItem":{"id":"eS2knCRgLegeRw8bcmSWA","labelName":"Skill"},"textPosition":{"start":{"row":1,"column":0,"tokenIndex":32,"charIndex":0},"end":{"row":1,"column":0,"tokenIndex":33,"charIndex":7}},"confidenceScore":null},{"id":"1663421529","labeledBy":"LABELER","labeledByUserId":6821,"acceptedByUserId":null,"rejectedByUserId":null,"layer":0,"counter":0,"status":"ACCEPTED","hashCode":"SPAN:SJEkdao76hjwbb6Fh5SY6:0:2:0:1:0:2:0:2:9:0:undefined:undefined","labelName":"SJEkdao76hjwbb6Fh5SY6","labelItem":{"id":"SJEkdao76hjwbb6Fh5SY6","labelName":"Job Title"},"textPosition":{"start":{"row":2,"column":0,"tokenIndex":1,"charIndex":0},"end":{"row":2,"column":0,"tokenIndex":2,"charIndex":9}},"confidenceScore":null},{"id":"1663421535","labeledBy":"LABELER","labeledByUserId":6821,"acceptedByUserId":null,"rejectedByUserId":null,"layer":0,"counter":0,"status":"ACCEPTED","hashCode":"SPAN:52S_6moRfhjC-yXgIBeCp:0:2:0:3:0:2:0:6:6:0:undefined:undefined","labelName":"52S_6moRfhjC-yXgIBeCp","labelItem":{"id":"52S_6moRfhjC-yXgIBeCp","labelName":"Date"},"textPosition":{"start":{"row":2,"column":0,"tokenIndex":3,"charIndex":0},"end":{"row":2,"column":0,"tokenIndex":6,"charIndex":6}},"confidenceScore":null},{"id":"1663421550","labeledBy":"LABELER","labeledByUserId":6821,"acceptedByUserId":null,"rejectedByUserId":null,"layer":0,"counter":0,"status":"ACCEPTED","hashCode":"SPAN:eS2knCRgLegeRw8bcmSWA:0:3:0:5:0:3:0:6:8:0:undefined:undefined","labelName":"eS2knCRgLegeRw8bcmSWA","labelItem":{"id":"eS2knCRgLegeRw8bcmSWA","labelName":"Skill"},"textPosition":{"start":{"row":3,"column":0,"tokenIndex":5,"charIndex":0},"end":{"row":3,"column":0,"tokenIndex":6,"charIndex":8}},"confidenceScore":null},{"id":"1663421547","labeledBy":"LABELER","labeledByUserId":6821,"acceptedByUserId":null,"rejectedByUserId":null,"layer":0,"counter":0,"status":"ACCEPTED","hashCode":"SPAN:eS2knCRgLegeRw8bcmSWA:0:3:0:8:0:3:0:9:7:0:undefined:undefined","labelName":"eS2knCRgLegeRw8bcmSWA","labelItem":{"id":"eS2knCRgLegeRw8bcmSWA","labelName":"Skill"},"textPosition":{"start":{"row":3,"column":0,"tokenIndex":8,"charIndex":0},"end":{"row":3,"column":0,"tokenIndex":9,"charIndex":7}},"confidenceScore":null},{"id":"1663421553","labeledBy":"LABELER","labeledByUserId":6821,"acceptedByUserId":null,"rejectedByUserId":null,"layer":0,"counter":0,"status":"ACCEPTED","hashCode":"SPAN:eS2knCRgLegeRw8bcmSWA:0:4:0:0:0:4:0:1:9:0:undefined:undefined","labelName":"eS2knCRgLegeRw8bcmSWA","labelItem":{"id":"eS2knCRgLegeRw8bcmSWA","labelName":"Skill"},"textPosition":{"start":{"row":4,"column":0,"tokenIndex":0,"charIndex":0},"end":{"row":4,"column":0,"tokenIndex":1,"charIndex":9}},"confidenceScore":null},{"id":"1663421568","labeledBy":"LABELER","labeledByUserId":6821,"acceptedByUserId":null,"rejectedByUserId":null,"layer":0,"counter":0,"status":"ACCEPTED","hashCode":"SPAN:eS2knCRgLegeRw8bcmSWA:0:6:0:3:0:6:0:3:8:0:undefined:undefined","labelName":"eS2knCRgLegeRw8bcmSWA","labelItem":{"id":"eS2knCRgLegeRw8bcmSWA","labelName":"Skill"},"textPosition":{"start":{"row":6,"column":0,"tokenIndex":3,"charIndex":0},"end":{"row":6,"column":0,"tokenIndex":3,"charIndex":8}},"confidenceScore":null},{"id":"1663421571","labeledBy":"LABELER","labeledByUserId":6821,"acceptedByUserId":null,"rejectedByUserId":null,"layer":0,"counter":0,"status":"ACCEPTED","hashCode":"SPAN:eS2knCRgLegeRw8bcmSWA:0:6:0:5:0:6:0:5:11:0:undefined:undefined","labelName":"eS2knCRgLegeRw8bcmSWA","labelItem":{"id":"eS2knCRgLegeRw8bcmSWA","labelName":"Skill"},"textPosition":{"start":{"row":6,"column":0,"tokenIndex":5,"charIndex":0},"end":{"row":6,"column":0,"tokenIndex":5,"charIndex":11}},"confidenceScore":null},{"id":"1663421577","labeledBy":"LABELER","labeledByUserId":6821,"acceptedByUserId":null,"rejectedByUserId":null,"layer":0,"counter":0,"status":"ACCEPTED","hashCode":"SPAN:eS2knCRgLegeRw8bcmSWA:0:7:0:3:0:7:0:6:4:0:undefined:undefined","labelName":"eS2knCRgLegeRw8bcmSWA","labelItem":{"id":"eS2knCRgLegeRw8bcmSWA","labelName":"Skill"},"textPosition":{"start":{"row":7,"column":0,"tokenIndex":3,"charIndex":0},"end":{"row":7,"column":0,"tokenIndex":6,"charIndex":4}},"confidenceScore":null},{"id":"1663421589","labeledBy":"LABELER","labeledByUserId":6821,"acceptedByUserId":null,"rejectedByUserId":null,"layer":0,"counter":0,"status":"ACCEPTED","hashCode":"SPAN:eS2knCRgLegeRw8bcmSWA:0:10:0:2:0:10:0:2:13:0:undefined:undefined","labelName":"eS2knCRgLegeRw8bcmSWA","labelItem":{"id":"eS2knCRgLegeRw8bcmSWA","labelName":"Skill"},"textPosition":{"start":{"row":10,"column":0,"tokenIndex":2,"charIndex":0},"end":{"row":10,"column":0,"tokenIndex":2,"charIndex":13}},"confidenceScore":null},{"id":"1663421595","labeledBy":"LABELER","labeledByUserId":6821,"acceptedByUserId":null,"rejectedByUserId":null,"layer":0,"counter":0,"status":"ACCEPTED","hashCode":"SPAN:SJEkdao76hjwbb6Fh5SY6:0:13:0:0:0:13:0:1:9:0:undefined:undefined","labelName":"SJEkdao76hjwbb6Fh5SY6","labelItem":{"id":"SJEkdao76hjwbb6Fh5SY6","labelName":"Job Title"},"textPosition":{"start":{"row":13,"column":0,"tokenIndex":0,"charIndex":0},"end":{"row":13,"column":0,"tokenIndex":1,"charIndex":9}},"confidenceScore":null},{"id":"1663421604","labeledBy":"LABELER","labeledByUserId":6821,"acceptedByUserId":null,"rejectedByUserId":null,"layer":0,"counter":0,"status":"ACCEPTED","hashCode":"SPAN:52S_6moRfhjC-yXgIBeCp:0:13:0:2:0:13:0:6:3:0:undefined:undefined","labelName":"52S_6moRfhjC-yXgIBeCp","labelItem":{"id":"52S_6moRfhjC-yXgIBeCp","labelName":"Date"},"textPosition":{"start":{"row":13,"column":0,"tokenIndex":2,"charIndex":0},"end":{"row":13,"column":0,"tokenIndex":6,"charIndex":3}},"confidenceScore":null},{"id":"1663421613","labeledBy":"LABELER","labeledByUserId":6821,"acceptedByUserId":null,"rejectedByUserId":null,"layer":0,"counter":0,"status":"ACCEPTED","hashCode":"SPAN:eS2knCRgLegeRw8bcmSWA:0:13:0:14:0:13:0:15:8:0:undefined:undefined","labelName":"eS2knCRgLegeRw8bcmSWA","labelItem":{"id":"eS2knCRgLegeRw8bcmSWA","labelName":"Skill"},"textPosition":{"start":{"row":13,"column":0,"tokenIndex":14,"charIndex":0},"end":{"row":13,"column":0,"tokenIndex":15,"charIndex":8}},"confidenceScore":null},{"id":"1663421655","labeledBy":"LABELER","labeledByUserId":6821,"acceptedByUserId":null,"rejectedByUserId":null,"layer":0,"counter":0,"status":"ACCEPTED","hashCode":"SPAN:SJEkdao76hjwbb6Fh5SY6:0:23:0:0:0:23:0:1:9:0:undefined:undefined","labelName":"SJEkdao76hjwbb6Fh5SY6","labelItem":{"id":"SJEkdao76hjwbb6Fh5SY6","labelName":"Job Title"},"textPosition":{"start":{"row":23,"column":0,"tokenIndex":0,"charIndex":0},"end":{"row":23,"column":0,"tokenIndex":1,"charIndex":9}},"confidenceScore":null},{"id":"1663421658","labeledBy":"LABELER","labeledByUserId":6821,"acceptedByUserId":null,"rejectedByUserId":null,"layer":0,"counter":0,"status":"ACCEPTED","hashCode":"SPAN:52S_6moRfhjC-yXgIBeCp:0:23:0:2:0:23:0:6:3:0:undefined:undefined","labelName":"52S_6moRfhjC-yXgIBeCp","labelItem":{"id":"52S_6moRfhjC-yXgIBeCp","labelName":"Date"},"textPosition":{"start":{"row":23,"column":0,"tokenIndex":2,"charIndex":0},"end":{"row":23,"column":0,"tokenIndex":6,"charIndex":3}},"confidenceScore":null},{"id":"1663421670","labeledBy":"LABELER","labeledByUserId":6821,"acceptedByUserId":null,"rejectedByUserId":null,"layer":0,"counter":0,"status":"ACCEPTED","hashCode":"SPAN:eS2knCRgLegeRw8bcmSWA:0:24:0:1:0:24:0:2:7:0:undefined:undefined","labelName":"eS2knCRgLegeRw8bcmSWA","labelItem":{"id":"eS2knCRgLegeRw8bcmSWA","labelName":"Skill"},"textPosition":{"start":{"row":24,"column":0,"tokenIndex":1,"charIndex":0},"end":{"row":24,"column":0,"tokenIndex":2,"charIndex":7}},"confidenceScore":null},{"id":"1663421673","labeledBy":"LABELER","labeledByUserId":6821,"acceptedByUserId":null,"rejectedByUserId":null,"layer":0,"counter":0,"status":"ACCEPTED","hashCode":"SPAN:eS2knCRgLegeRw8bcmSWA:0:25:0:11:0:25:0:11:5:0:undefined:undefined","labelName":"eS2knCRgLegeRw8bcmSWA","labelItem":{"id":"eS2knCRgLegeRw8bcmSWA","labelName":"Skill"},"textPosition":{"start":{"row":25,"column":0,"tokenIndex":11,"charIndex":0},"end":{"row":25,"column":0,"tokenIndex":11,"charIndex":5}},"confidenceScore":null},{"id":"1663421679","labeledBy":"LABELER","labeledByUserId":6821,"acceptedByUserId":null,"rejectedByUserId":null,"layer":0,"counter":0,"status":"ACCEPTED","hashCode":"SPAN:eS2knCRgLegeRw8bcmSWA:0:25:0:13:0:25:0:13:5:0:undefined:undefined","labelName":"eS2knCRgLegeRw8bcmSWA","labelItem":{"id":"eS2knCRgLegeRw8bcmSWA","labelName":"Skill"},"textPosition":{"start":{"row":25,"column":0,"tokenIndex":13,"charIndex":0},"end":{"row":25,"column":0,"tokenIndex":13,"charIndex":5}},"confidenceScore":null},{"id":"1663421688","labeledBy":"LABELER","labeledByUserId":6821,"acceptedByUserId":null,"rejectedByUserId":null,"layer":0,"counter":0,"status":"ACCEPTED","hashCode":"SPAN:eS2knCRgLegeRw8bcmSWA:0:28:0:9:0:28:0:10:4:0:undefined:undefined","labelName":"eS2knCRgLegeRw8bcmSWA","labelItem":{"id":"eS2knCRgLegeRw8bcmSWA","labelName":"Skill"},"textPosition":{"start":{"row":28,"column":0,"tokenIndex":9,"charIndex":0},"end":{"row":28,"column":0,"tokenIndex":10,"charIndex":4}},"confidenceScore":null},{"id":"1663421691","labeledBy":"LABELER","labeledByUserId":6821,"acceptedByUserId":null,"rejectedByUserId":null,"layer":0,"counter":0,"status":"ACCEPTED","hashCode":"SPAN:eS2knCRgLegeRw8bcmSWA:0:28:0:12:0:28:0:13:7:0:undefined:undefined","labelName":"eS2knCRgLegeRw8bcmSWA","labelItem":{"id":"eS2knCRgLegeRw8bcmSWA","labelName":"Skill"},"textPosition":{"start":{"row":28,"column":0,"tokenIndex":12,"charIndex":0},"end":{"row":28,"column":0,"tokenIndex":13,"charIndex":7}},"confidenceScore":null},{"id":"1663421703","labeledBy":"LABELER","labeledByUserId":6821,"acceptedByUserId":null,"rejectedByUserId":null,"layer":0,"counter":0,"status":"ACCEPTED","hashCode":"SPAN:eS2knCRgLegeRw8bcmSWA:0:32:0:1:0:32:0:2:8:0:undefined:undefined","labelName":"eS2knCRgLegeRw8bcmSWA","labelItem":{"id":"eS2knCRgLegeRw8bcmSWA","labelName":"Skill"},"textPosition":{"start":{"row":32,"column":0,"tokenIndex":1,"charIndex":0},"end":{"row":32,"column":0,"tokenIndex":2,"charIndex":8}},"confidenceScore":null},{"id":"1663421706","labeledBy":"LABELER","labeledByUserId":6821,"acceptedByUserId":null,"rejectedByUserId":null,"layer":0,"counter":0,"status":"ACCEPTED","hashCode":"SPAN:eS2knCRgLegeRw8bcmSWA:0:32:0:3:0:32:0:4:12:0:undefined:undefined","labelName":"eS2knCRgLegeRw8bcmSWA","labelItem":{"id":"eS2knCRgLegeRw8bcmSWA","labelName":"Skill"},"textPosition":{"start":{"row":32,"column":0,"tokenIndex":3,"charIndex":0},"end":{"row":32,"column":0,"tokenIndex":4,"charIndex":12}},"confidenceScore":null},{"id":"1663421709","labeledBy":"LABELER","labeledByUserId":6821,"acceptedByUserId":null,"rejectedByUserId":null,"layer":0,"counter":0,"status":"ACCEPTED","hashCode":"SPAN:eS2knCRgLegeRw8bcmSWA:0:32:0:6:0:32:0:7:6:0:undefined:undefined","labelName":"eS2knCRgLegeRw8bcmSWA","labelItem":{"id":"eS2knCRgLegeRw8bcmSWA","labelName":"Skill"},"textPosition":{"start":{"row":32,"column":0,"tokenIndex":6,"charIndex":0},"end":{"row":32,"column":0,"tokenIndex":7,"charIndex":6}},"confidenceScore":null},{"id":"1663421721","labeledBy":"LABELER","labeledByUserId":6821,"acceptedByUserId":null,"rejectedByUserId":null,"layer":0,"counter":0,"status":"ACCEPTED","hashCode":"SPAN:eS2knCRgLegeRw8bcmSWA:0:35:0:2:0:35:0:3:6:0:undefined:undefined","labelName":"eS2knCRgLegeRw8bcmSWA","labelItem":{"id":"eS2knCRgLegeRw8bcmSWA","labelName":"Skill"},"textPosition":{"start":{"row":35,"column":0,"tokenIndex":2,"charIndex":0},"end":{"row":35,"column":0,"tokenIndex":3,"charIndex":6}},"confidenceScore":null},{"id":"1663421724","labeledBy":"LABELER","labeledByUserId":6821,"acceptedByUserId":null,"rejectedByUserId":null,"layer":0,"counter":0,"status":"ACCEPTED","hashCode":"SPAN:eS2knCRgLegeRw8bcmSWA:0:35:0:5:0:35:0:6:8:0:undefined:undefined","labelName":"eS2knCRgLegeRw8bcmSWA","labelItem":{"id":"eS2knCRgLegeRw8bcmSWA","labelName":"Skill"},"textPosition":{"start":{"row":35,"column":0,"tokenIndex":5,"charIndex":0},"end":{"row":35,"column":0,"tokenIndex":6,"charIndex":8}},"confidenceScore":null},{"id":"1663421730","labeledBy":"LABELER","labeledByUserId":6821,"acceptedByUserId":null,"rejectedByUserId":null,"layer":0,"counter":0,"status":"ACCEPTED","hashCode":"SPAN:eS2knCRgLegeRw8bcmSWA:0:36:0:1:0:36:0:3:7:0:undefined:undefined","labelName":"eS2knCRgLegeRw8bcmSWA","labelItem":{"id":"eS2knCRgLegeRw8bcmSWA","labelName":"Skill"},"textPosition":{"start":{"row":36,"column":0,"tokenIndex":1,"charIndex":0},"end":{"row":36,"column":0,"tokenIndex":3,"charIndex":7}},"confidenceScore":null},{"id":"1663421736","labeledBy":"LABELER","labeledByUserId":6821,"acceptedByUserId":null,"rejectedByUserId":null,"layer":0,"counter":0,"status":"ACCEPTED","hashCode":"SPAN:SJEkdao76hjwbb6Fh5SY6:0:37:0:0:0:37:0:2:6:0:undefined:undefined","labelName":"SJEkdao76hjwbb6Fh5SY6","labelItem":{"id":"SJEkdao76hjwbb6Fh5SY6","labelName":"Job Title"},"textPosition":{"start":{"row":37,"column":0,"tokenIndex":0,"charIndex":0},"end":{"row":37,"column":0,"tokenIndex":2,"charIndex":6}},"confidenceScore":null},{"id":"1663421743","labeledBy":"LABELER","labeledByUserId":6821,"acceptedByUserId":null,"rejectedByUserId":null,"layer":0,"counter":0,"status":"ACCEPTED","hashCode":"SPAN:52S_6moRfhjC-yXgIBeCp:0:37:0:3:0:37:0:7:3:0:undefined:undefined","labelName":"52S_6moRfhjC-yXgIBeCp","labelItem":{"id":"52S_6moRfhjC-yXgIBeCp","labelName":"Date"},"textPosition":{"start":{"row":37,"column":0,"tokenIndex":3,"charIndex":0},"end":{"row":37,"column":0,"tokenIndex":7,"charIndex":3}},"confidenceScore":null},{"id":"1663421748","labeledBy":"LABELER","labeledByUserId":6821,"acceptedByUserId":null,"rejectedByUserId":null,"layer":0,"counter":0,"status":"ACCEPTED","hashCode":"SPAN:rj7TW0-ymuRo6f_asXJab:0:37:0:14:0:37:0:18:12:0:undefined:undefined","labelName":"rj7TW0-ymuRo6f_asXJab","labelItem":{"id":"rj7TW0-ymuRo6f_asXJab","labelName":"Company Name"},"textPosition":{"start":{"row":37,"column":0,"tokenIndex":14,"charIndex":0},"end":{"row":37,"column":0,"tokenIndex":18,"charIndex":12}},"confidenceScore":null},{"id":"1663421766","labeledBy":"LABELER","labeledByUserId":6821,"acceptedByUserId":null,"rejectedByUserId":null,"layer":0,"counter":0,"status":"ACCEPTED","hashCode":"SPAN:eS2knCRgLegeRw8bcmSWA:0:37:0:38:0:37:0:40:10:0:undefined:undefined","labelName":"eS2knCRgLegeRw8bcmSWA","labelItem":{"id":"eS2knCRgLegeRw8bcmSWA","labelName":"Skill"},"textPosition":{"start":{"row":37,"column":0,"tokenIndex":38,"charIndex":0},"end":{"row":37,"column":0,"tokenIndex":40,"charIndex":10}},"confidenceScore":null},{"id":"1663421757","labeledBy":"LABELER","labeledByUserId":6821,"acceptedByUserId":null,"rejectedByUserId":null,"layer":0,"counter":0,"status":"ACCEPTED","hashCode":"SPAN:eS2knCRgLegeRw8bcmSWA:0:37:0:44:0:37:0:45:10:0:undefined:undefined","labelName":"eS2knCRgLegeRw8bcmSWA","labelItem":{"id":"eS2knCRgLegeRw8bcmSWA","labelName":"Skill"},"textPosition":{"start":{"row":37,"column":0,"tokenIndex":44,"charIndex":0},"end":{"row":37,"column":0,"tokenIndex":45,"charIndex":10}},"confidenceScore":null},{"id":"1663421769","labeledBy":"LABELER","labeledByUserId":6821,"acceptedByUserId":null,"rejectedByUserId":null,"layer":0,"counter":0,"status":"ACCEPTED","hashCode":"SPAN:eS2knCRgLegeRw8bcmSWA:0:37:0:63:0:37:0:65:8:0:undefined:undefined","labelName":"eS2knCRgLegeRw8bcmSWA","labelItem":{"id":"eS2knCRgLegeRw8bcmSWA","labelName":"Skill"},"textPosition":{"start":{"row":37,"column":0,"tokenIndex":63,"charIndex":0},"end":{"row":37,"column":0,"tokenIndex":65,"charIndex":8}},"confidenceScore":null},{"id":"1663421772","labeledBy":"LABELER","labeledByUserId":6821,"acceptedByUserId":null,"rejectedByUserId":null,"layer":0,"counter":0,"status":"ACCEPTED","hashCode":"SPAN:eS2knCRgLegeRw8bcmSWA:0:39:0:4:0:39:0:4:10:0:undefined:undefined","labelName":"eS2knCRgLegeRw8bcmSWA","labelItem":{"id":"eS2knCRgLegeRw8bcmSWA","labelName":"Skill"},"textPosition":{"start":{"row":39,"column":0,"tokenIndex":4,"charIndex":0},"end":{"row":39,"column":0,"tokenIndex":4,"charIndex":10}},"confidenceScore":null},{"id":"1663421775","labeledBy":"LABELER","labeledByUserId":6821,"acceptedByUserId":null,"rejectedByUserId":null,"layer":0,"counter":0,"status":"ACCEPTED","hashCode":"SPAN:eS2knCRgLegeRw8bcmSWA:0:43:0:13:0:43:0:14:4:0:undefined:undefined","labelName":"eS2knCRgLegeRw8bcmSWA","labelItem":{"id":"eS2knCRgLegeRw8bcmSWA","labelName":"Skill"},"textPosition":{"start":{"row":43,"column":0,"tokenIndex":13,"charIndex":0},"end":{"row":43,"column":0,"tokenIndex":14,"charIndex":4}},"confidenceScore":null},{"id":"1663421778","labeledBy":"LABELER","labeledByUserId":6821,"acceptedByUserId":null,"rejectedByUserId":null,"layer":0,"counter":0,"status":"ACCEPTED","hashCode":"SPAN:eS2knCRgLegeRw8bcmSWA:0:44:0:1:0:44:0:2:7:0:undefined:undefined","labelName":"eS2knCRgLegeRw8bcmSWA","labelItem":{"id":"eS2knCRgLegeRw8bcmSWA","labelName":"Skill"},"textPosition":{"start":{"row":44,"column":0,"tokenIndex":1,"charIndex":0},"end":{"row":44,"column":0,"tokenIndex":2,"charIndex":7}},"confidenceScore":null},{"id":"1663421781","labeledBy":"LABELER","labeledByUserId":6821,"acceptedByUserId":null,"rejectedByUserId":null,"layer":0,"counter":0,"status":"ACCEPTED","hashCode":"SPAN:eS2knCRgLegeRw8bcmSWA:0:45:0:1:0:45:0:3:8:0:undefined:undefined","labelName":"eS2knCRgLegeRw8bcmSWA","labelItem":{"id":"eS2knCRgLegeRw8bcmSWA","labelName":"Skill"},"textPosition":{"start":{"row":45,"column":0,"tokenIndex":1,"charIndex":0},"end":{"row":45,"column":0,"tokenIndex":3,"charIndex":8}},"confidenceScore":null},{"id":"1663421784","labeledBy":"LABELER","labeledByUserId":6821,"acceptedByUserId":null,"rejectedByUserId":null,"layer":0,"counter":0,"status":"ACCEPTED","hashCode":"SPAN:eS2knCRgLegeRw8bcmSWA:0:45:0:8:0:45:0:8:5:0:undefined:undefined","labelName":"eS2knCRgLegeRw8bcmSWA","labelItem":{"id":"eS2knCRgLegeRw8bcmSWA","labelName":"Skill"},"textPosition":{"start":{"row":45,"column":0,"tokenIndex":8,"charIndex":0},"end":{"row":45,"column":0,"tokenIndex":8,"charIndex":5}},"confidenceScore":null},{"id":"1663421787","labeledBy":"LABELER","labeledByUserId":6821,"acceptedByUserId":null,"rejectedByUserId":null,"layer":0,"counter":0,"status":"ACCEPTED","hashCode":"SPAN:eS2knCRgLegeRw8bcmSWA:0:46:0:9:0:46:0:9:10:0:undefined:undefined","labelName":"eS2knCRgLegeRw8bcmSWA","labelItem":{"id":"eS2knCRgLegeRw8bcmSWA","labelName":"Skill"},"textPosition":{"start":{"row":46,"column":0,"tokenIndex":9,"charIndex":0},"end":{"row":46,"column":0,"tokenIndex":9,"charIndex":10}},"confidenceScore":null},{"id":"1663421790","labeledBy":"LABELER","labeledByUserId":6821,"acceptedByUserId":null,"rejectedByUserId":null,"layer":0,"counter":0,"status":"ACCEPTED","hashCode":"SPAN:SJEkdao76hjwbb6Fh5SY6:0:47:0:0:0:47:0:1:9:0:undefined:undefined","labelName":"SJEkdao76hjwbb6Fh5SY6","labelItem":{"id":"SJEkdao76hjwbb6Fh5SY6","labelName":"Job Title"},"textPosition":{"start":{"row":47,"column":0,"tokenIndex":0,"charIndex":0},"end":{"row":47,"column":0,"tokenIndex":1,"charIndex":9}},"confidenceScore":null},{"id":"1663421793","labeledBy":"LABELER","labeledByUserId":6821,"acceptedByUserId":null,"rejectedByUserId":null,"layer":0,"counter":0,"status":"ACCEPTED","hashCode":"SPAN:52S_6moRfhjC-yXgIBeCp:0:47:0:2:0:47:0:6:3:0:undefined:undefined","labelName":"52S_6moRfhjC-yXgIBeCp","labelItem":{"id":"52S_6moRfhjC-yXgIBeCp","labelName":"Date"},"textPosition":{"start":{"row":47,"column":0,"tokenIndex":2,"charIndex":0},"end":{"row":47,"column":0,"tokenIndex":6,"charIndex":3}},"confidenceScore":null},{"id":"1663421799","labeledBy":"LABELER","labeledByUserId":6821,"acceptedByUserId":null,"rejectedByUserId":null,"layer":0,"counter":0,"status":"ACCEPTED","hashCode":"SPAN:eS2knCRgLegeRw8bcmSWA:0:47:0:25:0:47:0:25:10:0:undefined:undefined","labelName":"eS2knCRgLegeRw8bcmSWA","labelItem":{"id":"eS2knCRgLegeRw8bcmSWA","labelName":"Skill"},"textPosition":{"start":{"row":47,"column":0,"tokenIndex":25,"charIndex":0},"end":{"row":47,"column":0,"tokenIndex":25,"charIndex":10}},"confidenceScore":null},{"id":"1663421817","labeledBy":"LABELER","labeledByUserId":6821,"acceptedByUserId":null,"rejectedByUserId":null,"layer":0,"counter":0,"status":"ACCEPTED","hashCode":"SPAN:eS2knCRgLegeRw8bcmSWA:0:49:0:1:0:49:0:1:10:0:undefined:undefined","labelName":"eS2knCRgLegeRw8bcmSWA","labelItem":{"id":"eS2knCRgLegeRw8bcmSWA","labelName":"Skill"},"textPosition":{"start":{"row":49,"column":0,"tokenIndex":1,"charIndex":0},"end":{"row":49,"column":0,"tokenIndex":1,"charIndex":10}},"confidenceScore":null},{"id":"1663421808","labeledBy":"LABELER","labeledByUserId":6821,"acceptedByUserId":null,"rejectedByUserId":null,"layer":0,"counter":0,"status":"ACCEPTED","hashCode":"SPAN:eS2knCRgLegeRw8bcmSWA:0:49:0:4:0:49:0:4:9:0:undefined:undefined","labelName":"eS2knCRgLegeRw8bcmSWA","labelItem":{"id":"eS2knCRgLegeRw8bcmSWA","labelName":"Skill"},"textPosition":{"start":{"row":49,"column":0,"tokenIndex":4,"charIndex":0},"end":{"row":49,"column":0,"tokenIndex":4,"charIndex":9}},"confidenceScore":null},{"id":"1663421811","labeledBy":"LABELER","labeledByUserId":6821,"acceptedByUserId":null,"rejectedByUserId":null,"layer":0,"counter":0,"status":"ACCEPTED","hashCode":"SPAN:eS2knCRgLegeRw8bcmSWA:0:49:0:6:0:49:0:6:5:0:undefined:undefined","labelName":"eS2knCRgLegeRw8bcmSWA","labelItem":{"id":"eS2knCRgLegeRw8bcmSWA","labelName":"Skill"},"textPosition":{"start":{"row":49,"column":0,"tokenIndex":6,"charIndex":0},"end":{"row":49,"column":0,"tokenIndex":6,"charIndex":5}},"confidenceScore":null},{"id":"1663421826","labeledBy":"LABELER","labeledByUserId":6821,"acceptedByUserId":null,"rejectedByUserId":null,"layer":0,"counter":0,"status":"ACCEPTED","hashCode":"SPAN:eS2knCRgLegeRw8bcmSWA:0:50:0:1:0:50:0:2:14:0:undefined:undefined","labelName":"eS2knCRgLegeRw8bcmSWA","labelItem":{"id":"eS2knCRgLegeRw8bcmSWA","labelName":"Skill"},"textPosition":{"start":{"row":50,"column":0,"tokenIndex":1,"charIndex":0},"end":{"row":50,"column":0,"tokenIndex":2,"charIndex":14}},"confidenceScore":null},{"id":"1663421832","labeledBy":"LABELER","labeledByUserId":6821,"acceptedByUserId":null,"rejectedByUserId":null,"layer":0,"counter":0,"status":"ACCEPTED","hashCode":"SPAN:SJEkdao76hjwbb6Fh5SY6:0:51:0:0:0:51:0:0:9:0:undefined:undefined","labelName":"SJEkdao76hjwbb6Fh5SY6","labelItem":{"id":"SJEkdao76hjwbb6Fh5SY6","labelName":"Job Title"},"textPosition":{"start":{"row":51,"column":0,"tokenIndex":0,"charIndex":0},"end":{"row":51,"column":0,"tokenIndex":0,"charIndex":9}},"confidenceScore":null},{"id":"1663421835","labeledBy":"LABELER","labeledByUserId":6821,"acceptedByUserId":null,"rejectedByUserId":null,"layer":0,"counter":0,"status":"ACCEPTED","hashCode":"SPAN:52S_6moRfhjC-yXgIBeCp:0:51:0:1:0:51:0:5:3:0:undefined:undefined","labelName":"52S_6moRfhjC-yXgIBeCp","labelItem":{"id":"52S_6moRfhjC-yXgIBeCp","labelName":"Date"},"textPosition":{"start":{"row":51,"column":0,"tokenIndex":1,"charIndex":0},"end":{"row":51,"column":0,"tokenIndex":5,"charIndex":3}},"confidenceScore":null},{"id":"1663421883","labeledBy":"LABELER","labeledByUserId":6821,"acceptedByUserId":null,"rejectedByUserId":null,"layer":0,"counter":0,"status":"ACCEPTED","hashCode":"SPAN:IeEoIKabMl51BJE0gX2YL:0:57:0:1:0:57:0:9:9:0:undefined:undefined","labelName":"IeEoIKabMl51BJE0gX2YL","labelItem":{"id":"IeEoIKabMl51BJE0gX2YL","labelName":"Degree"},"textPosition":{"start":{"row":57,"column":0,"tokenIndex":1,"charIndex":0},"end":{"row":57,"column":0,"tokenIndex":9,"charIndex":9}},"confidenceScore":null},{"id":"1663421889","labeledBy":"LABELER","labeledByUserId":6821,"acceptedByUserId":null,"rejectedByUserId":null,"layer":0,"counter":0,"status":"ACCEPTED","hashCode":"SPAN:BjO8MdvK2KI4E5iMEeY4B:0:57:0:11:0:57:0:12:3:0:undefined:undefined","labelName":"BjO8MdvK2KI4E5iMEeY4B","labelItem":{"id":"BjO8MdvK2KI4E5iMEeY4B","labelName":"Graduation Year"},"textPosition":{"start":{"row":57,"column":0,"tokenIndex":11,"charIndex":0},"end":{"row":57,"column":0,"tokenIndex":12,"charIndex":3}},"confidenceScore":null},{"id":"1663421895","labeledBy":"LABELER","labeledByUserId":6821,"acceptedByUserId":null,"rejectedByUserId":null,"layer":0,"counter":0,"status":"ACCEPTED","hashCode":"SPAN:Kj5U6n9NUqTXuWcB3c_7L:0:57:0:13:0:57:0:14:10:0:undefined:undefined","labelName":"Kj5U6n9NUqTXuWcB3c_7L","labelItem":{"id":"Kj5U6n9NUqTXuWcB3c_7L","labelName":"College"},"textPosition":{"start":{"row":57,"column":0,"tokenIndex":13,"charIndex":0},"end":{"row":57,"column":0,"tokenIndex":14,"charIndex":10}},"confidenceScore":null},{"id":"1663421907","labeledBy":"LABELER","labeledByUserId":6821,"acceptedByUserId":null,"rejectedByUserId":null,"layer":0,"counter":0,"status":"ACCEPTED","hashCode":"SPAN:Kj5U6n9NUqTXuWcB3c_7L:0:57:0:15:0:57:0:20:9:0:undefined:undefined","labelName":"Kj5U6n9NUqTXuWcB3c_7L","labelItem":{"id":"Kj5U6n9NUqTXuWcB3c_7L","labelName":"College"},"textPosition":{"start":{"row":57,"column":0,"tokenIndex":15,"charIndex":0},"end":{"row":57,"column":0,"tokenIndex":20,"charIndex":9}},"confidenceScore":null},{"id":"1663421934","labeledBy":"LABELER","labeledByUserId":6821,"acceptedByUserId":null,"rejectedByUserId":null,"layer":0,"counter":0,"status":"ACCEPTED","hashCode":"SPAN:IeEoIKabMl51BJE0gX2YL:0:57:0:29:0:57:0:33:6:0:undefined:undefined","labelName":"IeEoIKabMl51BJE0gX2YL","labelItem":{"id":"IeEoIKabMl51BJE0gX2YL","labelName":"Degree"},"textPosition":{"start":{"row":57,"column":0,"tokenIndex":29,"charIndex":0},"end":{"row":57,"column":0,"tokenIndex":33,"charIndex":6}},"confidenceScore":null},{"id":"1663421937","labeledBy":"LABELER","labeledByUserId":6821,"acceptedByUserId":null,"rejectedByUserId":null,"layer":0,"counter":0,"status":"ACCEPTED","hashCode":"SPAN:BjO8MdvK2KI4E5iMEeY4B:0:57:0:36:0:57:0:37:3:0:undefined:undefined","labelName":"BjO8MdvK2KI4E5iMEeY4B","labelItem":{"id":"BjO8MdvK2KI4E5iMEeY4B","labelName":"Graduation Year"},"textPosition":{"start":{"row":57,"column":0,"tokenIndex":36,"charIndex":0},"end":{"row":57,"column":0,"tokenIndex":37,"charIndex":3}},"confidenceScore":null},{"id":"1663421940","labeledBy":"LABELER","labeledByUserId":6821,"acceptedByUserId":null,"rejectedByUserId":null,"layer":0,"counter":0,"status":"ACCEPTED","hashCode":"SPAN:Kj5U6n9NUqTXuWcB3c_7L:0:57:0:38:0:57:0:41:6:0:undefined:undefined","labelName":"Kj5U6n9NUqTXuWcB3c_7L","labelItem":{"id":"Kj5U6n9NUqTXuWcB3c_7L","labelName":"College"},"textPosition":{"start":{"row":57,"column":0,"tokenIndex":38,"charIndex":0},"end":{"row":57,"column":0,"tokenIndex":41,"charIndex":6}},"confidenceScore":null},{"id":"1663421949","labeledBy":"LABELER","labeledByUserId":6821,"acceptedByUserId":null,"rejectedByUserId":null,"layer":0,"counter":0,"status":"ACCEPTED","hashCode":"SPAN:eS2knCRgLegeRw8bcmSWA:0:57:0:47:0:57:0:47:6:0:undefined:undefined","labelName":"eS2knCRgLegeRw8bcmSWA","labelItem":{"id":"eS2knCRgLegeRw8bcmSWA","labelName":"Skill"},"textPosition":{"start":{"row":57,"column":0,"tokenIndex":47,"charIndex":0},"end":{"row":57,"column":0,"tokenIndex":47,"charIndex":6}},"confidenceScore":null},{"id":"1663421967","labeledBy":"LABELER","labeledByUserId":6821,"acceptedByUserId":null,"rejectedByUserId":null,"layer":0,"counter":0,"status":"ACCEPTED","hashCode":"SPAN:eS2knCRgLegeRw8bcmSWA:0:58:0:1:0:58:0:2:15:0:undefined:undefined","labelName":"eS2knCRgLegeRw8bcmSWA","labelItem":{"id":"eS2knCRgLegeRw8bcmSWA","labelName":"Skill"},"textPosition":{"start":{"row":58,"column":0,"tokenIndex":1,"charIndex":0},"end":{"row":58,"column":0,"tokenIndex":2,"charIndex":15}},"confidenceScore":null},{"id":"1663421970","labeledBy":"LABELER","labeledByUserId":6821,"acceptedByUserId":null,"rejectedByUserId":null,"layer":0,"counter":0,"status":"ACCEPTED","hashCode":"SPAN:eS2knCRgLegeRw8bcmSWA:0:58:0:3:0:58:0:3:10:0:undefined:undefined","labelName":"eS2knCRgLegeRw8bcmSWA","labelItem":{"id":"eS2knCRgLegeRw8bcmSWA","labelName":"Skill"},"textPosition":{"start":{"row":58,"column":0,"tokenIndex":3,"charIndex":0},"end":{"row":58,"column":0,"tokenIndex":3,"charIndex":10}},"confidenceScore":null},{"id":"1663421979","labeledBy":"LABELER","labeledByUserId":6821,"acceptedByUserId":null,"rejectedByUserId":null,"layer":0,"counter":0,"status":"ACCEPTED","hashCode":"SPAN:eS2knCRgLegeRw8bcmSWA:0:58:0:4:0:58:0:5:7:0:undefined:undefined","labelName":"eS2knCRgLegeRw8bcmSWA","labelItem":{"id":"eS2knCRgLegeRw8bcmSWA","labelName":"Skill"},"textPosition":{"start":{"row":58,"column":0,"tokenIndex":4,"charIndex":0},"end":{"row":58,"column":0,"tokenIndex":5,"charIndex":7}},"confidenceScore":null},{"id":"1663421982","labeledBy":"LABELER","labeledByUserId":6821,"acceptedByUserId":null,"rejectedByUserId":null,"layer":0,"counter":0,"status":"ACCEPTED","hashCode":"SPAN:eS2knCRgLegeRw8bcmSWA:0:58:0:6:0:58:0:7:11:0:undefined:undefined","labelName":"eS2knCRgLegeRw8bcmSWA","labelItem":{"id":"eS2knCRgLegeRw8bcmSWA","labelName":"Skill"},"textPosition":{"start":{"row":58,"column":0,"tokenIndex":6,"charIndex":0},"end":{"row":58,"column":0,"tokenIndex":7,"charIndex":11}},"confidenceScore":null},{"id":"1663421985","labeledBy":"LABELER","labeledByUserId":6821,"acceptedByUserId":null,"rejectedByUserId":null,"layer":0,"counter":0,"status":"ACCEPTED","hashCode":"SPAN:eS2knCRgLegeRw8bcmSWA:0:58:0:8:0:58:0:8:8:0:undefined:undefined","labelName":"eS2knCRgLegeRw8bcmSWA","labelItem":{"id":"eS2knCRgLegeRw8bcmSWA","labelName":"Skill"},"textPosition":{"start":{"row":58,"column":0,"tokenIndex":8,"charIndex":0},"end":{"row":58,"column":0,"tokenIndex":8,"charIndex":8}},"confidenceScore":null},{"id":"1663421988","labeledBy":"LABELER","labeledByUserId":6821,"acceptedByUserId":null,"rejectedByUserId":null,"layer":0,"counter":0,"status":"ACCEPTED","hashCode":"SPAN:eS2knCRgLegeRw8bcmSWA:0:58:0:9:0:58:0:9:2:0:undefined:undefined","labelName":"eS2knCRgLegeRw8bcmSWA","labelItem":{"id":"eS2knCRgLegeRw8bcmSWA","labelName":"Skill"},"textPosition":{"start":{"row":58,"column":0,"tokenIndex":9,"charIndex":0},"end":{"row":58,"column":0,"tokenIndex":9,"charIndex":2}},"confidenceScore":null},{"id":"1663421991","labeledBy":"LABELER","labeledByUserId":6821,"acceptedByUserId":null,"rejectedByUserId":null,"layer":0,"counter":0,"status":"ACCEPTED","hashCode":"SPAN:eS2knCRgLegeRw8bcmSWA:0:58:0:10:0:58:0:10:2:0:undefined:undefined","labelName":"eS2knCRgLegeRw8bcmSWA","labelItem":{"id":"eS2knCRgLegeRw8bcmSWA","labelName":"Skill"},"textPosition":{"start":{"row":58,"column":0,"tokenIndex":10,"charIndex":0},"end":{"row":58,"column":0,"tokenIndex":10,"charIndex":2}},"confidenceScore":null},{"id":"1663421997","labeledBy":"LABELER","labeledByUserId":6821,"acceptedByUserId":null,"rejectedByUserId":null,"layer":0,"counter":0,"status":"ACCEPTED","hashCode":"SPAN:eS2knCRgLegeRw8bcmSWA:0:58:0:11:0:58:0:12:5:0:undefined:undefined","labelName":"eS2knCRgLegeRw8bcmSWA","labelItem":{"id":"eS2knCRgLegeRw8bcmSWA","labelName":"Skill"},"textPosition":{"start":{"row":58,"column":0,"tokenIndex":11,"charIndex":0},"end":{"row":58,"column":0,"tokenIndex":12,"charIndex":5}},"confidenceScore":null},{"id":"1663422000","labeledBy":"LABELER","labeledByUserId":6821,"acceptedByUserId":null,"rejectedByUserId":null,"layer":0,"counter":0,"status":"ACCEPTED","hashCode":"SPAN:eS2knCRgLegeRw8bcmSWA:0:58:0:13:0:58:0:13:7:0:undefined:undefined","labelName":"eS2knCRgLegeRw8bcmSWA","labelItem":{"id":"eS2knCRgLegeRw8bcmSWA","labelName":"Skill"},"textPosition":{"start":{"row":58,"column":0,"tokenIndex":13,"charIndex":0},"end":{"row":58,"column":0,"tokenIndex":13,"charIndex":7}},"confidenceScore":null},{"id":"1663422009","labeledBy":"LABELER","labeledByUserId":6821,"acceptedByUserId":null,"rejectedByUserId":null,"layer":0,"counter":0,"status":"ACCEPTED","hashCode":"SPAN:eS2knCRgLegeRw8bcmSWA:0:58:0:14:0:58:0:15:15:0:undefined:undefined","labelName":"eS2knCRgLegeRw8bcmSWA","labelItem":{"id":"eS2knCRgLegeRw8bcmSWA","labelName":"Skill"},"textPosition":{"start":{"row":58,"column":0,"tokenIndex":14,"charIndex":0},"end":{"row":58,"column":0,"tokenIndex":15,"charIndex":15}},"confidenceScore":null},{"id":"1663422012","labeledBy":"LABELER","labeledByUserId":6821,"acceptedByUserId":null,"rejectedByUserId":null,"layer":0,"counter":0,"status":"ACCEPTED","hashCode":"SPAN:eS2knCRgLegeRw8bcmSWA:0:58:0:16:0:58:0:16:7:0:undefined:undefined","labelName":"eS2knCRgLegeRw8bcmSWA","labelItem":{"id":"eS2knCRgLegeRw8bcmSWA","labelName":"Skill"},"textPosition":{"start":{"row":58,"column":0,"tokenIndex":16,"charIndex":0},"end":{"row":58,"column":0,"tokenIndex":16,"charIndex":7}},"confidenceScore":null},{"id":"1663422015","labeledBy":"LABELER","labeledByUserId":6821,"acceptedByUserId":null,"rejectedByUserId":null,"layer":0,"counter":0,"status":"ACCEPTED","hashCode":"SPAN:eS2knCRgLegeRw8bcmSWA:0:58:0:17:0:58:0:17:11:0:undefined:undefined","labelName":"eS2knCRgLegeRw8bcmSWA","labelItem":{"id":"eS2knCRgLegeRw8bcmSWA","labelName":"Skill"},"textPosition":{"start":{"row":58,"column":0,"tokenIndex":17,"charIndex":0},"end":{"row":58,"column":0,"tokenIndex":17,"charIndex":11}},"confidenceScore":null},{"id":"1663422021","labeledBy":"LABELER","labeledByUserId":6821,"acceptedByUserId":null,"rejectedByUserId":null,"layer":0,"counter":0,"status":"ACCEPTED","hashCode":"SPAN:eS2knCRgLegeRw8bcmSWA:0:58:0:18:0:58:0:18:4:0:undefined:undefined","labelName":"eS2knCRgLegeRw8bcmSWA","labelItem":{"id":"eS2knCRgLegeRw8bcmSWA","labelName":"Skill"},"textPosition":{"start":{"row":58,"column":0,"tokenIndex":18,"charIndex":0},"end":{"row":58,"column":0,"tokenIndex":18,"charIndex":4}},"confidenceScore":null},{"id":"1663422024","labeledBy":"LABELER","labeledByUserId":6821,"acceptedByUserId":null,"rejectedByUserId":null,"layer":0,"counter":0,"status":"ACCEPTED","hashCode":"SPAN:eS2knCRgLegeRw8bcmSWA:0:58:0:19:0:58:0:19:9:0:undefined:undefined","labelName":"eS2knCRgLegeRw8bcmSWA","labelItem":{"id":"eS2knCRgLegeRw8bcmSWA","labelName":"Skill"},"textPosition":{"start":{"row":58,"column":0,"tokenIndex":19,"charIndex":0},"end":{"row":58,"column":0,"tokenIndex":19,"charIndex":9}},"confidenceScore":null},{"id":"1663422025","labeledBy":"LABELER","labeledByUserId":6821,"acceptedByUserId":null,"rejectedByUserId":null,"layer":0,"counter":0,"status":"ACCEPTED","hashCode":"SPAN:eS2knCRgLegeRw8bcmSWA:0:58:0:20:0:58:0:20:6:0:undefined:undefined","labelName":"eS2knCRgLegeRw8bcmSWA","labelItem":{"id":"eS2knCRgLegeRw8bcmSWA","labelName":"Skill"},"textPosition":{"start":{"row":58,"column":0,"tokenIndex":20,"charIndex":0},"end":{"row":58,"column":0,"tokenIndex":20,"charIndex":6}},"confidenceScore":null},{"id":"1663422030","labeledBy":"LABELER","labeledByUserId":6821,"acceptedByUserId":null,"rejectedByUserId":null,"layer":0,"counter":0,"status":"ACCEPTED","hashCode":"SPAN:eS2knCRgLegeRw8bcmSWA:0:58:0:21:0:58:0:22:7:0:undefined:undefined","labelName":"eS2knCRgLegeRw8bcmSWA","labelItem":{"id":"eS2knCRgLegeRw8bcmSWA","labelName":"Skill"},"textPosition":{"start":{"row":58,"column":0,"tokenIndex":21,"charIndex":0},"end":{"row":58,"column":0,"tokenIndex":22,"charIndex":7}},"confidenceScore":null},{"id":"1663422033","labeledBy":"LABELER","labeledByUserId":6821,"acceptedByUserId":null,"rejectedByUserId":null,"layer":0,"counter":0,"status":"ACCEPTED","hashCode":"SPAN:eS2knCRgLegeRw8bcmSWA:0:58:0:23:0:58:0:23:6:0:undefined:undefined","labelName":"eS2knCRgLegeRw8bcmSWA","labelItem":{"id":"eS2knCRgLegeRw8bcmSWA","labelName":"Skill"},"textPosition":{"start":{"row":58,"column":0,"tokenIndex":23,"charIndex":0},"end":{"row":58,"column":0,"tokenIndex":23,"charIndex":6}},"confidenceScore":null},{"id":"1663422036","labeledBy":"LABELER","labeledByUserId":6821,"acceptedByUserId":null,"rejectedByUserId":null,"layer":0,"counter":0,"status":"ACCEPTED","hashCode":"SPAN:eS2knCRgLegeRw8bcmSWA:0:58:0:24:0:58:0:25:13:0:undefined:undefined","labelName":"eS2knCRgLegeRw8bcmSWA","labelItem":{"id":"eS2knCRgLegeRw8bcmSWA","labelName":"Skill"},"textPosition":{"start":{"row":58,"column":0,"tokenIndex":24,"charIndex":0},"end":{"row":58,"column":0,"tokenIndex":25,"charIndex":13}},"confidenceScore":null},{"id":"1663422039","labeledBy":"LABELER","labeledByUserId":6821,"acceptedByUserId":null,"rejectedByUserId":null,"layer":0,"counter":0,"status":"ACCEPTED","hashCode":"SPAN:eS2knCRgLegeRw8bcmSWA:0:58:0:26:0:58:0:26:3:0:undefined:undefined","labelName":"eS2knCRgLegeRw8bcmSWA","labelItem":{"id":"eS2knCRgLegeRw8bcmSWA","labelName":"Skill"},"textPosition":{"start":{"row":58,"column":0,"tokenIndex":26,"charIndex":0},"end":{"row":58,"column":0,"tokenIndex":26,"charIndex":3}},"confidenceScore":null},{"id":"1663422042","labeledBy":"LABELER","labeledByUserId":6821,"acceptedByUserId":null,"rejectedByUserId":null,"layer":0,"counter":0,"status":"ACCEPTED","hashCode":"SPAN:eS2knCRgLegeRw8bcmSWA:0:58:0:27:0:58:0:27:9:0:undefined:undefined","labelName":"eS2knCRgLegeRw8bcmSWA","labelItem":{"id":"eS2knCRgLegeRw8bcmSWA","labelName":"Skill"},"textPosition":{"start":{"row":58,"column":0,"tokenIndex":27,"charIndex":0},"end":{"row":58,"column":0,"tokenIndex":27,"charIndex":9}},"confidenceScore":null},{"id":"1663422045","labeledBy":"LABELER","labeledByUserId":6821,"acceptedByUserId":null,"rejectedByUserId":null,"layer":0,"counter":0,"status":"ACCEPTED","hashCode":"SPAN:eS2knCRgLegeRw8bcmSWA:0:58:0:30:0:58:0:30:7:0:undefined:undefined","labelName":"eS2knCRgLegeRw8bcmSWA","labelItem":{"id":"eS2knCRgLegeRw8bcmSWA","labelName":"Skill"},"textPosition":{"start":{"row":58,"column":0,"tokenIndex":30,"charIndex":0},"end":{"row":58,"column":0,"tokenIndex":30,"charIndex":7}},"confidenceScore":null},{"id":"1663422048","labeledBy":"LABELER","labeledByUserId":6821,"acceptedByUserId":null,"rejectedByUserId":null,"layer":0,"counter":0,"status":"ACCEPTED","hashCode":"SPAN:eS2knCRgLegeRw8bcmSWA:0:58:0:31:0:58:0:32:10:0:undefined:undefined","labelName":"eS2knCRgLegeRw8bcmSWA","labelItem":{"id":"eS2knCRgLegeRw8bcmSWA","labelName":"Skill"},"textPosition":{"start":{"row":58,"column":0,"tokenIndex":31,"charIndex":0},"end":{"row":58,"column":0,"tokenIndex":32,"charIndex":10}},"confidenceScore":null},{"id":"1663422051","labeledBy":"LABELER","labeledByUserId":6821,"acceptedByUserId":null,"rejectedByUserId":null,"layer":0,"counter":0,"status":"ACCEPTED","hashCode":"SPAN:eS2knCRgLegeRw8bcmSWA:0:58:0:33:0:58:0:33:7:0:undefined:undefined","labelName":"eS2knCRgLegeRw8bcmSWA","labelItem":{"id":"eS2knCRgLegeRw8bcmSWA","labelName":"Skill"},"textPosition":{"start":{"row":58,"column":0,"tokenIndex":33,"charIndex":0},"end":{"row":58,"column":0,"tokenIndex":33,"charIndex":7}},"confidenceScore":null},{"id":"1663422054","labeledBy":"LABELER","labeledByUserId":6821,"acceptedByUserId":null,"rejectedByUserId":null,"layer":0,"counter":0,"status":"ACCEPTED","hashCode":"SPAN:eS2knCRgLegeRw8bcmSWA:0:58:0:34:0:58:0:34:9:0:undefined:undefined","labelName":"eS2knCRgLegeRw8bcmSWA","labelItem":{"id":"eS2knCRgLegeRw8bcmSWA","labelName":"Skill"},"textPosition":{"start":{"row":58,"column":0,"tokenIndex":34,"charIndex":0},"end":{"row":58,"column":0,"tokenIndex":34,"charIndex":9}},"confidenceScore":null},{"id":"1663422057","labeledBy":"LABELER","labeledByUserId":6821,"acceptedByUserId":null,"rejectedByUserId":null,"layer":0,"counter":0,"status":"ACCEPTED","hashCode":"SPAN:eS2knCRgLegeRw8bcmSWA:0:58:0:35:0:58:0:36:8:0:undefined:undefined","labelName":"eS2knCRgLegeRw8bcmSWA","labelItem":{"id":"eS2knCRgLegeRw8bcmSWA","labelName":"Skill"},"textPosition":{"start":{"row":58,"column":0,"tokenIndex":35,"charIndex":0},"end":{"row":58,"column":0,"tokenIndex":36,"charIndex":8}},"confidenceScore":null},{"id":"1663422060","labeledBy":"LABELER","labeledByUserId":6821,"acceptedByUserId":null,"rejectedByUserId":null,"layer":0,"counter":0,"status":"ACCEPTED","hashCode":"SPAN:eS2knCRgLegeRw8bcmSWA:0:58:0:37:0:58:0:38:7:0:undefined:undefined","labelName":"eS2knCRgLegeRw8bcmSWA","labelItem":{"id":"eS2knCRgLegeRw8bcmSWA","labelName":"Skill"},"textPosition":{"start":{"row":58,"column":0,"tokenIndex":37,"charIndex":0},"end":{"row":58,"column":0,"tokenIndex":38,"charIndex":7}},"confidenceScore":null},{"id":"1663422063","labeledBy":"LABELER","labeledByUserId":6821,"acceptedByUserId":null,"rejectedByUserId":null,"layer":0,"counter":0,"status":"ACCEPTED","hashCode":"SPAN:eS2knCRgLegeRw8bcmSWA:0:58:0:39:0:58:0:40:9:0:undefined:undefined","labelName":"eS2knCRgLegeRw8bcmSWA","labelItem":{"id":"eS2knCRgLegeRw8bcmSWA","labelName":"Skill"},"textPosition":{"start":{"row":58,"column":0,"tokenIndex":39,"charIndex":0},"end":{"row":58,"column":0,"tokenIndex":40,"charIndex":9}},"confidenceScore":null},{"id":"1663422069","labeledBy":"LABELER","labeledByUserId":6821,"acceptedByUserId":null,"rejectedByUserId":null,"layer":0,"counter":0,"status":"ACCEPTED","hashCode":"SPAN:eS2knCRgLegeRw8bcmSWA:0:58:0:41:0:58:0:42:10:0:undefined:undefined","labelName":"eS2knCRgLegeRw8bcmSWA","labelItem":{"id":"eS2knCRgLegeRw8bcmSWA","labelName":"Skill"},"textPosition":{"start":{"row":58,"column":0,"tokenIndex":41,"charIndex":0},"end":{"row":58,"column":0,"tokenIndex":42,"charIndex":10}},"confidenceScore":null},{"id":"1663422072","labeledBy":"LABELER","labeledByUserId":6821,"acceptedByUserId":null,"rejectedByUserId":null,"layer":0,"counter":0,"status":"ACCEPTED","hashCode":"SPAN:eS2knCRgLegeRw8bcmSWA:0:58:0:43:0:58:0:44:6:0:undefined:undefined","labelName":"eS2knCRgLegeRw8bcmSWA","labelItem":{"id":"eS2knCRgLegeRw8bcmSWA","labelName":"Skill"},"textPosition":{"start":{"row":58,"column":0,"tokenIndex":43,"charIndex":0},"end":{"row":58,"column":0,"tokenIndex":44,"charIndex":6}},"confidenceScore":null},{"id":"1663422076","labeledBy":"LABELER","labeledByUserId":6821,"acceptedByUserId":null,"rejectedByUserId":null,"layer":0,"counter":0,"status":"ACCEPTED","hashCode":"SPAN:eS2knCRgLegeRw8bcmSWA:0:58:0:45:0:58:0:45:11:0:undefined:undefined","labelName":"eS2knCRgLegeRw8bcmSWA","labelItem":{"id":"eS2knCRgLegeRw8bcmSWA","labelName":"Skill"},"textPosition":{"start":{"row":58,"column":0,"tokenIndex":45,"charIndex":0},"end":{"row":58,"column":0,"tokenIndex":45,"charIndex":11}},"confidenceScore":null},{"id":"1663422081","labeledBy":"LABELER","labeledByUserId":6821,"acceptedByUserId":null,"rejectedByUserId":null,"layer":0,"counter":0,"status":"ACCEPTED","hashCode":"SPAN:eS2knCRgLegeRw8bcmSWA:0:58:0:46:0:58:0:47:6:0:undefined:undefined","labelName":"eS2knCRgLegeRw8bcmSWA","labelItem":{"id":"eS2knCRgLegeRw8bcmSWA","labelName":"Skill"},"textPosition":{"start":{"row":58,"column":0,"tokenIndex":46,"charIndex":0},"end":{"row":58,"column":0,"tokenIndex":47,"charIndex":6}},"confidenceScore":null},{"id":"1663422087","labeledBy":"LABELER","labeledByUserId":6821,"acceptedByUserId":null,"rejectedByUserId":null,"layer":0,"counter":0,"status":"ACCEPTED","hashCode":"SPAN:eS2knCRgLegeRw8bcmSWA:0:58:0:48:0:58:0:50:8:0:undefined:undefined","labelName":"eS2knCRgLegeRw8bcmSWA","labelItem":{"id":"eS2knCRgLegeRw8bcmSWA","labelName":"Skill"},"textPosition":{"start":{"row":58,"column":0,"tokenIndex":48,"charIndex":0},"end":{"row":58,"column":0,"tokenIndex":50,"charIndex":8}},"confidenceScore":null},{"id":"1663422090","labeledBy":"LABELER","labeledByUserId":6821,"acceptedByUserId":null,"rejectedByUserId":null,"layer":0,"counter":0,"status":"ACCEPTED","hashCode":"SPAN:eS2knCRgLegeRw8bcmSWA:0:58:0:51:0:58:0:51:10:0:undefined:undefined","labelName":"eS2knCRgLegeRw8bcmSWA","labelItem":{"id":"eS2knCRgLegeRw8bcmSWA","labelName":"Skill"},"textPosition":{"start":{"row":58,"column":0,"tokenIndex":51,"charIndex":0},"end":{"row":58,"column":0,"tokenIndex":51,"charIndex":10}},"confidenceScore":null},{"id":"1663422096","labeledBy":"LABELER","labeledByUserId":6821,"acceptedByUserId":null,"rejectedByUserId":null,"layer":0,"counter":0,"status":"ACCEPTED","hashCode":"SPAN:eS2knCRgLegeRw8bcmSWA:0:58:0:52:0:58:0:52:6:0:undefined:undefined","labelName":"eS2knCRgLegeRw8bcmSWA","labelItem":{"id":"eS2knCRgLegeRw8bcmSWA","labelName":"Skill"},"textPosition":{"start":{"row":58,"column":0,"tokenIndex":52,"charIndex":0},"end":{"row":58,"column":0,"tokenIndex":52,"charIndex":6}},"confidenceScore":null},{"id":"1663422099","labeledBy":"LABELER","labeledByUserId":6821,"acceptedByUserId":null,"rejectedByUserId":null,"layer":0,"counter":0,"status":"ACCEPTED","hashCode":"SPAN:eS2knCRgLegeRw8bcmSWA:0:58:0:53:0:58:0:54:8:0:undefined:undefined","labelName":"eS2knCRgLegeRw8bcmSWA","labelItem":{"id":"eS2knCRgLegeRw8bcmSWA","labelName":"Skill"},"textPosition":{"start":{"row":58,"column":0,"tokenIndex":53,"charIndex":0},"end":{"row":58,"column":0,"tokenIndex":54,"charIndex":8}},"confidenceScore":null},{"id":"1663422102","labeledBy":"LABELER","labeledByUserId":6821,"acceptedByUserId":null,"rejectedByUserId":null,"layer":0,"counter":0,"status":"ACCEPTED","hashCode":"SPAN:eS2knCRgLegeRw8bcmSWA:0:58:0:55:0:58:0:55:3:0:undefined:undefined","labelName":"eS2knCRgLegeRw8bcmSWA","labelItem":{"id":"eS2knCRgLegeRw8bcmSWA","labelName":"Skill"},"textPosition":{"start":{"row":58,"column":0,"tokenIndex":55,"charIndex":0},"end":{"row":58,"column":0,"tokenIndex":55,"charIndex":3}},"confidenceScore":null},{"id":"1663422105","labeledBy":"LABELER","labeledByUserId":6821,"acceptedByUserId":null,"rejectedByUserId":null,"layer":0,"counter":0,"status":"ACCEPTED","hashCode":"SPAN:eS2knCRgLegeRw8bcmSWA:0:58:0:56:0:58:0:57:5:0:undefined:undefined","labelName":"eS2knCRgLegeRw8bcmSWA","labelItem":{"id":"eS2knCRgLegeRw8bcmSWA","labelName":"Skill"},"textPosition":{"start":{"row":58,"column":0,"tokenIndex":56,"charIndex":0},"end":{"row":58,"column":0,"tokenIndex":57,"charIndex":5}},"confidenceScore":null},{"id":"1663422108","labeledBy":"LABELER","labeledByUserId":6821,"acceptedByUserId":null,"rejectedByUserId":null,"layer":0,"counter":0,"status":"ACCEPTED","hashCode":"SPAN:eS2knCRgLegeRw8bcmSWA:0:58:0:58:0:58:0:58:6:0:undefined:undefined","labelName":"eS2knCRgLegeRw8bcmSWA","labelItem":{"id":"eS2knCRgLegeRw8bcmSWA","labelName":"Skill"},"textPosition":{"start":{"row":58,"column":0,"tokenIndex":58,"charIndex":0},"end":{"row":58,"column":0,"tokenIndex":58,"charIndex":6}},"confidenceScore":null},{"id":"1663422115","labeledBy":"LABELER","labeledByUserId":6821,"acceptedByUserId":null,"rejectedByUserId":null,"layer":0,"counter":0,"status":"ACCEPTED","hashCode":"SPAN:eS2knCRgLegeRw8bcmSWA:0:58:0:59:0:58:0:60:6:0:undefined:undefined","labelName":"eS2knCRgLegeRw8bcmSWA","labelItem":{"id":"eS2knCRgLegeRw8bcmSWA","labelName":"Skill"},"textPosition":{"start":{"row":58,"column":0,"tokenIndex":59,"charIndex":0},"end":{"row":58,"column":0,"tokenIndex":60,"charIndex":6}},"confidenceScore":null},{"id":"1663422120","labeledBy":"LABELER","labeledByUserId":6821,"acceptedByUserId":null,"rejectedByUserId":null,"layer":0,"counter":0,"status":"ACCEPTED","hashCode":"SPAN:eS2knCRgLegeRw8bcmSWA:0:58:0:61:0:58:0:61:5:0:undefined:undefined","labelName":"eS2knCRgLegeRw8bcmSWA","labelItem":{"id":"eS2knCRgLegeRw8bcmSWA","labelName":"Skill"},"textPosition":{"start":{"row":58,"column":0,"tokenIndex":61,"charIndex":0},"end":{"row":58,"column":0,"tokenIndex":61,"charIndex":5}},"confidenceScore":null},{"id":"1663422126","labeledBy":"LABELER","labeledByUserId":6821,"acceptedByUserId":null,"rejectedByUserId":null,"layer":0,"counter":0,"status":"ACCEPTED","hashCode":"SPAN:eS2knCRgLegeRw8bcmSWA:0:58:0:62:0:58:0:63:6:0:undefined:undefined","labelName":"eS2knCRgLegeRw8bcmSWA","labelItem":{"id":"eS2knCRgLegeRw8bcmSWA","labelName":"Skill"},"textPosition":{"start":{"row":58,"column":0,"tokenIndex":62,"charIndex":0},"end":{"row":58,"column":0,"tokenIndex":63,"charIndex":6}},"confidenceScore":null},{"id":"1663422129","labeledBy":"LABELER","labeledByUserId":6821,"acceptedByUserId":null,"rejectedByUserId":null,"layer":0,"counter":0,"status":"ACCEPTED","hashCode":"SPAN:eS2knCRgLegeRw8bcmSWA:0:58:0:64:0:58:0:64:6:0:undefined:undefined","labelName":"eS2knCRgLegeRw8bcmSWA","labelItem":{"id":"eS2knCRgLegeRw8bcmSWA","labelName":"Skill"},"textPosition":{"start":{"row":58,"column":0,"tokenIndex":64,"charIndex":0},"end":{"row":58,"column":0,"tokenIndex":64,"charIndex":6}},"confidenceScore":null},{"id":"1663422132","labeledBy":"LABELER","labeledByUserId":6821,"acceptedByUserId":null,"rejectedByUserId":null,"layer":0,"counter":0,"status":"ACCEPTED","hashCode":"SPAN:eS2knCRgLegeRw8bcmSWA:0:58:0:65:0:58:0:65:10:0:undefined:undefined","labelName":"eS2knCRgLegeRw8bcmSWA","labelItem":{"id":"eS2knCRgLegeRw8bcmSWA","labelName":"Skill"},"textPosition":{"start":{"row":58,"column":0,"tokenIndex":65,"charIndex":0},"end":{"row":58,"column":0,"tokenIndex":65,"charIndex":10}},"confidenceScore":null},{"id":"1663422141","labeledBy":"LABELER","labeledByUserId":6821,"acceptedByUserId":null,"rejectedByUserId":null,"layer":0,"counter":0,"status":"ACCEPTED","hashCode":"SPAN:eS2knCRgLegeRw8bcmSWA:0:58:0:66:0:58:0:67:13:0:undefined:undefined","labelName":"eS2knCRgLegeRw8bcmSWA","labelItem":{"id":"eS2knCRgLegeRw8bcmSWA","labelName":"Skill"},"textPosition":{"start":{"row":58,"column":0,"tokenIndex":66,"charIndex":0},"end":{"row":58,"column":0,"tokenIndex":67,"charIndex":13}},"confidenceScore":null},{"id":"1663422144","labeledBy":"LABELER","labeledByUserId":6821,"acceptedByUserId":null,"rejectedByUserId":null,"layer":0,"counter":0,"status":"ACCEPTED","hashCode":"SPAN:eS2knCRgLegeRw8bcmSWA:0:58:0:68:0:58:0:69:2:0:undefined:undefined","labelName":"eS2knCRgLegeRw8bcmSWA","labelItem":{"id":"eS2knCRgLegeRw8bcmSWA","labelName":"Skill"},"textPosition":{"start":{"row":58,"column":0,"tokenIndex":68,"charIndex":0},"end":{"row":58,"column":0,"tokenIndex":69,"charIndex":2}},"confidenceScore":null},{"id":"1663422150","labeledBy":"LABELER","labeledByUserId":6821,"acceptedByUserId":null,"rejectedByUserId":null,"layer":0,"counter":0,"status":"ACCEPTED","hashCode":"SPAN:eS2knCRgLegeRw8bcmSWA:0:58:0:70:0:58:0:71:7:0:undefined:undefined","labelName":"eS2knCRgLegeRw8bcmSWA","labelItem":{"id":"eS2knCRgLegeRw8bcmSWA","labelName":"Skill"},"textPosition":{"start":{"row":58,"column":0,"tokenIndex":70,"charIndex":0},"end":{"row":58,"column":0,"tokenIndex":71,"charIndex":7}},"confidenceScore":null},{"id":"1663422153","labeledBy":"LABELER","labeledByUserId":6821,"acceptedByUserId":null,"rejectedByUserId":null,"layer":0,"counter":0,"status":"ACCEPTED","hashCode":"SPAN:eS2knCRgLegeRw8bcmSWA:0:58:0:72:0:58:0:72:7:0:undefined:undefined","labelName":"eS2knCRgLegeRw8bcmSWA","labelItem":{"id":"eS2knCRgLegeRw8bcmSWA","labelName":"Skill"},"textPosition":{"start":{"row":58,"column":0,"tokenIndex":72,"charIndex":0},"end":{"row":58,"column":0,"tokenIndex":72,"charIndex":7}},"confidenceScore":null},{"id":"1663422156","labeledBy":"LABELER","labeledByUserId":6821,"acceptedByUserId":null,"rejectedByUserId":null,"layer":0,"counter":0,"status":"ACCEPTED","hashCode":"SPAN:eS2knCRgLegeRw8bcmSWA:0:58:0:73:0:58:0:73:10:0:undefined:undefined","labelName":"eS2knCRgLegeRw8bcmSWA","labelItem":{"id":"eS2knCRgLegeRw8bcmSWA","labelName":"Skill"},"textPosition":{"start":{"row":58,"column":0,"tokenIndex":73,"charIndex":0},"end":{"row":58,"column":0,"tokenIndex":73,"charIndex":10}},"confidenceScore":null},{"id":"1663422162","labeledBy":"LABELER","labeledByUserId":6821,"acceptedByUserId":null,"rejectedByUserId":null,"layer":0,"counter":0,"status":"ACCEPTED","hashCode":"SPAN:eS2knCRgLegeRw8bcmSWA:0:58:0:76:0:58:0:76:13:0:undefined:undefined","labelName":"eS2knCRgLegeRw8bcmSWA","labelItem":{"id":"eS2knCRgLegeRw8bcmSWA","labelName":"Skill"},"textPosition":{"start":{"row":58,"column":0,"tokenIndex":76,"charIndex":0},"end":{"row":58,"column":0,"tokenIndex":76,"charIndex":13}},"confidenceScore":null},{"id":"1663422165","labeledBy":"LABELER","labeledByUserId":6821,"acceptedByUserId":null,"rejectedByUserId":null,"layer":0,"counter":0,"status":"ACCEPTED","hashCode":"SPAN:eS2knCRgLegeRw8bcmSWA:0:58:0:77:0:58:0:77:10:0:undefined:undefined","labelName":"eS2knCRgLegeRw8bcmSWA","labelItem":{"id":"eS2knCRgLegeRw8bcmSWA","labelName":"Skill"},"textPosition":{"start":{"row":58,"column":0,"tokenIndex":77,"charIndex":0},"end":{"row":58,"column":0,"tokenIndex":77,"charIndex":10}},"confidenceScore":null},{"id":"1663422168","labeledBy":"LABELER","labeledByUserId":6821,"acceptedByUserId":null,"rejectedByUserId":null,"layer":0,"counter":0,"status":"ACCEPTED","hashCode":"SPAN:eS2knCRgLegeRw8bcmSWA:0:58:0:78:0:58:0:78:7:0:undefined:undefined","labelName":"eS2knCRgLegeRw8bcmSWA","labelItem":{"id":"eS2knCRgLegeRw8bcmSWA","labelName":"Skill"},"textPosition":{"start":{"row":58,"column":0,"tokenIndex":78,"charIndex":0},"end":{"row":58,"column":0,"tokenIndex":78,"charIndex":7}},"confidenceScore":null},{"id":"1663422171","labeledBy":"LABELER","labeledByUserId":6821,"acceptedByUserId":null,"rejectedByUserId":null,"layer":0,"counter":0,"status":"ACCEPTED","hashCode":"SPAN:eS2knCRgLegeRw8bcmSWA:0:58:0:79:0:58:0:79:9:0:undefined:undefined","labelName":"eS2knCRgLegeRw8bcmSWA","labelItem":{"id":"eS2knCRgLegeRw8bcmSWA","labelName":"Skill"},"textPosition":{"start":{"row":58,"column":0,"tokenIndex":79,"charIndex":0},"end":{"row":58,"column":0,"tokenIndex":79,"charIndex":9}},"confidenceScore":null},{"id":"1663422174","labeledBy":"LABELER","labeledByUserId":6821,"acceptedByUserId":null,"rejectedByUserId":null,"layer":0,"counter":0,"status":"ACCEPTED","hashCode":"SPAN:eS2knCRgLegeRw8bcmSWA:0:58:0:80:0:58:0:80:3:0:undefined:undefined","labelName":"eS2knCRgLegeRw8bcmSWA","labelItem":{"id":"eS2knCRgLegeRw8bcmSWA","labelName":"Skill"},"textPosition":{"start":{"row":58,"column":0,"tokenIndex":80,"charIndex":0},"end":{"row":58,"column":0,"tokenIndex":80,"charIndex":3}},"confidenceScore":null},{"id":"1663422177","labeledBy":"LABELER","labeledByUserId":6821,"acceptedByUserId":null,"rejectedByUserId":null,"layer":0,"counter":0,"status":"ACCEPTED","hashCode":"SPAN:eS2knCRgLegeRw8bcmSWA:0:58:0:81:0:58:0:82:10:0:undefined:undefined","labelName":"eS2knCRgLegeRw8bcmSWA","labelItem":{"id":"eS2knCRgLegeRw8bcmSWA","labelName":"Skill"},"textPosition":{"start":{"row":58,"column":0,"tokenIndex":81,"charIndex":0},"end":{"row":58,"column":0,"tokenIndex":82,"charIndex":10}},"confidenceScore":null},{"id":"1663422180","labeledBy":"LABELER","labeledByUserId":6821,"acceptedByUserId":null,"rejectedByUserId":null,"layer":0,"counter":0,"status":"ACCEPTED","hashCode":"SPAN:eS2knCRgLegeRw8bcmSWA:0:58:0:83:0:58:0:84:5:0:undefined:undefined","labelName":"eS2knCRgLegeRw8bcmSWA","labelItem":{"id":"eS2knCRgLegeRw8bcmSWA","labelName":"Skill"},"textPosition":{"start":{"row":58,"column":0,"tokenIndex":83,"charIndex":0},"end":{"row":58,"column":0,"tokenIndex":84,"charIndex":5}},"confidenceScore":null},{"id":"1663422183","labeledBy":"LABELER","labeledByUserId":6821,"acceptedByUserId":null,"rejectedByUserId":null,"layer":0,"counter":0,"status":"ACCEPTED","hashCode":"SPAN:eS2knCRgLegeRw8bcmSWA:0:58:0:85:0:58:0:85:7:0:undefined:undefined","labelName":"eS2knCRgLegeRw8bcmSWA","labelItem":{"id":"eS2knCRgLegeRw8bcmSWA","labelName":"Skill"},"textPosition":{"start":{"row":58,"column":0,"tokenIndex":85,"charIndex":0},"end":{"row":58,"column":0,"tokenIndex":85,"charIndex":7}},"confidenceScore":null},{"id":"1663422186","labeledBy":"LABELER","labeledByUserId":6821,"acceptedByUserId":null,"rejectedByUserId":null,"layer":0,"counter":0,"status":"ACCEPTED","hashCode":"SPAN:eS2knCRgLegeRw8bcmSWA:0:58:0:86:0:58:0:86:3:0:undefined:undefined","labelName":"eS2knCRgLegeRw8bcmSWA","labelItem":{"id":"eS2knCRgLegeRw8bcmSWA","labelName":"Skill"},"textPosition":{"start":{"row":58,"column":0,"tokenIndex":86,"charIndex":0},"end":{"row":58,"column":0,"tokenIndex":86,"charIndex":3}},"confidenceScore":null},{"id":"1663422192","labeledBy":"LABELER","labeledByUserId":6821,"acceptedByUserId":null,"rejectedByUserId":null,"layer":0,"counter":0,"status":"ACCEPTED","hashCode":"SPAN:eS2knCRgLegeRw8bcmSWA:0:58:0:87:0:58:0:87:10:0:undefined:undefined","labelName":"eS2knCRgLegeRw8bcmSWA","labelItem":{"id":"eS2knCRgLegeRw8bcmSWA","labelName":"Skill"},"textPosition":{"start":{"row":58,"column":0,"tokenIndex":87,"charIndex":0},"end":{"row":58,"column":0,"tokenIndex":87,"charIndex":10}},"confidenceScore":null},{"id":"1663422195","labeledBy":"LABELER","labeledByUserId":6821,"acceptedByUserId":null,"rejectedByUserId":null,"layer":0,"counter":0,"status":"ACCEPTED","hashCode":"SPAN:eS2knCRgLegeRw8bcmSWA:0:58:0:88:0:58:0:89:8:0:undefined:undefined","labelName":"eS2knCRgLegeRw8bcmSWA","labelItem":{"id":"eS2knCRgLegeRw8bcmSWA","labelName":"Skill"},"textPosition":{"start":{"row":58,"column":0,"tokenIndex":88,"charIndex":0},"end":{"row":58,"column":0,"tokenIndex":89,"charIndex":8}},"confidenceScore":null},{"id":"1663422198","labeledBy":"LABELER","labeledByUserId":6821,"acceptedByUserId":null,"rejectedByUserId":null,"layer":0,"counter":0,"status":"ACCEPTED","hashCode":"SPAN:eS2knCRgLegeRw8bcmSWA:0:58:0:90:0:58:0:91:6:0:undefined:undefined","labelName":"eS2knCRgLegeRw8bcmSWA","labelItem":{"id":"eS2knCRgLegeRw8bcmSWA","labelName":"Skill"},"textPosition":{"start":{"row":58,"column":0,"tokenIndex":90,"charIndex":0},"end":{"row":58,"column":0,"tokenIndex":91,"charIndex":6}},"confidenceScore":null}],"arrowLabels":[],"boundingBoxLabels":[],"timeLabels":[],"comments":[],"url":"datasaur://static/6814/148b7501-1c98-42ba-82e6-e8faf99abc83.txt"}}
