{"version":"1","data":{"project":{"id":"ODBjYmQ2MDg","name":"NLP SSM Final Project"},"document":{"id":"16ec07bb-0b64-45bb-b3bc-3df53afc28c7","name":"resume_1974_d1.txt"},"kinds":["TOKEN_BASED"],"rows":[[{"content":"CONSTRUCTION ACCOUNTANT - CONTRACTOR Professional Summary Accomplished, detail-oriented leader with over 15 years of experience in accounting.","tokens":["CONSTRUCTION","ACCOUNTANT","-","CONTRACTOR","Professional","Summary","Accomplished,","detail-oriented","leader","with","over","15","years","of","experience","in","accounting."],"metadata":[]}],[{"content":"Excellent organizational, analytical, and communication skills with the proven ability to effectively prioritize complicated tasks and multiple assignments while meeting tight deadlines.","tokens":["Excellent","organizational,","analytical,","and","communication","skills","with","the","proven","ability","to","effectively","prioritize","complicated","tasks","and","multiple","assignments","while","meeting","tight","deadlines."],"metadata":[]}],[{"content":"Creative problem solver able to quickly and correctly troubleshoot accounting issues.","tokens":["Creative","problem","solver","able","to","quickly","and","correctly","troubleshoot","accounting","issues."],"metadata":[]}],[{"content":"Skills Team leadership Staff development Account reconciliation expert Financial Statement Analysis Team leadership General ledger accounting Excellent attention to detail Fast learner Highly dependable Detail-oriented Work History 12/2015 to Current Construction Accountant - Contractor Company Name – City , State Prepare monthly and annual financial reports for assigned projects Create Cost Segregation Report to detail all project costs Prepare and maintain account reconciliations, general ledger and job cost reports Coordinate and manage internal and external audits of financial records Evaluate, enhance and implement internal controls, policies and procedures Manage and analyze various general ledger accounts Calculate imputed interest and revenue on specified projects Verify, create and link assets correctly to Work Breakdown Structure numbers Prepare comparison report on outstanding Goods and Invoice Receipts Properly and accurately account for economic and operational events Prepare and post various journal entries Prepare documentation for internal and external auditors Complete special assignments/projects as requested Identify and recommend changes to processes to enhance the accuracy of accounting data Maintain a good understanding of, and apply, GAAP, SEC Regulations, Sarbanes-Oxley, and related policies, practices and procedures.","tokens":["Skills","Team","leadership","Staff","development","Account","reconciliation","expert","Financial","Statement","Analysis","Team","leadership","General","ledger","accounting","Excellent","attention","to","detail","Fast","learner","Highly","dependable","Detail-oriented","Work","History","12/2015","to","Current","Construction","Accountant","-","Contractor","Company","Name","–","City",",","State","Prepare","monthly","and","annual","financial","reports","for","assigned","projects","Create","Cost","Segregation","Report","to","detail","all","project","costs","Prepare","and","maintain","account","reconciliations,","general","ledger","and","job","cost","reports","Coordinate","and","manage","internal","and","external","audits","of","financial","records","Evaluate,","enhance","and","implement","internal","controls,","policies","and","procedures","Manage","and","analyze","various","general","ledger","accounts","Calculate","imputed","interest","and","revenue","on","specified","projects","Verify,","create","and","link","assets","correctly","to","Work","Breakdown","Structure","numbers","Prepare","comparison","report","on","outstanding","Goods","and","Invoice","Receipts","Properly","and","accurately","account","for","economic","and","operational","events","Prepare","and","post","various","journal","entries","Prepare","documentation","for","internal","and","external","auditors","Complete","special","assignments/projects","as","requested","Identify","and","recommend","changes","to","processes","to","enhance","the","accuracy","of","accounting","data","Maintain","a","good","understanding","of,","and","apply,","GAAP,","SEC","Regulations,","Sarbanes-Oxley,","and","related","policies,","practices","and","procedures."],"metadata":[]}],[{"content":"06/2010 to 09/2014 Accounting Supervisor Company Name – City , State Maintained daily supervisory duties within IPS/Field Office Accounting division Reviewed and authorized reconciliations and status reports for 200+ general ledger accounts Oversaw preparation and approval of various management reports Performed Quality Assurance reviews and approvals of journal entries Handled customer inquiries and complex cases Analyzed and recommended appropriate workloads and training for accounting staff Perform/participate in special projects such as software implementation initiatives, process improvement and implementation of new accounting methods Awarded a Certificate of Completion for the Company Management Training Program.","tokens":["06/2010","to","09/2014","Accounting","Supervisor","Company","Name","–","City",",","State","Maintained","daily","supervisory","duties","within","IPS/Field","Office","Accounting","division","Reviewed","and","authorized","reconciliations","and","status","reports","for","200+","general","ledger","accounts","Oversaw","preparation","and","approval","of","various","management","reports","Performed","Quality","Assurance","reviews","and","approvals","of","journal","entries","Handled","customer","inquiries","and","complex","cases","Analyzed","and","recommended","appropriate","workloads","and","training","for","accounting","staff","Perform/participate","in","special","projects","such","as","software","implementation","initiatives,","process","improvement","and","implementation","of","new","accounting","methods","Awarded","a","Certificate","of","Completion","for","the","Company","Management","Training","Program."],"metadata":[]}],[{"content":"07/2005 to 05/2010 Senior Accountant Prepared monthly aged trending and variance analysis reports for 200+ accounts Managed workload and performed ongoing training of team members Served as the liaison with third party collection agency and various departments to collect on overpaid accounts and prepared monthly status report Created procedure modifications to improve accounting processes and limit manual error Performed daily and monthly reconciliations on over 20+ complex high priority accounts Conducted the testing and automation of all new accounts Created journal entries to ensure accurate maintenance of the general ledger Provided assistance and training to junior staff to perform research, resolve out of balances, and perform backup responsibilities, as needed Maintained and updated the accounting procedures for accounts.","tokens":["07/2005","to","05/2010","Senior","Accountant","Prepared","monthly","aged","trending","and","variance","analysis","reports","for","200+","accounts","Managed","workload","and","performed","ongoing","training","of","team","members","Served","as","the","liaison","with","third","party","collection","agency","and","various","departments","to","collect","on","overpaid","accounts","and","prepared","monthly","status","report","Created","procedure","modifications","to","improve","accounting","processes","and","limit","manual","error","Performed","daily","and","monthly","reconciliations","on","over","20+","complex","high","priority","accounts","Conducted","the","testing","and","automation","of","all","new","accounts","Created","journal","entries","to","ensure","accurate","maintenance","of","the","general","ledger","Provided","assistance","and","training","to","junior","staff","to","perform","research,","resolve","out","of","balances,","and","perform","backup","responsibilities,","as","needed","Maintained","and","updated","the","accounting","procedures","for","accounts."],"metadata":[]}],[{"content":"07/2000 to 06/2005 Junior/Staff Accountant Company Name Accountable for the daily and monthly reconciliations of 30-plus general ledger accounts Created journal entries to ensure accurate maintenance of the general ledger Calculated agent's liens on their accounts and garnished checks as needed each month Ensure that all items are cleared correctly and balance to zero for each assigned account Monitor and reviewed any unusual activity in the accounts and reported to supervisor Maintained 100% acceptable status on all accounts Interacted with internal and external customers to provide quality service in a timely fashion Applied accounting principles and procedures to work assignments Participated in company sponsored training classes to enhance technical skills Technology Team - Worked with divisional team in identifying opportunities for improvement of manual processes in multiple areas throughout the department through the use of technology.","tokens":["07/2000","to","06/2005","Junior/Staff","Accountant","Company","Name","Accountable","for","the","daily","and","monthly","reconciliations","of","30-plus","general","ledger","accounts","Created","journal","entries","to","ensure","accurate","maintenance","of","the","general","ledger","Calculated","agent's","liens","on","their","accounts","and","garnished","checks","as","needed","each","month","Ensure","that","all","items","are","cleared","correctly","and","balance","to","zero","for","each","assigned","account","Monitor","and","reviewed","any","unusual","activity","in","the","accounts","and","reported","to","supervisor","Maintained","100%","acceptable","status","on","all","accounts","Interacted","with","internal","and","external","customers","to","provide","quality","service","in","a","timely","fashion","Applied","accounting","principles","and","procedures","to","work","assignments","Participated","in","company","sponsored","training","classes","to","enhance","technical","skills","Technology","Team","-","Worked","with","divisional","team","in","identifying","opportunities","for","improvement","of","manual","processes","in","multiple","areas","throughout","the","department","through","the","use","of","technology."],"metadata":[]}],[{"content":"Automated Workflow Project - Led a team in the research and development of the AWF system to the department.","tokens":["Automated","Workflow","Project","-","Led","a","team","in","the","research","and","development","of","the","AWF","system","to","the","department."],"metadata":[]}],[{"content":"This system is used to provide multiple areas with the current status of critical items needed to be cleared by the end of each month to reduce/eliminate additional research, emails, and phone calls.","tokens":["This","system","is","used","to","provide","multiple","areas","with","the","current","status","of","critical","items","needed","to","be","cleared","by","the","end","of","each","month","to","reduce/eliminate","additional","research,","emails,","and","phone","calls."],"metadata":[]}],[{"content":"Critical Items Project - Recommended a monthly meeting created to streamline and account for all critical items throughout the department to be communicated directly to management in the various service centers to get cleared timely.","tokens":["Critical","Items","Project","-","Recommended","a","monthly","meeting","created","to","streamline","and","account","for","all","critical","items","throughout","the","department","to","be","communicated","directly","to","management","in","the","various","service","centers","to","get","cleared","timely."],"metadata":[]}],[{"content":"Education May 2004 Master of Business Administration : Finance Long Island University - Finance Dean's List, Magna Cum Laude May 2000 Bachelor of Arts : Accounting Lincoln University, Lincoln University - Accounting Affiliations An accomplished, detail-oriented leader with 15+ years of experience in accounting.","tokens":["Education","May","2004","Master","of","Business","Administration",":","Finance","Long","Island","University","-","Finance","Dean's","List,","Magna","Cum","Laude","May","2000","Bachelor","of","Arts",":","Accounting","Lincoln","University,","Lincoln","University","-","Accounting","Affiliations","An","accomplished,","detail-oriented","leader","with","15+","years","of","experience","in","accounting."],"metadata":[]}],[{"content":"A team player with excellent organizational, analytical and communication skills.","tokens":["A","team","player","with","excellent","organizational,","analytical","and","communication","skills."],"metadata":[]}],[{"content":"Proven ability to effectively prioritize complicated accounting tasks and multiple assignments while meeting tight deadlines.","tokens":["Proven","ability","to","effectively","prioritize","complicated","accounting","tasks","and","multiple","assignments","while","meeting","tight","deadlines."],"metadata":[]}],[{"content":"Creative problem solver able to quickly and correctly troubleshoot accounting issues.","tokens":["Creative","problem","solver","able","to","quickly","and","correctly","troubleshoot","accounting","issues."],"metadata":[]}],[{"content":"Extensive involvement in department wide initiatives and projects.","tokens":["Extensive","involvement","in","department","wide","initiatives","and","projects."],"metadata":[]}],[{"content":"Skills account reconciliations, streamline, Corporate Accounting, Document Management, external audits, financial reports, General Ledger, general ledger accounts, process improvement, SAP, Sarbanes-Oxley, SQL, Structured Query Language, variance analysis","tokens":["Skills","account","reconciliations,","streamline,","Corporate","Accounting,","Document","Management,","external","audits,","financial","reports,","General","Ledger,","general","ledger","accounts,","process","improvement,","SAP,","Sarbanes-Oxley,","SQL,","Structured","Query","Language,","variance","analysis"],"metadata":[]}]],"labelerInfo":{"id":6821,"email":"tli94@jh.edu","displayName":"Thomas Li"},"labelSets":[{"name":"Resume Labels","index":0,"labelItems":[{"id":"Kj5U6n9NUqTXuWcB3c_7L","labelName":"College"},{"id":"rj7TW0-ymuRo6f_asXJab","labelName":"Company Name"},{"id":"SJEkdao76hjwbb6Fh5SY6","labelName":"Job Title"},{"id":"BjO8MdvK2KI4E5iMEeY4B","labelName":"Graduation Year"},{"id":"eS2knCRgLegeRw8bcmSWA","labelName":"Skill"},{"id":"IeEoIKabMl51BJE0gX2YL","labelName":"Degree"},{"id":"1R0C50AAwFbEp2O0WmRv6","labelName":"Location"},{"id":"zQcc4ygexJ_A3Gb0NeRTk","labelName":"Years of Experience"},{"id":"52S_6moRfhjC-yXgIBeCp","labelName":"Date"},{"id":"KiLarWmwlU1E3-FfdG6Qg","labelName":"Project"},{"id":"dyxKKTAxW1z5ifjPj42BI","labelName":"Name"}]}],"spanLabels":[{"id":"1663422222","labeledBy":"LABELER","labeledByUserId":6821,"acceptedByUserId":null,"rejectedByUserId":null,"layer":0,"counter":0,"status":"ACCEPTED","hashCode":"SPAN:SJEkdao76hjwbb6Fh5SY6:0:0:0:0:0:0:0:3:9:0:undefined:undefined","labelName":"SJEkdao76hjwbb6Fh5SY6","labelItem":{"id":"SJEkdao76hjwbb6Fh5SY6","labelName":"Job Title"},"textPosition":{"start":{"row":0,"column":0,"tokenIndex":0,"charIndex":0},"end":{"row":0,"column":0,"tokenIndex":3,"charIndex":9}},"confidenceScore":null},{"id":"1663422249","labeledBy":"LABELER","labeledByUserId":6821,"acceptedByUserId":null,"rejectedByUserId":null,"layer":0,"counter":0,"status":"ACCEPTED","hashCode":"SPAN:eS2knCRgLegeRw8bcmSWA:0:0:0:7:0:0:0:7:14:0:undefined:undefined","labelName":"eS2knCRgLegeRw8bcmSWA","labelItem":{"id":"eS2knCRgLegeRw8bcmSWA","labelName":"Skill"},"textPosition":{"start":{"row":0,"column":0,"tokenIndex":7,"charIndex":0},"end":{"row":0,"column":0,"tokenIndex":7,"charIndex":14}},"confidenceScore":null},{"id":"1663422252","labeledBy":"LABELER","labeledByUserId":6821,"acceptedByUserId":null,"rejectedByUserId":null,"layer":0,"counter":0,"status":"ACCEPTED","hashCode":"SPAN:eS2knCRgLegeRw8bcmSWA:0:0:0:8:0:0:0:8:5:0:undefined:undefined","labelName":"eS2knCRgLegeRw8bcmSWA","labelItem":{"id":"eS2knCRgLegeRw8bcmSWA","labelName":"Skill"},"textPosition":{"start":{"row":0,"column":0,"tokenIndex":8,"charIndex":0},"end":{"row":0,"column":0,"tokenIndex":8,"charIndex":5}},"confidenceScore":null},{"id":"1663422234","labeledBy":"LABELER","labeledByUserId":6821,"acceptedByUserId":null,"rejectedByUserId":null,"layer":0,"counter":0,"status":"ACCEPTED","hashCode":"SPAN:zQcc4ygexJ_A3Gb0NeRTk:0:0:0:11:0:0:0:12:4:0:undefined:undefined","labelName":"zQcc4ygexJ_A3Gb0NeRTk","labelItem":{"id":"zQcc4ygexJ_A3Gb0NeRTk","labelName":"Years of Experience"},"textPosition":{"start":{"row":0,"column":0,"tokenIndex":11,"charIndex":0},"end":{"row":0,"column":0,"tokenIndex":12,"charIndex":4}},"confidenceScore":null},{"id":"1663422241","labeledBy":"LABELER","labeledByUserId":6821,"acceptedByUserId":null,"rejectedByUserId":null,"layer":0,"counter":0,"status":"ACCEPTED","hashCode":"SPAN:eS2knCRgLegeRw8bcmSWA:0:0:0:16:0:0:0:16:10:0:undefined:undefined","labelName":"eS2knCRgLegeRw8bcmSWA","labelItem":{"id":"eS2knCRgLegeRw8bcmSWA","labelName":"Skill"},"textPosition":{"start":{"row":0,"column":0,"tokenIndex":16,"charIndex":0},"end":{"row":0,"column":0,"tokenIndex":16,"charIndex":10}},"confidenceScore":null},{"id":"1663422258","labeledBy":"LABELER","labeledByUserId":6821,"acceptedByUserId":null,"rejectedByUserId":null,"layer":0,"counter":0,"status":"ACCEPTED","hashCode":"SPAN:eS2knCRgLegeRw8bcmSWA:0:1:0:1:0:1:0:1:14:0:undefined:undefined","labelName":"eS2knCRgLegeRw8bcmSWA","labelItem":{"id":"eS2knCRgLegeRw8bcmSWA","labelName":"Skill"},"textPosition":{"start":{"row":1,"column":0,"tokenIndex":1,"charIndex":0},"end":{"row":1,"column":0,"tokenIndex":1,"charIndex":14}},"confidenceScore":null},{"id":"1663422261","labeledBy":"LABELER","labeledByUserId":6821,"acceptedByUserId":null,"rejectedByUserId":null,"layer":0,"counter":0,"status":"ACCEPTED","hashCode":"SPAN:eS2knCRgLegeRw8bcmSWA:0:1:0:2:0:1:0:2:10:0:undefined:undefined","labelName":"eS2knCRgLegeRw8bcmSWA","labelItem":{"id":"eS2knCRgLegeRw8bcmSWA","labelName":"Skill"},"textPosition":{"start":{"row":1,"column":0,"tokenIndex":2,"charIndex":0},"end":{"row":1,"column":0,"tokenIndex":2,"charIndex":10}},"confidenceScore":null},{"id":"1663422264","labeledBy":"LABELER","labeledByUserId":6821,"acceptedByUserId":null,"rejectedByUserId":null,"layer":0,"counter":0,"status":"ACCEPTED","hashCode":"SPAN:eS2knCRgLegeRw8bcmSWA:0:1:0:4:0:1:0:4:12:0:undefined:undefined","labelName":"eS2knCRgLegeRw8bcmSWA","labelItem":{"id":"eS2knCRgLegeRw8bcmSWA","labelName":"Skill"},"textPosition":{"start":{"row":1,"column":0,"tokenIndex":4,"charIndex":0},"end":{"row":1,"column":0,"tokenIndex":4,"charIndex":12}},"confidenceScore":null},{"id":"1663422273","labeledBy":"LABELER","labeledByUserId":6821,"acceptedByUserId":null,"rejectedByUserId":null,"layer":0,"counter":0,"status":"ACCEPTED","hashCode":"SPAN:eS2knCRgLegeRw8bcmSWA:0:2:0:0:0:2:0:0:7:0:undefined:undefined","labelName":"eS2knCRgLegeRw8bcmSWA","labelItem":{"id":"eS2knCRgLegeRw8bcmSWA","labelName":"Skill"},"textPosition":{"start":{"row":2,"column":0,"tokenIndex":0,"charIndex":0},"end":{"row":2,"column":0,"tokenIndex":0,"charIndex":7}},"confidenceScore":null},{"id":"1663422276","labeledBy":"LABELER","labeledByUserId":6821,"acceptedByUserId":null,"rejectedByUserId":null,"layer":0,"counter":0,"status":"ACCEPTED","hashCode":"SPAN:eS2knCRgLegeRw8bcmSWA:0:2:0:1:0:2:0:3:3:0:undefined:undefined","labelName":"eS2knCRgLegeRw8bcmSWA","labelItem":{"id":"eS2knCRgLegeRw8bcmSWA","labelName":"Skill"},"textPosition":{"start":{"row":2,"column":0,"tokenIndex":1,"charIndex":0},"end":{"row":2,"column":0,"tokenIndex":3,"charIndex":3}},"confidenceScore":null},{"id":"1663422279","labeledBy":"LABELER","labeledByUserId":6821,"acceptedByUserId":null,"rejectedByUserId":null,"layer":0,"counter":0,"status":"ACCEPTED","hashCode":"SPAN:eS2knCRgLegeRw8bcmSWA:0:2:0:8:0:2:0:8:11:0:undefined:undefined","labelName":"eS2knCRgLegeRw8bcmSWA","labelItem":{"id":"eS2knCRgLegeRw8bcmSWA","labelName":"Skill"},"textPosition":{"start":{"row":2,"column":0,"tokenIndex":8,"charIndex":0},"end":{"row":2,"column":0,"tokenIndex":8,"charIndex":11}},"confidenceScore":null},{"id":"1663422489","labeledBy":"LABELER","labeledByUserId":6821,"acceptedByUserId":null,"rejectedByUserId":null,"layer":0,"counter":0,"status":"ACCEPTED","hashCode":"SPAN:eS2knCRgLegeRw8bcmSWA:0:3:0:1:0:3:0:2:9:0:undefined:undefined","labelName":"eS2knCRgLegeRw8bcmSWA","labelItem":{"id":"eS2knCRgLegeRw8bcmSWA","labelName":"Skill"},"textPosition":{"start":{"row":3,"column":0,"tokenIndex":1,"charIndex":0},"end":{"row":3,"column":0,"tokenIndex":2,"charIndex":9}},"confidenceScore":null},{"id":"1663422475","labeledBy":"LABELER","labeledByUserId":6821,"acceptedByUserId":null,"rejectedByUserId":null,"layer":0,"counter":0,"status":"ACCEPTED","hashCode":"SPAN:eS2knCRgLegeRw8bcmSWA:0:3:0:3:0:3:0:4:10:0:undefined:undefined","labelName":"eS2knCRgLegeRw8bcmSWA","labelItem":{"id":"eS2knCRgLegeRw8bcmSWA","labelName":"Skill"},"textPosition":{"start":{"row":3,"column":0,"tokenIndex":3,"charIndex":0},"end":{"row":3,"column":0,"tokenIndex":4,"charIndex":10}},"confidenceScore":null},{"id":"1663422498","labeledBy":"LABELER","labeledByUserId":6821,"acceptedByUserId":null,"rejectedByUserId":null,"layer":0,"counter":0,"status":"ACCEPTED","hashCode":"SPAN:eS2knCRgLegeRw8bcmSWA:0:3:0:5:0:3:0:7:5:0:undefined:undefined","labelName":"eS2knCRgLegeRw8bcmSWA","labelItem":{"id":"eS2knCRgLegeRw8bcmSWA","labelName":"Skill"},"textPosition":{"start":{"row":3,"column":0,"tokenIndex":5,"charIndex":0},"end":{"row":3,"column":0,"tokenIndex":7,"charIndex":5}},"confidenceScore":null},{"id":"1663422501","labeledBy":"LABELER","labeledByUserId":6821,"acceptedByUserId":null,"rejectedByUserId":null,"layer":0,"counter":0,"status":"ACCEPTED","hashCode":"SPAN:eS2knCRgLegeRw8bcmSWA:0:3:0:8:0:3:0:10:7:0:undefined:undefined","labelName":"eS2knCRgLegeRw8bcmSWA","labelItem":{"id":"eS2knCRgLegeRw8bcmSWA","labelName":"Skill"},"textPosition":{"start":{"row":3,"column":0,"tokenIndex":8,"charIndex":0},"end":{"row":3,"column":0,"tokenIndex":10,"charIndex":7}},"confidenceScore":null},{"id":"1663422508","labeledBy":"LABELER","labeledByUserId":6821,"acceptedByUserId":null,"rejectedByUserId":null,"layer":0,"counter":0,"status":"ACCEPTED","hashCode":"SPAN:eS2knCRgLegeRw8bcmSWA:0:3:0:11:0:3:0:12:9:0:undefined:undefined","labelName":"eS2knCRgLegeRw8bcmSWA","labelItem":{"id":"eS2knCRgLegeRw8bcmSWA","labelName":"Skill"},"textPosition":{"start":{"row":3,"column":0,"tokenIndex":11,"charIndex":0},"end":{"row":3,"column":0,"tokenIndex":12,"charIndex":9}},"confidenceScore":null},{"id":"1663422516","labeledBy":"LABELER","labeledByUserId":6821,"acceptedByUserId":null,"rejectedByUserId":null,"layer":0,"counter":0,"status":"ACCEPTED","hashCode":"SPAN:eS2knCRgLegeRw8bcmSWA:0:3:0:13:0:3:0:15:9:0:undefined:undefined","labelName":"eS2knCRgLegeRw8bcmSWA","labelItem":{"id":"eS2knCRgLegeRw8bcmSWA","labelName":"Skill"},"textPosition":{"start":{"row":3,"column":0,"tokenIndex":13,"charIndex":0},"end":{"row":3,"column":0,"tokenIndex":15,"charIndex":9}},"confidenceScore":null},{"id":"1663422525","labeledBy":"LABELER","labeledByUserId":6821,"acceptedByUserId":null,"rejectedByUserId":null,"layer":0,"counter":0,"status":"ACCEPTED","hashCode":"SPAN:eS2knCRgLegeRw8bcmSWA:0:3:0:16:0:3:0:19:5:0:undefined:undefined","labelName":"eS2knCRgLegeRw8bcmSWA","labelItem":{"id":"eS2knCRgLegeRw8bcmSWA","labelName":"Skill"},"textPosition":{"start":{"row":3,"column":0,"tokenIndex":16,"charIndex":0},"end":{"row":3,"column":0,"tokenIndex":19,"charIndex":5}},"confidenceScore":null},{"id":"1663422531","labeledBy":"LABELER","labeledByUserId":6821,"acceptedByUserId":null,"rejectedByUserId":null,"layer":0,"counter":0,"status":"ACCEPTED","hashCode":"SPAN:eS2knCRgLegeRw8bcmSWA:0:3:0:20:0:3:0:21:6:0:undefined:undefined","labelName":"eS2knCRgLegeRw8bcmSWA","labelItem":{"id":"eS2knCRgLegeRw8bcmSWA","labelName":"Skill"},"textPosition":{"start":{"row":3,"column":0,"tokenIndex":20,"charIndex":0},"end":{"row":3,"column":0,"tokenIndex":21,"charIndex":6}},"confidenceScore":null},{"id":"1663422534","labeledBy":"LABELER","labeledByUserId":6821,"acceptedByUserId":null,"rejectedByUserId":null,"layer":0,"counter":0,"status":"ACCEPTED","hashCode":"SPAN:eS2knCRgLegeRw8bcmSWA:0:3:0:22:0:3:0:23:9:0:undefined:undefined","labelName":"eS2knCRgLegeRw8bcmSWA","labelItem":{"id":"eS2knCRgLegeRw8bcmSWA","labelName":"Skill"},"textPosition":{"start":{"row":3,"column":0,"tokenIndex":22,"charIndex":0},"end":{"row":3,"column":0,"tokenIndex":23,"charIndex":9}},"confidenceScore":null},{"id":"1663422537","labeledBy":"LABELER","labeledByUserId":6821,"acceptedByUserId":null,"rejectedByUserId":null,"layer":0,"counter":0,"status":"ACCEPTED","hashCode":"SPAN:eS2knCRgLegeRw8bcmSWA:0:3:0:24:0:3:0:24:14:0:undefined:undefined","labelName":"eS2knCRgLegeRw8bcmSWA","labelItem":{"id":"eS2knCRgLegeRw8bcmSWA","labelName":"Skill"},"textPosition":{"start":{"row":3,"column":0,"tokenIndex":24,"charIndex":0},"end":{"row":3,"column":0,"tokenIndex":24,"charIndex":14}},"confidenceScore":null},{"id":"1663422540","labeledBy":"LABELER","labeledByUserId":6821,"acceptedByUserId":null,"rejectedByUserId":null,"layer":0,"counter":0,"status":"ACCEPTED","hashCode":"SPAN:52S_6moRfhjC-yXgIBeCp:0:3:0:27:0:3:0:29:6:0:undefined:undefined","labelName":"52S_6moRfhjC-yXgIBeCp","labelItem":{"id":"52S_6moRfhjC-yXgIBeCp","labelName":"Date"},"textPosition":{"start":{"row":3,"column":0,"tokenIndex":27,"charIndex":0},"end":{"row":3,"column":0,"tokenIndex":29,"charIndex":6}},"confidenceScore":null},{"id":"1663422546","labeledBy":"LABELER","labeledByUserId":6821,"acceptedByUserId":null,"rejectedByUserId":null,"layer":0,"counter":0,"status":"ACCEPTED","hashCode":"SPAN:SJEkdao76hjwbb6Fh5SY6:0:3:0:30:0:3:0:31:9:0:undefined:undefined","labelName":"SJEkdao76hjwbb6Fh5SY6","labelItem":{"id":"SJEkdao76hjwbb6Fh5SY6","labelName":"Job Title"},"textPosition":{"start":{"row":3,"column":0,"tokenIndex":30,"charIndex":0},"end":{"row":3,"column":0,"tokenIndex":31,"charIndex":9}},"confidenceScore":null},{"id":"1663422552","labeledBy":"LABELER","labeledByUserId":6821,"acceptedByUserId":null,"rejectedByUserId":null,"layer":0,"counter":0,"status":"ACCEPTED","hashCode":"SPAN:eS2knCRgLegeRw8bcmSWA:0:3:0:44:0:3:0:45:6:0:undefined:undefined","labelName":"eS2knCRgLegeRw8bcmSWA","labelItem":{"id":"eS2knCRgLegeRw8bcmSWA","labelName":"Skill"},"textPosition":{"start":{"row":3,"column":0,"tokenIndex":44,"charIndex":0},"end":{"row":3,"column":0,"tokenIndex":45,"charIndex":6}},"confidenceScore":null},{"id":"1663422561","labeledBy":"LABELER","labeledByUserId":6821,"acceptedByUserId":null,"rejectedByUserId":null,"layer":0,"counter":0,"status":"ACCEPTED","hashCode":"SPAN:eS2knCRgLegeRw8bcmSWA:0:3:0:50:0:3:0:52:5:0:undefined:undefined","labelName":"eS2knCRgLegeRw8bcmSWA","labelItem":{"id":"eS2knCRgLegeRw8bcmSWA","labelName":"Skill"},"textPosition":{"start":{"row":3,"column":0,"tokenIndex":50,"charIndex":0},"end":{"row":3,"column":0,"tokenIndex":52,"charIndex":5}},"confidenceScore":null},{"id":"1663422567","labeledBy":"LABELER","labeledByUserId":6821,"acceptedByUserId":null,"rejectedByUserId":null,"layer":0,"counter":0,"status":"ACCEPTED","hashCode":"SPAN:eS2knCRgLegeRw8bcmSWA:0:3:0:61:0:3:0:62:15:0:undefined:undefined","labelName":"eS2knCRgLegeRw8bcmSWA","labelItem":{"id":"eS2knCRgLegeRw8bcmSWA","labelName":"Skill"},"textPosition":{"start":{"row":3,"column":0,"tokenIndex":61,"charIndex":0},"end":{"row":3,"column":0,"tokenIndex":62,"charIndex":15}},"confidenceScore":null},{"id":"1663422570","labeledBy":"LABELER","labeledByUserId":6821,"acceptedByUserId":null,"rejectedByUserId":null,"layer":0,"counter":0,"status":"ACCEPTED","hashCode":"SPAN:eS2knCRgLegeRw8bcmSWA:0:3:0:63:0:3:0:64:5:0:undefined:undefined","labelName":"eS2knCRgLegeRw8bcmSWA","labelItem":{"id":"eS2knCRgLegeRw8bcmSWA","labelName":"Skill"},"textPosition":{"start":{"row":3,"column":0,"tokenIndex":63,"charIndex":0},"end":{"row":3,"column":0,"tokenIndex":64,"charIndex":5}},"confidenceScore":null},{"id":"1663422573","labeledBy":"LABELER","labeledByUserId":6821,"acceptedByUserId":null,"rejectedByUserId":null,"layer":0,"counter":0,"status":"ACCEPTED","hashCode":"SPAN:eS2knCRgLegeRw8bcmSWA:0:3:0:66:0:3:0:68:6:0:undefined:undefined","labelName":"eS2knCRgLegeRw8bcmSWA","labelItem":{"id":"eS2knCRgLegeRw8bcmSWA","labelName":"Skill"},"textPosition":{"start":{"row":3,"column":0,"tokenIndex":66,"charIndex":0},"end":{"row":3,"column":0,"tokenIndex":68,"charIndex":6}},"confidenceScore":null},{"id":"1663422591","labeledBy":"LABELER","labeledByUserId":6821,"acceptedByUserId":null,"rejectedByUserId":null,"layer":0,"counter":0,"status":"ACCEPTED","hashCode":"SPAN:eS2knCRgLegeRw8bcmSWA:0:3:0:72:0:3:0:75:5:0:undefined:undefined","labelName":"eS2knCRgLegeRw8bcmSWA","labelItem":{"id":"eS2knCRgLegeRw8bcmSWA","labelName":"Skill"},"textPosition":{"start":{"row":3,"column":0,"tokenIndex":72,"charIndex":0},"end":{"row":3,"column":0,"tokenIndex":75,"charIndex":5}},"confidenceScore":null},{"id":"1663422639","labeledBy":"LABELER","labeledByUserId":6821,"acceptedByUserId":null,"rejectedByUserId":null,"layer":0,"counter":0,"status":"ACCEPTED","hashCode":"SPAN:eS2knCRgLegeRw8bcmSWA:0:3:0:170:0:3:0:170:4:0:undefined:undefined","labelName":"eS2knCRgLegeRw8bcmSWA","labelItem":{"id":"eS2knCRgLegeRw8bcmSWA","labelName":"Skill"},"textPosition":{"start":{"row":3,"column":0,"tokenIndex":170,"charIndex":0},"end":{"row":3,"column":0,"tokenIndex":170,"charIndex":4}},"confidenceScore":null},{"id":"1663422642","labeledBy":"LABELER","labeledByUserId":6821,"acceptedByUserId":null,"rejectedByUserId":null,"layer":0,"counter":0,"status":"ACCEPTED","hashCode":"SPAN:eS2knCRgLegeRw8bcmSWA:0:3:0:171:0:3:0:172:11:0:undefined:undefined","labelName":"eS2knCRgLegeRw8bcmSWA","labelItem":{"id":"eS2knCRgLegeRw8bcmSWA","labelName":"Skill"},"textPosition":{"start":{"row":3,"column":0,"tokenIndex":171,"charIndex":0},"end":{"row":3,"column":0,"tokenIndex":172,"charIndex":11}},"confidenceScore":null},{"id":"1663422645","labeledBy":"LABELER","labeledByUserId":6821,"acceptedByUserId":null,"rejectedByUserId":null,"layer":0,"counter":0,"status":"ACCEPTED","hashCode":"SPAN:eS2knCRgLegeRw8bcmSWA:0:3:0:173:0:3:0:173:14:0:undefined:undefined","labelName":"eS2knCRgLegeRw8bcmSWA","labelItem":{"id":"eS2knCRgLegeRw8bcmSWA","labelName":"Skill"},"textPosition":{"start":{"row":3,"column":0,"tokenIndex":173,"charIndex":0},"end":{"row":3,"column":0,"tokenIndex":173,"charIndex":14}},"confidenceScore":null},{"id":"1663422672","labeledBy":"LABELER","labeledByUserId":6821,"acceptedByUserId":null,"rejectedByUserId":null,"layer":0,"counter":0,"status":"ACCEPTED","hashCode":"SPAN:52S_6moRfhjC-yXgIBeCp:0:4:0:0:0:4:0:2:6:0:undefined:undefined","labelName":"52S_6moRfhjC-yXgIBeCp","labelItem":{"id":"52S_6moRfhjC-yXgIBeCp","labelName":"Date"},"textPosition":{"start":{"row":4,"column":0,"tokenIndex":0,"charIndex":0},"end":{"row":4,"column":0,"tokenIndex":2,"charIndex":6}},"confidenceScore":null},{"id":"1663422675","labeledBy":"LABELER","labeledByUserId":6821,"acceptedByUserId":null,"rejectedByUserId":null,"layer":0,"counter":0,"status":"ACCEPTED","hashCode":"SPAN:SJEkdao76hjwbb6Fh5SY6:0:4:0:3:0:4:0:4:9:0:undefined:undefined","labelName":"SJEkdao76hjwbb6Fh5SY6","labelItem":{"id":"SJEkdao76hjwbb6Fh5SY6","labelName":"Job Title"},"textPosition":{"start":{"row":4,"column":0,"tokenIndex":3,"charIndex":0},"end":{"row":4,"column":0,"tokenIndex":4,"charIndex":9}},"confidenceScore":null},{"id":"1663422678","labeledBy":"LABELER","labeledByUserId":6821,"acceptedByUserId":null,"rejectedByUserId":null,"layer":0,"counter":0,"status":"ACCEPTED","hashCode":"SPAN:eS2knCRgLegeRw8bcmSWA:0:4:0:41:0:4:0:42:8:0:undefined:undefined","labelName":"eS2knCRgLegeRw8bcmSWA","labelItem":{"id":"eS2knCRgLegeRw8bcmSWA","labelName":"Skill"},"textPosition":{"start":{"row":4,"column":0,"tokenIndex":41,"charIndex":0},"end":{"row":4,"column":0,"tokenIndex":42,"charIndex":8}},"confidenceScore":null},{"id":"1663422684","labeledBy":"LABELER","labeledByUserId":6821,"acceptedByUserId":null,"rejectedByUserId":null,"layer":0,"counter":0,"status":"ACCEPTED","hashCode":"SPAN:52S_6moRfhjC-yXgIBeCp:0:5:0:0:0:5:0:2:6:0:undefined:undefined","labelName":"52S_6moRfhjC-yXgIBeCp","labelItem":{"id":"52S_6moRfhjC-yXgIBeCp","labelName":"Date"},"textPosition":{"start":{"row":5,"column":0,"tokenIndex":0,"charIndex":0},"end":{"row":5,"column":0,"tokenIndex":2,"charIndex":6}},"confidenceScore":null},{"id":"1663422693","labeledBy":"LABELER","labeledByUserId":6821,"acceptedByUserId":null,"rejectedByUserId":null,"layer":0,"counter":0,"status":"ACCEPTED","hashCode":"SPAN:SJEkdao76hjwbb6Fh5SY6:0:5:0:3:0:5:0:4:9:0:undefined:undefined","labelName":"SJEkdao76hjwbb6Fh5SY6","labelItem":{"id":"SJEkdao76hjwbb6Fh5SY6","labelName":"Job Title"},"textPosition":{"start":{"row":5,"column":0,"tokenIndex":3,"charIndex":0},"end":{"row":5,"column":0,"tokenIndex":4,"charIndex":9}},"confidenceScore":null},{"id":"1663422696","labeledBy":"LABELER","labeledByUserId":6821,"acceptedByUserId":null,"rejectedByUserId":null,"layer":0,"counter":0,"status":"ACCEPTED","hashCode":"SPAN:eS2knCRgLegeRw8bcmSWA:0:5:0:10:0:5:0:11:7:0:undefined:undefined","labelName":"eS2knCRgLegeRw8bcmSWA","labelItem":{"id":"eS2knCRgLegeRw8bcmSWA","labelName":"Skill"},"textPosition":{"start":{"row":5,"column":0,"tokenIndex":10,"charIndex":0},"end":{"row":5,"column":0,"tokenIndex":11,"charIndex":7}},"confidenceScore":null},{"id":"1663422708","labeledBy":"LABELER","labeledByUserId":6821,"acceptedByUserId":null,"rejectedByUserId":null,"layer":0,"counter":0,"status":"ACCEPTED","hashCode":"SPAN:52S_6moRfhjC-yXgIBeCp:0:6:0:0:0:6:0:2:6:0:undefined:undefined","labelName":"52S_6moRfhjC-yXgIBeCp","labelItem":{"id":"52S_6moRfhjC-yXgIBeCp","labelName":"Date"},"textPosition":{"start":{"row":6,"column":0,"tokenIndex":0,"charIndex":0},"end":{"row":6,"column":0,"tokenIndex":2,"charIndex":6}},"confidenceScore":null},{"id":"1663422711","labeledBy":"LABELER","labeledByUserId":6821,"acceptedByUserId":null,"rejectedByUserId":null,"layer":0,"counter":0,"status":"ACCEPTED","hashCode":"SPAN:SJEkdao76hjwbb6Fh5SY6:0:6:0:3:0:6:0:4:9:0:undefined:undefined","labelName":"SJEkdao76hjwbb6Fh5SY6","labelItem":{"id":"SJEkdao76hjwbb6Fh5SY6","labelName":"Job Title"},"textPosition":{"start":{"row":6,"column":0,"tokenIndex":3,"charIndex":0},"end":{"row":6,"column":0,"tokenIndex":4,"charIndex":9}},"confidenceScore":null},{"id":"1663422438","labeledBy":"LABELER","labeledByUserId":6821,"acceptedByUserId":null,"rejectedByUserId":null,"layer":0,"counter":0,"status":"ACCEPTED","hashCode":"SPAN:KiLarWmwlU1E3-FfdG6Qg:0:7:0:0:0:7:0:2:6:0:undefined:undefined","labelName":"KiLarWmwlU1E3-FfdG6Qg","labelItem":{"id":"KiLarWmwlU1E3-FfdG6Qg","labelName":"Project"},"textPosition":{"start":{"row":7,"column":0,"tokenIndex":0,"charIndex":0},"end":{"row":7,"column":0,"tokenIndex":2,"charIndex":6}},"confidenceScore":null},{"id":"1663422453","labeledBy":"LABELER","labeledByUserId":6821,"acceptedByUserId":null,"rejectedByUserId":null,"layer":0,"counter":0,"status":"ACCEPTED","hashCode":"SPAN:eS2knCRgLegeRw8bcmSWA:0:7:0:9:0:7:0:9:7:0:undefined:undefined","labelName":"eS2knCRgLegeRw8bcmSWA","labelItem":{"id":"eS2knCRgLegeRw8bcmSWA","labelName":"Skill"},"textPosition":{"start":{"row":7,"column":0,"tokenIndex":9,"charIndex":0},"end":{"row":7,"column":0,"tokenIndex":9,"charIndex":7}},"confidenceScore":null},{"id":"1663422426","labeledBy":"LABELER","labeledByUserId":6821,"acceptedByUserId":null,"rejectedByUserId":null,"layer":0,"counter":0,"status":"ACCEPTED","hashCode":"SPAN:52S_6moRfhjC-yXgIBeCp:0:9:0:0:0:9:0:2:6:0:undefined:undefined","labelName":"52S_6moRfhjC-yXgIBeCp","labelItem":{"id":"52S_6moRfhjC-yXgIBeCp","labelName":"Date"},"textPosition":{"start":{"row":9,"column":0,"tokenIndex":0,"charIndex":0},"end":{"row":9,"column":0,"tokenIndex":2,"charIndex":6}},"confidenceScore":null},{"id":"1663422378","labeledBy":"LABELER","labeledByUserId":6821,"acceptedByUserId":null,"rejectedByUserId":null,"layer":0,"counter":0,"status":"ACCEPTED","hashCode":"SPAN:BjO8MdvK2KI4E5iMEeY4B:0:10:0:1:0:10:0:2:3:0:undefined:undefined","labelName":"BjO8MdvK2KI4E5iMEeY4B","labelItem":{"id":"BjO8MdvK2KI4E5iMEeY4B","labelName":"Graduation Year"},"textPosition":{"start":{"row":10,"column":0,"tokenIndex":1,"charIndex":0},"end":{"row":10,"column":0,"tokenIndex":2,"charIndex":3}},"confidenceScore":null},{"id":"1663422381","labeledBy":"LABELER","labeledByUserId":6821,"acceptedByUserId":null,"rejectedByUserId":null,"layer":0,"counter":0,"status":"ACCEPTED","hashCode":"SPAN:IeEoIKabMl51BJE0gX2YL:0:10:0:3:0:10:0:8:6:0:undefined:undefined","labelName":"IeEoIKabMl51BJE0gX2YL","labelItem":{"id":"IeEoIKabMl51BJE0gX2YL","labelName":"Degree"},"textPosition":{"start":{"row":10,"column":0,"tokenIndex":3,"charIndex":0},"end":{"row":10,"column":0,"tokenIndex":8,"charIndex":6}},"confidenceScore":null},{"id":"1663422387","labeledBy":"LABELER","labeledByUserId":6821,"acceptedByUserId":null,"rejectedByUserId":null,"layer":0,"counter":0,"status":"ACCEPTED","hashCode":"SPAN:Kj5U6n9NUqTXuWcB3c_7L:0:10:0:9:0:10:0:11:9:0:undefined:undefined","labelName":"Kj5U6n9NUqTXuWcB3c_7L","labelItem":{"id":"Kj5U6n9NUqTXuWcB3c_7L","labelName":"College"},"textPosition":{"start":{"row":10,"column":0,"tokenIndex":9,"charIndex":0},"end":{"row":10,"column":0,"tokenIndex":11,"charIndex":9}},"confidenceScore":null},{"id":"1663422399","labeledBy":"LABELER","labeledByUserId":6821,"acceptedByUserId":null,"rejectedByUserId":null,"layer":0,"counter":0,"status":"ACCEPTED","hashCode":"SPAN:BjO8MdvK2KI4E5iMEeY4B:0:10:0:19:0:10:0:20:3:0:undefined:undefined","labelName":"BjO8MdvK2KI4E5iMEeY4B","labelItem":{"id":"BjO8MdvK2KI4E5iMEeY4B","labelName":"Graduation Year"},"textPosition":{"start":{"row":10,"column":0,"tokenIndex":19,"charIndex":0},"end":{"row":10,"column":0,"tokenIndex":20,"charIndex":3}},"confidenceScore":null},{"id":"1663422402","labeledBy":"LABELER","labeledByUserId":6821,"acceptedByUserId":null,"rejectedByUserId":null,"layer":0,"counter":0,"status":"ACCEPTED","hashCode":"SPAN:IeEoIKabMl51BJE0gX2YL:0:10:0:21:0:10:0:25:9:0:undefined:undefined","labelName":"IeEoIKabMl51BJE0gX2YL","labelItem":{"id":"IeEoIKabMl51BJE0gX2YL","labelName":"Degree"},"textPosition":{"start":{"row":10,"column":0,"tokenIndex":21,"charIndex":0},"end":{"row":10,"column":0,"tokenIndex":25,"charIndex":9}},"confidenceScore":null},{"id":"1663422411","labeledBy":"LABELER","labeledByUserId":6821,"acceptedByUserId":null,"rejectedByUserId":null,"layer":0,"counter":0,"status":"ACCEPTED","hashCode":"SPAN:Kj5U6n9NUqTXuWcB3c_7L:0:10:0:26:0:10:0:27:10:0:undefined:undefined","labelName":"Kj5U6n9NUqTXuWcB3c_7L","labelItem":{"id":"Kj5U6n9NUqTXuWcB3c_7L","labelName":"College"},"textPosition":{"start":{"row":10,"column":0,"tokenIndex":26,"charIndex":0},"end":{"row":10,"column":0,"tokenIndex":27,"charIndex":10}},"confidenceScore":null},{"id":"1663422420","labeledBy":"LABELER","labeledByUserId":6821,"acceptedByUserId":null,"rejectedByUserId":null,"layer":0,"counter":0,"status":"ACCEPTED","hashCode":"SPAN:eS2knCRgLegeRw8bcmSWA:0:10:0:35:0:10:0:35:14:0:undefined:undefined","labelName":"eS2knCRgLegeRw8bcmSWA","labelItem":{"id":"eS2knCRgLegeRw8bcmSWA","labelName":"Skill"},"textPosition":{"start":{"row":10,"column":0,"tokenIndex":35,"charIndex":0},"end":{"row":10,"column":0,"tokenIndex":35,"charIndex":14}},"confidenceScore":null},{"id":"1663422423","labeledBy":"LABELER","labeledByUserId":6821,"acceptedByUserId":null,"rejectedByUserId":null,"layer":0,"counter":0,"status":"ACCEPTED","hashCode":"SPAN:eS2knCRgLegeRw8bcmSWA:0:10:0:36:0:10:0:36:5:0:undefined:undefined","labelName":"eS2knCRgLegeRw8bcmSWA","labelItem":{"id":"eS2knCRgLegeRw8bcmSWA","labelName":"Skill"},"textPosition":{"start":{"row":10,"column":0,"tokenIndex":36,"charIndex":0},"end":{"row":10,"column":0,"tokenIndex":36,"charIndex":5}},"confidenceScore":null},{"id":"1663422417","labeledBy":"LABELER","labeledByUserId":6821,"acceptedByUserId":null,"rejectedByUserId":null,"layer":0,"counter":0,"status":"ACCEPTED","hashCode":"SPAN:zQcc4ygexJ_A3Gb0NeRTk:0:10:0:38:0:10:0:39:4:0:undefined:undefined","labelName":"zQcc4ygexJ_A3Gb0NeRTk","labelItem":{"id":"zQcc4ygexJ_A3Gb0NeRTk","labelName":"Years of Experience"},"textPosition":{"start":{"row":10,"column":0,"tokenIndex":38,"charIndex":0},"end":{"row":10,"column":0,"tokenIndex":39,"charIndex":4}},"confidenceScore":null},{"id":"1663422282","labeledBy":"LABELER","labeledByUserId":6821,"acceptedByUserId":null,"rejectedByUserId":null,"layer":0,"counter":0,"status":"ACCEPTED","hashCode":"SPAN:eS2knCRgLegeRw8bcmSWA:0:11:0:1:0:11:0:2:5:0:undefined:undefined","labelName":"eS2knCRgLegeRw8bcmSWA","labelItem":{"id":"eS2knCRgLegeRw8bcmSWA","labelName":"Skill"},"textPosition":{"start":{"row":11,"column":0,"tokenIndex":1,"charIndex":0},"end":{"row":11,"column":0,"tokenIndex":2,"charIndex":5}},"confidenceScore":null},{"id":"1663422285","labeledBy":"LABELER","labeledByUserId":6821,"acceptedByUserId":null,"rejectedByUserId":null,"layer":0,"counter":0,"status":"ACCEPTED","hashCode":"SPAN:eS2knCRgLegeRw8bcmSWA:0:11:0:5:0:11:0:5:14:0:undefined:undefined","labelName":"eS2knCRgLegeRw8bcmSWA","labelItem":{"id":"eS2knCRgLegeRw8bcmSWA","labelName":"Skill"},"textPosition":{"start":{"row":11,"column":0,"tokenIndex":5,"charIndex":0},"end":{"row":11,"column":0,"tokenIndex":5,"charIndex":14}},"confidenceScore":null},{"id":"1663422288","labeledBy":"LABELER","labeledByUserId":6821,"acceptedByUserId":null,"rejectedByUserId":null,"layer":0,"counter":0,"status":"ACCEPTED","hashCode":"SPAN:eS2knCRgLegeRw8bcmSWA:0:11:0:6:0:11:0:6:9:0:undefined:undefined","labelName":"eS2knCRgLegeRw8bcmSWA","labelItem":{"id":"eS2knCRgLegeRw8bcmSWA","labelName":"Skill"},"textPosition":{"start":{"row":11,"column":0,"tokenIndex":6,"charIndex":0},"end":{"row":11,"column":0,"tokenIndex":6,"charIndex":9}},"confidenceScore":null},{"id":"1663422291","labeledBy":"LABELER","labeledByUserId":6821,"acceptedByUserId":null,"rejectedByUserId":null,"layer":0,"counter":0,"status":"ACCEPTED","hashCode":"SPAN:eS2knCRgLegeRw8bcmSWA:0:11:0:8:0:11:0:8:12:0:undefined:undefined","labelName":"eS2knCRgLegeRw8bcmSWA","labelItem":{"id":"eS2knCRgLegeRw8bcmSWA","labelName":"Skill"},"textPosition":{"start":{"row":11,"column":0,"tokenIndex":8,"charIndex":0},"end":{"row":11,"column":0,"tokenIndex":8,"charIndex":12}},"confidenceScore":null},{"id":"1663422375","labeledBy":"LABELER","labeledByUserId":6821,"acceptedByUserId":null,"rejectedByUserId":null,"layer":0,"counter":0,"status":"ACCEPTED","hashCode":"SPAN:eS2knCRgLegeRw8bcmSWA:0:13:0:0:0:13:0:0:7:0:undefined:undefined","labelName":"eS2knCRgLegeRw8bcmSWA","labelItem":{"id":"eS2knCRgLegeRw8bcmSWA","labelName":"Skill"},"textPosition":{"start":{"row":13,"column":0,"tokenIndex":0,"charIndex":0},"end":{"row":13,"column":0,"tokenIndex":0,"charIndex":7}},"confidenceScore":null},{"id":"1663422372","labeledBy":"LABELER","labeledByUserId":6821,"acceptedByUserId":null,"rejectedByUserId":null,"layer":0,"counter":0,"status":"ACCEPTED","hashCode":"SPAN:eS2knCRgLegeRw8bcmSWA:0:13:0:1:0:13:0:2:5:0:undefined:undefined","labelName":"eS2knCRgLegeRw8bcmSWA","labelItem":{"id":"eS2knCRgLegeRw8bcmSWA","labelName":"Skill"},"textPosition":{"start":{"row":13,"column":0,"tokenIndex":1,"charIndex":0},"end":{"row":13,"column":0,"tokenIndex":2,"charIndex":5}},"confidenceScore":null},{"id":"1663422366","labeledBy":"LABELER","labeledByUserId":6821,"acceptedByUserId":null,"rejectedByUserId":null,"layer":0,"counter":0,"status":"ACCEPTED","hashCode":"SPAN:eS2knCRgLegeRw8bcmSWA:0:13:0:8:0:13:0:8:11:0:undefined:undefined","labelName":"eS2knCRgLegeRw8bcmSWA","labelItem":{"id":"eS2knCRgLegeRw8bcmSWA","labelName":"Skill"},"textPosition":{"start":{"row":13,"column":0,"tokenIndex":8,"charIndex":0},"end":{"row":13,"column":0,"tokenIndex":8,"charIndex":11}},"confidenceScore":null},{"id":"1663422369","labeledBy":"LABELER","labeledByUserId":6821,"acceptedByUserId":null,"rejectedByUserId":null,"layer":0,"counter":0,"status":"ACCEPTED","hashCode":"SPAN:eS2knCRgLegeRw8bcmSWA:0:13:0:9:0:13:0:9:9:0:undefined:undefined","labelName":"eS2knCRgLegeRw8bcmSWA","labelItem":{"id":"eS2knCRgLegeRw8bcmSWA","labelName":"Skill"},"textPosition":{"start":{"row":13,"column":0,"tokenIndex":9,"charIndex":0},"end":{"row":13,"column":0,"tokenIndex":9,"charIndex":9}},"confidenceScore":null},{"id":"1663422297","labeledBy":"LABELER","labeledByUserId":6821,"acceptedByUserId":null,"rejectedByUserId":null,"layer":0,"counter":0,"status":"ACCEPTED","hashCode":"SPAN:eS2knCRgLegeRw8bcmSWA:0:15:0:1:0:15:0:2:15:0:undefined:undefined","labelName":"eS2knCRgLegeRw8bcmSWA","labelItem":{"id":"eS2knCRgLegeRw8bcmSWA","labelName":"Skill"},"textPosition":{"start":{"row":15,"column":0,"tokenIndex":1,"charIndex":0},"end":{"row":15,"column":0,"tokenIndex":2,"charIndex":15}},"confidenceScore":null},{"id":"1663422303","labeledBy":"LABELER","labeledByUserId":6821,"acceptedByUserId":null,"rejectedByUserId":null,"layer":0,"counter":0,"status":"ACCEPTED","hashCode":"SPAN:eS2knCRgLegeRw8bcmSWA:0:15:0:3:0:15:0:3:10:0:undefined:undefined","labelName":"eS2knCRgLegeRw8bcmSWA","labelItem":{"id":"eS2knCRgLegeRw8bcmSWA","labelName":"Skill"},"textPosition":{"start":{"row":15,"column":0,"tokenIndex":3,"charIndex":0},"end":{"row":15,"column":0,"tokenIndex":3,"charIndex":10}},"confidenceScore":null},{"id":"1663422306","labeledBy":"LABELER","labeledByUserId":6821,"acceptedByUserId":null,"rejectedByUserId":null,"layer":0,"counter":0,"status":"ACCEPTED","hashCode":"SPAN:eS2knCRgLegeRw8bcmSWA:0:15:0:4:0:15:0:5:10:0:undefined:undefined","labelName":"eS2knCRgLegeRw8bcmSWA","labelItem":{"id":"eS2knCRgLegeRw8bcmSWA","labelName":"Skill"},"textPosition":{"start":{"row":15,"column":0,"tokenIndex":4,"charIndex":0},"end":{"row":15,"column":0,"tokenIndex":5,"charIndex":10}},"confidenceScore":null},{"id":"1663422309","labeledBy":"LABELER","labeledByUserId":6821,"acceptedByUserId":null,"rejectedByUserId":null,"layer":0,"counter":0,"status":"ACCEPTED","hashCode":"SPAN:eS2knCRgLegeRw8bcmSWA:0:15:0:6:0:15:0:7:10:0:undefined:undefined","labelName":"eS2knCRgLegeRw8bcmSWA","labelItem":{"id":"eS2knCRgLegeRw8bcmSWA","labelName":"Skill"},"textPosition":{"start":{"row":15,"column":0,"tokenIndex":6,"charIndex":0},"end":{"row":15,"column":0,"tokenIndex":7,"charIndex":10}},"confidenceScore":null},{"id":"1663422315","labeledBy":"LABELER","labeledByUserId":6821,"acceptedByUserId":null,"rejectedByUserId":null,"layer":0,"counter":0,"status":"ACCEPTED","hashCode":"SPAN:eS2knCRgLegeRw8bcmSWA:0:15:0:8:0:15:0:9:6:0:undefined:undefined","labelName":"eS2knCRgLegeRw8bcmSWA","labelItem":{"id":"eS2knCRgLegeRw8bcmSWA","labelName":"Skill"},"textPosition":{"start":{"row":15,"column":0,"tokenIndex":8,"charIndex":0},"end":{"row":15,"column":0,"tokenIndex":9,"charIndex":6}},"confidenceScore":null},{"id":"1663422319","labeledBy":"LABELER","labeledByUserId":6821,"acceptedByUserId":null,"rejectedByUserId":null,"layer":0,"counter":0,"status":"ACCEPTED","hashCode":"SPAN:eS2knCRgLegeRw8bcmSWA:0:15:0:10:0:15:0:11:7:0:undefined:undefined","labelName":"eS2knCRgLegeRw8bcmSWA","labelItem":{"id":"eS2knCRgLegeRw8bcmSWA","labelName":"Skill"},"textPosition":{"start":{"row":15,"column":0,"tokenIndex":10,"charIndex":0},"end":{"row":15,"column":0,"tokenIndex":11,"charIndex":7}},"confidenceScore":null},{"id":"1663422324","labeledBy":"LABELER","labeledByUserId":6821,"acceptedByUserId":null,"rejectedByUserId":null,"layer":0,"counter":0,"status":"ACCEPTED","hashCode":"SPAN:eS2knCRgLegeRw8bcmSWA:0:15:0:12:0:15:0:13:6:0:undefined:undefined","labelName":"eS2knCRgLegeRw8bcmSWA","labelItem":{"id":"eS2knCRgLegeRw8bcmSWA","labelName":"Skill"},"textPosition":{"start":{"row":15,"column":0,"tokenIndex":12,"charIndex":0},"end":{"row":15,"column":0,"tokenIndex":13,"charIndex":6}},"confidenceScore":null},{"id":"1663422333","labeledBy":"LABELER","labeledByUserId":6821,"acceptedByUserId":null,"rejectedByUserId":null,"layer":0,"counter":0,"status":"ACCEPTED","hashCode":"SPAN:eS2knCRgLegeRw8bcmSWA:0:15:0:14:0:15:0:16:8:0:undefined:undefined","labelName":"eS2knCRgLegeRw8bcmSWA","labelItem":{"id":"eS2knCRgLegeRw8bcmSWA","labelName":"Skill"},"textPosition":{"start":{"row":15,"column":0,"tokenIndex":14,"charIndex":0},"end":{"row":15,"column":0,"tokenIndex":16,"charIndex":8}},"confidenceScore":null},{"id":"1663422336","labeledBy":"LABELER","labeledByUserId":6821,"acceptedByUserId":null,"rejectedByUserId":null,"layer":0,"counter":0,"status":"ACCEPTED","hashCode":"SPAN:eS2knCRgLegeRw8bcmSWA:0:15:0:17:0:15:0:18:11:0:undefined:undefined","labelName":"eS2knCRgLegeRw8bcmSWA","labelItem":{"id":"eS2knCRgLegeRw8bcmSWA","labelName":"Skill"},"textPosition":{"start":{"row":15,"column":0,"tokenIndex":17,"charIndex":0},"end":{"row":15,"column":0,"tokenIndex":18,"charIndex":11}},"confidenceScore":null},{"id":"1663422339","labeledBy":"LABELER","labeledByUserId":6821,"acceptedByUserId":null,"rejectedByUserId":null,"layer":0,"counter":0,"status":"ACCEPTED","hashCode":"SPAN:eS2knCRgLegeRw8bcmSWA:0:15:0:19:0:15:0:19:3:0:undefined:undefined","labelName":"eS2knCRgLegeRw8bcmSWA","labelItem":{"id":"eS2knCRgLegeRw8bcmSWA","labelName":"Skill"},"textPosition":{"start":{"row":15,"column":0,"tokenIndex":19,"charIndex":0},"end":{"row":15,"column":0,"tokenIndex":19,"charIndex":3}},"confidenceScore":null},{"id":"1663422342","labeledBy":"LABELER","labeledByUserId":6821,"acceptedByUserId":null,"rejectedByUserId":null,"layer":0,"counter":0,"status":"ACCEPTED","hashCode":"SPAN:eS2knCRgLegeRw8bcmSWA:0:15:0:20:0:15:0:20:14:0:undefined:undefined","labelName":"eS2knCRgLegeRw8bcmSWA","labelItem":{"id":"eS2knCRgLegeRw8bcmSWA","labelName":"Skill"},"textPosition":{"start":{"row":15,"column":0,"tokenIndex":20,"charIndex":0},"end":{"row":15,"column":0,"tokenIndex":20,"charIndex":14}},"confidenceScore":null},{"id":"1663422345","labeledBy":"LABELER","labeledByUserId":6821,"acceptedByUserId":null,"rejectedByUserId":null,"layer":0,"counter":0,"status":"ACCEPTED","hashCode":"SPAN:eS2knCRgLegeRw8bcmSWA:0:15:0:21:0:15:0:21:3:0:undefined:undefined","labelName":"eS2knCRgLegeRw8bcmSWA","labelItem":{"id":"eS2knCRgLegeRw8bcmSWA","labelName":"Skill"},"textPosition":{"start":{"row":15,"column":0,"tokenIndex":21,"charIndex":0},"end":{"row":15,"column":0,"tokenIndex":21,"charIndex":3}},"confidenceScore":null},{"id":"1663422348","labeledBy":"LABELER","labeledByUserId":6821,"acceptedByUserId":null,"rejectedByUserId":null,"layer":0,"counter":0,"status":"ACCEPTED","hashCode":"SPAN:eS2knCRgLegeRw8bcmSWA:0:15:0:22:0:15:0:24:8:0:undefined:undefined","labelName":"eS2knCRgLegeRw8bcmSWA","labelItem":{"id":"eS2knCRgLegeRw8bcmSWA","labelName":"Skill"},"textPosition":{"start":{"row":15,"column":0,"tokenIndex":22,"charIndex":0},"end":{"row":15,"column":0,"tokenIndex":24,"charIndex":8}},"confidenceScore":null},{"id":"1663422358","labeledBy":"LABELER","labeledByUserId":6821,"acceptedByUserId":null,"rejectedByUserId":null,"layer":0,"counter":0,"status":"ACCEPTED","hashCode":"SPAN:eS2knCRgLegeRw8bcmSWA:0:15:0:25:0:15:0:26:7:0:undefined:undefined","labelName":"eS2knCRgLegeRw8bcmSWA","labelItem":{"id":"eS2knCRgLegeRw8bcmSWA","labelName":"Skill"},"textPosition":{"start":{"row":15,"column":0,"tokenIndex":25,"charIndex":0},"end":{"row":15,"column":0,"tokenIndex":26,"charIndex":7}},"confidenceScore":null}],"arrowLabels":[],"boundingBoxLabels":[],"timeLabels":[],"comments":[],"url":"datasaur://static/6814/a66799c8-bbdb-47c7-9eba-4f7600c76753.txt"}}
