{"version":"1","data":{"project":{"id":"ODBjYmQ2MDg","name":"NLP SSM Final Project"},"document":{"id":"bee7db5d-4d9a-4246-8d2e-891beb7fb0e1","name":"resume_2256_d1.txt"},"kinds":["TOKEN_BASED"],"rows":[[{"content":"INSIDE SALES REPRESENTATIVE Experience Company Name March 2012 to Current Inside Sales Representative City , State Currently selling the suite of OpenTable products to an assigned territory with a concentration in Chicago, Minneapolis, and Milwaukee.","tokens":["INSIDE","SALES","REPRESENTATIVE","Experience","Company","Name","March","2012","to","Current","Inside","Sales","Representative","City",",","State","Currently","selling","the","suite","of","OpenTable","products","to","an","assigned","territory","with","a","concentration","in","Chicago,","Minneapolis,","and","Milwaukee."],"metadata":[]}],[{"content":"Utilize a consultative approach to communicate the features and benefits of OpenTable products and services.","tokens":["Utilize","a","consultative","approach","to","communicate","the","features","and","benefits","of","OpenTable","products","and","services."],"metadata":[]}],[{"content":"Effectively meet sales results by various means such as cold-calling, presenting at company sponsored seminars, following up on company provided leads, meeting in person with restaurant owners, and networking with field representatives along with leveraging customer service into upselling opportunities.","tokens":["Effectively","meet","sales","results","by","various","means","such","as","cold-calling,","presenting","at","company","sponsored","seminars,","following","up","on","company","provided","leads,","meeting","in","person","with","restaurant","owners,","and","networking","with","field","representatives","along","with","leveraging","customer","service","into","upselling","opportunities."],"metadata":[]}],[{"content":"Solid understanding of OpenTable Electronic Reservation Book and its competitive advantages.","tokens":["Solid","understanding","of","OpenTable","Electronic","Reservation","Book","and","its","competitive","advantages."],"metadata":[]}],[{"content":"Met or exceeded monthly, quarterly, and yearly quota for calendar year 2012(125%), 2013(108%) and 2015(100%).","tokens":["Met","or","exceeded","monthly,","quarterly,","and","yearly","quota","for","calendar","year","2012(125%),","2013(108%)","and","2015(100%)."],"metadata":[]}],[{"content":"Proficient understanding of salesforce.com CRM application and pipeline management.","tokens":["Proficient","understanding","of","salesforce.com","CRM","application","and","pipeline","management."],"metadata":[]}],[{"content":"Promoted to Sales Representative from Sales Coordinator within first 6 months of employment.","tokens":["Promoted","to","Sales","Representative","from","Sales","Coordinator","within","first","6","months","of","employment."],"metadata":[]}],[{"content":"Company Name August 2009 to February 2012 Asset Manager City , State Managed a $50M portfolio of real estate properties.","tokens":["Company","Name","August","2009","to","February","2012","Asset","Manager","City",",","State","Managed","a","$50M","portfolio","of","real","estate","properties."],"metadata":[]}],[{"content":"Represented investors, developers and business owners in leasing residential and commercial space.","tokens":["Represented","investors,","developers","and","business","owners","in","leasing","residential","and","commercial","space."],"metadata":[]}],[{"content":"Increased company profile with existing client base while networking extensively to forge new alliances to provide multi-faceted real estate services.","tokens":["Increased","company","profile","with","existing","client","base","while","networking","extensively","to","forge","new","alliances","to","provide","multi-faceted","real","estate","services."],"metadata":[]}],[{"content":"Financial reporting and owner summaries for 700 units of mixed multifamily and commercial properties.","tokens":["Financial","reporting","and","owner","summaries","for","700","units","of","mixed","multifamily","and","commercial","properties."],"metadata":[]}],[{"content":"Developed and negotiated specific project plans for new builds and remodels.","tokens":["Developed","and","negotiated","specific","project","plans","for","new","builds","and","remodels."],"metadata":[]}],[{"content":"Weekly property evaluations including special project coordination.","tokens":["Weekly","property","evaluations","including","special","project","coordination."],"metadata":[]}],[{"content":"Managed and trained a team of 6 sales, maintenance, and housekeeping personnel.","tokens":["Managed","and","trained","a","team","of","6","sales,","maintenance,","and","housekeeping","personnel."],"metadata":[]}],[{"content":"Organized, hosted and led company sponsored events.","tokens":["Organized,","hosted","and","led","company","sponsored","events."],"metadata":[]}],[{"content":"Company Name February 2008 to May 2009 Property Manager City , State Represented preferred developers and multi-unit operators including The University of Canterbury, New Zealand.","tokens":["Company","Name","February","2008","to","May","2009","Property","Manager","City",",","State","Represented","preferred","developers","and","multi-unit","operators","including","The","University","of","Canterbury,","New","Zealand."],"metadata":[]}],[{"content":"Directed and managed a portfolio of 100+ units of university housing.","tokens":["Directed","and","managed","a","portfolio","of","100+","units","of","university","housing."],"metadata":[]}],[{"content":"Residential lease negotiations.","tokens":["Residential","lease","negotiations."],"metadata":[]}],[{"content":"Rent collection and financial reporting to operators.","tokens":["Rent","collection","and","financial","reporting","to","operators."],"metadata":[]}],[{"content":"Updated new and expired documentation as needed.","tokens":["Updated","new","and","expired","documentation","as","needed."],"metadata":[]}],[{"content":"Company Name August 2005 to February 2008 Business Banking Specialist City , State Responsible for managing and retaining existing relationships and generating new business in the Business Banking market segment.","tokens":["Company","Name","August","2005","to","February","2008","Business","Banking","Specialist","City",",","State","Responsible","for","managing","and","retaining","existing","relationships","and","generating","new","business","in","the","Business","Banking","market","segment."],"metadata":[]}],[{"content":"Cross-sold bank products, executed strategies with calls and site visits; provided needs assessment, customer qualification and meeting follow-up to maintain, enhance and expand customer relationships.","tokens":["Cross-sold","bank","products,","executed","strategies","with","calls","and","site","visits;","provided","needs","assessment,","customer","qualification","and","meeting","follow-up","to","maintain,","enhance","and","expand","customer","relationships."],"metadata":[]}],[{"content":"Serviced the credit and non-credit financial needs of existing clients.","tokens":["Serviced","the","credit","and","non-credit","financial","needs","of","existing","clients."],"metadata":[]}],[{"content":"Personally interviewed applicants, and closed various types of SBA loans.","tokens":["Personally","interviewed","applicants,","and","closed","various","types","of","SBA","loans."],"metadata":[]}],[{"content":"Managed all aspects of location and cultivation of new deposits and loans.","tokens":["Managed","all","aspects","of","location","and","cultivation","of","new","deposits","and","loans."],"metadata":[]}],[{"content":"Analyzed call logs and sales numbers in compliance with targeted sales quotas.","tokens":["Analyzed","call","logs","and","sales","numbers","in","compliance","with","targeted","sales","quotas."],"metadata":[]}],[{"content":"Education Colorado State University May 2014 BA : Business Administration Management City , State Business Administration Management Skills approach, Banking, benefits, Book, cold-calling, competitive, credit, client, clients, customer service, documentation, features, financial, Financial reporting, managing, market, needs assessment, negotiations, networking, personnel, presenting, project coordination, project plans, real estate, selling, Sales, salesforce.com CRM, seminars","tokens":["Education","Colorado","State","University","May","2014","BA",":","Business","Administration","Management","City",",","State","Business","Administration","Management","Skills","approach,","Banking,","benefits,","Book,","cold-calling,","competitive,","credit,","client,","clients,","customer","service,","documentation,","features,","financial,","Financial","reporting,","managing,","market,","needs","assessment,","negotiations,","networking,","personnel,","presenting,","project","coordination,","project","plans,","real","estate,","selling,","Sales,","salesforce.com","CRM,","seminars"],"metadata":[]}]],"labelerInfo":{"id":6821,"email":"tli94@jh.edu","displayName":"Thomas Li"},"labelSets":[{"name":"Resume Labels","index":0,"labelItems":[{"id":"Kj5U6n9NUqTXuWcB3c_7L","labelName":"College"},{"id":"rj7TW0-ymuRo6f_asXJab","labelName":"Company Name"},{"id":"SJEkdao76hjwbb6Fh5SY6","labelName":"Job Title"},{"id":"BjO8MdvK2KI4E5iMEeY4B","labelName":"Graduation Year"},{"id":"eS2knCRgLegeRw8bcmSWA","labelName":"Skill"},{"id":"IeEoIKabMl51BJE0gX2YL","labelName":"Degree"},{"id":"1R0C50AAwFbEp2O0WmRv6","labelName":"Location"},{"id":"zQcc4ygexJ_A3Gb0NeRTk","labelName":"Years of Experience"},{"id":"52S_6moRfhjC-yXgIBeCp","labelName":"Date"},{"id":"KiLarWmwlU1E3-FfdG6Qg","labelName":"Project"},{"id":"dyxKKTAxW1z5ifjPj42BI","labelName":"Name"}]}],"spanLabels":[{"id":"1663424154","labeledBy":"LABELER","labeledByUserId":6821,"acceptedByUserId":null,"rejectedByUserId":null,"layer":0,"counter":0,"status":"ACCEPTED","hashCode":"SPAN:SJEkdao76hjwbb6Fh5SY6:0:0:0:0:0:0:0:2:13:0:undefined:undefined","labelName":"SJEkdao76hjwbb6Fh5SY6","labelItem":{"id":"SJEkdao76hjwbb6Fh5SY6","labelName":"Job Title"},"textPosition":{"start":{"row":0,"column":0,"tokenIndex":0,"charIndex":0},"end":{"row":0,"column":0,"tokenIndex":2,"charIndex":13}},"confidenceScore":null},{"id":"1663424157","labeledBy":"LABELER","labeledByUserId":6821,"acceptedByUserId":null,"rejectedByUserId":null,"layer":0,"counter":0,"status":"ACCEPTED","hashCode":"SPAN:52S_6moRfhjC-yXgIBeCp:0:0:0:6:0:0:0:9:6:0:undefined:undefined","labelName":"52S_6moRfhjC-yXgIBeCp","labelItem":{"id":"52S_6moRfhjC-yXgIBeCp","labelName":"Date"},"textPosition":{"start":{"row":0,"column":0,"tokenIndex":6,"charIndex":0},"end":{"row":0,"column":0,"tokenIndex":9,"charIndex":6}},"confidenceScore":null},{"id":"1663424160","labeledBy":"LABELER","labeledByUserId":6821,"acceptedByUserId":null,"rejectedByUserId":null,"layer":0,"counter":0,"status":"ACCEPTED","hashCode":"SPAN:SJEkdao76hjwbb6Fh5SY6:0:0:0:10:0:0:0:12:13:0:undefined:undefined","labelName":"SJEkdao76hjwbb6Fh5SY6","labelItem":{"id":"SJEkdao76hjwbb6Fh5SY6","labelName":"Job Title"},"textPosition":{"start":{"row":0,"column":0,"tokenIndex":10,"charIndex":0},"end":{"row":0,"column":0,"tokenIndex":12,"charIndex":13}},"confidenceScore":null},{"id":"1663424163","labeledBy":"LABELER","labeledByUserId":6821,"acceptedByUserId":null,"rejectedByUserId":null,"layer":0,"counter":0,"status":"ACCEPTED","hashCode":"SPAN:rj7TW0-ymuRo6f_asXJab:0:0:0:21:0:0:0:21:8:0:undefined:undefined","labelName":"rj7TW0-ymuRo6f_asXJab","labelItem":{"id":"rj7TW0-ymuRo6f_asXJab","labelName":"Company Name"},"textPosition":{"start":{"row":0,"column":0,"tokenIndex":21,"charIndex":0},"end":{"row":0,"column":0,"tokenIndex":21,"charIndex":8}},"confidenceScore":null},{"id":"1663424166","labeledBy":"LABELER","labeledByUserId":6821,"acceptedByUserId":null,"rejectedByUserId":null,"layer":0,"counter":0,"status":"ACCEPTED","hashCode":"SPAN:rj7TW0-ymuRo6f_asXJab:0:1:0:11:0:1:0:11:8:0:undefined:undefined","labelName":"rj7TW0-ymuRo6f_asXJab","labelItem":{"id":"rj7TW0-ymuRo6f_asXJab","labelName":"Company Name"},"textPosition":{"start":{"row":1,"column":0,"tokenIndex":11,"charIndex":0},"end":{"row":1,"column":0,"tokenIndex":11,"charIndex":8}},"confidenceScore":null},{"id":"1663424169","labeledBy":"LABELER","labeledByUserId":6821,"acceptedByUserId":null,"rejectedByUserId":null,"layer":0,"counter":0,"status":"ACCEPTED","hashCode":"SPAN:eS2knCRgLegeRw8bcmSWA:0:2:0:9:0:2:0:9:12:0:undefined:undefined","labelName":"eS2knCRgLegeRw8bcmSWA","labelItem":{"id":"eS2knCRgLegeRw8bcmSWA","labelName":"Skill"},"textPosition":{"start":{"row":2,"column":0,"tokenIndex":9,"charIndex":0},"end":{"row":2,"column":0,"tokenIndex":9,"charIndex":12}},"confidenceScore":null},{"id":"1663424172","labeledBy":"LABELER","labeledByUserId":6821,"acceptedByUserId":null,"rejectedByUserId":null,"layer":0,"counter":0,"status":"ACCEPTED","hashCode":"SPAN:eS2knCRgLegeRw8bcmSWA:0:2:0:28:0:2:0:28:9:0:undefined:undefined","labelName":"eS2knCRgLegeRw8bcmSWA","labelItem":{"id":"eS2knCRgLegeRw8bcmSWA","labelName":"Skill"},"textPosition":{"start":{"row":2,"column":0,"tokenIndex":28,"charIndex":0},"end":{"row":2,"column":0,"tokenIndex":28,"charIndex":9}},"confidenceScore":null},{"id":"1663424175","labeledBy":"LABELER","labeledByUserId":6821,"acceptedByUserId":null,"rejectedByUserId":null,"layer":0,"counter":0,"status":"ACCEPTED","hashCode":"SPAN:eS2knCRgLegeRw8bcmSWA:0:2:0:35:0:2:0:36:6:0:undefined:undefined","labelName":"eS2knCRgLegeRw8bcmSWA","labelItem":{"id":"eS2knCRgLegeRw8bcmSWA","labelName":"Skill"},"textPosition":{"start":{"row":2,"column":0,"tokenIndex":35,"charIndex":0},"end":{"row":2,"column":0,"tokenIndex":36,"charIndex":6}},"confidenceScore":null},{"id":"1663424178","labeledBy":"LABELER","labeledByUserId":6821,"acceptedByUserId":null,"rejectedByUserId":null,"layer":0,"counter":0,"status":"ACCEPTED","hashCode":"SPAN:rj7TW0-ymuRo6f_asXJab:0:3:0:3:0:3:0:3:8:0:undefined:undefined","labelName":"rj7TW0-ymuRo6f_asXJab","labelItem":{"id":"rj7TW0-ymuRo6f_asXJab","labelName":"Company Name"},"textPosition":{"start":{"row":3,"column":0,"tokenIndex":3,"charIndex":0},"end":{"row":3,"column":0,"tokenIndex":3,"charIndex":8}},"confidenceScore":null},{"id":"1663424319","labeledBy":"LABELER","labeledByUserId":6821,"acceptedByUserId":null,"rejectedByUserId":null,"layer":0,"counter":0,"status":"ACCEPTED","hashCode":"SPAN:eS2knCRgLegeRw8bcmSWA:0:5:0:3:0:5:0:4:2:0:undefined:undefined","labelName":"eS2knCRgLegeRw8bcmSWA","labelItem":{"id":"eS2knCRgLegeRw8bcmSWA","labelName":"Skill"},"textPosition":{"start":{"row":5,"column":0,"tokenIndex":3,"charIndex":0},"end":{"row":5,"column":0,"tokenIndex":4,"charIndex":2}},"confidenceScore":null},{"id":"1663424187","labeledBy":"LABELER","labeledByUserId":6821,"acceptedByUserId":null,"rejectedByUserId":null,"layer":0,"counter":0,"status":"ACCEPTED","hashCode":"SPAN:eS2knCRgLegeRw8bcmSWA:0:5:0:7:0:5:0:8:10:0:undefined:undefined","labelName":"eS2knCRgLegeRw8bcmSWA","labelItem":{"id":"eS2knCRgLegeRw8bcmSWA","labelName":"Skill"},"textPosition":{"start":{"row":5,"column":0,"tokenIndex":7,"charIndex":0},"end":{"row":5,"column":0,"tokenIndex":8,"charIndex":10}},"confidenceScore":null},{"id":"1663424190","labeledBy":"LABELER","labeledByUserId":6821,"acceptedByUserId":null,"rejectedByUserId":null,"layer":0,"counter":0,"status":"ACCEPTED","hashCode":"SPAN:SJEkdao76hjwbb6Fh5SY6:0:6:0:2:0:6:0:3:13:0:undefined:undefined","labelName":"SJEkdao76hjwbb6Fh5SY6","labelItem":{"id":"SJEkdao76hjwbb6Fh5SY6","labelName":"Job Title"},"textPosition":{"start":{"row":6,"column":0,"tokenIndex":2,"charIndex":0},"end":{"row":6,"column":0,"tokenIndex":3,"charIndex":13}},"confidenceScore":null},{"id":"1663424193","labeledBy":"LABELER","labeledByUserId":6821,"acceptedByUserId":null,"rejectedByUserId":null,"layer":0,"counter":0,"status":"ACCEPTED","hashCode":"SPAN:52S_6moRfhjC-yXgIBeCp:0:7:0:2:0:7:0:6:3:0:undefined:undefined","labelName":"52S_6moRfhjC-yXgIBeCp","labelItem":{"id":"52S_6moRfhjC-yXgIBeCp","labelName":"Date"},"textPosition":{"start":{"row":7,"column":0,"tokenIndex":2,"charIndex":0},"end":{"row":7,"column":0,"tokenIndex":6,"charIndex":3}},"confidenceScore":null},{"id":"1663424196","labeledBy":"LABELER","labeledByUserId":6821,"acceptedByUserId":null,"rejectedByUserId":null,"layer":0,"counter":0,"status":"ACCEPTED","hashCode":"SPAN:SJEkdao76hjwbb6Fh5SY6:0:7:0:7:0:7:0:8:6:0:undefined:undefined","labelName":"SJEkdao76hjwbb6Fh5SY6","labelItem":{"id":"SJEkdao76hjwbb6Fh5SY6","labelName":"Job Title"},"textPosition":{"start":{"row":7,"column":0,"tokenIndex":7,"charIndex":0},"end":{"row":7,"column":0,"tokenIndex":8,"charIndex":6}},"confidenceScore":null},{"id":"1663424199","labeledBy":"LABELER","labeledByUserId":6821,"acceptedByUserId":null,"rejectedByUserId":null,"layer":0,"counter":0,"status":"ACCEPTED","hashCode":"SPAN:eS2knCRgLegeRw8bcmSWA:0:9:0:8:0:9:0:8:9:0:undefined:undefined","labelName":"eS2knCRgLegeRw8bcmSWA","labelItem":{"id":"eS2knCRgLegeRw8bcmSWA","labelName":"Skill"},"textPosition":{"start":{"row":9,"column":0,"tokenIndex":8,"charIndex":0},"end":{"row":9,"column":0,"tokenIndex":8,"charIndex":9}},"confidenceScore":null},{"id":"1663424202","labeledBy":"LABELER","labeledByUserId":6821,"acceptedByUserId":null,"rejectedByUserId":null,"layer":0,"counter":0,"status":"ACCEPTED","hashCode":"SPAN:eS2knCRgLegeRw8bcmSWA:0:10:0:0:0:10:0:1:8:0:undefined:undefined","labelName":"eS2knCRgLegeRw8bcmSWA","labelItem":{"id":"eS2knCRgLegeRw8bcmSWA","labelName":"Skill"},"textPosition":{"start":{"row":10,"column":0,"tokenIndex":0,"charIndex":0},"end":{"row":10,"column":0,"tokenIndex":1,"charIndex":8}},"confidenceScore":null},{"id":"1663424205","labeledBy":"LABELER","labeledByUserId":6821,"acceptedByUserId":null,"rejectedByUserId":null,"layer":0,"counter":0,"status":"ACCEPTED","hashCode":"SPAN:eS2knCRgLegeRw8bcmSWA:0:12:0:1:0:12:0:2:10:0:undefined:undefined","labelName":"eS2knCRgLegeRw8bcmSWA","labelItem":{"id":"eS2knCRgLegeRw8bcmSWA","labelName":"Skill"},"textPosition":{"start":{"row":12,"column":0,"tokenIndex":1,"charIndex":0},"end":{"row":12,"column":0,"tokenIndex":2,"charIndex":10}},"confidenceScore":null},{"id":"1663424208","labeledBy":"LABELER","labeledByUserId":6821,"acceptedByUserId":null,"rejectedByUserId":null,"layer":0,"counter":0,"status":"ACCEPTED","hashCode":"SPAN:52S_6moRfhjC-yXgIBeCp:0:15:0:2:0:15:0:6:3:0:undefined:undefined","labelName":"52S_6moRfhjC-yXgIBeCp","labelItem":{"id":"52S_6moRfhjC-yXgIBeCp","labelName":"Date"},"textPosition":{"start":{"row":15,"column":0,"tokenIndex":2,"charIndex":0},"end":{"row":15,"column":0,"tokenIndex":6,"charIndex":3}},"confidenceScore":null},{"id":"1663424211","labeledBy":"LABELER","labeledByUserId":6821,"acceptedByUserId":null,"rejectedByUserId":null,"layer":0,"counter":0,"status":"ACCEPTED","hashCode":"SPAN:eS2knCRgLegeRw8bcmSWA:0:18:0:3:0:18:0:4:8:0:undefined:undefined","labelName":"eS2knCRgLegeRw8bcmSWA","labelItem":{"id":"eS2knCRgLegeRw8bcmSWA","labelName":"Skill"},"textPosition":{"start":{"row":18,"column":0,"tokenIndex":3,"charIndex":0},"end":{"row":18,"column":0,"tokenIndex":4,"charIndex":8}},"confidenceScore":null},{"id":"1663424214","labeledBy":"LABELER","labeledByUserId":6821,"acceptedByUserId":null,"rejectedByUserId":null,"layer":0,"counter":0,"status":"ACCEPTED","hashCode":"SPAN:52S_6moRfhjC-yXgIBeCp:0:20:0:2:0:20:0:6:3:0:undefined:undefined","labelName":"52S_6moRfhjC-yXgIBeCp","labelItem":{"id":"52S_6moRfhjC-yXgIBeCp","labelName":"Date"},"textPosition":{"start":{"row":20,"column":0,"tokenIndex":2,"charIndex":0},"end":{"row":20,"column":0,"tokenIndex":6,"charIndex":3}},"confidenceScore":null},{"id":"1663424220","labeledBy":"LABELER","labeledByUserId":6821,"acceptedByUserId":null,"rejectedByUserId":null,"layer":0,"counter":0,"status":"ACCEPTED","hashCode":"SPAN:SJEkdao76hjwbb6Fh5SY6:0:20:0:7:0:20:0:9:9:0:undefined:undefined","labelName":"SJEkdao76hjwbb6Fh5SY6","labelItem":{"id":"SJEkdao76hjwbb6Fh5SY6","labelName":"Job Title"},"textPosition":{"start":{"row":20,"column":0,"tokenIndex":7,"charIndex":0},"end":{"row":20,"column":0,"tokenIndex":9,"charIndex":9}},"confidenceScore":null},{"id":"1663424223","labeledBy":"LABELER","labeledByUserId":6821,"acceptedByUserId":null,"rejectedByUserId":null,"layer":0,"counter":0,"status":"ACCEPTED","hashCode":"SPAN:eS2knCRgLegeRw8bcmSWA:0:21:0:0:0:21:0:2:8:0:undefined:undefined","labelName":"eS2knCRgLegeRw8bcmSWA","labelItem":{"id":"eS2knCRgLegeRw8bcmSWA","labelName":"Skill"},"textPosition":{"start":{"row":21,"column":0,"tokenIndex":0,"charIndex":0},"end":{"row":21,"column":0,"tokenIndex":2,"charIndex":8}},"confidenceScore":null},{"id":"1663424226","labeledBy":"LABELER","labeledByUserId":6821,"acceptedByUserId":null,"rejectedByUserId":null,"layer":0,"counter":0,"status":"ACCEPTED","hashCode":"SPAN:Kj5U6n9NUqTXuWcB3c_7L:0:26:0:1:0:26:0:3:9:0:undefined:undefined","labelName":"Kj5U6n9NUqTXuWcB3c_7L","labelItem":{"id":"Kj5U6n9NUqTXuWcB3c_7L","labelName":"College"},"textPosition":{"start":{"row":26,"column":0,"tokenIndex":1,"charIndex":0},"end":{"row":26,"column":0,"tokenIndex":3,"charIndex":9}},"confidenceScore":null},{"id":"1663424229","labeledBy":"LABELER","labeledByUserId":6821,"acceptedByUserId":null,"rejectedByUserId":null,"layer":0,"counter":0,"status":"ACCEPTED","hashCode":"SPAN:BjO8MdvK2KI4E5iMEeY4B:0:26:0:4:0:26:0:5:3:0:undefined:undefined","labelName":"BjO8MdvK2KI4E5iMEeY4B","labelItem":{"id":"BjO8MdvK2KI4E5iMEeY4B","labelName":"Graduation Year"},"textPosition":{"start":{"row":26,"column":0,"tokenIndex":4,"charIndex":0},"end":{"row":26,"column":0,"tokenIndex":5,"charIndex":3}},"confidenceScore":null},{"id":"1663424232","labeledBy":"LABELER","labeledByUserId":6821,"acceptedByUserId":null,"rejectedByUserId":null,"layer":0,"counter":0,"status":"ACCEPTED","hashCode":"SPAN:IeEoIKabMl51BJE0gX2YL:0:26:0:6:0:26:0:9:13:0:undefined:undefined","labelName":"IeEoIKabMl51BJE0gX2YL","labelItem":{"id":"IeEoIKabMl51BJE0gX2YL","labelName":"Degree"},"textPosition":{"start":{"row":26,"column":0,"tokenIndex":6,"charIndex":0},"end":{"row":26,"column":0,"tokenIndex":9,"charIndex":13}},"confidenceScore":null},{"id":"1663424235","labeledBy":"LABELER","labeledByUserId":6821,"acceptedByUserId":null,"rejectedByUserId":null,"layer":0,"counter":0,"status":"ACCEPTED","hashCode":"SPAN:eS2knCRgLegeRw8bcmSWA:0:26:0:18:0:26:0:18:8:0:undefined:undefined","labelName":"eS2knCRgLegeRw8bcmSWA","labelItem":{"id":"eS2knCRgLegeRw8bcmSWA","labelName":"Skill"},"textPosition":{"start":{"row":26,"column":0,"tokenIndex":18,"charIndex":0},"end":{"row":26,"column":0,"tokenIndex":18,"charIndex":8}},"confidenceScore":null},{"id":"1663424238","labeledBy":"LABELER","labeledByUserId":6821,"acceptedByUserId":null,"rejectedByUserId":null,"layer":0,"counter":0,"status":"ACCEPTED","hashCode":"SPAN:eS2knCRgLegeRw8bcmSWA:0:26:0:19:0:26:0:19:7:0:undefined:undefined","labelName":"eS2knCRgLegeRw8bcmSWA","labelItem":{"id":"eS2knCRgLegeRw8bcmSWA","labelName":"Skill"},"textPosition":{"start":{"row":26,"column":0,"tokenIndex":19,"charIndex":0},"end":{"row":26,"column":0,"tokenIndex":19,"charIndex":7}},"confidenceScore":null},{"id":"1663424241","labeledBy":"LABELER","labeledByUserId":6821,"acceptedByUserId":null,"rejectedByUserId":null,"layer":0,"counter":0,"status":"ACCEPTED","hashCode":"SPAN:eS2knCRgLegeRw8bcmSWA:0:26:0:20:0:26:0:20:8:0:undefined:undefined","labelName":"eS2knCRgLegeRw8bcmSWA","labelItem":{"id":"eS2knCRgLegeRw8bcmSWA","labelName":"Skill"},"textPosition":{"start":{"row":26,"column":0,"tokenIndex":20,"charIndex":0},"end":{"row":26,"column":0,"tokenIndex":20,"charIndex":8}},"confidenceScore":null},{"id":"1663424242","labeledBy":"LABELER","labeledByUserId":6821,"acceptedByUserId":null,"rejectedByUserId":null,"layer":0,"counter":0,"status":"ACCEPTED","hashCode":"SPAN:eS2knCRgLegeRw8bcmSWA:0:26:0:21:0:26:0:21:4:0:undefined:undefined","labelName":"eS2knCRgLegeRw8bcmSWA","labelItem":{"id":"eS2knCRgLegeRw8bcmSWA","labelName":"Skill"},"textPosition":{"start":{"row":26,"column":0,"tokenIndex":21,"charIndex":0},"end":{"row":26,"column":0,"tokenIndex":21,"charIndex":4}},"confidenceScore":null},{"id":"1663424245","labeledBy":"LABELER","labeledByUserId":6821,"acceptedByUserId":null,"rejectedByUserId":null,"layer":0,"counter":0,"status":"ACCEPTED","hashCode":"SPAN:eS2knCRgLegeRw8bcmSWA:0:26:0:22:0:26:0:22:12:0:undefined:undefined","labelName":"eS2knCRgLegeRw8bcmSWA","labelItem":{"id":"eS2knCRgLegeRw8bcmSWA","labelName":"Skill"},"textPosition":{"start":{"row":26,"column":0,"tokenIndex":22,"charIndex":0},"end":{"row":26,"column":0,"tokenIndex":22,"charIndex":12}},"confidenceScore":null},{"id":"1663424248","labeledBy":"LABELER","labeledByUserId":6821,"acceptedByUserId":null,"rejectedByUserId":null,"layer":0,"counter":0,"status":"ACCEPTED","hashCode":"SPAN:eS2knCRgLegeRw8bcmSWA:0:26:0:23:0:26:0:23:11:0:undefined:undefined","labelName":"eS2knCRgLegeRw8bcmSWA","labelItem":{"id":"eS2knCRgLegeRw8bcmSWA","labelName":"Skill"},"textPosition":{"start":{"row":26,"column":0,"tokenIndex":23,"charIndex":0},"end":{"row":26,"column":0,"tokenIndex":23,"charIndex":11}},"confidenceScore":null},{"id":"1663424253","labeledBy":"LABELER","labeledByUserId":6821,"acceptedByUserId":null,"rejectedByUserId":null,"layer":0,"counter":0,"status":"ACCEPTED","hashCode":"SPAN:eS2knCRgLegeRw8bcmSWA:0:26:0:24:0:26:0:24:6:0:undefined:undefined","labelName":"eS2knCRgLegeRw8bcmSWA","labelItem":{"id":"eS2knCRgLegeRw8bcmSWA","labelName":"Skill"},"textPosition":{"start":{"row":26,"column":0,"tokenIndex":24,"charIndex":0},"end":{"row":26,"column":0,"tokenIndex":24,"charIndex":6}},"confidenceScore":null},{"id":"1663424256","labeledBy":"LABELER","labeledByUserId":6821,"acceptedByUserId":null,"rejectedByUserId":null,"layer":0,"counter":0,"status":"ACCEPTED","hashCode":"SPAN:eS2knCRgLegeRw8bcmSWA:0:26:0:25:0:26:0:25:6:0:undefined:undefined","labelName":"eS2knCRgLegeRw8bcmSWA","labelItem":{"id":"eS2knCRgLegeRw8bcmSWA","labelName":"Skill"},"textPosition":{"start":{"row":26,"column":0,"tokenIndex":25,"charIndex":0},"end":{"row":26,"column":0,"tokenIndex":25,"charIndex":6}},"confidenceScore":null},{"id":"1663424257","labeledBy":"LABELER","labeledByUserId":6821,"acceptedByUserId":null,"rejectedByUserId":null,"layer":0,"counter":0,"status":"ACCEPTED","hashCode":"SPAN:eS2knCRgLegeRw8bcmSWA:0:26:0:26:0:26:0:26:7:0:undefined:undefined","labelName":"eS2knCRgLegeRw8bcmSWA","labelItem":{"id":"eS2knCRgLegeRw8bcmSWA","labelName":"Skill"},"textPosition":{"start":{"row":26,"column":0,"tokenIndex":26,"charIndex":0},"end":{"row":26,"column":0,"tokenIndex":26,"charIndex":7}},"confidenceScore":null},{"id":"1663424262","labeledBy":"LABELER","labeledByUserId":6821,"acceptedByUserId":null,"rejectedByUserId":null,"layer":0,"counter":0,"status":"ACCEPTED","hashCode":"SPAN:eS2knCRgLegeRw8bcmSWA:0:26:0:27:0:26:0:28:7:0:undefined:undefined","labelName":"eS2knCRgLegeRw8bcmSWA","labelItem":{"id":"eS2knCRgLegeRw8bcmSWA","labelName":"Skill"},"textPosition":{"start":{"row":26,"column":0,"tokenIndex":27,"charIndex":0},"end":{"row":26,"column":0,"tokenIndex":28,"charIndex":7}},"confidenceScore":null},{"id":"1663424265","labeledBy":"LABELER","labeledByUserId":6821,"acceptedByUserId":null,"rejectedByUserId":null,"layer":0,"counter":0,"status":"ACCEPTED","hashCode":"SPAN:eS2knCRgLegeRw8bcmSWA:0:26:0:29:0:26:0:29:13:0:undefined:undefined","labelName":"eS2knCRgLegeRw8bcmSWA","labelItem":{"id":"eS2knCRgLegeRw8bcmSWA","labelName":"Skill"},"textPosition":{"start":{"row":26,"column":0,"tokenIndex":29,"charIndex":0},"end":{"row":26,"column":0,"tokenIndex":29,"charIndex":13}},"confidenceScore":null},{"id":"1663424268","labeledBy":"LABELER","labeledByUserId":6821,"acceptedByUserId":null,"rejectedByUserId":null,"layer":0,"counter":0,"status":"ACCEPTED","hashCode":"SPAN:eS2knCRgLegeRw8bcmSWA:0:26:0:30:0:26:0:30:8:0:undefined:undefined","labelName":"eS2knCRgLegeRw8bcmSWA","labelItem":{"id":"eS2knCRgLegeRw8bcmSWA","labelName":"Skill"},"textPosition":{"start":{"row":26,"column":0,"tokenIndex":30,"charIndex":0},"end":{"row":26,"column":0,"tokenIndex":30,"charIndex":8}},"confidenceScore":null},{"id":"1663424271","labeledBy":"LABELER","labeledByUserId":6821,"acceptedByUserId":null,"rejectedByUserId":null,"layer":0,"counter":0,"status":"ACCEPTED","hashCode":"SPAN:eS2knCRgLegeRw8bcmSWA:0:26:0:31:0:26:0:31:9:0:undefined:undefined","labelName":"eS2knCRgLegeRw8bcmSWA","labelItem":{"id":"eS2knCRgLegeRw8bcmSWA","labelName":"Skill"},"textPosition":{"start":{"row":26,"column":0,"tokenIndex":31,"charIndex":0},"end":{"row":26,"column":0,"tokenIndex":31,"charIndex":9}},"confidenceScore":null},{"id":"1663424274","labeledBy":"LABELER","labeledByUserId":6821,"acceptedByUserId":null,"rejectedByUserId":null,"layer":0,"counter":0,"status":"ACCEPTED","hashCode":"SPAN:eS2knCRgLegeRw8bcmSWA:0:26:0:32:0:26:0:33:9:0:undefined:undefined","labelName":"eS2knCRgLegeRw8bcmSWA","labelItem":{"id":"eS2knCRgLegeRw8bcmSWA","labelName":"Skill"},"textPosition":{"start":{"row":26,"column":0,"tokenIndex":32,"charIndex":0},"end":{"row":26,"column":0,"tokenIndex":33,"charIndex":9}},"confidenceScore":null},{"id":"1663424277","labeledBy":"LABELER","labeledByUserId":6821,"acceptedByUserId":null,"rejectedByUserId":null,"layer":0,"counter":0,"status":"ACCEPTED","hashCode":"SPAN:eS2knCRgLegeRw8bcmSWA:0:26:0:34:0:26:0:34:8:0:undefined:undefined","labelName":"eS2knCRgLegeRw8bcmSWA","labelItem":{"id":"eS2knCRgLegeRw8bcmSWA","labelName":"Skill"},"textPosition":{"start":{"row":26,"column":0,"tokenIndex":34,"charIndex":0},"end":{"row":26,"column":0,"tokenIndex":34,"charIndex":8}},"confidenceScore":null},{"id":"1663424280","labeledBy":"LABELER","labeledByUserId":6821,"acceptedByUserId":null,"rejectedByUserId":null,"layer":0,"counter":0,"status":"ACCEPTED","hashCode":"SPAN:eS2knCRgLegeRw8bcmSWA:0:26:0:35:0:26:0:35:6:0:undefined:undefined","labelName":"eS2knCRgLegeRw8bcmSWA","labelItem":{"id":"eS2knCRgLegeRw8bcmSWA","labelName":"Skill"},"textPosition":{"start":{"row":26,"column":0,"tokenIndex":35,"charIndex":0},"end":{"row":26,"column":0,"tokenIndex":35,"charIndex":6}},"confidenceScore":null},{"id":"1663424283","labeledBy":"LABELER","labeledByUserId":6821,"acceptedByUserId":null,"rejectedByUserId":null,"layer":0,"counter":0,"status":"ACCEPTED","hashCode":"SPAN:eS2knCRgLegeRw8bcmSWA:0:26:0:36:0:26:0:37:10:0:undefined:undefined","labelName":"eS2knCRgLegeRw8bcmSWA","labelItem":{"id":"eS2knCRgLegeRw8bcmSWA","labelName":"Skill"},"textPosition":{"start":{"row":26,"column":0,"tokenIndex":36,"charIndex":0},"end":{"row":26,"column":0,"tokenIndex":37,"charIndex":10}},"confidenceScore":null},{"id":"1663424286","labeledBy":"LABELER","labeledByUserId":6821,"acceptedByUserId":null,"rejectedByUserId":null,"layer":0,"counter":0,"status":"ACCEPTED","hashCode":"SPAN:eS2knCRgLegeRw8bcmSWA:0:26:0:38:0:26:0:38:12:0:undefined:undefined","labelName":"eS2knCRgLegeRw8bcmSWA","labelItem":{"id":"eS2knCRgLegeRw8bcmSWA","labelName":"Skill"},"textPosition":{"start":{"row":26,"column":0,"tokenIndex":38,"charIndex":0},"end":{"row":26,"column":0,"tokenIndex":38,"charIndex":12}},"confidenceScore":null},{"id":"1663424289","labeledBy":"LABELER","labeledByUserId":6821,"acceptedByUserId":null,"rejectedByUserId":null,"layer":0,"counter":0,"status":"ACCEPTED","hashCode":"SPAN:eS2knCRgLegeRw8bcmSWA:0:26:0:39:0:26:0:39:10:0:undefined:undefined","labelName":"eS2knCRgLegeRw8bcmSWA","labelItem":{"id":"eS2knCRgLegeRw8bcmSWA","labelName":"Skill"},"textPosition":{"start":{"row":26,"column":0,"tokenIndex":39,"charIndex":0},"end":{"row":26,"column":0,"tokenIndex":39,"charIndex":10}},"confidenceScore":null},{"id":"1663424292","labeledBy":"LABELER","labeledByUserId":6821,"acceptedByUserId":null,"rejectedByUserId":null,"layer":0,"counter":0,"status":"ACCEPTED","hashCode":"SPAN:eS2knCRgLegeRw8bcmSWA:0:26:0:40:0:26:0:40:9:0:undefined:undefined","labelName":"eS2knCRgLegeRw8bcmSWA","labelItem":{"id":"eS2knCRgLegeRw8bcmSWA","labelName":"Skill"},"textPosition":{"start":{"row":26,"column":0,"tokenIndex":40,"charIndex":0},"end":{"row":26,"column":0,"tokenIndex":40,"charIndex":9}},"confidenceScore":null},{"id":"1663424295","labeledBy":"LABELER","labeledByUserId":6821,"acceptedByUserId":null,"rejectedByUserId":null,"layer":0,"counter":0,"status":"ACCEPTED","hashCode":"SPAN:eS2knCRgLegeRw8bcmSWA:0:26:0:41:0:26:0:41:10:0:undefined:undefined","labelName":"eS2knCRgLegeRw8bcmSWA","labelItem":{"id":"eS2knCRgLegeRw8bcmSWA","labelName":"Skill"},"textPosition":{"start":{"row":26,"column":0,"tokenIndex":41,"charIndex":0},"end":{"row":26,"column":0,"tokenIndex":41,"charIndex":10}},"confidenceScore":null},{"id":"1663424298","labeledBy":"LABELER","labeledByUserId":6821,"acceptedByUserId":null,"rejectedByUserId":null,"layer":0,"counter":0,"status":"ACCEPTED","hashCode":"SPAN:eS2knCRgLegeRw8bcmSWA:0:26:0:42:0:26:0:43:12:0:undefined:undefined","labelName":"eS2knCRgLegeRw8bcmSWA","labelItem":{"id":"eS2knCRgLegeRw8bcmSWA","labelName":"Skill"},"textPosition":{"start":{"row":26,"column":0,"tokenIndex":42,"charIndex":0},"end":{"row":26,"column":0,"tokenIndex":43,"charIndex":12}},"confidenceScore":null},{"id":"1663424301","labeledBy":"LABELER","labeledByUserId":6821,"acceptedByUserId":null,"rejectedByUserId":null,"layer":0,"counter":0,"status":"ACCEPTED","hashCode":"SPAN:eS2knCRgLegeRw8bcmSWA:0:26:0:44:0:26:0:45:5:0:undefined:undefined","labelName":"eS2knCRgLegeRw8bcmSWA","labelItem":{"id":"eS2knCRgLegeRw8bcmSWA","labelName":"Skill"},"textPosition":{"start":{"row":26,"column":0,"tokenIndex":44,"charIndex":0},"end":{"row":26,"column":0,"tokenIndex":45,"charIndex":5}},"confidenceScore":null},{"id":"1663424304","labeledBy":"LABELER","labeledByUserId":6821,"acceptedByUserId":null,"rejectedByUserId":null,"layer":0,"counter":0,"status":"ACCEPTED","hashCode":"SPAN:eS2knCRgLegeRw8bcmSWA:0:26:0:46:0:26:0:47:6:0:undefined:undefined","labelName":"eS2knCRgLegeRw8bcmSWA","labelItem":{"id":"eS2knCRgLegeRw8bcmSWA","labelName":"Skill"},"textPosition":{"start":{"row":26,"column":0,"tokenIndex":46,"charIndex":0},"end":{"row":26,"column":0,"tokenIndex":47,"charIndex":6}},"confidenceScore":null},{"id":"1663424307","labeledBy":"LABELER","labeledByUserId":6821,"acceptedByUserId":null,"rejectedByUserId":null,"layer":0,"counter":0,"status":"ACCEPTED","hashCode":"SPAN:eS2knCRgLegeRw8bcmSWA:0:26:0:48:0:26:0:48:7:0:undefined:undefined","labelName":"eS2knCRgLegeRw8bcmSWA","labelItem":{"id":"eS2knCRgLegeRw8bcmSWA","labelName":"Skill"},"textPosition":{"start":{"row":26,"column":0,"tokenIndex":48,"charIndex":0},"end":{"row":26,"column":0,"tokenIndex":48,"charIndex":7}},"confidenceScore":null},{"id":"1663424310","labeledBy":"LABELER","labeledByUserId":6821,"acceptedByUserId":null,"rejectedByUserId":null,"layer":0,"counter":0,"status":"ACCEPTED","hashCode":"SPAN:eS2knCRgLegeRw8bcmSWA:0:26:0:49:0:26:0:49:5:0:undefined:undefined","labelName":"eS2knCRgLegeRw8bcmSWA","labelItem":{"id":"eS2knCRgLegeRw8bcmSWA","labelName":"Skill"},"textPosition":{"start":{"row":26,"column":0,"tokenIndex":49,"charIndex":0},"end":{"row":26,"column":0,"tokenIndex":49,"charIndex":5}},"confidenceScore":null},{"id":"1663424313","labeledBy":"LABELER","labeledByUserId":6821,"acceptedByUserId":null,"rejectedByUserId":null,"layer":0,"counter":0,"status":"ACCEPTED","hashCode":"SPAN:eS2knCRgLegeRw8bcmSWA:0:26:0:50:0:26:0:51:3:0:undefined:undefined","labelName":"eS2knCRgLegeRw8bcmSWA","labelItem":{"id":"eS2knCRgLegeRw8bcmSWA","labelName":"Skill"},"textPosition":{"start":{"row":26,"column":0,"tokenIndex":50,"charIndex":0},"end":{"row":26,"column":0,"tokenIndex":51,"charIndex":3}},"confidenceScore":null},{"id":"1663424316","labeledBy":"LABELER","labeledByUserId":6821,"acceptedByUserId":null,"rejectedByUserId":null,"layer":0,"counter":0,"status":"ACCEPTED","hashCode":"SPAN:eS2knCRgLegeRw8bcmSWA:0:26:0:52:0:26:0:52:7:0:undefined:undefined","labelName":"eS2knCRgLegeRw8bcmSWA","labelItem":{"id":"eS2knCRgLegeRw8bcmSWA","labelName":"Skill"},"textPosition":{"start":{"row":26,"column":0,"tokenIndex":52,"charIndex":0},"end":{"row":26,"column":0,"tokenIndex":52,"charIndex":7}},"confidenceScore":null}],"arrowLabels":[],"boundingBoxLabels":[],"timeLabels":[],"comments":[],"url":"datasaur://static/6814/06050c0c-d4ce-4cd0-8f03-b8e3ce1619f6.txt"}}
