{"version":"1","data":{"project":{"id":"ODBjYmQ2MDg","name":"NLP SSM Final Project"},"document":{"id":"3a2a43c7-996d-4f98-b8a1-20c276079037","name":"resume_2084_d1.txt"},"kinds":["TOKEN_BASED"],"rows":[[{"content":"INSURANCE SPECIALIST Summary Accomplished communicator who mediates effectively and uses negotiating and persuasion skills to achieve consensus.","tokens":["INSURANCE","SPECIALIST","Summary","Accomplished","communicator","who","mediates","effectively","and","uses","negotiating","and","persuasion","skills","to","achieve","consensus."],"metadata":[]}],[{"content":"Proficient in account management, training, project management, and building strong relationships.","tokens":["Proficient","in","account","management,","training,","project","management,","and","building","strong","relationships."],"metadata":[]}],[{"content":"Proven ability to streamline operations, educations, and troubleshoot problem areas.","tokens":["Proven","ability","to","streamline","operations,","educations,","and","troubleshoot","problem","areas."],"metadata":[]}],[{"content":"Demonstrated history of successful administration and effective issue resolution, while providing high-quality leadership, and managing individuals from varying backgrounds.","tokens":["Demonstrated","history","of","successful","administration","and","effective","issue","resolution,","while","providing","high-quality","leadership,","and","managing","individuals","from","varying","backgrounds."],"metadata":[]}],[{"content":"Skills Spreadsheet management POS systems Microsoft Office proficiency Advanced MS Office Suite knowledge Medical Billing Microsoft Excel certified Administrative support specialist QuickBooks Expert employee training Invoice processing Advanced clerical knowledge Microsoft excel Marsha systemFosse system Experience Insurance Specialist 04/2017 to Current Company Name City , State Processed applications, payments, corrections, endorsements and cancellations.","tokens":["Skills","Spreadsheet","management","POS","systems","Microsoft","Office","proficiency","Advanced","MS","Office","Suite","knowledge","Medical","Billing","Microsoft","Excel","certified","Administrative","support","specialist","QuickBooks","Expert","employee","training","Invoice","processing","Advanced","clerical","knowledge","Microsoft","excel","Marsha","systemFosse","system","Experience","Insurance","Specialist","04/2017","to","Current","Company","Name","City",",","State","Processed","applications,","payments,","corrections,","endorsements","and","cancellations."],"metadata":[]}],[{"content":"Developed, implemented and monitored new underwriting guidelines for the agency.","tokens":["Developed,","implemented","and","monitored","new","underwriting","guidelines","for","the","agency."],"metadata":[]}],[{"content":"Compiled coverage and rating information in an accessible format.","tokens":["Compiled","coverage","and","rating","information","in","an","accessible","format."],"metadata":[]}],[{"content":"Submitted up-to-date activity and production logs to agency management for review.","tokens":["Submitted","up-to-date","activity","and","production","logs","to","agency","management","for","review."],"metadata":[]}],[{"content":"Researched coverage and premium options and supplied clients with the best coverage available.","tokens":["Researched","coverage","and","premium","options","and","supplied","clients","with","the","best","coverage","available."],"metadata":[]}],[{"content":"Finalized and maintained all types of personal lines insurance policies within the agency.","tokens":["Finalized","and","maintained","all","types","of","personal","lines","insurance","policies","within","the","agency."],"metadata":[]}],[{"content":"Front desk agent 12/2015 to Current Company Name City , State Dispensed guidance, direction and authorization to carry out major plans.","tokens":["Front","desk","agent","12/2015","to","Current","Company","Name","City",",","State","Dispensed","guidance,","direction","and","authorization","to","carry","out","major","plans."],"metadata":[]}],[{"content":"Reviewed sales price","tokens":["Reviewed","sales","price"],"metadata":[]}],[{"content":"and operating costs.","tokens":["and","operating","costs."],"metadata":[]}],[{"content":"Ensured work was accomplished in a safe manner in accordance with established operating","tokens":["Ensured","work","was","accomplished","in","a","safe","manner","in","accordance","with","established","operating"],"metadata":[]}],[{"content":"procedures and practices.","tokens":["procedures","and","practices."],"metadata":[]}],[{"content":"Handled telephone inquiries.","tokens":["Handled","telephone","inquiries."],"metadata":[]}],[{"content":"Documented business requirements, functional specifications","tokens":["Documented","business","requirements,","functional","specifications"],"metadata":[]}],[{"content":"and training procedures.","tokens":["and","training","procedures."],"metadata":[]}],[{"content":"Managed quality communication, customer support and product representation for each","tokens":["Managed","quality","communication,","customer","support","and","product","representation","for","each"],"metadata":[]}],[{"content":"client.","tokens":["client."],"metadata":[]}],[{"content":"Interacted with customers and retail buyers to follow-up on shipping statuses and expedited","tokens":["Interacted","with","customers","and","retail","buyers","to","follow-up","on","shipping","statuses","and","expedited"],"metadata":[]}],[{"content":"orders.","tokens":["orders."],"metadata":[]}],[{"content":"Promptly responded to general inquiries from members, staff, and clients via mail, e-mail and","tokens":["Promptly","responded","to","general","inquiries","from","members,","staff,","and","clients","via","mail,","e-mail","and"],"metadata":[]}],[{"content":"fax.","tokens":["fax."],"metadata":[]}],[{"content":"Performed store opening duties, including counting cash drawers and checking all equipment","tokens":["Performed","store","opening","duties,","including","counting","cash","drawers","and","checking","all","equipment"],"metadata":[]}],[{"content":"for proper functioning.","tokens":["for","proper","functioning."],"metadata":[]}],[{"content":"Public relations 09/2011 to 06/2012 Company Name City , State Identified customer needs through market research and analysis.","tokens":["Public","relations","09/2011","to","06/2012","Company","Name","City",",","State","Identified","customer","needs","through","market","research","and","analysis."],"metadata":[]}],[{"content":"Defined project and company vision, strategies and tactics.","tokens":["Defined","project","and","company","vision,","strategies","and","tactics."],"metadata":[]}],[{"content":"Researched, negotiated, implemented and tracked advertising and public relations activities.","tokens":["Researched,","negotiated,","implemented","and","tracked","advertising","and","public","relations","activities."],"metadata":[]}],[{"content":"Evaluated and managed new strategic business opportunities.","tokens":["Evaluated","and","managed","new","strategic","business","opportunities."],"metadata":[]}],[{"content":"Expanded product and company recognition in the national press to support the sales and marketing teams.","tokens":["Expanded","product","and","company","recognition","in","the","national","press","to","support","the","sales","and","marketing","teams."],"metadata":[]}],[{"content":"Organized public appearances, lectures, contests and exhibits to increase product awareness.","tokens":["Organized","public","appearances,","lectures,","contests","and","exhibits","to","increase","product","awareness."],"metadata":[]}],[{"content":"Billing and Coding 07/2010 to 08/2010 Company Name City , State Obtained information by contacting appropriate personnel or patients.","tokens":["Billing","and","Coding","07/2010","to","08/2010","Company","Name","City",",","State","Obtained","information","by","contacting","appropriate","personnel","or","patients."],"metadata":[]}],[{"content":"Organized files by color codes","tokens":["Organized","files","by","color","codes"],"metadata":[]}],[{"content":"Entered information into computer databases.","tokens":["Entered","information","into","computer","databases."],"metadata":[]}],[{"content":"Retrieved requested files and delivered to appropriate personnel.","tokens":["Retrieved","requested","files","and","delivered","to","appropriate","personnel."],"metadata":[]}],[{"content":"Reviewed files to check for complete and accurate information.","tokens":["Reviewed","files","to","check","for","complete","and","accurate","information."],"metadata":[]}],[{"content":"Processed and routed incoming mail.","tokens":["Processed","and","routed","incoming","mail."],"metadata":[]}],[{"content":"Public Relations 08/2011 to 05/2017 Company Name City , State Identified customer needs through market research and analysis.","tokens":["Public","Relations","08/2011","to","05/2017","Company","Name","City",",","State","Identified","customer","needs","through","market","research","and","analysis."],"metadata":[]}],[{"content":"Defined project and company vision, strategies and tactics.","tokens":["Defined","project","and","company","vision,","strategies","and","tactics."],"metadata":[]}],[{"content":"Organized public appearances, lectures, contests and exhibits to increase product awareness.","tokens":["Organized","public","appearances,","lectures,","contests","and","exhibits","to","increase","product","awareness."],"metadata":[]}],[{"content":"Worked with management to identify trends and developments that might influence PR","tokens":["Worked","with","management","to","identify","trends","and","developments","that","might","influence","PR"],"metadata":[]}],[{"content":"decisions and strategies.","tokens":["decisions","and","strategies."],"metadata":[]}],[{"content":"Researched, negotiated, implemented and tracked advertising and public relations activities.","tokens":["Researched,","negotiated,","implemented","and","tracked","advertising","and","public","relations","activities."],"metadata":[]}],[{"content":"Education and Training High School Diploma 2011 Jones Senior High School Business Administartion 2017 Southern University City , State , United States Personal Information Majorette (twirler/ dancer)","tokens":["Education","and","Training","High","School","Diploma","2011","Jones","Senior","High","School","Business","Administartion","2017","Southern","University","City",",","State",",","United","States","Personal","Information","Majorette","(twirler/","dancer)"],"metadata":[]}],[{"content":"Volleyball","tokens":["Volleyball"],"metadata":[]}],[{"content":"Affiliations","tokens":["Affiliations"],"metadata":[]}],[{"content":"Walk of Life (St. Joseph Hospital)","tokens":["Walk","of","Life","(St.","Joseph","Hospital)"],"metadata":[]}],[{"content":"Willing to relocate: Anywhere","tokens":["Willing","to","relocate:","Anywhere"],"metadata":[]}],[{"content":"Additional Information","tokens":["Additional","Information"],"metadata":[]}],[{"content":"Won employee of the month in March 2016 Skills account management, Administrative support, advertising, art, business management, call center, clerical, closing, color, client, clients, customer satisfaction, customer","tokens":["Won","employee","of","the","month","in","March","2016","Skills","account","management,","Administrative","support,","advertising,","art,","business","management,","call","center,","clerical,","closing,","color,","client,","clients,","customer","satisfaction,","customer"],"metadata":[]}],[{"content":"service, customer service, customer support, databases, direction, e-mail, employee training, fax, functional, Invoice processing, machine operation, market research and analysis, Medical Billing, Microsoft Excel, mail, Microsoft Office, MS Office Suite, payroll, personnel, POS, PR, public relations, quality, quality assurance, QuickBooks, retail, safety, sales, script, shipping, Spreadsheet, telephone, vision Additional Information Majorette (twirler/ dancer)","tokens":["service,","customer","service,","customer","support,","databases,","direction,","e-mail,","employee","training,","fax,","functional,","Invoice","processing,","machine","operation,","market","research","and","analysis,","Medical","Billing,","Microsoft","Excel,","mail,","Microsoft","Office,","MS","Office","Suite,","payroll,","personnel,","POS,","PR,","public","relations,","quality,","quality","assurance,","QuickBooks,","retail,","safety,","sales,","script,","shipping,","Spreadsheet,","telephone,","vision","Additional","Information","Majorette","(twirler/","dancer)"],"metadata":[]}],[{"content":"Volleyball","tokens":["Volleyball"],"metadata":[]}],[{"content":"Affiliations","tokens":["Affiliations"],"metadata":[]}],[{"content":"Walk of Life (St. Joseph Hospital)","tokens":["Walk","of","Life","(St.","Joseph","Hospital)"],"metadata":[]}],[{"content":"Willing to relocate: Anywhere","tokens":["Willing","to","relocate:","Anywhere"],"metadata":[]}],[{"content":"Additional Information","tokens":["Additional","Information"],"metadata":[]}],[{"content":"Won employee of the month in March 2016","tokens":["Won","employee","of","the","month","in","March","2016"],"metadata":[]}]],"labelerInfo":{"id":6821,"email":"tli94@jh.edu","displayName":"Thomas Li"},"labelSets":[{"name":"Resume Labels","index":0,"labelItems":[{"id":"Kj5U6n9NUqTXuWcB3c_7L","labelName":"College"},{"id":"rj7TW0-ymuRo6f_asXJab","labelName":"Company Name"},{"id":"SJEkdao76hjwbb6Fh5SY6","labelName":"Job Title"},{"id":"BjO8MdvK2KI4E5iMEeY4B","labelName":"Graduation Year"},{"id":"eS2knCRgLegeRw8bcmSWA","labelName":"Skill"},{"id":"IeEoIKabMl51BJE0gX2YL","labelName":"Degree"},{"id":"1R0C50AAwFbEp2O0WmRv6","labelName":"Location"},{"id":"zQcc4ygexJ_A3Gb0NeRTk","labelName":"Years of Experience"},{"id":"52S_6moRfhjC-yXgIBeCp","labelName":"Date"},{"id":"KiLarWmwlU1E3-FfdG6Qg","labelName":"Project"},{"id":"dyxKKTAxW1z5ifjPj42BI","labelName":"Name"}]}],"spanLabels":[{"id":"1663423653","labeledBy":"LABELER","labeledByUserId":6821,"acceptedByUserId":null,"rejectedByUserId":null,"layer":0,"counter":0,"status":"ACCEPTED","hashCode":"SPAN:SJEkdao76hjwbb6Fh5SY6:0:0:0:0:0:0:0:1:9:0:undefined:undefined","labelName":"SJEkdao76hjwbb6Fh5SY6","labelItem":{"id":"SJEkdao76hjwbb6Fh5SY6","labelName":"Job Title"},"textPosition":{"start":{"row":0,"column":0,"tokenIndex":0,"charIndex":0},"end":{"row":0,"column":0,"tokenIndex":1,"charIndex":9}},"confidenceScore":null},{"id":"1663423656","labeledBy":"LABELER","labeledByUserId":6821,"acceptedByUserId":null,"rejectedByUserId":null,"layer":0,"counter":0,"status":"ACCEPTED","hashCode":"SPAN:eS2knCRgLegeRw8bcmSWA:0:1:0:2:0:1:0:3:10:0:undefined:undefined","labelName":"eS2knCRgLegeRw8bcmSWA","labelItem":{"id":"eS2knCRgLegeRw8bcmSWA","labelName":"Skill"},"textPosition":{"start":{"row":1,"column":0,"tokenIndex":2,"charIndex":0},"end":{"row":1,"column":0,"tokenIndex":3,"charIndex":10}},"confidenceScore":null},{"id":"1663423659","labeledBy":"LABELER","labeledByUserId":6821,"acceptedByUserId":null,"rejectedByUserId":null,"layer":0,"counter":0,"status":"ACCEPTED","hashCode":"SPAN:eS2knCRgLegeRw8bcmSWA:0:1:0:4:0:1:0:4:8:0:undefined:undefined","labelName":"eS2knCRgLegeRw8bcmSWA","labelItem":{"id":"eS2knCRgLegeRw8bcmSWA","labelName":"Skill"},"textPosition":{"start":{"row":1,"column":0,"tokenIndex":4,"charIndex":0},"end":{"row":1,"column":0,"tokenIndex":4,"charIndex":8}},"confidenceScore":null},{"id":"1663423662","labeledBy":"LABELER","labeledByUserId":6821,"acceptedByUserId":null,"rejectedByUserId":null,"layer":0,"counter":0,"status":"ACCEPTED","hashCode":"SPAN:eS2knCRgLegeRw8bcmSWA:0:1:0:5:0:1:0:6:10:0:undefined:undefined","labelName":"eS2knCRgLegeRw8bcmSWA","labelItem":{"id":"eS2knCRgLegeRw8bcmSWA","labelName":"Skill"},"textPosition":{"start":{"row":1,"column":0,"tokenIndex":5,"charIndex":0},"end":{"row":1,"column":0,"tokenIndex":6,"charIndex":10}},"confidenceScore":null},{"id":"1663423665","labeledBy":"LABELER","labeledByUserId":6821,"acceptedByUserId":null,"rejectedByUserId":null,"layer":0,"counter":0,"status":"ACCEPTED","hashCode":"SPAN:eS2knCRgLegeRw8bcmSWA:0:2:0:3:0:2:0:4:10:0:undefined:undefined","labelName":"eS2knCRgLegeRw8bcmSWA","labelItem":{"id":"eS2knCRgLegeRw8bcmSWA","labelName":"Skill"},"textPosition":{"start":{"row":2,"column":0,"tokenIndex":3,"charIndex":0},"end":{"row":2,"column":0,"tokenIndex":4,"charIndex":10}},"confidenceScore":null},{"id":"1663423668","labeledBy":"LABELER","labeledByUserId":6821,"acceptedByUserId":null,"rejectedByUserId":null,"layer":0,"counter":0,"status":"ACCEPTED","hashCode":"SPAN:eS2knCRgLegeRw8bcmSWA:0:2:0:7:0:2:0:7:11:0:undefined:undefined","labelName":"eS2knCRgLegeRw8bcmSWA","labelItem":{"id":"eS2knCRgLegeRw8bcmSWA","labelName":"Skill"},"textPosition":{"start":{"row":2,"column":0,"tokenIndex":7,"charIndex":0},"end":{"row":2,"column":0,"tokenIndex":7,"charIndex":11}},"confidenceScore":null},{"id":"1663423671","labeledBy":"LABELER","labeledByUserId":6821,"acceptedByUserId":null,"rejectedByUserId":null,"layer":0,"counter":0,"status":"ACCEPTED","hashCode":"SPAN:eS2knCRgLegeRw8bcmSWA:0:3:0:12:0:3:0:12:10:0:undefined:undefined","labelName":"eS2knCRgLegeRw8bcmSWA","labelItem":{"id":"eS2knCRgLegeRw8bcmSWA","labelName":"Skill"},"textPosition":{"start":{"row":3,"column":0,"tokenIndex":12,"charIndex":0},"end":{"row":3,"column":0,"tokenIndex":12,"charIndex":10}},"confidenceScore":null},{"id":"1663423674","labeledBy":"LABELER","labeledByUserId":6821,"acceptedByUserId":null,"rejectedByUserId":null,"layer":0,"counter":0,"status":"ACCEPTED","hashCode":"SPAN:eS2knCRgLegeRw8bcmSWA:0:3:0:14:0:3:0:15:10:0:undefined:undefined","labelName":"eS2knCRgLegeRw8bcmSWA","labelItem":{"id":"eS2knCRgLegeRw8bcmSWA","labelName":"Skill"},"textPosition":{"start":{"row":3,"column":0,"tokenIndex":14,"charIndex":0},"end":{"row":3,"column":0,"tokenIndex":15,"charIndex":10}},"confidenceScore":null},{"id":"1663423677","labeledBy":"LABELER","labeledByUserId":6821,"acceptedByUserId":null,"rejectedByUserId":null,"layer":0,"counter":0,"status":"ACCEPTED","hashCode":"SPAN:eS2knCRgLegeRw8bcmSWA:0:4:0:1:0:4:0:1:10:0:undefined:undefined","labelName":"eS2knCRgLegeRw8bcmSWA","labelItem":{"id":"eS2knCRgLegeRw8bcmSWA","labelName":"Skill"},"textPosition":{"start":{"row":4,"column":0,"tokenIndex":1,"charIndex":0},"end":{"row":4,"column":0,"tokenIndex":1,"charIndex":10}},"confidenceScore":null},{"id":"1663423680","labeledBy":"LABELER","labeledByUserId":6821,"acceptedByUserId":null,"rejectedByUserId":null,"layer":0,"counter":0,"status":"ACCEPTED","hashCode":"SPAN:eS2knCRgLegeRw8bcmSWA:0:4:0:2:0:4:0:2:9:0:undefined:undefined","labelName":"eS2knCRgLegeRw8bcmSWA","labelItem":{"id":"eS2knCRgLegeRw8bcmSWA","labelName":"Skill"},"textPosition":{"start":{"row":4,"column":0,"tokenIndex":2,"charIndex":0},"end":{"row":4,"column":0,"tokenIndex":2,"charIndex":9}},"confidenceScore":null},{"id":"1663423683","labeledBy":"LABELER","labeledByUserId":6821,"acceptedByUserId":null,"rejectedByUserId":null,"layer":0,"counter":0,"status":"ACCEPTED","hashCode":"SPAN:eS2knCRgLegeRw8bcmSWA:0:4:0:3:0:4:0:4:6:0:undefined:undefined","labelName":"eS2knCRgLegeRw8bcmSWA","labelItem":{"id":"eS2knCRgLegeRw8bcmSWA","labelName":"Skill"},"textPosition":{"start":{"row":4,"column":0,"tokenIndex":3,"charIndex":0},"end":{"row":4,"column":0,"tokenIndex":4,"charIndex":6}},"confidenceScore":null},{"id":"1663423686","labeledBy":"LABELER","labeledByUserId":6821,"acceptedByUserId":null,"rejectedByUserId":null,"layer":0,"counter":0,"status":"ACCEPTED","hashCode":"SPAN:eS2knCRgLegeRw8bcmSWA:0:4:0:5:0:4:0:6:5:0:undefined:undefined","labelName":"eS2knCRgLegeRw8bcmSWA","labelItem":{"id":"eS2knCRgLegeRw8bcmSWA","labelName":"Skill"},"textPosition":{"start":{"row":4,"column":0,"tokenIndex":5,"charIndex":0},"end":{"row":4,"column":0,"tokenIndex":6,"charIndex":5}},"confidenceScore":null},{"id":"1663423689","labeledBy":"LABELER","labeledByUserId":6821,"acceptedByUserId":null,"rejectedByUserId":null,"layer":0,"counter":0,"status":"ACCEPTED","hashCode":"SPAN:eS2knCRgLegeRw8bcmSWA:0:4:0:9:0:4:0:11:4:0:undefined:undefined","labelName":"eS2knCRgLegeRw8bcmSWA","labelItem":{"id":"eS2knCRgLegeRw8bcmSWA","labelName":"Skill"},"textPosition":{"start":{"row":4,"column":0,"tokenIndex":9,"charIndex":0},"end":{"row":4,"column":0,"tokenIndex":11,"charIndex":4}},"confidenceScore":null},{"id":"1663423692","labeledBy":"LABELER","labeledByUserId":6821,"acceptedByUserId":null,"rejectedByUserId":null,"layer":0,"counter":0,"status":"ACCEPTED","hashCode":"SPAN:eS2knCRgLegeRw8bcmSWA:0:4:0:13:0:4:0:14:6:0:undefined:undefined","labelName":"eS2knCRgLegeRw8bcmSWA","labelItem":{"id":"eS2knCRgLegeRw8bcmSWA","labelName":"Skill"},"textPosition":{"start":{"row":4,"column":0,"tokenIndex":13,"charIndex":0},"end":{"row":4,"column":0,"tokenIndex":14,"charIndex":6}},"confidenceScore":null},{"id":"1663423695","labeledBy":"LABELER","labeledByUserId":6821,"acceptedByUserId":null,"rejectedByUserId":null,"layer":0,"counter":0,"status":"ACCEPTED","hashCode":"SPAN:eS2knCRgLegeRw8bcmSWA:0:4:0:15:0:4:0:16:4:0:undefined:undefined","labelName":"eS2knCRgLegeRw8bcmSWA","labelItem":{"id":"eS2knCRgLegeRw8bcmSWA","labelName":"Skill"},"textPosition":{"start":{"row":4,"column":0,"tokenIndex":15,"charIndex":0},"end":{"row":4,"column":0,"tokenIndex":16,"charIndex":4}},"confidenceScore":null},{"id":"1663423698","labeledBy":"LABELER","labeledByUserId":6821,"acceptedByUserId":null,"rejectedByUserId":null,"layer":0,"counter":0,"status":"ACCEPTED","hashCode":"SPAN:eS2knCRgLegeRw8bcmSWA:0:4:0:18:0:4:0:20:9:0:undefined:undefined","labelName":"eS2knCRgLegeRw8bcmSWA","labelItem":{"id":"eS2knCRgLegeRw8bcmSWA","labelName":"Skill"},"textPosition":{"start":{"row":4,"column":0,"tokenIndex":18,"charIndex":0},"end":{"row":4,"column":0,"tokenIndex":20,"charIndex":9}},"confidenceScore":null},{"id":"1663423701","labeledBy":"LABELER","labeledByUserId":6821,"acceptedByUserId":null,"rejectedByUserId":null,"layer":0,"counter":0,"status":"ACCEPTED","hashCode":"SPAN:eS2knCRgLegeRw8bcmSWA:0:4:0:21:0:4:0:22:5:0:undefined:undefined","labelName":"eS2knCRgLegeRw8bcmSWA","labelItem":{"id":"eS2knCRgLegeRw8bcmSWA","labelName":"Skill"},"textPosition":{"start":{"row":4,"column":0,"tokenIndex":21,"charIndex":0},"end":{"row":4,"column":0,"tokenIndex":22,"charIndex":5}},"confidenceScore":null},{"id":"1663423704","labeledBy":"LABELER","labeledByUserId":6821,"acceptedByUserId":null,"rejectedByUserId":null,"layer":0,"counter":0,"status":"ACCEPTED","hashCode":"SPAN:eS2knCRgLegeRw8bcmSWA:0:4:0:23:0:4:0:24:7:0:undefined:undefined","labelName":"eS2knCRgLegeRw8bcmSWA","labelItem":{"id":"eS2knCRgLegeRw8bcmSWA","labelName":"Skill"},"textPosition":{"start":{"row":4,"column":0,"tokenIndex":23,"charIndex":0},"end":{"row":4,"column":0,"tokenIndex":24,"charIndex":7}},"confidenceScore":null},{"id":"1663423707","labeledBy":"LABELER","labeledByUserId":6821,"acceptedByUserId":null,"rejectedByUserId":null,"layer":0,"counter":0,"status":"ACCEPTED","hashCode":"SPAN:eS2knCRgLegeRw8bcmSWA:0:4:0:25:0:4:0:26:9:0:undefined:undefined","labelName":"eS2knCRgLegeRw8bcmSWA","labelItem":{"id":"eS2knCRgLegeRw8bcmSWA","labelName":"Skill"},"textPosition":{"start":{"row":4,"column":0,"tokenIndex":25,"charIndex":0},"end":{"row":4,"column":0,"tokenIndex":26,"charIndex":9}},"confidenceScore":null},{"id":"1663423710","labeledBy":"LABELER","labeledByUserId":6821,"acceptedByUserId":null,"rejectedByUserId":null,"layer":0,"counter":0,"status":"ACCEPTED","hashCode":"SPAN:eS2knCRgLegeRw8bcmSWA:0:4:0:27:0:4:0:29:8:0:undefined:undefined","labelName":"eS2knCRgLegeRw8bcmSWA","labelItem":{"id":"eS2knCRgLegeRw8bcmSWA","labelName":"Skill"},"textPosition":{"start":{"row":4,"column":0,"tokenIndex":27,"charIndex":0},"end":{"row":4,"column":0,"tokenIndex":29,"charIndex":8}},"confidenceScore":null},{"id":"1663423713","labeledBy":"LABELER","labeledByUserId":6821,"acceptedByUserId":null,"rejectedByUserId":null,"layer":0,"counter":0,"status":"ACCEPTED","hashCode":"SPAN:eS2knCRgLegeRw8bcmSWA:0:4:0:30:0:4:0:31:4:0:undefined:undefined","labelName":"eS2knCRgLegeRw8bcmSWA","labelItem":{"id":"eS2knCRgLegeRw8bcmSWA","labelName":"Skill"},"textPosition":{"start":{"row":4,"column":0,"tokenIndex":30,"charIndex":0},"end":{"row":4,"column":0,"tokenIndex":31,"charIndex":4}},"confidenceScore":null},{"id":"1663423716","labeledBy":"LABELER","labeledByUserId":6821,"acceptedByUserId":null,"rejectedByUserId":null,"layer":0,"counter":0,"status":"ACCEPTED","hashCode":"SPAN:eS2knCRgLegeRw8bcmSWA:0:4:0:32:0:4:0:34:5:0:undefined:undefined","labelName":"eS2knCRgLegeRw8bcmSWA","labelItem":{"id":"eS2knCRgLegeRw8bcmSWA","labelName":"Skill"},"textPosition":{"start":{"row":4,"column":0,"tokenIndex":32,"charIndex":0},"end":{"row":4,"column":0,"tokenIndex":34,"charIndex":5}},"confidenceScore":null},{"id":"1663423719","labeledBy":"LABELER","labeledByUserId":6821,"acceptedByUserId":null,"rejectedByUserId":null,"layer":0,"counter":0,"status":"ACCEPTED","hashCode":"SPAN:SJEkdao76hjwbb6Fh5SY6:0:4:0:36:0:4:0:37:9:0:undefined:undefined","labelName":"SJEkdao76hjwbb6Fh5SY6","labelItem":{"id":"SJEkdao76hjwbb6Fh5SY6","labelName":"Job Title"},"textPosition":{"start":{"row":4,"column":0,"tokenIndex":36,"charIndex":0},"end":{"row":4,"column":0,"tokenIndex":37,"charIndex":9}},"confidenceScore":null},{"id":"1663423722","labeledBy":"LABELER","labeledByUserId":6821,"acceptedByUserId":null,"rejectedByUserId":null,"layer":0,"counter":0,"status":"ACCEPTED","hashCode":"SPAN:52S_6moRfhjC-yXgIBeCp:0:4:0:38:0:4:0:40:6:0:undefined:undefined","labelName":"52S_6moRfhjC-yXgIBeCp","labelItem":{"id":"52S_6moRfhjC-yXgIBeCp","labelName":"Date"},"textPosition":{"start":{"row":4,"column":0,"tokenIndex":38,"charIndex":0},"end":{"row":4,"column":0,"tokenIndex":40,"charIndex":6}},"confidenceScore":null},{"id":"1663423725","labeledBy":"LABELER","labeledByUserId":6821,"acceptedByUserId":null,"rejectedByUserId":null,"layer":0,"counter":0,"status":"ACCEPTED","hashCode":"SPAN:SJEkdao76hjwbb6Fh5SY6:0:10:0:0:0:10:0:2:4:0:undefined:undefined","labelName":"SJEkdao76hjwbb6Fh5SY6","labelItem":{"id":"SJEkdao76hjwbb6Fh5SY6","labelName":"Job Title"},"textPosition":{"start":{"row":10,"column":0,"tokenIndex":0,"charIndex":0},"end":{"row":10,"column":0,"tokenIndex":2,"charIndex":4}},"confidenceScore":null},{"id":"1663423728","labeledBy":"LABELER","labeledByUserId":6821,"acceptedByUserId":null,"rejectedByUserId":null,"layer":0,"counter":0,"status":"ACCEPTED","hashCode":"SPAN:52S_6moRfhjC-yXgIBeCp:0:10:0:3:0:10:0:5:6:0:undefined:undefined","labelName":"52S_6moRfhjC-yXgIBeCp","labelItem":{"id":"52S_6moRfhjC-yXgIBeCp","labelName":"Date"},"textPosition":{"start":{"row":10,"column":0,"tokenIndex":3,"charIndex":0},"end":{"row":10,"column":0,"tokenIndex":5,"charIndex":6}},"confidenceScore":null},{"id":"1663423731","labeledBy":"LABELER","labeledByUserId":6821,"acceptedByUserId":null,"rejectedByUserId":null,"layer":0,"counter":0,"status":"ACCEPTED","hashCode":"SPAN:eS2knCRgLegeRw8bcmSWA:0:18:0:2:0:18:0:2:13:0:undefined:undefined","labelName":"eS2knCRgLegeRw8bcmSWA","labelItem":{"id":"eS2knCRgLegeRw8bcmSWA","labelName":"Skill"},"textPosition":{"start":{"row":18,"column":0,"tokenIndex":2,"charIndex":0},"end":{"row":18,"column":0,"tokenIndex":2,"charIndex":13}},"confidenceScore":null},{"id":"1663423734","labeledBy":"LABELER","labeledByUserId":6821,"acceptedByUserId":null,"rejectedByUserId":null,"layer":0,"counter":0,"status":"ACCEPTED","hashCode":"SPAN:eS2knCRgLegeRw8bcmSWA:0:18:0:3:0:18:0:4:6:0:undefined:undefined","labelName":"eS2knCRgLegeRw8bcmSWA","labelItem":{"id":"eS2knCRgLegeRw8bcmSWA","labelName":"Skill"},"textPosition":{"start":{"row":18,"column":0,"tokenIndex":3,"charIndex":0},"end":{"row":18,"column":0,"tokenIndex":4,"charIndex":6}},"confidenceScore":null},{"id":"1663423737","labeledBy":"LABELER","labeledByUserId":6821,"acceptedByUserId":null,"rejectedByUserId":null,"layer":0,"counter":0,"status":"ACCEPTED","hashCode":"SPAN:SJEkdao76hjwbb6Fh5SY6:0:26:0:0:0:26:0:1:8:0:undefined:undefined","labelName":"SJEkdao76hjwbb6Fh5SY6","labelItem":{"id":"SJEkdao76hjwbb6Fh5SY6","labelName":"Job Title"},"textPosition":{"start":{"row":26,"column":0,"tokenIndex":0,"charIndex":0},"end":{"row":26,"column":0,"tokenIndex":1,"charIndex":8}},"confidenceScore":null},{"id":"1663423740","labeledBy":"LABELER","labeledByUserId":6821,"acceptedByUserId":null,"rejectedByUserId":null,"layer":0,"counter":0,"status":"ACCEPTED","hashCode":"SPAN:52S_6moRfhjC-yXgIBeCp:0:26:0:2:0:26:0:4:6:0:undefined:undefined","labelName":"52S_6moRfhjC-yXgIBeCp","labelItem":{"id":"52S_6moRfhjC-yXgIBeCp","labelName":"Date"},"textPosition":{"start":{"row":26,"column":0,"tokenIndex":2,"charIndex":0},"end":{"row":26,"column":0,"tokenIndex":4,"charIndex":6}},"confidenceScore":null},{"id":"1663423743","labeledBy":"LABELER","labeledByUserId":6821,"acceptedByUserId":null,"rejectedByUserId":null,"layer":0,"counter":0,"status":"ACCEPTED","hashCode":"SPAN:eS2knCRgLegeRw8bcmSWA:0:26:0:14:0:26:0:15:7:0:undefined:undefined","labelName":"eS2knCRgLegeRw8bcmSWA","labelItem":{"id":"eS2knCRgLegeRw8bcmSWA","labelName":"Skill"},"textPosition":{"start":{"row":26,"column":0,"tokenIndex":14,"charIndex":0},"end":{"row":26,"column":0,"tokenIndex":15,"charIndex":7}},"confidenceScore":null},{"id":"1663423746","labeledBy":"LABELER","labeledByUserId":6821,"acceptedByUserId":null,"rejectedByUserId":null,"layer":0,"counter":0,"status":"ACCEPTED","hashCode":"SPAN:eS2knCRgLegeRw8bcmSWA:0:28:0:5:0:28:0:5:10:0:undefined:undefined","labelName":"eS2knCRgLegeRw8bcmSWA","labelItem":{"id":"eS2knCRgLegeRw8bcmSWA","labelName":"Skill"},"textPosition":{"start":{"row":28,"column":0,"tokenIndex":5,"charIndex":0},"end":{"row":28,"column":0,"tokenIndex":5,"charIndex":10}},"confidenceScore":null},{"id":"1663423749","labeledBy":"LABELER","labeledByUserId":6821,"acceptedByUserId":null,"rejectedByUserId":null,"layer":0,"counter":0,"status":"ACCEPTED","hashCode":"SPAN:SJEkdao76hjwbb6Fh5SY6:0:32:0:0:0:32:0:2:5:0:undefined:undefined","labelName":"SJEkdao76hjwbb6Fh5SY6","labelItem":{"id":"SJEkdao76hjwbb6Fh5SY6","labelName":"Job Title"},"textPosition":{"start":{"row":32,"column":0,"tokenIndex":0,"charIndex":0},"end":{"row":32,"column":0,"tokenIndex":2,"charIndex":5}},"confidenceScore":null},{"id":"1663423752","labeledBy":"LABELER","labeledByUserId":6821,"acceptedByUserId":null,"rejectedByUserId":null,"layer":0,"counter":0,"status":"ACCEPTED","hashCode":"SPAN:52S_6moRfhjC-yXgIBeCp:0:32:0:3:0:32:0:5:6:0:undefined:undefined","labelName":"52S_6moRfhjC-yXgIBeCp","labelItem":{"id":"52S_6moRfhjC-yXgIBeCp","labelName":"Date"},"textPosition":{"start":{"row":32,"column":0,"tokenIndex":3,"charIndex":0},"end":{"row":32,"column":0,"tokenIndex":5,"charIndex":6}},"confidenceScore":null},{"id":"1663423755","labeledBy":"LABELER","labeledByUserId":6821,"acceptedByUserId":null,"rejectedByUserId":null,"layer":0,"counter":0,"status":"ACCEPTED","hashCode":"SPAN:SJEkdao76hjwbb6Fh5SY6:0:38:0:0:0:38:0:1:8:0:undefined:undefined","labelName":"SJEkdao76hjwbb6Fh5SY6","labelItem":{"id":"SJEkdao76hjwbb6Fh5SY6","labelName":"Job Title"},"textPosition":{"start":{"row":38,"column":0,"tokenIndex":0,"charIndex":0},"end":{"row":38,"column":0,"tokenIndex":1,"charIndex":8}},"confidenceScore":null},{"id":"1663423758","labeledBy":"LABELER","labeledByUserId":6821,"acceptedByUserId":null,"rejectedByUserId":null,"layer":0,"counter":0,"status":"ACCEPTED","hashCode":"SPAN:52S_6moRfhjC-yXgIBeCp:0:38:0:2:0:38:0:4:6:0:undefined:undefined","labelName":"52S_6moRfhjC-yXgIBeCp","labelItem":{"id":"52S_6moRfhjC-yXgIBeCp","labelName":"Date"},"textPosition":{"start":{"row":38,"column":0,"tokenIndex":2,"charIndex":0},"end":{"row":38,"column":0,"tokenIndex":4,"charIndex":6}},"confidenceScore":null},{"id":"1663423761","labeledBy":"LABELER","labeledByUserId":6821,"acceptedByUserId":null,"rejectedByUserId":null,"layer":0,"counter":0,"status":"ACCEPTED","hashCode":"SPAN:IeEoIKabMl51BJE0gX2YL:0:44:0:3:0:44:0:5:6:0:undefined:undefined","labelName":"IeEoIKabMl51BJE0gX2YL","labelItem":{"id":"IeEoIKabMl51BJE0gX2YL","labelName":"Degree"},"textPosition":{"start":{"row":44,"column":0,"tokenIndex":3,"charIndex":0},"end":{"row":44,"column":0,"tokenIndex":5,"charIndex":6}},"confidenceScore":null},{"id":"1663423764","labeledBy":"LABELER","labeledByUserId":6821,"acceptedByUserId":null,"rejectedByUserId":null,"layer":0,"counter":0,"status":"ACCEPTED","hashCode":"SPAN:BjO8MdvK2KI4E5iMEeY4B:0:44:0:6:0:44:0:6:3:0:undefined:undefined","labelName":"BjO8MdvK2KI4E5iMEeY4B","labelItem":{"id":"BjO8MdvK2KI4E5iMEeY4B","labelName":"Graduation Year"},"textPosition":{"start":{"row":44,"column":0,"tokenIndex":6,"charIndex":0},"end":{"row":44,"column":0,"tokenIndex":6,"charIndex":3}},"confidenceScore":null},{"id":"1663423767","labeledBy":"LABELER","labeledByUserId":6821,"acceptedByUserId":null,"rejectedByUserId":null,"layer":0,"counter":0,"status":"ACCEPTED","hashCode":"SPAN:IeEoIKabMl51BJE0gX2YL:0:44:0:11:0:44:0:12:13:0:undefined:undefined","labelName":"IeEoIKabMl51BJE0gX2YL","labelItem":{"id":"IeEoIKabMl51BJE0gX2YL","labelName":"Degree"},"textPosition":{"start":{"row":44,"column":0,"tokenIndex":11,"charIndex":0},"end":{"row":44,"column":0,"tokenIndex":12,"charIndex":13}},"confidenceScore":null},{"id":"1663423770","labeledBy":"LABELER","labeledByUserId":6821,"acceptedByUserId":null,"rejectedByUserId":null,"layer":0,"counter":0,"status":"ACCEPTED","hashCode":"SPAN:BjO8MdvK2KI4E5iMEeY4B:0:44:0:13:0:44:0:13:3:0:undefined:undefined","labelName":"BjO8MdvK2KI4E5iMEeY4B","labelItem":{"id":"BjO8MdvK2KI4E5iMEeY4B","labelName":"Graduation Year"},"textPosition":{"start":{"row":44,"column":0,"tokenIndex":13,"charIndex":0},"end":{"row":44,"column":0,"tokenIndex":13,"charIndex":3}},"confidenceScore":null},{"id":"1663423773","labeledBy":"LABELER","labeledByUserId":6821,"acceptedByUserId":null,"rejectedByUserId":null,"layer":0,"counter":0,"status":"ACCEPTED","hashCode":"SPAN:Kj5U6n9NUqTXuWcB3c_7L:0:44:0:14:0:44:0:15:9:0:undefined:undefined","labelName":"Kj5U6n9NUqTXuWcB3c_7L","labelItem":{"id":"Kj5U6n9NUqTXuWcB3c_7L","labelName":"College"},"textPosition":{"start":{"row":44,"column":0,"tokenIndex":14,"charIndex":0},"end":{"row":44,"column":0,"tokenIndex":15,"charIndex":9}},"confidenceScore":null},{"id":"1663423791","labeledBy":"LABELER","labeledByUserId":6821,"acceptedByUserId":null,"rejectedByUserId":null,"layer":0,"counter":0,"status":"ACCEPTED","hashCode":"SPAN:52S_6moRfhjC-yXgIBeCp:0:50:0:6:0:50:0:7:3:0:undefined:undefined","labelName":"52S_6moRfhjC-yXgIBeCp","labelItem":{"id":"52S_6moRfhjC-yXgIBeCp","labelName":"Date"},"textPosition":{"start":{"row":50,"column":0,"tokenIndex":6,"charIndex":0},"end":{"row":50,"column":0,"tokenIndex":7,"charIndex":3}},"confidenceScore":null},{"id":"1663423776","labeledBy":"LABELER","labeledByUserId":6821,"acceptedByUserId":null,"rejectedByUserId":null,"layer":0,"counter":0,"status":"ACCEPTED","hashCode":"SPAN:eS2knCRgLegeRw8bcmSWA:0:50:0:9:0:50:0:10:10:0:undefined:undefined","labelName":"eS2knCRgLegeRw8bcmSWA","labelItem":{"id":"eS2knCRgLegeRw8bcmSWA","labelName":"Skill"},"textPosition":{"start":{"row":50,"column":0,"tokenIndex":9,"charIndex":0},"end":{"row":50,"column":0,"tokenIndex":10,"charIndex":10}},"confidenceScore":null},{"id":"1663423779","labeledBy":"LABELER","labeledByUserId":6821,"acceptedByUserId":null,"rejectedByUserId":null,"layer":0,"counter":0,"status":"ACCEPTED","hashCode":"SPAN:eS2knCRgLegeRw8bcmSWA:0:50:0:11:0:50:0:12:7:0:undefined:undefined","labelName":"eS2knCRgLegeRw8bcmSWA","labelItem":{"id":"eS2knCRgLegeRw8bcmSWA","labelName":"Skill"},"textPosition":{"start":{"row":50,"column":0,"tokenIndex":11,"charIndex":0},"end":{"row":50,"column":0,"tokenIndex":12,"charIndex":7}},"confidenceScore":null},{"id":"1663423780","labeledBy":"LABELER","labeledByUserId":6821,"acceptedByUserId":null,"rejectedByUserId":null,"layer":0,"counter":0,"status":"ACCEPTED","hashCode":"SPAN:eS2knCRgLegeRw8bcmSWA:0:50:0:13:0:50:0:13:11:0:undefined:undefined","labelName":"eS2knCRgLegeRw8bcmSWA","labelItem":{"id":"eS2knCRgLegeRw8bcmSWA","labelName":"Skill"},"textPosition":{"start":{"row":50,"column":0,"tokenIndex":13,"charIndex":0},"end":{"row":50,"column":0,"tokenIndex":13,"charIndex":11}},"confidenceScore":null},{"id":"1663423783","labeledBy":"LABELER","labeledByUserId":6821,"acceptedByUserId":null,"rejectedByUserId":null,"layer":0,"counter":0,"status":"ACCEPTED","hashCode":"SPAN:eS2knCRgLegeRw8bcmSWA:0:50:0:14:0:50:0:14:3:0:undefined:undefined","labelName":"eS2knCRgLegeRw8bcmSWA","labelItem":{"id":"eS2knCRgLegeRw8bcmSWA","labelName":"Skill"},"textPosition":{"start":{"row":50,"column":0,"tokenIndex":14,"charIndex":0},"end":{"row":50,"column":0,"tokenIndex":14,"charIndex":3}},"confidenceScore":null},{"id":"1663423788","labeledBy":"LABELER","labeledByUserId":6821,"acceptedByUserId":null,"rejectedByUserId":null,"layer":0,"counter":0,"status":"ACCEPTED","hashCode":"SPAN:eS2knCRgLegeRw8bcmSWA:0:50:0:15:0:50:0:16:10:0:undefined:undefined","labelName":"eS2knCRgLegeRw8bcmSWA","labelItem":{"id":"eS2knCRgLegeRw8bcmSWA","labelName":"Skill"},"textPosition":{"start":{"row":50,"column":0,"tokenIndex":15,"charIndex":0},"end":{"row":50,"column":0,"tokenIndex":16,"charIndex":10}},"confidenceScore":null},{"id":"1663423794","labeledBy":"LABELER","labeledByUserId":6821,"acceptedByUserId":null,"rejectedByUserId":null,"layer":0,"counter":0,"status":"ACCEPTED","hashCode":"SPAN:eS2knCRgLegeRw8bcmSWA:0:50:0:17:0:50:0:18:6:0:undefined:undefined","labelName":"eS2knCRgLegeRw8bcmSWA","labelItem":{"id":"eS2knCRgLegeRw8bcmSWA","labelName":"Skill"},"textPosition":{"start":{"row":50,"column":0,"tokenIndex":17,"charIndex":0},"end":{"row":50,"column":0,"tokenIndex":18,"charIndex":6}},"confidenceScore":null},{"id":"1663423797","labeledBy":"LABELER","labeledByUserId":6821,"acceptedByUserId":null,"rejectedByUserId":null,"layer":0,"counter":0,"status":"ACCEPTED","hashCode":"SPAN:eS2knCRgLegeRw8bcmSWA:0:50:0:19:0:50:0:19:8:0:undefined:undefined","labelName":"eS2knCRgLegeRw8bcmSWA","labelItem":{"id":"eS2knCRgLegeRw8bcmSWA","labelName":"Skill"},"textPosition":{"start":{"row":50,"column":0,"tokenIndex":19,"charIndex":0},"end":{"row":50,"column":0,"tokenIndex":19,"charIndex":8}},"confidenceScore":null},{"id":"1663423800","labeledBy":"LABELER","labeledByUserId":6821,"acceptedByUserId":null,"rejectedByUserId":null,"layer":0,"counter":0,"status":"ACCEPTED","hashCode":"SPAN:eS2knCRgLegeRw8bcmSWA:0:50:0:20:0:50:0:20:7:0:undefined:undefined","labelName":"eS2knCRgLegeRw8bcmSWA","labelItem":{"id":"eS2knCRgLegeRw8bcmSWA","labelName":"Skill"},"textPosition":{"start":{"row":50,"column":0,"tokenIndex":20,"charIndex":0},"end":{"row":50,"column":0,"tokenIndex":20,"charIndex":7}},"confidenceScore":null},{"id":"1663423803","labeledBy":"LABELER","labeledByUserId":6821,"acceptedByUserId":null,"rejectedByUserId":null,"layer":0,"counter":0,"status":"ACCEPTED","hashCode":"SPAN:eS2knCRgLegeRw8bcmSWA:0:50:0:21:0:50:0:21:5:0:undefined:undefined","labelName":"eS2knCRgLegeRw8bcmSWA","labelItem":{"id":"eS2knCRgLegeRw8bcmSWA","labelName":"Skill"},"textPosition":{"start":{"row":50,"column":0,"tokenIndex":21,"charIndex":0},"end":{"row":50,"column":0,"tokenIndex":21,"charIndex":5}},"confidenceScore":null},{"id":"1663423806","labeledBy":"LABELER","labeledByUserId":6821,"acceptedByUserId":null,"rejectedByUserId":null,"layer":0,"counter":0,"status":"ACCEPTED","hashCode":"SPAN:eS2knCRgLegeRw8bcmSWA:0:50:0:22:0:50:0:22:6:0:undefined:undefined","labelName":"eS2knCRgLegeRw8bcmSWA","labelItem":{"id":"eS2knCRgLegeRw8bcmSWA","labelName":"Skill"},"textPosition":{"start":{"row":50,"column":0,"tokenIndex":22,"charIndex":0},"end":{"row":50,"column":0,"tokenIndex":22,"charIndex":6}},"confidenceScore":null},{"id":"1663423809","labeledBy":"LABELER","labeledByUserId":6821,"acceptedByUserId":null,"rejectedByUserId":null,"layer":0,"counter":0,"status":"ACCEPTED","hashCode":"SPAN:eS2knCRgLegeRw8bcmSWA:0:50:0:23:0:50:0:23:7:0:undefined:undefined","labelName":"eS2knCRgLegeRw8bcmSWA","labelItem":{"id":"eS2knCRgLegeRw8bcmSWA","labelName":"Skill"},"textPosition":{"start":{"row":50,"column":0,"tokenIndex":23,"charIndex":0},"end":{"row":50,"column":0,"tokenIndex":23,"charIndex":7}},"confidenceScore":null},{"id":"1663423812","labeledBy":"LABELER","labeledByUserId":6821,"acceptedByUserId":null,"rejectedByUserId":null,"layer":0,"counter":0,"status":"ACCEPTED","hashCode":"SPAN:eS2knCRgLegeRw8bcmSWA:0:50:0:24:0:50:0:25:12:0:undefined:undefined","labelName":"eS2knCRgLegeRw8bcmSWA","labelItem":{"id":"eS2knCRgLegeRw8bcmSWA","labelName":"Skill"},"textPosition":{"start":{"row":50,"column":0,"tokenIndex":24,"charIndex":0},"end":{"row":50,"column":0,"tokenIndex":25,"charIndex":12}},"confidenceScore":null},{"id":"1663423815","labeledBy":"LABELER","labeledByUserId":6821,"acceptedByUserId":null,"rejectedByUserId":null,"layer":0,"counter":0,"status":"ACCEPTED","hashCode":"SPAN:eS2knCRgLegeRw8bcmSWA:0:50:0:26:0:51:0:0:7:0:undefined:undefined","labelName":"eS2knCRgLegeRw8bcmSWA","labelItem":{"id":"eS2knCRgLegeRw8bcmSWA","labelName":"Skill"},"textPosition":{"start":{"row":50,"column":0,"tokenIndex":26,"charIndex":0},"end":{"row":51,"column":0,"tokenIndex":0,"charIndex":7}},"confidenceScore":null},{"id":"1663423818","labeledBy":"LABELER","labeledByUserId":6821,"acceptedByUserId":null,"rejectedByUserId":null,"layer":0,"counter":0,"status":"ACCEPTED","hashCode":"SPAN:eS2knCRgLegeRw8bcmSWA:0:51:0:1:0:51:0:2:7:0:undefined:undefined","labelName":"eS2knCRgLegeRw8bcmSWA","labelItem":{"id":"eS2knCRgLegeRw8bcmSWA","labelName":"Skill"},"textPosition":{"start":{"row":51,"column":0,"tokenIndex":1,"charIndex":0},"end":{"row":51,"column":0,"tokenIndex":2,"charIndex":7}},"confidenceScore":null},{"id":"1663423821","labeledBy":"LABELER","labeledByUserId":6821,"acceptedByUserId":null,"rejectedByUserId":null,"layer":0,"counter":0,"status":"ACCEPTED","hashCode":"SPAN:eS2knCRgLegeRw8bcmSWA:0:51:0:3:0:51:0:4:7:0:undefined:undefined","labelName":"eS2knCRgLegeRw8bcmSWA","labelItem":{"id":"eS2knCRgLegeRw8bcmSWA","labelName":"Skill"},"textPosition":{"start":{"row":51,"column":0,"tokenIndex":3,"charIndex":0},"end":{"row":51,"column":0,"tokenIndex":4,"charIndex":7}},"confidenceScore":null},{"id":"1663423822","labeledBy":"LABELER","labeledByUserId":6821,"acceptedByUserId":null,"rejectedByUserId":null,"layer":0,"counter":0,"status":"ACCEPTED","hashCode":"SPAN:eS2knCRgLegeRw8bcmSWA:0:51:0:5:0:51:0:5:9:0:undefined:undefined","labelName":"eS2knCRgLegeRw8bcmSWA","labelItem":{"id":"eS2knCRgLegeRw8bcmSWA","labelName":"Skill"},"textPosition":{"start":{"row":51,"column":0,"tokenIndex":5,"charIndex":0},"end":{"row":51,"column":0,"tokenIndex":5,"charIndex":9}},"confidenceScore":null},{"id":"1663423825","labeledBy":"LABELER","labeledByUserId":6821,"acceptedByUserId":null,"rejectedByUserId":null,"layer":0,"counter":0,"status":"ACCEPTED","hashCode":"SPAN:eS2knCRgLegeRw8bcmSWA:0:51:0:6:0:51:0:6:9:0:undefined:undefined","labelName":"eS2knCRgLegeRw8bcmSWA","labelItem":{"id":"eS2knCRgLegeRw8bcmSWA","labelName":"Skill"},"textPosition":{"start":{"row":51,"column":0,"tokenIndex":6,"charIndex":0},"end":{"row":51,"column":0,"tokenIndex":6,"charIndex":9}},"confidenceScore":null},{"id":"1663423828","labeledBy":"LABELER","labeledByUserId":6821,"acceptedByUserId":null,"rejectedByUserId":null,"layer":0,"counter":0,"status":"ACCEPTED","hashCode":"SPAN:eS2knCRgLegeRw8bcmSWA:0:51:0:7:0:51:0:7:6:0:undefined:undefined","labelName":"eS2knCRgLegeRw8bcmSWA","labelItem":{"id":"eS2knCRgLegeRw8bcmSWA","labelName":"Skill"},"textPosition":{"start":{"row":51,"column":0,"tokenIndex":7,"charIndex":0},"end":{"row":51,"column":0,"tokenIndex":7,"charIndex":6}},"confidenceScore":null},{"id":"1663423833","labeledBy":"LABELER","labeledByUserId":6821,"acceptedByUserId":null,"rejectedByUserId":null,"layer":0,"counter":0,"status":"ACCEPTED","hashCode":"SPAN:eS2knCRgLegeRw8bcmSWA:0:51:0:8:0:51:0:9:8:0:undefined:undefined","labelName":"eS2knCRgLegeRw8bcmSWA","labelItem":{"id":"eS2knCRgLegeRw8bcmSWA","labelName":"Skill"},"textPosition":{"start":{"row":51,"column":0,"tokenIndex":8,"charIndex":0},"end":{"row":51,"column":0,"tokenIndex":9,"charIndex":8}},"confidenceScore":null},{"id":"1663423836","labeledBy":"LABELER","labeledByUserId":6821,"acceptedByUserId":null,"rejectedByUserId":null,"layer":0,"counter":0,"status":"ACCEPTED","hashCode":"SPAN:eS2knCRgLegeRw8bcmSWA:0:51:0:10:0:51:0:10:3:0:undefined:undefined","labelName":"eS2knCRgLegeRw8bcmSWA","labelItem":{"id":"eS2knCRgLegeRw8bcmSWA","labelName":"Skill"},"textPosition":{"start":{"row":51,"column":0,"tokenIndex":10,"charIndex":0},"end":{"row":51,"column":0,"tokenIndex":10,"charIndex":3}},"confidenceScore":null},{"id":"1663423839","labeledBy":"LABELER","labeledByUserId":6821,"acceptedByUserId":null,"rejectedByUserId":null,"layer":0,"counter":0,"status":"ACCEPTED","hashCode":"SPAN:eS2knCRgLegeRw8bcmSWA:0:51:0:11:0:51:0:11:10:0:undefined:undefined","labelName":"eS2knCRgLegeRw8bcmSWA","labelItem":{"id":"eS2knCRgLegeRw8bcmSWA","labelName":"Skill"},"textPosition":{"start":{"row":51,"column":0,"tokenIndex":11,"charIndex":0},"end":{"row":51,"column":0,"tokenIndex":11,"charIndex":10}},"confidenceScore":null},{"id":"1663423842","labeledBy":"LABELER","labeledByUserId":6821,"acceptedByUserId":null,"rejectedByUserId":null,"layer":0,"counter":0,"status":"ACCEPTED","hashCode":"SPAN:eS2knCRgLegeRw8bcmSWA:0:51:0:12:0:51:0:13:10:0:undefined:undefined","labelName":"eS2knCRgLegeRw8bcmSWA","labelItem":{"id":"eS2knCRgLegeRw8bcmSWA","labelName":"Skill"},"textPosition":{"start":{"row":51,"column":0,"tokenIndex":12,"charIndex":0},"end":{"row":51,"column":0,"tokenIndex":13,"charIndex":10}},"confidenceScore":null},{"id":"1663423845","labeledBy":"LABELER","labeledByUserId":6821,"acceptedByUserId":null,"rejectedByUserId":null,"layer":0,"counter":0,"status":"ACCEPTED","hashCode":"SPAN:eS2knCRgLegeRw8bcmSWA:0:51:0:14:0:51:0:15:9:0:undefined:undefined","labelName":"eS2knCRgLegeRw8bcmSWA","labelItem":{"id":"eS2knCRgLegeRw8bcmSWA","labelName":"Skill"},"textPosition":{"start":{"row":51,"column":0,"tokenIndex":14,"charIndex":0},"end":{"row":51,"column":0,"tokenIndex":15,"charIndex":9}},"confidenceScore":null},{"id":"1663423848","labeledBy":"LABELER","labeledByUserId":6821,"acceptedByUserId":null,"rejectedByUserId":null,"layer":0,"counter":0,"status":"ACCEPTED","hashCode":"SPAN:eS2knCRgLegeRw8bcmSWA:0:51:0:16:0:51:0:19:8:0:undefined:undefined","labelName":"eS2knCRgLegeRw8bcmSWA","labelItem":{"id":"eS2knCRgLegeRw8bcmSWA","labelName":"Skill"},"textPosition":{"start":{"row":51,"column":0,"tokenIndex":16,"charIndex":0},"end":{"row":51,"column":0,"tokenIndex":19,"charIndex":8}},"confidenceScore":null},{"id":"1663423851","labeledBy":"LABELER","labeledByUserId":6821,"acceptedByUserId":null,"rejectedByUserId":null,"layer":0,"counter":0,"status":"ACCEPTED","hashCode":"SPAN:eS2knCRgLegeRw8bcmSWA:0:51:0:20:0:51:0:21:7:0:undefined:undefined","labelName":"eS2knCRgLegeRw8bcmSWA","labelItem":{"id":"eS2knCRgLegeRw8bcmSWA","labelName":"Skill"},"textPosition":{"start":{"row":51,"column":0,"tokenIndex":20,"charIndex":0},"end":{"row":51,"column":0,"tokenIndex":21,"charIndex":7}},"confidenceScore":null},{"id":"1663423854","labeledBy":"LABELER","labeledByUserId":6821,"acceptedByUserId":null,"rejectedByUserId":null,"layer":0,"counter":0,"status":"ACCEPTED","hashCode":"SPAN:eS2knCRgLegeRw8bcmSWA:0:51:0:22:0:51:0:23:5:0:undefined:undefined","labelName":"eS2knCRgLegeRw8bcmSWA","labelItem":{"id":"eS2knCRgLegeRw8bcmSWA","labelName":"Skill"},"textPosition":{"start":{"row":51,"column":0,"tokenIndex":22,"charIndex":0},"end":{"row":51,"column":0,"tokenIndex":23,"charIndex":5}},"confidenceScore":null},{"id":"1663423857","labeledBy":"LABELER","labeledByUserId":6821,"acceptedByUserId":null,"rejectedByUserId":null,"layer":0,"counter":0,"status":"ACCEPTED","hashCode":"SPAN:eS2knCRgLegeRw8bcmSWA:0:51:0:24:0:51:0:24:4:0:undefined:undefined","labelName":"eS2knCRgLegeRw8bcmSWA","labelItem":{"id":"eS2knCRgLegeRw8bcmSWA","labelName":"Skill"},"textPosition":{"start":{"row":51,"column":0,"tokenIndex":24,"charIndex":0},"end":{"row":51,"column":0,"tokenIndex":24,"charIndex":4}},"confidenceScore":null},{"id":"1663423860","labeledBy":"LABELER","labeledByUserId":6821,"acceptedByUserId":null,"rejectedByUserId":null,"layer":0,"counter":0,"status":"ACCEPTED","hashCode":"SPAN:eS2knCRgLegeRw8bcmSWA:0:51:0:25:0:51:0:26:6:0:undefined:undefined","labelName":"eS2knCRgLegeRw8bcmSWA","labelItem":{"id":"eS2knCRgLegeRw8bcmSWA","labelName":"Skill"},"textPosition":{"start":{"row":51,"column":0,"tokenIndex":25,"charIndex":0},"end":{"row":51,"column":0,"tokenIndex":26,"charIndex":6}},"confidenceScore":null},{"id":"1663423863","labeledBy":"LABELER","labeledByUserId":6821,"acceptedByUserId":null,"rejectedByUserId":null,"layer":0,"counter":0,"status":"ACCEPTED","hashCode":"SPAN:eS2knCRgLegeRw8bcmSWA:0:51:0:27:0:51:0:29:5:0:undefined:undefined","labelName":"eS2knCRgLegeRw8bcmSWA","labelItem":{"id":"eS2knCRgLegeRw8bcmSWA","labelName":"Skill"},"textPosition":{"start":{"row":51,"column":0,"tokenIndex":27,"charIndex":0},"end":{"row":51,"column":0,"tokenIndex":29,"charIndex":5}},"confidenceScore":null},{"id":"1663423866","labeledBy":"LABELER","labeledByUserId":6821,"acceptedByUserId":null,"rejectedByUserId":null,"layer":0,"counter":0,"status":"ACCEPTED","hashCode":"SPAN:eS2knCRgLegeRw8bcmSWA:0:51:0:30:0:51:0:30:7:0:undefined:undefined","labelName":"eS2knCRgLegeRw8bcmSWA","labelItem":{"id":"eS2knCRgLegeRw8bcmSWA","labelName":"Skill"},"textPosition":{"start":{"row":51,"column":0,"tokenIndex":30,"charIndex":0},"end":{"row":51,"column":0,"tokenIndex":30,"charIndex":7}},"confidenceScore":null},{"id":"1663423869","labeledBy":"LABELER","labeledByUserId":6821,"acceptedByUserId":null,"rejectedByUserId":null,"layer":0,"counter":0,"status":"ACCEPTED","hashCode":"SPAN:eS2knCRgLegeRw8bcmSWA:0:51:0:31:0:51:0:31:9:0:undefined:undefined","labelName":"eS2knCRgLegeRw8bcmSWA","labelItem":{"id":"eS2knCRgLegeRw8bcmSWA","labelName":"Skill"},"textPosition":{"start":{"row":51,"column":0,"tokenIndex":31,"charIndex":0},"end":{"row":51,"column":0,"tokenIndex":31,"charIndex":9}},"confidenceScore":null},{"id":"1663423872","labeledBy":"LABELER","labeledByUserId":6821,"acceptedByUserId":null,"rejectedByUserId":null,"layer":0,"counter":0,"status":"ACCEPTED","hashCode":"SPAN:eS2knCRgLegeRw8bcmSWA:0:51:0:32:0:51:0:32:3:0:undefined:undefined","labelName":"eS2knCRgLegeRw8bcmSWA","labelItem":{"id":"eS2knCRgLegeRw8bcmSWA","labelName":"Skill"},"textPosition":{"start":{"row":51,"column":0,"tokenIndex":32,"charIndex":0},"end":{"row":51,"column":0,"tokenIndex":32,"charIndex":3}},"confidenceScore":null},{"id":"1663423875","labeledBy":"LABELER","labeledByUserId":6821,"acceptedByUserId":null,"rejectedByUserId":null,"layer":0,"counter":0,"status":"ACCEPTED","hashCode":"SPAN:eS2knCRgLegeRw8bcmSWA:0:51:0:33:0:51:0:33:2:0:undefined:undefined","labelName":"eS2knCRgLegeRw8bcmSWA","labelItem":{"id":"eS2knCRgLegeRw8bcmSWA","labelName":"Skill"},"textPosition":{"start":{"row":51,"column":0,"tokenIndex":33,"charIndex":0},"end":{"row":51,"column":0,"tokenIndex":33,"charIndex":2}},"confidenceScore":null},{"id":"1663423878","labeledBy":"LABELER","labeledByUserId":6821,"acceptedByUserId":null,"rejectedByUserId":null,"layer":0,"counter":0,"status":"ACCEPTED","hashCode":"SPAN:eS2knCRgLegeRw8bcmSWA:0:51:0:34:0:51:0:35:9:0:undefined:undefined","labelName":"eS2knCRgLegeRw8bcmSWA","labelItem":{"id":"eS2knCRgLegeRw8bcmSWA","labelName":"Skill"},"textPosition":{"start":{"row":51,"column":0,"tokenIndex":34,"charIndex":0},"end":{"row":51,"column":0,"tokenIndex":35,"charIndex":9}},"confidenceScore":null},{"id":"1663423881","labeledBy":"LABELER","labeledByUserId":6821,"acceptedByUserId":null,"rejectedByUserId":null,"layer":0,"counter":0,"status":"ACCEPTED","hashCode":"SPAN:eS2knCRgLegeRw8bcmSWA:0:51:0:36:0:51:0:36:7:0:undefined:undefined","labelName":"eS2knCRgLegeRw8bcmSWA","labelItem":{"id":"eS2knCRgLegeRw8bcmSWA","labelName":"Skill"},"textPosition":{"start":{"row":51,"column":0,"tokenIndex":36,"charIndex":0},"end":{"row":51,"column":0,"tokenIndex":36,"charIndex":7}},"confidenceScore":null},{"id":"1663423884","labeledBy":"LABELER","labeledByUserId":6821,"acceptedByUserId":null,"rejectedByUserId":null,"layer":0,"counter":0,"status":"ACCEPTED","hashCode":"SPAN:eS2knCRgLegeRw8bcmSWA:0:51:0:37:0:51:0:38:9:0:undefined:undefined","labelName":"eS2knCRgLegeRw8bcmSWA","labelItem":{"id":"eS2knCRgLegeRw8bcmSWA","labelName":"Skill"},"textPosition":{"start":{"row":51,"column":0,"tokenIndex":37,"charIndex":0},"end":{"row":51,"column":0,"tokenIndex":38,"charIndex":9}},"confidenceScore":null},{"id":"1663423887","labeledBy":"LABELER","labeledByUserId":6821,"acceptedByUserId":null,"rejectedByUserId":null,"layer":0,"counter":0,"status":"ACCEPTED","hashCode":"SPAN:eS2knCRgLegeRw8bcmSWA:0:51:0:39:0:51:0:39:10:0:undefined:undefined","labelName":"eS2knCRgLegeRw8bcmSWA","labelItem":{"id":"eS2knCRgLegeRw8bcmSWA","labelName":"Skill"},"textPosition":{"start":{"row":51,"column":0,"tokenIndex":39,"charIndex":0},"end":{"row":51,"column":0,"tokenIndex":39,"charIndex":10}},"confidenceScore":null},{"id":"1663423890","labeledBy":"LABELER","labeledByUserId":6821,"acceptedByUserId":null,"rejectedByUserId":null,"layer":0,"counter":0,"status":"ACCEPTED","hashCode":"SPAN:eS2knCRgLegeRw8bcmSWA:0:51:0:40:0:51:0:40:6:0:undefined:undefined","labelName":"eS2knCRgLegeRw8bcmSWA","labelItem":{"id":"eS2knCRgLegeRw8bcmSWA","labelName":"Skill"},"textPosition":{"start":{"row":51,"column":0,"tokenIndex":40,"charIndex":0},"end":{"row":51,"column":0,"tokenIndex":40,"charIndex":6}},"confidenceScore":null},{"id":"1663423893","labeledBy":"LABELER","labeledByUserId":6821,"acceptedByUserId":null,"rejectedByUserId":null,"layer":0,"counter":0,"status":"ACCEPTED","hashCode":"SPAN:eS2knCRgLegeRw8bcmSWA:0:51:0:41:0:51:0:41:6:0:undefined:undefined","labelName":"eS2knCRgLegeRw8bcmSWA","labelItem":{"id":"eS2knCRgLegeRw8bcmSWA","labelName":"Skill"},"textPosition":{"start":{"row":51,"column":0,"tokenIndex":41,"charIndex":0},"end":{"row":51,"column":0,"tokenIndex":41,"charIndex":6}},"confidenceScore":null},{"id":"1663423896","labeledBy":"LABELER","labeledByUserId":6821,"acceptedByUserId":null,"rejectedByUserId":null,"layer":0,"counter":0,"status":"ACCEPTED","hashCode":"SPAN:eS2knCRgLegeRw8bcmSWA:0:51:0:42:0:51:0:42:5:0:undefined:undefined","labelName":"eS2knCRgLegeRw8bcmSWA","labelItem":{"id":"eS2knCRgLegeRw8bcmSWA","labelName":"Skill"},"textPosition":{"start":{"row":51,"column":0,"tokenIndex":42,"charIndex":0},"end":{"row":51,"column":0,"tokenIndex":42,"charIndex":5}},"confidenceScore":null},{"id":"1663423899","labeledBy":"LABELER","labeledByUserId":6821,"acceptedByUserId":null,"rejectedByUserId":null,"layer":0,"counter":0,"status":"ACCEPTED","hashCode":"SPAN:eS2knCRgLegeRw8bcmSWA:0:51:0:43:0:51:0:43:6:0:undefined:undefined","labelName":"eS2knCRgLegeRw8bcmSWA","labelItem":{"id":"eS2knCRgLegeRw8bcmSWA","labelName":"Skill"},"textPosition":{"start":{"row":51,"column":0,"tokenIndex":43,"charIndex":0},"end":{"row":51,"column":0,"tokenIndex":43,"charIndex":6}},"confidenceScore":null},{"id":"1663423902","labeledBy":"LABELER","labeledByUserId":6821,"acceptedByUserId":null,"rejectedByUserId":null,"layer":0,"counter":0,"status":"ACCEPTED","hashCode":"SPAN:eS2knCRgLegeRw8bcmSWA:0:51:0:44:0:51:0:44:8:0:undefined:undefined","labelName":"eS2knCRgLegeRw8bcmSWA","labelItem":{"id":"eS2knCRgLegeRw8bcmSWA","labelName":"Skill"},"textPosition":{"start":{"row":51,"column":0,"tokenIndex":44,"charIndex":0},"end":{"row":51,"column":0,"tokenIndex":44,"charIndex":8}},"confidenceScore":null},{"id":"1663423905","labeledBy":"LABELER","labeledByUserId":6821,"acceptedByUserId":null,"rejectedByUserId":null,"layer":0,"counter":0,"status":"ACCEPTED","hashCode":"SPAN:eS2knCRgLegeRw8bcmSWA:0:51:0:45:0:51:0:45:11:0:undefined:undefined","labelName":"eS2knCRgLegeRw8bcmSWA","labelItem":{"id":"eS2knCRgLegeRw8bcmSWA","labelName":"Skill"},"textPosition":{"start":{"row":51,"column":0,"tokenIndex":45,"charIndex":0},"end":{"row":51,"column":0,"tokenIndex":45,"charIndex":11}},"confidenceScore":null},{"id":"1663423908","labeledBy":"LABELER","labeledByUserId":6821,"acceptedByUserId":null,"rejectedByUserId":null,"layer":0,"counter":0,"status":"ACCEPTED","hashCode":"SPAN:eS2knCRgLegeRw8bcmSWA:0:51:0:46:0:51:0:46:9:0:undefined:undefined","labelName":"eS2knCRgLegeRw8bcmSWA","labelItem":{"id":"eS2knCRgLegeRw8bcmSWA","labelName":"Skill"},"textPosition":{"start":{"row":51,"column":0,"tokenIndex":46,"charIndex":0},"end":{"row":51,"column":0,"tokenIndex":46,"charIndex":9}},"confidenceScore":null}],"arrowLabels":[],"boundingBoxLabels":[],"timeLabels":[],"comments":[],"url":"datasaur://static/6814/f84b4dde-c4c9-48bf-9805-fd92103d4e62.txt"}}
