{"version":"1","data":{"project":{"id":"ODBjYmQ2MDg","name":"NLP SSM Final Project"},"document":{"id":"5341870d-55d7-469c-9f8e-68e820d5a34d","name":"resume_2113_d1.txt"},"kinds":["TOKEN_BASED"],"rows":[[{"content":"SENIOR FOOD DEFENSE ANALYST Summary Experience as public relations professional, strategist, analyst, and publicist.","tokens":["SENIOR","FOOD","DEFENSE","ANALYST","Summary","Experience","as","public","relations","professional,","strategist,","analyst,","and","publicist."],"metadata":[]}],[{"content":"Strong influencing skills to achieve positive outcomes in a wide variety of areas.","tokens":["Strong","influencing","skills","to","achieve","positive","outcomes","in","a","wide","variety","of","areas."],"metadata":[]}],[{"content":"Creative and strategic thinker to develop results-driven programs.","tokens":["Creative","and","strategic","thinker","to","develop","results-driven","programs."],"metadata":[]}],[{"content":"Excellent organizational skills and able to adapt to multiple assignments and deadlines in a frequently-changing environment.","tokens":["Excellent","organizational","skills","and","able","to","adapt","to","multiple","assignments","and","deadlines","in","a","frequently-changing","environment."],"metadata":[]}],[{"content":"Effective ability to develop and maintain extensive network of contacts.","tokens":["Effective","ability","to","develop","and","maintain","extensive","network","of","contacts."],"metadata":[]}],[{"content":"Significant experience generating, implementing, and managing strategic programs and promotional outreach.","tokens":["Significant","experience","generating,","implementing,","and","managing","strategic","programs","and","promotional","outreach."],"metadata":[]}],[{"content":"Excellent written, verbal, and interpersonal communication skills with strong attention to detail.","tokens":["Excellent","written,","verbal,","and","interpersonal","communication","skills","with","strong","attention","to","detail."],"metadata":[]}],[{"content":"Capability to work independently and with a variety of partners to achieve goals.","tokens":["Capability","to","work","independently","and","with","a","variety","of","partners","to","achieve","goals."],"metadata":[]}],[{"content":"Highlights Extensive experience conducting public relation activities to promote effective communications with the media and stakeholders.","tokens":["Highlights","Extensive","experience","conducting","public","relation","activities","to","promote","effective","communications","with","the","media","and","stakeholders."],"metadata":[]}],[{"content":"Developed strategic outreach plans for significant programs to include public speaking opportunities, media articles, guidance materials, distribution, talking points, and presentations.","tokens":["Developed","strategic","outreach","plans","for","significant","programs","to","include","public","speaking","opportunities,","media","articles,","guidance","materials,","distribution,","talking","points,","and","presentations."],"metadata":[]}],[{"content":"Project Manager for numerous initiatives to include assessments conducted on food commodity systems.","tokens":["Project","Manager","for","numerous","initiatives","to","include","assessments","conducted","on","food","commodity","systems."],"metadata":[]}],[{"content":"Perform oversight and leadership of the process and review of written reports to assure that they meet the operational goals and objectives of the assessment.","tokens":["Perform","oversight","and","leadership","of","the","process","and","review","of","written","reports","to","assure","that","they","meet","the","operational","goals","and","objectives","of","the","assessment."],"metadata":[]}],[{"content":"Utilize outcomes to develop and execute mitigation strategies and outreach and training initiatives by building a collaborative environment with appropriate stakeholders.","tokens":["Utilize","outcomes","to","develop","and","execute","mitigation","strategies","and","outreach","and","training","initiatives","by","building","a","collaborative","environment","with","appropriate","stakeholders."],"metadata":[]}],[{"content":"Served as USDA Detailee to the Federal Bureau of Investigation Weapons of Mass Destruction Directorate's Infrastructure Countermeasures Unit as a Subject Matter Expert (SME) providing direction, guidance, and technical assistance on food defense issues.","tokens":["Served","as","USDA","Detailee","to","the","Federal","Bureau","of","Investigation","Weapons","of","Mass","Destruction","Directorate's","Infrastructure","Countermeasures","Unit","as","a","Subject","Matter","Expert","(SME)","providing","direction,","guidance,","and","technical","assistance","on","food","defense","issues."],"metadata":[]}],[{"content":"Initiated and implemented mitigation strategies and outreach activities for multiple stakeholders, domestic and international, that benefit both agencies' missions.","tokens":["Initiated","and","implemented","mitigation","strategies","and","outreach","activities","for","multiple","stakeholders,","domestic","and","international,","that","benefit","both","agencies'","missions."],"metadata":[]}],[{"content":"Accomplishments Serve as the Agency lead on an interagency team designing and conducting a global food defense outreach initiative to promote awareness and implementation of food defense measures by providing technical assistance to foreign governments, academia, and industry.","tokens":["Accomplishments","Serve","as","the","Agency","lead","on","an","interagency","team","designing","and","conducting","a","global","food","defense","outreach","initiative","to","promote","awareness","and","implementation","of","food","defense","measures","by","providing","technical","assistance","to","foreign","governments,","academia,","and","industry."],"metadata":[]}],[{"content":"This initiative has been highly successful in building capacity and sustainability at country and regional levels around the world.","tokens":["This","initiative","has","been","highly","successful","in","building","capacity","and","sustainability","at","country","and","regional","levels","around","the","world."],"metadata":[]}],[{"content":"In environment of budgetary cuts, initiated and successfully proposed and acquired $230,000 in funding for major international initiative, which had not been accomplished previously.","tokens":["In","environment","of","budgetary","cuts,","initiated","and","successfully","proposed","and","acquired","$230,000","in","funding","for","major","international","initiative,","which","had","not","been","accomplished","previously."],"metadata":[]}],[{"content":"Received a prestigious team award from the Food and Drug Administration for work on this initiative.","tokens":["Received","a","prestigious","team","award","from","the","Food","and","Drug","Administration","for","work","on","this","initiative."],"metadata":[]}],[{"content":"Experience Senior Food Defense Analyst Dec 2003 to Current Company Name － City , State Serve as Subject Matter Expert and Detailee to the Federal Bureau of Investigation (FBI) for initiation and implementation of outreach activities for supporting countermeasures to prevent intentional contamination of the food supply.","tokens":["Experience","Senior","Food","Defense","Analyst","Dec","2003","to","Current","Company","Name","－","City",",","State","Serve","as","Subject","Matter","Expert","and","Detailee","to","the","Federal","Bureau","of","Investigation","(FBI)","for","initiation","and","implementation","of","outreach","activities","for","supporting","countermeasures","to","prevent","intentional","contamination","of","the","food","supply."],"metadata":[]}],[{"content":"Agency lead on an interagency team responsible for designing and conducting training and outreach to foreign governments, academia, and industry.","tokens":["Agency","lead","on","an","interagency","team","responsible","for","designing","and","conducting","training","and","outreach","to","foreign","governments,","academia,","and","industry."],"metadata":[]}],[{"content":"Acted as communications liaison for internal teams.","tokens":["Acted","as","communications","liaison","for","internal","teams."],"metadata":[]}],[{"content":"Successfully initiated integration of the FBI as a partner resulting in law enforcement elements and funding added to initiative.","tokens":["Successfully","initiated","integration","of","the","FBI","as","a","partner","resulting","in","law","enforcement","elements","and","funding","added","to","initiative."],"metadata":[]}],[{"content":"With increased budget constraints by all federal agencies, manage and coordinate the effort to promote international outreach Established long-range objectives and developed innovative strategies to help achieve them to attract additional federal agencies as partners for future support and funding.","tokens":["With","increased","budget","constraints","by","all","federal","agencies,","manage","and","coordinate","the","effort","to","promote","international","outreach","Established","long-range","objectives","and","developed","innovative","strategies","to","help","achieve","them","to","attract","additional","federal","agencies","as","partners","for","future","support","and","funding."],"metadata":[]}],[{"content":"Developed the strategy, proposal, and supporting materials, to include proposed budgets.","tokens":["Developed","the","strategy,","proposal,","and","supporting","materials,","to","include","proposed","budgets."],"metadata":[]}],[{"content":"A leading expert on policies and strategies to address global supply chain vulnerabilities.","tokens":["A","leading","expert","on","policies","and","strategies","to","address","global","supply","chain","vulnerabilities."],"metadata":[]}],[{"content":"Influenced senior leadership resulting in significant funding for major international initiative Established long-range objectives and developed innovative strategies to help achieve them..","tokens":["Influenced","senior","leadership","resulting","in","significant","funding","for","major","international","initiative","Established","long-range","objectives","and","developed","innovative","strategies","to","help","achieve","them.."],"metadata":[]}],[{"content":"Routinely conduct senior level briefings to intelligence and law enforcement, foreign, academic, and industry officials; and congressional staff.","tokens":["Routinely","conduct","senior","level","briefings","to","intelligence","and","law","enforcement,","foreign,","academic,","and","industry","officials;","and","congressional","staff."],"metadata":[]}],[{"content":"Managed the editorial content, design and distribution of the external agency newsletter.","tokens":["Managed","the","editorial","content,","design","and","distribution","of","the","external","agency","newsletter."],"metadata":[]}],[{"content":"Cultivated positive relationships with stakeholders through public relations campaigns.","tokens":["Cultivated","positive","relationships","with","stakeholders","through","public","relations","campaigns."],"metadata":[]}],[{"content":"Develop outreach materials for various audiences, training, public speaking engagements, media coverage, and distribution mechanisms.","tokens":["Develop","outreach","materials","for","various","audiences,","training,","public","speaking","engagements,","media","coverage,","and","distribution","mechanisms."],"metadata":[]}],[{"content":"Research and author reports, articles, issue papers, and talking points for senior officials, and respond to congressional and White House inquiries.","tokens":["Research","and","author","reports,","articles,","issue","papers,","and","talking","points","for","senior","officials,","and","respond","to","congressional","and","White","House","inquiries."],"metadata":[]}],[{"content":"Demonstrate advanced interpersonal skills by leading intra- and interagency work groups to build partnerships to develop, coordinate, and implement initiatives.","tokens":["Demonstrate","advanced","interpersonal","skills","by","leading","intra-","and","interagency","work","groups","to","build","partnerships","to","develop,","coordinate,","and","implement","initiatives."],"metadata":[]}],[{"content":"Analyze information from a variety of sources to advise senior agency leadership on short-term and long-range strategic planning and policy development.","tokens":["Analyze","information","from","a","variety","of","sources","to","advise","senior","agency","leadership","on","short-term","and","long-range","strategic","planning","and","policy","development."],"metadata":[]}],[{"content":"Serve as liaison to the intelligence and law enforcement communities, which have strengthened communication and coordination programs.","tokens":["Serve","as","liaison","to","the","intelligence","and","law","enforcement","communities,","which","have","strengthened","communication","and","coordination","programs."],"metadata":[]}],[{"content":"Project Manager on activities to develop and execute strategies, outreach, and training initiatives.","tokens":["Project","Manager","on","activities","to","develop","and","execute","strategies,","outreach,","and","training","initiatives."],"metadata":[]}],[{"content":"Created information sharing agreements with international partners to facilitate the mutual exchange of classified information and coordination of activities to leverage resources.","tokens":["Created","information","sharing","agreements","with","international","partners","to","facilitate","the","mutual","exchange","of","classified","information","and","coordination","of","activities","to","leverage","resources."],"metadata":[]}],[{"content":"Developed communications strategies and programs, including project time lines.","tokens":["Developed","communications","strategies","and","programs,","including","project","time","lines."],"metadata":[]}],[{"content":"Conferred with production, graphic design and web-design personnel to coordinate production of communications materials.","tokens":["Conferred","with","production,","graphic","design","and","web-design","personnel","to","coordinate","production","of","communications","materials."],"metadata":[]}],[{"content":"Public Affairs Specialist Jan 2000 to Nov 2003 Company Name － City , State Conducted public relation activities to promote effective communications with the media and constituent groups.","tokens":["Public","Affairs","Specialist","Jan","2000","to","Nov","2003","Company","Name","－","City",",","State","Conducted","public","relation","activities","to","promote","effective","communications","with","the","media","and","constituent","groups."],"metadata":[]}],[{"content":"Marianne L. Elbertson Page 2 Managed preparation and publication of weekly newsletter.","tokens":["Marianne","L.","Elbertson","Page","2","Managed","preparation","and","publication","of","weekly","newsletter."],"metadata":[]}],[{"content":"Served as Agency lead representative to develop emergency communication protocols with the USDA Office of Communications that is used by all agencies within the Department for communicating with the media in the event of a significant incident.","tokens":["Served","as","Agency","lead","representative","to","develop","emergency","communication","protocols","with","the","USDA","Office","of","Communications","that","is","used","by","all","agencies","within","the","Department","for","communicating","with","the","media","in","the","event","of","a","significant","incident."],"metadata":[]}],[{"content":"Coordinated and supported agency communication activities and constituent outreach campaigns.","tokens":["Coordinated","and","supported","agency","communication","activities","and","constituent","outreach","campaigns."],"metadata":[]}],[{"content":"Effectively responded to constituent and media inquiries.","tokens":["Effectively","responded","to","constituent","and","media","inquiries."],"metadata":[]}],[{"content":"Established and maintained effective working relationships with all involved stakeholders.","tokens":["Established","and","maintained","effective","working","relationships","with","all","involved","stakeholders."],"metadata":[]}],[{"content":"Supported various needs of organization to include speech writing, press releases, talking points, presentations, and responses to congressional inquiries.","tokens":["Supported","various","needs","of","organization","to","include","speech","writing,","press","releases,","talking","points,","presentations,","and","responses","to","congressional","inquiries."],"metadata":[]}],[{"content":"Government Relations Associate Jan 1995 to Dec 1999 Company Name － City , State Assisted Director and Manager of Regulatory Affairs in promoting and advancing company's interests in federal government issues.","tokens":["Government","Relations","Associate","Jan","1995","to","Dec","1999","Company","Name","－","City",",","State","Assisted","Director","and","Manager","of","Regulatory","Affairs","in","promoting","and","advancing","company's","interests","in","federal","government","issues."],"metadata":[]}],[{"content":"Worked with appropriate government officials to influence legislation and regulations for company's desired outcomes.","tokens":["Worked","with","appropriate","government","officials","to","influence","legislation","and","regulations","for","company's","desired","outcomes."],"metadata":[]}],[{"content":"Conducted analysis of potential legislation and regulations, and coordination of research projects to support company goals.","tokens":["Conducted","analysis","of","potential","legislation","and","regulations,","and","coordination","of","research","projects","to","support","company","goals."],"metadata":[]}],[{"content":"Public Affairs Specialist Jan 1990 to Apr 1994 Company Name － City , State Effectively responded to media inquiries.","tokens":["Public","Affairs","Specialist","Jan","1990","to","Apr","1994","Company","Name","－","City",",","State","Effectively","responded","to","media","inquiries."],"metadata":[]}],[{"content":"Researched and wrote complex talking points, issue papers, news releases, fact sheets, and reports.","tokens":["Researched","and","wrote","complex","talking","points,","issue","papers,","news","releases,","fact","sheets,","and","reports."],"metadata":[]}],[{"content":"Routinely interacted with member-company executives and representatives in support of organization mission and goals.","tokens":["Routinely","interacted","with","member-company","executives","and","representatives","in","support","of","organization","mission","and","goals."],"metadata":[]}],[{"content":"Assistant Publicist Aug 1987 to Mar 1989 Company Name － City , State Researched and pitched story ideas and tour publicity for a variety of clients.","tokens":["Assistant","Publicist","Aug","1987","to","Mar","1989","Company","Name","－","City",",","State","Researched","and","pitched","story","ideas","and","tour","publicity","for","a","variety","of","clients."],"metadata":[]}],[{"content":"Worked with management to identify trends and developments that might influence public relation decisions and strategies.","tokens":["Worked","with","management","to","identify","trends","and","developments","that","might","influence","public","relation","decisions","and","strategies."],"metadata":[]}],[{"content":"Drafted media relations materials to include pitch letters, press releases, media alerts, profiles, and press kit materials.","tokens":["Drafted","media","relations","materials","to","include","pitch","letters,","press","releases,","media","alerts,","profiles,","and","press","kit","materials."],"metadata":[]}],[{"content":"Interacted with clients regularly to refine strategic media plans.","tokens":["Interacted","with","clients","regularly","to","refine","strategic","media","plans."],"metadata":[]}],[{"content":"Organized and oversaw photo shoots, public appearances, promo shoots, features on television profile shows, and talk show appearances.","tokens":["Organized","and","oversaw","photo","shoots,","public","appearances,","promo","shoots,","features","on","television","profile","shows,","and","talk","show","appearances."],"metadata":[]}],[{"content":"Used knowledge of clients' media goals to identify appropriate media forum.","tokens":["Used","knowledge","of","clients'","media","goals","to","identify","appropriate","media","forum."],"metadata":[]}],[{"content":"Established and maintained cooperative relationships with various regional and national print and broadcast media to support desired coverage.","tokens":["Established","and","maintained","cooperative","relationships","with","various","regional","and","national","print","and","broadcast","media","to","support","desired","coverage."],"metadata":[]}],[{"content":"Administrative Assistant Jul 1986 to Aug 1987 Company Name － City , State Prepared documents for purchasers of packages of syndicated television shows owned by Universal.","tokens":["Administrative","Assistant","Jul","1986","to","Aug","1987","Company","Name","－","City",",","State","Prepared","documents","for","purchasers","of","packages","of","syndicated","television","shows","owned","by","Universal."],"metadata":[]}],[{"content":"Completed assignments on-time with high accuracy rate.","tokens":["Completed","assignments","on-time","with","high","accuracy","rate."],"metadata":[]}],[{"content":"Education Graduate Certificate , Washington Representatives Program 1994 George Washington University － City , State Bachelor of Arts , Radio/Television/Film Production 1986 University of Maryland － City , State Interests Member of the Daughters of the American Revolution Member of the Colonial Dames 17th Century Society Former President of the Mount Vernon Terrace Community Association Skills Self starter Effective strategic planning Strong leadership skills Excellent relationship building skills Resourceful and persistent Additional Information PROFESSIONAL TRAINING: Detailed list available upon request PROFESSIONAL AWARDS: (Detailed list available upon request) For Leadership and Persistent Effort to Negotiate and Implement a Cooperative Activity Agreement with Canada FDA Group Recognition Award for outstanding Leadership and Contributions toward Increasing Awareness of and Building Global Capacity for Food Defense through Outreach, Education, and Collaboration Exemplary Efforts in Securing a Joint Project Arrangement with the UK Food Standards Agency CIA Outstanding Contribution on Collection Issues of Critical Importance to National Security Developing the Framework for Intelligence Information Sharing for the FSIS Office of Food Defense Initiatives Fostering Collaboration with Intelligence Community including MOUs with CBP and TSA Administrator's Award for Excellence: Work on food security intelligence and communication initiatives","tokens":["Education","Graduate","Certificate",",","Washington","Representatives","Program","1994","George","Washington","University","－","City",",","State","Bachelor","of","Arts",",","Radio/Television/Film","Production","1986","University","of","Maryland","－","City",",","State","Interests","Member","of","the","Daughters","of","the","American","Revolution","Member","of","the","Colonial","Dames","17th","Century","Society","Former","President","of","the","Mount","Vernon","Terrace","Community","Association","Skills","Self","starter","Effective","strategic","planning","Strong","leadership","skills","Excellent","relationship","building","skills","Resourceful","and","persistent","Additional","Information","PROFESSIONAL","TRAINING:","Detailed","list","available","upon","request","PROFESSIONAL","AWARDS:","(Detailed","list","available","upon","request)","For","Leadership","and","Persistent","Effort","to","Negotiate","and","Implement","a","Cooperative","Activity","Agreement","with","Canada","FDA","Group","Recognition","Award","for","outstanding","Leadership","and","Contributions","toward","Increasing","Awareness","of","and","Building","Global","Capacity","for","Food","Defense","through","Outreach,","Education,","and","Collaboration","Exemplary","Efforts","in","Securing","a","Joint","Project","Arrangement","with","the","UK","Food","Standards","Agency","CIA","Outstanding","Contribution","on","Collection","Issues","of","Critical","Importance","to","National","Security","Developing","the","Framework","for","Intelligence","Information","Sharing","for","the","FSIS","Office","of","Food","Defense","Initiatives","Fostering","Collaboration","with","Intelligence","Community","including","MOUs","with","CBP","and","TSA","Administrator's","Award","for","Excellence:","Work","on","food","security","intelligence","and","communication","initiatives"],"metadata":[]}]],"labelerInfo":{"id":6821,"email":"tli94@jh.edu","displayName":"Thomas Li"},"labelSets":[{"name":"Resume Labels","index":0,"labelItems":[{"id":"Kj5U6n9NUqTXuWcB3c_7L","labelName":"College"},{"id":"rj7TW0-ymuRo6f_asXJab","labelName":"Company Name"},{"id":"SJEkdao76hjwbb6Fh5SY6","labelName":"Job Title"},{"id":"BjO8MdvK2KI4E5iMEeY4B","labelName":"Graduation Year"},{"id":"eS2knCRgLegeRw8bcmSWA","labelName":"Skill"},{"id":"IeEoIKabMl51BJE0gX2YL","labelName":"Degree"},{"id":"1R0C50AAwFbEp2O0WmRv6","labelName":"Location"},{"id":"zQcc4ygexJ_A3Gb0NeRTk","labelName":"Years of Experience"},{"id":"52S_6moRfhjC-yXgIBeCp","labelName":"Date"},{"id":"KiLarWmwlU1E3-FfdG6Qg","labelName":"Project"},{"id":"dyxKKTAxW1z5ifjPj42BI","labelName":"Name"}]}],"spanLabels":[{"id":"1663423911","labeledBy":"LABELER","labeledByUserId":6821,"acceptedByUserId":null,"rejectedByUserId":null,"layer":0,"counter":0,"status":"ACCEPTED","hashCode":"SPAN:SJEkdao76hjwbb6Fh5SY6:0:0:0:0:0:0:0:3:6:0:undefined:undefined","labelName":"SJEkdao76hjwbb6Fh5SY6","labelItem":{"id":"SJEkdao76hjwbb6Fh5SY6","labelName":"Job Title"},"textPosition":{"start":{"row":0,"column":0,"tokenIndex":0,"charIndex":0},"end":{"row":0,"column":0,"tokenIndex":3,"charIndex":6}},"confidenceScore":null},{"id":"1663423914","labeledBy":"LABELER","labeledByUserId":6821,"acceptedByUserId":null,"rejectedByUserId":null,"layer":0,"counter":0,"status":"ACCEPTED","hashCode":"SPAN:eS2knCRgLegeRw8bcmSWA:0:0:0:7:0:0:0:8:8:0:undefined:undefined","labelName":"eS2knCRgLegeRw8bcmSWA","labelItem":{"id":"eS2knCRgLegeRw8bcmSWA","labelName":"Skill"},"textPosition":{"start":{"row":0,"column":0,"tokenIndex":7,"charIndex":0},"end":{"row":0,"column":0,"tokenIndex":8,"charIndex":8}},"confidenceScore":null},{"id":"1663423917","labeledBy":"LABELER","labeledByUserId":6821,"acceptedByUserId":null,"rejectedByUserId":null,"layer":0,"counter":0,"status":"ACCEPTED","hashCode":"SPAN:eS2knCRgLegeRw8bcmSWA:0:0:0:10:0:0:0:10:10:0:undefined:undefined","labelName":"eS2knCRgLegeRw8bcmSWA","labelItem":{"id":"eS2knCRgLegeRw8bcmSWA","labelName":"Skill"},"textPosition":{"start":{"row":0,"column":0,"tokenIndex":10,"charIndex":0},"end":{"row":0,"column":0,"tokenIndex":10,"charIndex":10}},"confidenceScore":null},{"id":"1663423920","labeledBy":"LABELER","labeledByUserId":6821,"acceptedByUserId":null,"rejectedByUserId":null,"layer":0,"counter":0,"status":"ACCEPTED","hashCode":"SPAN:eS2knCRgLegeRw8bcmSWA:0:0:0:11:0:0:0:11:7:0:undefined:undefined","labelName":"eS2knCRgLegeRw8bcmSWA","labelItem":{"id":"eS2knCRgLegeRw8bcmSWA","labelName":"Skill"},"textPosition":{"start":{"row":0,"column":0,"tokenIndex":11,"charIndex":0},"end":{"row":0,"column":0,"tokenIndex":11,"charIndex":7}},"confidenceScore":null},{"id":"1663423923","labeledBy":"LABELER","labeledByUserId":6821,"acceptedByUserId":null,"rejectedByUserId":null,"layer":0,"counter":0,"status":"ACCEPTED","hashCode":"SPAN:eS2knCRgLegeRw8bcmSWA:0:0:0:13:0:0:0:13:9:0:undefined:undefined","labelName":"eS2knCRgLegeRw8bcmSWA","labelItem":{"id":"eS2knCRgLegeRw8bcmSWA","labelName":"Skill"},"textPosition":{"start":{"row":0,"column":0,"tokenIndex":13,"charIndex":0},"end":{"row":0,"column":0,"tokenIndex":13,"charIndex":9}},"confidenceScore":null},{"id":"1663423926","labeledBy":"LABELER","labeledByUserId":6821,"acceptedByUserId":null,"rejectedByUserId":null,"layer":0,"counter":0,"status":"ACCEPTED","hashCode":"SPAN:eS2knCRgLegeRw8bcmSWA:0:1:0:0:0:1:0:1:10:0:undefined:undefined","labelName":"eS2knCRgLegeRw8bcmSWA","labelItem":{"id":"eS2knCRgLegeRw8bcmSWA","labelName":"Skill"},"textPosition":{"start":{"row":1,"column":0,"tokenIndex":0,"charIndex":0},"end":{"row":1,"column":0,"tokenIndex":1,"charIndex":10}},"confidenceScore":null},{"id":"1663423929","labeledBy":"LABELER","labeledByUserId":6821,"acceptedByUserId":null,"rejectedByUserId":null,"layer":0,"counter":0,"status":"ACCEPTED","hashCode":"SPAN:eS2knCRgLegeRw8bcmSWA:0:2:0:0:0:2:0:0:7:0:undefined:undefined","labelName":"eS2knCRgLegeRw8bcmSWA","labelItem":{"id":"eS2knCRgLegeRw8bcmSWA","labelName":"Skill"},"textPosition":{"start":{"row":2,"column":0,"tokenIndex":0,"charIndex":0},"end":{"row":2,"column":0,"tokenIndex":0,"charIndex":7}},"confidenceScore":null},{"id":"1663423932","labeledBy":"LABELER","labeledByUserId":6821,"acceptedByUserId":null,"rejectedByUserId":null,"layer":0,"counter":0,"status":"ACCEPTED","hashCode":"SPAN:eS2knCRgLegeRw8bcmSWA:0:2:0:2:0:2:0:3:6:0:undefined:undefined","labelName":"eS2knCRgLegeRw8bcmSWA","labelItem":{"id":"eS2knCRgLegeRw8bcmSWA","labelName":"Skill"},"textPosition":{"start":{"row":2,"column":0,"tokenIndex":2,"charIndex":0},"end":{"row":2,"column":0,"tokenIndex":3,"charIndex":6}},"confidenceScore":null},{"id":"1663423935","labeledBy":"LABELER","labeledByUserId":6821,"acceptedByUserId":null,"rejectedByUserId":null,"layer":0,"counter":0,"status":"ACCEPTED","hashCode":"SPAN:eS2knCRgLegeRw8bcmSWA:0:2:0:6:0:2:0:6:13:0:undefined:undefined","labelName":"eS2knCRgLegeRw8bcmSWA","labelItem":{"id":"eS2knCRgLegeRw8bcmSWA","labelName":"Skill"},"textPosition":{"start":{"row":2,"column":0,"tokenIndex":6,"charIndex":0},"end":{"row":2,"column":0,"tokenIndex":6,"charIndex":13}},"confidenceScore":null},{"id":"1663423938","labeledBy":"LABELER","labeledByUserId":6821,"acceptedByUserId":null,"rejectedByUserId":null,"layer":0,"counter":0,"status":"ACCEPTED","hashCode":"SPAN:eS2knCRgLegeRw8bcmSWA:0:3:0:1:0:3:0:1:13:0:undefined:undefined","labelName":"eS2knCRgLegeRw8bcmSWA","labelItem":{"id":"eS2knCRgLegeRw8bcmSWA","labelName":"Skill"},"textPosition":{"start":{"row":3,"column":0,"tokenIndex":1,"charIndex":0},"end":{"row":3,"column":0,"tokenIndex":1,"charIndex":13}},"confidenceScore":null},{"id":"1663423941","labeledBy":"LABELER","labeledByUserId":6821,"acceptedByUserId":null,"rejectedByUserId":null,"layer":0,"counter":0,"status":"ACCEPTED","hashCode":"SPAN:eS2knCRgLegeRw8bcmSWA:0:5:0:9:0:5:0:10:8:0:undefined:undefined","labelName":"eS2knCRgLegeRw8bcmSWA","labelItem":{"id":"eS2knCRgLegeRw8bcmSWA","labelName":"Skill"},"textPosition":{"start":{"row":5,"column":0,"tokenIndex":9,"charIndex":0},"end":{"row":5,"column":0,"tokenIndex":10,"charIndex":8}},"confidenceScore":null},{"id":"1663423944","labeledBy":"LABELER","labeledByUserId":6821,"acceptedByUserId":null,"rejectedByUserId":null,"layer":0,"counter":0,"status":"ACCEPTED","hashCode":"SPAN:eS2knCRgLegeRw8bcmSWA:0:6:0:1:0:6:0:1:7:0:undefined:undefined","labelName":"eS2knCRgLegeRw8bcmSWA","labelItem":{"id":"eS2knCRgLegeRw8bcmSWA","labelName":"Skill"},"textPosition":{"start":{"row":6,"column":0,"tokenIndex":1,"charIndex":0},"end":{"row":6,"column":0,"tokenIndex":1,"charIndex":7}},"confidenceScore":null},{"id":"1663423947","labeledBy":"LABELER","labeledByUserId":6821,"acceptedByUserId":null,"rejectedByUserId":null,"layer":0,"counter":0,"status":"ACCEPTED","hashCode":"SPAN:eS2knCRgLegeRw8bcmSWA:0:6:0:2:0:6:0:2:6:0:undefined:undefined","labelName":"eS2knCRgLegeRw8bcmSWA","labelItem":{"id":"eS2knCRgLegeRw8bcmSWA","labelName":"Skill"},"textPosition":{"start":{"row":6,"column":0,"tokenIndex":2,"charIndex":0},"end":{"row":6,"column":0,"tokenIndex":2,"charIndex":6}},"confidenceScore":null},{"id":"1663423950","labeledBy":"LABELER","labeledByUserId":6821,"acceptedByUserId":null,"rejectedByUserId":null,"layer":0,"counter":0,"status":"ACCEPTED","hashCode":"SPAN:eS2knCRgLegeRw8bcmSWA:0:6:0:4:0:6:0:4:12:0:undefined:undefined","labelName":"eS2knCRgLegeRw8bcmSWA","labelItem":{"id":"eS2knCRgLegeRw8bcmSWA","labelName":"Skill"},"textPosition":{"start":{"row":6,"column":0,"tokenIndex":4,"charIndex":0},"end":{"row":6,"column":0,"tokenIndex":4,"charIndex":12}},"confidenceScore":null},{"id":"1663423953","labeledBy":"LABELER","labeledByUserId":6821,"acceptedByUserId":null,"rejectedByUserId":null,"layer":0,"counter":0,"status":"ACCEPTED","hashCode":"SPAN:eS2knCRgLegeRw8bcmSWA:0:6:0:5:0:6:0:5:12:0:undefined:undefined","labelName":"eS2knCRgLegeRw8bcmSWA","labelItem":{"id":"eS2knCRgLegeRw8bcmSWA","labelName":"Skill"},"textPosition":{"start":{"row":6,"column":0,"tokenIndex":5,"charIndex":0},"end":{"row":6,"column":0,"tokenIndex":5,"charIndex":12}},"confidenceScore":null},{"id":"1663423956","labeledBy":"LABELER","labeledByUserId":6821,"acceptedByUserId":null,"rejectedByUserId":null,"layer":0,"counter":0,"status":"ACCEPTED","hashCode":"SPAN:eS2knCRgLegeRw8bcmSWA:0:6:0:9:0:6:0:11:6:0:undefined:undefined","labelName":"eS2knCRgLegeRw8bcmSWA","labelItem":{"id":"eS2knCRgLegeRw8bcmSWA","labelName":"Skill"},"textPosition":{"start":{"row":6,"column":0,"tokenIndex":9,"charIndex":0},"end":{"row":6,"column":0,"tokenIndex":11,"charIndex":6}},"confidenceScore":null},{"id":"1663423959","labeledBy":"LABELER","labeledByUserId":6821,"acceptedByUserId":null,"rejectedByUserId":null,"layer":0,"counter":0,"status":"ACCEPTED","hashCode":"SPAN:eS2knCRgLegeRw8bcmSWA:0:7:0:2:0:7:0:3:12:0:undefined:undefined","labelName":"eS2knCRgLegeRw8bcmSWA","labelItem":{"id":"eS2knCRgLegeRw8bcmSWA","labelName":"Skill"},"textPosition":{"start":{"row":7,"column":0,"tokenIndex":2,"charIndex":0},"end":{"row":7,"column":0,"tokenIndex":3,"charIndex":12}},"confidenceScore":null},{"id":"1663423962","labeledBy":"LABELER","labeledByUserId":6821,"acceptedByUserId":null,"rejectedByUserId":null,"layer":0,"counter":0,"status":"ACCEPTED","hashCode":"SPAN:eS2knCRgLegeRw8bcmSWA:0:8:0:4:0:8:0:5:7:0:undefined:undefined","labelName":"eS2knCRgLegeRw8bcmSWA","labelItem":{"id":"eS2knCRgLegeRw8bcmSWA","labelName":"Skill"},"textPosition":{"start":{"row":8,"column":0,"tokenIndex":4,"charIndex":0},"end":{"row":8,"column":0,"tokenIndex":5,"charIndex":7}},"confidenceScore":null},{"id":"1663423965","labeledBy":"LABELER","labeledByUserId":6821,"acceptedByUserId":null,"rejectedByUserId":null,"layer":0,"counter":0,"status":"ACCEPTED","hashCode":"SPAN:eS2knCRgLegeRw8bcmSWA:0:8:0:10:0:8:0:10:13:0:undefined:undefined","labelName":"eS2knCRgLegeRw8bcmSWA","labelItem":{"id":"eS2knCRgLegeRw8bcmSWA","labelName":"Skill"},"textPosition":{"start":{"row":8,"column":0,"tokenIndex":10,"charIndex":0},"end":{"row":8,"column":0,"tokenIndex":10,"charIndex":13}},"confidenceScore":null},{"id":"1663423968","labeledBy":"LABELER","labeledByUserId":6821,"acceptedByUserId":null,"rejectedByUserId":null,"layer":0,"counter":0,"status":"ACCEPTED","hashCode":"SPAN:SJEkdao76hjwbb6Fh5SY6:0:10:0:0:0:10:0:1:6:0:undefined:undefined","labelName":"SJEkdao76hjwbb6Fh5SY6","labelItem":{"id":"SJEkdao76hjwbb6Fh5SY6","labelName":"Job Title"},"textPosition":{"start":{"row":10,"column":0,"tokenIndex":0,"charIndex":0},"end":{"row":10,"column":0,"tokenIndex":1,"charIndex":6}},"confidenceScore":null},{"id":"1663423971","labeledBy":"LABELER","labeledByUserId":6821,"acceptedByUserId":null,"rejectedByUserId":null,"layer":0,"counter":0,"status":"ACCEPTED","hashCode":"SPAN:eS2knCRgLegeRw8bcmSWA:0:11:0:3:0:11:0:3:9:0:undefined:undefined","labelName":"eS2knCRgLegeRw8bcmSWA","labelItem":{"id":"eS2knCRgLegeRw8bcmSWA","labelName":"Skill"},"textPosition":{"start":{"row":11,"column":0,"tokenIndex":3,"charIndex":0},"end":{"row":11,"column":0,"tokenIndex":3,"charIndex":9}},"confidenceScore":null},{"id":"1663423974","labeledBy":"LABELER","labeledByUserId":6821,"acceptedByUserId":null,"rejectedByUserId":null,"layer":0,"counter":0,"status":"ACCEPTED","hashCode":"SPAN:SJEkdao76hjwbb6Fh5SY6:0:13:0:2:0:13:0:3:7:0:undefined:undefined","labelName":"SJEkdao76hjwbb6Fh5SY6","labelItem":{"id":"SJEkdao76hjwbb6Fh5SY6","labelName":"Job Title"},"textPosition":{"start":{"row":13,"column":0,"tokenIndex":2,"charIndex":0},"end":{"row":13,"column":0,"tokenIndex":3,"charIndex":7}},"confidenceScore":null},{"id":"1663423977","labeledBy":"LABELER","labeledByUserId":6821,"acceptedByUserId":null,"rejectedByUserId":null,"layer":0,"counter":0,"status":"ACCEPTED","hashCode":"SPAN:rj7TW0-ymuRo6f_asXJab:0:13:0:6:0:13:0:17:3:0:undefined:undefined","labelName":"rj7TW0-ymuRo6f_asXJab","labelItem":{"id":"rj7TW0-ymuRo6f_asXJab","labelName":"Company Name"},"textPosition":{"start":{"row":13,"column":0,"tokenIndex":6,"charIndex":0},"end":{"row":13,"column":0,"tokenIndex":17,"charIndex":3}},"confidenceScore":null},{"id":"1663423980","labeledBy":"LABELER","labeledByUserId":6821,"acceptedByUserId":null,"rejectedByUserId":null,"layer":0,"counter":0,"status":"ACCEPTED","hashCode":"SPAN:SJEkdao76hjwbb6Fh5SY6:0:13:0:20:0:13:0:22:5:0:undefined:undefined","labelName":"SJEkdao76hjwbb6Fh5SY6","labelItem":{"id":"SJEkdao76hjwbb6Fh5SY6","labelName":"Job Title"},"textPosition":{"start":{"row":13,"column":0,"tokenIndex":20,"charIndex":0},"end":{"row":13,"column":0,"tokenIndex":22,"charIndex":5}},"confidenceScore":null},{"id":"1663423983","labeledBy":"LABELER","labeledByUserId":6821,"acceptedByUserId":null,"rejectedByUserId":null,"layer":0,"counter":0,"status":"ACCEPTED","hashCode":"SPAN:eS2knCRgLegeRw8bcmSWA:0:13:0:31:0:13:0:32:6:0:undefined:undefined","labelName":"eS2knCRgLegeRw8bcmSWA","labelItem":{"id":"eS2knCRgLegeRw8bcmSWA","labelName":"Skill"},"textPosition":{"start":{"row":13,"column":0,"tokenIndex":31,"charIndex":0},"end":{"row":13,"column":0,"tokenIndex":32,"charIndex":6}},"confidenceScore":null},{"id":"1663423986","labeledBy":"LABELER","labeledByUserId":6821,"acceptedByUserId":null,"rejectedByUserId":null,"layer":0,"counter":0,"status":"ACCEPTED","hashCode":"SPAN:eS2knCRgLegeRw8bcmSWA:0:15:0:15:0:15:0:16:6:0:undefined:undefined","labelName":"eS2knCRgLegeRw8bcmSWA","labelItem":{"id":"eS2knCRgLegeRw8bcmSWA","labelName":"Skill"},"textPosition":{"start":{"row":15,"column":0,"tokenIndex":15,"charIndex":0},"end":{"row":15,"column":0,"tokenIndex":16,"charIndex":6}},"confidenceScore":null},{"id":"1663423989","labeledBy":"LABELER","labeledByUserId":6821,"acceptedByUserId":null,"rejectedByUserId":null,"layer":0,"counter":0,"status":"ACCEPTED","hashCode":"SPAN:SJEkdao76hjwbb6Fh5SY6:0:19:0:1:0:19:0:4:6:0:undefined:undefined","labelName":"SJEkdao76hjwbb6Fh5SY6","labelItem":{"id":"SJEkdao76hjwbb6Fh5SY6","labelName":"Job Title"},"textPosition":{"start":{"row":19,"column":0,"tokenIndex":1,"charIndex":0},"end":{"row":19,"column":0,"tokenIndex":4,"charIndex":6}},"confidenceScore":null},{"id":"1663423992","labeledBy":"LABELER","labeledByUserId":6821,"acceptedByUserId":null,"rejectedByUserId":null,"layer":0,"counter":0,"status":"ACCEPTED","hashCode":"SPAN:52S_6moRfhjC-yXgIBeCp:0:19:0:5:0:19:0:8:6:0:undefined:undefined","labelName":"52S_6moRfhjC-yXgIBeCp","labelItem":{"id":"52S_6moRfhjC-yXgIBeCp","labelName":"Date"},"textPosition":{"start":{"row":19,"column":0,"tokenIndex":5,"charIndex":0},"end":{"row":19,"column":0,"tokenIndex":8,"charIndex":6}},"confidenceScore":null},{"id":"1663423995","labeledBy":"LABELER","labeledByUserId":6821,"acceptedByUserId":null,"rejectedByUserId":null,"layer":0,"counter":0,"status":"ACCEPTED","hashCode":"SPAN:SJEkdao76hjwbb6Fh5SY6:0:19:0:17:0:19:0:21:7:0:undefined:undefined","labelName":"SJEkdao76hjwbb6Fh5SY6","labelItem":{"id":"SJEkdao76hjwbb6Fh5SY6","labelName":"Job Title"},"textPosition":{"start":{"row":19,"column":0,"tokenIndex":17,"charIndex":0},"end":{"row":19,"column":0,"tokenIndex":21,"charIndex":7}},"confidenceScore":null},{"id":"1663423998","labeledBy":"LABELER","labeledByUserId":6821,"acceptedByUserId":null,"rejectedByUserId":null,"layer":0,"counter":0,"status":"ACCEPTED","hashCode":"SPAN:rj7TW0-ymuRo6f_asXJab:0:19:0:23:0:19:0:27:12:0:undefined:undefined","labelName":"rj7TW0-ymuRo6f_asXJab","labelItem":{"id":"rj7TW0-ymuRo6f_asXJab","labelName":"Company Name"},"textPosition":{"start":{"row":19,"column":0,"tokenIndex":23,"charIndex":0},"end":{"row":19,"column":0,"tokenIndex":27,"charIndex":12}},"confidenceScore":null},{"id":"1663424004","labeledBy":"LABELER","labeledByUserId":6821,"acceptedByUserId":null,"rejectedByUserId":null,"layer":0,"counter":0,"status":"ACCEPTED","hashCode":"SPAN:eS2knCRgLegeRw8bcmSWA:0:30:0:6:0:30:0:6:8:0:undefined:undefined","labelName":"eS2knCRgLegeRw8bcmSWA","labelItem":{"id":"eS2knCRgLegeRw8bcmSWA","labelName":"Skill"},"textPosition":{"start":{"row":30,"column":0,"tokenIndex":6,"charIndex":0},"end":{"row":30,"column":0,"tokenIndex":6,"charIndex":8}},"confidenceScore":null},{"id":"1663424001","labeledBy":"LABELER","labeledByUserId":6821,"acceptedByUserId":null,"rejectedByUserId":null,"layer":0,"counter":0,"status":"ACCEPTED","hashCode":"SPAN:eS2knCRgLegeRw8bcmSWA:0:30:0:7:0:30:0:8:7:0:undefined:undefined","labelName":"eS2knCRgLegeRw8bcmSWA","labelItem":{"id":"eS2knCRgLegeRw8bcmSWA","labelName":"Skill"},"textPosition":{"start":{"row":30,"column":0,"tokenIndex":7,"charIndex":0},"end":{"row":30,"column":0,"tokenIndex":8,"charIndex":7}},"confidenceScore":null},{"id":"1663424007","labeledBy":"LABELER","labeledByUserId":6821,"acceptedByUserId":null,"rejectedByUserId":null,"layer":0,"counter":0,"status":"ACCEPTED","hashCode":"SPAN:eS2knCRgLegeRw8bcmSWA:0:31:0:0:0:31:0:0:7:0:undefined:undefined","labelName":"eS2knCRgLegeRw8bcmSWA","labelItem":{"id":"eS2knCRgLegeRw8bcmSWA","labelName":"Skill"},"textPosition":{"start":{"row":31,"column":0,"tokenIndex":0,"charIndex":0},"end":{"row":31,"column":0,"tokenIndex":0,"charIndex":7}},"confidenceScore":null},{"id":"1663424010","labeledBy":"LABELER","labeledByUserId":6821,"acceptedByUserId":null,"rejectedByUserId":null,"layer":0,"counter":0,"status":"ACCEPTED","hashCode":"SPAN:eS2knCRgLegeRw8bcmSWA:0:31:0:2:0:31:0:3:7:0:undefined:undefined","labelName":"eS2knCRgLegeRw8bcmSWA","labelItem":{"id":"eS2knCRgLegeRw8bcmSWA","labelName":"Skill"},"textPosition":{"start":{"row":31,"column":0,"tokenIndex":2,"charIndex":0},"end":{"row":31,"column":0,"tokenIndex":3,"charIndex":7}},"confidenceScore":null},{"id":"1663424013","labeledBy":"LABELER","labeledByUserId":6821,"acceptedByUserId":null,"rejectedByUserId":null,"layer":0,"counter":0,"status":"ACCEPTED","hashCode":"SPAN:eS2knCRgLegeRw8bcmSWA:0:32:0:2:0:32:0:3:5:0:undefined:undefined","labelName":"eS2knCRgLegeRw8bcmSWA","labelItem":{"id":"eS2knCRgLegeRw8bcmSWA","labelName":"Skill"},"textPosition":{"start":{"row":32,"column":0,"tokenIndex":2,"charIndex":0},"end":{"row":32,"column":0,"tokenIndex":3,"charIndex":5}},"confidenceScore":null},{"id":"1663424016","labeledBy":"LABELER","labeledByUserId":6821,"acceptedByUserId":null,"rejectedByUserId":null,"layer":0,"counter":0,"status":"ACCEPTED","hashCode":"SPAN:eS2knCRgLegeRw8bcmSWA:0:33:0:0:0:33:0:1:10:0:undefined:undefined","labelName":"eS2knCRgLegeRw8bcmSWA","labelItem":{"id":"eS2knCRgLegeRw8bcmSWA","labelName":"Skill"},"textPosition":{"start":{"row":33,"column":0,"tokenIndex":0,"charIndex":0},"end":{"row":33,"column":0,"tokenIndex":1,"charIndex":10}},"confidenceScore":null},{"id":"1663424019","labeledBy":"LABELER","labeledByUserId":6821,"acceptedByUserId":null,"rejectedByUserId":null,"layer":0,"counter":0,"status":"ACCEPTED","hashCode":"SPAN:eS2knCRgLegeRw8bcmSWA:0:33:0:16:0:33:0:17:7:0:undefined:undefined","labelName":"eS2knCRgLegeRw8bcmSWA","labelItem":{"id":"eS2knCRgLegeRw8bcmSWA","labelName":"Skill"},"textPosition":{"start":{"row":33,"column":0,"tokenIndex":16,"charIndex":0},"end":{"row":33,"column":0,"tokenIndex":17,"charIndex":7}},"confidenceScore":null},{"id":"1663424022","labeledBy":"LABELER","labeledByUserId":6821,"acceptedByUserId":null,"rejectedByUserId":null,"layer":0,"counter":0,"status":"ACCEPTED","hashCode":"SPAN:eS2knCRgLegeRw8bcmSWA:0:33:0:19:0:33:0:20:11:0:undefined:undefined","labelName":"eS2knCRgLegeRw8bcmSWA","labelItem":{"id":"eS2knCRgLegeRw8bcmSWA","labelName":"Skill"},"textPosition":{"start":{"row":33,"column":0,"tokenIndex":19,"charIndex":0},"end":{"row":33,"column":0,"tokenIndex":20,"charIndex":11}},"confidenceScore":null},{"id":"1663424025","labeledBy":"LABELER","labeledByUserId":6821,"acceptedByUserId":null,"rejectedByUserId":null,"layer":0,"counter":0,"status":"ACCEPTED","hashCode":"SPAN:SJEkdao76hjwbb6Fh5SY6:0:35:0:0:0:35:0:1:6:0:undefined:undefined","labelName":"SJEkdao76hjwbb6Fh5SY6","labelItem":{"id":"SJEkdao76hjwbb6Fh5SY6","labelName":"Job Title"},"textPosition":{"start":{"row":35,"column":0,"tokenIndex":0,"charIndex":0},"end":{"row":35,"column":0,"tokenIndex":1,"charIndex":6}},"confidenceScore":null},{"id":"1663424028","labeledBy":"LABELER","labeledByUserId":6821,"acceptedByUserId":null,"rejectedByUserId":null,"layer":0,"counter":0,"status":"ACCEPTED","hashCode":"SPAN:SJEkdao76hjwbb6Fh5SY6:0:39:0:0:0:39:0:2:9:0:undefined:undefined","labelName":"SJEkdao76hjwbb6Fh5SY6","labelItem":{"id":"SJEkdao76hjwbb6Fh5SY6","labelName":"Job Title"},"textPosition":{"start":{"row":39,"column":0,"tokenIndex":0,"charIndex":0},"end":{"row":39,"column":0,"tokenIndex":2,"charIndex":9}},"confidenceScore":null},{"id":"1663424031","labeledBy":"LABELER","labeledByUserId":6821,"acceptedByUserId":null,"rejectedByUserId":null,"layer":0,"counter":0,"status":"ACCEPTED","hashCode":"SPAN:52S_6moRfhjC-yXgIBeCp:0:39:0:3:0:39:0:7:3:0:undefined:undefined","labelName":"52S_6moRfhjC-yXgIBeCp","labelItem":{"id":"52S_6moRfhjC-yXgIBeCp","labelName":"Date"},"textPosition":{"start":{"row":39,"column":0,"tokenIndex":3,"charIndex":0},"end":{"row":39,"column":0,"tokenIndex":7,"charIndex":3}},"confidenceScore":null},{"id":"1663424034","labeledBy":"LABELER","labeledByUserId":6821,"acceptedByUserId":null,"rejectedByUserId":null,"layer":0,"counter":0,"status":"ACCEPTED","hashCode":"SPAN:SJEkdao76hjwbb6Fh5SY6:0:46:0:0:0:46:0:2:8:0:undefined:undefined","labelName":"SJEkdao76hjwbb6Fh5SY6","labelItem":{"id":"SJEkdao76hjwbb6Fh5SY6","labelName":"Job Title"},"textPosition":{"start":{"row":46,"column":0,"tokenIndex":0,"charIndex":0},"end":{"row":46,"column":0,"tokenIndex":2,"charIndex":8}},"confidenceScore":null},{"id":"1663424037","labeledBy":"LABELER","labeledByUserId":6821,"acceptedByUserId":null,"rejectedByUserId":null,"layer":0,"counter":0,"status":"ACCEPTED","hashCode":"SPAN:52S_6moRfhjC-yXgIBeCp:0:46:0:3:0:46:0:7:3:0:undefined:undefined","labelName":"52S_6moRfhjC-yXgIBeCp","labelItem":{"id":"52S_6moRfhjC-yXgIBeCp","labelName":"Date"},"textPosition":{"start":{"row":46,"column":0,"tokenIndex":3,"charIndex":0},"end":{"row":46,"column":0,"tokenIndex":7,"charIndex":3}},"confidenceScore":null},{"id":"1663424040","labeledBy":"LABELER","labeledByUserId":6821,"acceptedByUserId":null,"rejectedByUserId":null,"layer":0,"counter":0,"status":"ACCEPTED","hashCode":"SPAN:SJEkdao76hjwbb6Fh5SY6:0:49:0:0:0:49:0:2:9:0:undefined:undefined","labelName":"SJEkdao76hjwbb6Fh5SY6","labelItem":{"id":"SJEkdao76hjwbb6Fh5SY6","labelName":"Job Title"},"textPosition":{"start":{"row":49,"column":0,"tokenIndex":0,"charIndex":0},"end":{"row":49,"column":0,"tokenIndex":2,"charIndex":9}},"confidenceScore":null},{"id":"1663424043","labeledBy":"LABELER","labeledByUserId":6821,"acceptedByUserId":null,"rejectedByUserId":null,"layer":0,"counter":0,"status":"ACCEPTED","hashCode":"SPAN:52S_6moRfhjC-yXgIBeCp:0:49:0:3:0:49:0:7:3:0:undefined:undefined","labelName":"52S_6moRfhjC-yXgIBeCp","labelItem":{"id":"52S_6moRfhjC-yXgIBeCp","labelName":"Date"},"textPosition":{"start":{"row":49,"column":0,"tokenIndex":3,"charIndex":0},"end":{"row":49,"column":0,"tokenIndex":7,"charIndex":3}},"confidenceScore":null},{"id":"1663424046","labeledBy":"LABELER","labeledByUserId":6821,"acceptedByUserId":null,"rejectedByUserId":null,"layer":0,"counter":0,"status":"ACCEPTED","hashCode":"SPAN:SJEkdao76hjwbb6Fh5SY6:0:52:0:0:0:52:0:1:8:0:undefined:undefined","labelName":"SJEkdao76hjwbb6Fh5SY6","labelItem":{"id":"SJEkdao76hjwbb6Fh5SY6","labelName":"Job Title"},"textPosition":{"start":{"row":52,"column":0,"tokenIndex":0,"charIndex":0},"end":{"row":52,"column":0,"tokenIndex":1,"charIndex":8}},"confidenceScore":null},{"id":"1663424049","labeledBy":"LABELER","labeledByUserId":6821,"acceptedByUserId":null,"rejectedByUserId":null,"layer":0,"counter":0,"status":"ACCEPTED","hashCode":"SPAN:52S_6moRfhjC-yXgIBeCp:0:52:0:2:0:52:0:6:3:0:undefined:undefined","labelName":"52S_6moRfhjC-yXgIBeCp","labelItem":{"id":"52S_6moRfhjC-yXgIBeCp","labelName":"Date"},"textPosition":{"start":{"row":52,"column":0,"tokenIndex":2,"charIndex":0},"end":{"row":52,"column":0,"tokenIndex":6,"charIndex":3}},"confidenceScore":null},{"id":"1663424052","labeledBy":"LABELER","labeledByUserId":6821,"acceptedByUserId":null,"rejectedByUserId":null,"layer":0,"counter":0,"status":"ACCEPTED","hashCode":"SPAN:SJEkdao76hjwbb6Fh5SY6:0:59:0:0:0:59:0:1:8:0:undefined:undefined","labelName":"SJEkdao76hjwbb6Fh5SY6","labelItem":{"id":"SJEkdao76hjwbb6Fh5SY6","labelName":"Job Title"},"textPosition":{"start":{"row":59,"column":0,"tokenIndex":0,"charIndex":0},"end":{"row":59,"column":0,"tokenIndex":1,"charIndex":8}},"confidenceScore":null},{"id":"1663424055","labeledBy":"LABELER","labeledByUserId":6821,"acceptedByUserId":null,"rejectedByUserId":null,"layer":0,"counter":0,"status":"ACCEPTED","hashCode":"SPAN:52S_6moRfhjC-yXgIBeCp:0:59:0:2:0:59:0:6:3:0:undefined:undefined","labelName":"52S_6moRfhjC-yXgIBeCp","labelItem":{"id":"52S_6moRfhjC-yXgIBeCp","labelName":"Date"},"textPosition":{"start":{"row":59,"column":0,"tokenIndex":2,"charIndex":0},"end":{"row":59,"column":0,"tokenIndex":6,"charIndex":3}},"confidenceScore":null},{"id":"1663424058","labeledBy":"LABELER","labeledByUserId":6821,"acceptedByUserId":null,"rejectedByUserId":null,"layer":0,"counter":0,"status":"ACCEPTED","hashCode":"SPAN:rj7TW0-ymuRo6f_asXJab:0:59:0:25:0:59:0:25:9:0:undefined:undefined","labelName":"rj7TW0-ymuRo6f_asXJab","labelItem":{"id":"rj7TW0-ymuRo6f_asXJab","labelName":"Company Name"},"textPosition":{"start":{"row":59,"column":0,"tokenIndex":25,"charIndex":0},"end":{"row":59,"column":0,"tokenIndex":25,"charIndex":9}},"confidenceScore":null},{"id":"1663424061","labeledBy":"LABELER","labeledByUserId":6821,"acceptedByUserId":null,"rejectedByUserId":null,"layer":0,"counter":0,"status":"ACCEPTED","hashCode":"SPAN:BjO8MdvK2KI4E5iMEeY4B:0:61:0:7:0:61:0:7:3:0:undefined:undefined","labelName":"BjO8MdvK2KI4E5iMEeY4B","labelItem":{"id":"BjO8MdvK2KI4E5iMEeY4B","labelName":"Graduation Year"},"textPosition":{"start":{"row":61,"column":0,"tokenIndex":7,"charIndex":0},"end":{"row":61,"column":0,"tokenIndex":7,"charIndex":3}},"confidenceScore":null},{"id":"1663424064","labeledBy":"LABELER","labeledByUserId":6821,"acceptedByUserId":null,"rejectedByUserId":null,"layer":0,"counter":0,"status":"ACCEPTED","hashCode":"SPAN:Kj5U6n9NUqTXuWcB3c_7L:0:61:0:8:0:61:0:10:9:0:undefined:undefined","labelName":"Kj5U6n9NUqTXuWcB3c_7L","labelItem":{"id":"Kj5U6n9NUqTXuWcB3c_7L","labelName":"College"},"textPosition":{"start":{"row":61,"column":0,"tokenIndex":8,"charIndex":0},"end":{"row":61,"column":0,"tokenIndex":10,"charIndex":9}},"confidenceScore":null},{"id":"1663424067","labeledBy":"LABELER","labeledByUserId":6821,"acceptedByUserId":null,"rejectedByUserId":null,"layer":0,"counter":0,"status":"ACCEPTED","hashCode":"SPAN:IeEoIKabMl51BJE0gX2YL:0:61:0:15:0:61:0:20:9:0:undefined:undefined","labelName":"IeEoIKabMl51BJE0gX2YL","labelItem":{"id":"IeEoIKabMl51BJE0gX2YL","labelName":"Degree"},"textPosition":{"start":{"row":61,"column":0,"tokenIndex":15,"charIndex":0},"end":{"row":61,"column":0,"tokenIndex":20,"charIndex":9}},"confidenceScore":null},{"id":"1663424070","labeledBy":"LABELER","labeledByUserId":6821,"acceptedByUserId":null,"rejectedByUserId":null,"layer":0,"counter":0,"status":"ACCEPTED","hashCode":"SPAN:BjO8MdvK2KI4E5iMEeY4B:0:61:0:21:0:61:0:21:3:0:undefined:undefined","labelName":"BjO8MdvK2KI4E5iMEeY4B","labelItem":{"id":"BjO8MdvK2KI4E5iMEeY4B","labelName":"Graduation Year"},"textPosition":{"start":{"row":61,"column":0,"tokenIndex":21,"charIndex":0},"end":{"row":61,"column":0,"tokenIndex":21,"charIndex":3}},"confidenceScore":null},{"id":"1663424073","labeledBy":"LABELER","labeledByUserId":6821,"acceptedByUserId":null,"rejectedByUserId":null,"layer":0,"counter":0,"status":"ACCEPTED","hashCode":"SPAN:Kj5U6n9NUqTXuWcB3c_7L:0:61:0:22:0:61:0:24:7:0:undefined:undefined","labelName":"Kj5U6n9NUqTXuWcB3c_7L","labelItem":{"id":"Kj5U6n9NUqTXuWcB3c_7L","labelName":"College"},"textPosition":{"start":{"row":61,"column":0,"tokenIndex":22,"charIndex":0},"end":{"row":61,"column":0,"tokenIndex":24,"charIndex":7}},"confidenceScore":null},{"id":"1663424076","labeledBy":"LABELER","labeledByUserId":6821,"acceptedByUserId":null,"rejectedByUserId":null,"layer":0,"counter":0,"status":"ACCEPTED","hashCode":"SPAN:eS2knCRgLegeRw8bcmSWA:0:61:0:56:0:61:0:57:6:0:undefined:undefined","labelName":"eS2knCRgLegeRw8bcmSWA","labelItem":{"id":"eS2knCRgLegeRw8bcmSWA","labelName":"Skill"},"textPosition":{"start":{"row":61,"column":0,"tokenIndex":56,"charIndex":0},"end":{"row":61,"column":0,"tokenIndex":57,"charIndex":6}},"confidenceScore":null},{"id":"1663424079","labeledBy":"LABELER","labeledByUserId":6821,"acceptedByUserId":null,"rejectedByUserId":null,"layer":0,"counter":0,"status":"ACCEPTED","hashCode":"SPAN:eS2knCRgLegeRw8bcmSWA:0:61:0:58:0:61:0:60:7:0:undefined:undefined","labelName":"eS2knCRgLegeRw8bcmSWA","labelItem":{"id":"eS2knCRgLegeRw8bcmSWA","labelName":"Skill"},"textPosition":{"start":{"row":61,"column":0,"tokenIndex":58,"charIndex":0},"end":{"row":61,"column":0,"tokenIndex":60,"charIndex":7}},"confidenceScore":null},{"id":"1663424082","labeledBy":"LABELER","labeledByUserId":6821,"acceptedByUserId":null,"rejectedByUserId":null,"layer":0,"counter":0,"status":"ACCEPTED","hashCode":"SPAN:eS2knCRgLegeRw8bcmSWA:0:61:0:61:0:61:0:63:5:0:undefined:undefined","labelName":"eS2knCRgLegeRw8bcmSWA","labelItem":{"id":"eS2knCRgLegeRw8bcmSWA","labelName":"Skill"},"textPosition":{"start":{"row":61,"column":0,"tokenIndex":61,"charIndex":0},"end":{"row":61,"column":0,"tokenIndex":63,"charIndex":5}},"confidenceScore":null},{"id":"1663424085","labeledBy":"LABELER","labeledByUserId":6821,"acceptedByUserId":null,"rejectedByUserId":null,"layer":0,"counter":0,"status":"ACCEPTED","hashCode":"SPAN:eS2knCRgLegeRw8bcmSWA:0:61:0:64:0:61:0:67:5:0:undefined:undefined","labelName":"eS2knCRgLegeRw8bcmSWA","labelItem":{"id":"eS2knCRgLegeRw8bcmSWA","labelName":"Skill"},"textPosition":{"start":{"row":61,"column":0,"tokenIndex":64,"charIndex":0},"end":{"row":61,"column":0,"tokenIndex":67,"charIndex":5}},"confidenceScore":null},{"id":"1663424088","labeledBy":"LABELER","labeledByUserId":6821,"acceptedByUserId":null,"rejectedByUserId":null,"layer":0,"counter":0,"status":"ACCEPTED","hashCode":"SPAN:eS2knCRgLegeRw8bcmSWA:0:61:0:68:0:61:0:70:9:0:undefined:undefined","labelName":"eS2knCRgLegeRw8bcmSWA","labelItem":{"id":"eS2knCRgLegeRw8bcmSWA","labelName":"Skill"},"textPosition":{"start":{"row":61,"column":0,"tokenIndex":68,"charIndex":0},"end":{"row":61,"column":0,"tokenIndex":70,"charIndex":9}},"confidenceScore":null}],"arrowLabels":[],"boundingBoxLabels":[],"timeLabels":[],"comments":[],"url":"datasaur://static/6814/d34e0399-4474-4875-a6da-26f52c042e0a.txt"}}
