{"version":"1","data":{"project":{"id":"ODBjYmQ2MDg","name":"NLP SSM Final Project"},"document":{"id":"061d068f-00dd-4e23-b0fc-1d44941ba170","name":"resume_4769_d2.txt"},"kinds":["TOKEN_BASED"],"rows":[[{"content":"Cybersecurity Policy Analyst/Independent Consultant Cybersecurity Policy Analyst/Independent Consultant Cybersecurity Policy Analyst/Independent Consultant - MindPoint Group, LLC Work Experience Cybersecurity Policy Analyst/Independent Consultant MindPoint Group, LLC October 2015 to Present Agency: Department of Justice Location: DOJ Facilities in the Washington, DC metropolitan area Summary: Review and analysis of audit findings and develop appropriate documentation to reflect schedules and milestones of corrective activities.","tokens":["Cybersecurity","Policy","Analyst/Independent","Consultant","Cybersecurity","Policy","Analyst/Independent","Consultant","Cybersecurity","Policy","Analyst/Independent","Consultant","-","MindPoint","Group,","LLC","Work","Experience","Cybersecurity","Policy","Analyst/Independent","Consultant","MindPoint","Group,","LLC","October","2015","to","Present","Agency:","Department","of","Justice","Location:","DOJ","Facilities","in","the","Washington,","DC","metropolitan","area","Summary:","Review","and","analysis","of","audit","findings","and","develop","appropriate","documentation","to","reflect","schedules","and","milestones","of","corrective","activities."],"metadata":[]}],[{"content":"Provide resources to perform information assurance activities to support the advancement of DOJ's IT Security Program and related IT Program areas.","tokens":["Provide","resources","to","perform","information","assurance","activities","to","support","the","advancement","of","DOJ's","IT","Security","Program","and","related","IT","Program","areas."],"metadata":[]}],[{"content":"Possess working mastery of the DOJ Cyber Security Assessment and Management (CSAM) security program management application and responsible for ensuring that Components understand and comply with the Department's IT security requirements.","tokens":["Possess","working","mastery","of","the","DOJ","Cyber","Security","Assessment","and","Management","(CSAM)","security","program","management","application","and","responsible","for","ensuring","that","Components","understand","and","comply","with","the","Department's","IT","security","requirements."],"metadata":[]}],[{"content":"Responsible for knowing all applicable Federal IT Security mandates, how and where these mandates tie into DOJ orders, policies, instructions, handbooks and guides, and the impact of the security requirements on Component systems and mission.","tokens":["Responsible","for","knowing","all","applicable","Federal","IT","Security","mandates,","how","and","where","these","mandates","tie","into","DOJ","orders,","policies,","instructions,","handbooks","and","guides,","and","the","impact","of","the","security","requirements","on","Component","systems","and","mission."],"metadata":[]}],[{"content":"Responsible for Component IT security activities and compliance, and provide hands-on assistance as appropriate to ensure Component success.","tokens":["Responsible","for","Component","IT","security","activities","and","compliance,","and","provide","hands-on","assistance","as","appropriate","to","ensure","Component","success."],"metadata":[]}],[{"content":"?","tokens":["?"],"metadata":[]}],[{"content":"Conduct formal Office of the Chief Information Officer system oversight review, provide feedback and document findings in CSAM.","tokens":["Conduct","formal","Office","of","the","Chief","Information","Officer","system","oversight","review,","provide","feedback","and","document","findings","in","CSAM."],"metadata":[]}],[{"content":"Provide hands-on assistance to Components to correct weaknesses as necessary.","tokens":["Provide","hands-on","assistance","to","Components","to","correct","weaknesses","as","necessary."],"metadata":[]}],[{"content":"?","tokens":["?"],"metadata":[]}],[{"content":"Ensure Component hardware and software inventory and documentation is accurate and current for FISMA reporting.","tokens":["Ensure","Component","hardware","and","software","inventory","and","documentation","is","accurate","and","current","for","FISMA","reporting."],"metadata":[]}],[{"content":"Ensure Component security authorization boundaries are properly defined and captured in the system security plans, and that all interconnection agreements are in place and current.","tokens":["Ensure","Component","security","authorization","boundaries","are","properly","defined","and","captured","in","the","system","security","plans,","and","that","all","interconnection","agreements","are","in","place","and","current."],"metadata":[]}],[{"content":"?","tokens":["?"],"metadata":[]}],[{"content":"Ensure Component system security authorization controls contain accurate implementation statements (formerly compliance descriptions) ?","tokens":["Ensure","Component","system","security","authorization","controls","contain","accurate","implementation","statements","(formerly","compliance","descriptions)","?"],"metadata":[]}],[{"content":"Ensure Component systems offer appropriate controls for inheritance and the inheriting systems inherit only what's appropriate ?","tokens":["Ensure","Component","systems","offer","appropriate","controls","for","inheritance","and","the","inheriting","systems","inherit","only","what's","appropriate","?"],"metadata":[]}],[{"content":"Support Components with annual recertification of accounts - ensure new accounts have appropriate forms (and signed by appropriate approving authority) and any inactive accounts are deactivated in accordance with DOJ policies.","tokens":["Support","Components","with","annual","recertification","of","accounts","-","ensure","new","accounts","have","appropriate","forms","(and","signed","by","appropriate","approving","authority)","and","any","inactive","accounts","are","deactivated","in","accordance","with","DOJ","policies."],"metadata":[]}],[{"content":"?","tokens":["?"],"metadata":[]}],[{"content":"Ensure Component system scanning takes place in accordance with the Department's plans and schedule.","tokens":["Ensure","Component","system","scanning","takes","place","in","accordance","with","the","Department's","plans","and","schedule."],"metadata":[]}],[{"content":"?","tokens":["?"],"metadata":[]}],[{"content":"Ensure Component systems have secure configuration baselines set and documented, and any deviations approved by the authorizing official.","tokens":["Ensure","Component","systems","have","secure","configuration","baselines","set","and","documented,","and","any","deviations","approved","by","the","authorizing","official."],"metadata":[]}],[{"content":"?","tokens":["?"],"metadata":[]}],[{"content":"Ensure all audit Notification of Finding and Recommendation are entered into CSAM as a POAM.","tokens":["Ensure","all","audit","Notification","of","Finding","and","Recommendation","are","entered","into","CSAM","as","a","POAM."],"metadata":[]}],[{"content":"Ensure Component system POAMs have appropriate milestones, accurate description of the weaknesses and remediation, task owners, estimated cost to completion and realistic due dates.","tokens":["Ensure","Component","system","POAMs","have","appropriate","milestones,","accurate","description","of","the","weaknesses","and","remediation,","task","owners,","estimated","cost","to","completion","and","realistic","due","dates."],"metadata":[]}],[{"content":"?","tokens":["?"],"metadata":[]}],[{"content":"Ensure all systems update their annual incident response and contingency plans, conduct the appropriate training, document the appropriate POCs, and document the after action plans.","tokens":["Ensure","all","systems","update","their","annual","incident","response","and","contingency","plans,","conduct","the","appropriate","training,","document","the","appropriate","POCs,","and","document","the","after","action","plans."],"metadata":[]}],[{"content":"?","tokens":["?"],"metadata":[]}],[{"content":"Ensure Components reach their CSAT and IT Professional training completion targets on time.","tokens":["Ensure","Components","reach","their","CSAT","and","IT","Professional","training","completion","targets","on","time."],"metadata":[]}],[{"content":"?","tokens":["?"],"metadata":[]}],[{"content":"Support Federal data calls relating to classified and unclassified systems.","tokens":["Support","Federal","data","calls","relating","to","classified","and","unclassified","systems."],"metadata":[]}],[{"content":"Security Engineer/Independent Security Assessor Securicon - Alexandria, VA September 2013 to October 2015 Summary: Served Securicon's Risk Management Services customers, primarily supporting Federal FISMA programs.","tokens":["Security","Engineer/Independent","Security","Assessor","Securicon","-","Alexandria,","VA","September","2013","to","October","2015","Summary:","Served","Securicon's","Risk","Management","Services","customers,","primarily","supporting","Federal","FISMA","programs."],"metadata":[]}],[{"content":"Conducted assessment and authorization tasks, including independent security assessments, risk analyses, security test plans and assessment reports in support of Securicon's customers' Risk Management Framework programs under NIST, OMB and other related guidelines.","tokens":["Conducted","assessment","and","authorization","tasks,","including","independent","security","assessments,","risk","analyses,","security","test","plans","and","assessment","reports","in","support","of","Securicon's","customers'","Risk","Management","Framework","programs","under","NIST,","OMB","and","other","related","guidelines."],"metadata":[]}],[{"content":"Served as Project Lead and provides training, guidance, and quality assurance for intermediate and junior information security analysts.","tokens":["Served","as","Project","Lead","and","provides","training,","guidance,","and","quality","assurance","for","intermediate","and","junior","information","security","analysts."],"metadata":[]}],[{"content":"?","tokens":["?"],"metadata":[]}],[{"content":"Measured information assurance by conducting annual risk assessments of the management, technical and operational controls of various general support systems and major applications to determine if the security controls are implemented correctly, operating as intended and producing the desired outcome with respect to meeting the security requirements of the organization.","tokens":["Measured","information","assurance","by","conducting","annual","risk","assessments","of","the","management,","technical","and","operational","controls","of","various","general","support","systems","and","major","applications","to","determine","if","the","security","controls","are","implemented","correctly,","operating","as","intended","and","producing","the","desired","outcome","with","respect","to","meeting","the","security","requirements","of","the","organization."],"metadata":[]}],[{"content":"?","tokens":["?"],"metadata":[]}],[{"content":"Prepared security assessment kick-off activities by creating corresponding security documentation such as the security test and assessment (ST&A) and security requirements traceability matrix (SRTM) ?","tokens":["Prepared","security","assessment","kick-off","activities","by","creating","corresponding","security","documentation","such","as","the","security","test","and","assessment","(ST&A)","and","security","requirements","traceability","matrix","(SRTM)","?"],"metadata":[]}],[{"content":"Assessed applicable system security controls including identified DOC volatile controls on an annual basis to support the re-authorization decision and comply with FISMA Assessments & Authorization (A&A) requirements ?","tokens":["Assessed","applicable","system","security","controls","including","identified","DOC","volatile","controls","on","an","annual","basis","to","support","the","re-authorization","decision","and","comply","with","FISMA","Assessments","&","Authorization","(A&A)","requirements","?"],"metadata":[]}],[{"content":"Utilize various NIST and FIPS publications such as 800-53a rev.4 , 800-37 Rev.1, 800-53 rev. 4, 800-115, 800-39, FIPS 140-2 and FIPS 200 ?","tokens":["Utilize","various","NIST","and","FIPS","publications","such","as","800-53a","rev.4",",","800-37","Rev.1,","800-53","rev.","4,","800-115,","800-39,","FIPS","140-2","and","FIPS","200","?"],"metadata":[]}],[{"content":"Schedule, lead, and coordinate security assessment activities such as security assessment interviews, package handoffs to ISSOs and artifact/evidence deadlines ?","tokens":["Schedule,","lead,","and","coordinate","security","assessment","activities","such","as","security","assessment","interviews,","package","handoffs","to","ISSOs","and","artifact/evidence","deadlines","?"],"metadata":[]}],[{"content":"Coordinate with System Owners and ISSOs to gather applicable artifacts (screenshots, system documentation, live observation, etc) ?","tokens":["Coordinate","with","System","Owners","and","ISSOs","to","gather","applicable","artifacts","(screenshots,","system","documentation,","live","observation,","etc)","?"],"metadata":[]}],[{"content":"Create security assessment reports upon completion of security assessments ?","tokens":["Create","security","assessment","reports","upon","completion","of","security","assessments","?"],"metadata":[]}],[{"content":"Verify completion of a Security Impact Analysis (SIA) for all major system changes and ensure no deviations within the security authorization boundary and system documentation ?","tokens":["Verify","completion","of","a","Security","Impact","Analysis","(SIA)","for","all","major","system","changes","and","ensure","no","deviations","within","the","security","authorization","boundary","and","system","documentation","?"],"metadata":[]}],[{"content":"Ensure system authorization boundaries are updated to reflect the most recent system architectures requirements for Federal Information and Information Systems ?","tokens":["Ensure","system","authorization","boundaries","are","updated","to","reflect","the","most","recent","system","architectures","requirements","for","Federal","Information","and","Information","Systems","?"],"metadata":[]}],[{"content":"Responsible for QA of assessment team deliverables, provide feedback and support on security assessments for team members and oversee team members as the designated Project Lead for various assessment packages ?","tokens":["Responsible","for","QA","of","assessment","team","deliverables,","provide","feedback","and","support","on","security","assessments","for","team","members","and","oversee","team","members","as","the","designated","Project","Lead","for","various","assessment","packages","?"],"metadata":[]}],[{"content":"Provide training, guidance and quality assurance for mid-level and junior information security analysts.","tokens":["Provide","training,","guidance","and","quality","assurance","for","mid-level","and","junior","information","security","analysts."],"metadata":[]}],[{"content":"Advise ISSOs of system scoping, countermeasures and mitigation recommendations based on architectural/technology considerations and assessment ?","tokens":["Advise","ISSOs","of","system","scoping,","countermeasures","and","mitigation","recommendations","based","on","architectural/technology","considerations","and","assessment","?"],"metadata":[]}],[{"content":"Provided ad-hoc support to the Program Manager by assisting in annual assessment schedules and weekly reports IT Security Analyst/Independent Security Assessor Missing Link Security - Alexandria, VA May 2011 to August 2013 Summary: Performed Security Assessment & Authorization (SA&A) activities with minimal supervision.","tokens":["Provided","ad-hoc","support","to","the","Program","Manager","by","assisting","in","annual","assessment","schedules","and","weekly","reports","IT","Security","Analyst/Independent","Security","Assessor","Missing","Link","Security","-","Alexandria,","VA","May","2011","to","August","2013","Summary:","Performed","Security","Assessment","&","Authorization","(SA&A)","activities","with","minimal","supervision."],"metadata":[]}],[{"content":"Configured and launched compliance and vulnerability scans during quiet time on workstations, databases, URLs, servers and applications and compiled reports for analyzing/mapping.","tokens":["Configured","and","launched","compliance","and","vulnerability","scans","during","quiet","time","on","workstations,","databases,","URLs,","servers","and","applications","and","compiled","reports","for","analyzing/mapping."],"metadata":[]}],[{"content":"Responsible for quality assurance (QA) of assessment team deliverables, provided feedback and support on security assessments for team members and oversee team members as the designated Project Lead for various assessment packages.","tokens":["Responsible","for","quality","assurance","(QA)","of","assessment","team","deliverables,","provided","feedback","and","support","on","security","assessments","for","team","members","and","oversee","team","members","as","the","designated","Project","Lead","for","various","assessment","packages."],"metadata":[]}],[{"content":"?","tokens":["?"],"metadata":[]}],[{"content":"Created security test and assessment (ST&A), security assessment reports (SAR) and security requirements traceability matrix (SRTM) for various USPTO information/financial systems by analyzing information system/vendor documentation such as System Security Plans (SSP), High-Level Architecture (HLA), Detailed Design Document (DDD), Operational Support Plans (OSP) and commercial off the shelf products (COTS) manuals such as installation guides ?","tokens":["Created","security","test","and","assessment","(ST&A),","security","assessment","reports","(SAR)","and","security","requirements","traceability","matrix","(SRTM)","for","various","USPTO","information/financial","systems","by","analyzing","information","system/vendor","documentation","such","as","System","Security","Plans","(SSP),","High-Level","Architecture","(HLA),","Detailed","Design","Document","(DDD),","Operational","Support","Plans","(OSP)","and","commercial","off","the","shelf","products","(COTS)","manuals","such","as","installation","guides","?"],"metadata":[]}],[{"content":"Interviewed information system point of contacts to include Technical Leads (TL), System Owners (SOs), and ISSOs ?","tokens":["Interviewed","information","system","point","of","contacts","to","include","Technical","Leads","(TL),","System","Owners","(SOs),","and","ISSOs","?"],"metadata":[]}],[{"content":"Tested the implementation of security controls and reviewing, validating and applying quarterly vulnerability and compliance scan results to assessments ?","tokens":["Tested","the","implementation","of","security","controls","and","reviewing,","validating","and","applying","quarterly","vulnerability","and","compliance","scan","results","to","assessments","?"],"metadata":[]}],[{"content":"Ensured the consistency, accuracy and continuity of all information as it pertains to the ST&A plan, SRTM, SAR and all evidence utilized during the assessment is complete, consistent, and compliant with all applicable and mandatory requirements.","tokens":["Ensured","the","consistency,","accuracy","and","continuity","of","all","information","as","it","pertains","to","the","ST&A","plan,","SRTM,","SAR","and","all","evidence","utilized","during","the","assessment","is","complete,","consistent,","and","compliant","with","all","applicable","and","mandatory","requirements."],"metadata":[]}],[{"content":"These applicable and mandatory requirements include but are not limited to: FISMA, OMB, IT Security and Privacy policies and implementation guidance for the Executive Branch, SDLC, NIST, FIPS Publications and agency policies ?","tokens":["These","applicable","and","mandatory","requirements","include","but","are","not","limited","to:","FISMA,","OMB,","IT","Security","and","Privacy","policies","and","implementation","guidance","for","the","Executive","Branch,","SDLC,","NIST,","FIPS","Publications","and","agency","policies","?"],"metadata":[]}],[{"content":"Obtained relevant information system security documentation/information/screenshots relevant USPTO information systems and utilized Cyber Security Assessment and Management (CSAM) ?","tokens":["Obtained","relevant","information","system","security","documentation/information/screenshots","relevant","USPTO","information","systems","and","utilized","Cyber","Security","Assessment","and","Management","(CSAM)","?"],"metadata":[]}],[{"content":"Configured and launched compliance and vulnerability scans during on workstations, databases, URLs, servers and applications and compiled reports for analyzing/mapping using Tenable Nessus, Appdetective DB Protect and AppScan, which aids in assessing the security posture of the system Junior IT Security Analyst/Independent Security Assessor Syneren Technologies - Alexandria, VA January 2011 to April 2011 Summary: Worked on a team responsible for performing/managing security related tasks for the USPTO network security infrastructure.","tokens":["Configured","and","launched","compliance","and","vulnerability","scans","during","on","workstations,","databases,","URLs,","servers","and","applications","and","compiled","reports","for","analyzing/mapping","using","Tenable","Nessus,","Appdetective","DB","Protect","and","AppScan,","which","aids","in","assessing","the","security","posture","of","the","system","Junior","IT","Security","Analyst/Independent","Security","Assessor","Syneren","Technologies","-","Alexandria,","VA","January","2011","to","April","2011","Summary:","Worked","on","a","team","responsible","for","performing/managing","security","related","tasks","for","the","USPTO","network","security","infrastructure."],"metadata":[]}],[{"content":"?","tokens":["?"],"metadata":[]}],[{"content":"Became familiar with NIST Special Publications 800 Series: 37 Rev.1,53 Rev.3, 115, 39, 53a.","tokens":["Became","familiar","with","NIST","Special","Publications","800","Series:","37","Rev.1,53","Rev.3,","115,","39,","53a."],"metadata":[]}],[{"content":"Also, became familiar with FIPS 140-2 compliance and FIPS 199.","tokens":["Also,","became","familiar","with","FIPS","140-2","compliance","and","FIPS","199."],"metadata":[]}],[{"content":"?","tokens":["?"],"metadata":[]}],[{"content":"Conducted extensive review/research of Detailed Design Documents (DDD), Configuration Management Plans (CMP), Operational Support Plans (OSP), Contingency Plans (CP) and vendor documentation.","tokens":["Conducted","extensive","review/research","of","Detailed","Design","Documents","(DDD),","Configuration","Management","Plans","(CMP),","Operational","Support","Plans","(OSP),","Contingency","Plans","(CP)","and","vendor","documentation."],"metadata":[]}],[{"content":"?","tokens":["?"],"metadata":[]}],[{"content":"Conducted assessment interviews with Technical Leads and System Owners using NIST guidelines and Senior leadership ?","tokens":["Conducted","assessment","interviews","with","Technical","Leads","and","System","Owners","using","NIST","guidelines","and","Senior","leadership","?"],"metadata":[]}],[{"content":"Staged discussions with individuals to facilitate understanding, achieve clarification, or lead to the location of evidence/artifacts.","tokens":["Staged","discussions","with","individuals","to","facilitate","understanding,","achieve","clarification,","or","lead","to","the","location","of","evidence/artifacts."],"metadata":[]}],[{"content":"Established appropriate communication channels among organizational officials/senior leadership having an interest in the assessment.","tokens":["Established","appropriate","communication","channels","among","organizational","officials/senior","leadership","having","an","interest","in","the","assessment."],"metadata":[]}],[{"content":"IT Security Intern George Mason University - Fairfax, VA November 2008 to December 2010 Worked with the IT Security Unit and monitored status of all computers connected to the George Mason University network (Arlington, Fairfax and Prince William Campus) using NitroSecurity's NitroView Intrusion Prevention System (IPS), Symantec Endpoint and FireEye Malware Protection ?","tokens":["IT","Security","Intern","George","Mason","University","-","Fairfax,","VA","November","2008","to","December","2010","Worked","with","the","IT","Security","Unit","and","monitored","status","of","all","computers","connected","to","the","George","Mason","University","network","(Arlington,","Fairfax","and","Prince","William","Campus)","using","NitroSecurity's","NitroView","Intrusion","Prevention","System","(IPS),","Symantec","Endpoint","and","FireEye","Malware","Protection","?"],"metadata":[]}],[{"content":"Compiled relevant information about flagged systems and filed incident tickets using software such as BMC Service Desk Express ?","tokens":["Compiled","relevant","information","about","flagged","systems","and","filed","incident","tickets","using","software","such","as","BMC","Service","Desk","Express","?"],"metadata":[]}],[{"content":"Resolved compromised email accounts due to phishing attacks by contacting and discussing sensitive information with faculty/waged students.","tokens":["Resolved","compromised","email","accounts","due","to","phishing","attacks","by","contacting","and","discussing","sensitive","information","with","faculty/waged","students."],"metadata":[]}],[{"content":"?","tokens":["?"],"metadata":[]}],[{"content":"Communicated proper security practices and awareness to victims such as utilizing stronger passwords and noticing suspicious emails/attachments ?","tokens":["Communicated","proper","security","practices","and","awareness","to","victims","such","as","utilizing","stronger","passwords","and","noticing","suspicious","emails/attachments","?"],"metadata":[]}],[{"content":"Wiped, installed, troubleshoot, secured, updated and encrypted hard drives/operation systems/anti-virus using software such as Sophos Encryption and Darik's Boot and Nuke (DBAN) ?","tokens":["Wiped,","installed,","troubleshoot,","secured,","updated","and","encrypted","hard","drives/operation","systems/anti-virus","using","software","such","as","Sophos","Encryption","and","Darik's","Boot","and","Nuke","(DBAN)","?"],"metadata":[]}],[{"content":"Reviewed on a daily basis alerts and vulnerabilities from the US-CERT and Common Vulnerabilities and Exposures (CVE) Education Bachelor of Science in Information Security George Mason University - Fairfax, VA Skills Security, Fisma, Nist, Sop, Audit, Remediation, Test coordination, Pbc Additional Information PROFESSIONAL EXPERTISE ?","tokens":["Reviewed","on","a","daily","basis","alerts","and","vulnerabilities","from","the","US-CERT","and","Common","Vulnerabilities","and","Exposures","(CVE)","Education","Bachelor","of","Science","in","Information","Security","George","Mason","University","-","Fairfax,","VA","Skills","Security,","Fisma,","Nist,","Sop,","Audit,","Remediation,","Test","coordination,","Pbc","Additional","Information","PROFESSIONAL","EXPERTISE","?"],"metadata":[]}],[{"content":"FISMA/FISCAM Compliance/Reporting ?","tokens":["FISMA/FISCAM","Compliance/Reporting","?"],"metadata":[]}],[{"content":"Authorization to Operate/Test Coordination ?","tokens":["Authorization","to","Operate/Test","Coordination","?"],"metadata":[]}],[{"content":"POAM/NFR Management/Remediation ?","tokens":["POAM/NFR","Management/Remediation","?"],"metadata":[]}],[{"content":"CSAM Administration/Oversight ?","tokens":["CSAM","Administration/Oversight","?"],"metadata":[]}],[{"content":"Security Control Assessments/Scoping ?","tokens":["Security","Control","Assessments/Scoping","?"],"metadata":[]}],[{"content":"Stakeholder Engagement/PBC Organization ?","tokens":["Stakeholder","Engagement/PBC","Organization","?"],"metadata":[]}],[{"content":"Policy/Memo/Waiver/SOP Development ?","tokens":["Policy/Memo/Waiver/SOP","Development","?"],"metadata":[]}],[{"content":"Audit Preparation (IG/Independent 3rd Party) ?","tokens":["Audit","Preparation","(IG/Independent","3rd","Party)","?"],"metadata":[]}],[{"content":"Artifact/Implementation Statement Review ?","tokens":["Artifact/Implementation","Statement","Review","?"],"metadata":[]}],[{"content":"NIST (37, 53a and Rev4) FIPS (199.","tokens":["NIST","(37,","53a","and","Rev4)","FIPS","(199."],"metadata":[]}],[{"content":"200)","tokens":["200)"],"metadata":[]}]],"labelerInfo":{"id":6821,"email":"tli94@jh.edu","displayName":"Thomas Li"},"labelSets":[{"name":"Resume Labels","index":0,"labelItems":[{"id":"Kj5U6n9NUqTXuWcB3c_7L","labelName":"College"},{"id":"rj7TW0-ymuRo6f_asXJab","labelName":"Company Name"},{"id":"SJEkdao76hjwbb6Fh5SY6","labelName":"Job Title"},{"id":"BjO8MdvK2KI4E5iMEeY4B","labelName":"Graduation Year"},{"id":"eS2knCRgLegeRw8bcmSWA","labelName":"Skill"},{"id":"IeEoIKabMl51BJE0gX2YL","labelName":"Degree"},{"id":"1R0C50AAwFbEp2O0WmRv6","labelName":"Location"},{"id":"zQcc4ygexJ_A3Gb0NeRTk","labelName":"Years of Experience"},{"id":"52S_6moRfhjC-yXgIBeCp","labelName":"Date"},{"id":"KiLarWmwlU1E3-FfdG6Qg","labelName":"Project"},{"id":"dyxKKTAxW1z5ifjPj42BI","labelName":"Name"}]}],"spanLabels":[{"id":"1663428037","labeledBy":"LABELER","labeledByUserId":6821,"acceptedByUserId":null,"rejectedByUserId":null,"layer":0,"counter":0,"status":"ACCEPTED","hashCode":"SPAN:SJEkdao76hjwbb6Fh5SY6:0:0:0:0:0:0:0:3:9:0:undefined:undefined","labelName":"SJEkdao76hjwbb6Fh5SY6","labelItem":{"id":"SJEkdao76hjwbb6Fh5SY6","labelName":"Job Title"},"textPosition":{"start":{"row":0,"column":0,"tokenIndex":0,"charIndex":0},"end":{"row":0,"column":0,"tokenIndex":3,"charIndex":9}},"confidenceScore":null},{"id":"1663428040","labeledBy":"LABELER","labeledByUserId":6821,"acceptedByUserId":null,"rejectedByUserId":null,"layer":0,"counter":0,"status":"ACCEPTED","hashCode":"SPAN:SJEkdao76hjwbb6Fh5SY6:0:0:0:4:0:0:0:7:9:0:undefined:undefined","labelName":"SJEkdao76hjwbb6Fh5SY6","labelItem":{"id":"SJEkdao76hjwbb6Fh5SY6","labelName":"Job Title"},"textPosition":{"start":{"row":0,"column":0,"tokenIndex":4,"charIndex":0},"end":{"row":0,"column":0,"tokenIndex":7,"charIndex":9}},"confidenceScore":null},{"id":"1663428043","labeledBy":"LABELER","labeledByUserId":6821,"acceptedByUserId":null,"rejectedByUserId":null,"layer":0,"counter":0,"status":"ACCEPTED","hashCode":"SPAN:SJEkdao76hjwbb6Fh5SY6:0:0:0:8:0:0:0:11:9:0:undefined:undefined","labelName":"SJEkdao76hjwbb6Fh5SY6","labelItem":{"id":"SJEkdao76hjwbb6Fh5SY6","labelName":"Job Title"},"textPosition":{"start":{"row":0,"column":0,"tokenIndex":8,"charIndex":0},"end":{"row":0,"column":0,"tokenIndex":11,"charIndex":9}},"confidenceScore":null},{"id":"1663428046","labeledBy":"LABELER","labeledByUserId":6821,"acceptedByUserId":null,"rejectedByUserId":null,"layer":0,"counter":0,"status":"ACCEPTED","hashCode":"SPAN:rj7TW0-ymuRo6f_asXJab:0:0:0:13:0:0:0:15:2:0:undefined:undefined","labelName":"rj7TW0-ymuRo6f_asXJab","labelItem":{"id":"rj7TW0-ymuRo6f_asXJab","labelName":"Company Name"},"textPosition":{"start":{"row":0,"column":0,"tokenIndex":13,"charIndex":0},"end":{"row":0,"column":0,"tokenIndex":15,"charIndex":2}},"confidenceScore":null},{"id":"1663428049","labeledBy":"LABELER","labeledByUserId":6821,"acceptedByUserId":null,"rejectedByUserId":null,"layer":0,"counter":0,"status":"ACCEPTED","hashCode":"SPAN:SJEkdao76hjwbb6Fh5SY6:0:0:0:18:0:0:0:21:9:0:undefined:undefined","labelName":"SJEkdao76hjwbb6Fh5SY6","labelItem":{"id":"SJEkdao76hjwbb6Fh5SY6","labelName":"Job Title"},"textPosition":{"start":{"row":0,"column":0,"tokenIndex":18,"charIndex":0},"end":{"row":0,"column":0,"tokenIndex":21,"charIndex":9}},"confidenceScore":null},{"id":"1663428052","labeledBy":"LABELER","labeledByUserId":6821,"acceptedByUserId":null,"rejectedByUserId":null,"layer":0,"counter":0,"status":"ACCEPTED","hashCode":"SPAN:rj7TW0-ymuRo6f_asXJab:0:0:0:22:0:0:0:24:2:0:undefined:undefined","labelName":"rj7TW0-ymuRo6f_asXJab","labelItem":{"id":"rj7TW0-ymuRo6f_asXJab","labelName":"Company Name"},"textPosition":{"start":{"row":0,"column":0,"tokenIndex":22,"charIndex":0},"end":{"row":0,"column":0,"tokenIndex":24,"charIndex":2}},"confidenceScore":null},{"id":"1663428055","labeledBy":"LABELER","labeledByUserId":6821,"acceptedByUserId":null,"rejectedByUserId":null,"layer":0,"counter":0,"status":"ACCEPTED","hashCode":"SPAN:52S_6moRfhjC-yXgIBeCp:0:0:0:25:0:0:0:28:6:0:undefined:undefined","labelName":"52S_6moRfhjC-yXgIBeCp","labelItem":{"id":"52S_6moRfhjC-yXgIBeCp","labelName":"Date"},"textPosition":{"start":{"row":0,"column":0,"tokenIndex":25,"charIndex":0},"end":{"row":0,"column":0,"tokenIndex":28,"charIndex":6}},"confidenceScore":null},{"id":"1663428058","labeledBy":"LABELER","labeledByUserId":6821,"acceptedByUserId":null,"rejectedByUserId":null,"layer":0,"counter":0,"status":"ACCEPTED","hashCode":"SPAN:1R0C50AAwFbEp2O0WmRv6:0:0:0:38:0:0:0:39:1:0:undefined:undefined","labelName":"1R0C50AAwFbEp2O0WmRv6","labelItem":{"id":"1R0C50AAwFbEp2O0WmRv6","labelName":"Location"},"textPosition":{"start":{"row":0,"column":0,"tokenIndex":38,"charIndex":0},"end":{"row":0,"column":0,"tokenIndex":39,"charIndex":1}},"confidenceScore":null},{"id":"1663428061","labeledBy":"LABELER","labeledByUserId":6821,"acceptedByUserId":null,"rejectedByUserId":null,"layer":0,"counter":0,"status":"ACCEPTED","hashCode":"SPAN:eS2knCRgLegeRw8bcmSWA:0:0:0:45:0:0:0:48:7:0:undefined:undefined","labelName":"eS2knCRgLegeRw8bcmSWA","labelItem":{"id":"eS2knCRgLegeRw8bcmSWA","labelName":"Skill"},"textPosition":{"start":{"row":0,"column":0,"tokenIndex":45,"charIndex":0},"end":{"row":0,"column":0,"tokenIndex":48,"charIndex":7}},"confidenceScore":null},{"id":"1663428064","labeledBy":"LABELER","labeledByUserId":6821,"acceptedByUserId":null,"rejectedByUserId":null,"layer":0,"counter":0,"status":"ACCEPTED","hashCode":"SPAN:eS2knCRgLegeRw8bcmSWA:0:2:0:5:0:2:0:11:5:0:undefined:undefined","labelName":"eS2knCRgLegeRw8bcmSWA","labelItem":{"id":"eS2knCRgLegeRw8bcmSWA","labelName":"Skill"},"textPosition":{"start":{"row":2,"column":0,"tokenIndex":5,"charIndex":0},"end":{"row":2,"column":0,"tokenIndex":11,"charIndex":5}},"confidenceScore":null},{"id":"1663428070","labeledBy":"LABELER","labeledByUserId":6821,"acceptedByUserId":null,"rejectedByUserId":null,"layer":0,"counter":0,"status":"ACCEPTED","hashCode":"SPAN:eS2knCRgLegeRw8bcmSWA:0:6:0:17:0:6:0:17:4:0:undefined:undefined","labelName":"eS2knCRgLegeRw8bcmSWA","labelItem":{"id":"eS2knCRgLegeRw8bcmSWA","labelName":"Skill"},"textPosition":{"start":{"row":6,"column":0,"tokenIndex":17,"charIndex":0},"end":{"row":6,"column":0,"tokenIndex":17,"charIndex":4}},"confidenceScore":null},{"id":"1663428073","labeledBy":"LABELER","labeledByUserId":6821,"acceptedByUserId":null,"rejectedByUserId":null,"layer":0,"counter":0,"status":"ACCEPTED","hashCode":"SPAN:eS2knCRgLegeRw8bcmSWA:0:20:0:11:0:20:0:11:3:0:undefined:undefined","labelName":"eS2knCRgLegeRw8bcmSWA","labelItem":{"id":"eS2knCRgLegeRw8bcmSWA","labelName":"Skill"},"textPosition":{"start":{"row":20,"column":0,"tokenIndex":11,"charIndex":0},"end":{"row":20,"column":0,"tokenIndex":11,"charIndex":3}},"confidenceScore":null},{"id":"1663428076","labeledBy":"LABELER","labeledByUserId":6821,"acceptedByUserId":null,"rejectedByUserId":null,"layer":0,"counter":0,"status":"ACCEPTED","hashCode":"SPAN:SJEkdao76hjwbb6Fh5SY6:0:28:0:0:0:28:0:3:7:0:undefined:undefined","labelName":"SJEkdao76hjwbb6Fh5SY6","labelItem":{"id":"SJEkdao76hjwbb6Fh5SY6","labelName":"Job Title"},"textPosition":{"start":{"row":28,"column":0,"tokenIndex":0,"charIndex":0},"end":{"row":28,"column":0,"tokenIndex":3,"charIndex":7}},"confidenceScore":null},{"id":"1663428079","labeledBy":"LABELER","labeledByUserId":6821,"acceptedByUserId":null,"rejectedByUserId":null,"layer":0,"counter":0,"status":"ACCEPTED","hashCode":"SPAN:rj7TW0-ymuRo6f_asXJab:0:28:0:4:0:28:0:4:8:0:undefined:undefined","labelName":"rj7TW0-ymuRo6f_asXJab","labelItem":{"id":"rj7TW0-ymuRo6f_asXJab","labelName":"Company Name"},"textPosition":{"start":{"row":28,"column":0,"tokenIndex":4,"charIndex":0},"end":{"row":28,"column":0,"tokenIndex":4,"charIndex":8}},"confidenceScore":null},{"id":"1663428082","labeledBy":"LABELER","labeledByUserId":6821,"acceptedByUserId":null,"rejectedByUserId":null,"layer":0,"counter":0,"status":"ACCEPTED","hashCode":"SPAN:1R0C50AAwFbEp2O0WmRv6:0:28:0:6:0:28:0:7:1:0:undefined:undefined","labelName":"1R0C50AAwFbEp2O0WmRv6","labelItem":{"id":"1R0C50AAwFbEp2O0WmRv6","labelName":"Location"},"textPosition":{"start":{"row":28,"column":0,"tokenIndex":6,"charIndex":0},"end":{"row":28,"column":0,"tokenIndex":7,"charIndex":1}},"confidenceScore":null},{"id":"1663428085","labeledBy":"LABELER","labeledByUserId":6821,"acceptedByUserId":null,"rejectedByUserId":null,"layer":0,"counter":0,"status":"ACCEPTED","hashCode":"SPAN:52S_6moRfhjC-yXgIBeCp:0:28:0:8:0:28:0:12:3:0:undefined:undefined","labelName":"52S_6moRfhjC-yXgIBeCp","labelItem":{"id":"52S_6moRfhjC-yXgIBeCp","labelName":"Date"},"textPosition":{"start":{"row":28,"column":0,"tokenIndex":8,"charIndex":0},"end":{"row":28,"column":0,"tokenIndex":12,"charIndex":3}},"confidenceScore":null},{"id":"1663428088","labeledBy":"LABELER","labeledByUserId":6821,"acceptedByUserId":null,"rejectedByUserId":null,"layer":0,"counter":0,"status":"ACCEPTED","hashCode":"SPAN:eS2knCRgLegeRw8bcmSWA:0:28:0:16:0:28:0:17:9:0:undefined:undefined","labelName":"eS2knCRgLegeRw8bcmSWA","labelItem":{"id":"eS2knCRgLegeRw8bcmSWA","labelName":"Skill"},"textPosition":{"start":{"row":28,"column":0,"tokenIndex":16,"charIndex":0},"end":{"row":28,"column":0,"tokenIndex":17,"charIndex":9}},"confidenceScore":null},{"id":"1663428091","labeledBy":"LABELER","labeledByUserId":6821,"acceptedByUserId":null,"rejectedByUserId":null,"layer":0,"counter":0,"status":"ACCEPTED","hashCode":"SPAN:eS2knCRgLegeRw8bcmSWA:0:29:0:1:0:29:0:3:12:0:undefined:undefined","labelName":"eS2knCRgLegeRw8bcmSWA","labelItem":{"id":"eS2knCRgLegeRw8bcmSWA","labelName":"Skill"},"textPosition":{"start":{"row":29,"column":0,"tokenIndex":1,"charIndex":0},"end":{"row":29,"column":0,"tokenIndex":3,"charIndex":12}},"confidenceScore":null},{"id":"1663428094","labeledBy":"LABELER","labeledByUserId":6821,"acceptedByUserId":null,"rejectedByUserId":null,"layer":0,"counter":0,"status":"ACCEPTED","hashCode":"SPAN:eS2knCRgLegeRw8bcmSWA:0:29:0:6:0:29:0:8:11:0:undefined:undefined","labelName":"eS2knCRgLegeRw8bcmSWA","labelItem":{"id":"eS2knCRgLegeRw8bcmSWA","labelName":"Skill"},"textPosition":{"start":{"row":29,"column":0,"tokenIndex":6,"charIndex":0},"end":{"row":29,"column":0,"tokenIndex":8,"charIndex":11}},"confidenceScore":null},{"id":"1663428097","labeledBy":"LABELER","labeledByUserId":6821,"acceptedByUserId":null,"rejectedByUserId":null,"layer":0,"counter":0,"status":"ACCEPTED","hashCode":"SPAN:eS2knCRgLegeRw8bcmSWA:0:29:0:9:0:29:0:10:8:0:undefined:undefined","labelName":"eS2knCRgLegeRw8bcmSWA","labelItem":{"id":"eS2knCRgLegeRw8bcmSWA","labelName":"Skill"},"textPosition":{"start":{"row":29,"column":0,"tokenIndex":9,"charIndex":0},"end":{"row":29,"column":0,"tokenIndex":10,"charIndex":8}},"confidenceScore":null},{"id":"1663428100","labeledBy":"LABELER","labeledByUserId":6821,"acceptedByUserId":null,"rejectedByUserId":null,"layer":0,"counter":0,"status":"ACCEPTED","hashCode":"SPAN:eS2knCRgLegeRw8bcmSWA:0:29:0:11:0:29:0:13:4:0:undefined:undefined","labelName":"eS2knCRgLegeRw8bcmSWA","labelItem":{"id":"eS2knCRgLegeRw8bcmSWA","labelName":"Skill"},"textPosition":{"start":{"row":29,"column":0,"tokenIndex":11,"charIndex":0},"end":{"row":29,"column":0,"tokenIndex":13,"charIndex":4}},"confidenceScore":null},{"id":"1663428103","labeledBy":"LABELER","labeledByUserId":6821,"acceptedByUserId":null,"rejectedByUserId":null,"layer":0,"counter":0,"status":"ACCEPTED","hashCode":"SPAN:eS2knCRgLegeRw8bcmSWA:0:29:0:15:0:29:0:16:6:0:undefined:undefined","labelName":"eS2knCRgLegeRw8bcmSWA","labelItem":{"id":"eS2knCRgLegeRw8bcmSWA","labelName":"Skill"},"textPosition":{"start":{"row":29,"column":0,"tokenIndex":15,"charIndex":0},"end":{"row":29,"column":0,"tokenIndex":16,"charIndex":6}},"confidenceScore":null},{"id":"1663428106","labeledBy":"LABELER","labeledByUserId":6821,"acceptedByUserId":null,"rejectedByUserId":null,"layer":0,"counter":0,"status":"ACCEPTED","hashCode":"SPAN:SJEkdao76hjwbb6Fh5SY6:0:30:0:2:0:30:0:3:3:0:undefined:undefined","labelName":"SJEkdao76hjwbb6Fh5SY6","labelItem":{"id":"SJEkdao76hjwbb6Fh5SY6","labelName":"Job Title"},"textPosition":{"start":{"row":30,"column":0,"tokenIndex":2,"charIndex":0},"end":{"row":30,"column":0,"tokenIndex":3,"charIndex":3}},"confidenceScore":null},{"id":"1663428109","labeledBy":"LABELER","labeledByUserId":6821,"acceptedByUserId":null,"rejectedByUserId":null,"layer":0,"counter":0,"status":"ACCEPTED","hashCode":"SPAN:eS2knCRgLegeRw8bcmSWA:0:30:0:6:0:30:0:6:8:0:undefined:undefined","labelName":"eS2knCRgLegeRw8bcmSWA","labelItem":{"id":"eS2knCRgLegeRw8bcmSWA","labelName":"Skill"},"textPosition":{"start":{"row":30,"column":0,"tokenIndex":6,"charIndex":0},"end":{"row":30,"column":0,"tokenIndex":6,"charIndex":8}},"confidenceScore":null},{"id":"1663428112","labeledBy":"LABELER","labeledByUserId":6821,"acceptedByUserId":null,"rejectedByUserId":null,"layer":0,"counter":0,"status":"ACCEPTED","hashCode":"SPAN:eS2knCRgLegeRw8bcmSWA:0:30:0:7:0:30:0:7:8:0:undefined:undefined","labelName":"eS2knCRgLegeRw8bcmSWA","labelItem":{"id":"eS2knCRgLegeRw8bcmSWA","labelName":"Skill"},"textPosition":{"start":{"row":30,"column":0,"tokenIndex":7,"charIndex":0},"end":{"row":30,"column":0,"tokenIndex":7,"charIndex":8}},"confidenceScore":null},{"id":"1663428115","labeledBy":"LABELER","labeledByUserId":6821,"acceptedByUserId":null,"rejectedByUserId":null,"layer":0,"counter":0,"status":"ACCEPTED","hashCode":"SPAN:eS2knCRgLegeRw8bcmSWA:0:30:0:9:0:30:0:10:8:0:undefined:undefined","labelName":"eS2knCRgLegeRw8bcmSWA","labelItem":{"id":"eS2knCRgLegeRw8bcmSWA","labelName":"Skill"},"textPosition":{"start":{"row":30,"column":0,"tokenIndex":9,"charIndex":0},"end":{"row":30,"column":0,"tokenIndex":10,"charIndex":8}},"confidenceScore":null},{"id":"1663428118","labeledBy":"LABELER","labeledByUserId":6821,"acceptedByUserId":null,"rejectedByUserId":null,"layer":0,"counter":0,"status":"ACCEPTED","hashCode":"SPAN:eS2knCRgLegeRw8bcmSWA:0:32:0:6:0:32:0:7:10:0:undefined:undefined","labelName":"eS2knCRgLegeRw8bcmSWA","labelItem":{"id":"eS2knCRgLegeRw8bcmSWA","labelName":"Skill"},"textPosition":{"start":{"row":32,"column":0,"tokenIndex":6,"charIndex":0},"end":{"row":32,"column":0,"tokenIndex":7,"charIndex":10}},"confidenceScore":null},{"id":"1663428121","labeledBy":"LABELER","labeledByUserId":6821,"acceptedByUserId":null,"rejectedByUserId":null,"layer":0,"counter":0,"status":"ACCEPTED","hashCode":"SPAN:eS2knCRgLegeRw8bcmSWA:0:34:0:1:0:34:0:2:9:0:undefined:undefined","labelName":"eS2knCRgLegeRw8bcmSWA","labelItem":{"id":"eS2knCRgLegeRw8bcmSWA","labelName":"Skill"},"textPosition":{"start":{"row":34,"column":0,"tokenIndex":1,"charIndex":0},"end":{"row":34,"column":0,"tokenIndex":2,"charIndex":9}},"confidenceScore":null},{"id":"1663428124","labeledBy":"LABELER","labeledByUserId":6821,"acceptedByUserId":null,"rejectedByUserId":null,"layer":0,"counter":0,"status":"ACCEPTED","hashCode":"SPAN:eS2knCRgLegeRw8bcmSWA:0:36:0:2:0:36:0:2:3:0:undefined:undefined","labelName":"eS2knCRgLegeRw8bcmSWA","labelItem":{"id":"eS2knCRgLegeRw8bcmSWA","labelName":"Skill"},"textPosition":{"start":{"row":36,"column":0,"tokenIndex":2,"charIndex":0},"end":{"row":36,"column":0,"tokenIndex":2,"charIndex":3}},"confidenceScore":null},{"id":"1663428127","labeledBy":"LABELER","labeledByUserId":6821,"acceptedByUserId":null,"rejectedByUserId":null,"layer":0,"counter":0,"status":"ACCEPTED","hashCode":"SPAN:eS2knCRgLegeRw8bcmSWA:0:36:0:4:0:36:0:5:11:0:undefined:undefined","labelName":"eS2knCRgLegeRw8bcmSWA","labelItem":{"id":"eS2knCRgLegeRw8bcmSWA","labelName":"Skill"},"textPosition":{"start":{"row":36,"column":0,"tokenIndex":4,"charIndex":0},"end":{"row":36,"column":0,"tokenIndex":5,"charIndex":11}},"confidenceScore":null},{"id":"1663428130","labeledBy":"LABELER","labeledByUserId":6821,"acceptedByUserId":null,"rejectedByUserId":null,"layer":0,"counter":0,"status":"ACCEPTED","hashCode":"SPAN:eS2knCRgLegeRw8bcmSWA:0:36:0:8:0:36:0:9:4:0:undefined:undefined","labelName":"eS2knCRgLegeRw8bcmSWA","labelItem":{"id":"eS2knCRgLegeRw8bcmSWA","labelName":"Skill"},"textPosition":{"start":{"row":36,"column":0,"tokenIndex":8,"charIndex":0},"end":{"row":36,"column":0,"tokenIndex":9,"charIndex":4}},"confidenceScore":null},{"id":"1663428133","labeledBy":"LABELER","labeledByUserId":6821,"acceptedByUserId":null,"rejectedByUserId":null,"layer":0,"counter":0,"status":"ACCEPTED","hashCode":"SPAN:eS2knCRgLegeRw8bcmSWA:0:36:0:11:0:36:0:12:5:0:undefined:undefined","labelName":"eS2knCRgLegeRw8bcmSWA","labelItem":{"id":"eS2knCRgLegeRw8bcmSWA","labelName":"Skill"},"textPosition":{"start":{"row":36,"column":0,"tokenIndex":11,"charIndex":0},"end":{"row":36,"column":0,"tokenIndex":12,"charIndex":5}},"confidenceScore":null},{"id":"1663428136","labeledBy":"LABELER","labeledByUserId":6821,"acceptedByUserId":null,"rejectedByUserId":null,"layer":0,"counter":0,"status":"ACCEPTED","hashCode":"SPAN:eS2knCRgLegeRw8bcmSWA:0:36:0:13:0:36:0:15:1:0:undefined:undefined","labelName":"eS2knCRgLegeRw8bcmSWA","labelItem":{"id":"eS2knCRgLegeRw8bcmSWA","labelName":"Skill"},"textPosition":{"start":{"row":36,"column":0,"tokenIndex":13,"charIndex":0},"end":{"row":36,"column":0,"tokenIndex":15,"charIndex":1}},"confidenceScore":null},{"id":"1663428139","labeledBy":"LABELER","labeledByUserId":6821,"acceptedByUserId":null,"rejectedByUserId":null,"layer":0,"counter":0,"status":"ACCEPTED","hashCode":"SPAN:eS2knCRgLegeRw8bcmSWA:0:36:0:16:0:36:0:16:7:0:undefined:undefined","labelName":"eS2knCRgLegeRw8bcmSWA","labelItem":{"id":"eS2knCRgLegeRw8bcmSWA","labelName":"Skill"},"textPosition":{"start":{"row":36,"column":0,"tokenIndex":16,"charIndex":0},"end":{"row":36,"column":0,"tokenIndex":16,"charIndex":7}},"confidenceScore":null},{"id":"1663428142","labeledBy":"LABELER","labeledByUserId":6821,"acceptedByUserId":null,"rejectedByUserId":null,"layer":0,"counter":0,"status":"ACCEPTED","hashCode":"SPAN:eS2knCRgLegeRw8bcmSWA:0:36:0:17:0:36:0:17:6:0:undefined:undefined","labelName":"eS2knCRgLegeRw8bcmSWA","labelItem":{"id":"eS2knCRgLegeRw8bcmSWA","labelName":"Skill"},"textPosition":{"start":{"row":36,"column":0,"tokenIndex":17,"charIndex":0},"end":{"row":36,"column":0,"tokenIndex":17,"charIndex":6}},"confidenceScore":null},{"id":"1663428145","labeledBy":"LABELER","labeledByUserId":6821,"acceptedByUserId":null,"rejectedByUserId":null,"layer":0,"counter":0,"status":"ACCEPTED","hashCode":"SPAN:eS2knCRgLegeRw8bcmSWA:0:36:0:18:0:36:0:19:4:0:undefined:undefined","labelName":"eS2knCRgLegeRw8bcmSWA","labelItem":{"id":"eS2knCRgLegeRw8bcmSWA","labelName":"Skill"},"textPosition":{"start":{"row":36,"column":0,"tokenIndex":18,"charIndex":0},"end":{"row":36,"column":0,"tokenIndex":19,"charIndex":4}},"confidenceScore":null},{"id":"1663428148","labeledBy":"LABELER","labeledByUserId":6821,"acceptedByUserId":null,"rejectedByUserId":null,"layer":0,"counter":0,"status":"ACCEPTED","hashCode":"SPAN:eS2knCRgLegeRw8bcmSWA:0:36:0:21:0:36:0:22:2:0:undefined:undefined","labelName":"eS2knCRgLegeRw8bcmSWA","labelItem":{"id":"eS2knCRgLegeRw8bcmSWA","labelName":"Skill"},"textPosition":{"start":{"row":36,"column":0,"tokenIndex":21,"charIndex":0},"end":{"row":36,"column":0,"tokenIndex":22,"charIndex":2}},"confidenceScore":null},{"id":"1663428151","labeledBy":"LABELER","labeledByUserId":6821,"acceptedByUserId":null,"rejectedByUserId":null,"layer":0,"counter":0,"status":"ACCEPTED","hashCode":"SPAN:eS2knCRgLegeRw8bcmSWA:0:37:0:9:0:37:0:10:9:0:undefined:undefined","labelName":"eS2knCRgLegeRw8bcmSWA","labelItem":{"id":"eS2knCRgLegeRw8bcmSWA","labelName":"Skill"},"textPosition":{"start":{"row":37,"column":0,"tokenIndex":9,"charIndex":0},"end":{"row":37,"column":0,"tokenIndex":10,"charIndex":9}},"confidenceScore":null},{"id":"1663428154","labeledBy":"LABELER","labeledByUserId":6821,"acceptedByUserId":null,"rejectedByUserId":null,"layer":0,"counter":0,"status":"ACCEPTED","hashCode":"SPAN:eS2knCRgLegeRw8bcmSWA:0:42:0:5:0:42:0:6:12:0:undefined:undefined","labelName":"eS2knCRgLegeRw8bcmSWA","labelItem":{"id":"eS2knCRgLegeRw8bcmSWA","labelName":"Skill"},"textPosition":{"start":{"row":42,"column":0,"tokenIndex":5,"charIndex":0},"end":{"row":42,"column":0,"tokenIndex":6,"charIndex":12}},"confidenceScore":null},{"id":"1663428157","labeledBy":"LABELER","labeledByUserId":6821,"acceptedByUserId":null,"rejectedByUserId":null,"layer":0,"counter":0,"status":"ACCEPTED","hashCode":"SPAN:SJEkdao76hjwbb6Fh5SY6:0:42:0:24:0:42:0:25:3:0:undefined:undefined","labelName":"SJEkdao76hjwbb6Fh5SY6","labelItem":{"id":"SJEkdao76hjwbb6Fh5SY6","labelName":"Job Title"},"textPosition":{"start":{"row":42,"column":0,"tokenIndex":24,"charIndex":0},"end":{"row":42,"column":0,"tokenIndex":25,"charIndex":3}},"confidenceScore":null},{"id":"1663428160","labeledBy":"LABELER","labeledByUserId":6821,"acceptedByUserId":null,"rejectedByUserId":null,"layer":0,"counter":0,"status":"ACCEPTED","hashCode":"SPAN:eS2knCRgLegeRw8bcmSWA:0:43:0:1:0:43:0:1:8:0:undefined:undefined","labelName":"eS2knCRgLegeRw8bcmSWA","labelItem":{"id":"eS2knCRgLegeRw8bcmSWA","labelName":"Skill"},"textPosition":{"start":{"row":43,"column":0,"tokenIndex":1,"charIndex":0},"end":{"row":43,"column":0,"tokenIndex":1,"charIndex":8}},"confidenceScore":null},{"id":"1663428163","labeledBy":"LABELER","labeledByUserId":6821,"acceptedByUserId":null,"rejectedByUserId":null,"layer":0,"counter":0,"status":"ACCEPTED","hashCode":"SPAN:eS2knCRgLegeRw8bcmSWA:0:43:0:4:0:43:0:5:8:0:undefined:undefined","labelName":"eS2knCRgLegeRw8bcmSWA","labelItem":{"id":"eS2knCRgLegeRw8bcmSWA","labelName":"Skill"},"textPosition":{"start":{"row":43,"column":0,"tokenIndex":4,"charIndex":0},"end":{"row":43,"column":0,"tokenIndex":5,"charIndex":8}},"confidenceScore":null},{"id":"1663428166","labeledBy":"LABELER","labeledByUserId":6821,"acceptedByUserId":null,"rejectedByUserId":null,"layer":0,"counter":0,"status":"ACCEPTED","hashCode":"SPAN:SJEkdao76hjwbb6Fh5SY6:0:45:0:16:0:45:0:20:7:0:undefined:undefined","labelName":"SJEkdao76hjwbb6Fh5SY6","labelItem":{"id":"SJEkdao76hjwbb6Fh5SY6","labelName":"Job Title"},"textPosition":{"start":{"row":45,"column":0,"tokenIndex":16,"charIndex":0},"end":{"row":45,"column":0,"tokenIndex":20,"charIndex":7}},"confidenceScore":null},{"id":"1663428169","labeledBy":"LABELER","labeledByUserId":6821,"acceptedByUserId":null,"rejectedByUserId":null,"layer":0,"counter":0,"status":"ACCEPTED","hashCode":"SPAN:rj7TW0-ymuRo6f_asXJab:0:45:0:21:0:45:0:23:7:0:undefined:undefined","labelName":"rj7TW0-ymuRo6f_asXJab","labelItem":{"id":"rj7TW0-ymuRo6f_asXJab","labelName":"Company Name"},"textPosition":{"start":{"row":45,"column":0,"tokenIndex":21,"charIndex":0},"end":{"row":45,"column":0,"tokenIndex":23,"charIndex":7}},"confidenceScore":null},{"id":"1663428172","labeledBy":"LABELER","labeledByUserId":6821,"acceptedByUserId":null,"rejectedByUserId":null,"layer":0,"counter":0,"status":"ACCEPTED","hashCode":"SPAN:1R0C50AAwFbEp2O0WmRv6:0:45:0:25:0:45:0:26:1:0:undefined:undefined","labelName":"1R0C50AAwFbEp2O0WmRv6","labelItem":{"id":"1R0C50AAwFbEp2O0WmRv6","labelName":"Location"},"textPosition":{"start":{"row":45,"column":0,"tokenIndex":25,"charIndex":0},"end":{"row":45,"column":0,"tokenIndex":26,"charIndex":1}},"confidenceScore":null},{"id":"1663428175","labeledBy":"LABELER","labeledByUserId":6821,"acceptedByUserId":null,"rejectedByUserId":null,"layer":0,"counter":0,"status":"ACCEPTED","hashCode":"SPAN:52S_6moRfhjC-yXgIBeCp:0:45:0:27:0:45:0:31:3:0:undefined:undefined","labelName":"52S_6moRfhjC-yXgIBeCp","labelItem":{"id":"52S_6moRfhjC-yXgIBeCp","labelName":"Date"},"textPosition":{"start":{"row":45,"column":0,"tokenIndex":27,"charIndex":0},"end":{"row":45,"column":0,"tokenIndex":31,"charIndex":3}},"confidenceScore":null},{"id":"1663428178","labeledBy":"LABELER","labeledByUserId":6821,"acceptedByUserId":null,"rejectedByUserId":null,"layer":0,"counter":0,"status":"ACCEPTED","hashCode":"SPAN:eS2knCRgLegeRw8bcmSWA:0:45:0:34:0:45:0:38:5:0:undefined:undefined","labelName":"eS2knCRgLegeRw8bcmSWA","labelItem":{"id":"eS2knCRgLegeRw8bcmSWA","labelName":"Skill"},"textPosition":{"start":{"row":45,"column":0,"tokenIndex":34,"charIndex":0},"end":{"row":45,"column":0,"tokenIndex":38,"charIndex":5}},"confidenceScore":null},{"id":"1663428181","labeledBy":"LABELER","labeledByUserId":6821,"acceptedByUserId":null,"rejectedByUserId":null,"layer":0,"counter":0,"status":"ACCEPTED","hashCode":"SPAN:eS2knCRgLegeRw8bcmSWA:0:46:0:12:0:46:0:12:9:0:undefined:undefined","labelName":"eS2knCRgLegeRw8bcmSWA","labelItem":{"id":"eS2knCRgLegeRw8bcmSWA","labelName":"Skill"},"textPosition":{"start":{"row":46,"column":0,"tokenIndex":12,"charIndex":0},"end":{"row":46,"column":0,"tokenIndex":12,"charIndex":9}},"confidenceScore":null},{"id":"1663428184","labeledBy":"LABELER","labeledByUserId":6821,"acceptedByUserId":null,"rejectedByUserId":null,"layer":0,"counter":0,"status":"ACCEPTED","hashCode":"SPAN:eS2knCRgLegeRw8bcmSWA:0:46:0:13:0:46:0:13:4:0:undefined:undefined","labelName":"eS2knCRgLegeRw8bcmSWA","labelItem":{"id":"eS2knCRgLegeRw8bcmSWA","labelName":"Skill"},"textPosition":{"start":{"row":46,"column":0,"tokenIndex":13,"charIndex":0},"end":{"row":46,"column":0,"tokenIndex":13,"charIndex":4}},"confidenceScore":null},{"id":"1663428187","labeledBy":"LABELER","labeledByUserId":6821,"acceptedByUserId":null,"rejectedByUserId":null,"layer":0,"counter":0,"status":"ACCEPTED","hashCode":"SPAN:eS2knCRgLegeRw8bcmSWA:0:46:0:14:0:46:0:14:6:0:undefined:undefined","labelName":"eS2knCRgLegeRw8bcmSWA","labelItem":{"id":"eS2knCRgLegeRw8bcmSWA","labelName":"Skill"},"textPosition":{"start":{"row":46,"column":0,"tokenIndex":14,"charIndex":0},"end":{"row":46,"column":0,"tokenIndex":14,"charIndex":6}},"confidenceScore":null},{"id":"1663428190","labeledBy":"LABELER","labeledByUserId":6821,"acceptedByUserId":null,"rejectedByUserId":null,"layer":0,"counter":0,"status":"ACCEPTED","hashCode":"SPAN:eS2knCRgLegeRw8bcmSWA:0:47:0:2:0:47:0:3:8:0:undefined:undefined","labelName":"eS2knCRgLegeRw8bcmSWA","labelItem":{"id":"eS2knCRgLegeRw8bcmSWA","labelName":"Skill"},"textPosition":{"start":{"row":47,"column":0,"tokenIndex":2,"charIndex":0},"end":{"row":47,"column":0,"tokenIndex":3,"charIndex":8}},"confidenceScore":null},{"id":"1663428193","labeledBy":"LABELER","labeledByUserId":6821,"acceptedByUserId":null,"rejectedByUserId":null,"layer":0,"counter":0,"status":"ACCEPTED","hashCode":"SPAN:SJEkdao76hjwbb6Fh5SY6:0:47:0:26:0:47:0:27:3:0:undefined:undefined","labelName":"SJEkdao76hjwbb6Fh5SY6","labelItem":{"id":"SJEkdao76hjwbb6Fh5SY6","labelName":"Job Title"},"textPosition":{"start":{"row":47,"column":0,"tokenIndex":26,"charIndex":0},"end":{"row":47,"column":0,"tokenIndex":27,"charIndex":3}},"confidenceScore":null},{"id":"1663428196","labeledBy":"LABELER","labeledByUserId":6821,"acceptedByUserId":null,"rejectedByUserId":null,"layer":0,"counter":0,"status":"ACCEPTED","hashCode":"SPAN:eS2knCRgLegeRw8bcmSWA:0:49:0:1:0:49:0:5:6:0:undefined:undefined","labelName":"eS2knCRgLegeRw8bcmSWA","labelItem":{"id":"eS2knCRgLegeRw8bcmSWA","labelName":"Skill"},"textPosition":{"start":{"row":49,"column":0,"tokenIndex":1,"charIndex":0},"end":{"row":49,"column":0,"tokenIndex":5,"charIndex":6}},"confidenceScore":null},{"id":"1663428199","labeledBy":"LABELER","labeledByUserId":6821,"acceptedByUserId":null,"rejectedByUserId":null,"layer":0,"counter":0,"status":"ACCEPTED","hashCode":"SPAN:eS2knCRgLegeRw8bcmSWA:0:49:0:6:0:49:0:9:4:0:undefined:undefined","labelName":"eS2knCRgLegeRw8bcmSWA","labelItem":{"id":"eS2knCRgLegeRw8bcmSWA","labelName":"Skill"},"textPosition":{"start":{"row":49,"column":0,"tokenIndex":6,"charIndex":0},"end":{"row":49,"column":0,"tokenIndex":9,"charIndex":4}},"confidenceScore":null},{"id":"1663428202","labeledBy":"LABELER","labeledByUserId":6821,"acceptedByUserId":null,"rejectedByUserId":null,"layer":0,"counter":0,"status":"ACCEPTED","hashCode":"SPAN:eS2knCRgLegeRw8bcmSWA:0:49:0:11:0:49:0:15:5:0:undefined:undefined","labelName":"eS2knCRgLegeRw8bcmSWA","labelItem":{"id":"eS2knCRgLegeRw8bcmSWA","labelName":"Skill"},"textPosition":{"start":{"row":49,"column":0,"tokenIndex":11,"charIndex":0},"end":{"row":49,"column":0,"tokenIndex":15,"charIndex":5}},"confidenceScore":null},{"id":"1663428205","labeledBy":"LABELER","labeledByUserId":6821,"acceptedByUserId":null,"rejectedByUserId":null,"layer":0,"counter":0,"status":"ACCEPTED","hashCode":"SPAN:eS2knCRgLegeRw8bcmSWA:0:49:0:28:0:49:0:31:5:0:undefined:undefined","labelName":"eS2knCRgLegeRw8bcmSWA","labelItem":{"id":"eS2knCRgLegeRw8bcmSWA","labelName":"Skill"},"textPosition":{"start":{"row":49,"column":0,"tokenIndex":28,"charIndex":0},"end":{"row":49,"column":0,"tokenIndex":31,"charIndex":5}},"confidenceScore":null},{"id":"1663428208","labeledBy":"LABELER","labeledByUserId":6821,"acceptedByUserId":null,"rejectedByUserId":null,"layer":0,"counter":0,"status":"ACCEPTED","hashCode":"SPAN:eS2knCRgLegeRw8bcmSWA:0:49:0:32:0:49:0:34:5:0:undefined:undefined","labelName":"eS2knCRgLegeRw8bcmSWA","labelItem":{"id":"eS2knCRgLegeRw8bcmSWA","labelName":"Skill"},"textPosition":{"start":{"row":49,"column":0,"tokenIndex":32,"charIndex":0},"end":{"row":49,"column":0,"tokenIndex":34,"charIndex":5}},"confidenceScore":null},{"id":"1663428211","labeledBy":"LABELER","labeledByUserId":6821,"acceptedByUserId":null,"rejectedByUserId":null,"layer":0,"counter":0,"status":"ACCEPTED","hashCode":"SPAN:eS2knCRgLegeRw8bcmSWA:0:49:0:35:0:49:0:38:5:0:undefined:undefined","labelName":"eS2knCRgLegeRw8bcmSWA","labelItem":{"id":"eS2knCRgLegeRw8bcmSWA","labelName":"Skill"},"textPosition":{"start":{"row":49,"column":0,"tokenIndex":35,"charIndex":0},"end":{"row":49,"column":0,"tokenIndex":38,"charIndex":5}},"confidenceScore":null},{"id":"1663428214","labeledBy":"LABELER","labeledByUserId":6821,"acceptedByUserId":null,"rejectedByUserId":null,"layer":0,"counter":0,"status":"ACCEPTED","hashCode":"SPAN:eS2knCRgLegeRw8bcmSWA:0:49:0:39:0:49:0:42:4:0:undefined:undefined","labelName":"eS2knCRgLegeRw8bcmSWA","labelItem":{"id":"eS2knCRgLegeRw8bcmSWA","labelName":"Skill"},"textPosition":{"start":{"row":49,"column":0,"tokenIndex":39,"charIndex":0},"end":{"row":49,"column":0,"tokenIndex":42,"charIndex":4}},"confidenceScore":null},{"id":"1663428217","labeledBy":"LABELER","labeledByUserId":6821,"acceptedByUserId":null,"rejectedByUserId":null,"layer":0,"counter":0,"status":"ACCEPTED","hashCode":"SPAN:SJEkdao76hjwbb6Fh5SY6:0:55:0:38:0:55:0:43:7:0:undefined:undefined","labelName":"SJEkdao76hjwbb6Fh5SY6","labelItem":{"id":"SJEkdao76hjwbb6Fh5SY6","labelName":"Job Title"},"textPosition":{"start":{"row":55,"column":0,"tokenIndex":38,"charIndex":0},"end":{"row":55,"column":0,"tokenIndex":43,"charIndex":7}},"confidenceScore":null},{"id":"1663428220","labeledBy":"LABELER","labeledByUserId":6821,"acceptedByUserId":null,"rejectedByUserId":null,"layer":0,"counter":0,"status":"ACCEPTED","hashCode":"SPAN:rj7TW0-ymuRo6f_asXJab:0:55:0:44:0:55:0:45:11:0:undefined:undefined","labelName":"rj7TW0-ymuRo6f_asXJab","labelItem":{"id":"rj7TW0-ymuRo6f_asXJab","labelName":"Company Name"},"textPosition":{"start":{"row":55,"column":0,"tokenIndex":44,"charIndex":0},"end":{"row":55,"column":0,"tokenIndex":45,"charIndex":11}},"confidenceScore":null},{"id":"1663428223","labeledBy":"LABELER","labeledByUserId":6821,"acceptedByUserId":null,"rejectedByUserId":null,"layer":0,"counter":0,"status":"ACCEPTED","hashCode":"SPAN:1R0C50AAwFbEp2O0WmRv6:0:55:0:47:0:55:0:48:1:0:undefined:undefined","labelName":"1R0C50AAwFbEp2O0WmRv6","labelItem":{"id":"1R0C50AAwFbEp2O0WmRv6","labelName":"Location"},"textPosition":{"start":{"row":55,"column":0,"tokenIndex":47,"charIndex":0},"end":{"row":55,"column":0,"tokenIndex":48,"charIndex":1}},"confidenceScore":null},{"id":"1663428226","labeledBy":"LABELER","labeledByUserId":6821,"acceptedByUserId":null,"rejectedByUserId":null,"layer":0,"counter":0,"status":"ACCEPTED","hashCode":"SPAN:52S_6moRfhjC-yXgIBeCp:0:55:0:49:0:55:0:53:3:0:undefined:undefined","labelName":"52S_6moRfhjC-yXgIBeCp","labelItem":{"id":"52S_6moRfhjC-yXgIBeCp","labelName":"Date"},"textPosition":{"start":{"row":55,"column":0,"tokenIndex":49,"charIndex":0},"end":{"row":55,"column":0,"tokenIndex":53,"charIndex":3}},"confidenceScore":null},{"id":"1663428229","labeledBy":"LABELER","labeledByUserId":6821,"acceptedByUserId":null,"rejectedByUserId":null,"layer":0,"counter":0,"status":"ACCEPTED","hashCode":"SPAN:eS2knCRgLegeRw8bcmSWA:0:57:0:8:0:57:0:9:7:0:undefined:undefined","labelName":"eS2knCRgLegeRw8bcmSWA","labelItem":{"id":"eS2knCRgLegeRw8bcmSWA","labelName":"Skill"},"textPosition":{"start":{"row":57,"column":0,"tokenIndex":8,"charIndex":0},"end":{"row":57,"column":0,"tokenIndex":9,"charIndex":7}},"confidenceScore":null},{"id":"1663428232","labeledBy":"LABELER","labeledByUserId":6821,"acceptedByUserId":null,"rejectedByUserId":null,"layer":0,"counter":0,"status":"ACCEPTED","hashCode":"SPAN:eS2knCRgLegeRw8bcmSWA:0:57:0:10:0:57:0:10:5:0:undefined:undefined","labelName":"eS2knCRgLegeRw8bcmSWA","labelItem":{"id":"eS2knCRgLegeRw8bcmSWA","labelName":"Skill"},"textPosition":{"start":{"row":57,"column":0,"tokenIndex":10,"charIndex":0},"end":{"row":57,"column":0,"tokenIndex":10,"charIndex":5}},"confidenceScore":null},{"id":"1663428235","labeledBy":"LABELER","labeledByUserId":6821,"acceptedByUserId":null,"rejectedByUserId":null,"layer":0,"counter":0,"status":"ACCEPTED","hashCode":"SPAN:eS2knCRgLegeRw8bcmSWA:0:57:0:11:0:57:0:11:3:0:undefined:undefined","labelName":"eS2knCRgLegeRw8bcmSWA","labelItem":{"id":"eS2knCRgLegeRw8bcmSWA","labelName":"Skill"},"textPosition":{"start":{"row":57,"column":0,"tokenIndex":11,"charIndex":0},"end":{"row":57,"column":0,"tokenIndex":11,"charIndex":3}},"confidenceScore":null},{"id":"1663428238","labeledBy":"LABELER","labeledByUserId":6821,"acceptedByUserId":null,"rejectedByUserId":null,"layer":0,"counter":0,"status":"ACCEPTED","hashCode":"SPAN:eS2knCRgLegeRw8bcmSWA:0:57:0:12:0:57:0:12:2:0:undefined:undefined","labelName":"eS2knCRgLegeRw8bcmSWA","labelItem":{"id":"eS2knCRgLegeRw8bcmSWA","labelName":"Skill"},"textPosition":{"start":{"row":57,"column":0,"tokenIndex":12,"charIndex":0},"end":{"row":57,"column":0,"tokenIndex":12,"charIndex":2}},"confidenceScore":null},{"id":"1663428241","labeledBy":"LABELER","labeledByUserId":6821,"acceptedByUserId":null,"rejectedByUserId":null,"layer":0,"counter":0,"status":"ACCEPTED","hashCode":"SPAN:eS2knCRgLegeRw8bcmSWA:0:57:0:13:0:57:0:13:3:0:undefined:undefined","labelName":"eS2knCRgLegeRw8bcmSWA","labelItem":{"id":"eS2knCRgLegeRw8bcmSWA","labelName":"Skill"},"textPosition":{"start":{"row":57,"column":0,"tokenIndex":13,"charIndex":0},"end":{"row":57,"column":0,"tokenIndex":13,"charIndex":3}},"confidenceScore":null},{"id":"1663428244","labeledBy":"LABELER","labeledByUserId":6821,"acceptedByUserId":null,"rejectedByUserId":null,"layer":0,"counter":0,"status":"ACCEPTED","hashCode":"SPAN:eS2knCRgLegeRw8bcmSWA:0:58:0:4:0:58:0:5:4:0:undefined:undefined","labelName":"eS2knCRgLegeRw8bcmSWA","labelItem":{"id":"eS2knCRgLegeRw8bcmSWA","labelName":"Skill"},"textPosition":{"start":{"row":58,"column":0,"tokenIndex":4,"charIndex":0},"end":{"row":58,"column":0,"tokenIndex":5,"charIndex":4}},"confidenceScore":null},{"id":"1663428247","labeledBy":"LABELER","labeledByUserId":6821,"acceptedByUserId":null,"rejectedByUserId":null,"layer":0,"counter":0,"status":"ACCEPTED","hashCode":"SPAN:eS2knCRgLegeRw8bcmSWA:0:58:0:8:0:58:0:9:3:0:undefined:undefined","labelName":"eS2knCRgLegeRw8bcmSWA","labelItem":{"id":"eS2knCRgLegeRw8bcmSWA","labelName":"Skill"},"textPosition":{"start":{"row":58,"column":0,"tokenIndex":8,"charIndex":0},"end":{"row":58,"column":0,"tokenIndex":9,"charIndex":3}},"confidenceScore":null},{"id":"1663428250","labeledBy":"LABELER","labeledByUserId":6821,"acceptedByUserId":null,"rejectedByUserId":null,"layer":0,"counter":0,"status":"ACCEPTED","hashCode":"SPAN:eS2knCRgLegeRw8bcmSWA:0:60:0:4:0:60:0:7:5:0:undefined:undefined","labelName":"eS2knCRgLegeRw8bcmSWA","labelItem":{"id":"eS2knCRgLegeRw8bcmSWA","labelName":"Skill"},"textPosition":{"start":{"row":60,"column":0,"tokenIndex":4,"charIndex":0},"end":{"row":60,"column":0,"tokenIndex":7,"charIndex":5}},"confidenceScore":null},{"id":"1663428253","labeledBy":"LABELER","labeledByUserId":6821,"acceptedByUserId":null,"rejectedByUserId":null,"layer":0,"counter":0,"status":"ACCEPTED","hashCode":"SPAN:eS2knCRgLegeRw8bcmSWA:0:60:0:8:0:60:0:11:5:0:undefined:undefined","labelName":"eS2knCRgLegeRw8bcmSWA","labelItem":{"id":"eS2knCRgLegeRw8bcmSWA","labelName":"Skill"},"textPosition":{"start":{"row":60,"column":0,"tokenIndex":8,"charIndex":0},"end":{"row":60,"column":0,"tokenIndex":11,"charIndex":5}},"confidenceScore":null},{"id":"1663428256","labeledBy":"LABELER","labeledByUserId":6821,"acceptedByUserId":null,"rejectedByUserId":null,"layer":0,"counter":0,"status":"ACCEPTED","hashCode":"SPAN:eS2knCRgLegeRw8bcmSWA:0:60:0:12:0:60:0:15:5:0:undefined:undefined","labelName":"eS2knCRgLegeRw8bcmSWA","labelItem":{"id":"eS2knCRgLegeRw8bcmSWA","labelName":"Skill"},"textPosition":{"start":{"row":60,"column":0,"tokenIndex":12,"charIndex":0},"end":{"row":60,"column":0,"tokenIndex":15,"charIndex":5}},"confidenceScore":null},{"id":"1663428259","labeledBy":"LABELER","labeledByUserId":6821,"acceptedByUserId":null,"rejectedByUserId":null,"layer":0,"counter":0,"status":"ACCEPTED","hashCode":"SPAN:eS2knCRgLegeRw8bcmSWA:0:60:0:16:0:60:0:18:3:0:undefined:undefined","labelName":"eS2knCRgLegeRw8bcmSWA","labelItem":{"id":"eS2knCRgLegeRw8bcmSWA","labelName":"Skill"},"textPosition":{"start":{"row":60,"column":0,"tokenIndex":16,"charIndex":0},"end":{"row":60,"column":0,"tokenIndex":18,"charIndex":3}},"confidenceScore":null},{"id":"1663428262","labeledBy":"LABELER","labeledByUserId":6821,"acceptedByUserId":null,"rejectedByUserId":null,"layer":0,"counter":0,"status":"ACCEPTED","hashCode":"SPAN:eS2knCRgLegeRw8bcmSWA:0:60:0:20:0:60:0:21:13:0:undefined:undefined","labelName":"eS2knCRgLegeRw8bcmSWA","labelItem":{"id":"eS2knCRgLegeRw8bcmSWA","labelName":"Skill"},"textPosition":{"start":{"row":60,"column":0,"tokenIndex":20,"charIndex":0},"end":{"row":60,"column":0,"tokenIndex":21,"charIndex":13}},"confidenceScore":null},{"id":"1663428265","labeledBy":"LABELER","labeledByUserId":6821,"acceptedByUserId":null,"rejectedByUserId":null,"layer":0,"counter":0,"status":"ACCEPTED","hashCode":"SPAN:SJEkdao76hjwbb6Fh5SY6:0:65:0:0:0:65:0:2:5:0:undefined:undefined","labelName":"SJEkdao76hjwbb6Fh5SY6","labelItem":{"id":"SJEkdao76hjwbb6Fh5SY6","labelName":"Job Title"},"textPosition":{"start":{"row":65,"column":0,"tokenIndex":0,"charIndex":0},"end":{"row":65,"column":0,"tokenIndex":2,"charIndex":5}},"confidenceScore":null},{"id":"1663428268","labeledBy":"LABELER","labeledByUserId":6821,"acceptedByUserId":null,"rejectedByUserId":null,"layer":0,"counter":0,"status":"ACCEPTED","hashCode":"SPAN:rj7TW0-ymuRo6f_asXJab:0:65:0:3:0:65:0:5:9:0:undefined:undefined","labelName":"rj7TW0-ymuRo6f_asXJab","labelItem":{"id":"rj7TW0-ymuRo6f_asXJab","labelName":"Company Name"},"textPosition":{"start":{"row":65,"column":0,"tokenIndex":3,"charIndex":0},"end":{"row":65,"column":0,"tokenIndex":5,"charIndex":9}},"confidenceScore":null},{"id":"1663428271","labeledBy":"LABELER","labeledByUserId":6821,"acceptedByUserId":null,"rejectedByUserId":null,"layer":0,"counter":0,"status":"ACCEPTED","hashCode":"SPAN:1R0C50AAwFbEp2O0WmRv6:0:65:0:7:0:65:0:8:1:0:undefined:undefined","labelName":"1R0C50AAwFbEp2O0WmRv6","labelItem":{"id":"1R0C50AAwFbEp2O0WmRv6","labelName":"Location"},"textPosition":{"start":{"row":65,"column":0,"tokenIndex":7,"charIndex":0},"end":{"row":65,"column":0,"tokenIndex":8,"charIndex":1}},"confidenceScore":null},{"id":"1663428274","labeledBy":"LABELER","labeledByUserId":6821,"acceptedByUserId":null,"rejectedByUserId":null,"layer":0,"counter":0,"status":"ACCEPTED","hashCode":"SPAN:52S_6moRfhjC-yXgIBeCp:0:65:0:9:0:65:0:13:3:0:undefined:undefined","labelName":"52S_6moRfhjC-yXgIBeCp","labelItem":{"id":"52S_6moRfhjC-yXgIBeCp","labelName":"Date"},"textPosition":{"start":{"row":65,"column":0,"tokenIndex":9,"charIndex":0},"end":{"row":65,"column":0,"tokenIndex":13,"charIndex":3}},"confidenceScore":null},{"id":"1663428277","labeledBy":"LABELER","labeledByUserId":6821,"acceptedByUserId":null,"rejectedByUserId":null,"layer":0,"counter":0,"status":"ACCEPTED","hashCode":"SPAN:rj7TW0-ymuRo6f_asXJab:0:65:0:29:0:65:0:31:9:0:undefined:undefined","labelName":"rj7TW0-ymuRo6f_asXJab","labelItem":{"id":"rj7TW0-ymuRo6f_asXJab","labelName":"Company Name"},"textPosition":{"start":{"row":65,"column":0,"tokenIndex":29,"charIndex":0},"end":{"row":65,"column":0,"tokenIndex":31,"charIndex":9}},"confidenceScore":null},{"id":"1663428280","labeledBy":"LABELER","labeledByUserId":6821,"acceptedByUserId":null,"rejectedByUserId":null,"layer":0,"counter":0,"status":"ACCEPTED","hashCode":"SPAN:eS2knCRgLegeRw8bcmSWA:0:70:0:2:0:70:0:2:12:0:undefined:undefined","labelName":"eS2knCRgLegeRw8bcmSWA","labelItem":{"id":"eS2knCRgLegeRw8bcmSWA","labelName":"Skill"},"textPosition":{"start":{"row":70,"column":0,"tokenIndex":2,"charIndex":0},"end":{"row":70,"column":0,"tokenIndex":2,"charIndex":12}},"confidenceScore":null},{"id":"1663428283","labeledBy":"LABELER","labeledByUserId":6821,"acceptedByUserId":null,"rejectedByUserId":null,"layer":0,"counter":0,"status":"ACCEPTED","hashCode":"SPAN:eS2knCRgLegeRw8bcmSWA:0:70:0:7:0:70:0:9:17:0:undefined:undefined","labelName":"eS2knCRgLegeRw8bcmSWA","labelItem":{"id":"eS2knCRgLegeRw8bcmSWA","labelName":"Skill"},"textPosition":{"start":{"row":70,"column":0,"tokenIndex":7,"charIndex":0},"end":{"row":70,"column":0,"tokenIndex":9,"charIndex":17}},"confidenceScore":null},{"id":"1663428286","labeledBy":"LABELER","labeledByUserId":6821,"acceptedByUserId":null,"rejectedByUserId":null,"layer":0,"counter":0,"status":"ACCEPTED","hashCode":"SPAN:eS2knCRgLegeRw8bcmSWA:0:70:0:14:0:70:0:15:9:0:undefined:undefined","labelName":"eS2knCRgLegeRw8bcmSWA","labelItem":{"id":"eS2knCRgLegeRw8bcmSWA","labelName":"Skill"},"textPosition":{"start":{"row":70,"column":0,"tokenIndex":14,"charIndex":0},"end":{"row":70,"column":0,"tokenIndex":15,"charIndex":9}},"confidenceScore":null},{"id":"1663428289","labeledBy":"LABELER","labeledByUserId":6821,"acceptedByUserId":null,"rejectedByUserId":null,"layer":0,"counter":0,"status":"ACCEPTED","hashCode":"SPAN:eS2knCRgLegeRw8bcmSWA:0:70:0:17:0:70:0:21:5:0:undefined:undefined","labelName":"eS2knCRgLegeRw8bcmSWA","labelItem":{"id":"eS2knCRgLegeRw8bcmSWA","labelName":"Skill"},"textPosition":{"start":{"row":70,"column":0,"tokenIndex":17,"charIndex":0},"end":{"row":70,"column":0,"tokenIndex":21,"charIndex":5}},"confidenceScore":null},{"id":"1663428292","labeledBy":"LABELER","labeledByUserId":6821,"acceptedByUserId":null,"rejectedByUserId":null,"layer":0,"counter":0,"status":"ACCEPTED","hashCode":"SPAN:IeEoIKabMl51BJE0gX2YL:0:71:0:18:0:71:0:23:7:0:undefined:undefined","labelName":"IeEoIKabMl51BJE0gX2YL","labelItem":{"id":"IeEoIKabMl51BJE0gX2YL","labelName":"Degree"},"textPosition":{"start":{"row":71,"column":0,"tokenIndex":18,"charIndex":0},"end":{"row":71,"column":0,"tokenIndex":23,"charIndex":7}},"confidenceScore":null}],"arrowLabels":[],"boundingBoxLabels":[],"timeLabels":[],"comments":[],"url":"datasaur://static/6814/5a174491-d5de-4af3-b7bc-fea3d6424ae4.txt"}}
