{"version":"1","data":{"project":{"id":"ODBjYmQ2MDg","name":"NLP SSM Final Project"},"document":{"id":"110bba82-f4cc-4012-a770-f7a7282c944f","name":"resume_3317_d2.txt"},"kinds":["TOKEN_BASED"],"rows":[[{"content":"Lead Network Engineer Lead Network Engineer Lead Network Engineer - Trescal Corp. Howell, M. I Mount Morris, MI Work Experience Lead Network Engineer Trescal Corp. Howell, M. I May 2016 to Present Design, Build and implement corporate networks Coordinate Travel and Time frames for acquisition integrations and Systems Mergers Maintain Data Center and 20+ sites around the United States Coordinate daily operations with Development and Systems Teams for Hardware and Systems testing and integration Maintain 4+ E.R.P Systems Design, Test and implement Cyber security policies to protect against ransomware and other threats.","tokens":["Lead","Network","Engineer","Lead","Network","Engineer","Lead","Network","Engineer","-","Trescal","Corp.","Howell,","M.","I","Mount","Morris,","MI","Work","Experience","Lead","Network","Engineer","Trescal","Corp.","Howell,","M.","I","May","2016","to","Present","Design,","Build","and","implement","corporate","networks","Coordinate","Travel","and","Time","frames","for","acquisition","integrations","and","Systems","Mergers","Maintain","Data","Center","and","20+","sites","around","the","United","States","Coordinate","daily","operations","with","Development","and","Systems","Teams","for","Hardware","and","Systems","testing","and","integration","Maintain","4+","E.R.P","Systems","Design,","Test","and","implement","Cyber","security","policies","to","protect","against","ransomware","and","other","threats."],"metadata":[]}],[{"content":"Train Systems Administrators on procedures and validate work before being posted to live environment.","tokens":["Train","Systems","Administrators","on","procedures","and","validate","work","before","being","posted","to","live","environment."],"metadata":[]}],[{"content":"Perpetual workload, Prioritize and maintain plan of concerns and develop plans with Teams to coordinate response.","tokens":["Perpetual","workload,","Prioritize","and","maintain","plan","of","concerns","and","develop","plans","with","Teams","to","coordinate","response."],"metadata":[]}],[{"content":"Maintain Corporate Phone Systems, Servers,Databases,Backup Locations and Daily Task.","tokens":["Maintain","Corporate","Phone","Systems,","Servers,Databases,Backup","Locations","and","Daily","Task."],"metadata":[]}],[{"content":"Always on call, I am the last line of defense.","tokens":["Always","on","call,","I","am","the","last","line","of","defense."],"metadata":[]}],[{"content":"Frequent Travel.","tokens":["Frequent","Travel."],"metadata":[]}],[{"content":"Network Administrator Mid Michigan Medical Billing February 2015 to May 2016 Manage, monitor and troubleshoot over 40 different clients Build and maintain servers Work on office equipment, laptops, switches, modems, printers and faxes Run network cabling along with coax for Closed Circuit Television.","tokens":["Network","Administrator","Mid","Michigan","Medical","Billing","February","2015","to","May","2016","Manage,","monitor","and","troubleshoot","over","40","different","clients","Build","and","maintain","servers","Work","on","office","equipment,","laptops,","switches,","modems,","printers","and","faxes","Run","network","cabling","along","with","coax","for","Closed","Circuit","Television."],"metadata":[]}],[{"content":"Maintain active directory, storage space, and functionality across server platforms Set up VPN's for distant offices.","tokens":["Maintain","active","directory,","storage","space,","and","functionality","across","server","platforms","Set","up","VPN's","for","distant","offices."],"metadata":[]}],[{"content":"Service and maintain phone systems DC Migrations, TS Migrations, File Server Migrations Tech/sales Clio Computers August 2014 to April 2015 Build computers, commercial and residential Maintain systems, clean up malware and viruses including host.dll virus, ransom ware, rootkits along with ransom ware Manage server software Make crossover cables for everyday use Configure devices such as modems, routers (ap's), and other wireless devices Education Associate in Computer Science Baker College of Flint - Flint, MI June 2012 to June 2015 Skills Firewalls (5 years), Hyper-v (4 years), Linux (2 years), SQL Database Management (2 years), Networking (6 years), Team management (2 years), Virtual machine (7 years), Vmware (7 years), ERP Integrations (3 years), All windows Server 2003-19 (6 years), Xenserver (4 years), Phones (5 years), Network Conversions (4 years), Network Security (5 years), Network Administration (6 years), Systems Integration (5 years), LAN (5 years), Cloud Computing (4 years), Computer Hardware (6 years), Computer Repair (6 years)","tokens":["Service","and","maintain","phone","systems","DC","Migrations,","TS","Migrations,","File","Server","Migrations","Tech/sales","Clio","Computers","August","2014","to","April","2015","Build","computers,","commercial","and","residential","Maintain","systems,","clean","up","malware","and","viruses","including","host.dll","virus,","ransom","ware,","rootkits","along","with","ransom","ware","Manage","server","software","Make","crossover","cables","for","everyday","use","Configure","devices","such","as","modems,","routers","(ap's),","and","other","wireless","devices","Education","Associate","in","Computer","Science","Baker","College","of","Flint","-","Flint,","MI","June","2012","to","June","2015","Skills","Firewalls","(5","years),","Hyper-v","(4","years),","Linux","(2","years),","SQL","Database","Management","(2","years),","Networking","(6","years),","Team","management","(2","years),","Virtual","machine","(7","years),","Vmware","(7","years),","ERP","Integrations","(3","years),","All","windows","Server","2003-19","(6","years),","Xenserver","(4","years),","Phones","(5","years),","Network","Conversions","(4","years),","Network","Security","(5","years),","Network","Administration","(6","years),","Systems","Integration","(5","years),","LAN","(5","years),","Cloud","Computing","(4","years),","Computer","Hardware","(6","years),","Computer","Repair","(6","years)"],"metadata":[]}]],"labelerInfo":{"id":6821,"email":"tli94@jh.edu","displayName":"Thomas Li"},"labelSets":[{"name":"Resume Labels","index":0,"labelItems":[{"id":"Kj5U6n9NUqTXuWcB3c_7L","labelName":"College"},{"id":"rj7TW0-ymuRo6f_asXJab","labelName":"Company Name"},{"id":"SJEkdao76hjwbb6Fh5SY6","labelName":"Job Title"},{"id":"BjO8MdvK2KI4E5iMEeY4B","labelName":"Graduation Year"},{"id":"eS2knCRgLegeRw8bcmSWA","labelName":"Skill"},{"id":"IeEoIKabMl51BJE0gX2YL","labelName":"Degree"},{"id":"1R0C50AAwFbEp2O0WmRv6","labelName":"Location"},{"id":"zQcc4ygexJ_A3Gb0NeRTk","labelName":"Years of Experience"},{"id":"52S_6moRfhjC-yXgIBeCp","labelName":"Date"},{"id":"KiLarWmwlU1E3-FfdG6Qg","labelName":"Project"},{"id":"dyxKKTAxW1z5ifjPj42BI","labelName":"Name"}]}],"spanLabels":[{"id":"1663426944","labeledBy":"LABELER","labeledByUserId":6821,"acceptedByUserId":null,"rejectedByUserId":null,"layer":0,"counter":0,"status":"ACCEPTED","hashCode":"SPAN:SJEkdao76hjwbb6Fh5SY6:0:0:0:0:0:0:0:2:7:0:undefined:undefined","labelName":"SJEkdao76hjwbb6Fh5SY6","labelItem":{"id":"SJEkdao76hjwbb6Fh5SY6","labelName":"Job Title"},"textPosition":{"start":{"row":0,"column":0,"tokenIndex":0,"charIndex":0},"end":{"row":0,"column":0,"tokenIndex":2,"charIndex":7}},"confidenceScore":null},{"id":"1663426947","labeledBy":"LABELER","labeledByUserId":6821,"acceptedByUserId":null,"rejectedByUserId":null,"layer":0,"counter":0,"status":"ACCEPTED","hashCode":"SPAN:SJEkdao76hjwbb6Fh5SY6:0:0:0:3:0:0:0:5:7:0:undefined:undefined","labelName":"SJEkdao76hjwbb6Fh5SY6","labelItem":{"id":"SJEkdao76hjwbb6Fh5SY6","labelName":"Job Title"},"textPosition":{"start":{"row":0,"column":0,"tokenIndex":3,"charIndex":0},"end":{"row":0,"column":0,"tokenIndex":5,"charIndex":7}},"confidenceScore":null},{"id":"1663426950","labeledBy":"LABELER","labeledByUserId":6821,"acceptedByUserId":null,"rejectedByUserId":null,"layer":0,"counter":0,"status":"ACCEPTED","hashCode":"SPAN:SJEkdao76hjwbb6Fh5SY6:0:0:0:6:0:0:0:8:7:0:undefined:undefined","labelName":"SJEkdao76hjwbb6Fh5SY6","labelItem":{"id":"SJEkdao76hjwbb6Fh5SY6","labelName":"Job Title"},"textPosition":{"start":{"row":0,"column":0,"tokenIndex":6,"charIndex":0},"end":{"row":0,"column":0,"tokenIndex":8,"charIndex":7}},"confidenceScore":null},{"id":"1663426965","labeledBy":"LABELER","labeledByUserId":6821,"acceptedByUserId":null,"rejectedByUserId":null,"layer":0,"counter":0,"status":"ACCEPTED","hashCode":"SPAN:rj7TW0-ymuRo6f_asXJab:0:0:0:10:0:0:0:14:0:0:undefined:undefined","labelName":"rj7TW0-ymuRo6f_asXJab","labelItem":{"id":"rj7TW0-ymuRo6f_asXJab","labelName":"Company Name"},"textPosition":{"start":{"row":0,"column":0,"tokenIndex":10,"charIndex":0},"end":{"row":0,"column":0,"tokenIndex":14,"charIndex":0}},"confidenceScore":null},{"id":"1663426956","labeledBy":"LABELER","labeledByUserId":6821,"acceptedByUserId":null,"rejectedByUserId":null,"layer":0,"counter":0,"status":"ACCEPTED","hashCode":"SPAN:1R0C50AAwFbEp2O0WmRv6:0:0:0:15:0:0:0:17:1:0:undefined:undefined","labelName":"1R0C50AAwFbEp2O0WmRv6","labelItem":{"id":"1R0C50AAwFbEp2O0WmRv6","labelName":"Location"},"textPosition":{"start":{"row":0,"column":0,"tokenIndex":15,"charIndex":0},"end":{"row":0,"column":0,"tokenIndex":17,"charIndex":1}},"confidenceScore":null},{"id":"1663426959","labeledBy":"LABELER","labeledByUserId":6821,"acceptedByUserId":null,"rejectedByUserId":null,"layer":0,"counter":0,"status":"ACCEPTED","hashCode":"SPAN:SJEkdao76hjwbb6Fh5SY6:0:0:0:21:0:0:0:22:7:0:undefined:undefined","labelName":"SJEkdao76hjwbb6Fh5SY6","labelItem":{"id":"SJEkdao76hjwbb6Fh5SY6","labelName":"Job Title"},"textPosition":{"start":{"row":0,"column":0,"tokenIndex":21,"charIndex":0},"end":{"row":0,"column":0,"tokenIndex":22,"charIndex":7}},"confidenceScore":null},{"id":"1663426962","labeledBy":"LABELER","labeledByUserId":6821,"acceptedByUserId":null,"rejectedByUserId":null,"layer":0,"counter":0,"status":"ACCEPTED","hashCode":"SPAN:rj7TW0-ymuRo6f_asXJab:0:0:0:23:0:0:0:27:0:0:undefined:undefined","labelName":"rj7TW0-ymuRo6f_asXJab","labelItem":{"id":"rj7TW0-ymuRo6f_asXJab","labelName":"Company Name"},"textPosition":{"start":{"row":0,"column":0,"tokenIndex":23,"charIndex":0},"end":{"row":0,"column":0,"tokenIndex":27,"charIndex":0}},"confidenceScore":null},{"id":"1663426968","labeledBy":"LABELER","labeledByUserId":6821,"acceptedByUserId":null,"rejectedByUserId":null,"layer":0,"counter":0,"status":"ACCEPTED","hashCode":"SPAN:52S_6moRfhjC-yXgIBeCp:0:0:0:28:0:0:0:31:6:0:undefined:undefined","labelName":"52S_6moRfhjC-yXgIBeCp","labelItem":{"id":"52S_6moRfhjC-yXgIBeCp","labelName":"Date"},"textPosition":{"start":{"row":0,"column":0,"tokenIndex":28,"charIndex":0},"end":{"row":0,"column":0,"tokenIndex":31,"charIndex":6}},"confidenceScore":null},{"id":"1663426971","labeledBy":"LABELER","labeledByUserId":6821,"acceptedByUserId":null,"rejectedByUserId":null,"layer":0,"counter":0,"status":"ACCEPTED","hashCode":"SPAN:eS2knCRgLegeRw8bcmSWA:0:0:0:68:0:0:0:71:6:0:undefined:undefined","labelName":"eS2knCRgLegeRw8bcmSWA","labelItem":{"id":"eS2knCRgLegeRw8bcmSWA","labelName":"Skill"},"textPosition":{"start":{"row":0,"column":0,"tokenIndex":68,"charIndex":0},"end":{"row":0,"column":0,"tokenIndex":71,"charIndex":6}},"confidenceScore":null},{"id":"1663426974","labeledBy":"LABELER","labeledByUserId":6821,"acceptedByUserId":null,"rejectedByUserId":null,"layer":0,"counter":0,"status":"ACCEPTED","hashCode":"SPAN:eS2knCRgLegeRw8bcmSWA:0:0:0:82:0:0:0:84:7:0:undefined:undefined","labelName":"eS2knCRgLegeRw8bcmSWA","labelItem":{"id":"eS2knCRgLegeRw8bcmSWA","labelName":"Skill"},"textPosition":{"start":{"row":0,"column":0,"tokenIndex":82,"charIndex":0},"end":{"row":0,"column":0,"tokenIndex":84,"charIndex":7}},"confidenceScore":null},{"id":"1663426977","labeledBy":"LABELER","labeledByUserId":6821,"acceptedByUserId":null,"rejectedByUserId":null,"layer":0,"counter":0,"status":"ACCEPTED","hashCode":"SPAN:eS2knCRgLegeRw8bcmSWA:0:3:0:1:0:3:0:3:7:0:undefined:undefined","labelName":"eS2knCRgLegeRw8bcmSWA","labelItem":{"id":"eS2knCRgLegeRw8bcmSWA","labelName":"Skill"},"textPosition":{"start":{"row":3,"column":0,"tokenIndex":1,"charIndex":0},"end":{"row":3,"column":0,"tokenIndex":3,"charIndex":7}},"confidenceScore":null},{"id":"1663426980","labeledBy":"LABELER","labeledByUserId":6821,"acceptedByUserId":null,"rejectedByUserId":null,"layer":0,"counter":0,"status":"ACCEPTED","hashCode":"SPAN:SJEkdao76hjwbb6Fh5SY6:0:6:0:0:0:6:0:1:12:0:undefined:undefined","labelName":"SJEkdao76hjwbb6Fh5SY6","labelItem":{"id":"SJEkdao76hjwbb6Fh5SY6","labelName":"Job Title"},"textPosition":{"start":{"row":6,"column":0,"tokenIndex":0,"charIndex":0},"end":{"row":6,"column":0,"tokenIndex":1,"charIndex":12}},"confidenceScore":null},{"id":"1663426983","labeledBy":"LABELER","labeledByUserId":6821,"acceptedByUserId":null,"rejectedByUserId":null,"layer":0,"counter":0,"status":"ACCEPTED","hashCode":"SPAN:rj7TW0-ymuRo6f_asXJab:0:6:0:2:0:6:0:5:6:0:undefined:undefined","labelName":"rj7TW0-ymuRo6f_asXJab","labelItem":{"id":"rj7TW0-ymuRo6f_asXJab","labelName":"Company Name"},"textPosition":{"start":{"row":6,"column":0,"tokenIndex":2,"charIndex":0},"end":{"row":6,"column":0,"tokenIndex":5,"charIndex":6}},"confidenceScore":null},{"id":"1663426986","labeledBy":"LABELER","labeledByUserId":6821,"acceptedByUserId":null,"rejectedByUserId":null,"layer":0,"counter":0,"status":"ACCEPTED","hashCode":"SPAN:52S_6moRfhjC-yXgIBeCp:0:6:0:6:0:6:0:10:3:0:undefined:undefined","labelName":"52S_6moRfhjC-yXgIBeCp","labelItem":{"id":"52S_6moRfhjC-yXgIBeCp","labelName":"Date"},"textPosition":{"start":{"row":6,"column":0,"tokenIndex":6,"charIndex":0},"end":{"row":6,"column":0,"tokenIndex":10,"charIndex":3}},"confidenceScore":null},{"id":"1663426989","labeledBy":"LABELER","labeledByUserId":6821,"acceptedByUserId":null,"rejectedByUserId":null,"layer":0,"counter":0,"status":"ACCEPTED","hashCode":"SPAN:eS2knCRgLegeRw8bcmSWA:0:6:0:14:0:6:0:14:11:0:undefined:undefined","labelName":"eS2knCRgLegeRw8bcmSWA","labelItem":{"id":"eS2knCRgLegeRw8bcmSWA","labelName":"Skill"},"textPosition":{"start":{"row":6,"column":0,"tokenIndex":14,"charIndex":0},"end":{"row":6,"column":0,"tokenIndex":14,"charIndex":11}},"confidenceScore":null},{"id":"1663426992","labeledBy":"LABELER","labeledByUserId":6821,"acceptedByUserId":null,"rejectedByUserId":null,"layer":0,"counter":0,"status":"ACCEPTED","hashCode":"SPAN:eS2knCRgLegeRw8bcmSWA:0:6:0:21:0:6:0:22:6:0:undefined:undefined","labelName":"eS2knCRgLegeRw8bcmSWA","labelItem":{"id":"eS2knCRgLegeRw8bcmSWA","labelName":"Skill"},"textPosition":{"start":{"row":6,"column":0,"tokenIndex":21,"charIndex":0},"end":{"row":6,"column":0,"tokenIndex":22,"charIndex":6}},"confidenceScore":null},{"id":"1663426995","labeledBy":"LABELER","labeledByUserId":6821,"acceptedByUserId":null,"rejectedByUserId":null,"layer":0,"counter":0,"status":"ACCEPTED","hashCode":"SPAN:eS2knCRgLegeRw8bcmSWA:0:6:0:40:0:6:0:42:10:0:undefined:undefined","labelName":"eS2knCRgLegeRw8bcmSWA","labelItem":{"id":"eS2knCRgLegeRw8bcmSWA","labelName":"Skill"},"textPosition":{"start":{"row":6,"column":0,"tokenIndex":40,"charIndex":0},"end":{"row":6,"column":0,"tokenIndex":42,"charIndex":10}},"confidenceScore":null},{"id":"1663427001","labeledBy":"LABELER","labeledByUserId":6821,"acceptedByUserId":null,"rejectedByUserId":null,"layer":0,"counter":0,"status":"ACCEPTED","hashCode":"SPAN:eS2knCRgLegeRw8bcmSWA:0:7:0:0:0:7:0:2:9:0:undefined:undefined","labelName":"eS2knCRgLegeRw8bcmSWA","labelItem":{"id":"eS2knCRgLegeRw8bcmSWA","labelName":"Skill"},"textPosition":{"start":{"row":7,"column":0,"tokenIndex":0,"charIndex":0},"end":{"row":7,"column":0,"tokenIndex":2,"charIndex":9}},"confidenceScore":null},{"id":"1663426998","labeledBy":"LABELER","labeledByUserId":6821,"acceptedByUserId":null,"rejectedByUserId":null,"layer":0,"counter":0,"status":"ACCEPTED","hashCode":"SPAN:eS2knCRgLegeRw8bcmSWA:0:7:0:10:0:7:0:12:4:0:undefined:undefined","labelName":"eS2knCRgLegeRw8bcmSWA","labelItem":{"id":"eS2knCRgLegeRw8bcmSWA","labelName":"Skill"},"textPosition":{"start":{"row":7,"column":0,"tokenIndex":10,"charIndex":0},"end":{"row":7,"column":0,"tokenIndex":12,"charIndex":4}},"confidenceScore":null},{"id":"1663427004","labeledBy":"LABELER","labeledByUserId":6821,"acceptedByUserId":null,"rejectedByUserId":null,"layer":0,"counter":0,"status":"ACCEPTED","hashCode":"SPAN:eS2knCRgLegeRw8bcmSWA:0:8:0:2:0:8:0:4:6:0:undefined:undefined","labelName":"eS2knCRgLegeRw8bcmSWA","labelItem":{"id":"eS2knCRgLegeRw8bcmSWA","labelName":"Skill"},"textPosition":{"start":{"row":8,"column":0,"tokenIndex":2,"charIndex":0},"end":{"row":8,"column":0,"tokenIndex":4,"charIndex":6}},"confidenceScore":null},{"id":"1663427007","labeledBy":"LABELER","labeledByUserId":6821,"acceptedByUserId":null,"rejectedByUserId":null,"layer":0,"counter":0,"status":"ACCEPTED","hashCode":"SPAN:eS2knCRgLegeRw8bcmSWA:0:8:0:5:0:8:0:6:10:0:undefined:undefined","labelName":"eS2knCRgLegeRw8bcmSWA","labelItem":{"id":"eS2knCRgLegeRw8bcmSWA","labelName":"Skill"},"textPosition":{"start":{"row":8,"column":0,"tokenIndex":5,"charIndex":0},"end":{"row":8,"column":0,"tokenIndex":6,"charIndex":10}},"confidenceScore":null},{"id":"1663427010","labeledBy":"LABELER","labeledByUserId":6821,"acceptedByUserId":null,"rejectedByUserId":null,"layer":0,"counter":0,"status":"ACCEPTED","hashCode":"SPAN:eS2knCRgLegeRw8bcmSWA:0:8:0:7:0:8:0:8:10:0:undefined:undefined","labelName":"eS2knCRgLegeRw8bcmSWA","labelItem":{"id":"eS2knCRgLegeRw8bcmSWA","labelName":"Skill"},"textPosition":{"start":{"row":8,"column":0,"tokenIndex":7,"charIndex":0},"end":{"row":8,"column":0,"tokenIndex":8,"charIndex":10}},"confidenceScore":null},{"id":"1663427013","labeledBy":"LABELER","labeledByUserId":6821,"acceptedByUserId":null,"rejectedByUserId":null,"layer":0,"counter":0,"status":"ACCEPTED","hashCode":"SPAN:eS2knCRgLegeRw8bcmSWA:0:8:0:9:0:8:0:11:9:0:undefined:undefined","labelName":"eS2knCRgLegeRw8bcmSWA","labelItem":{"id":"eS2knCRgLegeRw8bcmSWA","labelName":"Skill"},"textPosition":{"start":{"row":8,"column":0,"tokenIndex":9,"charIndex":0},"end":{"row":8,"column":0,"tokenIndex":11,"charIndex":9}},"confidenceScore":null},{"id":"1663427016","labeledBy":"LABELER","labeledByUserId":6821,"acceptedByUserId":null,"rejectedByUserId":null,"layer":0,"counter":0,"status":"ACCEPTED","hashCode":"SPAN:SJEkdao76hjwbb6Fh5SY6:0:8:0:12:0:8:0:12:9:0:undefined:undefined","labelName":"SJEkdao76hjwbb6Fh5SY6","labelItem":{"id":"SJEkdao76hjwbb6Fh5SY6","labelName":"Job Title"},"textPosition":{"start":{"row":8,"column":0,"tokenIndex":12,"charIndex":0},"end":{"row":8,"column":0,"tokenIndex":12,"charIndex":9}},"confidenceScore":null},{"id":"1663427019","labeledBy":"LABELER","labeledByUserId":6821,"acceptedByUserId":null,"rejectedByUserId":null,"layer":0,"counter":0,"status":"ACCEPTED","hashCode":"SPAN:rj7TW0-ymuRo6f_asXJab:0:8:0:13:0:8:0:14:8:0:undefined:undefined","labelName":"rj7TW0-ymuRo6f_asXJab","labelItem":{"id":"rj7TW0-ymuRo6f_asXJab","labelName":"Company Name"},"textPosition":{"start":{"row":8,"column":0,"tokenIndex":13,"charIndex":0},"end":{"row":8,"column":0,"tokenIndex":14,"charIndex":8}},"confidenceScore":null},{"id":"1663427022","labeledBy":"LABELER","labeledByUserId":6821,"acceptedByUserId":null,"rejectedByUserId":null,"layer":0,"counter":0,"status":"ACCEPTED","hashCode":"SPAN:52S_6moRfhjC-yXgIBeCp:0:8:0:15:0:8:0:19:3:0:undefined:undefined","labelName":"52S_6moRfhjC-yXgIBeCp","labelItem":{"id":"52S_6moRfhjC-yXgIBeCp","labelName":"Date"},"textPosition":{"start":{"row":8,"column":0,"tokenIndex":15,"charIndex":0},"end":{"row":8,"column":0,"tokenIndex":19,"charIndex":3}},"confidenceScore":null},{"id":"1663427025","labeledBy":"LABELER","labeledByUserId":6821,"acceptedByUserId":null,"rejectedByUserId":null,"layer":0,"counter":0,"status":"ACCEPTED","hashCode":"SPAN:eS2knCRgLegeRw8bcmSWA:0:8:0:20:0:8:0:21:9:0:undefined:undefined","labelName":"eS2knCRgLegeRw8bcmSWA","labelItem":{"id":"eS2knCRgLegeRw8bcmSWA","labelName":"Skill"},"textPosition":{"start":{"row":8,"column":0,"tokenIndex":20,"charIndex":0},"end":{"row":8,"column":0,"tokenIndex":21,"charIndex":9}},"confidenceScore":null},{"id":"1663427028","labeledBy":"LABELER","labeledByUserId":6821,"acceptedByUserId":null,"rejectedByUserId":null,"layer":0,"counter":0,"status":"ACCEPTED","hashCode":"SPAN:eS2knCRgLegeRw8bcmSWA:0:8:0:25:0:8:0:26:7:0:undefined:undefined","labelName":"eS2knCRgLegeRw8bcmSWA","labelItem":{"id":"eS2knCRgLegeRw8bcmSWA","labelName":"Skill"},"textPosition":{"start":{"row":8,"column":0,"tokenIndex":25,"charIndex":0},"end":{"row":8,"column":0,"tokenIndex":26,"charIndex":7}},"confidenceScore":null},{"id":"1663427031","labeledBy":"LABELER","labeledByUserId":6821,"acceptedByUserId":null,"rejectedByUserId":null,"layer":0,"counter":0,"status":"ACCEPTED","hashCode":"SPAN:eS2knCRgLegeRw8bcmSWA:0:8:0:27:0:8:0:29:6:0:undefined:undefined","labelName":"eS2knCRgLegeRw8bcmSWA","labelItem":{"id":"eS2knCRgLegeRw8bcmSWA","labelName":"Skill"},"textPosition":{"start":{"row":8,"column":0,"tokenIndex":27,"charIndex":0},"end":{"row":8,"column":0,"tokenIndex":29,"charIndex":6}},"confidenceScore":null},{"id":"1663427034","labeledBy":"LABELER","labeledByUserId":6821,"acceptedByUserId":null,"rejectedByUserId":null,"layer":0,"counter":0,"status":"ACCEPTED","hashCode":"SPAN:eS2knCRgLegeRw8bcmSWA:0:8:0:35:0:8:0:36:4:0:undefined:undefined","labelName":"eS2knCRgLegeRw8bcmSWA","labelItem":{"id":"eS2knCRgLegeRw8bcmSWA","labelName":"Skill"},"textPosition":{"start":{"row":8,"column":0,"tokenIndex":35,"charIndex":0},"end":{"row":8,"column":0,"tokenIndex":36,"charIndex":4}},"confidenceScore":null},{"id":"1663427037","labeledBy":"LABELER","labeledByUserId":6821,"acceptedByUserId":null,"rejectedByUserId":null,"layer":0,"counter":0,"status":"ACCEPTED","hashCode":"SPAN:eS2knCRgLegeRw8bcmSWA:0:8:0:37:0:8:0:37:7:0:undefined:undefined","labelName":"eS2knCRgLegeRw8bcmSWA","labelItem":{"id":"eS2knCRgLegeRw8bcmSWA","labelName":"Skill"},"textPosition":{"start":{"row":8,"column":0,"tokenIndex":37,"charIndex":0},"end":{"row":8,"column":0,"tokenIndex":37,"charIndex":7}},"confidenceScore":null},{"id":"1663427040","labeledBy":"LABELER","labeledByUserId":6821,"acceptedByUserId":null,"rejectedByUserId":null,"layer":0,"counter":0,"status":"ACCEPTED","hashCode":"SPAN:eS2knCRgLegeRw8bcmSWA:0:8:0:42:0:8:0:44:7:0:undefined:undefined","labelName":"eS2knCRgLegeRw8bcmSWA","labelItem":{"id":"eS2knCRgLegeRw8bcmSWA","labelName":"Skill"},"textPosition":{"start":{"row":8,"column":0,"tokenIndex":42,"charIndex":0},"end":{"row":8,"column":0,"tokenIndex":44,"charIndex":7}},"confidenceScore":null},{"id":"1663427043","labeledBy":"LABELER","labeledByUserId":6821,"acceptedByUserId":null,"rejectedByUserId":null,"layer":0,"counter":0,"status":"ACCEPTED","hashCode":"SPAN:eS2knCRgLegeRw8bcmSWA:0:8:0:45:0:8:0:47:5:0:undefined:undefined","labelName":"eS2knCRgLegeRw8bcmSWA","labelItem":{"id":"eS2knCRgLegeRw8bcmSWA","labelName":"Skill"},"textPosition":{"start":{"row":8,"column":0,"tokenIndex":45,"charIndex":0},"end":{"row":8,"column":0,"tokenIndex":47,"charIndex":5}},"confidenceScore":null},{"id":"1663427046","labeledBy":"LABELER","labeledByUserId":6821,"acceptedByUserId":null,"rejectedByUserId":null,"layer":0,"counter":0,"status":"ACCEPTED","hashCode":"SPAN:eS2knCRgLegeRw8bcmSWA:0:8:0:55:0:8:0:55:6:0:undefined:undefined","labelName":"eS2knCRgLegeRw8bcmSWA","labelItem":{"id":"eS2knCRgLegeRw8bcmSWA","labelName":"Skill"},"textPosition":{"start":{"row":8,"column":0,"tokenIndex":55,"charIndex":0},"end":{"row":8,"column":0,"tokenIndex":55,"charIndex":6}},"confidenceScore":null},{"id":"1663427049","labeledBy":"LABELER","labeledByUserId":6821,"acceptedByUserId":null,"rejectedByUserId":null,"layer":0,"counter":0,"status":"ACCEPTED","hashCode":"SPAN:eS2knCRgLegeRw8bcmSWA:0:8:0:56:0:8:0:57:6:0:undefined:undefined","labelName":"eS2knCRgLegeRw8bcmSWA","labelItem":{"id":"eS2knCRgLegeRw8bcmSWA","labelName":"Skill"},"textPosition":{"start":{"row":8,"column":0,"tokenIndex":56,"charIndex":0},"end":{"row":8,"column":0,"tokenIndex":57,"charIndex":6}},"confidenceScore":null},{"id":"1663427052","labeledBy":"LABELER","labeledByUserId":6821,"acceptedByUserId":null,"rejectedByUserId":null,"layer":0,"counter":0,"status":"ACCEPTED","hashCode":"SPAN:IeEoIKabMl51BJE0gX2YL:0:8:0:63:0:8:0:66:6:0:undefined:undefined","labelName":"IeEoIKabMl51BJE0gX2YL","labelItem":{"id":"IeEoIKabMl51BJE0gX2YL","labelName":"Degree"},"textPosition":{"start":{"row":8,"column":0,"tokenIndex":63,"charIndex":0},"end":{"row":8,"column":0,"tokenIndex":66,"charIndex":6}},"confidenceScore":null},{"id":"1663427055","labeledBy":"LABELER","labeledByUserId":6821,"acceptedByUserId":null,"rejectedByUserId":null,"layer":0,"counter":0,"status":"ACCEPTED","hashCode":"SPAN:Kj5U6n9NUqTXuWcB3c_7L:0:8:0:67:0:8:0:70:4:0:undefined:undefined","labelName":"Kj5U6n9NUqTXuWcB3c_7L","labelItem":{"id":"Kj5U6n9NUqTXuWcB3c_7L","labelName":"College"},"textPosition":{"start":{"row":8,"column":0,"tokenIndex":67,"charIndex":0},"end":{"row":8,"column":0,"tokenIndex":70,"charIndex":4}},"confidenceScore":null},{"id":"1663427058","labeledBy":"LABELER","labeledByUserId":6821,"acceptedByUserId":null,"rejectedByUserId":null,"layer":0,"counter":0,"status":"ACCEPTED","hashCode":"SPAN:1R0C50AAwFbEp2O0WmRv6:0:8:0:72:0:8:0:73:1:0:undefined:undefined","labelName":"1R0C50AAwFbEp2O0WmRv6","labelItem":{"id":"1R0C50AAwFbEp2O0WmRv6","labelName":"Location"},"textPosition":{"start":{"row":8,"column":0,"tokenIndex":72,"charIndex":0},"end":{"row":8,"column":0,"tokenIndex":73,"charIndex":1}},"confidenceScore":null},{"id":"1663427061","labeledBy":"LABELER","labeledByUserId":6821,"acceptedByUserId":null,"rejectedByUserId":null,"layer":0,"counter":0,"status":"ACCEPTED","hashCode":"SPAN:52S_6moRfhjC-yXgIBeCp:0:8:0:74:0:8:0:78:3:0:undefined:undefined","labelName":"52S_6moRfhjC-yXgIBeCp","labelItem":{"id":"52S_6moRfhjC-yXgIBeCp","labelName":"Date"},"textPosition":{"start":{"row":8,"column":0,"tokenIndex":74,"charIndex":0},"end":{"row":8,"column":0,"tokenIndex":78,"charIndex":3}},"confidenceScore":null},{"id":"1663427064","labeledBy":"LABELER","labeledByUserId":6821,"acceptedByUserId":null,"rejectedByUserId":null,"layer":0,"counter":0,"status":"ACCEPTED","hashCode":"SPAN:eS2knCRgLegeRw8bcmSWA:0:8:0:80:0:8:0:80:8:0:undefined:undefined","labelName":"eS2knCRgLegeRw8bcmSWA","labelItem":{"id":"eS2knCRgLegeRw8bcmSWA","labelName":"Skill"},"textPosition":{"start":{"row":8,"column":0,"tokenIndex":80,"charIndex":0},"end":{"row":8,"column":0,"tokenIndex":80,"charIndex":8}},"confidenceScore":null},{"id":"1663427124","labeledBy":"LABELER","labeledByUserId":6821,"acceptedByUserId":null,"rejectedByUserId":null,"layer":0,"counter":0,"status":"ACCEPTED","hashCode":"SPAN:zQcc4ygexJ_A3Gb0NeRTk:0:8:0:81:0:8:0:82:6:0:undefined:undefined","labelName":"zQcc4ygexJ_A3Gb0NeRTk","labelItem":{"id":"zQcc4ygexJ_A3Gb0NeRTk","labelName":"Years of Experience"},"textPosition":{"start":{"row":8,"column":0,"tokenIndex":81,"charIndex":0},"end":{"row":8,"column":0,"tokenIndex":82,"charIndex":6}},"confidenceScore":null},{"id":"1663427067","labeledBy":"LABELER","labeledByUserId":6821,"acceptedByUserId":null,"rejectedByUserId":null,"layer":0,"counter":0,"status":"ACCEPTED","hashCode":"SPAN:eS2knCRgLegeRw8bcmSWA:0:8:0:83:0:8:0:83:6:0:undefined:undefined","labelName":"eS2knCRgLegeRw8bcmSWA","labelItem":{"id":"eS2knCRgLegeRw8bcmSWA","labelName":"Skill"},"textPosition":{"start":{"row":8,"column":0,"tokenIndex":83,"charIndex":0},"end":{"row":8,"column":0,"tokenIndex":83,"charIndex":6}},"confidenceScore":null},{"id":"1663427127","labeledBy":"LABELER","labeledByUserId":6821,"acceptedByUserId":null,"rejectedByUserId":null,"layer":0,"counter":0,"status":"ACCEPTED","hashCode":"SPAN:zQcc4ygexJ_A3Gb0NeRTk:0:8:0:84:0:8:0:85:6:0:undefined:undefined","labelName":"zQcc4ygexJ_A3Gb0NeRTk","labelItem":{"id":"zQcc4ygexJ_A3Gb0NeRTk","labelName":"Years of Experience"},"textPosition":{"start":{"row":8,"column":0,"tokenIndex":84,"charIndex":0},"end":{"row":8,"column":0,"tokenIndex":85,"charIndex":6}},"confidenceScore":null},{"id":"1663427070","labeledBy":"LABELER","labeledByUserId":6821,"acceptedByUserId":null,"rejectedByUserId":null,"layer":0,"counter":0,"status":"ACCEPTED","hashCode":"SPAN:eS2knCRgLegeRw8bcmSWA:0:8:0:86:0:8:0:86:4:0:undefined:undefined","labelName":"eS2knCRgLegeRw8bcmSWA","labelItem":{"id":"eS2knCRgLegeRw8bcmSWA","labelName":"Skill"},"textPosition":{"start":{"row":8,"column":0,"tokenIndex":86,"charIndex":0},"end":{"row":8,"column":0,"tokenIndex":86,"charIndex":4}},"confidenceScore":null},{"id":"1663427130","labeledBy":"LABELER","labeledByUserId":6821,"acceptedByUserId":null,"rejectedByUserId":null,"layer":0,"counter":0,"status":"ACCEPTED","hashCode":"SPAN:zQcc4ygexJ_A3Gb0NeRTk:0:8:0:87:0:8:0:88:6:0:undefined:undefined","labelName":"zQcc4ygexJ_A3Gb0NeRTk","labelItem":{"id":"zQcc4ygexJ_A3Gb0NeRTk","labelName":"Years of Experience"},"textPosition":{"start":{"row":8,"column":0,"tokenIndex":87,"charIndex":0},"end":{"row":8,"column":0,"tokenIndex":88,"charIndex":6}},"confidenceScore":null},{"id":"1663427073","labeledBy":"LABELER","labeledByUserId":6821,"acceptedByUserId":null,"rejectedByUserId":null,"layer":0,"counter":0,"status":"ACCEPTED","hashCode":"SPAN:eS2knCRgLegeRw8bcmSWA:0:8:0:89:0:8:0:91:9:0:undefined:undefined","labelName":"eS2knCRgLegeRw8bcmSWA","labelItem":{"id":"eS2knCRgLegeRw8bcmSWA","labelName":"Skill"},"textPosition":{"start":{"row":8,"column":0,"tokenIndex":89,"charIndex":0},"end":{"row":8,"column":0,"tokenIndex":91,"charIndex":9}},"confidenceScore":null},{"id":"1663427133","labeledBy":"LABELER","labeledByUserId":6821,"acceptedByUserId":null,"rejectedByUserId":null,"layer":0,"counter":0,"status":"ACCEPTED","hashCode":"SPAN:zQcc4ygexJ_A3Gb0NeRTk:0:8:0:92:0:8:0:93:6:0:undefined:undefined","labelName":"zQcc4ygexJ_A3Gb0NeRTk","labelItem":{"id":"zQcc4ygexJ_A3Gb0NeRTk","labelName":"Years of Experience"},"textPosition":{"start":{"row":8,"column":0,"tokenIndex":92,"charIndex":0},"end":{"row":8,"column":0,"tokenIndex":93,"charIndex":6}},"confidenceScore":null},{"id":"1663427076","labeledBy":"LABELER","labeledByUserId":6821,"acceptedByUserId":null,"rejectedByUserId":null,"layer":0,"counter":0,"status":"ACCEPTED","hashCode":"SPAN:eS2knCRgLegeRw8bcmSWA:0:8:0:94:0:8:0:94:9:0:undefined:undefined","labelName":"eS2knCRgLegeRw8bcmSWA","labelItem":{"id":"eS2knCRgLegeRw8bcmSWA","labelName":"Skill"},"textPosition":{"start":{"row":8,"column":0,"tokenIndex":94,"charIndex":0},"end":{"row":8,"column":0,"tokenIndex":94,"charIndex":9}},"confidenceScore":null},{"id":"1663427181","labeledBy":"LABELER","labeledByUserId":6821,"acceptedByUserId":null,"rejectedByUserId":null,"layer":0,"counter":0,"status":"ACCEPTED","hashCode":"SPAN:zQcc4ygexJ_A3Gb0NeRTk:0:8:0:95:0:8:0:96:6:0:undefined:undefined","labelName":"zQcc4ygexJ_A3Gb0NeRTk","labelItem":{"id":"zQcc4ygexJ_A3Gb0NeRTk","labelName":"Years of Experience"},"textPosition":{"start":{"row":8,"column":0,"tokenIndex":95,"charIndex":0},"end":{"row":8,"column":0,"tokenIndex":96,"charIndex":6}},"confidenceScore":null},{"id":"1663427079","labeledBy":"LABELER","labeledByUserId":6821,"acceptedByUserId":null,"rejectedByUserId":null,"layer":0,"counter":0,"status":"ACCEPTED","hashCode":"SPAN:eS2knCRgLegeRw8bcmSWA:0:8:0:97:0:8:0:98:9:0:undefined:undefined","labelName":"eS2knCRgLegeRw8bcmSWA","labelItem":{"id":"eS2knCRgLegeRw8bcmSWA","labelName":"Skill"},"textPosition":{"start":{"row":8,"column":0,"tokenIndex":97,"charIndex":0},"end":{"row":8,"column":0,"tokenIndex":98,"charIndex":9}},"confidenceScore":null},{"id":"1663427178","labeledBy":"LABELER","labeledByUserId":6821,"acceptedByUserId":null,"rejectedByUserId":null,"layer":0,"counter":0,"status":"ACCEPTED","hashCode":"SPAN:zQcc4ygexJ_A3Gb0NeRTk:0:8:0:99:0:8:0:100:6:0:undefined:undefined","labelName":"zQcc4ygexJ_A3Gb0NeRTk","labelItem":{"id":"zQcc4ygexJ_A3Gb0NeRTk","labelName":"Years of Experience"},"textPosition":{"start":{"row":8,"column":0,"tokenIndex":99,"charIndex":0},"end":{"row":8,"column":0,"tokenIndex":100,"charIndex":6}},"confidenceScore":null},{"id":"1663427082","labeledBy":"LABELER","labeledByUserId":6821,"acceptedByUserId":null,"rejectedByUserId":null,"layer":0,"counter":0,"status":"ACCEPTED","hashCode":"SPAN:eS2knCRgLegeRw8bcmSWA:0:8:0:101:0:8:0:102:6:0:undefined:undefined","labelName":"eS2knCRgLegeRw8bcmSWA","labelItem":{"id":"eS2knCRgLegeRw8bcmSWA","labelName":"Skill"},"textPosition":{"start":{"row":8,"column":0,"tokenIndex":101,"charIndex":0},"end":{"row":8,"column":0,"tokenIndex":102,"charIndex":6}},"confidenceScore":null},{"id":"1663427172","labeledBy":"LABELER","labeledByUserId":6821,"acceptedByUserId":null,"rejectedByUserId":null,"layer":0,"counter":0,"status":"ACCEPTED","hashCode":"SPAN:zQcc4ygexJ_A3Gb0NeRTk:0:8:0:103:0:8:0:104:6:0:undefined:undefined","labelName":"zQcc4ygexJ_A3Gb0NeRTk","labelItem":{"id":"zQcc4ygexJ_A3Gb0NeRTk","labelName":"Years of Experience"},"textPosition":{"start":{"row":8,"column":0,"tokenIndex":103,"charIndex":0},"end":{"row":8,"column":0,"tokenIndex":104,"charIndex":6}},"confidenceScore":null},{"id":"1663427085","labeledBy":"LABELER","labeledByUserId":6821,"acceptedByUserId":null,"rejectedByUserId":null,"layer":0,"counter":0,"status":"ACCEPTED","hashCode":"SPAN:eS2knCRgLegeRw8bcmSWA:0:8:0:105:0:8:0:105:5:0:undefined:undefined","labelName":"eS2knCRgLegeRw8bcmSWA","labelItem":{"id":"eS2knCRgLegeRw8bcmSWA","labelName":"Skill"},"textPosition":{"start":{"row":8,"column":0,"tokenIndex":105,"charIndex":0},"end":{"row":8,"column":0,"tokenIndex":105,"charIndex":5}},"confidenceScore":null},{"id":"1663427175","labeledBy":"LABELER","labeledByUserId":6821,"acceptedByUserId":null,"rejectedByUserId":null,"layer":0,"counter":0,"status":"ACCEPTED","hashCode":"SPAN:zQcc4ygexJ_A3Gb0NeRTk:0:8:0:106:0:8:0:107:6:0:undefined:undefined","labelName":"zQcc4ygexJ_A3Gb0NeRTk","labelItem":{"id":"zQcc4ygexJ_A3Gb0NeRTk","labelName":"Years of Experience"},"textPosition":{"start":{"row":8,"column":0,"tokenIndex":106,"charIndex":0},"end":{"row":8,"column":0,"tokenIndex":107,"charIndex":6}},"confidenceScore":null},{"id":"1663427088","labeledBy":"LABELER","labeledByUserId":6821,"acceptedByUserId":null,"rejectedByUserId":null,"layer":0,"counter":0,"status":"ACCEPTED","hashCode":"SPAN:eS2knCRgLegeRw8bcmSWA:0:8:0:108:0:8:0:109:11:0:undefined:undefined","labelName":"eS2knCRgLegeRw8bcmSWA","labelItem":{"id":"eS2knCRgLegeRw8bcmSWA","labelName":"Skill"},"textPosition":{"start":{"row":8,"column":0,"tokenIndex":108,"charIndex":0},"end":{"row":8,"column":0,"tokenIndex":109,"charIndex":11}},"confidenceScore":null},{"id":"1663427169","labeledBy":"LABELER","labeledByUserId":6821,"acceptedByUserId":null,"rejectedByUserId":null,"layer":0,"counter":0,"status":"ACCEPTED","hashCode":"SPAN:zQcc4ygexJ_A3Gb0NeRTk:0:8:0:110:0:8:0:111:6:0:undefined:undefined","labelName":"zQcc4ygexJ_A3Gb0NeRTk","labelItem":{"id":"zQcc4ygexJ_A3Gb0NeRTk","labelName":"Years of Experience"},"textPosition":{"start":{"row":8,"column":0,"tokenIndex":110,"charIndex":0},"end":{"row":8,"column":0,"tokenIndex":111,"charIndex":6}},"confidenceScore":null},{"id":"1663427091","labeledBy":"LABELER","labeledByUserId":6821,"acceptedByUserId":null,"rejectedByUserId":null,"layer":0,"counter":0,"status":"ACCEPTED","hashCode":"SPAN:eS2knCRgLegeRw8bcmSWA:0:8:0:112:0:8:0:115:6:0:undefined:undefined","labelName":"eS2knCRgLegeRw8bcmSWA","labelItem":{"id":"eS2knCRgLegeRw8bcmSWA","labelName":"Skill"},"textPosition":{"start":{"row":8,"column":0,"tokenIndex":112,"charIndex":0},"end":{"row":8,"column":0,"tokenIndex":115,"charIndex":6}},"confidenceScore":null},{"id":"1663427166","labeledBy":"LABELER","labeledByUserId":6821,"acceptedByUserId":null,"rejectedByUserId":null,"layer":0,"counter":0,"status":"ACCEPTED","hashCode":"SPAN:zQcc4ygexJ_A3Gb0NeRTk:0:8:0:116:0:8:0:117:6:0:undefined:undefined","labelName":"zQcc4ygexJ_A3Gb0NeRTk","labelItem":{"id":"zQcc4ygexJ_A3Gb0NeRTk","labelName":"Years of Experience"},"textPosition":{"start":{"row":8,"column":0,"tokenIndex":116,"charIndex":0},"end":{"row":8,"column":0,"tokenIndex":117,"charIndex":6}},"confidenceScore":null},{"id":"1663427094","labeledBy":"LABELER","labeledByUserId":6821,"acceptedByUserId":null,"rejectedByUserId":null,"layer":0,"counter":0,"status":"ACCEPTED","hashCode":"SPAN:eS2knCRgLegeRw8bcmSWA:0:8:0:118:0:8:0:118:8:0:undefined:undefined","labelName":"eS2knCRgLegeRw8bcmSWA","labelItem":{"id":"eS2knCRgLegeRw8bcmSWA","labelName":"Skill"},"textPosition":{"start":{"row":8,"column":0,"tokenIndex":118,"charIndex":0},"end":{"row":8,"column":0,"tokenIndex":118,"charIndex":8}},"confidenceScore":null},{"id":"1663427163","labeledBy":"LABELER","labeledByUserId":6821,"acceptedByUserId":null,"rejectedByUserId":null,"layer":0,"counter":0,"status":"ACCEPTED","hashCode":"SPAN:zQcc4ygexJ_A3Gb0NeRTk:0:8:0:119:0:8:0:120:6:0:undefined:undefined","labelName":"zQcc4ygexJ_A3Gb0NeRTk","labelItem":{"id":"zQcc4ygexJ_A3Gb0NeRTk","labelName":"Years of Experience"},"textPosition":{"start":{"row":8,"column":0,"tokenIndex":119,"charIndex":0},"end":{"row":8,"column":0,"tokenIndex":120,"charIndex":6}},"confidenceScore":null},{"id":"1663427097","labeledBy":"LABELER","labeledByUserId":6821,"acceptedByUserId":null,"rejectedByUserId":null,"layer":0,"counter":0,"status":"ACCEPTED","hashCode":"SPAN:eS2knCRgLegeRw8bcmSWA:0:8:0:121:0:8:0:121:5:0:undefined:undefined","labelName":"eS2knCRgLegeRw8bcmSWA","labelItem":{"id":"eS2knCRgLegeRw8bcmSWA","labelName":"Skill"},"textPosition":{"start":{"row":8,"column":0,"tokenIndex":121,"charIndex":0},"end":{"row":8,"column":0,"tokenIndex":121,"charIndex":5}},"confidenceScore":null},{"id":"1663427160","labeledBy":"LABELER","labeledByUserId":6821,"acceptedByUserId":null,"rejectedByUserId":null,"layer":0,"counter":0,"status":"ACCEPTED","hashCode":"SPAN:zQcc4ygexJ_A3Gb0NeRTk:0:8:0:122:0:8:0:123:6:0:undefined:undefined","labelName":"zQcc4ygexJ_A3Gb0NeRTk","labelItem":{"id":"zQcc4ygexJ_A3Gb0NeRTk","labelName":"Years of Experience"},"textPosition":{"start":{"row":8,"column":0,"tokenIndex":122,"charIndex":0},"end":{"row":8,"column":0,"tokenIndex":123,"charIndex":6}},"confidenceScore":null},{"id":"1663427100","labeledBy":"LABELER","labeledByUserId":6821,"acceptedByUserId":null,"rejectedByUserId":null,"layer":0,"counter":0,"status":"ACCEPTED","hashCode":"SPAN:eS2knCRgLegeRw8bcmSWA:0:8:0:124:0:8:0:125:10:0:undefined:undefined","labelName":"eS2knCRgLegeRw8bcmSWA","labelItem":{"id":"eS2knCRgLegeRw8bcmSWA","labelName":"Skill"},"textPosition":{"start":{"row":8,"column":0,"tokenIndex":124,"charIndex":0},"end":{"row":8,"column":0,"tokenIndex":125,"charIndex":10}},"confidenceScore":null},{"id":"1663427157","labeledBy":"LABELER","labeledByUserId":6821,"acceptedByUserId":null,"rejectedByUserId":null,"layer":0,"counter":0,"status":"ACCEPTED","hashCode":"SPAN:zQcc4ygexJ_A3Gb0NeRTk:0:8:0:126:0:8:0:127:6:0:undefined:undefined","labelName":"zQcc4ygexJ_A3Gb0NeRTk","labelItem":{"id":"zQcc4ygexJ_A3Gb0NeRTk","labelName":"Years of Experience"},"textPosition":{"start":{"row":8,"column":0,"tokenIndex":126,"charIndex":0},"end":{"row":8,"column":0,"tokenIndex":127,"charIndex":6}},"confidenceScore":null},{"id":"1663427103","labeledBy":"LABELER","labeledByUserId":6821,"acceptedByUserId":null,"rejectedByUserId":null,"layer":0,"counter":0,"status":"ACCEPTED","hashCode":"SPAN:eS2knCRgLegeRw8bcmSWA:0:8:0:128:0:8:0:129:7:0:undefined:undefined","labelName":"eS2knCRgLegeRw8bcmSWA","labelItem":{"id":"eS2knCRgLegeRw8bcmSWA","labelName":"Skill"},"textPosition":{"start":{"row":8,"column":0,"tokenIndex":128,"charIndex":0},"end":{"row":8,"column":0,"tokenIndex":129,"charIndex":7}},"confidenceScore":null},{"id":"1663427154","labeledBy":"LABELER","labeledByUserId":6821,"acceptedByUserId":null,"rejectedByUserId":null,"layer":0,"counter":0,"status":"ACCEPTED","hashCode":"SPAN:zQcc4ygexJ_A3Gb0NeRTk:0:8:0:130:0:8:0:131:6:0:undefined:undefined","labelName":"zQcc4ygexJ_A3Gb0NeRTk","labelItem":{"id":"zQcc4ygexJ_A3Gb0NeRTk","labelName":"Years of Experience"},"textPosition":{"start":{"row":8,"column":0,"tokenIndex":130,"charIndex":0},"end":{"row":8,"column":0,"tokenIndex":131,"charIndex":6}},"confidenceScore":null},{"id":"1663427106","labeledBy":"LABELER","labeledByUserId":6821,"acceptedByUserId":null,"rejectedByUserId":null,"layer":0,"counter":0,"status":"ACCEPTED","hashCode":"SPAN:eS2knCRgLegeRw8bcmSWA:0:8:0:132:0:8:0:133:13:0:undefined:undefined","labelName":"eS2knCRgLegeRw8bcmSWA","labelItem":{"id":"eS2knCRgLegeRw8bcmSWA","labelName":"Skill"},"textPosition":{"start":{"row":8,"column":0,"tokenIndex":132,"charIndex":0},"end":{"row":8,"column":0,"tokenIndex":133,"charIndex":13}},"confidenceScore":null},{"id":"1663427151","labeledBy":"LABELER","labeledByUserId":6821,"acceptedByUserId":null,"rejectedByUserId":null,"layer":0,"counter":0,"status":"ACCEPTED","hashCode":"SPAN:zQcc4ygexJ_A3Gb0NeRTk:0:8:0:134:0:8:0:135:6:0:undefined:undefined","labelName":"zQcc4ygexJ_A3Gb0NeRTk","labelItem":{"id":"zQcc4ygexJ_A3Gb0NeRTk","labelName":"Years of Experience"},"textPosition":{"start":{"row":8,"column":0,"tokenIndex":134,"charIndex":0},"end":{"row":8,"column":0,"tokenIndex":135,"charIndex":6}},"confidenceScore":null},{"id":"1663427109","labeledBy":"LABELER","labeledByUserId":6821,"acceptedByUserId":null,"rejectedByUserId":null,"layer":0,"counter":0,"status":"ACCEPTED","hashCode":"SPAN:eS2knCRgLegeRw8bcmSWA:0:8:0:136:0:8:0:137:10:0:undefined:undefined","labelName":"eS2knCRgLegeRw8bcmSWA","labelItem":{"id":"eS2knCRgLegeRw8bcmSWA","labelName":"Skill"},"textPosition":{"start":{"row":8,"column":0,"tokenIndex":136,"charIndex":0},"end":{"row":8,"column":0,"tokenIndex":137,"charIndex":10}},"confidenceScore":null},{"id":"1663427145","labeledBy":"LABELER","labeledByUserId":6821,"acceptedByUserId":null,"rejectedByUserId":null,"layer":0,"counter":0,"status":"ACCEPTED","hashCode":"SPAN:zQcc4ygexJ_A3Gb0NeRTk:0:8:0:138:0:8:0:139:6:0:undefined:undefined","labelName":"zQcc4ygexJ_A3Gb0NeRTk","labelItem":{"id":"zQcc4ygexJ_A3Gb0NeRTk","labelName":"Years of Experience"},"textPosition":{"start":{"row":8,"column":0,"tokenIndex":138,"charIndex":0},"end":{"row":8,"column":0,"tokenIndex":139,"charIndex":6}},"confidenceScore":null},{"id":"1663427112","labeledBy":"LABELER","labeledByUserId":6821,"acceptedByUserId":null,"rejectedByUserId":null,"layer":0,"counter":0,"status":"ACCEPTED","hashCode":"SPAN:eS2knCRgLegeRw8bcmSWA:0:8:0:140:0:8:0:140:2:0:undefined:undefined","labelName":"eS2knCRgLegeRw8bcmSWA","labelItem":{"id":"eS2knCRgLegeRw8bcmSWA","labelName":"Skill"},"textPosition":{"start":{"row":8,"column":0,"tokenIndex":140,"charIndex":0},"end":{"row":8,"column":0,"tokenIndex":140,"charIndex":2}},"confidenceScore":null},{"id":"1663427148","labeledBy":"LABELER","labeledByUserId":6821,"acceptedByUserId":null,"rejectedByUserId":null,"layer":0,"counter":0,"status":"ACCEPTED","hashCode":"SPAN:zQcc4ygexJ_A3Gb0NeRTk:0:8:0:141:0:8:0:142:6:0:undefined:undefined","labelName":"zQcc4ygexJ_A3Gb0NeRTk","labelItem":{"id":"zQcc4ygexJ_A3Gb0NeRTk","labelName":"Years of Experience"},"textPosition":{"start":{"row":8,"column":0,"tokenIndex":141,"charIndex":0},"end":{"row":8,"column":0,"tokenIndex":142,"charIndex":6}},"confidenceScore":null},{"id":"1663427115","labeledBy":"LABELER","labeledByUserId":6821,"acceptedByUserId":null,"rejectedByUserId":null,"layer":0,"counter":0,"status":"ACCEPTED","hashCode":"SPAN:eS2knCRgLegeRw8bcmSWA:0:8:0:143:0:8:0:144:8:0:undefined:undefined","labelName":"eS2knCRgLegeRw8bcmSWA","labelItem":{"id":"eS2knCRgLegeRw8bcmSWA","labelName":"Skill"},"textPosition":{"start":{"row":8,"column":0,"tokenIndex":143,"charIndex":0},"end":{"row":8,"column":0,"tokenIndex":144,"charIndex":8}},"confidenceScore":null},{"id":"1663427142","labeledBy":"LABELER","labeledByUserId":6821,"acceptedByUserId":null,"rejectedByUserId":null,"layer":0,"counter":0,"status":"ACCEPTED","hashCode":"SPAN:zQcc4ygexJ_A3Gb0NeRTk:0:8:0:145:0:8:0:146:6:0:undefined:undefined","labelName":"zQcc4ygexJ_A3Gb0NeRTk","labelItem":{"id":"zQcc4ygexJ_A3Gb0NeRTk","labelName":"Years of Experience"},"textPosition":{"start":{"row":8,"column":0,"tokenIndex":145,"charIndex":0},"end":{"row":8,"column":0,"tokenIndex":146,"charIndex":6}},"confidenceScore":null},{"id":"1663427118","labeledBy":"LABELER","labeledByUserId":6821,"acceptedByUserId":null,"rejectedByUserId":null,"layer":0,"counter":0,"status":"ACCEPTED","hashCode":"SPAN:eS2knCRgLegeRw8bcmSWA:0:8:0:147:0:8:0:148:7:0:undefined:undefined","labelName":"eS2knCRgLegeRw8bcmSWA","labelItem":{"id":"eS2knCRgLegeRw8bcmSWA","labelName":"Skill"},"textPosition":{"start":{"row":8,"column":0,"tokenIndex":147,"charIndex":0},"end":{"row":8,"column":0,"tokenIndex":148,"charIndex":7}},"confidenceScore":null},{"id":"1663427139","labeledBy":"LABELER","labeledByUserId":6821,"acceptedByUserId":null,"rejectedByUserId":null,"layer":0,"counter":0,"status":"ACCEPTED","hashCode":"SPAN:zQcc4ygexJ_A3Gb0NeRTk:0:8:0:149:0:8:0:150:6:0:undefined:undefined","labelName":"zQcc4ygexJ_A3Gb0NeRTk","labelItem":{"id":"zQcc4ygexJ_A3Gb0NeRTk","labelName":"Years of Experience"},"textPosition":{"start":{"row":8,"column":0,"tokenIndex":149,"charIndex":0},"end":{"row":8,"column":0,"tokenIndex":150,"charIndex":6}},"confidenceScore":null},{"id":"1663427121","labeledBy":"LABELER","labeledByUserId":6821,"acceptedByUserId":null,"rejectedByUserId":null,"layer":0,"counter":0,"status":"ACCEPTED","hashCode":"SPAN:eS2knCRgLegeRw8bcmSWA:0:8:0:151:0:8:0:152:5:0:undefined:undefined","labelName":"eS2knCRgLegeRw8bcmSWA","labelItem":{"id":"eS2knCRgLegeRw8bcmSWA","labelName":"Skill"},"textPosition":{"start":{"row":8,"column":0,"tokenIndex":151,"charIndex":0},"end":{"row":8,"column":0,"tokenIndex":152,"charIndex":5}},"confidenceScore":null},{"id":"1663427136","labeledBy":"LABELER","labeledByUserId":6821,"acceptedByUserId":null,"rejectedByUserId":null,"layer":0,"counter":0,"status":"ACCEPTED","hashCode":"SPAN:zQcc4ygexJ_A3Gb0NeRTk:0:8:0:153:0:8:0:154:5:0:undefined:undefined","labelName":"zQcc4ygexJ_A3Gb0NeRTk","labelItem":{"id":"zQcc4ygexJ_A3Gb0NeRTk","labelName":"Years of Experience"},"textPosition":{"start":{"row":8,"column":0,"tokenIndex":153,"charIndex":0},"end":{"row":8,"column":0,"tokenIndex":154,"charIndex":5}},"confidenceScore":null}],"arrowLabels":[],"boundingBoxLabels":[],"timeLabels":[],"comments":[],"url":"datasaur://static/6814/91bf337b-3783-45f6-998c-3244c7c12b8f.txt"}}
