{"version":"1","data":{"project":{"id":"ODBjYmQ2MDg","name":"NLP SSM Final Project"},"document":{"id":"51ad2ff3-7bd4-4c3f-a959-a2eb430cf4eb","name":"resume_3802_d2.txt"},"kinds":["TOKEN_BASED"],"rows":[[{"content":"Evogen Executive Evogen Executive Evogen Executive - International Bio-Pharmaceutical Kansas City, MO Work Experience Evogen Executive International Bio-Pharmaceutical 2016 to Present Information Technology Executive Consultant ?","tokens":["Evogen","Executive","Evogen","Executive","Evogen","Executive","-","International","Bio-Pharmaceutical","Kansas","City,","MO","Work","Experience","Evogen","Executive","International","Bio-Pharmaceutical","2016","to","Present","Information","Technology","Executive","Consultant","?"],"metadata":[]}],[{"content":"Led on premise migration to cloud environment, reducing costs 75%, all while achieving FDA and HIPAA compliance.","tokens":["Led","on","premise","migration","to","cloud","environment,","reducing","costs","75%,","all","while","achieving","FDA","and","HIPAA","compliance."],"metadata":[]}],[{"content":"?","tokens":["?"],"metadata":[]}],[{"content":"Instituted new hardware technology for epilepsy testing, raising diagnostic reliability from 20% to 90%+.","tokens":["Instituted","new","hardware","technology","for","epilepsy","testing,","raising","diagnostic","reliability","from","20%","to","90%+."],"metadata":[]}],[{"content":"?","tokens":["?"],"metadata":[]}],[{"content":"Coached team members on efficient use of technology to reduce overall redundancy of procedures and processes while keeping confidential HIPAA information secure to FDA and security standards.","tokens":["Coached","team","members","on","efficient","use","of","technology","to","reduce","overall","redundancy","of","procedures","and","processes","while","keeping","confidential","HIPAA","information","secure","to","FDA","and","security","standards."],"metadata":[]}],[{"content":"Chief Technology Officer / Chief Revenue Officer High Tech MicroMarket Solutions 2014 to Present Received coveted Amazon Service Award for best client partnership service in 2017 for operational excellence in process and procedures ?","tokens":["Chief","Technology","Officer","/","Chief","Revenue","Officer","High","Tech","MicroMarket","Solutions","2014","to","Present","Received","coveted","Amazon","Service","Award","for","best","client","partnership","service","in","2017","for","operational","excellence","in","process","and","procedures","?"],"metadata":[]}],[{"content":"Facilitated 200% revenue growth in 2 years while reducing expenditures.","tokens":["Facilitated","200%","revenue","growth","in","2","years","while","reducing","expenditures."],"metadata":[]}],[{"content":"?","tokens":["?"],"metadata":[]}],[{"content":"Full budget control of both CapEx and OpEx expenditures.","tokens":["Full","budget","control","of","both","CapEx","and","OpEx","expenditures."],"metadata":[]}],[{"content":"?","tokens":["?"],"metadata":[]}],[{"content":"Trained worldwide outside resources of the USConnect partnership on using technology to promote service excellence.","tokens":["Trained","worldwide","outside","resources","of","the","USConnect","partnership","on","using","technology","to","promote","service","excellence."],"metadata":[]}],[{"content":"?","tokens":["?"],"metadata":[]}],[{"content":"Led company with new branding effort, website, online presence and new pantry service division -- including updating of website SEO, social networking and revenue enhancers.","tokens":["Led","company","with","new","branding","effort,","website,","online","presence","and","new","pantry","service","division","--","including","updating","of","website","SEO,","social","networking","and","revenue","enhancers."],"metadata":[]}],[{"content":"Produced a top result on SERP by granular access and not pay per click, increasing customer satisfaction to 4.8/5. ?","tokens":["Produced","a","top","result","on","SERP","by","granular","access","and","not","pay","per","click,","increasing","customer","satisfaction","to","4.8/5.","?"],"metadata":[]}],[{"content":"Lead nationwide pantry service integration with USConnect affiliates to buy online and pickup or have local delivery.","tokens":["Lead","nationwide","pantry","service","integration","with","USConnect","affiliates","to","buy","online","and","pickup","or","have","local","delivery."],"metadata":[]}],[{"content":"Services Fortune 500 companies for their pantry needs, including hospitality, technology and service industries.","tokens":["Services","Fortune","500","companies","for","their","pantry","needs,","including","hospitality,","technology","and","service","industries."],"metadata":[]}],[{"content":"?","tokens":["?"],"metadata":[]}],[{"content":"Achieved Microsoft Gold Certified Partners and Microsoft SharePoint Certification.","tokens":["Achieved","Microsoft","Gold","Certified","Partners","and","Microsoft","SharePoint","Certification."],"metadata":[]}],[{"content":"?","tokens":["?"],"metadata":[]}],[{"content":"Led team of 36 design architects and engineers by instituting new change management practices to help with team communication on individual projects, dependent projects, and resource utilization.","tokens":["Led","team","of","36","design","architects","and","engineers","by","instituting","new","change","management","practices","to","help","with","team","communication","on","individual","projects,","dependent","projects,","and","resource","utilization."],"metadata":[]}],[{"content":"Consultant, Program Manager Tek Systems 2012 to 2014 Led team of 30 for award-winning $25M Web, ACD, Ticketing & Telepresence project.","tokens":["Consultant,","Program","Manager","Tek","Systems","2012","to","2014","Led","team","of","30","for","award-winning","$25M","Web,","ACD,","Ticketing","&","Telepresence","project."],"metadata":[]}],[{"content":"?","tokens":["?"],"metadata":[]}],[{"content":"Managed full project lifecycle, including RFP, contract negotiations, legal review, waterfall & agile scrum, project guidelines, international vendors, resulting in 3 new international call centers.","tokens":["Managed","full","project","lifecycle,","including","RFP,","contract","negotiations,","legal","review,","waterfall","&","agile","scrum,","project","guidelines,","international","vendors,","resulting","in","3","new","international","call","centers."],"metadata":[]}],[{"content":"Nationwide USDA Security Leader ECS Consulting 2011 to 2012 Consultant, Operations / Security Director, USDA FSA Security Agency ?","tokens":["Nationwide","USDA","Security","Leader","ECS","Consulting","2011","to","2012","Consultant,","Operations","/","Security","Director,","USDA","FSA","Security","Agency","?"],"metadata":[]}],[{"content":"Led team of 55 to reverse on-notice status, improving from 2/10 to 9/10 in 6 months.","tokens":["Led","team","of","55","to","reverse","on-notice","status,","improving","from","2/10","to","9/10","in","6","months."],"metadata":[]}],[{"content":"?","tokens":["?"],"metadata":[]}],[{"content":"Integrated custom ","tokens":["Integrated","custom"],"metadata":[]}],[{"content":"NET application with SharePoint while maintaining federal security guidelines and ISO-9000 compliance.","tokens":["NET","application","with","SharePoint","while","maintaining","federal","security","guidelines","and","ISO-9000","compliance."],"metadata":[]}],[{"content":"?","tokens":["?"],"metadata":[]}],[{"content":"Trained consultants to streamline governmental security for the USDA.","tokens":["Trained","consultants","to","streamline","governmental","security","for","the","USDA."],"metadata":[]}],[{"content":"Consultant, Program Manager Tek Systems Consulting 2011 to 2011 Led PeopleSoft Security standup as technical SME resulting in consolidation from 2 clustered PeopleSoft 8.8 servers to one 9.1 server with conversion for 30 agencies.","tokens":["Consultant,","Program","Manager","Tek","Systems","Consulting","2011","to","2011","Led","PeopleSoft","Security","standup","as","technical","SME","resulting","in","consolidation","from","2","clustered","PeopleSoft","8.8","servers","to","one","9.1","server","with","conversion","for","30","agencies."],"metadata":[]}],[{"content":"Consultant, Program Manager Ingenuity Consulting 2011 to 2011 Led team of 12 project managers and 6 support staff in PMO standup and Avaya integration with cross-functionality Agile Scrum and ITIL, security policy compliant.","tokens":["Consultant,","Program","Manager","Ingenuity","Consulting","2011","to","2011","Led","team","of","12","project","managers","and","6","support","staff","in","PMO","standup","and","Avaya","integration","with","cross-functionality","Agile","Scrum","and","ITIL,","security","policy","compliant."],"metadata":[]}],[{"content":"?","tokens":["?"],"metadata":[]}],[{"content":"Ground-up installation of SharePoint office integration with ISO-9000 compliance.","tokens":["Ground-up","installation","of","SharePoint","office","integration","with","ISO-9000","compliance."],"metadata":[]}],[{"content":"Consultant, Project Manager Veracity Solutions 2010 to 2010 Led 2800-seat Avaya IX agent implementation and Call Quality Management System refresh with CRM, Soft Phone, Call Quality recording.","tokens":["Consultant,","Project","Manager","Veracity","Solutions","2010","to","2010","Led","2800-seat","Avaya","IX","agent","implementation","and","Call","Quality","Management","System","refresh","with","CRM,","Soft","Phone,","Call","Quality","recording."],"metadata":[]}],[{"content":"?","tokens":["?"],"metadata":[]}],[{"content":"Led team of trainers to institute security policies in 12 call centers, including account security, network, password, and security review procedures, ensuring < 1% fault reviews.","tokens":["Led","team","of","trainers","to","institute","security","policies","in","12","call","centers,","including","account","security,","network,","password,","and","security","review","procedures,","ensuring","<","1%","fault","reviews."],"metadata":[]}],[{"content":"Principle Consultant, IT PMO Lead, South America Professional Services Consulting 2009 to 2010 Led merger & acquisition team of 400 direct reports with 3G and data updates, ","tokens":["Principle","Consultant,","IT","PMO","Lead,","South","America","Professional","Services","Consulting","2009","to","2010","Led","merger","&","acquisition","team","of","400","direct","reports","with","3G","and","data","updates,"],"metadata":[]}],[{"content":"NET conversion.","tokens":["NET","conversion."],"metadata":[]}],[{"content":"?","tokens":["?"],"metadata":[]}],[{"content":"Initiated international PMO organization with ITIL & Agile Scrum.","tokens":["Initiated","international","PMO","organization","with","ITIL","&","Agile","Scrum."],"metadata":[]}],[{"content":"sprint / Nextel, 2005-2009, $33B Telecommunications Company with 54 million customers Consultant, Program Manager ?","tokens":["sprint","/","Nextel,","2005-2009,","$33B","Telecommunications","Company","with","54","million","customers","Consultant,","Program","Manager","?"],"metadata":[]}],[{"content":"Led team of 14, directing application, integrated load, performance, and usability testing ?","tokens":["Led","team","of","14,","directing","application,","integrated","load,","performance,","and","usability","testing","?"],"metadata":[]}],[{"content":"Earned five Excellence Awards for Project Management while upgrading DocShare to SharePoint, developing new portal web pages, directing release management billing projects, implementing ","tokens":["Earned","five","Excellence","Awards","for","Project","Management","while","upgrading","DocShare","to","SharePoint,","developing","new","portal","web","pages,","directing","release","management","billing","projects,","implementing"],"metadata":[]}],[{"content":"NET / C++ / HTML development integrating Sprint with Nextel Education Criminal Justice Washburn University - Topeka, KS 1997 Skills Ms project, Sharepoint, Siebel, Security, Cisco, Itil, Pmbok, ","tokens":["NET","/","C++","/","HTML","development","integrating","Sprint","with","Nextel","Education","Criminal","Justice","Washburn","University","-","Topeka,","KS","1997","Skills","Ms","project,","Sharepoint,","Siebel,","Security,","Cisco,","Itil,","Pmbok,"],"metadata":[]}],[{"content":"net, Visio, Avaya, Voip, Sql server, Oracle, Sql, Peoplesoft, Sap, Hp open view, Open view, Ms office, Sdlc Links http://linkedin.com/in/ryanlouisa Additional Information Skills Cloud ?","tokens":["net,","Visio,","Avaya,","Voip,","Sql","server,","Oracle,","Sql,","Peoplesoft,","Sap,","Hp","open","view,","Open","view,","Ms","office,","Sdlc","Links","http://linkedin.com/in/ryanlouisa","Additional","Information","Skills","Cloud","?"],"metadata":[]}],[{"content":"AWS ?","tokens":["AWS","?"],"metadata":[]}],[{"content":"Cisco ?","tokens":["Cisco","?"],"metadata":[]}],[{"content":"VoIP ?","tokens":["VoIP","?"],"metadata":[]}],[{"content":"Security ?","tokens":["Security","?"],"metadata":[]}],[{"content":"Visio ?","tokens":["Visio","?"],"metadata":[]}],[{"content":"Test Planning Oracle ?","tokens":["Test","Planning","Oracle","?"],"metadata":[]}],[{"content":"SQL Server ?","tokens":["SQL","Server","?"],"metadata":[]}],[{"content":"Master MS Project ?","tokens":["Master","MS","Project","?"],"metadata":[]}],[{"content":"HP Open View ?","tokens":["HP","Open","View","?"],"metadata":[]}],[{"content":"Visio ?","tokens":["Visio","?"],"metadata":[]}],[{"content":"SharePoint Siebel ?","tokens":["SharePoint","Siebel","?"],"metadata":[]}],[{"content":"SAP ?","tokens":["SAP","?"],"metadata":[]}],[{"content":"Avaya ?","tokens":["Avaya","?"],"metadata":[]}],[{"content":"","tokens":[""],"metadata":[]}],[{"content":"NET ?","tokens":["NET","?"],"metadata":[]}],[{"content":"Amdocs ?","tokens":["Amdocs","?"],"metadata":[]}],[{"content":"Peoplesoft 6-9.1 ?","tokens":["Peoplesoft","6-9.1","?"],"metadata":[]}],[{"content":"MS Office SDLC ?","tokens":["MS","Office","SDLC","?"],"metadata":[]}],[{"content":"PMBOK ?","tokens":["PMBOK","?"],"metadata":[]}],[{"content":"Agile Scrum ?","tokens":["Agile","Scrum","?"],"metadata":[]}],[{"content":"ITIL ?","tokens":["ITIL","?"],"metadata":[]}],[{"content":"Sarbane Oxley Act","tokens":["Sarbane","Oxley","Act"],"metadata":[]}]],"labelerInfo":{"id":6821,"email":"tli94@jh.edu","displayName":"Thomas Li"},"labelSets":[{"name":"Resume Labels","index":0,"labelItems":[{"id":"Kj5U6n9NUqTXuWcB3c_7L","labelName":"College"},{"id":"rj7TW0-ymuRo6f_asXJab","labelName":"Company Name"},{"id":"SJEkdao76hjwbb6Fh5SY6","labelName":"Job Title"},{"id":"BjO8MdvK2KI4E5iMEeY4B","labelName":"Graduation Year"},{"id":"eS2knCRgLegeRw8bcmSWA","labelName":"Skill"},{"id":"IeEoIKabMl51BJE0gX2YL","labelName":"Degree"},{"id":"1R0C50AAwFbEp2O0WmRv6","labelName":"Location"},{"id":"zQcc4ygexJ_A3Gb0NeRTk","labelName":"Years of Experience"},{"id":"52S_6moRfhjC-yXgIBeCp","labelName":"Date"},{"id":"KiLarWmwlU1E3-FfdG6Qg","labelName":"Project"},{"id":"dyxKKTAxW1z5ifjPj42BI","labelName":"Name"}]}],"spanLabels":[{"id":"1663427184","labeledBy":"LABELER","labeledByUserId":6821,"acceptedByUserId":null,"rejectedByUserId":null,"layer":0,"counter":0,"status":"ACCEPTED","hashCode":"SPAN:SJEkdao76hjwbb6Fh5SY6:0:0:0:0:0:0:0:1:8:0:undefined:undefined","labelName":"SJEkdao76hjwbb6Fh5SY6","labelItem":{"id":"SJEkdao76hjwbb6Fh5SY6","labelName":"Job Title"},"textPosition":{"start":{"row":0,"column":0,"tokenIndex":0,"charIndex":0},"end":{"row":0,"column":0,"tokenIndex":1,"charIndex":8}},"confidenceScore":null},{"id":"1663427187","labeledBy":"LABELER","labeledByUserId":6821,"acceptedByUserId":null,"rejectedByUserId":null,"layer":0,"counter":0,"status":"ACCEPTED","hashCode":"SPAN:SJEkdao76hjwbb6Fh5SY6:0:0:0:2:0:0:0:3:8:0:undefined:undefined","labelName":"SJEkdao76hjwbb6Fh5SY6","labelItem":{"id":"SJEkdao76hjwbb6Fh5SY6","labelName":"Job Title"},"textPosition":{"start":{"row":0,"column":0,"tokenIndex":2,"charIndex":0},"end":{"row":0,"column":0,"tokenIndex":3,"charIndex":8}},"confidenceScore":null},{"id":"1663427190","labeledBy":"LABELER","labeledByUserId":6821,"acceptedByUserId":null,"rejectedByUserId":null,"layer":0,"counter":0,"status":"ACCEPTED","hashCode":"SPAN:SJEkdao76hjwbb6Fh5SY6:0:0:0:4:0:0:0:5:8:0:undefined:undefined","labelName":"SJEkdao76hjwbb6Fh5SY6","labelItem":{"id":"SJEkdao76hjwbb6Fh5SY6","labelName":"Job Title"},"textPosition":{"start":{"row":0,"column":0,"tokenIndex":4,"charIndex":0},"end":{"row":0,"column":0,"tokenIndex":5,"charIndex":8}},"confidenceScore":null},{"id":"1663427193","labeledBy":"LABELER","labeledByUserId":6821,"acceptedByUserId":null,"rejectedByUserId":null,"layer":0,"counter":0,"status":"ACCEPTED","hashCode":"SPAN:rj7TW0-ymuRo6f_asXJab:0:0:0:7:0:0:0:8:17:0:undefined:undefined","labelName":"rj7TW0-ymuRo6f_asXJab","labelItem":{"id":"rj7TW0-ymuRo6f_asXJab","labelName":"Company Name"},"textPosition":{"start":{"row":0,"column":0,"tokenIndex":7,"charIndex":0},"end":{"row":0,"column":0,"tokenIndex":8,"charIndex":17}},"confidenceScore":null},{"id":"1663427196","labeledBy":"LABELER","labeledByUserId":6821,"acceptedByUserId":null,"rejectedByUserId":null,"layer":0,"counter":0,"status":"ACCEPTED","hashCode":"SPAN:1R0C50AAwFbEp2O0WmRv6:0:0:0:9:0:0:0:11:1:0:undefined:undefined","labelName":"1R0C50AAwFbEp2O0WmRv6","labelItem":{"id":"1R0C50AAwFbEp2O0WmRv6","labelName":"Location"},"textPosition":{"start":{"row":0,"column":0,"tokenIndex":9,"charIndex":0},"end":{"row":0,"column":0,"tokenIndex":11,"charIndex":1}},"confidenceScore":null},{"id":"1663427199","labeledBy":"LABELER","labeledByUserId":6821,"acceptedByUserId":null,"rejectedByUserId":null,"layer":0,"counter":0,"status":"ACCEPTED","hashCode":"SPAN:SJEkdao76hjwbb6Fh5SY6:0:0:0:14:0:0:0:15:8:0:undefined:undefined","labelName":"SJEkdao76hjwbb6Fh5SY6","labelItem":{"id":"SJEkdao76hjwbb6Fh5SY6","labelName":"Job Title"},"textPosition":{"start":{"row":0,"column":0,"tokenIndex":14,"charIndex":0},"end":{"row":0,"column":0,"tokenIndex":15,"charIndex":8}},"confidenceScore":null},{"id":"1663427202","labeledBy":"LABELER","labeledByUserId":6821,"acceptedByUserId":null,"rejectedByUserId":null,"layer":0,"counter":0,"status":"ACCEPTED","hashCode":"SPAN:rj7TW0-ymuRo6f_asXJab:0:0:0:16:0:0:0:17:17:0:undefined:undefined","labelName":"rj7TW0-ymuRo6f_asXJab","labelItem":{"id":"rj7TW0-ymuRo6f_asXJab","labelName":"Company Name"},"textPosition":{"start":{"row":0,"column":0,"tokenIndex":16,"charIndex":0},"end":{"row":0,"column":0,"tokenIndex":17,"charIndex":17}},"confidenceScore":null},{"id":"1663427205","labeledBy":"LABELER","labeledByUserId":6821,"acceptedByUserId":null,"rejectedByUserId":null,"layer":0,"counter":0,"status":"ACCEPTED","hashCode":"SPAN:52S_6moRfhjC-yXgIBeCp:0:0:0:18:0:0:0:20:6:0:undefined:undefined","labelName":"52S_6moRfhjC-yXgIBeCp","labelItem":{"id":"52S_6moRfhjC-yXgIBeCp","labelName":"Date"},"textPosition":{"start":{"row":0,"column":0,"tokenIndex":18,"charIndex":0},"end":{"row":0,"column":0,"tokenIndex":20,"charIndex":6}},"confidenceScore":null},{"id":"1663427208","labeledBy":"LABELER","labeledByUserId":6821,"acceptedByUserId":null,"rejectedByUserId":null,"layer":0,"counter":0,"status":"ACCEPTED","hashCode":"SPAN:SJEkdao76hjwbb6Fh5SY6:0:0:0:21:0:0:0:24:9:0:undefined:undefined","labelName":"SJEkdao76hjwbb6Fh5SY6","labelItem":{"id":"SJEkdao76hjwbb6Fh5SY6","labelName":"Job Title"},"textPosition":{"start":{"row":0,"column":0,"tokenIndex":21,"charIndex":0},"end":{"row":0,"column":0,"tokenIndex":24,"charIndex":9}},"confidenceScore":null},{"id":"1663427211","labeledBy":"LABELER","labeledByUserId":6821,"acceptedByUserId":null,"rejectedByUserId":null,"layer":0,"counter":0,"status":"ACCEPTED","hashCode":"SPAN:eS2knCRgLegeRw8bcmSWA:0:1:0:5:0:1:0:6:11:0:undefined:undefined","labelName":"eS2knCRgLegeRw8bcmSWA","labelItem":{"id":"eS2knCRgLegeRw8bcmSWA","labelName":"Skill"},"textPosition":{"start":{"row":1,"column":0,"tokenIndex":5,"charIndex":0},"end":{"row":1,"column":0,"tokenIndex":6,"charIndex":11}},"confidenceScore":null},{"id":"1663427214","labeledBy":"LABELER","labeledByUserId":6821,"acceptedByUserId":null,"rejectedByUserId":null,"layer":0,"counter":0,"status":"ACCEPTED","hashCode":"SPAN:eS2knCRgLegeRw8bcmSWA:0:3:0:2:0:3:0:3:9:0:undefined:undefined","labelName":"eS2knCRgLegeRw8bcmSWA","labelItem":{"id":"eS2knCRgLegeRw8bcmSWA","labelName":"Skill"},"textPosition":{"start":{"row":3,"column":0,"tokenIndex":2,"charIndex":0},"end":{"row":3,"column":0,"tokenIndex":3,"charIndex":9}},"confidenceScore":null},{"id":"1663427217","labeledBy":"LABELER","labeledByUserId":6821,"acceptedByUserId":null,"rejectedByUserId":null,"layer":0,"counter":0,"status":"ACCEPTED","hashCode":"SPAN:eS2knCRgLegeRw8bcmSWA:0:3:0:5:0:3:0:6:7:0:undefined:undefined","labelName":"eS2knCRgLegeRw8bcmSWA","labelItem":{"id":"eS2knCRgLegeRw8bcmSWA","labelName":"Skill"},"textPosition":{"start":{"row":3,"column":0,"tokenIndex":5,"charIndex":0},"end":{"row":3,"column":0,"tokenIndex":6,"charIndex":7}},"confidenceScore":null},{"id":"1663427223","labeledBy":"LABELER","labeledByUserId":6821,"acceptedByUserId":null,"rejectedByUserId":null,"layer":0,"counter":0,"status":"ACCEPTED","hashCode":"SPAN:SJEkdao76hjwbb6Fh5SY6:0:6:0:0:0:6:0:6:6:0:undefined:undefined","labelName":"SJEkdao76hjwbb6Fh5SY6","labelItem":{"id":"SJEkdao76hjwbb6Fh5SY6","labelName":"Job Title"},"textPosition":{"start":{"row":6,"column":0,"tokenIndex":0,"charIndex":0},"end":{"row":6,"column":0,"tokenIndex":6,"charIndex":6}},"confidenceScore":null},{"id":"1663427226","labeledBy":"LABELER","labeledByUserId":6821,"acceptedByUserId":null,"rejectedByUserId":null,"layer":0,"counter":0,"status":"ACCEPTED","hashCode":"SPAN:rj7TW0-ymuRo6f_asXJab:0:6:0:7:0:6:0:10:8:0:undefined:undefined","labelName":"rj7TW0-ymuRo6f_asXJab","labelItem":{"id":"rj7TW0-ymuRo6f_asXJab","labelName":"Company Name"},"textPosition":{"start":{"row":6,"column":0,"tokenIndex":7,"charIndex":0},"end":{"row":6,"column":0,"tokenIndex":10,"charIndex":8}},"confidenceScore":null},{"id":"1663427229","labeledBy":"LABELER","labeledByUserId":6821,"acceptedByUserId":null,"rejectedByUserId":null,"layer":0,"counter":0,"status":"ACCEPTED","hashCode":"SPAN:52S_6moRfhjC-yXgIBeCp:0:6:0:11:0:6:0:13:6:0:undefined:undefined","labelName":"52S_6moRfhjC-yXgIBeCp","labelItem":{"id":"52S_6moRfhjC-yXgIBeCp","labelName":"Date"},"textPosition":{"start":{"row":6,"column":0,"tokenIndex":11,"charIndex":0},"end":{"row":6,"column":0,"tokenIndex":13,"charIndex":6}},"confidenceScore":null},{"id":"1663427243","labeledBy":"LABELER","labeledByUserId":6821,"acceptedByUserId":null,"rejectedByUserId":null,"layer":0,"counter":0,"status":"ACCEPTED","hashCode":"SPAN:eS2knCRgLegeRw8bcmSWA:0:18:0:1:0:18:0:4:7:0:undefined:undefined","labelName":"eS2knCRgLegeRw8bcmSWA","labelItem":{"id":"eS2knCRgLegeRw8bcmSWA","labelName":"Skill"},"textPosition":{"start":{"row":18,"column":0,"tokenIndex":1,"charIndex":0},"end":{"row":18,"column":0,"tokenIndex":4,"charIndex":7}},"confidenceScore":null},{"id":"1663427235","labeledBy":"LABELER","labeledByUserId":6821,"acceptedByUserId":null,"rejectedByUserId":null,"layer":0,"counter":0,"status":"ACCEPTED","hashCode":"SPAN:eS2knCRgLegeRw8bcmSWA:0:18:0:6:0:18:0:8:13:0:undefined:undefined","labelName":"eS2knCRgLegeRw8bcmSWA","labelItem":{"id":"eS2knCRgLegeRw8bcmSWA","labelName":"Skill"},"textPosition":{"start":{"row":18,"column":0,"tokenIndex":6,"charIndex":0},"end":{"row":18,"column":0,"tokenIndex":8,"charIndex":13}},"confidenceScore":null},{"id":"1663427251","labeledBy":"LABELER","labeledByUserId":6821,"acceptedByUserId":null,"rejectedByUserId":null,"layer":0,"counter":0,"status":"ACCEPTED","hashCode":"SPAN:eS2knCRgLegeRw8bcmSWA:0:20:0:25:0:20:0:26:11:0:undefined:undefined","labelName":"eS2knCRgLegeRw8bcmSWA","labelItem":{"id":"eS2knCRgLegeRw8bcmSWA","labelName":"Skill"},"textPosition":{"start":{"row":20,"column":0,"tokenIndex":25,"charIndex":0},"end":{"row":20,"column":0,"tokenIndex":26,"charIndex":11}},"confidenceScore":null},{"id":"1663427266","labeledBy":"LABELER","labeledByUserId":6821,"acceptedByUserId":null,"rejectedByUserId":null,"layer":0,"counter":0,"status":"ACCEPTED","hashCode":"SPAN:SJEkdao76hjwbb6Fh5SY6:0:21:0:0:0:21:0:2:6:0:undefined:undefined","labelName":"SJEkdao76hjwbb6Fh5SY6","labelItem":{"id":"SJEkdao76hjwbb6Fh5SY6","labelName":"Job Title"},"textPosition":{"start":{"row":21,"column":0,"tokenIndex":0,"charIndex":0},"end":{"row":21,"column":0,"tokenIndex":2,"charIndex":6}},"confidenceScore":null},{"id":"1663427269","labeledBy":"LABELER","labeledByUserId":6821,"acceptedByUserId":null,"rejectedByUserId":null,"layer":0,"counter":0,"status":"ACCEPTED","hashCode":"SPAN:rj7TW0-ymuRo6f_asXJab:0:21:0:3:0:21:0:4:6:0:undefined:undefined","labelName":"rj7TW0-ymuRo6f_asXJab","labelItem":{"id":"rj7TW0-ymuRo6f_asXJab","labelName":"Company Name"},"textPosition":{"start":{"row":21,"column":0,"tokenIndex":3,"charIndex":0},"end":{"row":21,"column":0,"tokenIndex":4,"charIndex":6}},"confidenceScore":null},{"id":"1663427277","labeledBy":"LABELER","labeledByUserId":6821,"acceptedByUserId":null,"rejectedByUserId":null,"layer":0,"counter":0,"status":"ACCEPTED","hashCode":"SPAN:52S_6moRfhjC-yXgIBeCp:0:21:0:5:0:21:0:7:3:0:undefined:undefined","labelName":"52S_6moRfhjC-yXgIBeCp","labelItem":{"id":"52S_6moRfhjC-yXgIBeCp","labelName":"Date"},"textPosition":{"start":{"row":21,"column":0,"tokenIndex":5,"charIndex":0},"end":{"row":21,"column":0,"tokenIndex":7,"charIndex":3}},"confidenceScore":null},{"id":"1663427285","labeledBy":"LABELER","labeledByUserId":6821,"acceptedByUserId":null,"rejectedByUserId":null,"layer":0,"counter":0,"status":"ACCEPTED","hashCode":"SPAN:KiLarWmwlU1E3-FfdG6Qg:0:21:0:15:0:21:0:20:7:0:undefined:undefined","labelName":"KiLarWmwlU1E3-FfdG6Qg","labelItem":{"id":"KiLarWmwlU1E3-FfdG6Qg","labelName":"Project"},"textPosition":{"start":{"row":21,"column":0,"tokenIndex":15,"charIndex":0},"end":{"row":21,"column":0,"tokenIndex":20,"charIndex":7}},"confidenceScore":null},{"id":"1663427291","labeledBy":"LABELER","labeledByUserId":6821,"acceptedByUserId":null,"rejectedByUserId":null,"layer":0,"counter":0,"status":"ACCEPTED","hashCode":"SPAN:eS2knCRgLegeRw8bcmSWA:0:23:0:5:0:23:0:5:3:0:undefined:undefined","labelName":"eS2knCRgLegeRw8bcmSWA","labelItem":{"id":"eS2knCRgLegeRw8bcmSWA","labelName":"Skill"},"textPosition":{"start":{"row":23,"column":0,"tokenIndex":5,"charIndex":0},"end":{"row":23,"column":0,"tokenIndex":5,"charIndex":3}},"confidenceScore":null},{"id":"1663427294","labeledBy":"LABELER","labeledByUserId":6821,"acceptedByUserId":null,"rejectedByUserId":null,"layer":0,"counter":0,"status":"ACCEPTED","hashCode":"SPAN:eS2knCRgLegeRw8bcmSWA:0:23:0:6:0:23:0:7:12:0:undefined:undefined","labelName":"eS2knCRgLegeRw8bcmSWA","labelItem":{"id":"eS2knCRgLegeRw8bcmSWA","labelName":"Skill"},"textPosition":{"start":{"row":23,"column":0,"tokenIndex":6,"charIndex":0},"end":{"row":23,"column":0,"tokenIndex":7,"charIndex":12}},"confidenceScore":null},{"id":"1663427297","labeledBy":"LABELER","labeledByUserId":6821,"acceptedByUserId":null,"rejectedByUserId":null,"layer":0,"counter":0,"status":"ACCEPTED","hashCode":"SPAN:eS2knCRgLegeRw8bcmSWA:0:23:0:8:0:23:0:9:6:0:undefined:undefined","labelName":"eS2knCRgLegeRw8bcmSWA","labelItem":{"id":"eS2knCRgLegeRw8bcmSWA","labelName":"Skill"},"textPosition":{"start":{"row":23,"column":0,"tokenIndex":8,"charIndex":0},"end":{"row":23,"column":0,"tokenIndex":9,"charIndex":6}},"confidenceScore":null},{"id":"1663427300","labeledBy":"LABELER","labeledByUserId":6821,"acceptedByUserId":null,"rejectedByUserId":null,"layer":0,"counter":0,"status":"ACCEPTED","hashCode":"SPAN:eS2knCRgLegeRw8bcmSWA:0:23:0:10:0:23:0:13:5:0:undefined:undefined","labelName":"eS2knCRgLegeRw8bcmSWA","labelItem":{"id":"eS2knCRgLegeRw8bcmSWA","labelName":"Skill"},"textPosition":{"start":{"row":23,"column":0,"tokenIndex":10,"charIndex":0},"end":{"row":23,"column":0,"tokenIndex":13,"charIndex":5}},"confidenceScore":null},{"id":"1663427303","labeledBy":"LABELER","labeledByUserId":6821,"acceptedByUserId":null,"rejectedByUserId":null,"layer":0,"counter":0,"status":"ACCEPTED","hashCode":"SPAN:eS2knCRgLegeRw8bcmSWA:0:23:0:14:0:23:0:15:10:0:undefined:undefined","labelName":"eS2knCRgLegeRw8bcmSWA","labelItem":{"id":"eS2knCRgLegeRw8bcmSWA","labelName":"Skill"},"textPosition":{"start":{"row":23,"column":0,"tokenIndex":14,"charIndex":0},"end":{"row":23,"column":0,"tokenIndex":15,"charIndex":10}},"confidenceScore":null},{"id":"1663427311","labeledBy":"LABELER","labeledByUserId":6821,"acceptedByUserId":null,"rejectedByUserId":null,"layer":0,"counter":0,"status":"ACCEPTED","hashCode":"SPAN:eS2knCRgLegeRw8bcmSWA:0:23:0:16:0:23:0:17:7:0:undefined:undefined","labelName":"eS2knCRgLegeRw8bcmSWA","labelItem":{"id":"eS2knCRgLegeRw8bcmSWA","labelName":"Skill"},"textPosition":{"start":{"row":23,"column":0,"tokenIndex":16,"charIndex":0},"end":{"row":23,"column":0,"tokenIndex":17,"charIndex":7}},"confidenceScore":null},{"id":"1663427324","labeledBy":"LABELER","labeledByUserId":6821,"acceptedByUserId":null,"rejectedByUserId":null,"layer":0,"counter":0,"status":"ACCEPTED","hashCode":"SPAN:SJEkdao76hjwbb6Fh5SY6:0:24:0:0:0:24:0:3:5:0:undefined:undefined","labelName":"SJEkdao76hjwbb6Fh5SY6","labelItem":{"id":"SJEkdao76hjwbb6Fh5SY6","labelName":"Job Title"},"textPosition":{"start":{"row":24,"column":0,"tokenIndex":0,"charIndex":0},"end":{"row":24,"column":0,"tokenIndex":3,"charIndex":5}},"confidenceScore":null},{"id":"1663427332","labeledBy":"LABELER","labeledByUserId":6821,"acceptedByUserId":null,"rejectedByUserId":null,"layer":0,"counter":0,"status":"ACCEPTED","hashCode":"SPAN:rj7TW0-ymuRo6f_asXJab:0:24:0:4:0:24:0:5:9:0:undefined:undefined","labelName":"rj7TW0-ymuRo6f_asXJab","labelItem":{"id":"rj7TW0-ymuRo6f_asXJab","labelName":"Company Name"},"textPosition":{"start":{"row":24,"column":0,"tokenIndex":4,"charIndex":0},"end":{"row":24,"column":0,"tokenIndex":5,"charIndex":9}},"confidenceScore":null},{"id":"1663427335","labeledBy":"LABELER","labeledByUserId":6821,"acceptedByUserId":null,"rejectedByUserId":null,"layer":0,"counter":0,"status":"ACCEPTED","hashCode":"SPAN:52S_6moRfhjC-yXgIBeCp:0:24:0:6:0:24:0:8:3:0:undefined:undefined","labelName":"52S_6moRfhjC-yXgIBeCp","labelItem":{"id":"52S_6moRfhjC-yXgIBeCp","labelName":"Date"},"textPosition":{"start":{"row":24,"column":0,"tokenIndex":6,"charIndex":0},"end":{"row":24,"column":0,"tokenIndex":8,"charIndex":3}},"confidenceScore":null},{"id":"1663427343","labeledBy":"LABELER","labeledByUserId":6821,"acceptedByUserId":null,"rejectedByUserId":null,"layer":0,"counter":0,"status":"ACCEPTED","hashCode":"SPAN:SJEkdao76hjwbb6Fh5SY6:0:24:0:9:0:24:0:13:8:0:undefined:undefined","labelName":"SJEkdao76hjwbb6Fh5SY6","labelItem":{"id":"SJEkdao76hjwbb6Fh5SY6","labelName":"Job Title"},"textPosition":{"start":{"row":24,"column":0,"tokenIndex":9,"charIndex":0},"end":{"row":24,"column":0,"tokenIndex":13,"charIndex":8}},"confidenceScore":null},{"id":"1663427356","labeledBy":"LABELER","labeledByUserId":6821,"acceptedByUserId":null,"rejectedByUserId":null,"layer":0,"counter":0,"status":"ACCEPTED","hashCode":"SPAN:rj7TW0-ymuRo6f_asXJab:0:24:0:14:0:24:0:17:5:0:undefined:undefined","labelName":"rj7TW0-ymuRo6f_asXJab","labelItem":{"id":"rj7TW0-ymuRo6f_asXJab","labelName":"Company Name"},"textPosition":{"start":{"row":24,"column":0,"tokenIndex":14,"charIndex":0},"end":{"row":24,"column":0,"tokenIndex":17,"charIndex":5}},"confidenceScore":null},{"id":"1663427369","labeledBy":"LABELER","labeledByUserId":6821,"acceptedByUserId":null,"rejectedByUserId":null,"layer":0,"counter":0,"status":"ACCEPTED","hashCode":"SPAN:eS2knCRgLegeRw8bcmSWA:0:28:0:0:0:28:0:1:10:0:undefined:undefined","labelName":"eS2knCRgLegeRw8bcmSWA","labelItem":{"id":"eS2knCRgLegeRw8bcmSWA","labelName":"Skill"},"textPosition":{"start":{"row":28,"column":0,"tokenIndex":0,"charIndex":0},"end":{"row":28,"column":0,"tokenIndex":1,"charIndex":10}},"confidenceScore":null},{"id":"1663427372","labeledBy":"LABELER","labeledByUserId":6821,"acceptedByUserId":null,"rejectedByUserId":null,"layer":0,"counter":0,"status":"ACCEPTED","hashCode":"SPAN:eS2knCRgLegeRw8bcmSWA:0:28:0:3:0:28:0:3:9:0:undefined:undefined","labelName":"eS2knCRgLegeRw8bcmSWA","labelItem":{"id":"eS2knCRgLegeRw8bcmSWA","labelName":"Skill"},"textPosition":{"start":{"row":28,"column":0,"tokenIndex":3,"charIndex":0},"end":{"row":28,"column":0,"tokenIndex":3,"charIndex":9}},"confidenceScore":null},{"id":"1663427385","labeledBy":"LABELER","labeledByUserId":6821,"acceptedByUserId":null,"rejectedByUserId":null,"layer":0,"counter":0,"status":"ACCEPTED","hashCode":"SPAN:SJEkdao76hjwbb6Fh5SY6:0:31:0:0:0:31:0:2:6:0:undefined:undefined","labelName":"SJEkdao76hjwbb6Fh5SY6","labelItem":{"id":"SJEkdao76hjwbb6Fh5SY6","labelName":"Job Title"},"textPosition":{"start":{"row":31,"column":0,"tokenIndex":0,"charIndex":0},"end":{"row":31,"column":0,"tokenIndex":2,"charIndex":6}},"confidenceScore":null},{"id":"1663427396","labeledBy":"LABELER","labeledByUserId":6821,"acceptedByUserId":null,"rejectedByUserId":null,"layer":0,"counter":0,"status":"ACCEPTED","hashCode":"SPAN:rj7TW0-ymuRo6f_asXJab:0:31:0:3:0:31:0:5:9:0:undefined:undefined","labelName":"rj7TW0-ymuRo6f_asXJab","labelItem":{"id":"rj7TW0-ymuRo6f_asXJab","labelName":"Company Name"},"textPosition":{"start":{"row":31,"column":0,"tokenIndex":3,"charIndex":0},"end":{"row":31,"column":0,"tokenIndex":5,"charIndex":9}},"confidenceScore":null},{"id":"1663427404","labeledBy":"LABELER","labeledByUserId":6821,"acceptedByUserId":null,"rejectedByUserId":null,"layer":0,"counter":0,"status":"ACCEPTED","hashCode":"SPAN:52S_6moRfhjC-yXgIBeCp:0:31:0:6:0:31:0:8:3:0:undefined:undefined","labelName":"52S_6moRfhjC-yXgIBeCp","labelItem":{"id":"52S_6moRfhjC-yXgIBeCp","labelName":"Date"},"textPosition":{"start":{"row":31,"column":0,"tokenIndex":6,"charIndex":0},"end":{"row":31,"column":0,"tokenIndex":8,"charIndex":3}},"confidenceScore":null},{"id":"1663427411","labeledBy":"LABELER","labeledByUserId":6821,"acceptedByUserId":null,"rejectedByUserId":null,"layer":0,"counter":0,"status":"ACCEPTED","hashCode":"SPAN:SJEkdao76hjwbb6Fh5SY6:0:32:0:0:0:32:0:2:6:0:undefined:undefined","labelName":"SJEkdao76hjwbb6Fh5SY6","labelItem":{"id":"SJEkdao76hjwbb6Fh5SY6","labelName":"Job Title"},"textPosition":{"start":{"row":32,"column":0,"tokenIndex":0,"charIndex":0},"end":{"row":32,"column":0,"tokenIndex":2,"charIndex":6}},"confidenceScore":null},{"id":"1663427414","labeledBy":"LABELER","labeledByUserId":6821,"acceptedByUserId":null,"rejectedByUserId":null,"layer":0,"counter":0,"status":"ACCEPTED","hashCode":"SPAN:rj7TW0-ymuRo6f_asXJab:0:32:0:3:0:32:0:4:9:0:undefined:undefined","labelName":"rj7TW0-ymuRo6f_asXJab","labelItem":{"id":"rj7TW0-ymuRo6f_asXJab","labelName":"Company Name"},"textPosition":{"start":{"row":32,"column":0,"tokenIndex":3,"charIndex":0},"end":{"row":32,"column":0,"tokenIndex":4,"charIndex":9}},"confidenceScore":null},{"id":"1663427421","labeledBy":"LABELER","labeledByUserId":6821,"acceptedByUserId":null,"rejectedByUserId":null,"layer":0,"counter":0,"status":"ACCEPTED","hashCode":"SPAN:52S_6moRfhjC-yXgIBeCp:0:32:0:5:0:32:0:7:3:0:undefined:undefined","labelName":"52S_6moRfhjC-yXgIBeCp","labelItem":{"id":"52S_6moRfhjC-yXgIBeCp","labelName":"Date"},"textPosition":{"start":{"row":32,"column":0,"tokenIndex":5,"charIndex":0},"end":{"row":32,"column":0,"tokenIndex":7,"charIndex":3}},"confidenceScore":null},{"id":"1663427438","labeledBy":"LABELER","labeledByUserId":6821,"acceptedByUserId":null,"rejectedByUserId":null,"layer":0,"counter":0,"status":"ACCEPTED","hashCode":"SPAN:eS2knCRgLegeRw8bcmSWA:0:32:0:22:0:32:0:23:10:0:undefined:undefined","labelName":"eS2knCRgLegeRw8bcmSWA","labelItem":{"id":"eS2knCRgLegeRw8bcmSWA","labelName":"Skill"},"textPosition":{"start":{"row":32,"column":0,"tokenIndex":22,"charIndex":0},"end":{"row":32,"column":0,"tokenIndex":23,"charIndex":10}},"confidenceScore":null},{"id":"1663427427","labeledBy":"LABELER","labeledByUserId":6821,"acceptedByUserId":null,"rejectedByUserId":null,"layer":0,"counter":0,"status":"ACCEPTED","hashCode":"SPAN:eS2knCRgLegeRw8bcmSWA:0:32:0:26:0:32:0:27:4:0:undefined:undefined","labelName":"eS2knCRgLegeRw8bcmSWA","labelItem":{"id":"eS2knCRgLegeRw8bcmSWA","labelName":"Skill"},"textPosition":{"start":{"row":32,"column":0,"tokenIndex":26,"charIndex":0},"end":{"row":32,"column":0,"tokenIndex":27,"charIndex":4}},"confidenceScore":null},{"id":"1663427430","labeledBy":"LABELER","labeledByUserId":6821,"acceptedByUserId":null,"rejectedByUserId":null,"layer":0,"counter":0,"status":"ACCEPTED","hashCode":"SPAN:eS2knCRgLegeRw8bcmSWA:0:32:0:29:0:32:0:29:4:0:undefined:undefined","labelName":"eS2knCRgLegeRw8bcmSWA","labelItem":{"id":"eS2knCRgLegeRw8bcmSWA","labelName":"Skill"},"textPosition":{"start":{"row":32,"column":0,"tokenIndex":29,"charIndex":0},"end":{"row":32,"column":0,"tokenIndex":29,"charIndex":4}},"confidenceScore":null},{"id":"1663427446","labeledBy":"LABELER","labeledByUserId":6821,"acceptedByUserId":null,"rejectedByUserId":null,"layer":0,"counter":0,"status":"ACCEPTED","hashCode":"SPAN:eS2knCRgLegeRw8bcmSWA:0:34:0:3:0:34:0:4:5:0:undefined:undefined","labelName":"eS2knCRgLegeRw8bcmSWA","labelItem":{"id":"eS2knCRgLegeRw8bcmSWA","labelName":"Skill"},"textPosition":{"start":{"row":34,"column":0,"tokenIndex":3,"charIndex":0},"end":{"row":34,"column":0,"tokenIndex":4,"charIndex":5}},"confidenceScore":null},{"id":"1663427454","labeledBy":"LABELER","labeledByUserId":6821,"acceptedByUserId":null,"rejectedByUserId":null,"layer":0,"counter":0,"status":"ACCEPTED","hashCode":"SPAN:SJEkdao76hjwbb6Fh5SY6:0:35:0:0:0:35:0:2:6:0:undefined:undefined","labelName":"SJEkdao76hjwbb6Fh5SY6","labelItem":{"id":"SJEkdao76hjwbb6Fh5SY6","labelName":"Job Title"},"textPosition":{"start":{"row":35,"column":0,"tokenIndex":0,"charIndex":0},"end":{"row":35,"column":0,"tokenIndex":2,"charIndex":6}},"confidenceScore":null},{"id":"1663427457","labeledBy":"LABELER","labeledByUserId":6821,"acceptedByUserId":null,"rejectedByUserId":null,"layer":0,"counter":0,"status":"ACCEPTED","hashCode":"SPAN:rj7TW0-ymuRo6f_asXJab:0:35:0:3:0:35:0:4:8:0:undefined:undefined","labelName":"rj7TW0-ymuRo6f_asXJab","labelItem":{"id":"rj7TW0-ymuRo6f_asXJab","labelName":"Company Name"},"textPosition":{"start":{"row":35,"column":0,"tokenIndex":3,"charIndex":0},"end":{"row":35,"column":0,"tokenIndex":4,"charIndex":8}},"confidenceScore":null},{"id":"1663427460","labeledBy":"LABELER","labeledByUserId":6821,"acceptedByUserId":null,"rejectedByUserId":null,"layer":0,"counter":0,"status":"ACCEPTED","hashCode":"SPAN:52S_6moRfhjC-yXgIBeCp:0:35:0:5:0:35:0:7:3:0:undefined:undefined","labelName":"52S_6moRfhjC-yXgIBeCp","labelItem":{"id":"52S_6moRfhjC-yXgIBeCp","labelName":"Date"},"textPosition":{"start":{"row":35,"column":0,"tokenIndex":5,"charIndex":0},"end":{"row":35,"column":0,"tokenIndex":7,"charIndex":3}},"confidenceScore":null},{"id":"1663427463","labeledBy":"LABELER","labeledByUserId":6821,"acceptedByUserId":null,"rejectedByUserId":null,"layer":0,"counter":0,"status":"ACCEPTED","hashCode":"SPAN:eS2knCRgLegeRw8bcmSWA:0:35:0:10:0:35:0:13:13:0:undefined:undefined","labelName":"eS2knCRgLegeRw8bcmSWA","labelItem":{"id":"eS2knCRgLegeRw8bcmSWA","labelName":"Skill"},"textPosition":{"start":{"row":35,"column":0,"tokenIndex":10,"charIndex":0},"end":{"row":35,"column":0,"tokenIndex":13,"charIndex":13}},"confidenceScore":null},{"id":"1663427471","labeledBy":"LABELER","labeledByUserId":6821,"acceptedByUserId":null,"rejectedByUserId":null,"layer":0,"counter":0,"status":"ACCEPTED","hashCode":"SPAN:eS2knCRgLegeRw8bcmSWA:0:35:0:21:0:35:0:21:3:0:undefined:undefined","labelName":"eS2knCRgLegeRw8bcmSWA","labelItem":{"id":"eS2knCRgLegeRw8bcmSWA","labelName":"Skill"},"textPosition":{"start":{"row":35,"column":0,"tokenIndex":21,"charIndex":0},"end":{"row":35,"column":0,"tokenIndex":21,"charIndex":3}},"confidenceScore":null},{"id":"1663427479","labeledBy":"LABELER","labeledByUserId":6821,"acceptedByUserId":null,"rejectedByUserId":null,"layer":0,"counter":0,"status":"ACCEPTED","hashCode":"SPAN:eS2knCRgLegeRw8bcmSWA:0:35:0:22:0:35:0:23:5:0:undefined:undefined","labelName":"eS2knCRgLegeRw8bcmSWA","labelItem":{"id":"eS2knCRgLegeRw8bcmSWA","labelName":"Skill"},"textPosition":{"start":{"row":35,"column":0,"tokenIndex":22,"charIndex":0},"end":{"row":35,"column":0,"tokenIndex":23,"charIndex":5}},"confidenceScore":null},{"id":"1663427482","labeledBy":"LABELER","labeledByUserId":6821,"acceptedByUserId":null,"rejectedByUserId":null,"layer":0,"counter":0,"status":"ACCEPTED","hashCode":"SPAN:eS2knCRgLegeRw8bcmSWA:0:35:0:24:0:35:0:26:9:0:undefined:undefined","labelName":"eS2knCRgLegeRw8bcmSWA","labelItem":{"id":"eS2knCRgLegeRw8bcmSWA","labelName":"Skill"},"textPosition":{"start":{"row":35,"column":0,"tokenIndex":24,"charIndex":0},"end":{"row":35,"column":0,"tokenIndex":26,"charIndex":9}},"confidenceScore":null},{"id":"1663427500","labeledBy":"LABELER","labeledByUserId":6821,"acceptedByUserId":null,"rejectedByUserId":null,"layer":0,"counter":0,"status":"ACCEPTED","hashCode":"SPAN:SJEkdao76hjwbb6Fh5SY6:0:38:0:0:0:38:0:2:1:0:undefined:undefined","labelName":"SJEkdao76hjwbb6Fh5SY6","labelItem":{"id":"SJEkdao76hjwbb6Fh5SY6","labelName":"Job Title"},"textPosition":{"start":{"row":38,"column":0,"tokenIndex":0,"charIndex":0},"end":{"row":38,"column":0,"tokenIndex":2,"charIndex":1}},"confidenceScore":null},{"id":"1663427508","labeledBy":"LABELER","labeledByUserId":6821,"acceptedByUserId":null,"rejectedByUserId":null,"layer":0,"counter":0,"status":"ACCEPTED","hashCode":"SPAN:rj7TW0-ymuRo6f_asXJab:0:38:0:3:0:38:0:4:4:0:undefined:undefined","labelName":"rj7TW0-ymuRo6f_asXJab","labelItem":{"id":"rj7TW0-ymuRo6f_asXJab","labelName":"Company Name"},"textPosition":{"start":{"row":38,"column":0,"tokenIndex":3,"charIndex":0},"end":{"row":38,"column":0,"tokenIndex":4,"charIndex":4}},"confidenceScore":null},{"id":"1663427511","labeledBy":"LABELER","labeledByUserId":6821,"acceptedByUserId":null,"rejectedByUserId":null,"layer":0,"counter":0,"status":"ACCEPTED","hashCode":"SPAN:1R0C50AAwFbEp2O0WmRv6:0:38:0:5:0:38:0:6:6:0:undefined:undefined","labelName":"1R0C50AAwFbEp2O0WmRv6","labelItem":{"id":"1R0C50AAwFbEp2O0WmRv6","labelName":"Location"},"textPosition":{"start":{"row":38,"column":0,"tokenIndex":5,"charIndex":0},"end":{"row":38,"column":0,"tokenIndex":6,"charIndex":6}},"confidenceScore":null},{"id":"1663427539","labeledBy":"LABELER","labeledByUserId":6821,"acceptedByUserId":null,"rejectedByUserId":null,"layer":0,"counter":0,"status":"ACCEPTED","hashCode":"SPAN:52S_6moRfhjC-yXgIBeCp:0:38:0:10:0:38:0:12:3:0:undefined:undefined","labelName":"52S_6moRfhjC-yXgIBeCp","labelItem":{"id":"52S_6moRfhjC-yXgIBeCp","labelName":"Date"},"textPosition":{"start":{"row":38,"column":0,"tokenIndex":10,"charIndex":0},"end":{"row":38,"column":0,"tokenIndex":12,"charIndex":3}},"confidenceScore":null},{"id":"1663427542","labeledBy":"LABELER","labeledByUserId":6821,"acceptedByUserId":null,"rejectedByUserId":null,"layer":0,"counter":0,"status":"ACCEPTED","hashCode":"SPAN:eS2knCRgLegeRw8bcmSWA:0:39:0:0:0:39:0:1:10:0:undefined:undefined","labelName":"eS2knCRgLegeRw8bcmSWA","labelItem":{"id":"eS2knCRgLegeRw8bcmSWA","labelName":"Skill"},"textPosition":{"start":{"row":39,"column":0,"tokenIndex":0,"charIndex":0},"end":{"row":39,"column":0,"tokenIndex":1,"charIndex":10}},"confidenceScore":null},{"id":"1663427545","labeledBy":"LABELER","labeledByUserId":6821,"acceptedByUserId":null,"rejectedByUserId":null,"layer":0,"counter":0,"status":"ACCEPTED","hashCode":"SPAN:eS2knCRgLegeRw8bcmSWA:0:41:0:5:0:41:0:8:5:0:undefined:undefined","labelName":"eS2knCRgLegeRw8bcmSWA","labelItem":{"id":"eS2knCRgLegeRw8bcmSWA","labelName":"Skill"},"textPosition":{"start":{"row":41,"column":0,"tokenIndex":5,"charIndex":0},"end":{"row":41,"column":0,"tokenIndex":8,"charIndex":5}},"confidenceScore":null},{"id":"1663427548","labeledBy":"LABELER","labeledByUserId":6821,"acceptedByUserId":null,"rejectedByUserId":null,"layer":0,"counter":0,"status":"ACCEPTED","hashCode":"SPAN:52S_6moRfhjC-yXgIBeCp:0:42:0:3:0:42:0:3:9:0:undefined:undefined","labelName":"52S_6moRfhjC-yXgIBeCp","labelItem":{"id":"52S_6moRfhjC-yXgIBeCp","labelName":"Date"},"textPosition":{"start":{"row":42,"column":0,"tokenIndex":3,"charIndex":0},"end":{"row":42,"column":0,"tokenIndex":3,"charIndex":9}},"confidenceScore":null},{"id":"1663427551","labeledBy":"LABELER","labeledByUserId":6821,"acceptedByUserId":null,"rejectedByUserId":null,"layer":0,"counter":0,"status":"ACCEPTED","hashCode":"SPAN:eS2knCRgLegeRw8bcmSWA:0:43:0:4:0:43:0:5:11:0:undefined:undefined","labelName":"eS2knCRgLegeRw8bcmSWA","labelItem":{"id":"eS2knCRgLegeRw8bcmSWA","labelName":"Skill"},"textPosition":{"start":{"row":43,"column":0,"tokenIndex":4,"charIndex":0},"end":{"row":43,"column":0,"tokenIndex":5,"charIndex":11}},"confidenceScore":null},{"id":"1663427554","labeledBy":"LABELER","labeledByUserId":6821,"acceptedByUserId":null,"rejectedByUserId":null,"layer":0,"counter":0,"status":"ACCEPTED","hashCode":"SPAN:eS2knCRgLegeRw8bcmSWA:0:43:0:6:0:43:0:7:4:0:undefined:undefined","labelName":"eS2knCRgLegeRw8bcmSWA","labelItem":{"id":"eS2knCRgLegeRw8bcmSWA","labelName":"Skill"},"textPosition":{"start":{"row":43,"column":0,"tokenIndex":6,"charIndex":0},"end":{"row":43,"column":0,"tokenIndex":7,"charIndex":4}},"confidenceScore":null},{"id":"1663427557","labeledBy":"LABELER","labeledByUserId":6821,"acceptedByUserId":null,"rejectedByUserId":null,"layer":0,"counter":0,"status":"ACCEPTED","hashCode":"SPAN:eS2knCRgLegeRw8bcmSWA:0:43:0:8:0:43:0:11:6:0:undefined:undefined","labelName":"eS2knCRgLegeRw8bcmSWA","labelItem":{"id":"eS2knCRgLegeRw8bcmSWA","labelName":"Skill"},"textPosition":{"start":{"row":43,"column":0,"tokenIndex":8,"charIndex":0},"end":{"row":43,"column":0,"tokenIndex":11,"charIndex":6}},"confidenceScore":null},{"id":"1663427563","labeledBy":"LABELER","labeledByUserId":6821,"acceptedByUserId":null,"rejectedByUserId":null,"layer":0,"counter":0,"status":"ACCEPTED","hashCode":"SPAN:eS2knCRgLegeRw8bcmSWA:0:44:0:9:0:44:0:9:7:0:undefined:undefined","labelName":"eS2knCRgLegeRw8bcmSWA","labelItem":{"id":"eS2knCRgLegeRw8bcmSWA","labelName":"Skill"},"textPosition":{"start":{"row":44,"column":0,"tokenIndex":9,"charIndex":0},"end":{"row":44,"column":0,"tokenIndex":9,"charIndex":7}},"confidenceScore":null},{"id":"1663427560","labeledBy":"LABELER","labeledByUserId":6821,"acceptedByUserId":null,"rejectedByUserId":null,"layer":0,"counter":0,"status":"ACCEPTED","hashCode":"SPAN:eS2knCRgLegeRw8bcmSWA:0:44:0:11:0:44:0:11:10:0:undefined:undefined","labelName":"eS2knCRgLegeRw8bcmSWA","labelItem":{"id":"eS2knCRgLegeRw8bcmSWA","labelName":"Skill"},"textPosition":{"start":{"row":44,"column":0,"tokenIndex":11,"charIndex":0},"end":{"row":44,"column":0,"tokenIndex":11,"charIndex":10}},"confidenceScore":null},{"id":"1663427566","labeledBy":"LABELER","labeledByUserId":6821,"acceptedByUserId":null,"rejectedByUserId":null,"layer":0,"counter":0,"status":"ACCEPTED","hashCode":"SPAN:eS2knCRgLegeRw8bcmSWA:0:45:0:0:0:45:0:0:2:0:undefined:undefined","labelName":"eS2knCRgLegeRw8bcmSWA","labelItem":{"id":"eS2knCRgLegeRw8bcmSWA","labelName":"Skill"},"textPosition":{"start":{"row":45,"column":0,"tokenIndex":0,"charIndex":0},"end":{"row":45,"column":0,"tokenIndex":0,"charIndex":2}},"confidenceScore":null},{"id":"1663427569","labeledBy":"LABELER","labeledByUserId":6821,"acceptedByUserId":null,"rejectedByUserId":null,"layer":0,"counter":0,"status":"ACCEPTED","hashCode":"SPAN:eS2knCRgLegeRw8bcmSWA:0:45:0:2:0:45:0:2:2:0:undefined:undefined","labelName":"eS2knCRgLegeRw8bcmSWA","labelItem":{"id":"eS2knCRgLegeRw8bcmSWA","labelName":"Skill"},"textPosition":{"start":{"row":45,"column":0,"tokenIndex":2,"charIndex":0},"end":{"row":45,"column":0,"tokenIndex":2,"charIndex":2}},"confidenceScore":null},{"id":"1663427572","labeledBy":"LABELER","labeledByUserId":6821,"acceptedByUserId":null,"rejectedByUserId":null,"layer":0,"counter":0,"status":"ACCEPTED","hashCode":"SPAN:eS2knCRgLegeRw8bcmSWA:0:45:0:4:0:45:0:4:3:0:undefined:undefined","labelName":"eS2knCRgLegeRw8bcmSWA","labelItem":{"id":"eS2knCRgLegeRw8bcmSWA","labelName":"Skill"},"textPosition":{"start":{"row":45,"column":0,"tokenIndex":4,"charIndex":0},"end":{"row":45,"column":0,"tokenIndex":4,"charIndex":3}},"confidenceScore":null},{"id":"1663427575","labeledBy":"LABELER","labeledByUserId":6821,"acceptedByUserId":null,"rejectedByUserId":null,"layer":0,"counter":0,"status":"ACCEPTED","hashCode":"SPAN:IeEoIKabMl51BJE0gX2YL:0:45:0:11:0:45:0:12:6:0:undefined:undefined","labelName":"IeEoIKabMl51BJE0gX2YL","labelItem":{"id":"IeEoIKabMl51BJE0gX2YL","labelName":"Degree"},"textPosition":{"start":{"row":45,"column":0,"tokenIndex":11,"charIndex":0},"end":{"row":45,"column":0,"tokenIndex":12,"charIndex":6}},"confidenceScore":null},{"id":"1663427578","labeledBy":"LABELER","labeledByUserId":6821,"acceptedByUserId":null,"rejectedByUserId":null,"layer":0,"counter":0,"status":"ACCEPTED","hashCode":"SPAN:Kj5U6n9NUqTXuWcB3c_7L:0:45:0:13:0:45:0:14:9:0:undefined:undefined","labelName":"Kj5U6n9NUqTXuWcB3c_7L","labelItem":{"id":"Kj5U6n9NUqTXuWcB3c_7L","labelName":"College"},"textPosition":{"start":{"row":45,"column":0,"tokenIndex":13,"charIndex":0},"end":{"row":45,"column":0,"tokenIndex":14,"charIndex":9}},"confidenceScore":null},{"id":"1663427581","labeledBy":"LABELER","labeledByUserId":6821,"acceptedByUserId":null,"rejectedByUserId":null,"layer":0,"counter":0,"status":"ACCEPTED","hashCode":"SPAN:1R0C50AAwFbEp2O0WmRv6:0:45:0:16:0:45:0:17:1:0:undefined:undefined","labelName":"1R0C50AAwFbEp2O0WmRv6","labelItem":{"id":"1R0C50AAwFbEp2O0WmRv6","labelName":"Location"},"textPosition":{"start":{"row":45,"column":0,"tokenIndex":16,"charIndex":0},"end":{"row":45,"column":0,"tokenIndex":17,"charIndex":1}},"confidenceScore":null},{"id":"1663427584","labeledBy":"LABELER","labeledByUserId":6821,"acceptedByUserId":null,"rejectedByUserId":null,"layer":0,"counter":0,"status":"ACCEPTED","hashCode":"SPAN:BjO8MdvK2KI4E5iMEeY4B:0:45:0:18:0:45:0:18:3:0:undefined:undefined","labelName":"BjO8MdvK2KI4E5iMEeY4B","labelItem":{"id":"BjO8MdvK2KI4E5iMEeY4B","labelName":"Graduation Year"},"textPosition":{"start":{"row":45,"column":0,"tokenIndex":18,"charIndex":0},"end":{"row":45,"column":0,"tokenIndex":18,"charIndex":3}},"confidenceScore":null},{"id":"1663427587","labeledBy":"LABELER","labeledByUserId":6821,"acceptedByUserId":null,"rejectedByUserId":null,"layer":0,"counter":0,"status":"ACCEPTED","hashCode":"SPAN:eS2knCRgLegeRw8bcmSWA:0:45:0:20:0:45:0:21:7:0:undefined:undefined","labelName":"eS2knCRgLegeRw8bcmSWA","labelItem":{"id":"eS2knCRgLegeRw8bcmSWA","labelName":"Skill"},"textPosition":{"start":{"row":45,"column":0,"tokenIndex":20,"charIndex":0},"end":{"row":45,"column":0,"tokenIndex":21,"charIndex":7}},"confidenceScore":null},{"id":"1663427590","labeledBy":"LABELER","labeledByUserId":6821,"acceptedByUserId":null,"rejectedByUserId":null,"layer":0,"counter":0,"status":"ACCEPTED","hashCode":"SPAN:eS2knCRgLegeRw8bcmSWA:0:45:0:22:0:45:0:22:10:0:undefined:undefined","labelName":"eS2knCRgLegeRw8bcmSWA","labelItem":{"id":"eS2knCRgLegeRw8bcmSWA","labelName":"Skill"},"textPosition":{"start":{"row":45,"column":0,"tokenIndex":22,"charIndex":0},"end":{"row":45,"column":0,"tokenIndex":22,"charIndex":10}},"confidenceScore":null},{"id":"1663427593","labeledBy":"LABELER","labeledByUserId":6821,"acceptedByUserId":null,"rejectedByUserId":null,"layer":0,"counter":0,"status":"ACCEPTED","hashCode":"SPAN:eS2knCRgLegeRw8bcmSWA:0:45:0:23:0:45:0:23:6:0:undefined:undefined","labelName":"eS2knCRgLegeRw8bcmSWA","labelItem":{"id":"eS2knCRgLegeRw8bcmSWA","labelName":"Skill"},"textPosition":{"start":{"row":45,"column":0,"tokenIndex":23,"charIndex":0},"end":{"row":45,"column":0,"tokenIndex":23,"charIndex":6}},"confidenceScore":null},{"id":"1663427596","labeledBy":"LABELER","labeledByUserId":6821,"acceptedByUserId":null,"rejectedByUserId":null,"layer":0,"counter":0,"status":"ACCEPTED","hashCode":"SPAN:eS2knCRgLegeRw8bcmSWA:0:45:0:24:0:45:0:24:8:0:undefined:undefined","labelName":"eS2knCRgLegeRw8bcmSWA","labelItem":{"id":"eS2knCRgLegeRw8bcmSWA","labelName":"Skill"},"textPosition":{"start":{"row":45,"column":0,"tokenIndex":24,"charIndex":0},"end":{"row":45,"column":0,"tokenIndex":24,"charIndex":8}},"confidenceScore":null},{"id":"1663427599","labeledBy":"LABELER","labeledByUserId":6821,"acceptedByUserId":null,"rejectedByUserId":null,"layer":0,"counter":0,"status":"ACCEPTED","hashCode":"SPAN:eS2knCRgLegeRw8bcmSWA:0:45:0:25:0:45:0:25:5:0:undefined:undefined","labelName":"eS2knCRgLegeRw8bcmSWA","labelItem":{"id":"eS2knCRgLegeRw8bcmSWA","labelName":"Skill"},"textPosition":{"start":{"row":45,"column":0,"tokenIndex":25,"charIndex":0},"end":{"row":45,"column":0,"tokenIndex":25,"charIndex":5}},"confidenceScore":null},{"id":"1663427602","labeledBy":"LABELER","labeledByUserId":6821,"acceptedByUserId":null,"rejectedByUserId":null,"layer":0,"counter":0,"status":"ACCEPTED","hashCode":"SPAN:eS2knCRgLegeRw8bcmSWA:0:45:0:26:0:45:0:26:4:0:undefined:undefined","labelName":"eS2knCRgLegeRw8bcmSWA","labelItem":{"id":"eS2knCRgLegeRw8bcmSWA","labelName":"Skill"},"textPosition":{"start":{"row":45,"column":0,"tokenIndex":26,"charIndex":0},"end":{"row":45,"column":0,"tokenIndex":26,"charIndex":4}},"confidenceScore":null},{"id":"1663427605","labeledBy":"LABELER","labeledByUserId":6821,"acceptedByUserId":null,"rejectedByUserId":null,"layer":0,"counter":0,"status":"ACCEPTED","hashCode":"SPAN:eS2knCRgLegeRw8bcmSWA:0:45:0:27:0:45:0:27:5:0:undefined:undefined","labelName":"eS2knCRgLegeRw8bcmSWA","labelItem":{"id":"eS2knCRgLegeRw8bcmSWA","labelName":"Skill"},"textPosition":{"start":{"row":45,"column":0,"tokenIndex":27,"charIndex":0},"end":{"row":45,"column":0,"tokenIndex":27,"charIndex":5}},"confidenceScore":null},{"id":"1663427608","labeledBy":"LABELER","labeledByUserId":6821,"acceptedByUserId":null,"rejectedByUserId":null,"layer":0,"counter":0,"status":"ACCEPTED","hashCode":"SPAN:eS2knCRgLegeRw8bcmSWA:0:46:0:0:0:46:0:0:3:0:undefined:undefined","labelName":"eS2knCRgLegeRw8bcmSWA","labelItem":{"id":"eS2knCRgLegeRw8bcmSWA","labelName":"Skill"},"textPosition":{"start":{"row":46,"column":0,"tokenIndex":0,"charIndex":0},"end":{"row":46,"column":0,"tokenIndex":0,"charIndex":3}},"confidenceScore":null},{"id":"1663427611","labeledBy":"LABELER","labeledByUserId":6821,"acceptedByUserId":null,"rejectedByUserId":null,"layer":0,"counter":0,"status":"ACCEPTED","hashCode":"SPAN:eS2knCRgLegeRw8bcmSWA:0:46:0:1:0:46:0:1:5:0:undefined:undefined","labelName":"eS2knCRgLegeRw8bcmSWA","labelItem":{"id":"eS2knCRgLegeRw8bcmSWA","labelName":"Skill"},"textPosition":{"start":{"row":46,"column":0,"tokenIndex":1,"charIndex":0},"end":{"row":46,"column":0,"tokenIndex":1,"charIndex":5}},"confidenceScore":null},{"id":"1663427614","labeledBy":"LABELER","labeledByUserId":6821,"acceptedByUserId":null,"rejectedByUserId":null,"layer":0,"counter":0,"status":"ACCEPTED","hashCode":"SPAN:eS2knCRgLegeRw8bcmSWA:0:46:0:2:0:46:0:2:5:0:undefined:undefined","labelName":"eS2knCRgLegeRw8bcmSWA","labelItem":{"id":"eS2knCRgLegeRw8bcmSWA","labelName":"Skill"},"textPosition":{"start":{"row":46,"column":0,"tokenIndex":2,"charIndex":0},"end":{"row":46,"column":0,"tokenIndex":2,"charIndex":5}},"confidenceScore":null},{"id":"1663427617","labeledBy":"LABELER","labeledByUserId":6821,"acceptedByUserId":null,"rejectedByUserId":null,"layer":0,"counter":0,"status":"ACCEPTED","hashCode":"SPAN:eS2knCRgLegeRw8bcmSWA:0:46:0:3:0:46:0:3:4:0:undefined:undefined","labelName":"eS2knCRgLegeRw8bcmSWA","labelItem":{"id":"eS2knCRgLegeRw8bcmSWA","labelName":"Skill"},"textPosition":{"start":{"row":46,"column":0,"tokenIndex":3,"charIndex":0},"end":{"row":46,"column":0,"tokenIndex":3,"charIndex":4}},"confidenceScore":null},{"id":"1663427620","labeledBy":"LABELER","labeledByUserId":6821,"acceptedByUserId":null,"rejectedByUserId":null,"layer":0,"counter":0,"status":"ACCEPTED","hashCode":"SPAN:eS2knCRgLegeRw8bcmSWA:0:46:0:4:0:46:0:5:6:0:undefined:undefined","labelName":"eS2knCRgLegeRw8bcmSWA","labelItem":{"id":"eS2knCRgLegeRw8bcmSWA","labelName":"Skill"},"textPosition":{"start":{"row":46,"column":0,"tokenIndex":4,"charIndex":0},"end":{"row":46,"column":0,"tokenIndex":5,"charIndex":6}},"confidenceScore":null},{"id":"1663427621","labeledBy":"LABELER","labeledByUserId":6821,"acceptedByUserId":null,"rejectedByUserId":null,"layer":0,"counter":0,"status":"ACCEPTED","hashCode":"SPAN:eS2knCRgLegeRw8bcmSWA:0:46:0:6:0:46:0:6:6:0:undefined:undefined","labelName":"eS2knCRgLegeRw8bcmSWA","labelItem":{"id":"eS2knCRgLegeRw8bcmSWA","labelName":"Skill"},"textPosition":{"start":{"row":46,"column":0,"tokenIndex":6,"charIndex":0},"end":{"row":46,"column":0,"tokenIndex":6,"charIndex":6}},"confidenceScore":null},{"id":"1663427624","labeledBy":"LABELER","labeledByUserId":6821,"acceptedByUserId":null,"rejectedByUserId":null,"layer":0,"counter":0,"status":"ACCEPTED","hashCode":"SPAN:eS2knCRgLegeRw8bcmSWA:0:46:0:7:0:46:0:7:3:0:undefined:undefined","labelName":"eS2knCRgLegeRw8bcmSWA","labelItem":{"id":"eS2knCRgLegeRw8bcmSWA","labelName":"Skill"},"textPosition":{"start":{"row":46,"column":0,"tokenIndex":7,"charIndex":0},"end":{"row":46,"column":0,"tokenIndex":7,"charIndex":3}},"confidenceScore":null},{"id":"1663427632","labeledBy":"LABELER","labeledByUserId":6821,"acceptedByUserId":null,"rejectedByUserId":null,"layer":0,"counter":0,"status":"ACCEPTED","hashCode":"SPAN:eS2knCRgLegeRw8bcmSWA:0:46:0:8:0:46:0:8:10:0:undefined:undefined","labelName":"eS2knCRgLegeRw8bcmSWA","labelItem":{"id":"eS2knCRgLegeRw8bcmSWA","labelName":"Skill"},"textPosition":{"start":{"row":46,"column":0,"tokenIndex":8,"charIndex":0},"end":{"row":46,"column":0,"tokenIndex":8,"charIndex":10}},"confidenceScore":null},{"id":"1663427629","labeledBy":"LABELER","labeledByUserId":6821,"acceptedByUserId":null,"rejectedByUserId":null,"layer":0,"counter":0,"status":"ACCEPTED","hashCode":"SPAN:eS2knCRgLegeRw8bcmSWA:0:46:0:9:0:46:0:9:3:0:undefined:undefined","labelName":"eS2knCRgLegeRw8bcmSWA","labelItem":{"id":"eS2knCRgLegeRw8bcmSWA","labelName":"Skill"},"textPosition":{"start":{"row":46,"column":0,"tokenIndex":9,"charIndex":0},"end":{"row":46,"column":0,"tokenIndex":9,"charIndex":3}},"confidenceScore":null},{"id":"1663427635","labeledBy":"LABELER","labeledByUserId":6821,"acceptedByUserId":null,"rejectedByUserId":null,"layer":0,"counter":0,"status":"ACCEPTED","hashCode":"SPAN:eS2knCRgLegeRw8bcmSWA:0:46:0:10:0:46:0:12:4:0:undefined:undefined","labelName":"eS2knCRgLegeRw8bcmSWA","labelItem":{"id":"eS2knCRgLegeRw8bcmSWA","labelName":"Skill"},"textPosition":{"start":{"row":46,"column":0,"tokenIndex":10,"charIndex":0},"end":{"row":46,"column":0,"tokenIndex":12,"charIndex":4}},"confidenceScore":null},{"id":"1663427638","labeledBy":"LABELER","labeledByUserId":6821,"acceptedByUserId":null,"rejectedByUserId":null,"layer":0,"counter":0,"status":"ACCEPTED","hashCode":"SPAN:eS2knCRgLegeRw8bcmSWA:0:46:0:13:0:46:0:14:4:0:undefined:undefined","labelName":"eS2knCRgLegeRw8bcmSWA","labelItem":{"id":"eS2knCRgLegeRw8bcmSWA","labelName":"Skill"},"textPosition":{"start":{"row":46,"column":0,"tokenIndex":13,"charIndex":0},"end":{"row":46,"column":0,"tokenIndex":14,"charIndex":4}},"confidenceScore":null},{"id":"1663427641","labeledBy":"LABELER","labeledByUserId":6821,"acceptedByUserId":null,"rejectedByUserId":null,"layer":0,"counter":0,"status":"ACCEPTED","hashCode":"SPAN:eS2knCRgLegeRw8bcmSWA:0:46:0:15:0:46:0:16:6:0:undefined:undefined","labelName":"eS2knCRgLegeRw8bcmSWA","labelItem":{"id":"eS2knCRgLegeRw8bcmSWA","labelName":"Skill"},"textPosition":{"start":{"row":46,"column":0,"tokenIndex":15,"charIndex":0},"end":{"row":46,"column":0,"tokenIndex":16,"charIndex":6}},"confidenceScore":null},{"id":"1663427644","labeledBy":"LABELER","labeledByUserId":6821,"acceptedByUserId":null,"rejectedByUserId":null,"layer":0,"counter":0,"status":"ACCEPTED","hashCode":"SPAN:eS2knCRgLegeRw8bcmSWA:0:46:0:17:0:46:0:17:3:0:undefined:undefined","labelName":"eS2knCRgLegeRw8bcmSWA","labelItem":{"id":"eS2knCRgLegeRw8bcmSWA","labelName":"Skill"},"textPosition":{"start":{"row":46,"column":0,"tokenIndex":17,"charIndex":0},"end":{"row":46,"column":0,"tokenIndex":17,"charIndex":3}},"confidenceScore":null},{"id":"1663427647","labeledBy":"LABELER","labeledByUserId":6821,"acceptedByUserId":null,"rejectedByUserId":null,"layer":0,"counter":0,"status":"ACCEPTED","hashCode":"SPAN:eS2knCRgLegeRw8bcmSWA:0:46:0:23:0:46:0:23:4:0:undefined:undefined","labelName":"eS2knCRgLegeRw8bcmSWA","labelItem":{"id":"eS2knCRgLegeRw8bcmSWA","labelName":"Skill"},"textPosition":{"start":{"row":46,"column":0,"tokenIndex":23,"charIndex":0},"end":{"row":46,"column":0,"tokenIndex":23,"charIndex":4}},"confidenceScore":null},{"id":"1663427650","labeledBy":"LABELER","labeledByUserId":6821,"acceptedByUserId":null,"rejectedByUserId":null,"layer":0,"counter":0,"status":"ACCEPTED","hashCode":"SPAN:eS2knCRgLegeRw8bcmSWA:0:47:0:0:0:47:0:0:2:0:undefined:undefined","labelName":"eS2knCRgLegeRw8bcmSWA","labelItem":{"id":"eS2knCRgLegeRw8bcmSWA","labelName":"Skill"},"textPosition":{"start":{"row":47,"column":0,"tokenIndex":0,"charIndex":0},"end":{"row":47,"column":0,"tokenIndex":0,"charIndex":2}},"confidenceScore":null},{"id":"1663427656","labeledBy":"LABELER","labeledByUserId":6821,"acceptedByUserId":null,"rejectedByUserId":null,"layer":0,"counter":0,"status":"ACCEPTED","hashCode":"SPAN:eS2knCRgLegeRw8bcmSWA:0:48:0:0:0:48:0:0:4:0:undefined:undefined","labelName":"eS2knCRgLegeRw8bcmSWA","labelItem":{"id":"eS2knCRgLegeRw8bcmSWA","labelName":"Skill"},"textPosition":{"start":{"row":48,"column":0,"tokenIndex":0,"charIndex":0},"end":{"row":48,"column":0,"tokenIndex":0,"charIndex":4}},"confidenceScore":null},{"id":"1663427659","labeledBy":"LABELER","labeledByUserId":6821,"acceptedByUserId":null,"rejectedByUserId":null,"layer":0,"counter":0,"status":"ACCEPTED","hashCode":"SPAN:eS2knCRgLegeRw8bcmSWA:0:49:0:0:0:49:0:0:3:0:undefined:undefined","labelName":"eS2knCRgLegeRw8bcmSWA","labelItem":{"id":"eS2knCRgLegeRw8bcmSWA","labelName":"Skill"},"textPosition":{"start":{"row":49,"column":0,"tokenIndex":0,"charIndex":0},"end":{"row":49,"column":0,"tokenIndex":0,"charIndex":3}},"confidenceScore":null},{"id":"1663427662","labeledBy":"LABELER","labeledByUserId":6821,"acceptedByUserId":null,"rejectedByUserId":null,"layer":0,"counter":0,"status":"ACCEPTED","hashCode":"SPAN:eS2knCRgLegeRw8bcmSWA:0:50:0:0:0:50:0:0:7:0:undefined:undefined","labelName":"eS2knCRgLegeRw8bcmSWA","labelItem":{"id":"eS2knCRgLegeRw8bcmSWA","labelName":"Skill"},"textPosition":{"start":{"row":50,"column":0,"tokenIndex":0,"charIndex":0},"end":{"row":50,"column":0,"tokenIndex":0,"charIndex":7}},"confidenceScore":null},{"id":"1663427665","labeledBy":"LABELER","labeledByUserId":6821,"acceptedByUserId":null,"rejectedByUserId":null,"layer":0,"counter":0,"status":"ACCEPTED","hashCode":"SPAN:eS2knCRgLegeRw8bcmSWA:0:51:0:0:0:51:0:0:4:0:undefined:undefined","labelName":"eS2knCRgLegeRw8bcmSWA","labelItem":{"id":"eS2knCRgLegeRw8bcmSWA","labelName":"Skill"},"textPosition":{"start":{"row":51,"column":0,"tokenIndex":0,"charIndex":0},"end":{"row":51,"column":0,"tokenIndex":0,"charIndex":4}},"confidenceScore":null},{"id":"1663427668","labeledBy":"LABELER","labeledByUserId":6821,"acceptedByUserId":null,"rejectedByUserId":null,"layer":0,"counter":0,"status":"ACCEPTED","hashCode":"SPAN:eS2knCRgLegeRw8bcmSWA:0:52:0:0:0:52:0:2:5:0:undefined:undefined","labelName":"eS2knCRgLegeRw8bcmSWA","labelItem":{"id":"eS2knCRgLegeRw8bcmSWA","labelName":"Skill"},"textPosition":{"start":{"row":52,"column":0,"tokenIndex":0,"charIndex":0},"end":{"row":52,"column":0,"tokenIndex":2,"charIndex":5}},"confidenceScore":null},{"id":"1663427671","labeledBy":"LABELER","labeledByUserId":6821,"acceptedByUserId":null,"rejectedByUserId":null,"layer":0,"counter":0,"status":"ACCEPTED","hashCode":"SPAN:eS2knCRgLegeRw8bcmSWA:0:53:0:0:0:53:0:1:5:0:undefined:undefined","labelName":"eS2knCRgLegeRw8bcmSWA","labelItem":{"id":"eS2knCRgLegeRw8bcmSWA","labelName":"Skill"},"textPosition":{"start":{"row":53,"column":0,"tokenIndex":0,"charIndex":0},"end":{"row":53,"column":0,"tokenIndex":1,"charIndex":5}},"confidenceScore":null},{"id":"1663427677","labeledBy":"LABELER","labeledByUserId":6821,"acceptedByUserId":null,"rejectedByUserId":null,"layer":0,"counter":0,"status":"ACCEPTED","hashCode":"SPAN:eS2knCRgLegeRw8bcmSWA:0:54:0:0:0:54:0:2:6:0:undefined:undefined","labelName":"eS2knCRgLegeRw8bcmSWA","labelItem":{"id":"eS2knCRgLegeRw8bcmSWA","labelName":"Skill"},"textPosition":{"start":{"row":54,"column":0,"tokenIndex":0,"charIndex":0},"end":{"row":54,"column":0,"tokenIndex":2,"charIndex":6}},"confidenceScore":null},{"id":"1663427680","labeledBy":"LABELER","labeledByUserId":6821,"acceptedByUserId":null,"rejectedByUserId":null,"layer":0,"counter":0,"status":"ACCEPTED","hashCode":"SPAN:eS2knCRgLegeRw8bcmSWA:0:55:0:0:0:55:0:2:3:0:undefined:undefined","labelName":"eS2knCRgLegeRw8bcmSWA","labelItem":{"id":"eS2knCRgLegeRw8bcmSWA","labelName":"Skill"},"textPosition":{"start":{"row":55,"column":0,"tokenIndex":0,"charIndex":0},"end":{"row":55,"column":0,"tokenIndex":2,"charIndex":3}},"confidenceScore":null},{"id":"1663427683","labeledBy":"LABELER","labeledByUserId":6821,"acceptedByUserId":null,"rejectedByUserId":null,"layer":0,"counter":0,"status":"ACCEPTED","hashCode":"SPAN:eS2knCRgLegeRw8bcmSWA:0:56:0:0:0:56:0:0:4:0:undefined:undefined","labelName":"eS2knCRgLegeRw8bcmSWA","labelItem":{"id":"eS2knCRgLegeRw8bcmSWA","labelName":"Skill"},"textPosition":{"start":{"row":56,"column":0,"tokenIndex":0,"charIndex":0},"end":{"row":56,"column":0,"tokenIndex":0,"charIndex":4}},"confidenceScore":null},{"id":"1663427686","labeledBy":"LABELER","labeledByUserId":6821,"acceptedByUserId":null,"rejectedByUserId":null,"layer":0,"counter":0,"status":"ACCEPTED","hashCode":"SPAN:eS2knCRgLegeRw8bcmSWA:0:57:0:0:0:57:0:1:5:0:undefined:undefined","labelName":"eS2knCRgLegeRw8bcmSWA","labelItem":{"id":"eS2knCRgLegeRw8bcmSWA","labelName":"Skill"},"textPosition":{"start":{"row":57,"column":0,"tokenIndex":0,"charIndex":0},"end":{"row":57,"column":0,"tokenIndex":1,"charIndex":5}},"confidenceScore":null},{"id":"1663427689","labeledBy":"LABELER","labeledByUserId":6821,"acceptedByUserId":null,"rejectedByUserId":null,"layer":0,"counter":0,"status":"ACCEPTED","hashCode":"SPAN:eS2knCRgLegeRw8bcmSWA:0:58:0:0:0:58:0:0:2:0:undefined:undefined","labelName":"eS2knCRgLegeRw8bcmSWA","labelItem":{"id":"eS2knCRgLegeRw8bcmSWA","labelName":"Skill"},"textPosition":{"start":{"row":58,"column":0,"tokenIndex":0,"charIndex":0},"end":{"row":58,"column":0,"tokenIndex":0,"charIndex":2}},"confidenceScore":null},{"id":"1663427692","labeledBy":"LABELER","labeledByUserId":6821,"acceptedByUserId":null,"rejectedByUserId":null,"layer":0,"counter":0,"status":"ACCEPTED","hashCode":"SPAN:eS2knCRgLegeRw8bcmSWA:0:59:0:0:0:59:0:0:4:0:undefined:undefined","labelName":"eS2knCRgLegeRw8bcmSWA","labelItem":{"id":"eS2knCRgLegeRw8bcmSWA","labelName":"Skill"},"textPosition":{"start":{"row":59,"column":0,"tokenIndex":0,"charIndex":0},"end":{"row":59,"column":0,"tokenIndex":0,"charIndex":4}},"confidenceScore":null},{"id":"1663427695","labeledBy":"LABELER","labeledByUserId":6821,"acceptedByUserId":null,"rejectedByUserId":null,"layer":0,"counter":0,"status":"ACCEPTED","hashCode":"SPAN:eS2knCRgLegeRw8bcmSWA:0:61:0:0:0:61:0:0:2:0:undefined:undefined","labelName":"eS2knCRgLegeRw8bcmSWA","labelItem":{"id":"eS2knCRgLegeRw8bcmSWA","labelName":"Skill"},"textPosition":{"start":{"row":61,"column":0,"tokenIndex":0,"charIndex":0},"end":{"row":61,"column":0,"tokenIndex":0,"charIndex":2}},"confidenceScore":null},{"id":"1663427698","labeledBy":"LABELER","labeledByUserId":6821,"acceptedByUserId":null,"rejectedByUserId":null,"layer":0,"counter":0,"status":"ACCEPTED","hashCode":"SPAN:eS2knCRgLegeRw8bcmSWA:0:62:0:0:0:62:0:0:5:0:undefined:undefined","labelName":"eS2knCRgLegeRw8bcmSWA","labelItem":{"id":"eS2knCRgLegeRw8bcmSWA","labelName":"Skill"},"textPosition":{"start":{"row":62,"column":0,"tokenIndex":0,"charIndex":0},"end":{"row":62,"column":0,"tokenIndex":0,"charIndex":5}},"confidenceScore":null},{"id":"1663427701","labeledBy":"LABELER","labeledByUserId":6821,"acceptedByUserId":null,"rejectedByUserId":null,"layer":0,"counter":0,"status":"ACCEPTED","hashCode":"SPAN:eS2knCRgLegeRw8bcmSWA:0:63:0:0:0:63:0:1:4:0:undefined:undefined","labelName":"eS2knCRgLegeRw8bcmSWA","labelItem":{"id":"eS2knCRgLegeRw8bcmSWA","labelName":"Skill"},"textPosition":{"start":{"row":63,"column":0,"tokenIndex":0,"charIndex":0},"end":{"row":63,"column":0,"tokenIndex":1,"charIndex":4}},"confidenceScore":null},{"id":"1663427704","labeledBy":"LABELER","labeledByUserId":6821,"acceptedByUserId":null,"rejectedByUserId":null,"layer":0,"counter":0,"status":"ACCEPTED","hashCode":"SPAN:eS2knCRgLegeRw8bcmSWA:0:64:0:0:0:64:0:2:3:0:undefined:undefined","labelName":"eS2knCRgLegeRw8bcmSWA","labelItem":{"id":"eS2knCRgLegeRw8bcmSWA","labelName":"Skill"},"textPosition":{"start":{"row":64,"column":0,"tokenIndex":0,"charIndex":0},"end":{"row":64,"column":0,"tokenIndex":2,"charIndex":3}},"confidenceScore":null},{"id":"1663427707","labeledBy":"LABELER","labeledByUserId":6821,"acceptedByUserId":null,"rejectedByUserId":null,"layer":0,"counter":0,"status":"ACCEPTED","hashCode":"SPAN:eS2knCRgLegeRw8bcmSWA:0:65:0:0:0:65:0:0:4:0:undefined:undefined","labelName":"eS2knCRgLegeRw8bcmSWA","labelItem":{"id":"eS2knCRgLegeRw8bcmSWA","labelName":"Skill"},"textPosition":{"start":{"row":65,"column":0,"tokenIndex":0,"charIndex":0},"end":{"row":65,"column":0,"tokenIndex":0,"charIndex":4}},"confidenceScore":null},{"id":"1663427710","labeledBy":"LABELER","labeledByUserId":6821,"acceptedByUserId":null,"rejectedByUserId":null,"layer":0,"counter":0,"status":"ACCEPTED","hashCode":"SPAN:eS2knCRgLegeRw8bcmSWA:0:66:0:0:0:66:0:1:4:0:undefined:undefined","labelName":"eS2knCRgLegeRw8bcmSWA","labelItem":{"id":"eS2knCRgLegeRw8bcmSWA","labelName":"Skill"},"textPosition":{"start":{"row":66,"column":0,"tokenIndex":0,"charIndex":0},"end":{"row":66,"column":0,"tokenIndex":1,"charIndex":4}},"confidenceScore":null},{"id":"1663427713","labeledBy":"LABELER","labeledByUserId":6821,"acceptedByUserId":null,"rejectedByUserId":null,"layer":0,"counter":0,"status":"ACCEPTED","hashCode":"SPAN:eS2knCRgLegeRw8bcmSWA:0:67:0:0:0:67:0:0:3:0:undefined:undefined","labelName":"eS2knCRgLegeRw8bcmSWA","labelItem":{"id":"eS2knCRgLegeRw8bcmSWA","labelName":"Skill"},"textPosition":{"start":{"row":67,"column":0,"tokenIndex":0,"charIndex":0},"end":{"row":67,"column":0,"tokenIndex":0,"charIndex":3}},"confidenceScore":null},{"id":"1663427716","labeledBy":"LABELER","labeledByUserId":6821,"acceptedByUserId":null,"rejectedByUserId":null,"layer":0,"counter":0,"status":"ACCEPTED","hashCode":"SPAN:eS2knCRgLegeRw8bcmSWA:0:68:0:0:0:68:0:2:2:0:undefined:undefined","labelName":"eS2knCRgLegeRw8bcmSWA","labelItem":{"id":"eS2knCRgLegeRw8bcmSWA","labelName":"Skill"},"textPosition":{"start":{"row":68,"column":0,"tokenIndex":0,"charIndex":0},"end":{"row":68,"column":0,"tokenIndex":2,"charIndex":2}},"confidenceScore":null}],"arrowLabels":[],"boundingBoxLabels":[],"timeLabels":[],"comments":[],"url":"datasaur://static/6814/36e3a9c9-c74f-4bd6-b819-c38cef5628f8.txt"}}
