{"version":"1","data":{"project":{"id":"ODBjYmQ2MDg","name":"NLP SSM Final Project"},"document":{"id":"078f1b45-c0c1-496a-aaf1-781cd2aa9be5","name":"resume_736_d1.txt"},"kinds":["TOKEN_BASED"],"rows":[[{"content":"SLEEP TECHNOLOGIST, RPSGT Summary Healthcare professional with more than ten years' experience seeking an opportunity where I can utilize my skills and knowledge in multiple healthcare settings to have a positive impact impact on patient outcomes.","tokens":["SLEEP","TECHNOLOGIST,","RPSGT","Summary","Healthcare","professional","with","more","than","ten","years'","experience","seeking","an","opportunity","where","I","can","utilize","my","skills","and","knowledge","in","multiple","healthcare","settings","to","have","a","positive","impact","impact","on","patient","outcomes."],"metadata":[]}],[{"content":"Looking for a work setting in health information management and technology where my previous training in HIPPA Privacy and Security, performance improvement and quality assurance will help position me for career advancement.","tokens":["Looking","for","a","work","setting","in","health","information","management","and","technology","where","my","previous","training","in","HIPPA","Privacy","and","Security,","performance","improvement","and","quality","assurance","will","help","position","me","for","career","advancement."],"metadata":[]}],[{"content":"Highlights Member of AHIMA Member of ILHIMA Member of HIMSS Member of HFMA More than ten years healthcare experience CPR Certified Need minimal supervision Analytical Critical EHR experience Skills Works proficiently with minimal supervision, fluent communication skills demonstrated daily through interactions with various patient and family demographics, CPR certified, critical thinking while working independently in a patient diagnostic sleep lab, disease management, inventory control by managing waste and reducing duplicate testing, medical terminology, Windows OS, patient evaluation, patient preparation, problem solving, strategic planning, oxygen education and therapy, equipment troubleshooting.","tokens":["Highlights","Member","of","AHIMA","Member","of","ILHIMA","Member","of","HIMSS","Member","of","HFMA","More","than","ten","years","healthcare","experience","CPR","Certified","Need","minimal","supervision","Analytical","Critical","EHR","experience","Skills","Works","proficiently","with","minimal","supervision,","fluent","communication","skills","demonstrated","daily","through","interactions","with","various","patient","and","family","demographics,","CPR","certified,","critical","thinking","while","working","independently","in","a","patient","diagnostic","sleep","lab,","disease","management,","inventory","control","by","managing","waste","and","reducing","duplicate","testing,","medical","terminology,","Windows","OS,","patient","evaluation,","patient","preparation,","problem","solving,","strategic","planning,","oxygen","education","and","therapy,","equipment","troubleshooting."],"metadata":[]}],[{"content":"Accomplishments Interscore Relability Testing 92% average (expected 85%).","tokens":["Accomplishments","Interscore","Relability","Testing","92%","average","(expected","85%)."],"metadata":[]}],[{"content":"Obtained my Registered Polysomnographic Technologist license in 01/2015.","tokens":["Obtained","my","Registered","Polysomnographic","Technologist","license","in","01/2015."],"metadata":[]}],[{"content":"Graduated Valedictorian Hannibal La-Grange University in 2000.","tokens":["Graduated","Valedictorian","Hannibal","La-Grange","University","in","2000."],"metadata":[]}],[{"content":"Experience Sleep Technologist, RPSGT 12/2015 to Current Company Name City , State Polysomnogram preparation and set up, diagnostic testing,.","tokens":["Experience","Sleep","Technologist,","RPSGT","12/2015","to","Current","Company","Name","City",",","State","Polysomnogram","preparation","and","set","up,","diagnostic","testing,."],"metadata":[]}],[{"content":"PAP and oxygen titration studies, monitoring and scoring complete patient.","tokens":["PAP","and","oxygen","titration","studies,","monitoring","and","scoring","complete","patient."],"metadata":[]}],[{"content":"studies using AASM standards, Interscore Reliability Testing 92% average (expected 85%), CPR.","tokens":["studies","using","AASM","standards,","Interscore","Reliability","Testing","92%","average","(expected","85%),","CPR."],"metadata":[]}],[{"content":"certified, data transfers, Windows OS, work diligently with minimal supervision in a 1:2 technologist to patient ratio.","tokens":["certified,","data","transfers,","Windows","OS,","work","diligently","with","minimal","supervision","in","a","1:2","technologist","to","patient","ratio."],"metadata":[]}],[{"content":"Neurophysiology Technician, RPSGT 01/2009 to 11/2015 Company Name City , State Performing EEG and LTM.","tokens":["Neurophysiology","Technician,","RPSGT","01/2009","to","11/2015","Company","Name","City",",","State","Performing","EEG","and","LTM."],"metadata":[]}],[{"content":"Measuring in 10-20, patient preparation and education, monitor and note abnormalities.","tokens":["Measuring","in","10-20,","patient","preparation","and","education,","monitor","and","note","abnormalities."],"metadata":[]}],[{"content":"Sleep study preparation & set up, prepare & calibrate equipment prior to testing, following AASM protocol for MSLT, MWT, PAP and oxygen studies, assist with scoring sleep studies, fluent communication skills, sharp critical thinking skills, diligently work with minimal supervision.","tokens":["Sleep","study","preparation","&","set","up,","prepare","&","calibrate","equipment","prior","to","testing,","following","AASM","protocol","for","MSLT,","MWT,","PAP","and","oxygen","studies,","assist","with","scoring","sleep","studies,","fluent","communication","skills,","sharp","critical","thinking","skills,","diligently","work","with","minimal","supervision."],"metadata":[]}],[{"content":"Billing patients in outpatient sleep center.","tokens":["Billing","patients","in","outpatient","sleep","center."],"metadata":[]}],[{"content":"Healthcare Specialist, CRT 09/2005 to 12/2008 Company Name City , State Clinical patient evaluation in home setting, implement disease management programs, respiratory & sleep equipment set up and education, fluent communication skills, sharp critical thinking skills, diligently work with minimal supervision.","tokens":["Healthcare","Specialist,","CRT","09/2005","to","12/2008","Company","Name","City",",","State","Clinical","patient","evaluation","in","home","setting,","implement","disease","management","programs,","respiratory","&","sleep","equipment","set","up","and","education,","fluent","communication","skills,","sharp","critical","thinking","skills,","diligently","work","with","minimal","supervision."],"metadata":[]}],[{"content":"Education May, 2000 Hannibal La-Grange University City , State Applied Associates Degree of Science Respiratory Therapy","tokens":["Education","May,","2000","Hannibal","La-Grange","University","City",",","State","Applied","Associates","Degree","of","Science","Respiratory","Therapy"],"metadata":[]}],[{"content":"Graduate as Valedictorian of Respiratory Therapy Class","tokens":["Graduate","as","Valedictorian","of","Respiratory","Therapy","Class"],"metadata":[]}],[{"content":"*Winner of John Rodgers Memorial Scholarship Bachelor of Science : Healthcare Information Management & Technology 1999","tokens":["*Winner","of","John","Rodgers","Memorial","Scholarship","Bachelor","of","Science",":","Healthcare","Information","Management","&","Technology","1999"],"metadata":[]}],[{"content":"2017 University of Wisconsin City , State Healthcare Information Management & Technology Skills Billing, communication skills, CPR Certified, CPR","tokens":["2017","University","of","Wisconsin","City",",","State","Healthcare","Information","Management","&","Technology","Skills","Billing,","communication","skills,","CPR","Certified,","CPR"],"metadata":[]}],[{"content":"certified, critical thinking, disease management, EHR experience, inventory control, managing, medical terminology, Windows OS, Works, patient evaluation, patient preparation, problem solving, Respiratory Therapy, strategic planning, supervision, therapy, troubleshooting","tokens":["certified,","critical","thinking,","disease","management,","EHR","experience,","inventory","control,","managing,","medical","terminology,","Windows","OS,","Works,","patient","evaluation,","patient","preparation,","problem","solving,","Respiratory","Therapy,","strategic","planning,","supervision,","therapy,","troubleshooting"],"metadata":[]}]],"labelerInfo":{"id":6821,"email":"tli94@jh.edu","displayName":"Thomas Li"},"labelSets":[{"name":"Resume Labels","index":0,"labelItems":[{"id":"Kj5U6n9NUqTXuWcB3c_7L","labelName":"College"},{"id":"rj7TW0-ymuRo6f_asXJab","labelName":"Company Name"},{"id":"SJEkdao76hjwbb6Fh5SY6","labelName":"Job Title"},{"id":"BjO8MdvK2KI4E5iMEeY4B","labelName":"Graduation Year"},{"id":"eS2knCRgLegeRw8bcmSWA","labelName":"Skill"},{"id":"IeEoIKabMl51BJE0gX2YL","labelName":"Degree"},{"id":"1R0C50AAwFbEp2O0WmRv6","labelName":"Location"},{"id":"zQcc4ygexJ_A3Gb0NeRTk","labelName":"Years of Experience"},{"id":"52S_6moRfhjC-yXgIBeCp","labelName":"Date"},{"id":"KiLarWmwlU1E3-FfdG6Qg","labelName":"Project"},{"id":"dyxKKTAxW1z5ifjPj42BI","labelName":"Name"}]}],"spanLabels":[{"id":"1663394928","labeledBy":"LABELER","labeledByUserId":6821,"acceptedByUserId":null,"rejectedByUserId":null,"layer":0,"counter":0,"status":"ACCEPTED","hashCode":"SPAN:SJEkdao76hjwbb6Fh5SY6:0:0:0:0:0:0:0:1:12:0:undefined:undefined","labelName":"SJEkdao76hjwbb6Fh5SY6","labelItem":{"id":"SJEkdao76hjwbb6Fh5SY6","labelName":"Job Title"},"textPosition":{"start":{"row":0,"column":0,"tokenIndex":0,"charIndex":0},"end":{"row":0,"column":0,"tokenIndex":1,"charIndex":12}},"confidenceScore":null},{"id":"1663394931","labeledBy":"LABELER","labeledByUserId":6821,"acceptedByUserId":null,"rejectedByUserId":null,"layer":0,"counter":0,"status":"ACCEPTED","hashCode":"SPAN:SJEkdao76hjwbb6Fh5SY6:0:0:0:4:0:0:0:5:11:0:undefined:undefined","labelName":"SJEkdao76hjwbb6Fh5SY6","labelItem":{"id":"SJEkdao76hjwbb6Fh5SY6","labelName":"Job Title"},"textPosition":{"start":{"row":0,"column":0,"tokenIndex":4,"charIndex":0},"end":{"row":0,"column":0,"tokenIndex":5,"charIndex":11}},"confidenceScore":null},{"id":"1663394995","labeledBy":"LABELER","labeledByUserId":6821,"acceptedByUserId":null,"rejectedByUserId":null,"layer":0,"counter":0,"status":"ACCEPTED","hashCode":"SPAN:eS2knCRgLegeRw8bcmSWA:0:1:0:16:0:1:0:19:8:0:undefined:undefined","labelName":"eS2knCRgLegeRw8bcmSWA","labelItem":{"id":"eS2knCRgLegeRw8bcmSWA","labelName":"Skill"},"textPosition":{"start":{"row":1,"column":0,"tokenIndex":16,"charIndex":0},"end":{"row":1,"column":0,"tokenIndex":19,"charIndex":8}},"confidenceScore":null},{"id":"1663395024","labeledBy":"LABELER","labeledByUserId":6821,"acceptedByUserId":null,"rejectedByUserId":null,"layer":0,"counter":0,"status":"ACCEPTED","hashCode":"SPAN:eS2knCRgLegeRw8bcmSWA:0:1:0:20:0:1:0:21:10:0:undefined:undefined","labelName":"eS2knCRgLegeRw8bcmSWA","labelItem":{"id":"eS2knCRgLegeRw8bcmSWA","labelName":"Skill"},"textPosition":{"start":{"row":1,"column":0,"tokenIndex":20,"charIndex":0},"end":{"row":1,"column":0,"tokenIndex":21,"charIndex":10}},"confidenceScore":null},{"id":"1663395027","labeledBy":"LABELER","labeledByUserId":6821,"acceptedByUserId":null,"rejectedByUserId":null,"layer":0,"counter":0,"status":"ACCEPTED","hashCode":"SPAN:eS2knCRgLegeRw8bcmSWA:0:1:0:23:0:1:0:24:8:0:undefined:undefined","labelName":"eS2knCRgLegeRw8bcmSWA","labelItem":{"id":"eS2knCRgLegeRw8bcmSWA","labelName":"Skill"},"textPosition":{"start":{"row":1,"column":0,"tokenIndex":23,"charIndex":0},"end":{"row":1,"column":0,"tokenIndex":24,"charIndex":8}},"confidenceScore":null},{"id":"1663395033","labeledBy":"LABELER","labeledByUserId":6821,"acceptedByUserId":null,"rejectedByUserId":null,"layer":0,"counter":0,"status":"ACCEPTED","hashCode":"SPAN:eS2knCRgLegeRw8bcmSWA:0:2:0:1:0:2:0:3:4:0:undefined:undefined","labelName":"eS2knCRgLegeRw8bcmSWA","labelItem":{"id":"eS2knCRgLegeRw8bcmSWA","labelName":"Skill"},"textPosition":{"start":{"row":2,"column":0,"tokenIndex":1,"charIndex":0},"end":{"row":2,"column":0,"tokenIndex":3,"charIndex":4}},"confidenceScore":null},{"id":"1663395036","labeledBy":"LABELER","labeledByUserId":6821,"acceptedByUserId":null,"rejectedByUserId":null,"layer":0,"counter":0,"status":"ACCEPTED","hashCode":"SPAN:eS2knCRgLegeRw8bcmSWA:0:2:0:4:0:2:0:6:5:0:undefined:undefined","labelName":"eS2knCRgLegeRw8bcmSWA","labelItem":{"id":"eS2knCRgLegeRw8bcmSWA","labelName":"Skill"},"textPosition":{"start":{"row":2,"column":0,"tokenIndex":4,"charIndex":0},"end":{"row":2,"column":0,"tokenIndex":6,"charIndex":5}},"confidenceScore":null},{"id":"1663395042","labeledBy":"LABELER","labeledByUserId":6821,"acceptedByUserId":null,"rejectedByUserId":null,"layer":0,"counter":0,"status":"ACCEPTED","hashCode":"SPAN:eS2knCRgLegeRw8bcmSWA:0:2:0:7:0:2:0:9:4:0:undefined:undefined","labelName":"eS2knCRgLegeRw8bcmSWA","labelItem":{"id":"eS2knCRgLegeRw8bcmSWA","labelName":"Skill"},"textPosition":{"start":{"row":2,"column":0,"tokenIndex":7,"charIndex":0},"end":{"row":2,"column":0,"tokenIndex":9,"charIndex":4}},"confidenceScore":null},{"id":"1663395048","labeledBy":"LABELER","labeledByUserId":6821,"acceptedByUserId":null,"rejectedByUserId":null,"layer":0,"counter":0,"status":"ACCEPTED","hashCode":"SPAN:eS2knCRgLegeRw8bcmSWA:0:2:0:10:0:2:0:12:3:0:undefined:undefined","labelName":"eS2knCRgLegeRw8bcmSWA","labelItem":{"id":"eS2knCRgLegeRw8bcmSWA","labelName":"Skill"},"textPosition":{"start":{"row":2,"column":0,"tokenIndex":10,"charIndex":0},"end":{"row":2,"column":0,"tokenIndex":12,"charIndex":3}},"confidenceScore":null},{"id":"1663395054","labeledBy":"LABELER","labeledByUserId":6821,"acceptedByUserId":null,"rejectedByUserId":null,"layer":0,"counter":0,"status":"ACCEPTED","hashCode":"SPAN:zQcc4ygexJ_A3Gb0NeRTk:0:2:0:15:0:2:0:16:4:0:undefined:undefined","labelName":"zQcc4ygexJ_A3Gb0NeRTk","labelItem":{"id":"zQcc4ygexJ_A3Gb0NeRTk","labelName":"Years of Experience"},"textPosition":{"start":{"row":2,"column":0,"tokenIndex":15,"charIndex":0},"end":{"row":2,"column":0,"tokenIndex":16,"charIndex":4}},"confidenceScore":null},{"id":"1663395063","labeledBy":"LABELER","labeledByUserId":6821,"acceptedByUserId":null,"rejectedByUserId":null,"layer":0,"counter":0,"status":"ACCEPTED","hashCode":"SPAN:eS2knCRgLegeRw8bcmSWA:0:2:0:19:0:2:0:20:8:0:undefined:undefined","labelName":"eS2knCRgLegeRw8bcmSWA","labelItem":{"id":"eS2knCRgLegeRw8bcmSWA","labelName":"Skill"},"textPosition":{"start":{"row":2,"column":0,"tokenIndex":19,"charIndex":0},"end":{"row":2,"column":0,"tokenIndex":20,"charIndex":8}},"confidenceScore":null},{"id":"1663395072","labeledBy":"LABELER","labeledByUserId":6821,"acceptedByUserId":null,"rejectedByUserId":null,"layer":0,"counter":0,"status":"ACCEPTED","hashCode":"SPAN:eS2knCRgLegeRw8bcmSWA:0:2:0:24:0:2:0:24:9:0:undefined:undefined","labelName":"eS2knCRgLegeRw8bcmSWA","labelItem":{"id":"eS2knCRgLegeRw8bcmSWA","labelName":"Skill"},"textPosition":{"start":{"row":2,"column":0,"tokenIndex":24,"charIndex":0},"end":{"row":2,"column":0,"tokenIndex":24,"charIndex":9}},"confidenceScore":null},{"id":"1663395075","labeledBy":"LABELER","labeledByUserId":6821,"acceptedByUserId":null,"rejectedByUserId":null,"layer":0,"counter":0,"status":"ACCEPTED","hashCode":"SPAN:eS2knCRgLegeRw8bcmSWA:0:2:0:25:0:2:0:25:7:0:undefined:undefined","labelName":"eS2knCRgLegeRw8bcmSWA","labelItem":{"id":"eS2knCRgLegeRw8bcmSWA","labelName":"Skill"},"textPosition":{"start":{"row":2,"column":0,"tokenIndex":25,"charIndex":0},"end":{"row":2,"column":0,"tokenIndex":25,"charIndex":7}},"confidenceScore":null},{"id":"1663395081","labeledBy":"LABELER","labeledByUserId":6821,"acceptedByUserId":null,"rejectedByUserId":null,"layer":0,"counter":0,"status":"ACCEPTED","hashCode":"SPAN:eS2knCRgLegeRw8bcmSWA:0:2:0:26:0:2:0:27:9:0:undefined:undefined","labelName":"eS2knCRgLegeRw8bcmSWA","labelItem":{"id":"eS2knCRgLegeRw8bcmSWA","labelName":"Skill"},"textPosition":{"start":{"row":2,"column":0,"tokenIndex":26,"charIndex":0},"end":{"row":2,"column":0,"tokenIndex":27,"charIndex":9}},"confidenceScore":null},{"id":"1663395090","labeledBy":"LABELER","labeledByUserId":6821,"acceptedByUserId":null,"rejectedByUserId":null,"layer":0,"counter":0,"status":"ACCEPTED","hashCode":"SPAN:eS2knCRgLegeRw8bcmSWA:0:2:0:34:0:2:0:35:12:0:undefined:undefined","labelName":"eS2knCRgLegeRw8bcmSWA","labelItem":{"id":"eS2knCRgLegeRw8bcmSWA","labelName":"Skill"},"textPosition":{"start":{"row":2,"column":0,"tokenIndex":34,"charIndex":0},"end":{"row":2,"column":0,"tokenIndex":35,"charIndex":12}},"confidenceScore":null},{"id":"1663395096","labeledBy":"LABELER","labeledByUserId":6821,"acceptedByUserId":null,"rejectedByUserId":null,"layer":0,"counter":0,"status":"ACCEPTED","hashCode":"SPAN:eS2knCRgLegeRw8bcmSWA:0:2:0:47:0:2:0:48:9:0:undefined:undefined","labelName":"eS2knCRgLegeRw8bcmSWA","labelItem":{"id":"eS2knCRgLegeRw8bcmSWA","labelName":"Skill"},"textPosition":{"start":{"row":2,"column":0,"tokenIndex":47,"charIndex":0},"end":{"row":2,"column":0,"tokenIndex":48,"charIndex":9}},"confidenceScore":null},{"id":"1663395102","labeledBy":"LABELER","labeledByUserId":6821,"acceptedByUserId":null,"rejectedByUserId":null,"layer":0,"counter":0,"status":"ACCEPTED","hashCode":"SPAN:eS2knCRgLegeRw8bcmSWA:0:2:0:49:0:2:0:50:7:0:undefined:undefined","labelName":"eS2knCRgLegeRw8bcmSWA","labelItem":{"id":"eS2knCRgLegeRw8bcmSWA","labelName":"Skill"},"textPosition":{"start":{"row":2,"column":0,"tokenIndex":49,"charIndex":0},"end":{"row":2,"column":0,"tokenIndex":50,"charIndex":7}},"confidenceScore":null},{"id":"1663395117","labeledBy":"LABELER","labeledByUserId":6821,"acceptedByUserId":null,"rejectedByUserId":null,"layer":0,"counter":0,"status":"ACCEPTED","hashCode":"SPAN:eS2knCRgLegeRw8bcmSWA:0:2:0:60:0:2:0:61:10:0:undefined:undefined","labelName":"eS2knCRgLegeRw8bcmSWA","labelItem":{"id":"eS2knCRgLegeRw8bcmSWA","labelName":"Skill"},"textPosition":{"start":{"row":2,"column":0,"tokenIndex":60,"charIndex":0},"end":{"row":2,"column":0,"tokenIndex":61,"charIndex":10}},"confidenceScore":null},{"id":"1663395120","labeledBy":"LABELER","labeledByUserId":6821,"acceptedByUserId":null,"rejectedByUserId":null,"layer":0,"counter":0,"status":"ACCEPTED","hashCode":"SPAN:eS2knCRgLegeRw8bcmSWA:0:2:0:62:0:2:0:63:6:0:undefined:undefined","labelName":"eS2knCRgLegeRw8bcmSWA","labelItem":{"id":"eS2knCRgLegeRw8bcmSWA","labelName":"Skill"},"textPosition":{"start":{"row":2,"column":0,"tokenIndex":62,"charIndex":0},"end":{"row":2,"column":0,"tokenIndex":63,"charIndex":6}},"confidenceScore":null},{"id":"1663395126","labeledBy":"LABELER","labeledByUserId":6821,"acceptedByUserId":null,"rejectedByUserId":null,"layer":0,"counter":0,"status":"ACCEPTED","hashCode":"SPAN:eS2knCRgLegeRw8bcmSWA:0:2:0:65:0:2:0:66:4:0:undefined:undefined","labelName":"eS2knCRgLegeRw8bcmSWA","labelItem":{"id":"eS2knCRgLegeRw8bcmSWA","labelName":"Skill"},"textPosition":{"start":{"row":2,"column":0,"tokenIndex":65,"charIndex":0},"end":{"row":2,"column":0,"tokenIndex":66,"charIndex":4}},"confidenceScore":null},{"id":"1663395165","labeledBy":"LABELER","labeledByUserId":6821,"acceptedByUserId":null,"rejectedByUserId":null,"layer":0,"counter":0,"status":"ACCEPTED","hashCode":"SPAN:eS2knCRgLegeRw8bcmSWA:0:2:0:68:0:2:0:70:7:0:undefined:undefined","labelName":"eS2knCRgLegeRw8bcmSWA","labelItem":{"id":"eS2knCRgLegeRw8bcmSWA","labelName":"Skill"},"textPosition":{"start":{"row":2,"column":0,"tokenIndex":68,"charIndex":0},"end":{"row":2,"column":0,"tokenIndex":70,"charIndex":7}},"confidenceScore":null},{"id":"1663395171","labeledBy":"LABELER","labeledByUserId":6821,"acceptedByUserId":null,"rejectedByUserId":null,"layer":0,"counter":0,"status":"ACCEPTED","hashCode":"SPAN:eS2knCRgLegeRw8bcmSWA:0:2:0:71:0:2:0:72:11:0:undefined:undefined","labelName":"eS2knCRgLegeRw8bcmSWA","labelItem":{"id":"eS2knCRgLegeRw8bcmSWA","labelName":"Skill"},"textPosition":{"start":{"row":2,"column":0,"tokenIndex":71,"charIndex":0},"end":{"row":2,"column":0,"tokenIndex":72,"charIndex":11}},"confidenceScore":null},{"id":"1663395138","labeledBy":"LABELER","labeledByUserId":6821,"acceptedByUserId":null,"rejectedByUserId":null,"layer":0,"counter":0,"status":"ACCEPTED","hashCode":"SPAN:eS2knCRgLegeRw8bcmSWA:0:2:0:73:0:2:0:74:2:0:undefined:undefined","labelName":"eS2knCRgLegeRw8bcmSWA","labelItem":{"id":"eS2knCRgLegeRw8bcmSWA","labelName":"Skill"},"textPosition":{"start":{"row":2,"column":0,"tokenIndex":73,"charIndex":0},"end":{"row":2,"column":0,"tokenIndex":74,"charIndex":2}},"confidenceScore":null},{"id":"1663395144","labeledBy":"LABELER","labeledByUserId":6821,"acceptedByUserId":null,"rejectedByUserId":null,"layer":0,"counter":0,"status":"ACCEPTED","hashCode":"SPAN:eS2knCRgLegeRw8bcmSWA:0:2:0:75:0:2:0:76:10:0:undefined:undefined","labelName":"eS2knCRgLegeRw8bcmSWA","labelItem":{"id":"eS2knCRgLegeRw8bcmSWA","labelName":"Skill"},"textPosition":{"start":{"row":2,"column":0,"tokenIndex":75,"charIndex":0},"end":{"row":2,"column":0,"tokenIndex":76,"charIndex":10}},"confidenceScore":null},{"id":"1663395150","labeledBy":"LABELER","labeledByUserId":6821,"acceptedByUserId":null,"rejectedByUserId":null,"layer":0,"counter":0,"status":"ACCEPTED","hashCode":"SPAN:eS2knCRgLegeRw8bcmSWA:0:2:0:77:0:2:0:78:11:0:undefined:undefined","labelName":"eS2knCRgLegeRw8bcmSWA","labelItem":{"id":"eS2knCRgLegeRw8bcmSWA","labelName":"Skill"},"textPosition":{"start":{"row":2,"column":0,"tokenIndex":77,"charIndex":0},"end":{"row":2,"column":0,"tokenIndex":78,"charIndex":11}},"confidenceScore":null},{"id":"1663395159","labeledBy":"LABELER","labeledByUserId":6821,"acceptedByUserId":null,"rejectedByUserId":null,"layer":0,"counter":0,"status":"ACCEPTED","hashCode":"SPAN:eS2knCRgLegeRw8bcmSWA:0:2:0:79:0:2:0:80:7:0:undefined:undefined","labelName":"eS2knCRgLegeRw8bcmSWA","labelItem":{"id":"eS2knCRgLegeRw8bcmSWA","labelName":"Skill"},"textPosition":{"start":{"row":2,"column":0,"tokenIndex":79,"charIndex":0},"end":{"row":2,"column":0,"tokenIndex":80,"charIndex":7}},"confidenceScore":null},{"id":"1663395177","labeledBy":"LABELER","labeledByUserId":6821,"acceptedByUserId":null,"rejectedByUserId":null,"layer":0,"counter":0,"status":"ACCEPTED","hashCode":"SPAN:eS2knCRgLegeRw8bcmSWA:0:2:0:81:0:2:0:82:8:0:undefined:undefined","labelName":"eS2knCRgLegeRw8bcmSWA","labelItem":{"id":"eS2knCRgLegeRw8bcmSWA","labelName":"Skill"},"textPosition":{"start":{"row":2,"column":0,"tokenIndex":81,"charIndex":0},"end":{"row":2,"column":0,"tokenIndex":82,"charIndex":8}},"confidenceScore":null},{"id":"1663395183","labeledBy":"LABELER","labeledByUserId":6821,"acceptedByUserId":null,"rejectedByUserId":null,"layer":0,"counter":0,"status":"ACCEPTED","hashCode":"SPAN:eS2knCRgLegeRw8bcmSWA:0:2:0:83:0:2:0:84:8:0:undefined:undefined","labelName":"eS2knCRgLegeRw8bcmSWA","labelItem":{"id":"eS2knCRgLegeRw8bcmSWA","labelName":"Skill"},"textPosition":{"start":{"row":2,"column":0,"tokenIndex":83,"charIndex":0},"end":{"row":2,"column":0,"tokenIndex":84,"charIndex":8}},"confidenceScore":null},{"id":"1663395186","labeledBy":"LABELER","labeledByUserId":6821,"acceptedByUserId":null,"rejectedByUserId":null,"layer":0,"counter":0,"status":"ACCEPTED","hashCode":"SPAN:eS2knCRgLegeRw8bcmSWA:0:2:0:86:0:2:0:86:7:0:undefined:undefined","labelName":"eS2knCRgLegeRw8bcmSWA","labelItem":{"id":"eS2knCRgLegeRw8bcmSWA","labelName":"Skill"},"textPosition":{"start":{"row":2,"column":0,"tokenIndex":86,"charIndex":0},"end":{"row":2,"column":0,"tokenIndex":86,"charIndex":7}},"confidenceScore":null},{"id":"1663395191","labeledBy":"LABELER","labeledByUserId":6821,"acceptedByUserId":null,"rejectedByUserId":null,"layer":0,"counter":0,"status":"ACCEPTED","hashCode":"SPAN:eS2knCRgLegeRw8bcmSWA:0:2:0:87:0:2:0:88:15:0:undefined:undefined","labelName":"eS2knCRgLegeRw8bcmSWA","labelItem":{"id":"eS2knCRgLegeRw8bcmSWA","labelName":"Skill"},"textPosition":{"start":{"row":2,"column":0,"tokenIndex":87,"charIndex":0},"end":{"row":2,"column":0,"tokenIndex":88,"charIndex":15}},"confidenceScore":null},{"id":"1663395210","labeledBy":"LABELER","labeledByUserId":6821,"acceptedByUserId":null,"rejectedByUserId":null,"layer":0,"counter":0,"status":"ACCEPTED","hashCode":"SPAN:eS2knCRgLegeRw8bcmSWA:0:4:0:2:0:4:0:4:11:0:undefined:undefined","labelName":"eS2knCRgLegeRw8bcmSWA","labelItem":{"id":"eS2knCRgLegeRw8bcmSWA","labelName":"Skill"},"textPosition":{"start":{"row":4,"column":0,"tokenIndex":2,"charIndex":0},"end":{"row":4,"column":0,"tokenIndex":4,"charIndex":11}},"confidenceScore":null},{"id":"1663395213","labeledBy":"LABELER","labeledByUserId":6821,"acceptedByUserId":null,"rejectedByUserId":null,"layer":0,"counter":0,"status":"ACCEPTED","hashCode":"SPAN:52S_6moRfhjC-yXgIBeCp:0:4:0:7:0:4:0:7:7:0:undefined:undefined","labelName":"52S_6moRfhjC-yXgIBeCp","labelItem":{"id":"52S_6moRfhjC-yXgIBeCp","labelName":"Date"},"textPosition":{"start":{"row":4,"column":0,"tokenIndex":7,"charIndex":0},"end":{"row":4,"column":0,"tokenIndex":7,"charIndex":7}},"confidenceScore":null},{"id":"1663395222","labeledBy":"LABELER","labeledByUserId":6821,"acceptedByUserId":null,"rejectedByUserId":null,"layer":0,"counter":0,"status":"ACCEPTED","hashCode":"SPAN:eS2knCRgLegeRw8bcmSWA:0:5:0:1:0:5:0:1:12:0:undefined:undefined","labelName":"eS2knCRgLegeRw8bcmSWA","labelItem":{"id":"eS2knCRgLegeRw8bcmSWA","labelName":"Skill"},"textPosition":{"start":{"row":5,"column":0,"tokenIndex":1,"charIndex":0},"end":{"row":5,"column":0,"tokenIndex":1,"charIndex":12}},"confidenceScore":null},{"id":"1663395231","labeledBy":"LABELER","labeledByUserId":6821,"acceptedByUserId":null,"rejectedByUserId":null,"layer":0,"counter":0,"status":"ACCEPTED","hashCode":"SPAN:Kj5U6n9NUqTXuWcB3c_7L:0:5:0:2:0:5:0:4:9:0:undefined:undefined","labelName":"Kj5U6n9NUqTXuWcB3c_7L","labelItem":{"id":"Kj5U6n9NUqTXuWcB3c_7L","labelName":"College"},"textPosition":{"start":{"row":5,"column":0,"tokenIndex":2,"charIndex":0},"end":{"row":5,"column":0,"tokenIndex":4,"charIndex":9}},"confidenceScore":null},{"id":"1663395237","labeledBy":"LABELER","labeledByUserId":6821,"acceptedByUserId":null,"rejectedByUserId":null,"layer":0,"counter":0,"status":"ACCEPTED","hashCode":"SPAN:52S_6moRfhjC-yXgIBeCp:0:5:0:6:0:5:0:6:4:0:undefined:undefined","labelName":"52S_6moRfhjC-yXgIBeCp","labelItem":{"id":"52S_6moRfhjC-yXgIBeCp","labelName":"Date"},"textPosition":{"start":{"row":5,"column":0,"tokenIndex":6,"charIndex":0},"end":{"row":5,"column":0,"tokenIndex":6,"charIndex":4}},"confidenceScore":null},{"id":"1663395249","labeledBy":"LABELER","labeledByUserId":6821,"acceptedByUserId":null,"rejectedByUserId":null,"layer":0,"counter":0,"status":"ACCEPTED","hashCode":"SPAN:SJEkdao76hjwbb6Fh5SY6:0:6:0:1:0:6:0:2:12:0:undefined:undefined","labelName":"SJEkdao76hjwbb6Fh5SY6","labelItem":{"id":"SJEkdao76hjwbb6Fh5SY6","labelName":"Job Title"},"textPosition":{"start":{"row":6,"column":0,"tokenIndex":1,"charIndex":0},"end":{"row":6,"column":0,"tokenIndex":2,"charIndex":12}},"confidenceScore":null},{"id":"1663395258","labeledBy":"LABELER","labeledByUserId":6821,"acceptedByUserId":null,"rejectedByUserId":null,"layer":0,"counter":0,"status":"ACCEPTED","hashCode":"SPAN:52S_6moRfhjC-yXgIBeCp:0:6:0:4:0:6:0:4:6:0:undefined:undefined","labelName":"52S_6moRfhjC-yXgIBeCp","labelItem":{"id":"52S_6moRfhjC-yXgIBeCp","labelName":"Date"},"textPosition":{"start":{"row":6,"column":0,"tokenIndex":4,"charIndex":0},"end":{"row":6,"column":0,"tokenIndex":4,"charIndex":6}},"confidenceScore":null},{"id":"1663395285","labeledBy":"LABELER","labeledByUserId":6821,"acceptedByUserId":null,"rejectedByUserId":null,"layer":0,"counter":0,"status":"ACCEPTED","hashCode":"SPAN:52S_6moRfhjC-yXgIBeCp:0:6:0:6:0:6:0:6:6:0:undefined:undefined","labelName":"52S_6moRfhjC-yXgIBeCp","labelItem":{"id":"52S_6moRfhjC-yXgIBeCp","labelName":"Date"},"textPosition":{"start":{"row":6,"column":0,"tokenIndex":6,"charIndex":0},"end":{"row":6,"column":0,"tokenIndex":6,"charIndex":6}},"confidenceScore":null},{"id":"1663395342","labeledBy":"LABELER","labeledByUserId":6821,"acceptedByUserId":null,"rejectedByUserId":null,"layer":0,"counter":0,"status":"ACCEPTED","hashCode":"SPAN:eS2knCRgLegeRw8bcmSWA:0:7:0:2:0:7:0:3:8:0:undefined:undefined","labelName":"eS2knCRgLegeRw8bcmSWA","labelItem":{"id":"eS2knCRgLegeRw8bcmSWA","labelName":"Skill"},"textPosition":{"start":{"row":7,"column":0,"tokenIndex":2,"charIndex":0},"end":{"row":7,"column":0,"tokenIndex":3,"charIndex":8}},"confidenceScore":null},{"id":"1663395348","labeledBy":"LABELER","labeledByUserId":6821,"acceptedByUserId":null,"rejectedByUserId":null,"layer":0,"counter":0,"status":"ACCEPTED","hashCode":"SPAN:eS2knCRgLegeRw8bcmSWA:0:9:0:3:0:9:0:4:2:0:undefined:undefined","labelName":"eS2knCRgLegeRw8bcmSWA","labelItem":{"id":"eS2knCRgLegeRw8bcmSWA","labelName":"Skill"},"textPosition":{"start":{"row":9,"column":0,"tokenIndex":3,"charIndex":0},"end":{"row":9,"column":0,"tokenIndex":4,"charIndex":2}},"confidenceScore":null},{"id":"1663395357","labeledBy":"LABELER","labeledByUserId":6821,"acceptedByUserId":null,"rejectedByUserId":null,"layer":0,"counter":0,"status":"ACCEPTED","hashCode":"SPAN:SJEkdao76hjwbb6Fh5SY6:0:10:0:0:0:10:0:1:10:0:undefined:undefined","labelName":"SJEkdao76hjwbb6Fh5SY6","labelItem":{"id":"SJEkdao76hjwbb6Fh5SY6","labelName":"Job Title"},"textPosition":{"start":{"row":10,"column":0,"tokenIndex":0,"charIndex":0},"end":{"row":10,"column":0,"tokenIndex":1,"charIndex":10}},"confidenceScore":null},{"id":"1663395360","labeledBy":"LABELER","labeledByUserId":6821,"acceptedByUserId":null,"rejectedByUserId":null,"layer":0,"counter":0,"status":"ACCEPTED","hashCode":"SPAN:52S_6moRfhjC-yXgIBeCp:0:10:0:3:0:10:0:3:6:0:undefined:undefined","labelName":"52S_6moRfhjC-yXgIBeCp","labelItem":{"id":"52S_6moRfhjC-yXgIBeCp","labelName":"Date"},"textPosition":{"start":{"row":10,"column":0,"tokenIndex":3,"charIndex":0},"end":{"row":10,"column":0,"tokenIndex":3,"charIndex":6}},"confidenceScore":null},{"id":"1663395369","labeledBy":"LABELER","labeledByUserId":6821,"acceptedByUserId":null,"rejectedByUserId":null,"layer":0,"counter":0,"status":"ACCEPTED","hashCode":"SPAN:52S_6moRfhjC-yXgIBeCp:0:10:0:5:0:10:0:5:6:0:undefined:undefined","labelName":"52S_6moRfhjC-yXgIBeCp","labelItem":{"id":"52S_6moRfhjC-yXgIBeCp","labelName":"Date"},"textPosition":{"start":{"row":10,"column":0,"tokenIndex":5,"charIndex":0},"end":{"row":10,"column":0,"tokenIndex":5,"charIndex":6}},"confidenceScore":null},{"id":"1663395387","labeledBy":"LABELER","labeledByUserId":6821,"acceptedByUserId":null,"rejectedByUserId":null,"layer":0,"counter":0,"status":"ACCEPTED","hashCode":"SPAN:eS2knCRgLegeRw8bcmSWA:0:12:0:25:0:12:0:27:7:0:undefined:undefined","labelName":"eS2knCRgLegeRw8bcmSWA","labelItem":{"id":"eS2knCRgLegeRw8bcmSWA","labelName":"Skill"},"textPosition":{"start":{"row":12,"column":0,"tokenIndex":25,"charIndex":0},"end":{"row":12,"column":0,"tokenIndex":27,"charIndex":7}},"confidenceScore":null},{"id":"1663395489","labeledBy":"LABELER","labeledByUserId":6821,"acceptedByUserId":null,"rejectedByUserId":null,"layer":0,"counter":0,"status":"ACCEPTED","hashCode":"SPAN:eS2knCRgLegeRw8bcmSWA:0:12:0:28:0:12:0:29:12:0:undefined:undefined","labelName":"eS2knCRgLegeRw8bcmSWA","labelItem":{"id":"eS2knCRgLegeRw8bcmSWA","labelName":"Skill"},"textPosition":{"start":{"row":12,"column":0,"tokenIndex":28,"charIndex":0},"end":{"row":12,"column":0,"tokenIndex":29,"charIndex":12}},"confidenceScore":null},{"id":"1663395498","labeledBy":"LABELER","labeledByUserId":6821,"acceptedByUserId":null,"rejectedByUserId":null,"layer":0,"counter":0,"status":"ACCEPTED","hashCode":"SPAN:eS2knCRgLegeRw8bcmSWA:0:12:0:31:0:12:0:33:7:0:undefined:undefined","labelName":"eS2knCRgLegeRw8bcmSWA","labelItem":{"id":"eS2knCRgLegeRw8bcmSWA","labelName":"Skill"},"textPosition":{"start":{"row":12,"column":0,"tokenIndex":31,"charIndex":0},"end":{"row":12,"column":0,"tokenIndex":33,"charIndex":7}},"confidenceScore":null},{"id":"1663395417","labeledBy":"LABELER","labeledByUserId":6821,"acceptedByUserId":null,"rejectedByUserId":null,"layer":0,"counter":0,"status":"ACCEPTED","hashCode":"SPAN:SJEkdao76hjwbb6Fh5SY6:0:14:0:0:0:14:0:1:10:0:undefined:undefined","labelName":"SJEkdao76hjwbb6Fh5SY6","labelItem":{"id":"SJEkdao76hjwbb6Fh5SY6","labelName":"Job Title"},"textPosition":{"start":{"row":14,"column":0,"tokenIndex":0,"charIndex":0},"end":{"row":14,"column":0,"tokenIndex":1,"charIndex":10}},"confidenceScore":null},{"id":"1663395426","labeledBy":"LABELER","labeledByUserId":6821,"acceptedByUserId":null,"rejectedByUserId":null,"layer":0,"counter":0,"status":"ACCEPTED","hashCode":"SPAN:52S_6moRfhjC-yXgIBeCp:0:14:0:3:0:14:0:3:6:0:undefined:undefined","labelName":"52S_6moRfhjC-yXgIBeCp","labelItem":{"id":"52S_6moRfhjC-yXgIBeCp","labelName":"Date"},"textPosition":{"start":{"row":14,"column":0,"tokenIndex":3,"charIndex":0},"end":{"row":14,"column":0,"tokenIndex":3,"charIndex":6}},"confidenceScore":null},{"id":"1663395432","labeledBy":"LABELER","labeledByUserId":6821,"acceptedByUserId":null,"rejectedByUserId":null,"layer":0,"counter":0,"status":"ACCEPTED","hashCode":"SPAN:52S_6moRfhjC-yXgIBeCp:0:14:0:5:0:14:0:5:6:0:undefined:undefined","labelName":"52S_6moRfhjC-yXgIBeCp","labelItem":{"id":"52S_6moRfhjC-yXgIBeCp","labelName":"Date"},"textPosition":{"start":{"row":14,"column":0,"tokenIndex":5,"charIndex":0},"end":{"row":14,"column":0,"tokenIndex":5,"charIndex":6}},"confidenceScore":null},{"id":"1663395453","labeledBy":"LABELER","labeledByUserId":6821,"acceptedByUserId":null,"rejectedByUserId":null,"layer":0,"counter":0,"status":"ACCEPTED","hashCode":"SPAN:eS2knCRgLegeRw8bcmSWA:0:14:0:29:0:14:0:30:12:0:undefined:undefined","labelName":"eS2knCRgLegeRw8bcmSWA","labelItem":{"id":"eS2knCRgLegeRw8bcmSWA","labelName":"Skill"},"textPosition":{"start":{"row":14,"column":0,"tokenIndex":29,"charIndex":0},"end":{"row":14,"column":0,"tokenIndex":30,"charIndex":12}},"confidenceScore":null},{"id":"1663395459","labeledBy":"LABELER","labeledByUserId":6821,"acceptedByUserId":null,"rejectedByUserId":null,"layer":0,"counter":0,"status":"ACCEPTED","hashCode":"SPAN:eS2knCRgLegeRw8bcmSWA:0:14:0:32:0:14:0:34:7:0:undefined:undefined","labelName":"eS2knCRgLegeRw8bcmSWA","labelItem":{"id":"eS2knCRgLegeRw8bcmSWA","labelName":"Skill"},"textPosition":{"start":{"row":14,"column":0,"tokenIndex":32,"charIndex":0},"end":{"row":14,"column":0,"tokenIndex":34,"charIndex":7}},"confidenceScore":null},{"id":"1663396053","labeledBy":"LABELER","labeledByUserId":6821,"acceptedByUserId":null,"rejectedByUserId":null,"layer":0,"counter":0,"status":"ACCEPTED","hashCode":"SPAN:BjO8MdvK2KI4E5iMEeY4B:0:15:0:2:0:15:0:2:3:0:undefined:undefined","labelName":"BjO8MdvK2KI4E5iMEeY4B","labelItem":{"id":"BjO8MdvK2KI4E5iMEeY4B","labelName":"Graduation Year"},"textPosition":{"start":{"row":15,"column":0,"tokenIndex":2,"charIndex":0},"end":{"row":15,"column":0,"tokenIndex":2,"charIndex":3}},"confidenceScore":null},{"id":"1663395528","labeledBy":"LABELER","labeledByUserId":6821,"acceptedByUserId":null,"rejectedByUserId":null,"layer":0,"counter":0,"status":"ACCEPTED","hashCode":"SPAN:Kj5U6n9NUqTXuWcB3c_7L:0:15:0:3:0:15:0:5:9:0:undefined:undefined","labelName":"Kj5U6n9NUqTXuWcB3c_7L","labelItem":{"id":"Kj5U6n9NUqTXuWcB3c_7L","labelName":"College"},"textPosition":{"start":{"row":15,"column":0,"tokenIndex":3,"charIndex":0},"end":{"row":15,"column":0,"tokenIndex":5,"charIndex":9}},"confidenceScore":null},{"id":"1663395645","labeledBy":"LABELER","labeledByUserId":6821,"acceptedByUserId":null,"rejectedByUserId":null,"layer":0,"counter":0,"status":"ACCEPTED","hashCode":"SPAN:IeEoIKabMl51BJE0gX2YL:0:15:0:9:0:15:0:13:6:0:undefined:undefined","labelName":"IeEoIKabMl51BJE0gX2YL","labelItem":{"id":"IeEoIKabMl51BJE0gX2YL","labelName":"Degree"},"textPosition":{"start":{"row":15,"column":0,"tokenIndex":9,"charIndex":0},"end":{"row":15,"column":0,"tokenIndex":13,"charIndex":6}},"confidenceScore":null},{"id":"1663395654","labeledBy":"LABELER","labeledByUserId":6821,"acceptedByUserId":null,"rejectedByUserId":null,"layer":0,"counter":0,"status":"ACCEPTED","hashCode":"SPAN:eS2knCRgLegeRw8bcmSWA:0:16:0:2:0:16:0:2:12:0:undefined:undefined","labelName":"eS2knCRgLegeRw8bcmSWA","labelItem":{"id":"eS2knCRgLegeRw8bcmSWA","labelName":"Skill"},"textPosition":{"start":{"row":16,"column":0,"tokenIndex":2,"charIndex":0},"end":{"row":16,"column":0,"tokenIndex":2,"charIndex":12}},"confidenceScore":null},{"id":"1663395693","labeledBy":"LABELER","labeledByUserId":6821,"acceptedByUserId":null,"rejectedByUserId":null,"layer":0,"counter":0,"status":"ACCEPTED","hashCode":"SPAN:IeEoIKabMl51BJE0gX2YL:0:17:0:6:0:17:0:14:9:0:undefined:undefined","labelName":"IeEoIKabMl51BJE0gX2YL","labelItem":{"id":"IeEoIKabMl51BJE0gX2YL","labelName":"Degree"},"textPosition":{"start":{"row":17,"column":0,"tokenIndex":6,"charIndex":0},"end":{"row":17,"column":0,"tokenIndex":14,"charIndex":9}},"confidenceScore":null},{"id":"1663395744","labeledBy":"LABELER","labeledByUserId":6821,"acceptedByUserId":null,"rejectedByUserId":null,"layer":0,"counter":0,"status":"ACCEPTED","hashCode":"SPAN:52S_6moRfhjC-yXgIBeCp:0:17:0:15:0:17:0:15:3:0:undefined:undefined","labelName":"52S_6moRfhjC-yXgIBeCp","labelItem":{"id":"52S_6moRfhjC-yXgIBeCp","labelName":"Date"},"textPosition":{"start":{"row":17,"column":0,"tokenIndex":15,"charIndex":0},"end":{"row":17,"column":0,"tokenIndex":15,"charIndex":3}},"confidenceScore":null},{"id":"1663396068","labeledBy":"LABELER","labeledByUserId":6821,"acceptedByUserId":null,"rejectedByUserId":null,"layer":0,"counter":0,"status":"ACCEPTED","hashCode":"SPAN:BjO8MdvK2KI4E5iMEeY4B:0:18:0:0:0:18:0:0:3:0:undefined:undefined","labelName":"BjO8MdvK2KI4E5iMEeY4B","labelItem":{"id":"BjO8MdvK2KI4E5iMEeY4B","labelName":"Graduation Year"},"textPosition":{"start":{"row":18,"column":0,"tokenIndex":0,"charIndex":0},"end":{"row":18,"column":0,"tokenIndex":0,"charIndex":3}},"confidenceScore":null},{"id":"1663395801","labeledBy":"LABELER","labeledByUserId":6821,"acceptedByUserId":null,"rejectedByUserId":null,"layer":0,"counter":0,"status":"ACCEPTED","hashCode":"SPAN:Kj5U6n9NUqTXuWcB3c_7L:0:18:0:1:0:18:0:3:8:0:undefined:undefined","labelName":"Kj5U6n9NUqTXuWcB3c_7L","labelItem":{"id":"Kj5U6n9NUqTXuWcB3c_7L","labelName":"College"},"textPosition":{"start":{"row":18,"column":0,"tokenIndex":1,"charIndex":0},"end":{"row":18,"column":0,"tokenIndex":3,"charIndex":8}},"confidenceScore":null},{"id":"1663395888","labeledBy":"LABELER","labeledByUserId":6821,"acceptedByUserId":null,"rejectedByUserId":null,"layer":0,"counter":0,"status":"ACCEPTED","hashCode":"SPAN:eS2knCRgLegeRw8bcmSWA:0:18:0:13:0:18:0:13:7:0:undefined:undefined","labelName":"eS2knCRgLegeRw8bcmSWA","labelItem":{"id":"eS2knCRgLegeRw8bcmSWA","labelName":"Skill"},"textPosition":{"start":{"row":18,"column":0,"tokenIndex":13,"charIndex":0},"end":{"row":18,"column":0,"tokenIndex":13,"charIndex":7}},"confidenceScore":null},{"id":"1663395891","labeledBy":"LABELER","labeledByUserId":6821,"acceptedByUserId":null,"rejectedByUserId":null,"layer":0,"counter":0,"status":"ACCEPTED","hashCode":"SPAN:eS2knCRgLegeRw8bcmSWA:0:18:0:14:0:18:0:14:12:0:undefined:undefined","labelName":"eS2knCRgLegeRw8bcmSWA","labelItem":{"id":"eS2knCRgLegeRw8bcmSWA","labelName":"Skill"},"textPosition":{"start":{"row":18,"column":0,"tokenIndex":14,"charIndex":0},"end":{"row":18,"column":0,"tokenIndex":14,"charIndex":12}},"confidenceScore":null},{"id":"1663395897","labeledBy":"LABELER","labeledByUserId":6821,"acceptedByUserId":null,"rejectedByUserId":null,"layer":0,"counter":0,"status":"ACCEPTED","hashCode":"SPAN:eS2knCRgLegeRw8bcmSWA:0:18:0:16:0:18:0:16:2:0:undefined:undefined","labelName":"eS2knCRgLegeRw8bcmSWA","labelItem":{"id":"eS2knCRgLegeRw8bcmSWA","labelName":"Skill"},"textPosition":{"start":{"row":18,"column":0,"tokenIndex":16,"charIndex":0},"end":{"row":18,"column":0,"tokenIndex":16,"charIndex":2}},"confidenceScore":null},{"id":"1663395909","labeledBy":"LABELER","labeledByUserId":6821,"acceptedByUserId":null,"rejectedByUserId":null,"layer":0,"counter":0,"status":"ACCEPTED","hashCode":"SPAN:eS2knCRgLegeRw8bcmSWA:0:19:0:1:0:19:0:2:8:0:undefined:undefined","labelName":"eS2knCRgLegeRw8bcmSWA","labelItem":{"id":"eS2knCRgLegeRw8bcmSWA","labelName":"Skill"},"textPosition":{"start":{"row":19,"column":0,"tokenIndex":1,"charIndex":0},"end":{"row":19,"column":0,"tokenIndex":2,"charIndex":8}},"confidenceScore":null},{"id":"1663395933","labeledBy":"LABELER","labeledByUserId":6821,"acceptedByUserId":null,"rejectedByUserId":null,"layer":0,"counter":0,"status":"ACCEPTED","hashCode":"SPAN:eS2knCRgLegeRw8bcmSWA:0:19:0:3:0:19:0:4:10:0:undefined:undefined","labelName":"eS2knCRgLegeRw8bcmSWA","labelItem":{"id":"eS2knCRgLegeRw8bcmSWA","labelName":"Skill"},"textPosition":{"start":{"row":19,"column":0,"tokenIndex":3,"charIndex":0},"end":{"row":19,"column":0,"tokenIndex":4,"charIndex":10}},"confidenceScore":null},{"id":"1663395939","labeledBy":"LABELER","labeledByUserId":6821,"acceptedByUserId":null,"rejectedByUserId":null,"layer":0,"counter":0,"status":"ACCEPTED","hashCode":"SPAN:eS2knCRgLegeRw8bcmSWA:0:19:0:5:0:19:0:6:10:0:undefined:undefined","labelName":"eS2knCRgLegeRw8bcmSWA","labelItem":{"id":"eS2knCRgLegeRw8bcmSWA","labelName":"Skill"},"textPosition":{"start":{"row":19,"column":0,"tokenIndex":5,"charIndex":0},"end":{"row":19,"column":0,"tokenIndex":6,"charIndex":10}},"confidenceScore":null},{"id":"1663395946","labeledBy":"LABELER","labeledByUserId":6821,"acceptedByUserId":null,"rejectedByUserId":null,"layer":0,"counter":0,"status":"ACCEPTED","hashCode":"SPAN:eS2knCRgLegeRw8bcmSWA:0:19:0:7:0:19:0:8:7:0:undefined:undefined","labelName":"eS2knCRgLegeRw8bcmSWA","labelItem":{"id":"eS2knCRgLegeRw8bcmSWA","labelName":"Skill"},"textPosition":{"start":{"row":19,"column":0,"tokenIndex":7,"charIndex":0},"end":{"row":19,"column":0,"tokenIndex":8,"charIndex":7}},"confidenceScore":null},{"id":"1663395951","labeledBy":"LABELER","labeledByUserId":6821,"acceptedByUserId":null,"rejectedByUserId":null,"layer":0,"counter":0,"status":"ACCEPTED","hashCode":"SPAN:eS2knCRgLegeRw8bcmSWA:0:19:0:9:0:19:0:9:8:0:undefined:undefined","labelName":"eS2knCRgLegeRw8bcmSWA","labelItem":{"id":"eS2knCRgLegeRw8bcmSWA","labelName":"Skill"},"textPosition":{"start":{"row":19,"column":0,"tokenIndex":9,"charIndex":0},"end":{"row":19,"column":0,"tokenIndex":9,"charIndex":8}},"confidenceScore":null},{"id":"1663395954","labeledBy":"LABELER","labeledByUserId":6821,"acceptedByUserId":null,"rejectedByUserId":null,"layer":0,"counter":0,"status":"ACCEPTED","hashCode":"SPAN:eS2knCRgLegeRw8bcmSWA:0:19:0:10:0:19:0:11:11:0:undefined:undefined","labelName":"eS2knCRgLegeRw8bcmSWA","labelItem":{"id":"eS2knCRgLegeRw8bcmSWA","labelName":"Skill"},"textPosition":{"start":{"row":19,"column":0,"tokenIndex":10,"charIndex":0},"end":{"row":19,"column":0,"tokenIndex":11,"charIndex":11}},"confidenceScore":null},{"id":"1663395988","labeledBy":"LABELER","labeledByUserId":6821,"acceptedByUserId":null,"rejectedByUserId":null,"layer":0,"counter":0,"status":"ACCEPTED","hashCode":"SPAN:eS2knCRgLegeRw8bcmSWA:0:19:0:12:0:19:0:13:2:0:undefined:undefined","labelName":"eS2knCRgLegeRw8bcmSWA","labelItem":{"id":"eS2knCRgLegeRw8bcmSWA","labelName":"Skill"},"textPosition":{"start":{"row":19,"column":0,"tokenIndex":12,"charIndex":0},"end":{"row":19,"column":0,"tokenIndex":13,"charIndex":2}},"confidenceScore":null},{"id":"1663396014","labeledBy":"LABELER","labeledByUserId":6821,"acceptedByUserId":null,"rejectedByUserId":null,"layer":0,"counter":0,"status":"ACCEPTED","hashCode":"SPAN:eS2knCRgLegeRw8bcmSWA:0:19:0:15:0:19:0:16:10:0:undefined:undefined","labelName":"eS2knCRgLegeRw8bcmSWA","labelItem":{"id":"eS2knCRgLegeRw8bcmSWA","labelName":"Skill"},"textPosition":{"start":{"row":19,"column":0,"tokenIndex":15,"charIndex":0},"end":{"row":19,"column":0,"tokenIndex":16,"charIndex":10}},"confidenceScore":null},{"id":"1663396020","labeledBy":"LABELER","labeledByUserId":6821,"acceptedByUserId":null,"rejectedByUserId":null,"layer":0,"counter":0,"status":"ACCEPTED","hashCode":"SPAN:eS2knCRgLegeRw8bcmSWA:0:19:0:17:0:19:0:18:11:0:undefined:undefined","labelName":"eS2knCRgLegeRw8bcmSWA","labelItem":{"id":"eS2knCRgLegeRw8bcmSWA","labelName":"Skill"},"textPosition":{"start":{"row":19,"column":0,"tokenIndex":17,"charIndex":0},"end":{"row":19,"column":0,"tokenIndex":18,"charIndex":11}},"confidenceScore":null},{"id":"1663396023","labeledBy":"LABELER","labeledByUserId":6821,"acceptedByUserId":null,"rejectedByUserId":null,"layer":0,"counter":0,"status":"ACCEPTED","hashCode":"SPAN:eS2knCRgLegeRw8bcmSWA:0:19:0:19:0:19:0:20:7:0:undefined:undefined","labelName":"eS2knCRgLegeRw8bcmSWA","labelItem":{"id":"eS2knCRgLegeRw8bcmSWA","labelName":"Skill"},"textPosition":{"start":{"row":19,"column":0,"tokenIndex":19,"charIndex":0},"end":{"row":19,"column":0,"tokenIndex":20,"charIndex":7}},"confidenceScore":null},{"id":"1663396032","labeledBy":"LABELER","labeledByUserId":6821,"acceptedByUserId":null,"rejectedByUserId":null,"layer":0,"counter":0,"status":"ACCEPTED","hashCode":"SPAN:eS2knCRgLegeRw8bcmSWA:0:19:0:21:0:19:0:22:7:0:undefined:undefined","labelName":"eS2knCRgLegeRw8bcmSWA","labelItem":{"id":"eS2knCRgLegeRw8bcmSWA","labelName":"Skill"},"textPosition":{"start":{"row":19,"column":0,"tokenIndex":21,"charIndex":0},"end":{"row":19,"column":0,"tokenIndex":22,"charIndex":7}},"confidenceScore":null},{"id":"1663396041","labeledBy":"LABELER","labeledByUserId":6821,"acceptedByUserId":null,"rejectedByUserId":null,"layer":0,"counter":0,"status":"ACCEPTED","hashCode":"SPAN:eS2knCRgLegeRw8bcmSWA:0:19:0:23:0:19:0:24:8:0:undefined:undefined","labelName":"eS2knCRgLegeRw8bcmSWA","labelItem":{"id":"eS2knCRgLegeRw8bcmSWA","labelName":"Skill"},"textPosition":{"start":{"row":19,"column":0,"tokenIndex":23,"charIndex":0},"end":{"row":19,"column":0,"tokenIndex":24,"charIndex":8}},"confidenceScore":null},{"id":"1663396044","labeledBy":"LABELER","labeledByUserId":6821,"acceptedByUserId":null,"rejectedByUserId":null,"layer":0,"counter":0,"status":"ACCEPTED","hashCode":"SPAN:eS2knCRgLegeRw8bcmSWA:0:19:0:25:0:19:0:25:11:0:undefined:undefined","labelName":"eS2knCRgLegeRw8bcmSWA","labelItem":{"id":"eS2knCRgLegeRw8bcmSWA","labelName":"Skill"},"textPosition":{"start":{"row":19,"column":0,"tokenIndex":25,"charIndex":0},"end":{"row":19,"column":0,"tokenIndex":25,"charIndex":11}},"confidenceScore":null},{"id":"1663396047","labeledBy":"LABELER","labeledByUserId":6821,"acceptedByUserId":null,"rejectedByUserId":null,"layer":0,"counter":0,"status":"ACCEPTED","hashCode":"SPAN:eS2knCRgLegeRw8bcmSWA:0:19:0:26:0:19:0:26:7:0:undefined:undefined","labelName":"eS2knCRgLegeRw8bcmSWA","labelItem":{"id":"eS2knCRgLegeRw8bcmSWA","labelName":"Skill"},"textPosition":{"start":{"row":19,"column":0,"tokenIndex":26,"charIndex":0},"end":{"row":19,"column":0,"tokenIndex":26,"charIndex":7}},"confidenceScore":null},{"id":"1663396050","labeledBy":"LABELER","labeledByUserId":6821,"acceptedByUserId":null,"rejectedByUserId":null,"layer":0,"counter":0,"status":"ACCEPTED","hashCode":"SPAN:eS2knCRgLegeRw8bcmSWA:0:19:0:27:0:19:0:27:14:0:undefined:undefined","labelName":"eS2knCRgLegeRw8bcmSWA","labelItem":{"id":"eS2knCRgLegeRw8bcmSWA","labelName":"Skill"},"textPosition":{"start":{"row":19,"column":0,"tokenIndex":27,"charIndex":0},"end":{"row":19,"column":0,"tokenIndex":27,"charIndex":14}},"confidenceScore":null}],"arrowLabels":[],"boundingBoxLabels":[],"timeLabels":[],"comments":[],"url":"datasaur://static/6814/7a77c8d3-76af-4ae1-8481-80cec50a3737.txt"}}
