{"version":"1","data":{"project":{"id":"ODBjYmQ2MDg","name":"NLP SSM Final Project"},"document":{"id":"1a59c55b-1c8f-4b6a-ac6d-4b31793dfbf4","name":"resume_188_d1.txt"},"kinds":["TOKEN_BASED"],"rows":[[{"content":"R GRAPHIC ARTIST, DESIGNER Focus - Graphic Design / Digital Art Graphic Designer skilled in digital art concepts for print, web and product manufacturing applications.","tokens":["R","GRAPHIC","ARTIST,","DESIGNER","Focus","-","Graphic","Design","/","Digital","Art","Graphic","Designer","skilled","in","digital","art","concepts","for","print,","web","and","product","manufacturing","applications."],"metadata":[]}],[{"content":"Summary of Qualifications (CAD): Gerber Systems Photoshop, Illustrator, InDesign Microsoft Office Suite Windows & Mac environments ZBrush, Cinema 4D, VUE Self-motivated professional Resourceful researcher Quick learner Broad availability Digital and Manual Illustration Skills Digital Illustration of art concepts for print, fabric and web applications using Adobe Creative Suite.","tokens":["Summary","of","Qualifications","(CAD):","Gerber","Systems","Photoshop,","Illustrator,","InDesign","Microsoft","Office","Suite","Windows","&","Mac","environments","ZBrush,","Cinema","4D,","VUE","Self-motivated","professional","Resourceful","researcher","Quick","learner","Broad","availability","Digital","and","Manual","Illustration","Skills","Digital","Illustration","of","art","concepts","for","print,","fabric","and","web","applications","using","Adobe","Creative","Suite."],"metadata":[]}],[{"content":"Composition and layout for marketing collateral using InDesign.","tokens":["Composition","and","layout","for","marketing","collateral","using","InDesign."],"metadata":[]}],[{"content":"Manual sketching and mood boarding for look development of characters, live or digital, in accordance with director.","tokens":["Manual","sketching","and","mood","boarding","for","look","development","of","characters,","live","or","digital,","in","accordance","with","director."],"metadata":[]}],[{"content":"2D Pattern engineering and technical sketching for streetwear and theatrical costumes, using Gerber Computer Aided Design Systems.","tokens":["2D","Pattern","engineering","and","technical","sketching","for","streetwear","and","theatrical","costumes,","using","Gerber","Computer","Aided","Design","Systems."],"metadata":[]}],[{"content":"Experience Graphic Artist, Designer City , State Company Name / Feb 2016 to Current Design album cover art.","tokens":["Experience","Graphic","Artist,","Designer","City",",","State","Company","Name","/","Feb","2016","to","Current","Design","album","cover","art."],"metadata":[]}],[{"content":"Design promotional posters and postcards.","tokens":["Design","promotional","posters","and","postcards."],"metadata":[]}],[{"content":"Created mixed compositions utilizing illustrations and photography to express artist identity and style for web applications.","tokens":["Created","mixed","compositions","utilizing","illustrations","and","photography","to","express","artist","identity","and","style","for","web","applications."],"metadata":[]}],[{"content":"Technical Designer / Patternmaker City , State Company Name / Jan 2000 to May 2015 Managed pattern and grading timelines for stage costumes and cast member uniforms.","tokens":["Technical","Designer","/","Patternmaker","City",",","State","Company","Name","/","Jan","2000","to","May","2015","Managed","pattern","and","grading","timelines","for","stage","costumes","and","cast","member","uniforms."],"metadata":[]}],[{"content":"Quality assurance and determined Spec guidelines.","tokens":["Quality","assurance","and","determined","Spec","guidelines."],"metadata":[]}],[{"content":"Problem-solving for sizing and fit challenges.","tokens":["Problem-solving","for","sizing","and","fit","challenges."],"metadata":[]}],[{"content":"Technical Illustration for PLM documentation.","tokens":["Technical","Illustration","for","PLM","documentation."],"metadata":[]}],[{"content":"Reduced garment manufacturing cost by over 60% and reduced production lead times by about 50% by creating and enforcing production efficiency standards and reducing waste.","tokens":["Reduced","garment","manufacturing","cost","by","over","60%","and","reduced","production","lead","times","by","about","50%","by","creating","and","enforcing","production","efficiency","standards","and","reducing","waste."],"metadata":[]}],[{"content":"Maintained BOMs Design and Patternmaking Assistant City , State Company Name / Mar 1997 to Jun 1999 Refresh and customize theatrical costumes for each play Assist in prop-making and decoration Maintained costume library Freelance Costume Design City , State Company Name / Mar 1997 to Jun 1999 Assisted AFI students in developing character looks for their short film projects Worked closely with director, head designer Education and Training Certificate of Proficiency : Graphic Design / Animation Studio Arts, Ltd. 2016 City , State , USA Computer Aided Design, Lectra / Gerber Systems Art Institute & LA Trade Tech City , State , USA Digital Design, Patternmaking, Grading, and Marker-Making coursework Associate of Arts : Fashion Design Brooks College City , State , USA","tokens":["Maintained","BOMs","Design","and","Patternmaking","Assistant","City",",","State","Company","Name","/","Mar","1997","to","Jun","1999","Refresh","and","customize","theatrical","costumes","for","each","play","Assist","in","prop-making","and","decoration","Maintained","costume","library","Freelance","Costume","Design","City",",","State","Company","Name","/","Mar","1997","to","Jun","1999","Assisted","AFI","students","in","developing","character","looks","for","their","short","film","projects","Worked","closely","with","director,","head","designer","Education","and","Training","Certificate","of","Proficiency",":","Graphic","Design","/","Animation","Studio","Arts,","Ltd.","2016","City",",","State",",","USA","Computer","Aided","Design,","Lectra","/","Gerber","Systems","Art","Institute","&","LA","Trade","Tech","City",",","State",",","USA","Digital","Design,","Patternmaking,","Grading,","and","Marker-Making","coursework","Associate","of","Arts",":","Fashion","Design","Brooks","College","City",",","State",",","USA"],"metadata":[]}]],"labelerInfo":{"id":6821,"email":"tli94@jh.edu","displayName":"Thomas Li"},"labelSets":[{"name":"Resume Labels","index":0,"labelItems":[{"id":"Kj5U6n9NUqTXuWcB3c_7L","labelName":"College"},{"id":"rj7TW0-ymuRo6f_asXJab","labelName":"Company Name"},{"id":"SJEkdao76hjwbb6Fh5SY6","labelName":"Job Title"},{"id":"BjO8MdvK2KI4E5iMEeY4B","labelName":"Graduation Year"},{"id":"eS2knCRgLegeRw8bcmSWA","labelName":"Skill"},{"id":"IeEoIKabMl51BJE0gX2YL","labelName":"Degree"},{"id":"1R0C50AAwFbEp2O0WmRv6","labelName":"Location"},{"id":"zQcc4ygexJ_A3Gb0NeRTk","labelName":"Years of Experience"},{"id":"52S_6moRfhjC-yXgIBeCp","labelName":"Date"},{"id":"KiLarWmwlU1E3-FfdG6Qg","labelName":"Project"},{"id":"dyxKKTAxW1z5ifjPj42BI","labelName":"Name"}]}],"spanLabels":[{"id":"1663131157","labeledBy":"LABELER","labeledByUserId":6821,"acceptedByUserId":null,"rejectedByUserId":null,"layer":0,"counter":0,"status":"ACCEPTED","hashCode":"SPAN:SJEkdao76hjwbb6Fh5SY6:0:0:0:1:0:0:0:2:6:0:undefined:undefined","labelName":"SJEkdao76hjwbb6Fh5SY6","labelItem":{"id":"SJEkdao76hjwbb6Fh5SY6","labelName":"Job Title"},"textPosition":{"start":{"row":0,"column":0,"tokenIndex":1,"charIndex":0},"end":{"row":0,"column":0,"tokenIndex":2,"charIndex":6}},"confidenceScore":null},{"id":"1663131160","labeledBy":"LABELER","labeledByUserId":6821,"acceptedByUserId":null,"rejectedByUserId":null,"layer":0,"counter":0,"status":"ACCEPTED","hashCode":"SPAN:SJEkdao76hjwbb6Fh5SY6:0:0:0:3:0:0:0:3:7:0:undefined:undefined","labelName":"SJEkdao76hjwbb6Fh5SY6","labelItem":{"id":"SJEkdao76hjwbb6Fh5SY6","labelName":"Job Title"},"textPosition":{"start":{"row":0,"column":0,"tokenIndex":3,"charIndex":0},"end":{"row":0,"column":0,"tokenIndex":3,"charIndex":7}},"confidenceScore":null},{"id":"1663131163","labeledBy":"LABELER","labeledByUserId":6821,"acceptedByUserId":null,"rejectedByUserId":null,"layer":0,"counter":0,"status":"ACCEPTED","hashCode":"SPAN:eS2knCRgLegeRw8bcmSWA:0:0:0:6:0:0:0:7:5:0:undefined:undefined","labelName":"eS2knCRgLegeRw8bcmSWA","labelItem":{"id":"eS2knCRgLegeRw8bcmSWA","labelName":"Skill"},"textPosition":{"start":{"row":0,"column":0,"tokenIndex":6,"charIndex":0},"end":{"row":0,"column":0,"tokenIndex":7,"charIndex":5}},"confidenceScore":null},{"id":"1663131166","labeledBy":"LABELER","labeledByUserId":6821,"acceptedByUserId":null,"rejectedByUserId":null,"layer":0,"counter":0,"status":"ACCEPTED","hashCode":"SPAN:SJEkdao76hjwbb6Fh5SY6:0:0:0:9:0:0:0:12:7:0:undefined:undefined","labelName":"SJEkdao76hjwbb6Fh5SY6","labelItem":{"id":"SJEkdao76hjwbb6Fh5SY6","labelName":"Job Title"},"textPosition":{"start":{"row":0,"column":0,"tokenIndex":9,"charIndex":0},"end":{"row":0,"column":0,"tokenIndex":12,"charIndex":7}},"confidenceScore":null},{"id":"1663131169","labeledBy":"LABELER","labeledByUserId":6821,"acceptedByUserId":null,"rejectedByUserId":null,"layer":0,"counter":0,"status":"ACCEPTED","hashCode":"SPAN:eS2knCRgLegeRw8bcmSWA:0:1:0:4:0:1:0:6:9:0:undefined:undefined","labelName":"eS2knCRgLegeRw8bcmSWA","labelItem":{"id":"eS2knCRgLegeRw8bcmSWA","labelName":"Skill"},"textPosition":{"start":{"row":1,"column":0,"tokenIndex":4,"charIndex":0},"end":{"row":1,"column":0,"tokenIndex":6,"charIndex":9}},"confidenceScore":null},{"id":"1663131172","labeledBy":"LABELER","labeledByUserId":6821,"acceptedByUserId":null,"rejectedByUserId":null,"layer":0,"counter":0,"status":"ACCEPTED","hashCode":"SPAN:eS2knCRgLegeRw8bcmSWA:0:1:0:7:0:1:0:7:11:0:undefined:undefined","labelName":"eS2knCRgLegeRw8bcmSWA","labelItem":{"id":"eS2knCRgLegeRw8bcmSWA","labelName":"Skill"},"textPosition":{"start":{"row":1,"column":0,"tokenIndex":7,"charIndex":0},"end":{"row":1,"column":0,"tokenIndex":7,"charIndex":11}},"confidenceScore":null},{"id":"1663131175","labeledBy":"LABELER","labeledByUserId":6821,"acceptedByUserId":null,"rejectedByUserId":null,"layer":0,"counter":0,"status":"ACCEPTED","hashCode":"SPAN:eS2knCRgLegeRw8bcmSWA:0:1:0:8:0:1:0:12:6:0:undefined:undefined","labelName":"eS2knCRgLegeRw8bcmSWA","labelItem":{"id":"eS2knCRgLegeRw8bcmSWA","labelName":"Skill"},"textPosition":{"start":{"row":1,"column":0,"tokenIndex":8,"charIndex":0},"end":{"row":1,"column":0,"tokenIndex":12,"charIndex":6}},"confidenceScore":null},{"id":"1663131178","labeledBy":"LABELER","labeledByUserId":6821,"acceptedByUserId":null,"rejectedByUserId":null,"layer":0,"counter":0,"status":"ACCEPTED","hashCode":"SPAN:eS2knCRgLegeRw8bcmSWA:0:1:0:16:0:1:0:16:6:0:undefined:undefined","labelName":"eS2knCRgLegeRw8bcmSWA","labelItem":{"id":"eS2knCRgLegeRw8bcmSWA","labelName":"Skill"},"textPosition":{"start":{"row":1,"column":0,"tokenIndex":16,"charIndex":0},"end":{"row":1,"column":0,"tokenIndex":16,"charIndex":6}},"confidenceScore":null},{"id":"1663131181","labeledBy":"LABELER","labeledByUserId":6821,"acceptedByUserId":null,"rejectedByUserId":null,"layer":0,"counter":0,"status":"ACCEPTED","hashCode":"SPAN:eS2knCRgLegeRw8bcmSWA:0:1:0:17:0:1:0:18:2:0:undefined:undefined","labelName":"eS2knCRgLegeRw8bcmSWA","labelItem":{"id":"eS2knCRgLegeRw8bcmSWA","labelName":"Skill"},"textPosition":{"start":{"row":1,"column":0,"tokenIndex":17,"charIndex":0},"end":{"row":1,"column":0,"tokenIndex":18,"charIndex":2}},"confidenceScore":null},{"id":"1663131184","labeledBy":"LABELER","labeledByUserId":6821,"acceptedByUserId":null,"rejectedByUserId":null,"layer":0,"counter":0,"status":"ACCEPTED","hashCode":"SPAN:eS2knCRgLegeRw8bcmSWA:0:1:0:19:0:1:0:19:2:0:undefined:undefined","labelName":"eS2knCRgLegeRw8bcmSWA","labelItem":{"id":"eS2knCRgLegeRw8bcmSWA","labelName":"Skill"},"textPosition":{"start":{"row":1,"column":0,"tokenIndex":19,"charIndex":0},"end":{"row":1,"column":0,"tokenIndex":19,"charIndex":2}},"confidenceScore":null},{"id":"1663131208","labeledBy":"LABELER","labeledByUserId":6821,"acceptedByUserId":null,"rejectedByUserId":null,"layer":0,"counter":0,"status":"ACCEPTED","hashCode":"SPAN:eS2knCRgLegeRw8bcmSWA:0:1:0:20:0:1:0:20:13:0:undefined:undefined","labelName":"eS2knCRgLegeRw8bcmSWA","labelItem":{"id":"eS2knCRgLegeRw8bcmSWA","labelName":"Skill"},"textPosition":{"start":{"row":1,"column":0,"tokenIndex":20,"charIndex":0},"end":{"row":1,"column":0,"tokenIndex":20,"charIndex":13}},"confidenceScore":null},{"id":"1663131190","labeledBy":"LABELER","labeledByUserId":6821,"acceptedByUserId":null,"rejectedByUserId":null,"layer":0,"counter":0,"status":"ACCEPTED","hashCode":"SPAN:eS2knCRgLegeRw8bcmSWA:0:1:0:22:0:1:0:22:10:0:undefined:undefined","labelName":"eS2knCRgLegeRw8bcmSWA","labelItem":{"id":"eS2knCRgLegeRw8bcmSWA","labelName":"Skill"},"textPosition":{"start":{"row":1,"column":0,"tokenIndex":22,"charIndex":0},"end":{"row":1,"column":0,"tokenIndex":22,"charIndex":10}},"confidenceScore":null},{"id":"1663131193","labeledBy":"LABELER","labeledByUserId":6821,"acceptedByUserId":null,"rejectedByUserId":null,"layer":0,"counter":0,"status":"ACCEPTED","hashCode":"SPAN:eS2knCRgLegeRw8bcmSWA:0:1:0:23:0:1:0:23:9:0:undefined:undefined","labelName":"eS2knCRgLegeRw8bcmSWA","labelItem":{"id":"eS2knCRgLegeRw8bcmSWA","labelName":"Skill"},"textPosition":{"start":{"row":1,"column":0,"tokenIndex":23,"charIndex":0},"end":{"row":1,"column":0,"tokenIndex":23,"charIndex":9}},"confidenceScore":null},{"id":"1663131196","labeledBy":"LABELER","labeledByUserId":6821,"acceptedByUserId":null,"rejectedByUserId":null,"layer":0,"counter":0,"status":"ACCEPTED","hashCode":"SPAN:eS2knCRgLegeRw8bcmSWA:0:1:0:24:0:1:0:25:6:0:undefined:undefined","labelName":"eS2knCRgLegeRw8bcmSWA","labelItem":{"id":"eS2knCRgLegeRw8bcmSWA","labelName":"Skill"},"textPosition":{"start":{"row":1,"column":0,"tokenIndex":24,"charIndex":0},"end":{"row":1,"column":0,"tokenIndex":25,"charIndex":6}},"confidenceScore":null},{"id":"1663131199","labeledBy":"LABELER","labeledByUserId":6821,"acceptedByUserId":null,"rejectedByUserId":null,"layer":0,"counter":0,"status":"ACCEPTED","hashCode":"SPAN:eS2knCRgLegeRw8bcmSWA:0:1:0:28:0:1:0:31:11:0:undefined:undefined","labelName":"eS2knCRgLegeRw8bcmSWA","labelItem":{"id":"eS2knCRgLegeRw8bcmSWA","labelName":"Skill"},"textPosition":{"start":{"row":1,"column":0,"tokenIndex":28,"charIndex":0},"end":{"row":1,"column":0,"tokenIndex":31,"charIndex":11}},"confidenceScore":null},{"id":"1663131211","labeledBy":"LABELER","labeledByUserId":6821,"acceptedByUserId":null,"rejectedByUserId":null,"layer":0,"counter":0,"status":"ACCEPTED","hashCode":"SPAN:eS2knCRgLegeRw8bcmSWA:0:1:0:33:0:1:0:34:11:0:undefined:undefined","labelName":"eS2knCRgLegeRw8bcmSWA","labelItem":{"id":"eS2knCRgLegeRw8bcmSWA","labelName":"Skill"},"textPosition":{"start":{"row":1,"column":0,"tokenIndex":33,"charIndex":0},"end":{"row":1,"column":0,"tokenIndex":34,"charIndex":11}},"confidenceScore":null},{"id":"1663131202","labeledBy":"LABELER","labeledByUserId":6821,"acceptedByUserId":null,"rejectedByUserId":null,"layer":0,"counter":0,"status":"ACCEPTED","hashCode":"SPAN:eS2knCRgLegeRw8bcmSWA:0:1:0:45:0:1:0:47:5:0:undefined:undefined","labelName":"eS2knCRgLegeRw8bcmSWA","labelItem":{"id":"eS2knCRgLegeRw8bcmSWA","labelName":"Skill"},"textPosition":{"start":{"row":1,"column":0,"tokenIndex":45,"charIndex":0},"end":{"row":1,"column":0,"tokenIndex":47,"charIndex":5}},"confidenceScore":null},{"id":"1663131214","labeledBy":"LABELER","labeledByUserId":6821,"acceptedByUserId":null,"rejectedByUserId":null,"layer":0,"counter":0,"status":"ACCEPTED","hashCode":"SPAN:eS2knCRgLegeRw8bcmSWA:0:2:0:7:0:2:0:7:8:0:undefined:undefined","labelName":"eS2knCRgLegeRw8bcmSWA","labelItem":{"id":"eS2knCRgLegeRw8bcmSWA","labelName":"Skill"},"textPosition":{"start":{"row":2,"column":0,"tokenIndex":7,"charIndex":0},"end":{"row":2,"column":0,"tokenIndex":7,"charIndex":8}},"confidenceScore":null},{"id":"1663131217","labeledBy":"LABELER","labeledByUserId":6821,"acceptedByUserId":null,"rejectedByUserId":null,"layer":0,"counter":0,"status":"ACCEPTED","hashCode":"SPAN:eS2knCRgLegeRw8bcmSWA:0:3:0:0:0:3:0:1:8:0:undefined:undefined","labelName":"eS2knCRgLegeRw8bcmSWA","labelItem":{"id":"eS2knCRgLegeRw8bcmSWA","labelName":"Skill"},"textPosition":{"start":{"row":3,"column":0,"tokenIndex":0,"charIndex":0},"end":{"row":3,"column":0,"tokenIndex":1,"charIndex":8}},"confidenceScore":null},{"id":"1663131220","labeledBy":"LABELER","labeledByUserId":6821,"acceptedByUserId":null,"rejectedByUserId":null,"layer":0,"counter":0,"status":"ACCEPTED","hashCode":"SPAN:eS2knCRgLegeRw8bcmSWA:0:4:0:0:0:4:0:2:10:0:undefined:undefined","labelName":"eS2knCRgLegeRw8bcmSWA","labelItem":{"id":"eS2knCRgLegeRw8bcmSWA","labelName":"Skill"},"textPosition":{"start":{"row":4,"column":0,"tokenIndex":0,"charIndex":0},"end":{"row":4,"column":0,"tokenIndex":2,"charIndex":10}},"confidenceScore":null},{"id":"1663131223","labeledBy":"LABELER","labeledByUserId":6821,"acceptedByUserId":null,"rejectedByUserId":null,"layer":0,"counter":0,"status":"ACCEPTED","hashCode":"SPAN:eS2knCRgLegeRw8bcmSWA:0:4:0:4:0:4:0:5:8:0:undefined:undefined","labelName":"eS2knCRgLegeRw8bcmSWA","labelItem":{"id":"eS2knCRgLegeRw8bcmSWA","labelName":"Skill"},"textPosition":{"start":{"row":4,"column":0,"tokenIndex":4,"charIndex":0},"end":{"row":4,"column":0,"tokenIndex":5,"charIndex":8}},"confidenceScore":null},{"id":"1663131226","labeledBy":"LABELER","labeledByUserId":6821,"acceptedByUserId":null,"rejectedByUserId":null,"layer":0,"counter":0,"status":"ACCEPTED","hashCode":"SPAN:eS2knCRgLegeRw8bcmSWA:0:4:0:12:0:4:0:16:7:0:undefined:undefined","labelName":"eS2knCRgLegeRw8bcmSWA","labelItem":{"id":"eS2knCRgLegeRw8bcmSWA","labelName":"Skill"},"textPosition":{"start":{"row":4,"column":0,"tokenIndex":12,"charIndex":0},"end":{"row":4,"column":0,"tokenIndex":16,"charIndex":7}},"confidenceScore":null},{"id":"1663131229","labeledBy":"LABELER","labeledByUserId":6821,"acceptedByUserId":null,"rejectedByUserId":null,"layer":0,"counter":0,"status":"ACCEPTED","hashCode":"SPAN:SJEkdao76hjwbb6Fh5SY6:0:5:0:1:0:5:0:2:6:0:undefined:undefined","labelName":"SJEkdao76hjwbb6Fh5SY6","labelItem":{"id":"SJEkdao76hjwbb6Fh5SY6","labelName":"Job Title"},"textPosition":{"start":{"row":5,"column":0,"tokenIndex":1,"charIndex":0},"end":{"row":5,"column":0,"tokenIndex":2,"charIndex":6}},"confidenceScore":null},{"id":"1663131232","labeledBy":"LABELER","labeledByUserId":6821,"acceptedByUserId":null,"rejectedByUserId":null,"layer":0,"counter":0,"status":"ACCEPTED","hashCode":"SPAN:SJEkdao76hjwbb6Fh5SY6:0:5:0:3:0:5:0:3:7:0:undefined:undefined","labelName":"SJEkdao76hjwbb6Fh5SY6","labelItem":{"id":"SJEkdao76hjwbb6Fh5SY6","labelName":"Job Title"},"textPosition":{"start":{"row":5,"column":0,"tokenIndex":3,"charIndex":0},"end":{"row":5,"column":0,"tokenIndex":3,"charIndex":7}},"confidenceScore":null},{"id":"1663131235","labeledBy":"LABELER","labeledByUserId":6821,"acceptedByUserId":null,"rejectedByUserId":null,"layer":0,"counter":0,"status":"ACCEPTED","hashCode":"SPAN:52S_6moRfhjC-yXgIBeCp:0:5:0:10:0:5:0:11:3:0:undefined:undefined","labelName":"52S_6moRfhjC-yXgIBeCp","labelItem":{"id":"52S_6moRfhjC-yXgIBeCp","labelName":"Date"},"textPosition":{"start":{"row":5,"column":0,"tokenIndex":10,"charIndex":0},"end":{"row":5,"column":0,"tokenIndex":11,"charIndex":3}},"confidenceScore":null},{"id":"1663131238","labeledBy":"LABELER","labeledByUserId":6821,"acceptedByUserId":null,"rejectedByUserId":null,"layer":0,"counter":0,"status":"ACCEPTED","hashCode":"SPAN:SJEkdao76hjwbb6Fh5SY6:0:8:0:0:0:8:0:1:7:0:undefined:undefined","labelName":"SJEkdao76hjwbb6Fh5SY6","labelItem":{"id":"SJEkdao76hjwbb6Fh5SY6","labelName":"Job Title"},"textPosition":{"start":{"row":8,"column":0,"tokenIndex":0,"charIndex":0},"end":{"row":8,"column":0,"tokenIndex":1,"charIndex":7}},"confidenceScore":null},{"id":"1663131241","labeledBy":"LABELER","labeledByUserId":6821,"acceptedByUserId":null,"rejectedByUserId":null,"layer":0,"counter":0,"status":"ACCEPTED","hashCode":"SPAN:SJEkdao76hjwbb6Fh5SY6:0:8:0:3:0:8:0:3:11:0:undefined:undefined","labelName":"SJEkdao76hjwbb6Fh5SY6","labelItem":{"id":"SJEkdao76hjwbb6Fh5SY6","labelName":"Job Title"},"textPosition":{"start":{"row":8,"column":0,"tokenIndex":3,"charIndex":0},"end":{"row":8,"column":0,"tokenIndex":3,"charIndex":11}},"confidenceScore":null},{"id":"1663131244","labeledBy":"LABELER","labeledByUserId":6821,"acceptedByUserId":null,"rejectedByUserId":null,"layer":0,"counter":0,"status":"ACCEPTED","hashCode":"SPAN:52S_6moRfhjC-yXgIBeCp:0:8:0:10:0:8:0:14:3:0:undefined:undefined","labelName":"52S_6moRfhjC-yXgIBeCp","labelItem":{"id":"52S_6moRfhjC-yXgIBeCp","labelName":"Date"},"textPosition":{"start":{"row":8,"column":0,"tokenIndex":10,"charIndex":0},"end":{"row":8,"column":0,"tokenIndex":14,"charIndex":3}},"confidenceScore":null},{"id":"1663131247","labeledBy":"LABELER","labeledByUserId":6821,"acceptedByUserId":null,"rejectedByUserId":null,"layer":0,"counter":0,"status":"ACCEPTED","hashCode":"SPAN:eS2knCRgLegeRw8bcmSWA:0:9:0:0:0:9:0:1:8:0:undefined:undefined","labelName":"eS2knCRgLegeRw8bcmSWA","labelItem":{"id":"eS2knCRgLegeRw8bcmSWA","labelName":"Skill"},"textPosition":{"start":{"row":9,"column":0,"tokenIndex":0,"charIndex":0},"end":{"row":9,"column":0,"tokenIndex":1,"charIndex":8}},"confidenceScore":null},{"id":"1663131250","labeledBy":"LABELER","labeledByUserId":6821,"acceptedByUserId":null,"rejectedByUserId":null,"layer":0,"counter":0,"status":"ACCEPTED","hashCode":"SPAN:eS2knCRgLegeRw8bcmSWA:0:10:0:0:0:10:0:0:14:0:undefined:undefined","labelName":"eS2knCRgLegeRw8bcmSWA","labelItem":{"id":"eS2knCRgLegeRw8bcmSWA","labelName":"Skill"},"textPosition":{"start":{"row":10,"column":0,"tokenIndex":0,"charIndex":0},"end":{"row":10,"column":0,"tokenIndex":0,"charIndex":14}},"confidenceScore":null},{"id":"1663131253","labeledBy":"LABELER","labeledByUserId":6821,"acceptedByUserId":null,"rejectedByUserId":null,"layer":0,"counter":0,"status":"ACCEPTED","hashCode":"SPAN:eS2knCRgLegeRw8bcmSWA:0:11:0:0:0:11:0:1:11:0:undefined:undefined","labelName":"eS2knCRgLegeRw8bcmSWA","labelItem":{"id":"eS2knCRgLegeRw8bcmSWA","labelName":"Skill"},"textPosition":{"start":{"row":11,"column":0,"tokenIndex":0,"charIndex":0},"end":{"row":11,"column":0,"tokenIndex":1,"charIndex":11}},"confidenceScore":null},{"id":"1663131262","labeledBy":"LABELER","labeledByUserId":6821,"acceptedByUserId":null,"rejectedByUserId":null,"layer":0,"counter":0,"status":"ACCEPTED","hashCode":"SPAN:SJEkdao76hjwbb6Fh5SY6:0:13:0:2:0:13:0:5:8:0:undefined:undefined","labelName":"SJEkdao76hjwbb6Fh5SY6","labelItem":{"id":"SJEkdao76hjwbb6Fh5SY6","labelName":"Job Title"},"textPosition":{"start":{"row":13,"column":0,"tokenIndex":2,"charIndex":0},"end":{"row":13,"column":0,"tokenIndex":5,"charIndex":8}},"confidenceScore":null},{"id":"1663131256","labeledBy":"LABELER","labeledByUserId":6821,"acceptedByUserId":null,"rejectedByUserId":null,"layer":0,"counter":0,"status":"ACCEPTED","hashCode":"SPAN:52S_6moRfhjC-yXgIBeCp:0:13:0:12:0:13:0:16:3:0:undefined:undefined","labelName":"52S_6moRfhjC-yXgIBeCp","labelItem":{"id":"52S_6moRfhjC-yXgIBeCp","labelName":"Date"},"textPosition":{"start":{"row":13,"column":0,"tokenIndex":12,"charIndex":0},"end":{"row":13,"column":0,"tokenIndex":16,"charIndex":3}},"confidenceScore":null},{"id":"1663131259","labeledBy":"LABELER","labeledByUserId":6821,"acceptedByUserId":null,"rejectedByUserId":null,"layer":0,"counter":0,"status":"ACCEPTED","hashCode":"SPAN:SJEkdao76hjwbb6Fh5SY6:0:13:0:33:0:13:0:35:5:0:undefined:undefined","labelName":"SJEkdao76hjwbb6Fh5SY6","labelItem":{"id":"SJEkdao76hjwbb6Fh5SY6","labelName":"Job Title"},"textPosition":{"start":{"row":13,"column":0,"tokenIndex":33,"charIndex":0},"end":{"row":13,"column":0,"tokenIndex":35,"charIndex":5}},"confidenceScore":null},{"id":"1663131265","labeledBy":"LABELER","labeledByUserId":6821,"acceptedByUserId":null,"rejectedByUserId":null,"layer":0,"counter":0,"status":"ACCEPTED","hashCode":"SPAN:52S_6moRfhjC-yXgIBeCp:0:13:0:42:0:13:0:46:3:0:undefined:undefined","labelName":"52S_6moRfhjC-yXgIBeCp","labelItem":{"id":"52S_6moRfhjC-yXgIBeCp","labelName":"Date"},"textPosition":{"start":{"row":13,"column":0,"tokenIndex":42,"charIndex":0},"end":{"row":13,"column":0,"tokenIndex":46,"charIndex":3}},"confidenceScore":null},{"id":"1663131268","labeledBy":"LABELER","labeledByUserId":6821,"acceptedByUserId":null,"rejectedByUserId":null,"layer":0,"counter":0,"status":"ACCEPTED","hashCode":"SPAN:eS2knCRgLegeRw8bcmSWA:0:13:0:72:0:13:0:73:5:0:undefined:undefined","labelName":"eS2knCRgLegeRw8bcmSWA","labelItem":{"id":"eS2knCRgLegeRw8bcmSWA","labelName":"Skill"},"textPosition":{"start":{"row":13,"column":0,"tokenIndex":72,"charIndex":0},"end":{"row":13,"column":0,"tokenIndex":73,"charIndex":5}},"confidenceScore":null},{"id":"1663131271","labeledBy":"LABELER","labeledByUserId":6821,"acceptedByUserId":null,"rejectedByUserId":null,"layer":0,"counter":0,"status":"ACCEPTED","hashCode":"SPAN:52S_6moRfhjC-yXgIBeCp:0:13:0:79:0:13:0:79:3:0:undefined:undefined","labelName":"52S_6moRfhjC-yXgIBeCp","labelItem":{"id":"52S_6moRfhjC-yXgIBeCp","labelName":"Date"},"textPosition":{"start":{"row":13,"column":0,"tokenIndex":79,"charIndex":0},"end":{"row":13,"column":0,"tokenIndex":79,"charIndex":3}},"confidenceScore":null},{"id":"1663131295","labeledBy":"LABELER","labeledByUserId":6821,"acceptedByUserId":null,"rejectedByUserId":null,"layer":0,"counter":0,"status":"ACCEPTED","hashCode":"SPAN:1R0C50AAwFbEp2O0WmRv6:0:13:0:84:0:13:0:84:2:0:undefined:undefined","labelName":"1R0C50AAwFbEp2O0WmRv6","labelItem":{"id":"1R0C50AAwFbEp2O0WmRv6","labelName":"Location"},"textPosition":{"start":{"row":13,"column":0,"tokenIndex":84,"charIndex":0},"end":{"row":13,"column":0,"tokenIndex":84,"charIndex":2}},"confidenceScore":null},{"id":"1663131280","labeledBy":"LABELER","labeledByUserId":6821,"acceptedByUserId":null,"rejectedByUserId":null,"layer":0,"counter":0,"status":"ACCEPTED","hashCode":"SPAN:Kj5U6n9NUqTXuWcB3c_7L:0:13:0:90:0:13:0:93:8:0:undefined:undefined","labelName":"Kj5U6n9NUqTXuWcB3c_7L","labelItem":{"id":"Kj5U6n9NUqTXuWcB3c_7L","labelName":"College"},"textPosition":{"start":{"row":13,"column":0,"tokenIndex":90,"charIndex":0},"end":{"row":13,"column":0,"tokenIndex":93,"charIndex":8}},"confidenceScore":null},{"id":"1663131289","labeledBy":"LABELER","labeledByUserId":6821,"acceptedByUserId":null,"rejectedByUserId":null,"layer":0,"counter":0,"status":"ACCEPTED","hashCode":"SPAN:1R0C50AAwFbEp2O0WmRv6:0:13:0:95:0:13:0:95:1:0:undefined:undefined","labelName":"1R0C50AAwFbEp2O0WmRv6","labelItem":{"id":"1R0C50AAwFbEp2O0WmRv6","labelName":"Location"},"textPosition":{"start":{"row":13,"column":0,"tokenIndex":95,"charIndex":0},"end":{"row":13,"column":0,"tokenIndex":95,"charIndex":1}},"confidenceScore":null},{"id":"1663131286","labeledBy":"LABELER","labeledByUserId":6821,"acceptedByUserId":null,"rejectedByUserId":null,"layer":0,"counter":0,"status":"ACCEPTED","hashCode":"SPAN:1R0C50AAwFbEp2O0WmRv6:0:13:0:102:0:13:0:102:2:0:undefined:undefined","labelName":"1R0C50AAwFbEp2O0WmRv6","labelItem":{"id":"1R0C50AAwFbEp2O0WmRv6","labelName":"Location"},"textPosition":{"start":{"row":13,"column":0,"tokenIndex":102,"charIndex":0},"end":{"row":13,"column":0,"tokenIndex":102,"charIndex":2}},"confidenceScore":null},{"id":"1663131274","labeledBy":"LABELER","labeledByUserId":6821,"acceptedByUserId":null,"rejectedByUserId":null,"layer":0,"counter":0,"status":"ACCEPTED","hashCode":"SPAN:IeEoIKabMl51BJE0gX2YL:0:13:0:110:0:13:0:112:3:0:undefined:undefined","labelName":"IeEoIKabMl51BJE0gX2YL","labelItem":{"id":"IeEoIKabMl51BJE0gX2YL","labelName":"Degree"},"textPosition":{"start":{"row":13,"column":0,"tokenIndex":110,"charIndex":0},"end":{"row":13,"column":0,"tokenIndex":112,"charIndex":3}},"confidenceScore":null},{"id":"1663131277","labeledBy":"LABELER","labeledByUserId":6821,"acceptedByUserId":null,"rejectedByUserId":null,"layer":0,"counter":0,"status":"ACCEPTED","hashCode":"SPAN:Kj5U6n9NUqTXuWcB3c_7L:0:13:0:114:0:13:0:117:6:0:undefined:undefined","labelName":"Kj5U6n9NUqTXuWcB3c_7L","labelItem":{"id":"Kj5U6n9NUqTXuWcB3c_7L","labelName":"College"},"textPosition":{"start":{"row":13,"column":0,"tokenIndex":114,"charIndex":0},"end":{"row":13,"column":0,"tokenIndex":117,"charIndex":6}},"confidenceScore":null},{"id":"1663131283","labeledBy":"LABELER","labeledByUserId":6821,"acceptedByUserId":null,"rejectedByUserId":null,"layer":0,"counter":0,"status":"ACCEPTED","hashCode":"SPAN:1R0C50AAwFbEp2O0WmRv6:0:13:0:122:0:13:0:122:2:0:undefined:undefined","labelName":"1R0C50AAwFbEp2O0WmRv6","labelItem":{"id":"1R0C50AAwFbEp2O0WmRv6","labelName":"Location"},"textPosition":{"start":{"row":13,"column":0,"tokenIndex":122,"charIndex":0},"end":{"row":13,"column":0,"tokenIndex":122,"charIndex":2}},"confidenceScore":null}],"arrowLabels":[],"boundingBoxLabels":[],"timeLabels":[],"comments":[],"url":"datasaur://static/6814/48b977c3-03d3-40e2-b9ee-7bd71f1fbf46.txt"}}
