{"version":"1","data":{"project":{"id":"ODBjYmQ2MDg","name":"NLP SSM Final Project"},"document":{"id":"04e31a03-9e89-4823-93d4-469747fa5562","name":"resume_342_d1.txt"},"kinds":["TOKEN_BASED"],"rows":[[{"content":"TEACHER Summary Kind and compassionate Elementary School Teacher dedicated to creating an atmosphere that is stimulating and encouraging to all students.","tokens":["TEACHER","Summary","Kind","and","compassionate","Elementary","School","Teacher","dedicated","to","creating","an","atmosphere","that","is","stimulating","and","encouraging","to","all","students."],"metadata":[]}],[{"content":"Enjoys using modern technology in the classroom.","tokens":["Enjoys","using","modern","technology","in","the","classroom."],"metadata":[]}],[{"content":"Experience Company Name August 2012 to Current Teacher City , State Key Contributions & Educational Outcomes: Consistently praised (by management and staff) for dedication, reliability, organization and effectiveness as one of school district's most in-demand substitutes.","tokens":["Experience","Company","Name","August","2012","to","Current","Teacher","City",",","State","Key","Contributions","&","Educational","Outcomes:","Consistently","praised","(by","management","and","staff)","for","dedication,","reliability,","organization","and","effectiveness","as","one","of","school","district's","most","in-demand","substitutes."],"metadata":[]}],[{"content":"Filled in for permanent teachers at a moment's notice; closely adhered to lesson plans; and kept students motivated, engaged and focused.","tokens":["Filled","in","for","permanent","teachers","at","a","moment's","notice;","closely","adhered","to","lesson","plans;","and","kept","students","motivated,","engaged","and","focused."],"metadata":[]}],[{"content":"Showed resourcefulness and teaching effectiveness in meeting the needs of students with limited English language proficiency as well as learning disabilities.","tokens":["Showed","resourcefulness","and","teaching","effectiveness","in","meeting","the","needs","of","students","with","limited","English","language","proficiency","as","well","as","learning","disabilities."],"metadata":[]}],[{"content":"Voluntarily stepped in to run several after-school programs (e.g., girls' volleyball coaching, cheerleading coaching and after-school tutoring) when permanent teachers were unable to fill these roles.","tokens":["Voluntarily","stepped","in","to","run","several","after-school","programs","(e.g.,","girls'","volleyball","coaching,","cheerleading","coaching","and","after-school","tutoring)","when","permanent","teachers","were","unable","to","fill","these","roles."],"metadata":[]}],[{"content":"Repeatedly asked to sub at the same schools due to effectiveness and classroom management skills.","tokens":["Repeatedly","asked","to","sub","at","the","same","schools","due","to","effectiveness","and","classroom","management","skills."],"metadata":[]}],[{"content":"After School Education and Safety Program Coordinator (1st-6thgrades) Company Name August 2006 to June 2011 After School Program Coordinator City , State Bakersfield, CA, August 2006- June 2011 Responsibilities Facilitates school effort to promote academic, physical, and social success of students by coordinating variety of after-school programs designed to increase academic achievement and improve overall educational experience Assists in developing, organizing and implementing activities to increase student participation in after-school program Maintains current knowledge of related State and District standards in order to assist in promoting school and community understanding of after-school programs; attends meetings and in-service training as required Maintain communication with school staff to ensure students academic success Enable students to reach their full potential Mange and supervise a staff of seven paraprofessional educators.","tokens":["After","School","Education","and","Safety","Program","Coordinator","(1st-6thgrades)","Company","Name","August","2006","to","June","2011","After","School","Program","Coordinator","City",",","State","Bakersfield,","CA,","August","2006-","June","2011","Responsibilities","Facilitates","school","effort","to","promote","academic,","physical,","and","social","success","of","students","by","coordinating","variety","of","after-school","programs","designed","to","increase","academic","achievement","and","improve","overall","educational","experience","Assists","in","developing,","organizing","and","implementing","activities","to","increase","student","participation","in","after-school","program","Maintains","current","knowledge","of","related","State","and","District","standards","in","order","to","assist","in","promoting","school","and","community","understanding","of","after-school","programs;","attends","meetings","and","in-service","training","as","required","Maintain","communication","with","school","staff","to","ensure","students","academic","success","Enable","students","to","reach","their","full","potential","Mange","and","supervise","a","staff","of","seven","paraprofessional","educators."],"metadata":[]}],[{"content":"Key Contributions & Educational Outcomes: Consistently praised for dedication, reliability, organization and effectiveness of establishing and maintaining a successful After School Program.","tokens":["Key","Contributions","&","Educational","Outcomes:","Consistently","praised","for","dedication,","reliability,","organization","and","effectiveness","of","establishing","and","maintaining","a","successful","After","School","Program."],"metadata":[]}],[{"content":"Promoted a high level of participation by closely adhered to lesson plans; and kept students motivated, engaged and focused.","tokens":["Promoted","a","high","level","of","participation","by","closely","adhered","to","lesson","plans;","and","kept","students","motivated,","engaged","and","focused."],"metadata":[]}],[{"content":"Voluntarily incooperated several after-school programs sports teams flag football, basketball and cheerleading.","tokens":["Voluntarily","incooperated","several","after-school","programs","sports","teams","flag","football,","basketball","and","cheerleading."],"metadata":[]}],[{"content":"Incorporated technology into students' learning activities for varied academic disciplines.","tokens":["Incorporated","technology","into","students'","learning","activities","for","varied","academic","disciplines."],"metadata":[]}],[{"content":"Efforts proved so successful in enhancing student understanding of material that students were able to design and create their own web pages Company Name January 2009 to January 2011 Outreach Liasion City , State Attends various community meetings in order to disseminate information pertaining to school's specially funded programs in general and parent involvement in particular.","tokens":["Efforts","proved","so","successful","in","enhancing","student","understanding","of","material","that","students","were","able","to","design","and","create","their","own","web","pages","Company","Name","January","2009","to","January","2011","Outreach","Liasion","City",",","State","Attends","various","community","meetings","in","order","to","disseminate","information","pertaining","to","school's","specially","funded","programs","in","general","and","parent","involvement","in","particular."],"metadata":[]}],[{"content":"Assists staff in reducing poor attendance working with Probation Department, Deputy District Attorney Refers students and Families to Student Attendance Review Board Refer students and families in need to community programs for needed resources Ensure school meets and maintains attendance goals to meet grant requirements Translate documents and meeting as needed Assisted teachers, specialists, counselors and other staff in reinforcing instructional program and guiding students in development of desirable academic and social skills and habits Worked with small groups of children under the direction of certificated staff Assisted with checking, care, preparation and arrangement of instructional materials and students' work Assisted with yard duty, first aid and home contacts Assisted with recordkeeping, filing, and other clerical duties as needed Education Bakersfield College 2010 City , State , US Bakersfield College, Bakersfield, CA; 2006 & 2010 California State University Bakersfield 2010 Bachelor of Arts : Child, Adolescent, and Family Studies, Sociology City , State , US California State University Bakersfield, CA; 2009-2010 Bachelor of Arts in Child, Adolescent, and Family Studies Minor in Sociology Passed CBEST Mathematics, Reading, Writing test Passed CSET ◦ Subtest I-Reading, Language, Literature, & History and Social Sciences ◦ Subtest II - Science and Mathematics ◦ Subtest III- Physical Education, Human Development, Visual and Performing Arts 30 Day Substitute Permit Cuyama Valley High School 2002 City , State , US Cuyama Valley High School, New Cuyama CA; 1998-2002 Volleyball (4 years), Basketball (4 years), Science Club President, California Scholarship Federation President, Class President, Class ASB Representative Irvine Valley College City , State , US Irvine Valley College, Irvine, CA; 2003-05 Allen Hancock College City , State , US Allen Hancock College, Santa Maria, CA; 2002-03 Certificate of Clearance Certificate of Clearance Substitute with Kern County Superintendent of Schools CPR and First Aid Certified (Infant, Children and Adults) Typing Certificate 42 wpm Certifications CPR and First Aid CPR Certificate of Clearance Typing Certificate 42 wpm Languages Teaching Experience; Bilingual Fluency in English & Spanish Professional Affiliations Boys and Girls Club of Kern County Skills Increase, Training, Coaching, Teaching, Clerical, Filing, Class, Comprehensive Large Array Data Stewardship System, Liaison, Translate, Mathematics, Writing Test, 42 Wpm, Cpr, Cpr And First Aid, Typing","tokens":["Assists","staff","in","reducing","poor","attendance","working","with","Probation","Department,","Deputy","District","Attorney","Refers","students","and","Families","to","Student","Attendance","Review","Board","Refer","students","and","families","in","need","to","community","programs","for","needed","resources","Ensure","school","meets","and","maintains","attendance","goals","to","meet","grant","requirements","Translate","documents","and","meeting","as","needed","Assisted","teachers,","specialists,","counselors","and","other","staff","in","reinforcing","instructional","program","and","guiding","students","in","development","of","desirable","academic","and","social","skills","and","habits","Worked","with","small","groups","of","children","under","the","direction","of","certificated","staff","Assisted","with","checking,","care,","preparation","and","arrangement","of","instructional","materials","and","students'","work","Assisted","with","yard","duty,","first","aid","and","home","contacts","Assisted","with","recordkeeping,","filing,","and","other","clerical","duties","as","needed","Education","Bakersfield","College","2010","City",",","State",",","US","Bakersfield","College,","Bakersfield,","CA;","2006","&","2010","California","State","University","Bakersfield","2010","Bachelor","of","Arts",":","Child,","Adolescent,","and","Family","Studies,","Sociology","City",",","State",",","US","California","State","University","Bakersfield,","CA;","2009-2010","Bachelor","of","Arts","in","Child,","Adolescent,","and","Family","Studies","Minor","in","Sociology","Passed","CBEST","Mathematics,","Reading,","Writing","test","Passed","CSET","◦","Subtest","I-Reading,","Language,","Literature,","&","History","and","Social","Sciences","◦","Subtest","II","-","Science","and","Mathematics","◦","Subtest","III-","Physical","Education,","Human","Development,","Visual","and","Performing","Arts","30","Day","Substitute","Permit","Cuyama","Valley","High","School","2002","City",",","State",",","US","Cuyama","Valley","High","School,","New","Cuyama","CA;","1998-2002","Volleyball","(4","years),","Basketball","(4","years),","Science","Club","President,","California","Scholarship","Federation","President,","Class","President,","Class","ASB","Representative","Irvine","Valley","College","City",",","State",",","US","Irvine","Valley","College,","Irvine,","CA;","2003-05","Allen","Hancock","College","City",",","State",",","US","Allen","Hancock","College,","Santa","Maria,","CA;","2002-03","Certificate","of","Clearance","Certificate","of","Clearance","Substitute","with","Kern","County","Superintendent","of","Schools","CPR","and","First","Aid","Certified","(Infant,","Children","and","Adults)","Typing","Certificate","42","wpm","Certifications","CPR","and","First","Aid","CPR","Certificate","of","Clearance","Typing","Certificate","42","wpm","Languages","Teaching","Experience;","Bilingual","Fluency","in","English","&","Spanish","Professional","Affiliations","Boys","and","Girls","Club","of","Kern","County","Skills","Increase,","Training,","Coaching,","Teaching,","Clerical,","Filing,","Class,","Comprehensive","Large","Array","Data","Stewardship","System,","Liaison,","Translate,","Mathematics,","Writing","Test,","42","Wpm,","Cpr,","Cpr","And","First","Aid,","Typing"],"metadata":[]}]],"labelerInfo":{"id":6821,"email":"tli94@jh.edu","displayName":"Thomas Li"},"labelSets":[{"name":"Resume Labels","index":0,"labelItems":[{"id":"Kj5U6n9NUqTXuWcB3c_7L","labelName":"College"},{"id":"rj7TW0-ymuRo6f_asXJab","labelName":"Company Name"},{"id":"SJEkdao76hjwbb6Fh5SY6","labelName":"Job Title"},{"id":"BjO8MdvK2KI4E5iMEeY4B","labelName":"Graduation Year"},{"id":"eS2knCRgLegeRw8bcmSWA","labelName":"Skill"},{"id":"IeEoIKabMl51BJE0gX2YL","labelName":"Degree"},{"id":"1R0C50AAwFbEp2O0WmRv6","labelName":"Location"},{"id":"zQcc4ygexJ_A3Gb0NeRTk","labelName":"Years of Experience"},{"id":"52S_6moRfhjC-yXgIBeCp","labelName":"Date"},{"id":"KiLarWmwlU1E3-FfdG6Qg","labelName":"Project"},{"id":"dyxKKTAxW1z5ifjPj42BI","labelName":"Name"}]}],"spanLabels":[{"id":"1663132799","labeledBy":"LABELER","labeledByUserId":6821,"acceptedByUserId":null,"rejectedByUserId":null,"layer":0,"counter":0,"status":"ACCEPTED","hashCode":"SPAN:SJEkdao76hjwbb6Fh5SY6:0:0:0:0:0:0:0:0:6:0:undefined:undefined","labelName":"SJEkdao76hjwbb6Fh5SY6","labelItem":{"id":"SJEkdao76hjwbb6Fh5SY6","labelName":"Job Title"},"textPosition":{"start":{"row":0,"column":0,"tokenIndex":0,"charIndex":0},"end":{"row":0,"column":0,"tokenIndex":0,"charIndex":6}},"confidenceScore":null},{"id":"1663132811","labeledBy":"LABELER","labeledByUserId":6821,"acceptedByUserId":null,"rejectedByUserId":null,"layer":0,"counter":0,"status":"ACCEPTED","hashCode":"SPAN:SJEkdao76hjwbb6Fh5SY6:0:0:0:5:0:0:0:7:6:0:undefined:undefined","labelName":"SJEkdao76hjwbb6Fh5SY6","labelItem":{"id":"SJEkdao76hjwbb6Fh5SY6","labelName":"Job Title"},"textPosition":{"start":{"row":0,"column":0,"tokenIndex":5,"charIndex":0},"end":{"row":0,"column":0,"tokenIndex":7,"charIndex":6}},"confidenceScore":null},{"id":"1663132802","labeledBy":"LABELER","labeledByUserId":6821,"acceptedByUserId":null,"rejectedByUserId":null,"layer":0,"counter":0,"status":"ACCEPTED","hashCode":"SPAN:52S_6moRfhjC-yXgIBeCp:0:2:0:3:0:2:0:4:3:0:undefined:undefined","labelName":"52S_6moRfhjC-yXgIBeCp","labelItem":{"id":"52S_6moRfhjC-yXgIBeCp","labelName":"Date"},"textPosition":{"start":{"row":2,"column":0,"tokenIndex":3,"charIndex":0},"end":{"row":2,"column":0,"tokenIndex":4,"charIndex":3}},"confidenceScore":null},{"id":"1663132805","labeledBy":"LABELER","labeledByUserId":6821,"acceptedByUserId":null,"rejectedByUserId":null,"layer":0,"counter":0,"status":"ACCEPTED","hashCode":"SPAN:52S_6moRfhjC-yXgIBeCp:0:2:0:6:0:2:0:6:6:0:undefined:undefined","labelName":"52S_6moRfhjC-yXgIBeCp","labelItem":{"id":"52S_6moRfhjC-yXgIBeCp","labelName":"Date"},"textPosition":{"start":{"row":2,"column":0,"tokenIndex":6,"charIndex":0},"end":{"row":2,"column":0,"tokenIndex":6,"charIndex":6}},"confidenceScore":null},{"id":"1663132808","labeledBy":"LABELER","labeledByUserId":6821,"acceptedByUserId":null,"rejectedByUserId":null,"layer":0,"counter":0,"status":"ACCEPTED","hashCode":"SPAN:SJEkdao76hjwbb6Fh5SY6:0:2:0:7:0:2:0:7:6:0:undefined:undefined","labelName":"SJEkdao76hjwbb6Fh5SY6","labelItem":{"id":"SJEkdao76hjwbb6Fh5SY6","labelName":"Job Title"},"textPosition":{"start":{"row":2,"column":0,"tokenIndex":7,"charIndex":0},"end":{"row":2,"column":0,"tokenIndex":7,"charIndex":6}},"confidenceScore":null},{"id":"1663132814","labeledBy":"LABELER","labeledByUserId":6821,"acceptedByUserId":null,"rejectedByUserId":null,"layer":0,"counter":0,"status":"ACCEPTED","hashCode":"SPAN:eS2knCRgLegeRw8bcmSWA:0:2:0:25:0:2:0:25:11:0:undefined:undefined","labelName":"eS2knCRgLegeRw8bcmSWA","labelItem":{"id":"eS2knCRgLegeRw8bcmSWA","labelName":"Skill"},"textPosition":{"start":{"row":2,"column":0,"tokenIndex":25,"charIndex":0},"end":{"row":2,"column":0,"tokenIndex":25,"charIndex":11}},"confidenceScore":null},{"id":"1663132817","labeledBy":"LABELER","labeledByUserId":6821,"acceptedByUserId":null,"rejectedByUserId":null,"layer":0,"counter":0,"status":"ACCEPTED","hashCode":"SPAN:SJEkdao76hjwbb6Fh5SY6:0:7:0:0:0:7:0:6:10:0:undefined:undefined","labelName":"SJEkdao76hjwbb6Fh5SY6","labelItem":{"id":"SJEkdao76hjwbb6Fh5SY6","labelName":"Job Title"},"textPosition":{"start":{"row":7,"column":0,"tokenIndex":0,"charIndex":0},"end":{"row":7,"column":0,"tokenIndex":6,"charIndex":10}},"confidenceScore":null},{"id":"1663132826","labeledBy":"LABELER","labeledByUserId":6821,"acceptedByUserId":null,"rejectedByUserId":null,"layer":0,"counter":0,"status":"ACCEPTED","hashCode":"SPAN:52S_6moRfhjC-yXgIBeCp:0:7:0:10:0:7:0:11:3:0:undefined:undefined","labelName":"52S_6moRfhjC-yXgIBeCp","labelItem":{"id":"52S_6moRfhjC-yXgIBeCp","labelName":"Date"},"textPosition":{"start":{"row":7,"column":0,"tokenIndex":10,"charIndex":0},"end":{"row":7,"column":0,"tokenIndex":11,"charIndex":3}},"confidenceScore":null},{"id":"1663132829","labeledBy":"LABELER","labeledByUserId":6821,"acceptedByUserId":null,"rejectedByUserId":null,"layer":0,"counter":0,"status":"ACCEPTED","hashCode":"SPAN:52S_6moRfhjC-yXgIBeCp:0:7:0:13:0:7:0:14:3:0:undefined:undefined","labelName":"52S_6moRfhjC-yXgIBeCp","labelItem":{"id":"52S_6moRfhjC-yXgIBeCp","labelName":"Date"},"textPosition":{"start":{"row":7,"column":0,"tokenIndex":13,"charIndex":0},"end":{"row":7,"column":0,"tokenIndex":14,"charIndex":3}},"confidenceScore":null},{"id":"1663132832","labeledBy":"LABELER","labeledByUserId":6821,"acceptedByUserId":null,"rejectedByUserId":null,"layer":0,"counter":0,"status":"ACCEPTED","hashCode":"SPAN:SJEkdao76hjwbb6Fh5SY6:0:7:0:15:0:7:0:18:10:0:undefined:undefined","labelName":"SJEkdao76hjwbb6Fh5SY6","labelItem":{"id":"SJEkdao76hjwbb6Fh5SY6","labelName":"Job Title"},"textPosition":{"start":{"row":7,"column":0,"tokenIndex":15,"charIndex":0},"end":{"row":7,"column":0,"tokenIndex":18,"charIndex":10}},"confidenceScore":null},{"id":"1663132835","labeledBy":"LABELER","labeledByUserId":6821,"acceptedByUserId":null,"rejectedByUserId":null,"layer":0,"counter":0,"status":"ACCEPTED","hashCode":"SPAN:1R0C50AAwFbEp2O0WmRv6:0:7:0:22:0:7:0:23:2:0:undefined:undefined","labelName":"1R0C50AAwFbEp2O0WmRv6","labelItem":{"id":"1R0C50AAwFbEp2O0WmRv6","labelName":"Location"},"textPosition":{"start":{"row":7,"column":0,"tokenIndex":22,"charIndex":0},"end":{"row":7,"column":0,"tokenIndex":23,"charIndex":2}},"confidenceScore":null},{"id":"1663132838","labeledBy":"LABELER","labeledByUserId":6821,"acceptedByUserId":null,"rejectedByUserId":null,"layer":0,"counter":0,"status":"ACCEPTED","hashCode":"SPAN:52S_6moRfhjC-yXgIBeCp:0:7:0:24:0:7:0:25:4:0:undefined:undefined","labelName":"52S_6moRfhjC-yXgIBeCp","labelItem":{"id":"52S_6moRfhjC-yXgIBeCp","labelName":"Date"},"textPosition":{"start":{"row":7,"column":0,"tokenIndex":24,"charIndex":0},"end":{"row":7,"column":0,"tokenIndex":25,"charIndex":4}},"confidenceScore":null},{"id":"1663132841","labeledBy":"LABELER","labeledByUserId":6821,"acceptedByUserId":null,"rejectedByUserId":null,"layer":0,"counter":0,"status":"ACCEPTED","hashCode":"SPAN:52S_6moRfhjC-yXgIBeCp:0:7:0:26:0:7:0:27:3:0:undefined:undefined","labelName":"52S_6moRfhjC-yXgIBeCp","labelItem":{"id":"52S_6moRfhjC-yXgIBeCp","labelName":"Date"},"textPosition":{"start":{"row":7,"column":0,"tokenIndex":26,"charIndex":0},"end":{"row":7,"column":0,"tokenIndex":27,"charIndex":3}},"confidenceScore":null},{"id":"1663132844","labeledBy":"LABELER","labeledByUserId":6821,"acceptedByUserId":null,"rejectedByUserId":null,"layer":0,"counter":0,"status":"ACCEPTED","hashCode":"SPAN:52S_6moRfhjC-yXgIBeCp:0:12:0:24:0:12:0:25:3:0:undefined:undefined","labelName":"52S_6moRfhjC-yXgIBeCp","labelItem":{"id":"52S_6moRfhjC-yXgIBeCp","labelName":"Date"},"textPosition":{"start":{"row":12,"column":0,"tokenIndex":24,"charIndex":0},"end":{"row":12,"column":0,"tokenIndex":25,"charIndex":3}},"confidenceScore":null},{"id":"1663132847","labeledBy":"LABELER","labeledByUserId":6821,"acceptedByUserId":null,"rejectedByUserId":null,"layer":0,"counter":0,"status":"ACCEPTED","hashCode":"SPAN:52S_6moRfhjC-yXgIBeCp:0:12:0:27:0:12:0:28:3:0:undefined:undefined","labelName":"52S_6moRfhjC-yXgIBeCp","labelItem":{"id":"52S_6moRfhjC-yXgIBeCp","labelName":"Date"},"textPosition":{"start":{"row":12,"column":0,"tokenIndex":27,"charIndex":0},"end":{"row":12,"column":0,"tokenIndex":28,"charIndex":3}},"confidenceScore":null},{"id":"1663132850","labeledBy":"LABELER","labeledByUserId":6821,"acceptedByUserId":null,"rejectedByUserId":null,"layer":0,"counter":0,"status":"ACCEPTED","hashCode":"SPAN:SJEkdao76hjwbb6Fh5SY6:0:12:0:29:0:12:0:30:6:0:undefined:undefined","labelName":"SJEkdao76hjwbb6Fh5SY6","labelItem":{"id":"SJEkdao76hjwbb6Fh5SY6","labelName":"Job Title"},"textPosition":{"start":{"row":12,"column":0,"tokenIndex":29,"charIndex":0},"end":{"row":12,"column":0,"tokenIndex":30,"charIndex":6}},"confidenceScore":null},{"id":"1663132862","labeledBy":"LABELER","labeledByUserId":6821,"acceptedByUserId":null,"rejectedByUserId":null,"layer":0,"counter":0,"status":"ACCEPTED","hashCode":"SPAN:eS2knCRgLegeRw8bcmSWA:0:13:0:45:0:13:0:46:8:0:undefined:undefined","labelName":"eS2knCRgLegeRw8bcmSWA","labelItem":{"id":"eS2knCRgLegeRw8bcmSWA","labelName":"Skill"},"textPosition":{"start":{"row":13,"column":0,"tokenIndex":45,"charIndex":0},"end":{"row":13,"column":0,"tokenIndex":46,"charIndex":8}},"confidenceScore":null},{"id":"1663132865","labeledBy":"LABELER","labeledByUserId":6821,"acceptedByUserId":null,"rejectedByUserId":null,"layer":0,"counter":0,"status":"ACCEPTED","hashCode":"SPAN:eS2knCRgLegeRw8bcmSWA:0:13:0:104:0:13:0:105:2:0:undefined:undefined","labelName":"eS2knCRgLegeRw8bcmSWA","labelItem":{"id":"eS2knCRgLegeRw8bcmSWA","labelName":"Skill"},"textPosition":{"start":{"row":13,"column":0,"tokenIndex":104,"charIndex":0},"end":{"row":13,"column":0,"tokenIndex":105,"charIndex":2}},"confidenceScore":null},{"id":"1663132856","labeledBy":"LABELER","labeledByUserId":6821,"acceptedByUserId":null,"rejectedByUserId":null,"layer":0,"counter":0,"status":"ACCEPTED","hashCode":"SPAN:eS2knCRgLegeRw8bcmSWA:0:13:0:111:0:13:0:111:13:0:undefined:undefined","labelName":"eS2knCRgLegeRw8bcmSWA","labelItem":{"id":"eS2knCRgLegeRw8bcmSWA","labelName":"Skill"},"textPosition":{"start":{"row":13,"column":0,"tokenIndex":111,"charIndex":0},"end":{"row":13,"column":0,"tokenIndex":111,"charIndex":13}},"confidenceScore":null},{"id":"1663132859","labeledBy":"LABELER","labeledByUserId":6821,"acceptedByUserId":null,"rejectedByUserId":null,"layer":0,"counter":0,"status":"ACCEPTED","hashCode":"SPAN:eS2knCRgLegeRw8bcmSWA:0:13:0:112:0:13:0:112:6:0:undefined:undefined","labelName":"eS2knCRgLegeRw8bcmSWA","labelItem":{"id":"eS2knCRgLegeRw8bcmSWA","labelName":"Skill"},"textPosition":{"start":{"row":13,"column":0,"tokenIndex":112,"charIndex":0},"end":{"row":13,"column":0,"tokenIndex":112,"charIndex":6}},"confidenceScore":null},{"id":"1663132868","labeledBy":"LABELER","labeledByUserId":6821,"acceptedByUserId":null,"rejectedByUserId":null,"layer":0,"counter":0,"status":"ACCEPTED","hashCode":"SPAN:eS2knCRgLegeRw8bcmSWA:0:13:0:115:0:13:0:116:5:0:undefined:undefined","labelName":"eS2knCRgLegeRw8bcmSWA","labelItem":{"id":"eS2knCRgLegeRw8bcmSWA","labelName":"Skill"},"textPosition":{"start":{"row":13,"column":0,"tokenIndex":115,"charIndex":0},"end":{"row":13,"column":0,"tokenIndex":116,"charIndex":5}},"confidenceScore":null},{"id":"1663132871","labeledBy":"LABELER","labeledByUserId":6821,"acceptedByUserId":null,"rejectedByUserId":null,"layer":0,"counter":0,"status":"ACCEPTED","hashCode":"SPAN:Kj5U6n9NUqTXuWcB3c_7L:0:13:0:120:0:13:0:121:6:0:undefined:undefined","labelName":"Kj5U6n9NUqTXuWcB3c_7L","labelItem":{"id":"Kj5U6n9NUqTXuWcB3c_7L","labelName":"College"},"textPosition":{"start":{"row":13,"column":0,"tokenIndex":120,"charIndex":0},"end":{"row":13,"column":0,"tokenIndex":121,"charIndex":6}},"confidenceScore":null},{"id":"1663132874","labeledBy":"LABELER","labeledByUserId":6821,"acceptedByUserId":null,"rejectedByUserId":null,"layer":0,"counter":0,"status":"ACCEPTED","hashCode":"SPAN:52S_6moRfhjC-yXgIBeCp:0:13:0:122:0:13:0:122:3:0:undefined:undefined","labelName":"52S_6moRfhjC-yXgIBeCp","labelItem":{"id":"52S_6moRfhjC-yXgIBeCp","labelName":"Date"},"textPosition":{"start":{"row":13,"column":0,"tokenIndex":122,"charIndex":0},"end":{"row":13,"column":0,"tokenIndex":122,"charIndex":3}},"confidenceScore":null},{"id":"1663132877","labeledBy":"LABELER","labeledByUserId":6821,"acceptedByUserId":null,"rejectedByUserId":null,"layer":0,"counter":0,"status":"ACCEPTED","hashCode":"SPAN:1R0C50AAwFbEp2O0WmRv6:0:13:0:127:0:13:0:127:1:0:undefined:undefined","labelName":"1R0C50AAwFbEp2O0WmRv6","labelItem":{"id":"1R0C50AAwFbEp2O0WmRv6","labelName":"Location"},"textPosition":{"start":{"row":13,"column":0,"tokenIndex":127,"charIndex":0},"end":{"row":13,"column":0,"tokenIndex":127,"charIndex":1}},"confidenceScore":null},{"id":"1663132880","labeledBy":"LABELER","labeledByUserId":6821,"acceptedByUserId":null,"rejectedByUserId":null,"layer":0,"counter":0,"status":"ACCEPTED","hashCode":"SPAN:Kj5U6n9NUqTXuWcB3c_7L:0:13:0:128:0:13:0:129:7:0:undefined:undefined","labelName":"Kj5U6n9NUqTXuWcB3c_7L","labelItem":{"id":"Kj5U6n9NUqTXuWcB3c_7L","labelName":"College"},"textPosition":{"start":{"row":13,"column":0,"tokenIndex":128,"charIndex":0},"end":{"row":13,"column":0,"tokenIndex":129,"charIndex":7}},"confidenceScore":null},{"id":"1663132886","labeledBy":"LABELER","labeledByUserId":6821,"acceptedByUserId":null,"rejectedByUserId":null,"layer":0,"counter":0,"status":"ACCEPTED","hashCode":"SPAN:1R0C50AAwFbEp2O0WmRv6:0:13:0:130:0:13:0:131:2:0:undefined:undefined","labelName":"1R0C50AAwFbEp2O0WmRv6","labelItem":{"id":"1R0C50AAwFbEp2O0WmRv6","labelName":"Location"},"textPosition":{"start":{"row":13,"column":0,"tokenIndex":130,"charIndex":0},"end":{"row":13,"column":0,"tokenIndex":131,"charIndex":2}},"confidenceScore":null},{"id":"1663396092","labeledBy":"LABELER","labeledByUserId":6821,"acceptedByUserId":null,"rejectedByUserId":null,"layer":0,"counter":0,"status":"ACCEPTED","hashCode":"SPAN:BjO8MdvK2KI4E5iMEeY4B:0:13:0:132:0:13:0:132:3:0:undefined:undefined","labelName":"BjO8MdvK2KI4E5iMEeY4B","labelItem":{"id":"BjO8MdvK2KI4E5iMEeY4B","labelName":"Graduation Year"},"textPosition":{"start":{"row":13,"column":0,"tokenIndex":132,"charIndex":0},"end":{"row":13,"column":0,"tokenIndex":132,"charIndex":3}},"confidenceScore":null},{"id":"1663132892","labeledBy":"LABELER","labeledByUserId":6821,"acceptedByUserId":null,"rejectedByUserId":null,"layer":0,"counter":0,"status":"ACCEPTED","hashCode":"SPAN:52S_6moRfhjC-yXgIBeCp:0:13:0:134:0:13:0:134:3:0:undefined:undefined","labelName":"52S_6moRfhjC-yXgIBeCp","labelItem":{"id":"52S_6moRfhjC-yXgIBeCp","labelName":"Date"},"textPosition":{"start":{"row":13,"column":0,"tokenIndex":134,"charIndex":0},"end":{"row":13,"column":0,"tokenIndex":134,"charIndex":3}},"confidenceScore":null},{"id":"1663132895","labeledBy":"LABELER","labeledByUserId":6821,"acceptedByUserId":null,"rejectedByUserId":null,"layer":0,"counter":0,"status":"ACCEPTED","hashCode":"SPAN:1R0C50AAwFbEp2O0WmRv6:0:13:0:135:0:13:0:135:9:0:undefined:undefined","labelName":"1R0C50AAwFbEp2O0WmRv6","labelItem":{"id":"1R0C50AAwFbEp2O0WmRv6","labelName":"Location"},"textPosition":{"start":{"row":13,"column":0,"tokenIndex":135,"charIndex":0},"end":{"row":13,"column":0,"tokenIndex":135,"charIndex":9}},"confidenceScore":null},{"id":"1663132898","labeledBy":"LABELER","labeledByUserId":6821,"acceptedByUserId":null,"rejectedByUserId":null,"layer":0,"counter":0,"status":"ACCEPTED","hashCode":"SPAN:Kj5U6n9NUqTXuWcB3c_7L:0:13:0:138:0:13:0:138:10:0:undefined:undefined","labelName":"Kj5U6n9NUqTXuWcB3c_7L","labelItem":{"id":"Kj5U6n9NUqTXuWcB3c_7L","labelName":"College"},"textPosition":{"start":{"row":13,"column":0,"tokenIndex":138,"charIndex":0},"end":{"row":13,"column":0,"tokenIndex":138,"charIndex":10}},"confidenceScore":null},{"id":"1663396095","labeledBy":"LABELER","labeledByUserId":6821,"acceptedByUserId":null,"rejectedByUserId":null,"layer":0,"counter":0,"status":"ACCEPTED","hashCode":"SPAN:BjO8MdvK2KI4E5iMEeY4B:0:13:0:139:0:13:0:139:3:0:undefined:undefined","labelName":"BjO8MdvK2KI4E5iMEeY4B","labelItem":{"id":"BjO8MdvK2KI4E5iMEeY4B","labelName":"Graduation Year"},"textPosition":{"start":{"row":13,"column":0,"tokenIndex":139,"charIndex":0},"end":{"row":13,"column":0,"tokenIndex":139,"charIndex":3}},"confidenceScore":null},{"id":"1663132904","labeledBy":"LABELER","labeledByUserId":6821,"acceptedByUserId":null,"rejectedByUserId":null,"layer":0,"counter":0,"status":"ACCEPTED","hashCode":"SPAN:IeEoIKabMl51BJE0gX2YL:0:13:0:140:0:13:0:142:3:0:undefined:undefined","labelName":"IeEoIKabMl51BJE0gX2YL","labelItem":{"id":"IeEoIKabMl51BJE0gX2YL","labelName":"Degree"},"textPosition":{"start":{"row":13,"column":0,"tokenIndex":140,"charIndex":0},"end":{"row":13,"column":0,"tokenIndex":142,"charIndex":3}},"confidenceScore":null},{"id":"1663132907","labeledBy":"LABELER","labeledByUserId":6821,"acceptedByUserId":null,"rejectedByUserId":null,"layer":0,"counter":0,"status":"ACCEPTED","hashCode":"SPAN:IeEoIKabMl51BJE0gX2YL:0:13:0:144:0:13:0:149:8:0:undefined:undefined","labelName":"IeEoIKabMl51BJE0gX2YL","labelItem":{"id":"IeEoIKabMl51BJE0gX2YL","labelName":"Degree"},"textPosition":{"start":{"row":13,"column":0,"tokenIndex":144,"charIndex":0},"end":{"row":13,"column":0,"tokenIndex":149,"charIndex":8}},"confidenceScore":null},{"id":"1663132910","labeledBy":"LABELER","labeledByUserId":6821,"acceptedByUserId":null,"rejectedByUserId":null,"layer":0,"counter":0,"status":"ACCEPTED","hashCode":"SPAN:1R0C50AAwFbEp2O0WmRv6:0:13:0:154:0:13:0:155:9:0:undefined:undefined","labelName":"1R0C50AAwFbEp2O0WmRv6","labelItem":{"id":"1R0C50AAwFbEp2O0WmRv6","labelName":"Location"},"textPosition":{"start":{"row":13,"column":0,"tokenIndex":154,"charIndex":0},"end":{"row":13,"column":0,"tokenIndex":155,"charIndex":9}},"confidenceScore":null},{"id":"1663132913","labeledBy":"LABELER","labeledByUserId":6821,"acceptedByUserId":null,"rejectedByUserId":null,"layer":0,"counter":0,"status":"ACCEPTED","hashCode":"SPAN:Kj5U6n9NUqTXuWcB3c_7L:0:13:0:158:0:13:0:158:11:0:undefined:undefined","labelName":"Kj5U6n9NUqTXuWcB3c_7L","labelItem":{"id":"Kj5U6n9NUqTXuWcB3c_7L","labelName":"College"},"textPosition":{"start":{"row":13,"column":0,"tokenIndex":158,"charIndex":0},"end":{"row":13,"column":0,"tokenIndex":158,"charIndex":11}},"confidenceScore":null},{"id":"1663132916","labeledBy":"LABELER","labeledByUserId":6821,"acceptedByUserId":null,"rejectedByUserId":null,"layer":0,"counter":0,"status":"ACCEPTED","hashCode":"SPAN:1R0C50AAwFbEp2O0WmRv6:0:13:0:159:0:13:0:159:2:0:undefined:undefined","labelName":"1R0C50AAwFbEp2O0WmRv6","labelItem":{"id":"1R0C50AAwFbEp2O0WmRv6","labelName":"Location"},"textPosition":{"start":{"row":13,"column":0,"tokenIndex":159,"charIndex":0},"end":{"row":13,"column":0,"tokenIndex":159,"charIndex":2}},"confidenceScore":null},{"id":"1663396098","labeledBy":"LABELER","labeledByUserId":6821,"acceptedByUserId":null,"rejectedByUserId":null,"layer":0,"counter":0,"status":"ACCEPTED","hashCode":"SPAN:BjO8MdvK2KI4E5iMEeY4B:0:13:0:160:0:13:0:160:8:0:undefined:undefined","labelName":"BjO8MdvK2KI4E5iMEeY4B","labelItem":{"id":"BjO8MdvK2KI4E5iMEeY4B","labelName":"Graduation Year"},"textPosition":{"start":{"row":13,"column":0,"tokenIndex":160,"charIndex":0},"end":{"row":13,"column":0,"tokenIndex":160,"charIndex":8}},"confidenceScore":null},{"id":"1663132922","labeledBy":"LABELER","labeledByUserId":6821,"acceptedByUserId":null,"rejectedByUserId":null,"layer":0,"counter":0,"status":"ACCEPTED","hashCode":"SPAN:IeEoIKabMl51BJE0gX2YL:0:13:0:161:0:13:0:169:6:0:undefined:undefined","labelName":"IeEoIKabMl51BJE0gX2YL","labelItem":{"id":"IeEoIKabMl51BJE0gX2YL","labelName":"Degree"},"textPosition":{"start":{"row":13,"column":0,"tokenIndex":161,"charIndex":0},"end":{"row":13,"column":0,"tokenIndex":169,"charIndex":6}},"confidenceScore":null},{"id":"1663132925","labeledBy":"LABELER","labeledByUserId":6821,"acceptedByUserId":null,"rejectedByUserId":null,"layer":0,"counter":0,"status":"ACCEPTED","hashCode":"SPAN:IeEoIKabMl51BJE0gX2YL:0:13:0:170:0:13:0:172:8:0:undefined:undefined","labelName":"IeEoIKabMl51BJE0gX2YL","labelItem":{"id":"IeEoIKabMl51BJE0gX2YL","labelName":"Degree"},"textPosition":{"start":{"row":13,"column":0,"tokenIndex":170,"charIndex":0},"end":{"row":13,"column":0,"tokenIndex":172,"charIndex":8}},"confidenceScore":null},{"id":"1663132928","labeledBy":"LABELER","labeledByUserId":6821,"acceptedByUserId":null,"rejectedByUserId":null,"layer":0,"counter":0,"status":"ACCEPTED","hashCode":"SPAN:eS2knCRgLegeRw8bcmSWA:0:13:0:175:0:13:0:175:11:0:undefined:undefined","labelName":"eS2knCRgLegeRw8bcmSWA","labelItem":{"id":"eS2knCRgLegeRw8bcmSWA","labelName":"Skill"},"textPosition":{"start":{"row":13,"column":0,"tokenIndex":175,"charIndex":0},"end":{"row":13,"column":0,"tokenIndex":175,"charIndex":11}},"confidenceScore":null},{"id":"1663132931","labeledBy":"LABELER","labeledByUserId":6821,"acceptedByUserId":null,"rejectedByUserId":null,"layer":0,"counter":0,"status":"ACCEPTED","hashCode":"SPAN:eS2knCRgLegeRw8bcmSWA:0:13:0:176:0:13:0:176:7:0:undefined:undefined","labelName":"eS2knCRgLegeRw8bcmSWA","labelItem":{"id":"eS2knCRgLegeRw8bcmSWA","labelName":"Skill"},"textPosition":{"start":{"row":13,"column":0,"tokenIndex":176,"charIndex":0},"end":{"row":13,"column":0,"tokenIndex":176,"charIndex":7}},"confidenceScore":null},{"id":"1663132934","labeledBy":"LABELER","labeledByUserId":6821,"acceptedByUserId":null,"rejectedByUserId":null,"layer":0,"counter":0,"status":"ACCEPTED","hashCode":"SPAN:eS2knCRgLegeRw8bcmSWA:0:13:0:177:0:13:0:177:6:0:undefined:undefined","labelName":"eS2knCRgLegeRw8bcmSWA","labelItem":{"id":"eS2knCRgLegeRw8bcmSWA","labelName":"Skill"},"textPosition":{"start":{"row":13,"column":0,"tokenIndex":177,"charIndex":0},"end":{"row":13,"column":0,"tokenIndex":177,"charIndex":6}},"confidenceScore":null},{"id":"1663132937","labeledBy":"LABELER","labeledByUserId":6821,"acceptedByUserId":null,"rejectedByUserId":null,"layer":0,"counter":0,"status":"ACCEPTED","hashCode":"SPAN:eS2knCRgLegeRw8bcmSWA:0:13:0:182:0:13:0:183:9:0:undefined:undefined","labelName":"eS2knCRgLegeRw8bcmSWA","labelItem":{"id":"eS2knCRgLegeRw8bcmSWA","labelName":"Skill"},"textPosition":{"start":{"row":13,"column":0,"tokenIndex":182,"charIndex":0},"end":{"row":13,"column":0,"tokenIndex":183,"charIndex":9}},"confidenceScore":null},{"id":"1663132940","labeledBy":"LABELER","labeledByUserId":6821,"acceptedByUserId":null,"rejectedByUserId":null,"layer":0,"counter":0,"status":"ACCEPTED","hashCode":"SPAN:eS2knCRgLegeRw8bcmSWA:0:13:0:184:0:13:0:184:8:0:undefined:undefined","labelName":"eS2knCRgLegeRw8bcmSWA","labelItem":{"id":"eS2knCRgLegeRw8bcmSWA","labelName":"Skill"},"textPosition":{"start":{"row":13,"column":0,"tokenIndex":184,"charIndex":0},"end":{"row":13,"column":0,"tokenIndex":184,"charIndex":8}},"confidenceScore":null},{"id":"1663132943","labeledBy":"LABELER","labeledByUserId":6821,"acceptedByUserId":null,"rejectedByUserId":null,"layer":0,"counter":0,"status":"ACCEPTED","hashCode":"SPAN:eS2knCRgLegeRw8bcmSWA:0:13:0:185:0:13:0:185:10:0:undefined:undefined","labelName":"eS2knCRgLegeRw8bcmSWA","labelItem":{"id":"eS2knCRgLegeRw8bcmSWA","labelName":"Skill"},"textPosition":{"start":{"row":13,"column":0,"tokenIndex":185,"charIndex":0},"end":{"row":13,"column":0,"tokenIndex":185,"charIndex":10}},"confidenceScore":null},{"id":"1663132946","labeledBy":"LABELER","labeledByUserId":6821,"acceptedByUserId":null,"rejectedByUserId":null,"layer":0,"counter":0,"status":"ACCEPTED","hashCode":"SPAN:eS2knCRgLegeRw8bcmSWA:0:13:0:187:0:13:0:190:7:0:undefined:undefined","labelName":"eS2knCRgLegeRw8bcmSWA","labelItem":{"id":"eS2knCRgLegeRw8bcmSWA","labelName":"Skill"},"textPosition":{"start":{"row":13,"column":0,"tokenIndex":187,"charIndex":0},"end":{"row":13,"column":0,"tokenIndex":190,"charIndex":7}},"confidenceScore":null},{"id":"1663132949","labeledBy":"LABELER","labeledByUserId":6821,"acceptedByUserId":null,"rejectedByUserId":null,"layer":0,"counter":0,"status":"ACCEPTED","hashCode":"SPAN:eS2knCRgLegeRw8bcmSWA:0:13:0:195:0:13:0:195:6:0:undefined:undefined","labelName":"eS2knCRgLegeRw8bcmSWA","labelItem":{"id":"eS2knCRgLegeRw8bcmSWA","labelName":"Skill"},"textPosition":{"start":{"row":13,"column":0,"tokenIndex":195,"charIndex":0},"end":{"row":13,"column":0,"tokenIndex":195,"charIndex":6}},"confidenceScore":null},{"id":"1663132952","labeledBy":"LABELER","labeledByUserId":6821,"acceptedByUserId":null,"rejectedByUserId":null,"layer":0,"counter":0,"status":"ACCEPTED","hashCode":"SPAN:eS2knCRgLegeRw8bcmSWA:0:13:0:197:0:13:0:197:10:0:undefined:undefined","labelName":"eS2knCRgLegeRw8bcmSWA","labelItem":{"id":"eS2knCRgLegeRw8bcmSWA","labelName":"Skill"},"textPosition":{"start":{"row":13,"column":0,"tokenIndex":197,"charIndex":0},"end":{"row":13,"column":0,"tokenIndex":197,"charIndex":10}},"confidenceScore":null},{"id":"1663132955","labeledBy":"LABELER","labeledByUserId":6821,"acceptedByUserId":null,"rejectedByUserId":null,"layer":0,"counter":0,"status":"ACCEPTED","hashCode":"SPAN:eS2knCRgLegeRw8bcmSWA:0:13:0:201:0:13:0:202:9:0:undefined:undefined","labelName":"eS2knCRgLegeRw8bcmSWA","labelItem":{"id":"eS2knCRgLegeRw8bcmSWA","labelName":"Skill"},"textPosition":{"start":{"row":13,"column":0,"tokenIndex":201,"charIndex":0},"end":{"row":13,"column":0,"tokenIndex":202,"charIndex":9}},"confidenceScore":null},{"id":"1663132958","labeledBy":"LABELER","labeledByUserId":6821,"acceptedByUserId":null,"rejectedByUserId":null,"layer":0,"counter":0,"status":"ACCEPTED","hashCode":"SPAN:eS2knCRgLegeRw8bcmSWA:0:13:0:203:0:13:0:204:11:0:undefined:undefined","labelName":"eS2knCRgLegeRw8bcmSWA","labelItem":{"id":"eS2knCRgLegeRw8bcmSWA","labelName":"Skill"},"textPosition":{"start":{"row":13,"column":0,"tokenIndex":203,"charIndex":0},"end":{"row":13,"column":0,"tokenIndex":204,"charIndex":11}},"confidenceScore":null},{"id":"1663132961","labeledBy":"LABELER","labeledByUserId":6821,"acceptedByUserId":null,"rejectedByUserId":null,"layer":0,"counter":0,"status":"ACCEPTED","hashCode":"SPAN:eS2knCRgLegeRw8bcmSWA:0:13:0:205:0:13:0:208:3:0:undefined:undefined","labelName":"eS2knCRgLegeRw8bcmSWA","labelItem":{"id":"eS2knCRgLegeRw8bcmSWA","labelName":"Skill"},"textPosition":{"start":{"row":13,"column":0,"tokenIndex":205,"charIndex":0},"end":{"row":13,"column":0,"tokenIndex":208,"charIndex":3}},"confidenceScore":null},{"id":"1663132964","labeledBy":"LABELER","labeledByUserId":6821,"acceptedByUserId":null,"rejectedByUserId":null,"layer":0,"counter":0,"status":"ACCEPTED","hashCode":"SPAN:52S_6moRfhjC-yXgIBeCp:0:13:0:217:0:13:0:217:3:0:undefined:undefined","labelName":"52S_6moRfhjC-yXgIBeCp","labelItem":{"id":"52S_6moRfhjC-yXgIBeCp","labelName":"Date"},"textPosition":{"start":{"row":13,"column":0,"tokenIndex":217,"charIndex":0},"end":{"row":13,"column":0,"tokenIndex":217,"charIndex":3}},"confidenceScore":null},{"id":"1663132973","labeledBy":"LABELER","labeledByUserId":6821,"acceptedByUserId":null,"rejectedByUserId":null,"layer":0,"counter":0,"status":"ACCEPTED","hashCode":"SPAN:1R0C50AAwFbEp2O0WmRv6:0:13:0:222:0:13:0:222:1:0:undefined:undefined","labelName":"1R0C50AAwFbEp2O0WmRv6","labelItem":{"id":"1R0C50AAwFbEp2O0WmRv6","labelName":"Location"},"textPosition":{"start":{"row":13,"column":0,"tokenIndex":222,"charIndex":0},"end":{"row":13,"column":0,"tokenIndex":222,"charIndex":1}},"confidenceScore":null},{"id":"1663132976","labeledBy":"LABELER","labeledByUserId":6821,"acceptedByUserId":null,"rejectedByUserId":null,"layer":0,"counter":0,"status":"ACCEPTED","hashCode":"SPAN:1R0C50AAwFbEp2O0WmRv6:0:13:0:227:0:13:0:229:2:0:undefined:undefined","labelName":"1R0C50AAwFbEp2O0WmRv6","labelItem":{"id":"1R0C50AAwFbEp2O0WmRv6","labelName":"Location"},"textPosition":{"start":{"row":13,"column":0,"tokenIndex":227,"charIndex":0},"end":{"row":13,"column":0,"tokenIndex":229,"charIndex":2}},"confidenceScore":null},{"id":"1663132970","labeledBy":"LABELER","labeledByUserId":6821,"acceptedByUserId":null,"rejectedByUserId":null,"layer":0,"counter":0,"status":"ACCEPTED","hashCode":"SPAN:52S_6moRfhjC-yXgIBeCp:0:13:0:230:0:13:0:230:8:0:undefined:undefined","labelName":"52S_6moRfhjC-yXgIBeCp","labelItem":{"id":"52S_6moRfhjC-yXgIBeCp","labelName":"Date"},"textPosition":{"start":{"row":13,"column":0,"tokenIndex":230,"charIndex":0},"end":{"row":13,"column":0,"tokenIndex":230,"charIndex":8}},"confidenceScore":null},{"id":"1663132979","labeledBy":"LABELER","labeledByUserId":6821,"acceptedByUserId":null,"rejectedByUserId":null,"layer":0,"counter":0,"status":"ACCEPTED","hashCode":"SPAN:eS2knCRgLegeRw8bcmSWA:0:13:0:237:0:13:0:239:9:0:undefined:undefined","labelName":"eS2knCRgLegeRw8bcmSWA","labelItem":{"id":"eS2knCRgLegeRw8bcmSWA","labelName":"Skill"},"textPosition":{"start":{"row":13,"column":0,"tokenIndex":237,"charIndex":0},"end":{"row":13,"column":0,"tokenIndex":239,"charIndex":9}},"confidenceScore":null},{"id":"1663132982","labeledBy":"LABELER","labeledByUserId":6821,"acceptedByUserId":null,"rejectedByUserId":null,"layer":0,"counter":0,"status":"ACCEPTED","hashCode":"SPAN:eS2knCRgLegeRw8bcmSWA:0:13:0:240:0:13:0:243:9:0:undefined:undefined","labelName":"eS2knCRgLegeRw8bcmSWA","labelItem":{"id":"eS2knCRgLegeRw8bcmSWA","labelName":"Skill"},"textPosition":{"start":{"row":13,"column":0,"tokenIndex":240,"charIndex":0},"end":{"row":13,"column":0,"tokenIndex":243,"charIndex":9}},"confidenceScore":null},{"id":"1663132985","labeledBy":"LABELER","labeledByUserId":6821,"acceptedByUserId":null,"rejectedByUserId":null,"layer":0,"counter":0,"status":"ACCEPTED","hashCode":"SPAN:eS2knCRgLegeRw8bcmSWA:0:13:0:244:0:13:0:245:9:0:undefined:undefined","labelName":"eS2knCRgLegeRw8bcmSWA","labelItem":{"id":"eS2knCRgLegeRw8bcmSWA","labelName":"Skill"},"textPosition":{"start":{"row":13,"column":0,"tokenIndex":244,"charIndex":0},"end":{"row":13,"column":0,"tokenIndex":245,"charIndex":9}},"confidenceScore":null},{"id":"1663132988","labeledBy":"LABELER","labeledByUserId":6821,"acceptedByUserId":null,"rejectedByUserId":null,"layer":0,"counter":0,"status":"ACCEPTED","hashCode":"SPAN:eS2knCRgLegeRw8bcmSWA:0:13:0:246:0:13:0:248:13:0:undefined:undefined","labelName":"eS2knCRgLegeRw8bcmSWA","labelItem":{"id":"eS2knCRgLegeRw8bcmSWA","labelName":"Skill"},"textPosition":{"start":{"row":13,"column":0,"tokenIndex":246,"charIndex":0},"end":{"row":13,"column":0,"tokenIndex":248,"charIndex":13}},"confidenceScore":null},{"id":"1663132991","labeledBy":"LABELER","labeledByUserId":6821,"acceptedByUserId":null,"rejectedByUserId":null,"layer":0,"counter":0,"status":"ACCEPTED","hashCode":"SPAN:Kj5U6n9NUqTXuWcB3c_7L:0:13:0:249:0:13:0:252:3:0:undefined:undefined","labelName":"Kj5U6n9NUqTXuWcB3c_7L","labelItem":{"id":"Kj5U6n9NUqTXuWcB3c_7L","labelName":"College"},"textPosition":{"start":{"row":13,"column":0,"tokenIndex":249,"charIndex":0},"end":{"row":13,"column":0,"tokenIndex":252,"charIndex":3}},"confidenceScore":null},{"id":"1663132994","labeledBy":"LABELER","labeledByUserId":6821,"acceptedByUserId":null,"rejectedByUserId":null,"layer":0,"counter":0,"status":"ACCEPTED","hashCode":"SPAN:Kj5U6n9NUqTXuWcB3c_7L:0:13:0:257:0:13:0:259:7:0:undefined:undefined","labelName":"Kj5U6n9NUqTXuWcB3c_7L","labelItem":{"id":"Kj5U6n9NUqTXuWcB3c_7L","labelName":"College"},"textPosition":{"start":{"row":13,"column":0,"tokenIndex":257,"charIndex":0},"end":{"row":13,"column":0,"tokenIndex":259,"charIndex":7}},"confidenceScore":null},{"id":"1663132997","labeledBy":"LABELER","labeledByUserId":6821,"acceptedByUserId":null,"rejectedByUserId":null,"layer":0,"counter":0,"status":"ACCEPTED","hashCode":"SPAN:1R0C50AAwFbEp2O0WmRv6:0:13:0:260:0:13:0:261:2:0:undefined:undefined","labelName":"1R0C50AAwFbEp2O0WmRv6","labelItem":{"id":"1R0C50AAwFbEp2O0WmRv6","labelName":"Location"},"textPosition":{"start":{"row":13,"column":0,"tokenIndex":260,"charIndex":0},"end":{"row":13,"column":0,"tokenIndex":261,"charIndex":2}},"confidenceScore":null},{"id":"1663396101","labeledBy":"LABELER","labeledByUserId":6821,"acceptedByUserId":null,"rejectedByUserId":null,"layer":0,"counter":0,"status":"ACCEPTED","hashCode":"SPAN:BjO8MdvK2KI4E5iMEeY4B:0:13:0:262:0:13:0:262:6:0:undefined:undefined","labelName":"BjO8MdvK2KI4E5iMEeY4B","labelItem":{"id":"BjO8MdvK2KI4E5iMEeY4B","labelName":"Graduation Year"},"textPosition":{"start":{"row":13,"column":0,"tokenIndex":262,"charIndex":0},"end":{"row":13,"column":0,"tokenIndex":262,"charIndex":6}},"confidenceScore":null},{"id":"1663133003","labeledBy":"LABELER","labeledByUserId":6821,"acceptedByUserId":null,"rejectedByUserId":null,"layer":0,"counter":0,"status":"ACCEPTED","hashCode":"SPAN:Kj5U6n9NUqTXuWcB3c_7L:0:13:0:263:0:13:0:265:6:0:undefined:undefined","labelName":"Kj5U6n9NUqTXuWcB3c_7L","labelItem":{"id":"Kj5U6n9NUqTXuWcB3c_7L","labelName":"College"},"textPosition":{"start":{"row":13,"column":0,"tokenIndex":263,"charIndex":0},"end":{"row":13,"column":0,"tokenIndex":265,"charIndex":6}},"confidenceScore":null},{"id":"1663133006","labeledBy":"LABELER","labeledByUserId":6821,"acceptedByUserId":null,"rejectedByUserId":null,"layer":0,"counter":0,"status":"ACCEPTED","hashCode":"SPAN:Kj5U6n9NUqTXuWcB3c_7L:0:13:0:271:0:13:0:273:7:0:undefined:undefined","labelName":"Kj5U6n9NUqTXuWcB3c_7L","labelItem":{"id":"Kj5U6n9NUqTXuWcB3c_7L","labelName":"College"},"textPosition":{"start":{"row":13,"column":0,"tokenIndex":271,"charIndex":0},"end":{"row":13,"column":0,"tokenIndex":273,"charIndex":7}},"confidenceScore":null},{"id":"1663133012","labeledBy":"LABELER","labeledByUserId":6821,"acceptedByUserId":null,"rejectedByUserId":null,"layer":0,"counter":0,"status":"ACCEPTED","hashCode":"SPAN:1R0C50AAwFbEp2O0WmRv6:0:13:0:274:0:13:0:276:2:0:undefined:undefined","labelName":"1R0C50AAwFbEp2O0WmRv6","labelItem":{"id":"1R0C50AAwFbEp2O0WmRv6","labelName":"Location"},"textPosition":{"start":{"row":13,"column":0,"tokenIndex":274,"charIndex":0},"end":{"row":13,"column":0,"tokenIndex":276,"charIndex":2}},"confidenceScore":null},{"id":"1663133015","labeledBy":"LABELER","labeledByUserId":6821,"acceptedByUserId":null,"rejectedByUserId":null,"layer":0,"counter":0,"status":"ACCEPTED","hashCode":"SPAN:52S_6moRfhjC-yXgIBeCp:0:13:0:277:0:13:0:277:6:0:undefined:undefined","labelName":"52S_6moRfhjC-yXgIBeCp","labelItem":{"id":"52S_6moRfhjC-yXgIBeCp","labelName":"Date"},"textPosition":{"start":{"row":13,"column":0,"tokenIndex":277,"charIndex":0},"end":{"row":13,"column":0,"tokenIndex":277,"charIndex":6}},"confidenceScore":null},{"id":"1663133018","labeledBy":"LABELER","labeledByUserId":6821,"acceptedByUserId":null,"rejectedByUserId":null,"layer":0,"counter":0,"status":"ACCEPTED","hashCode":"SPAN:eS2knCRgLegeRw8bcmSWA:0:13:0:293:0:13:0:295:8:0:undefined:undefined","labelName":"eS2knCRgLegeRw8bcmSWA","labelItem":{"id":"eS2knCRgLegeRw8bcmSWA","labelName":"Skill"},"textPosition":{"start":{"row":13,"column":0,"tokenIndex":293,"charIndex":0},"end":{"row":13,"column":0,"tokenIndex":295,"charIndex":8}},"confidenceScore":null},{"id":"1663133021","labeledBy":"LABELER","labeledByUserId":6821,"acceptedByUserId":null,"rejectedByUserId":null,"layer":0,"counter":0,"status":"ACCEPTED","hashCode":"SPAN:eS2knCRgLegeRw8bcmSWA:0:13:0:300:0:13:0:303:2:0:undefined:undefined","labelName":"eS2knCRgLegeRw8bcmSWA","labelItem":{"id":"eS2knCRgLegeRw8bcmSWA","labelName":"Skill"},"textPosition":{"start":{"row":13,"column":0,"tokenIndex":300,"charIndex":0},"end":{"row":13,"column":0,"tokenIndex":303,"charIndex":2}},"confidenceScore":null},{"id":"1663133024","labeledBy":"LABELER","labeledByUserId":6821,"acceptedByUserId":null,"rejectedByUserId":null,"layer":0,"counter":0,"status":"ACCEPTED","hashCode":"SPAN:eS2knCRgLegeRw8bcmSWA:0:13:0:309:0:13:0:310:10:0:undefined:undefined","labelName":"eS2knCRgLegeRw8bcmSWA","labelItem":{"id":"eS2knCRgLegeRw8bcmSWA","labelName":"Skill"},"textPosition":{"start":{"row":13,"column":0,"tokenIndex":309,"charIndex":0},"end":{"row":13,"column":0,"tokenIndex":310,"charIndex":10}},"confidenceScore":null},{"id":"1663133027","labeledBy":"LABELER","labeledByUserId":6821,"acceptedByUserId":null,"rejectedByUserId":null,"layer":0,"counter":0,"status":"ACCEPTED","hashCode":"SPAN:eS2knCRgLegeRw8bcmSWA:0:13:0:320:0:13:0:325:6:0:undefined:undefined","labelName":"eS2knCRgLegeRw8bcmSWA","labelItem":{"id":"eS2knCRgLegeRw8bcmSWA","labelName":"Skill"},"textPosition":{"start":{"row":13,"column":0,"tokenIndex":320,"charIndex":0},"end":{"row":13,"column":0,"tokenIndex":325,"charIndex":6}},"confidenceScore":null},{"id":"1663133030","labeledBy":"LABELER","labeledByUserId":6821,"acceptedByUserId":null,"rejectedByUserId":null,"layer":0,"counter":0,"status":"ACCEPTED","hashCode":"SPAN:eS2knCRgLegeRw8bcmSWA:0:13:0:337:0:13:0:337:8:0:undefined:undefined","labelName":"eS2knCRgLegeRw8bcmSWA","labelItem":{"id":"eS2knCRgLegeRw8bcmSWA","labelName":"Skill"},"textPosition":{"start":{"row":13,"column":0,"tokenIndex":337,"charIndex":0},"end":{"row":13,"column":0,"tokenIndex":337,"charIndex":8}},"confidenceScore":null},{"id":"1663133033","labeledBy":"LABELER","labeledByUserId":6821,"acceptedByUserId":null,"rejectedByUserId":null,"layer":0,"counter":0,"status":"ACCEPTED","hashCode":"SPAN:eS2knCRgLegeRw8bcmSWA:0:13:0:338:0:13:0:338:8:0:undefined:undefined","labelName":"eS2knCRgLegeRw8bcmSWA","labelItem":{"id":"eS2knCRgLegeRw8bcmSWA","labelName":"Skill"},"textPosition":{"start":{"row":13,"column":0,"tokenIndex":338,"charIndex":0},"end":{"row":13,"column":0,"tokenIndex":338,"charIndex":8}},"confidenceScore":null},{"id":"1663133036","labeledBy":"LABELER","labeledByUserId":6821,"acceptedByUserId":null,"rejectedByUserId":null,"layer":0,"counter":0,"status":"ACCEPTED","hashCode":"SPAN:eS2knCRgLegeRw8bcmSWA:0:13:0:339:0:13:0:339:8:0:undefined:undefined","labelName":"eS2knCRgLegeRw8bcmSWA","labelItem":{"id":"eS2knCRgLegeRw8bcmSWA","labelName":"Skill"},"textPosition":{"start":{"row":13,"column":0,"tokenIndex":339,"charIndex":0},"end":{"row":13,"column":0,"tokenIndex":339,"charIndex":8}},"confidenceScore":null},{"id":"1663133039","labeledBy":"LABELER","labeledByUserId":6821,"acceptedByUserId":null,"rejectedByUserId":null,"layer":0,"counter":0,"status":"ACCEPTED","hashCode":"SPAN:eS2knCRgLegeRw8bcmSWA:0:13:0:340:0:13:0:340:8:0:undefined:undefined","labelName":"eS2knCRgLegeRw8bcmSWA","labelItem":{"id":"eS2knCRgLegeRw8bcmSWA","labelName":"Skill"},"textPosition":{"start":{"row":13,"column":0,"tokenIndex":340,"charIndex":0},"end":{"row":13,"column":0,"tokenIndex":340,"charIndex":8}},"confidenceScore":null},{"id":"1663133042","labeledBy":"LABELER","labeledByUserId":6821,"acceptedByUserId":null,"rejectedByUserId":null,"layer":0,"counter":0,"status":"ACCEPTED","hashCode":"SPAN:eS2knCRgLegeRw8bcmSWA:0:13:0:341:0:13:0:341:6:0:undefined:undefined","labelName":"eS2knCRgLegeRw8bcmSWA","labelItem":{"id":"eS2knCRgLegeRw8bcmSWA","labelName":"Skill"},"textPosition":{"start":{"row":13,"column":0,"tokenIndex":341,"charIndex":0},"end":{"row":13,"column":0,"tokenIndex":341,"charIndex":6}},"confidenceScore":null},{"id":"1663133045","labeledBy":"LABELER","labeledByUserId":6821,"acceptedByUserId":null,"rejectedByUserId":null,"layer":0,"counter":0,"status":"ACCEPTED","hashCode":"SPAN:eS2knCRgLegeRw8bcmSWA:0:13:0:342:0:13:0:342:5:0:undefined:undefined","labelName":"eS2knCRgLegeRw8bcmSWA","labelItem":{"id":"eS2knCRgLegeRw8bcmSWA","labelName":"Skill"},"textPosition":{"start":{"row":13,"column":0,"tokenIndex":342,"charIndex":0},"end":{"row":13,"column":0,"tokenIndex":342,"charIndex":5}},"confidenceScore":null},{"id":"1663133048","labeledBy":"LABELER","labeledByUserId":6821,"acceptedByUserId":null,"rejectedByUserId":null,"layer":0,"counter":0,"status":"ACCEPTED","hashCode":"SPAN:eS2knCRgLegeRw8bcmSWA:0:13:0:349:0:13:0:349:7:0:undefined:undefined","labelName":"eS2knCRgLegeRw8bcmSWA","labelItem":{"id":"eS2knCRgLegeRw8bcmSWA","labelName":"Skill"},"textPosition":{"start":{"row":13,"column":0,"tokenIndex":349,"charIndex":0},"end":{"row":13,"column":0,"tokenIndex":349,"charIndex":7}},"confidenceScore":null},{"id":"1663133051","labeledBy":"LABELER","labeledByUserId":6821,"acceptedByUserId":null,"rejectedByUserId":null,"layer":0,"counter":0,"status":"ACCEPTED","hashCode":"SPAN:eS2knCRgLegeRw8bcmSWA:0:13:0:350:0:13:0:350:9:0:undefined:undefined","labelName":"eS2knCRgLegeRw8bcmSWA","labelItem":{"id":"eS2knCRgLegeRw8bcmSWA","labelName":"Skill"},"textPosition":{"start":{"row":13,"column":0,"tokenIndex":350,"charIndex":0},"end":{"row":13,"column":0,"tokenIndex":350,"charIndex":9}},"confidenceScore":null},{"id":"1663133054","labeledBy":"LABELER","labeledByUserId":6821,"acceptedByUserId":null,"rejectedByUserId":null,"layer":0,"counter":0,"status":"ACCEPTED","hashCode":"SPAN:eS2knCRgLegeRw8bcmSWA:0:13:0:351:0:13:0:351:11:0:undefined:undefined","labelName":"eS2knCRgLegeRw8bcmSWA","labelItem":{"id":"eS2knCRgLegeRw8bcmSWA","labelName":"Skill"},"textPosition":{"start":{"row":13,"column":0,"tokenIndex":351,"charIndex":0},"end":{"row":13,"column":0,"tokenIndex":351,"charIndex":11}},"confidenceScore":null},{"id":"1663133057","labeledBy":"LABELER","labeledByUserId":6821,"acceptedByUserId":null,"rejectedByUserId":null,"layer":0,"counter":0,"status":"ACCEPTED","hashCode":"SPAN:eS2knCRgLegeRw8bcmSWA:0:13:0:352:0:13:0:353:4:0:undefined:undefined","labelName":"eS2knCRgLegeRw8bcmSWA","labelItem":{"id":"eS2knCRgLegeRw8bcmSWA","labelName":"Skill"},"textPosition":{"start":{"row":13,"column":0,"tokenIndex":352,"charIndex":0},"end":{"row":13,"column":0,"tokenIndex":353,"charIndex":4}},"confidenceScore":null},{"id":"1663133060","labeledBy":"LABELER","labeledByUserId":6821,"acceptedByUserId":null,"rejectedByUserId":null,"layer":0,"counter":0,"status":"ACCEPTED","hashCode":"SPAN:eS2knCRgLegeRw8bcmSWA:0:13:0:354:0:13:0:355:3:0:undefined:undefined","labelName":"eS2knCRgLegeRw8bcmSWA","labelItem":{"id":"eS2knCRgLegeRw8bcmSWA","labelName":"Skill"},"textPosition":{"start":{"row":13,"column":0,"tokenIndex":354,"charIndex":0},"end":{"row":13,"column":0,"tokenIndex":355,"charIndex":3}},"confidenceScore":null},{"id":"1663133063","labeledBy":"LABELER","labeledByUserId":6821,"acceptedByUserId":null,"rejectedByUserId":null,"layer":0,"counter":0,"status":"ACCEPTED","hashCode":"SPAN:eS2knCRgLegeRw8bcmSWA:0:13:0:356:0:13:0:356:3:0:undefined:undefined","labelName":"eS2knCRgLegeRw8bcmSWA","labelItem":{"id":"eS2knCRgLegeRw8bcmSWA","labelName":"Skill"},"textPosition":{"start":{"row":13,"column":0,"tokenIndex":356,"charIndex":0},"end":{"row":13,"column":0,"tokenIndex":356,"charIndex":3}},"confidenceScore":null},{"id":"1663133066","labeledBy":"LABELER","labeledByUserId":6821,"acceptedByUserId":null,"rejectedByUserId":null,"layer":0,"counter":0,"status":"ACCEPTED","hashCode":"SPAN:eS2knCRgLegeRw8bcmSWA:0:13:0:357:0:13:0:360:3:0:undefined:undefined","labelName":"eS2knCRgLegeRw8bcmSWA","labelItem":{"id":"eS2knCRgLegeRw8bcmSWA","labelName":"Skill"},"textPosition":{"start":{"row":13,"column":0,"tokenIndex":357,"charIndex":0},"end":{"row":13,"column":0,"tokenIndex":360,"charIndex":3}},"confidenceScore":null},{"id":"1663133069","labeledBy":"LABELER","labeledByUserId":6821,"acceptedByUserId":null,"rejectedByUserId":null,"layer":0,"counter":0,"status":"ACCEPTED","hashCode":"SPAN:eS2knCRgLegeRw8bcmSWA:0:13:0:361:0:13:0:361:5:0:undefined:undefined","labelName":"eS2knCRgLegeRw8bcmSWA","labelItem":{"id":"eS2knCRgLegeRw8bcmSWA","labelName":"Skill"},"textPosition":{"start":{"row":13,"column":0,"tokenIndex":361,"charIndex":0},"end":{"row":13,"column":0,"tokenIndex":361,"charIndex":5}},"confidenceScore":null}],"arrowLabels":[],"boundingBoxLabels":[],"timeLabels":[],"comments":[],"url":"datasaur://static/6814/d4933371-f8d8-4533-bb5f-58ad5e1b42c6.txt"}}
