{"version":"1","data":{"project":{"id":"ODBjYmQ2MDg","name":"NLP SSM Final Project"},"document":{"id":"3e6c4e8c-5602-434b-90b8-81f877de37b6","name":"resume_1180_d1.txt"},"kinds":["TOKEN_BASED"],"rows":[[{"content":"CONSULTANT Career Overview More than 6 years of experience in Manufacturing & Distributions environments, including 4 years in Oracle manufacturing and Distributions applications.","tokens":["CONSULTANT","Career","Overview","More","than","6","years","of","experience","in","Manufacturing","&","Distributions","environments,","including","4","years","in","Oracle","manufacturing","and","Distributions","applications."],"metadata":[]}],[{"content":"Implemented 5 full cycle oracle implementation projects, Experienced in customizing, developing and configuring Oracle Applications in the modules of Supply Chain and Manufacturing.","tokens":["Implemented","5","full","cycle","oracle","implementation","projects,","Experienced","in","customizing,","developing","and","configuring","Oracle","Applications","in","the","modules","of","Supply","Chain","and","Manufacturing."],"metadata":[]}],[{"content":"Implemented Oracle EDI for the Sales Order entry and Warehouse Operations for the customer and Designed custom interfaces for PLM tools to communicate with oracle Item master.","tokens":["Implemented","Oracle","EDI","for","the","Sales","Order","entry","and","Warehouse","Operations","for","the","customer","and","Designed","custom","interfaces","for","PLM","tools","to","communicate","with","oracle","Item","master."],"metadata":[]}],[{"content":"Experience in requirements gathering, gap analysis, business process redesign and mapping, testing and user training, documentation of activities, processes, test scripts and client interaction.","tokens":["Experience","in","requirements","gathering,","gap","analysis,","business","process","redesign","and","mapping,","testing","and","user","training,","documentation","of","activities,","processes,","test","scripts","and","client","interaction."],"metadata":[]}],[{"content":"Sound communication skills, result oriented, open to learning new technologies, experience in working under pressure and in fast pace as a team leader and as a team player.","tokens":["Sound","communication","skills,","result","oriented,","open","to","learning","new","technologies,","experience","in","working","under","pressure","and","in","fast","pace","as","a","team","leader","and","as","a","team","player."],"metadata":[]}],[{"content":"Well - traveled and posses a clear and definitive understanding of the regional business ethics, culture and decorum so as to maintain a harmonious balance.","tokens":["Well","-","traveled","and","posses","a","clear","and","definitive","understanding","of","the","regional","business","ethics,","culture","and","decorum","so","as","to","maintain","a","harmonious","balance."],"metadata":[]}],[{"content":"Skills Applications : R12 and 11i Modules : Inventory (INV), Bill of Materials (BOM), Work in Process (WIP), Engineering (ENG), Order Management (OM), Purchasing (PO), Oracle EDI Gateway, Shipping Execution, System Administration, Material Requirement Planning (MRP), iProcurement, Quality(QA), Approval Management (AME), Oracle Endeca.","tokens":["Skills","Applications",":","R12","and","11i","Modules",":","Inventory","(INV),","Bill","of","Materials","(BOM),","Work","in","Process","(WIP),","Engineering","(ENG),","Order","Management","(OM),","Purchasing","(PO),","Oracle","EDI","Gateway,","Shipping","Execution,","System","Administration,","Material","Requirement","Planning","(MRP),","iProcurement,","Quality(QA),","Approval","Management","(AME),","Oracle","Endeca."],"metadata":[]}],[{"content":"Tools/Language : Toad, Data Load, Visio, SQL, SQL Developer, MS Office Suite.","tokens":["Tools/Language",":","Toad,","Data","Load,","Visio,","SQL,","SQL","Developer,","MS","Office","Suite."],"metadata":[]}],[{"content":"Work Experience Consultant , 02/2016 － Current Company Name － City , State Worked on solution design and setup of Inventory, Work in Process, QA, Purchasing & Order Management as per the client requirements and suggested business process changes.","tokens":["Work","Experience","Consultant",",","02/2016","－","Current","Company","Name","－","City",",","State","Worked","on","solution","design","and","setup","of","Inventory,","Work","in","Process,","QA,","Purchasing","&","Order","Management","as","per","the","client","requirements","and","suggested","business","process","changes."],"metadata":[]}],[{"content":"Implemented Oracle EDI for Sales Order entry, booking and acknowledgment for customer orders received through third party systems.","tokens":["Implemented","Oracle","EDI","for","Sales","Order","entry,","booking","and","acknowledgment","for","customer","orders","received","through","third","party","systems."],"metadata":[]}],[{"content":"Implemented Oracle E-Signatures and E-records to maintain Quality data books of every manufactured assembly, reducing gaps and saving costs.","tokens":["Implemented","Oracle","E-Signatures","and","E-records","to","maintain","Quality","data","books","of","every","manufactured","assembly,","reducing","gaps","and","saving","costs."],"metadata":[]}],[{"content":"Designed, documented and executed all SCM modules for 3 implementations in North American region.","tokens":["Designed,","documented","and","executed","all","SCM","modules","for","3","implementations","in","North","American","region."],"metadata":[]}],[{"content":"Resolved functional issues related to Oracle Manufacturing and distribution during implementation.","tokens":["Resolved","functional","issues","related","to","Oracle","Manufacturing","and","distribution","during","implementation."],"metadata":[]}],[{"content":"Prepared training documents and assisted in user training in WIP, OM & PO modules.","tokens":["Prepared","training","documents","and","assisted","in","user","training","in","WIP,","OM","&","PO","modules."],"metadata":[]}],[{"content":"Worked on data conversion strategy from legacy systems to Oracle E-business suite R12.","tokens":["Worked","on","data","conversion","strategy","from","legacy","systems","to","Oracle","E-business","suite","R12."],"metadata":[]}],[{"content":"Consultant , 08/2013 － 01/2016 Company Name － City , State Implemented oracle supply chain modules for a major Oil & Gas manufacturing company in Australia, Canada, China, Romania and UK as part of their global roll out to Oracle.","tokens":["Consultant",",","08/2013","－","01/2016","Company","Name","－","City",",","State","Implemented","oracle","supply","chain","modules","for","a","major","Oil","&","Gas","manufacturing","company","in","Australia,","Canada,","China,","Romania","and","UK","as","part","of","their","global","roll","out","to","Oracle."],"metadata":[]}],[{"content":"Simplified their overhaul and repair process by implementing a custom solution that reduces user's time on the system as well as resulting a more organized shop floor.","tokens":["Simplified","their","overhaul","and","repair","process","by","implementing","a","custom","solution","that","reduces","user's","time","on","the","system","as","well","as","resulting","a","more","organized","shop","floor."],"metadata":[]}],[{"content":"Implemented Oracle EDI for Sales Order Pick release and shipping transactions based on information received from third party systems in Warehouse.","tokens":["Implemented","Oracle","EDI","for","Sales","Order","Pick","release","and","shipping","transactions","based","on","information","received","from","third","party","systems","in","Warehouse."],"metadata":[]}],[{"content":"Worked on data conversion issues from Legacy systems to Oracle.","tokens":["Worked","on","data","conversion","issues","from","Legacy","systems","to","Oracle."],"metadata":[]}],[{"content":"Developed custom reports for customer facing documents as well as internal documentation.","tokens":["Developed","custom","reports","for","customer","facing","documents","as","well","as","internal","documentation."],"metadata":[]}],[{"content":"Enhanced a custom interface between a PLM tool(ePIMS) and oracle.","tokens":["Enhanced","a","custom","interface","between","a","PLM","tool(ePIMS)","and","oracle."],"metadata":[]}],[{"content":"Documented setups, customizations and training manuals.","tokens":["Documented","setups,","customizations","and","training","manuals."],"metadata":[]}],[{"content":"Trained users in different regions of the world on all supply chain modules and cMRO.","tokens":["Trained","users","in","different","regions","of","the","world","on","all","supply","chain","modules","and","cMRO."],"metadata":[]}],[{"content":"Implemented Oracle Endeca and worked on client demos for various customers.","tokens":["Implemented","Oracle","Endeca","and","worked","on","client","demos","for","various","customers."],"metadata":[]}],[{"content":"Developed best business process blueprint that suits the client's multi industry business by studying their business process in each vertical.","tokens":["Developed","best","business","process","blueprint","that","suits","the","client's","multi","industry","business","by","studying","their","business","process","in","each","vertical."],"metadata":[]}],[{"content":"Student Partner , 08/2010 － 07/2013 Company Name － City , State Brought awareness on latest Microsoft's technologies to more than 5000 students and faculty.","tokens":["Student","Partner",",","08/2010","－","07/2013","Company","Name","－","City",",","State","Brought","awareness","on","latest","Microsoft's","technologies","to","more","than","5000","students","and","faculty."],"metadata":[]}],[{"content":"Increased the number of developers on Microsoft store by collaborating with various universities and developer groups.","tokens":["Increased","the","number","of","developers","on","Microsoft","store","by","collaborating","with","various","universities","and","developer","groups."],"metadata":[]}],[{"content":"Designed Lazy chef- A windows store app during the launch of Windows 8.","tokens":["Designed","Lazy","chef-","A","windows","store","app","during","the","launch","of","Windows","8."],"metadata":[]}],[{"content":"Pitched a windows app idea that got me to meet and present it to Steve Balmer, CEO of Microsoft then.","tokens":["Pitched","a","windows","app","idea","that","got","me","to","meet","and","present","it","to","Steve","Balmer,","CEO","of","Microsoft","then."],"metadata":[]}],[{"content":"Manager , 03/2011 － 08/2013 Company Name － City , State Built the startup from the scratch to making a revenue of 2 Million rupees an year.","tokens":["Manager",",","03/2011","－","08/2013","Company","Name","－","City",",","State","Built","the","startup","from","the","scratch","to","making","a","revenue","of","2","Million","rupees","an","year."],"metadata":[]}],[{"content":"Trained more than 10000 participants in the streams of Robotics, embedded systems and application development.","tokens":["Trained","more","than","10000","participants","in","the","streams","of","Robotics,","embedded","systems","and","application","development."],"metadata":[]}],[{"content":"Worked with Orient Blackswan in making a textbook for students of various universities on presentation skills.","tokens":["Worked","with","Orient","Blackswan","in","making","a","textbook","for","students","of","various","universities","on","presentation","skills."],"metadata":[]}],[{"content":"Accomplishments Leadership Served as manager for a robotics startup, training more than 10000 participants.","tokens":["Accomplishments","Leadership","Served","as","manager","for","a","robotics","startup,","training","more","than","10000","participants."],"metadata":[]}],[{"content":"Represented India as a youth ambassador at Seoul, South Korea.","tokens":["Represented","India","as","a","youth","ambassador","at","Seoul,","South","Korea."],"metadata":[]}],[{"content":"Operational Management Implemented one of a kind E-Signature process for quality documentation in large scale manufacturing, reducing costs and gaps in process.","tokens":["Operational","Management","Implemented","one","of","a","kind","E-Signature","process","for","quality","documentation","in","large","scale","manufacturing,","reducing","costs","and","gaps","in","process."],"metadata":[]}],[{"content":"Generating MM$ business impact.","tokens":["Generating","MM$","business","impact."],"metadata":[]}],[{"content":"Transitioned a large group of developers and consumers to Microsoft's products and platform as a microsoft student partner for 3 years.","tokens":["Transitioned","a","large","group","of","developers","and","consumers","to","Microsoft's","products","and","platform","as","a","microsoft","student","partner","for","3","years."],"metadata":[]}],[{"content":"Education and Training 2013 Andhra University College of Engineering － City , State , India Bachelor of Technology Instrumentation Engineering 3.4 GPA Started National Service Scheme and was an active member.","tokens":["Education","and","Training","2013","Andhra","University","College","of","Engineering","－","City",",","State",",","India","Bachelor","of","Technology","Instrumentation","Engineering","3.4","GPA","Started","National","Service","Scheme","and","was","an","active","member."],"metadata":[]}],[{"content":"Personal Information Place of Birth: Vijayanagaram, India Date of Birth: 14th of May, 1992 Present Residence: Houston, Texas Sex: Male Status: Single Hobbies: International Travel, Hiking, Mountaineering.","tokens":["Personal","Information","Place","of","Birth:","Vijayanagaram,","India","Date","of","Birth:","14th","of","May,","1992","Present","Residence:","Houston,","Texas","Sex:","Male","Status:","Single","Hobbies:","International","Travel,","Hiking,","Mountaineering."],"metadata":[]}],[{"content":"Languages: English, Telugu and Hindi","tokens":["Languages:","English,","Telugu","and","Hindi"],"metadata":[]}]],"labelerInfo":{"id":6821,"email":"tli94@jh.edu","displayName":"Thomas Li"},"labelSets":[{"name":"Resume Labels","index":0,"labelItems":[{"id":"Kj5U6n9NUqTXuWcB3c_7L","labelName":"College"},{"id":"rj7TW0-ymuRo6f_asXJab","labelName":"Company Name"},{"id":"SJEkdao76hjwbb6Fh5SY6","labelName":"Job Title"},{"id":"BjO8MdvK2KI4E5iMEeY4B","labelName":"Graduation Year"},{"id":"eS2knCRgLegeRw8bcmSWA","labelName":"Skill"},{"id":"IeEoIKabMl51BJE0gX2YL","labelName":"Degree"},{"id":"1R0C50AAwFbEp2O0WmRv6","labelName":"Location"},{"id":"zQcc4ygexJ_A3Gb0NeRTk","labelName":"Years of Experience"},{"id":"52S_6moRfhjC-yXgIBeCp","labelName":"Date"},{"id":"KiLarWmwlU1E3-FfdG6Qg","labelName":"Project"},{"id":"dyxKKTAxW1z5ifjPj42BI","labelName":"Name"}]}],"spanLabels":[{"id":"1663413522","labeledBy":"LABELER","labeledByUserId":6821,"acceptedByUserId":null,"rejectedByUserId":null,"layer":0,"counter":0,"status":"ACCEPTED","hashCode":"SPAN:SJEkdao76hjwbb6Fh5SY6:0:0:0:0:0:0:0:0:9:0:undefined:undefined","labelName":"SJEkdao76hjwbb6Fh5SY6","labelItem":{"id":"SJEkdao76hjwbb6Fh5SY6","labelName":"Job Title"},"textPosition":{"start":{"row":0,"column":0,"tokenIndex":0,"charIndex":0},"end":{"row":0,"column":0,"tokenIndex":0,"charIndex":9}},"confidenceScore":null},{"id":"1663413534","labeledBy":"LABELER","labeledByUserId":6821,"acceptedByUserId":null,"rejectedByUserId":null,"layer":0,"counter":0,"status":"ACCEPTED","hashCode":"SPAN:zQcc4ygexJ_A3Gb0NeRTk:0:0:0:5:0:0:0:6:4:0:undefined:undefined","labelName":"zQcc4ygexJ_A3Gb0NeRTk","labelItem":{"id":"zQcc4ygexJ_A3Gb0NeRTk","labelName":"Years of Experience"},"textPosition":{"start":{"row":0,"column":0,"tokenIndex":5,"charIndex":0},"end":{"row":0,"column":0,"tokenIndex":6,"charIndex":4}},"confidenceScore":null},{"id":"1663413540","labeledBy":"LABELER","labeledByUserId":6821,"acceptedByUserId":null,"rejectedByUserId":null,"layer":0,"counter":0,"status":"ACCEPTED","hashCode":"SPAN:eS2knCRgLegeRw8bcmSWA:0:0:0:10:0:0:0:12:12:0:undefined:undefined","labelName":"eS2knCRgLegeRw8bcmSWA","labelItem":{"id":"eS2knCRgLegeRw8bcmSWA","labelName":"Skill"},"textPosition":{"start":{"row":0,"column":0,"tokenIndex":10,"charIndex":0},"end":{"row":0,"column":0,"tokenIndex":12,"charIndex":12}},"confidenceScore":null},{"id":"1663413552","labeledBy":"LABELER","labeledByUserId":6821,"acceptedByUserId":null,"rejectedByUserId":null,"layer":0,"counter":0,"status":"ACCEPTED","hashCode":"SPAN:zQcc4ygexJ_A3Gb0NeRTk:0:0:0:15:0:0:0:16:4:0:undefined:undefined","labelName":"zQcc4ygexJ_A3Gb0NeRTk","labelItem":{"id":"zQcc4ygexJ_A3Gb0NeRTk","labelName":"Years of Experience"},"textPosition":{"start":{"row":0,"column":0,"tokenIndex":15,"charIndex":0},"end":{"row":0,"column":0,"tokenIndex":16,"charIndex":4}},"confidenceScore":null},{"id":"1663413558","labeledBy":"LABELER","labeledByUserId":6821,"acceptedByUserId":null,"rejectedByUserId":null,"layer":0,"counter":0,"status":"ACCEPTED","hashCode":"SPAN:eS2knCRgLegeRw8bcmSWA:0:0:0:18:0:0:0:19:12:0:undefined:undefined","labelName":"eS2knCRgLegeRw8bcmSWA","labelItem":{"id":"eS2knCRgLegeRw8bcmSWA","labelName":"Skill"},"textPosition":{"start":{"row":0,"column":0,"tokenIndex":18,"charIndex":0},"end":{"row":0,"column":0,"tokenIndex":19,"charIndex":12}},"confidenceScore":null},{"id":"1663413561","labeledBy":"LABELER","labeledByUserId":6821,"acceptedByUserId":null,"rejectedByUserId":null,"layer":0,"counter":0,"status":"ACCEPTED","hashCode":"SPAN:eS2knCRgLegeRw8bcmSWA:0:0:0:21:0:0:0:22:12:0:undefined:undefined","labelName":"eS2knCRgLegeRw8bcmSWA","labelItem":{"id":"eS2knCRgLegeRw8bcmSWA","labelName":"Skill"},"textPosition":{"start":{"row":0,"column":0,"tokenIndex":21,"charIndex":0},"end":{"row":0,"column":0,"tokenIndex":22,"charIndex":12}},"confidenceScore":null},{"id":"1663413564","labeledBy":"LABELER","labeledByUserId":6821,"acceptedByUserId":null,"rejectedByUserId":null,"layer":0,"counter":0,"status":"ACCEPTED","hashCode":"SPAN:eS2knCRgLegeRw8bcmSWA:0:1:0:4:0:1:0:4:5:0:undefined:undefined","labelName":"eS2knCRgLegeRw8bcmSWA","labelItem":{"id":"eS2knCRgLegeRw8bcmSWA","labelName":"Skill"},"textPosition":{"start":{"row":1,"column":0,"tokenIndex":4,"charIndex":0},"end":{"row":1,"column":0,"tokenIndex":4,"charIndex":5}},"confidenceScore":null},{"id":"1663413573","labeledBy":"LABELER","labeledByUserId":6821,"acceptedByUserId":null,"rejectedByUserId":null,"layer":0,"counter":0,"status":"ACCEPTED","hashCode":"SPAN:eS2knCRgLegeRw8bcmSWA:0:1:0:13:0:1:0:14:11:0:undefined:undefined","labelName":"eS2knCRgLegeRw8bcmSWA","labelItem":{"id":"eS2knCRgLegeRw8bcmSWA","labelName":"Skill"},"textPosition":{"start":{"row":1,"column":0,"tokenIndex":13,"charIndex":0},"end":{"row":1,"column":0,"tokenIndex":14,"charIndex":11}},"confidenceScore":null},{"id":"1663413576","labeledBy":"LABELER","labeledByUserId":6821,"acceptedByUserId":null,"rejectedByUserId":null,"layer":0,"counter":0,"status":"ACCEPTED","hashCode":"SPAN:eS2knCRgLegeRw8bcmSWA:0:1:0:19:0:1:0:22:13:0:undefined:undefined","labelName":"eS2knCRgLegeRw8bcmSWA","labelItem":{"id":"eS2knCRgLegeRw8bcmSWA","labelName":"Skill"},"textPosition":{"start":{"row":1,"column":0,"tokenIndex":19,"charIndex":0},"end":{"row":1,"column":0,"tokenIndex":22,"charIndex":13}},"confidenceScore":null},{"id":"1663413585","labeledBy":"LABELER","labeledByUserId":6821,"acceptedByUserId":null,"rejectedByUserId":null,"layer":0,"counter":0,"status":"ACCEPTED","hashCode":"SPAN:eS2knCRgLegeRw8bcmSWA:0:2:0:1:0:2:0:2:2:0:undefined:undefined","labelName":"eS2knCRgLegeRw8bcmSWA","labelItem":{"id":"eS2knCRgLegeRw8bcmSWA","labelName":"Skill"},"textPosition":{"start":{"row":2,"column":0,"tokenIndex":1,"charIndex":0},"end":{"row":2,"column":0,"tokenIndex":2,"charIndex":2}},"confidenceScore":null},{"id":"1663413624","labeledBy":"LABELER","labeledByUserId":6821,"acceptedByUserId":null,"rejectedByUserId":null,"layer":0,"counter":0,"status":"ACCEPTED","hashCode":"SPAN:eS2knCRgLegeRw8bcmSWA:0:3:0:4:0:3:0:5:8:0:undefined:undefined","labelName":"eS2knCRgLegeRw8bcmSWA","labelItem":{"id":"eS2knCRgLegeRw8bcmSWA","labelName":"Skill"},"textPosition":{"start":{"row":3,"column":0,"tokenIndex":4,"charIndex":0},"end":{"row":3,"column":0,"tokenIndex":5,"charIndex":8}},"confidenceScore":null},{"id":"1663413630","labeledBy":"LABELER","labeledByUserId":6821,"acceptedByUserId":null,"rejectedByUserId":null,"layer":0,"counter":0,"status":"ACCEPTED","hashCode":"SPAN:eS2knCRgLegeRw8bcmSWA:0:3:0:6:0:3:0:10:7:0:undefined:undefined","labelName":"eS2knCRgLegeRw8bcmSWA","labelItem":{"id":"eS2knCRgLegeRw8bcmSWA","labelName":"Skill"},"textPosition":{"start":{"row":3,"column":0,"tokenIndex":6,"charIndex":0},"end":{"row":3,"column":0,"tokenIndex":10,"charIndex":7}},"confidenceScore":null},{"id":"1663413636","labeledBy":"LABELER","labeledByUserId":6821,"acceptedByUserId":null,"rejectedByUserId":null,"layer":0,"counter":0,"status":"ACCEPTED","hashCode":"SPAN:eS2knCRgLegeRw8bcmSWA:0:3:0:11:0:3:0:14:8:0:undefined:undefined","labelName":"eS2knCRgLegeRw8bcmSWA","labelItem":{"id":"eS2knCRgLegeRw8bcmSWA","labelName":"Skill"},"textPosition":{"start":{"row":3,"column":0,"tokenIndex":11,"charIndex":0},"end":{"row":3,"column":0,"tokenIndex":14,"charIndex":8}},"confidenceScore":null},{"id":"1663413639","labeledBy":"LABELER","labeledByUserId":6821,"acceptedByUserId":null,"rejectedByUserId":null,"layer":0,"counter":0,"status":"ACCEPTED","hashCode":"SPAN:eS2knCRgLegeRw8bcmSWA:0:3:0:15:0:3:0:17:10:0:undefined:undefined","labelName":"eS2knCRgLegeRw8bcmSWA","labelItem":{"id":"eS2knCRgLegeRw8bcmSWA","labelName":"Skill"},"textPosition":{"start":{"row":3,"column":0,"tokenIndex":15,"charIndex":0},"end":{"row":3,"column":0,"tokenIndex":17,"charIndex":10}},"confidenceScore":null},{"id":"1663413643","labeledBy":"LABELER","labeledByUserId":6821,"acceptedByUserId":null,"rejectedByUserId":null,"layer":0,"counter":0,"status":"ACCEPTED","hashCode":"SPAN:eS2knCRgLegeRw8bcmSWA:0:3:0:18:0:3:0:18:9:0:undefined:undefined","labelName":"eS2knCRgLegeRw8bcmSWA","labelItem":{"id":"eS2knCRgLegeRw8bcmSWA","labelName":"Skill"},"textPosition":{"start":{"row":3,"column":0,"tokenIndex":18,"charIndex":0},"end":{"row":3,"column":0,"tokenIndex":18,"charIndex":9}},"confidenceScore":null},{"id":"1663413648","labeledBy":"LABELER","labeledByUserId":6821,"acceptedByUserId":null,"rejectedByUserId":null,"layer":0,"counter":0,"status":"ACCEPTED","hashCode":"SPAN:eS2knCRgLegeRw8bcmSWA:0:3:0:19:0:3:0:20:6:0:undefined:undefined","labelName":"eS2knCRgLegeRw8bcmSWA","labelItem":{"id":"eS2knCRgLegeRw8bcmSWA","labelName":"Skill"},"textPosition":{"start":{"row":3,"column":0,"tokenIndex":19,"charIndex":0},"end":{"row":3,"column":0,"tokenIndex":20,"charIndex":6}},"confidenceScore":null},{"id":"1663413654","labeledBy":"LABELER","labeledByUserId":6821,"acceptedByUserId":null,"rejectedByUserId":null,"layer":0,"counter":0,"status":"ACCEPTED","hashCode":"SPAN:eS2knCRgLegeRw8bcmSWA:0:3:0:22:0:3:0:23:11:0:undefined:undefined","labelName":"eS2knCRgLegeRw8bcmSWA","labelItem":{"id":"eS2knCRgLegeRw8bcmSWA","labelName":"Skill"},"textPosition":{"start":{"row":3,"column":0,"tokenIndex":22,"charIndex":0},"end":{"row":3,"column":0,"tokenIndex":23,"charIndex":11}},"confidenceScore":null},{"id":"1663413663","labeledBy":"LABELER","labeledByUserId":6821,"acceptedByUserId":null,"rejectedByUserId":null,"layer":0,"counter":0,"status":"ACCEPTED","hashCode":"SPAN:eS2knCRgLegeRw8bcmSWA:0:4:0:1:0:4:0:1:12:0:undefined:undefined","labelName":"eS2knCRgLegeRw8bcmSWA","labelItem":{"id":"eS2knCRgLegeRw8bcmSWA","labelName":"Skill"},"textPosition":{"start":{"row":4,"column":0,"tokenIndex":1,"charIndex":0},"end":{"row":4,"column":0,"tokenIndex":1,"charIndex":12}},"confidenceScore":null},{"id":"1663413672","labeledBy":"LABELER","labeledByUserId":6821,"acceptedByUserId":null,"rejectedByUserId":null,"layer":0,"counter":0,"status":"ACCEPTED","hashCode":"SPAN:eS2knCRgLegeRw8bcmSWA:0:4:0:3:0:4:0:4:8:0:undefined:undefined","labelName":"eS2knCRgLegeRw8bcmSWA","labelItem":{"id":"eS2knCRgLegeRw8bcmSWA","labelName":"Skill"},"textPosition":{"start":{"row":4,"column":0,"tokenIndex":3,"charIndex":0},"end":{"row":4,"column":0,"tokenIndex":4,"charIndex":8}},"confidenceScore":null},{"id":"1663413681","labeledBy":"LABELER","labeledByUserId":6821,"acceptedByUserId":null,"rejectedByUserId":null,"layer":0,"counter":0,"status":"ACCEPTED","hashCode":"SPAN:eS2knCRgLegeRw8bcmSWA:0:4:0:5:0:4:0:7:7:0:undefined:undefined","labelName":"eS2knCRgLegeRw8bcmSWA","labelItem":{"id":"eS2knCRgLegeRw8bcmSWA","labelName":"Skill"},"textPosition":{"start":{"row":4,"column":0,"tokenIndex":5,"charIndex":0},"end":{"row":4,"column":0,"tokenIndex":7,"charIndex":7}},"confidenceScore":null},{"id":"1663413684","labeledBy":"LABELER","labeledByUserId":6821,"acceptedByUserId":null,"rejectedByUserId":null,"layer":0,"counter":0,"status":"ACCEPTED","hashCode":"SPAN:eS2knCRgLegeRw8bcmSWA:0:4:0:12:0:4:0:14:7:0:undefined:undefined","labelName":"eS2knCRgLegeRw8bcmSWA","labelItem":{"id":"eS2knCRgLegeRw8bcmSWA","labelName":"Skill"},"textPosition":{"start":{"row":4,"column":0,"tokenIndex":12,"charIndex":0},"end":{"row":4,"column":0,"tokenIndex":14,"charIndex":7}},"confidenceScore":null},{"id":"1663413687","labeledBy":"LABELER","labeledByUserId":6821,"acceptedByUserId":null,"rejectedByUserId":null,"layer":0,"counter":0,"status":"ACCEPTED","hashCode":"SPAN:eS2knCRgLegeRw8bcmSWA:0:4:0:21:0:4:0:22:5:0:undefined:undefined","labelName":"eS2knCRgLegeRw8bcmSWA","labelItem":{"id":"eS2knCRgLegeRw8bcmSWA","labelName":"Skill"},"textPosition":{"start":{"row":4,"column":0,"tokenIndex":21,"charIndex":0},"end":{"row":4,"column":0,"tokenIndex":22,"charIndex":5}},"confidenceScore":null},{"id":"1663413690","labeledBy":"LABELER","labeledByUserId":6821,"acceptedByUserId":null,"rejectedByUserId":null,"layer":0,"counter":0,"status":"ACCEPTED","hashCode":"SPAN:eS2knCRgLegeRw8bcmSWA:0:4:0:26:0:4:0:27:6:0:undefined:undefined","labelName":"eS2knCRgLegeRw8bcmSWA","labelItem":{"id":"eS2knCRgLegeRw8bcmSWA","labelName":"Skill"},"textPosition":{"start":{"row":4,"column":0,"tokenIndex":26,"charIndex":0},"end":{"row":4,"column":0,"tokenIndex":27,"charIndex":6}},"confidenceScore":null},{"id":"1663413693","labeledBy":"LABELER","labeledByUserId":6821,"acceptedByUserId":null,"rejectedByUserId":null,"layer":0,"counter":0,"status":"ACCEPTED","hashCode":"SPAN:eS2knCRgLegeRw8bcmSWA:0:6:0:3:0:6:0:6:6:0:undefined:undefined","labelName":"eS2knCRgLegeRw8bcmSWA","labelItem":{"id":"eS2knCRgLegeRw8bcmSWA","labelName":"Skill"},"textPosition":{"start":{"row":6,"column":0,"tokenIndex":3,"charIndex":0},"end":{"row":6,"column":0,"tokenIndex":6,"charIndex":6}},"confidenceScore":null},{"id":"1663413696","labeledBy":"LABELER","labeledByUserId":6821,"acceptedByUserId":null,"rejectedByUserId":null,"layer":0,"counter":0,"status":"ACCEPTED","hashCode":"SPAN:eS2knCRgLegeRw8bcmSWA:0:6:0:8:0:6:0:9:5:0:undefined:undefined","labelName":"eS2knCRgLegeRw8bcmSWA","labelItem":{"id":"eS2knCRgLegeRw8bcmSWA","labelName":"Skill"},"textPosition":{"start":{"row":6,"column":0,"tokenIndex":8,"charIndex":0},"end":{"row":6,"column":0,"tokenIndex":9,"charIndex":5}},"confidenceScore":null},{"id":"1663413699","labeledBy":"LABELER","labeledByUserId":6821,"acceptedByUserId":null,"rejectedByUserId":null,"layer":0,"counter":0,"status":"ACCEPTED","hashCode":"SPAN:eS2knCRgLegeRw8bcmSWA:0:6:0:10:0:6:0:13:5:0:undefined:undefined","labelName":"eS2knCRgLegeRw8bcmSWA","labelItem":{"id":"eS2knCRgLegeRw8bcmSWA","labelName":"Skill"},"textPosition":{"start":{"row":6,"column":0,"tokenIndex":10,"charIndex":0},"end":{"row":6,"column":0,"tokenIndex":13,"charIndex":5}},"confidenceScore":null},{"id":"1663413702","labeledBy":"LABELER","labeledByUserId":6821,"acceptedByUserId":null,"rejectedByUserId":null,"layer":0,"counter":0,"status":"ACCEPTED","hashCode":"SPAN:eS2knCRgLegeRw8bcmSWA:0:6:0:14:0:6:0:17:5:0:undefined:undefined","labelName":"eS2knCRgLegeRw8bcmSWA","labelItem":{"id":"eS2knCRgLegeRw8bcmSWA","labelName":"Skill"},"textPosition":{"start":{"row":6,"column":0,"tokenIndex":14,"charIndex":0},"end":{"row":6,"column":0,"tokenIndex":17,"charIndex":5}},"confidenceScore":null},{"id":"1663413705","labeledBy":"LABELER","labeledByUserId":6821,"acceptedByUserId":null,"rejectedByUserId":null,"layer":0,"counter":0,"status":"ACCEPTED","hashCode":"SPAN:eS2knCRgLegeRw8bcmSWA:0:6:0:18:0:6:0:19:5:0:undefined:undefined","labelName":"eS2knCRgLegeRw8bcmSWA","labelItem":{"id":"eS2knCRgLegeRw8bcmSWA","labelName":"Skill"},"textPosition":{"start":{"row":6,"column":0,"tokenIndex":18,"charIndex":0},"end":{"row":6,"column":0,"tokenIndex":19,"charIndex":5}},"confidenceScore":null},{"id":"1663413708","labeledBy":"LABELER","labeledByUserId":6821,"acceptedByUserId":null,"rejectedByUserId":null,"layer":0,"counter":0,"status":"ACCEPTED","hashCode":"SPAN:eS2knCRgLegeRw8bcmSWA:0:6:0:20:0:6:0:22:4:0:undefined:undefined","labelName":"eS2knCRgLegeRw8bcmSWA","labelItem":{"id":"eS2knCRgLegeRw8bcmSWA","labelName":"Skill"},"textPosition":{"start":{"row":6,"column":0,"tokenIndex":20,"charIndex":0},"end":{"row":6,"column":0,"tokenIndex":22,"charIndex":4}},"confidenceScore":null},{"id":"1663413711","labeledBy":"LABELER","labeledByUserId":6821,"acceptedByUserId":null,"rejectedByUserId":null,"layer":0,"counter":0,"status":"ACCEPTED","hashCode":"SPAN:eS2knCRgLegeRw8bcmSWA:0:6:0:23:0:6:0:24:4:0:undefined:undefined","labelName":"eS2knCRgLegeRw8bcmSWA","labelItem":{"id":"eS2knCRgLegeRw8bcmSWA","labelName":"Skill"},"textPosition":{"start":{"row":6,"column":0,"tokenIndex":23,"charIndex":0},"end":{"row":6,"column":0,"tokenIndex":24,"charIndex":4}},"confidenceScore":null},{"id":"1663413714","labeledBy":"LABELER","labeledByUserId":6821,"acceptedByUserId":null,"rejectedByUserId":null,"layer":0,"counter":0,"status":"ACCEPTED","hashCode":"SPAN:eS2knCRgLegeRw8bcmSWA:0:6:0:25:0:6:0:27:7:0:undefined:undefined","labelName":"eS2knCRgLegeRw8bcmSWA","labelItem":{"id":"eS2knCRgLegeRw8bcmSWA","labelName":"Skill"},"textPosition":{"start":{"row":6,"column":0,"tokenIndex":25,"charIndex":0},"end":{"row":6,"column":0,"tokenIndex":27,"charIndex":7}},"confidenceScore":null},{"id":"1663413717","labeledBy":"LABELER","labeledByUserId":6821,"acceptedByUserId":null,"rejectedByUserId":null,"layer":0,"counter":0,"status":"ACCEPTED","hashCode":"SPAN:eS2knCRgLegeRw8bcmSWA:0:6:0:28:0:6:0:29:9:0:undefined:undefined","labelName":"eS2knCRgLegeRw8bcmSWA","labelItem":{"id":"eS2knCRgLegeRw8bcmSWA","labelName":"Skill"},"textPosition":{"start":{"row":6,"column":0,"tokenIndex":28,"charIndex":0},"end":{"row":6,"column":0,"tokenIndex":29,"charIndex":9}},"confidenceScore":null},{"id":"1663413720","labeledBy":"LABELER","labeledByUserId":6821,"acceptedByUserId":null,"rejectedByUserId":null,"layer":0,"counter":0,"status":"ACCEPTED","hashCode":"SPAN:eS2knCRgLegeRw8bcmSWA:0:6:0:30:0:6:0:31:14:0:undefined:undefined","labelName":"eS2knCRgLegeRw8bcmSWA","labelItem":{"id":"eS2knCRgLegeRw8bcmSWA","labelName":"Skill"},"textPosition":{"start":{"row":6,"column":0,"tokenIndex":30,"charIndex":0},"end":{"row":6,"column":0,"tokenIndex":31,"charIndex":14}},"confidenceScore":null},{"id":"1663413723","labeledBy":"LABELER","labeledByUserId":6821,"acceptedByUserId":null,"rejectedByUserId":null,"layer":0,"counter":0,"status":"ACCEPTED","hashCode":"SPAN:eS2knCRgLegeRw8bcmSWA:0:6:0:32:0:6:0:35:5:0:undefined:undefined","labelName":"eS2knCRgLegeRw8bcmSWA","labelItem":{"id":"eS2knCRgLegeRw8bcmSWA","labelName":"Skill"},"textPosition":{"start":{"row":6,"column":0,"tokenIndex":32,"charIndex":0},"end":{"row":6,"column":0,"tokenIndex":35,"charIndex":5}},"confidenceScore":null},{"id":"1663413726","labeledBy":"LABELER","labeledByUserId":6821,"acceptedByUserId":null,"rejectedByUserId":null,"layer":0,"counter":0,"status":"ACCEPTED","hashCode":"SPAN:eS2knCRgLegeRw8bcmSWA:0:6:0:36:0:6:0:36:12:0:undefined:undefined","labelName":"eS2knCRgLegeRw8bcmSWA","labelItem":{"id":"eS2knCRgLegeRw8bcmSWA","labelName":"Skill"},"textPosition":{"start":{"row":6,"column":0,"tokenIndex":36,"charIndex":0},"end":{"row":6,"column":0,"tokenIndex":36,"charIndex":12}},"confidenceScore":null},{"id":"1663413729","labeledBy":"LABELER","labeledByUserId":6821,"acceptedByUserId":null,"rejectedByUserId":null,"layer":0,"counter":0,"status":"ACCEPTED","hashCode":"SPAN:eS2knCRgLegeRw8bcmSWA:0:6:0:37:0:6:0:37:11:0:undefined:undefined","labelName":"eS2knCRgLegeRw8bcmSWA","labelItem":{"id":"eS2knCRgLegeRw8bcmSWA","labelName":"Skill"},"textPosition":{"start":{"row":6,"column":0,"tokenIndex":37,"charIndex":0},"end":{"row":6,"column":0,"tokenIndex":37,"charIndex":11}},"confidenceScore":null},{"id":"1663413732","labeledBy":"LABELER","labeledByUserId":6821,"acceptedByUserId":null,"rejectedByUserId":null,"layer":0,"counter":0,"status":"ACCEPTED","hashCode":"SPAN:eS2knCRgLegeRw8bcmSWA:0:6:0:38:0:6:0:40:5:0:undefined:undefined","labelName":"eS2knCRgLegeRw8bcmSWA","labelItem":{"id":"eS2knCRgLegeRw8bcmSWA","labelName":"Skill"},"textPosition":{"start":{"row":6,"column":0,"tokenIndex":38,"charIndex":0},"end":{"row":6,"column":0,"tokenIndex":40,"charIndex":5}},"confidenceScore":null},{"id":"1663413735","labeledBy":"LABELER","labeledByUserId":6821,"acceptedByUserId":null,"rejectedByUserId":null,"layer":0,"counter":0,"status":"ACCEPTED","hashCode":"SPAN:eS2knCRgLegeRw8bcmSWA:0:6:0:41:0:6:0:42:6:0:undefined:undefined","labelName":"eS2knCRgLegeRw8bcmSWA","labelItem":{"id":"eS2knCRgLegeRw8bcmSWA","labelName":"Skill"},"textPosition":{"start":{"row":6,"column":0,"tokenIndex":41,"charIndex":0},"end":{"row":6,"column":0,"tokenIndex":42,"charIndex":6}},"confidenceScore":null},{"id":"1663413738","labeledBy":"LABELER","labeledByUserId":6821,"acceptedByUserId":null,"rejectedByUserId":null,"layer":0,"counter":0,"status":"ACCEPTED","hashCode":"SPAN:eS2knCRgLegeRw8bcmSWA:0:7:0:2:0:7:0:2:4:0:undefined:undefined","labelName":"eS2knCRgLegeRw8bcmSWA","labelItem":{"id":"eS2knCRgLegeRw8bcmSWA","labelName":"Skill"},"textPosition":{"start":{"row":7,"column":0,"tokenIndex":2,"charIndex":0},"end":{"row":7,"column":0,"tokenIndex":2,"charIndex":4}},"confidenceScore":null},{"id":"1663413741","labeledBy":"LABELER","labeledByUserId":6821,"acceptedByUserId":null,"rejectedByUserId":null,"layer":0,"counter":0,"status":"ACCEPTED","hashCode":"SPAN:eS2knCRgLegeRw8bcmSWA:0:7:0:3:0:7:0:4:4:0:undefined:undefined","labelName":"eS2knCRgLegeRw8bcmSWA","labelItem":{"id":"eS2knCRgLegeRw8bcmSWA","labelName":"Skill"},"textPosition":{"start":{"row":7,"column":0,"tokenIndex":3,"charIndex":0},"end":{"row":7,"column":0,"tokenIndex":4,"charIndex":4}},"confidenceScore":null},{"id":"1663413744","labeledBy":"LABELER","labeledByUserId":6821,"acceptedByUserId":null,"rejectedByUserId":null,"layer":0,"counter":0,"status":"ACCEPTED","hashCode":"SPAN:eS2knCRgLegeRw8bcmSWA:0:7:0:5:0:7:0:5:5:0:undefined:undefined","labelName":"eS2knCRgLegeRw8bcmSWA","labelItem":{"id":"eS2knCRgLegeRw8bcmSWA","labelName":"Skill"},"textPosition":{"start":{"row":7,"column":0,"tokenIndex":5,"charIndex":0},"end":{"row":7,"column":0,"tokenIndex":5,"charIndex":5}},"confidenceScore":null},{"id":"1663413747","labeledBy":"LABELER","labeledByUserId":6821,"acceptedByUserId":null,"rejectedByUserId":null,"layer":0,"counter":0,"status":"ACCEPTED","hashCode":"SPAN:eS2knCRgLegeRw8bcmSWA:0:7:0:6:0:7:0:6:3:0:undefined:undefined","labelName":"eS2knCRgLegeRw8bcmSWA","labelItem":{"id":"eS2knCRgLegeRw8bcmSWA","labelName":"Skill"},"textPosition":{"start":{"row":7,"column":0,"tokenIndex":6,"charIndex":0},"end":{"row":7,"column":0,"tokenIndex":6,"charIndex":3}},"confidenceScore":null},{"id":"1663413750","labeledBy":"LABELER","labeledByUserId":6821,"acceptedByUserId":null,"rejectedByUserId":null,"layer":0,"counter":0,"status":"ACCEPTED","hashCode":"SPAN:eS2knCRgLegeRw8bcmSWA:0:7:0:7:0:7:0:8:9:0:undefined:undefined","labelName":"eS2knCRgLegeRw8bcmSWA","labelItem":{"id":"eS2knCRgLegeRw8bcmSWA","labelName":"Skill"},"textPosition":{"start":{"row":7,"column":0,"tokenIndex":7,"charIndex":0},"end":{"row":7,"column":0,"tokenIndex":8,"charIndex":9}},"confidenceScore":null},{"id":"1663413753","labeledBy":"LABELER","labeledByUserId":6821,"acceptedByUserId":null,"rejectedByUserId":null,"layer":0,"counter":0,"status":"ACCEPTED","hashCode":"SPAN:eS2knCRgLegeRw8bcmSWA:0:7:0:9:0:7:0:11:5:0:undefined:undefined","labelName":"eS2knCRgLegeRw8bcmSWA","labelItem":{"id":"eS2knCRgLegeRw8bcmSWA","labelName":"Skill"},"textPosition":{"start":{"row":7,"column":0,"tokenIndex":9,"charIndex":0},"end":{"row":7,"column":0,"tokenIndex":11,"charIndex":5}},"confidenceScore":null},{"id":"1663413756","labeledBy":"LABELER","labeledByUserId":6821,"acceptedByUserId":null,"rejectedByUserId":null,"layer":0,"counter":0,"status":"ACCEPTED","hashCode":"SPAN:SJEkdao76hjwbb6Fh5SY6:0:8:0:2:0:8:0:2:9:0:undefined:undefined","labelName":"SJEkdao76hjwbb6Fh5SY6","labelItem":{"id":"SJEkdao76hjwbb6Fh5SY6","labelName":"Job Title"},"textPosition":{"start":{"row":8,"column":0,"tokenIndex":2,"charIndex":0},"end":{"row":8,"column":0,"tokenIndex":2,"charIndex":9}},"confidenceScore":null},{"id":"1663413759","labeledBy":"LABELER","labeledByUserId":6821,"acceptedByUserId":null,"rejectedByUserId":null,"layer":0,"counter":0,"status":"ACCEPTED","hashCode":"SPAN:52S_6moRfhjC-yXgIBeCp:0:8:0:4:0:8:0:6:6:0:undefined:undefined","labelName":"52S_6moRfhjC-yXgIBeCp","labelItem":{"id":"52S_6moRfhjC-yXgIBeCp","labelName":"Date"},"textPosition":{"start":{"row":8,"column":0,"tokenIndex":4,"charIndex":0},"end":{"row":8,"column":0,"tokenIndex":6,"charIndex":6}},"confidenceScore":null},{"id":"1663413774","labeledBy":"LABELER","labeledByUserId":6821,"acceptedByUserId":null,"rejectedByUserId":null,"layer":0,"counter":0,"status":"ACCEPTED","hashCode":"SPAN:eS2knCRgLegeRw8bcmSWA:0:8:0:20:0:8:0:20:9:0:undefined:undefined","labelName":"eS2knCRgLegeRw8bcmSWA","labelItem":{"id":"eS2knCRgLegeRw8bcmSWA","labelName":"Skill"},"textPosition":{"start":{"row":8,"column":0,"tokenIndex":20,"charIndex":0},"end":{"row":8,"column":0,"tokenIndex":20,"charIndex":9}},"confidenceScore":null},{"id":"1663413771","labeledBy":"LABELER","labeledByUserId":6821,"acceptedByUserId":null,"rejectedByUserId":null,"layer":0,"counter":0,"status":"ACCEPTED","hashCode":"SPAN:eS2knCRgLegeRw8bcmSWA:0:8:0:21:0:8:0:23:7:0:undefined:undefined","labelName":"eS2knCRgLegeRw8bcmSWA","labelItem":{"id":"eS2knCRgLegeRw8bcmSWA","labelName":"Skill"},"textPosition":{"start":{"row":8,"column":0,"tokenIndex":21,"charIndex":0},"end":{"row":8,"column":0,"tokenIndex":23,"charIndex":7}},"confidenceScore":null},{"id":"1663413768","labeledBy":"LABELER","labeledByUserId":6821,"acceptedByUserId":null,"rejectedByUserId":null,"layer":0,"counter":0,"status":"ACCEPTED","hashCode":"SPAN:eS2knCRgLegeRw8bcmSWA:0:8:0:24:0:8:0:24:2:0:undefined:undefined","labelName":"eS2knCRgLegeRw8bcmSWA","labelItem":{"id":"eS2knCRgLegeRw8bcmSWA","labelName":"Skill"},"textPosition":{"start":{"row":8,"column":0,"tokenIndex":24,"charIndex":0},"end":{"row":8,"column":0,"tokenIndex":24,"charIndex":2}},"confidenceScore":null},{"id":"1663413762","labeledBy":"LABELER","labeledByUserId":6821,"acceptedByUserId":null,"rejectedByUserId":null,"layer":0,"counter":0,"status":"ACCEPTED","hashCode":"SPAN:eS2knCRgLegeRw8bcmSWA:0:8:0:25:0:8:0:25:9:0:undefined:undefined","labelName":"eS2knCRgLegeRw8bcmSWA","labelItem":{"id":"eS2knCRgLegeRw8bcmSWA","labelName":"Skill"},"textPosition":{"start":{"row":8,"column":0,"tokenIndex":25,"charIndex":0},"end":{"row":8,"column":0,"tokenIndex":25,"charIndex":9}},"confidenceScore":null},{"id":"1663413765","labeledBy":"LABELER","labeledByUserId":6821,"acceptedByUserId":null,"rejectedByUserId":null,"layer":0,"counter":0,"status":"ACCEPTED","hashCode":"SPAN:eS2knCRgLegeRw8bcmSWA:0:8:0:27:0:8:0:28:9:0:undefined:undefined","labelName":"eS2knCRgLegeRw8bcmSWA","labelItem":{"id":"eS2knCRgLegeRw8bcmSWA","labelName":"Skill"},"textPosition":{"start":{"row":8,"column":0,"tokenIndex":27,"charIndex":0},"end":{"row":8,"column":0,"tokenIndex":28,"charIndex":9}},"confidenceScore":null},{"id":"1663413777","labeledBy":"LABELER","labeledByUserId":6821,"acceptedByUserId":null,"rejectedByUserId":null,"layer":0,"counter":0,"status":"ACCEPTED","hashCode":"SPAN:eS2knCRgLegeRw8bcmSWA:0:9:0:1:0:9:0:2:2:0:undefined:undefined","labelName":"eS2knCRgLegeRw8bcmSWA","labelItem":{"id":"eS2knCRgLegeRw8bcmSWA","labelName":"Skill"},"textPosition":{"start":{"row":9,"column":0,"tokenIndex":1,"charIndex":0},"end":{"row":9,"column":0,"tokenIndex":2,"charIndex":2}},"confidenceScore":null},{"id":"1663413780","labeledBy":"LABELER","labeledByUserId":6821,"acceptedByUserId":null,"rejectedByUserId":null,"layer":0,"counter":0,"status":"ACCEPTED","hashCode":"SPAN:eS2knCRgLegeRw8bcmSWA:0:10:0:1:0:10:0:2:11:0:undefined:undefined","labelName":"eS2knCRgLegeRw8bcmSWA","labelItem":{"id":"eS2knCRgLegeRw8bcmSWA","labelName":"Skill"},"textPosition":{"start":{"row":10,"column":0,"tokenIndex":1,"charIndex":0},"end":{"row":10,"column":0,"tokenIndex":2,"charIndex":11}},"confidenceScore":null},{"id":"1663413783","labeledBy":"LABELER","labeledByUserId":6821,"acceptedByUserId":null,"rejectedByUserId":null,"layer":0,"counter":0,"status":"ACCEPTED","hashCode":"SPAN:eS2knCRgLegeRw8bcmSWA:0:11:0:5:0:11:0:6:6:0:undefined:undefined","labelName":"eS2knCRgLegeRw8bcmSWA","labelItem":{"id":"eS2knCRgLegeRw8bcmSWA","labelName":"Skill"},"textPosition":{"start":{"row":11,"column":0,"tokenIndex":5,"charIndex":0},"end":{"row":11,"column":0,"tokenIndex":6,"charIndex":6}},"confidenceScore":null},{"id":"1663413786","labeledBy":"LABELER","labeledByUserId":6821,"acceptedByUserId":null,"rejectedByUserId":null,"layer":0,"counter":0,"status":"ACCEPTED","hashCode":"SPAN:eS2knCRgLegeRw8bcmSWA:0:12:0:5:0:12:0:6:12:0:undefined:undefined","labelName":"eS2knCRgLegeRw8bcmSWA","labelItem":{"id":"eS2knCRgLegeRw8bcmSWA","labelName":"Skill"},"textPosition":{"start":{"row":12,"column":0,"tokenIndex":5,"charIndex":0},"end":{"row":12,"column":0,"tokenIndex":6,"charIndex":12}},"confidenceScore":null},{"id":"1663413789","labeledBy":"LABELER","labeledByUserId":6821,"acceptedByUserId":null,"rejectedByUserId":null,"layer":0,"counter":0,"status":"ACCEPTED","hashCode":"SPAN:eS2knCRgLegeRw8bcmSWA:0:14:0:2:0:14:0:3:9:0:undefined:undefined","labelName":"eS2knCRgLegeRw8bcmSWA","labelItem":{"id":"eS2knCRgLegeRw8bcmSWA","labelName":"Skill"},"textPosition":{"start":{"row":14,"column":0,"tokenIndex":2,"charIndex":0},"end":{"row":14,"column":0,"tokenIndex":3,"charIndex":9}},"confidenceScore":null},{"id":"1663413792","labeledBy":"LABELER","labeledByUserId":6821,"acceptedByUserId":null,"rejectedByUserId":null,"layer":0,"counter":0,"status":"ACCEPTED","hashCode":"SPAN:SJEkdao76hjwbb6Fh5SY6:0:15:0:0:0:15:0:0:9:0:undefined:undefined","labelName":"SJEkdao76hjwbb6Fh5SY6","labelItem":{"id":"SJEkdao76hjwbb6Fh5SY6","labelName":"Job Title"},"textPosition":{"start":{"row":15,"column":0,"tokenIndex":0,"charIndex":0},"end":{"row":15,"column":0,"tokenIndex":0,"charIndex":9}},"confidenceScore":null},{"id":"1663413795","labeledBy":"LABELER","labeledByUserId":6821,"acceptedByUserId":null,"rejectedByUserId":null,"layer":0,"counter":0,"status":"ACCEPTED","hashCode":"SPAN:52S_6moRfhjC-yXgIBeCp:0:15:0:2:0:15:0:4:6:0:undefined:undefined","labelName":"52S_6moRfhjC-yXgIBeCp","labelItem":{"id":"52S_6moRfhjC-yXgIBeCp","labelName":"Date"},"textPosition":{"start":{"row":15,"column":0,"tokenIndex":2,"charIndex":0},"end":{"row":15,"column":0,"tokenIndex":4,"charIndex":6}},"confidenceScore":null},{"id":"1663413798","labeledBy":"LABELER","labeledByUserId":6821,"acceptedByUserId":null,"rejectedByUserId":null,"layer":0,"counter":0,"status":"ACCEPTED","hashCode":"SPAN:eS2knCRgLegeRw8bcmSWA:0:15:0:12:0:15:0:14:4:0:undefined:undefined","labelName":"eS2knCRgLegeRw8bcmSWA","labelItem":{"id":"eS2knCRgLegeRw8bcmSWA","labelName":"Skill"},"textPosition":{"start":{"row":15,"column":0,"tokenIndex":12,"charIndex":0},"end":{"row":15,"column":0,"tokenIndex":14,"charIndex":4}},"confidenceScore":null},{"id":"1663413804","labeledBy":"LABELER","labeledByUserId":6821,"acceptedByUserId":null,"rejectedByUserId":null,"layer":0,"counter":0,"status":"ACCEPTED","hashCode":"SPAN:rj7TW0-ymuRo6f_asXJab:0:15:0:39:0:15:0:39:6:0:undefined:undefined","labelName":"rj7TW0-ymuRo6f_asXJab","labelItem":{"id":"rj7TW0-ymuRo6f_asXJab","labelName":"Company Name"},"textPosition":{"start":{"row":15,"column":0,"tokenIndex":39,"charIndex":0},"end":{"row":15,"column":0,"tokenIndex":39,"charIndex":6}},"confidenceScore":null},{"id":"1663413807","labeledBy":"LABELER","labeledByUserId":6821,"acceptedByUserId":null,"rejectedByUserId":null,"layer":0,"counter":0,"status":"ACCEPTED","hashCode":"SPAN:eS2knCRgLegeRw8bcmSWA:0:17:0:1:0:17:0:2:2:0:undefined:undefined","labelName":"eS2knCRgLegeRw8bcmSWA","labelItem":{"id":"eS2knCRgLegeRw8bcmSWA","labelName":"Skill"},"textPosition":{"start":{"row":17,"column":0,"tokenIndex":1,"charIndex":0},"end":{"row":17,"column":0,"tokenIndex":2,"charIndex":2}},"confidenceScore":null},{"id":"1663413810","labeledBy":"LABELER","labeledByUserId":6821,"acceptedByUserId":null,"rejectedByUserId":null,"layer":0,"counter":0,"status":"ACCEPTED","hashCode":"SPAN:eS2knCRgLegeRw8bcmSWA:0:18:0:2:0:18:0:3:9:0:undefined:undefined","labelName":"eS2knCRgLegeRw8bcmSWA","labelItem":{"id":"eS2knCRgLegeRw8bcmSWA","labelName":"Skill"},"textPosition":{"start":{"row":18,"column":0,"tokenIndex":2,"charIndex":0},"end":{"row":18,"column":0,"tokenIndex":3,"charIndex":9}},"confidenceScore":null},{"id":"1663413813","labeledBy":"LABELER","labeledByUserId":6821,"acceptedByUserId":null,"rejectedByUserId":null,"layer":0,"counter":0,"status":"ACCEPTED","hashCode":"SPAN:eS2knCRgLegeRw8bcmSWA:0:23:0:1:0:23:0:2:5:0:undefined:undefined","labelName":"eS2knCRgLegeRw8bcmSWA","labelItem":{"id":"eS2knCRgLegeRw8bcmSWA","labelName":"Skill"},"textPosition":{"start":{"row":23,"column":0,"tokenIndex":1,"charIndex":0},"end":{"row":23,"column":0,"tokenIndex":2,"charIndex":5}},"confidenceScore":null},{"id":"1663413816","labeledBy":"LABELER","labeledByUserId":6821,"acceptedByUserId":null,"rejectedByUserId":null,"layer":0,"counter":0,"status":"ACCEPTED","hashCode":"SPAN:SJEkdao76hjwbb6Fh5SY6:0:25:0:0:0:25:0:1:6:0:undefined:undefined","labelName":"SJEkdao76hjwbb6Fh5SY6","labelItem":{"id":"SJEkdao76hjwbb6Fh5SY6","labelName":"Job Title"},"textPosition":{"start":{"row":25,"column":0,"tokenIndex":0,"charIndex":0},"end":{"row":25,"column":0,"tokenIndex":1,"charIndex":6}},"confidenceScore":null},{"id":"1663413819","labeledBy":"LABELER","labeledByUserId":6821,"acceptedByUserId":null,"rejectedByUserId":null,"layer":0,"counter":0,"status":"ACCEPTED","hashCode":"SPAN:52S_6moRfhjC-yXgIBeCp:0:25:0:3:0:25:0:5:6:0:undefined:undefined","labelName":"52S_6moRfhjC-yXgIBeCp","labelItem":{"id":"52S_6moRfhjC-yXgIBeCp","labelName":"Date"},"textPosition":{"start":{"row":25,"column":0,"tokenIndex":3,"charIndex":0},"end":{"row":25,"column":0,"tokenIndex":5,"charIndex":6}},"confidenceScore":null},{"id":"1663413822","labeledBy":"LABELER","labeledByUserId":6821,"acceptedByUserId":null,"rejectedByUserId":null,"layer":0,"counter":0,"status":"ACCEPTED","hashCode":"SPAN:SJEkdao76hjwbb6Fh5SY6:0:29:0:0:0:29:0:0:6:0:undefined:undefined","labelName":"SJEkdao76hjwbb6Fh5SY6","labelItem":{"id":"SJEkdao76hjwbb6Fh5SY6","labelName":"Job Title"},"textPosition":{"start":{"row":29,"column":0,"tokenIndex":0,"charIndex":0},"end":{"row":29,"column":0,"tokenIndex":0,"charIndex":6}},"confidenceScore":null},{"id":"1663413825","labeledBy":"LABELER","labeledByUserId":6821,"acceptedByUserId":null,"rejectedByUserId":null,"layer":0,"counter":0,"status":"ACCEPTED","hashCode":"SPAN:52S_6moRfhjC-yXgIBeCp:0:29:0:2:0:29:0:4:6:0:undefined:undefined","labelName":"52S_6moRfhjC-yXgIBeCp","labelItem":{"id":"52S_6moRfhjC-yXgIBeCp","labelName":"Date"},"textPosition":{"start":{"row":29,"column":0,"tokenIndex":2,"charIndex":0},"end":{"row":29,"column":0,"tokenIndex":4,"charIndex":6}},"confidenceScore":null},{"id":"1663413828","labeledBy":"LABELER","labeledByUserId":6821,"acceptedByUserId":null,"rejectedByUserId":null,"layer":0,"counter":0,"status":"ACCEPTED","hashCode":"SPAN:eS2knCRgLegeRw8bcmSWA:0:29:0:13:0:29:0:13:6:0:undefined:undefined","labelName":"eS2knCRgLegeRw8bcmSWA","labelItem":{"id":"eS2knCRgLegeRw8bcmSWA","labelName":"Skill"},"textPosition":{"start":{"row":29,"column":0,"tokenIndex":13,"charIndex":0},"end":{"row":29,"column":0,"tokenIndex":13,"charIndex":6}},"confidenceScore":null},{"id":"1663413831","labeledBy":"LABELER","labeledByUserId":6821,"acceptedByUserId":null,"rejectedByUserId":null,"layer":0,"counter":0,"status":"ACCEPTED","hashCode":"SPAN:eS2knCRgLegeRw8bcmSWA:0:30:0:9:0:30:0:9:8:0:undefined:undefined","labelName":"eS2knCRgLegeRw8bcmSWA","labelItem":{"id":"eS2knCRgLegeRw8bcmSWA","labelName":"Skill"},"textPosition":{"start":{"row":30,"column":0,"tokenIndex":9,"charIndex":0},"end":{"row":30,"column":0,"tokenIndex":9,"charIndex":8}},"confidenceScore":null},{"id":"1663413834","labeledBy":"LABELER","labeledByUserId":6821,"acceptedByUserId":null,"rejectedByUserId":null,"layer":0,"counter":0,"status":"ACCEPTED","hashCode":"SPAN:eS2knCRgLegeRw8bcmSWA:0:30:0:10:0:30:0:11:6:0:undefined:undefined","labelName":"eS2knCRgLegeRw8bcmSWA","labelItem":{"id":"eS2knCRgLegeRw8bcmSWA","labelName":"Skill"},"textPosition":{"start":{"row":30,"column":0,"tokenIndex":10,"charIndex":0},"end":{"row":30,"column":0,"tokenIndex":11,"charIndex":6}},"confidenceScore":null},{"id":"1663413837","labeledBy":"LABELER","labeledByUserId":6821,"acceptedByUserId":null,"rejectedByUserId":null,"layer":0,"counter":0,"status":"ACCEPTED","hashCode":"SPAN:eS2knCRgLegeRw8bcmSWA:0:30:0:13:0:30:0:14:11:0:undefined:undefined","labelName":"eS2knCRgLegeRw8bcmSWA","labelItem":{"id":"eS2knCRgLegeRw8bcmSWA","labelName":"Skill"},"textPosition":{"start":{"row":30,"column":0,"tokenIndex":13,"charIndex":0},"end":{"row":30,"column":0,"tokenIndex":14,"charIndex":11}},"confidenceScore":null},{"id":"1663413840","labeledBy":"LABELER","labeledByUserId":6821,"acceptedByUserId":null,"rejectedByUserId":null,"layer":0,"counter":0,"status":"ACCEPTED","hashCode":"SPAN:rj7TW0-ymuRo6f_asXJab:0:31:0:2:0:31:0:3:8:0:undefined:undefined","labelName":"rj7TW0-ymuRo6f_asXJab","labelItem":{"id":"rj7TW0-ymuRo6f_asXJab","labelName":"Company Name"},"textPosition":{"start":{"row":31,"column":0,"tokenIndex":2,"charIndex":0},"end":{"row":31,"column":0,"tokenIndex":3,"charIndex":8}},"confidenceScore":null},{"id":"1663413843","labeledBy":"LABELER","labeledByUserId":6821,"acceptedByUserId":null,"rejectedByUserId":null,"layer":0,"counter":0,"status":"ACCEPTED","hashCode":"SPAN:SJEkdao76hjwbb6Fh5SY6:0:34:0:0:0:34:0:1:9:0:undefined:undefined","labelName":"SJEkdao76hjwbb6Fh5SY6","labelItem":{"id":"SJEkdao76hjwbb6Fh5SY6","labelName":"Job Title"},"textPosition":{"start":{"row":34,"column":0,"tokenIndex":0,"charIndex":0},"end":{"row":34,"column":0,"tokenIndex":1,"charIndex":9}},"confidenceScore":null},{"id":"1663413870","labeledBy":"LABELER","labeledByUserId":6821,"acceptedByUserId":null,"rejectedByUserId":null,"layer":0,"counter":0,"status":"ACCEPTED","hashCode":"SPAN:BjO8MdvK2KI4E5iMEeY4B:0:37:0:3:0:37:0:3:3:0:undefined:undefined","labelName":"BjO8MdvK2KI4E5iMEeY4B","labelItem":{"id":"BjO8MdvK2KI4E5iMEeY4B","labelName":"Graduation Year"},"textPosition":{"start":{"row":37,"column":0,"tokenIndex":3,"charIndex":0},"end":{"row":37,"column":0,"tokenIndex":3,"charIndex":3}},"confidenceScore":null},{"id":"1663413867","labeledBy":"LABELER","labeledByUserId":6821,"acceptedByUserId":null,"rejectedByUserId":null,"layer":0,"counter":0,"status":"ACCEPTED","hashCode":"SPAN:Kj5U6n9NUqTXuWcB3c_7L:0:37:0:4:0:37:0:8:10:0:undefined:undefined","labelName":"Kj5U6n9NUqTXuWcB3c_7L","labelItem":{"id":"Kj5U6n9NUqTXuWcB3c_7L","labelName":"College"},"textPosition":{"start":{"row":37,"column":0,"tokenIndex":4,"charIndex":0},"end":{"row":37,"column":0,"tokenIndex":8,"charIndex":10}},"confidenceScore":null},{"id":"1663413849","labeledBy":"LABELER","labeledByUserId":6821,"acceptedByUserId":null,"rejectedByUserId":null,"layer":0,"counter":0,"status":"ACCEPTED","hashCode":"SPAN:1R0C50AAwFbEp2O0WmRv6:0:37:0:14:0:37:0:14:4:0:undefined:undefined","labelName":"1R0C50AAwFbEp2O0WmRv6","labelItem":{"id":"1R0C50AAwFbEp2O0WmRv6","labelName":"Location"},"textPosition":{"start":{"row":37,"column":0,"tokenIndex":14,"charIndex":0},"end":{"row":37,"column":0,"tokenIndex":14,"charIndex":4}},"confidenceScore":null},{"id":"1663413855","labeledBy":"LABELER","labeledByUserId":6821,"acceptedByUserId":null,"rejectedByUserId":null,"layer":0,"counter":0,"status":"ACCEPTED","hashCode":"SPAN:IeEoIKabMl51BJE0gX2YL:0:37:0:15:0:37:0:19:10:0:undefined:undefined","labelName":"IeEoIKabMl51BJE0gX2YL","labelItem":{"id":"IeEoIKabMl51BJE0gX2YL","labelName":"Degree"},"textPosition":{"start":{"row":37,"column":0,"tokenIndex":15,"charIndex":0},"end":{"row":37,"column":0,"tokenIndex":19,"charIndex":10}},"confidenceScore":null},{"id":"1663413858","labeledBy":"LABELER","labeledByUserId":6821,"acceptedByUserId":null,"rejectedByUserId":null,"layer":0,"counter":0,"status":"ACCEPTED","hashCode":"SPAN:eS2knCRgLegeRw8bcmSWA:0:39:0:1:0:39:0:1:7:0:undefined:undefined","labelName":"eS2knCRgLegeRw8bcmSWA","labelItem":{"id":"eS2knCRgLegeRw8bcmSWA","labelName":"Skill"},"textPosition":{"start":{"row":39,"column":0,"tokenIndex":1,"charIndex":0},"end":{"row":39,"column":0,"tokenIndex":1,"charIndex":7}},"confidenceScore":null},{"id":"1663413861","labeledBy":"LABELER","labeledByUserId":6821,"acceptedByUserId":null,"rejectedByUserId":null,"layer":0,"counter":0,"status":"ACCEPTED","hashCode":"SPAN:eS2knCRgLegeRw8bcmSWA:0:39:0:2:0:39:0:2:5:0:undefined:undefined","labelName":"eS2knCRgLegeRw8bcmSWA","labelItem":{"id":"eS2knCRgLegeRw8bcmSWA","labelName":"Skill"},"textPosition":{"start":{"row":39,"column":0,"tokenIndex":2,"charIndex":0},"end":{"row":39,"column":0,"tokenIndex":2,"charIndex":5}},"confidenceScore":null},{"id":"1663413864","labeledBy":"LABELER","labeledByUserId":6821,"acceptedByUserId":null,"rejectedByUserId":null,"layer":0,"counter":0,"status":"ACCEPTED","hashCode":"SPAN:eS2knCRgLegeRw8bcmSWA:0:39:0:4:0:39:0:4:4:0:undefined:undefined","labelName":"eS2knCRgLegeRw8bcmSWA","labelItem":{"id":"eS2knCRgLegeRw8bcmSWA","labelName":"Skill"},"textPosition":{"start":{"row":39,"column":0,"tokenIndex":4,"charIndex":0},"end":{"row":39,"column":0,"tokenIndex":4,"charIndex":4}},"confidenceScore":null}],"arrowLabels":[],"boundingBoxLabels":[],"timeLabels":[],"comments":[],"url":"datasaur://static/6814/2c0bc756-6eaf-4aaa-81de-d575f32ee1a9.txt"}}
