{"version":"1","data":{"project":{"id":"ODBjYmQ2MDg","name":"NLP SSM Final Project"},"document":{"id":"bdf818a3-b1c8-4ccc-886d-752ce5f57780","name":"resume_2347_d1.txt"},"kinds":["TOKEN_BASED"],"rows":[[{"content":"GAME DESIGN INTERN Summary I am an aspiring programming professional with experience in concessions management, customer service, and team leadership Highlights Working in a fast paced environment.","tokens":["GAME","DESIGN","INTERN","Summary","I","am","an","aspiring","programming","professional","with","experience","in","concessions","management,","customer","service,","and","team","leadership","Highlights","Working","in","a","fast","paced","environment."],"metadata":[]}],[{"content":"Managing a large volume of orders.","tokens":["Managing","a","large","volume","of","orders."],"metadata":[]}],[{"content":"Maintaining sanitation and complying with food safety regulations.","tokens":["Maintaining","sanitation","and","complying","with","food","safety","regulations."],"metadata":[]}],[{"content":"Oversight of daily business income.","tokens":["Oversight","of","daily","business","income."],"metadata":[]}],[{"content":"Working in a changing environment with diverse team members.","tokens":["Working","in","a","changing","environment","with","diverse","team","members."],"metadata":[]}],[{"content":"Operation of commercial equipment requiring safety protocol.","tokens":["Operation","of","commercial","equipment","requiring","safety","protocol."],"metadata":[]}],[{"content":"Skills Knowledge in C++, Java, Ruby, MatLab, Linux/Unix Command Line, LaTex, Microsoft Office Package Basic Data-Structure Construction and Management Advanced Calculus, Discrete Mathematics, Linear Algebra Accomplishments Earned \"Team Member of the Month\" while working in the food service section of a Market Street grocery store.","tokens":["Skills","Knowledge","in","C++,","Java,","Ruby,","MatLab,","Linux/Unix","Command","Line,","LaTex,","Microsoft","Office","Package","Basic","Data-Structure","Construction","and","Management","Advanced","Calculus,","Discrete","Mathematics,","Linear","Algebra","Accomplishments","Earned","\"Team","Member","of","the","Month\"","while","working","in","the","food","service","section","of","a","Market","Street","grocery","store."],"metadata":[]}],[{"content":"Swift vertical promotion within food service section at Market Street.","tokens":["Swift","vertical","promotion","within","food","service","section","at","Market","Street."],"metadata":[]}],[{"content":"Member of Alpha Phi Omega : September 2015 - May 2016 100+ hours of various volunteer services.","tokens":["Member","of","Alpha","Phi","Omega",":","September","2015","-","May","2016","100+","hours","of","various","volunteer","services."],"metadata":[]}],[{"content":"Work Experience Game Design Intern November 2016 to Current Company Name － City , State Oversight of documentation and file organization.","tokens":["Work","Experience","Game","Design","Intern","November","2016","to","Current","Company","Name","－","City",",","State","Oversight","of","documentation","and","file","organization."],"metadata":[]}],[{"content":"Level Designer, including enemy, items, and basic layout.","tokens":["Level","Designer,","including","enemy,","items,","and","basic","layout."],"metadata":[]}],[{"content":"Co-Designer for general game mechanics.","tokens":["Co-Designer","for","general","game","mechanics."],"metadata":[]}],[{"content":"​ Concessions Supervisor June 2016 to Current Company Name － City , State Served as mentor to junior team members.","tokens":["​","Concessions","Supervisor","June","2016","to","Current","Company","Name","－","City",",","State","Served","as","mentor","to","junior","team","members."],"metadata":[]}],[{"content":"Filled out daily paperwork; inventory logs, staff time logs, etc. Oversight of multiple concession stands serving a variety of items.","tokens":["Filled","out","daily","paperwork;","inventory","logs,","staff","time","logs,","etc.","Oversight","of","multiple","concession","stands","serving","a","variety","of","items."],"metadata":[]}],[{"content":"​​ Food Service Clerk September 2014 to July 2015 Company Name － City , State Prepared food items and cooked on a grill or in fryers.","tokens":["​​","Food","Service","Clerk","September","2014","to","July","2015","Company","Name","－","City",",","State","Prepared","food","items","and","cooked","on","a","grill","or","in","fryers."],"metadata":[]}],[{"content":"Carefully maintained sanitation, health and safety standards in all work areas.","tokens":["Carefully","maintained","sanitation,","health","and","safety","standards","in","all","work","areas."],"metadata":[]}],[{"content":"Performed general maintenance duties.","tokens":["Performed","general","maintenance","duties."],"metadata":[]}],[{"content":"Took initiative to find extra tasks when scheduled duties were completed.","tokens":["Took","initiative","to","find","extra","tasks","when","scheduled","duties","were","completed."],"metadata":[]}],[{"content":"Took necessary steps to meet customer needs and effectively resolve food or service issues.","tokens":["Took","necessary","steps","to","meet","customer","needs","and","effectively","resolve","food","or","service","issues."],"metadata":[]}],[{"content":"Customer Service Representative / Cook January 2013 to August 2014 Company Name － City , State Prepared items according to written or verbal orders while performing extensive multitasking.","tokens":["Customer","Service","Representative","/","Cook","January","2013","to","August","2014","Company","Name","－","City",",","State","Prepared","items","according","to","written","or","verbal","orders","while","performing","extensive","multitasking."],"metadata":[]}],[{"content":"Cleaned food preparation areas, cooking surfaces, and utensils.","tokens":["Cleaned","food","preparation","areas,","cooking","surfaces,","and","utensils."],"metadata":[]}],[{"content":"Closely followed standard protocols for safe food preparation, assembly, and presentation to ensure customer satisfaction.","tokens":["Closely","followed","standard","protocols","for","safe","food","preparation,","assembly,","and","presentation","to","ensure","customer","satisfaction."],"metadata":[]}],[{"content":"Up-sold additional menu items, beverages and desserts to increase restaurant profits.","tokens":["Up-sold","additional","menu","items,","beverages","and","desserts","to","increase","restaurant","profits."],"metadata":[]}],[{"content":"Took necessary steps to meet customer needs and effectively resolve food or service issues.","tokens":["Took","necessary","steps","to","meet","customer","needs","and","effectively","resolve","food","or","service","issues."],"metadata":[]}],[{"content":"Assisted manager in ensuring smooth operation of store in all aspects.","tokens":["Assisted","manager","in","ensuring","smooth","operation","of","store","in","all","aspects."],"metadata":[]}],[{"content":"Education and Training High School Diploma : 2015 New Tech High @ Coppell － City , State , United States Bachelor of Science : Computer Science , 2019 Texas A&M University － City , State , United States","tokens":["Education","and","Training","High","School","Diploma",":","2015","New","Tech","High","@","Coppell","－","City",",","State",",","United","States","Bachelor","of","Science",":","Computer","Science",",","2019","Texas","A&M","University","－","City",",","State",",","United","States"],"metadata":[]}]],"labelerInfo":{"id":6821,"email":"tli94@jh.edu","displayName":"Thomas Li"},"labelSets":[{"name":"Resume Labels","index":0,"labelItems":[{"id":"Kj5U6n9NUqTXuWcB3c_7L","labelName":"College"},{"id":"rj7TW0-ymuRo6f_asXJab","labelName":"Company Name"},{"id":"SJEkdao76hjwbb6Fh5SY6","labelName":"Job Title"},{"id":"BjO8MdvK2KI4E5iMEeY4B","labelName":"Graduation Year"},{"id":"eS2knCRgLegeRw8bcmSWA","labelName":"Skill"},{"id":"IeEoIKabMl51BJE0gX2YL","labelName":"Degree"},{"id":"1R0C50AAwFbEp2O0WmRv6","labelName":"Location"},{"id":"zQcc4ygexJ_A3Gb0NeRTk","labelName":"Years of Experience"},{"id":"52S_6moRfhjC-yXgIBeCp","labelName":"Date"},{"id":"KiLarWmwlU1E3-FfdG6Qg","labelName":"Project"},{"id":"dyxKKTAxW1z5ifjPj42BI","labelName":"Name"}]}],"spanLabels":[{"id":"1663424322","labeledBy":"LABELER","labeledByUserId":6821,"acceptedByUserId":null,"rejectedByUserId":null,"layer":0,"counter":0,"status":"ACCEPTED","hashCode":"SPAN:SJEkdao76hjwbb6Fh5SY6:0:0:0:0:0:0:0:2:5:0:undefined:undefined","labelName":"SJEkdao76hjwbb6Fh5SY6","labelItem":{"id":"SJEkdao76hjwbb6Fh5SY6","labelName":"Job Title"},"textPosition":{"start":{"row":0,"column":0,"tokenIndex":0,"charIndex":0},"end":{"row":0,"column":0,"tokenIndex":2,"charIndex":5}},"confidenceScore":null},{"id":"1663424325","labeledBy":"LABELER","labeledByUserId":6821,"acceptedByUserId":null,"rejectedByUserId":null,"layer":0,"counter":0,"status":"ACCEPTED","hashCode":"SPAN:eS2knCRgLegeRw8bcmSWA:0:0:0:13:0:0:0:14:10:0:undefined:undefined","labelName":"eS2knCRgLegeRw8bcmSWA","labelItem":{"id":"eS2knCRgLegeRw8bcmSWA","labelName":"Skill"},"textPosition":{"start":{"row":0,"column":0,"tokenIndex":13,"charIndex":0},"end":{"row":0,"column":0,"tokenIndex":14,"charIndex":10}},"confidenceScore":null},{"id":"1663424328","labeledBy":"LABELER","labeledByUserId":6821,"acceptedByUserId":null,"rejectedByUserId":null,"layer":0,"counter":0,"status":"ACCEPTED","hashCode":"SPAN:eS2knCRgLegeRw8bcmSWA:0:0:0:15:0:0:0:16:7:0:undefined:undefined","labelName":"eS2knCRgLegeRw8bcmSWA","labelItem":{"id":"eS2knCRgLegeRw8bcmSWA","labelName":"Skill"},"textPosition":{"start":{"row":0,"column":0,"tokenIndex":15,"charIndex":0},"end":{"row":0,"column":0,"tokenIndex":16,"charIndex":7}},"confidenceScore":null},{"id":"1663424331","labeledBy":"LABELER","labeledByUserId":6821,"acceptedByUserId":null,"rejectedByUserId":null,"layer":0,"counter":0,"status":"ACCEPTED","hashCode":"SPAN:eS2knCRgLegeRw8bcmSWA:0:0:0:18:0:0:0:19:9:0:undefined:undefined","labelName":"eS2knCRgLegeRw8bcmSWA","labelItem":{"id":"eS2knCRgLegeRw8bcmSWA","labelName":"Skill"},"textPosition":{"start":{"row":0,"column":0,"tokenIndex":18,"charIndex":0},"end":{"row":0,"column":0,"tokenIndex":19,"charIndex":9}},"confidenceScore":null},{"id":"1663424334","labeledBy":"LABELER","labeledByUserId":6821,"acceptedByUserId":null,"rejectedByUserId":null,"layer":0,"counter":0,"status":"ACCEPTED","hashCode":"SPAN:eS2knCRgLegeRw8bcmSWA:0:6:0:3:0:6:0:3:3:0:undefined:undefined","labelName":"eS2knCRgLegeRw8bcmSWA","labelItem":{"id":"eS2knCRgLegeRw8bcmSWA","labelName":"Skill"},"textPosition":{"start":{"row":6,"column":0,"tokenIndex":3,"charIndex":0},"end":{"row":6,"column":0,"tokenIndex":3,"charIndex":3}},"confidenceScore":null},{"id":"1663424337","labeledBy":"LABELER","labeledByUserId":6821,"acceptedByUserId":null,"rejectedByUserId":null,"layer":0,"counter":0,"status":"ACCEPTED","hashCode":"SPAN:eS2knCRgLegeRw8bcmSWA:0:6:0:4:0:6:0:4:4:0:undefined:undefined","labelName":"eS2knCRgLegeRw8bcmSWA","labelItem":{"id":"eS2knCRgLegeRw8bcmSWA","labelName":"Skill"},"textPosition":{"start":{"row":6,"column":0,"tokenIndex":4,"charIndex":0},"end":{"row":6,"column":0,"tokenIndex":4,"charIndex":4}},"confidenceScore":null},{"id":"1663424340","labeledBy":"LABELER","labeledByUserId":6821,"acceptedByUserId":null,"rejectedByUserId":null,"layer":0,"counter":0,"status":"ACCEPTED","hashCode":"SPAN:eS2knCRgLegeRw8bcmSWA:0:6:0:5:0:6:0:5:4:0:undefined:undefined","labelName":"eS2knCRgLegeRw8bcmSWA","labelItem":{"id":"eS2knCRgLegeRw8bcmSWA","labelName":"Skill"},"textPosition":{"start":{"row":6,"column":0,"tokenIndex":5,"charIndex":0},"end":{"row":6,"column":0,"tokenIndex":5,"charIndex":4}},"confidenceScore":null},{"id":"1663424346","labeledBy":"LABELER","labeledByUserId":6821,"acceptedByUserId":null,"rejectedByUserId":null,"layer":0,"counter":0,"status":"ACCEPTED","hashCode":"SPAN:eS2knCRgLegeRw8bcmSWA:0:6:0:6:0:6:0:6:6:0:undefined:undefined","labelName":"eS2knCRgLegeRw8bcmSWA","labelItem":{"id":"eS2knCRgLegeRw8bcmSWA","labelName":"Skill"},"textPosition":{"start":{"row":6,"column":0,"tokenIndex":6,"charIndex":0},"end":{"row":6,"column":0,"tokenIndex":6,"charIndex":6}},"confidenceScore":null},{"id":"1663424349","labeledBy":"LABELER","labeledByUserId":6821,"acceptedByUserId":null,"rejectedByUserId":null,"layer":0,"counter":0,"status":"ACCEPTED","hashCode":"SPAN:eS2knCRgLegeRw8bcmSWA:0:6:0:7:0:6:0:9:4:0:undefined:undefined","labelName":"eS2knCRgLegeRw8bcmSWA","labelItem":{"id":"eS2knCRgLegeRw8bcmSWA","labelName":"Skill"},"textPosition":{"start":{"row":6,"column":0,"tokenIndex":7,"charIndex":0},"end":{"row":6,"column":0,"tokenIndex":9,"charIndex":4}},"confidenceScore":null},{"id":"1663424350","labeledBy":"LABELER","labeledByUserId":6821,"acceptedByUserId":null,"rejectedByUserId":null,"layer":0,"counter":0,"status":"ACCEPTED","hashCode":"SPAN:eS2knCRgLegeRw8bcmSWA:0:6:0:10:0:6:0:10:5:0:undefined:undefined","labelName":"eS2knCRgLegeRw8bcmSWA","labelItem":{"id":"eS2knCRgLegeRw8bcmSWA","labelName":"Skill"},"textPosition":{"start":{"row":6,"column":0,"tokenIndex":10,"charIndex":0},"end":{"row":6,"column":0,"tokenIndex":10,"charIndex":5}},"confidenceScore":null},{"id":"1663424355","labeledBy":"LABELER","labeledByUserId":6821,"acceptedByUserId":null,"rejectedByUserId":null,"layer":0,"counter":0,"status":"ACCEPTED","hashCode":"SPAN:eS2knCRgLegeRw8bcmSWA:0:6:0:11:0:6:0:12:5:0:undefined:undefined","labelName":"eS2knCRgLegeRw8bcmSWA","labelItem":{"id":"eS2knCRgLegeRw8bcmSWA","labelName":"Skill"},"textPosition":{"start":{"row":6,"column":0,"tokenIndex":11,"charIndex":0},"end":{"row":6,"column":0,"tokenIndex":12,"charIndex":5}},"confidenceScore":null},{"id":"1663424361","labeledBy":"LABELER","labeledByUserId":6821,"acceptedByUserId":null,"rejectedByUserId":null,"layer":0,"counter":0,"status":"ACCEPTED","hashCode":"SPAN:eS2knCRgLegeRw8bcmSWA:0:6:0:13:0:6:0:13:6:0:undefined:undefined","labelName":"eS2knCRgLegeRw8bcmSWA","labelItem":{"id":"eS2knCRgLegeRw8bcmSWA","labelName":"Skill"},"textPosition":{"start":{"row":6,"column":0,"tokenIndex":13,"charIndex":0},"end":{"row":6,"column":0,"tokenIndex":13,"charIndex":6}},"confidenceScore":null},{"id":"1663424364","labeledBy":"LABELER","labeledByUserId":6821,"acceptedByUserId":null,"rejectedByUserId":null,"layer":0,"counter":0,"status":"ACCEPTED","hashCode":"SPAN:eS2knCRgLegeRw8bcmSWA:0:6:0:14:0:6:0:14:4:0:undefined:undefined","labelName":"eS2knCRgLegeRw8bcmSWA","labelItem":{"id":"eS2knCRgLegeRw8bcmSWA","labelName":"Skill"},"textPosition":{"start":{"row":6,"column":0,"tokenIndex":14,"charIndex":0},"end":{"row":6,"column":0,"tokenIndex":14,"charIndex":4}},"confidenceScore":null},{"id":"1663424358","labeledBy":"LABELER","labeledByUserId":6821,"acceptedByUserId":null,"rejectedByUserId":null,"layer":0,"counter":0,"status":"ACCEPTED","hashCode":"SPAN:eS2knCRgLegeRw8bcmSWA:0:6:0:15:0:6:0:15:13:0:undefined:undefined","labelName":"eS2knCRgLegeRw8bcmSWA","labelItem":{"id":"eS2knCRgLegeRw8bcmSWA","labelName":"Skill"},"textPosition":{"start":{"row":6,"column":0,"tokenIndex":15,"charIndex":0},"end":{"row":6,"column":0,"tokenIndex":15,"charIndex":13}},"confidenceScore":null},{"id":"1663424367","labeledBy":"LABELER","labeledByUserId":6821,"acceptedByUserId":null,"rejectedByUserId":null,"layer":0,"counter":0,"status":"ACCEPTED","hashCode":"SPAN:eS2knCRgLegeRw8bcmSWA:0:6:0:16:0:6:0:16:11:0:undefined:undefined","labelName":"eS2knCRgLegeRw8bcmSWA","labelItem":{"id":"eS2knCRgLegeRw8bcmSWA","labelName":"Skill"},"textPosition":{"start":{"row":6,"column":0,"tokenIndex":16,"charIndex":0},"end":{"row":6,"column":0,"tokenIndex":16,"charIndex":11}},"confidenceScore":null},{"id":"1663424370","labeledBy":"LABELER","labeledByUserId":6821,"acceptedByUserId":null,"rejectedByUserId":null,"layer":0,"counter":0,"status":"ACCEPTED","hashCode":"SPAN:eS2knCRgLegeRw8bcmSWA:0:6:0:18:0:6:0:18:9:0:undefined:undefined","labelName":"eS2knCRgLegeRw8bcmSWA","labelItem":{"id":"eS2knCRgLegeRw8bcmSWA","labelName":"Skill"},"textPosition":{"start":{"row":6,"column":0,"tokenIndex":18,"charIndex":0},"end":{"row":6,"column":0,"tokenIndex":18,"charIndex":9}},"confidenceScore":null},{"id":"1663424373","labeledBy":"LABELER","labeledByUserId":6821,"acceptedByUserId":null,"rejectedByUserId":null,"layer":0,"counter":0,"status":"ACCEPTED","hashCode":"SPAN:eS2knCRgLegeRw8bcmSWA:0:6:0:19:0:6:0:20:8:0:undefined:undefined","labelName":"eS2knCRgLegeRw8bcmSWA","labelItem":{"id":"eS2knCRgLegeRw8bcmSWA","labelName":"Skill"},"textPosition":{"start":{"row":6,"column":0,"tokenIndex":19,"charIndex":0},"end":{"row":6,"column":0,"tokenIndex":20,"charIndex":8}},"confidenceScore":null},{"id":"1663424376","labeledBy":"LABELER","labeledByUserId":6821,"acceptedByUserId":null,"rejectedByUserId":null,"layer":0,"counter":0,"status":"ACCEPTED","hashCode":"SPAN:eS2knCRgLegeRw8bcmSWA:0:6:0:21:0:6:0:22:11:0:undefined:undefined","labelName":"eS2knCRgLegeRw8bcmSWA","labelItem":{"id":"eS2knCRgLegeRw8bcmSWA","labelName":"Skill"},"textPosition":{"start":{"row":6,"column":0,"tokenIndex":21,"charIndex":0},"end":{"row":6,"column":0,"tokenIndex":22,"charIndex":11}},"confidenceScore":null},{"id":"1663424379","labeledBy":"LABELER","labeledByUserId":6821,"acceptedByUserId":null,"rejectedByUserId":null,"layer":0,"counter":0,"status":"ACCEPTED","hashCode":"SPAN:eS2knCRgLegeRw8bcmSWA:0:6:0:23:0:6:0:24:6:0:undefined:undefined","labelName":"eS2knCRgLegeRw8bcmSWA","labelItem":{"id":"eS2knCRgLegeRw8bcmSWA","labelName":"Skill"},"textPosition":{"start":{"row":6,"column":0,"tokenIndex":23,"charIndex":0},"end":{"row":6,"column":0,"tokenIndex":24,"charIndex":6}},"confidenceScore":null},{"id":"1663424382","labeledBy":"LABELER","labeledByUserId":6821,"acceptedByUserId":null,"rejectedByUserId":null,"layer":0,"counter":0,"status":"ACCEPTED","hashCode":"SPAN:52S_6moRfhjC-yXgIBeCp:0:8:0:6:0:8:0:10:3:0:undefined:undefined","labelName":"52S_6moRfhjC-yXgIBeCp","labelItem":{"id":"52S_6moRfhjC-yXgIBeCp","labelName":"Date"},"textPosition":{"start":{"row":8,"column":0,"tokenIndex":6,"charIndex":0},"end":{"row":8,"column":0,"tokenIndex":10,"charIndex":3}},"confidenceScore":null},{"id":"1663424385","labeledBy":"LABELER","labeledByUserId":6821,"acceptedByUserId":null,"rejectedByUserId":null,"layer":0,"counter":0,"status":"ACCEPTED","hashCode":"SPAN:eS2knCRgLegeRw8bcmSWA:0:8:0:15:0:8:0:16:8:0:undefined:undefined","labelName":"eS2knCRgLegeRw8bcmSWA","labelItem":{"id":"eS2knCRgLegeRw8bcmSWA","labelName":"Skill"},"textPosition":{"start":{"row":8,"column":0,"tokenIndex":15,"charIndex":0},"end":{"row":8,"column":0,"tokenIndex":16,"charIndex":8}},"confidenceScore":null},{"id":"1663424388","labeledBy":"LABELER","labeledByUserId":6821,"acceptedByUserId":null,"rejectedByUserId":null,"layer":0,"counter":0,"status":"ACCEPTED","hashCode":"SPAN:SJEkdao76hjwbb6Fh5SY6:0:9:0:2:0:9:0:4:5:0:undefined:undefined","labelName":"SJEkdao76hjwbb6Fh5SY6","labelItem":{"id":"SJEkdao76hjwbb6Fh5SY6","labelName":"Job Title"},"textPosition":{"start":{"row":9,"column":0,"tokenIndex":2,"charIndex":0},"end":{"row":9,"column":0,"tokenIndex":4,"charIndex":5}},"confidenceScore":null},{"id":"1663424391","labeledBy":"LABELER","labeledByUserId":6821,"acceptedByUserId":null,"rejectedByUserId":null,"layer":0,"counter":0,"status":"ACCEPTED","hashCode":"SPAN:52S_6moRfhjC-yXgIBeCp:0:9:0:5:0:9:0:8:6:0:undefined:undefined","labelName":"52S_6moRfhjC-yXgIBeCp","labelItem":{"id":"52S_6moRfhjC-yXgIBeCp","labelName":"Date"},"textPosition":{"start":{"row":9,"column":0,"tokenIndex":5,"charIndex":0},"end":{"row":9,"column":0,"tokenIndex":8,"charIndex":6}},"confidenceScore":null},{"id":"1663424394","labeledBy":"LABELER","labeledByUserId":6821,"acceptedByUserId":null,"rejectedByUserId":null,"layer":0,"counter":0,"status":"ACCEPTED","hashCode":"SPAN:SJEkdao76hjwbb6Fh5SY6:0:12:0:1:0:12:0:2:9:0:undefined:undefined","labelName":"SJEkdao76hjwbb6Fh5SY6","labelItem":{"id":"SJEkdao76hjwbb6Fh5SY6","labelName":"Job Title"},"textPosition":{"start":{"row":12,"column":0,"tokenIndex":1,"charIndex":0},"end":{"row":12,"column":0,"tokenIndex":2,"charIndex":9}},"confidenceScore":null},{"id":"1663424397","labeledBy":"LABELER","labeledByUserId":6821,"acceptedByUserId":null,"rejectedByUserId":null,"layer":0,"counter":0,"status":"ACCEPTED","hashCode":"SPAN:52S_6moRfhjC-yXgIBeCp:0:12:0:3:0:12:0:6:6:0:undefined:undefined","labelName":"52S_6moRfhjC-yXgIBeCp","labelItem":{"id":"52S_6moRfhjC-yXgIBeCp","labelName":"Date"},"textPosition":{"start":{"row":12,"column":0,"tokenIndex":3,"charIndex":0},"end":{"row":12,"column":0,"tokenIndex":6,"charIndex":6}},"confidenceScore":null},{"id":"1663424400","labeledBy":"LABELER","labeledByUserId":6821,"acceptedByUserId":null,"rejectedByUserId":null,"layer":0,"counter":0,"status":"ACCEPTED","hashCode":"SPAN:SJEkdao76hjwbb6Fh5SY6:0:14:0:1:0:14:0:3:4:0:undefined:undefined","labelName":"SJEkdao76hjwbb6Fh5SY6","labelItem":{"id":"SJEkdao76hjwbb6Fh5SY6","labelName":"Job Title"},"textPosition":{"start":{"row":14,"column":0,"tokenIndex":1,"charIndex":0},"end":{"row":14,"column":0,"tokenIndex":3,"charIndex":4}},"confidenceScore":null},{"id":"1663424403","labeledBy":"LABELER","labeledByUserId":6821,"acceptedByUserId":null,"rejectedByUserId":null,"layer":0,"counter":0,"status":"ACCEPTED","hashCode":"SPAN:52S_6moRfhjC-yXgIBeCp:0:14:0:4:0:14:0:8:3:0:undefined:undefined","labelName":"52S_6moRfhjC-yXgIBeCp","labelItem":{"id":"52S_6moRfhjC-yXgIBeCp","labelName":"Date"},"textPosition":{"start":{"row":14,"column":0,"tokenIndex":4,"charIndex":0},"end":{"row":14,"column":0,"tokenIndex":8,"charIndex":3}},"confidenceScore":null},{"id":"1663424409","labeledBy":"LABELER","labeledByUserId":6821,"acceptedByUserId":null,"rejectedByUserId":null,"layer":0,"counter":0,"status":"ACCEPTED","hashCode":"SPAN:SJEkdao76hjwbb6Fh5SY6:0:19:0:0:0:19:0:4:3:0:undefined:undefined","labelName":"SJEkdao76hjwbb6Fh5SY6","labelItem":{"id":"SJEkdao76hjwbb6Fh5SY6","labelName":"Job Title"},"textPosition":{"start":{"row":19,"column":0,"tokenIndex":0,"charIndex":0},"end":{"row":19,"column":0,"tokenIndex":4,"charIndex":3}},"confidenceScore":null},{"id":"1663424412","labeledBy":"LABELER","labeledByUserId":6821,"acceptedByUserId":null,"rejectedByUserId":null,"layer":0,"counter":0,"status":"ACCEPTED","hashCode":"SPAN:52S_6moRfhjC-yXgIBeCp:0:19:0:5:0:19:0:9:3:0:undefined:undefined","labelName":"52S_6moRfhjC-yXgIBeCp","labelItem":{"id":"52S_6moRfhjC-yXgIBeCp","labelName":"Date"},"textPosition":{"start":{"row":19,"column":0,"tokenIndex":5,"charIndex":0},"end":{"row":19,"column":0,"tokenIndex":9,"charIndex":3}},"confidenceScore":null},{"id":"1663424421","labeledBy":"LABELER","labeledByUserId":6821,"acceptedByUserId":null,"rejectedByUserId":null,"layer":0,"counter":0,"status":"ACCEPTED","hashCode":"SPAN:IeEoIKabMl51BJE0gX2YL:0:25:0:20:0:25:0:25:6:0:undefined:undefined","labelName":"IeEoIKabMl51BJE0gX2YL","labelItem":{"id":"IeEoIKabMl51BJE0gX2YL","labelName":"Degree"},"textPosition":{"start":{"row":25,"column":0,"tokenIndex":20,"charIndex":0},"end":{"row":25,"column":0,"tokenIndex":25,"charIndex":6}},"confidenceScore":null},{"id":"1663424424","labeledBy":"LABELER","labeledByUserId":6821,"acceptedByUserId":null,"rejectedByUserId":null,"layer":0,"counter":0,"status":"ACCEPTED","hashCode":"SPAN:BjO8MdvK2KI4E5iMEeY4B:0:25:0:27:0:25:0:27:3:0:undefined:undefined","labelName":"BjO8MdvK2KI4E5iMEeY4B","labelItem":{"id":"BjO8MdvK2KI4E5iMEeY4B","labelName":"Graduation Year"},"textPosition":{"start":{"row":25,"column":0,"tokenIndex":27,"charIndex":0},"end":{"row":25,"column":0,"tokenIndex":27,"charIndex":3}},"confidenceScore":null},{"id":"1663424427","labeledBy":"LABELER","labeledByUserId":6821,"acceptedByUserId":null,"rejectedByUserId":null,"layer":0,"counter":0,"status":"ACCEPTED","hashCode":"SPAN:Kj5U6n9NUqTXuWcB3c_7L:0:25:0:28:0:25:0:30:9:0:undefined:undefined","labelName":"Kj5U6n9NUqTXuWcB3c_7L","labelItem":{"id":"Kj5U6n9NUqTXuWcB3c_7L","labelName":"College"},"textPosition":{"start":{"row":25,"column":0,"tokenIndex":28,"charIndex":0},"end":{"row":25,"column":0,"tokenIndex":30,"charIndex":9}},"confidenceScore":null}],"arrowLabels":[],"boundingBoxLabels":[],"timeLabels":[],"comments":[],"url":"datasaur://static/6814/4b856fe3-db3d-4a2e-be87-e1daffeccac2.txt"}}
