{"version":"1","data":{"project":{"id":"ODBjYmQ2MDg","name":"NLP SSM Final Project"},"document":{"id":"43e5ffa4-c204-4bd4-880c-f8021cd1029b","name":"resume_6066_d2.txt"},"kinds":["TOKEN_BASED"],"rows":[[{"content":"Network/System Administrator Network/System Administrator New Braunfels, TX Authorized to work in the US for any employer Work Experience Network/System Administrator GCS Technologies - Austin, TX April 2017 to Present Provided technical support for property management company across 10+ locations and 4 cities ?","tokens":["Network/System","Administrator","Network/System","Administrator","New","Braunfels,","TX","Authorized","to","work","in","the","US","for","any","employer","Work","Experience","Network/System","Administrator","GCS","Technologies","-","Austin,","TX","April","2017","to","Present","Provided","technical","support","for","property","management","company","across","10+","locations","and","4","cities","?"],"metadata":[]}],[{"content":"Primary point of contact for all IT support ?","tokens":["Primary","point","of","contact","for","all","IT","support","?"],"metadata":[]}],[{"content":"Designed and implemented network infrastructure several offsite locations in 4 different cities ?","tokens":["Designed","and","implemented","network","infrastructure","several","offsite","locations","in","4","different","cities","?"],"metadata":[]}],[{"content":"Ensured ongoing and reliable connectivity to all offices through site to site VPN tunnels ?","tokens":["Ensured","ongoing","and","reliable","connectivity","to","all","offices","through","site","to","site","VPN","tunnels","?"],"metadata":[]}],[{"content":"Evaluate and implement network and application security processes ?","tokens":["Evaluate","and","implement","network","and","application","security","processes","?"],"metadata":[]}],[{"content":"Coordinate with 3rd Party support teams for building automation and security systems ?","tokens":["Coordinate","with","3rd","Party","support","teams","for","building","automation","and","security","systems","?"],"metadata":[]}],[{"content":"Primary Technologies: Active Directory, VMWare, Dell Sonicwall, Mitel, Zultys/Yiptel Network/System Administrator teleNetwork - San Marcos, TX July 2016 to March 2017 Performed network system administration for a company of 2000+ employees in three locations ?","tokens":["Primary","Technologies:","Active","Directory,","VMWare,","Dell","Sonicwall,","Mitel,","Zultys/Yiptel","Network/System","Administrator","teleNetwork","-","San","Marcos,","TX","July","2016","to","March","2017","Performed","network","system","administration","for","a","company","of","2000+","employees","in","three","locations","?"],"metadata":[]}],[{"content":"Maintain server uptime locally and across multiple colocation data centers ?","tokens":["Maintain","server","uptime","locally","and","across","multiple","colocation","data","centers","?"],"metadata":[]}],[{"content":"Designed, deployed and evaluated network security practices via policy, hardware and software solutions ?","tokens":["Designed,","deployed","and","evaluated","network","security","practices","via","policy,","hardware","and","software","solutions","?"],"metadata":[]}],[{"content":"Managed ticket queues for network related issues ?","tokens":["Managed","ticket","queues","for","network","related","issues","?"],"metadata":[]}],[{"content":"Troubleshoot and resolve issues with Avaya phone system for 2000+ employees Team Leader Primary Technologies January 2011 to July 2016 Led a team of up to 40 remote and local technical and product support agents ?","tokens":["Troubleshoot","and","resolve","issues","with","Avaya","phone","system","for","2000+","employees","Team","Leader","Primary","Technologies","January","2011","to","July","2016","Led","a","team","of","up","to","40","remote","and","local","technical","and","product","support","agents","?"],"metadata":[]}],[{"content":"Internally promoted from within twice from entry level position ?","tokens":["Internally","promoted","from","within","twice","from","entry","level","position","?"],"metadata":[]}],[{"content":"Led a team of up to 40 remote and local technical and product support agents; handled all payroll, scheduling, team and process issues as the single point of contact ?","tokens":["Led","a","team","of","up","to","40","remote","and","local","technical","and","product","support","agents;","handled","all","payroll,","scheduling,","team","and","process","issues","as","the","single","point","of","contact","?"],"metadata":[]}],[{"content":"Set goals and developed individualized improvement plans using key performance indicators; followed through with coaching and mentoring to ensure success ?","tokens":["Set","goals","and","developed","individualized","improvement","plans","using","key","performance","indicators;","followed","through","with","coaching","and","mentoring","to","ensure","success","?"],"metadata":[]}],[{"content":"Managed simultaneous queues of chat, phone contact and email contact Skills Cisco, Vmware, Backup exec, Windows server 2003 Certifications/Licenses Network+ April 2019 to April 2022 Credential ID NGMHE033S3EQQ335 Additional Information TECHNICAL SKILLS ?","tokens":["Managed","simultaneous","queues","of","chat,","phone","contact","and","email","contact","Skills","Cisco,","Vmware,","Backup","exec,","Windows","server","2003","Certifications/Licenses","Network+","April","2019","to","April","2022","Credential","ID","NGMHE033S3EQQ335","Additional","Information","TECHNICAL","SKILLS","?"],"metadata":[]}],[{"content":"Net+ ?","tokens":["Net+","?"],"metadata":[]}],[{"content":"Windows server 2003, 2008, 2012, 2016 ?","tokens":["Windows","server","2003,","2008,","2012,","2016","?"],"metadata":[]}],[{"content":"VMWare, Horizons VDI, ESXi 6.0-6.5 ?","tokens":["VMWare,","Horizons","VDI,","ESXi","6.0-6.5","?"],"metadata":[]}],[{"content":"Cisco Catalyst, Dell PowerConnect, HP Switches ?","tokens":["Cisco","Catalyst,","Dell","PowerConnect,","HP","Switches","?"],"metadata":[]}],[{"content":"Datto, Unitrends, Mozy, Backup Exec ?","tokens":["Datto,","Unitrends,","Mozy,","Backup","Exec","?"],"metadata":[]}],[{"content":"TrendMicro, AVG","tokens":["TrendMicro,","AVG"],"metadata":[]}]],"labelerInfo":{"id":6821,"email":"tli94@jh.edu","displayName":"Thomas Li"},"labelSets":[{"name":"Resume Labels","index":0,"labelItems":[{"id":"Kj5U6n9NUqTXuWcB3c_7L","labelName":"College"},{"id":"rj7TW0-ymuRo6f_asXJab","labelName":"Company Name"},{"id":"SJEkdao76hjwbb6Fh5SY6","labelName":"Job Title"},{"id":"BjO8MdvK2KI4E5iMEeY4B","labelName":"Graduation Year"},{"id":"eS2knCRgLegeRw8bcmSWA","labelName":"Skill"},{"id":"IeEoIKabMl51BJE0gX2YL","labelName":"Degree"},{"id":"1R0C50AAwFbEp2O0WmRv6","labelName":"Location"},{"id":"zQcc4ygexJ_A3Gb0NeRTk","labelName":"Years of Experience"},{"id":"52S_6moRfhjC-yXgIBeCp","labelName":"Date"},{"id":"KiLarWmwlU1E3-FfdG6Qg","labelName":"Project"},{"id":"dyxKKTAxW1z5ifjPj42BI","labelName":"Name"}]}],"spanLabels":[],"arrowLabels":[],"boundingBoxLabels":[],"timeLabels":[],"comments":[],"url":"datasaur://static/6814/bbe462f4-f116-4ca3-ae2c-b872b5117451.txt"}}
