{"version":"1","data":{"project":{"id":"ODBjYmQ2MDg","name":"NLP SSM Final Project"},"document":{"id":"e7ff84b0-e3f8-4623-ac4e-9e212054d69b","name":"resume_7076_d2.txt"},"kinds":["TOKEN_BASED"],"rows":[[{"content":"Information Technology Specialist Information Technology Specialist Information Technology Specialist Wildomar, CA Restore system functionality by quickly assessing and resolving diverse hardware and software problems.","tokens":["Information","Technology","Specialist","Information","Technology","Specialist","Information","Technology","Specialist","Wildomar,","CA","Restore","system","functionality","by","quickly","assessing","and","resolving","diverse","hardware","and","software","problems."],"metadata":[]}],[{"content":"Good troubleshooting, diagnostic and repair skills combined with strong attention to detail and systematic approach.","tokens":["Good","troubleshooting,","diagnostic","and","repair","skills","combined","with","strong","attention","to","detail","and","systematic","approach."],"metadata":[]}],[{"content":"Work Experience Information Technology Specialist MTN Group Limited - Lagos, NG February 2017 to June 2018 Coordinated installation of clock-in and clock-out software systems and collaborated with user experience team on design and implementation of new features Identified areas of applications for regression testing following software updates, system changes or functionality changes to avoid unnecessary downtime and recoding Developed scripts to communicate with back-end servers in order to provide real-time updated information Cooperated with other project partners to create development software roadmap based on client specifications and user-guided design Oversaw all testing and troubleshooting for software application and documented issue resolutions for development team Increased overall company performance through IT uptime and by implementing cost reductions Web Developer Yemi Michael International Limited - Lagos, NG June 2016 to January 2017 Ensured all sites and online elements adhered to brand guidelines Reviewed project specifications and devised solutions for use across multiple websites Troubleshot, tested and remedied identified issues before software deployment Determined project technical needs and coordinated specifications and requirements Created and built mobile-friendly websites and transitioned legacy site mobile- friendly platform Designed visual and graphic images to use on multiple platforms Reviewed information and elements regularly on websites and pages for accuracy and functionality Computer Instructor Goverment Girls Unity Secondary School ?","tokens":["Work","Experience","Information","Technology","Specialist","MTN","Group","Limited","-","Lagos,","NG","February","2017","to","June","2018","Coordinated","installation","of","clock-in","and","clock-out","software","systems","and","collaborated","with","user","experience","team","on","design","and","implementation","of","new","features","Identified","areas","of","applications","for","regression","testing","following","software","updates,","system","changes","or","functionality","changes","to","avoid","unnecessary","downtime","and","recoding","Developed","scripts","to","communicate","with","back-end","servers","in","order","to","provide","real-time","updated","information","Cooperated","with","other","project","partners","to","create","development","software","roadmap","based","on","client","specifications","and","user-guided","design","Oversaw","all","testing","and","troubleshooting","for","software","application","and","documented","issue","resolutions","for","development","team","Increased","overall","company","performance","through","IT","uptime","and","by","implementing","cost","reductions","Web","Developer","Yemi","Michael","International","Limited","-","Lagos,","NG","June","2016","to","January","2017","Ensured","all","sites","and","online","elements","adhered","to","brand","guidelines","Reviewed","project","specifications","and","devised","solutions","for","use","across","multiple","websites","Troubleshot,","tested","and","remedied","identified","issues","before","software","deployment","Determined","project","technical","needs","and","coordinated","specifications","and","requirements","Created","and","built","mobile-friendly","websites","and","transitioned","legacy","site","mobile-","friendly","platform","Designed","visual","and","graphic","images","to","use","on","multiple","platforms","Reviewed","information","and","elements","regularly","on","websites","and","pages","for","accuracy","and","functionality","Computer","Instructor","Goverment","Girls","Unity","Secondary","School","?"],"metadata":[]}],[{"content":"Obangede, Kogi November 2014 to November 2015 Provided instruction on professional technology use and web etiquette Maintained computer lab of 50 computers and performed computer repairs Created technology coursework for 100 students to teach latest software and hardware Instructed students according to skill level and age on coding languages and principles Monitored computer lab assets, including printers and computers Removed malware and viruses from laptops and desktop systems using specialized software Set up new desktop systems and configured laptops for incoming employees, loading required software and server permissions Education Bachelor of Science in Computer Science Joseph Ayo Babalola University ?","tokens":["Obangede,","Kogi","November","2014","to","November","2015","Provided","instruction","on","professional","technology","use","and","web","etiquette","Maintained","computer","lab","of","50","computers","and","performed","computer","repairs","Created","technology","coursework","for","100","students","to","teach","latest","software","and","hardware","Instructed","students","according","to","skill","level","and","age","on","coding","languages","and","principles","Monitored","computer","lab","assets,","including","printers","and","computers","Removed","malware","and","viruses","from","laptops","and","desktop","systems","using","specialized","software","Set","up","new","desktop","systems","and","configured","laptops","for","incoming","employees,","loading","required","software","and","server","permissions","Education","Bachelor","of","Science","in","Computer","Science","Joseph","Ayo","Babalola","University","?"],"metadata":[]}],[{"content":"Ikeji-Arakeji, Osun State August 2014 Skills Scheduling, Team building, Networking, Technical Support","tokens":["Ikeji-Arakeji,","Osun","State","August","2014","Skills","Scheduling,","Team","building,","Networking,","Technical","Support"],"metadata":[]}]],"labelerInfo":{"id":6821,"email":"tli94@jh.edu","displayName":"Thomas Li"},"labelSets":[{"name":"Resume Labels","index":0,"labelItems":[{"id":"Kj5U6n9NUqTXuWcB3c_7L","labelName":"College"},{"id":"rj7TW0-ymuRo6f_asXJab","labelName":"Company Name"},{"id":"SJEkdao76hjwbb6Fh5SY6","labelName":"Job Title"},{"id":"BjO8MdvK2KI4E5iMEeY4B","labelName":"Graduation Year"},{"id":"eS2knCRgLegeRw8bcmSWA","labelName":"Skill"},{"id":"IeEoIKabMl51BJE0gX2YL","labelName":"Degree"},{"id":"1R0C50AAwFbEp2O0WmRv6","labelName":"Location"},{"id":"zQcc4ygexJ_A3Gb0NeRTk","labelName":"Years of Experience"},{"id":"52S_6moRfhjC-yXgIBeCp","labelName":"Date"},{"id":"KiLarWmwlU1E3-FfdG6Qg","labelName":"Project"},{"id":"dyxKKTAxW1z5ifjPj42BI","labelName":"Name"}]}],"spanLabels":[],"arrowLabels":[],"boundingBoxLabels":[],"timeLabels":[],"comments":[],"url":"datasaur://static/6814/a7348c0f-8623-4075-8e2b-ef05154e512d.txt"}}
