{"version":"1","data":{"project":{"id":"ODBjYmQ2MDg","name":"NLP SSM Final Project"},"document":{"id":"b3b422c9-a4d0-47d5-bfe7-39c118d5c16c","name":"resume_50_d2.txt"},"kinds":["TOKEN_BASED"],"rows":[[{"content":"PYTHON DEVELOPER PYTHON DEVELOPER PYTHON DEVELOPER - INTUITIVE INSURANCE Nashville, TN Over 6+ years of experience as an Application developer in software development and design using Python, Django, Flask, XML, HTML, DHTML, Oracle PL/SQL.","tokens":["PYTHON","DEVELOPER","PYTHON","DEVELOPER","PYTHON","DEVELOPER","-","INTUITIVE","INSURANCE","Nashville,","TN","Over","6+","years","of","experience","as","an","Application","developer","in","software","development","and","design","using","Python,","Django,","Flask,","XML,","HTML,","DHTML,","Oracle","PL/SQL."],"metadata":[]}],[{"content":"Experienced with Python programming and Python libraries for data science including Anaconda distribution, NumPy, Pandas.","tokens":["Experienced","with","Python","programming","and","Python","libraries","for","data","science","including","Anaconda","distribution,","NumPy,","Pandas."],"metadata":[]}],[{"content":"Python packages like, SciPy, tables etc. Experienced with Software Development Life Cycle, strong experience in Database designs.","tokens":["Python","packages","like,","SciPy,","tables","etc.","Experienced","with","Software","Development","Life","Cycle,","strong","experience","in","Database","designs."],"metadata":[]}],[{"content":"Agile methodologies, coding, testing and IDE's such as PyCharm, Sublime Text and NetBeans.","tokens":["Agile","methodologies,","coding,","testing","and","IDE's","such","as","PyCharm,","Sublime","Text","and","NetBeans."],"metadata":[]}],[{"content":"Experience with Django and Flask a high-level Python Web framework.","tokens":["Experience","with","Django","and","Flask","a","high-level","Python","Web","framework."],"metadata":[]}],[{"content":"Experience in developing web applications by following Model View Control (MVC) Architecture using server-side application Django.","tokens":["Experience","in","developing","web","applications","by","following","Model","View","Control","(MVC)","Architecture","using","server-side","application","Django."],"metadata":[]}],[{"content":"Experienced with WAMP (Windows, Apache, MySQL, and PHP) and LAMP (Linux, Apache, MySQL, and PHP) Architecture.","tokens":["Experienced","with","WAMP","(Windows,","Apache,","MySQL,","and","PHP)","and","LAMP","(Linux,","Apache,","MySQL,","and","PHP)","Architecture."],"metadata":[]}],[{"content":"Experience in Flask, SQLite, JavaScript, JQuery, HTML5, Bootstrap and JSON/AJAX.","tokens":["Experience","in","Flask,","SQLite,","JavaScript,","JQuery,","HTML5,","Bootstrap","and","JSON/AJAX."],"metadata":[]}],[{"content":"Experience of using Python modules like NumPy, Matplotlib, Pickle, Pandas, SciPy, PyTables etc., for generating complex graphical data.","tokens":["Experience","of","using","Python","modules","like","NumPy,","Matplotlib,","Pickle,","Pandas,","SciPy,","PyTables","etc.,","for","generating","complex","graphical","data."],"metadata":[]}],[{"content":"Skilled in Object-Oriented Design and Programming using Python.","tokens":["Skilled","in","Object-Oriented","Design","and","Programming","using","Python."],"metadata":[]}],[{"content":"Good knowledge in establishing database connections for Python by configuring packages MySQL- Python.","tokens":["Good","knowledge","in","establishing","database","connections","for","Python","by","configuring","packages","MySQL-","Python."],"metadata":[]}],[{"content":"Experience as a PL/SQL Developer and Data Analyst too.","tokens":["Experience","as","a","PL/SQL","Developer","and","Data","Analyst","too."],"metadata":[]}],[{"content":"Good experience in writing complex queries with Oracle, MS SQL Server, and MongoDB.","tokens":["Good","experience","in","writing","complex","queries","with","Oracle,","MS","SQL","Server,","and","MongoDB."],"metadata":[]}],[{"content":"Experience in developing web services (SOAP and REST) and consuming web services with python programming language.","tokens":["Experience","in","developing","web","services","(SOAP","and","REST)","and","consuming","web","services","with","python","programming","language."],"metadata":[]}],[{"content":"Proficient in developing complex SQL Queries, Stored Procedures, Triggers, Cursors, Functions, and Packages along with performing DDL and DML operations on the database.","tokens":["Proficient","in","developing","complex","SQL","Queries,","Stored","Procedures,","Triggers,","Cursors,","Functions,","and","Packages","along","with","performing","DDL","and","DML","operations","on","the","database."],"metadata":[]}],[{"content":"A detail oriented and multitasking professional with exceptional coding techniques.","tokens":["A","detail","oriented","and","multitasking","professional","with","exceptional","coding","techniques."],"metadata":[]}],[{"content":"Comprehensive knowledge of primary development languages for instance Python and special talent of writing highly competent programs and Test cases.","tokens":["Comprehensive","knowledge","of","primary","development","languages","for","instance","Python","and","special","talent","of","writing","highly","competent","programs","and","Test","cases."],"metadata":[]}],[{"content":"Extensive experience with Object Oriented Design and SDLC methodologies using Rational Rose, Unified Modeling Language (UML).","tokens":["Extensive","experience","with","Object","Oriented","Design","and","SDLC","methodologies","using","Rational","Rose,","Unified","Modeling","Language","(UML)."],"metadata":[]}],[{"content":"Experience in developing AWS clouding system and making heavy use of asynchronous processing with Celery and RabbitMQ.","tokens":["Experience","in","developing","AWS","clouding","system","and","making","heavy","use","of","asynchronous","processing","with","Celery","and","RabbitMQ."],"metadata":[]}],[{"content":"Experience in creating initial website prototype from Django skeleton and building out Views, Templates using CSS for whole site following Django MVT architecture.","tokens":["Experience","in","creating","initial","website","prototype","from","Django","skeleton","and","building","out","Views,","Templates","using","CSS","for","whole","site","following","Django","MVT","architecture."],"metadata":[]}],[{"content":"Involved in Unit testing and Integration testing of the code using PyTest.","tokens":["Involved","in","Unit","testing","and","Integration","testing","of","the","code","using","PyTest."],"metadata":[]}],[{"content":"Experience in object-oriented programming (OOP) concepts using Python C, C++.","tokens":["Experience","in","object-oriented","programming","(OOP)","concepts","using","Python","C,","C++."],"metadata":[]}],[{"content":"Environment: Python, PyUnit, HTML, AJAX, CSS, JavaScript, Django, Amazon Web Services (AWS), JSON, REST, MySQL, NoSQL, Bootstrap, Git, JIRA, Soap, SQL, Machine Learning, Tableau, QuickView, JMP, Segmentation analysis, Agile, Windows and Linux.","tokens":["Environment:","Python,","PyUnit,","HTML,","AJAX,","CSS,","JavaScript,","Django,","Amazon","Web","Services","(AWS),","JSON,","REST,","MySQL,","NoSQL,","Bootstrap,","Git,","JIRA,","Soap,","SQL,","Machine","Learning,","Tableau,","QuickView,","JMP,","Segmentation","analysis,","Agile,","Windows","and","Linux."],"metadata":[]}],[{"content":"Work Experience PYTHON DEVELOPER INTUITIVE INSURANCE - Nashville, TN November 2017 to Present Roles & Responsibilities: Worked with team of developers on Python applications for RISK management.","tokens":["Work","Experience","PYTHON","DEVELOPER","INTUITIVE","INSURANCE","-","Nashville,","TN","November","2017","to","Present","Roles","&","Responsibilities:","Worked","with","team","of","developers","on","Python","applications","for","RISK","management."],"metadata":[]}],[{"content":"Worked on Python Open stack API's used Python scripts to update content in the database and manipulate files Involved in analysis, specification, design, and implementation and testing phases of Software Development Life Cycle (SDLC) and used agile methodology for developing application.","tokens":["Worked","on","Python","Open","stack","API's","used","Python","scripts","to","update","content","in","the","database","and","manipulate","files","Involved","in","analysis,","specification,","design,","and","implementation","and","testing","phases","of","Software","Development","Life","Cycle","(SDLC)","and","used","agile","methodology","for","developing","application."],"metadata":[]}],[{"content":"Participate in requirement gathering and analysis phase of the project in documenting the business requirements by conducting workshops/meetings with various business users.","tokens":["Participate","in","requirement","gathering","and","analysis","phase","of","the","project","in","documenting","the","business","requirements","by","conducting","workshops/meetings","with","various","business","users."],"metadata":[]}],[{"content":"Implemented machine learning schemes using Python libraries scikit-learn and scipy.","tokens":["Implemented","machine","learning","schemes","using","Python","libraries","scikit-learn","and","scipy."],"metadata":[]}],[{"content":"Experience in MVC architecture using Django for web-based application in OOP concepts.","tokens":["Experience","in","MVC","architecture","using","Django","for","web-based","application","in","OOP","concepts."],"metadata":[]}],[{"content":"Worked on several Python Packages like Matpoltlib, Pillow, Numpy, SQL Alchemy, and sockets.","tokens":["Worked","on","several","Python","Packages","like","Matpoltlib,","Pillow,","Numpy,","SQL","Alchemy,","and","sockets."],"metadata":[]}],[{"content":"Used python libraries like Beautiful Soup and matplotlib.","tokens":["Used","python","libraries","like","Beautiful","Soup","and","matplotlib."],"metadata":[]}],[{"content":"Utilized standard Python modules such as robotparser, itertools and pickle for development.","tokens":["Utilized","standard","Python","modules","such","as","robotparser,","itertools","and","pickle","for","development."],"metadata":[]}],[{"content":"Worked on Python OpenStack APIs and used Numpy for Numerical analysis.","tokens":["Worked","on","Python","OpenStack","APIs","and","used","Numpy","for","Numerical","analysis."],"metadata":[]}],[{"content":"Designed and deployed machine learning solutions in Python to classify millions of previously unclassified Twitter users into core data product.","tokens":["Designed","and","deployed","machine","learning","solutions","in","Python","to","classify","millions","of","previously","unclassified","Twitter","users","into","core","data","product."],"metadata":[]}],[{"content":"Developed and tested many features for dashboard, created using Bootstrap, CSS, and JavaScript.","tokens":["Developed","and","tested","many","features","for","dashboard,","created","using","Bootstrap,","CSS,","and","JavaScript."],"metadata":[]}],[{"content":"Experience in managing MongoDB environment from availability, performance and scalability perspectives.","tokens":["Experience","in","managing","MongoDB","environment","from","availability,","performance","and","scalability","perspectives."],"metadata":[]}],[{"content":"Developed Wrapper in Python for instantiating multi-threaded application.","tokens":["Developed","Wrapper","in","Python","for","instantiating","multi-threaded","application."],"metadata":[]}],[{"content":"Used Pandas API to put the data as time series and tabular form for east timestamp data manipulation and retrieval to handle time series data and do data manipulation.","tokens":["Used","Pandas","API","to","put","the","data","as","time","series","and","tabular","form","for","east","timestamp","data","manipulation","and","retrieval","to","handle","time","series","data","and","do","data","manipulation."],"metadata":[]}],[{"content":"Used Python and Django to interface with the jQuery UI and manage the storage and deletion of content.","tokens":["Used","Python","and","Django","to","interface","with","the","jQuery","UI","and","manage","the","storage","and","deletion","of","content."],"metadata":[]}],[{"content":"Using Git version control tool to coordinate team-development.","tokens":["Using","Git","version","control","tool","to","coordinate","team-development."],"metadata":[]}],[{"content":"Designed and developed the UI of the website using HTML, XHTML, AJAX, CSS and JavaScript, also used Bootstrap as a mechanism to manage and organize the html page layout.","tokens":["Designed","and","developed","the","UI","of","the","website","using","HTML,","XHTML,","AJAX,","CSS","and","JavaScript,","also","used","Bootstrap","as","a","mechanism","to","manage","and","organize","the","html","page","layout."],"metadata":[]}],[{"content":"Developed a fully automated continuous integration system using Git, Gerrit, Jenkins, MySQL and custom tools developed in Python and Bash.","tokens":["Developed","a","fully","automated","continuous","integration","system","using","Git,","Gerrit,","Jenkins,","MySQL","and","custom","tools","developed","in","Python","and","Bash."],"metadata":[]}],[{"content":"Wrote and executed various MYSQL database queries from Python using Python-MySQL connector and MySQL db package.","tokens":["Wrote","and","executed","various","MYSQL","database","queries","from","Python","using","Python-MySQL","connector","and","MySQL","db","package."],"metadata":[]}],[{"content":"Involved in development of Web Services using SOAP for sending and getting data from the external interface in the XML format.","tokens":["Involved","in","development","of","Web","Services","using","SOAP","for","sending","and","getting","data","from","the","external","interface","in","the","XML","format."],"metadata":[]}],[{"content":"Environment: Python Libraries, SOAP, MYSQL Database.","tokens":["Environment:","Python","Libraries,","SOAP,","MYSQL","Database."],"metadata":[]}],[{"content":"PYTHON DEVELOPER XPO LOGISTICS - Greenwich, CT January 2017 to October 2017 Roles & Responsibilities: Developed views and templates with Python and Django's view controller and templating language to create a user-friendly website interface.","tokens":["PYTHON","DEVELOPER","XPO","LOGISTICS","-","Greenwich,","CT","January","2017","to","October","2017","Roles","&","Responsibilities:","Developed","views","and","templates","with","Python","and","Django's","view","controller","and","templating","language","to","create","a","user-friendly","website","interface."],"metadata":[]}],[{"content":"Implemented machine learning schemes using python libraries like sci-kit-learn and SciPy.","tokens":["Implemented","machine","learning","schemes","using","python","libraries","like","sci-kit-learn","and","SciPy."],"metadata":[]}],[{"content":"Wrote scripts in Python for automation of testing Framework jobs.","tokens":["Wrote","scripts","in","Python","for","automation","of","testing","Framework","jobs."],"metadata":[]}],[{"content":"Implemented AJAX for dynamic functionality of webpages for front end applications.","tokens":["Implemented","AJAX","for","dynamic","functionality","of","webpages","for","front","end","applications."],"metadata":[]}],[{"content":"Used Ajax and JQuery for transmitting JSON data objects between frontend and controllers.","tokens":["Used","Ajax","and","JQuery","for","transmitting","JSON","data","objects","between","frontend","and","controllers."],"metadata":[]}],[{"content":"Worked on front end frameworks like CSS Bootstrap for responsive web pages.","tokens":["Worked","on","front","end","frameworks","like","CSS","Bootstrap","for","responsive","web","pages."],"metadata":[]}],[{"content":"Implemented a presentation layer using a CSS framework, Wire-Framing, and HTML5.","tokens":["Implemented","a","presentation","layer","using","a","CSS","framework,","Wire-Framing,","and","HTML5."],"metadata":[]}],[{"content":"Worked on server-side applications with Django using Python programming.","tokens":["Worked","on","server-side","applications","with","Django","using","Python","programming."],"metadata":[]}],[{"content":"Associated with working cloud computing platforms like Open Stack.","tokens":["Associated","with","working","cloud","computing","platforms","like","Open","Stack."],"metadata":[]}],[{"content":"Building and supporting libraries in the test automation infrastructure.","tokens":["Building","and","supporting","libraries","in","the","test","automation","infrastructure."],"metadata":[]}],[{"content":"Created tools in Python and R perform Web scraping, Data Mining, Sentiment Analysis, Machine Learning, Document Comparison, Data Compression, and other NLP analyses.","tokens":["Created","tools","in","Python","and","R","perform","Web","scraping,","Data","Mining,","Sentiment","Analysis,","Machine","Learning,","Document","Comparison,","Data","Compression,","and","other","NLP","analyses."],"metadata":[]}],[{"content":"Worked on Amazon Web Services (AWS) infrastructure with automation and configuration management tools such as Chef and Puppet.","tokens":["Worked","on","Amazon","Web","Services","(AWS)","infrastructure","with","automation","and","configuration","management","tools","such","as","Chef","and","Puppet."],"metadata":[]}],[{"content":"Build all database mapping classes using Django models with the help of ORM like MySQL.","tokens":["Build","all","database","mapping","classes","using","Django","models","with","the","help","of","ORM","like","MySQL."],"metadata":[]}],[{"content":"Involved in entire lifecycle of the project including Design, Development, and Deployment, implementation and support based on the requirement.","tokens":["Involved","in","entire","lifecycle","of","the","project","including","Design,","Development,","and","Deployment,","implementation","and","support","based","on","the","requirement."],"metadata":[]}],[{"content":"Developed Wrapper in Python for instantiating multi-threaded application.","tokens":["Developed","Wrapper","in","Python","for","instantiating","multi-threaded","application."],"metadata":[]}],[{"content":"Good Understanding of the Database Schema, Data Dictionary, Data Models for testing the data in an ETL process.","tokens":["Good","Understanding","of","the","Database","Schema,","Data","Dictionary,","Data","Models","for","testing","the","data","in","an","ETL","process."],"metadata":[]}],[{"content":"Created data access using SQL and PL/SQL stored procedures.","tokens":["Created","data","access","using","SQL","and","PL/SQL","stored","procedures."],"metadata":[]}],[{"content":"Good experience in Shell Scripting, SQL Server, UNIX and Linux, Open Stack.","tokens":["Good","experience","in","Shell","Scripting,","SQL","Server,","UNIX","and","Linux,","Open","Stack."],"metadata":[]}],[{"content":"Worked with the product development team in building the necessary infrastructure to support the development, test and production of the product.","tokens":["Worked","with","the","product","development","team","in","building","the","necessary","infrastructure","to","support","the","development,","test","and","production","of","the","product."],"metadata":[]}],[{"content":"Involved in Managing tables, Indexes, stored procedures and user defined functions of HMIS Database.","tokens":["Involved","in","Managing","tables,","Indexes,","stored","procedures","and","user","defined","functions","of","HMIS","Database."],"metadata":[]}],[{"content":"Worked on PowerShell for the purposes of automation and also made use of command line shell and shell scripting.","tokens":["Worked","on","PowerShell","for","the","purposes","of","automation","and","also","made","use","of","command","line","shell","and","shell","scripting."],"metadata":[]}],[{"content":"Worked on AWS Cloud Formation and Terraform API to create infrastructure on AWS as a code.","tokens":["Worked","on","AWS","Cloud","Formation","and","Terraform","API","to","create","infrastructure","on","AWS","as","a","code."],"metadata":[]}],[{"content":"Environment: Python, Django, MySQL, AWS etc. PYTHON DEVELOPER YASH TECHNOLOGIES - Pune, Maharashtra July 2013 to November 2015 Roles & Responsibilities: Wrote Python modules to extract/load asset data from the MySQL source database.","tokens":["Environment:","Python,","Django,","MySQL,","AWS","etc.","PYTHON","DEVELOPER","YASH","TECHNOLOGIES","-","Pune,","Maharashtra","July","2013","to","November","2015","Roles","&","Responsibilities:","Wrote","Python","modules","to","extract/load","asset","data","from","the","MySQL","source","database."],"metadata":[]}],[{"content":"Having experience in Agile Methodologies, Scrum stories and sprints experience in Python.","tokens":["Having","experience","in","Agile","Methodologies,","Scrum","stories","and","sprints","experience","in","Python."],"metadata":[]}],[{"content":"Developed user interface using CSS, PHP, HTML, JavaScript and JQuery.","tokens":["Developed","user","interface","using","CSS,","PHP,","HTML,","JavaScript","and","JQuery."],"metadata":[]}],[{"content":"Designed and developed Use-Cases, Classes and Object Diagrams using UML Rational Rose for Object Oriented Design techniques.","tokens":["Designed","and","developed","Use-Cases,","Classes","and","Object","Diagrams","using","UML","Rational","Rose","for","Object","Oriented","Design","techniques."],"metadata":[]}],[{"content":"Designed and implemented a dedicated MySQL database server to drive the web apps and report on daily progress.","tokens":["Designed","and","implemented","a","dedicated","MySQL","database","server","to","drive","the","web","apps","and","report","on","daily","progress."],"metadata":[]}],[{"content":"Developed views and templates with Python and Django's view controller and templating language to create a user-friendly website interface.","tokens":["Developed","views","and","templates","with","Python","and","Django's","view","controller","and","templating","language","to","create","a","user-friendly","website","interface."],"metadata":[]}],[{"content":"Used PyUnit, the Python unit test framework, for all Python applications.","tokens":["Used","PyUnit,","the","Python","unit","test","framework,","for","all","Python","applications."],"metadata":[]}],[{"content":"Involved in develop the REST Web services to expose the business methods to external services in the project.","tokens":["Involved","in","develop","the","REST","Web","services","to","expose","the","business","methods","to","external","services","in","the","project."],"metadata":[]}],[{"content":"Participated in requirement gathering and worked closely with the architect in designing and modeling.","tokens":["Participated","in","requirement","gathering","and","worked","closely","with","the","architect","in","designing","and","modeling."],"metadata":[]}],[{"content":"Worked on front end frame works like CSS, Angular JS, Bootstrap for development of Web application.","tokens":["Worked","on","front","end","frame","works","like","CSS,","Angular","JS,","Bootstrap","for","development","of","Web","application."],"metadata":[]}],[{"content":"Created a Git repository and added the project to GitHub.","tokens":["Created","a","Git","repository","and","added","the","project","to","GitHub."],"metadata":[]}],[{"content":"Collaborated with internal teams and external teams to solve the issues and giving feedbacks.","tokens":["Collaborated","with","internal","teams","and","external","teams","to","solve","the","issues","and","giving","feedbacks."],"metadata":[]}],[{"content":"Used Test driven approach for developing the application and Implemented the unit tests using Python Unit test framework.","tokens":["Used","Test","driven","approach","for","developing","the","application","and","Implemented","the","unit","tests","using","Python","Unit","test","framework."],"metadata":[]}],[{"content":"Worked on MongoDB database concepts such as locking, transactions, indexes, Shading, replication, schema design.","tokens":["Worked","on","MongoDB","database","concepts","such","as","locking,","transactions,","indexes,","Shading,","replication,","schema","design."],"metadata":[]}],[{"content":"Developed Python scripts to monitor health of Mongo databases and perform ad-hoc backups using Mongo dump and Mongo restore.","tokens":["Developed","Python","scripts","to","monitor","health","of","Mongo","databases","and","perform","ad-hoc","backups","using","Mongo","dump","and","Mongo","restore."],"metadata":[]}],[{"content":"Documented the problems and progress of project most accurately.","tokens":["Documented","the","problems","and","progress","of","project","most","accurately."],"metadata":[]}],[{"content":"Worked together with team during testing of data warehouses.","tokens":["Worked","together","with","team","during","testing","of","data","warehouses."],"metadata":[]}],[{"content":"Environment: Python Modules, Frameworks.","tokens":["Environment:","Python","Modules,","Frameworks."],"metadata":[]}],[{"content":"Education Master's MSITM in Campbellsville University December 2016 Bachelor's in Computer Science Chalapathi Institute of Engineering & Technology 2009 to 2013 Skills HTML (3 years), JavaScript.","tokens":["Education","Master's","MSITM","in","Campbellsville","University","December","2016","Bachelor's","in","Computer","Science","Chalapathi","Institute","of","Engineering","&","Technology","2009","to","2013","Skills","HTML","(3","years),","JavaScript."],"metadata":[]}],[{"content":"(3 years), jQuery (4 years), MySQL (4 years), PYTHON (5 years), Javascript (4 years), PHP (2 years), HTML 5 (3 years), Git (4 years), Mongodb (4 years), Django (4 years), Google Cloud Platform (4 years), Flask (4 years) Additional Information SKILLS Programming Languages Python, Java, C++, Shell Script, SQL Python Frameworks Django, Flask Python Libraries NumPy, Matplotlib, Pickle, Pandas, SciPy, wxPython, PyTables, PyQt, SQL Alchemy Web Technologies AJAX, JavaScript, HTML, DHTML, XHTML, XML, JSON, JQuery Databases MySQL, SQL Server, Oracle, MongoDB SDLC Methodologies Agile, Waterfall JavaScript Frameworks Angular JS, Node JS Operating systems Windows, Linux/UNIX Google Cloud Platform","tokens":["(3","years),","jQuery","(4","years),","MySQL","(4","years),","PYTHON","(5","years),","Javascript","(4","years),","PHP","(2","years),","HTML","5","(3","years),","Git","(4","years),","Mongodb","(4","years),","Django","(4","years),","Google","Cloud","Platform","(4","years),","Flask","(4","years)","Additional","Information","SKILLS","Programming","Languages","Python,","Java,","C++,","Shell","Script,","SQL","Python","Frameworks","Django,","Flask","Python","Libraries","NumPy,","Matplotlib,","Pickle,","Pandas,","SciPy,","wxPython,","PyTables,","PyQt,","SQL","Alchemy","Web","Technologies","AJAX,","JavaScript,","HTML,","DHTML,","XHTML,","XML,","JSON,","JQuery","Databases","MySQL,","SQL","Server,","Oracle,","MongoDB","SDLC","Methodologies","Agile,","Waterfall","JavaScript","Frameworks","Angular","JS,","Node","JS","Operating","systems","Windows,","Linux/UNIX","Google","Cloud","Platform"],"metadata":[]}]],"labelerInfo":{"id":6814,"email":"cwilhel8@jh.edu","displayName":"Chris Wilhelm"},"labelSets":[{"name":"Resume Labels","index":0,"labelItems":[{"id":"Kj5U6n9NUqTXuWcB3c_7L","labelName":"College"},{"id":"rj7TW0-ymuRo6f_asXJab","labelName":"Company Name"},{"id":"SJEkdao76hjwbb6Fh5SY6","labelName":"Job Title"},{"id":"BjO8MdvK2KI4E5iMEeY4B","labelName":"Graduation Year"},{"id":"eS2knCRgLegeRw8bcmSWA","labelName":"Skill"},{"id":"IeEoIKabMl51BJE0gX2YL","labelName":"Degree"},{"id":"1R0C50AAwFbEp2O0WmRv6","labelName":"Location"},{"id":"zQcc4ygexJ_A3Gb0NeRTk","labelName":"Years of Experience"},{"id":"52S_6moRfhjC-yXgIBeCp","labelName":"Date"},{"id":"KiLarWmwlU1E3-FfdG6Qg","labelName":"Project"},{"id":"dyxKKTAxW1z5ifjPj42BI","labelName":"Name"}]}],"spanLabels":[],"arrowLabels":[],"boundingBoxLabels":[],"timeLabels":[],"comments":[],"url":"datasaur://static/6814/b3b422c9-a4d0-47d5-bfe7-39c118d5c16c.txt"}}
