{"version":"1","data":{"project":{"id":"ODBjYmQ2MDg","name":"NLP SSM Final Project"},"document":{"id":"87aaefb9-3c93-4689-bdea-6968dc752f46","name":"resume_1640_d1.txt"},"kinds":["TOKEN_BASED"],"rows":[[{"content":"ACCOUNT MANAGER/BUSINESS DEVELOPMENT Experience Account Manager/Business Development , 07/2018 to 07/2019 Company Name – City , State Responsible for simplifying diagnostics and improving global health by providing advanced and supporting advanced health care solutions.","tokens":["ACCOUNT","MANAGER/BUSINESS","DEVELOPMENT","Experience","Account","Manager/Business","Development",",","07/2018","to","07/2019","Company","Name","–","City",",","State","Responsible","for","simplifying","diagnostics","and","improving","global","health","by","providing","advanced","and","supporting","advanced","health","care","solutions."],"metadata":[]}],[{"content":"Identify, select, and develop distributors and end-users qualified to successfully represent CTK Product both domestically and internationally.","tokens":["Identify,","select,","and","develop","distributors","and","end-users","qualified","to","successfully","represent","CTK","Product","both","domestically","and","internationally."],"metadata":[]}],[{"content":"Collaborate with current customers to develop new business and/or to expand existing businesses within the assigned region.","tokens":["Collaborate","with","current","customers","to","develop","new","business","and/or","to","expand","existing","businesses","within","the","assigned","region."],"metadata":[]}],[{"content":"Negotiate pricing agreements that balance the needs of the organization with the needs of the customer as well as monitor and analyze data and market conditions to identify competitive advantages for new and current customers.","tokens":["Negotiate","pricing","agreements","that","balance","the","needs","of","the","organization","with","the","needs","of","the","customer","as","well","as","monitor","and","analyze","data","and","market","conditions","to","identify","competitive","advantages","for","new","and","current","customers."],"metadata":[]}],[{"content":"Conduct market tours, meeting with end users and distributors to collect market feedback, conduct business planning, make product presentations, troubleshoot and train distributor sales staff.","tokens":["Conduct","market","tours,","meeting","with","end","users","and","distributors","to","collect","market","feedback,","conduct","business","planning,","make","product","presentations,","troubleshoot","and","train","distributor","sales","staff."],"metadata":[]}],[{"content":"Representation of CTK Products at International trade shows in Europe and Latin America.","tokens":["Representation","of","CTK","Products","at","International","trade","shows","in","Europe","and","Latin","America."],"metadata":[]}],[{"content":"Engage in opportunities and propose effective strategies by performing cost-benefit analysis for positioning CTK products within each market.","tokens":["Engage","in","opportunities","and","propose","effective","strategies","by","performing","cost-benefit","analysis","for","positioning","CTK","products","within","each","market."],"metadata":[]}],[{"content":"Outline and record the market environment and business potential related to CTK products.","tokens":["Outline","and","record","the","market","environment","and","business","potential","related","to","CTK","products."],"metadata":[]}],[{"content":"Manage distributor quotas and purchase levels of assigned accounts to ensure achievement of assigned CTK sales targets.","tokens":["Manage","distributor","quotas","and","purchase","levels","of","assigned","accounts","to","ensure","achievement","of","assigned","CTK","sales","targets."],"metadata":[]}],[{"content":"Ranked as the #1 Account Executive that finished quarter 2 with a 4% increase for the year.","tokens":["Ranked","as","the","#1","Account","Executive","that","finished","quarter","2","with","a","4%","increase","for","the","year."],"metadata":[]}],[{"content":"Reach quarterly sales targets and work with the sales team to develop strategies and implement brand strategies to ensure a consistent marketing message.","tokens":["Reach","quarterly","sales","targets","and","work","with","the","sales","team","to","develop","strategies","and","implement","brand","strategies","to","ensure","a","consistent","marketing","message."],"metadata":[]}],[{"content":"Responsible for generating new Research Use Only accounts to enhance the CTK products in the United States.","tokens":["Responsible","for","generating","new","Research","Use","Only","accounts","to","enhance","the","CTK","products","in","the","United","States."],"metadata":[]}],[{"content":"Laboratory Consumables Sales Representative , 07/2017 to 05/2018 Company Name – City , State Acquired deep knowledge of IMEB's lab equipment and supplies, service offerings, and business processes.","tokens":["Laboratory","Consumables","Sales","Representative",",","07/2017","to","05/2018","Company","Name","–","City",",","State","Acquired","deep","knowledge","of","IMEB's","lab","equipment","and","supplies,","service","offerings,","and","business","processes."],"metadata":[]}],[{"content":"Managed incoming sales leads which included responding to incoming inquiries that are considered to be non-strategic or transactional accounts within the United States and Latin America.","tokens":["Managed","incoming","sales","leads","which","included","responding","to","incoming","inquiries","that","are","considered","to","be","non-strategic","or","transactional","accounts","within","the","United","States","and","Latin","America."],"metadata":[]}],[{"content":"Used knowledge of the industry and market, specifically customer and competitor trends, to build and grow the new and existing customer base while achieving a defined sales goal.","tokens":["Used","knowledge","of","the","industry","and","market,","specifically","customer","and","competitor","trends,","to","build","and","grow","the","new","and","existing","customer","base","while","achieving","a","defined","sales","goal."],"metadata":[]}],[{"content":"Developed and implemented a business plan to expand business and maintain a pipeline of opportunities to meet or exceed sales objectives.","tokens":["Developed","and","implemented","a","business","plan","to","expand","business","and","maintain","a","pipeline","of","opportunities","to","meet","or","exceed","sales","objectives."],"metadata":[]}],[{"content":"Led and participated in presentations at conferences and special projects as required.","tokens":["Led","and","participated","in","presentations","at","conferences","and","special","projects","as","required."],"metadata":[]}],[{"content":"National Sales Executive , 06/2016 to 07/2017 Company Name – City , State Provided and promoted the best quality nursing uniforms as well as selling add- on services such as lab equipment, supplies, patches and embroidery for health care professionals.","tokens":["National","Sales","Executive",",","06/2016","to","07/2017","Company","Name","–","City",",","State","Provided","and","promoted","the","best","quality","nursing","uniforms","as","well","as","selling","add-","on","services","such","as","lab","equipment,","supplies,","patches","and","embroidery","for","health","care","professionals."],"metadata":[]}],[{"content":"Number 1 Sales producer at Dove Professional Apparel for the last 3 years of their sales history.","tokens":["Number","1","Sales","producer","at","Dove","Professional","Apparel","for","the","last","3","years","of","their","sales","history."],"metadata":[]}],[{"content":"Developed new clients and business by prospecting, cold calling, attending national conferences and responding to business leads.","tokens":["Developed","new","clients","and","business","by","prospecting,","cold","calling,","attending","national","conferences","and","responding","to","business","leads."],"metadata":[]}],[{"content":"Maintained a high level of customer service and increased revenue streams with existing customers as well as leveraged relationships to expand business.","tokens":["Maintained","a","high","level","of","customer","service","and","increased","revenue","streams","with","existing","customers","as","well","as","leveraged","relationships","to","expand","business."],"metadata":[]}],[{"content":"Also monitored and reviewed customer sales activity and made adjustments to processes and strategies as needed.","tokens":["Also","monitored","and","reviewed","customer","sales","activity","and","made","adjustments","to","processes","and","strategies","as","needed."],"metadata":[]}],[{"content":"Made customized presentations to various accounts which included onsite visits, problem solving workshops, administrative follow-ups and master knowledge of the Dove product line and value proposition..","tokens":["Made","customized","presentations","to","various","accounts","which","included","onsite","visits,","problem","solving","workshops,","administrative","follow-ups","and","master","knowledge","of","the","Dove","product","line","and","value","proposition.."],"metadata":[]}],[{"content":"Market Analyst/ Business Development Specialist/ Client Advocate , 01/2010 to 06/2016 Company Name – City , State Generated sales leads by contacting library staff member's pre-registration industry conference lists, seminars, websites enquiries, client databases and client referrals.","tokens":["Market","Analyst/","Business","Development","Specialist/","Client","Advocate",",","01/2010","to","06/2016","Company","Name","–","City",",","State","Generated","sales","leads","by","contacting","library","staff","member's","pre-registration","industry","conference","lists,","seminars,","websites","enquiries,","client","databases","and","client","referrals."],"metadata":[]}],[{"content":"Provided clients with regular account reviews in an effort to elicit open communication with respect to the value of services and upsell additional products and processed long-term agreements contracts.","tokens":["Provided","clients","with","regular","account","reviews","in","an","effort","to","elicit","open","communication","with","respect","to","the","value","of","services","and","upsell","additional","products","and","processed","long-term","agreements","contracts."],"metadata":[]}],[{"content":"In charge of reporting, tracking, evaluating a client's progress on their Technology Roadmap, while staying mindful of critical impacts to the client's business needs.","tokens":["In","charge","of","reporting,","tracking,","evaluating","a","client's","progress","on","their","Technology","Roadmap,","while","staying","mindful","of","critical","impacts","to","the","client's","business","needs."],"metadata":[]}],[{"content":"Suggested and implemented creative pricing and payment solutions balancing customer needs and pricing policies.","tokens":["Suggested","and","implemented","creative","pricing","and","payment","solutions","balancing","customer","needs","and","pricing","policies."],"metadata":[]}],[{"content":"Worked with multiple business departments (legal, finance, marketing, operations) to develop solutions for growth and development of operational best practices.","tokens":["Worked","with","multiple","business","departments","(legal,","finance,","marketing,","operations)","to","develop","solutions","for","growth","and","development","of","operational","best","practices."],"metadata":[]}],[{"content":"Supported the requirements for customer licensing and monitored accounts for compliance issues.","tokens":["Supported","the","requirements","for","customer","licensing","and","monitored","accounts","for","compliance","issues."],"metadata":[]}],[{"content":"Business Manager/Sales Manager , 09/2006 to 03/2009 Company Name – City , State Conducted job performance reviews, manage staff and personnel issues, supervised customer service and directly responsible for meeting and exceeding personal and team sales goals as set forth by Store Management.","tokens":["Business","Manager/Sales","Manager",",","09/2006","to","03/2009","Company","Name","–","City",",","State","Conducted","job","performance","reviews,","manage","staff","and","personnel","issues,","supervised","customer","service","and","directly","responsible","for","meeting","and","exceeding","personal","and","team","sales","goals","as","set","forth","by","Store","Management."],"metadata":[]}],[{"content":"Managed the orientation and development of all Cosmetic Consultants to ensure increased brand awareness, productivity and sales.","tokens":["Managed","the","orientation","and","development","of","all","Cosmetic","Consultants","to","ensure","increased","brand","awareness,","productivity","and","sales."],"metadata":[]}],[{"content":"Fully responsible for recruiting and interviewing potential candidates based on hiring criteria.","tokens":["Fully","responsible","for","recruiting","and","interviewing","potential","candidates","based","on","hiring","criteria."],"metadata":[]}],[{"content":"Organized special events / tradeshows and reached out to outside businesses to increase revenue.","tokens":["Organized","special","events","/","tradeshows","and","reached","out","to","outside","businesses","to","increase","revenue."],"metadata":[]}],[{"content":"Conducted product demonstrations and presentations.","tokens":["Conducted","product","demonstrations","and","presentations."],"metadata":[]}],[{"content":"Work History Account Manager/Business Development , 07/2018 to 07/2019 Company Name – City , State Responsible for simplifying diagnostics and improving global health by providing advanced and supporting advanced health care solutions.","tokens":["Work","History","Account","Manager/Business","Development",",","07/2018","to","07/2019","Company","Name","–","City",",","State","Responsible","for","simplifying","diagnostics","and","improving","global","health","by","providing","advanced","and","supporting","advanced","health","care","solutions."],"metadata":[]}],[{"content":"Identify, select, and develop distributors and end-users qualified to successfully represent CTK Product both domestically and internationally.","tokens":["Identify,","select,","and","develop","distributors","and","end-users","qualified","to","successfully","represent","CTK","Product","both","domestically","and","internationally."],"metadata":[]}],[{"content":"Collaborate with current customers to develop new business and/or to expand existing businesses within the assigned region.","tokens":["Collaborate","with","current","customers","to","develop","new","business","and/or","to","expand","existing","businesses","within","the","assigned","region."],"metadata":[]}],[{"content":"Negotiate pricing agreements that balance the needs of the organization with the needs of the customer as well as monitor and analyze data and market conditions to identify competitive advantages for new and current customers.","tokens":["Negotiate","pricing","agreements","that","balance","the","needs","of","the","organization","with","the","needs","of","the","customer","as","well","as","monitor","and","analyze","data","and","market","conditions","to","identify","competitive","advantages","for","new","and","current","customers."],"metadata":[]}],[{"content":"Conduct market tours, meeting with end users and distributors to collect market feedback, conduct business planning, make product presentations, troubleshoot and train distributor sales staff.","tokens":["Conduct","market","tours,","meeting","with","end","users","and","distributors","to","collect","market","feedback,","conduct","business","planning,","make","product","presentations,","troubleshoot","and","train","distributor","sales","staff."],"metadata":[]}],[{"content":"Representation of CTK Products at International trade shows in Europe and Latin America.","tokens":["Representation","of","CTK","Products","at","International","trade","shows","in","Europe","and","Latin","America."],"metadata":[]}],[{"content":"Engage in opportunities and propose effective strategies by performing cost-benefit analysis for positioning CTK products within each market.","tokens":["Engage","in","opportunities","and","propose","effective","strategies","by","performing","cost-benefit","analysis","for","positioning","CTK","products","within","each","market."],"metadata":[]}],[{"content":"Outline and record the market environment and business potential related to CTK products.","tokens":["Outline","and","record","the","market","environment","and","business","potential","related","to","CTK","products."],"metadata":[]}],[{"content":"Manage distributor quotas and purchase levels of assigned accounts to ensure achievement of assigned CTK sales targets.","tokens":["Manage","distributor","quotas","and","purchase","levels","of","assigned","accounts","to","ensure","achievement","of","assigned","CTK","sales","targets."],"metadata":[]}],[{"content":"Ranked as the #1 Account Executive that finished quarter 2 with a 4% increase for the year.","tokens":["Ranked","as","the","#1","Account","Executive","that","finished","quarter","2","with","a","4%","increase","for","the","year."],"metadata":[]}],[{"content":"Reach quarterly sales targets and work with the sales team to develop strategies and implement brand strategies to ensure a consistent marketing message.","tokens":["Reach","quarterly","sales","targets","and","work","with","the","sales","team","to","develop","strategies","and","implement","brand","strategies","to","ensure","a","consistent","marketing","message."],"metadata":[]}],[{"content":"Responsible for generating new Research Use Only accounts to enhance the CTK products in the United States.","tokens":["Responsible","for","generating","new","Research","Use","Only","accounts","to","enhance","the","CTK","products","in","the","United","States."],"metadata":[]}],[{"content":"Laboratory Consumables Sales Representative , 07/2017 to 05/2018 Company Name – City , State Acquired deep knowledge of IMEB's lab equipment and supplies, service offerings, and business processes.","tokens":["Laboratory","Consumables","Sales","Representative",",","07/2017","to","05/2018","Company","Name","–","City",",","State","Acquired","deep","knowledge","of","IMEB's","lab","equipment","and","supplies,","service","offerings,","and","business","processes."],"metadata":[]}],[{"content":"Managed incoming sales leads which included responding to incoming inquiries that are considered to be non-strategic or transactional accounts within the United States and Latin America.","tokens":["Managed","incoming","sales","leads","which","included","responding","to","incoming","inquiries","that","are","considered","to","be","non-strategic","or","transactional","accounts","within","the","United","States","and","Latin","America."],"metadata":[]}],[{"content":"Used knowledge of the industry and market, specifically customer and competitor trends, to build and grow the new and existing customer base while achieving a defined sales goal.","tokens":["Used","knowledge","of","the","industry","and","market,","specifically","customer","and","competitor","trends,","to","build","and","grow","the","new","and","existing","customer","base","while","achieving","a","defined","sales","goal."],"metadata":[]}],[{"content":"Developed and implemented a business plan to expand business and maintain a pipeline of opportunities to meet or exceed sales objectives.","tokens":["Developed","and","implemented","a","business","plan","to","expand","business","and","maintain","a","pipeline","of","opportunities","to","meet","or","exceed","sales","objectives."],"metadata":[]}],[{"content":"Led and participated in presentations at conferences and special projects as required.","tokens":["Led","and","participated","in","presentations","at","conferences","and","special","projects","as","required."],"metadata":[]}],[{"content":"National Sales Executive , 06/2016 to 07/2017 Company Name – City , State Provided and promoted the best quality nursing uniforms as well as selling add- on services such as lab equipment, supplies, patches and embroidery for health care professionals.","tokens":["National","Sales","Executive",",","06/2016","to","07/2017","Company","Name","–","City",",","State","Provided","and","promoted","the","best","quality","nursing","uniforms","as","well","as","selling","add-","on","services","such","as","lab","equipment,","supplies,","patches","and","embroidery","for","health","care","professionals."],"metadata":[]}],[{"content":"Number 1 Sales producer at Dove Professional Apparel for the last 3 years of their sales history.","tokens":["Number","1","Sales","producer","at","Dove","Professional","Apparel","for","the","last","3","years","of","their","sales","history."],"metadata":[]}],[{"content":"Developed new clients and business by prospecting, cold calling, attending national conferences and responding to business leads.","tokens":["Developed","new","clients","and","business","by","prospecting,","cold","calling,","attending","national","conferences","and","responding","to","business","leads."],"metadata":[]}],[{"content":"Maintained a high level of customer service and increased revenue streams with existing customers as well as leveraged relationships to expand business.","tokens":["Maintained","a","high","level","of","customer","service","and","increased","revenue","streams","with","existing","customers","as","well","as","leveraged","relationships","to","expand","business."],"metadata":[]}],[{"content":"Also monitored and reviewed customer sales activity and made adjustments to processes and strategies as needed.","tokens":["Also","monitored","and","reviewed","customer","sales","activity","and","made","adjustments","to","processes","and","strategies","as","needed."],"metadata":[]}],[{"content":"Made customized presentations to various accounts which included onsite visits, problem solving workshops, administrative follow-ups and master knowledge of the Dove product line and value proposition..","tokens":["Made","customized","presentations","to","various","accounts","which","included","onsite","visits,","problem","solving","workshops,","administrative","follow-ups","and","master","knowledge","of","the","Dove","product","line","and","value","proposition.."],"metadata":[]}],[{"content":"Market Analyst/ Business Development Specialist/ Client Advocate , 01/2010 to 06/2016 Company Name – City , State Generated sales leads by contacting library staff member's pre-registration industry conference lists, seminars, websites enquiries, client databases and client referrals.","tokens":["Market","Analyst/","Business","Development","Specialist/","Client","Advocate",",","01/2010","to","06/2016","Company","Name","–","City",",","State","Generated","sales","leads","by","contacting","library","staff","member's","pre-registration","industry","conference","lists,","seminars,","websites","enquiries,","client","databases","and","client","referrals."],"metadata":[]}],[{"content":"Provided clients with regular account reviews in an effort to elicit open communication with respect to the value of services and upsell additional products and processed long-term agreements contracts.","tokens":["Provided","clients","with","regular","account","reviews","in","an","effort","to","elicit","open","communication","with","respect","to","the","value","of","services","and","upsell","additional","products","and","processed","long-term","agreements","contracts."],"metadata":[]}],[{"content":"In charge of reporting, tracking, evaluating a client's progress on their Technology Roadmap, while staying mindful of critical impacts to the client's business needs.","tokens":["In","charge","of","reporting,","tracking,","evaluating","a","client's","progress","on","their","Technology","Roadmap,","while","staying","mindful","of","critical","impacts","to","the","client's","business","needs."],"metadata":[]}],[{"content":"Suggested and implemented creative pricing and payment solutions balancing customer needs and pricing policies.","tokens":["Suggested","and","implemented","creative","pricing","and","payment","solutions","balancing","customer","needs","and","pricing","policies."],"metadata":[]}],[{"content":"Worked with multiple business departments (legal, finance, marketing, operations) to develop solutions for growth and development of operational best practices.","tokens":["Worked","with","multiple","business","departments","(legal,","finance,","marketing,","operations)","to","develop","solutions","for","growth","and","development","of","operational","best","practices."],"metadata":[]}],[{"content":"Supported the requirements for customer licensing and monitored accounts for compliance issues.","tokens":["Supported","the","requirements","for","customer","licensing","and","monitored","accounts","for","compliance","issues."],"metadata":[]}],[{"content":"Business Manager/Sales Manager , 09/2006 to 03/2009 Company Name – City , State Conducted job performance reviews, manage staff and personnel issues, supervised customer service and directly responsible for meeting and exceeding personal and team sales goals as set forth by Store Management.","tokens":["Business","Manager/Sales","Manager",",","09/2006","to","03/2009","Company","Name","–","City",",","State","Conducted","job","performance","reviews,","manage","staff","and","personnel","issues,","supervised","customer","service","and","directly","responsible","for","meeting","and","exceeding","personal","and","team","sales","goals","as","set","forth","by","Store","Management."],"metadata":[]}],[{"content":"Managed the orientation and development of all Cosmetic Consultants to ensure increased brand awareness, productivity and sales.","tokens":["Managed","the","orientation","and","development","of","all","Cosmetic","Consultants","to","ensure","increased","brand","awareness,","productivity","and","sales."],"metadata":[]}],[{"content":"Fully responsible for recruiting and interviewing potential candidates based on hiring criteria.","tokens":["Fully","responsible","for","recruiting","and","interviewing","potential","candidates","based","on","hiring","criteria."],"metadata":[]}],[{"content":"Organized special events / tradeshows and reached out to outside businesses to increase revenue.","tokens":["Organized","special","events","/","tradeshows","and","reached","out","to","outside","businesses","to","increase","revenue."],"metadata":[]}],[{"content":"Conducted product demonstrations and presentations.","tokens":["Conducted","product","demonstrations","and","presentations."],"metadata":[]}],[{"content":"Education Bachelor of Science Florida State University - City , State Summary To obtain a sales position where my experience, accomplishments, and proficiency will allow me the opportunity for growth.","tokens":["Education","Bachelor","of","Science","Florida","State","University","-","City",",","State","Summary","To","obtain","a","sales","position","where","my","experience,","accomplishments,","and","proficiency","will","allow","me","the","opportunity","for","growth."],"metadata":[]}],[{"content":"QUALIFICATIONS: 13 years of consistently exceeding sales goals 13 years of progressive experiencing in managing staff and accounts 13 years of experience on product demonstrations/ presentations Excellent computer skills: Work, PowerPoint, Excel, proprietary inventory systems Salesforce.com, social media 13 years conducting business to business sales Fully fluent in Spanish and English 7-13 years coordinating special events and tradeshows Highlights Administrative, Store Management As set, Strategic Balance, Trade shows Business plan, Troubleshoot Business planning, Websites Business processes, Workshops Cold calling Competitive Conferences Contracts Client Clients Customer service Databases Special events Finance Forth Hiring Latin Legal Marketing Market Nursing Performance reviews Personnel Policies Positioning Presentations Pricing Problem solving Processes Producer Progress Quality Recruiting Reporting Research Selling Sales Seminars Skills Administrative, as set, balance, business plan, business planning, business processes, cold calling, competitive, conferences, contracts, client, clients, customer service, databases, special events, finance, forth, hiring, Latin, legal, marketing, market, nursing, performance reviews, personnel, policies, positioning, presentations, pricing, problem solving, processes, producer, progress, quality, recruiting, reporting, Research, selling, Sales, seminars, Store Management, strategic, trade shows, troubleshoot, websites, workshops Additional Information HONORS AND AWARDS:","tokens":["QUALIFICATIONS:","13","years","of","consistently","exceeding","sales","goals","13","years","of","progressive","experiencing","in","managing","staff","and","accounts","13","years","of","experience","on","product","demonstrations/","presentations","Excellent","computer","skills:","Work,","PowerPoint,","Excel,","proprietary","inventory","systems","Salesforce.com,","social","media","13","years","conducting","business","to","business","sales","Fully","fluent","in","Spanish","and","English","7-13","years","coordinating","special","events","and","tradeshows","Highlights","Administrative,","Store","Management","As","set,","Strategic","Balance,","Trade","shows","Business","plan,","Troubleshoot","Business","planning,","Websites","Business","processes,","Workshops","Cold","calling","Competitive","Conferences","Contracts","Client","Clients","Customer","service","Databases","Special","events","Finance","Forth","Hiring","Latin","Legal","Marketing","Market","Nursing","Performance","reviews","Personnel","Policies","Positioning","Presentations","Pricing","Problem","solving","Processes","Producer","Progress","Quality","Recruiting","Reporting","Research","Selling","Sales","Seminars","Skills","Administrative,","as","set,","balance,","business","plan,","business","planning,","business","processes,","cold","calling,","competitive,","conferences,","contracts,","client,","clients,","customer","service,","databases,","special","events,","finance,","forth,","hiring,","Latin,","legal,","marketing,","market,","nursing,","performance","reviews,","personnel,","policies,","positioning,","presentations,","pricing,","problem","solving,","processes,","producer,","progress,","quality,","recruiting,","reporting,","Research,","selling,","Sales,","seminars,","Store","Management,","strategic,","trade","shows,","troubleshoot,","websites,","workshops","Additional","Information","HONORS","AND","AWARDS:"],"metadata":[]}],[{"content":", Ranked 6th in the state of FL as the top Sales Representatives for Estee Lauder in 2009 and exceeded sales goals by 15%.","tokens":[",","Ranked","6th","in","the","state","of","FL","as","the","top","Sales","Representatives","for","Estee","Lauder","in","2009","and","exceeded","sales","goals","by","15%."],"metadata":[]}],[{"content":"Maintained excellent client retention rates under 1% at SirsiDynix/EOS International by providing highly accessible service coupled with expert industry knowledge.","tokens":["Maintained","excellent","client","retention","rates","under","1%","at","SirsiDynix/EOS","International","by","providing","highly","accessible","service","coupled","with","expert","industry","knowledge."],"metadata":[]}],[{"content":"Expanded market share for Dove Professional Apparel by more than 40% of last year's numbers.","tokens":["Expanded","market","share","for","Dove","Professional","Apparel","by","more","than","40%","of","last","year's","numbers."],"metadata":[]}],[{"content":"Re-wrote territory business plan for Estee Lauder and prioritized sales calls, which resulted in 80% goal attainment.","tokens":["Re-wrote","territory","business","plan","for","Estee","Lauder","and","prioritized","sales","calls,","which","resulted","in","80%","goal","attainment."],"metadata":[]}]],"labelerInfo":{"id":6814,"email":"cwilhel8@jh.edu","displayName":"Chris Wilhelm"},"labelSets":[{"name":"Resume Labels","index":0,"labelItems":[{"id":"Kj5U6n9NUqTXuWcB3c_7L","labelName":"College"},{"id":"rj7TW0-ymuRo6f_asXJab","labelName":"Company Name"},{"id":"SJEkdao76hjwbb6Fh5SY6","labelName":"Job Title"},{"id":"BjO8MdvK2KI4E5iMEeY4B","labelName":"Graduation Year"},{"id":"eS2knCRgLegeRw8bcmSWA","labelName":"Skill"},{"id":"IeEoIKabMl51BJE0gX2YL","labelName":"Degree"},{"id":"1R0C50AAwFbEp2O0WmRv6","labelName":"Location"},{"id":"zQcc4ygexJ_A3Gb0NeRTk","labelName":"Years of Experience"},{"id":"52S_6moRfhjC-yXgIBeCp","labelName":"Date"},{"id":"KiLarWmwlU1E3-FfdG6Qg","labelName":"Project"},{"id":"dyxKKTAxW1z5ifjPj42BI","labelName":"Name"}]}],"spanLabels":[],"arrowLabels":[],"boundingBoxLabels":[],"timeLabels":[],"comments":[],"url":"datasaur://static/6814/87aaefb9-3c93-4689-bdea-6968dc752f46.txt"}}
