{"version":"1","data":{"project":{"id":"ODBjYmQ2MDg","name":"NLP SSM Final Project"},"document":{"id":"1289ef2e-c4b4-419e-a9d9-2e1b582c1fb8","name":"resume_557_d1.txt"},"kinds":["TOKEN_BASED"],"rows":[[{"content":"BUSINESS DEVELOPMENT Summary Results-driven and highly skilled (business development)account manager and marketing professional with over 10 years of experience developing and executing customized account plans to increase sales volume, market share, and relevance in the marketplace.","tokens":["BUSINESS","DEVELOPMENT","Summary","Results-driven","and","highly","skilled","(business","development)account","manager","and","marketing","professional","with","over","10","years","of","experience","developing","and","executing","customized","account","plans","to","increase","sales","volume,","market","share,","and","relevance","in","the","marketplace."],"metadata":[]}],[{"content":"Provide strategic value to customers including leveraging trends in customer industries/marketplaces to shape solutions and approaches driving overall business development.","tokens":["Provide","strategic","value","to","customers","including","leveraging","trends","in","customer","industries/marketplaces","to","shape","solutions","and","approaches","driving","overall","business","development."],"metadata":[]}],[{"content":"Open and clear communicator with demonstrated strategic vision and disciplined execution.","tokens":["Open","and","clear","communicator","with","demonstrated","strategic","vision","and","disciplined","execution."],"metadata":[]}],[{"content":"Highlights Relationship Building Networking Sales/Market Analysis Strategic Planning Adept at Closing Sales Budget Development Business Development Account Management Analytical Problem Solver Profit Optimization Cost Efficiency Training and Development Accomplishments Grown sales revenue 85% in a depressed oil and gas market, consistently exceeding sales goals.","tokens":["Highlights","Relationship","Building","Networking","Sales/Market","Analysis","Strategic","Planning","Adept","at","Closing","Sales","Budget","Development","Business","Development","Account","Management","Analytical","Problem","Solver","Profit","Optimization","Cost","Efficiency","Training","and","Development","Accomplishments","Grown","sales","revenue","85%","in","a","depressed","oil","and","gas","market,","consistently","exceeding","sales","goals."],"metadata":[]}],[{"content":"(SunnySide Supply) Personally responsible for 100% of Erect-A-Step sales and 40% of overall company sales.","tokens":["(SunnySide","Supply)","Personally","responsible","for","100%","of","Erect-A-Step","sales","and","40%","of","overall","company","sales."],"metadata":[]}],[{"content":"(SunnySide Supply) Handle the highest volume/revenue accounts in assigned territory.","tokens":["(SunnySide","Supply)","Handle","the","highest","volume/revenue","accounts","in","assigned","territory."],"metadata":[]}],[{"content":"(SunnySide Supply) Have obtained promotions and management opportunities faster than expected by employer.","tokens":["(SunnySide","Supply)","Have","obtained","promotions","and","management","opportunities","faster","than","expected","by","employer."],"metadata":[]}],[{"content":"(SunnySide Supply and Davison) Won award for \"Rookie Sales Director of the Year.\"","tokens":["(SunnySide","Supply","and","Davison)","Won","award","for","\"Rookie","Sales","Director","of","the","Year.\""],"metadata":[]}],[{"content":"(Davison) Consistently exceed sales quotas and always in the top 10% of the sales team.","tokens":["(Davison)","Consistently","exceed","sales","quotas","and","always","in","the","top","10%","of","the","sales","team."],"metadata":[]}],[{"content":"(Davison) Successfully expanded account base from 2 to more than 50 accounts.","tokens":["(Davison)","Successfully","expanded","account","base","from","2","to","more","than","50","accounts."],"metadata":[]}],[{"content":"(Amore Limousines/Morgan Coach) Led sales team to grow revenue from $50,000 to $1.3 million in 6 years.","tokens":["(Amore","Limousines/Morgan","Coach)","Led","sales","team","to","grow","revenue","from","$50,000","to","$1.3","million","in","6","years."],"metadata":[]}],[{"content":"(Amore Limousines/Morgan Coach) Education Bachelor of Science : Marketing and Legal Studies in Business , 2006 Duquesne University － City , State Experience Business Development September 2014 to Current Company Name － City , State Responsible for overall company branding and marketing at trade shows and industry organizations.","tokens":["(Amore","Limousines/Morgan","Coach)","Education","Bachelor","of","Science",":","Marketing","and","Legal","Studies","in","Business",",","2006","Duquesne","University","－","City",",","State","Experience","Business","Development","September","2014","to","Current","Company","Name","－","City",",","State","Responsible","for","overall","company","branding","and","marketing","at","trade","shows","and","industry","organizations."],"metadata":[]}],[{"content":"Business Development role responsible for obtaining new customers and building current customer base to increase sales revenue across all product lines throughout the company.","tokens":["Business","Development","role","responsible","for","obtaining","new","customers","and","building","current","customer","base","to","increase","sales","revenue","across","all","product","lines","throughout","the","company."],"metadata":[]}],[{"content":"Manager of premium product line called Erect-A-Step, covering the Northeast as a service territory.","tokens":["Manager","of","premium","product","line","called","Erect-A-Step,","covering","the","Northeast","as","a","service","territory."],"metadata":[]}],[{"content":"Grown Erect-A-Step sales revenue 85% in a depressed oil and gas market.","tokens":["Grown","Erect-A-Step","sales","revenue","85%","in","a","depressed","oil","and","gas","market."],"metadata":[]}],[{"content":"Build strong relationships with new and current customers.","tokens":["Build","strong","relationships","with","new","and","current","customers."],"metadata":[]}],[{"content":"Operate as a stand alone business within SunnySide Supply, therefore responsible for day to day operations, which includes: prospecting, customer contact, qualifying customers, presentations/demos, quoting, sales, follow-up, inventory management, and logistics.","tokens":["Operate","as","a","stand","alone","business","within","SunnySide","Supply,","therefore","responsible","for","day","to","day","operations,","which","includes:","prospecting,","customer","contact,","qualifying","customers,","presentations/demos,","quoting,","sales,","follow-up,","inventory","management,","and","logistics."],"metadata":[]}],[{"content":"Perform field measurements to determine customer needs.","tokens":["Perform","field","measurements","to","determine","customer","needs."],"metadata":[]}],[{"content":"Design/Configure platforms and crossovers per customer needs to meet OSHA regulations.","tokens":["Design/Configure","platforms","and","crossovers","per","customer","needs","to","meet","OSHA","regulations."],"metadata":[]}],[{"content":"Evaluate/Forecast customer revenue potential.","tokens":["Evaluate/Forecast","customer","revenue","potential."],"metadata":[]}],[{"content":"Manage and direct inside Erect-A-Step team.","tokens":["Manage","and","direct","inside","Erect-A-Step","team."],"metadata":[]}],[{"content":"Director of New Products March 2013 to August 2014 Company Name － City , State Create strategies to develop and expand existing customer sales, which resulted in a 30% increase in monthly sales.","tokens":["Director","of","New","Products","March","2013","to","August","2014","Company","Name","－","City",",","State","Create","strategies","to","develop","and","expand","existing","customer","sales,","which","resulted","in","a","30%","increase","in","monthly","sales."],"metadata":[]}],[{"content":"Maximize operational efficiency by coaching staff on various customer service initiatives.","tokens":["Maximize","operational","efficiency","by","coaching","staff","on","various","customer","service","initiatives."],"metadata":[]}],[{"content":"Maintain friendly and professional customer interactions.","tokens":["Maintain","friendly","and","professional","customer","interactions."],"metadata":[]}],[{"content":"Emphasize product features based on analysis of customers' needs.","tokens":["Emphasize","product","features","based","on","analysis","of","customers'","needs."],"metadata":[]}],[{"content":"Make an average of 75 calls/appointments per day to grow and maintain customer base.","tokens":["Make","an","average","of","75","calls/appointments","per","day","to","grow","and","maintain","customer","base."],"metadata":[]}],[{"content":"Very strong at building rapport and a bond with clients to increase sales and volume.","tokens":["Very","strong","at","building","rapport","and","a","bond","with","clients","to","increase","sales","and","volume."],"metadata":[]}],[{"content":"Earned an elevated position as a \"Statistical Tracker.\"","tokens":["Earned","an","elevated","position","as","a","\"Statistical","Tracker.\""],"metadata":[]}],[{"content":"Compile and report sales statistics as requested by management to maximize sales efforts of the team.","tokens":["Compile","and","report","sales","statistics","as","requested","by","management","to","maximize","sales","efforts","of","the","team."],"metadata":[]}],[{"content":"Collaborate with colleagues to exchange selling strategies and marketing information.","tokens":["Collaborate","with","colleagues","to","exchange","selling","strategies","and","marketing","information."],"metadata":[]}],[{"content":"Respond to all customer inquiries in a timely manner.","tokens":["Respond","to","all","customer","inquiries","in","a","timely","manner."],"metadata":[]}],[{"content":"Director of Sales and Marketing/Business Development Manager May 2006 to March 2013 Company Name － City , State Created sales and revenue-generating opportunities in new markets to improve the bottom line.","tokens":["Director","of","Sales","and","Marketing/Business","Development","Manager","May","2006","to","March","2013","Company","Name","－","City",",","State","Created","sales","and","revenue-generating","opportunities","in","new","markets","to","improve","the","bottom","line."],"metadata":[]}],[{"content":"Developed strategies to position the business to shape and capitalize on emerging customer and market needs.","tokens":["Developed","strategies","to","position","the","business","to","shape","and","capitalize","on","emerging","customer","and","market","needs."],"metadata":[]}],[{"content":"Identified and solved complex problems that impacted sales management and the direction of the business.","tokens":["Identified","and","solved","complex","problems","that","impacted","sales","management","and","the","direction","of","the","business."],"metadata":[]}],[{"content":"Cultivated strong professional relationships with industry partners by creating focused campaigns to drive long-term business development.","tokens":["Cultivated","strong","professional","relationships","with","industry","partners","by","creating","focused","campaigns","to","drive","long-term","business","development."],"metadata":[]}],[{"content":"Developed and implemented strategic marketing plans for the business.","tokens":["Developed","and","implemented","strategic","marketing","plans","for","the","business."],"metadata":[]}],[{"content":"Launched a thriving transportation service, building revenue from $50K to over $300K in the first three years and a minimum 15% increase in revenue each year after.","tokens":["Launched","a","thriving","transportation","service,","building","revenue","from","$50K","to","over","$300K","in","the","first","three","years","and","a","minimum","15%","increase","in","revenue","each","year","after."],"metadata":[]}],[{"content":"Oversaw front-office operations and provided superior customer service.","tokens":["Oversaw","front-office","operations","and","provided","superior","customer","service."],"metadata":[]}],[{"content":"Built a clientèle supported by 30% referral business which resulted in daily interaction with current and prospective clients.","tokens":["Built","a","clientèle","supported","by","30%","referral","business","which","resulted","in","daily","interaction","with","current","and","prospective","clients."],"metadata":[]}],[{"content":"Managed all aspects of day-to-day operations as a multi-site manager of Amore Limousines, Morgan Coach & Tours, LLC, and 2 Sisters Travel, Inc. Finances: accounts payable/receivable, invoicing, forecasting, budgeting, and sales strategy.","tokens":["Managed","all","aspects","of","day-to-day","operations","as","a","multi-site","manager","of","Amore","Limousines,","Morgan","Coach","&","Tours,","LLC,","and","2","Sisters","Travel,","Inc.","Finances:","accounts","payable/receivable,","invoicing,","forecasting,","budgeting,","and","sales","strategy."],"metadata":[]}],[{"content":"Managed/supervised a total of 26 employees.","tokens":["Managed/supervised","a","total","of","26","employees."],"metadata":[]}],[{"content":"Facility rental/maintenance.","tokens":["Facility","rental/maintenance."],"metadata":[]}],[{"content":"Authored professional correspondence to customers and vendors.","tokens":["Authored","professional","correspondence","to","customers","and","vendors."],"metadata":[]}],[{"content":"Created special promotions, wrote/designed print and outdoor advertising, created campaigns for trade shows, and coordinated all media buying.","tokens":["Created","special","promotions,","wrote/designed","print","and","outdoor","advertising,","created","campaigns","for","trade","shows,","and","coordinated","all","media","buying."],"metadata":[]}],[{"content":"Prepared reports for sales, expenses, and maintenance ensuring full compliance with company, federal, and state requirements and tight deadlines.","tokens":["Prepared","reports","for","sales,","expenses,","and","maintenance","ensuring","full","compliance","with","company,","federal,","and","state","requirements","and","tight","deadlines."],"metadata":[]}],[{"content":"Concentrated on acquiring university and corporate contracts.","tokens":["Concentrated","on","acquiring","university","and","corporate","contracts."],"metadata":[]}],[{"content":"Won 8 university and 43 corporate contracts over many competitors.","tokens":["Won","8","university","and","43","corporate","contracts","over","many","competitors."],"metadata":[]}],[{"content":"Increased client base resulting from secured contracts.","tokens":["Increased","client","base","resulting","from","secured","contracts."],"metadata":[]}],[{"content":"Business Development Associate January 2003 to May 2006 Company Name － City , State Developed and implemented cold calling strategies to increase client base.","tokens":["Business","Development","Associate","January","2003","to","May","2006","Company","Name","－","City",",","State","Developed","and","implemented","cold","calling","strategies","to","increase","client","base."],"metadata":[]}],[{"content":"Identified market trends to maximize revenue.","tokens":["Identified","market","trends","to","maximize","revenue."],"metadata":[]}],[{"content":"Focused on customer retention to maintain market share.","tokens":["Focused","on","customer","retention","to","maintain","market","share."],"metadata":[]}],[{"content":"Built long-term client relationships to position the business for growth.","tokens":["Built","long-term","client","relationships","to","position","the","business","for","growth."],"metadata":[]}],[{"content":"Leadership Roles Member of Board of Directors, The Consortium for Public Education, 2010-Present.","tokens":["Leadership","Roles","Member","of","Board","of","Directors,","The","Consortium","for","Public","Education,","2010-Present."],"metadata":[]}],[{"content":"Ongoing Community Service Initiatives Student of the Month Program, Turner Elementary School, 2004-Present.","tokens":["Ongoing","Community","Service","Initiatives","Student","of","the","Month","Program,","Turner","Elementary","School,","2004-Present."],"metadata":[]}],[{"content":"Created and operate the Student of the Month Program.","tokens":["Created","and","operate","the","Student","of","the","Month","Program."],"metadata":[]}],[{"content":"Monthly \"limo lunches\" are donated for the Student of the Month program.","tokens":["Monthly","\"limo","lunches\"","are","donated","for","the","Student","of","the","Month","program."],"metadata":[]}],[{"content":"Read-A-Thon Program, Evergreen Elementary School, 2007-Present.","tokens":["Read-A-Thon","Program,","Evergreen","Elementary","School,","2007-Present."],"metadata":[]}],[{"content":"Created and operate the Read-A-Thon program.","tokens":["Created","and","operate","the","Read-A-Thon","program."],"metadata":[]}],[{"content":"Quarterly \"limo lunches\" are donated for the students that read the most books in each contest period.","tokens":["Quarterly","\"limo","lunches\"","are","donated","for","the","students","that","read","the","most","books","in","each","contest","period."],"metadata":[]}]],"labelerInfo":{"id":6814,"email":"cwilhel8@jh.edu","displayName":"Chris Wilhelm"},"labelSets":[{"name":"Resume Labels","index":0,"labelItems":[{"id":"Kj5U6n9NUqTXuWcB3c_7L","labelName":"College"},{"id":"rj7TW0-ymuRo6f_asXJab","labelName":"Company Name"},{"id":"SJEkdao76hjwbb6Fh5SY6","labelName":"Job Title"},{"id":"BjO8MdvK2KI4E5iMEeY4B","labelName":"Graduation Year"},{"id":"eS2knCRgLegeRw8bcmSWA","labelName":"Skill"},{"id":"IeEoIKabMl51BJE0gX2YL","labelName":"Degree"},{"id":"1R0C50AAwFbEp2O0WmRv6","labelName":"Location"},{"id":"zQcc4ygexJ_A3Gb0NeRTk","labelName":"Years of Experience"},{"id":"52S_6moRfhjC-yXgIBeCp","labelName":"Date"},{"id":"KiLarWmwlU1E3-FfdG6Qg","labelName":"Project"},{"id":"dyxKKTAxW1z5ifjPj42BI","labelName":"Name"}]}],"spanLabels":[],"arrowLabels":[],"boundingBoxLabels":[],"timeLabels":[],"comments":[],"url":"datasaur://static/6814/1289ef2e-c4b4-419e-a9d9-2e1b582c1fb8.txt"}}
