{"version":"1","data":{"project":{"id":"ODBjYmQ2MDg","name":"NLP SSM Final Project"},"document":{"id":"f1bb0c5e-1fb4-423a-941a-1725a307ea58","name":"resume_1539_d2.txt"},"kinds":["TOKEN_BASED"],"rows":[[{"content":"Sr. Spark Developer Sr. Spark Developer Sr. Spark Developer - CenterPoint Energy 8 years of extensive hands-on experience in IT industry including 5+ years experience in deployment of Hadoop Ecosystems like MapReduce, Yarn, Sqoop, Flume, Pig, Hive, HBase, Cassandra, Zoo Keeper, Oozie, and Ambari, BigQuery, Big Table and 5+ years experience on Spark, Storm, Scala, Python.","tokens":["Sr.","Spark","Developer","Sr.","Spark","Developer","Sr.","Spark","Developer","-","CenterPoint","Energy","8","years","of","extensive","hands-on","experience","in","IT","industry","including","5+","years","experience","in","deployment","of","Hadoop","Ecosystems","like","MapReduce,","Yarn,","Sqoop,","Flume,","Pig,","Hive,","HBase,","Cassandra,","Zoo","Keeper,","Oozie,","and","Ambari,","BigQuery,","Big","Table","and","5+","years","experience","on","Spark,","Storm,","Scala,","Python."],"metadata":[]}],[{"content":"Experience in OLTP and OLAP design, development, testing, implementation and support of enterprise Data warehouses.","tokens":["Experience","in","OLTP","and","OLAP","design,","development,","testing,","implementation","and","support","of","enterprise","Data","warehouses."],"metadata":[]}],[{"content":"Strong Knowledge in Hadoop Cluster Capacity Planning, Performance Tuning, Cluster Monitoring Extensive experience in business data science project life cycle including Data Acquisition, Data Cleaning, Data Manipulation, Data Validation, Data Mining, Machine Learning Algorithms, and Visualization Good Hands on experience in working with Ecosystems like Hive, Pig, Sqoop, Map Reduce, Flume, Oozie.","tokens":["Strong","Knowledge","in","Hadoop","Cluster","Capacity","Planning,","Performance","Tuning,","Cluster","Monitoring","Extensive","experience","in","business","data","science","project","life","cycle","including","Data","Acquisition,","Data","Cleaning,","Data","Manipulation,","Data","Validation,","Data","Mining,","Machine","Learning","Algorithms,","and","Visualization","Good","Hands","on","experience","in","working","with","Ecosystems","like","Hive,","Pig,","Sqoop,","Map","Reduce,","Flume,","Oozie."],"metadata":[]}],[{"content":"Strong knowledge in HIVE and PIG core functionality by using custom User Defined Function's (UDF), User Defined Table-Generating Functions (UDTF) and User Defined Aggregating Functions (UDAF) for Hive.","tokens":["Strong","knowledge","in","HIVE","and","PIG","core","functionality","by","using","custom","User","Defined","Function's","(UDF),","User","Defined","Table-Generating","Functions","(UDTF)","and","User","Defined","Aggregating","Functions","(UDAF)","for","Hive."],"metadata":[]}],[{"content":"Experience on Productionizing Apache Nifi.","tokens":["Experience","on","Productionizing","Apache","Nifi."],"metadata":[]}],[{"content":"for dataflows with significant processing requirements and controlling security of data flow.","tokens":["for","dataflows","with","significant","processing","requirements","and","controlling","security","of","data","flow."],"metadata":[]}],[{"content":"Designed and developed RDD Seeds using Scala and Cascading.","tokens":["Designed","and","developed","RDD","Seeds","using","Scala","and","Cascading."],"metadata":[]}],[{"content":"Streaming data to Sparkstreaming using Kafka Exposure to Spark, Spark Streaming, Spark MLlib, Scala and Creating the Data Frames handled in Spark with Scala.","tokens":["Streaming","data","to","Sparkstreaming","using","Kafka","Exposure","to","Spark,","Spark","Streaming,","Spark","MLlib,","Scala","and","Creating","the","Data","Frames","handled","in","Spark","with","Scala."],"metadata":[]}],[{"content":"Good Exposure on Map Reduce programming using Java, PIG Latin Scripting and Distributed Application and HDFS.","tokens":["Good","Exposure","on","Map","Reduce","programming","using","Java,","PIG","Latin","Scripting","and","Distributed","Application","and","HDFS."],"metadata":[]}],[{"content":"Experienced Good understanding of NoSQL databases and hands on work experience in writing applications No SQL Databases HBase, Cassandra and MongoDB.","tokens":["Experienced","Good","understanding","of","NoSQL","databases","and","hands","on","work","experience","in","writing","applications","No","SQL","Databases","HBase,","Cassandra","and","MongoDB."],"metadata":[]}],[{"content":"Very good implementation experience of Object Oriented concepts, Multithreading and Java/Scala Experienced with the Scala, Spark improving the performance and optimization of the existing algorithms in Hadoop using Spark Context, Spark -SQL, Pair RDD's, Spark YARN.","tokens":["Very","good","implementation","experience","of","Object","Oriented","concepts,","Multithreading","and","Java/Scala","Experienced","with","the","Scala,","Spark","improving","the","performance","and","optimization","of","the","existing","algorithms","in","Hadoop","using","Spark","Context,","Spark","-SQL,","Pair","RDD's,","Spark","YARN."],"metadata":[]}],[{"content":"Experienced in installation, configuration, supporting and managing Hadoop Clusters using Apache Cloudera distributions, Horton works, Cloud Storage and Amazon web services (AWS) and related technologies DynamoDB, EMR, S3, ML.","tokens":["Experienced","in","installation,","configuration,","supporting","and","managing","Hadoop","Clusters","using","Apache","Cloudera","distributions,","Horton","works,","Cloud","Storage","and","Amazon","web","services","(AWS)","and","related","technologies","DynamoDB,","EMR,","S3,","ML."],"metadata":[]}],[{"content":"Experience in deploying NiFi Data flow in Production team and Integrating data from multiple sources like Cassandra, MongoDB.","tokens":["Experience","in","deploying","NiFi","Data","flow","in","Production","team","and","Integrating","data","from","multiple","sources","like","Cassandra,","MongoDB."],"metadata":[]}],[{"content":"Deploying templates to environments can be done via NiFi RestAPI integrated with other automation tools Complete end to end design and development of Apache NiFi flow which acts as the agent between middleware team and EBI team and executes all the actions mentioned above Experienced in Python programming, wrote Web Crawlers using Python.","tokens":["Deploying","templates","to","environments","can","be","done","via","NiFi","RestAPI","integrated","with","other","automation","tools","Complete","end","to","end","design","and","development","of","Apache","NiFi","flow","which","acts","as","the","agent","between","middleware","team","and","EBI","team","and","executes","all","the","actions","mentioned","above","Experienced","in","Python","programming,","wrote","Web","Crawlers","using","Python."],"metadata":[]}],[{"content":"Experience in bench marking Hadoop cluster for analysis of queue usage Experienced in working with Mahout for applying machine learning techniques in the Hadoop Ecosystem.","tokens":["Experience","in","bench","marking","Hadoop","cluster","for","analysis","of","queue","usage","Experienced","in","working","with","Mahout","for","applying","machine","learning","techniques","in","the","Hadoop","Ecosystem."],"metadata":[]}],[{"content":"Good Experience on Amazon Web Services like Redshift, Data Pipeline, ML.","tokens":["Good","Experience","on","Amazon","Web","Services","like","Redshift,","Data","Pipeline,","ML."],"metadata":[]}],[{"content":"Good experienced on moving the data in and out of Hadoop RDBMS, No-SQL and UNIX from various systems using SQOOP and other traditional data movement technologies.","tokens":["Good","experienced","on","moving","the","data","in","and","out","of","Hadoop","RDBMS,","No-SQL","and","UNIX","from","various","systems","using","SQOOP","and","other","traditional","data","movement","technologies."],"metadata":[]}],[{"content":"Experience on Integration of Quartz scheduler with Oozie work flows to get data from multiple data sources in parallel using fork.","tokens":["Experience","on","Integration","of","Quartz","scheduler","with","Oozie","work","flows","to","get","data","from","multiple","data","sources","in","parallel","using","fork."],"metadata":[]}],[{"content":"Experience in installation, configuration, support and management of a Hadoop Cluster using Cloudera Distributions.","tokens":["Experience","in","installation,","configuration,","support","and","management","of","a","Hadoop","Cluster","using","Cloudera","Distributions."],"metadata":[]}],[{"content":"Experienced Spark scripts by using Scala shell as per requirements.","tokens":["Experienced","Spark","scripts","by","using","Scala","shell","as","per","requirements."],"metadata":[]}],[{"content":"Good knowledge on tuning the Spark jobs by changing the configuration properties and using broadcast variables.","tokens":["Good","knowledge","on","tuning","the","Spark","jobs","by","changing","the","configuration","properties","and","using","broadcast","variables."],"metadata":[]}],[{"content":"Developed REST APIs using Java, Play framework and Akka.","tokens":["Developed","REST","APIs","using","Java,","Play","framework","and","Akka."],"metadata":[]}],[{"content":"Expertise in search technology's like SOLR, Informatica & Lucene.","tokens":["Expertise","in","search","technology's","like","SOLR,","Informatica","&","Lucene."],"metadata":[]}],[{"content":"Experience in converting SQL queries into Spark Transformations using Spark RDDs and Scala and Performed map-side joins on RDD's.","tokens":["Experience","in","converting","SQL","queries","into","Spark","Transformations","using","Spark","RDDs","and","Scala","and","Performed","map-side","joins","on","RDD's."],"metadata":[]}],[{"content":"Experienced in writing Hadoop Jobs for analyzing data using Hive Query Language (HQL), Pig Latin (Data flow language), and custom MapReduce programs in Java.","tokens":["Experienced","in","writing","Hadoop","Jobs","for","analyzing","data","using","Hive","Query","Language","(HQL),","Pig","Latin","(Data","flow","language),","and","custom","MapReduce","programs","in","Java."],"metadata":[]}],[{"content":"Good understanding of NoSQL databases like MongoDB, Cassandra, and HBase.","tokens":["Good","understanding","of","NoSQL","databases","like","MongoDB,","Cassandra,","and","HBase."],"metadata":[]}],[{"content":"Strong analytical skills with ability to quickly understand client's business needs.","tokens":["Strong","analytical","skills","with","ability","to","quickly","understand","client's","business","needs."],"metadata":[]}],[{"content":"Involved in business meetings for requirements gathering form business clients.","tokens":["Involved","in","business","meetings","for","requirements","gathering","form","business","clients."],"metadata":[]}],[{"content":"Experienced in Storm builder topologies to perform cleansing operations before moving data into HBase.","tokens":["Experienced","in","Storm","builder","topologies","to","perform","cleansing","operations","before","moving","data","into","HBase."],"metadata":[]}],[{"content":"Hands on experience in configuring and working with Flume to load the data from multiple sources directly into Hdfs.","tokens":["Hands","on","experience","in","configuring","and","working","with","Flume","to","load","the","data","from","multiple","sources","directly","into","Hdfs."],"metadata":[]}],[{"content":"Experience on configuring fully the Flume agent, suitable for all type of logger data and store them in Avro Sink in Parquet file format and developing 2-tier architecture connecting channels between Avro sinks and Source.","tokens":["Experience","on","configuring","fully","the","Flume","agent,","suitable","for","all","type","of","logger","data","and","store","them","in","Avro","Sink","in","Parquet","file","format","and","developing","2-tier","architecture","connecting","channels","between","Avro","sinks","and","Source."],"metadata":[]}],[{"content":"Experience creating Visual report, Graphical analysis and Dashboard reports using Tableau, Informatica of historical data saved in Hdfs and data analysis using Splunk enterprise edition.","tokens":["Experience","creating","Visual","report,","Graphical","analysis","and","Dashboard","reports","using","Tableau,","Informatica","of","historical","data","saved","in","Hdfs","and","data","analysis","using","Splunk","enterprise","edition."],"metadata":[]}],[{"content":"Good experience in utilizing Cloud Storage Services like Git.","tokens":["Good","experience","in","utilizing","Cloud","Storage","Services","like","Git."],"metadata":[]}],[{"content":"Extensive knowledge in using GitHub and Bit Bucket.","tokens":["Extensive","knowledge","in","using","GitHub","and","Bit","Bucket."],"metadata":[]}],[{"content":"Experienced in job scheduling and monitoring using Oozie, Zookeeper.","tokens":["Experienced","in","job","scheduling","and","monitoring","using","Oozie,","Zookeeper."],"metadata":[]}],[{"content":"Work Experience Sr. Spark Developer CenterPoint Energy - Houston, TX June 2018 to Present Responsibilities: Hands on experience in installation, configuration, supporting and managing Hadoop Clusters.","tokens":["Work","Experience","Sr.","Spark","Developer","CenterPoint","Energy","-","Houston,","TX","June","2018","to","Present","Responsibilities:","Hands","on","experience","in","installation,","configuration,","supporting","and","managing","Hadoop","Clusters."],"metadata":[]}],[{"content":"Knowledge of Cassandra security, maintenance and tuning both database and server.","tokens":["Knowledge","of","Cassandra","security,","maintenance","and","tuning","both","database","and","server."],"metadata":[]}],[{"content":"Chipped away at outlining and building up the Real Time Analysis module for Analytic Dashboard utilizing Cassandra, Kafka, Spark Streaming.","tokens":["Chipped","away","at","outlining","and","building","up","the","Real","Time","Analysis","module","for","Analytic","Dashboard","utilizing","Cassandra,","Kafka,","Spark","Streaming."],"metadata":[]}],[{"content":"Installed and configured Confluent Kafka in R&D line.","tokens":["Installed","and","configured","Confluent","Kafka","in","R&D","line."],"metadata":[]}],[{"content":"Validated the installation with HDFS connector and Hive connectors.","tokens":["Validated","the","installation","with","HDFS","connector","and","Hive","connectors."],"metadata":[]}],[{"content":"Deployed high availability on the Hadoop cluster quorum journal nodes.","tokens":["Deployed","high","availability","on","the","Hadoop","cluster","quorum","journal","nodes."],"metadata":[]}],[{"content":"Experience on implementing SAX (Symbolic Aggregate approXimation) in Java to use with Apache Spark for normalizing time series data.","tokens":["Experience","on","implementing","SAX","(Symbolic","Aggregate","approXimation)","in","Java","to","use","with","Apache","Spark","for","normalizing","time","series","data."],"metadata":[]}],[{"content":"Involved in defining job flows, managing and reviewing log file.","tokens":["Involved","in","defining","job","flows,","managing","and","reviewing","log","file."],"metadata":[]}],[{"content":"Set-up configured and optimized the Cassandra cluster.","tokens":["Set-up","configured","and","optimized","the","Cassandra","cluster."],"metadata":[]}],[{"content":"Developed real-time Spark based application to work along with the Cassandra database.","tokens":["Developed","real-time","Spark","based","application","to","work","along","with","the","Cassandra","database."],"metadata":[]}],[{"content":"Responsible to manage data coming from different sources through Kafka.","tokens":["Responsible","to","manage","data","coming","from","different","sources","through","Kafka."],"metadata":[]}],[{"content":"Installed Kafka Producer on different severs and Scheduled to produce data for every 10 seconds Integrated Kafka with Spark Streaming to listen onto multiple Kafka Brokers with different Kafka topics for every 5 Seconds.","tokens":["Installed","Kafka","Producer","on","different","severs","and","Scheduled","to","produce","data","for","every","10","seconds","Integrated","Kafka","with","Spark","Streaming","to","listen","onto","multiple","Kafka","Brokers","with","different","Kafka","topics","for","every","5","Seconds."],"metadata":[]}],[{"content":"Enhanced and optimized product Spark code to aggregate, group and run data mining tasks using the Spark framework and handled Json Data.","tokens":["Enhanced","and","optimized","product","Spark","code","to","aggregate,","group","and","run","data","mining","tasks","using","the","Spark","framework","and","handled","Json","Data."],"metadata":[]}],[{"content":"Handled Json Data comes from Kafka Direct Stream on each partitions and transformed them into required Data Frame Formats.","tokens":["Handled","Json","Data","comes","from","Kafka","Direct","Stream","on","each","partitions","and","transformed","them","into","required","Data","Frame","Formats."],"metadata":[]}],[{"content":"Upgraded Spark 1.6 to latest Version Spark 2.2 and configure Kafka Version 0.10.","tokens":["Upgraded","Spark","1.6","to","latest","Version","Spark","2.2","and","configure","Kafka","Version","0.10."],"metadata":[]}],[{"content":"Managing Kafka Offsets, Saving Offsets in external data base like HBase and to its own Kafka.","tokens":["Managing","Kafka","Offsets,","Saving","Offsets","in","external","data","base","like","HBase","and","to","its","own","Kafka."],"metadata":[]}],[{"content":"Worked on Import & Export of data using ETL tool Sqoop from MySQL to HDFS.","tokens":["Worked","on","Import","&","Export","of","data","using","ETL","tool","Sqoop","from","MySQL","to","HDFS."],"metadata":[]}],[{"content":"Worked on Lambda Architecture for both Batch processing and Real Streaming purposes.","tokens":["Worked","on","Lambda","Architecture","for","both","Batch","processing","and","Real","Streaming","purposes."],"metadata":[]}],[{"content":"Used Oozie to Schedule Spark and Kafka Producer Jobs to run in parallel.","tokens":["Used","Oozie","to","Schedule","Spark","and","Kafka","Producer","Jobs","to","run","in","parallel."],"metadata":[]}],[{"content":"Appended the Data Frames into Cassandra Key Space Tables using DataStax Spark-Cassandra Connector.","tokens":["Appended","the","Data","Frames","into","Cassandra","Key","Space","Tables","using","DataStax","Spark-Cassandra","Connector."],"metadata":[]}],[{"content":"Experience with Cassandra YAML, Configuration files, RACK DC properties file, Cassandra-env file for JMX configurations etc. Installed and configured Datastax OpsCenter and Nagios for Cassandra cluster maintenance and alert.","tokens":["Experience","with","Cassandra","YAML,","Configuration","files,","RACK","DC","properties","file,","Cassandra-env","file","for","JMX","configurations","etc.","Installed","and","configured","Datastax","OpsCenter","and","Nagios","for","Cassandra","cluster","maintenance","and","alert."],"metadata":[]}],[{"content":"Configured Authentication and security in Apache kafka pub-sub system.","tokens":["Configured","Authentication","and","security","in","Apache","kafka","pub-sub","system."],"metadata":[]}],[{"content":"Good experience with Century Link Cloud for provisioning virtual machines, creating resource groups, configuring key vaults for storing encryption keys, Monitoring etc. Great Hands on Experience in seat stamping Hadoop bunch for investigation of line utilization Performing OS level setups and Kernel level tuning Implement and test integration of BI (Business Intelligence) tools with Hadoop stack.","tokens":["Good","experience","with","Century","Link","Cloud","for","provisioning","virtual","machines,","creating","resource","groups,","configuring","key","vaults","for","storing","encryption","keys,","Monitoring","etc.","Great","Hands","on","Experience","in","seat","stamping","Hadoop","bunch","for","investigation","of","line","utilization","Performing","OS","level","setups","and","Kernel","level","tuning","Implement","and","test","integration","of","BI","(Business","Intelligence)","tools","with","Hadoop","stack."],"metadata":[]}],[{"content":"Installed/Configured/Maintained Apache Hadoop clusters for application development and Hadoop tools like Hive, Pig, HBase, Zookeeper, Sqoop, Yarn, Spark2, Kafka and Oozie.","tokens":["Installed/Configured/Maintained","Apache","Hadoop","clusters","for","application","development","and","Hadoop","tools","like","Hive,","Pig,","HBase,","Zookeeper,","Sqoop,","Yarn,","Spark2,","Kafka","and","Oozie."],"metadata":[]}],[{"content":"Formulated procedures for installation of Hadoop, Spark2 patches, updates and version upgrades.","tokens":["Formulated","procedures","for","installation","of","Hadoop,","Spark2","patches,","updates","and","version","upgrades."],"metadata":[]}],[{"content":"Environment: Cloudera, HDFS, Spark, Hive, Pig, Map Reduce, Hue, Sqoop, Putt, Apache Kafka, Apache Drill, Century Link Cloud, AWS, Java Netezza, Cassandra, Oozie, Spark , SPARK SQL, Maven, SBT, Java, Scala, SQL and Linux, YARN, Agile Methodology, Solr, PHP Admin, XAMPP, DataStax Cassandra.","tokens":["Environment:","Cloudera,","HDFS,","Spark,","Hive,","Pig,","Map","Reduce,","Hue,","Sqoop,","Putt,","Apache","Kafka,","Apache","Drill,","Century","Link","Cloud,","AWS,","Java","Netezza,","Cassandra,","Oozie,","Spark",",","SPARK","SQL,","Maven,","SBT,","Java,","Scala,","SQL","and","Linux,","YARN,","Agile","Methodology,","Solr,","PHP","Admin,","XAMPP,","DataStax","Cassandra."],"metadata":[]}],[{"content":"Sr. Hadoop/Spark Developer CPS Energy - San Antonio, TX January 2017 to June 2018 Responsibilities: Involved in deploying systems on Amazon Web Services (AWS) Infrastructure services EC2.","tokens":["Sr.","Hadoop/Spark","Developer","CPS","Energy","-","San","Antonio,","TX","January","2017","to","June","2018","Responsibilities:","Involved","in","deploying","systems","on","Amazon","Web","Services","(AWS)","Infrastructure","services","EC2."],"metadata":[]}],[{"content":"Experience in configuring, deploying the web applications on AWS servers using SBT and Play.","tokens":["Experience","in","configuring,","deploying","the","web","applications","on","AWS","servers","using","SBT","and","Play."],"metadata":[]}],[{"content":"Migrated Map Reduce jobs into Spark RDD transformations using Scala.","tokens":["Migrated","Map","Reduce","jobs","into","Spark","RDD","transformations","using","Scala."],"metadata":[]}],[{"content":"Used Spark API over Cloudera Hadoop YARN to perform analytics on data in Hive.","tokens":["Used","Spark","API","over","Cloudera","Hadoop","YARN","to","perform","analytics","on","data","in","Hive."],"metadata":[]}],[{"content":"Developed Spark code using Spark RDD and Spark-SQL/Streaming for faster processing of data.","tokens":["Developed","Spark","code","using","Spark","RDD","and","Spark-SQL/Streaming","for","faster","processing","of","data."],"metadata":[]}],[{"content":"Performed configuration, deployment and support of cloud services including Amazon Web Services (AWS).","tokens":["Performed","configuration,","deployment","and","support","of","cloud","services","including","Amazon","Web","Services","(AWS)."],"metadata":[]}],[{"content":"Working knowledge of various AWS technologies like SQS Queuing, SNS Notification, S3 storage, Redshift, Data Pipeline, EMR.","tokens":["Working","knowledge","of","various","AWS","technologies","like","SQS","Queuing,","SNS","Notification,","S3","storage,","Redshift,","Data","Pipeline,","EMR."],"metadata":[]}],[{"content":"Responsible for all Public (AWS) and Private (Openstack/VMWare/DCOS/Mesos/Marathon) cloud infrastructure Developed Flume ETL job for handling data from HTTP Source and Sink as HDFS and configuring Data Pipelining.","tokens":["Responsible","for","all","Public","(AWS)","and","Private","(Openstack/VMWare/DCOS/Mesos/Marathon)","cloud","infrastructure","Developed","Flume","ETL","job","for","handling","data","from","HTTP","Source","and","Sink","as","HDFS","and","configuring","Data","Pipelining."],"metadata":[]}],[{"content":"Used Hive data warehouse tool to analyze the unified historic data in HDFS to identify issues and behavioral patterns.","tokens":["Used","Hive","data","warehouse","tool","to","analyze","the","unified","historic","data","in","HDFS","to","identify","issues","and","behavioral","patterns."],"metadata":[]}],[{"content":"Involved in Developing a Restful service using Python Flask framework.","tokens":["Involved","in","Developing","a","Restful","service","using","Python","Flask","framework."],"metadata":[]}],[{"content":"Expertise in working with Python GUI frameworks - PyJamas, Jython.","tokens":["Expertise","in","working","with","Python","GUI","frameworks","-","PyJamas,","Jython."],"metadata":[]}],[{"content":"Experienced in using Apache Drill data-intensive distributed applications for interactive analysis of large-scale datasets.","tokens":["Experienced","in","using","Apache","Drill","data-intensive","distributed","applications","for","interactive","analysis","of","large-scale","datasets."],"metadata":[]}],[{"content":"Developed end to end ETL batch and streaming data integration into Hadoop(MapR), transforming data.","tokens":["Developed","end","to","end","ETL","batch","and","streaming","data","integration","into","Hadoop(MapR),","transforming","data."],"metadata":[]}],[{"content":"Used Python modules such as requests, urllib, urllib2 for web crawling.","tokens":["Used","Python","modules","such","as","requests,","urllib,","urllib2","for","web","crawling."],"metadata":[]}],[{"content":"Tools developed extensively include Spark, Drill, Hive, HBase, Kafka & MapR Streams, PostgreSQL, Stream Sets.","tokens":["Tools","developed","extensively","include","Spark,","Drill,","Hive,","HBase,","Kafka","&","MapR","Streams,","PostgreSQL,","Stream","Sets."],"metadata":[]}],[{"content":"Used Hive Queries in Spark-SQL for analysis and processing the data.","tokens":["Used","Hive","Queries","in","Spark-SQL","for","analysis","and","processing","the","data."],"metadata":[]}],[{"content":"Worked as a key role in a team of developing an initial prototype of a NiFi big data pipeline.","tokens":["Worked","as","a","key","role","in","a","team","of","developing","an","initial","prototype","of","a","NiFi","big","data","pipeline."],"metadata":[]}],[{"content":"This pipeline demonstrated an end to end scenario of data ingestion, processing.","tokens":["This","pipeline","demonstrated","an","end","to","end","scenario","of","data","ingestion,","processing."],"metadata":[]}],[{"content":"Used HUE for running Hive queries.","tokens":["Used","HUE","for","running","Hive","queries."],"metadata":[]}],[{"content":"Created Partitions according to day using Hive to improve performance.","tokens":["Created","Partitions","according","to","day","using","Hive","to","improve","performance."],"metadata":[]}],[{"content":"Wrote Python routines to log into the websites and fetch data for selected options.","tokens":["Wrote","Python","routines","to","log","into","the","websites","and","fetch","data","for","selected","options."],"metadata":[]}],[{"content":"Worked on custom Pig Loaders and storage classes to work with variety of data formats such as JSON and XML file formats.","tokens":["Worked","on","custom","Pig","Loaders","and","storage","classes","to","work","with","variety","of","data","formats","such","as","JSON","and","XML","file","formats."],"metadata":[]}],[{"content":"Loaded some of the data into Cassandra for fast retrieval of data.","tokens":["Loaded","some","of","the","data","into","Cassandra","for","fast","retrieval","of","data."],"metadata":[]}],[{"content":"Worked in provisioning and managing multi-tenant Hadoop clusters on public cloud environment - Amazon Web Services (AWS) and on private cloud infrastructure - Open stack cloud platform and worked on DynamoDB, Ml.","tokens":["Worked","in","provisioning","and","managing","multi-tenant","Hadoop","clusters","on","public","cloud","environment","-","Amazon","Web","Services","(AWS)","and","on","private","cloud","infrastructure","-","Open","stack","cloud","platform","and","worked","on","DynamoDB,","Ml."],"metadata":[]}],[{"content":"Worked on large-scale Hadoop YARN cluster for distributed data processing and analysis using Data Bricks Connectors, Spark core, Spark SQL, Sqoop, Pig, Hive, Impala and NoSQL databases.","tokens":["Worked","on","large-scale","Hadoop","YARN","cluster","for","distributed","data","processing","and","analysis","using","Data","Bricks","Connectors,","Spark","core,","Spark","SQL,","Sqoop,","Pig,","Hive,","Impala","and","NoSQL","databases."],"metadata":[]}],[{"content":"Created HBase tables to load large sets of structured, semi-structured and unstructured data coming from UNIX, NoSQL and a variety of portfolios.","tokens":["Created","HBase","tables","to","load","large","sets","of","structured,","semi-structured","and","unstructured","data","coming","from","UNIX,","NoSQL","and","a","variety","of","portfolios."],"metadata":[]}],[{"content":"Worked on a POC to compare processing time of Impala with Apache Hive for batch applications to implement the former in project.","tokens":["Worked","on","a","POC","to","compare","processing","time","of","Impala","with","Apache","Hive","for","batch","applications","to","implement","the","former","in","project."],"metadata":[]}],[{"content":"Worked with various HDFS file formats like Avro, Sequence File and various compression formats like Snappy, bzip2.","tokens":["Worked","with","various","HDFS","file","formats","like","Avro,","Sequence","File","and","various","compression","formats","like","Snappy,","bzip2."],"metadata":[]}],[{"content":"Used the RegEx, JSON and Avro for serialization and de-serialization packaged with Hive to parse the contents of streamed log data.","tokens":["Used","the","RegEx,","JSON","and","Avro","for","serialization","and","de-serialization","packaged","with","Hive","to","parse","the","contents","of","streamed","log","data."],"metadata":[]}],[{"content":"Converted all the vap processing from Netezza and implemented by using Spark data frames and RDD's.","tokens":["Converted","all","the","vap","processing","from","Netezza","and","implemented","by","using","Spark","data","frames","and","RDD's."],"metadata":[]}],[{"content":"Worked in writing Spark Sql scripts for optimizing the query performance.","tokens":["Worked","in","writing","Spark","Sql","scripts","for","optimizing","the","query","performance."],"metadata":[]}],[{"content":"Responsible for handling different data formats like Avro, Parquet and ORC formats.","tokens":["Responsible","for","handling","different","data","formats","like","Avro,","Parquet","and","ORC","formats."],"metadata":[]}],[{"content":"Implemented Spark Scripts using Scala, Spark SQL to access hive tables into Spark for faster processing of data.","tokens":["Implemented","Spark","Scripts","using","Scala,","Spark","SQL","to","access","hive","tables","into","Spark","for","faster","processing","of","data."],"metadata":[]}],[{"content":"Environment: Cloudera, Horton Works distribution, HDFS, Spark, Hive, Pig, Map Reduce, Hue, Sqoop, Putty, HaaS (Hadoop as a Service), Apache Kafka, Apache Mesos and the AWS, Java Netezza, Cassandra, Oozie, Spark, SPARK SQL, Maven, Java, Scala, SQL and Linux, Toad, YARN, Agile Methodology.","tokens":["Environment:","Cloudera,","Horton","Works","distribution,","HDFS,","Spark,","Hive,","Pig,","Map","Reduce,","Hue,","Sqoop,","Putty,","HaaS","(Hadoop","as","a","Service),","Apache","Kafka,","Apache","Mesos","and","the","AWS,","Java","Netezza,","Cassandra,","Oozie,","Spark,","SPARK","SQL,","Maven,","Java,","Scala,","SQL","and","Linux,","Toad,","YARN,","Agile","Methodology."],"metadata":[]}],[{"content":"Hadoop Developer BANK of America - Dallas, TX May 2016 to December 2016 Responsibilities: Concerned and well-informed on Hadoop Components such as HDFS, Job Tracker, Task Tracker, Name Node, Data Node, YARN and Map Reduce programming.","tokens":["Hadoop","Developer","BANK","of","America","-","Dallas,","TX","May","2016","to","December","2016","Responsibilities:","Concerned","and","well-informed","on","Hadoop","Components","such","as","HDFS,","Job","Tracker,","Task","Tracker,","Name","Node,","Data","Node,","YARN","and","Map","Reduce","programming."],"metadata":[]}],[{"content":"Developed Map-Reduce programs to get rid of irregularities and aggregate the data.","tokens":["Developed","Map-Reduce","programs","to","get","rid","of","irregularities","and","aggregate","the","data."],"metadata":[]}],[{"content":"Developed Cluster coordination services through Zookeeper.","tokens":["Developed","Cluster","coordination","services","through","Zookeeper."],"metadata":[]}],[{"content":"Implemented Hive UDF's and did performance tuning for better results Developed Pig Latin Scripts to extract data from log files and store them to HDFS.","tokens":["Implemented","Hive","UDF's","and","did","performance","tuning","for","better","results","Developed","Pig","Latin","Scripts","to","extract","data","from","log","files","and","store","them","to","HDFS."],"metadata":[]}],[{"content":"Created User Defined Functions (UDFs) to pre-process data for analysis Implemented Optimized Map Joins to get data from different sources to perform cleaning operations before applying the algorithms.","tokens":["Created","User","Defined","Functions","(UDFs)","to","pre-process","data","for","analysis","Implemented","Optimized","Map","Joins","to","get","data","from","different","sources","to","perform","cleaning","operations","before","applying","the","algorithms."],"metadata":[]}],[{"content":"Created highly optimized SQL queries for MapReduce jobs, seamlessly matching the query to the appropriate Hive table configuration to generate efficient report.","tokens":["Created","highly","optimized","SQL","queries","for","MapReduce","jobs,","seamlessly","matching","the","query","to","the","appropriate","Hive","table","configuration","to","generate","efficient","report."],"metadata":[]}],[{"content":"Used other packages such as Beautifulsoup for data parsing in Python.","tokens":["Used","other","packages","such","as","Beautifulsoup","for","data","parsing","in","Python."],"metadata":[]}],[{"content":"Tuned, and developed SQL on HiveQL, Drill and SparkSQL Experience in using Sqoop to import and export the data from Oracle DB into HDFS and HIVE, HBase.","tokens":["Tuned,","and","developed","SQL","on","HiveQL,","Drill","and","SparkSQL","Experience","in","using","Sqoop","to","import","and","export","the","data","from","Oracle","DB","into","HDFS","and","HIVE,","HBase."],"metadata":[]}],[{"content":"Implemented CRUD operations on HBase data using thrift API to get real time insights.","tokens":["Implemented","CRUD","operations","on","HBase","data","using","thrift","API","to","get","real","time","insights."],"metadata":[]}],[{"content":"Developed workflow in Oozie to manage and schedule jobs on Hadoop cluster for generating reports on nightly, weekly and monthly basis.","tokens":["Developed","workflow","in","Oozie","to","manage","and","schedule","jobs","on","Hadoop","cluster","for","generating","reports","on","nightly,","weekly","and","monthly","basis."],"metadata":[]}],[{"content":"Worked on integration independent microservices for real-time bidding (scala/akka, firebase, cassandra, Elasticsearch) Used slick to query and storing in database in a Scala fashion using the powerful Scala collection framework Using HIVE processed extensively ETL loadings on a Structured Data.","tokens":["Worked","on","integration","independent","microservices","for","real-time","bidding","(scala/akka,","firebase,","cassandra,","Elasticsearch)","Used","slick","to","query","and","storing","in","database","in","a","Scala","fashion","using","the","powerful","Scala","collection","framework","Using","HIVE","processed","extensively","ETL","loadings","on","a","Structured","Data."],"metadata":[]}],[{"content":"Defined job flows and developed simple to complex Map Reduce jobs as per the requirement.","tokens":["Defined","job","flows","and","developed","simple","to","complex","Map","Reduce","jobs","as","per","the","requirement."],"metadata":[]}],[{"content":"Optimized Map/Reduce Jobs to use HDFS efficiently by using various compression mechanisms.","tokens":["Optimized","Map/Reduce","Jobs","to","use","HDFS","efficiently","by","using","various","compression","mechanisms."],"metadata":[]}],[{"content":"Developed PIG UDFs for manipulating the data according to Business Requirements and also worked on developing custom PIG Loaders.","tokens":["Developed","PIG","UDFs","for","manipulating","the","data","according","to","Business","Requirements","and","also","worked","on","developing","custom","PIG","Loaders."],"metadata":[]}],[{"content":"Created various Parser programs to extract data from Autosys, Tibco Business Objects, XML, Informatica, Java, and database views using Scala PIG UDF was required to extract the information of the area from the huge data which we get from the sensors.","tokens":["Created","various","Parser","programs","to","extract","data","from","Autosys,","Tibco","Business","Objects,","XML,","Informatica,","Java,","and","database","views","using","Scala","PIG","UDF","was","required","to","extract","the","information","of","the","area","from","the","huge","data","which","we","get","from","the","sensors."],"metadata":[]}],[{"content":"Responsible for creating Hive tables based on business requirements.","tokens":["Responsible","for","creating","Hive","tables","based","on","business","requirements."],"metadata":[]}],[{"content":"Implemented Partitioning, Dynamic Partitions and Buckets in HIVE for efficient data access.","tokens":["Implemented","Partitioning,","Dynamic","Partitions","and","Buckets","in","HIVE","for","efficient","data","access."],"metadata":[]}],[{"content":"Involved in NoSQL database design, integration and implementation.","tokens":["Involved","in","NoSQL","database","design,","integration","and","implementation."],"metadata":[]}],[{"content":"Loaded data into NoSQL database HBase.","tokens":["Loaded","data","into","NoSQL","database","HBase."],"metadata":[]}],[{"content":"Worked on debugging, performance tuning PIG and HIVE scripts by understanding the joins, group and aggregation between them.","tokens":["Worked","on","debugging,","performance","tuning","PIG","and","HIVE","scripts","by","understanding","the","joins,","group","and","aggregation","between","them."],"metadata":[]}],[{"content":"Used Flume to collect, aggregate and store the web log data from different sources like web servers and pushed to HDFS.","tokens":["Used","Flume","to","collect,","aggregate","and","store","the","web","log","data","from","different","sources","like","web","servers","and","pushed","to","HDFS."],"metadata":[]}],[{"content":"Connected the hive tables to Data analyzing tools like Tableau for Graphical representation of the trends.","tokens":["Connected","the","hive","tables","to","Data","analyzing","tools","like","Tableau","for","Graphical","representation","of","the","trends."],"metadata":[]}],[{"content":"Experienced in managing and reviewing Hadoop log files.","tokens":["Experienced","in","managing","and","reviewing","Hadoop","log","files."],"metadata":[]}],[{"content":"Involved in loading data from UNIX file system to HDFS.","tokens":["Involved","in","loading","data","from","UNIX","file","system","to","HDFS."],"metadata":[]}],[{"content":"Responsible for design & development of Spark SQL Scripts based on Functional Specifications.","tokens":["Responsible","for","design","&","development","of","Spark","SQL","Scripts","based","on","Functional","Specifications."],"metadata":[]}],[{"content":"Used Apache HUE interface to monitor and manage the HDFS storage","tokens":["Used","Apache","HUE","interface","to","monitor","and","manage","the","HDFS","storage"],"metadata":[]}],[{"content":"Concerned and well-informed on Hadoop Components such as HDFS, Job Tracker, Task Tracker, Name Node, Data Node, YARN and Map Reduce programming.","tokens":["Concerned","and","well-informed","on","Hadoop","Components","such","as","HDFS,","Job","Tracker,","Task","Tracker,","Name","Node,","Data","Node,","YARN","and","Map","Reduce","programming."],"metadata":[]}],[{"content":"Developed Map-Reduce programs to get rid of irregularities and aggregate the data.","tokens":["Developed","Map-Reduce","programs","to","get","rid","of","irregularities","and","aggregate","the","data."],"metadata":[]}],[{"content":"Developed Cluster coordination services through Zookeeper.","tokens":["Developed","Cluster","coordination","services","through","Zookeeper."],"metadata":[]}],[{"content":"Implemented Hive UDF's and did performance tuning for better results Developed Pig Latin Scripts to extract data from log files and store them to HDFS.","tokens":["Implemented","Hive","UDF's","and","did","performance","tuning","for","better","results","Developed","Pig","Latin","Scripts","to","extract","data","from","log","files","and","store","them","to","HDFS."],"metadata":[]}],[{"content":"Created User Defined Functions (UDFs) to pre-process data for analysis Implemented Optimized Map Joins to get data from different sources to perform cleaning operations before applying the algorithms.","tokens":["Created","User","Defined","Functions","(UDFs)","to","pre-process","data","for","analysis","Implemented","Optimized","Map","Joins","to","get","data","from","different","sources","to","perform","cleaning","operations","before","applying","the","algorithms."],"metadata":[]}],[{"content":"Created highly optimized SQL queries for MapReduce jobs, seamlessly matching the query to the appropriate Hive table configuration to generate efficient report.","tokens":["Created","highly","optimized","SQL","queries","for","MapReduce","jobs,","seamlessly","matching","the","query","to","the","appropriate","Hive","table","configuration","to","generate","efficient","report."],"metadata":[]}],[{"content":"Used other packages such as Beautifulsoup for data parsing in Python.","tokens":["Used","other","packages","such","as","Beautifulsoup","for","data","parsing","in","Python."],"metadata":[]}],[{"content":"Tuned, and developed SQL on HiveQL, Drill and SparkSQL Experience in using Sqoop to import and export the data from Oracle DB into HDFS and HIVE, HBase.","tokens":["Tuned,","and","developed","SQL","on","HiveQL,","Drill","and","SparkSQL","Experience","in","using","Sqoop","to","import","and","export","the","data","from","Oracle","DB","into","HDFS","and","HIVE,","HBase."],"metadata":[]}],[{"content":"Implemented CRUD operations on HBase data using thrift API to get real time insights.","tokens":["Implemented","CRUD","operations","on","HBase","data","using","thrift","API","to","get","real","time","insights."],"metadata":[]}],[{"content":"Developed workflow in Oozie to manage and schedule jobs on Hadoop cluster for generating reports on nightly, weekly and monthly basis.","tokens":["Developed","workflow","in","Oozie","to","manage","and","schedule","jobs","on","Hadoop","cluster","for","generating","reports","on","nightly,","weekly","and","monthly","basis."],"metadata":[]}],[{"content":"Worked on integration independent microservices for real-time bidding (scala/akka, firebase, cassandra, Elasticsearch) Used slick to query and storing in database in a Scala fashion using the powerful Scala collection framework Using HIVE processed extensively ETL loadings on a Structured Data.","tokens":["Worked","on","integration","independent","microservices","for","real-time","bidding","(scala/akka,","firebase,","cassandra,","Elasticsearch)","Used","slick","to","query","and","storing","in","database","in","a","Scala","fashion","using","the","powerful","Scala","collection","framework","Using","HIVE","processed","extensively","ETL","loadings","on","a","Structured","Data."],"metadata":[]}],[{"content":"Defined job flows and developed simple to complex Map Reduce jobs as per the requirement.","tokens":["Defined","job","flows","and","developed","simple","to","complex","Map","Reduce","jobs","as","per","the","requirement."],"metadata":[]}],[{"content":"Optimized Map/Reduce Jobs to use HDFS efficiently by using various compression mechanisms.","tokens":["Optimized","Map/Reduce","Jobs","to","use","HDFS","efficiently","by","using","various","compression","mechanisms."],"metadata":[]}],[{"content":"Developed PIG UDFs for manipulating the data according to Business Requirements and also worked on developing custom PIG Loaders.","tokens":["Developed","PIG","UDFs","for","manipulating","the","data","according","to","Business","Requirements","and","also","worked","on","developing","custom","PIG","Loaders."],"metadata":[]}],[{"content":"Created various Parser programs to extract data from Autosys, Tibco Business Objects, XML, Informatica, Java, and database views using Scala PIG UDF was required to extract the information of the area from the huge data which we get from the sensors.","tokens":["Created","various","Parser","programs","to","extract","data","from","Autosys,","Tibco","Business","Objects,","XML,","Informatica,","Java,","and","database","views","using","Scala","PIG","UDF","was","required","to","extract","the","information","of","the","area","from","the","huge","data","which","we","get","from","the","sensors."],"metadata":[]}],[{"content":"Responsible for creating Hive tables based on business requirements.","tokens":["Responsible","for","creating","Hive","tables","based","on","business","requirements."],"metadata":[]}],[{"content":"Implemented Partitioning, Dynamic Partitions and Buckets in HIVE for efficient data access.","tokens":["Implemented","Partitioning,","Dynamic","Partitions","and","Buckets","in","HIVE","for","efficient","data","access."],"metadata":[]}],[{"content":"Involved in NoSQL database design, integration and implementation.","tokens":["Involved","in","NoSQL","database","design,","integration","and","implementation."],"metadata":[]}],[{"content":"Loaded data into NoSQL database HBase.","tokens":["Loaded","data","into","NoSQL","database","HBase."],"metadata":[]}],[{"content":"Worked on debugging, performance tuning PIG and HIVE scripts by understanding the joins, group and aggregation between them.","tokens":["Worked","on","debugging,","performance","tuning","PIG","and","HIVE","scripts","by","understanding","the","joins,","group","and","aggregation","between","them."],"metadata":[]}],[{"content":"Used Flume to collect, aggregate and store the web log data from different sources like web servers and pushed to HDFS.","tokens":["Used","Flume","to","collect,","aggregate","and","store","the","web","log","data","from","different","sources","like","web","servers","and","pushed","to","HDFS."],"metadata":[]}],[{"content":"Connected the hive tables to Data analyzing tools like Tableau for Graphical representation of the trends.","tokens":["Connected","the","hive","tables","to","Data","analyzing","tools","like","Tableau","for","Graphical","representation","of","the","trends."],"metadata":[]}],[{"content":"Experienced in managing and reviewing Hadoop log files.","tokens":["Experienced","in","managing","and","reviewing","Hadoop","log","files."],"metadata":[]}],[{"content":"Involved in loading data from UNIX file system to HDFS.","tokens":["Involved","in","loading","data","from","UNIX","file","system","to","HDFS."],"metadata":[]}],[{"content":"Responsible for design & development of Spark SQL Scripts based on Functional Specifications.","tokens":["Responsible","for","design","&","development","of","Spark","SQL","Scripts","based","on","Functional","Specifications."],"metadata":[]}],[{"content":"Used Apache HUE interface to monitor and manage the HDFS storage.","tokens":["Used","Apache","HUE","interface","to","monitor","and","manage","the","HDFS","storage."],"metadata":[]}],[{"content":"Environment: HDFS, Map Reduce, Pig, Mesos, AWS Hive, Sqoop, Scala, Flume, Mahout, HBase, Spark, SPARK SQL, Yarn, Java, Maven, Git, Cloudera, MongoDB, Eclipse and Shell Scripting.","tokens":["Environment:","HDFS,","Map","Reduce,","Pig,","Mesos,","AWS","Hive,","Sqoop,","Scala,","Flume,","Mahout,","HBase,","Spark,","SPARK","SQL,","Yarn,","Java,","Maven,","Git,","Cloudera,","MongoDB,","Eclipse","and","Shell","Scripting."],"metadata":[]}],[{"content":"Hadoop Developer DELL - Bengaluru, Karnataka June 2013 to August 2015 Responsibilities: Designed and developed data movement framework for multiple sources like SQL Server, Oracle, and MySQL.","tokens":["Hadoop","Developer","DELL","-","Bengaluru,","Karnataka","June","2013","to","August","2015","Responsibilities:","Designed","and","developed","data","movement","framework","for","multiple","sources","like","SQL","Server,","Oracle,","and","MySQL."],"metadata":[]}],[{"content":"Created Sqoop import and export jobs for multiple sources.","tokens":["Created","Sqoop","import","and","export","jobs","for","multiple","sources."],"metadata":[]}],[{"content":"Developed scripts to automate the creation Sqoop jobs for various workflows.","tokens":["Developed","scripts","to","automate","the","creation","Sqoop","jobs","for","various","workflows."],"metadata":[]}],[{"content":"Developed Hive scripts to alter the tables and perform required transformations.","tokens":["Developed","Hive","scripts","to","alter","the","tables","and","perform","required","transformations."],"metadata":[]}],[{"content":"Developed a java MapReduce and PIG cleansers for data cleansing.","tokens":["Developed","a","java","MapReduce","and","PIG","cleansers","for","data","cleansing."],"metadata":[]}],[{"content":"Worked on Hive UDFS to mask confidential information in the data.","tokens":["Worked","on","Hive","UDFS","to","mask","confidential","information","in","the","data."],"metadata":[]}],[{"content":"Designed and developed MapReduce programs for data lineage.","tokens":["Designed","and","developed","MapReduce","programs","for","data","lineage."],"metadata":[]}],[{"content":"Designed and developed the framework to log information for auditing and failure recovery.","tokens":["Designed","and","developed","the","framework","to","log","information","for","auditing","and","failure","recovery."],"metadata":[]}],[{"content":"Closed worked with the web application development team to develop the user interface for data movement framework.","tokens":["Closed","worked","with","the","web","application","development","team","to","develop","the","user","interface","for","data","movement","framework."],"metadata":[]}],[{"content":"Designed Oozie workflows for Job Automation.","tokens":["Designed","Oozie","workflows","for","Job","Automation."],"metadata":[]}],[{"content":"Created Map Reduce programs to handle semi/unstructured data like xml, Json, Avro data files and sequence files for log files.","tokens":["Created","Map","Reduce","programs","to","handle","semi/unstructured","data","like","xml,","Json,","Avro","data","files","and","sequence","files","for","log","files."],"metadata":[]}],[{"content":"A RESTful web service, built with python and cherrypy, retrieves data from an accumulo data warehouse Maintaining the MySQL server and Authentication to required users for Databases.","tokens":["A","RESTful","web","service,","built","with","python","and","cherrypy,","retrieves","data","from","an","accumulo","data","warehouse","Maintaining","the","MySQL","server","and","Authentication","to","required","users","for","Databases."],"metadata":[]}],[{"content":"Appropriately documented various Administrative technical issues.","tokens":["Appropriately","documented","various","Administrative","technical","issues."],"metadata":[]}],[{"content":"Developed MapReduce programs to extract and transform the data sets and results were exported back to RDBMS using Sqoop.","tokens":["Developed","MapReduce","programs","to","extract","and","transform","the","data","sets","and","results","were","exported","back","to","RDBMS","using","Sqoop."],"metadata":[]}],[{"content":"Built a RESTful web service for storing and retrieving documents in an apache accumulo data store Involved in collecting and aggregating large amounts of log data using Apache Flume and staging data in HDFS for further analysis.","tokens":["Built","a","RESTful","web","service","for","storing","and","retrieving","documents","in","an","apache","accumulo","data","store","Involved","in","collecting","and","aggregating","large","amounts","of","log","data","using","Apache","Flume","and","staging","data","in","HDFS","for","further","analysis."],"metadata":[]}],[{"content":"Optimized our Hadoop infrastructure at both the Software and Hardware level.","tokens":["Optimized","our","Hadoop","infrastructure","at","both","the","Software","and","Hardware","level."],"metadata":[]}],[{"content":"Experience in troubleshooting in MapReduce jobs by reviewing log files.","tokens":["Experience","in","troubleshooting","in","MapReduce","jobs","by","reviewing","log","files."],"metadata":[]}],[{"content":"Developed end-to-end search solution using web crawler, Apache Nutch & Search Platform, Apache SOLR.","tokens":["Developed","end-to-end","search","solution","using","web","crawler,","Apache","Nutch","&","Search","Platform,","Apache","SOLR."],"metadata":[]}],[{"content":"Environment:Hadoop, Cloudera Manager, Linux, RedHat, CentOs, Ubuntu Operating System, Scala, Map Reduce, HBase, SQL, Sqoop, HDFS, Kafka, UML, Apache SOLR, Hive, Oozie, Cassandra, maven, Pig, UNIX, Python, MR Unit, Git.","tokens":["Environment:Hadoop,","Cloudera","Manager,","Linux,","RedHat,","CentOs,","Ubuntu","Operating","System,","Scala,","Map","Reduce,","HBase,","SQL,","Sqoop,","HDFS,","Kafka,","UML,","Apache","SOLR,","Hive,","Oozie,","Cassandra,","maven,","Pig,","UNIX,","Python,","MR","Unit,","Git."],"metadata":[]}],[{"content":"Java Developer STATE FARM - Bengaluru, Karnataka July 2011 to June 2013 Responsibilities: Developed the J2EE application based on the Service Oriented Architecture by employing SOAP and other tools for data exchanges and updates.","tokens":["Java","Developer","STATE","FARM","-","Bengaluru,","Karnataka","July","2011","to","June","2013","Responsibilities:","Developed","the","J2EE","application","based","on","the","Service","Oriented","Architecture","by","employing","SOAP","and","other","tools","for","data","exchanges","and","updates."],"metadata":[]}],[{"content":"Developed the functionalities using Agile Methodology.","tokens":["Developed","the","functionalities","using","Agile","Methodology."],"metadata":[]}],[{"content":"Used Apache Maven for project management and building the application.","tokens":["Used","Apache","Maven","for","project","management","and","building","the","application."],"metadata":[]}],[{"content":"Worked in all the modules of the application which involved front-end presentation logic developed using Spring MVC, JSP, JSTL and JavaScript, Business objects developed using POJOs and data access layer using Hibernate framework.","tokens":["Worked","in","all","the","modules","of","the","application","which","involved","front-end","presentation","logic","developed","using","Spring","MVC,","JSP,","JSTL","and","JavaScript,","Business","objects","developed","using","POJOs","and","data","access","layer","using","Hibernate","framework."],"metadata":[]}],[{"content":"Used JAX-RS (REST) for producing web services and involved in writing programs to consume the web services with Apache CXF framework.","tokens":["Used","JAX-RS","(REST)","for","producing","web","services","and","involved","in","writing","programs","to","consume","the","web","services","with","Apache","CXF","framework."],"metadata":[]}],[{"content":"Used Restful API and SOAP web services for internal and external consumption.","tokens":["Used","Restful","API","and","SOAP","web","services","for","internal","and","external","consumption."],"metadata":[]}],[{"content":"Used Spring ORM module for integration with Hibernate for persistence layer.","tokens":["Used","Spring","ORM","module","for","integration","with","Hibernate","for","persistence","layer."],"metadata":[]}],[{"content":"Involved in writing Hibernate Query Language (HQL) for persistence layer.","tokens":["Involved","in","writing","Hibernate","Query","Language","(HQL)","for","persistence","layer."],"metadata":[]}],[{"content":"Used Spring MVC, Spring AOP, Spring IOC, Spring Transaction and Oracle to create Club Systems Component.","tokens":["Used","Spring","MVC,","Spring","AOP,","Spring","IOC,","Spring","Transaction","and","Oracle","to","create","Club","Systems","Component."],"metadata":[]}],[{"content":"Wrote backend jobs based on Core Java & Oracle Data Base to be run daily/weekly.","tokens":["Wrote","backend","jobs","based","on","Core","Java","&","Oracle","Data","Base","to","be","run","daily/weekly."],"metadata":[]}],[{"content":"Coding the core modules of the application compliant with the Java/J2EE coding standards and Design Patterns.","tokens":["Coding","the","core","modules","of","the","application","compliant","with","the","Java/J2EE","coding","standards","and","Design","Patterns."],"metadata":[]}],[{"content":"Written Java Script, HTML, CSS, Servlets, and JSP for designing GUI of the application.","tokens":["Written","Java","Script,","HTML,","CSS,","Servlets,","and","JSP","for","designing","GUI","of","the","application."],"metadata":[]}],[{"content":"Worked on Service-side and Middle-tier technologies, extracting catching strategies/solutions.","tokens":["Worked","on","Service-side","and","Middle-tier","technologies,","extracting","catching","strategies/solutions."],"metadata":[]}],[{"content":"Design data access layer using Data Access Layer J2EE patterns.","tokens":["Design","data","access","layer","using","Data","Access","Layer","J2EE","patterns."],"metadata":[]}],[{"content":"Implementing the MVC architecture Struts Framework for handling databases across multiple locations and display information in presentation layer.","tokens":["Implementing","the","MVC","architecture","Struts","Framework","for","handling","databases","across","multiple","locations","and","display","information","in","presentation","layer."],"metadata":[]}],[{"content":"Used XPath for parsing the XML elements as part of business logic processing.","tokens":["Used","XPath","for","parsing","the","XML","elements","as","part","of","business","logic","processing."],"metadata":[]}],[{"content":"Environment: Java, Struts 1.2, Hibernate 3.0, JSP, JavaScript, HTML, XML, Oracle, Eclipse, JBoss Application Server, ANT, CVS, and SQL.","tokens":["Environment:","Java,","Struts","1.2,","Hibernate","3.0,","JSP,","JavaScript,","HTML,","XML,","Oracle,","Eclipse,","JBoss","Application","Server,","ANT,","CVS,","and","SQL."],"metadata":[]}],[{"content":"Education Masters Michigan State University - Ann Arbor, MI Skills Hdfs, Impala, Oozie, Sqoop, Apache kafka, Kafka, Db2, Flume, Jboss, Jms, Map reduce, Mongodb, Ms visual studio, Visual studio, Apache spark, Api, Hive, Html, Javascript, Node.js Additional Information TECHNICAL SKILLS: Big Data Ecosystems HDFS and Map Reduce, Pig, Hive, Pig Latin, Impala, YARN, Oozie, Zookeeper, Apache Spark, Apache Crunch, Apache NiFi, Apace STORM, Apache Kappa, Apache Kafka, Sqoop, Flume.","tokens":["Education","Masters","Michigan","State","University","-","Ann","Arbor,","MI","Skills","Hdfs,","Impala,","Oozie,","Sqoop,","Apache","kafka,","Kafka,","Db2,","Flume,","Jboss,","Jms,","Map","reduce,","Mongodb,","Ms","visual","studio,","Visual","studio,","Apache","spark,","Api,","Hive,","Html,","Javascript,","Node.js","Additional","Information","TECHNICAL","SKILLS:","Big","Data","Ecosystems","HDFS","and","Map","Reduce,","Pig,","Hive,","Pig","Latin,","Impala,","YARN,","Oozie,","Zookeeper,","Apache","Spark,","Apache","Crunch,","Apache","NiFi,","Apace","STORM,","Apache","Kappa,","Apache","Kafka,","Sqoop,","Flume."],"metadata":[]}],[{"content":"Streaming Technologies Spark Streaming, Storm Scripting Languages Python, Perl, Shell, Sheme, Tcl, Unix Shell Scripts, Windows Power Shell Programming Languages Java, J2EE, JDK1.4/1.5/1.6/1.7/1.8, JDBC, Hibernate, XML Parsers, JSP 1.2/2, Servlets, EJB, JMS, Struts, Spring Framework, Java Beans, AJAX, JNDI.","tokens":["Streaming","Technologies","Spark","Streaming,","Storm","Scripting","Languages","Python,","Perl,","Shell,","Sheme,","Tcl,","Unix","Shell","Scripts,","Windows","Power","Shell","Programming","Languages","Java,","J2EE,","JDK1.4/1.5/1.6/1.7/1.8,","JDBC,","Hibernate,","XML","Parsers,","JSP","1.2/2,","Servlets,","EJB,","JMS,","Struts,","Spring","Framework,","Java","Beans,","AJAX,","JNDI."],"metadata":[]}],[{"content":"Databases MongoDB, Netezza, SQL Server, MySQL, ORACLE, DB2 IDEs / Tools Eclipse, JUnit, Maven, Ant, MS Visual Studio, Net Beans Methodologies Agile, Waterfall Virtualization Technologies VMware ESXi, Windows Hyper-V, Power VM, Virtual box, Citrix Xen, KVM.","tokens":["Databases","MongoDB,","Netezza,","SQL","Server,","MySQL,","ORACLE,","DB2","IDEs","/","Tools","Eclipse,","JUnit,","Maven,","Ant,","MS","Visual","Studio,","Net","Beans","Methodologies","Agile,","Waterfall","Virtualization","Technologies","VMware","ESXi,","Windows","Hyper-V,","Power","VM,","Virtual","box,","Citrix","Xen,","KVM."],"metadata":[]}],[{"content":"Web Technologies HTML, JavaScript, JQuery, Ajax, Boot Strap, Angular JS, Node.js, Express.js Web Servers Web Logic, Web Sphere, Apache Tomcat, JBOSS.","tokens":["Web","Technologies","HTML,","JavaScript,","JQuery,","Ajax,","Boot","Strap,","Angular","JS,","Node.js,","Express.js","Web","Servers","Web","Logic,","Web","Sphere,","Apache","Tomcat,","JBOSS."],"metadata":[]}],[{"content":"Web Services SOAP, RESTful API, WSDL","tokens":["Web","Services","SOAP,","RESTful","API,","WSDL"],"metadata":[]}]],"labelerInfo":{"id":6814,"email":"cwilhel8@jh.edu","displayName":"Chris Wilhelm"},"labelSets":[{"name":"Resume Labels","index":0,"labelItems":[{"id":"Kj5U6n9NUqTXuWcB3c_7L","labelName":"College"},{"id":"rj7TW0-ymuRo6f_asXJab","labelName":"Company Name"},{"id":"SJEkdao76hjwbb6Fh5SY6","labelName":"Job Title"},{"id":"BjO8MdvK2KI4E5iMEeY4B","labelName":"Graduation Year"},{"id":"eS2knCRgLegeRw8bcmSWA","labelName":"Skill"},{"id":"IeEoIKabMl51BJE0gX2YL","labelName":"Degree"},{"id":"1R0C50AAwFbEp2O0WmRv6","labelName":"Location"},{"id":"zQcc4ygexJ_A3Gb0NeRTk","labelName":"Years of Experience"},{"id":"52S_6moRfhjC-yXgIBeCp","labelName":"Date"},{"id":"KiLarWmwlU1E3-FfdG6Qg","labelName":"Project"},{"id":"dyxKKTAxW1z5ifjPj42BI","labelName":"Name"}]}],"spanLabels":[],"arrowLabels":[],"boundingBoxLabels":[],"timeLabels":[],"comments":[],"url":"datasaur://static/6814/f1bb0c5e-1fb4-423a-941a-1725a307ea58.txt"}}
