{"version":"1","data":{"project":{"id":"ODBjYmQ2MDg","name":"NLP SSM Final Project"},"document":{"id":"1382064a-3720-4a24-9e96-bb5fb564c247","name":"resume_1947_d2.txt"},"kinds":["TOKEN_BASED"],"rows":[[{"content":"Java Developer Java Developer Java Developer - IDB US Become a core professional in the technology area specific to my qualification and experience and also in relevant technologies.","tokens":["Java","Developer","Java","Developer","Java","Developer","-","IDB","US","Become","a","core","professional","in","the","technology","area","specific","to","my","qualification","and","experience","and","also","in","relevant","technologies."],"metadata":[]}],[{"content":"To grow as an individual, as a professional all the while contributing immensely to the growth of the organization I work with Work Experience Java Developer IDB 2017 to Present Technology Core Java, Oracle11g Team Size - 10 Responsibilities - ?","tokens":["To","grow","as","an","individual,","as","a","professional","all","the","while","contributing","immensely","to","the","growth","of","the","organization","I","work","with","Work","Experience","Java","Developer","IDB","2017","to","Present","Technology","Core","Java,","Oracle11g","Team","Size","-","10","Responsibilities","-","?"],"metadata":[]}],[{"content":"Worked as a Java Developer and contributed towards E2E Testing of Product life cycle ?","tokens":["Worked","as","a","Java","Developer","and","contributed","towards","E2E","Testing","of","Product","life","cycle","?"],"metadata":[]}],[{"content":"Written test cases, test scripts and test Executions.","tokens":["Written","test","cases,","test","scripts","and","test","Executions."],"metadata":[]}],[{"content":"?","tokens":["?"],"metadata":[]}],[{"content":"Conducted Functional & Regression test suites ?","tokens":["Conducted","Functional","&","Regression","test","suites","?"],"metadata":[]}],[{"content":"Bug tracking.","tokens":["Bug","tracking."],"metadata":[]}],[{"content":"Achievements:- I] Awarded \"Star Of The Team\" for outstanding performance in this Project Associate Developer April 2015 to Present Technical Expertise Programming Languages: Core- Java, J2EE, IBM MQ, Integration, Web Services, Spring Web Technologies: Spring MVC Databases: Oracle 10g, Oracle Reports Web/Application Server: IBM Websphare 7 Operating Systems Windows, Linux Frameworks & Tools Eclipse IDE, Maven, SVN, Jira Design Patterns MVC, Singleton, Factory pattern Project 1 - Global Cash Plus(GCP 4.3) Java Developer Kotak Bank, IDBI Bank July 2017 to January 2018 Technology Core Java, Oracle11g Team Size - 7 Responsibilities - ?","tokens":["Achievements:-","I]","Awarded","\"Star","Of","The","Team\"","for","outstanding","performance","in","this","Project","Associate","Developer","April","2015","to","Present","Technical","Expertise","Programming","Languages:","Core-","Java,","J2EE,","IBM","MQ,","Integration,","Web","Services,","Spring","Web","Technologies:","Spring","MVC","Databases:","Oracle","10g,","Oracle","Reports","Web/Application","Server:","IBM","Websphare","7","Operating","Systems","Windows,","Linux","Frameworks","&","Tools","Eclipse","IDE,","Maven,","SVN,","Jira","Design","Patterns","MVC,","Singleton,","Factory","pattern","Project","1","-","Global","Cash","Plus(GCP","4.3)","Java","Developer","Kotak","Bank,","IDBI","Bank","July","2017","to","January","2018","Technology","Core","Java,","Oracle11g","Team","Size","-","7","Responsibilities","-","?"],"metadata":[]}],[{"content":"Involved in CR(Customer Request from Production Environment) ?","tokens":["Involved","in","CR(Customer","Request","from","Production","Environment)","?"],"metadata":[]}],[{"content":"Coding, testing of code and Delivering the Hotfix to clients.","tokens":["Coding,","testing","of","code","and","Delivering","the","Hotfix","to","clients."],"metadata":[]}],[{"content":"Project 3 - \"Total Treasury\" Java Developer M&T Bank December 2016 to June 2017 Technology - Web Based Application, Online Payments, , SQL, Quality Centre Team Size - 8 Project Details - Global CASHplus (GCP) is Fundtech's transaction banking solution that combines comprehensive global cash management with the full range of automated financial supply chain features such as ?","tokens":["Project","3","-","\"Total","Treasury\"","Java","Developer","M&T","Bank","December","2016","to","June","2017","Technology","-","Web","Based","Application,","Online","Payments,",",","SQL,","Quality","Centre","Team","Size","-","8","Project","Details","-","Global","CASHplus","(GCP)","is","Fundtech's","transaction","banking","solution","that","combines","comprehensive","global","cash","management","with","the","full","range","of","automated","financial","supply","chain","features","such","as","?"],"metadata":[]}],[{"content":"Payments ?","tokens":["Payments","?"],"metadata":[]}],[{"content":"Balance-Reporting ?","tokens":["Balance-Reporting","?"],"metadata":[]}],[{"content":"Check Managments ?","tokens":["Check","Managments","?"],"metadata":[]}],[{"content":"Positive Pay Responsibilities:- Involved in Requirement Analysis, Development as per FS & Defect Management Involved in deploying WAR, testing and QC Support closely.","tokens":["Positive","Pay","Responsibilities:-","Involved","in","Requirement","Analysis,","Development","as","per","FS","&","Defect","Management","Involved","in","deploying","WAR,","testing","and","QC","Support","closely."],"metadata":[]}],[{"content":"Flexible to adapt to change in work methodologies in the IT Industry.","tokens":["Flexible","to","adapt","to","change","in","work","methodologies","in","the","IT","Industry."],"metadata":[]}],[{"content":"Hands on in Transaction Banking Domain.","tokens":["Hands","on","in","Transaction","Banking","Domain."],"metadata":[]}],[{"content":"Proficient in Functional, Regression & Accessibility Testing.","tokens":["Proficient","in","Functional,","Regression","&","Accessibility","Testing."],"metadata":[]}],[{"content":"Technologies used:- Oracle11g, Web Services, Core- Java, Apache, WebServer.","tokens":["Technologies","used:-","Oracle11g,","Web","Services,","Core-","Java,","Apache,","WebServer."],"metadata":[]}],[{"content":"Frameworks used in this project are EXT JS, Ajax, Spring Role- Associate Developer Worked as a Java Developer and contributed towards E2E Testing of Product life cycle Written test cases, test scripts and test Executions.","tokens":["Frameworks","used","in","this","project","are","EXT","JS,","Ajax,","Spring","Role-","Associate","Developer","Worked","as","a","Java","Developer","and","contributed","towards","E2E","Testing","of","Product","life","cycle","Written","test","cases,","test","scripts","and","test","Executions."],"metadata":[]}],[{"content":"Conducted Functional & Regression test suites Bug tracking Project 2 - \"Transact Cash In 4.1\" Education Bachelor's","tokens":["Conducted","Functional","&","Regression","test","suites","Bug","tracking","Project","2","-","\"Transact","Cash","In","4.1\"","Education","Bachelor's"],"metadata":[]}]],"labelerInfo":{"id":6814,"email":"cwilhel8@jh.edu","displayName":"Chris Wilhelm"},"labelSets":[{"name":"Resume Labels","index":0,"labelItems":[{"id":"Kj5U6n9NUqTXuWcB3c_7L","labelName":"College"},{"id":"rj7TW0-ymuRo6f_asXJab","labelName":"Company Name"},{"id":"SJEkdao76hjwbb6Fh5SY6","labelName":"Job Title"},{"id":"BjO8MdvK2KI4E5iMEeY4B","labelName":"Graduation Year"},{"id":"eS2knCRgLegeRw8bcmSWA","labelName":"Skill"},{"id":"IeEoIKabMl51BJE0gX2YL","labelName":"Degree"},{"id":"1R0C50AAwFbEp2O0WmRv6","labelName":"Location"},{"id":"zQcc4ygexJ_A3Gb0NeRTk","labelName":"Years of Experience"},{"id":"52S_6moRfhjC-yXgIBeCp","labelName":"Date"},{"id":"KiLarWmwlU1E3-FfdG6Qg","labelName":"Project"},{"id":"dyxKKTAxW1z5ifjPj42BI","labelName":"Name"}]}],"spanLabels":[],"arrowLabels":[],"boundingBoxLabels":[],"timeLabels":[],"comments":[],"url":"datasaur://static/6814/1382064a-3720-4a24-9e96-bb5fb564c247.txt"}}
