{"version":"1","data":{"project":{"id":"ODBjYmQ2MDg","name":"NLP SSM Final Project"},"document":{"id":"edb20d3c-3eb0-464b-b191-45e3d4aecc8f","name":"resume_2692_d2.txt"},"kinds":["TOKEN_BASED"],"rows":[[{"content":"Front End Developer Front End Developer Front End Web Developer/ Software Developer San Jose, CA Work Experience Front End Developer Coveroo - San Francisco, CA December 2014 to Present Worked on implementing crowd source platform.","tokens":["Front","End","Developer","Front","End","Developer","Front","End","Web","Developer/","Software","Developer","San","Jose,","CA","Work","Experience","Front","End","Developer","Coveroo","-","San","Francisco,","CA","December","2014","to","Present","Worked","on","implementing","crowd","source","platform."],"metadata":[]}],[{"content":"Worked on improving SEO for SPA applications.","tokens":["Worked","on","improving","SEO","for","SPA","applications."],"metadata":[]}],[{"content":"Implemented successful AB tests.","tokens":["Implemented","successful","AB","tests."],"metadata":[]}],[{"content":"Optimized HTML and JavaScript code to reduce web page loading time.","tokens":["Optimized","HTML","and","JavaScript","code","to","reduce","web","page","loading","time."],"metadata":[]}],[{"content":"Designed new cross-browser accessible and responsive webpages using Bootstrap.","tokens":["Designed","new","cross-browser","accessible","and","responsive","webpages","using","Bootstrap."],"metadata":[]}],[{"content":"Involved in website maintenance and support.","tokens":["Involved","in","website","maintenance","and","support."],"metadata":[]}],[{"content":"Front End Web Developer FlexBricks - San Jose, CA October 2012 to December 2014 Luhansk, UA/ San Jose, CA Front End Web Developer * Developing and maintaining the front end functionality of websites.","tokens":["Front","End","Web","Developer","FlexBricks","-","San","Jose,","CA","October","2012","to","December","2014","Luhansk,","UA/","San","Jose,","CA","Front","End","Web","Developer","*","Developing","and","maintaining","the","front","end","functionality","of","websites."],"metadata":[]}],[{"content":"* Participating in discussions with clients to clarify what they want.","tokens":["*","Participating","in","discussions","with","clients","to","clarify","what","they","want."],"metadata":[]}],[{"content":"* Designing prototypes for apps and websites.","tokens":["*","Designing","prototypes","for","apps","and","websites."],"metadata":[]}],[{"content":"* Writing cross-browser compliant HTML, CSS & JavaScript.","tokens":["*","Writing","cross-browser","compliant","HTML,","CSS","&","JavaScript."],"metadata":[]}],[{"content":"* Provide guidance to other team members on web development issues.","tokens":["*","Provide","guidance","to","other","team","members","on","web","development","issues."],"metadata":[]}],[{"content":"* Developing websites that have a consistent feel and look throughout all web properties.","tokens":["*","Developing","websites","that","have","a","consistent","feel","and","look","throughout","all","web","properties."],"metadata":[]}],[{"content":"* Providing technical support to end users.","tokens":["*","Providing","technical","support","to","end","users."],"metadata":[]}],[{"content":"* Identifying and correcting software deficiencies.","tokens":["*","Identifying","and","correcting","software","deficiencies."],"metadata":[]}],[{"content":"* Performed maintenance and updates to existing client Web sites.","tokens":["*","Performed","maintenance","and","updates","to","existing","client","Web","sites."],"metadata":[]}],[{"content":"* Participated in brainstorming sessions to come up with ideas.","tokens":["*","Participated","in","brainstorming","sessions","to","come","up","with","ideas."],"metadata":[]}],[{"content":"* Documented software and technical specifications.","tokens":["*","Documented","software","and","technical","specifications."],"metadata":[]}],[{"content":"* Worked on multiple projects simultaneously to a high standard.","tokens":["*","Worked","on","multiple","projects","simultaneously","to","a","high","standard."],"metadata":[]}],[{"content":"* Created plugins for future usage.","tokens":["*","Created","plugins","for","future","usage."],"metadata":[]}],[{"content":"* Involved in performance testing and analysis in terms of front end.","tokens":["*","Involved","in","performance","testing","and","analysis","in","terms","of","front","end."],"metadata":[]}],[{"content":"* Involved in API changing design * Involved in AGILE Methodology process which includes bi-weekly sprint and daily scrum to discuss the design and work progress.","tokens":["*","Involved","in","API","changing","design","*","Involved","in","AGILE","Methodology","process","which","includes","bi-weekly","sprint","and","daily","scrum","to","discuss","the","design","and","work","progress."],"metadata":[]}],[{"content":"* Debug the application using Firebug to traverse the documents and manipulated the Nodes using DOM and DOM Functions using Firefox and IE Developer Tool bar for IE/ Dev tools for Chrome.","tokens":["*","Debug","the","application","using","Firebug","to","traverse","the","documents","and","manipulated","the","Nodes","using","DOM","and","DOM","Functions","using","Firefox","and","IE","Developer","Tool","bar","for","IE/","Dev","tools","for","Chrome."],"metadata":[]}],[{"content":"Education Master's in Computer science E. Ukrainian National Univ. June 2011 to July 2012 Bachelor's E. Ukrainian National Univ. September 2009 to July 2011 Skills HTML5, CSS3, SASS, Javascript, Angular.js, jQuery, jQueryUI, Knockout, KendoUI, Handlebars, MongoDB, Bootstrap, Python, Matplotlib, Tkinter, Heroku, Scrum, Test Driven Development, Git, MS Office, Windows, UNIX, MacOS, Google Documents.","tokens":["Education","Master's","in","Computer","science","E.","Ukrainian","National","Univ.","June","2011","to","July","2012","Bachelor's","E.","Ukrainian","National","Univ.","September","2009","to","July","2011","Skills","HTML5,","CSS3,","SASS,","Javascript,","Angular.js,","jQuery,","jQueryUI,","Knockout,","KendoUI,","Handlebars,","MongoDB,","Bootstrap,","Python,","Matplotlib,","Tkinter,","Heroku,","Scrum,","Test","Driven","Development,","Git,","MS","Office,","Windows,","UNIX,","MacOS,","Google","Documents."],"metadata":[]}],[{"content":"Links https://s3.amazonaws.com/verify.edx.org/downloads/67305a12901e4eff994f920407f92c09/Certificate.pdf Additional Information Other Skills Fluency in English, Russian, and Ukrainian.","tokens":["Links","https://s3.amazonaws.com/verify.edx.org/downloads/67305a12901e4eff994f920407f92c09/Certificate.pdf","Additional","Information","Other","Skills","Fluency","in","English,","Russian,","and","Ukrainian."],"metadata":[]}],[{"content":"Objective Looking to find increasingly challenging position where I can utilize my past experience while gaining knowledge of new software.","tokens":["Objective","Looking","to","find","increasingly","challenging","position","where","I","can","utilize","my","past","experience","while","gaining","knowledge","of","new","software."],"metadata":[]}]],"labelerInfo":{"id":6814,"email":"cwilhel8@jh.edu","displayName":"Chris Wilhelm"},"labelSets":[{"name":"Resume Labels","index":0,"labelItems":[{"id":"Kj5U6n9NUqTXuWcB3c_7L","labelName":"College"},{"id":"rj7TW0-ymuRo6f_asXJab","labelName":"Company Name"},{"id":"SJEkdao76hjwbb6Fh5SY6","labelName":"Job Title"},{"id":"BjO8MdvK2KI4E5iMEeY4B","labelName":"Graduation Year"},{"id":"eS2knCRgLegeRw8bcmSWA","labelName":"Skill"},{"id":"IeEoIKabMl51BJE0gX2YL","labelName":"Degree"},{"id":"1R0C50AAwFbEp2O0WmRv6","labelName":"Location"},{"id":"zQcc4ygexJ_A3Gb0NeRTk","labelName":"Years of Experience"},{"id":"52S_6moRfhjC-yXgIBeCp","labelName":"Date"},{"id":"KiLarWmwlU1E3-FfdG6Qg","labelName":"Project"},{"id":"dyxKKTAxW1z5ifjPj42BI","labelName":"Name"}]}],"spanLabels":[],"arrowLabels":[],"boundingBoxLabels":[],"timeLabels":[],"comments":[],"url":"datasaur://static/6814/edb20d3c-3eb0-464b-b191-45e3d4aecc8f.txt"}}
