{"version":"1","data":{"project":{"id":"ODBjYmQ2MDg","name":"NLP SSM Final Project"},"document":{"id":"5ba01d2c-2531-445e-996f-9deb4a79e6b7","name":"resume_5514_d2.txt"},"kinds":["TOKEN_BASED"],"rows":[[{"content":"Front End Developer Front End Developer Missouri City, MO Authorized to work in the US for any employer Work Experience Front End Developer Accenture - Hyderabad, Telangana March 2015 to March 2018 Education Master's in Computer Science University of Central Missouri - Missouri City, MO May 2018 to June 2019 Bachelor's in Information Technology Jawaharlal Nehru Technological University - Hyderabad, Telangana October 2010 to May 2014","tokens":["Front","End","Developer","Front","End","Developer","Missouri","City,","MO","Authorized","to","work","in","the","US","for","any","employer","Work","Experience","Front","End","Developer","Accenture","-","Hyderabad,","Telangana","March","2015","to","March","2018","Education","Master's","in","Computer","Science","University","of","Central","Missouri","-","Missouri","City,","MO","May","2018","to","June","2019","Bachelor's","in","Information","Technology","Jawaharlal","Nehru","Technological","University","-","Hyderabad,","Telangana","October","2010","to","May","2014"],"metadata":[]}]],"labelerInfo":{"id":6814,"email":"cwilhel8@jh.edu","displayName":"Chris Wilhelm"},"labelSets":[{"name":"Resume Labels","index":0,"labelItems":[{"id":"Kj5U6n9NUqTXuWcB3c_7L","labelName":"College"},{"id":"rj7TW0-ymuRo6f_asXJab","labelName":"Company Name"},{"id":"SJEkdao76hjwbb6Fh5SY6","labelName":"Job Title"},{"id":"BjO8MdvK2KI4E5iMEeY4B","labelName":"Graduation Year"},{"id":"eS2knCRgLegeRw8bcmSWA","labelName":"Skill"},{"id":"IeEoIKabMl51BJE0gX2YL","labelName":"Degree"},{"id":"1R0C50AAwFbEp2O0WmRv6","labelName":"Location"},{"id":"zQcc4ygexJ_A3Gb0NeRTk","labelName":"Years of Experience"},{"id":"52S_6moRfhjC-yXgIBeCp","labelName":"Date"},{"id":"KiLarWmwlU1E3-FfdG6Qg","labelName":"Project"},{"id":"dyxKKTAxW1z5ifjPj42BI","labelName":"Name"}]}],"spanLabels":[],"arrowLabels":[],"boundingBoxLabels":[],"timeLabels":[],"comments":[],"url":"datasaur://static/6814/5ba01d2c-2531-445e-996f-9deb4a79e6b7.txt"}}
