{"version":"1","data":{"project":{"id":"ODBjYmQ2MDg","name":"NLP SSM Final Project"},"document":{"id":"4ae4cb06-8c4c-438b-8702-771e316908a1","name":"resume_310_d1.txt"},"kinds":["TOKEN_BASED"],"rows":[[{"content":"CONSULTANT Experience Consultant , 05/2017 to Current Company Name – City , State Managed project schedule and local and remote staff to collect Water Main data and update GIS system.","tokens":["CONSULTANT","Experience","Consultant",",","05/2017","to","Current","Company","Name","–","City",",","State","Managed","project","schedule","and","local","and","remote","staff","to","collect","Water","Main","data","and","update","GIS","system."],"metadata":[]}],[{"content":"Develop business process and productivity reports to manage field book scanning project and Water Main data collection project.","tokens":["Develop","business","process","and","productivity","reports","to","manage","field","book","scanning","project","and","Water","Main","data","collection","project."],"metadata":[]}],[{"content":"Provide Application support for CIS, Infor CMMS, and Neptune AMR applications.","tokens":["Provide","Application","support","for","CIS,","Infor","CMMS,","and","Neptune","AMR","applications."],"metadata":[]}],[{"content":"Maintained SharePoint site for I/T department.","tokens":["Maintained","SharePoint","site","for","I/T","department."],"metadata":[]}],[{"content":"Assist Desktop support team with desktop and application user issues.","tokens":["Assist","Desktop","support","team","with","desktop","and","application","user","issues."],"metadata":[]}],[{"content":"Developed secure FTP scripts during implementation of CIS and AMR applications after Ransomware attack.","tokens":["Developed","secure","FTP","scripts","during","implementation","of","CIS","and","AMR","applications","after","Ransomware","attack."],"metadata":[]}],[{"content":"Utility Solutions Consultant , 02/2006 to 04/2017 Company Name – City , State Install and configured Cityworks CMMS application, including XML modifications.","tokens":["Utility","Solutions","Consultant",",","02/2006","to","04/2017","Company","Name","–","City",",","State","Install","and","configured","Cityworks","CMMS","application,","including","XML","modifications."],"metadata":[]}],[{"content":"Led configuration requirements gathering effort for Cityworks application implementation.","tokens":["Led","configuration","requirements","gathering","effort","for","Cityworks","application","implementation."],"metadata":[]}],[{"content":"Prepared and provided training for CIS, Meter Reading software, and CMMS applications.","tokens":["Prepared","and","provided","training","for","CIS,","Meter","Reading","software,","and","CMMS","applications."],"metadata":[]}],[{"content":"Provided Application support for CIS, CMMS, and AMR applications.","tokens":["Provided","Application","support","for","CIS,","CMMS,","and","AMR","applications."],"metadata":[]}],[{"content":"Developed data import file layouts and Crystal Reports for Lucity CMMS application.","tokens":["Developed","data","import","file","layouts","and","Crystal","Reports","for","Lucity","CMMS","application."],"metadata":[]}],[{"content":"Performed system configuration for Lucity CMMS application.","tokens":["Performed","system","configuration","for","Lucity","CMMS","application."],"metadata":[]}],[{"content":"Installed and configured Infor Enterprise Asset Management 11.1 application and SQL Server database.","tokens":["Installed","and","configured","Infor","Enterprise","Asset","Management","11.1","application","and","SQL","Server","database."],"metadata":[]}],[{"content":"Led System Administration team to design and configure user security for Infor Public Sector application.","tokens":["Led","System","Administration","team","to","design","and","configure","user","security","for","Infor","Public","Sector","application."],"metadata":[]}],[{"content":"Led configuration requirements gathering effort for Infor Public Sector application upgrade.","tokens":["Led","configuration","requirements","gathering","effort","for","Infor","Public","Sector","application","upgrade."],"metadata":[]}],[{"content":"Provide Application support for CIS, CMMS, and AMR applications.","tokens":["Provide","Application","support","for","CIS,","CMMS,","and","AMR","applications."],"metadata":[]}],[{"content":"Assisted the City of Cleveland with the installation of their AMI Fixed Network.","tokens":["Assisted","the","City","of","Cleveland","with","the","installation","of","their","AMI","Fixed","Network."],"metadata":[]}],[{"content":"Developed the Residential AMI Meter Deployment schedule for City of Cleveland AMI Project.","tokens":["Developed","the","Residential","AMI","Meter","Deployment","schedule","for","City","of","Cleveland","AMI","Project."],"metadata":[]}],[{"content":"Led team to manage data interfaces between City of Atlanta and Contractor systems during the AMR replacement program.","tokens":["Led","team","to","manage","data","interfaces","between","City","of","Atlanta","and","Contractor","systems","during","the","AMR","replacement","program."],"metadata":[]}],[{"content":"Develop business process and reports to manage Automated Meter Reading meter replacement program for City of Atlanta, Bureau of Drinking Water.","tokens":["Develop","business","process","and","reports","to","manage","Automated","Meter","Reading","meter","replacement","program","for","City","of","Atlanta,","Bureau","of","Drinking","Water."],"metadata":[]}],[{"content":"CEO/Consultant , 02/2000 to 02/2006 Company Name – City , State Managed Griffin Technology Group budget, taxes, expenses and contracts Hired and managed employees, including scheduling client appointments for on-site PC support service.","tokens":["CEO/Consultant",",","02/2000","to","02/2006","Company","Name","–","City",",","State","Managed","Griffin","Technology","Group","budget,","taxes,","expenses","and","contracts","Hired","and","managed","employees,","including","scheduling","client","appointments","for","on-site","PC","support","service."],"metadata":[]}],[{"content":"Developed Crystal Reports for client management team to manage business within the Customer Information System.","tokens":["Developed","Crystal","Reports","for","client","management","team","to","manage","business","within","the","Customer","Information","System."],"metadata":[]}],[{"content":"Installed and configured Crystal Info Server 7.","tokens":["Installed","and","configured","Crystal","Info","Server","7."],"metadata":[]}],[{"content":"Developed PL/SQL views to handle difficult data issues in reporting.","tokens":["Developed","PL/SQL","views","to","handle","difficult","data","issues","in","reporting."],"metadata":[]}],[{"content":"Gathered requirements for management reports, application changes, and tracking software.","tokens":["Gathered","requirements","for","management","reports,","application","changes,","and","tracking","software."],"metadata":[]}],[{"content":"Developed new applications using Access and Visual basic for Application for clients to track new projects.","tokens":["Developed","new","applications","using","Access","and","Visual","basic","for","Application","for","clients","to","track","new","projects."],"metadata":[]}],[{"content":"Provided Application Support for Maximo, Maintenance Management Software and CSTAR, Customer Information System.","tokens":["Provided","Application","Support","for","Maximo,","Maintenance","Management","Software","and","CSTAR,","Customer","Information","System."],"metadata":[]}],[{"content":"Assisted System Administrators in infrastructure upgrades and daily administration of HP-UX Servers.","tokens":["Assisted","System","Administrators","in","infrastructure","upgrades","and","daily","administration","of","HP-UX","Servers."],"metadata":[]}],[{"content":"Information Technology Consultant , 10/1999 to 12/1999 Company Name – City , State Developed new PL/SQL Stored Procedures and Functions to build financial summary data.","tokens":["Information","Technology","Consultant",",","10/1999","to","12/1999","Company","Name","–","City",",","State","Developed","new","PL/SQL","Stored","Procedures","and","Functions","to","build","financial","summary","data."],"metadata":[]}],[{"content":"Developed SQL queries against Oracle 8 database.","tokens":["Developed","SQL","queries","against","Oracle","8","database."],"metadata":[]}],[{"content":"Information Technology Consultant , 08/1999 to 10/1999 Company Name – City , State Created a new system functionality using Pro C code.","tokens":["Information","Technology","Consultant",",","08/1999","to","10/1999","Company","Name","–","City",",","State","Created","a","new","system","functionality","using","Pro","C","code."],"metadata":[]}],[{"content":"Modified existing program to fix errors with other processes.","tokens":["Modified","existing","program","to","fix","errors","with","other","processes."],"metadata":[]}],[{"content":"Worked with DBA to build Oracle triggers and procedures and test programs.","tokens":["Worked","with","DBA","to","build","Oracle","triggers","and","procedures","and","test","programs."],"metadata":[]}],[{"content":"Information Technology Consultant , 05/1998 to 07/1999 Company Name – City , State Maintained and Enhanced C and Uniface program code and Unix Shell scripts.","tokens":["Information","Technology","Consultant",",","05/1998","to","07/1999","Company","Name","–","City",",","State","Maintained","and","Enhanced","C","and","Uniface","program","code","and","Unix","Shell","scripts."],"metadata":[]}],[{"content":"Developed new application development environment for future MMI software development.","tokens":["Developed","new","application","development","environment","for","future","MMI","software","development."],"metadata":[]}],[{"content":"Developed new process to replace outdated or broken processes.","tokens":["Developed","new","process","to","replace","outdated","or","broken","processes."],"metadata":[]}],[{"content":"Information Technology Specialist , 04/1996 to 04/1998 Company Name – City , State Provided development services to client at client's site.","tokens":["Information","Technology","Specialist",",","04/1996","to","04/1998","Company","Name","–","City",",","State","Provided","development","services","to","client","at","client's","site."],"metadata":[]}],[{"content":"Developed management reports using GQL\\User and Sybase SQL Server database in OS/2 environment.","tokens":["Developed","management","reports","using","GQL\\User","and","Sybase","SQL","Server","database","in","OS/2","environment."],"metadata":[]}],[{"content":"Developed reports database using Lotus Approach 96 in Windows 95 environment.","tokens":["Developed","reports","database","using","Lotus","Approach","96","in","Windows","95","environment."],"metadata":[]}],[{"content":"Modified and maintained Uniface 6.1 Code in the Windows NT environment, during migration from Uniface 5.2 in OS/2 environment.","tokens":["Modified","and","maintained","Uniface","6.1","Code","in","the","Windows","NT","environment,","during","migration","from","Uniface","5.2","in","OS/2","environment."],"metadata":[]}],[{"content":"Senior Programmer , 03/1994 to 04/1996 Company Name – City , State Develop and maintain application using Uniface 5.2, Oracle 7.3, and image software PowerImage.","tokens":["Senior","Programmer",",","03/1994","to","04/1996","Company","Name","–","City",",","State","Develop","and","maintain","application","using","Uniface","5.2,","Oracle","7.3,","and","image","software","PowerImage."],"metadata":[]}],[{"content":"Maintained an Oracle database, including creating new tables and triggers and Application Support.","tokens":["Maintained","an","Oracle","database,","including","creating","new","tables","and","triggers","and","Application","Support."],"metadata":[]}],[{"content":"Led sessions with users to collect requirements, develop new features and improve current features of application.","tokens":["Led","sessions","with","users","to","collect","requirements,","develop","new","features","and","improve","current","features","of","application."],"metadata":[]}],[{"content":"Education Bachelor of Science : Computer Science , December 1993 GEORGIA INTITUTE OF TECHNOLOGY - City , State Computer Science Summary Information Technology professional with 20+ years of experience working in various roles.","tokens":["Education","Bachelor","of","Science",":","Computer","Science",",","December","1993","GEORGIA","INTITUTE","OF","TECHNOLOGY","-","City",",","State","Computer","Science","Summary","Information","Technology","professional","with","20+","years","of","experience","working","in","various","roles."],"metadata":[]}],[{"content":"Possesses written and verbal communication skills and excellent interpersonal and leadership skills.","tokens":["Possesses","written","and","verbal","communication","skills","and","excellent","interpersonal","and","leadership","skills."],"metadata":[]}],[{"content":"Highlights Proficient in Software Development Life Cycle, Project Management, Oracle and SQL Server databases.","tokens":["Highlights","Proficient","in","Software","Development","Life","Cycle,","Project","Management,","Oracle","and","SQL","Server","databases."],"metadata":[]}],[{"content":"Proficient in Crystal Reports, Windows and UNIX environments, and Automated Meter Reading and Utility Billing systems, Shell Scripting and SharePoint.","tokens":["Proficient","in","Crystal","Reports,","Windows","and","UNIX","environments,","and","Automated","Meter","Reading","and","Utility","Billing","systems,","Shell","Scripting","and","SharePoint."],"metadata":[]}],[{"content":"Programming Languages: C/C++, PL/SQL, Visual Basic, Uniface, PHP, HTML, XML.","tokens":["Programming","Languages:","C/C++,","PL/SQL,","Visual","Basic,","Uniface,","PHP,","HTML,","XML."],"metadata":[]}],[{"content":"Skills application development, Lotus Approach, Asset Management, Billing systems, book, budget, Develop business, Business Process Analysis, C, C++, client management, contracts, Crystal, Crystal Reports, Client, clients, data collection, DBA, databases, database, XML, features, financial, FTP, GIS, HP-UX, HTML, PHP, image, ITIL v, Access, SharePoint, Windows, Windows 95, Windows NT, migration, Enterprise, Network, Oracle 7.3, Oracle, Oracle database, PL/SQL, Oracle and SQL, Oracle 8, OS/2, PC support, Pro C, processes, Programming, Project Management, Reading, reporting, requirements gathering, scanning, scheduling, Servers, scripts, Shell Scripting, Software Development, SQL, SQL Server, Sybase SQL Server, System Administration, system configuration, tables, taxes, Desktop support, Uniface 6.1, Uniface, Uniface 5.2, UNIX, Unix Shell scripts, upgrades, upgrade, Visual Basic","tokens":["Skills","application","development,","Lotus","Approach,","Asset","Management,","Billing","systems,","book,","budget,","Develop","business,","Business","Process","Analysis,","C,","C++,","client","management,","contracts,","Crystal,","Crystal","Reports,","Client,","clients,","data","collection,","DBA,","databases,","database,","XML,","features,","financial,","FTP,","GIS,","HP-UX,","HTML,","PHP,","image,","ITIL","v,","Access,","SharePoint,","Windows,","Windows","95,","Windows","NT,","migration,","Enterprise,","Network,","Oracle","7.3,","Oracle,","Oracle","database,","PL/SQL,","Oracle","and","SQL,","Oracle","8,","OS/2,","PC","support,","Pro","C,","processes,","Programming,","Project","Management,","Reading,","reporting,","requirements","gathering,","scanning,","scheduling,","Servers,","scripts,","Shell","Scripting,","Software","Development,","SQL,","SQL","Server,","Sybase","SQL","Server,","System","Administration,","system","configuration,","tables,","taxes,","Desktop","support,","Uniface","6.1,","Uniface,","Uniface","5.2,","UNIX,","Unix","Shell","scripts,","upgrades,","upgrade,","Visual","Basic"],"metadata":[]}]],"labelerInfo":{"id":6814,"email":"cwilhel8@jh.edu","displayName":"Chris Wilhelm"},"labelSets":[{"name":"Resume Labels","index":0,"labelItems":[{"id":"Kj5U6n9NUqTXuWcB3c_7L","labelName":"College"},{"id":"rj7TW0-ymuRo6f_asXJab","labelName":"Company Name"},{"id":"SJEkdao76hjwbb6Fh5SY6","labelName":"Job Title"},{"id":"BjO8MdvK2KI4E5iMEeY4B","labelName":"Graduation Year"},{"id":"eS2knCRgLegeRw8bcmSWA","labelName":"Skill"},{"id":"IeEoIKabMl51BJE0gX2YL","labelName":"Degree"},{"id":"1R0C50AAwFbEp2O0WmRv6","labelName":"Location"},{"id":"zQcc4ygexJ_A3Gb0NeRTk","labelName":"Years of Experience"},{"id":"52S_6moRfhjC-yXgIBeCp","labelName":"Date"},{"id":"KiLarWmwlU1E3-FfdG6Qg","labelName":"Project"},{"id":"dyxKKTAxW1z5ifjPj42BI","labelName":"Name"}]}],"spanLabels":[],"arrowLabels":[],"boundingBoxLabels":[],"timeLabels":[],"comments":[],"url":"datasaur://static/6814/4ae4cb06-8c4c-438b-8702-771e316908a1.txt"}}
