{"version":"1","data":{"project":{"id":"ODBjYmQ2MDg","name":"NLP SSM Final Project"},"document":{"id":"6af56f24-e8a6-4471-872f-a3f26ac20f54","name":"resume_2353_d1.txt"},"kinds":["TOKEN_BASED"],"rows":[[{"content":"CERTIFIED NURSE ASSISTANT Professional Summary I am a motivated individual with highly effective communication skills as well as a level-headed health professional who remains calm and effective in extremely difficult and stressful situations.","tokens":["CERTIFIED","NURSE","ASSISTANT","Professional","Summary","I","am","a","motivated","individual","with","highly","effective","communication","skills","as","well","as","a","level-headed","health","professional","who","remains","calm","and","effective","in","extremely","difficult","and","stressful","situations."],"metadata":[]}],[{"content":"I am seeking a job in the Medical field in a Clinical position that will enable me to grow as a knowledgeable professional and enhance my current abilities.","tokens":["I","am","seeking","a","job","in","the","Medical","field","in","a","Clinical","position","that","will","enable","me","to","grow","as","a","knowledgeable","professional","and","enhance","my","current","abilities."],"metadata":[]}],[{"content":"Skills","tokens":["Skills"],"metadata":[]}],[{"content":"General","tokens":["General"],"metadata":[]}],[{"content":"Administrative Experienced","tokens":["Administrative","Experienced"],"metadata":[]}],[{"content":"in handling escalated phone calls Ability","tokens":["in","handling","escalated","phone","calls","Ability"],"metadata":[]}],[{"content":"to operate multi line phone system Front","tokens":["to","operate","multi","line","phone","system","Front"],"metadata":[]}],[{"content":"Office knowledge/General reception skills Proficient in scheduling appointments/ Collecting","tokens":["Office","knowledge/General","reception","skills","Proficient","in","scheduling","appointments/","Collecting"],"metadata":[]}],[{"content":"Copays/ Verifying insurance eligibility /Consent forms Experience","tokens":["Copays/","Verifying","insurance","eligibility","/Consent","forms","Experience"],"metadata":[]}],[{"content":"in Epic (EMR system) Proficient in patient-focused care Efficient and reliable team player","tokens":["in","Epic","(EMR","system)","Proficient","in","patient-focused","care","Efficient","and","reliable","team","player"],"metadata":[]}],[{"content":"Core Competencies: Excellent","tokens":["Core","Competencies:","Excellent"],"metadata":[]}],[{"content":"telephone etiquettes Skilled","tokens":["telephone","etiquettes","Skilled"],"metadata":[]}],[{"content":"in handling multiple tasks and working under pressure","tokens":["in","handling","multiple","tasks","and","working","under","pressure"],"metadata":[]}],[{"content":"Quick learner","tokens":["Quick","learner"],"metadata":[]}],[{"content":"Customer","tokens":["Customer"],"metadata":[]}],[{"content":"Service Assistance and Quality Assurance experience","tokens":["Service","Assistance","and","Quality","Assurance","experience"],"metadata":[]}],[{"content":"Knowledge","tokens":["Knowledge"],"metadata":[]}],[{"content":"of medical terminology, medical billing coding Creative and strong problem solver Exceptional communication skills MS Windows proficient Medical terminology knowledge Work History Certified Nurse Assistant , 04/2009","tokens":["of","medical","terminology,","medical","billing","coding","Creative","and","strong","problem","solver","Exceptional","communication","skills","MS","Windows","proficient","Medical","terminology","knowledge","Work","History","Certified","Nurse","Assistant",",","04/2009"],"metadata":[]}],[{"content":"to 10/2012 Company Name – City ,","tokens":["to","10/2012","Company","Name","–","City",","],"metadata":[]}],[{"content":"State Identifies/responds to critical changes in patients and reports to RN/LVN.","tokens":["State","Identifies/responds","to","critical","changes","in","patients","and","reports","to","RN/LVN."],"metadata":[]}],[{"content":"Repositions patient for maximum comfort & hygiene measures and gives general hygiene to patients.","tokens":["Repositions","patient","for","maximum","comfort","&","hygiene","measures","and","gives","general","hygiene","to","patients."],"metadata":[]}],[{"content":"Obtains patients self-report of pain when taking vital signs and reports to nurse.","tokens":["Obtains","patients","self-report","of","pain","when","taking","vital","signs","and","reports","to","nurse."],"metadata":[]}],[{"content":"Charts vital signs in graphic.","tokens":["Charts","vital","signs","in","graphic."],"metadata":[]}],[{"content":"Observes patient for signs of discomfort.","tokens":["Observes","patient","for","signs","of","discomfort."],"metadata":[]}],[{"content":"Makes frequent rounds, answers call lights.","tokens":["Makes","frequent","rounds,","answers","call","lights."],"metadata":[]}],[{"content":"Reports changes in condition/behavior of patient.","tokens":["Reports","changes","in","condition/behavior","of","patient."],"metadata":[]}],[{"content":"Prepares room for admission/transfer/discharge.","tokens":["Prepares","room","for","admission/transfer/discharge."],"metadata":[]}],[{"content":"Box Office Aide 1.","tokens":["Box","Office","Aide","1."],"metadata":[]}],[{"content":"Maintained accurate records of patient care, condition, progress and concerns.","tokens":["Maintained","accurate","records","of","patient","care,","condition,","progress","and","concerns."],"metadata":[]}],[{"content":"Monitored vital signs, such as blood pressure and pulse.","tokens":["Monitored","vital","signs,","such","as","blood","pressure","and","pulse."],"metadata":[]}],[{"content":"Responded appropriately to the physical, emotional and developmental needs of patients.","tokens":["Responded","appropriately","to","the","physical,","emotional","and","developmental","needs","of","patients."],"metadata":[]}],[{"content":"Responded appropriately to the physical, emotional and developmental needs of patients.","tokens":["Responded","appropriately","to","the","physical,","emotional","and","developmental","needs","of","patients."],"metadata":[]}],[{"content":"Obtained information about clients' medical history, drug history, complaints and allergies.","tokens":["Obtained","information","about","clients'","medical","history,","drug","history,","complaints","and","allergies."],"metadata":[]}],[{"content":"Provided pre- and post-operative care.","tokens":["Provided","pre-","and","post-operative","care."],"metadata":[]}],[{"content":"Maintained a clean, healthy and safe environment.","tokens":["Maintained","a","clean,","healthy","and","safe","environment."],"metadata":[]}],[{"content":"Performed clerical duties, such as word processing, data entry, answering phones and filing.","tokens":["Performed","clerical","duties,","such","as","word","processing,","data","entry,","answering","phones","and","filing."],"metadata":[]}],[{"content":"Maintained sanitary residents' and program rooms.","tokens":["Maintained","sanitary","residents'","and","program","rooms."],"metadata":[]}],[{"content":"Performed procedures and uses equipment as delegated by a licensed professional, including blood draws and EKGs.","tokens":["Performed","procedures","and","uses","equipment","as","delegated","by","a","licensed","professional,","including","blood","draws","and","EKGs."],"metadata":[]}],[{"content":"Documents objective data and routine aspects of patient care.","tokens":["Documents","objective","data","and","routine","aspects","of","patient","care."],"metadata":[]}],[{"content":"Reported any unusual circumstances in the patients' condition or environment.","tokens":["Reported","any","unusual","circumstances","in","the","patients'","condition","or","environment."],"metadata":[]}],[{"content":"Collects patient specimens and data, including vital signs, input/output and other delegated measurements.","tokens":["Collects","patient","specimens","and","data,","including","vital","signs,","input/output","and","other","delegated","measurements."],"metadata":[]}],[{"content":"Educated patients and families about infant care, preparation of healthy meals, independent living and adaptation to disability or illness.","tokens":["Educated","patients","and","families","about","infant","care,","preparation","of","healthy","meals,","independent","living","and","adaptation","to","disability","or","illness."],"metadata":[]}],[{"content":"Provided a comforting and soothing environment.","tokens":["Provided","a","comforting","and","soothing","environment."],"metadata":[]}],[{"content":"Took advantage of opportunities for continuing education, quality assurance and performance improvement activities.","tokens":["Took","advantage","of","opportunities","for","continuing","education,","quality","assurance","and","performance","improvement","activities."],"metadata":[]}],[{"content":"Monitored expiration of medical supplies and medications.","tokens":["Monitored","expiration","of","medical","supplies","and","medications."],"metadata":[]}],[{"content":"Monitored expiration of medical supplies and medications.","tokens":["Monitored","expiration","of","medical","supplies","and","medications."],"metadata":[]}],[{"content":"Box Office Aid , 01/2007","tokens":["Box","Office","Aid",",","01/2007"],"metadata":[]}],[{"content":"to 08/2011 Company Name – City ,","tokens":["to","08/2011","Company","Name","–","City",","],"metadata":[]}],[{"content":"State Alphabetical filing.","tokens":["State","Alphabetical","filing."],"metadata":[]}],[{"content":"Answer phone calls regarding performances and ticketing.","tokens":["Answer","phone","calls","regarding","performances","and","ticketing."],"metadata":[]}],[{"content":"Assist customers with questions during performances.","tokens":["Assist","customers","with","questions","during","performances."],"metadata":[]}],[{"content":"Office duties such as copying papers, faxing, and packaging mail.","tokens":["Office","duties","such","as","copying","papers,","faxing,","and","packaging","mail."],"metadata":[]}],[{"content":"Telephone Interviewer.","tokens":["Telephone","Interviewer."],"metadata":[]}],[{"content":"Answered an average of [number] calls per day by addressing customer inquiries, solving problems and providing new product information.","tokens":["Answered","an","average","of","[number]","calls","per","day","by","addressing","customer","inquiries,","solving","problems","and","providing","new","product","information."],"metadata":[]}],[{"content":"Greeted customers entering the store to ascertain what each customer wanted or needed.","tokens":["Greeted","customers","entering","the","store","to","ascertain","what","each","customer","wanted","or","needed."],"metadata":[]}],[{"content":"Earned management trust by serving as key holder, responsibly opening and closing store.","tokens":["Earned","management","trust","by","serving","as","key","holder,","responsibly","opening","and","closing","store."],"metadata":[]}],[{"content":"Politely assisted customers in person and via telephone.","tokens":["Politely","assisted","customers","in","person","and","via","telephone."],"metadata":[]}],[{"content":"Provided an elevated customer experience to generate a loyal clientèle.","tokens":["Provided","an","elevated","customer","experience","to","generate","a","loyal","clientèle."],"metadata":[]}],[{"content":"Effectively communicated with and supported sales, marketing and administrative teams on a daily basis.","tokens":["Effectively","communicated","with","and","supported","sales,","marketing","and","administrative","teams","on","a","daily","basis."],"metadata":[]}],[{"content":"Handled daily heavy flow of paperwork and cooperated with the accounting departments on invoicing and shipping problems.","tokens":["Handled","daily","heavy","flow","of","paperwork","and","cooperated","with","the","accounting","departments","on","invoicing","and","shipping","problems."],"metadata":[]}],[{"content":"Handled daily heavy flow of paperwork and cooperated with the accounting departments on invoicing and shipping problems.","tokens":["Handled","daily","heavy","flow","of","paperwork","and","cooperated","with","the","accounting","departments","on","invoicing","and","shipping","problems."],"metadata":[]}],[{"content":"Assisted customers with food selection, inquiries and order customization requests.","tokens":["Assisted","customers","with","food","selection,","inquiries","and","order","customization","requests."],"metadata":[]}],[{"content":"Developed reputation as an efficient service provider with high levels of accuracy.","tokens":["Developed","reputation","as","an","efficient","service","provider","with","high","levels","of","accuracy."],"metadata":[]}],[{"content":"Scored in top 10% of employees in successful resolution of issues Investigated and resolved customer inquiries and complaints in a timely and empathetic manner.","tokens":["Scored","in","top","10%","of","employees","in","successful","resolution","of","issues","Investigated","and","resolved","customer","inquiries","and","complaints","in","a","timely","and","empathetic","manner."],"metadata":[]}],[{"content":"Served as the main liaison between customers, management and sales team.","tokens":["Served","as","the","main","liaison","between","customers,","management","and","sales","team."],"metadata":[]}],[{"content":"Managed wide variety of customer service and administrative tasks to resolve customer issues quickly and efficiently.","tokens":["Managed","wide","variety","of","customer","service","and","administrative","tasks","to","resolve","customer","issues","quickly","and","efficiently."],"metadata":[]}],[{"content":"Directed calls to appropriate individuals and departments.","tokens":["Directed","calls","to","appropriate","individuals","and","departments."],"metadata":[]}],[{"content":"Built long-term customer relationships and advised customers on purchases and promotions.","tokens":["Built","long-term","customer","relationships","and","advised","customers","on","purchases","and","promotions."],"metadata":[]}],[{"content":"Monitored cash drawers in multiple checkout stations to ensure adequate cash supply.","tokens":["Monitored","cash","drawers","in","multiple","checkout","stations","to","ensure","adequate","cash","supply."],"metadata":[]}],[{"content":"Operated a POS system to itemize and complete an average of [number] customer purchases.","tokens":["Operated","a","POS","system","to","itemize","and","complete","an","average","of","[number]","customer","purchases."],"metadata":[]}],[{"content":"Asked open-ended questions to assess customer needs.","tokens":["Asked","open-ended","questions","to","assess","customer","needs."],"metadata":[]}],[{"content":"Learned, referenced and applied product knowledge information.","tokens":["Learned,","referenced","and","applied","product","knowledge","information."],"metadata":[]}],[{"content":"Telephone Interviewer , 09/2005","tokens":["Telephone","Interviewer",",","09/2005"],"metadata":[]}],[{"content":"to 05/2006 Company Name – City ,","tokens":["to","05/2006","Company","Name","–","City",","],"metadata":[]}],[{"content":"State Survey Interviewer for Bank of America and Scion.","tokens":["State","Survey","Interviewer","for","Bank","of","America","and","Scion."],"metadata":[]}],[{"content":"Administer questionnaire as written and record responses verbatim into a computer.","tokens":["Administer","questionnaire","as","written","and","record","responses","verbatim","into","a","computer."],"metadata":[]}],[{"content":"Entered data into databases in a timely and accurate manner.","tokens":["Entered","data","into","databases","in","a","timely","and","accurate","manner."],"metadata":[]}],[{"content":"Obtained and scanned documentation and entered into the database.","tokens":["Obtained","and","scanned","documentation","and","entered","into","the","database."],"metadata":[]}],[{"content":"Produced monthly reports using advanced Excel spreadsheet functions.","tokens":["Produced","monthly","reports","using","advanced","Excel","spreadsheet","functions."],"metadata":[]}],[{"content":"Reviewed medical records for completeness and filed records in alphabetic and numeric order.","tokens":["Reviewed","medical","records","for","completeness","and","filed","records","in","alphabetic","and","numeric","order."],"metadata":[]}],[{"content":"Organized forms, made photocopies, filed records and prepared correspondence and reports.","tokens":["Organized","forms,","made","photocopies,","filed","records","and","prepared","correspondence","and","reports."],"metadata":[]}],[{"content":"Reviewed and updated client correspondence files and scheduling database.","tokens":["Reviewed","and","updated","client","correspondence","files","and","scheduling","database."],"metadata":[]}],[{"content":"Identified abnormal test results and referred them to the Clinical Laboratory Scientist for further review.","tokens":["Identified","abnormal","test","results","and","referred","them","to","the","Clinical","Laboratory","Scientist","for","further","review."],"metadata":[]}],[{"content":"Properly calibrated and adjusted malfunctioning equipment to ensure precise test results.","tokens":["Properly","calibrated","and","adjusted","malfunctioning","equipment","to","ensure","precise","test","results."],"metadata":[]}],[{"content":"Education Diploma : Medical Assisting ,","tokens":["Education","Diploma",":","Medical","Assisting",","],"metadata":[]}],[{"content":"2012 Downey Adult School - City ,","tokens":["2012","Downey","Adult","School","-","City",","],"metadata":[]}],[{"content":"State Medical Terminology Basic billing.","tokens":["State","Medical","Terminology","Basic","billing."],"metadata":[]}],[{"content":"CPT and ICD-9 Coding.","tokens":["CPT","and","ICD-9","Coding."],"metadata":[]}],[{"content":"Blood draws/Venipuncture Sterilization by autoclaving Coursework in Laboratory Equipment Calibration Certified Nurse Assistant/Medical Core Program : 12 2011 Cypress College - City ,","tokens":["Blood","draws/Venipuncture","Sterilization","by","autoclaving","Coursework","in","Laboratory","Equipment","Calibration","Certified","Nurse","Assistant/Medical","Core","Program",":","12","2011","Cypress","College","-","City",","],"metadata":[]}],[{"content":"State General Education for pre-requisites for Nursing Program.","tokens":["State","General","Education","for","pre-requisites","for","Nursing","Program."],"metadata":[]}],[{"content":"Medical Assistant Diploma Certified Nurse Assistant (expires April, 2013) American Heart Association Healthcare Provider (BLS) for CPR and AED (expires July, 2014) Nonviolent Crisis Intervention (CPI) (expires December, 2013) HIPAA/OSHA Compliant Microsoft Word 2007/Keyboarding 37wpm :","tokens":["Medical","Assistant","Diploma","Certified","Nurse","Assistant","(expires","April,","2013)","American","Heart","Association","Healthcare","Provider","(BLS)","for","CPR","and","AED","(expires","July,","2014)","Nonviolent","Crisis","Intervention","(CPI)","(expires","December,","2013)","HIPAA/OSHA","Compliant","Microsoft","Word","2007/Keyboarding","37wpm",":"],"metadata":[]}],[{"content":"N. Orange County Regional Occupational","tokens":["N.","Orange","County","Regional","Occupational"],"metadata":[]}],[{"content":"Program","tokens":["Program"],"metadata":[]}],[{"content":"Certified Nurse Assistant/Medical Core","tokens":["Certified","Nurse","Assistant/Medical","Core"],"metadata":[]}],[{"content":"Program","tokens":["Program"],"metadata":[]}],[{"content":"Medical Terminology.","tokens":["Medical","Terminology."],"metadata":[]}],[{"content":"Medical Abbreviations.","tokens":["Medical","Abbreviations."],"metadata":[]}],[{"content":"Knowledge of Body Systems/","tokens":["Knowledge","of","Body","Systems/"],"metadata":[]}],[{"content":"Basic Anatomy and Physiology.","tokens":["Basic","Anatomy","and","Physiology."],"metadata":[]}],[{"content":"Certifications Medical Assistant Diploma","tokens":["Certifications","Medical","Assistant","Diploma"],"metadata":[]}],[{"content":"Certified Nurse Assistant American Heart Association","tokens":["Certified","Nurse","Assistant","American","Heart","Association"],"metadata":[]}],[{"content":"Healthcare Provider (BLS) for CPR and AED Nonviolent Crisis Intervention","tokens":["Healthcare","Provider","(BLS)","for","CPR","and","AED","Nonviolent","Crisis","Intervention"],"metadata":[]}],[{"content":"(CPI) HIPAA/OSHA Diploma Skills Basic, billing, Charts, CA, copying, CPI, CPR, CPT, faxing, filing, graphic, ICD-9, Keyboarding, Medical Terminology, mail, Office, Microsoft Word, Nursing, packaging, Coding, Telephone, phone, written Additional Information ADDITIONAL INFORMATION","tokens":["(CPI)","HIPAA/OSHA","Diploma","Skills","Basic,","billing,","Charts,","CA,","copying,","CPI,","CPR,","CPT,","faxing,","filing,","graphic,","ICD-9,","Keyboarding,","Medical","Terminology,","mail,","Office,","Microsoft","Word,","Nursing,","packaging,","Coding,","Telephone,","phone,","written","Additional","Information","ADDITIONAL","INFORMATION"],"metadata":[]}],[{"content":"Available for all shifts, extended hours and weekend assignments.","tokens":["Available","for","all","shifts,","extended","hours","and","weekend","assignments."],"metadata":[]}]],"labelerInfo":{"id":6814,"email":"cwilhel8@jh.edu","displayName":"Chris Wilhelm"},"labelSets":[{"name":"Resume Labels","index":0,"labelItems":[{"id":"Kj5U6n9NUqTXuWcB3c_7L","labelName":"College"},{"id":"rj7TW0-ymuRo6f_asXJab","labelName":"Company Name"},{"id":"SJEkdao76hjwbb6Fh5SY6","labelName":"Job Title"},{"id":"BjO8MdvK2KI4E5iMEeY4B","labelName":"Graduation Year"},{"id":"eS2knCRgLegeRw8bcmSWA","labelName":"Skill"},{"id":"IeEoIKabMl51BJE0gX2YL","labelName":"Degree"},{"id":"1R0C50AAwFbEp2O0WmRv6","labelName":"Location"},{"id":"zQcc4ygexJ_A3Gb0NeRTk","labelName":"Years of Experience"},{"id":"52S_6moRfhjC-yXgIBeCp","labelName":"Date"},{"id":"KiLarWmwlU1E3-FfdG6Qg","labelName":"Project"},{"id":"dyxKKTAxW1z5ifjPj42BI","labelName":"Name"}]}],"spanLabels":[],"arrowLabels":[],"boundingBoxLabels":[],"timeLabels":[],"comments":[],"url":"datasaur://static/6814/6af56f24-e8a6-4471-872f-a3f26ac20f54.txt"}}
