{"version":"1","data":{"project":{"id":"ODBjYmQ2MDg","name":"NLP SSM Final Project"},"document":{"id":"d6a32793-7c17-46ac-a296-3f5be1a0518b","name":"resume_627_d2.txt"},"kinds":["TOKEN_BASED"],"rows":[[{"content":"Sr. Python Developer Sr. Python Developer Sr. Python Developer - Clear-Switch Philadelphia, PA, PA Around 8 Years of experience in Analysis, Design, Development, Testing, Customization, Bug fixes, Enhancement, Support and Implementation of various stand-alone, client-server enterprise applications.","tokens":["Sr.","Python","Developer","Sr.","Python","Developer","Sr.","Python","Developer","-","Clear-Switch","Philadelphia,","PA,","PA","Around","8","Years","of","experience","in","Analysis,","Design,","Development,","Testing,","Customization,","Bug","fixes,","Enhancement,","Support","and","Implementation","of","various","stand-alone,","client-server","enterprise","applications."],"metadata":[]}],[{"content":"Experienced in MVW frameworks like Flask/Django, Angular JS, Java Script, JQuery and Node.js.","tokens":["Experienced","in","MVW","frameworks","like","Flask/Django,","Angular","JS,","Java","Script,","JQuery","and","Node.js."],"metadata":[]}],[{"content":"Proficient in Front end development experience using HTML, XML, CSS, DOJO, Bootstrap JQuery, JSON and JavaScript.","tokens":["Proficient","in","Front","end","development","experience","using","HTML,","XML,","CSS,","DOJO,","Bootstrap","JQuery,","JSON","and","JavaScript."],"metadata":[]}],[{"content":"Experienced in WAMP (Windows, Apache, MYSQL, Python/PHP) and LAMP (Linux, Apache, MySQL, Python/PHP) Architecture.","tokens":["Experienced","in","WAMP","(Windows,","Apache,","MYSQL,","Python/PHP)","and","LAMP","(Linux,","Apache,","MySQL,","Python/PHP)","Architecture."],"metadata":[]}],[{"content":"Experienced in software development in Python (libraries used: libraries- Beautiful Soup, Numpy, SciPy, Matplotlib, python-twitter, Pandas data frame, network, urllib2, MySQL DB for database connectivity) and IDEs - sublime text, Spyder, PyCharm, emacs.","tokens":["Experienced","in","software","development","in","Python","(libraries","used:","libraries-","Beautiful","Soup,","Numpy,","SciPy,","Matplotlib,","python-twitter,","Pandas","data","frame,","network,","urllib2,","MySQL","DB","for","database","connectivity)","and","IDEs","-","sublime","text,","Spyder,","PyCharm,","emacs."],"metadata":[]}],[{"content":"Experience in UNIX shell scripting (file validations, file downloads, workflow executions).","tokens":["Experience","in","UNIX","shell","scripting","(file","validations,","file","downloads,","workflow","executions)."],"metadata":[]}],[{"content":"Extensive knowledge in developing web-based applications, web services and analytical programming using Python, Django, PHP, C++, Shell Scripting, UNIX, Linux, XML, CSS, HTML, DHTML, , JavaScript and JQuery.","tokens":["Extensive","knowledge","in","developing","web-based","applications,","web","services","and","analytical","programming","using","Python,","Django,","PHP,","C++,","Shell","Scripting,","UNIX,","Linux,","XML,","CSS,","HTML,","DHTML,",",","JavaScript","and","JQuery."],"metadata":[]}],[{"content":"Good Knowledge in Objected Oriented Concepts(OOP), Standard Template Library, Smart Pointers, Data Structures and Design patterns.","tokens":["Good","Knowledge","in","Objected","Oriented","Concepts(OOP),","Standard","Template","Library,","Smart","Pointers,","Data","Structures","and","Design","patterns."],"metadata":[]}],[{"content":"Extensive use of Linux OS (Debian, Ubuntu, SUSE Linux, Red Hat Linux, Fedora), SSH, GIT, Eclipse/PyCharm, Flask/Django.","tokens":["Extensive","use","of","Linux","OS","(Debian,","Ubuntu,","SUSE","Linux,","Red","Hat","Linux,","Fedora),","SSH,","GIT,","Eclipse/PyCharm,","Flask/Django."],"metadata":[]}],[{"content":"Good knowledge of server Apache Tomcat, Web logic, Glass glow.","tokens":["Good","knowledge","of","server","Apache","Tomcat,","Web","logic,","Glass","glow."],"metadata":[]}],[{"content":"Hands on experience in SVN, Git, JIRA, BugZilla.","tokens":["Hands","on","experience","in","SVN,","Git,","JIRA,","BugZilla."],"metadata":[]}],[{"content":"Experienced in writing SQL Queries, Stored procedures, functions, packages, tables, views, cursors, triggers and PostgreSQL database.","tokens":["Experienced","in","writing","SQL","Queries,","Stored","procedures,","functions,","packages,","tables,","views,","cursors,","triggers","and","PostgreSQL","database."],"metadata":[]}],[{"content":"Good knowledge in various stages of SDLC (Software Development Life Cycle), Software Testing Life Cycle (STLC) and QA methodologies from project definition to post-deployment documentation.","tokens":["Good","knowledge","in","various","stages","of","SDLC","(Software","Development","Life","Cycle),","Software","Testing","Life","Cycle","(STLC)","and","QA","methodologies","from","project","definition","to","post-deployment","documentation."],"metadata":[]}],[{"content":"Good Exposure in maintaining various version controls.","tokens":["Good","Exposure","in","maintaining","various","version","controls."],"metadata":[]}],[{"content":"Developed ColdFusion Components, custom tags and modified CF Objects.","tokens":["Developed","ColdFusion","Components,","custom","tags","and","modified","CF","Objects."],"metadata":[]}],[{"content":"Experienced in installing, configuring, modifying, testing and deploying applications with Apache.","tokens":["Experienced","in","installing,","configuring,","modifying,","testing","and","deploying","applications","with","Apache."],"metadata":[]}],[{"content":"Worked in agile and waterfall methodologies with high quality deliverables delivered on-time.","tokens":["Worked","in","agile","and","waterfall","methodologies","with","high","quality","deliverables","delivered","on-time."],"metadata":[]}],[{"content":"Involved in Unit testing/ Test driven Development(TDD), Load Testing and Integration testing.","tokens":["Involved","in","Unit","testing/","Test","driven","Development(TDD),","Load","Testing","and","Integration","testing."],"metadata":[]}],[{"content":"Exceptional problem solving and sound decision making capabilities, recognized by associates for quality of data, alternative solutions, and confident, accurate, decision making.","tokens":["Exceptional","problem","solving","and","sound","decision","making","capabilities,","recognized","by","associates","for","quality","of","data,","alternative","solutions,","and","confident,","accurate,","decision","making."],"metadata":[]}],[{"content":"Excellent analytical and communication skills with ability to interact with individuals at all levels.","tokens":["Excellent","analytical","and","communication","skills","with","ability","to","interact","with","individuals","at","all","levels."],"metadata":[]}],[{"content":"Authorized to work in the US for any employer Work Experience Sr. Python Developer Clear-Switch - Philadelphia, PA January 2017 to Present Clear-switch is a startup company vying to be a pioneer in developing web and mobile applications serving consumers of retail energy in deregulated markets.","tokens":["Authorized","to","work","in","the","US","for","any","employer","Work","Experience","Sr.","Python","Developer","Clear-Switch","-","Philadelphia,","PA","January","2017","to","Present","Clear-switch","is","a","startup","company","vying","to","be","a","pioneer","in","developing","web","and","mobile","applications","serving","consumers","of","retail","energy","in","deregulated","markets."],"metadata":[]}],[{"content":"Responsibilities: Involved in building database Model, APIs and Views utilizing Python, in order to build an interactive web based solution.","tokens":["Responsibilities:","Involved","in","building","database","Model,","APIs","and","Views","utilizing","Python,","in","order","to","build","an","interactive","web","based","solution."],"metadata":[]}],[{"content":"Developed custom screens using HTML5, JavaScript, JQuery, Bootstrap and Angular.","tokens":["Developed","custom","screens","using","HTML5,","JavaScript,","JQuery,","Bootstrap","and","Angular."],"metadata":[]}],[{"content":"Developed monitoring and notification tools using python.","tokens":["Developed","monitoring","and","notification","tools","using","python."],"metadata":[]}],[{"content":"Involved in business logic discussions and use case design.","tokens":["Involved","in","business","logic","discussions","and","use","case","design."],"metadata":[]}],[{"content":"Used Django configuration to manage URLs and application parameters.","tokens":["Used","Django","configuration","to","manage","URLs","and","application","parameters."],"metadata":[]}],[{"content":"Developed entire frontend and backend modules using Python on Django Web Framework.","tokens":["Developed","entire","frontend","and","backend","modules","using","Python","on","Django","Web","Framework."],"metadata":[]}],[{"content":"Created Data tables utilizing MySQL utilized Jinja to access data and display it in the front end.","tokens":["Created","Data","tables","utilizing","MySQL","utilized","Jinja","to","access","data","and","display","it","in","the","front","end."],"metadata":[]}],[{"content":"Used Python based GUI components for the front end functionality such as selection criteria.","tokens":["Used","Python","based","GUI","components","for","the","front","end","functionality","such","as","selection","criteria."],"metadata":[]}],[{"content":"Implemented navigation rules for the application and page outcomes, written controllers using annotations.","tokens":["Implemented","navigation","rules","for","the","application","and","page","outcomes,","written","controllers","using","annotations."],"metadata":[]}],[{"content":"Written queries in MySQL and Native SQL.","tokens":["Written","queries","in","MySQL","and","Native","SQL."],"metadata":[]}],[{"content":"Created test harness to enable comprehensive testing utilizing Python.","tokens":["Created","test","harness","to","enable","comprehensive","testing","utilizing","Python."],"metadata":[]}],[{"content":"Involved in front end and utilized Bootstrap for page design.","tokens":["Involved","in","front","end","and","utilized","Bootstrap","for","page","design."],"metadata":[]}],[{"content":"Worked in an agile development environment.","tokens":["Worked","in","an","agile","development","environment."],"metadata":[]}],[{"content":"Used GitHub for version control.","tokens":["Used","GitHub","for","version","control."],"metadata":[]}],[{"content":"Used JQuery and Ajax calls for transmitting Json data objects between frontend and controllers.","tokens":["Used","JQuery","and","Ajax","calls","for","transmitting","Json","data","objects","between","frontend","and","controllers."],"metadata":[]}],[{"content":"Environment: Python 3.0, PyCharm, Django, JQuery, MySQL, HTML, CSS, JavaScript, Ajax, Web Services, JSON, Bootstrap, Jinja, Angular","tokens":["Environment:","Python","3.0,","PyCharm,","Django,","JQuery,","MySQL,","HTML,","CSS,","JavaScript,","Ajax,","Web","Services,","JSON,","Bootstrap,","Jinja,","Angular"],"metadata":[]}],[{"content":"JS Flask, SQL Workbench.","tokens":["JS","Flask,","SQL","Workbench."],"metadata":[]}],[{"content":"Python Developer Northern Trust Bank - Chicago, IL October 2015 to December 2016 Northern Trust Bank offers a variety of banking products and financial solutions like personal banking, small business, retail banking, home financing and equity loans, asset management, wealth management, corporate and investment banking and credit card services to its customers.","tokens":["Python","Developer","Northern","Trust","Bank","-","Chicago,","IL","October","2015","to","December","2016","Northern","Trust","Bank","offers","a","variety","of","banking","products","and","financial","solutions","like","personal","banking,","small","business,","retail","banking,","home","financing","and","equity","loans,","asset","management,","wealth","management,","corporate","and","investment","banking","and","credit","card","services","to","its","customers."],"metadata":[]}],[{"content":"Involved with the Insurance Department and provide web support and development of the online portal handling the transactions.","tokens":["Involved","with","the","Insurance","Department","and","provide","web","support","and","development","of","the","online","portal","handling","the","transactions."],"metadata":[]}],[{"content":"Responsibilities: Worked with team of developers on python applications for RISK management.","tokens":["Responsibilities:","Worked","with","team","of","developers","on","python","applications","for","RISK","management."],"metadata":[]}],[{"content":"Made Django web based apps for Insurance premium calculations Designed the architecture of the hardware environments and methodology of the code Experienced in Agile Methodologies and SCRUM Process.","tokens":["Made","Django","web","based","apps","for","Insurance","premium","calculations","Designed","the","architecture","of","the","hardware","environments","and","methodology","of","the","code","Experienced","in","Agile","Methodologies","and","SCRUM","Process."],"metadata":[]}],[{"content":"Job scheduling, batch-job scheduling, process control, forking and cloning of jobs and checking the status of the jobs using shell scripting.","tokens":["Job","scheduling,","batch-job","scheduling,","process","control,","forking","and","cloning","of","jobs","and","checking","the","status","of","the","jobs","using","shell","scripting."],"metadata":[]}],[{"content":"With using of python OS module on Unix environment, made job cloning and forking.","tokens":["With","using","of","python","OS","module","on","Unix","environment,","made","job","cloning","and","forking."],"metadata":[]}],[{"content":"Automated data extraction process from legacy system and used 'Nose' Testing framework with Assertion module to testing many automated process.","tokens":["Automated","data","extraction","process","from","legacy","system","and","used","'Nose'","Testing","framework","with","Assertion","module","to","testing","many","automated","process."],"metadata":[]}],[{"content":"Used Pandas library for statistical Analysis.","tokens":["Used","Pandas","library","for","statistical","Analysis."],"metadata":[]}],[{"content":"Participated in entire lifecycle of the projects including Design, Development, and Deployment, Testing and Implementation and support.","tokens":["Participated","in","entire","lifecycle","of","the","projects","including","Design,","Development,","and","Deployment,","Testing","and","Implementation","and","support."],"metadata":[]}],[{"content":"Used Numpy for Numerical analysis for Insurance premium.","tokens":["Used","Numpy","for","Numerical","analysis","for","Insurance","premium."],"metadata":[]}],[{"content":"Develop weekly, monthly nightly job process through Unix shell scripting.","tokens":["Develop","weekly,","monthly","nightly","job","process","through","Unix","shell","scripting."],"metadata":[]}],[{"content":"Thoroughly used Unit Test python library for testing many python programs and block of codes.","tokens":["Thoroughly","used","Unit","Test","python","library","for","testing","many","python","programs","and","block","of","codes."],"metadata":[]}],[{"content":"Also have rich experience on testing REST Full API like Twilio, Face book and Twitter.","tokens":["Also","have","rich","experience","on","testing","REST","Full","API","like","Twilio,","Face","book","and","Twitter."],"metadata":[]}],[{"content":"Environment: Python 2.7/3, Django 1.5, C++, XML, Java, MYSQL, Apache, CSS, MySQL, ORACLE, DHTML, HTML, JavaScript, Shell Scripts, Linux, Unix and Windows.","tokens":["Environment:","Python","2.7/3,","Django","1.5,","C++,","XML,","Java,","MYSQL,","Apache,","CSS,","MySQL,","ORACLE,","DHTML,","HTML,","JavaScript,","Shell","Scripts,","Linux,","Unix","and","Windows."],"metadata":[]}],[{"content":"Python Developer Affinion Group - Dublin, OH April 2014 to September 2015 The product provides Credit Reporting, Monitoring and Identity Theft Protection to users registered with various banks in USA.","tokens":["Python","Developer","Affinion","Group","-","Dublin,","OH","April","2014","to","September","2015","The","product","provides","Credit","Reporting,","Monitoring","and","Identity","Theft","Protection","to","users","registered","with","various","banks","in","USA."],"metadata":[]}],[{"content":"The main scope of this project was to enhance the existing Privacy Guard product with new features and migrate all the members to a new Credit Report vendor FAMS (First Advantage Management Services).","tokens":["The","main","scope","of","this","project","was","to","enhance","the","existing","Privacy","Guard","product","with","new","features","and","migrate","all","the","members","to","a","new","Credit","Report","vendor","FAMS","(First","Advantage","Management","Services)."],"metadata":[]}],[{"content":"New features like Quarterly Update Reports, Score Tracker, Score Alert, and Hit Monitors were added to the System and new batch module was developed for processing and sending member's data to FAMS.","tokens":["New","features","like","Quarterly","Update","Reports,","Score","Tracker,","Score","Alert,","and","Hit","Monitors","were","added","to","the","System","and","new","batch","module","was","developed","for","processing","and","sending","member's","data","to","FAMS."],"metadata":[]}],[{"content":"Responsibilities: Designed and developed the UI of the website using HTML, XHTML, AJAX, CSS and JavaScript.","tokens":["Responsibilities:","Designed","and","developed","the","UI","of","the","website","using","HTML,","XHTML,","AJAX,","CSS","and","JavaScript."],"metadata":[]}],[{"content":"Worked with millions of database records on a daily basis, finding common errors and bad data patterns and fixing them.","tokens":["Worked","with","millions","of","database","records","on","a","daily","basis,","finding","common","errors","and","bad","data","patterns","and","fixing","them."],"metadata":[]}],[{"content":"Exported/Imported data between different data sources using SQL Server Management Studio.","tokens":["Exported/Imported","data","between","different","data","sources","using","SQL","Server","Management","Studio."],"metadata":[]}],[{"content":"Maintained program libraries, users' manuals and technical documentation.","tokens":["Maintained","program","libraries,","users'","manuals","and","technical","documentation."],"metadata":[]}],[{"content":"Managed large datasets using Panda data frames and MySQL.","tokens":["Managed","large","datasets","using","Panda","data","frames","and","MySQL."],"metadata":[]}],[{"content":"Wrote and executed various MYSQL database queries from python using Python-MySQL connector and MySQL package.","tokens":["Wrote","and","executed","various","MYSQL","database","queries","from","python","using","Python-MySQL","connector","and","MySQL","package."],"metadata":[]}],[{"content":"Carried out various mathematical operations for calculation purpose using python libraries.","tokens":["Carried","out","various","mathematical","operations","for","calculation","purpose","using","python","libraries."],"metadata":[]}],[{"content":"Built various graphs for business decision making using Python Matplotlib library.","tokens":["Built","various","graphs","for","business","decision","making","using","Python","Matplotlib","library."],"metadata":[]}],[{"content":"Fetched twitter feeds for certain important keyword using python-twitter library.","tokens":["Fetched","twitter","feeds","for","certain","important","keyword","using","python-twitter","library."],"metadata":[]}],[{"content":"Used Python library Beautiful Soup for web scrapping to extract data for building graphs.","tokens":["Used","Python","library","Beautiful","Soup","for","web","scrapping","to","extract","data","for","building","graphs."],"metadata":[]}],[{"content":"Performed troubleshooting, fixed and deployed many Python bug fixes of the two main applications that were a main source of data for both customers and internal customer service team.","tokens":["Performed","troubleshooting,","fixed","and","deployed","many","Python","bug","fixes","of","the","two","main","applications","that","were","a","main","source","of","data","for","both","customers","and","internal","customer","service","team."],"metadata":[]}],[{"content":"Implement code in python to retrieve and manipulate data.","tokens":["Implement","code","in","python","to","retrieve","and","manipulate","data."],"metadata":[]}],[{"content":"Also used Bootstrap as a mechanism to manage and organize the html page layout.","tokens":["Also","used","Bootstrap","as","a","mechanism","to","manage","and","organize","the","html","page","layout."],"metadata":[]}],[{"content":"Environment: Python, Django, HTML/CSS, MS SQL Server, MySQL, JavaScript, Eclipse, Linux, Shell Scripting, JQuery, SVN, Angular","tokens":["Environment:","Python,","Django,","HTML/CSS,","MS","SQL","Server,","MySQL,","JavaScript,","Eclipse,","Linux,","Shell","Scripting,","JQuery,","SVN,","Angular"],"metadata":[]}],[{"content":"JS, Jira.","tokens":["JS,","Jira."],"metadata":[]}],[{"content":"Python Developer Woodbury Insurance - Woodland Hills, CA December 2012 to March 2014 Worked on merging of systems and data of Woodbury Insurance with AIG after AIG acquired Woodbury.","tokens":["Python","Developer","Woodbury","Insurance","-","Woodland","Hills,","CA","December","2012","to","March","2014","Worked","on","merging","of","systems","and","data","of","Woodbury","Insurance","with","AIG","after","AIG","acquired","Woodbury."],"metadata":[]}],[{"content":"Worked on enhancement of UI and business logic to incorporate features of Woodbury into AIG system.","tokens":["Worked","on","enhancement","of","UI","and","business","logic","to","incorporate","features","of","Woodbury","into","AIG","system."],"metadata":[]}],[{"content":"Also worked on merging the Data from two systems.","tokens":["Also","worked","on","merging","the","Data","from","two","systems."],"metadata":[]}],[{"content":"Responsibilities: Responsible for the design and development of a web-based, distributed risk modeling application built to run on the global Manufacturing proprietary platform across multiple lines of business.","tokens":["Responsibilities:","Responsible","for","the","design","and","development","of","a","web-based,","distributed","risk","modeling","application","built","to","run","on","the","global","Manufacturing","proprietary","platform","across","multiple","lines","of","business."],"metadata":[]}],[{"content":"Participated in the development of application architecture and blueprints to define application components, platforms, interfaces and development tools.","tokens":["Participated","in","the","development","of","application","architecture","and","blueprints","to","define","application","components,","platforms,","interfaces","and","development","tools."],"metadata":[]}],[{"content":"Responsible for analyzing various cross-functional, multi-platform applications systems enforcing python, best practices and provide guidance in making long term architectural design decisions.","tokens":["Responsible","for","analyzing","various","cross-functional,","multi-platform","applications","systems","enforcing","python,","best","practices","and","provide","guidance","in","making","long","term","architectural","design","decisions."],"metadata":[]}],[{"content":"Involved in entire lifecycle of the projects including Design, Development, and Deployment, Testing and Implementation and support.","tokens":["Involved","in","entire","lifecycle","of","the","projects","including","Design,","Development,","and","Deployment,","Testing","and","Implementation","and","support."],"metadata":[]}],[{"content":"Responsible for debugging the project monitored on JIRA (Agile).","tokens":["Responsible","for","debugging","the","project","monitored","on","JIRA","(Agile)."],"metadata":[]}],[{"content":"Worked extensively with Bootstrap, JavaScript, and JQuery to optimize the user experience.","tokens":["Worked","extensively","with","Bootstrap,","JavaScript,","and","JQuery","to","optimize","the","user","experience."],"metadata":[]}],[{"content":"Used Python and Django to interface with the JQuery UI and manage the storage and deletion of content.","tokens":["Used","Python","and","Django","to","interface","with","the","JQuery","UI","and","manage","the","storage","and","deletion","of","content."],"metadata":[]}],[{"content":"Designed and implemented Sandra NoSQL database read/write/search function.","tokens":["Designed","and","implemented","Sandra","NoSQL","database","read/write/search","function."],"metadata":[]}],[{"content":"Built development environment with JIRA, Stash/Git Involved in development of Web Services using SOAP for sending and getting data from the external interface in the XML format.","tokens":["Built","development","environment","with","JIRA,","Stash/Git","Involved","in","development","of","Web","Services","using","SOAP","for","sending","and","getting","data","from","the","external","interface","in","the","XML","format."],"metadata":[]}],[{"content":"Environment: Python, Django, JQuery, MySQL, Oracle, Linux, Django, Shell Scripting, HTML5/CSS, Red hat Linux, Apache.","tokens":["Environment:","Python,","Django,","JQuery,","MySQL,","Oracle,","Linux,","Django,","Shell","Scripting,","HTML5/CSS,","Red","hat","Linux,","Apache."],"metadata":[]}],[{"content":"Python Developer Orion Software Services January 2011 to October 2012 This is a Web based project, developed for providing services to their clients at different places.","tokens":["Python","Developer","Orion","Software","Services","January","2011","to","October","2012","This","is","a","Web","based","project,","developed","for","providing","services","to","their","clients","at","different","places."],"metadata":[]}],[{"content":"This application gathers the information, which is maintained in various service stations.","tokens":["This","application","gathers","the","information,","which","is","maintained","in","various","service","stations."],"metadata":[]}],[{"content":"The information at a service center is technically processed based on the warranty.","tokens":["The","information","at","a","service","center","is","technically","processed","based","on","the","warranty."],"metadata":[]}],[{"content":"The processed information is send to the hub for placing the parts order for replacement.","tokens":["The","processed","information","is","send","to","the","hub","for","placing","the","parts","order","for","replacement."],"metadata":[]}],[{"content":"This project is of two modules Customer Management and service provider's management.","tokens":["This","project","is","of","two","modules","Customer","Management","and","service","provider's","management."],"metadata":[]}],[{"content":"This project also monitors and maintains the manifesto regarding the details of the inventory.","tokens":["This","project","also","monitors","and","maintains","the","manifesto","regarding","the","details","of","the","inventory."],"metadata":[]}],[{"content":"Responsibilities: ?","tokens":["Responsibilities:","?"],"metadata":[]}],[{"content":"Involved in the Design, development, test, deploy and maintenance of the website.","tokens":["Involved","in","the","Design,","development,","test,","deploy","and","maintenance","of","the","website."],"metadata":[]}],[{"content":"?","tokens":["?"],"metadata":[]}],[{"content":"Used Python based GUI components for the front end functionality such as selection criteria.","tokens":["Used","Python","based","GUI","components","for","the","front","end","functionality","such","as","selection","criteria."],"metadata":[]}],[{"content":"?","tokens":["?"],"metadata":[]}],[{"content":"Generated property list for every application dynamically using Python.","tokens":["Generated","property","list","for","every","application","dynamically","using","Python."],"metadata":[]}],[{"content":"Created Servlets and Beans to implement Business Logic.","tokens":["Created","Servlets","and","Beans","to","implement","Business","Logic."],"metadata":[]}],[{"content":"Used SAX/DOM Parser for parsing the data to Oracle Database.","tokens":["Used","SAX/DOM","Parser","for","parsing","the","data","to","Oracle","Database."],"metadata":[]}],[{"content":"Designed and created backend data access modules using PL/SQL stored procedures and Oracle.","tokens":["Designed","and","created","backend","data","access","modules","using","PL/SQL","stored","procedures","and","Oracle."],"metadata":[]}],[{"content":"Designed object model, data model, tables, constraints, necessary stored procedures, functions, triggers, and packages for Oracle Database.","tokens":["Designed","object","model,","data","model,","tables,","constraints,","necessary","stored","procedures,","functions,","triggers,","and","packages","for","Oracle","Database."],"metadata":[]}],[{"content":"Developed and executed User Acceptance Testing portion of test plan.","tokens":["Developed","and","executed","User","Acceptance","Testing","portion","of","test","plan."],"metadata":[]}],[{"content":"Debugging Software for Bugs.","tokens":["Debugging","Software","for","Bugs."],"metadata":[]}],[{"content":"Environment: Python, DOM, HTML, CSS, SQL, PLSQL, Oracle and Windows.","tokens":["Environment:","Python,","DOM,","HTML,","CSS,","SQL,","PLSQL,","Oracle","and","Windows."],"metadata":[]}],[{"content":"Software Developer ARIS Global - Bengaluru, Karnataka September 2009 to December 2010 This was application to sort thru the Clinical trial data and arrange them in readable format so the Scientist could make valid deductions from it.","tokens":["Software","Developer","ARIS","Global","-","Bengaluru,","Karnataka","September","2009","to","December","2010","This","was","application","to","sort","thru","the","Clinical","trial","data","and","arrange","them","in","readable","format","so","the","Scientist","could","make","valid","deductions","from","it."],"metadata":[]}],[{"content":"Responsibilities: Involved in designing, constructing and documenting various object oriented applications using UML, Rational Rose.","tokens":["Responsibilities:","Involved","in","designing,","constructing","and","documenting","various","object","oriented","applications","using","UML,","Rational","Rose."],"metadata":[]}],[{"content":"Designed and developed the presentation layer/client end using HTML, XML, DHTML and JSP.","tokens":["Designed","and","developed","the","presentation","layer/client","end","using","HTML,","XML,","DHTML","and","JSP."],"metadata":[]}],[{"content":"Servlets were used as an application layer to provide the main logic of the application and the interaction with databases using JDBC API.","tokens":["Servlets","were","used","as","an","application","layer","to","provide","the","main","logic","of","the","application","and","the","interaction","with","databases","using","JDBC","API."],"metadata":[]}],[{"content":"Wrote SQL queries and Oracle stored procedures for accessing and manipulating the data in the database.","tokens":["Wrote","SQL","queries","and","Oracle","stored","procedures","for","accessing","and","manipulating","the","data","in","the","database."],"metadata":[]}],[{"content":"Oracle 8i and SQL Server were used as the database.","tokens":["Oracle","8i","and","SQL","Server","were","used","as","the","database."],"metadata":[]}],[{"content":"Client side validations were done using JavaScript.","tokens":["Client","side","validations","were","done","using","JavaScript."],"metadata":[]}],[{"content":"Used SVN for version control.","tokens":["Used","SVN","for","version","control."],"metadata":[]}],[{"content":"Used VI as Editor for writing the coding in the UNIX Environment.","tokens":["Used","VI","as","Editor","for","writing","the","coding","in","the","UNIX","Environment."],"metadata":[]}],[{"content":"Environment: Java, C++, JDBC, JSP, JavaScript, SQL Server, Oracle, UNIX and Windows NT.","tokens":["Environment:","Java,","C++,","JDBC,","JSP,","JavaScript,","SQL","Server,","Oracle,","UNIX","and","Windows","NT."],"metadata":[]}],[{"content":"Education Bachelor's Skills CSS (7 years), HTML (7 years), PYTHON (7 years), JAVASCRIPT (6 years), SQL (5 years) Additional Information TECHNICAL SKILLS: Languages Python 3.x,2.7/2.4, C++, C, Shell Script, SQL Framework Django, Flask, MVC Framework Databases MySQL, Sqlite3, Oracle, PostgreSQL Web Technologies AJAX, JavaScript, PHP, JQuery, JSON, AngularJS, HTML, HTML5, CSS, CSS3, DHTML, XHTML and XML Versioning Tools Git, SVN, CVS, TFS, Applications/Web Servers Apache, HTTP, IIS, Tomcat Operating systems Linux/Unix, Windows-98/NT/2000/XP/2003/Vista/2007 Software Development Lifecycle Agile Methodology (Scrum), Waterfall, Rup Graphic Editors Adobe Photoshop CS4/CS3, Adobe Illustrator CS3, SVN Eclipse, Macromedia SharePoint, Dreamweaver, FrontPage Bug Tracking Tools Jira, BugZilla, Rational Clear Quest","tokens":["Education","Bachelor's","Skills","CSS","(7","years),","HTML","(7","years),","PYTHON","(7","years),","JAVASCRIPT","(6","years),","SQL","(5","years)","Additional","Information","TECHNICAL","SKILLS:","Languages","Python","3.x,2.7/2.4,","C++,","C,","Shell","Script,","SQL","Framework","Django,","Flask,","MVC","Framework","Databases","MySQL,","Sqlite3,","Oracle,","PostgreSQL","Web","Technologies","AJAX,","JavaScript,","PHP,","JQuery,","JSON,","AngularJS,","HTML,","HTML5,","CSS,","CSS3,","DHTML,","XHTML","and","XML","Versioning","Tools","Git,","SVN,","CVS,","TFS,","Applications/Web","Servers","Apache,","HTTP,","IIS,","Tomcat","Operating","systems","Linux/Unix,","Windows-98/NT/2000/XP/2003/Vista/2007","Software","Development","Lifecycle","Agile","Methodology","(Scrum),","Waterfall,","Rup","Graphic","Editors","Adobe","Photoshop","CS4/CS3,","Adobe","Illustrator","CS3,","SVN","Eclipse,","Macromedia","SharePoint,","Dreamweaver,","FrontPage","Bug","Tracking","Tools","Jira,","BugZilla,","Rational","Clear","Quest"],"metadata":[]}]],"labelerInfo":{"id":6814,"email":"cwilhel8@jh.edu","displayName":"Chris Wilhelm"},"labelSets":[{"name":"Resume Labels","index":0,"labelItems":[{"id":"Kj5U6n9NUqTXuWcB3c_7L","labelName":"College"},{"id":"rj7TW0-ymuRo6f_asXJab","labelName":"Company Name"},{"id":"SJEkdao76hjwbb6Fh5SY6","labelName":"Job Title"},{"id":"BjO8MdvK2KI4E5iMEeY4B","labelName":"Graduation Year"},{"id":"eS2knCRgLegeRw8bcmSWA","labelName":"Skill"},{"id":"IeEoIKabMl51BJE0gX2YL","labelName":"Degree"},{"id":"1R0C50AAwFbEp2O0WmRv6","labelName":"Location"},{"id":"zQcc4ygexJ_A3Gb0NeRTk","labelName":"Years of Experience"},{"id":"52S_6moRfhjC-yXgIBeCp","labelName":"Date"},{"id":"KiLarWmwlU1E3-FfdG6Qg","labelName":"Project"},{"id":"dyxKKTAxW1z5ifjPj42BI","labelName":"Name"}]}],"spanLabels":[],"arrowLabels":[],"boundingBoxLabels":[],"timeLabels":[],"comments":[],"url":"datasaur://static/6814/d6a32793-7c17-46ac-a296-3f5be1a0518b.txt"}}
