{"version":"1","data":{"project":{"id":"ODBjYmQ2MDg","name":"NLP SSM Final Project"},"document":{"id":"ad6bc886-73e1-4f90-afe7-acd4eef0f411","name":"resume_2248_d1.txt"},"kinds":["TOKEN_BASED"],"rows":[[{"content":"TRAINING ASSISTANT Summary Project Management and special events","tokens":["TRAINING","ASSISTANT","Summary","Project","Management","and","special","events"],"metadata":[]}],[{"content":"Training, curriculum development, needs assessments","tokens":["Training,","curriculum","development,","needs","assessments"],"metadata":[]}],[{"content":"Outside sales, recruitment and marketing","tokens":["Outside","sales,","recruitment","and","marketing"],"metadata":[]}],[{"content":"Non-profit management and office administration Experience Training Assistant Jan 2008 to Current Company Name － City , State Develop and implement projects which create a positive presentation of ProEquities.","tokens":["Non-profit","management","and","office","administration","Experience","Training","Assistant","Jan","2008","to","Current","Company","Name","－","City",",","State","Develop","and","implement","projects","which","create","a","positive","presentation","of","ProEquities."],"metadata":[]}],[{"content":"Analyze and develop solutions for internal processes Coordinate and implement logistics for training events Coordinate the BDU Scholarship program Provide duties such as the maintenance of databases, preparation of PowerPoint presentations, spreadsheets, editing, mail merge and special project reports Field all incoming phone calls for ProEquities; greet guests.","tokens":["Analyze","and","develop","solutions","for","internal","processes","Coordinate","and","implement","logistics","for","training","events","Coordinate","the","BDU","Scholarship","program","Provide","duties","such","as","the","maintenance","of","databases,","preparation","of","PowerPoint","presentations,","spreadsheets,","editing,","mail","merge","and","special","project","reports","Field","all","incoming","phone","calls","for","ProEquities;","greet","guests."],"metadata":[]}],[{"content":"Market Game Coordinator/Office Manager Jan 2005 to Jan 2007 Company Name － City , State Organized and maintained Alabama Stock Market Game activities Coordinated teacher recruitment and workshops - Provide technical support and communication to teachers Coordinated stockbroker mentor program Promoted programs through correspondence, workshops and public speaking Coordinated day-to day office activity Provide support to fund development, client service, marketing, financial reporting and special projects Assist in bookkeeping activities.","tokens":["Market","Game","Coordinator/Office","Manager","Jan","2005","to","Jan","2007","Company","Name","－","City",",","State","Organized","and","maintained","Alabama","Stock","Market","Game","activities","Coordinated","teacher","recruitment","and","workshops","-","Provide","technical","support","and","communication","to","teachers","Coordinated","stockbroker","mentor","program","Promoted","programs","through","correspondence,","workshops","and","public","speaking","Coordinated","day-to","day","office","activity","Provide","support","to","fund","development,","client","service,","marketing,","financial","reporting","and","special","projects","Assist","in","bookkeeping","activities."],"metadata":[]}],[{"content":"Advertising Administrator Jan 2003 to Jan 2004 Company Name － City , State Ensured compliance of company policy for Yellow Page and White Page directory advertising Addressed and resolved company wide directory listing issues Coordinated acquisition, distribution and billing of inventory of financial center merchandising hardware and graphics for over 700 financial centers throughout eight-state area Provided accounts receivable and payable tasks and general ledger account reconcilement for directory advertising, merchandising hardware, graphics and holiday signs Coordinated design, job biding and distribution of financial center signage.","tokens":["Advertising","Administrator","Jan","2003","to","Jan","2004","Company","Name","－","City",",","State","Ensured","compliance","of","company","policy","for","Yellow","Page","and","White","Page","directory","advertising","Addressed","and","resolved","company","wide","directory","listing","issues","Coordinated","acquisition,","distribution","and","billing","of","inventory","of","financial","center","merchandising","hardware","and","graphics","for","over","700","financial","centers","throughout","eight-state","area","Provided","accounts","receivable","and","payable","tasks","and","general","ledger","account","reconcilement","for","directory","advertising,","merchandising","hardware,","graphics","and","holiday","signs","Coordinated","design,","job","biding","and","distribution","of","financial","center","signage."],"metadata":[]}],[{"content":"Director Jan 2001 to Jan 2003 Company Name － City , State Provided oversight for non-credit training programs.- Conducted needs assessments Formulated and implemented marketing strategies and materials for non-credit continuing education courses Developed of instructional strategy and design for new programs and evaluation of existing programs/courses Developed customized, industry-specific curriculum based on needs of client/community Recruited, developed and supervised instructors Managed, created and maintained databases for targeted mailing Provided oversight for management of registration, revenues, program implementation, record retention, and student recruitment and maintenance of quality educational standards.","tokens":["Director","Jan","2001","to","Jan","2003","Company","Name","－","City",",","State","Provided","oversight","for","non-credit","training","programs.-","Conducted","needs","assessments","Formulated","and","implemented","marketing","strategies","and","materials","for","non-credit","continuing","education","courses","Developed","of","instructional","strategy","and","design","for","new","programs","and","evaluation","of","existing","programs/courses","Developed","customized,","industry-specific","curriculum","based","on","needs","of","client/community","Recruited,","developed","and","supervised","instructors","Managed,","created","and","maintained","databases","for","targeted","mailing","Provided","oversight","for","management","of","registration,","revenues,","program","implementation,","record","retention,","and","student","recruitment","and","maintenance","of","quality","educational","standards."],"metadata":[]}],[{"content":"Workforce Development Specialist / Continuing Education Coordinator Jan 1998 to Jan 2001 Company Name － City , State Served as project manager of Workforce Development Center activities Developed customized, industry-specific curriculum based on needs of the client/community Developed and delivered training to corporate clients and community Developed and maintained relationships with various constituents - Conducted needs assessments Formulated and implemented marketing strategies and materials for non-credit continuing education courses Managed development of instructional strategy and design for conferences, certificate programs and courses Recruited, developed and supervised instructors Managed, created and maintained databases for targeted mailing Managed registration, program offerings, student recruitment and quality educational standards.","tokens":["Workforce","Development","Specialist","/","Continuing","Education","Coordinator","Jan","1998","to","Jan","2001","Company","Name","－","City",",","State","Served","as","project","manager","of","Workforce","Development","Center","activities","Developed","customized,","industry-specific","curriculum","based","on","needs","of","the","client/community","Developed","and","delivered","training","to","corporate","clients","and","community","Developed","and","maintained","relationships","with","various","constituents","-","Conducted","needs","assessments","Formulated","and","implemented","marketing","strategies","and","materials","for","non-credit","continuing","education","courses","Managed","development","of","instructional","strategy","and","design","for","conferences,","certificate","programs","and","courses","Recruited,","developed","and","supervised","instructors","Managed,","created","and","maintained","databases","for","targeted","mailing","Managed","registration,","program","offerings,","student","recruitment","and","quality","educational","standards."],"metadata":[]}],[{"content":"Executive Director Jan 1996 to Jan 1998 Company Name － City , State Developed and maintained relationships in banking community Served as spokesperson and liaison to affiliate colleges and the public Recruited and supervised office staff, and instructors Developed and implemented instructor and volunteer training Implemented delivery of educational curriculum and served as student advisor Administered annual budget and maintained financial records Developed and managed marketing plans and quarterly statewide promotional publications Directed Birmingham Chapter into statewide consolidation process.","tokens":["Executive","Director","Jan","1996","to","Jan","1998","Company","Name","－","City",",","State","Developed","and","maintained","relationships","in","banking","community","Served","as","spokesperson","and","liaison","to","affiliate","colleges","and","the","public","Recruited","and","supervised","office","staff,","and","instructors","Developed","and","implemented","instructor","and","volunteer","training","Implemented","delivery","of","educational","curriculum","and","served","as","student","advisor","Administered","annual","budget","and","maintained","financial","records","Developed","and","managed","marketing","plans","and","quarterly","statewide","promotional","publications","Directed","Birmingham","Chapter","into","statewide","consolidation","process."],"metadata":[]}],[{"content":"Territory Manager Jan 1994 to Jan 1996 Company Name － City , State Developed and maintained relationships with new and existing accounts Developed and maintained community contacts through job fairs, presentations and civic involvement Assisted in employee recruitment, placement and orientation ERC (Employee Recognition Committee), PROEQUITIES-Chairman BOY SCOUTS OF AMERICA - VULCAN DISTRICT COMMITTEE - Marketing Director BOY SCOUTS OF AMERICA - VULCAN DISTRICT - Certified Trainer of Adult Leadership CAHABA GIRL SCOUT COUNCIL - Field Executive, Certified Trainer of Adult Leadership BIRMINGHAM AREA COUNCIL OF CAMPFIRE - Recruitment Coordinator BIG BROTHERS/BIG SISTERS OF Tift Area - Caseworker/PR Assistant.","tokens":["Territory","Manager","Jan","1994","to","Jan","1996","Company","Name","－","City",",","State","Developed","and","maintained","relationships","with","new","and","existing","accounts","Developed","and","maintained","community","contacts","through","job","fairs,","presentations","and","civic","involvement","Assisted","in","employee","recruitment,","placement","and","orientation","ERC","(Employee","Recognition","Committee),","PROEQUITIES-Chairman","BOY","SCOUTS","OF","AMERICA","-","VULCAN","DISTRICT","COMMITTEE","-","Marketing","Director","BOY","SCOUTS","OF","AMERICA","-","VULCAN","DISTRICT","-","Certified","Trainer","of","Adult","Leadership","CAHABA","GIRL","SCOUT","COUNCIL","-","Field","Executive,","Certified","Trainer","of","Adult","Leadership","BIRMINGHAM","AREA","COUNCIL","OF","CAMPFIRE","-","Recruitment","Coordinator","BIG","BROTHERS/BIG","SISTERS","OF","Tift","Area","-","Caseworker/PR","Assistant."],"metadata":[]}],[{"content":"Education Bachelor of Arts Degree , Public Relations/Speech Communication Journalism AUBURN UNIVERSITY － City , State Public Relations/Speech Communication Journalism Completed Certificate Program in Project Management UNIVERSITY OF ALABAMA AT BIRMINGHAM － City , State Interests ZENGER MILLER TRAINING - Certified Facilitator","tokens":["Education","Bachelor","of","Arts","Degree",",","Public","Relations/Speech","Communication","Journalism","AUBURN","UNIVERSITY","－","City",",","State","Public","Relations/Speech","Communication","Journalism","Completed","Certificate","Program","in","Project","Management","UNIVERSITY","OF","ALABAMA","AT","BIRMINGHAM","－","City",",","State","Interests","ZENGER","MILLER","TRAINING","-","Certified","Facilitator"],"metadata":[]}],[{"content":"BIRMINGHAM FESTIVAL OF ARTS - Chair of Volunteer Coordination, Co-Chair of Educational Event Skills accounts receivable, advertising, banking, billing, bookkeeping, budget, hardware, conferences, COUNCIL, credit, client, clients, databases, delivery, editing, financial, financial reporting, general ledger, graphics, instructor, inventory, Leadership, logistics, Director, marketing strategies, marketing plans, marketing, Market, materials, mentor, merchandising, mail, office, PowerPoint presentations, Page, presentations, PR, processes, Project Management, public speaking, publications, quality, Recruitment, spreadsheets, strategy, teacher, technical support, phone, Trainer, training programs, workshops Additional Information ZENGER MILLER TRAINING - Certified Facilitator","tokens":["BIRMINGHAM","FESTIVAL","OF","ARTS","-","Chair","of","Volunteer","Coordination,","Co-Chair","of","Educational","Event","Skills","accounts","receivable,","advertising,","banking,","billing,","bookkeeping,","budget,","hardware,","conferences,","COUNCIL,","credit,","client,","clients,","databases,","delivery,","editing,","financial,","financial","reporting,","general","ledger,","graphics,","instructor,","inventory,","Leadership,","logistics,","Director,","marketing","strategies,","marketing","plans,","marketing,","Market,","materials,","mentor,","merchandising,","mail,","office,","PowerPoint","presentations,","Page,","presentations,","PR,","processes,","Project","Management,","public","speaking,","publications,","quality,","Recruitment,","spreadsheets,","strategy,","teacher,","technical","support,","phone,","Trainer,","training","programs,","workshops","Additional","Information","ZENGER","MILLER","TRAINING","-","Certified","Facilitator"],"metadata":[]}],[{"content":"BIRMINGHAM FESTIVAL OF ARTS - Chair of Volunteer Coordination, Co-Chair of Educational Event","tokens":["BIRMINGHAM","FESTIVAL","OF","ARTS","-","Chair","of","Volunteer","Coordination,","Co-Chair","of","Educational","Event"],"metadata":[]}]],"labelerInfo":{"id":6814,"email":"cwilhel8@jh.edu","displayName":"Chris Wilhelm"},"labelSets":[{"name":"Resume Labels","index":0,"labelItems":[{"id":"Kj5U6n9NUqTXuWcB3c_7L","labelName":"College"},{"id":"rj7TW0-ymuRo6f_asXJab","labelName":"Company Name"},{"id":"SJEkdao76hjwbb6Fh5SY6","labelName":"Job Title"},{"id":"BjO8MdvK2KI4E5iMEeY4B","labelName":"Graduation Year"},{"id":"eS2knCRgLegeRw8bcmSWA","labelName":"Skill"},{"id":"IeEoIKabMl51BJE0gX2YL","labelName":"Degree"},{"id":"1R0C50AAwFbEp2O0WmRv6","labelName":"Location"},{"id":"zQcc4ygexJ_A3Gb0NeRTk","labelName":"Years of Experience"},{"id":"52S_6moRfhjC-yXgIBeCp","labelName":"Date"},{"id":"KiLarWmwlU1E3-FfdG6Qg","labelName":"Project"},{"id":"dyxKKTAxW1z5ifjPj42BI","labelName":"Name"}]}],"spanLabels":[],"arrowLabels":[],"boundingBoxLabels":[],"timeLabels":[],"comments":[],"url":"datasaur://static/6814/ad6bc886-73e1-4f90-afe7-acd4eef0f411.txt"}}
