{"version":"1","data":{"project":{"id":"ODBjYmQ2MDg","name":"NLP SSM Final Project"},"document":{"id":"616de6ef-b4a1-4ccd-8102-70a18a255091","name":"resume_791_d1.txt"},"kinds":["TOKEN_BASED"],"rows":[[{"content":"LICENSED PRACTICAL NURSE- STEP-DOWN UNIT Summary Licensed Practical Nurse with 15 years in providing direct care under RN and MD supervision in diagnosis, treatment prescription and follow-up with patients from pediatrics to geriatrics.","tokens":["LICENSED","PRACTICAL","NURSE-","STEP-DOWN","UNIT","Summary","Licensed","Practical","Nurse","with","15","years","in","providing","direct","care","under","RN","and","MD","supervision","in","diagnosis,","treatment","prescription","and","follow-up","with","patients","from","pediatrics","to","geriatrics."],"metadata":[]}],[{"content":"Additional expertise includes management and staff supervision.","tokens":["Additional","expertise","includes","management","and","staff","supervision."],"metadata":[]}],[{"content":"Strong desire to focus on preventative care and health education.","tokens":["Strong","desire","to","focus","on","preventative","care","and","health","education."],"metadata":[]}],[{"content":"Energetic and motivational and leader dedicated to driving top-quality patient care.","tokens":["Energetic","and","motivational","and","leader","dedicated","to","driving","top-quality","patient","care."],"metadata":[]}],[{"content":"Looking for a position in a top-notch facility with a commitment to innovative processes.","tokens":["Looking","for","a","position","in","a","top-notch","facility","with","a","commitment","to","innovative","processes."],"metadata":[]}],[{"content":"Nursing Expertise Geriatrics Pediatrics Correctional Nursing Occupational Health Med- Surg Home Healthcare Hospice Care School Nursing Travel Nursing Agencies Hospitals Doctor Offices Nursing Homes ​ Education 2012 Bachelor of Science : (Pre-Med) Foundations in Counseling Samford University － City , State , U.S 2009 Pre- Nursing RN Lawson State Community College － City , State , U.S 2003 Licensed Practical Nurse Bessemer State Technical College － City , State , U.S Experience 01/2017 to 09/2017 Licensed Practical Nurse- Step-down Unit Company Name － City , State Recorded patients' medical history, vital statistics and test results in medical records.","tokens":["Nursing","Expertise","Geriatrics","Pediatrics","Correctional","Nursing","Occupational","Health","Med-","Surg","Home","Healthcare","Hospice","Care","School","Nursing","Travel","Nursing","Agencies","Hospitals","Doctor","Offices","Nursing","Homes","​","Education","2012","Bachelor","of","Science",":","(Pre-Med)","Foundations","in","Counseling","Samford","University","－","City",",","State",",","U.S","2009","Pre-","Nursing","RN","Lawson","State","Community","College","－","City",",","State",",","U.S","2003","Licensed","Practical","Nurse","Bessemer","State","Technical","College","－","City",",","State",",","U.S","Experience","01/2017","to","09/2017","Licensed","Practical","Nurse-","Step-down","Unit","Company","Name","－","City",",","State","Recorded","patients'","medical","history,","vital","statistics","and","test","results","in","medical","records."],"metadata":[]}],[{"content":"Administered IV therapy and medications per MD orders Monitored post-op vitals, set up PCA, fluids, reviewed post-op orders and orient patients to unit.","tokens":["Administered","IV","therapy","and","medications","per","MD","orders","Monitored","post-op","vitals,","set","up","PCA,","fluids,","reviewed","post-op","orders","and","orient","patients","to","unit."],"metadata":[]}],[{"content":"Developed and maintained quality care systems and standards, including but not limited to, creating and improving medical protocols/guidelines.","tokens":["Developed","and","maintained","quality","care","systems","and","standards,","including","but","not","limited","to,","creating","and","improving","medical","protocols/guidelines."],"metadata":[]}],[{"content":"Sound, ethical and independent decision-making ability consistent with medical protocols.","tokens":["Sound,","ethical","and","independent","decision-making","ability","consistent","with","medical","protocols."],"metadata":[]}],[{"content":"Disciplined, energetic employee who quickly establishes rapport with patients and colleagues.","tokens":["Disciplined,","energetic","employee","who","quickly","establishes","rapport","with","patients","and","colleagues."],"metadata":[]}],[{"content":"Performed all tasks with a patient-centered focus while seeking opportunities for improvement of processes and treatments.","tokens":["Performed","all","tasks","with","a","patient-centered","focus","while","seeking","opportunities","for","improvement","of","processes","and","treatments."],"metadata":[]}],[{"content":"Assisted patients with healing and recovery after surgery.","tokens":["Assisted","patients","with","healing","and","recovery","after","surgery."],"metadata":[]}],[{"content":"01/2015 to 09/2017 License Practical Nurse Company Name － City , State Travel nurse to different nursing homes and hospitals Administered IV therapy and treadmill stress tests and ran nerve conduction tests in cardiac unit.","tokens":["01/2015","to","09/2017","License","Practical","Nurse","Company","Name","－","City",",","State","Travel","nurse","to","different","nursing","homes","and","hospitals","Administered","IV","therapy","and","treadmill","stress","tests","and","ran","nerve","conduction","tests","in","cardiac","unit."],"metadata":[]}],[{"content":"Delivered high-quality and compassionate treatment to indigent and low-income patient community.","tokens":["Delivered","high-quality","and","compassionate","treatment","to","indigent","and","low-income","patient","community."],"metadata":[]}],[{"content":"Monitored post-op vitals, set up PCA, fluids, reviewed post-op orders and orient patients to unit.","tokens":["Monitored","post-op","vitals,","set","up","PCA,","fluids,","reviewed","post-op","orders","and","orient","patients","to","unit."],"metadata":[]}],[{"content":"Developed and maintained quality care systems and standards, including but not limited to, creating and improving medical protocols/guidelines.","tokens":["Developed","and","maintained","quality","care","systems","and","standards,","including","but","not","limited","to,","creating","and","improving","medical","protocols/guidelines."],"metadata":[]}],[{"content":"Sound, ethical and independent decision-making ability consistent with medical protocols.","tokens":["Sound,","ethical","and","independent","decision-making","ability","consistent","with","medical","protocols."],"metadata":[]}],[{"content":"Disciplined, energetic employee who quickly establishes rapport with patients and colleagues.","tokens":["Disciplined,","energetic","employee","who","quickly","establishes","rapport","with","patients","and","colleagues."],"metadata":[]}],[{"content":"Performed all tasks with a patient-centered focus while seeking opportunities for improvement of processes and treatments.","tokens":["Performed","all","tasks","with","a","patient-centered","focus","while","seeking","opportunities","for","improvement","of","processes","and","treatments."],"metadata":[]}],[{"content":"Provided patient diagnosis under strict time constraints.","tokens":["Provided","patient","diagnosis","under","strict","time","constraints."],"metadata":[]}],[{"content":"Evaluated patients presenting with asthma, appendicitis and hernia.","tokens":["Evaluated","patients","presenting","with","asthma,","appendicitis","and","hernia."],"metadata":[]}],[{"content":"Provided education to patients on detox and withdrawal, medications, addiction, recovery, coping skills and community resources.","tokens":["Provided","education","to","patients","on","detox","and","withdrawal,","medications,","addiction,","recovery,","coping","skills","and","community","resources."],"metadata":[]}],[{"content":"Provided necessary health education training for patients.","tokens":["Provided","necessary","health","education","training","for","patients."],"metadata":[]}],[{"content":"Acted as patient advocate and implemented total patient care through a team nursing process covering 8-10 high acuity patients per shift.","tokens":["Acted","as","patient","advocate","and","implemented","total","patient","care","through","a","team","nursing","process","covering","8-10","high","acuity","patients","per","shift."],"metadata":[]}],[{"content":"Treated patients with strokes, head traumas, comas and intracranial hematomas.","tokens":["Treated","patients","with","strokes,","head","traumas,","comas","and","intracranial","hematomas."],"metadata":[]}],[{"content":"Managed caseload of 20 clients, providing education, treatments, IV therapy, venipuncture and wound care.","tokens":["Managed","caseload","of","20","clients,","providing","education,","treatments,","IV","therapy,","venipuncture","and","wound","care."],"metadata":[]}],[{"content":"Assisted patients with multiple chronic diagnoses including COPD and asthma.","tokens":["Assisted","patients","with","multiple","chronic","diagnoses","including","COPD","and","asthma."],"metadata":[]}],[{"content":"Completed clinical rotations in Geriatrics.","tokens":["Completed","clinical","rotations","in","Geriatrics."],"metadata":[]}],[{"content":"Administered medications and assisted in diagnostic testing for HIV-positive patients.","tokens":["Administered","medications","and","assisted","in","diagnostic","testing","for","HIV-positive","patients."],"metadata":[]}],[{"content":"Responsible for primary care, case management and medication management.","tokens":["Responsible","for","primary","care,","case","management","and","medication","management."],"metadata":[]}],[{"content":"Evaluated patient care needs, prioritized treatment and maintained patient flow.","tokens":["Evaluated","patient","care","needs,","prioritized","treatment","and","maintained","patient","flow."],"metadata":[]}],[{"content":"Accurately documented all elements of nursing assessment, treatments, medications, discharge instructions and follow-up care.","tokens":["Accurately","documented","all","elements","of","nursing","assessment,","treatments,","medications,","discharge","instructions","and","follow-up","care."],"metadata":[]}],[{"content":"​ 02/2015 to 01/2017 LPN- Woundcare Nurse Company Name － City , State Achieved departmental goals and objectives by instituting new processes and standards for in-patient care.","tokens":["​","02/2015","to","01/2017","LPN-","Woundcare","Nurse","Company","Name","－","City",",","State","Achieved","departmental","goals","and","objectives","by","instituting","new","processes","and","standards","for","in-patient","care."],"metadata":[]}],[{"content":"Responsible for primary care, case management and medication management.","tokens":["Responsible","for","primary","care,","case","management","and","medication","management."],"metadata":[]}],[{"content":"Evaluated patient care needs, prioritized treatment and maintained patient flow.","tokens":["Evaluated","patient","care","needs,","prioritized","treatment","and","maintained","patient","flow."],"metadata":[]}],[{"content":"Sound, ethical and independent decision-making ability consistent with medical protocols.","tokens":["Sound,","ethical","and","independent","decision-making","ability","consistent","with","medical","protocols."],"metadata":[]}],[{"content":"Disciplined, energetic employee who quickly establishes rapport with patients and colleagues.","tokens":["Disciplined,","energetic","employee","who","quickly","establishes","rapport","with","patients","and","colleagues."],"metadata":[]}],[{"content":"Performed all tasks with a patient-centered focus while seeking opportunities for improvement of processes and treatments.","tokens":["Performed","all","tasks","with","a","patient-centered","focus","while","seeking","opportunities","for","improvement","of","processes","and","treatments."],"metadata":[]}],[{"content":"Assisted patients with healing and recovery after surgery.","tokens":["Assisted","patients","with","healing","and","recovery","after","surgery."],"metadata":[]}],[{"content":"Managed team of medical support personnel.","tokens":["Managed","team","of","medical","support","personnel."],"metadata":[]}],[{"content":"Provided patient diagnosis under strict time constraints.","tokens":["Provided","patient","diagnosis","under","strict","time","constraints."],"metadata":[]}],[{"content":"Provided behavioral/emotional support and supervision for those with dementia and Alzheimer's.","tokens":["Provided","behavioral/emotional","support","and","supervision","for","those","with","dementia","and","Alzheimer's."],"metadata":[]}],[{"content":"Managed caseload of 20 clients, providing education, treatments, IV therapy, venipuncture and wound care.","tokens":["Managed","caseload","of","20","clients,","providing","education,","treatments,","IV","therapy,","venipuncture","and","wound","care."],"metadata":[]}],[{"content":"Achieved departmental goals and objectives by instituting new processes and standards for in-patient care.","tokens":["Achieved","departmental","goals","and","objectives","by","instituting","new","processes","and","standards","for","in-patient","care."],"metadata":[]}],[{"content":"Responsible for primary care, case management, wound care management and medication management.","tokens":["Responsible","for","primary","care,","case","management,","wound","care","management","and","medication","management."],"metadata":[]}],[{"content":"Evaluated patient care needs, prioritized treatment and maintained patient flow.","tokens":["Evaluated","patient","care","needs,","prioritized","treatment","and","maintained","patient","flow."],"metadata":[]}],[{"content":"Accurately documented all elements of nursing assessment, treatments, medications, discharge instructions and follow-up care.","tokens":["Accurately","documented","all","elements","of","nursing","assessment,","treatments,","medications,","discharge","instructions","and","follow-up","care."],"metadata":[]}],[{"content":"Coordinated with doctors and registered nurses to develop care plans for patients.","tokens":["Coordinated","with","doctors","and","registered","nurses","to","develop","care","plans","for","patients."],"metadata":[]}],[{"content":"Often commended for maintaining the safety, respect and dignity of residents.","tokens":["Often","commended","for","maintaining","the","safety,","respect","and","dignity","of","residents."],"metadata":[]}],[{"content":"Organized, updated and maintained over 200 patient charts.","tokens":["Organized,","updated","and","maintained","over","200","patient","charts."],"metadata":[]}],[{"content":"Skillfully performed suture removals for patients of all ages.","tokens":["Skillfully","performed","suture","removals","for","patients","of","all","ages."],"metadata":[]}],[{"content":"Maintained patient charts and confidential files.","tokens":["Maintained","patient","charts","and","confidential","files."],"metadata":[]}],[{"content":"01/2012 to 02/2015 Correctional Nurse Company Name － City , State Managed and treatment of patients in an correctional setting providing sick call daily and triage care.","tokens":["01/2012","to","02/2015","Correctional","Nurse","Company","Name","－","City",",","State","Managed","and","treatment","of","patients","in","an","correctional","setting","providing","sick","call","daily","and","triage","care."],"metadata":[]}],[{"content":"Recorded patients' medical history, vital statistics and test results in medical records.","tokens":["Recorded","patients'","medical","history,","vital","statistics","and","test","results","in","medical","records."],"metadata":[]}],[{"content":"Administered IV therapy and mediation.","tokens":["Administered","IV","therapy","and","mediation."],"metadata":[]}],[{"content":"Delivered high-quality and compassionate treatment to indigent and low-income patient community.","tokens":["Delivered","high-quality","and","compassionate","treatment","to","indigent","and","low-income","patient","community."],"metadata":[]}],[{"content":"Developed and maintained quality care systems and standards, including but not limited to, creating and improving medical protocols/guidelines.","tokens":["Developed","and","maintained","quality","care","systems","and","standards,","including","but","not","limited","to,","creating","and","improving","medical","protocols/guidelines."],"metadata":[]}],[{"content":"Sound, ethical and independent decision-making ability consistent with medical protocols.","tokens":["Sound,","ethical","and","independent","decision-making","ability","consistent","with","medical","protocols."],"metadata":[]}],[{"content":"Disciplined, energetic employee who quickly establishes rapport with patients and colleagues.","tokens":["Disciplined,","energetic","employee","who","quickly","establishes","rapport","with","patients","and","colleagues."],"metadata":[]}],[{"content":"Performed all tasks with a patient-centered focus while seeking opportunities for improvement of processes and treatments.","tokens":["Performed","all","tasks","with","a","patient-centered","focus","while","seeking","opportunities","for","improvement","of","processes","and","treatments."],"metadata":[]}],[{"content":"Provided necessary health education training for patients.","tokens":["Provided","necessary","health","education","training","for","patients."],"metadata":[]}],[{"content":"Acted as patient advocate and implemented total patient care through a team nursing process covering (inmates) high acuity patients per shift.","tokens":["Acted","as","patient","advocate","and","implemented","total","patient","care","through","a","team","nursing","process","covering","(inmates)","high","acuity","patients","per","shift."],"metadata":[]}],[{"content":"Provided quality nursing care in accordance with resident care policies and procedures.","tokens":["Provided","quality","nursing","care","in","accordance","with","resident","care","policies","and","procedures."],"metadata":[]}],[{"content":"Worked as part of team to ensure proper care of body mechanics and safety of patient.","tokens":["Worked","as","part","of","team","to","ensure","proper","care","of","body","mechanics","and","safety","of","patient."],"metadata":[]}],[{"content":"Partnered with team of Registered Nurses to ensure over all well-being of all patients.","tokens":["Partnered","with","team","of","Registered","Nurses","to","ensure","over","all","well-being","of","all","patients."],"metadata":[]}],[{"content":"Tested glucose and administered injections.","tokens":["Tested","glucose","and","administered","injections."],"metadata":[]}],[{"content":"Maintained patient charts and confidential files.","tokens":["Maintained","patient","charts","and","confidential","files."],"metadata":[]}],[{"content":"Assessed patients in active withdrawal and provided interventions to manage physical and psychological withdrawal symptoms.","tokens":["Assessed","patients","in","active","withdrawal","and","provided","interventions","to","manage","physical","and","psychological","withdrawal","symptoms."],"metadata":[]}]],"labelerInfo":{"id":6814,"email":"cwilhel8@jh.edu","displayName":"Chris Wilhelm"},"labelSets":[{"name":"Resume Labels","index":0,"labelItems":[{"id":"Kj5U6n9NUqTXuWcB3c_7L","labelName":"College"},{"id":"rj7TW0-ymuRo6f_asXJab","labelName":"Company Name"},{"id":"SJEkdao76hjwbb6Fh5SY6","labelName":"Job Title"},{"id":"BjO8MdvK2KI4E5iMEeY4B","labelName":"Graduation Year"},{"id":"eS2knCRgLegeRw8bcmSWA","labelName":"Skill"},{"id":"IeEoIKabMl51BJE0gX2YL","labelName":"Degree"},{"id":"1R0C50AAwFbEp2O0WmRv6","labelName":"Location"},{"id":"zQcc4ygexJ_A3Gb0NeRTk","labelName":"Years of Experience"},{"id":"52S_6moRfhjC-yXgIBeCp","labelName":"Date"},{"id":"KiLarWmwlU1E3-FfdG6Qg","labelName":"Project"},{"id":"dyxKKTAxW1z5ifjPj42BI","labelName":"Name"}]}],"spanLabels":[],"arrowLabels":[],"boundingBoxLabels":[],"timeLabels":[],"comments":[],"url":"datasaur://static/6814/616de6ef-b4a1-4ccd-8102-70a18a255091.txt"}}
