{"version":"1","data":{"project":{"id":"ODBjYmQ2MDg","name":"NLP SSM Final Project"},"document":{"id":"f52b4ddd-a532-4e83-b0a2-5ffe1f5e5324","name":"resume_1791_d1.txt"},"kinds":["TOKEN_BASED"],"rows":[[{"content":"MAINTENANCE ENGINEERING CO-OP Experience Maintenance Engineering Co-Op , 01/2019 to 11/2019 Company Name – City , State Functioned as facility Computerized Maintenance Management System (CMMS) technical expert, and liaison to Global IT","tokens":["MAINTENANCE","ENGINEERING","CO-OP","Experience","Maintenance","Engineering","Co-Op",",","01/2019","to","11/2019","Company","Name","–","City",",","State","Functioned","as","facility","Computerized","Maintenance","Management","System","(CMMS)","technical","expert,","and","liaison","to","Global","IT"],"metadata":[]}],[{"content":"and Maximo Support team.","tokens":["and","Maximo","Support","team."],"metadata":[]}],[{"content":"Managed Maximo workflows, assisted in identification and resolving Maximo 7.6 related issues.","tokens":["Managed","Maximo","workflows,","assisted","in","identification","and","resolving","Maximo","7.6","related","issues."],"metadata":[]}],[{"content":"Innovated new documentation techniques for efficient flow of Maint Work Orders for future reference and accountability.","tokens":["Innovated","new","documentation","techniques","for","efficient","flow","of","Maint","Work","Orders","for","future","reference","and","accountability."],"metadata":[]}],[{"content":"Identified few key tools missing in site's Maximo.","tokens":["Identified","few","key","tools","missing","in","site's","Maximo."],"metadata":[]}],[{"content":"Got it enabled from HQ IT team for 1000+ AAM Global Maximo users.","tokens":["Got","it","enabled","from","HQ","IT","team","for","1000+","AAM","Global","Maximo","users."],"metadata":[]}],[{"content":"Expanded existing facility Maximo user count by 50%.","tokens":["Expanded","existing","facility","Maximo","user","count","by","50%."],"metadata":[]}],[{"content":"Provided problem solving support and training to Maximo users.","tokens":["Provided","problem","solving","support","and","training","to","Maximo","users."],"metadata":[]}],[{"content":"Created, assigned and scheduled Preventive Maintenance (PM) and Predictive Maintenance (PD) plans.","tokens":["Created,","assigned","and","scheduled","Preventive","Maintenance","(PM)","and","Predictive","Maintenance","(PD)","plans."],"metadata":[]}],[{"content":"Perform Process Failure Mode and Effects Analysis (PFMEA) by studying downtime trends using Maximo and SharePoint.","tokens":["Perform","Process","Failure","Mode","and","Effects","Analysis","(PFMEA)","by","studying","downtime","trends","using","Maximo","and","SharePoint."],"metadata":[]}],[{"content":"Champion for Spindle Vibration Analysis program.","tokens":["Champion","for","Spindle","Vibration","Analysis","program."],"metadata":[]}],[{"content":"Train tradesmen to gather Vibe data, analyse trends & recommend repairs.","tokens":["Train","tradesmen","to","gather","Vibe","data,","analyse","trends","&","recommend","repairs."],"metadata":[]}],[{"content":"Implement 5S Methodology in toolroom.","tokens":["Implement","5S","Methodology","in","toolroom."],"metadata":[]}],[{"content":"Performed GP-12 quality inspection in Production Part Approval Process (PPAP).","tokens":["Performed","GP-12","quality","inspection","in","Production","Part","Approval","Process","(PPAP)."],"metadata":[]}],[{"content":"Investigate part failures by studying Electrical, Hydraulic and Pneumatic equipment prints using AutoCAD.","tokens":["Investigate","part","failures","by","studying","Electrical,","Hydraulic","and","Pneumatic","equipment","prints","using","AutoCAD."],"metadata":[]}],[{"content":"Plan and coordinate Maint operations with Production team to minimize equipment downtime and maximize production.","tokens":["Plan","and","coordinate","Maint","operations","with","Production","team","to","minimize","equipment","downtime","and","maximize","production."],"metadata":[]}],[{"content":"Identify new, damaged or obsolete parts in store using ORACLE and coordinate with Purchasing Dept to buy it in.","tokens":["Identify","new,","damaged","or","obsolete","parts","in","store","using","ORACLE","and","coordinate","with","Purchasing","Dept","to","buy","it","in."],"metadata":[]}],[{"content":"Student Team Leader , 05/2018 to 12/2018 Company Name Raised $5,000+ for various student scholarship funds under WMU.","tokens":["Student","Team","Leader",",","05/2018","to","12/2018","Company","Name","Raised","$5,000+","for","various","student","scholarship","funds","under","WMU."],"metadata":[]}],[{"content":"Coached fundraising techniques to 15 Student Ambassadors.","tokens":["Coached","fundraising","techniques","to","15","Student","Ambassadors."],"metadata":[]}],[{"content":"Mechanical Intern , 01/2016 to 02/2016 Company Name Fixed design errors considering design parameters of vehicle transmission unit using SolidWorks.","tokens":["Mechanical","Intern",",","01/2016","to","02/2016","Company","Name","Fixed","design","errors","considering","design","parameters","of","vehicle","transmission","unit","using","SolidWorks."],"metadata":[]}],[{"content":"Registered data for processes such as Failure Modes and Effects Analysis (FMEA) and Bill of Materials (BOM).","tokens":["Registered","data","for","processes","such","as","Failure","Modes","and","Effects","Analysis","(FMEA)","and","Bill","of","Materials","(BOM)."],"metadata":[]}],[{"content":"Assisted Continuous Improvement team in reviewing and refining processes to make additional improvements.","tokens":["Assisted","Continuous","Improvement","team","in","reviewing","and","refining","processes","to","make","additional","improvements."],"metadata":[]}],[{"content":"Generated In-depth Root Cause Analysis reports in relation to problems and errors reported by customers.","tokens":["Generated","In-depth","Root","Cause","Analysis","reports","in","relation","to","problems","and","errors","reported","by","customers."],"metadata":[]}],[{"content":"Manufacturing Intern , 01/2015 to 02/2015 Company Name – City Utilised GD&T and Unigraphics NX to identify and fix measurement and design errors.","tokens":["Manufacturing","Intern",",","01/2015","to","02/2015","Company","Name","–","City","Utilised","GD&T","and","Unigraphics","NX","to","identify","and","fix","measurement","and","design","errors."],"metadata":[]}],[{"content":"Analysed models using ANSYS.","tokens":["Analysed","models","using","ANSYS."],"metadata":[]}],[{"content":"Implemented Lean Manufacturing and reduced waste by 5%.","tokens":["Implemented","Lean","Manufacturing","and","reduced","waste","by","5%."],"metadata":[]}],[{"content":"Perform geometric and algebraic calculations on CNC machines.","tokens":["Perform","geometric","and","algebraic","calculations","on","CNC","machines."],"metadata":[]}],[{"content":"Work History Maintenance Engineering Co-Op , 01/2019 to 11/2019 Company Name – City , State Functioned as facility Computerized Maintenance Management System (CMMS) technical expert, and liaison to Global IT","tokens":["Work","History","Maintenance","Engineering","Co-Op",",","01/2019","to","11/2019","Company","Name","–","City",",","State","Functioned","as","facility","Computerized","Maintenance","Management","System","(CMMS)","technical","expert,","and","liaison","to","Global","IT"],"metadata":[]}],[{"content":"and Maximo Support team.","tokens":["and","Maximo","Support","team."],"metadata":[]}],[{"content":"Managed Maximo workflows, assisted in identification and resolving Maximo 7.6 related issues.","tokens":["Managed","Maximo","workflows,","assisted","in","identification","and","resolving","Maximo","7.6","related","issues."],"metadata":[]}],[{"content":"Innovated new documentation techniques for efficient flow of Maint Work Orders for future reference and accountability.","tokens":["Innovated","new","documentation","techniques","for","efficient","flow","of","Maint","Work","Orders","for","future","reference","and","accountability."],"metadata":[]}],[{"content":"Identified few key tools missing in site's Maximo.","tokens":["Identified","few","key","tools","missing","in","site's","Maximo."],"metadata":[]}],[{"content":"Got it enabled from HQ IT team for 1000+ AAM Global Maximo users.","tokens":["Got","it","enabled","from","HQ","IT","team","for","1000+","AAM","Global","Maximo","users."],"metadata":[]}],[{"content":"Expanded existing facility Maximo user count by 50%.","tokens":["Expanded","existing","facility","Maximo","user","count","by","50%."],"metadata":[]}],[{"content":"Provided problem solving support and training to Maximo users.","tokens":["Provided","problem","solving","support","and","training","to","Maximo","users."],"metadata":[]}],[{"content":"Created, assigned and scheduled Preventive Maintenance (PM) and Predictive Maintenance (PD) plans.","tokens":["Created,","assigned","and","scheduled","Preventive","Maintenance","(PM)","and","Predictive","Maintenance","(PD)","plans."],"metadata":[]}],[{"content":"Perform Process Failure Mode and Effects Analysis (PFMEA) by studying downtime trends using Maximo and SharePoint.","tokens":["Perform","Process","Failure","Mode","and","Effects","Analysis","(PFMEA)","by","studying","downtime","trends","using","Maximo","and","SharePoint."],"metadata":[]}],[{"content":"Champion for Spindle Vibration Analysis program.","tokens":["Champion","for","Spindle","Vibration","Analysis","program."],"metadata":[]}],[{"content":"Train tradesmen to gather Vibe data, analyse trends & recommend repairs.","tokens":["Train","tradesmen","to","gather","Vibe","data,","analyse","trends","&","recommend","repairs."],"metadata":[]}],[{"content":"Implement 5S Methodology in toolroom.","tokens":["Implement","5S","Methodology","in","toolroom."],"metadata":[]}],[{"content":"Performed GP-12 quality inspection in Production Part Approval Process (PPAP).","tokens":["Performed","GP-12","quality","inspection","in","Production","Part","Approval","Process","(PPAP)."],"metadata":[]}],[{"content":"Investigate part failures by studying Electrical, Hydraulic and Pneumatic equipment prints using AutoCAD.","tokens":["Investigate","part","failures","by","studying","Electrical,","Hydraulic","and","Pneumatic","equipment","prints","using","AutoCAD."],"metadata":[]}],[{"content":"Plan and coordinate Maint operations with Production team to minimize equipment downtime and maximize production.","tokens":["Plan","and","coordinate","Maint","operations","with","Production","team","to","minimize","equipment","downtime","and","maximize","production."],"metadata":[]}],[{"content":"Identify new, damaged or obsolete parts in store using ORACLE and coordinate with Purchasing Dept to buy it in.","tokens":["Identify","new,","damaged","or","obsolete","parts","in","store","using","ORACLE","and","coordinate","with","Purchasing","Dept","to","buy","it","in."],"metadata":[]}],[{"content":"Mechanical Intern , 01/2016 to 02/2016 Company Name Fixed design errors considering design parameters of vehicle transmission unit using SolidWorks.","tokens":["Mechanical","Intern",",","01/2016","to","02/2016","Company","Name","Fixed","design","errors","considering","design","parameters","of","vehicle","transmission","unit","using","SolidWorks."],"metadata":[]}],[{"content":"Registered data for processes such as Failure Modes and Effects Analysis (FMEA) and Bill of Materials (BOM).","tokens":["Registered","data","for","processes","such","as","Failure","Modes","and","Effects","Analysis","(FMEA)","and","Bill","of","Materials","(BOM)."],"metadata":[]}],[{"content":"Assisted Continuous Improvement team in reviewing and refining processes to make additional improvements.","tokens":["Assisted","Continuous","Improvement","team","in","reviewing","and","refining","processes","to","make","additional","improvements."],"metadata":[]}],[{"content":"Generated In-depth Root Cause Analysis reports in relation to problems and errors reported by customers.","tokens":["Generated","In-depth","Root","Cause","Analysis","reports","in","relation","to","problems","and","errors","reported","by","customers."],"metadata":[]}],[{"content":"Manufacturing Intern , 01/2015 to 02/2015 Company Name – City Utilised GD&T and Unigraphics NX to identify and fix measurement and design errors.","tokens":["Manufacturing","Intern",",","01/2015","to","02/2015","Company","Name","–","City","Utilised","GD&T","and","Unigraphics","NX","to","identify","and","fix","measurement","and","design","errors."],"metadata":[]}],[{"content":"Analysed models using ANSYS.","tokens":["Analysed","models","using","ANSYS."],"metadata":[]}],[{"content":"Implemented Lean Manufacturing and reduced waste by 5%.","tokens":["Implemented","Lean","Manufacturing","and","reduced","waste","by","5%."],"metadata":[]}],[{"content":"Perform geometric and algebraic calculations on CNC machines.","tokens":["Perform","geometric","and","algebraic","calculations","on","CNC","machines."],"metadata":[]}],[{"content":"Student Team Leader , 05/2018 to 12/2018 Company Name Raised $5,000+ for various student scholarship funds under WMU.","tokens":["Student","Team","Leader",",","05/2018","to","12/2018","Company","Name","Raised","$5,000+","for","various","student","scholarship","funds","under","WMU."],"metadata":[]}],[{"content":"Coached fundraising techniques to 15 Student Ambassadors.","tokens":["Coached","fundraising","techniques","to","15","Student","Ambassadors."],"metadata":[]}],[{"content":"Education Master of Science : Mechanical Engineering , 12/2019 Western Michigan University - City , State GPA: 3.54/4, Product Design: Supervised team of 6 people in building working Catapult model.","tokens":["Education","Master","of","Science",":","Mechanical","Engineering",",","12/2019","Western","Michigan","University","-","City",",","State","GPA:","3.54/4,","Product","Design:","Supervised","team","of","6","people","in","building","working","Catapult","model."],"metadata":[]}],[{"content":"Conducted statistical analysis like Design of","tokens":["Conducted","statistical","analysis","like","Design","of"],"metadata":[]}],[{"content":"Experiments (DOE) and Statistical Process Control (SPC) using JMP software.","tokens":["Experiments","(DOE)","and","Statistical","Process","Control","(SPC)","using","JMP","software."],"metadata":[]}],[{"content":"Developed Product Design Specification","tokens":["Developed","Product","Design","Specification"],"metadata":[]}],[{"content":"(PDS), Quality Function Deployment (QFD), Gantt Chart, Pugh Matrix, and Failure Modes and Effects Analysis (FMEA) Bachelor of Engineering : Automotive Engineering , 06/2017 Dayananda Sagar College of Engineering, Visvesvaraya Technological University - City GPA: 3.4/4 Summary Mechanical Engineering graduate seeking opportunity that will utilize my skills in Mechanical Design, Manufacturing Processes,","tokens":["(PDS),","Quality","Function","Deployment","(QFD),","Gantt","Chart,","Pugh","Matrix,","and","Failure","Modes","and","Effects","Analysis","(FMEA)","Bachelor","of","Engineering",":","Automotive","Engineering",",","06/2017","Dayananda","Sagar","College","of","Engineering,","Visvesvaraya","Technological","University","-","City","GPA:","3.4/4","Summary","Mechanical","Engineering","graduate","seeking","opportunity","that","will","utilize","my","skills","in","Mechanical","Design,","Manufacturing","Processes,"],"metadata":[]}],[{"content":"DOE and Project Management.","tokens":["DOE","and","Project","Management."],"metadata":[]}],[{"content":"Skilled in CAD, GD&T, Analysis & Simulation, Quality Control, Machine Processing & Maintenance Highlights Finite Element Analysis (FEA), Software/Tools: IBM Maximo 7.6, SharePoint, Oracle, 3-D Design for Manufacturability (DFM), Lean Manufacturing, Computer-Aided Design (CAD), Geometric Dimensioning Process Failure Mode and Effects Analysis (PFMEA), CNC and Tolerancing (GD&T), AutoCAD, NX Unigraphics, Catia Machining, Project Management, Design of Exp (DOE), V5, SolidWorks, ANSYS, MathCAD, MATLAB, Minitab, Statistical Data Analysis, Quality Function Deployment, 5S JMP, Pam-Stamp, Microsoft Project, Microsoft Office Suite 3-D, SPC DDesign, Specification ANSYS, Statistical Process Control AutoCAD, Statistical analysis CAD, Transmission Catia, Unigraphics CNC Continuous Improvement Data Analysis Design of EExperiments (DOE) Documentation Fundraising Funds IBM Inspection Lean Manufacturing Machining Materials MathCAD MATLAB Microsoft Office Suite Microsoft Project SharePoint Minitab ORACLE Problem solving Processes Product Design Project Management Purchasing Quality Repairs SolidWorks Skills Finite Element Analysis (FEA), SSoftware/Tools: IBM Maximo 7.6, SharePoint, Oracle, 3-D DDesign for Manufacturability (DFM), Lean Manufacturing, Computer-Aided Design (CAD), Geometric Dimensioning PProcess Failure Mode and Effects Analysis (PFMEA), CNC and Tolerancing (GD&T), AutoCAD, NX Unigraphics, Catia MMachining, Project Management, Design of Exp (DOE), V5, SolidWorks, ANSYS, MathCAD, MATLAB, Minitab, SStatistical Data Analysis, Quality Function Deployment, 5S JMP, Pam-Stamp, Microsoft Project, Microsoft Office Suite, 3-D DDesign, ANSYS, AutoCAD, CAD, Catia, CNC, Continuous Improvement, Data Analysis, Design of EExperiments (DOE), documentation, fundraising, funds, IBM, inspection, Lean Manufacturing, Machining, Materials, MathCAD, MATLAB, Microsoft Office Suite, Microsoft Project, SharePoint, Minitab, ORACLE, problem solving, processes, Product Design, Project Management, Purchasing, Quality, repairs, SolidWorks, SPC, Specification, Statistical Process Control, statistical analysis, transmission, Unigraphics","tokens":["Skilled","in","CAD,","GD&T,","Analysis","&","Simulation,","Quality","Control,","Machine","Processing","&","Maintenance","Highlights","Finite","Element","Analysis","(FEA),","Software/Tools:","IBM","Maximo","7.6,","SharePoint,","Oracle,","3-D","Design","for","Manufacturability","(DFM),","Lean","Manufacturing,","Computer-Aided","Design","(CAD),","Geometric","Dimensioning","Process","Failure","Mode","and","Effects","Analysis","(PFMEA),","CNC","and","Tolerancing","(GD&T),","AutoCAD,","NX","Unigraphics,","Catia","Machining,","Project","Management,","Design","of","Exp","(DOE),","V5,","SolidWorks,","ANSYS,","MathCAD,","MATLAB,","Minitab,","Statistical","Data","Analysis,","Quality","Function","Deployment,","5S","JMP,","Pam-Stamp,","Microsoft","Project,","Microsoft","Office","Suite","3-D,","SPC","DDesign,","Specification","ANSYS,","Statistical","Process","Control","AutoCAD,","Statistical","analysis","CAD,","Transmission","Catia,","Unigraphics","CNC","Continuous","Improvement","Data","Analysis","Design","of","EExperiments","(DOE)","Documentation","Fundraising","Funds","IBM","Inspection","Lean","Manufacturing","Machining","Materials","MathCAD","MATLAB","Microsoft","Office","Suite","Microsoft","Project","SharePoint","Minitab","ORACLE","Problem","solving","Processes","Product","Design","Project","Management","Purchasing","Quality","Repairs","SolidWorks","Skills","Finite","Element","Analysis","(FEA),","SSoftware/Tools:","IBM","Maximo","7.6,","SharePoint,","Oracle,","3-D","DDesign","for","Manufacturability","(DFM),","Lean","Manufacturing,","Computer-Aided","Design","(CAD),","Geometric","Dimensioning","PProcess","Failure","Mode","and","Effects","Analysis","(PFMEA),","CNC","and","Tolerancing","(GD&T),","AutoCAD,","NX","Unigraphics,","Catia","MMachining,","Project","Management,","Design","of","Exp","(DOE),","V5,","SolidWorks,","ANSYS,","MathCAD,","MATLAB,","Minitab,","SStatistical","Data","Analysis,","Quality","Function","Deployment,","5S","JMP,","Pam-Stamp,","Microsoft","Project,","Microsoft","Office","Suite,","3-D","DDesign,","ANSYS,","AutoCAD,","CAD,","Catia,","CNC,","Continuous","Improvement,","Data","Analysis,","Design","of","EExperiments","(DOE),","documentation,","fundraising,","funds,","IBM,","inspection,","Lean","Manufacturing,","Machining,","Materials,","MathCAD,","MATLAB,","Microsoft","Office","Suite,","Microsoft","Project,","SharePoint,","Minitab,","ORACLE,","problem","solving,","processes,","Product","Design,","Project","Management,","Purchasing,","Quality,","repairs,","SolidWorks,","SPC,","Specification,","Statistical","Process","Control,","statistical","analysis,","transmission,","Unigraphics"],"metadata":[]}]],"labelerInfo":{"id":6814,"email":"cwilhel8@jh.edu","displayName":"Chris Wilhelm"},"labelSets":[{"name":"Resume Labels","index":0,"labelItems":[{"id":"Kj5U6n9NUqTXuWcB3c_7L","labelName":"College"},{"id":"rj7TW0-ymuRo6f_asXJab","labelName":"Company Name"},{"id":"SJEkdao76hjwbb6Fh5SY6","labelName":"Job Title"},{"id":"BjO8MdvK2KI4E5iMEeY4B","labelName":"Graduation Year"},{"id":"eS2knCRgLegeRw8bcmSWA","labelName":"Skill"},{"id":"IeEoIKabMl51BJE0gX2YL","labelName":"Degree"},{"id":"1R0C50AAwFbEp2O0WmRv6","labelName":"Location"},{"id":"zQcc4ygexJ_A3Gb0NeRTk","labelName":"Years of Experience"},{"id":"52S_6moRfhjC-yXgIBeCp","labelName":"Date"},{"id":"KiLarWmwlU1E3-FfdG6Qg","labelName":"Project"},{"id":"dyxKKTAxW1z5ifjPj42BI","labelName":"Name"}]}],"spanLabels":[],"arrowLabels":[],"boundingBoxLabels":[],"timeLabels":[],"comments":[],"url":"datasaur://static/6814/f52b4ddd-a532-4e83-b0a2-5ffe1f5e5324.txt"}}
