{"version":"1","data":{"project":{"id":"ODBjYmQ2MDg","name":"NLP SSM Final Project"},"document":{"id":"85f20127-a614-4527-8749-c1cba862bdad","name":"resume_4250_d2.txt"},"kinds":["TOKEN_BASED"],"rows":[[{"content":"RSA Archer Security Engineer RSA Archer Security Engineer RSA Archer Security Engineer - Department of Health and Human Services Ellenwood, GA Information Technology professional with a broad range of skills in governance, risk and compliance.","tokens":["RSA","Archer","Security","Engineer","RSA","Archer","Security","Engineer","RSA","Archer","Security","Engineer","-","Department","of","Health","and","Human","Services","Ellenwood,","GA","Information","Technology","professional","with","a","broad","range","of","skills","in","governance,","risk","and","compliance."],"metadata":[]}],[{"content":"Primarily leveraging the RSA ArcherGRC platform as an application developer, system administrator and information security analyst.","tokens":["Primarily","leveraging","the","RSA","ArcherGRC","platform","as","an","application","developer,","system","administrator","and","information","security","analyst."],"metadata":[]}],[{"content":"Information security governance, metrics reporting, vulnerability and risk management - SQL server implementation, and scripting.","tokens":["Information","security","governance,","metrics","reporting,","vulnerability","and","risk","management","-","SQL","server","implementation,","and","scripting."],"metadata":[]}],[{"content":"Penetration testing, code review, audit support, code review.","tokens":["Penetration","testing,","code","review,","audit","support,","code","review."],"metadata":[]}],[{"content":"Remediation planning, secure software development.","tokens":["Remediation","planning,","secure","software","development."],"metadata":[]}],[{"content":"Technical, non-technical, functional requirements gathering and documentation, Windows server upgrades, application administration in both client-server environments.","tokens":["Technical,","non-technical,","functional","requirements","gathering","and","documentation,","Windows","server","upgrades,","application","administration","in","both","client-server","environments."],"metadata":[]}],[{"content":"Web based application patches, upgrades, implementation, installs, and training.","tokens":["Web","based","application","patches,","upgrades,","implementation,","installs,","and","training."],"metadata":[]}],[{"content":"Moderate understanding of object-oriented languages like C# and Java.","tokens":["Moderate","understanding","of","object-oriented","languages","like","C#","and","Java."],"metadata":[]}],[{"content":"- HISP (Holistic Information Security Practitioner) Certified.","tokens":["-","HISP","(Holistic","Information","Security","Practitioner)","Certified."],"metadata":[]}],[{"content":"Work Experience RSA Archer Security Engineer Department of Health and Human Services - Atlanta, GA June 2019 to Present Provides technical support, in system architecture, system design, system integration and technical management Assists in providing technical input to the systems engineering process.","tokens":["Work","Experience","RSA","Archer","Security","Engineer","Department","of","Health","and","Human","Services","-","Atlanta,","GA","June","2019","to","Present","Provides","technical","support,","in","system","architecture,","system","design,","system","integration","and","technical","management","Assists","in","providing","technical","input","to","the","systems","engineering","process."],"metadata":[]}],[{"content":"Works with teams in developing application and technical plans Assists customers in the installation and use of strategic products through education and guidance, first-rise and tuning assistance problem solving and critical situation resolution Lead Information Security Tech Fiserv - Alpharetta, GA January 2019 to June 2019 Project Software Reviews Software Development Training such as secure development best practices SDLC Security Integration into build, deployment, test, environment management, monitoring and production releases Remediation Planning and Implementation based on Project Software Reviews and findings Audit Support Application Penetration Testing - Scheduling, Exception Review, Issue Management / Review Production Vulnerability Management Oversight Vulnerability Research and Remediation Guidance Oversight for the Secure System Development Life Cycle (SDLC) Lead the Training effort for Secure Code Development Production Environment Change Management Oversight Internal and External Support as required Review Project Content / Requirements as necessary for Security Impacts Interact / Associate with Product Develop & Support Teams for Resolution of Issues Participate in the analysis of Information Security metrics as required Reporting of Security and Resiliency Assurance to Risk and Information Security Leadership Perform Sr RSA Archer SME/Information Security Analyst ManTech International Corporation - Reston, VA July 2017 to March 2018 Served as Software/Application Developer leveraging the RSA Archer platform.","tokens":["Works","with","teams","in","developing","application","and","technical","plans","Assists","customers","in","the","installation","and","use","of","strategic","products","through","education","and","guidance,","first-rise","and","tuning","assistance","problem","solving","and","critical","situation","resolution","Lead","Information","Security","Tech","Fiserv","-","Alpharetta,","GA","January","2019","to","June","2019","Project","Software","Reviews","Software","Development","Training","such","as","secure","development","best","practices","SDLC","Security","Integration","into","build,","deployment,","test,","environment","management,","monitoring","and","production","releases","Remediation","Planning","and","Implementation","based","on","Project","Software","Reviews","and","findings","Audit","Support","Application","Penetration","Testing","-","Scheduling,","Exception","Review,","Issue","Management","/","Review","Production","Vulnerability","Management","Oversight","Vulnerability","Research","and","Remediation","Guidance","Oversight","for","the","Secure","System","Development","Life","Cycle","(SDLC)","Lead","the","Training","effort","for","Secure","Code","Development","Production","Environment","Change","Management","Oversight","Internal","and","External","Support","as","required","Review","Project","Content","/","Requirements","as","necessary","for","Security","Impacts","Interact","/","Associate","with","Product","Develop","&","Support","Teams","for","Resolution","of","Issues","Participate","in","the","analysis","of","Information","Security","metrics","as","required","Reporting","of","Security","and","Resiliency","Assurance","to","Risk","and","Information","Security","Leadership","Perform","Sr","RSA","Archer","SME/Information","Security","Analyst","ManTech","International","Corporation","-","Reston,","VA","July","2017","to","March","2018","Served","as","Software/Application","Developer","leveraging","the","RSA","Archer","platform."],"metadata":[]}],[{"content":"Integrated disparate software applications through API function calls.","tokens":["Integrated","disparate","software","applications","through","API","function","calls."],"metadata":[]}],[{"content":"Identified, assessed, and evaluated moderately complex product/service solutions.","tokens":["Identified,","assessed,","and","evaluated","moderately","complex","product/service","solutions."],"metadata":[]}],[{"content":"Coordinated resolution of product/service issues, upgrades, and problems.","tokens":["Coordinated","resolution","of","product/service","issues,","upgrades,","and","problems."],"metadata":[]}],[{"content":"Interacted with management to assess major business processes and address product/service needs.","tokens":["Interacted","with","management","to","assess","major","business","processes","and","address","product/service","needs."],"metadata":[]}],[{"content":"Developed and delivered presentations to customer leadership.","tokens":["Developed","and","delivered","presentations","to","customer","leadership."],"metadata":[]}],[{"content":"Designed, developed, enhanced, debugged, and implemented software.","tokens":["Designed,","developed,","enhanced,","debugged,","and","implemented","software."],"metadata":[]}],[{"content":"Troubleshooting production problems related to software applications.","tokens":["Troubleshooting","production","problems","related","to","software","applications."],"metadata":[]}],[{"content":"Researched, tested, built, and coordinated the conversion and/or integration of new modules.","tokens":["Researched,","tested,","built,","and","coordinated","the","conversion","and/or","integration","of","new","modules."],"metadata":[]}],[{"content":"Designed and developed new software products or major enhancements to existing software.","tokens":["Designed","and","developed","new","software","products","or","major","enhancements","to","existing","software."],"metadata":[]}],[{"content":"Addressed problems of system integration, compatibility, and multiple platforms.","tokens":["Addressed","problems","of","system","integration,","compatibility,","and","multiple","platforms."],"metadata":[]}],[{"content":"Consulted with end users to identify application requirements.","tokens":["Consulted","with","end","users","to","identify","application","requirements."],"metadata":[]}],[{"content":"Performed feasibility analyses on potential future projects.","tokens":["Performed","feasibility","analyses","on","potential","future","projects."],"metadata":[]}],[{"content":"Guided team on remediation of vulnerabilities based on alerts received Consolidated and conducted comprehensive analysis of threat data obtained from various sources Resolved problems with software and responded to suggestions for improvement and enhancement.","tokens":["Guided","team","on","remediation","of","vulnerabilities","based","on","alerts","received","Consolidated","and","conducted","comprehensive","analysis","of","threat","data","obtained","from","various","sources","Resolved","problems","with","software","and","responded","to","suggestions","for","improvement","and","enhancement."],"metadata":[]}],[{"content":"Participated in development of software user manuals.","tokens":["Participated","in","development","of","software","user","manuals."],"metadata":[]}],[{"content":"Sr RSA Archer SME/Information Security Analyst Elavon Headquarters - Atlanta, GA June 2016 to June 2017 Provided technical expertise in development and ongoing support of program management functions within the Information Security team.","tokens":["Sr","RSA","Archer","SME/Information","Security","Analyst","Elavon","Headquarters","-","Atlanta,","GA","June","2016","to","June","2017","Provided","technical","expertise","in","development","and","ongoing","support","of","program","management","functions","within","the","Information","Security","team."],"metadata":[]}],[{"content":"Led enterprise-wide definition, establishment, maintenance, and reporting of metrics related to Information Security infrastructure, applications, and processes.","tokens":["Led","enterprise-wide","definition,","establishment,","maintenance,","and","reporting","of","metrics","related","to","Information","Security","infrastructure,","applications,","and","processes."],"metadata":[]}],[{"content":"Provided support to Information Security team members in governance functions such as finance and procurement management, SLA monitoring and reporting, and remediation management.","tokens":["Provided","support","to","Information","Security","team","members","in","governance","functions","such","as","finance","and","procurement","management,","SLA","monitoring","and","reporting,","and","remediation","management."],"metadata":[]}],[{"content":"Reviewed, developed, tested, and implemented security process and control documentation.","tokens":["Reviewed,","developed,","tested,","and","implemented","security","process","and","control","documentation."],"metadata":[]}],[{"content":"Provided material support, tracking, and reporting for Information Security awareness and communications initiatives.","tokens":["Provided","material","support,","tracking,","and","reporting","for","Information","Security","awareness","and","communications","initiatives."],"metadata":[]}],[{"content":"Guided teams to take necessary actions on security incidents, based on metrics reporting and business governance initiatives Performed advanced analysis of potential malicious activities on customer network Consolidated and conducted comprehensive analysis of threat data obtained from vulnerability scan results Guided team on remediation of vulnerabilities based on vulnerability scan results and alerts received Gave feedback to SIRT team and other process owners based on non-compliance metrics and how to remediate based on control standards and business unit governance initiatives Analyzed logs with SIRT team, to identify attack trends, targeting and timing of potentially malicious activity Archer Administrator/Developer providing expertise in support of Archer eGRC initiatives.","tokens":["Guided","teams","to","take","necessary","actions","on","security","incidents,","based","on","metrics","reporting","and","business","governance","initiatives","Performed","advanced","analysis","of","potential","malicious","activities","on","customer","network","Consolidated","and","conducted","comprehensive","analysis","of","threat","data","obtained","from","vulnerability","scan","results","Guided","team","on","remediation","of","vulnerabilities","based","on","vulnerability","scan","results","and","alerts","received","Gave","feedback","to","SIRT","team","and","other","process","owners","based","on","non-compliance","metrics","and","how","to","remediate","based","on","control","standards","and","business","unit","governance","initiatives","Analyzed","logs","with","SIRT","team,","to","identify","attack","trends,","targeting","and","timing","of","potentially","malicious","activity","Archer","Administrator/Developer","providing","expertise","in","support","of","Archer","eGRC","initiatives."],"metadata":[]}],[{"content":"Developed core and on demand applications, like the Front Door process for requesting evidence of compliance.","tokens":["Developed","core","and","on","demand","applications,","like","the","Front","Door","process","for","requesting","evidence","of","compliance."],"metadata":[]}],[{"content":"Created data feeds for the company's comply once, comply many initiative to disparate Archer applications.","tokens":["Created","data","feeds","for","the","company's","comply","once,","comply","many","initiative","to","disparate","Archer","applications."],"metadata":[]}],[{"content":"Upgraded platform from 5.5 to 6.1.","tokens":["Upgraded","platform","from","5.5","to","6.1."],"metadata":[]}],[{"content":"Created workflow notifications.","tokens":["Created","workflow","notifications."],"metadata":[]}],[{"content":"Provided access control.","tokens":["Provided","access","control."],"metadata":[]}],[{"content":"Created data feeds to automate metrics reporting.","tokens":["Created","data","feeds","to","automate","metrics","reporting."],"metadata":[]}],[{"content":"Integration Services System Architect-Contractor Diligent eSecurity Headquarters - Atlanta, GA May 2016 to June 2016 Worked with teams to develop the organization's IT GRC capabilities through development of the RSA Archer solution.","tokens":["Integration","Services","System","Architect-Contractor","Diligent","eSecurity","Headquarters","-","Atlanta,","GA","May","2016","to","June","2016","Worked","with","teams","to","develop","the","organization's","IT","GRC","capabilities","through","development","of","the","RSA","Archer","solution."],"metadata":[]}],[{"content":"Worked with teams to produce accurate key operational metrics for IT assessments.","tokens":["Worked","with","teams","to","produce","accurate","key","operational","metrics","for","IT","assessments."],"metadata":[]}],[{"content":"Supplied recommendations and subject matter expertise for the development of the Archer platform.","tokens":["Supplied","recommendations","and","subject","matter","expertise","for","the","development","of","the","Archer","platform."],"metadata":[]}],[{"content":"Oversaw and integrated multiple data feeds into the Archer platform.","tokens":["Oversaw","and","integrated","multiple","data","feeds","into","the","Archer","platform."],"metadata":[]}],[{"content":"Provided guidance on implementing IT compliance control objectives through the Archer tool.","tokens":["Provided","guidance","on","implementing","IT","compliance","control","objectives","through","the","Archer","tool."],"metadata":[]}],[{"content":"Solved complex Archer Integration challenges.","tokens":["Solved","complex","Archer","Integration","challenges."],"metadata":[]}],[{"content":"Debugged complex Archer configuration issues.","tokens":["Debugged","complex","Archer","configuration","issues."],"metadata":[]}],[{"content":"Designed and built Archer apps from ground-up for Archer to interact with third-party security tools.","tokens":["Designed","and","built","Archer","apps","from","ground-up","for","Archer","to","interact","with","third-party","security","tools."],"metadata":[]}],[{"content":"Guided team on remediation of vulnerabilities based on vulnerability scan results and alerts received Security Consultant IV-Contractor Elavon Headquarters - Atlanta, GA February 2016 to March 2016 Provided consultative, InfoSec technical knowledge and analytical support and leadership on Information Security industry trends, standards, best practices, concepts solutions and large projects.","tokens":["Guided","team","on","remediation","of","vulnerabilities","based","on","vulnerability","scan","results","and","alerts","received","Security","Consultant","IV-Contractor","Elavon","Headquarters","-","Atlanta,","GA","February","2016","to","March","2016","Provided","consultative,","InfoSec","technical","knowledge","and","analytical","support","and","leadership","on","Information","Security","industry","trends,","standards,","best","practices,","concepts","solutions","and","large","projects."],"metadata":[]}],[{"content":"Provided support and guidance based on experiences in the areas of Information Security evidence, auditing, governance, and compliance, policy development, and project management, and coordination.","tokens":["Provided","support","and","guidance","based","on","experiences","in","the","areas","of","Information","Security","evidence,","auditing,","governance,","and","compliance,","policy","development,","and","project","management,","and","coordination."],"metadata":[]}],[{"content":"Security expert around evidence collection, governance, auditing, and organization of evidence used in Governance, Risk, and Compliance - like PCI, ISO, SOX, etc. Worked with other security professionals collecting evidence and understanding what the evidence was so it could be organized.","tokens":["Security","expert","around","evidence","collection,","governance,","auditing,","and","organization","of","evidence","used","in","Governance,","Risk,","and","Compliance","-","like","PCI,","ISO,","SOX,","etc.","Worked","with","other","security","professionals","collecting","evidence","and","understanding","what","the","evidence","was","so","it","could","be","organized."],"metadata":[]}],[{"content":"Assisted the Information Security department in providing for the safekeeping and integrity of company information around evidence collected for Information Security assessments.","tokens":["Assisted","the","Information","Security","department","in","providing","for","the","safekeeping","and","integrity","of","company","information","around","evidence","collected","for","Information","Security","assessments."],"metadata":[]}],[{"content":"In-depth understanding of the RSA-Archer GRC tool and setting up evidence in that tool.","tokens":["In-depth","understanding","of","the","RSA-Archer","GRC","tool","and","setting","up","evidence","in","that","tool."],"metadata":[]}],[{"content":"IT Information Security Analyst - Contractor First Data Headquarters - Atlanta, GA July 2015 to November 2015 Experience with IT Risk Management organization utilizing Archer eGRC.","tokens":["IT","Information","Security","Analyst","-","Contractor","First","Data","Headquarters","-","Atlanta,","GA","July","2015","to","November","2015","Experience","with","IT","Risk","Management","organization","utilizing","Archer","eGRC."],"metadata":[]}],[{"content":"Experience understanding findings, weekly reporting, and identifying opportunities to automate through development.","tokens":["Experience","understanding","findings,","weekly","reporting,","and","identifying","opportunities","to","automate","through","development."],"metadata":[]}],[{"content":"Process improvement, issue management, and overall operations support.","tokens":["Process","improvement,","issue","management,","and","overall","operations","support."],"metadata":[]}],[{"content":"Designed, integrated, implemented, and supported information security risk management processes and solutions at First Data.","tokens":["Designed,","integrated,","implemented,","and","supported","information","security","risk","management","processes","and","solutions","at","First","Data."],"metadata":[]}],[{"content":"Responsible for holding key stakeholders accountable for the timeliness of completion and the quality of information pertaining to the risk throughout the risk management process, generating risk reporting and dashboards, ensuring information security risks were documented and managed to standards within Archer, and supporting internal and external program audits.","tokens":["Responsible","for","holding","key","stakeholders","accountable","for","the","timeliness","of","completion","and","the","quality","of","information","pertaining","to","the","risk","throughout","the","risk","management","process,","generating","risk","reporting","and","dashboards,","ensuring","information","security","risks","were","documented","and","managed","to","standards","within","Archer,","and","supporting","internal","and","external","program","audits."],"metadata":[]}],[{"content":"Helped to facilitate stakeholder decisions based on risk data and seen as a constructive engager, leveraging business and technical engagement skills appropriately.","tokens":["Helped","to","facilitate","stakeholder","decisions","based","on","risk","data","and","seen","as","a","constructive","engager,","leveraging","business","and","technical","engagement","skills","appropriately."],"metadata":[]}],[{"content":"Maintained integrity and confidentiality of client information by ensuring appropriate standards were in compliance with department standards and procedures.","tokens":["Maintained","integrity","and","confidentiality","of","client","information","by","ensuring","appropriate","standards","were","in","compliance","with","department","standards","and","procedures."],"metadata":[]}],[{"content":"Maintained the information security environment and reported security violations.","tokens":["Maintained","the","information","security","environment","and","reported","security","violations."],"metadata":[]}],[{"content":"Expert in information security technology systems.","tokens":["Expert","in","information","security","technology","systems."],"metadata":[]}],[{"content":"Moderate projects and tasks.","tokens":["Moderate","projects","and","tasks."],"metadata":[]}],[{"content":"Sr Application Support Analyst/RSA Archer SME Travelport Headquarters - Atlanta, GA July 2012 to June 2015 Worked on a day-to-day basis to support the strategic aims of the Risk Group and other user areas in the GRC software roll-out across Travelport as our holistic, integrated implementation of the RSA Archer product.","tokens":["Sr","Application","Support","Analyst/RSA","Archer","SME","Travelport","Headquarters","-","Atlanta,","GA","July","2012","to","June","2015","Worked","on","a","day-to-day","basis","to","support","the","strategic","aims","of","the","Risk","Group","and","other","user","areas","in","the","GRC","software","roll-out","across","Travelport","as","our","holistic,","integrated","implementation","of","the","RSA","Archer","product."],"metadata":[]}],[{"content":"Primary manager of the database including framework design and construction, using C#, file and string association construction and QA management.","tokens":["Primary","manager","of","the","database","including","framework","design","and","construction,","using","C#,","file","and","string","association","construction","and","QA","management."],"metadata":[]}],[{"content":"Performed the application security functions including adding, modifying and disabling user accounts, and performing periodic access recertification reviews.","tokens":["Performed","the","application","security","functions","including","adding,","modifying","and","disabling","user","accounts,","and","performing","periodic","access","recertification","reviews."],"metadata":[]}],[{"content":"Provided first-level support to all users in relation to connectivity and application issues.","tokens":["Provided","first-level","support","to","all","users","in","relation","to","connectivity","and","application","issues."],"metadata":[]}],[{"content":"Interfaced with Travelport's Technical Operations Department to resolve any infrastructure or application issues.","tokens":["Interfaced","with","Travelport's","Technical","Operations","Department","to","resolve","any","infrastructure","or","application","issues."],"metadata":[]}],[{"content":"Created new reports and/or enhanced existing reports to meet management's reporting requirements (Cognos Report Writer).","tokens":["Created","new","reports","and/or","enhanced","existing","reports","to","meet","management's","reporting","requirements","(Cognos","Report","Writer)."],"metadata":[]}],[{"content":"Acted as liaison with GRC and Travelport's Technical Operations Departments on all new releases, both patches and functionality upgrades, tested all patches and enhancements based on management's functionality requirements and deployed releases in a controlled manner.","tokens":["Acted","as","liaison","with","GRC","and","Travelport's","Technical","Operations","Departments","on","all","new","releases,","both","patches","and","functionality","upgrades,","tested","all","patches","and","enhancements","based","on","management's","functionality","requirements","and","deployed","releases","in","a","controlled","manner."],"metadata":[]}],[{"content":"Provided GRC training to the risk management/business community and advisors through a number of mediums including onsite training and the use of web training.","tokens":["Provided","GRC","training","to","the","risk","management/business","community","and","advisors","through","a","number","of","mediums","including","onsite","training","and","the","use","of","web","training."],"metadata":[]}],[{"content":"Assisted the members of Travelport Business Solutions in their day-to-day activities.","tokens":["Assisted","the","members","of","Travelport","Business","Solutions","in","their","day-to-day","activities."],"metadata":[]}],[{"content":"Participated in regression testing where required in support of change management activities.","tokens":["Participated","in","regression","testing","where","required","in","support","of","change","management","activities."],"metadata":[]}],[{"content":"Any other duties required.","tokens":["Any","other","duties","required."],"metadata":[]}],[{"content":"Built the GRC platform from the ground up, IIS 7.0 web services and Windows Server 2008 R2.","tokens":["Built","the","GRC","platform","from","the","ground","up,","IIS","7.0","web","services","and","Windows","Server","2008","R2."],"metadata":[]}],[{"content":"Worked with Archer GRC, Windows Server 2008, SQL Server 2005, IIS 7.0 web services, C#","tokens":["Worked","with","Archer","GRC,","Windows","Server","2008,","SQL","Server","2005,","IIS","7.0","web","services,","C#"],"metadata":[]}],[{"content":"Net, OpenText eDOCs 5.3.1, Workshare Compare, HTML, XML, JavaScript.","tokens":["Net,","OpenText","eDOCs","5.3.1,","Workshare","Compare,","HTML,","XML,","JavaScript."],"metadata":[]}],[{"content":"Developed in C#","tokens":["Developed","in","C#"],"metadata":[]}],[{"content":"Net based ArcherGRC platform.","tokens":["Net","based","ArcherGRC","platform."],"metadata":[]}],[{"content":"Senior Application Support Analyst TMX Finance - Alpharetta, GA September 2011 to May 2012 Acted as the liaison between infrastructure and development, from an application knowledge and support perspective.","tokens":["Senior","Application","Support","Analyst","TMX","Finance","-","Alpharetta,","GA","September","2011","to","May","2012","Acted","as","the","liaison","between","infrastructure","and","development,","from","an","application","knowledge","and","support","perspective."],"metadata":[]}],[{"content":"Tier 2 support including application issue and problem capture, triage, escalation, and resolution.","tokens":["Tier","2","support","including","application","issue","and","problem","capture,","triage,","escalation,","and","resolution."],"metadata":[]}],[{"content":"Maintained current systems operation and architectural documentation.","tokens":["Maintained","current","systems","operation","and","architectural","documentation."],"metadata":[]}],[{"content":"Production system testing and troubleshooting to resolve application issues quickly.","tokens":["Production","system","testing","and","troubleshooting","to","resolve","application","issues","quickly."],"metadata":[]}],[{"content":"Knowledge transfer and training of existing support team.","tokens":["Knowledge","transfer","and","training","of","existing","support","team."],"metadata":[]}],[{"content":"Made recommendations on process and procedure improvement.","tokens":["Made","recommendations","on","process","and","procedure","improvement."],"metadata":[]}],[{"content":"ASP","tokens":["ASP"],"metadata":[]}],[{"content":"NET Analyst/Programmer III - Contractor UPS/Adecco - Atlanta, GA January 2011 to May 2011 Assisted the Web Development Manager on requirement documents and technical design.","tokens":["NET","Analyst/Programmer","III","-","Contractor","UPS/Adecco","-","Atlanta,","GA","January","2011","to","May","2011","Assisted","the","Web","Development","Manager","on","requirement","documents","and","technical","design."],"metadata":[]}],[{"content":"Developed 3-tiered web applications as indicated in requirement documents.","tokens":["Developed","3-tiered","web","applications","as","indicated","in","requirement","documents."],"metadata":[]}],[{"content":"Created deployment packages and procedures for both test and production environments.","tokens":["Created","deployment","packages","and","procedures","for","both","test","and","production","environments."],"metadata":[]}],[{"content":"Worked with third-level support resources on any reported solution issues.","tokens":["Worked","with","third-level","support","resources","on","any","reported","solution","issues."],"metadata":[]}],[{"content":"Followed the application SDLC to complete assigned projects.","tokens":["Followed","the","application","SDLC","to","complete","assigned","projects."],"metadata":[]}],[{"content":"Provided QA analysis, via black box, white box, and regression testing, developed using C# to create Unit testing to validate developer code, analysis, design, coding implementation, support.","tokens":["Provided","QA","analysis,","via","black","box,","white","box,","and","regression","testing,","developed","using","C#","to","create","Unit","testing","to","validate","developer","code,","analysis,","design,","coding","implementation,","support."],"metadata":[]}],[{"content":"Worked with C#, JavaScript, HTML, CSS, JQuery, XML.","tokens":["Worked","with","C#,","JavaScript,","HTML,","CSS,","JQuery,","XML."],"metadata":[]}],[{"content":"Worked with SQL Server 2008, Visual Studio 2010, ASP","tokens":["Worked","with","SQL","Server","2008,","Visual","Studio","2010,","ASP"],"metadata":[]}],[{"content":"NET 4.0, ASP","tokens":["NET","4.0,","ASP"],"metadata":[]}],[{"content":"NET MVC 3.","tokens":["NET","MVC","3."],"metadata":[]}],[{"content":"Sr Production Support Specialist/Application Support Analyst Alere - Atlanta, GA July 2008 to January 2011 Provided 2nd and 3rd-tier support for the organization's web-based applications.","tokens":["Sr","Production","Support","Specialist/Application","Support","Analyst","Alere","-","Atlanta,","GA","July","2008","to","January","2011","Provided","2nd","and","3rd-tier","support","for","the","organization's","web-based","applications."],"metadata":[]}],[{"content":"Triaged tickets to determine severity of issues, tracking bug fixes in Test Director.","tokens":["Triaged","tickets","to","determine","severity","of","issues,","tracking","bug","fixes","in","Test","Director."],"metadata":[]}],[{"content":"Assisted senior staff and other IT personnel to identify scope of issues and recommended best practices to prevent further occurrences.","tokens":["Assisted","senior","staff","and","other","IT","personnel","to","identify","scope","of","issues","and","recommended","best","practices","to","prevent","further","occurrences."],"metadata":[]}],[{"content":"Implemented and tested new and existing web-based applications to ensure SLAs were met.","tokens":["Implemented","and","tested","new","and","existing","web-based","applications","to","ensure","SLAs","were","met."],"metadata":[]}],[{"content":"Participated in 24/7 rotating on-call schedule and backed up team manager in running the weekly change management process.","tokens":["Participated","in","24/7","rotating","on-call","schedule","and","backed","up","team","manager","in","running","the","weekly","change","management","process."],"metadata":[]}],[{"content":"Involved in the testing and implementation phases of SDLC to the UAT and Production environments.","tokens":["Involved","in","the","testing","and","implementation","phases","of","SDLC","to","the","UAT","and","Production","environments."],"metadata":[]}],[{"content":"Provided documentation and created service guide for applications supported.","tokens":["Provided","documentation","and","created","service","guide","for","applications","supported."],"metadata":[]}],[{"content":"Implemented, installed web application software bugs, fixes and enhancements via web services such as IIS 6.0, WebSphere., configured and supported web.config, asp.net, recreated issue to root cause.","tokens":["Implemented,","installed","web","application","software","bugs,","fixes","and","enhancements","via","web","services","such","as","IIS","6.0,","WebSphere.,","configured","and","supported","web.config,","asp.net,","recreated","issue","to","root","cause."],"metadata":[]}],[{"content":"Also worked with Windows Server 2003, Windows Server 2008, SQL Server 2005, deploying and patching using F5's SCCM software, F5 Load Balancer, Cisco VPN services, patching and deployments using Windows Installer MSI packaging tool.","tokens":["Also","worked","with","Windows","Server","2003,","Windows","Server","2008,","SQL","Server","2005,","deploying","and","patching","using","F5's","SCCM","software,","F5","Load","Balancer,","Cisco","VPN","services,","patching","and","deployments","using","Windows","Installer","MSI","packaging","tool."],"metadata":[]}],[{"content":"Education M.I.S., Computer Information Systems, Software Engineering Strayer University - Morrow, GA 2012 B.S. in Computer Information Technology American Intercontinental University - Atlanta, GA 2003 Skills Iis, Security, Web portal, Websphere, Cobit, Iso, Iso 27000, Nist, Nmap, Pci, Sox, Splunk, Wireshark, Database, Microsoft access, Sql server, Sql, Visual studio, Application software, Visio, Siem, Cyber Security, Information Security","tokens":["Education","M.I.S.,","Computer","Information","Systems,","Software","Engineering","Strayer","University","-","Morrow,","GA","2012","B.S.","in","Computer","Information","Technology","American","Intercontinental","University","-","Atlanta,","GA","2003","Skills","Iis,","Security,","Web","portal,","Websphere,","Cobit,","Iso,","Iso","27000,","Nist,","Nmap,","Pci,","Sox,","Splunk,","Wireshark,","Database,","Microsoft","access,","Sql","server,","Sql,","Visual","studio,","Application","software,","Visio,","Siem,","Cyber","Security,","Information","Security"],"metadata":[]}]],"labelerInfo":{"id":6814,"email":"cwilhel8@jh.edu","displayName":"Chris Wilhelm"},"labelSets":[{"name":"Resume Labels","index":0,"labelItems":[{"id":"Kj5U6n9NUqTXuWcB3c_7L","labelName":"College"},{"id":"rj7TW0-ymuRo6f_asXJab","labelName":"Company Name"},{"id":"SJEkdao76hjwbb6Fh5SY6","labelName":"Job Title"},{"id":"BjO8MdvK2KI4E5iMEeY4B","labelName":"Graduation Year"},{"id":"eS2knCRgLegeRw8bcmSWA","labelName":"Skill"},{"id":"IeEoIKabMl51BJE0gX2YL","labelName":"Degree"},{"id":"1R0C50AAwFbEp2O0WmRv6","labelName":"Location"},{"id":"zQcc4ygexJ_A3Gb0NeRTk","labelName":"Years of Experience"},{"id":"52S_6moRfhjC-yXgIBeCp","labelName":"Date"},{"id":"KiLarWmwlU1E3-FfdG6Qg","labelName":"Project"},{"id":"dyxKKTAxW1z5ifjPj42BI","labelName":"Name"}]}],"spanLabels":[],"arrowLabels":[],"boundingBoxLabels":[],"timeLabels":[],"comments":[],"url":"datasaur://static/6814/85f20127-a614-4527-8749-c1cba862bdad.txt"}}
