{"version":"1","data":{"project":{"id":"ODBjYmQ2MDg","name":"NLP SSM Final Project"},"document":{"id":"3b9f38da-4875-46de-b561-e7a499f4708b","name":"resume_2294_d1.txt"},"kinds":["TOKEN_BASED"],"rows":[[{"content":"LANDSCAPE TECHNICIAN Professional Profile Diligent and driven banking professional who has achieved success in a variety of roles with increasing levels of responsibility.","tokens":["LANDSCAPE","TECHNICIAN","Professional","Profile","Diligent","and","driven","banking","professional","who","has","achieved","success","in","a","variety","of","roles","with","increasing","levels","of","responsibility."],"metadata":[]}],[{"content":"An effective communicator and team-builder with strong analytical, management and organizational skills.","tokens":["An","effective","communicator","and","team-builder","with","strong","analytical,","management","and","organizational","skills."],"metadata":[]}],[{"content":"Highlights Analytical Detail-oriented Excellent communication skills Strong work ethic Risk management expertise Excellent time management skills Exceptional customer service MS Office proficient Experience 07/2015 - Current Company Name － City , State Loss Prevention/ BSA Analyst","tokens":["Highlights","Analytical","Detail-oriented","Excellent","communication","skills","Strong","work","ethic","Risk","management","expertise","Excellent","time","management","skills","Exceptional","customer","service","MS","Office","proficient","Experience","07/2015","-","Current","Company","Name","－","City",",","State","Loss","Prevention/","BSA","Analyst"],"metadata":[]}],[{"content":"Evaluate current fraud","tokens":["Evaluate","current","fraud"],"metadata":[]}],[{"content":"situations and formulate recommendations to reduce in the future Use anti-money laundering","tokens":["situations","and","formulate","recommendations","to","reduce","in","the","future","Use","anti-money","laundering"],"metadata":[]}],[{"content":"(AML) software to review members' activity for money laundering and other","tokens":["(AML)","software","to","review","members'","activity","for","money","laundering","and","other"],"metadata":[]}],[{"content":"suspicious activity.","tokens":["suspicious","activity."],"metadata":[]}],[{"content":"Review structuring","tokens":["Review","structuring"],"metadata":[]}],[{"content":"reports if software is not functional.","tokens":["reports","if","software","is","not","functional."],"metadata":[]}],[{"content":"Work cases and alerts","tokens":["Work","cases","and","alerts"],"metadata":[]}],[{"content":"generated by software, documenting conclusions reached and actions taken.","tokens":["generated","by","software,","documenting","conclusions","reached","and","actions","taken."],"metadata":[]}],[{"content":"Review member accounts to","tokens":["Review","member","accounts","to"],"metadata":[]}],[{"content":"determine those posing higher risk.","tokens":["determine","those","posing","higher","risk."],"metadata":[]}],[{"content":"Obtain and evaluate EDD forms and information.","tokens":["Obtain","and","evaluate","EDD","forms","and","information."],"metadata":[]}],[{"content":"File Suspicious Activity","tokens":["File","Suspicious","Activity"],"metadata":[]}],[{"content":"Reports (SARs) as necessary.","tokens":["Reports","(SARs)","as","necessary."],"metadata":[]}],[{"content":"Provide effective written","tokens":["Provide","effective","written"],"metadata":[]}],[{"content":"and oral communication with members concerning extended holds, or possible","tokens":["and","oral","communication","with","members","concerning","extended","holds,","or","possible"],"metadata":[]}],[{"content":"fraudulent transactions, or other security measures taken.","tokens":["fraudulent","transactions,","or","other","security","measures","taken."],"metadata":[]}],[{"content":"Document all actions","tokens":["Document","all","actions"],"metadata":[]}],[{"content":"accurately and timely.","tokens":["accurately","and","timely."],"metadata":[]}],[{"content":"Work with Fraud and","tokens":["Work","with","Fraud","and"],"metadata":[]}],[{"content":"Security Managers in investigations and recoveries; with Operations (when","tokens":["Security","Managers","in","investigations","and","recoveries;","with","Operations","(when"],"metadata":[]}],[{"content":"necessary) to ensure fraud is limited/prevented; with other financial","tokens":["necessary)","to","ensure","fraud","is","limited/prevented;","with","other","financial"],"metadata":[]}],[{"content":"institutions and merchants to process fraud claims","tokens":["institutions","and","merchants","to","process","fraud","claims"],"metadata":[]}],[{"content":"04/2014 - 07/2015 Company Name － City , State Branch Representative Provided superior member service in the Retail branch, answering/ resolving member questions, and discrepancies; performed and processed transactions on sales side of branch- i.e. membership/ loan applications; resolving account related issues; and all cash-related responsibilities related to the service side Achieved assigned cross-selling and performance goals by proactively offering appropriate products and services to each member to ensure Credit Union's growth goals Developed and maintained a strong working knowledge of PFFCU products and services, as well as all policies and procedures associated with entire branch in order to ensure operational effectiveness Produced work that is thorough and completed with minimal errors, delivered the highest level of service by ensuring all member information is secured and protected Maintained a superior volume level of work performed; adhered to all PFFCU policies and procedures 11/2011 - 10/2013 Company Name － City , State Operations Supervisor Oversaw and supported the day-to-day department production activities which included cross training, control, and audit activities, production, and quality control to achieve targeted business goals / objectives.","tokens":["04/2014","-","07/2015","Company","Name","－","City",",","State","Branch","Representative","Provided","superior","member","service","in","the","Retail","branch,","answering/","resolving","member","questions,","and","discrepancies;","performed","and","processed","transactions","on","sales","side","of","branch-","i.e.","membership/","loan","applications;","resolving","account","related","issues;","and","all","cash-related","responsibilities","related","to","the","service","side","Achieved","assigned","cross-selling","and","performance","goals","by","proactively","offering","appropriate","products","and","services","to","each","member","to","ensure","Credit","Union's","growth","goals","Developed","and","maintained","a","strong","working","knowledge","of","PFFCU","products","and","services,","as","well","as","all","policies","and","procedures","associated","with","entire","branch","in","order","to","ensure","operational","effectiveness","Produced","work","that","is","thorough","and","completed","with","minimal","errors,","delivered","the","highest","level","of","service","by","ensuring","all","member","information","is","secured","and","protected","Maintained","a","superior","volume","level","of","work","performed;","adhered","to","all","PFFCU","policies","and","procedures","11/2011","-","10/2013","Company","Name","－","City",",","State","Operations","Supervisor","Oversaw","and","supported","the","day-to-day","department","production","activities","which","included","cross","training,","control,","and","audit","activities,","production,","and","quality","control","to","achieve","targeted","business","goals","/","objectives."],"metadata":[]}],[{"content":"Facilitated departmental workflow, ensured work was properly safeguarded and controlled in accordance with banking policies and procedures; identified, minimized and escalated risk where appropriate.","tokens":["Facilitated","departmental","workflow,","ensured","work","was","properly","safeguarded","and","controlled","in","accordance","with","banking","policies","and","procedures;","identified,","minimized","and","escalated","risk","where","appropriate."],"metadata":[]}],[{"content":"Ensured work adhered to regulations and compliance to CFG policies, departmental policies, risk avoidance standards and SLAs; contributed to the improvement of the customer experience.","tokens":["Ensured","work","adhered","to","regulations","and","compliance","to","CFG","policies,","departmental","policies,","risk","avoidance","standards","and","SLAs;","contributed","to","the","improvement","of","the","customer","experience."],"metadata":[]}],[{"content":"Tracked and reported key department metrics to include productivity (group / team), large dollar items, general ledger errors, teller errors, customer impact and service level agreements.","tokens":["Tracked","and","reported","key","department","metrics","to","include","productivity","(group","/","team),","large","dollar","items,","general","ledger","errors,","teller","errors,","customer","impact","and","service","level","agreements."],"metadata":[]}],[{"content":"Reporting demonstrated team's operational effectiveness and efficiency to Retail and Corporate units.","tokens":["Reporting","demonstrated","team's","operational","effectiveness","and","efficiency","to","Retail","and","Corporate","units."],"metadata":[]}],[{"content":"Recorded passing audits, 90% customer service, and SLAs met for 5 consecutive years by providing guidance, training and leadership to 12 junior team members who achieved individual / department goals.","tokens":["Recorded","passing","audits,","90%","customer","service,","and","SLAs","met","for","5","consecutive","years","by","providing","guidance,","training","and","leadership","to","12","junior","team","members","who","achieved","individual","/","department","goals."],"metadata":[]}],[{"content":"Provided input in the performance review process; motivated, incented, and rewarded desired behaviors to the team by providing feedback and utilizing available reward and recognition programs.","tokens":["Provided","input","in","the","performance","review","process;","motivated,","incented,","and","rewarded","desired","behaviors","to","the","team","by","providing","feedback","and","utilizing","available","reward","and","recognition","programs."],"metadata":[]}],[{"content":"02/2008 - 11/2011 Company Name － City , State Senior Operations Associate Provided oversight, monitoring, and decision making of the workflow for a team of Operational researchers in a fast paced environment requiring application of various complex methods, procedures and knowledge of business unit's product(s) and application(s); repaired any negative impact to both internal and / or external customers.","tokens":["02/2008","-","11/2011","Company","Name","－","City",",","State","Senior","Operations","Associate","Provided","oversight,","monitoring,","and","decision","making","of","the","workflow","for","a","team","of","Operational","researchers","in","a","fast","paced","environment","requiring","application","of","various","complex","methods,","procedures","and","knowledge","of","business","unit's","product(s)","and","application(s);","repaired","any","negative","impact","to","both","internal","and","/","or","external","customers."],"metadata":[]}],[{"content":"Researched customer, brand, or bank inquires using advanced analytical skills to determine the source of the problems.","tokens":["Researched","customer,","brand,","or","bank","inquires","using","advanced","analytical","skills","to","determine","the","source","of","the","problems."],"metadata":[]}],[{"content":"Accurately resolved and ensured work product adhered to regulatory and compliance guidelines, departmental policies, quality control and service level agreement requirements.","tokens":["Accurately","resolved","and","ensured","work","product","adhered","to","regulatory","and","compliance","guidelines,","departmental","policies,","quality","control","and","service","level","agreement","requirements."],"metadata":[]}],[{"content":"Minimized risk to the bank by utilizing knowledge of regulatory / compliance requirements.","tokens":["Minimized","risk","to","the","bank","by","utilizing","knowledge","of","regulatory","/","compliance","requirements."],"metadata":[]}],[{"content":"Achieved multiple individual corporate recognitions.","tokens":["Achieved","multiple","individual","corporate","recognitions."],"metadata":[]}],[{"content":"Delivered prompt, accurate and excellent customer service.","tokens":["Delivered","prompt,","accurate","and","excellent","customer","service."],"metadata":[]}],[{"content":"Served as mentor to 18 junior team members.","tokens":["Served","as","mentor","to","18","junior","team","members."],"metadata":[]}],[{"content":"Communicated technical support to management team and department colleagues on business specific systems and/or processing issues which resolved negative bank exposure.","tokens":["Communicated","technical","support","to","management","team","and","department","colleagues","on","business","specific","systems","and/or","processing","issues","which","resolved","negative","bank","exposure."],"metadata":[]}],[{"content":"11/1999 - 02/2008 Company Name － City , State Teller Manager Managed opening and closing times for the main branch.","tokens":["11/1999","-","02/2008","Company","Name","－","City",",","State","Teller","Manager","Managed","opening","and","closing","times","for","the","main","branch."],"metadata":[]}],[{"content":"Oversaw training for all new branch employees Managed team of 10 branch tellers Balanced daily cash deposits and bank vault inventory with a zero error rate.","tokens":["Oversaw","training","for","all","new","branch","employees","Managed","team","of","10","branch","tellers","Balanced","daily","cash","deposits","and","bank","vault","inventory","with","a","zero","error","rate."],"metadata":[]}],[{"content":"Received regional branch recognition award for outstanding customer service.","tokens":["Received","regional","branch","recognition","award","for","outstanding","customer","service."],"metadata":[]}],[{"content":"Received an internal audit score of 90% for 5 consecutive years Adhered to Citizens Bank security and audit procedures.","tokens":["Received","an","internal","audit","score","of","90%","for","5","consecutive","years","Adhered","to","Citizens","Bank","security","and","audit","procedures."],"metadata":[]}],[{"content":"Adhered to all federal and state compliance guidelines for retail banking.","tokens":["Adhered","to","all","federal","and","state","compliance","guidelines","for","retail","banking."],"metadata":[]}],[{"content":"Education 2010 Peirce College City , State Bachelor of Science : Business Administration Magna Cum Laude Technical Skills and Qualifications Analytical skills, banking, coaching, oral communication, Credit, customer service, decision making, financial, forms, functional, general ledger, leadership, mentoring, performance management, policies, process improvement, quality control, Reporting, Retail, selling, sales, service level agreements, technical support","tokens":["Education","2010","Peirce","College","City",",","State","Bachelor","of","Science",":","Business","Administration","Magna","Cum","Laude","Technical","Skills","and","Qualifications","Analytical","skills,","banking,","coaching,","oral","communication,","Credit,","customer","service,","decision","making,","financial,","forms,","functional,","general","ledger,","leadership,","mentoring,","performance","management,","policies,","process","improvement,","quality","control,","Reporting,","Retail,","selling,","sales,","service","level","agreements,","technical","support"],"metadata":[]}],[{"content":"Highly","tokens":["Highly"],"metadata":[]}],[{"content":"accountable and experienced in operational effectiveness, performance","tokens":["accountable","and","experienced","in","operational","effectiveness,","performance"],"metadata":[]}],[{"content":"improvement initiatives, BSA compliance, regulatory and audit procedures.","tokens":["improvement","initiatives,","BSA","compliance,","regulatory","and","audit","procedures."],"metadata":[]}],[{"content":"Excellent research and analytical skills, process development, and delivering","tokens":["Excellent","research","and","analytical","skills,","process","development,","and","delivering"],"metadata":[]}],[{"content":"exceptional customer service.","tokens":["exceptional","customer","service."],"metadata":[]}],[{"content":"Ability to acquire technology quickly and","tokens":["Ability","to","acquire","technology","quickly","and"],"metadata":[]}],[{"content":"proficient with various banking and credit union internal financial systems.","tokens":["proficient","with","various","banking","and","credit","union","internal","financial","systems."],"metadata":[]}],[{"content":"Banking systems, Credit Union systems: Epysis/ Symitar, Meridian Link, STAR Network, Patriot Officer, VISA","tokens":["Banking","systems,","Credit","Union","systems:","Epysis/","Symitar,","Meridian","Link,","STAR","Network,","Patriot","Officer,","VISA"],"metadata":[]}]],"labelerInfo":{"id":6814,"email":"cwilhel8@jh.edu","displayName":"Chris Wilhelm"},"labelSets":[{"name":"Resume Labels","index":0,"labelItems":[{"id":"Kj5U6n9NUqTXuWcB3c_7L","labelName":"College"},{"id":"rj7TW0-ymuRo6f_asXJab","labelName":"Company Name"},{"id":"SJEkdao76hjwbb6Fh5SY6","labelName":"Job Title"},{"id":"BjO8MdvK2KI4E5iMEeY4B","labelName":"Graduation Year"},{"id":"eS2knCRgLegeRw8bcmSWA","labelName":"Skill"},{"id":"IeEoIKabMl51BJE0gX2YL","labelName":"Degree"},{"id":"1R0C50AAwFbEp2O0WmRv6","labelName":"Location"},{"id":"zQcc4ygexJ_A3Gb0NeRTk","labelName":"Years of Experience"},{"id":"52S_6moRfhjC-yXgIBeCp","labelName":"Date"},{"id":"KiLarWmwlU1E3-FfdG6Qg","labelName":"Project"},{"id":"dyxKKTAxW1z5ifjPj42BI","labelName":"Name"}]}],"spanLabels":[],"arrowLabels":[],"boundingBoxLabels":[],"timeLabels":[],"comments":[],"url":"datasaur://static/6814/3b9f38da-4875-46de-b561-e7a499f4708b.txt"}}
