{"version":"1","data":{"project":{"id":"ODBjYmQ2MDg","name":"NLP SSM Final Project"},"document":{"id":"9f38ecb2-dd87-4457-9dee-46d30fb303e7","name":"resume_994_d1.txt"},"kinds":["TOKEN_BASED"],"rows":[[{"content":"SALES Summary Account Manager focused on maximizing sales by managing all accounts systematically and logically.","tokens":["SALES","Summary","Account","Manager","focused","on","maximizing","sales","by","managing","all","accounts","systematically","and","logically."],"metadata":[]}],[{"content":"Believes consistency and dedication build the most successful business partnerships.","tokens":["Believes","consistency","and","dedication","build","the","most","successful","business","partnerships."],"metadata":[]}],[{"content":"Excel at building a loyal customer base to achieve both short and long-term organization sales goals.","tokens":["Excel","at","building","a","loyal","customer","base","to","achieve","both","short","and","long-term","organization","sales","goals."],"metadata":[]}],[{"content":"Highlights Superior communication skills Cheerful and energetic Effective team player Staff training and development Resolution-oriented Dependable and reliable Accomplishments Responsible for training new employees in all aspects of distribution and sales.","tokens":["Highlights","Superior","communication","skills","Cheerful","and","energetic","Effective","team","player","Staff","training","and","development","Resolution-oriented","Dependable","and","reliable","Accomplishments","Responsible","for","training","new","employees","in","all","aspects","of","distribution","and","sales."],"metadata":[]}],[{"content":"Ensured one hundred percent compliance with all company rules and regulations.","tokens":["Ensured","one","hundred","percent","compliance","with","all","company","rules","and","regulations."],"metadata":[]}],[{"content":"Established new accounts and client interaction.","tokens":["Established","new","accounts","and","client","interaction."],"metadata":[]}],[{"content":"Monitored sales goals and expectations for multiple brands.","tokens":["Monitored","sales","goals","and","expectations","for","multiple","brands."],"metadata":[]}],[{"content":"Improved product placement at both on premise and off premise accounts.","tokens":["Improved","product","placement","at","both","on","premise","and","off","premise","accounts."],"metadata":[]}],[{"content":"Managed quality assurance for all products within distribution.","tokens":["Managed","quality","assurance","for","all","products","within","distribution."],"metadata":[]}],[{"content":"Maintained files for all individual accounts and products.","tokens":["Maintained","files","for","all","individual","accounts","and","products."],"metadata":[]}],[{"content":"Increased sales through effective customer communication.","tokens":["Increased","sales","through","effective","customer","communication."],"metadata":[]}],[{"content":"Experience Sales September 2008 Company Name － City , State Responsible for implementing all business-building and relationship-building expectations with uniquely assigned accounts and customers.","tokens":["Experience","Sales","September","2008","Company","Name","－","City",",","State","Responsible","for","implementing","all","business-building","and","relationship-building","expectations","with","uniquely","assigned","accounts","and","customers."],"metadata":[]}],[{"content":"Consistently met and exceeded department expectations for productivity and accuracy levels.","tokens":["Consistently","met","and","exceeded","department","expectations","for","productivity","and","accuracy","levels."],"metadata":[]}],[{"content":"Recommended and helped customers select merchandise based on their needs.","tokens":["Recommended","and","helped","customers","select","merchandise","based","on","their","needs."],"metadata":[]}],[{"content":"Informed customers about sales and promotions in a friendly and engaging manner.","tokens":["Informed","customers","about","sales","and","promotions","in","a","friendly","and","engaging","manner."],"metadata":[]}],[{"content":"Answered customers' questions regarding products, prices and availability.","tokens":["Answered","customers'","questions","regarding","products,","prices","and","availability."],"metadata":[]}],[{"content":"Collaborated with colleagues to exchange selling strategies and marketing information.","tokens":["Collaborated","with","colleagues","to","exchange","selling","strategies","and","marketing","information."],"metadata":[]}],[{"content":"Collaborated with members of other departments to complete sales transactions.","tokens":["Collaborated","with","members","of","other","departments","to","complete","sales","transactions."],"metadata":[]}],[{"content":"Shared product knowledge with customers while making personal recommendations.","tokens":["Shared","product","knowledge","with","customers","while","making","personal","recommendations."],"metadata":[]}],[{"content":"City Manager April 2008 to September 2008 Company Name － City , State Successfully managed the activities of 12 team members.","tokens":["City","Manager","April","2008","to","September","2008","Company","Name","－","City",",","State","Successfully","managed","the","activities","of","12","team","members."],"metadata":[]}],[{"content":"Developed, implemented and monitored programs to maximize customer satisfaction.","tokens":["Developed,","implemented","and","monitored","programs","to","maximize","customer","satisfaction."],"metadata":[]}],[{"content":"Interviewed, hired and trained new quality customer service representatives.","tokens":["Interviewed,","hired","and","trained","new","quality","customer","service","representatives."],"metadata":[]}],[{"content":"Addressed negative customer feedback immediately.","tokens":["Addressed","negative","customer","feedback","immediately."],"metadata":[]}],[{"content":"Resolved customer questions, issues and complaints.","tokens":["Resolved","customer","questions,","issues","and","complaints."],"metadata":[]}],[{"content":"Coordinated with airport vendors regarding fueling and catering logistics.","tokens":["Coordinated","with","airport","vendors","regarding","fueling","and","catering","logistics."],"metadata":[]}],[{"content":"Determined flight close-out times and completed and verified flight forms.","tokens":["Determined","flight","close-out","times","and","completed","and","verified","flight","forms."],"metadata":[]}],[{"content":"Senior Corporate Travel Consultant September 2017 to April 2008 Company Name － City , State Planned travel arrangements for 200 executives and staff.","tokens":["Senior","Corporate","Travel","Consultant","September","2017","to","April","2008","Company","Name","－","City",",","State","Planned","travel","arrangements","for","200","executives","and","staff."],"metadata":[]}],[{"content":"Received and screened a high volume of internal and external communications, including email and mail.","tokens":["Received","and","screened","a","high","volume","of","internal","and","external","communications,","including","email","and","mail."],"metadata":[]}],[{"content":"Collected customer feedback and made process changes to exceed customer satisfaction goals.","tokens":["Collected","customer","feedback","and","made","process","changes","to","exceed","customer","satisfaction","goals."],"metadata":[]}],[{"content":"Made reasonable procedure exceptions to accommodate unusual customer requests.","tokens":["Made","reasonable","procedure","exceptions","to","accommodate","unusual","customer","requests."],"metadata":[]}],[{"content":"Provided accurate and appropriate information in response to customer inquiries.","tokens":["Provided","accurate","and","appropriate","information","in","response","to","customer","inquiries."],"metadata":[]}],[{"content":"Addressed customer service inquiries in a timely and accurate fashion.","tokens":["Addressed","customer","service","inquiries","in","a","timely","and","accurate","fashion."],"metadata":[]}],[{"content":"Built customer loyalty by placing follow-up calls for customers who reported product issues.","tokens":["Built","customer","loyalty","by","placing","follow-up","calls","for","customers","who","reported","product","issues."],"metadata":[]}],[{"content":"Passenger Service Agent January 1995 to September 2007 Company Name － City , State h Communicated with customers daily h Committed to the assistance and support of others while maintaining a cheerful and helpful attitude h Trained in and maintained excellent interpersonal and communication skills that complement proven creative problem solving capabilities h Provided superior customer service and work quality while demonstrating attention to detail, flexibility and innovation in resolving problems.","tokens":["Passenger","Service","Agent","January","1995","to","September","2007","Company","Name","－","City",",","State","h","Communicated","with","customers","daily","h","Committed","to","the","assistance","and","support","of","others","while","maintaining","a","cheerful","and","helpful","attitude","h","Trained","in","and","maintained","excellent","interpersonal","and","communication","skills","that","complement","proven","creative","problem","solving","capabilities","h","Provided","superior","customer","service","and","work","quality","while","demonstrating","attention","to","detail,","flexibility","and","innovation","in","resolving","problems."],"metadata":[]}],[{"content":"Possess effective communications skills, and work well with others at all levels h Dealt tactfully and effectively with difficult customers h Experienced in both customer service and supervisory positions h Worked closely with the inflight, flight dispatch, maintenance, and customer service departments through the operations positon to meet the needs of the customers h Experienced in handling emergencies, flight delays, diversions, and other related incidents h Handled incoming and outgoing communications, aircraft flight guards, and initiated overdue actions h Handled time-sensitive freight, general goods, hazardous materials, and government shipments h Successfully completed civil aviation security course conducted by FAA h Assured flight safety during winter operations through deicing certification and training.","tokens":["Possess","effective","communications","skills,","and","work","well","with","others","at","all","levels","h","Dealt","tactfully","and","effectively","with","difficult","customers","h","Experienced","in","both","customer","service","and","supervisory","positions","h","Worked","closely","with","the","inflight,","flight","dispatch,","maintenance,","and","customer","service","departments","through","the","operations","positon","to","meet","the","needs","of","the","customers","h","Experienced","in","handling","emergencies,","flight","delays,","diversions,","and","other","related","incidents","h","Handled","incoming","and","outgoing","communications,","aircraft","flight","guards,","and","initiated","overdue","actions","h","Handled","time-sensitive","freight,","general","goods,","hazardous","materials,","and","government","shipments","h","Successfully","completed","civil","aviation","security","course","conducted","by","FAA","h","Assured","flight","safety","during","winter","operations","through","deicing","certification","and","training."],"metadata":[]}],[{"content":"Education Communications West Virginia State University － City , State 2002 United States Air Force Air National Guard － City , State Received Honorable Discharge from service Communications George Washington High School － City , State GPA: Assisted with organizing and participating in various community service projects Involved in several athletics programs Assisted with organizing and participating in various community service projects Involved in several athletics programs Skills Air Force 2, attention to detail, interpersonal and communication, communications skills, Oral Communication, creative problem solving, Customer Relations, customer service, government, innovation, Inspection, Leadership, materials, Problem Solving, Public Safety, Public Speaking, Quality, Safety, sales, supervisory, Supervision, technician","tokens":["Education","Communications","West","Virginia","State","University","－","City",",","State","2002","United","States","Air","Force","Air","National","Guard","－","City",",","State","Received","Honorable","Discharge","from","service","Communications","George","Washington","High","School","－","City",",","State","GPA:","Assisted","with","organizing","and","participating","in","various","community","service","projects","Involved","in","several","athletics","programs","Assisted","with","organizing","and","participating","in","various","community","service","projects","Involved","in","several","athletics","programs","Skills","Air","Force","2,","attention","to","detail,","interpersonal","and","communication,","communications","skills,","Oral","Communication,","creative","problem","solving,","Customer","Relations,","customer","service,","government,","innovation,","Inspection,","Leadership,","materials,","Problem","Solving,","Public","Safety,","Public","Speaking,","Quality,","Safety,","sales,","supervisory,","Supervision,","technician"],"metadata":[]}]],"labelerInfo":{"id":6814,"email":"cwilhel8@jh.edu","displayName":"Chris Wilhelm"},"labelSets":[{"name":"Resume Labels","index":0,"labelItems":[{"id":"Kj5U6n9NUqTXuWcB3c_7L","labelName":"College"},{"id":"rj7TW0-ymuRo6f_asXJab","labelName":"Company Name"},{"id":"SJEkdao76hjwbb6Fh5SY6","labelName":"Job Title"},{"id":"BjO8MdvK2KI4E5iMEeY4B","labelName":"Graduation Year"},{"id":"eS2knCRgLegeRw8bcmSWA","labelName":"Skill"},{"id":"IeEoIKabMl51BJE0gX2YL","labelName":"Degree"},{"id":"1R0C50AAwFbEp2O0WmRv6","labelName":"Location"},{"id":"zQcc4ygexJ_A3Gb0NeRTk","labelName":"Years of Experience"},{"id":"52S_6moRfhjC-yXgIBeCp","labelName":"Date"},{"id":"KiLarWmwlU1E3-FfdG6Qg","labelName":"Project"},{"id":"dyxKKTAxW1z5ifjPj42BI","labelName":"Name"}]}],"spanLabels":[],"arrowLabels":[],"boundingBoxLabels":[],"timeLabels":[],"comments":[],"url":"datasaur://static/6814/9f38ecb2-dd87-4457-9dee-46d30fb303e7.txt"}}
