{"version":"1","data":{"project":{"id":"ODBjYmQ2MDg","name":"NLP SSM Final Project"},"document":{"id":"3dc4ef0f-fb47-47aa-9002-0e29f61ffad9","name":"resume_6878_d2.txt"},"kinds":["TOKEN_BASED"],"rows":[[{"content":"Webmaster Webmaster Webmaster - Fun Travel Guides Miami, FL Work Experience Webmaster Fun Travel Guides - Miami, FL 2019 to Present Maintain and extend Wordpress website www.funtravelguides.com.","tokens":["Webmaster","Webmaster","Webmaster","-","Fun","Travel","Guides","Miami,","FL","Work","Experience","Webmaster","Fun","Travel","Guides","-","Miami,","FL","2019","to","Present","Maintain","and","extend","Wordpress","website","www.funtravelguides.com."],"metadata":[]}],[{"content":"Add and update content, UI/UX and increase readability.","tokens":["Add","and","update","content,","UI/UX","and","increase","readability."],"metadata":[]}],[{"content":"Web Developer, Content Writer House Cleaning Miami Organization - Miami, FL 2019 to Present Built www.housecleaningmiami.org website using Python Flask, HTML, CSS, SQL, Postgres database.","tokens":["Web","Developer,","Content","Writer","House","Cleaning","Miami","Organization","-","Miami,","FL","2019","to","Present","Built","www.housecleaningmiami.org","website","using","Python","Flask,","HTML,","CSS,","SQL,","Postgres","database."],"metadata":[]}],[{"content":"Write blogs to support SEO campaign.","tokens":["Write","blogs","to","support","SEO","campaign."],"metadata":[]}],[{"content":"SEM using Google Adword, Spyfu, Ubersuggest.","tokens":["SEM","using","Google","Adword,","Spyfu,","Ubersuggest."],"metadata":[]}],[{"content":"Web Developer, Content Writer Bidner Injury Law - Miami, FL 2016 to 2018 Developed www.bidnerinjurylaw.com website using Wordpress.","tokens":["Web","Developer,","Content","Writer","Bidner","Injury","Law","-","Miami,","FL","2016","to","2018","Developed","www.bidnerinjurylaw.com","website","using","Wordpress."],"metadata":[]}],[{"content":"Wrote injury law blogs that supported our SEO campaign.","tokens":["Wrote","injury","law","blogs","that","supported","our","SEO","campaign."],"metadata":[]}],[{"content":"Software Developer Real Deal Interactive - Miami, FL 2014 to 2016 Programmed \"Lucky Loot Casino\" App for iOS, Android, and Facebook platforms.","tokens":["Software","Developer","Real","Deal","Interactive","-","Miami,","FL","2014","to","2016","Programmed","\"Lucky","Loot","Casino\"","App","for","iOS,","Android,","and","Facebook","platforms."],"metadata":[]}],[{"content":"Utilized Lua/Corona SDK for mobile and ActionScript/Flash Builder for Facebook.","tokens":["Utilized","Lua/Corona","SDK","for","mobile","and","ActionScript/Flash","Builder","for","Facebook."],"metadata":[]}],[{"content":"Worked with team in Miami as well as remotely with team in Ukraine and Las Vegas.","tokens":["Worked","with","team","in","Miami","as","well","as","remotely","with","team","in","Ukraine","and","Las","Vegas."],"metadata":[]}],[{"content":"Game Engineer 305 Games - Miami, FL 2011 to 2014 Utilized Lua/Corona SDK and collaborated with graphic artist to create 2D physics games for App store.","tokens":["Game","Engineer","305","Games","-","Miami,","FL","2011","to","2014","Utilized","Lua/Corona","SDK","and","collaborated","with","graphic","artist","to","create","2D","physics","games","for","App","store."],"metadata":[]}],[{"content":"Created trivia template to create over 30 celebrity Quiz games.","tokens":["Created","trivia","template","to","create","over","30","celebrity","Quiz","games."],"metadata":[]}],[{"content":"Public Adjuster All Dade Public Adjusters - Miami, FL 2009 to 2011 Schedule in-house consultations and get an overview of home damage.","tokens":["Public","Adjuster","All","Dade","Public","Adjusters","-","Miami,","FL","2009","to","2011","Schedule","in-house","consultations","and","get","an","overview","of","home","damage."],"metadata":[]}],[{"content":"Interview clients and answer any questions they may have.","tokens":["Interview","clients","and","answer","any","questions","they","may","have."],"metadata":[]}],[{"content":"Assess and evaluate damage.","tokens":["Assess","and","evaluate","damage."],"metadata":[]}],[{"content":"Perform a thorough inspection of the damage.","tokens":["Perform","a","thorough","inspection","of","the","damage."],"metadata":[]}],[{"content":"Take all the correct measurements and photos.","tokens":["Take","all","the","correct","measurements","and","photos."],"metadata":[]}],[{"content":"Prepare a fully detailed estimate on repairs with the latest estimating software.","tokens":["Prepare","a","fully","detailed","estimate","on","repairs","with","the","latest","estimating","software."],"metadata":[]}],[{"content":"Conclude on the cost of repairs and replacement of damaged property.","tokens":["Conclude","on","the","cost","of","repairs","and","replacement","of","damaged","property."],"metadata":[]}],[{"content":"Prepare a full inventory of damaged personal property.","tokens":["Prepare","a","full","inventory","of","damaged","personal","property."],"metadata":[]}],[{"content":"Education Design and implementation Harvard 2017 to 2018 Introduction to Computer Science Harvard 2016 to 2017 Certification University of Miami - Miami, FL 2016 Links https://www.linkedin.com/in/russell-mckee","tokens":["Education","Design","and","implementation","Harvard","2017","to","2018","Introduction","to","Computer","Science","Harvard","2016","to","2017","Certification","University","of","Miami","-","Miami,","FL","2016","Links","https://www.linkedin.com/in/russell-mckee"],"metadata":[]}]],"labelerInfo":{"id":6814,"email":"cwilhel8@jh.edu","displayName":"Chris Wilhelm"},"labelSets":[{"name":"Resume Labels","index":0,"labelItems":[{"id":"Kj5U6n9NUqTXuWcB3c_7L","labelName":"College"},{"id":"rj7TW0-ymuRo6f_asXJab","labelName":"Company Name"},{"id":"SJEkdao76hjwbb6Fh5SY6","labelName":"Job Title"},{"id":"BjO8MdvK2KI4E5iMEeY4B","labelName":"Graduation Year"},{"id":"eS2knCRgLegeRw8bcmSWA","labelName":"Skill"},{"id":"IeEoIKabMl51BJE0gX2YL","labelName":"Degree"},{"id":"1R0C50AAwFbEp2O0WmRv6","labelName":"Location"},{"id":"zQcc4ygexJ_A3Gb0NeRTk","labelName":"Years of Experience"},{"id":"52S_6moRfhjC-yXgIBeCp","labelName":"Date"},{"id":"KiLarWmwlU1E3-FfdG6Qg","labelName":"Project"},{"id":"dyxKKTAxW1z5ifjPj42BI","labelName":"Name"}]}],"spanLabels":[],"arrowLabels":[],"boundingBoxLabels":[],"timeLabels":[],"comments":[],"url":"datasaur://static/6814/3dc4ef0f-fb47-47aa-9002-0e29f61ffad9.txt"}}
