{"version":"1","data":{"project":{"id":"ODBjYmQ2MDg","name":"NLP SSM Final Project"},"document":{"id":"94750967-ccd6-4014-b794-240def321833","name":"resume_887_d1.txt"},"kinds":["TOKEN_BASED"],"rows":[[{"content":"ACCOMMODATION SERVICE EXECUTIVE LL Professional Summary Customer service and sales expert who identifies customer needs and delivers","tokens":["ACCOMMODATION","SERVICE","EXECUTIVE","LL","Professional","Summary","Customer","service","and","sales","expert","who","identifies","customer","needs","and","delivers"],"metadata":[]}],[{"content":"solutions to problems.","tokens":["solutions","to","problems."],"metadata":[]}],[{"content":"Driven to exceed sales and customer satisfaction goals and build long term","tokens":["Driven","to","exceed","sales","and","customer","satisfaction","goals","and","build","long","term"],"metadata":[]}],[{"content":"relationships with the clients.","tokens":["relationships","with","the","clients."],"metadata":[]}],[{"content":"Creates a positive experience through high quality","tokens":["Creates","a","positive","experience","through","high","quality"],"metadata":[]}],[{"content":"customer care.","tokens":["customer","care."],"metadata":[]}],[{"content":"Bilingual manager able to build, lead and train efficient and friendly service teams.","tokens":["Bilingual","manager","able","to","build,","lead","and","train","efficient","and","friendly","service","teams."],"metadata":[]}],[{"content":"Core Qualifications Client-focused Results-oriented Quick learner Superior communication skills Cheerful and energetic Effective team player Experience ACCOMMODATION SERVICE EXECUTIVE ll 12/2016 to Current Company Name City , State Communicate with Partners by telephone or by e mail to provide guidance and assistance regarding Booking.com platform Extranet.","tokens":["Core","Qualifications","Client-focused","Results-oriented","Quick","learner","Superior","communication","skills","Cheerful","and","energetic","Effective","team","player","Experience","ACCOMMODATION","SERVICE","EXECUTIVE","ll","12/2016","to","Current","Company","Name","City",",","State","Communicate","with","Partners","by","telephone","or","by","e","mail","to","provide","guidance","and","assistance","regarding","Booking.com","platform","Extranet."],"metadata":[]}],[{"content":"​ Provide commercial advise and orientation to partners based on Booking.com business model.","tokens":["​","Provide","commercial","advise","and","orientation","to","partners","based","on","Booking.com","business","model."],"metadata":[]}],[{"content":"Gather information to solve partner and guests issues regarding reservations in order to coordinate assistance with Customer Service department.","tokens":["Gather","information","to","solve","partner","and","guests","issues","regarding","reservations","in","order","to","coordinate","assistance","with","Customer","Service","department."],"metadata":[]}],[{"content":"Review and process new partnership registrations and set them ready to open on Booking.com webpage.","tokens":["Review","and","process","new","partnership","registrations","and","set","them","ready","to","open","on","Booking.com","webpage."],"metadata":[]}],[{"content":"Keep partners and guests as center of all our operations to guarantee maximum satisfaction.","tokens":["Keep","partners","and","guests","as","center","of","all","our","operations","to","guarantee","maximum","satisfaction."],"metadata":[]}],[{"content":"​ CUSTOMER SERVICE EXECUTIVE 02/2016 to 11/2016 Company Name City , State Communicate with customers by telephone or by e mail to provide information","tokens":["​","CUSTOMER","SERVICE","EXECUTIVE","02/2016","to","11/2016","Company","Name","City",",","State","Communicate","with","customers","by","telephone","or","by","e","mail","to","provide","information"],"metadata":[]}],[{"content":"about hotel reservations, take or enter information, cancel reservations, gather complaints details .","tokens":["about","hotel","reservations,","take","or","enter","information,","cancel","reservations,","gather","complaints","details","."],"metadata":[]}],[{"content":"Keep records of customer interactions or transactions, recording details of","tokens":["Keep","records","of","customer","interactions","or","transactions,","recording","details","of"],"metadata":[]}],[{"content":"inquiries, complaints, or comments, as well as actions taken.","tokens":["inquiries,","complaints,","or","comments,","as","well","as","actions","taken."],"metadata":[]}],[{"content":"Check and ensure that appropriate changes were made to resolve customers'","tokens":["Check","and","ensure","that","appropriate","changes","were","made","to","resolve","customers'"],"metadata":[]}],[{"content":"problems.","tokens":["problems."],"metadata":[]}],[{"content":"Contact customers to respond to inquiries or to notify them of claim","tokens":["Contact","customers","to","respond","to","inquiries","or","to","notify","them","of","claim"],"metadata":[]}],[{"content":"investigation results or any planned adjustments.","tokens":["investigation","results","or","any","planned","adjustments."],"metadata":[]}],[{"content":"Refer unresolved customer grievances to designated departments for further","tokens":["Refer","unresolved","customer","grievances","to","designated","departments","for","further"],"metadata":[]}],[{"content":"investigation.","tokens":["investigation."],"metadata":[]}],[{"content":"GENERAL MANAGER /SALES MANAGER 12/2011 to 01/2016 Company Name City , State Managed sales team generating daily new memberships according to sales","tokens":["GENERAL","MANAGER","/SALES","MANAGER","12/2011","to","01/2016","Company","Name","City",",","State","Managed","sales","team","generating","daily","new","memberships","according","to","sales"],"metadata":[]}],[{"content":"quota, interacted with prospects and new customers and provided high level of","tokens":["quota,","interacted","with","prospects","and","new","customers","and","provided","high","level","of"],"metadata":[]}],[{"content":"service to achieve 100% customer satisfaction and company revenue.","tokens":["service","to","achieve","100%","customer","satisfaction","and","company","revenue."],"metadata":[]}],[{"content":"Hired and trained all sales and customer service staff.","tokens":["Hired","and","trained","all","sales","and","customer","service","staff."],"metadata":[]}],[{"content":"Monitored customer preferences to determine focus of sales efforts.","tokens":["Monitored","customer","preferences","to","determine","focus","of","sales","efforts."],"metadata":[]}],[{"content":"Developed,implemented and monitored programs to maximize customer","tokens":["Developed,implemented","and","monitored","programs","to","maximize","customer"],"metadata":[]}],[{"content":"satisfaction.","tokens":["satisfaction."],"metadata":[]}],[{"content":"Manage projects or contribute to committee or team work.","tokens":["Manage","projects","or","contribute","to","committee","or","team","work."],"metadata":[]}],[{"content":"Create, maintain, and enter information into databases.","tokens":["Create,","maintain,","and","enter","information","into","databases."],"metadata":[]}],[{"content":"GENERAL MANAGER 01/2005 to 12/2011 Company Name City , State Managed sales and customer service operation Control retention and attrition Responsible for new hire process Supervised over 30 employees Reported to District Vice President GUEST SERVICE MANAGER 01/2000 to 12/2004 Company Name City , State Served as public relations representative for the hotel.","tokens":["GENERAL","MANAGER","01/2005","to","12/2011","Company","Name","City",",","State","Managed","sales","and","customer","service","operation","Control","retention","and","attrition","Responsible","for","new","hire","process","Supervised","over","30","employees","Reported","to","District","Vice","President","GUEST","SERVICE","MANAGER","01/2000","to","12/2004","Company","Name","City",",","State","Served","as","public","relations","representative","for","the","hotel."],"metadata":[]}],[{"content":"Assisted guests with any special requests during their visits.","tokens":["Assisted","guests","with","any","special","requests","during","their","visits."],"metadata":[]}],[{"content":"Answer inquiries pertaining to hotel services, guest registration, and travel","tokens":["Answer","inquiries","pertaining","to","hotel","services,","guest","registration,","and","travel"],"metadata":[]}],[{"content":"directions, or make recommendations regarding shopping, dining, or","tokens":["directions,","or","make","recommendations","regarding","shopping,","dining,","or"],"metadata":[]}],[{"content":"entertainment","tokens":["entertainment"],"metadata":[]}],[{"content":"Record guest comments or complaints, referring customers to managers as","tokens":["Record","guest","comments","or","complaints,","referring","customers","to","managers","as"],"metadata":[]}],[{"content":"necessary.","tokens":["necessary."],"metadata":[]}],[{"content":"Transmit and receive messages, using telephones or telephone switchboards.","tokens":["Transmit","and","receive","messages,","using","telephones","or","telephone","switchboards."],"metadata":[]}],[{"content":"Accomplishments researched, calmed and rapidly resolved client conflicts to ensure customer","tokens":["Accomplishments","researched,","calmed","and","rapidly","resolved","client","conflicts","to","ensure","customer"],"metadata":[]}],[{"content":"retention increasing it up to 85% per month.","tokens":["retention","increasing","it","up","to","85%","per","month."],"metadata":[]}],[{"content":"Consistently generated additional revenue through skilled customer services","tokens":["Consistently","generated","additional","revenue","through","skilled","customer","services"],"metadata":[]}],[{"content":"and sales techniques used to generate new corporate.","tokens":["and","sales","techniques","used","to","generate","new","corporate."],"metadata":[]}],[{"content":"accounts to service high","tokens":["accounts","to","service","high"],"metadata":[]}],[{"content":"volume employee corporations.","tokens":["volume","employee","corporations."],"metadata":[]}],[{"content":"Satisfactory managed company new locations pre saleand openings to","tokens":["Satisfactory","managed","company","new","locations","pre","saleand","openings","to"],"metadata":[]}],[{"content":"guarantee revenue profit and investment return.","tokens":["guarantee","revenue","profit","and","investment","return."],"metadata":[]}],[{"content":"Education J.D. : Law 2000 Universidad Santa Maria City , State , Venezuela Law Courses on Military Law, Criminology .","tokens":["Education","J.D.",":","Law","2000","Universidad","Santa","Maria","City",",","State",",","Venezuela","Law","Courses","on","Military","Law,","Criminology","."],"metadata":[]}],[{"content":"Bachelor of Science : TOURISM 1995 IUTIRLA City , Venezuela Tourism and Hospitality Management Barcelona Hospitality and","tokens":["Bachelor","of","Science",":","TOURISM","1995","IUTIRLA","City",",","Venezuela","Tourism","and","Hospitality","Management","Barcelona","Hospitality","and"],"metadata":[]}],[{"content":"Tourism","tokens":["Tourism"],"metadata":[]}],[{"content":"Instituto Universitario de Tecnologia Industrial \"Rodolfo Loero Arismendi\", El Morro, Anzoategui Graduated Cum Laude Professional Affiliations National Association of Professional Trainers Languages Bilingual English- Spanish,","tokens":["Instituto","Universitario","de","Tecnologia","Industrial","\"Rodolfo","Loero","Arismendi\",","El","Morro,","Anzoategui","Graduated","Cum","Laude","Professional","Affiliations","National","Association","of","Professional","Trainers","Languages","Bilingual","English-","Spanish,"],"metadata":[]}],[{"content":"proficient in Portuguese, French","tokens":["proficient","in","Portuguese,","French"],"metadata":[]}],[{"content":"and Italian.","tokens":["and","Italian."],"metadata":[]}],[{"content":"Skills Customer services supervision,decision making, dependable, staff training and development, problem solver, public relations,dynamic team player able to motivate employees to reach high level of performance while using maximum potential.","tokens":["Skills","Customer","services","supervision,decision","making,","dependable,","staff","training","and","development,","problem","solver,","public","relations,dynamic","team","player","able","to","motivate","employees","to","reach","high","level","of","performance","while","using","maximum","potential."],"metadata":[]}],[{"content":"Online skills development courses ,The Open University : Commercial awareness.","tokens":["Online","skills","development","courses",",The","Open","University",":","Commercial","awareness."],"metadata":[]}],[{"content":"Conversations and interviews.","tokens":["Conversations","and","interviews."],"metadata":[]}],[{"content":"Developing high trust work relationships.","tokens":["Developing","high","trust","work","relationships."],"metadata":[]}],[{"content":"Difference and challenge in teams.","tokens":["Difference","and","challenge","in","teams."],"metadata":[]}],[{"content":"Discovering development management.","tokens":["Discovering","development","management."],"metadata":[]}],[{"content":"Facilitating group discussions.","tokens":["Facilitating","group","discussions."],"metadata":[]}],[{"content":"Making decisions.","tokens":["Making","decisions."],"metadata":[]}],[{"content":"Speeches and speech making.","tokens":["Speeches","and","speech","making."],"metadata":[]}],[{"content":"The importance of interpersonal skills.","tokens":["The","importance","of","interpersonal","skills."],"metadata":[]}],[{"content":"The role of a manager.","tokens":["The","role","of","a","manager."],"metadata":[]}],[{"content":"Three principles of coaching approach.","tokens":["Three","principles","of","coaching","approach."],"metadata":[]}]],"labelerInfo":{"id":6814,"email":"cwilhel8@jh.edu","displayName":"Chris Wilhelm"},"labelSets":[{"name":"Resume Labels","index":0,"labelItems":[{"id":"Kj5U6n9NUqTXuWcB3c_7L","labelName":"College"},{"id":"rj7TW0-ymuRo6f_asXJab","labelName":"Company Name"},{"id":"SJEkdao76hjwbb6Fh5SY6","labelName":"Job Title"},{"id":"BjO8MdvK2KI4E5iMEeY4B","labelName":"Graduation Year"},{"id":"eS2knCRgLegeRw8bcmSWA","labelName":"Skill"},{"id":"IeEoIKabMl51BJE0gX2YL","labelName":"Degree"},{"id":"1R0C50AAwFbEp2O0WmRv6","labelName":"Location"},{"id":"zQcc4ygexJ_A3Gb0NeRTk","labelName":"Years of Experience"},{"id":"52S_6moRfhjC-yXgIBeCp","labelName":"Date"},{"id":"KiLarWmwlU1E3-FfdG6Qg","labelName":"Project"},{"id":"dyxKKTAxW1z5ifjPj42BI","labelName":"Name"}]}],"spanLabels":[],"arrowLabels":[],"boundingBoxLabels":[],"timeLabels":[],"comments":[],"url":"datasaur://static/6814/94750967-ccd6-4014-b794-240def321833.txt"}}
