{"version":"1","data":{"project":{"id":"ODBjYmQ2MDg","name":"NLP SSM Final Project"},"document":{"id":"e6480b1c-d756-474d-b019-3e1287db2bcf","name":"resume_343_d1.txt"},"kinds":["TOKEN_BASED"],"rows":[[{"content":"TEACHER Farrah M. Bauman Professional Summary A position as an adjunct teacher/professor with major responsibilities that will effectively utilize my experience and training in coordination with my communication, leadership, and organizational skills.","tokens":["TEACHER","Farrah","M.","Bauman","Professional","Summary","A","position","as","an","adjunct","teacher/professor","with","major","responsibilities","that","will","effectively","utilize","my","experience","and","training","in","coordination","with","my","communication,","leadership,","and","organizational","skills."],"metadata":[]}],[{"content":"Teacher certified by the state of South Carolina to teach all general sciences.","tokens":["Teacher","certified","by","the","state","of","South","Carolina","to","teach","all","general","sciences."],"metadata":[]}],[{"content":"A motivator experienced in teaching physical science, chemistry, and medical microbiology.","tokens":["A","motivator","experienced","in","teaching","physical","science,","chemistry,","and","medical","microbiology."],"metadata":[]}],[{"content":"Excellent organizational skills, proficient with all Microsoft applications, and grade and attendance keeping software.","tokens":["Excellent","organizational","skills,","proficient","with","all","Microsoft","applications,","and","grade","and","attendance","keeping","software."],"metadata":[]}],[{"content":"A position as department chair with major responsibilities that will effectively utilize my experience and training in coordination with my communication, leadership, and organizational skills.","tokens":["A","position","as","department","chair","with","major","responsibilities","that","will","effectively","utilize","my","experience","and","training","in","coordination","with","my","communication,","leadership,","and","organizational","skills."],"metadata":[]}],[{"content":"Teacher certified by the state of South Carolina to teach all general sciences.","tokens":["Teacher","certified","by","the","state","of","South","Carolina","to","teach","all","general","sciences."],"metadata":[]}],[{"content":"A motivator experienced in teaching physical science, chemistry, and medical microbiology.","tokens":["A","motivator","experienced","in","teaching","physical","science,","chemistry,","and","medical","microbiology."],"metadata":[]}],[{"content":"Excellent organizational skills, proficient with all Microsoft applications, and grade and attendance keeping software.","tokens":["Excellent","organizational","skills,","proficient","with","all","Microsoft","applications,","and","grade","and","attendance","keeping","software."],"metadata":[]}],[{"content":"Skills National Board Certified AP Bio certified 2015 AP Chem certified summer 2017 Trained in educating at-risk youth Teacher Mentor National Board Grader Classroom discipline Positive learning environment Self-motivated Work History Teacher 02/2003","tokens":["Skills","National","Board","Certified","AP","Bio","certified","2015","AP","Chem","certified","summer","2017","Trained","in","educating","at-risk","youth","Teacher","Mentor","National","Board","Grader","Classroom","discipline","Positive","learning","environment","Self-motivated","Work","History","Teacher","02/2003"],"metadata":[]}],[{"content":"to Current Company Name Teach medical microbiology, chemistry, and physical science, 9 through 12 grades.","tokens":["to","Current","Company","Name","Teach","medical","microbiology,","chemistry,","and","physical","science,","9","through","12","grades."],"metadata":[]}],[{"content":"Keep grade books, input grade information into IGpro grade keeping system.","tokens":["Keep","grade","books,","input","grade","information","into","IGpro","grade","keeping","system."],"metadata":[]}],[{"content":"Responsible for detailed weekly lesson plans, parent correspondence.","tokens":["Responsible","for","detailed","weekly","lesson","plans,","parent","correspondence."],"metadata":[]}],[{"content":"Active with Homecoming and Prom committees.","tokens":["Active","with","Homecoming","and","Prom","committees."],"metadata":[]}],[{"content":"Teacher 02/2003","tokens":["Teacher","02/2003"],"metadata":[]}],[{"content":"to Current Company Name – City ,","tokens":["to","Current","Company","Name","–","City",","],"metadata":[]}],[{"content":"State Teach/have taught: honors, college prep medical microbiology; honors, college prep, basic chemistry; honors biology (100% pass rate); physical science, 9 through 12 grades.","tokens":["State","Teach/have","taught:","honors,","college","prep","medical","microbiology;","honors,","college","prep,","basic","chemistry;","honors","biology","(100%","pass","rate);","physical","science,","9","through","12","grades."],"metadata":[]}],[{"content":"Keep grade books, input grade information into PowerSchool grade keeping system.","tokens":["Keep","grade","books,","input","grade","information","into","PowerSchool","grade","keeping","system."],"metadata":[]}],[{"content":"Create detailed, engaging new lesson plans based on course objectives.","tokens":["Create","detailed,","engaging","new","lesson","plans","based","on","course","objectives."],"metadata":[]}],[{"content":"Organized, ordered supplies, made appointments, and put on 4 fabulous Proms as Prom committee co-chair.","tokens":["Organized,","ordered","supplies,","made","appointments,","and","put","on","4","fabulous","Proms","as","Prom","committee","co-chair."],"metadata":[]}],[{"content":"Organize yearly out of state overnight field trips in order to foster real-world relevance in course study.","tokens":["Organize","yearly","out","of","state","overnight","field","trips","in","order","to","foster","real-world","relevance","in","course","study."],"metadata":[]}],[{"content":"Collaborate yearly with a team of faculty to serve at-risk incoming 9th graders for the \"Bridge Program\".","tokens":["Collaborate","yearly","with","a","team","of","faculty","to","serve","at-risk","incoming","9th","graders","for","the","\"Bridge","Program\"."],"metadata":[]}],[{"content":"Serve yearly as a mentor to 1-2 teachers.","tokens":["Serve","yearly","as","a","mentor","to","1-2","teachers."],"metadata":[]}],[{"content":"Correspond with parents by email, telephone or postal mail.","tokens":["Correspond","with","parents","by","email,","telephone","or","postal","mail."],"metadata":[]}],[{"content":"Oversaw inventory activities, including chemical monitoring, for the science department.","tokens":["Oversaw","inventory","activities,","including","chemical","monitoring,","for","the","science","department."],"metadata":[]}],[{"content":"Created detailed, engaging new lesson plans based on course objectives.","tokens":["Created","detailed,","engaging","new","lesson","plans","based","on","course","objectives."],"metadata":[]}],[{"content":"Implemented reading and writing in science by obtaining a set of novels from DonorsChoose to support student literacy in the science classroom.","tokens":["Implemented","reading","and","writing","in","science","by","obtaining","a","set","of","novels","from","DonorsChoose","to","support","student","literacy","in","the","science","classroom."],"metadata":[]}],[{"content":"Consistently receive positive teacher evaluations from students and administrators.","tokens":["Consistently","receive","positive","teacher","evaluations","from","students","and","administrators."],"metadata":[]}],[{"content":"Summer National Board Certification grader for Pearson Medical Technologist 02/2001","tokens":["Summer","National","Board","Certification","grader","for","Pearson","Medical","Technologist","02/2001"],"metadata":[]}],[{"content":"to 01/2006 Company Name – City ,","tokens":["to","01/2006","Company","Name","–","City",","],"metadata":[]}],[{"content":"State Analyze blood and body fluids for hematology, chemistry, coagulation, immunology, and urinalysis using mainly Beckman equipment including the LX.","tokens":["State","Analyze","blood","and","body","fluids","for","hematology,","chemistry,","coagulation,","immunology,","and","urinalysis","using","mainly","Beckman","equipment","including","the","LX."],"metadata":[]}],[{"content":"Manual and automated hematology, including cell differentiation of peripheral smears as well as exudates.","tokens":["Manual","and","automated","hematology,","including","cell","differentiation","of","peripheral","smears","as","well","as","exudates."],"metadata":[]}],[{"content":"Daily, weekly, and monthly maintenance of all machinery.","tokens":["Daily,","weekly,","and","monthly","maintenance","of","all","machinery."],"metadata":[]}],[{"content":"Plate microbiology specimens on appropriate media, rapid test for strep, influenza, Rocky Mountain spotted fever, and mononucleosis.","tokens":["Plate","microbiology","specimens","on","appropriate","media,","rapid","test","for","strep,","influenza,","Rocky","Mountain","spotted","fever,","and","mononucleosis."],"metadata":[]}],[{"content":"A, B, O typing and antibody identification, sickle cell determination, antigen typing, cross matching.","tokens":["A,","B,","O","typing","and","antibody","identification,","sickle","cell","determination,","antigen","typing,","cross","matching."],"metadata":[]}],[{"content":"Medical Technologist 02/2001","tokens":["Medical","Technologist","02/2001"],"metadata":[]}],[{"content":"to 01/2006 Company Name – City ,","tokens":["to","01/2006","Company","Name","–","City",","],"metadata":[]}],[{"content":"State Analyze blood and body fluids for hematology, chemistry, coagulation, immunology, and urinalysis using mainly Beckman equipment including the LX.","tokens":["State","Analyze","blood","and","body","fluids","for","hematology,","chemistry,","coagulation,","immunology,","and","urinalysis","using","mainly","Beckman","equipment","including","the","LX."],"metadata":[]}],[{"content":"Manual and automated hematology, including cell differentiation of peripheral smears as well as exudates.","tokens":["Manual","and","automated","hematology,","including","cell","differentiation","of","peripheral","smears","as","well","as","exudates."],"metadata":[]}],[{"content":"Daily, weekly, and monthly maintenance of all machinery.","tokens":["Daily,","weekly,","and","monthly","maintenance","of","all","machinery."],"metadata":[]}],[{"content":"Plate microbiology specimens on appropriate media, rapid test for strep, influenza, Rocky Mountain spotted fever, and mononucleosis.","tokens":["Plate","microbiology","specimens","on","appropriate","media,","rapid","test","for","strep,","influenza,","Rocky","Mountain","spotted","fever,","and","mononucleosis."],"metadata":[]}],[{"content":"A, B, O typing and antibody identification, sickle cell determination, antigen typing, cross matching.","tokens":["A,","B,","O","typing","and","antibody","identification,","sickle","cell","determination,","antigen","typing,","cross","matching."],"metadata":[]}],[{"content":"Education M.Ed : Secondary Education 2007 Southern Wesleyan University -","tokens":["Education","M.Ed",":","Secondary","Education","2007","Southern","Wesleyan","University","-"],"metadata":[]}],[{"content":"State Secondary Education GPA: 3.8 Certificate in Medical Technology : 1999 Carolinas College of Health Sciences, Carolinas Medical Center -","tokens":["State","Secondary","Education","GPA:","3.8","Certificate","in","Medical","Technology",":","1999","Carolinas","College","of","Health","Sciences,","Carolinas","Medical","Center","-"],"metadata":[]}],[{"content":"City ,","tokens":["City",","],"metadata":[]}],[{"content":"State B.S : Biology 1998 Univ. of South Carolina -","tokens":["State","B.S",":","Biology","1998","Univ.","of","South","Carolina","-"],"metadata":[]}],[{"content":"State Biology GPA: 3.4 Skills chemistry, hematology, immunology, lesson plans, machinery, Medical Technology, typing, urinalysis mentoring, communication, social skills, lesson plans, chemistry, biology, medical microbiology, Medical Technology","tokens":["State","Biology","GPA:","3.4","Skills","chemistry,","hematology,","immunology,","lesson","plans,","machinery,","Medical","Technology,","typing,","urinalysis","mentoring,","communication,","social","skills,","lesson","plans,","chemistry,","biology,","medical","microbiology,","Medical","Technology"],"metadata":[]}]],"labelerInfo":{"id":6814,"email":"cwilhel8@jh.edu","displayName":"Chris Wilhelm"},"labelSets":[{"name":"Resume Labels","index":0,"labelItems":[{"id":"Kj5U6n9NUqTXuWcB3c_7L","labelName":"College"},{"id":"rj7TW0-ymuRo6f_asXJab","labelName":"Company Name"},{"id":"SJEkdao76hjwbb6Fh5SY6","labelName":"Job Title"},{"id":"BjO8MdvK2KI4E5iMEeY4B","labelName":"Graduation Year"},{"id":"eS2knCRgLegeRw8bcmSWA","labelName":"Skill"},{"id":"IeEoIKabMl51BJE0gX2YL","labelName":"Degree"},{"id":"1R0C50AAwFbEp2O0WmRv6","labelName":"Location"},{"id":"zQcc4ygexJ_A3Gb0NeRTk","labelName":"Years of Experience"},{"id":"52S_6moRfhjC-yXgIBeCp","labelName":"Date"},{"id":"KiLarWmwlU1E3-FfdG6Qg","labelName":"Project"},{"id":"dyxKKTAxW1z5ifjPj42BI","labelName":"Name"}]}],"spanLabels":[],"arrowLabels":[],"boundingBoxLabels":[],"timeLabels":[],"comments":[],"url":"datasaur://static/6814/e6480b1c-d756-474d-b019-3e1287db2bcf.txt"}}
