{"version":"1","data":{"project":{"id":"ODBjYmQ2MDg","name":"NLP SSM Final Project"},"document":{"id":"2c0bc756-6eaf-4aaa-81de-d575f32ee1a9","name":"resume_1180_d1.txt"},"kinds":["TOKEN_BASED"],"rows":[[{"content":"CONSULTANT Career Overview More than 6 years of experience in Manufacturing & Distributions environments, including 4 years in Oracle manufacturing and Distributions applications.","tokens":["CONSULTANT","Career","Overview","More","than","6","years","of","experience","in","Manufacturing","&","Distributions","environments,","including","4","years","in","Oracle","manufacturing","and","Distributions","applications."],"metadata":[]}],[{"content":"Implemented 5 full cycle oracle implementation projects, Experienced in customizing, developing and configuring Oracle Applications in the modules of Supply Chain and Manufacturing.","tokens":["Implemented","5","full","cycle","oracle","implementation","projects,","Experienced","in","customizing,","developing","and","configuring","Oracle","Applications","in","the","modules","of","Supply","Chain","and","Manufacturing."],"metadata":[]}],[{"content":"Implemented Oracle EDI for the Sales Order entry and Warehouse Operations for the customer and Designed custom interfaces for PLM tools to communicate with oracle Item master.","tokens":["Implemented","Oracle","EDI","for","the","Sales","Order","entry","and","Warehouse","Operations","for","the","customer","and","Designed","custom","interfaces","for","PLM","tools","to","communicate","with","oracle","Item","master."],"metadata":[]}],[{"content":"Experience in requirements gathering, gap analysis, business process redesign and mapping, testing and user training, documentation of activities, processes, test scripts and client interaction.","tokens":["Experience","in","requirements","gathering,","gap","analysis,","business","process","redesign","and","mapping,","testing","and","user","training,","documentation","of","activities,","processes,","test","scripts","and","client","interaction."],"metadata":[]}],[{"content":"Sound communication skills, result oriented, open to learning new technologies, experience in working under pressure and in fast pace as a team leader and as a team player.","tokens":["Sound","communication","skills,","result","oriented,","open","to","learning","new","technologies,","experience","in","working","under","pressure","and","in","fast","pace","as","a","team","leader","and","as","a","team","player."],"metadata":[]}],[{"content":"Well - traveled and posses a clear and definitive understanding of the regional business ethics, culture and decorum so as to maintain a harmonious balance.","tokens":["Well","-","traveled","and","posses","a","clear","and","definitive","understanding","of","the","regional","business","ethics,","culture","and","decorum","so","as","to","maintain","a","harmonious","balance."],"metadata":[]}],[{"content":"Skills Applications : R12 and 11i Modules : Inventory (INV), Bill of Materials (BOM), Work in Process (WIP), Engineering (ENG), Order Management (OM), Purchasing (PO), Oracle EDI Gateway, Shipping Execution, System Administration, Material Requirement Planning (MRP), iProcurement, Quality(QA), Approval Management (AME), Oracle Endeca.","tokens":["Skills","Applications",":","R12","and","11i","Modules",":","Inventory","(INV),","Bill","of","Materials","(BOM),","Work","in","Process","(WIP),","Engineering","(ENG),","Order","Management","(OM),","Purchasing","(PO),","Oracle","EDI","Gateway,","Shipping","Execution,","System","Administration,","Material","Requirement","Planning","(MRP),","iProcurement,","Quality(QA),","Approval","Management","(AME),","Oracle","Endeca."],"metadata":[]}],[{"content":"Tools/Language : Toad, Data Load, Visio, SQL, SQL Developer, MS Office Suite.","tokens":["Tools/Language",":","Toad,","Data","Load,","Visio,","SQL,","SQL","Developer,","MS","Office","Suite."],"metadata":[]}],[{"content":"Work Experience Consultant , 02/2016 － Current Company Name － City , State Worked on solution design and setup of Inventory, Work in Process, QA, Purchasing & Order Management as per the client requirements and suggested business process changes.","tokens":["Work","Experience","Consultant",",","02/2016","－","Current","Company","Name","－","City",",","State","Worked","on","solution","design","and","setup","of","Inventory,","Work","in","Process,","QA,","Purchasing","&","Order","Management","as","per","the","client","requirements","and","suggested","business","process","changes."],"metadata":[]}],[{"content":"Implemented Oracle EDI for Sales Order entry, booking and acknowledgment for customer orders received through third party systems.","tokens":["Implemented","Oracle","EDI","for","Sales","Order","entry,","booking","and","acknowledgment","for","customer","orders","received","through","third","party","systems."],"metadata":[]}],[{"content":"Implemented Oracle E-Signatures and E-records to maintain Quality data books of every manufactured assembly, reducing gaps and saving costs.","tokens":["Implemented","Oracle","E-Signatures","and","E-records","to","maintain","Quality","data","books","of","every","manufactured","assembly,","reducing","gaps","and","saving","costs."],"metadata":[]}],[{"content":"Designed, documented and executed all SCM modules for 3 implementations in North American region.","tokens":["Designed,","documented","and","executed","all","SCM","modules","for","3","implementations","in","North","American","region."],"metadata":[]}],[{"content":"Resolved functional issues related to Oracle Manufacturing and distribution during implementation.","tokens":["Resolved","functional","issues","related","to","Oracle","Manufacturing","and","distribution","during","implementation."],"metadata":[]}],[{"content":"Prepared training documents and assisted in user training in WIP, OM & PO modules.","tokens":["Prepared","training","documents","and","assisted","in","user","training","in","WIP,","OM","&","PO","modules."],"metadata":[]}],[{"content":"Worked on data conversion strategy from legacy systems to Oracle E-business suite R12.","tokens":["Worked","on","data","conversion","strategy","from","legacy","systems","to","Oracle","E-business","suite","R12."],"metadata":[]}],[{"content":"Consultant , 08/2013 － 01/2016 Company Name － City , State Implemented oracle supply chain modules for a major Oil & Gas manufacturing company in Australia, Canada, China, Romania and UK as part of their global roll out to Oracle.","tokens":["Consultant",",","08/2013","－","01/2016","Company","Name","－","City",",","State","Implemented","oracle","supply","chain","modules","for","a","major","Oil","&","Gas","manufacturing","company","in","Australia,","Canada,","China,","Romania","and","UK","as","part","of","their","global","roll","out","to","Oracle."],"metadata":[]}],[{"content":"Simplified their overhaul and repair process by implementing a custom solution that reduces user's time on the system as well as resulting a more organized shop floor.","tokens":["Simplified","their","overhaul","and","repair","process","by","implementing","a","custom","solution","that","reduces","user's","time","on","the","system","as","well","as","resulting","a","more","organized","shop","floor."],"metadata":[]}],[{"content":"Implemented Oracle EDI for Sales Order Pick release and shipping transactions based on information received from third party systems in Warehouse.","tokens":["Implemented","Oracle","EDI","for","Sales","Order","Pick","release","and","shipping","transactions","based","on","information","received","from","third","party","systems","in","Warehouse."],"metadata":[]}],[{"content":"Worked on data conversion issues from Legacy systems to Oracle.","tokens":["Worked","on","data","conversion","issues","from","Legacy","systems","to","Oracle."],"metadata":[]}],[{"content":"Developed custom reports for customer facing documents as well as internal documentation.","tokens":["Developed","custom","reports","for","customer","facing","documents","as","well","as","internal","documentation."],"metadata":[]}],[{"content":"Enhanced a custom interface between a PLM tool(ePIMS) and oracle.","tokens":["Enhanced","a","custom","interface","between","a","PLM","tool(ePIMS)","and","oracle."],"metadata":[]}],[{"content":"Documented setups, customizations and training manuals.","tokens":["Documented","setups,","customizations","and","training","manuals."],"metadata":[]}],[{"content":"Trained users in different regions of the world on all supply chain modules and cMRO.","tokens":["Trained","users","in","different","regions","of","the","world","on","all","supply","chain","modules","and","cMRO."],"metadata":[]}],[{"content":"Implemented Oracle Endeca and worked on client demos for various customers.","tokens":["Implemented","Oracle","Endeca","and","worked","on","client","demos","for","various","customers."],"metadata":[]}],[{"content":"Developed best business process blueprint that suits the client's multi industry business by studying their business process in each vertical.","tokens":["Developed","best","business","process","blueprint","that","suits","the","client's","multi","industry","business","by","studying","their","business","process","in","each","vertical."],"metadata":[]}],[{"content":"Student Partner , 08/2010 － 07/2013 Company Name － City , State Brought awareness on latest Microsoft's technologies to more than 5000 students and faculty.","tokens":["Student","Partner",",","08/2010","－","07/2013","Company","Name","－","City",",","State","Brought","awareness","on","latest","Microsoft's","technologies","to","more","than","5000","students","and","faculty."],"metadata":[]}],[{"content":"Increased the number of developers on Microsoft store by collaborating with various universities and developer groups.","tokens":["Increased","the","number","of","developers","on","Microsoft","store","by","collaborating","with","various","universities","and","developer","groups."],"metadata":[]}],[{"content":"Designed Lazy chef- A windows store app during the launch of Windows 8.","tokens":["Designed","Lazy","chef-","A","windows","store","app","during","the","launch","of","Windows","8."],"metadata":[]}],[{"content":"Pitched a windows app idea that got me to meet and present it to Steve Balmer, CEO of Microsoft then.","tokens":["Pitched","a","windows","app","idea","that","got","me","to","meet","and","present","it","to","Steve","Balmer,","CEO","of","Microsoft","then."],"metadata":[]}],[{"content":"Manager , 03/2011 － 08/2013 Company Name － City , State Built the startup from the scratch to making a revenue of 2 Million rupees an year.","tokens":["Manager",",","03/2011","－","08/2013","Company","Name","－","City",",","State","Built","the","startup","from","the","scratch","to","making","a","revenue","of","2","Million","rupees","an","year."],"metadata":[]}],[{"content":"Trained more than 10000 participants in the streams of Robotics, embedded systems and application development.","tokens":["Trained","more","than","10000","participants","in","the","streams","of","Robotics,","embedded","systems","and","application","development."],"metadata":[]}],[{"content":"Worked with Orient Blackswan in making a textbook for students of various universities on presentation skills.","tokens":["Worked","with","Orient","Blackswan","in","making","a","textbook","for","students","of","various","universities","on","presentation","skills."],"metadata":[]}],[{"content":"Accomplishments Leadership Served as manager for a robotics startup, training more than 10000 participants.","tokens":["Accomplishments","Leadership","Served","as","manager","for","a","robotics","startup,","training","more","than","10000","participants."],"metadata":[]}],[{"content":"Represented India as a youth ambassador at Seoul, South Korea.","tokens":["Represented","India","as","a","youth","ambassador","at","Seoul,","South","Korea."],"metadata":[]}],[{"content":"Operational Management Implemented one of a kind E-Signature process for quality documentation in large scale manufacturing, reducing costs and gaps in process.","tokens":["Operational","Management","Implemented","one","of","a","kind","E-Signature","process","for","quality","documentation","in","large","scale","manufacturing,","reducing","costs","and","gaps","in","process."],"metadata":[]}],[{"content":"Generating MM$ business impact.","tokens":["Generating","MM$","business","impact."],"metadata":[]}],[{"content":"Transitioned a large group of developers and consumers to Microsoft's products and platform as a microsoft student partner for 3 years.","tokens":["Transitioned","a","large","group","of","developers","and","consumers","to","Microsoft's","products","and","platform","as","a","microsoft","student","partner","for","3","years."],"metadata":[]}],[{"content":"Education and Training 2013 Andhra University College of Engineering － City , State , India Bachelor of Technology Instrumentation Engineering 3.4 GPA Started National Service Scheme and was an active member.","tokens":["Education","and","Training","2013","Andhra","University","College","of","Engineering","－","City",",","State",",","India","Bachelor","of","Technology","Instrumentation","Engineering","3.4","GPA","Started","National","Service","Scheme","and","was","an","active","member."],"metadata":[]}],[{"content":"Personal Information Place of Birth: Vijayanagaram, India Date of Birth: 14th of May, 1992 Present Residence: Houston, Texas Sex: Male Status: Single Hobbies: International Travel, Hiking, Mountaineering.","tokens":["Personal","Information","Place","of","Birth:","Vijayanagaram,","India","Date","of","Birth:","14th","of","May,","1992","Present","Residence:","Houston,","Texas","Sex:","Male","Status:","Single","Hobbies:","International","Travel,","Hiking,","Mountaineering."],"metadata":[]}],[{"content":"Languages: English, Telugu and Hindi","tokens":["Languages:","English,","Telugu","and","Hindi"],"metadata":[]}]],"labelerInfo":{"id":6814,"email":"cwilhel8@jh.edu","displayName":"Chris Wilhelm"},"labelSets":[{"name":"Resume Labels","index":0,"labelItems":[{"id":"Kj5U6n9NUqTXuWcB3c_7L","labelName":"College"},{"id":"rj7TW0-ymuRo6f_asXJab","labelName":"Company Name"},{"id":"SJEkdao76hjwbb6Fh5SY6","labelName":"Job Title"},{"id":"BjO8MdvK2KI4E5iMEeY4B","labelName":"Graduation Year"},{"id":"eS2knCRgLegeRw8bcmSWA","labelName":"Skill"},{"id":"IeEoIKabMl51BJE0gX2YL","labelName":"Degree"},{"id":"1R0C50AAwFbEp2O0WmRv6","labelName":"Location"},{"id":"zQcc4ygexJ_A3Gb0NeRTk","labelName":"Years of Experience"},{"id":"52S_6moRfhjC-yXgIBeCp","labelName":"Date"},{"id":"KiLarWmwlU1E3-FfdG6Qg","labelName":"Project"},{"id":"dyxKKTAxW1z5ifjPj42BI","labelName":"Name"}]}],"spanLabels":[],"arrowLabels":[],"boundingBoxLabels":[],"timeLabels":[],"comments":[],"url":"datasaur://static/6814/2c0bc756-6eaf-4aaa-81de-d575f32ee1a9.txt"}}
