{"version":"1","data":{"project":{"id":"ODBjYmQ2MDg","name":"NLP SSM Final Project"},"document":{"id":"36e3a9c9-c74f-4bd6-b819-c38cef5628f8","name":"resume_3802_d2.txt"},"kinds":["TOKEN_BASED"],"rows":[[{"content":"Evogen Executive Evogen Executive Evogen Executive - International Bio-Pharmaceutical Kansas City, MO Work Experience Evogen Executive International Bio-Pharmaceutical 2016 to Present Information Technology Executive Consultant ?","tokens":["Evogen","Executive","Evogen","Executive","Evogen","Executive","-","International","Bio-Pharmaceutical","Kansas","City,","MO","Work","Experience","Evogen","Executive","International","Bio-Pharmaceutical","2016","to","Present","Information","Technology","Executive","Consultant","?"],"metadata":[]}],[{"content":"Led on premise migration to cloud environment, reducing costs 75%, all while achieving FDA and HIPAA compliance.","tokens":["Led","on","premise","migration","to","cloud","environment,","reducing","costs","75%,","all","while","achieving","FDA","and","HIPAA","compliance."],"metadata":[]}],[{"content":"?","tokens":["?"],"metadata":[]}],[{"content":"Instituted new hardware technology for epilepsy testing, raising diagnostic reliability from 20% to 90%+.","tokens":["Instituted","new","hardware","technology","for","epilepsy","testing,","raising","diagnostic","reliability","from","20%","to","90%+."],"metadata":[]}],[{"content":"?","tokens":["?"],"metadata":[]}],[{"content":"Coached team members on efficient use of technology to reduce overall redundancy of procedures and processes while keeping confidential HIPAA information secure to FDA and security standards.","tokens":["Coached","team","members","on","efficient","use","of","technology","to","reduce","overall","redundancy","of","procedures","and","processes","while","keeping","confidential","HIPAA","information","secure","to","FDA","and","security","standards."],"metadata":[]}],[{"content":"Chief Technology Officer / Chief Revenue Officer High Tech MicroMarket Solutions 2014 to Present Received coveted Amazon Service Award for best client partnership service in 2017 for operational excellence in process and procedures ?","tokens":["Chief","Technology","Officer","/","Chief","Revenue","Officer","High","Tech","MicroMarket","Solutions","2014","to","Present","Received","coveted","Amazon","Service","Award","for","best","client","partnership","service","in","2017","for","operational","excellence","in","process","and","procedures","?"],"metadata":[]}],[{"content":"Facilitated 200% revenue growth in 2 years while reducing expenditures.","tokens":["Facilitated","200%","revenue","growth","in","2","years","while","reducing","expenditures."],"metadata":[]}],[{"content":"?","tokens":["?"],"metadata":[]}],[{"content":"Full budget control of both CapEx and OpEx expenditures.","tokens":["Full","budget","control","of","both","CapEx","and","OpEx","expenditures."],"metadata":[]}],[{"content":"?","tokens":["?"],"metadata":[]}],[{"content":"Trained worldwide outside resources of the USConnect partnership on using technology to promote service excellence.","tokens":["Trained","worldwide","outside","resources","of","the","USConnect","partnership","on","using","technology","to","promote","service","excellence."],"metadata":[]}],[{"content":"?","tokens":["?"],"metadata":[]}],[{"content":"Led company with new branding effort, website, online presence and new pantry service division -- including updating of website SEO, social networking and revenue enhancers.","tokens":["Led","company","with","new","branding","effort,","website,","online","presence","and","new","pantry","service","division","--","including","updating","of","website","SEO,","social","networking","and","revenue","enhancers."],"metadata":[]}],[{"content":"Produced a top result on SERP by granular access and not pay per click, increasing customer satisfaction to 4.8/5. ?","tokens":["Produced","a","top","result","on","SERP","by","granular","access","and","not","pay","per","click,","increasing","customer","satisfaction","to","4.8/5.","?"],"metadata":[]}],[{"content":"Lead nationwide pantry service integration with USConnect affiliates to buy online and pickup or have local delivery.","tokens":["Lead","nationwide","pantry","service","integration","with","USConnect","affiliates","to","buy","online","and","pickup","or","have","local","delivery."],"metadata":[]}],[{"content":"Services Fortune 500 companies for their pantry needs, including hospitality, technology and service industries.","tokens":["Services","Fortune","500","companies","for","their","pantry","needs,","including","hospitality,","technology","and","service","industries."],"metadata":[]}],[{"content":"?","tokens":["?"],"metadata":[]}],[{"content":"Achieved Microsoft Gold Certified Partners and Microsoft SharePoint Certification.","tokens":["Achieved","Microsoft","Gold","Certified","Partners","and","Microsoft","SharePoint","Certification."],"metadata":[]}],[{"content":"?","tokens":["?"],"metadata":[]}],[{"content":"Led team of 36 design architects and engineers by instituting new change management practices to help with team communication on individual projects, dependent projects, and resource utilization.","tokens":["Led","team","of","36","design","architects","and","engineers","by","instituting","new","change","management","practices","to","help","with","team","communication","on","individual","projects,","dependent","projects,","and","resource","utilization."],"metadata":[]}],[{"content":"Consultant, Program Manager Tek Systems 2012 to 2014 Led team of 30 for award-winning $25M Web, ACD, Ticketing & Telepresence project.","tokens":["Consultant,","Program","Manager","Tek","Systems","2012","to","2014","Led","team","of","30","for","award-winning","$25M","Web,","ACD,","Ticketing","&","Telepresence","project."],"metadata":[]}],[{"content":"?","tokens":["?"],"metadata":[]}],[{"content":"Managed full project lifecycle, including RFP, contract negotiations, legal review, waterfall & agile scrum, project guidelines, international vendors, resulting in 3 new international call centers.","tokens":["Managed","full","project","lifecycle,","including","RFP,","contract","negotiations,","legal","review,","waterfall","&","agile","scrum,","project","guidelines,","international","vendors,","resulting","in","3","new","international","call","centers."],"metadata":[]}],[{"content":"Nationwide USDA Security Leader ECS Consulting 2011 to 2012 Consultant, Operations / Security Director, USDA FSA Security Agency ?","tokens":["Nationwide","USDA","Security","Leader","ECS","Consulting","2011","to","2012","Consultant,","Operations","/","Security","Director,","USDA","FSA","Security","Agency","?"],"metadata":[]}],[{"content":"Led team of 55 to reverse on-notice status, improving from 2/10 to 9/10 in 6 months.","tokens":["Led","team","of","55","to","reverse","on-notice","status,","improving","from","2/10","to","9/10","in","6","months."],"metadata":[]}],[{"content":"?","tokens":["?"],"metadata":[]}],[{"content":"Integrated custom ","tokens":["Integrated","custom"],"metadata":[]}],[{"content":"NET application with SharePoint while maintaining federal security guidelines and ISO-9000 compliance.","tokens":["NET","application","with","SharePoint","while","maintaining","federal","security","guidelines","and","ISO-9000","compliance."],"metadata":[]}],[{"content":"?","tokens":["?"],"metadata":[]}],[{"content":"Trained consultants to streamline governmental security for the USDA.","tokens":["Trained","consultants","to","streamline","governmental","security","for","the","USDA."],"metadata":[]}],[{"content":"Consultant, Program Manager Tek Systems Consulting 2011 to 2011 Led PeopleSoft Security standup as technical SME resulting in consolidation from 2 clustered PeopleSoft 8.8 servers to one 9.1 server with conversion for 30 agencies.","tokens":["Consultant,","Program","Manager","Tek","Systems","Consulting","2011","to","2011","Led","PeopleSoft","Security","standup","as","technical","SME","resulting","in","consolidation","from","2","clustered","PeopleSoft","8.8","servers","to","one","9.1","server","with","conversion","for","30","agencies."],"metadata":[]}],[{"content":"Consultant, Program Manager Ingenuity Consulting 2011 to 2011 Led team of 12 project managers and 6 support staff in PMO standup and Avaya integration with cross-functionality Agile Scrum and ITIL, security policy compliant.","tokens":["Consultant,","Program","Manager","Ingenuity","Consulting","2011","to","2011","Led","team","of","12","project","managers","and","6","support","staff","in","PMO","standup","and","Avaya","integration","with","cross-functionality","Agile","Scrum","and","ITIL,","security","policy","compliant."],"metadata":[]}],[{"content":"?","tokens":["?"],"metadata":[]}],[{"content":"Ground-up installation of SharePoint office integration with ISO-9000 compliance.","tokens":["Ground-up","installation","of","SharePoint","office","integration","with","ISO-9000","compliance."],"metadata":[]}],[{"content":"Consultant, Project Manager Veracity Solutions 2010 to 2010 Led 2800-seat Avaya IX agent implementation and Call Quality Management System refresh with CRM, Soft Phone, Call Quality recording.","tokens":["Consultant,","Project","Manager","Veracity","Solutions","2010","to","2010","Led","2800-seat","Avaya","IX","agent","implementation","and","Call","Quality","Management","System","refresh","with","CRM,","Soft","Phone,","Call","Quality","recording."],"metadata":[]}],[{"content":"?","tokens":["?"],"metadata":[]}],[{"content":"Led team of trainers to institute security policies in 12 call centers, including account security, network, password, and security review procedures, ensuring < 1% fault reviews.","tokens":["Led","team","of","trainers","to","institute","security","policies","in","12","call","centers,","including","account","security,","network,","password,","and","security","review","procedures,","ensuring","<","1%","fault","reviews."],"metadata":[]}],[{"content":"Principle Consultant, IT PMO Lead, South America Professional Services Consulting 2009 to 2010 Led merger & acquisition team of 400 direct reports with 3G and data updates, ","tokens":["Principle","Consultant,","IT","PMO","Lead,","South","America","Professional","Services","Consulting","2009","to","2010","Led","merger","&","acquisition","team","of","400","direct","reports","with","3G","and","data","updates,"],"metadata":[]}],[{"content":"NET conversion.","tokens":["NET","conversion."],"metadata":[]}],[{"content":"?","tokens":["?"],"metadata":[]}],[{"content":"Initiated international PMO organization with ITIL & Agile Scrum.","tokens":["Initiated","international","PMO","organization","with","ITIL","&","Agile","Scrum."],"metadata":[]}],[{"content":"sprint / Nextel, 2005-2009, $33B Telecommunications Company with 54 million customers Consultant, Program Manager ?","tokens":["sprint","/","Nextel,","2005-2009,","$33B","Telecommunications","Company","with","54","million","customers","Consultant,","Program","Manager","?"],"metadata":[]}],[{"content":"Led team of 14, directing application, integrated load, performance, and usability testing ?","tokens":["Led","team","of","14,","directing","application,","integrated","load,","performance,","and","usability","testing","?"],"metadata":[]}],[{"content":"Earned five Excellence Awards for Project Management while upgrading DocShare to SharePoint, developing new portal web pages, directing release management billing projects, implementing ","tokens":["Earned","five","Excellence","Awards","for","Project","Management","while","upgrading","DocShare","to","SharePoint,","developing","new","portal","web","pages,","directing","release","management","billing","projects,","implementing"],"metadata":[]}],[{"content":"NET / C++ / HTML development integrating Sprint with Nextel Education Criminal Justice Washburn University - Topeka, KS 1997 Skills Ms project, Sharepoint, Siebel, Security, Cisco, Itil, Pmbok, ","tokens":["NET","/","C++","/","HTML","development","integrating","Sprint","with","Nextel","Education","Criminal","Justice","Washburn","University","-","Topeka,","KS","1997","Skills","Ms","project,","Sharepoint,","Siebel,","Security,","Cisco,","Itil,","Pmbok,"],"metadata":[]}],[{"content":"net, Visio, Avaya, Voip, Sql server, Oracle, Sql, Peoplesoft, Sap, Hp open view, Open view, Ms office, Sdlc Links http://linkedin.com/in/ryanlouisa Additional Information Skills Cloud ?","tokens":["net,","Visio,","Avaya,","Voip,","Sql","server,","Oracle,","Sql,","Peoplesoft,","Sap,","Hp","open","view,","Open","view,","Ms","office,","Sdlc","Links","http://linkedin.com/in/ryanlouisa","Additional","Information","Skills","Cloud","?"],"metadata":[]}],[{"content":"AWS ?","tokens":["AWS","?"],"metadata":[]}],[{"content":"Cisco ?","tokens":["Cisco","?"],"metadata":[]}],[{"content":"VoIP ?","tokens":["VoIP","?"],"metadata":[]}],[{"content":"Security ?","tokens":["Security","?"],"metadata":[]}],[{"content":"Visio ?","tokens":["Visio","?"],"metadata":[]}],[{"content":"Test Planning Oracle ?","tokens":["Test","Planning","Oracle","?"],"metadata":[]}],[{"content":"SQL Server ?","tokens":["SQL","Server","?"],"metadata":[]}],[{"content":"Master MS Project ?","tokens":["Master","MS","Project","?"],"metadata":[]}],[{"content":"HP Open View ?","tokens":["HP","Open","View","?"],"metadata":[]}],[{"content":"Visio ?","tokens":["Visio","?"],"metadata":[]}],[{"content":"SharePoint Siebel ?","tokens":["SharePoint","Siebel","?"],"metadata":[]}],[{"content":"SAP ?","tokens":["SAP","?"],"metadata":[]}],[{"content":"Avaya ?","tokens":["Avaya","?"],"metadata":[]}],[{"content":"","tokens":[""],"metadata":[]}],[{"content":"NET ?","tokens":["NET","?"],"metadata":[]}],[{"content":"Amdocs ?","tokens":["Amdocs","?"],"metadata":[]}],[{"content":"Peoplesoft 6-9.1 ?","tokens":["Peoplesoft","6-9.1","?"],"metadata":[]}],[{"content":"MS Office SDLC ?","tokens":["MS","Office","SDLC","?"],"metadata":[]}],[{"content":"PMBOK ?","tokens":["PMBOK","?"],"metadata":[]}],[{"content":"Agile Scrum ?","tokens":["Agile","Scrum","?"],"metadata":[]}],[{"content":"ITIL ?","tokens":["ITIL","?"],"metadata":[]}],[{"content":"Sarbane Oxley Act","tokens":["Sarbane","Oxley","Act"],"metadata":[]}]],"labelerInfo":{"id":6814,"email":"cwilhel8@jh.edu","displayName":"Chris Wilhelm"},"labelSets":[{"name":"Resume Labels","index":0,"labelItems":[{"id":"Kj5U6n9NUqTXuWcB3c_7L","labelName":"College"},{"id":"rj7TW0-ymuRo6f_asXJab","labelName":"Company Name"},{"id":"SJEkdao76hjwbb6Fh5SY6","labelName":"Job Title"},{"id":"BjO8MdvK2KI4E5iMEeY4B","labelName":"Graduation Year"},{"id":"eS2knCRgLegeRw8bcmSWA","labelName":"Skill"},{"id":"IeEoIKabMl51BJE0gX2YL","labelName":"Degree"},{"id":"1R0C50AAwFbEp2O0WmRv6","labelName":"Location"},{"id":"zQcc4ygexJ_A3Gb0NeRTk","labelName":"Years of Experience"},{"id":"52S_6moRfhjC-yXgIBeCp","labelName":"Date"},{"id":"KiLarWmwlU1E3-FfdG6Qg","labelName":"Project"},{"id":"dyxKKTAxW1z5ifjPj42BI","labelName":"Name"}]}],"spanLabels":[],"arrowLabels":[],"boundingBoxLabels":[],"timeLabels":[],"comments":[],"url":"datasaur://static/6814/36e3a9c9-c74f-4bd6-b819-c38cef5628f8.txt"}}
