{"version":"1","data":{"project":{"id":"ODBjYmQ2MDg","name":"NLP SSM Final Project"},"document":{"id":"8361e76a-a9dd-4c21-850b-38989e2883e1","name":"resume_4787_d2.txt"},"kinds":["TOKEN_BASED"],"rows":[[{"content":"IT AUDITOR IT AUDITOR IT ANALYST Pasadena, MD Authorized to work in the US for any employer Work Experience IT AUDITOR BELLO MACHRE 2014 to Present 2019 ?","tokens":["IT","AUDITOR","IT","AUDITOR","IT","ANALYST","Pasadena,","MD","Authorized","to","work","in","the","US","for","any","employer","Work","Experience","IT","AUDITOR","BELLO","MACHRE","2014","to","Present","2019","?"],"metadata":[]}],[{"content":"Review assigned IT General Controls such as Access control, change management, and Application controls such as Validity checks and Interface checks, and IT Infrastructure.","tokens":["Review","assigned","IT","General","Controls","such","as","Access","control,","change","management,","and","Application","controls","such","as","Validity","checks","and","Interface","checks,","and","IT","Infrastructure."],"metadata":[]}],[{"content":"?","tokens":["?"],"metadata":[]}],[{"content":"Perform walkthroughs and testing relating to IT General controls (ITGCs) for financially significant ERP systems.","tokens":["Perform","walkthroughs","and","testing","relating","to","IT","General","controls","(ITGCs)","for","financially","significant","ERP","systems."],"metadata":[]}],[{"content":"?","tokens":["?"],"metadata":[]}],[{"content":"Assess and document creation using NIST SP800-53 Rev.2.","tokens":["Assess","and","document","creation","using","NIST","SP800-53","Rev.2."],"metadata":[]}],[{"content":"?","tokens":["?"],"metadata":[]}],[{"content":"Responsible for developing and maintaining IT control metrics related to compliance activities.","tokens":["Responsible","for","developing","and","maintaining","IT","control","metrics","related","to","compliance","activities."],"metadata":[]}],[{"content":"?","tokens":["?"],"metadata":[]}],[{"content":"Tested compliance with company policies and procedures to ensure it conforms to industry standards and applications such as ISO and ITIL framework.","tokens":["Tested","compliance","with","company","policies","and","procedures","to","ensure","it","conforms","to","industry","standards","and","applications","such","as","ISO","and","ITIL","framework."],"metadata":[]}],[{"content":"?","tokens":["?"],"metadata":[]}],[{"content":"Performed Quality Assurance (QA) Review over all Sustainment Assessed Controls.","tokens":["Performed","Quality","Assurance","(QA)","Review","over","all","Sustainment","Assessed","Controls."],"metadata":[]}],[{"content":"?","tokens":["?"],"metadata":[]}],[{"content":"Develop, implement, and enforce information systems security policies by ensuring system security requirements are addressed during all phases of the acquisition and SDLC.","tokens":["Develop,","implement,","and","enforce","information","systems","security","policies","by","ensuring","system","security","requirements","are","addressed","during","all","phases","of","the","acquisition","and","SDLC."],"metadata":[]}],[{"content":"?","tokens":["?"],"metadata":[]}],[{"content":"Ensured audit tasks were completed accurately and within established timeframes using application frameworks such as the FISCAM, FISMA, NIST, COBIT, and COSO.","tokens":["Ensured","audit","tasks","were","completed","accurately","and","within","established","timeframes","using","application","frameworks","such","as","the","FISCAM,","FISMA,","NIST,","COBIT,","and","COSO."],"metadata":[]}],[{"content":"?","tokens":["?"],"metadata":[]}],[{"content":"Performed audit tests, compliance tests, and substantive tests, and identified key controls and weak points and mapped them against the COBIT and FISCAM frameworks.","tokens":["Performed","audit","tests,","compliance","tests,","and","substantive","tests,","and","identified","key","controls","and","weak","points","and","mapped","them","against","the","COBIT","and","FISCAM","frameworks."],"metadata":[]}],[{"content":"?","tokens":["?"],"metadata":[]}],[{"content":"Ensure that policies and procedures are in place and adhered to.","tokens":["Ensure","that","policies","and","procedures","are","in","place","and","adhered","to."],"metadata":[]}],[{"content":"?","tokens":["?"],"metadata":[]}],[{"content":"Evaluate IT infrastructure in terms of risk to the organization and establish controls to mitigate the risk.","tokens":["Evaluate","IT","infrastructure","in","terms","of","risk","to","the","organization","and","establish","controls","to","mitigate","the","risk."],"metadata":[]}],[{"content":"?","tokens":["?"],"metadata":[]}],[{"content":"Prioritize newly identified vulnerabilities based upon severity, potential operation impacts, exploitation, and mitigation strategies.","tokens":["Prioritize","newly","identified","vulnerabilities","based","upon","severity,","potential","operation","impacts,","exploitation,","and","mitigation","strategies."],"metadata":[]}],[{"content":"?","tokens":["?"],"metadata":[]}],[{"content":"Identify outdated process controls and implement corporate policy to reflect industry best practice.","tokens":["Identify","outdated","process","controls","and","implement","corporate","policy","to","reflect","industry","best","practice."],"metadata":[]}],[{"content":"?","tokens":["?"],"metadata":[]}],[{"content":"Ensure standardization of change management in line with operational and service level agreement.","tokens":["Ensure","standardization","of","change","management","in","line","with","operational","and","service","level","agreement."],"metadata":[]}],[{"content":"?","tokens":["?"],"metadata":[]}],[{"content":"Monitor the vendor's performance to ensure compliance with the best practices and contract specifications.","tokens":["Monitor","the","vendor's","performance","to","ensure","compliance","with","the","best","practices","and","contract","specifications."],"metadata":[]}],[{"content":"?","tokens":["?"],"metadata":[]}],[{"content":"Monitor the anti-virus status on servers and workstations, security support and ensuring compliance with anti-virus policy.","tokens":["Monitor","the","anti-virus","status","on","servers","and","workstations,","security","support","and","ensuring","compliance","with","anti-virus","policy."],"metadata":[]}],[{"content":"?","tokens":["?"],"metadata":[]}],[{"content":"Recommend adequate protection on critical asset.","tokens":["Recommend","adequate","protection","on","critical","asset."],"metadata":[]}],[{"content":"?","tokens":["?"],"metadata":[]}],[{"content":"Analyze system logs, firewall logs, intrusion detection logs and network traffic.","tokens":["Analyze","system","logs,","firewall","logs,","intrusion","detection","logs","and","network","traffic."],"metadata":[]}],[{"content":"?","tokens":["?"],"metadata":[]}],[{"content":"Review security policy document and recommend actions based on industry standards.","tokens":["Review","security","policy","document","and","recommend","actions","based","on","industry","standards."],"metadata":[]}],[{"content":"IT ANALYST Board of elections 2018 to 2018 In-depth experience in performing audit of IT general controls (ITGC) such as, access control, change management, IT operations, disaster recovery and platform reviews (Windows and UNIX OS).","tokens":["IT","ANALYST","Board","of","elections","2018","to","2018","In-depth","experience","in","performing","audit","of","IT","general","controls","(ITGC)","such","as,","access","control,","change","management,","IT","operations,","disaster","recovery","and","platform","reviews","(Windows","and","UNIX","OS)."],"metadata":[]}],[{"content":"?","tokens":["?"],"metadata":[]}],[{"content":"Assisted in IT management by identifying gaps between policy and process, developing recommendations to remediate control weaknesses.","tokens":["Assisted","in","IT","management","by","identifying","gaps","between","policy","and","process,","developing","recommendations","to","remediate","control","weaknesses."],"metadata":[]}],[{"content":"?","tokens":["?"],"metadata":[]}],[{"content":"Perform Logic and Accuracy on voting equipment.","tokens":["Perform","Logic","and","Accuracy","on","voting","equipment."],"metadata":[]}],[{"content":"?","tokens":["?"],"metadata":[]}],[{"content":"Ensure the voting supplies are ready for Certification and Accreditation by the board.","tokens":["Ensure","the","voting","supplies","are","ready","for","Certification","and","Accreditation","by","the","board."],"metadata":[]}],[{"content":"?","tokens":["?"],"metadata":[]}],[{"content":"Audit and tested voting equipment before being taken to sites.","tokens":["Audit","and","tested","voting","equipment","before","being","taken","to","sites."],"metadata":[]}],[{"content":"?","tokens":["?"],"metadata":[]}],[{"content":"Audit VACs and evaluation of results.","tokens":["Audit","VACs","and","evaluation","of","results."],"metadata":[]}],[{"content":"?","tokens":["?"],"metadata":[]}],[{"content":"Batch runner in canvassing team.","tokens":["Batch","runner","in","canvassing","team."],"metadata":[]}],[{"content":"?","tokens":["?"],"metadata":[]}],[{"content":"Verify integrity reports of all equipment.","tokens":["Verify","integrity","reports","of","all","equipment."],"metadata":[]}],[{"content":"CYBER SECURITY ANALYST Monitor 2003 to 2013 evaluate and maintain systems and procedures to safeguard internal information systems.","tokens":["CYBER","SECURITY","ANALYST","Monitor","2003","to","2013","evaluate","and","maintain","systems","and","procedures","to","safeguard","internal","information","systems."],"metadata":[]}],[{"content":"?","tokens":["?"],"metadata":[]}],[{"content":"Manually review logs and provide documentation guidelines to management.","tokens":["Manually","review","logs","and","provide","documentation","guidelines","to","management."],"metadata":[]}],[{"content":"?","tokens":["?"],"metadata":[]}],[{"content":"Provided technical support to end-users who need advice, assistance and training.","tokens":["Provided","technical","support","to","end-users","who","need","advice,","assistance","and","training."],"metadata":[]}],[{"content":"?","tokens":["?"],"metadata":[]}],[{"content":"Ensured regular availability of network to the satellite campuses.","tokens":["Ensured","regular","availability","of","network","to","the","satellite","campuses."],"metadata":[]}],[{"content":"?","tokens":["?"],"metadata":[]}],[{"content":"Created and managed user account using Windows 2000/2003 and Active directory.","tokens":["Created","and","managed","user","account","using","Windows","2000/2003","and","Active","directory."],"metadata":[]}],[{"content":"?","tokens":["?"],"metadata":[]}],[{"content":"Safeguard the organization's systems, network, and web portal.","tokens":["Safeguard","the","organization's","systems,","network,","and","web","portal."],"metadata":[]}],[{"content":"?","tokens":["?"],"metadata":[]}],[{"content":"Planned and carried out security measures to monitor and protect sensitive data system from infiltration and cyber-attacks.","tokens":["Planned","and","carried","out","security","measures","to","monitor","and","protect","sensitive","data","system","from","infiltration","and","cyber-attacks."],"metadata":[]}],[{"content":"?","tokens":["?"],"metadata":[]}],[{"content":"Member of the Certification and Accreditation team.","tokens":["Member","of","the","Certification","and","Accreditation","team."],"metadata":[]}],[{"content":"?","tokens":["?"],"metadata":[]}],[{"content":"Diagnose and provide root cause analysis for application, hardware, network and operating system issues.","tokens":["Diagnose","and","provide","root","cause","analysis","for","application,","hardware,","network","and","operating","system","issues."],"metadata":[]}],[{"content":"?","tokens":["?"],"metadata":[]}],[{"content":"Perform operating system patches and updates.","tokens":["Perform","operating","system","patches","and","updates."],"metadata":[]}],[{"content":"?","tokens":["?"],"metadata":[]}],[{"content":"Monitor the security state of information system that may affect security controls.","tokens":["Monitor","the","security","state","of","information","system","that","may","affect","security","controls."],"metadata":[]}],[{"content":"?","tokens":["?"],"metadata":[]}],[{"content":"Participate in the planning, development, and analysis of IT related risk assessments.","tokens":["Participate","in","the","planning,","development,","and","analysis","of","IT","related","risk","assessments."],"metadata":[]}],[{"content":"?","tokens":["?"],"metadata":[]}],[{"content":"Conduct research on test, training, and implementing programs designed to safeguard sensitive information.","tokens":["Conduct","research","on","test,","training,","and","implementing","programs","designed","to","safeguard","sensitive","information."],"metadata":[]}],[{"content":"?","tokens":["?"],"metadata":[]}],[{"content":"Evaluate current state of information and make necessary recommendation.","tokens":["Evaluate","current","state","of","information","and","make","necessary","recommendation."],"metadata":[]}],[{"content":"?","tokens":["?"],"metadata":[]}],[{"content":"Manages, configures, and setup Windows and laptops.","tokens":["Manages,","configures,","and","setup","Windows","and","laptops."],"metadata":[]}],[{"content":"?","tokens":["?"],"metadata":[]}],[{"content":"Monitored security event logs from a centralized management console to ensure the environment is secure.","tokens":["Monitored","security","event","logs","from","a","centralized","management","console","to","ensure","the","environment","is","secure."],"metadata":[]}],[{"content":"?","tokens":["?"],"metadata":[]}],[{"content":"Substantially decreased the frequency of virus infected computers by implementing network wide upgrade.","tokens":["Substantially","decreased","the","frequency","of","virus","infected","computers","by","implementing","network","wide","upgrade."],"metadata":[]}],[{"content":"HELP DESK NCEMA 2002 to 2003 Planned and scheduled the installation of new hardware, operating systems and application software.","tokens":["HELP","DESK","NCEMA","2002","to","2003","Planned","and","scheduled","the","installation","of","new","hardware,","operating","systems","and","application","software."],"metadata":[]}],[{"content":"?","tokens":["?"],"metadata":[]}],[{"content":"Assured software and systems quality and functionality are maintained.","tokens":["Assured","software","and","systems","quality","and","functionality","are","maintained."],"metadata":[]}],[{"content":"?","tokens":["?"],"metadata":[]}],[{"content":"Maintained software and hardware inventory.","tokens":["Maintained","software","and","hardware","inventory."],"metadata":[]}],[{"content":"Education B.SC in COMPUTER SCIENCE UNIVERSITY OF ILORIN 2002 Skills It Audit, Cisa, SOX, Fisma, Cobit","tokens":["Education","B.SC","in","COMPUTER","SCIENCE","UNIVERSITY","OF","ILORIN","2002","Skills","It","Audit,","Cisa,","SOX,","Fisma,","Cobit"],"metadata":[]}]],"labelerInfo":{"id":6814,"email":"cwilhel8@jh.edu","displayName":"Chris Wilhelm"},"labelSets":[{"name":"Resume Labels","index":0,"labelItems":[{"id":"Kj5U6n9NUqTXuWcB3c_7L","labelName":"College"},{"id":"rj7TW0-ymuRo6f_asXJab","labelName":"Company Name"},{"id":"SJEkdao76hjwbb6Fh5SY6","labelName":"Job Title"},{"id":"BjO8MdvK2KI4E5iMEeY4B","labelName":"Graduation Year"},{"id":"eS2knCRgLegeRw8bcmSWA","labelName":"Skill"},{"id":"IeEoIKabMl51BJE0gX2YL","labelName":"Degree"},{"id":"1R0C50AAwFbEp2O0WmRv6","labelName":"Location"},{"id":"zQcc4ygexJ_A3Gb0NeRTk","labelName":"Years of Experience"},{"id":"52S_6moRfhjC-yXgIBeCp","labelName":"Date"},{"id":"KiLarWmwlU1E3-FfdG6Qg","labelName":"Project"},{"id":"dyxKKTAxW1z5ifjPj42BI","labelName":"Name"}]}],"spanLabels":[],"arrowLabels":[],"boundingBoxLabels":[],"timeLabels":[],"comments":[],"url":"datasaur://static/6814/8361e76a-a9dd-4c21-850b-38989e2883e1.txt"}}
