{"version":"1","data":{"project":{"id":"ODBjYmQ2MDg","name":"NLP SSM Final Project"},"document":{"id":"b907a586-6cc5-47d3-87de-052b3d7205ea","name":"resume_1775_d1.txt"},"kinds":["TOKEN_BASED"],"rows":[[{"content":"737 INDUSTRIAL ENGINEERING MANAGER Professional Summary Self-motivated, innovative and goal-oriented Industrial Engineer, Project Manager and Team Leader dedicated to boosting company revenue through exceptional leadership and rigorous cost and schedule control techniques.","tokens":["737","INDUSTRIAL","ENGINEERING","MANAGER","Professional","Summary","Self-motivated,","innovative","and","goal-oriented","Industrial","Engineer,","Project","Manager","and","Team","Leader","dedicated","to","boosting","company","revenue","through","exceptional","leadership","and","rigorous","cost","and","schedule","control","techniques."],"metadata":[]}],[{"content":"Desires the opportunity to revamp processes and procedures and increase efficiency and product quality.","tokens":["Desires","the","opportunity","to","revamp","processes","and","procedures","and","increase","efficiency","and","product","quality."],"metadata":[]}],[{"content":"Skills Project planning and development Strategic planning Lean manufacturing and design Analytical Personable Dedicated team player Procedure development Dependable Work History 737 Industrial Engineering Manager 01/2014 to Current Company Name – City , State Manage and lead an Industrial Engineering team in support of the 737 Wing Seal, Test, Paint and Systems Installation build processes.","tokens":["Skills","Project","planning","and","development","Strategic","planning","Lean","manufacturing","and","design","Analytical","Personable","Dedicated","team","player","Procedure","development","Dependable","Work","History","737","Industrial","Engineering","Manager","01/2014","to","Current","Company","Name","–","City",",","State","Manage","and","lead","an","Industrial","Engineering","team","in","support","of","the","737","Wing","Seal,","Test,","Paint","and","Systems","Installation","build","processes."],"metadata":[]}],[{"content":"Lead my team in their daily activities such as production scheduling / cycling, managing the shop operating rhythm, and process improvement implementation resulting in over $1.5M in cost savings.","tokens":["Lead","my","team","in","their","daily","activities","such","as","production","scheduling","/","cycling,","managing","the","shop","operating","rhythm,","and","process","improvement","implementation","resulting","in","over","$1.5M","in","cost","savings."],"metadata":[]}],[{"content":"Lead team to track metrics and manage major shop recoveries that impact Final Assembly and/or Delivery Lead team to use Lean tools in order to continuously Root Cause issues/opportunities and drive improvements into the business plan Support 2 manufacturing Senior Managers and Wings Director in several Rate and MAX readiness projects Manage Opportunities and Risks for recurring and nonrecurring statement of work Lead and continue to develop a 4 sustaining Employee Involvement Team that is also 5.0 5S.","tokens":["Lead","team","to","track","metrics","and","manage","major","shop","recoveries","that","impact","Final","Assembly","and/or","Delivery","Lead","team","to","use","Lean","tools","in","order","to","continuously","Root","Cause","issues/opportunities","and","drive","improvements","into","the","business","plan","Support","2","manufacturing","Senior","Managers","and","Wings","Director","in","several","Rate","and","MAX","readiness","projects","Manage","Opportunities","and","Risks","for","recurring","and","nonrecurring","statement","of","work","Lead","and","continue","to","develop","a","4","sustaining","Employee","Involvement","Team","that","is","also","5.0","5S."],"metadata":[]}],[{"content":"Industrial Engineer / Project Manager 09/2008 to 12/2009 Company Name – City , State responsible for managing complete Sine Wave Fab-Cell statement of work (including M&PT developmental SOW) and work break-down structure (MS Project) for Fabrication Division Floor Beam developmental project for 787-9 implementation.","tokens":["Industrial","Engineer","/","Project","Manager","09/2008","to","12/2009","Company","Name","–","City",",","State","responsible","for","managing","complete","Sine","Wave","Fab-Cell","statement","of","work","(including","M&PT","developmental","SOW)","and","work","break-down","structure","(MS","Project)","for","Fabrication","Division","Floor","Beam","developmental","project","for","787-9","implementation."],"metadata":[]}],[{"content":"Negotiated priorities and schedule in DIE exercises with cross functional team (M&PT, Supplier Mgmt, Program Engineering, Tooling, etc.) Integrated with program to perform risk analysis (Boris, etc.) and then worked to mitigate risks to the program by transferring knowledge and technology for production integration at TAL, India.","tokens":["Negotiated","priorities","and","schedule","in","DIE","exercises","with","cross","functional","team","(M&PT,","Supplier","Mgmt,","Program","Engineering,","Tooling,","etc.)","Integrated","with","program","to","perform","risk","analysis","(Boris,","etc.)","and","then","worked","to","mitigate","risks","to","the","program","by","transferring","knowledge","and","technology","for","production","integration","at","TAL,","India."],"metadata":[]}],[{"content":"Developed/Provided status and metrics to divisional and program executives.","tokens":["Developed/Provided","status","and","metrics","to","divisional","and","program","executives."],"metadata":[]}],[{"content":"Shared responsibility with Fabrication Estimating to develop cost estimates for division and program.","tokens":["Shared","responsibility","with","Fabrication","Estimating","to","develop","cost","estimates","for","division","and","program."],"metadata":[]}],[{"content":"Fabrication Division focal for Ti-Hybrid Floor Beams FAA cert hardware and allowables.","tokens":["Fabrication","Division","focal","for","Ti-Hybrid","Floor","Beams","FAA","cert","hardware","and","allowables."],"metadata":[]}],[{"content":"Integrated with SMA/SDT to develop producible test plans.","tokens":["Integrated","with","SMA/SDT","to","develop","producible","test","plans."],"metadata":[]}],[{"content":"As the Fab-Cell - 787 Sine Wave - Shop I.E., Lead Green Rooms to make sure all aspects of production are accounted for.","tokens":["As","the","Fab-Cell","-","787","Sine","Wave","-","Shop","I.E.,","Lead","Green","Rooms","to","make","sure","all","aspects","of","production","are","accounted","for."],"metadata":[]}],[{"content":"Material, component procurement, tooling, programming, ME planning, etc.) Analyzed value stream including capabilities and capacity to develop interdivisional forecasts, schedule commitments, critical paths and manufacturing risks to program.","tokens":["Material,","component","procurement,","tooling,","programming,","ME","planning,","etc.)","Analyzed","value","stream","including","capabilities","and","capacity","to","develop","interdivisional","forecasts,","schedule","commitments,","critical","paths","and","manufacturing","risks","to","program."],"metadata":[]}],[{"content":"Negotiated with other organizations to utilize equipment/process capabilities necessary to complete Sine Wave Fab-Cell SOW.","tokens":["Negotiated","with","other","organizations","to","utilize","equipment/process","capabilities","necessary","to","complete","Sine","Wave","Fab-Cell","SOW."],"metadata":[]}],[{"content":"Loaded and set the priorities in the shop based on participation in developing strategy with all program stakeholders.","tokens":["Loaded","and","set","the","priorities","in","the","shop","based","on","participation","in","developing","strategy","with","all","program","stakeholders."],"metadata":[]}],[{"content":"Developed Schedule Mitigation scenarios as part of recovery planning exercises in order to meet high level strategies.","tokens":["Developed","Schedule","Mitigation","scenarios","as","part","of","recovery","planning","exercises","in","order","to","meet","high","level","strategies."],"metadata":[]}],[{"content":"Sole Industrial Engineer responsible for technology transfer to production in India.","tokens":["Sole","Industrial","Engineer","responsible","for","technology","transfer","to","production","in","India."],"metadata":[]}],[{"content":"Independently developed statistical models and spreadsheets to analyze data on tolerances throughout the product lifecycle to determine that work statement meets program production requirements.","tokens":["Independently","developed","statistical","models","and","spreadsheets","to","analyze","data","on","tolerances","throughout","the","product","lifecycle","to","determine","that","work","statement","meets","program","production","requirements."],"metadata":[]}],[{"content":"Participated in Design Of Experiments (Using DMAIC) and strategy to obtain the right data and sample size to prove process capabilities/limitations and production readiness.","tokens":["Participated","in","Design","Of","Experiments","(Using","DMAIC)","and","strategy","to","obtain","the","right","data","and","sample","size","to","prove","process","capabilities/limitations","and","production","readiness."],"metadata":[]}],[{"content":"Analyzed data to define tooling compensation factors for Production tooling.","tokens":["Analyzed","data","to","define","tooling","compensation","factors","for","Production","tooling."],"metadata":[]}],[{"content":"Participated as a manufacturing producibility representative in a weekly engineering configuration meeting that sets product baseline designs.","tokens":["Participated","as","a","manufacturing","producibility","representative","in","a","weekly","engineering","configuration","meeting","that","sets","product","baseline","designs."],"metadata":[]}],[{"content":"Assessed production equipment capacity in relation to takt time as a function of analyzing rate readiness.","tokens":["Assessed","production","equipment","capacity","in","relation","to","takt","time","as","a","function","of","analyzing","rate","readiness."],"metadata":[]}],[{"content":"Co-lead product marketing strategy for expanding Sine Wave Structure opportunities to future airframe applications.","tokens":["Co-lead","product","marketing","strategy","for","expanding","Sine","Wave","Structure","opportunities","to","future","airframe","applications."],"metadata":[]}],[{"content":"Industrial Engineer 12/2005 to 09/2008 Company Name – City , State responsible for business strategy and special projects utilizing project/people management skills.","tokens":["Industrial","Engineer","12/2005","to","09/2008","Company","Name","–","City",",","State","responsible","for","business","strategy","and","special","projects","utilizing","project/people","management","skills."],"metadata":[]}],[{"content":"Created an integrated system for large package capacity/forecast planning for Boeing's tooling business.","tokens":["Created","an","integrated","system","for","large","package","capacity/forecast","planning","for","Boeing's","tooling","business."],"metadata":[]}],[{"content":"Independently developed and implemented a dynamic Daily Management and Load Chart System.","tokens":["Independently","developed","and","implemented","a","dynamic","Daily","Management","and","Load","Chart","System."],"metadata":[]}],[{"content":"Developed hands on scheduling tools for production management.","tokens":["Developed","hands","on","scheduling","tools","for","production","management."],"metadata":[]}],[{"content":"Member of Auburn Site Core metrics and South Site IE Process Council that promotes best practices.","tokens":["Member","of","Auburn","Site","Core","metrics","and","South","Site","IE","Process","Council","that","promotes","best","practices."],"metadata":[]}],[{"content":"Lean focal for ATS.","tokens":["Lean","focal","for","ATS."],"metadata":[]}],[{"content":"AIW certification - Utilized lean projects and ran workshops to enhance customer alignment and engagement ATS metrics and systems focal - Established a shop floor metric package to enable management visibility of actual factory performance.","tokens":["AIW","certification","-","Utilized","lean","projects","and","ran","workshops","to","enhance","customer","alignment","and","engagement","ATS","metrics","and","systems","focal","-","Established","a","shop","floor","metric","package","to","enable","management","visibility","of","actual","factory","performance."],"metadata":[]}],[{"content":"Developed IE applications for new MES system (Tooling's ERP).","tokens":["Developed","IE","applications","for","new","MES","system","(Tooling's","ERP)."],"metadata":[]}],[{"content":"Industrial Engineering Supervisor 07/2010 to 01/2014 Company Name – City , State Managed and Led a team of Industrial Engineers in their daily activities (shop capacity planning/scheduling, tooling project management and process improvement implementation) Responsible for managing the Business Plan and resource allocation for the PPMO (Tooling / Equipment Services - 500+ employees) Oversaw the Project Management of the tooling major projects that will (do) allow the site to achieve our rate increases for 35, 38 and 42+ airplanes per month Integrated with the MAX Leadership team to develop an implementation plan on how to incorporate and transition to the MAX using our current facility and platform Led the Lean Steering team and Lean Strategy for the PPMO to identify and implement process improvements throughout the 737 Boeing Production System Participated as a PPMO Leadership Team member to develop the strategy, vision and priorities for the organization side job) BCA Puget Sound IE Skill Team Captain for the Industrial Engineering Puget Sound Central Site - managing and continuously improving the skill acquistion, development and retention processes.","tokens":["Industrial","Engineering","Supervisor","07/2010","to","01/2014","Company","Name","–","City",",","State","Managed","and","Led","a","team","of","Industrial","Engineers","in","their","daily","activities","(shop","capacity","planning/scheduling,","tooling","project","management","and","process","improvement","implementation)","Responsible","for","managing","the","Business","Plan","and","resource","allocation","for","the","PPMO","(Tooling","/","Equipment","Services","-","500+","employees)","Oversaw","the","Project","Management","of","the","tooling","major","projects","that","will","(do)","allow","the","site","to","achieve","our","rate","increases","for","35,","38","and","42+","airplanes","per","month","Integrated","with","the","MAX","Leadership","team","to","develop","an","implementation","plan","on","how","to","incorporate","and","transition","to","the","MAX","using","our","current","facility","and","platform","Led","the","Lean","Steering","team","and","Lean","Strategy","for","the","PPMO","to","identify","and","implement","process","improvements","throughout","the","737","Boeing","Production","System","Participated","as","a","PPMO","Leadership","Team","member","to","develop","the","strategy,","vision","and","priorities","for","the","organization","side","job)","BCA","Puget","Sound","IE","Skill","Team","Captain","for","the","Industrial","Engineering","Puget","Sound","Central","Site","-","managing","and","continuously","improving","the","skill","acquistion,","development","and","retention","processes."],"metadata":[]}],[{"content":"Industrial Engineer / Project Manager 12/2009 to 07/2010 Company Name – City , State December 4th, 2009 - July 30th, 2010.","tokens":["Industrial","Engineer","/","Project","Manager","12/2009","to","07/2010","Company","Name","–","City",",","State","December","4th,","2009","-","July","30th,","2010."],"metadata":[]}],[{"content":"Industrial Engineer / Project Manager for the Core Integration team and Interiors Responsibility Center South Carolina Project.","tokens":["Industrial","Engineer","/","Project","Manager","for","the","Core","Integration","team","and","Interiors","Responsibility","Center","South","Carolina","Project."],"metadata":[]}],[{"content":"Responsible for managing all Business and Operation functions including staffing, training, tooling, capital equipment, baseline statement of work, baseline schedules, and program management best practices.","tokens":["Responsible","for","managing","all","Business","and","Operation","functions","including","staffing,","training,","tooling,","capital","equipment,","baseline","statement","of","work,","baseline","schedules,","and","program","management","best","practices."],"metadata":[]}],[{"content":"Responsible for leading a team of Interior's project managers to develop integrated implementation plans utilizing standard processes, metrics for executive review, and best practices such as RIO, Change Management, and Financial Planning.","tokens":["Responsible","for","leading","a","team","of","Interior's","project","managers","to","develop","integrated","implementation","plans","utilizing","standard","processes,","metrics","for","executive","review,","and","best","practices","such","as","RIO,","Change","Management,","and","Financial","Planning."],"metadata":[]}],[{"content":"Responsible for managing all opportunities and risks associated with the Implementation of a new Interiors facility in South Carolina.","tokens":["Responsible","for","managing","all","opportunities","and","risks","associated","with","the","Implementation","of","a","new","Interiors","facility","in","South","Carolina."],"metadata":[]}],[{"content":"Led the Interior's project effort all the way from gathering data at initial conception, to making a recommendation on an Independent Sourcing solution, through approvals, and into getting funding authorization in order to release Long Lead Capital.","tokens":["Led","the","Interior's","project","effort","all","the","way","from","gathering","data","at","initial","conception,","to","making","a","recommendation","on","an","Independent","Sourcing","solution,","through","approvals,","and","into","getting","funding","authorization","in","order","to","release","Long","Lead","Capital."],"metadata":[]}],[{"content":"Work cross functionally with Fabrication and Program Business Operations (formally known as PMO) on Program Directives / Decision Memos.","tokens":["Work","cross","functionally","with","Fabrication","and","Program","Business","Operations","(formally","known","as","PMO)","on","Program","Directives","/","Decision","Memos."],"metadata":[]}],[{"content":"Education MBA : Business Administration 2008 Seattle University -","tokens":["Education","MBA",":","Business","Administration","2008","Seattle","University","-"],"metadata":[]}],[{"content":"City ,","tokens":["City",","],"metadata":[]}],[{"content":"State Bachelors of Science : Industrial Engineering 6 2014 University of Washington -","tokens":["State","Bachelors","of","Science",":","Industrial","Engineering","6","2014","University","of","Washington","-"],"metadata":[]}],[{"content":"Industrial Engineering Project Management Certification - Stevens Institute -","tokens":["Industrial","Engineering","Project","Management","Certification","-","Stevens","Institute","-"],"metadata":[]}],[{"content":"Accomplishments Has led and managed teams of Project Managers and Industrial Engineers Has worked with Employee Involvement/Engagement Teams to improve processes in the office and factory floor.","tokens":["Accomplishments","Has","led","and","managed","teams","of","Project","Managers","and","Industrial","Engineers","Has","worked","with","Employee","Involvement/Engagement","Teams","to","improve","processes","in","the","office","and","factory","floor."],"metadata":[]}],[{"content":"Accelerated Improvement Workshop Certification Outgoing personality Honest and easy going Quick study and very dependable High sense of personal responsibility.","tokens":["Accelerated","Improvement","Workshop","Certification","Outgoing","personality","Honest","and","easy","going","Quick","study","and","very","dependable","High","sense","of","personal","responsibility."],"metadata":[]}],[{"content":"Skills Assembly, BCA, Business Operations, Business Plan, business strategy, capacity planning, Change Management, hardware, Council, Delivery, Design Of Experiments, Engineer, ERP, Estimating, Financial Planning, functional, IE, Leadership, Director, people management, Mgmt, managing, product marketing, MAX, MES, MS Project, Paint, process improvement, processes, procurement, production management, program management, programming, Project Management, risk analysis, scheduling, Sound, spreadsheets, staffing, Strategy, TAL, vision, workshops","tokens":["Skills","Assembly,","BCA,","Business","Operations,","Business","Plan,","business","strategy,","capacity","planning,","Change","Management,","hardware,","Council,","Delivery,","Design","Of","Experiments,","Engineer,","ERP,","Estimating,","Financial","Planning,","functional,","IE,","Leadership,","Director,","people","management,","Mgmt,","managing,","product","marketing,","MAX,","MES,","MS","Project,","Paint,","process","improvement,","processes,","procurement,","production","management,","program","management,","programming,","Project","Management,","risk","analysis,","scheduling,","Sound,","spreadsheets,","staffing,","Strategy,","TAL,","vision,","workshops"],"metadata":[]}]],"labelerInfo":{"id":6814,"email":"cwilhel8@jh.edu","displayName":"Chris Wilhelm"},"labelSets":[{"name":"Resume Labels","index":0,"labelItems":[{"id":"Kj5U6n9NUqTXuWcB3c_7L","labelName":"College"},{"id":"rj7TW0-ymuRo6f_asXJab","labelName":"Company Name"},{"id":"SJEkdao76hjwbb6Fh5SY6","labelName":"Job Title"},{"id":"BjO8MdvK2KI4E5iMEeY4B","labelName":"Graduation Year"},{"id":"eS2knCRgLegeRw8bcmSWA","labelName":"Skill"},{"id":"IeEoIKabMl51BJE0gX2YL","labelName":"Degree"},{"id":"1R0C50AAwFbEp2O0WmRv6","labelName":"Location"},{"id":"zQcc4ygexJ_A3Gb0NeRTk","labelName":"Years of Experience"},{"id":"52S_6moRfhjC-yXgIBeCp","labelName":"Date"},{"id":"KiLarWmwlU1E3-FfdG6Qg","labelName":"Project"},{"id":"dyxKKTAxW1z5ifjPj42BI","labelName":"Name"}]}],"spanLabels":[],"arrowLabels":[],"boundingBoxLabels":[],"timeLabels":[],"comments":[],"url":"datasaur://static/6814/b907a586-6cc5-47d3-87de-052b3d7205ea.txt"}}
