{"version":"1","data":{"project":{"id":"ODBjYmQ2MDg","name":"NLP SSM Final Project"},"document":{"id":"dbfcf87f-0f03-4099-94d4-6cc7b2b7e885","name":"resume_6207_d2.txt"},"kinds":["TOKEN_BASED"],"rows":[[{"content":"Systems Administrator Systems Administrator IT Professional & Computer Science Student Las Vegas, NV IT professional with an interest in all things technology.","tokens":["Systems","Administrator","Systems","Administrator","IT","Professional","&","Computer","Science","Student","Las","Vegas,","NV","IT","professional","with","an","interest","in","all","things","technology."],"metadata":[]}],[{"content":"Currently working on my Computer Science degree through Oregon State's eCampus.","tokens":["Currently","working","on","my","Computer","Science","degree","through","Oregon","State's","eCampus."],"metadata":[]}],[{"content":"Authorized to work in the US for any employer Work Experience Systems Administrator WestStar Credit Union - Las Vegas, NV April 2018 to July 2018 Managed new hires and terminations in Active Directory, Exchange, and financial applications.","tokens":["Authorized","to","work","in","the","US","for","any","employer","Work","Experience","Systems","Administrator","WestStar","Credit","Union","-","Las","Vegas,","NV","April","2018","to","July","2018","Managed","new","hires","and","terminations","in","Active","Directory,","Exchange,","and","financial","applications."],"metadata":[]}],[{"content":"Created and maintained knowledge base for IT documentation using the MediaWiki platform.","tokens":["Created","and","maintained","knowledge","base","for","IT","documentation","using","the","MediaWiki","platform."],"metadata":[]}],[{"content":"Wrote programs in our core banking platform to generate data reports for IT and other departments.","tokens":["Wrote","programs","in","our","core","banking","platform","to","generate","data","reports","for","IT","and","other","departments."],"metadata":[]}],[{"content":"Examples of reports include statistics on account closures & openings, ATM usage, savings & checking account usage, etc. IT Support Technician WestStar Credit Union - Las Vegas, NV November 2016 to April 2018 Functioned as help desk and desktop support for 100+ Windows 7 PCs and 80+ users.","tokens":["Examples","of","reports","include","statistics","on","account","closures","&","openings,","ATM","usage,","savings","&","checking","account","usage,","etc.","IT","Support","Technician","WestStar","Credit","Union","-","Las","Vegas,","NV","November","2016","to","April","2018","Functioned","as","help","desk","and","desktop","support","for","100+","Windows","7","PCs","and","80+","users."],"metadata":[]}],[{"content":"Handled service requests over the phone, through emails, and tickets.","tokens":["Handled","service","requests","over","the","phone,","through","emails,","and","tickets."],"metadata":[]}],[{"content":"Visited local branches to install new equipment and perform maintenance.","tokens":["Visited","local","branches","to","install","new","equipment","and","perform","maintenance."],"metadata":[]}],[{"content":"Worked with Dell OptiPlex PCs.","tokens":["Worked","with","Dell","OptiPlex","PCs."],"metadata":[]}],[{"content":"Created basic scripts using PowerShell to automate tasks such as account creation & disabling.","tokens":["Created","basic","scripts","using","PowerShell","to","automate","tasks","such","as","account","creation","&","disabling."],"metadata":[]}],[{"content":"Assisted systems administrator with onboarding and offboarding users in Active Directory, imaging PCs, and other duties.","tokens":["Assisted","systems","administrator","with","onboarding","and","offboarding","users","in","Active","Directory,","imaging","PCs,","and","other","duties."],"metadata":[]}],[{"content":"Computer Lab Monitor The University of Alabama - Tuscaloosa, AL August 2013 to December 2013 Instructed teachers and students on how to use lab equipment, and offered basic troubleshooting when needed.","tokens":["Computer","Lab","Monitor","The","University","of","Alabama","-","Tuscaloosa,","AL","August","2013","to","December","2013","Instructed","teachers","and","students","on","how","to","use","lab","equipment,","and","offered","basic","troubleshooting","when","needed."],"metadata":[]}],[{"content":"Maintained lab equipment, and refilled supplies.","tokens":["Maintained","lab","equipment,","and","refilled","supplies."],"metadata":[]}],[{"content":"Education BS in Computer Science Oregon State University (eCampus) July 2018 to June 2020 BA in English Literature The University of Alabama - Tuscaloosa, AL May 2016 Skills Active Directory (2 years), Help Desk (2 years), Windows 7 (2 years), Exchange Server (1 year), Powershell (1 year), Desktop Support (2 years), Troubleshooting (2 years) Certifications/Licenses CompTIA A+ June 2016 to October 2020 https://www.certmetrics.com/comptia/public/verification.aspx?code=6DFZKTXEND142KSJ CompTIA Network+ July 2017 to October 2020 https://www.certmetrics.com/comptia/public/verification.aspx?code=4520E8QPGLFQQ5GG CompTIA Security+ October 2017 to October 2020 https://www.certmetrics.com/comptia/public/verification.aspx?code=W129F8WPEP141F5X","tokens":["Education","BS","in","Computer","Science","Oregon","State","University","(eCampus)","July","2018","to","June","2020","BA","in","English","Literature","The","University","of","Alabama","-","Tuscaloosa,","AL","May","2016","Skills","Active","Directory","(2","years),","Help","Desk","(2","years),","Windows","7","(2","years),","Exchange","Server","(1","year),","Powershell","(1","year),","Desktop","Support","(2","years),","Troubleshooting","(2","years)","Certifications/Licenses","CompTIA","A+","June","2016","to","October","2020","https://www.certmetrics.com/comptia/public/verification.aspx?code=6DFZKTXEND142KSJ","CompTIA","Network+","July","2017","to","October","2020","https://www.certmetrics.com/comptia/public/verification.aspx?code=4520E8QPGLFQQ5GG","CompTIA","Security+","October","2017","to","October","2020","https://www.certmetrics.com/comptia/public/verification.aspx?code=W129F8WPEP141F5X"],"metadata":[]}]],"labelerInfo":{"id":6814,"email":"cwilhel8@jh.edu","displayName":"Chris Wilhelm"},"labelSets":[{"name":"Resume Labels","index":0,"labelItems":[{"id":"Kj5U6n9NUqTXuWcB3c_7L","labelName":"College"},{"id":"rj7TW0-ymuRo6f_asXJab","labelName":"Company Name"},{"id":"SJEkdao76hjwbb6Fh5SY6","labelName":"Job Title"},{"id":"BjO8MdvK2KI4E5iMEeY4B","labelName":"Graduation Year"},{"id":"eS2knCRgLegeRw8bcmSWA","labelName":"Skill"},{"id":"IeEoIKabMl51BJE0gX2YL","labelName":"Degree"},{"id":"1R0C50AAwFbEp2O0WmRv6","labelName":"Location"},{"id":"zQcc4ygexJ_A3Gb0NeRTk","labelName":"Years of Experience"},{"id":"52S_6moRfhjC-yXgIBeCp","labelName":"Date"},{"id":"KiLarWmwlU1E3-FfdG6Qg","labelName":"Project"},{"id":"dyxKKTAxW1z5ifjPj42BI","labelName":"Name"}]}],"spanLabels":[],"arrowLabels":[],"boundingBoxLabels":[],"timeLabels":[],"comments":[],"url":"datasaur://static/6814/dbfcf87f-0f03-4099-94d4-6cc7b2b7e885.txt"}}
