{"version":"1","data":{"project":{"id":"ODBjYmQ2MDg","name":"NLP SSM Final Project"},"document":{"id":"148b7501-1c98-42ba-82e6-e8faf99abc83","name":"resume_1884_d1.txt"},"kinds":["TOKEN_BASED"],"rows":[[{"content":"SUPERVISOR ACCOUNTANT Professional Summary Ability to work in a fast paced, deadline driven environment, independently or as a team.","tokens":["SUPERVISOR","ACCOUNTANT","Professional","Summary","Ability","to","work","in","a","fast","paced,","deadline","driven","environment,","independently","or","as","a","team."],"metadata":[]}],[{"content":"Core Qualifications Microsoft Office, advanced Excel, PowerPoint, MS Access, Atlas, Windows 95 - XP, Harvard Graphics, QuickBooks, NGS Systems (Net Global Solutions Systems), People Soft, SAP, Quicken, Nanovision, 2-Tier, Phoenix (E1), and Business Objects.","tokens":["Core","Qualifications","Microsoft","Office,","advanced","Excel,","PowerPoint,","MS","Access,","Atlas,","Windows","95","-","XP,","Harvard","Graphics,","QuickBooks,","NGS","Systems","(Net","Global","Solutions","Systems),","People","Soft,","SAP,","Quicken,","Nanovision,","2-Tier,","Phoenix","(E1),","and","Business","Objects."],"metadata":[]}],[{"content":"Experience Supervisor Accountant July 2015 to Current Company Name － City , State Performed financial reporting activities for the Ichthys Project.","tokens":["Experience","Supervisor","Accountant","July","2015","to","Current","Company","Name","－","City",",","State","Performed","financial","reporting","activities","for","the","Ichthys","Project."],"metadata":[]}],[{"content":"Specific responsibilities included the following Financial Reporting including variance analysis of P&L's and Balance Sheet.","tokens":["Specific","responsibilities","included","the","following","Financial","Reporting","including","variance","analysis","of","P&L's","and","Balance","Sheet."],"metadata":[]}],[{"content":"Project accounting including billing and month end closeout for assigned projects.","tokens":["Project","accounting","including","billing","and","month","end","closeout","for","assigned","projects."],"metadata":[]}],[{"content":"Sarbanes Oxley compliance/FCPA - Quarterly testing of internal controls.","tokens":["Sarbanes","Oxley","compliance/FCPA","-","Quarterly","testing","of","internal","controls."],"metadata":[]}],[{"content":"Responsible for preparing budgeting and forecasting.","tokens":["Responsible","for","preparing","budgeting","and","forecasting."],"metadata":[]}],[{"content":"Account reconciliations and analysis of balance sheet accounts.","tokens":["Account","reconciliations","and","analysis","of","balance","sheet","accounts."],"metadata":[]}],[{"content":"Monitoring of project accounts receivables, unbilled, unearned and financial performance.","tokens":["Monitoring","of","project","accounts","receivables,","unbilled,","unearned","and","financial","performance."],"metadata":[]}],[{"content":"Responsible for preparing Backlog Roll Forward for Ichthys.","tokens":["Responsible","for","preparing","Backlog","Roll","Forward","for","Ichthys."],"metadata":[]}],[{"content":"Prepare PowerPoint presentations, charts, and graphs.","tokens":["Prepare","PowerPoint","presentations,","charts,","and","graphs."],"metadata":[]}],[{"content":"Attend Monthly and Quarter PSR/PFSR meeting.","tokens":["Attend","Monthly","and","Quarter","PSR/PFSR","meeting."],"metadata":[]}],[{"content":"Performance of ad-hoc request and special projects as required.","tokens":["Performance","of","ad-hoc","request","and","special","projects","as","required."],"metadata":[]}],[{"content":"Lead Accountant July 2008 to July 2015 Company Name － City , State Performed financial reporting activities within the Government, Infrastructure and Minerals product line.","tokens":["Lead","Accountant","July","2008","to","July","2015","Company","Name","－","City",",","State","Performed","financial","reporting","activities","within","the","Government,","Infrastructure","and","Minerals","product","line."],"metadata":[]}],[{"content":"Specific responsibilities included the following Financial Reporting including variance analysis of P&L's and Balance Sheet.","tokens":["Specific","responsibilities","included","the","following","Financial","Reporting","including","variance","analysis","of","P&L's","and","Balance","Sheet."],"metadata":[]}],[{"content":"Project accounting including billing and month end closeout for assigned projects.","tokens":["Project","accounting","including","billing","and","month","end","closeout","for","assigned","projects."],"metadata":[]}],[{"content":"Sarbanes Oxley compliance - Quarterly testing of internal controls.","tokens":["Sarbanes","Oxley","compliance","-","Quarterly","testing","of","internal","controls."],"metadata":[]}],[{"content":"Assist with budgeting and forecasting.","tokens":["Assist","with","budgeting","and","forecasting."],"metadata":[]}],[{"content":"Account reconciliations and analysis of balance sheet accounts.","tokens":["Account","reconciliations","and","analysis","of","balance","sheet","accounts."],"metadata":[]}],[{"content":"Monitoring of project accounts receivables, unbilled, unearned and financial performance.","tokens":["Monitoring","of","project","accounts","receivables,","unbilled,","unearned","and","financial","performance."],"metadata":[]}],[{"content":"Responsible for preparing Backlog Roll Forward for Infrastructure and Minerals.","tokens":["Responsible","for","preparing","Backlog","Roll","Forward","for","Infrastructure","and","Minerals."],"metadata":[]}],[{"content":"Assist in preparing PowerPoint presentations, charts, and graphs.","tokens":["Assist","in","preparing","PowerPoint","presentations,","charts,","and","graphs."],"metadata":[]}],[{"content":"Performance of ad-hoc request and special projects as required.","tokens":["Performance","of","ad-hoc","request","and","special","projects","as","required."],"metadata":[]}],[{"content":"Senior Accountant December 2007 to June 2008 Company Name － City , State Review the SSC general ledger accounts and make correcting entries.","tokens":["Senior","Accountant","December","2007","to","June","2008","Company","Name","－","City",",","State","Review","the","SSC","general","ledger","accounts","and","make","correcting","entries."],"metadata":[]}],[{"content":"Performs account analysis and reconciliation.","tokens":["Performs","account","analysis","and","reconciliation."],"metadata":[]}],[{"content":"Create and maintain ad hoc reports and reporting databases such as Access and Excel.","tokens":["Create","and","maintain","ad","hoc","reports","and","reporting","databases","such","as","Access","and","Excel."],"metadata":[]}],[{"content":"Monitor SSC process execution for SOX compliance, and coordinates testing activities with auditors.","tokens":["Monitor","SSC","process","execution","for","SOX","compliance,","and","coordinates","testing","activities","with","auditors."],"metadata":[]}],[{"content":"Generate and analyze process performance metrics.","tokens":["Generate","and","analyze","process","performance","metrics."],"metadata":[]}],[{"content":"Assists in developing and testing automated tools such as Lotus Notes and SSC webpage.","tokens":["Assists","in","developing","and","testing","automated","tools","such","as","Lotus","Notes","and","SSC","webpage."],"metadata":[]}],[{"content":"Assist in preparing PowerPoint presentations, charts, and graphs.","tokens":["Assist","in","preparing","PowerPoint","presentations,","charts,","and","graphs."],"metadata":[]}],[{"content":"Reconcile intercompany balances with 18 sister companies.","tokens":["Reconcile","intercompany","balances","with","18","sister","companies."],"metadata":[]}],[{"content":"Prepare accounts payable accruals.","tokens":["Prepare","accounts","payable","accruals."],"metadata":[]}],[{"content":"Reconcile AP accruals, payroll transactions, and fixed assets.","tokens":["Reconcile","AP","accruals,","payroll","transactions,","and","fixed","assets."],"metadata":[]}],[{"content":"Set up fixed assets in JDE for depreciation expense.","tokens":["Set","up","fixed","assets","in","JDE","for","depreciation","expense."],"metadata":[]}],[{"content":"Pay monthly lease for vehicles and gas cards.","tokens":["Pay","monthly","lease","for","vehicles","and","gas","cards."],"metadata":[]}],[{"content":"Prepare monthly financial reports and tax packages.","tokens":["Prepare","monthly","financial","reports","and","tax","packages."],"metadata":[]}],[{"content":"Prepare monthly forecast analysis and summary variance explanations.","tokens":["Prepare","monthly","forecast","analysis","and","summary","variance","explanations."],"metadata":[]}],[{"content":"Senior Financial Analyst October 2005 to October 2007 Company Name － City , State 20th Century Fox Home Entertainment one of the world's most recognized and respected producers and distributors of films and television programs) Researched and analyzed licensee royalty statements, reconciled local office financial statements, evaluated company's position by using multiple schedules (e.g., sum cost, revenue and contribution), forecasted month-to-date, prepared and analyzed monthly forecast, prepared quarterly forecast statements and presented findings to senior management.","tokens":["Senior","Financial","Analyst","October","2005","to","October","2007","Company","Name","－","City",",","State","20th","Century","Fox","Home","Entertainment","one","of","the","world's","most","recognized","and","respected","producers","and","distributors","of","films","and","television","programs)","Researched","and","analyzed","licensee","royalty","statements,","reconciled","local","office","financial","statements,","evaluated","company's","position","by","using","multiple","schedules","(e.g.,","sum","cost,","revenue","and","contribution),","forecasted","month-to-date,","prepared","and","analyzed","monthly","forecast,","prepared","quarterly","forecast","statements","and","presented","findings","to","senior","management."],"metadata":[]}],[{"content":"Prepared, maintained and reviewed forecasts.","tokens":["Prepared,","maintained","and","reviewed","forecasts."],"metadata":[]}],[{"content":"Set up projects in PeopleSoft.","tokens":["Set","up","projects","in","PeopleSoft."],"metadata":[]}],[{"content":"Performed month-end close activities.","tokens":["Performed","month-end","close","activities."],"metadata":[]}],[{"content":"Individually analyzed and prepared production actual.","tokens":["Individually","analyzed","and","prepared","production","actual."],"metadata":[]}],[{"content":"Analyzed and prepared month-to-date and year-to-date variance explanations.","tokens":["Analyzed","and","prepared","month-to-date","and","year-to-date","variance","explanations."],"metadata":[]}],[{"content":"Prepared journal entries and coordinated with senior management to input book entries into People Soft.","tokens":["Prepared","journal","entries","and","coordinated","with","senior","management","to","input","book","entries","into","People","Soft."],"metadata":[]}],[{"content":"Performed financial analysis as requested.","tokens":["Performed","financial","analysis","as","requested."],"metadata":[]}],[{"content":"Prepared licensee royalty statement to be uploaded into Atlas.","tokens":["Prepared","licensee","royalty","statement","to","be","uploaded","into","Atlas."],"metadata":[]}],[{"content":"Prepared and processed journal entries to be uploaded into PeopleSoft.","tokens":["Prepared","and","processed","journal","entries","to","be","uploaded","into","PeopleSoft."],"metadata":[]}],[{"content":"General Accountant June 2005 to August 2005 Company Name － City , State Supervised over a 120 different accounts within the United States by using Nanovision.","tokens":["General","Accountant","June","2005","to","August","2005","Company","Name","－","City",",","State","Supervised","over","a","120","different","accounts","within","the","United","States","by","using","Nanovision."],"metadata":[]}],[{"content":"Adjusted journal entries to balance general ledger.","tokens":["Adjusted","journal","entries","to","balance","general","ledger."],"metadata":[]}],[{"content":"Handled bookkeeping monthly byusing Nanovision and Excel.","tokens":["Handled","bookkeeping","monthly","byusing","Nanovision","and","Excel."],"metadata":[]}],[{"content":"Provided bank reconciliations for month-end closing statement for each account.","tokens":["Provided","bank","reconciliations","for","month-end","closing","statement","for","each","account."],"metadata":[]}],[{"content":"Accountant September 2004 to January 2005 Company Name － City , State Oversaw accounts receivables operating and approval process to support production of over 150 checks weekly.","tokens":["Accountant","September","2004","to","January","2005","Company","Name","－","City",",","State","Oversaw","accounts","receivables","operating","and","approval","process","to","support","production","of","over","150","checks","weekly."],"metadata":[]}],[{"content":"Authorized check signer, approved all wire transfers over $1M.","tokens":["Authorized","check","signer,","approved","all","wire","transfers","over","$1M."],"metadata":[]}],[{"content":"Adjusted journal entries to balance general ledger.","tokens":["Adjusted","journal","entries","to","balance","general","ledger."],"metadata":[]}],[{"content":"Contributed to annual budget process, working with various department heads to review historical activities, trends, and future obligations.","tokens":["Contributed","to","annual","budget","process,","working","with","various","department","heads","to","review","historical","activities,","trends,","and","future","obligations."],"metadata":[]}],[{"content":"Handled 1099 Miscellaneous tax issues.","tokens":["Handled","1099","Miscellaneous","tax","issues."],"metadata":[]}],[{"content":"2005) Managed month-end closing cycle.","tokens":["2005)","Managed","month-end","closing","cycle."],"metadata":[]}],[{"content":"Education Master of Business Administration : Business Development Strategy, Management , May 2008 Pepperdine University, Graziadio School of Business and Management － City , State Business Development Strategy, Management Bachelor of Science : Finance Spanish , May 2004 University of New Orleans － City , State Finance Spanish Languages Fluent in English and Spanish (proficiency has decreased due to moderate use).","tokens":["Education","Master","of","Business","Administration",":","Business","Development","Strategy,","Management",",","May","2008","Pepperdine","University,","Graziadio","School","of","Business","and","Management","－","City",",","State","Business","Development","Strategy,","Management","Bachelor","of","Science",":","Finance","Spanish",",","May","2004","University","of","New","Orleans","－","City",",","State","Finance","Spanish","Languages","Fluent","in","English","and","Spanish","(proficiency","has","decreased","due","to","moderate","use)."],"metadata":[]}],[{"content":"Skills Account reconciliations, accounting, accounts payable, accounts receivables, accruals, ad, AP, balance sheet, balance, bank reconciliations, billing, bookkeeping, book, budgeting, budget, Business Objects, charts, oral communication, CPA, databases, Fluent in English, senior management, finance, financial, financial analysis, financial reports, Financial Reporting, financial statements, fixed assets, forecasting, general ledger, general ledger accounts, Government, graphs, Harvard Graphics, JDE, Lotus Notes, Access, MS Access, Excel, Microsoft Office, office, PowerPoint, PowerPoint presentations, Windows 95, month-end closing, payroll, PeopleSoft, People Soft, presentations, QuickBooks, Quicken, reporting, SAP, SOX compliance, Sarbanes Oxley, Spanish, tax, television, variance analysis, Excellent written","tokens":["Skills","Account","reconciliations,","accounting,","accounts","payable,","accounts","receivables,","accruals,","ad,","AP,","balance","sheet,","balance,","bank","reconciliations,","billing,","bookkeeping,","book,","budgeting,","budget,","Business","Objects,","charts,","oral","communication,","CPA,","databases,","Fluent","in","English,","senior","management,","finance,","financial,","financial","analysis,","financial","reports,","Financial","Reporting,","financial","statements,","fixed","assets,","forecasting,","general","ledger,","general","ledger","accounts,","Government,","graphs,","Harvard","Graphics,","JDE,","Lotus","Notes,","Access,","MS","Access,","Excel,","Microsoft","Office,","office,","PowerPoint,","PowerPoint","presentations,","Windows","95,","month-end","closing,","payroll,","PeopleSoft,","People","Soft,","presentations,","QuickBooks,","Quicken,","reporting,","SAP,","SOX","compliance,","Sarbanes","Oxley,","Spanish,","tax,","television,","variance","analysis,","Excellent","written"],"metadata":[]}]],"labelerInfo":{"id":6814,"email":"cwilhel8@jh.edu","displayName":"Chris Wilhelm"},"labelSets":[{"name":"Resume Labels","index":0,"labelItems":[{"id":"Kj5U6n9NUqTXuWcB3c_7L","labelName":"College"},{"id":"rj7TW0-ymuRo6f_asXJab","labelName":"Company Name"},{"id":"SJEkdao76hjwbb6Fh5SY6","labelName":"Job Title"},{"id":"BjO8MdvK2KI4E5iMEeY4B","labelName":"Graduation Year"},{"id":"eS2knCRgLegeRw8bcmSWA","labelName":"Skill"},{"id":"IeEoIKabMl51BJE0gX2YL","labelName":"Degree"},{"id":"1R0C50AAwFbEp2O0WmRv6","labelName":"Location"},{"id":"zQcc4ygexJ_A3Gb0NeRTk","labelName":"Years of Experience"},{"id":"52S_6moRfhjC-yXgIBeCp","labelName":"Date"},{"id":"KiLarWmwlU1E3-FfdG6Qg","labelName":"Project"},{"id":"dyxKKTAxW1z5ifjPj42BI","labelName":"Name"}]}],"spanLabels":[],"arrowLabels":[],"boundingBoxLabels":[],"timeLabels":[],"comments":[],"url":"datasaur://static/6814/148b7501-1c98-42ba-82e6-e8faf99abc83.txt"}}
