{"version":"1","data":{"project":{"id":"ODBjYmQ2MDg","name":"NLP SSM Final Project"},"document":{"id":"324f8c5c-d062-4c6d-bebb-25a458751700","name":"resume_7435_d2.txt"},"kinds":["TOKEN_BASED"],"rows":[[{"content":"Database Administrator Intern Database Administrator Intern Database Administrator Intern - Protech Solutions Inc Little Rock, AR 3 years of professional experience as MS SQL Server/ETL developer in process design and implementation GUI, Data Analysis and Network Administration.","tokens":["Database","Administrator","Intern","Database","Administrator","Intern","Database","Administrator","Intern","-","Protech","Solutions","Inc","Little","Rock,","AR","3","years","of","professional","experience","as","MS","SQL","Server/ETL","developer","in","process","design","and","implementation","GUI,","Data","Analysis","and","Network","Administration."],"metadata":[]}],[{"content":"Experience in designing, developing and testing of the ETL processes to populate data from various source systems.","tokens":["Experience","in","designing,","developing","and","testing","of","the","ETL","processes","to","populate","data","from","various","source","systems."],"metadata":[]}],[{"content":"Robust understanding of ERP Systems, logical & physical Database design & development, data conversion & Normalization.","tokens":["Robust","understanding","of","ERP","Systems,","logical","&","physical","Database","design","&","development,","data","conversion","&","Normalization."],"metadata":[]}],[{"content":"Profound understanding of Enterprise Data Warehouse (EDW) concepts including OLTP/OLAP, Excellent knowledge in Dimensional Modeling, ER Modeling, Star Schema/Snowflake Schema, FACT and Dimensional tables.","tokens":["Profound","understanding","of","Enterprise","Data","Warehouse","(EDW)","concepts","including","OLTP/OLAP,","Excellent","knowledge","in","Dimensional","Modeling,","ER","Modeling,","Star","Schema/Snowflake","Schema,","FACT","and","Dimensional","tables."],"metadata":[]}],[{"content":"Expert in writing complex queries, stored procedures, cursors, triggers, views and user-defined functions for data consistency and manipulation.","tokens":["Expert","in","writing","complex","queries,","stored","procedures,","cursors,","triggers,","views","and","user-defined","functions","for","data","consistency","and","manipulation."],"metadata":[]}],[{"content":"Worked extensively on Power BI and created Reports/Dashboards using different type of Slicers and different Visualizations like Bar Charts, Line Charts, Graphs, and Pie Charts etc. to make it more attractive and explored data in a Variety of ways and across multiple visualizations using Power BI.","tokens":["Worked","extensively","on","Power","BI","and","created","Reports/Dashboards","using","different","type","of","Slicers","and","different","Visualizations","like","Bar","Charts,","Line","Charts,","Graphs,","and","Pie","Charts","etc.","to","make","it","more","attractive","and","explored","data","in","a","Variety","of","ways","and","across","multiple","visualizations","using","Power","BI."],"metadata":[]}],[{"content":"Hands-on experience with creating solution driven views and dashboards by developing different chart types including.","tokens":["Hands-on","experience","with","creating","solution","driven","views","and","dashboards","by","developing","different","chart","types","including."],"metadata":[]}],[{"content":"Robust understanding of Database Management system (DBMS) and Relational Database Management System (RDBMS).","tokens":["Robust","understanding","of","Database","Management","system","(DBMS)","and","Relational","Database","Management","System","(RDBMS)."],"metadata":[]}],[{"content":"Worked with System Development Life Cycle (SDLC) methodologies including Waterfall, Agile -Scrum Framework.","tokens":["Worked","with","System","Development","Life","Cycle","(SDLC)","methodologies","including","Waterfall,","Agile","-Scrum","Framework."],"metadata":[]}],[{"content":"Self-motivated, Work independently with analytical Skill, time management and Creative thinking, good verbal and written communication skills.","tokens":["Self-motivated,","Work","independently","with","analytical","Skill,","time","management","and","Creative","thinking,","good","verbal","and","written","communication","skills."],"metadata":[]}],[{"content":"Work Experience Database Administrator Intern Protech Solutions Inc July 2019 to Present Work and Support development team during design and coding.","tokens":["Work","Experience","Database","Administrator","Intern","Protech","Solutions","Inc","July","2019","to","Present","Work","and","Support","development","team","during","design","and","coding."],"metadata":[]}],[{"content":"Troubleshoot performance problems, fine-tuning of databases and index Analysis Knowledge in stored procedures and functions.","tokens":["Troubleshoot","performance","problems,","fine-tuning","of","databases","and","index","Analysis","Knowledge","in","stored","procedures","and","functions."],"metadata":[]}],[{"content":"Experience in Clustering.","tokens":["Experience","in","Clustering."],"metadata":[]}],[{"content":"Experience in using dictionaries and finding long running queries.","tokens":["Experience","in","using","dictionaries","and","finding","long","running","queries."],"metadata":[]}],[{"content":"Experience in Import, Export, Backup, Recovery, Database Monitoring tools and Application support.","tokens":["Experience","in","Import,","Export,","Backup,","Recovery,","Database","Monitoring","tools","and","Application","support."],"metadata":[]}],[{"content":"Expertise in Database Administration on Production Servers with server configuration, performance tuning and maintenance.","tokens":["Expertise","in","Database","Administration","on","Production","Servers","with","server","configuration,","performance","tuning","and","maintenance."],"metadata":[]}],[{"content":"Data Analyst Intern Noetic Partners Inc April 2019 to June 2019 Development of Reference Data dictionary to help identify data types representing each unique identifier.","tokens":["Data","Analyst","Intern","Noetic","Partners","Inc","April","2019","to","June","2019","Development","of","Reference","Data","dictionary","to","help","identify","data","types","representing","each","unique","identifier."],"metadata":[]}],[{"content":"Writing Definitions for Data fields to be integrated and implemented into working Model.","tokens":["Writing","Definitions","for","Data","fields","to","be","integrated","and","implemented","into","working","Model."],"metadata":[]}],[{"content":"Supporting Noetic Business requirements.","tokens":["Supporting","Noetic","Business","requirements."],"metadata":[]}],[{"content":"Understanding of financial markets and how data is curated in the industry for the different use cases.","tokens":["Understanding","of","financial","markets","and","how","data","is","curated","in","the","industry","for","the","different","use","cases."],"metadata":[]}],[{"content":"Desktop Support Specialist in IT Services UA Little Rock December 2017 to December 2018 Worked with the clients to resolve the issues related to the Installation, Network, Troubleshoot, Client Assistance via phone or remotely.","tokens":["Desktop","Support","Specialist","in","IT","Services","UA","Little","Rock","December","2017","to","December","2018","Worked","with","the","clients","to","resolve","the","issues","related","to","the","Installation,","Network,","Troubleshoot,","Client","Assistance","via","phone","or","remotely."],"metadata":[]}],[{"content":"Collaborate with existing vendors to evaluate the new technology that is available and make recommendations to management on using that technology.","tokens":["Collaborate","with","existing","vendors","to","evaluate","the","new","technology","that","is","available","and","make","recommendations","to","management","on","using","that","technology."],"metadata":[]}],[{"content":"Monitor the performance of the company's desktop infrastructure and make suggestions for improving efficiency.","tokens":["Monitor","the","performance","of","the","company's","desktop","infrastructure","and","make","suggestions","for","improving","efficiency."],"metadata":[]}],[{"content":"Evaluate applications and software patches for desktop applications to see if they will solve desktop issues.","tokens":["Evaluate","applications","and","software","patches","for","desktop","applications","to","see","if","they","will","solve","desktop","issues."],"metadata":[]}],[{"content":"Estimation, diagramming (Activity, Use Case, Sequence Diagram) and daily reporting Change/constraints for the applications and Employee Activities.","tokens":["Estimation,","diagramming","(Activity,","Use","Case,","Sequence","Diagram)","and","daily","reporting","Change/constraints","for","the","applications","and","Employee","Activities."],"metadata":[]}],[{"content":"Process Associate Suntec India Pvt.","tokens":["Process","Associate","Suntec","India","Pvt."],"metadata":[]}],[{"content":"Ltd November 2013 to December 2016 Worked as a Developer in creating complex Stored Procedures, SSIS packages, triggers, cursors, tables, and views and other SQL joins and statements for the applications.","tokens":["Ltd","November","2013","to","December","2016","Worked","as","a","Developer","in","creating","complex","Stored","Procedures,","SSIS","packages,","triggers,","cursors,","tables,","and","views","and","other","SQL","joins","and","statements","for","the","applications."],"metadata":[]}],[{"content":"Performed Data mapping for extraction and loading.","tokens":["Performed","Data","mapping","for","extraction","and","loading."],"metadata":[]}],[{"content":"Responsible for Disaster Recovery, backups, database optimization.","tokens":["Responsible","for","Disaster","Recovery,","backups,","database","optimization."],"metadata":[]}],[{"content":"Expert in developing multiple kinds of Power BI Reports and Dashboards.","tokens":["Expert","in","developing","multiple","kinds","of","Power","BI","Reports","and","Dashboards."],"metadata":[]}],[{"content":"Analyze data in a Variety of ways and across multiple visualizations using Power BI.","tokens":["Analyze","data","in","a","Variety","of","ways","and","across","multiple","visualizations","using","Power","BI."],"metadata":[]}],[{"content":"Used SSIS to transform data into SQL database via FTP from Text files, MS Excel as source.","tokens":["Used","SSIS","to","transform","data","into","SQL","database","via","FTP","from","Text","files,","MS","Excel","as","source."],"metadata":[]}],[{"content":"Heavily involved in query optimization and troubleshoot long running queries.","tokens":["Heavily","involved","in","query","optimization","and","troubleshoot","long","running","queries."],"metadata":[]}],[{"content":"Wrote complex stored procedures, triggers and functions.","tokens":["Wrote","complex","stored","procedures,","triggers","and","functions."],"metadata":[]}],[{"content":"Used Performance Monitor and SQL Profiler to optimize queries.","tokens":["Used","Performance","Monitor","and","SQL","Profiler","to","optimize","queries."],"metadata":[]}],[{"content":"Enhanced the performance of database servers.","tokens":["Enhanced","the","performance","of","database","servers."],"metadata":[]}],[{"content":"Education Master of Science in Information Quality University of Arkansas at Little Rock - Little Rock, AR December 2018 Bachelor of Engineering in Information Technology Uttar Pradesh Technical University - Noida, Uttar Pradesh June 2013 Skills Data flux, Database, Sql server, Mysql, Sql, Etl, Power bi, Html, Php, Python, Reporting tools, Tableau, Jira, Data warehousing, Css, Cost analysis, Bi, Integration Links http://linkedin.com/in/dxyadav1 Assessments Data Analysis Familiar June 2019 Measures a candidate's skill in interpreting and producing graphs, identifying trends, and drawing justifiable conclusions from data.","tokens":["Education","Master","of","Science","in","Information","Quality","University","of","Arkansas","at","Little","Rock","-","Little","Rock,","AR","December","2018","Bachelor","of","Engineering","in","Information","Technology","Uttar","Pradesh","Technical","University","-","Noida,","Uttar","Pradesh","June","2013","Skills","Data","flux,","Database,","Sql","server,","Mysql,","Sql,","Etl,","Power","bi,","Html,","Php,","Python,","Reporting","tools,","Tableau,","Jira,","Data","warehousing,","Css,","Cost","analysis,","Bi,","Integration","Links","http://linkedin.com/in/dxyadav1","Assessments","Data","Analysis","Familiar","June","2019","Measures","a","candidate's","skill","in","interpreting","and","producing","graphs,","identifying","trends,","and","drawing","justifiable","conclusions","from","data."],"metadata":[]}],[{"content":"Full results: https://share.indeedassessments.com/share_assignment/xgzamtiqxnycfu9j Indeed Assessments provides skills tests that are not indicative of a license or certification, or continued development in any professional field.","tokens":["Full","results:","https://share.indeedassessments.com/share_assignment/xgzamtiqxnycfu9j","Indeed","Assessments","provides","skills","tests","that","are","not","indicative","of","a","license","or","certification,","or","continued","development","in","any","professional","field."],"metadata":[]}]],"labelerInfo":{"id":6814,"email":"cwilhel8@jh.edu","displayName":"Chris Wilhelm"},"labelSets":[{"name":"Resume Labels","index":0,"labelItems":[{"id":"Kj5U6n9NUqTXuWcB3c_7L","labelName":"College"},{"id":"rj7TW0-ymuRo6f_asXJab","labelName":"Company Name"},{"id":"SJEkdao76hjwbb6Fh5SY6","labelName":"Job Title"},{"id":"BjO8MdvK2KI4E5iMEeY4B","labelName":"Graduation Year"},{"id":"eS2knCRgLegeRw8bcmSWA","labelName":"Skill"},{"id":"IeEoIKabMl51BJE0gX2YL","labelName":"Degree"},{"id":"1R0C50AAwFbEp2O0WmRv6","labelName":"Location"},{"id":"zQcc4ygexJ_A3Gb0NeRTk","labelName":"Years of Experience"},{"id":"52S_6moRfhjC-yXgIBeCp","labelName":"Date"},{"id":"KiLarWmwlU1E3-FfdG6Qg","labelName":"Project"},{"id":"dyxKKTAxW1z5ifjPj42BI","labelName":"Name"}]}],"spanLabels":[],"arrowLabels":[],"boundingBoxLabels":[],"timeLabels":[],"comments":[],"url":"datasaur://static/6814/324f8c5c-d062-4c6d-bebb-25a458751700.txt"}}
