{"version":"1","data":{"project":{"id":"ODBjYmQ2MDg","name":"NLP SSM Final Project"},"document":{"id":"e23fd001-05ac-4cf0-b3d4-3b50d7a3bb06","name":"resume_819_d1.txt"},"kinds":["TOKEN_BASED"],"rows":[[{"content":"PERSONAL TRAINER Summary Hard working, seasoned customer service professional with extensive experience in face to face service and sales, seeking a new opportunity in a stable organization where I can use my skills and knowledge to make a positive contribution and assist in the growth of both the company and my personal career.","tokens":["PERSONAL","TRAINER","Summary","Hard","working,","seasoned","customer","service","professional","with","extensive","experience","in","face","to","face","service","and","sales,","seeking","a","new","opportunity","in","a","stable","organization","where","I","can","use","my","skills","and","knowledge","to","make","a","positive","contribution","and","assist","in","the","growth","of","both","the","company","and","my","personal","career."],"metadata":[]}],[{"content":"Highly motivated professional with excellent interpersonal and motivational skills Infectious enthusiasm and positive attitude Extensive experience meeting goals; both personal and professional (i.e., sales, fees, gross profit, contribution, and hours) Experience and successful track record of managing others Proven experience in sales: over $150,00 dollars sold in 3 years Building and maintaining relationships with key customers and business leaders in the community Experience gained in leading staff in business development, customer retention, recruiting, and expense management Self-motivated individual continuously striving for success Strong sense of discipline and desire to learn new skills Works well as an individual or as part of a team Ability to easily anticipate the needs and desires of customers Works well under pressure and deadlines Experience Personal Trainer , 09/2014 Company Name － City , State Provide orientation and instruction to member pertinent to apt technique, suitable exercise intensity, body mechanics, frequency and duration along with right selection and equipment usage.","tokens":["Highly","motivated","professional","with","excellent","interpersonal","and","motivational","skills","Infectious","enthusiasm","and","positive","attitude","Extensive","experience","meeting","goals;","both","personal","and","professional","(i.e.,","sales,","fees,","gross","profit,","contribution,","and","hours)","Experience","and","successful","track","record","of","managing","others","Proven","experience","in","sales:","over","$150,00","dollars","sold","in","3","years","Building","and","maintaining","relationships","with","key","customers","and","business","leaders","in","the","community","Experience","gained","in","leading","staff","in","business","development,","customer","retention,","recruiting,","and","expense","management","Self-motivated","individual","continuously","striving","for","success","Strong","sense","of","discipline","and","desire","to","learn","new","skills","Works","well","as","an","individual","or","as","part","of","a","team","Ability","to","easily","anticipate","the","needs","and","desires","of","customers","Works","well","under","pressure","and","deadlines","Experience","Personal","Trainer",",","09/2014","Company","Name","－","City",",","State","Provide","orientation","and","instruction","to","member","pertinent","to","apt","technique,","suitable","exercise","intensity,","body","mechanics,","frequency","and","duration","along","with","right","selection","and","equipment","usage."],"metadata":[]}],[{"content":"Supervise directly exercise session and perform one-on-one with all members.","tokens":["Supervise","directly","exercise","session","and","perform","one-on-one","with","all","members."],"metadata":[]}],[{"content":"Ensure to correct body mechanics, exercise technique and form.","tokens":["Ensure","to","correct","body","mechanics,","exercise","technique","and","form."],"metadata":[]}],[{"content":"Oversee individual response towards exercise and modify program as appropriate.","tokens":["Oversee","individual","response","towards","exercise","and","modify","program","as","appropriate."],"metadata":[]}],[{"content":"Forecast member needs and progress rate along with present new exercises as required to sustain progress of member.","tokens":["Forecast","member","needs","and","progress","rate","along","with","present","new","exercises","as","required","to","sustain","progress","of","member."],"metadata":[]}],[{"content":"Consult members to identify health history, personal goals, previous exercise history plus lifestyle factors affecting success potential.","tokens":["Consult","members","to","identify","health","history,","personal","goals,","previous","exercise","history","plus","lifestyle","factors","affecting","success","potential."],"metadata":[]}],[{"content":"Prepare individual exercise program on basis of health history, member's personal goals and fitness assessment results.","tokens":["Prepare","individual","exercise","program","on","basis","of","health","history,","member's","personal","goals","and","fitness","assessment","results."],"metadata":[]}],[{"content":"Maintain and manage top level of customer hospital associate plus physician satisfaction pertinent to fitness programs, exercise equipment along with interaction with all fitness associates.","tokens":["Maintain","and","manage","top","level","of","customer","hospital","associate","plus","physician","satisfaction","pertinent","to","fitness","programs,","exercise","equipment","along","with","interaction","with","all","fitness","associates."],"metadata":[]}],[{"content":"Promote affirmative, client-focused relations with all customers.","tokens":["Promote","affirmative,","client-focused","relations","with","all","customers."],"metadata":[]}],[{"content":"Maintain and update records of member training and productivity for Fitness Manager.","tokens":["Maintain","and","update","records","of","member","training","and","productivity","for","Fitness","Manager."],"metadata":[]}],[{"content":"Fitness Manager , 09/2013 to 08/2014 Company Name － City , State Recruited and train Personal Trainers in their respective job duties.","tokens":["Fitness","Manager",",","09/2013","to","08/2014","Company","Name","－","City",",","State","Recruited","and","train","Personal","Trainers","in","their","respective","job","duties."],"metadata":[]}],[{"content":"Prepared weekly schedules and work assignments for Fitness Trainers.","tokens":["Prepared","weekly","schedules","and","work","assignments","for","Fitness","Trainers."],"metadata":[]}],[{"content":"Ensured that the customers are given high quality services and assistance when needed.","tokens":["Ensured","that","the","customers","are","given","high","quality","services","and","assistance","when","needed."],"metadata":[]}],[{"content":"Assisted in developing and maintaining workout programs.","tokens":["Assisted","in","developing","and","maintaining","workout","programs."],"metadata":[]}],[{"content":"Stayed abreast on latest updates in fitness industry.","tokens":["Stayed","abreast","on","latest","updates","in","fitness","industry."],"metadata":[]}],[{"content":"Ensured gym facility is maintained clean, safe and orderly.","tokens":["Ensured","gym","facility","is","maintained","clean,","safe","and","orderly."],"metadata":[]}],[{"content":"Ensured that gym equipment was kept in good working condition.","tokens":["Ensured","that","gym","equipment","was","kept","in","good","working","condition."],"metadata":[]}],[{"content":"Monitored the initial workouts of new customers and provide feedback.","tokens":["Monitored","the","initial","workouts","of","new","customers","and","provide","feedback."],"metadata":[]}],[{"content":"Offer various fitness programs to suite customer's specific needs.","tokens":["Offer","various","fitness","programs","to","suite","customer's","specific","needs."],"metadata":[]}],[{"content":"Work with other staffs to achieve monthly target.","tokens":["Work","with","other","staffs","to","achieve","monthly","target."],"metadata":[]}],[{"content":"Ensure that all staffs follow center's procedures and policies.","tokens":["Ensure","that","all","staffs","follow","center's","procedures","and","policies."],"metadata":[]}],[{"content":"Enhance revenue by providing additional discounts and services to existing and new customers.","tokens":["Enhance","revenue","by","providing","additional","discounts","and","services","to","existing","and","new","customers."],"metadata":[]}],[{"content":"Supervise day-to-day operations of the gym and personal training sessions.","tokens":["Supervise","day-to-day","operations","of","the","gym","and","personal","training","sessions."],"metadata":[]}],[{"content":"Organize educational training, seminars and meetings for personal training staff for professional growth.","tokens":["Organize","educational","training,","seminars","and","meetings","for","personal","training","staff","for","professional","growth."],"metadata":[]}],[{"content":"Resolve issues and complaints pertaining to personal training from customers.","tokens":["Resolve","issues","and","complaints","pertaining","to","personal","training","from","customers."],"metadata":[]}],[{"content":"Implement customer suggestions and recommendations to optimize training program.","tokens":["Implement","customer","suggestions","and","recommendations","to","optimize","training","program."],"metadata":[]}],[{"content":"Schedule and conduct gym tours to new customers.","tokens":["Schedule","and","conduct","gym","tours","to","new","customers."],"metadata":[]}],[{"content":"Maintain all paperwork regarding personal training schedules and procedures.","tokens":["Maintain","all","paperwork","regarding","personal","training","schedules","and","procedures."],"metadata":[]}],[{"content":"Fitness Manager/ Master Trainer , 08/2010 to 09/2013 Company Name － City , State Served as liaison between the general manager and fitness consultant staff.","tokens":["Fitness","Manager/","Master","Trainer",",","08/2010","to","09/2013","Company","Name","－","City",",","State","Served","as","liaison","between","the","general","manager","and","fitness","consultant","staff."],"metadata":[]}],[{"content":"Assisted the fitness coordinator with the daily operations.","tokens":["Assisted","the","fitness","coordinator","with","the","daily","operations."],"metadata":[]}],[{"content":"Enforce all fitness-related policies and procedures.","tokens":["Enforce","all","fitness-related","policies","and","procedures."],"metadata":[]}],[{"content":"Execute risk management plan.","tokens":["Execute","risk","management","plan."],"metadata":[]}],[{"content":"Recruited, hired, trained, scheduled and assisted in the evaluation of personal trainers, fitness consultants and other staff.","tokens":["Recruited,","hired,","trained,","scheduled","and","assisted","in","the","evaluation","of","personal","trainers,","fitness","consultants","and","other","staff."],"metadata":[]}],[{"content":"Organized and manage all staff meetings.","tokens":["Organized","and","manage","all","staff","meetings."],"metadata":[]}],[{"content":"Coordinated continuing education workshops.","tokens":["Coordinated","continuing","education","workshops."],"metadata":[]}],[{"content":"Verified fitness attendant payroll at the end of each pay period.","tokens":["Verified","fitness","attendant","payroll","at","the","end","of","each","pay","period."],"metadata":[]}],[{"content":"Maintained fitness activity areas inventory.","tokens":["Maintained","fitness","activity","areas","inventory."],"metadata":[]}],[{"content":"Making recommendations for fitness center purchasing.","tokens":["Making","recommendations","for","fitness","center","purchasing."],"metadata":[]}],[{"content":"Assisted general manager with substitution process providing facility coverage when needed.","tokens":["Assisted","general","manager","with","substitution","process","providing","facility","coverage","when","needed."],"metadata":[]}],[{"content":"Served as liaison between the fitness attendant staff and equipment technician staff.","tokens":["Served","as","liaison","between","the","fitness","attendant","staff","and","equipment","technician","staff."],"metadata":[]}],[{"content":"Personal Trainer , 12/2008 to 09/2010 Company Name － City , State Assessed the needs and capabilities of individuals through fitness assessment procedures.","tokens":["Personal","Trainer",",","12/2008","to","09/2010","Company","Name","－","City",",","State","Assessed","the","needs","and","capabilities","of","individuals","through","fitness","assessment","procedures."],"metadata":[]}],[{"content":"Advised individuals on the correct method and use of exercise machines and devices including weights.","tokens":["Advised","individuals","on","the","correct","method","and","use","of","exercise","machines","and","devices","including","weights."],"metadata":[]}],[{"content":"Developed individual exercise programs for individuals based on age and fitness levels.","tokens":["Developed","individual","exercise","programs","for","individuals","based","on","age","and","fitness","levels."],"metadata":[]}],[{"content":"Provided instruction in a variety of fitness activities including non-gym related activities.","tokens":["Provided","instruction","in","a","variety","of","fitness","activities","including","non-gym","related","activities."],"metadata":[]}],[{"content":"Motivated clients to work to his/her maximum and safe potential for the entire workout.","tokens":["Motivated","clients","to","work","to","his/her","maximum","and","safe","potential","for","the","entire","workout."],"metadata":[]}],[{"content":"Assured all exercises are done with proper form and technique maximizing results.","tokens":["Assured","all","exercises","are","done","with","proper","form","and","technique","maximizing","results."],"metadata":[]}],[{"content":"Helped clients develop realistic, attainable goals and continually modifying training objectives.","tokens":["Helped","clients","develop","realistic,","attainable","goals","and","continually","modifying","training","objectives."],"metadata":[]}],[{"content":"Education Bachelor of Science : Exercise Science and Human Performance , 1 2008 Exercise Science and Human Performance A.A : Exercise Science , 1 2006 Mesabi Range Community College － State Exercise Science AFPA Nutrition Certification Completion Buena Vista University － City , State Skills apt, consultant, client, clients, general manager, instruction, inventory, meetings, payroll, policies, progress, purchasing, quality, risk management, seminars, technician, workshops","tokens":["Education","Bachelor","of","Science",":","Exercise","Science","and","Human","Performance",",","1","2008","Exercise","Science","and","Human","Performance","A.A",":","Exercise","Science",",","1","2006","Mesabi","Range","Community","College","－","State","Exercise","Science","AFPA","Nutrition","Certification","Completion","Buena","Vista","University","－","City",",","State","Skills","apt,","consultant,","client,","clients,","general","manager,","instruction,","inventory,","meetings,","payroll,","policies,","progress,","purchasing,","quality,","risk","management,","seminars,","technician,","workshops"],"metadata":[]}]],"labelerInfo":{"id":6814,"email":"cwilhel8@jh.edu","displayName":"Chris Wilhelm"},"labelSets":[{"name":"Resume Labels","index":0,"labelItems":[{"id":"Kj5U6n9NUqTXuWcB3c_7L","labelName":"College"},{"id":"rj7TW0-ymuRo6f_asXJab","labelName":"Company Name"},{"id":"SJEkdao76hjwbb6Fh5SY6","labelName":"Job Title"},{"id":"BjO8MdvK2KI4E5iMEeY4B","labelName":"Graduation Year"},{"id":"eS2knCRgLegeRw8bcmSWA","labelName":"Skill"},{"id":"IeEoIKabMl51BJE0gX2YL","labelName":"Degree"},{"id":"1R0C50AAwFbEp2O0WmRv6","labelName":"Location"},{"id":"zQcc4ygexJ_A3Gb0NeRTk","labelName":"Years of Experience"},{"id":"52S_6moRfhjC-yXgIBeCp","labelName":"Date"},{"id":"KiLarWmwlU1E3-FfdG6Qg","labelName":"Project"},{"id":"dyxKKTAxW1z5ifjPj42BI","labelName":"Name"}]}],"spanLabels":[],"arrowLabels":[],"boundingBoxLabels":[],"timeLabels":[],"comments":[],"url":"datasaur://static/6814/e23fd001-05ac-4cf0-b3d4-3b50d7a3bb06.txt"}}
