{"version":"1","data":{"project":{"id":"ODBjYmQ2MDg","name":"NLP SSM Final Project"},"document":{"id":"61464449-83b0-49f1-b77d-1d6afe67fd88","name":"resume_8231_d2.txt"},"kinds":["TOKEN_BASED"],"rows":[[{"content":"Database Administrator Database Administrator Database Administrator - Sprint Nextel Charlotte, NC Over 9+ years of technical experience to manage SQL Server databases through multiple product life cycle environments, from development to mission-critical production systems.","tokens":["Database","Administrator","Database","Administrator","Database","Administrator","-","Sprint","Nextel","Charlotte,","NC","Over","9+","years","of","technical","experience","to","manage","SQL","Server","databases","through","multiple","product","life","cycle","environments,","from","development","to","mission-critical","production","systems."],"metadata":[]}],[{"content":"Experienced in configuring and maintaining database servers and processes, including monitoring of system health and performance, to ensure high levels of performance, availability, and security.","tokens":["Experienced","in","configuring","and","maintaining","database","servers","and","processes,","including","monitoring","of","system","health","and","performance,","to","ensure","high","levels","of","performance,","availability,","and","security."],"metadata":[]}],[{"content":"Experienced in applying data modeling techniques to ensure development and implementation support efforts meet integration and performance expectations Independently analyze, solve, and correct issues in real time, providing problem resolution end-to-end in data analysis, Database Installation, creation, configuration, maintenance, development and upgrading using MS SQL Server 2005/2008/2012/2014.","tokens":["Experienced","in","applying","data","modeling","techniques","to","ensure","development","and","implementation","support","efforts","meet","integration","and","performance","expectations","Independently","analyze,","solve,","and","correct","issues","in","real","time,","providing","problem","resolution","end-to-end","in","data","analysis,","Database","Installation,","creation,","configuration,","maintenance,","development","and","upgrading","using","MS","SQL","Server","2005/2008/2012/2014."],"metadata":[]}],[{"content":"Experienced in performance analysis, tuning, query optimization and system monitoring techniques.","tokens":["Experienced","in","performance","analysis,","tuning,","query","optimization","and","system","monitoring","techniques."],"metadata":[]}],[{"content":"Experienced in providing weekly and monthly status reports on Compliance Analytics activities and Assist with the development and implementation of best practices relating to Compliance Analytics.","tokens":["Experienced","in","providing","weekly","and","monthly","status","reports","on","Compliance","Analytics","activities","and","Assist","with","the","development","and","implementation","of","best","practices","relating","to","Compliance","Analytics."],"metadata":[]}],[{"content":"Experience in preparing database hardening and harden database based on industry standard compliance policy.","tokens":["Experience","in","preparing","database","hardening","and","harden","database","based","on","industry","standard","compliance","policy."],"metadata":[]}],[{"content":"Good experience in database partitioning such as creating file groups, table and index partitioning.","tokens":["Good","experience","in","database","partitioning","such","as","creating","file","groups,","table","and","index","partitioning."],"metadata":[]}],[{"content":"Experienced with Clustering, Standby Servers, Mirroring and Log Shipping for ensuring High Availability.","tokens":["Experienced","with","Clustering,","Standby","Servers,","Mirroring","and","Log","Shipping","for","ensuring","High","Availability."],"metadata":[]}],[{"content":"Experienced in implementing Replication models like Snapshot, Merge and Transactional Replication.","tokens":["Experienced","in","implementing","Replication","models","like","Snapshot,","Merge","and","Transactional","Replication."],"metadata":[]}],[{"content":"Expert in creating linked servers to run distributed queries between Oracle10g and SQL Server 2012, 2008R2.","tokens":["Expert","in","creating","linked","servers","to","run","distributed","queries","between","Oracle10g","and","SQL","Server","2012,","2008R2."],"metadata":[]}],[{"content":"Good Experienced in monitoring views, stored procedures and functions for better performance.","tokens":["Good","Experienced","in","monitoring","views,","stored","procedures","and","functions","for","better","performance."],"metadata":[]}],[{"content":"Experienced in resolving performance issues by running DBCC commands and DMVs.","tokens":["Experienced","in","resolving","performance","issues","by","running","DBCC","commands","and","DMVs."],"metadata":[]}],[{"content":"Experienced in data modeling, design of OLTP, OLAP using normalization methods.","tokens":["Experienced","in","data","modeling,","design","of","OLTP,","OLAP","using","normalization","methods."],"metadata":[]}],[{"content":"Experienced in fine tuning SQL queries, views, stored procedures, functions and triggers.","tokens":["Experienced","in","fine","tuning","SQL","queries,","views,","stored","procedures,","functions","and","triggers."],"metadata":[]}],[{"content":"Experienced in implementing SQL Server security like maintaining Database authentication modes, creation of users and login, configuring permissions and assigning roles to users.","tokens":["Experienced","in","implementing","SQL","Server","security","like","maintaining","Database","authentication","modes,","creation","of","users","and","login,","configuring","permissions","and","assigning","roles","to","users."],"metadata":[]}],[{"content":"Excellent knowledge with SQL Server Storage Structures, Index and Security Architecture.","tokens":["Excellent","knowledge","with","SQL","Server","Storage","Structures,","Index","and","Security","Architecture."],"metadata":[]}],[{"content":"Experienced in creating clustered and non-clustered indexes and full text indexing for better performance.","tokens":["Experienced","in","creating","clustered","and","non-clustered","indexes","and","full","text","indexing","for","better","performance."],"metadata":[]}],[{"content":"Experienced in database Migration, Backup, Restore and Recovery procedures.","tokens":["Experienced","in","database","Migration,","Backup,","Restore","and","Recovery","procedures."],"metadata":[]}],[{"content":"Experienced in taking full, differential, log and file group backups for SQL 2012, 2008R2, 2008 and 2005.","tokens":["Experienced","in","taking","full,","differential,","log","and","file","group","backups","for","SQL","2012,","2008R2,","2008","and","2005."],"metadata":[]}],[{"content":"Experienced in using System Monitor, Profiler and Database tuning advisor to resolve long running queries.","tokens":["Experienced","in","using","System","Monitor,","Profiler","and","Database","tuning","advisor","to","resolve","long","running","queries."],"metadata":[]}],[{"content":"Good Experience in Monitoring SQL Server logs and performance counters for better productivity.","tokens":["Good","Experience","in","Monitoring","SQL","Server","logs","and","performance","counters","for","better","productivity."],"metadata":[]}],[{"content":"Experience in performance tuning and query optimization using database tuning adviser.","tokens":["Experience","in","performance","tuning","and","query","optimization","using","database","tuning","adviser."],"metadata":[]}],[{"content":"Experienced in SQL Script development and scheduling Agent jobs in SQL 2012, 2008R2, 2008.","tokens":["Experienced","in","SQL","Script","development","and","scheduling","Agent","jobs","in","SQL","2012,","2008R2,","2008."],"metadata":[]}],[{"content":"Experienced in writing T-SQL code for joints, sub queries and co-related sub queries in Stored Procedures.","tokens":["Experienced","in","writing","T-SQL","code","for","joints,","sub","queries","and","co-related","sub","queries","in","Stored","Procedures."],"metadata":[]}],[{"content":"Experience using Oracle database system, customer relation management (CRM), service management system (SMS) and Trouble ticketing system.","tokens":["Experience","using","Oracle","database","system,","customer","relation","management","(CRM),","service","management","system","(SMS)","and","Trouble","ticketing","system."],"metadata":[]}],[{"content":"Expert level ability to sort, mine and analyze data using Microsoft Excel, including pivot table and power BI.","tokens":["Expert","level","ability","to","sort,","mine","and","analyze","data","using","Microsoft","Excel,","including","pivot","table","and","power","BI."],"metadata":[]}],[{"content":"Expert level ability in Microsoft Word, PowerPoint, Microsoft Outlook, Microsoft publication, Microsoft project and Internet Applications.","tokens":["Expert","level","ability","in","Microsoft","Word,","PowerPoint,","Microsoft","Outlook,","Microsoft","publication,","Microsoft","project","and","Internet","Applications."],"metadata":[]}],[{"content":"Demonstrated ability to make use of large databases by means of analytical tools.","tokens":["Demonstrated","ability","to","make","use","of","large","databases","by","means","of","analytical","tools."],"metadata":[]}],[{"content":"Self-motivated, directed and with keen attention to detail.","tokens":["Self-motivated,","directed","and","with","keen","attention","to","detail."],"metadata":[]}],[{"content":"Excellent interpersonal, verbal and written communication skills as well as strong logical, analytical and problem-solving skills.","tokens":["Excellent","interpersonal,","verbal","and","written","communication","skills","as","well","as","strong","logical,","analytical","and","problem-solving","skills."],"metadata":[]}],[{"content":"Experienced working with group and independent in 24/7 production environment.","tokens":["Experienced","working","with","group","and","independent","in","24/7","production","environment."],"metadata":[]}],[{"content":"Experience in working in a team-oriented, collaborative environment and with teams spread across multiple locations across multiple time-zones.","tokens":["Experience","in","working","in","a","team-oriented,","collaborative","environment","and","with","teams","spread","across","multiple","locations","across","multiple","time-zones."],"metadata":[]}],[{"content":"Work Experience Database Administrator Sprint Nextel - Reston, VA February 2017 to Present Responsibilities: Involved database consolidation project where 40+ standalone databases was migrated to MS SQL Server AlwaysON infrastructure.","tokens":["Work","Experience","Database","Administrator","Sprint","Nextel","-","Reston,","VA","February","2017","to","Present","Responsibilities:","Involved","database","consolidation","project","where","40+","standalone","databases","was","migrated","to","MS","SQL","Server","AlwaysON","infrastructure."],"metadata":[]}],[{"content":"Involved in Database installation, creation, configuration, maintenance and development using MS SQL Server 2012.","tokens":["Involved","in","Database","installation,","creation,","configuration,","maintenance","and","development","using","MS","SQL","Server","2012."],"metadata":[]}],[{"content":"Created and assigned appropriate database roles and privileges to users depending on the user activity.","tokens":["Created","and","assigned","appropriate","database","roles","and","privileges","to","users","depending","on","the","user","activity."],"metadata":[]}],[{"content":"Created SQL objects like Tables, Stored Procedures, Views, Indexes, defaults, user defined data types and functions.","tokens":["Created","SQL","objects","like","Tables,","Stored","Procedures,","Views,","Indexes,","defaults,","user","defined","data","types","and","functions."],"metadata":[]}],[{"content":"Performed database maintenance, database monitoring and space management to utilize resources efficiently and to improve database performance.","tokens":["Performed","database","maintenance,","database","monitoring","and","space","management","to","utilize","resources","efficiently","and","to","improve","database","performance."],"metadata":[]}],[{"content":"Responsible for performing object migration between all production database Servers.","tokens":["Responsible","for","performing","object","migration","between","all","production","database","Servers."],"metadata":[]}],[{"content":"Performed SQL Server configuration for the business functions including Index & data management to determine defragmentation level whether to update statistics or rebuild and reorganize indexes.","tokens":["Performed","SQL","Server","configuration","for","the","business","functions","including","Index","&","data","management","to","determine","defragmentation","level","whether","to","update","statistics","or","rebuild","and","reorganize","indexes."],"metadata":[]}],[{"content":"Worked in a SQL server operating in a very large database environment and also resolving issues related to database and tables.","tokens":["Worked","in","a","SQL","server","operating","in","a","very","large","database","environment","and","also","resolving","issues","related","to","database","and","tables."],"metadata":[]}],[{"content":"Performed database backup (full backup, differential and transactional backup) to recover database at the time of disaster.","tokens":["Performed","database","backup","(full","backup,","differential","and","transactional","backup)","to","recover","database","at","the","time","of","disaster."],"metadata":[]}],[{"content":"Created log shipping, replication and database mirror for high availability of the database in case of database failure.","tokens":["Created","log","shipping,","replication","and","database","mirror","for","high","availability","of","the","database","in","case","of","database","failure."],"metadata":[]}],[{"content":"Established connectivity to databases and monitored system performance.","tokens":["Established","connectivity","to","databases","and","monitored","system","performance."],"metadata":[]}],[{"content":"Involved in configuring, patching, testing, monitoring, and supporting multiple heterogeneous database instances, maintaining the databases at current release and maintenance levels.","tokens":["Involved","in","configuring,","patching,","testing,","monitoring,","and","supporting","multiple","heterogeneous","database","instances,","maintaining","the","databases","at","current","release","and","maintenance","levels."],"metadata":[]}],[{"content":"Configured and setup snapshot replication from production to Development and stage environments.","tokens":["Configured","and","setup","snapshot","replication","from","production","to","Development","and","stage","environments."],"metadata":[]}],[{"content":"Resolved server and SQL job alert & server ping alerts for production servers.","tokens":["Resolved","server","and","SQL","job","alert","&","server","ping","alerts","for","production","servers."],"metadata":[]}],[{"content":"Created and scheduled SSIS package as per Clint requirement.","tokens":["Created","and","scheduled","SSIS","package","as","per","Clint","requirement."],"metadata":[]}],[{"content":"Checked Disk space alerts on Production server and to inform Infrastructure to add more space if the disk was full.","tokens":["Checked","Disk","space","alerts","on","Production","server","and","to","inform","Infrastructure","to","add","more","space","if","the","disk","was","full."],"metadata":[]}],[{"content":"Worked as part of a team and provide 724 supports when required.","tokens":["Worked","as","part","of","a","team","and","provide","724","supports","when","required."],"metadata":[]}],[{"content":"Environment: SQL Server 2012, Windows Server 2008/2012, SQL LiteSpeed, MSE, VSS and Password Updater.","tokens":["Environment:","SQL","Server","2012,","Windows","Server","2008/2012,","SQL","LiteSpeed,","MSE,","VSS","and","Password","Updater."],"metadata":[]}],[{"content":"Database Specialist DIRECTV - New York, NY April 2014 to January 2017 Responsibilities: Involved in the process of upgrading SQL Server systems to SQL Server 2008 R2 to 2012.","tokens":["Database","Specialist","DIRECTV","-","New","York,","NY","April","2014","to","January","2017","Responsibilities:","Involved","in","the","process","of","upgrading","SQL","Server","systems","to","SQL","Server","2008","R2","to","2012."],"metadata":[]}],[{"content":"Extensively worked on tuning stored procedures and queries for optimum performance.","tokens":["Extensively","worked","on","tuning","stored","procedures","and","queries","for","optimum","performance."],"metadata":[]}],[{"content":"Developed T-SQL Scripts with joins, subqueries and co related sub queries where required.","tokens":["Developed","T-SQL","Scripts","with","joins,","subqueries","and","co","related","sub","queries","where","required."],"metadata":[]}],[{"content":"Designed and Created databases, tables, views, stored procedures, Cursors and DDL & DML triggers.","tokens":["Designed","and","Created","databases,","tables,","views,","stored","procedures,","Cursors","and","DDL","&","DML","triggers."],"metadata":[]}],[{"content":"Migrated databases and maintained changes in Development, QA and Production servers.","tokens":["Migrated","databases","and","maintained","changes","in","Development,","QA","and","Production","servers."],"metadata":[]}],[{"content":"Performed Database Migration from flat files, Excel, MS Access and Oracle11g to SQL 2012, 2008R2.","tokens":["Performed","Database","Migration","from","flat","files,","Excel,","MS","Access","and","Oracle11g","to","SQL","2012,","2008R2."],"metadata":[]}],[{"content":"Used DBCC commands to check physical and logical consistency of the databases and rebuilt indexes.","tokens":["Used","DBCC","commands","to","check","physical","and","logical","consistency","of","the","databases","and","rebuilt","indexes."],"metadata":[]}],[{"content":"Prepared and participated in implementing the SQL Server Virtualization Roadmap at Deloitte to VMware.","tokens":["Prepared","and","participated","in","implementing","the","SQL","Server","Virtualization","Roadmap","at","Deloitte","to","VMware."],"metadata":[]}],[{"content":"Supported, administered, optimized and maintained production and development SQL Server 2012 database environments running on Windows platforms.","tokens":["Supported,","administered,","optimized","and","maintained","production","and","development","SQL","Server","2012","database","environments","running","on","Windows","platforms."],"metadata":[]}],[{"content":"Provided all levels support, including on-call support through rotational basis.","tokens":["Provided","all","levels","support,","including","on-call","support","through","rotational","basis."],"metadata":[]}],[{"content":"Provided full support of SQL Server SSIS and SSRS services.","tokens":["Provided","full","support","of","SQL","Server","SSIS","and","SSRS","services."],"metadata":[]}],[{"content":"Designed, implemented, maintained and provided full support of SQL Server clustering and mirroring.","tokens":["Designed,","implemented,","maintained","and","provided","full","support","of","SQL","Server","clustering","and","mirroring."],"metadata":[]}],[{"content":"Provided database sizing and capacity planning.","tokens":["Provided","database","sizing","and","capacity","planning."],"metadata":[]}],[{"content":"Controlled, monitored, and generated an access report process for user access to the database.","tokens":["Controlled,","monitored,","and","generated","an","access","report","process","for","user","access","to","the","database."],"metadata":[]}],[{"content":"Planned, prepared, and rehearsed SQL Server database recovery plans.","tokens":["Planned,","prepared,","and","rehearsed","SQL","Server","database","recovery","plans."],"metadata":[]}],[{"content":"Setup procedures to refresh databases environments.","tokens":["Setup","procedures","to","refresh","databases","environments."],"metadata":[]}],[{"content":"Ensured high quality of backend services though solid processes of planning, analysis, design, implementation, load testing, performance monitoring and tuning of SQL Server systems.","tokens":["Ensured","high","quality","of","backend","services","though","solid","processes","of","planning,","analysis,","design,","implementation,","load","testing,","performance","monitoring","and","tuning","of","SQL","Server","systems."],"metadata":[]}],[{"content":"Demonstrated new SQL Server-related technologies and policies to managers and senior managers.","tokens":["Demonstrated","new","SQL","Server-related","technologies","and","policies","to","managers","and","senior","managers."],"metadata":[]}],[{"content":"Researched the market constantly to find ways of reducing costs virtualization, monitoring tools etc Participated in all Data Management and Integration applications performance and stress tests.","tokens":["Researched","the","market","constantly","to","find","ways","of","reducing","costs","virtualization,","monitoring","tools","etc","Participated","in","all","Data","Management","and","Integration","applications","performance","and","stress","tests."],"metadata":[]}],[{"content":"Deployed database objects from development/testing environment to production environment.","tokens":["Deployed","database","objects","from","development/testing","environment","to","production","environment."],"metadata":[]}],[{"content":"Created logins and users as and when required with specific roles on production server.","tokens":["Created","logins","and","users","as","and","when","required","with","specific","roles","on","production","server."],"metadata":[]}],[{"content":"Created SQL alerts, Mail and linked servers for accessing data from remote servers using jobs.","tokens":["Created","SQL","alerts,","Mail","and","linked","servers","for","accessing","data","from","remote","servers","using","jobs."],"metadata":[]}],[{"content":"Environment: SQL Server 2012, IIS, Windows Server, Performance Monitor, Backup Utility, MOM, MSE and Site Scope.","tokens":["Environment:","SQL","Server","2012,","IIS,","Windows","Server,","Performance","Monitor,","Backup","Utility,","MOM,","MSE","and","Site","Scope."],"metadata":[]}],[{"content":"MS SQL DBA SunTrust - Atlanta, GA October 2011 to March 2014 Responsibilities: Installed and upgraded all software from SQL 2008 to 2008 r2.","tokens":["MS","SQL","DBA","SunTrust","-","Atlanta,","GA","October","2011","to","March","2014","Responsibilities:","Installed","and","upgraded","all","software","from","SQL","2008","to","2008","r2."],"metadata":[]}],[{"content":"Identified and resolved the query performance using SQL Profiler and Index tuning wizard.","tokens":["Identified","and","resolved","the","query","performance","using","SQL","Profiler","and","Index","tuning","wizard."],"metadata":[]}],[{"content":"Created and monitored jobs on backup, recovery and other maintenance services on specific databases.","tokens":["Created","and","monitored","jobs","on","backup,","recovery","and","other","maintenance","services","on","specific","databases."],"metadata":[]}],[{"content":"Involved in managing backup strategy, monitoring logs, advising on hardware configurations.","tokens":["Involved","in","managing","backup","strategy,","monitoring","logs,","advising","on","hardware","configurations."],"metadata":[]}],[{"content":"Implemented and tuned queries developed by other members, and worked with QA teams to test and verified solutions.","tokens":["Implemented","and","tuned","queries","developed","by","other","members,","and","worked","with","QA","teams","to","test","and","verified","solutions."],"metadata":[]}],[{"content":"Acted as the subject matter expert SME for database-related matters.","tokens":["Acted","as","the","subject","matter","expert","SME","for","database-related","matters."],"metadata":[]}],[{"content":"Participated in creating and implementing Disaster Recovery and High Availability Plans Backup/restore, Clustering, Database Mirroring, Replication etc. Analyzed, designed, and architected the infrastructure of the migration of standalone environments to clustered and mirrored environments.","tokens":["Participated","in","creating","and","implementing","Disaster","Recovery","and","High","Availability","Plans","Backup/restore,","Clustering,","Database","Mirroring,","Replication","etc.","Analyzed,","designed,","and","architected","the","infrastructure","of","the","migration","of","standalone","environments","to","clustered","and","mirrored","environments."],"metadata":[]}],[{"content":"Involved in implementing Quest Lite Speed for SQL Backup and Restore.","tokens":["Involved","in","implementing","Quest","Lite","Speed","for","SQL","Backup","and","Restore."],"metadata":[]}],[{"content":"Worked closely with project managers and technical project leads to develop and formalize tasks relative to database development within each project.","tokens":["Worked","closely","with","project","managers","and","technical","project","leads","to","develop","and","formalize","tasks","relative","to","database","development","within","each","project."],"metadata":[]}],[{"content":"Worked on Merge, Merge Join and Multicast Transformations while migrating data using SSIS.","tokens":["Worked","on","Merge,","Merge","Join","and","Multicast","Transformations","while","migrating","data","using","SSIS."],"metadata":[]}],[{"content":"Worked on monitoring SSIS data flow transformations using data viewers and event handlers.","tokens":["Worked","on","monitoring","SSIS","data","flow","transformations","using","data","viewers","and","event","handlers."],"metadata":[]}],[{"content":"Worked on moving data into flat files, OLEDB destinations and SQL server using SSIS packages.","tokens":["Worked","on","moving","data","into","flat","files,","OLEDB","destinations","and","SQL","server","using","SSIS","packages."],"metadata":[]}],[{"content":"Environment: MS SQL Server 2008 r2, MS Office, Oracle, Windows, XML, MS Project.","tokens":["Environment:","MS","SQL","Server","2008","r2,","MS","Office,","Oracle,","Windows,","XML,","MS","Project."],"metadata":[]}],[{"content":"QA Automation Engineer SiriusXM - Washington, DC September 2010 to October 2011 360L project is an end to end business solution for the marketing system at Sirius.","tokens":["QA","Automation","Engineer","SiriusXM","-","Washington,","DC","September","2010","to","October","2011","360L","project","is","an","end","to","end","business","solution","for","the","marketing","system","at","Sirius."],"metadata":[]}],[{"content":"The solution includes organization proving data display in vehicles.","tokens":["The","solution","includes","organization","proving","data","display","in","vehicles."],"metadata":[]}],[{"content":"Sirius must have a scalable and effective solution to all their business requirements to provide top-notch services to the customers.","tokens":["Sirius","must","have","a","scalable","and","effective","solution","to","all","their","business","requirements","to","provide","top-notch","services","to","the","customers."],"metadata":[]}],[{"content":"Retrieving and updating information between the marketing and vehicle systems to ensure that both the systems are synchronized.","tokens":["Retrieving","and","updating","information","between","the","marketing","and","vehicle","systems","to","ensure","that","both","the","systems","are","synchronized."],"metadata":[]}],[{"content":"Responsibilities: Understanding the functional/business requirement documents and existing downstream/upstream systems in Enterprise Application Integration stack that is based on Tibco ESB/AXWAY service virtualization Interact with the BSM and agile teams to understand the functional requirements and System Architecture.","tokens":["Responsibilities:","Understanding","the","functional/business","requirement","documents","and","existing","downstream/upstream","systems","in","Enterprise","Application","Integration","stack","that","is","based","on","Tibco","ESB/AXWAY","service","virtualization","Interact","with","the","BSM","and","agile","teams","to","understand","the","functional","requirements","and","System","Architecture."],"metadata":[]}],[{"content":"Validating the integration scenarios with external/internal dependent systems using SOAP/REST APIs Setting up test data, test environment and deployment of the ESB web service applications Perform SOAP, Restful API testing in various environments including Dev, QA, SIT and PERF environments Verifying the functional correctness of the published web service endpoints and prepare DTK kit for consumers Automating the web services API testing using internal framework [B-Unit] & open source SOAPUI/Groovy Performed IDM Security testing in various environments QA, Partner Dev and SIT.","tokens":["Validating","the","integration","scenarios","with","external/internal","dependent","systems","using","SOAP/REST","APIs","Setting","up","test","data,","test","environment","and","deployment","of","the","ESB","web","service","applications","Perform","SOAP,","Restful","API","testing","in","various","environments","including","Dev,","QA,","SIT","and","PERF","environments","Verifying","the","functional","correctness","of","the","published","web","service","endpoints","and","prepare","DTK","kit","for","consumers","Automating","the","web","services","API","testing","using","internal","framework","[B-Unit]","&","open","source","SOAPUI/Groovy","Performed","IDM","Security","testing","in","various","environments","QA,","Partner","Dev","and","SIT."],"metadata":[]}],[{"content":"Developed functional and integration tests for SOAP and RESTful Web Services using SoapUI Expertise on Testing REST API using Insomnia, postman, soap ui.","tokens":["Developed","functional","and","integration","tests","for","SOAP","and","RESTful","Web","Services","using","SoapUI","Expertise","on","Testing","REST","API","using","Insomnia,","postman,","soap","ui."],"metadata":[]}],[{"content":"Querying the backend systems to check if the database tables has right data using SQL Triaging the issues, regression testing & performance testing of the SOAP and RESTservices Fixing test case failures in continuous integration environment that is configured with Jenkins Mentoring juniors engineers and helping them resolving the issues Worked with high performing agile teams [2 weeks sprint] and delivered QA artefactswith high quality Environment:Tibco, Axway, Jenkins, UNIX, JAVA, SQL, SOAP UI, Insomnia, XML, JSON,Groovy,Eclipse, Python,Bit Bucket, Jira, MobaXterm, Putty.","tokens":["Querying","the","backend","systems","to","check","if","the","database","tables","has","right","data","using","SQL","Triaging","the","issues,","regression","testing","&","performance","testing","of","the","SOAP","and","RESTservices","Fixing","test","case","failures","in","continuous","integration","environment","that","is","configured","with","Jenkins","Mentoring","juniors","engineers","and","helping","them","resolving","the","issues","Worked","with","high","performing","agile","teams","[2","weeks","sprint]","and","delivered","QA","artefactswith","high","quality","Environment:Tibco,","Axway,","Jenkins,","UNIX,","JAVA,","SQL,","SOAP","UI,","Insomnia,","XML,","JSON,Groovy,Eclipse,","Python,Bit","Bucket,","Jira,","MobaXterm,","Putty."],"metadata":[]}],[{"content":"QA Automation Engineer American Express - New York, NY May 2008 to August 2010 Digital Acquisition project allows internet banking customers to book Prepaid and credit cards online.","tokens":["QA","Automation","Engineer","American","Express","-","New","York,","NY","May","2008","to","August","2010","Digital","Acquisition","project","allows","internet","banking","customers","to","book","Prepaid","and","credit","cards","online."],"metadata":[]}],[{"content":"The existing customers with pre-approved credit and credit cards can book the product online by logging into their internet card member account.","tokens":["The","existing","customers","with","pre-approved","credit","and","credit","cards","can","book","the","product","online","by","logging","into","their","internet","card","member","account."],"metadata":[]}],[{"content":"Credit Initiation system process the complete information and interacts with internal & external systems like PZN to verify the customer and provide the customer approval decision.","tokens":["Credit","Initiation","system","process","the","complete","information","and","interacts","with","internal","&","external","systems","like","PZN","to","verify","the","customer","and","provide","the","customer","approval","decision."],"metadata":[]}],[{"content":"Responsibilities: Closely work with Developers and PO's and analyses the requirements and prepares the test cases.","tokens":["Responsibilities:","Closely","work","with","Developers","and","PO's","and","analyses","the","requirements","and","prepares","the","test","cases."],"metadata":[]}],[{"content":"Responsible for UI, Functional, Web Services, cross browser, Automation, Reports Testing of Web, distributed, Reporting, legacy.","tokens":["Responsible","for","UI,","Functional,","Web","Services,","cross","browser,","Automation,","Reports","Testing","of","Web,","distributed,","Reporting,","legacy."],"metadata":[]}],[{"content":"Involved in Defect Review meetings, assisted team members in knowledge transfer.","tokens":["Involved","in","Defect","Review","meetings,","assisted","team","members","in","knowledge","transfer."],"metadata":[]}],[{"content":"Used agile methodology to ensure the new features meet the customer requirements and acceptable quality assurance standards.","tokens":["Used","agile","methodology","to","ensure","the","new","features","meet","the","customer","requirements","and","acceptable","quality","assurance","standards."],"metadata":[]}],[{"content":"Participated in daily stand up meeting to report the progress of the work.","tokens":["Participated","in","daily","stand","up","meeting","to","report","the","progress","of","the","work."],"metadata":[]}],[{"content":"Use Rally to house all test documentation, reports, track all issues/defects.","tokens":["Use","Rally","to","house","all","test","documentation,","reports,","track","all","issues/defects."],"metadata":[]}],[{"content":"Involved in daily meeting with Team members to keep track of defects and provided update on testing progress to the Manager.","tokens":["Involved","in","daily","meeting","with","Team","members","to","keep","track","of","defects","and","provided","update","on","testing","progress","to","the","Manager."],"metadata":[]}],[{"content":"Participate in review meetings to resolve bug related issues with developers.","tokens":["Participate","in","review","meetings","to","resolve","bug","related","issues","with","developers."],"metadata":[]}],[{"content":"Developed Test Cases using JSON which defines Web Service Request, Response, methods/operations, End Point of web service to be tested.","tokens":["Developed","Test","Cases","using","JSON","which","defines","Web","Service","Request,","Response,","methods/operations,","End","Point","of","web","service","to","be","tested."],"metadata":[]}],[{"content":"Importing requirements, create test cases, validate requirements with test cases and generate reports using Rally.","tokens":["Importing","requirements,","create","test","cases,","validate","requirements","with","test","cases","and","generate","reports","using","Rally."],"metadata":[]}],[{"content":"Developing virtual service model using iTKO Lisa virtualize and testing locally with SOAPUI.","tokens":["Developing","virtual","service","model","using","iTKO","Lisa","virtualize","and","testing","locally","with","SOAPUI."],"metadata":[]}],[{"content":"Built effective test data covering all possible scenarios and added in datasheets for LISA Testing.","tokens":["Built","effective","test","data","covering","all","possible","scenarios","and","added","in","datasheets","for","LISA","Testing."],"metadata":[]}],[{"content":"As a Scrum team member, participated in Sprint Planning, Product Backlog Grooming, Estimation & Demos, Sprint Retrospectives and Daily Stand-Up meetings.","tokens":["As","a","Scrum","team","member,","participated","in","Sprint","Planning,","Product","Backlog","Grooming,","Estimation","&","Demos,","Sprint","Retrospectives","and","Daily","Stand-Up","meetings."],"metadata":[]}],[{"content":"Created regression automation test scripts in Java using Web driver, TestNG.","tokens":["Created","regression","automation","test","scripts","in","Java","using","Web","driver,","TestNG."],"metadata":[]}],[{"content":"Developed and maintained automated regression test cases in Selenium Web Driverusing Java programming language.","tokens":["Developed","and","maintained","automated","regression","test","cases","in","Selenium","Web","Driverusing","Java","programming","language."],"metadata":[]}],[{"content":"As a QA Lead, participated in walkthroughs for the evaluation of the test plan with the design and development.","tokens":["As","a","QA","Lead,","participated","in","walkthroughs","for","the","evaluation","of","the","test","plan","with","the","design","and","development."],"metadata":[]}],[{"content":"Prepare the testing report for every production release.","tokens":["Prepare","the","testing","report","for","every","production","release."],"metadata":[]}],[{"content":"End of the sprint will give a quick demo to Product owners.","tokens":["End","of","the","sprint","will","give","a","quick","demo","to","Product","owners."],"metadata":[]}],[{"content":"Involved in preparing QA sizing document and QA Sign Off document based on the Test Plan approved by the Project Manager and Product Owner.","tokens":["Involved","in","preparing","QA","sizing","document","and","QA","Sign","Off","document","based","on","the","Test","Plan","approved","by","the","Project","Manager","and","Product","Owner."],"metadata":[]}],[{"content":"Collected test data from the data team and tested for different kinds of scenarios (Positive & Negative) for the different fields of UI module.","tokens":["Collected","test","data","from","the","data","team","and","tested","for","different","kinds","of","scenarios","(Positive","&","Negative)","for","the","different","fields","of","UI","module."],"metadata":[]}],[{"content":"Environment: Selenium Webdriver2.0, TestNG, MS Word, MS Excel, MS PowerPoint,Java1.6, Oracle 11g, XML,HTML5, Web Sphere Application Server, Jboss6.2,Unix, Restful Web services, Lisa 4.6.7, SVN, SOAP UI, WAS 7.0, Eclipse.","tokens":["Environment:","Selenium","Webdriver2.0,","TestNG,","MS","Word,","MS","Excel,","MS","PowerPoint,Java1.6,","Oracle","11g,","XML,HTML5,","Web","Sphere","Application","Server,","Jboss6.2,Unix,","Restful","Web","services,","Lisa","4.6.7,","SVN,","SOAP","UI,","WAS","7.0,","Eclipse."],"metadata":[]}],[{"content":"Education Bachelor's Skills DATABASES (7 years), DATABASE (8 years), SQL SERVER (7 years), SQL (8 years), XML (5 years) Additional Information TECHNICAL SKILL: Operating Systems Client Versions MS Windows8/7/XP/2000/NT, DOS, PowerShell and Unix/Linux.","tokens":["Education","Bachelor's","Skills","DATABASES","(7","years),","DATABASE","(8","years),","SQL","SERVER","(7","years),","SQL","(8","years),","XML","(5","years)","Additional","Information","TECHNICAL","SKILL:","Operating","Systems","Client","Versions","MS","Windows8/7/XP/2000/NT,","DOS,","PowerShell","and","Unix/Linux."],"metadata":[]}],[{"content":"Windows Servers Windows 2012R2/2012/2008R2/2008/2003R2/2003 SQL server tools MS SQL Server Management Studio 2012/2008R2/2008/2005, Business Intelligence Development Studio, MS SQL Server 2000 Enterprise Manager, Query Analyzer, SQL Profiler, DTS, SQL Server 2012/2008R2/2008/2005 Integration Services (SSIS), SQL Server 2005 Analysis Services (SSAS), SQL Performance Monitor, Database Tuning Advisor Databases MS-SQL Server 2012/2008R2/2008/2005/2000, MS Access 2010/2007/2003, Oracle11g,10g,MY SQL, Sybase ASE 15.0 Oracle Tools Toad 12.0, PL/SQL Developer Languages T-SQL, C, C++, VB6, Oracle PL/SQL,ASP","tokens":["Windows","Servers","Windows","2012R2/2012/2008R2/2008/2003R2/2003","SQL","server","tools","MS","SQL","Server","Management","Studio","2012/2008R2/2008/2005,","Business","Intelligence","Development","Studio,","MS","SQL","Server","2000","Enterprise","Manager,","Query","Analyzer,","SQL","Profiler,","DTS,","SQL","Server","2012/2008R2/2008/2005","Integration","Services","(SSIS),","SQL","Server","2005","Analysis","Services","(SSAS),","SQL","Performance","Monitor,","Database","Tuning","Advisor","Databases","MS-SQL","Server","2012/2008R2/2008/2005/2000,","MS","Access","2010/2007/2003,","Oracle11g,10g,MY","SQL,","Sybase","ASE","15.0","Oracle","Tools","Toad","12.0,","PL/SQL","Developer","Languages","T-SQL,","C,","C++,","VB6,","Oracle","PL/SQL,ASP"],"metadata":[]}],[{"content":"NET,VB.NET,C#.NET Reporting Tools SQL Server 2012/2008R2/2008/2005 Reporting Services (SSRS), Crystal Reports XI, Business objects, MS Excel, Power BI Web technologies XML, HTML,XSLT, Ado","tokens":["NET,VB.NET,C#.NET","Reporting","Tools","SQL","Server","2012/2008R2/2008/2005","Reporting","Services","(SSRS),","Crystal","Reports","XI,","Business","objects,","MS","Excel,","Power","BI","Web","technologies","XML,","HTML,XSLT,","Ado"],"metadata":[]}],[{"content":"Net, VBScript Other Tools SQL Lite Speed, SQL Watch ,DB Artisan, Rapid SQL","tokens":["Net,","VBScript","Other","Tools","SQL","Lite","Speed,","SQL","Watch",",DB","Artisan,","Rapid","SQL"],"metadata":[]}]],"labelerInfo":{"id":6814,"email":"cwilhel8@jh.edu","displayName":"Chris Wilhelm"},"labelSets":[{"name":"Resume Labels","index":0,"labelItems":[{"id":"Kj5U6n9NUqTXuWcB3c_7L","labelName":"College"},{"id":"rj7TW0-ymuRo6f_asXJab","labelName":"Company Name"},{"id":"SJEkdao76hjwbb6Fh5SY6","labelName":"Job Title"},{"id":"BjO8MdvK2KI4E5iMEeY4B","labelName":"Graduation Year"},{"id":"eS2knCRgLegeRw8bcmSWA","labelName":"Skill"},{"id":"IeEoIKabMl51BJE0gX2YL","labelName":"Degree"},{"id":"1R0C50AAwFbEp2O0WmRv6","labelName":"Location"},{"id":"zQcc4ygexJ_A3Gb0NeRTk","labelName":"Years of Experience"},{"id":"52S_6moRfhjC-yXgIBeCp","labelName":"Date"},{"id":"KiLarWmwlU1E3-FfdG6Qg","labelName":"Project"},{"id":"dyxKKTAxW1z5ifjPj42BI","labelName":"Name"}]}],"spanLabels":[],"arrowLabels":[],"boundingBoxLabels":[],"timeLabels":[],"comments":[],"url":"datasaur://static/6814/61464449-83b0-49f1-b77d-1d6afe67fd88.txt"}}
