{"version":"1","data":{"project":{"id":"ODBjYmQ2MDg","name":"NLP SSM Final Project"},"document":{"id":"06050c0c-d4ce-4cd0-8f03-b8e3ce1619f6","name":"resume_2256_d1.txt"},"kinds":["TOKEN_BASED"],"rows":[[{"content":"INSIDE SALES REPRESENTATIVE Experience Company Name March 2012 to Current Inside Sales Representative City , State Currently selling the suite of OpenTable products to an assigned territory with a concentration in Chicago, Minneapolis, and Milwaukee.","tokens":["INSIDE","SALES","REPRESENTATIVE","Experience","Company","Name","March","2012","to","Current","Inside","Sales","Representative","City",",","State","Currently","selling","the","suite","of","OpenTable","products","to","an","assigned","territory","with","a","concentration","in","Chicago,","Minneapolis,","and","Milwaukee."],"metadata":[]}],[{"content":"Utilize a consultative approach to communicate the features and benefits of OpenTable products and services.","tokens":["Utilize","a","consultative","approach","to","communicate","the","features","and","benefits","of","OpenTable","products","and","services."],"metadata":[]}],[{"content":"Effectively meet sales results by various means such as cold-calling, presenting at company sponsored seminars, following up on company provided leads, meeting in person with restaurant owners, and networking with field representatives along with leveraging customer service into upselling opportunities.","tokens":["Effectively","meet","sales","results","by","various","means","such","as","cold-calling,","presenting","at","company","sponsored","seminars,","following","up","on","company","provided","leads,","meeting","in","person","with","restaurant","owners,","and","networking","with","field","representatives","along","with","leveraging","customer","service","into","upselling","opportunities."],"metadata":[]}],[{"content":"Solid understanding of OpenTable Electronic Reservation Book and its competitive advantages.","tokens":["Solid","understanding","of","OpenTable","Electronic","Reservation","Book","and","its","competitive","advantages."],"metadata":[]}],[{"content":"Met or exceeded monthly, quarterly, and yearly quota for calendar year 2012(125%), 2013(108%) and 2015(100%).","tokens":["Met","or","exceeded","monthly,","quarterly,","and","yearly","quota","for","calendar","year","2012(125%),","2013(108%)","and","2015(100%)."],"metadata":[]}],[{"content":"Proficient understanding of salesforce.com CRM application and pipeline management.","tokens":["Proficient","understanding","of","salesforce.com","CRM","application","and","pipeline","management."],"metadata":[]}],[{"content":"Promoted to Sales Representative from Sales Coordinator within first 6 months of employment.","tokens":["Promoted","to","Sales","Representative","from","Sales","Coordinator","within","first","6","months","of","employment."],"metadata":[]}],[{"content":"Company Name August 2009 to February 2012 Asset Manager City , State Managed a $50M portfolio of real estate properties.","tokens":["Company","Name","August","2009","to","February","2012","Asset","Manager","City",",","State","Managed","a","$50M","portfolio","of","real","estate","properties."],"metadata":[]}],[{"content":"Represented investors, developers and business owners in leasing residential and commercial space.","tokens":["Represented","investors,","developers","and","business","owners","in","leasing","residential","and","commercial","space."],"metadata":[]}],[{"content":"Increased company profile with existing client base while networking extensively to forge new alliances to provide multi-faceted real estate services.","tokens":["Increased","company","profile","with","existing","client","base","while","networking","extensively","to","forge","new","alliances","to","provide","multi-faceted","real","estate","services."],"metadata":[]}],[{"content":"Financial reporting and owner summaries for 700 units of mixed multifamily and commercial properties.","tokens":["Financial","reporting","and","owner","summaries","for","700","units","of","mixed","multifamily","and","commercial","properties."],"metadata":[]}],[{"content":"Developed and negotiated specific project plans for new builds and remodels.","tokens":["Developed","and","negotiated","specific","project","plans","for","new","builds","and","remodels."],"metadata":[]}],[{"content":"Weekly property evaluations including special project coordination.","tokens":["Weekly","property","evaluations","including","special","project","coordination."],"metadata":[]}],[{"content":"Managed and trained a team of 6 sales, maintenance, and housekeeping personnel.","tokens":["Managed","and","trained","a","team","of","6","sales,","maintenance,","and","housekeeping","personnel."],"metadata":[]}],[{"content":"Organized, hosted and led company sponsored events.","tokens":["Organized,","hosted","and","led","company","sponsored","events."],"metadata":[]}],[{"content":"Company Name February 2008 to May 2009 Property Manager City , State Represented preferred developers and multi-unit operators including The University of Canterbury, New Zealand.","tokens":["Company","Name","February","2008","to","May","2009","Property","Manager","City",",","State","Represented","preferred","developers","and","multi-unit","operators","including","The","University","of","Canterbury,","New","Zealand."],"metadata":[]}],[{"content":"Directed and managed a portfolio of 100+ units of university housing.","tokens":["Directed","and","managed","a","portfolio","of","100+","units","of","university","housing."],"metadata":[]}],[{"content":"Residential lease negotiations.","tokens":["Residential","lease","negotiations."],"metadata":[]}],[{"content":"Rent collection and financial reporting to operators.","tokens":["Rent","collection","and","financial","reporting","to","operators."],"metadata":[]}],[{"content":"Updated new and expired documentation as needed.","tokens":["Updated","new","and","expired","documentation","as","needed."],"metadata":[]}],[{"content":"Company Name August 2005 to February 2008 Business Banking Specialist City , State Responsible for managing and retaining existing relationships and generating new business in the Business Banking market segment.","tokens":["Company","Name","August","2005","to","February","2008","Business","Banking","Specialist","City",",","State","Responsible","for","managing","and","retaining","existing","relationships","and","generating","new","business","in","the","Business","Banking","market","segment."],"metadata":[]}],[{"content":"Cross-sold bank products, executed strategies with calls and site visits; provided needs assessment, customer qualification and meeting follow-up to maintain, enhance and expand customer relationships.","tokens":["Cross-sold","bank","products,","executed","strategies","with","calls","and","site","visits;","provided","needs","assessment,","customer","qualification","and","meeting","follow-up","to","maintain,","enhance","and","expand","customer","relationships."],"metadata":[]}],[{"content":"Serviced the credit and non-credit financial needs of existing clients.","tokens":["Serviced","the","credit","and","non-credit","financial","needs","of","existing","clients."],"metadata":[]}],[{"content":"Personally interviewed applicants, and closed various types of SBA loans.","tokens":["Personally","interviewed","applicants,","and","closed","various","types","of","SBA","loans."],"metadata":[]}],[{"content":"Managed all aspects of location and cultivation of new deposits and loans.","tokens":["Managed","all","aspects","of","location","and","cultivation","of","new","deposits","and","loans."],"metadata":[]}],[{"content":"Analyzed call logs and sales numbers in compliance with targeted sales quotas.","tokens":["Analyzed","call","logs","and","sales","numbers","in","compliance","with","targeted","sales","quotas."],"metadata":[]}],[{"content":"Education Colorado State University May 2014 BA : Business Administration Management City , State Business Administration Management Skills approach, Banking, benefits, Book, cold-calling, competitive, credit, client, clients, customer service, documentation, features, financial, Financial reporting, managing, market, needs assessment, negotiations, networking, personnel, presenting, project coordination, project plans, real estate, selling, Sales, salesforce.com CRM, seminars","tokens":["Education","Colorado","State","University","May","2014","BA",":","Business","Administration","Management","City",",","State","Business","Administration","Management","Skills","approach,","Banking,","benefits,","Book,","cold-calling,","competitive,","credit,","client,","clients,","customer","service,","documentation,","features,","financial,","Financial","reporting,","managing,","market,","needs","assessment,","negotiations,","networking,","personnel,","presenting,","project","coordination,","project","plans,","real","estate,","selling,","Sales,","salesforce.com","CRM,","seminars"],"metadata":[]}]],"labelerInfo":{"id":6814,"email":"cwilhel8@jh.edu","displayName":"Chris Wilhelm"},"labelSets":[{"name":"Resume Labels","index":0,"labelItems":[{"id":"Kj5U6n9NUqTXuWcB3c_7L","labelName":"College"},{"id":"rj7TW0-ymuRo6f_asXJab","labelName":"Company Name"},{"id":"SJEkdao76hjwbb6Fh5SY6","labelName":"Job Title"},{"id":"BjO8MdvK2KI4E5iMEeY4B","labelName":"Graduation Year"},{"id":"eS2knCRgLegeRw8bcmSWA","labelName":"Skill"},{"id":"IeEoIKabMl51BJE0gX2YL","labelName":"Degree"},{"id":"1R0C50AAwFbEp2O0WmRv6","labelName":"Location"},{"id":"zQcc4ygexJ_A3Gb0NeRTk","labelName":"Years of Experience"},{"id":"52S_6moRfhjC-yXgIBeCp","labelName":"Date"},{"id":"KiLarWmwlU1E3-FfdG6Qg","labelName":"Project"},{"id":"dyxKKTAxW1z5ifjPj42BI","labelName":"Name"}]}],"spanLabels":[],"arrowLabels":[],"boundingBoxLabels":[],"timeLabels":[],"comments":[],"url":"datasaur://static/6814/06050c0c-d4ce-4cd0-8f03-b8e3ce1619f6.txt"}}
