{"version":"1","data":{"project":{"id":"ODBjYmQ2MDg","name":"NLP SSM Final Project"},"document":{"id":"f84b4dde-c4c9-48bf-9805-fd92103d4e62","name":"resume_2084_d1.txt"},"kinds":["TOKEN_BASED"],"rows":[[{"content":"INSURANCE SPECIALIST Summary Accomplished communicator who mediates effectively and uses negotiating and persuasion skills to achieve consensus.","tokens":["INSURANCE","SPECIALIST","Summary","Accomplished","communicator","who","mediates","effectively","and","uses","negotiating","and","persuasion","skills","to","achieve","consensus."],"metadata":[]}],[{"content":"Proficient in account management, training, project management, and building strong relationships.","tokens":["Proficient","in","account","management,","training,","project","management,","and","building","strong","relationships."],"metadata":[]}],[{"content":"Proven ability to streamline operations, educations, and troubleshoot problem areas.","tokens":["Proven","ability","to","streamline","operations,","educations,","and","troubleshoot","problem","areas."],"metadata":[]}],[{"content":"Demonstrated history of successful administration and effective issue resolution, while providing high-quality leadership, and managing individuals from varying backgrounds.","tokens":["Demonstrated","history","of","successful","administration","and","effective","issue","resolution,","while","providing","high-quality","leadership,","and","managing","individuals","from","varying","backgrounds."],"metadata":[]}],[{"content":"Skills Spreadsheet management POS systems Microsoft Office proficiency Advanced MS Office Suite knowledge Medical Billing Microsoft Excel certified Administrative support specialist QuickBooks Expert employee training Invoice processing Advanced clerical knowledge Microsoft excel Marsha systemFosse system Experience Insurance Specialist 04/2017 to Current Company Name City , State Processed applications, payments, corrections, endorsements and cancellations.","tokens":["Skills","Spreadsheet","management","POS","systems","Microsoft","Office","proficiency","Advanced","MS","Office","Suite","knowledge","Medical","Billing","Microsoft","Excel","certified","Administrative","support","specialist","QuickBooks","Expert","employee","training","Invoice","processing","Advanced","clerical","knowledge","Microsoft","excel","Marsha","systemFosse","system","Experience","Insurance","Specialist","04/2017","to","Current","Company","Name","City",",","State","Processed","applications,","payments,","corrections,","endorsements","and","cancellations."],"metadata":[]}],[{"content":"Developed, implemented and monitored new underwriting guidelines for the agency.","tokens":["Developed,","implemented","and","monitored","new","underwriting","guidelines","for","the","agency."],"metadata":[]}],[{"content":"Compiled coverage and rating information in an accessible format.","tokens":["Compiled","coverage","and","rating","information","in","an","accessible","format."],"metadata":[]}],[{"content":"Submitted up-to-date activity and production logs to agency management for review.","tokens":["Submitted","up-to-date","activity","and","production","logs","to","agency","management","for","review."],"metadata":[]}],[{"content":"Researched coverage and premium options and supplied clients with the best coverage available.","tokens":["Researched","coverage","and","premium","options","and","supplied","clients","with","the","best","coverage","available."],"metadata":[]}],[{"content":"Finalized and maintained all types of personal lines insurance policies within the agency.","tokens":["Finalized","and","maintained","all","types","of","personal","lines","insurance","policies","within","the","agency."],"metadata":[]}],[{"content":"Front desk agent 12/2015 to Current Company Name City , State Dispensed guidance, direction and authorization to carry out major plans.","tokens":["Front","desk","agent","12/2015","to","Current","Company","Name","City",",","State","Dispensed","guidance,","direction","and","authorization","to","carry","out","major","plans."],"metadata":[]}],[{"content":"Reviewed sales price","tokens":["Reviewed","sales","price"],"metadata":[]}],[{"content":"and operating costs.","tokens":["and","operating","costs."],"metadata":[]}],[{"content":"Ensured work was accomplished in a safe manner in accordance with established operating","tokens":["Ensured","work","was","accomplished","in","a","safe","manner","in","accordance","with","established","operating"],"metadata":[]}],[{"content":"procedures and practices.","tokens":["procedures","and","practices."],"metadata":[]}],[{"content":"Handled telephone inquiries.","tokens":["Handled","telephone","inquiries."],"metadata":[]}],[{"content":"Documented business requirements, functional specifications","tokens":["Documented","business","requirements,","functional","specifications"],"metadata":[]}],[{"content":"and training procedures.","tokens":["and","training","procedures."],"metadata":[]}],[{"content":"Managed quality communication, customer support and product representation for each","tokens":["Managed","quality","communication,","customer","support","and","product","representation","for","each"],"metadata":[]}],[{"content":"client.","tokens":["client."],"metadata":[]}],[{"content":"Interacted with customers and retail buyers to follow-up on shipping statuses and expedited","tokens":["Interacted","with","customers","and","retail","buyers","to","follow-up","on","shipping","statuses","and","expedited"],"metadata":[]}],[{"content":"orders.","tokens":["orders."],"metadata":[]}],[{"content":"Promptly responded to general inquiries from members, staff, and clients via mail, e-mail and","tokens":["Promptly","responded","to","general","inquiries","from","members,","staff,","and","clients","via","mail,","e-mail","and"],"metadata":[]}],[{"content":"fax.","tokens":["fax."],"metadata":[]}],[{"content":"Performed store opening duties, including counting cash drawers and checking all equipment","tokens":["Performed","store","opening","duties,","including","counting","cash","drawers","and","checking","all","equipment"],"metadata":[]}],[{"content":"for proper functioning.","tokens":["for","proper","functioning."],"metadata":[]}],[{"content":"Public relations 09/2011 to 06/2012 Company Name City , State Identified customer needs through market research and analysis.","tokens":["Public","relations","09/2011","to","06/2012","Company","Name","City",",","State","Identified","customer","needs","through","market","research","and","analysis."],"metadata":[]}],[{"content":"Defined project and company vision, strategies and tactics.","tokens":["Defined","project","and","company","vision,","strategies","and","tactics."],"metadata":[]}],[{"content":"Researched, negotiated, implemented and tracked advertising and public relations activities.","tokens":["Researched,","negotiated,","implemented","and","tracked","advertising","and","public","relations","activities."],"metadata":[]}],[{"content":"Evaluated and managed new strategic business opportunities.","tokens":["Evaluated","and","managed","new","strategic","business","opportunities."],"metadata":[]}],[{"content":"Expanded product and company recognition in the national press to support the sales and marketing teams.","tokens":["Expanded","product","and","company","recognition","in","the","national","press","to","support","the","sales","and","marketing","teams."],"metadata":[]}],[{"content":"Organized public appearances, lectures, contests and exhibits to increase product awareness.","tokens":["Organized","public","appearances,","lectures,","contests","and","exhibits","to","increase","product","awareness."],"metadata":[]}],[{"content":"Billing and Coding 07/2010 to 08/2010 Company Name City , State Obtained information by contacting appropriate personnel or patients.","tokens":["Billing","and","Coding","07/2010","to","08/2010","Company","Name","City",",","State","Obtained","information","by","contacting","appropriate","personnel","or","patients."],"metadata":[]}],[{"content":"Organized files by color codes","tokens":["Organized","files","by","color","codes"],"metadata":[]}],[{"content":"Entered information into computer databases.","tokens":["Entered","information","into","computer","databases."],"metadata":[]}],[{"content":"Retrieved requested files and delivered to appropriate personnel.","tokens":["Retrieved","requested","files","and","delivered","to","appropriate","personnel."],"metadata":[]}],[{"content":"Reviewed files to check for complete and accurate information.","tokens":["Reviewed","files","to","check","for","complete","and","accurate","information."],"metadata":[]}],[{"content":"Processed and routed incoming mail.","tokens":["Processed","and","routed","incoming","mail."],"metadata":[]}],[{"content":"Public Relations 08/2011 to 05/2017 Company Name City , State Identified customer needs through market research and analysis.","tokens":["Public","Relations","08/2011","to","05/2017","Company","Name","City",",","State","Identified","customer","needs","through","market","research","and","analysis."],"metadata":[]}],[{"content":"Defined project and company vision, strategies and tactics.","tokens":["Defined","project","and","company","vision,","strategies","and","tactics."],"metadata":[]}],[{"content":"Organized public appearances, lectures, contests and exhibits to increase product awareness.","tokens":["Organized","public","appearances,","lectures,","contests","and","exhibits","to","increase","product","awareness."],"metadata":[]}],[{"content":"Worked with management to identify trends and developments that might influence PR","tokens":["Worked","with","management","to","identify","trends","and","developments","that","might","influence","PR"],"metadata":[]}],[{"content":"decisions and strategies.","tokens":["decisions","and","strategies."],"metadata":[]}],[{"content":"Researched, negotiated, implemented and tracked advertising and public relations activities.","tokens":["Researched,","negotiated,","implemented","and","tracked","advertising","and","public","relations","activities."],"metadata":[]}],[{"content":"Education and Training High School Diploma 2011 Jones Senior High School Business Administartion 2017 Southern University City , State , United States Personal Information Majorette (twirler/ dancer)","tokens":["Education","and","Training","High","School","Diploma","2011","Jones","Senior","High","School","Business","Administartion","2017","Southern","University","City",",","State",",","United","States","Personal","Information","Majorette","(twirler/","dancer)"],"metadata":[]}],[{"content":"Volleyball","tokens":["Volleyball"],"metadata":[]}],[{"content":"Affiliations","tokens":["Affiliations"],"metadata":[]}],[{"content":"Walk of Life (St. Joseph Hospital)","tokens":["Walk","of","Life","(St.","Joseph","Hospital)"],"metadata":[]}],[{"content":"Willing to relocate: Anywhere","tokens":["Willing","to","relocate:","Anywhere"],"metadata":[]}],[{"content":"Additional Information","tokens":["Additional","Information"],"metadata":[]}],[{"content":"Won employee of the month in March 2016 Skills account management, Administrative support, advertising, art, business management, call center, clerical, closing, color, client, clients, customer satisfaction, customer","tokens":["Won","employee","of","the","month","in","March","2016","Skills","account","management,","Administrative","support,","advertising,","art,","business","management,","call","center,","clerical,","closing,","color,","client,","clients,","customer","satisfaction,","customer"],"metadata":[]}],[{"content":"service, customer service, customer support, databases, direction, e-mail, employee training, fax, functional, Invoice processing, machine operation, market research and analysis, Medical Billing, Microsoft Excel, mail, Microsoft Office, MS Office Suite, payroll, personnel, POS, PR, public relations, quality, quality assurance, QuickBooks, retail, safety, sales, script, shipping, Spreadsheet, telephone, vision Additional Information Majorette (twirler/ dancer)","tokens":["service,","customer","service,","customer","support,","databases,","direction,","e-mail,","employee","training,","fax,","functional,","Invoice","processing,","machine","operation,","market","research","and","analysis,","Medical","Billing,","Microsoft","Excel,","mail,","Microsoft","Office,","MS","Office","Suite,","payroll,","personnel,","POS,","PR,","public","relations,","quality,","quality","assurance,","QuickBooks,","retail,","safety,","sales,","script,","shipping,","Spreadsheet,","telephone,","vision","Additional","Information","Majorette","(twirler/","dancer)"],"metadata":[]}],[{"content":"Volleyball","tokens":["Volleyball"],"metadata":[]}],[{"content":"Affiliations","tokens":["Affiliations"],"metadata":[]}],[{"content":"Walk of Life (St. Joseph Hospital)","tokens":["Walk","of","Life","(St.","Joseph","Hospital)"],"metadata":[]}],[{"content":"Willing to relocate: Anywhere","tokens":["Willing","to","relocate:","Anywhere"],"metadata":[]}],[{"content":"Additional Information","tokens":["Additional","Information"],"metadata":[]}],[{"content":"Won employee of the month in March 2016","tokens":["Won","employee","of","the","month","in","March","2016"],"metadata":[]}]],"labelerInfo":{"id":6814,"email":"cwilhel8@jh.edu","displayName":"Chris Wilhelm"},"labelSets":[{"name":"Resume Labels","index":0,"labelItems":[{"id":"Kj5U6n9NUqTXuWcB3c_7L","labelName":"College"},{"id":"rj7TW0-ymuRo6f_asXJab","labelName":"Company Name"},{"id":"SJEkdao76hjwbb6Fh5SY6","labelName":"Job Title"},{"id":"BjO8MdvK2KI4E5iMEeY4B","labelName":"Graduation Year"},{"id":"eS2knCRgLegeRw8bcmSWA","labelName":"Skill"},{"id":"IeEoIKabMl51BJE0gX2YL","labelName":"Degree"},{"id":"1R0C50AAwFbEp2O0WmRv6","labelName":"Location"},{"id":"zQcc4ygexJ_A3Gb0NeRTk","labelName":"Years of Experience"},{"id":"52S_6moRfhjC-yXgIBeCp","labelName":"Date"},{"id":"KiLarWmwlU1E3-FfdG6Qg","labelName":"Project"},{"id":"dyxKKTAxW1z5ifjPj42BI","labelName":"Name"}]}],"spanLabels":[],"arrowLabels":[],"boundingBoxLabels":[],"timeLabels":[],"comments":[],"url":"datasaur://static/6814/f84b4dde-c4c9-48bf-9805-fd92103d4e62.txt"}}
