{"version":"1","data":{"project":{"id":"ODBjYmQ2MDg","name":"NLP SSM Final Project"},"document":{"id":"94b06e3c-281b-47b8-8e50-458ba3a9646f","name":"resume_1390_d2.txt"},"kinds":["TOKEN_BASED"],"rows":[[{"content":"Sr. Java Developer Sr. Java Developer Sr. Java Developer - Covestro Boston, MA Over 7+ years of experience in JAVA/J2EE projects in software analysis, design, implementation and development.","tokens":["Sr.","Java","Developer","Sr.","Java","Developer","Sr.","Java","Developer","-","Covestro","Boston,","MA","Over","7+","years","of","experience","in","JAVA/J2EE","projects","in","software","analysis,","design,","implementation","and","development."],"metadata":[]}],[{"content":"Experience in Web Application Design, Development, Programming, Testing, Support Maintenance, and End-User support using java/J2EE technologies with Web Sphere and Web Logic application servers.","tokens":["Experience","in","Web","Application","Design,","Development,","Programming,","Testing,","Support","Maintenance,","and","End-User","support","using","java/J2EE","technologies","with","Web","Sphere","and","Web","Logic","application","servers."],"metadata":[]}],[{"content":"Strong experience in Design and development of multi-tier web based applications using J2EE technologies JAVA, Servlets, JSP, Oracle, MySQL and JDBC.","tokens":["Strong","experience","in","Design","and","development","of","multi-tier","web","based","applications","using","J2EE","technologies","JAVA,","Servlets,","JSP,","Oracle,","MySQL","and","JDBC."],"metadata":[]}],[{"content":"Extensive experience in Object Oriented Analysis in developing server side and front-end framework using J2EE design patterns.","tokens":["Extensive","experience","in","Object","Oriented","Analysis","in","developing","server","side","and","front-end","framework","using","J2EE","design","patterns."],"metadata":[]}],[{"content":"Strong hands-on experience with AngularJS and NodeJS.","tokens":["Strong","hands-on","experience","with","AngularJS","and","NodeJS."],"metadata":[]}],[{"content":"Experience in developing enterprise applications using Object oriented methodologies, enterprise technologies, frameworks and design patterns.","tokens":["Experience","in","developing","enterprise","applications","using","Object","oriented","methodologies,","enterprise","technologies,","frameworks","and","design","patterns."],"metadata":[]}],[{"content":"Implemented various J2EE design patterns like Service Locator, Session Faade, Data Access Objects (DAO), Factory, Singleton, Data Transfer Object (DTO), Service Oriented Architecture (SOA) and Business Delegate in the development of Multi-Tier distributed Applications.","tokens":["Implemented","various","J2EE","design","patterns","like","Service","Locator,","Session","Faade,","Data","Access","Objects","(DAO),","Factory,","Singleton,","Data","Transfer","Object","(DTO),","Service","Oriented","Architecture","(SOA)","and","Business","Delegate","in","the","development","of","Multi-Tier","distributed","Applications."],"metadata":[]}],[{"content":"Experience in building enterprise Applications and Distributed Systems using technologies such as Core Java, J2EE (Servlets, JSP, JSF, EJB, Hibernate, Spring, Struts, JDBC).","tokens":["Experience","in","building","enterprise","Applications","and","Distributed","Systems","using","technologies","such","as","Core","Java,","J2EE","(Servlets,","JSP,","JSF,","EJB,","Hibernate,","Spring,","Struts,","JDBC)."],"metadata":[]}],[{"content":"Experience in all phases of Software Development Life Cycle (SDLC), which includes User Interaction, Business Analysis/Modeling, Design/Architecture, Development, Implementation, Integration, Documentation, Testing, and Deployment.","tokens":["Experience","in","all","phases","of","Software","Development","Life","Cycle","(SDLC),","which","includes","User","Interaction,","Business","Analysis/Modeling,","Design/Architecture,","Development,","Implementation,","Integration,","Documentation,","Testing,","and","Deployment."],"metadata":[]}],[{"content":"Highly knowledgeable in UML, Use Cases, Conceptual Models, Collaboration Diagrams, Class Diagrams, Activity and Sequence Diagrams.","tokens":["Highly","knowledgeable","in","UML,","Use","Cases,","Conceptual","Models,","Collaboration","Diagrams,","Class","Diagrams,","Activity","and","Sequence","Diagrams."],"metadata":[]}],[{"content":"Created forms and web pages using HTML5, CSS3 and Bootstrap.","tokens":["Created","forms","and","web","pages","using","HTML5,","CSS3","and","Bootstrap."],"metadata":[]}],[{"content":"Experience in using Version Control Systems like CVS, SVN, and GIT.","tokens":["Experience","in","using","Version","Control","Systems","like","CVS,","SVN,","and","GIT."],"metadata":[]}],[{"content":"Worked with servers IBM web sphere, web logic, JBoss and Apache's Tomcat.","tokens":["Worked","with","servers","IBM","web","sphere,","web","logic,","JBoss","and","Apache's","Tomcat."],"metadata":[]}],[{"content":"Good at designing Design Documents, Unit Test Case, Integration Test Case, Integration Test Plan documents and estimating the assigning tasks.","tokens":["Good","at","designing","Design","Documents,","Unit","Test","Case,","Integration","Test","Case,","Integration","Test","Plan","documents","and","estimating","the","assigning","tasks."],"metadata":[]}],[{"content":"Highly organized with the ability to prioritize workload, manage multiple projects and meet project deadlines by following project standards and procedures as per client specifications.","tokens":["Highly","organized","with","the","ability","to","prioritize","workload,","manage","multiple","projects","and","meet","project","deadlines","by","following","project","standards","and","procedures","as","per","client","specifications."],"metadata":[]}],[{"content":"Good interpersonal skills, excellent verbal, written and presentation skills and can work both independently and in a team.","tokens":["Good","interpersonal","skills,","excellent","verbal,","written","and","presentation","skills","and","can","work","both","independently","and","in","a","team."],"metadata":[]}],[{"content":"Work Experience Sr. Java Developer Covestro - Pittsburgh, PA September 2017 to Present Project Description: Responsibilities: Experience with IBM Rational Application Developer with WebSphere Application Server 8.5.","tokens":["Work","Experience","Sr.","Java","Developer","Covestro","-","Pittsburgh,","PA","September","2017","to","Present","Project","Description:","Responsibilities:","Experience","with","IBM","Rational","Application","Developer","with","WebSphere","Application","Server","8.5."],"metadata":[]}],[{"content":"Use of IBM Rational Application Developer Software to design, develop, analyse, test and deploy high quality web JAVA EE applications.","tokens":["Use","of","IBM","Rational","Application","Developer","Software","to","design,","develop,","analyse,","test","and","deploy","high","quality","web","JAVA","EE","applications."],"metadata":[]}],[{"content":"Demonstrated experience in building Micro services.","tokens":["Demonstrated","experience","in","building","Micro","services."],"metadata":[]}],[{"content":"Experience writing HTML and CSS that works across browsers, including on Android.","tokens":["Experience","writing","HTML","and","CSS","that","works","across","browsers,","including","on","Android."],"metadata":[]}],[{"content":"Experience with Azure App Services/Web Sites and Storage.","tokens":["Experience","with","Azure","App","Services/Web","Sites","and","Storage."],"metadata":[]}],[{"content":"Expertise writing JavaScript and using frameworks like Angular, to build scalable single page apps.","tokens":["Expertise","writing","JavaScript","and","using","frameworks","like","Angular,","to","build","scalable","single","page","apps."],"metadata":[]}],[{"content":"Broad understanding of Microsoft Azure PAAS offerings, including Azure Websites, Azure SQL, etc. Experience with Azure IAAS.","tokens":["Broad","understanding","of","Microsoft","Azure","PAAS","offerings,","including","Azure","Websites,","Azure","SQL,","etc.","Experience","with","Azure","IAAS."],"metadata":[]}],[{"content":"Understanding of Multi-threaded interface design.","tokens":["Understanding","of","Multi-threaded","interface","design."],"metadata":[]}],[{"content":"Expertise in multi-threading, object oriented design and the use of design patterns.","tokens":["Expertise","in","multi-threading,","object","oriented","design","and","the","use","of","design","patterns."],"metadata":[]}],[{"content":"Architecting and Development experience of Angular 4 Applications.","tokens":["Architecting","and","Development","experience","of","Angular","4","Applications."],"metadata":[]}],[{"content":"Implemented GUI pages by using JSP, HTML, CSS, JavaScript, Angular 4 and AJAX.","tokens":["Implemented","GUI","pages","by","using","JSP,","HTML,","CSS,","JavaScript,","Angular","4","and","AJAX."],"metadata":[]}],[{"content":"Strong understanding of Transaction middleware platform with experience of administrating and supporting WebSphere JBoss TCServer and Apache is required.","tokens":["Strong","understanding","of","Transaction","middleware","platform","with","experience","of","administrating","and","supporting","WebSphere","JBoss","TCServer","and","Apache","is","required."],"metadata":[]}],[{"content":"Experience managing upgrading and patching Apache deployments.","tokens":["Experience","managing","upgrading","and","patching","Apache","deployments."],"metadata":[]}],[{"content":"Experience supporting applications using J2EE architecture including WebSphere Application Server/MQ TCServer/Tomcat JBOSS JAS and WebLogic.","tokens":["Experience","supporting","applications","using","J2EE","architecture","including","WebSphere","Application","Server/MQ","TCServer/Tomcat","JBOSS","JAS","and","WebLogic."],"metadata":[]}],[{"content":"Experience in a Linux/UNIX/Windows distributed enterprise environment.","tokens":["Experience","in","a","Linux/UNIX/Windows","distributed","enterprise","environment."],"metadata":[]}],[{"content":"Experience installing configuring performance tuning and troubleshooting Middleware software.","tokens":["Experience","installing","configuring","performance","tuning","and","troubleshooting","Middleware","software."],"metadata":[]}],[{"content":"Overall 5+ years of hands on experience building UI for web applications using Angular JS 4, HTML 5, CSS3, Bootstrap, Typescript and JavaScript Libraries.","tokens":["Overall","5+","years","of","hands","on","experience","building","UI","for","web","applications","using","Angular","JS","4,","HTML","5,","CSS3,","Bootstrap,","Typescript","and","JavaScript","Libraries."],"metadata":[]}],[{"content":"Experience with multiple JavaScript frameworks e.g. React, Angular.","tokens":["Experience","with","multiple","JavaScript","frameworks","e.g.","React,","Angular."],"metadata":[]}],[{"content":"Experience with JAVA/JavaScript coding and compiling.","tokens":["Experience","with","JAVA/JavaScript","coding","and","compiling."],"metadata":[]}],[{"content":"Use of Object oriented programming concepts to build and develop code for backend functionality of the overall application.","tokens":["Use","of","Object","oriented","programming","concepts","to","build","and","develop","code","for","backend","functionality","of","the","overall","application."],"metadata":[]}],[{"content":"Ensuring proper transaction management and error handing is maintained at each level of development in order to make the code debuggable.","tokens":["Ensuring","proper","transaction","management","and","error","handing","is","maintained","at","each","level","of","development","in","order","to","make","the","code","debuggable."],"metadata":[]}],[{"content":"Participate in maintenance and updates to existing applications as requested; including updates of content that supports a rules-based delivery of web elements and data integration.","tokens":["Participate","in","maintenance","and","updates","to","existing","applications","as","requested;","including","updates","of","content","that","supports","a","rules-based","delivery","of","web","elements","and","data","integration."],"metadata":[]}],[{"content":"Participate in daily meeting, test and resolve tickets assigned and understand and apply best business.","tokens":["Participate","in","daily","meeting,","test","and","resolve","tickets","assigned","and","understand","and","apply","best","business."],"metadata":[]}],[{"content":"Setup, configure and utilize SVN repository to store and fetch files and properties.","tokens":["Setup,","configure","and","utilize","SVN","repository","to","store","and","fetch","files","and","properties."],"metadata":[]}],[{"content":"Use of Apache Subversion to keep different versions of source codes (compatible with apache tomcat version 8.0.47), web pages and documentation.","tokens":["Use","of","Apache","Subversion","to","keep","different","versions","of","source","codes","(compatible","with","apache","tomcat","version","8.0.47),","web","pages","and","documentation."],"metadata":[]}],[{"content":"Extensive knowledge of SQL databases like TOAD.","tokens":["Extensive","knowledge","of","SQL","databases","like","TOAD."],"metadata":[]}],[{"content":"Work with Oracle database and write efficient SQL queries to fetch data according to the requirements and perform CRUD operations on the underlying Oracle database.","tokens":["Work","with","Oracle","database","and","write","efficient","SQL","queries","to","fetch","data","according","to","the","requirements","and","perform","CRUD","operations","on","the","underlying","Oracle","database."],"metadata":[]}],[{"content":"Worked on enhancements and maintenance of internal web applications like CASTLE, BMT, PCS Portal, IHlims, MAR and RimGATE.","tokens":["Worked","on","enhancements","and","maintenance","of","internal","web","applications","like","CASTLE,","BMT,","PCS","Portal,","IHlims,","MAR","and","RimGATE."],"metadata":[]}],[{"content":"Interact with internal users within organization, gather information and work towards different enhancements suggested by them.","tokens":["Interact","with","internal","users","within","organization,","gather","information","and","work","towards","different","enhancements","suggested","by","them."],"metadata":[]}],[{"content":"Performed Cross Browser Testing on different internal applications as per testing standards mentioned in documentation.","tokens":["Performed","Cross","Browser","Testing","on","different","internal","applications","as","per","testing","standards","mentioned","in","documentation."],"metadata":[]}],[{"content":"Use of cross browser testing for JAVA applications with IE 7 to IE 11 and Microsoft edge.","tokens":["Use","of","cross","browser","testing","for","JAVA","applications","with","IE","7","to","IE","11","and","Microsoft","edge."],"metadata":[]}],[{"content":"Work with end users and project managers for application deployment.","tokens":["Work","with","end","users","and","project","managers","for","application","deployment."],"metadata":[]}],[{"content":"Work with requested enhancements and deploy changes to production server (Linux server) for users.","tokens":["Work","with","requested","enhancements","and","deploy","changes","to","production","server","(Linux","server)","for","users."],"metadata":[]}],[{"content":"Deployed various WAR, JAR, EAR applications in clustered environment.","tokens":["Deployed","various","WAR,","JAR,","EAR","applications","in","clustered","environment."],"metadata":[]}],[{"content":"Created automated scripts in ANT for deploying and monitoring.","tokens":["Created","automated","scripts","in","ANT","for","deploying","and","monitoring."],"metadata":[]}],[{"content":"Setup, configure and utilize CVS repository to store and fetch files and properties.","tokens":["Setup,","configure","and","utilize","CVS","repository","to","store","and","fetch","files","and","properties."],"metadata":[]}],[{"content":"Use of a version control system keeps track of all work and all changes in a set of files (source code compatible to WebSphere Application Server 8.5), and allows collaboration.","tokens":["Use","of","a","version","control","system","keeps","track","of","all","work","and","all","changes","in","a","set","of","files","(source","code","compatible","to","WebSphere","Application","Server","8.5),","and","allows","collaboration."],"metadata":[]}],[{"content":"Understand and conceptualize applications from both a technical/programming perspective and a business point of view.","tokens":["Understand","and","conceptualize","applications","from","both","a","technical/programming","perspective","and","a","business","point","of","view."],"metadata":[]}],[{"content":"Experience with multi-server web application.","tokens":["Experience","with","multi-server","web","application."],"metadata":[]}],[{"content":"Ability to take heap and thread dumps and the ability to understand JVM parameters and modify startup properties.","tokens":["Ability","to","take","heap","and","thread","dumps","and","the","ability","to","understand","JVM","parameters","and","modify","startup","properties."],"metadata":[]}],[{"content":"Experience with Tomcat 7 and Tomcat 8.0.47.","tokens":["Experience","with","Tomcat","7","and","Tomcat","8.0.47."],"metadata":[]}],[{"content":"Conduct performance testing of Apache and Tomcat management services.","tokens":["Conduct","performance","testing","of","Apache","and","Tomcat","management","services."],"metadata":[]}],[{"content":"Program and prepare code for interfacing with Apache Tomcat Systems.","tokens":["Program","and","prepare","code","for","interfacing","with","Apache","Tomcat","Systems."],"metadata":[]}],[{"content":"Performance tuning and deploying of Apache Tomcat applications.","tokens":["Performance","tuning","and","deploying","of","Apache","Tomcat","applications."],"metadata":[]}],[{"content":"Experience in migration of applications from WebSphere server to Apache tomcat version 7 and 8.0.47.","tokens":["Experience","in","migration","of","applications","from","WebSphere","server","to","Apache","tomcat","version","7","and","8.0.47."],"metadata":[]}],[{"content":"Involved in testing the applications functionalities after migrating from JAVA 6 to JAVA 7.","tokens":["Involved","in","testing","the","applications","functionalities","after","migrating","from","JAVA","6","to","JAVA","7."],"metadata":[]}],[{"content":"Environment: JAVA6 and JAVA7, JDBC, SQL, IBM WebSphere Application Server 8.5, Apache Tomcat Server 7 and Apache Tomcat Server 8, HTML, CSS, XML, JavaScript, Linux Server.","tokens":["Environment:","JAVA6","and","JAVA7,","JDBC,","SQL,","IBM","WebSphere","Application","Server","8.5,","Apache","Tomcat","Server","7","and","Apache","Tomcat","Server","8,","HTML,","CSS,","XML,","JavaScript,","Linux","Server."],"metadata":[]}],[{"content":"Sr. Java Developer TGS IT Solutions - Schaumburg, IL September 2016 to September 2017 Project Description: It is a Mobile Communications web application enabling online purchase of Consumer Electronics products facilitating various Electronics and Wireless Accessories.","tokens":["Sr.","Java","Developer","TGS","IT","Solutions","-","Schaumburg,","IL","September","2016","to","September","2017","Project","Description:","It","is","a","Mobile","Communications","web","application","enabling","online","purchase","of","Consumer","Electronics","products","facilitating","various","Electronics","and","Wireless","Accessories."],"metadata":[]}],[{"content":"It is a multi category, multi subcategory, and multi product system solely driven by an administration module having features like Promo-code, Gift Certificates.","tokens":["It","is","a","multi","category,","multi","subcategory,","and","multi","product","system","solely","driven","by","an","administration","module","having","features","like","Promo-code,","Gift","Certificates."],"metadata":[]}],[{"content":"It has several independent sections & enables an admin to administer this web site.","tokens":["It","has","several","independent","sections","&","enables","an","admin","to","administer","this","web","site."],"metadata":[]}],[{"content":"Responsibilities: Actively took part in complete development of Agile methodology from gathering the requirements to testing the application.","tokens":["Responsibilities:","Actively","took","part","in","complete","development","of","Agile","methodology","from","gathering","the","requirements","to","testing","the","application."],"metadata":[]}],[{"content":"Responsible for writing J2EE compliant java code for application development effort which involved working with JSP, Servlets, JDBC, XML, EJB, etc. Architect, develop and maintain an Angular 2 and Angular 4 web applications.","tokens":["Responsible","for","writing","J2EE","compliant","java","code","for","application","development","effort","which","involved","working","with","JSP,","Servlets,","JDBC,","XML,","EJB,","etc.","Architect,","develop","and","maintain","an","Angular","2","and","Angular","4","web","applications."],"metadata":[]}],[{"content":"Design and Development of Objects using Object Oriented Design in Java.","tokens":["Design","and","Development","of","Objects","using","Object","Oriented","Design","in","Java."],"metadata":[]}],[{"content":"Preparing the migration document for migrating application from Struts to Spring and Responsive web designing the application.","tokens":["Preparing","the","migration","document","for","migrating","application","from","Struts","to","Spring","and","Responsive","web","designing","the","application."],"metadata":[]}],[{"content":"Deep knowledge of Azure, AWS, MSFT and other cloud technologies.","tokens":["Deep","knowledge","of","Azure,","AWS,","MSFT","and","other","cloud","technologies."],"metadata":[]}],[{"content":"Operational support for global platforms and components, for integration and web technologies, like: JBoss, Apache, Web methods, API management platforms, etc. Install, configure, upgrade, troubleshoot, and proactively monitor to ensure availability, performance and capacity.","tokens":["Operational","support","for","global","platforms","and","components,","for","integration","and","web","technologies,","like:","JBoss,","Apache,","Web","methods,","API","management","platforms,","etc.","Install,","configure,","upgrade,","troubleshoot,","and","proactively","monitor","to","ensure","availability,","performance","and","capacity."],"metadata":[]}],[{"content":"Working knowledge of JBoss, Apache, F5, Nginx, Node.js, Webmethods, JBoss DV, API management.","tokens":["Working","knowledge","of","JBoss,","Apache,","F5,","Nginx,","Node.js,","Webmethods,","JBoss","DV,","API","management."],"metadata":[]}],[{"content":"Hands on experience with testing tools such as Selenium and Cucumber and their integration into CI/CD pipelines.","tokens":["Hands","on","experience","with","testing","tools","such","as","Selenium","and","Cucumber","and","their","integration","into","CI/CD","pipelines."],"metadata":[]}],[{"content":"Experience in Amazon services and technologies (Knowledge and implementation level experience working with all AWS services like EC2, ECS, VPC, R53, ALB, CW etc). Understanding of Cloud deployment strategies like Blue/Green or A/B deployment strategies.","tokens":["Experience","in","Amazon","services","and","technologies","(Knowledge","and","implementation","level","experience","working","with","all","AWS","services","like","EC2,","ECS,","VPC,","R53,","ALB,","CW","etc).","Understanding","of","Cloud","deployment","strategies","like","Blue/Green","or","A/B","deployment","strategies."],"metadata":[]}],[{"content":"Working knowledge on cloud native CICD tools AWS CodeCommit, CodeBuild, CodeDeploy, CodePipeline.","tokens":["Working","knowledge","on","cloud","native","CICD","tools","AWS","CodeCommit,","CodeBuild,","CodeDeploy,","CodePipeline."],"metadata":[]}],[{"content":"Experience in Tomcat & Oracle WebLogic application server administration.","tokens":["Experience","in","Tomcat","&","Oracle","WebLogic","application","server","administration."],"metadata":[]}],[{"content":"Used Angular JS to build customer forms connect to backend.","tokens":["Used","Angular","JS","to","build","customer","forms","connect","to","backend."],"metadata":[]}],[{"content":"Develop the changes using JSTL, JQuery, JCP, JSP, Spring MVC, Spring IOC, Spring JDBC, Web services.","tokens":["Develop","the","changes","using","JSTL,","JQuery,","JCP,","JSP,","Spring","MVC,","Spring","IOC,","Spring","JDBC,","Web","services."],"metadata":[]}],[{"content":"Configure beans in spring configuration file with Spring IOC, Spring AOP concepts.","tokens":["Configure","beans","in","spring","configuration","file","with","Spring","IOC,","Spring","AOP","concepts."],"metadata":[]}],[{"content":"Used a light front-end framework against the JSON API for their service requests.","tokens":["Used","a","light","front-end","framework","against","the","JSON","API","for","their","service","requests."],"metadata":[]}],[{"content":"Worked on XML Technologies like XML Parsers, JAXB for binding data to java objects Developed the Spring AOP Programming to configure logging for the application.","tokens":["Worked","on","XML","Technologies","like","XML","Parsers,","JAXB","for","binding","data","to","java","objects","Developed","the","Spring","AOP","Programming","to","configure","logging","for","the","application."],"metadata":[]}],[{"content":"Implemented JMS for notifications and testing with JUnit, Mock cases.","tokens":["Implemented","JMS","for","notifications","and","testing","with","JUnit,","Mock","cases."],"metadata":[]}],[{"content":"Wrote JUNIT Test cases for Spring Controllers and Web Service Clients in Service Layer using Mockito.","tokens":["Wrote","JUNIT","Test","cases","for","Spring","Controllers","and","Web","Service","Clients","in","Service","Layer","using","Mockito."],"metadata":[]}],[{"content":"Configured Hibernate second level cache using EHCache to reduce the number of hits to the configuration table data.","tokens":["Configured","Hibernate","second","level","cache","using","EHCache","to","reduce","the","number","of","hits","to","the","configuration","table","data."],"metadata":[]}],[{"content":"Additional UI Components implemented using an asynchronous AJAX, JQuery, Angular JS based rich client to improve customer experience.","tokens":["Additional","UI","Components","implemented","using","an","asynchronous","AJAX,","JQuery,","Angular","JS","based","rich","client","to","improve","customer","experience."],"metadata":[]}],[{"content":"Developed user interface using JSP, JSP Tag libraries JSTL, HTML5, CSS3, JavaScript, Angular JS to simplify the complexities of the application.","tokens":["Developed","user","interface","using","JSP,","JSP","Tag","libraries","JSTL,","HTML5,","CSS3,","JavaScript,","Angular","JS","to","simplify","the","complexities","of","the","application."],"metadata":[]}],[{"content":"Developed Web logic container security components for adding vendor specific Security Realm to application using JMX.","tokens":["Developed","Web","logic","container","security","components","for","adding","vendor","specific","Security","Realm","to","application","using","JMX."],"metadata":[]}],[{"content":"Responsible for creating and maintaining the regular expressions used by the URL rewriting engine of Ovi Share that enabled RESTful URLs for the website and its web services Have extensive experience in building and deploying applications on Web/Application Servers like Apache Tomcat.","tokens":["Responsible","for","creating","and","maintaining","the","regular","expressions","used","by","the","URL","rewriting","engine","of","Ovi","Share","that","enabled","RESTful","URLs","for","the","website","and","its","web","services","Have","extensive","experience","in","building","and","deploying","applications","on","Web/Application","Servers","like","Apache","Tomcat."],"metadata":[]}],[{"content":"Experienced in Performance Tuning, Load Balancing and optimization of WebLogic Application Server Used JMS with Web Logic Application server Implemented application level persistence using Hibernate and spring.","tokens":["Experienced","in","Performance","Tuning,","Load","Balancing","and","optimization","of","WebLogic","Application","Server","Used","JMS","with","Web","Logic","Application","server","Implemented","application","level","persistence","using","Hibernate","and","spring."],"metadata":[]}],[{"content":"Developed user interface using JSP, HTML, XHTML, XSLT and Java Script to simplify the complexities of the application.","tokens":["Developed","user","interface","using","JSP,","HTML,","XHTML,","XSLT","and","Java","Script","to","simplify","the","complexities","of","the","application."],"metadata":[]}],[{"content":"Responsible for designing core-shared services used by all development teams, most notably the access controls and security credential management systems.","tokens":["Responsible","for","designing","core-shared","services","used","by","all","development","teams,","most","notably","the","access","controls","and","security","credential","management","systems."],"metadata":[]}],[{"content":"Used GIT client Source Tree as version Control Management tool.","tokens":["Used","GIT","client","Source","Tree","as","version","Control","Management","tool."],"metadata":[]}],[{"content":"Environment: JSP, Servlets, JDBC, XML, EJB, JSTL, JQuery, JCP, JSP, Spring MVC, Spring IOC, Spring JDBC, Web services, Angular JS, JMX, Hibernate,Spring,Web Logic Application Server, HTML, XHTML, XSLT , Java Script, AWS, Microservices, TestNG.","tokens":["Environment:","JSP,","Servlets,","JDBC,","XML,","EJB,","JSTL,","JQuery,","JCP,","JSP,","Spring","MVC,","Spring","IOC,","Spring","JDBC,","Web","services,","Angular","JS,","JMX,","Hibernate,Spring,Web","Logic","Application","Server,","HTML,","XHTML,","XSLT",",","Java","Script,","AWS,","Microservices,","TestNG."],"metadata":[]}],[{"content":"Java Developer Northern Trust - Minneapolis, MN August 2014 to August 2016 Project Description: Online Banking System is a Web based application, based on the J2EE MVC architecture.","tokens":["Java","Developer","Northern","Trust","-","Minneapolis,","MN","August","2014","to","August","2016","Project","Description:","Online","Banking","System","is","a","Web","based","application,","based","on","the","J2EE","MVC","architecture."],"metadata":[]}],[{"content":"This system has two clients: an application client used by administrators to manage customer accounts and a web client used by customers to access account history and perform transactions.","tokens":["This","system","has","two","clients:","an","application","client","used","by","administrators","to","manage","customer","accounts","and","a","web","client","used","by","customers","to","access","account","history","and","perform","transactions."],"metadata":[]}],[{"content":"Clients access the customer account and transaction information maintained in a database through enterprise beans.","tokens":["Clients","access","the","customer","account","and","transaction","information","maintained","in","a","database","through","enterprise","beans."],"metadata":[]}],[{"content":"The user interface pages are coded using JSP, HTML, and, CSS.","tokens":["The","user","interface","pages","are","coded","using","JSP,","HTML,","and,","CSS."],"metadata":[]}],[{"content":"A controller Servlet delegates calls to appropriate handler classes in the middle tier.","tokens":["A","controller","Servlet","delegates","calls","to","appropriate","handler","classes","in","the","middle","tier."],"metadata":[]}],[{"content":"Responsibilities: Maintained constant communication with Business Analyst and Business Users to identify the user stories and the technical feasibility.","tokens":["Responsibilities:","Maintained","constant","communication","with","Business","Analyst","and","Business","Users","to","identify","the","user","stories","and","the","technical","feasibility."],"metadata":[]}],[{"content":"Used spring as middle-tier application framework, persistence strategy using spring support for Hibernate and declarative transaction management.","tokens":["Used","spring","as","middle-tier","application","framework,","persistence","strategy","using","spring","support","for","Hibernate","and","declarative","transaction","management."],"metadata":[]}],[{"content":"All logic exposed via interfaces and practices of Test Driven Development followed consistently.","tokens":["All","logic","exposed","via","interfaces","and","practices","of","Test","Driven","Development","followed","consistently."],"metadata":[]}],[{"content":"Experience with Angular JS to build web applications which includes fundamentals, such as components, forms, and services, it demonstrates how the framework embraces a range of new web technologies such as ES6 and Typescript syntax, Promises, Observables, and Web Workers, among many others.","tokens":["Experience","with","Angular","JS","to","build","web","applications","which","includes","fundamentals,","such","as","components,","forms,","and","services,","it","demonstrates","how","the","framework","embraces","a","range","of","new","web","technologies","such","as","ES6","and","Typescript","syntax,","Promises,","Observables,","and","Web","Workers,","among","many","others."],"metadata":[]}],[{"content":"Experience with Front-end JavaScript frameworks like Angular JS, Node JS.","tokens":["Experience","with","Front-end","JavaScript","frameworks","like","Angular","JS,","Node","JS."],"metadata":[]}],[{"content":"Ability to hunt for new Azure Apps & Infrastructure opportunities.","tokens":["Ability","to","hunt","for","new","Azure","Apps","&","Infrastructure","opportunities."],"metadata":[]}],[{"content":"Implemented the Spring Model View Controller (MVC) framework Designed and developed the UI using spring standard tag libraries, JSP, HTML, CSS and JQuery.","tokens":["Implemented","the","Spring","Model","View","Controller","(MVC)","framework","Designed","and","developed","the","UI","using","spring","standard","tag","libraries,","JSP,","HTML,","CSS","and","JQuery."],"metadata":[]}],[{"content":"Used spring validator framework for client side and server side validation.","tokens":["Used","spring","validator","framework","for","client","side","and","server","side","validation."],"metadata":[]}],[{"content":"In addition, implemented dynamic loading of JSPs using AJAX.","tokens":["In","addition,","implemented","dynamic","loading","of","JSPs","using","AJAX."],"metadata":[]}],[{"content":"Utilized Hibernate for Object/Relational Mapping (ORM) purposes for persistence onto the DB2 database.","tokens":["Utilized","Hibernate","for","Object/Relational","Mapping","(ORM)","purposes","for","persistence","onto","the","DB2","database."],"metadata":[]}],[{"content":"Responsible for writing Hibernate Criteria and HQL queries.","tokens":["Responsible","for","writing","Hibernate","Criteria","and","HQL","queries."],"metadata":[]}],[{"content":"Used Java Messaging Services (JMS) for reliable and asynchronous communication Tested Service and data access tier using JUnit in TDD methodology.","tokens":["Used","Java","Messaging","Services","(JMS)","for","reliable","and","asynchronous","communication","Tested","Service","and","data","access","tier","using","JUnit","in","TDD","methodology."],"metadata":[]}],[{"content":"RAD as IDE for the application development and integration of the frameworks.","tokens":["RAD","as","IDE","for","the","application","development","and","integration","of","the","frameworks."],"metadata":[]}],[{"content":"Deployed the applications on IBM WebSphere Application Server.","tokens":["Deployed","the","applications","on","IBM","WebSphere","Application","Server."],"metadata":[]}],[{"content":"Used RTC for version management between various integration and development streams.","tokens":["Used","RTC","for","version","management","between","various","integration","and","development","streams."],"metadata":[]}],[{"content":"Highly skilled in deployment, data security and troubleshooting of the applications using AWS services..","tokens":["Highly","skilled","in","deployment,","data","security","and","troubleshooting","of","the","applications","using","AWS","services.."],"metadata":[]}],[{"content":"Maven is used as a build framework.","tokens":["Maven","is","used","as","a","build","framework."],"metadata":[]}],[{"content":"Worked with production support team in debugging and fixing various production issues.","tokens":["Worked","with","production","support","team","in","debugging","and","fixing","various","production","issues."],"metadata":[]}],[{"content":"Spring Framework, REST Standards.","tokens":["Spring","Framework,","REST","Standards."],"metadata":[]}],[{"content":"Prepared high and low level design documents for the business modules for future references and updates.","tokens":["Prepared","high","and","low","level","design","documents","for","the","business","modules","for","future","references","and","updates."],"metadata":[]}],[{"content":"Environment: Spring, Hibernate, MVC Framework, JSP, HTML, CSS, JQuery, Spring validator framework, ORM, JMS, AWS, Maven, Spring Boot, VPC, EC2, RDS, ECS, Lambda, IAM, CloudFront and Route53.","tokens":["Environment:","Spring,","Hibernate,","MVC","Framework,","JSP,","HTML,","CSS,","JQuery,","Spring","validator","framework,","ORM,","JMS,","AWS,","Maven,","Spring","Boot,","VPC,","EC2,","RDS,","ECS,","Lambda,","IAM,","CloudFront","and","Route53."],"metadata":[]}],[{"content":"Jr. Java Developer Adiance Technologies Pvt.","tokens":["Jr.","Java","Developer","Adiance","Technologies","Pvt."],"metadata":[]}],[{"content":"Ltd - Ahmedabad, Gujarat August 2011 to June 2014 Project Description: Design, Develop Order management web module for order tracking, order processing, shipping.","tokens":["Ltd","-","Ahmedabad,","Gujarat","August","2011","to","June","2014","Project","Description:","Design,","Develop","Order","management","web","module","for","order","tracking,","order","processing,","shipping."],"metadata":[]}],[{"content":"This was an Intranet application used by admin staff.","tokens":["This","was","an","Intranet","application","used","by","admin","staff."],"metadata":[]}],[{"content":"Developed user interfaces and established user authentication.","tokens":["Developed","user","interfaces","and","established","user","authentication."],"metadata":[]}],[{"content":"Also worked on back-end for user information and data access.","tokens":["Also","worked","on","back-end","for","user","information","and","data","access."],"metadata":[]}],[{"content":"Responsibilities: Actively participated in meetings with Business Analysts and Architects to identify the scope, requirements and architecture of the project.","tokens":["Responsibilities:","Actively","participated","in","meetings","with","Business","Analysts","and","Architects","to","identify","the","scope,","requirements","and","architecture","of","the","project."],"metadata":[]}],[{"content":"Followed MVC model and used spring frameworks for developing the Web layer of the application.","tokens":["Followed","MVC","model","and","used","spring","frameworks","for","developing","the","Web","layer","of","the","application."],"metadata":[]}],[{"content":"Developed application using Spring MVC, JSP, JSTL and AJAX on the presentation layer, the business layer is built using spring and the persistent layer uses Hibernate.","tokens":["Developed","application","using","Spring","MVC,","JSP,","JSTL","and","AJAX","on","the","presentation","layer,","the","business","layer","is","built","using","spring","and","the","persistent","layer","uses","Hibernate."],"metadata":[]}],[{"content":"Data Operations are performed using Spring ORM wiring with Hibernate and Implemented Hibernate Template and criteria API for Querying database.","tokens":["Data","Operations","are","performed","using","Spring","ORM","wiring","with","Hibernate","and","Implemented","Hibernate","Template","and","criteria","API","for","Querying","database."],"metadata":[]}],[{"content":"Involved in SQL Server 2008 Database design for new modules and developed the persistence layer based on Hibernate.","tokens":["Involved","in","SQL","Server","2008","Database","design","for","new","modules","and","developed","the","persistence","layer","based","on","Hibernate."],"metadata":[]}],[{"content":"Involved in enhancement of existing application utilizing AngularJS, created role based HTML navigation menu wherein menu items changes dynamically based on the values derived from the database in the form of XML.","tokens":["Involved","in","enhancement","of","existing","application","utilizing","AngularJS,","created","role","based","HTML","navigation","menu","wherein","menu","items","changes","dynamically","based","on","the","values","derived","from","the","database","in","the","form","of","XML."],"metadata":[]}],[{"content":"Extensively used Java Multi-Threading concept for downloading files from a URL.","tokens":["Extensively","used","Java","Multi-Threading","concept","for","downloading","files","from","a","URL."],"metadata":[]}],[{"content":"Used J2EE design patterns like Front Controller, MVC, Business Delegate and Session Facade.","tokens":["Used","J2EE","design","patterns","like","Front","Controller,","MVC,","Business","Delegate","and","Session","Facade."],"metadata":[]}],[{"content":"Developed User Interface and web page screens for various modules using JSF, JavaScript, and AJAX using RAD.","tokens":["Developed","User","Interface","and","web","page","screens","for","various","modules","using","JSF,","JavaScript,","and","AJAX","using","RAD."],"metadata":[]}],[{"content":"Write front-end code for developing new pages using HTML, CSS, JavaScript, and JQuery.","tokens":["Write","front-end","code","for","developing","new","pages","using","HTML,","CSS,","JavaScript,","and","JQuery."],"metadata":[]}],[{"content":"Worked on Eclipse for development and deployment of application in JBoss Application Server.","tokens":["Worked","on","Eclipse","for","development","and","deployment","of","application","in","JBoss","Application","Server."],"metadata":[]}],[{"content":"Environment: Angular JS, Node JS, Spring API, Struts, Spring MVC, JSP, JSTL, AJAX, Hibernate, Spring ORM, Spring MVC, RAD, SQL Server 2008, JBoss, JavaScript, HTML, CSS Skills Bea, Bea weblogic, Java, Spring, jquery, Jsf, Jsp, Struts, Design patterns, Html, Javascript, Node.js, Jenkins, Scripting, Visio, Ajax, Css, Saas, Tomcat, Weblogic Additional Information TECHNICAL SKILLS: Programming languages Java JDK1.2, 1.3,1.4,1.5,1.6,1.7 Platforms Windows 8/10, Unix, HP Unix, Linux (Red Hat 6.1, 7.2, 8.0), Sun Solaris Methodologies Waterfall, Agile (Scrum, XP), Agile TDD, Kanban, RUP Design Tools Microsoft Visio 2003, Google Sketch-Up IDEs Eclipse2","tokens":["Environment:","Angular","JS,","Node","JS,","Spring","API,","Struts,","Spring","MVC,","JSP,","JSTL,","AJAX,","Hibernate,","Spring","ORM,","Spring","MVC,","RAD,","SQL","Server","2008,","JBoss,","JavaScript,","HTML,","CSS","Skills","Bea,","Bea","weblogic,","Java,","Spring,","jquery,","Jsf,","Jsp,","Struts,","Design","patterns,","Html,","Javascript,","Node.js,","Jenkins,","Scripting,","Visio,","Ajax,","Css,","Saas,","Tomcat,","Weblogic","Additional","Information","TECHNICAL","SKILLS:","Programming","languages","Java","JDK1.2,","1.3,1.4,1.5,1.6,1.7","Platforms","Windows","8/10,","Unix,","HP","Unix,","Linux","(Red","Hat","6.1,","7.2,","8.0),","Sun","Solaris","Methodologies","Waterfall,","Agile","(Scrum,","XP),","Agile","TDD,","Kanban,","RUP","Design","Tools","Microsoft","Visio","2003,","Google","Sketch-Up","IDEs","Eclipse2"],"metadata":[]}],[{"content":"x /3","tokens":["x","/3"],"metadata":[]}],[{"content":"x, NetBeans 4.1/5.0, JDeveloper 10g, Jbuilder8.0,IntelliJ 4.5/5.1/6.0 Web Applications/Servers BEA WebLogic 7.0, 8.1, 9.1, 10.1, Apache Tomcat 4.0, 5.1, 7 Design Patterns Singleton, Value Object, MVC, Session Faade, DAO, Factory Server Scripting JSP, JSP-EL, Custom Tags, GWT, Vaadin Client Scripting JQuery, JQueryUI, Dojo, ExtJS, KendoUI, HTML4,HTML5,CSS3,Javascript, AngularJS, RESTFUL APIs Continuous Integration Jenkins Databases Oracle8i/9i/10g, DB2, Sybase, MS SQL Server 2000 /2005, MySQL 3.23.","tokens":["x,","NetBeans","4.1/5.0,","JDeveloper","10g,","Jbuilder8.0,IntelliJ","4.5/5.1/6.0","Web","Applications/Servers","BEA","WebLogic","7.0,","8.1,","9.1,","10.1,","Apache","Tomcat","4.0,","5.1,","7","Design","Patterns","Singleton,","Value","Object,","MVC,","Session","Faade,","DAO,","Factory","Server","Scripting","JSP,","JSP-EL,","Custom","Tags,","GWT,","Vaadin","Client","Scripting","JQuery,","JQueryUI,","Dojo,","ExtJS,","KendoUI,","HTML4,HTML5,CSS3,Javascript,","AngularJS,","RESTFUL","APIs","Continuous","Integration","Jenkins","Databases","Oracle8i/9i/10g,","DB2,","Sybase,","MS","SQL","Server","2000","/2005,","MySQL","3.23."],"metadata":[]}],[{"content":"Database Tools TOAD 7.x, SQL Developer (Raptor), phpmyadmin MVC Frameworks Struts 1.1, 1.2, 1.3.8, Spring 1.2, 2.0, 3.1, 4.0, JSF 1.1, 2.1 Web Technologies AngularJS, Node.js, HTML5/HTML, CSS3/CSS, JavaScript, AJAX and jQuery Testing Junit 3.8.1, 4.1, HttpUnit 1.6, Junit Perf 1.8, DBUnit, Selenium Cloud AWS,SaaS,PaaS,IaaS","tokens":["Database","Tools","TOAD","7.x,","SQL","Developer","(Raptor),","phpmyadmin","MVC","Frameworks","Struts","1.1,","1.2,","1.3.8,","Spring","1.2,","2.0,","3.1,","4.0,","JSF","1.1,","2.1","Web","Technologies","AngularJS,","Node.js,","HTML5/HTML,","CSS3/CSS,","JavaScript,","AJAX","and","jQuery","Testing","Junit","3.8.1,","4.1,","HttpUnit","1.6,","Junit","Perf","1.8,","DBUnit,","Selenium","Cloud","AWS,SaaS,PaaS,IaaS"],"metadata":[]}]],"labelerInfo":{"id":6814,"email":"cwilhel8@jh.edu","displayName":"Chris Wilhelm"},"labelSets":[{"name":"Resume Labels","index":0,"labelItems":[{"id":"Kj5U6n9NUqTXuWcB3c_7L","labelName":"College"},{"id":"rj7TW0-ymuRo6f_asXJab","labelName":"Company Name"},{"id":"SJEkdao76hjwbb6Fh5SY6","labelName":"Job Title"},{"id":"BjO8MdvK2KI4E5iMEeY4B","labelName":"Graduation Year"},{"id":"eS2knCRgLegeRw8bcmSWA","labelName":"Skill"},{"id":"IeEoIKabMl51BJE0gX2YL","labelName":"Degree"},{"id":"1R0C50AAwFbEp2O0WmRv6","labelName":"Location"},{"id":"zQcc4ygexJ_A3Gb0NeRTk","labelName":"Years of Experience"},{"id":"52S_6moRfhjC-yXgIBeCp","labelName":"Date"},{"id":"KiLarWmwlU1E3-FfdG6Qg","labelName":"Project"},{"id":"dyxKKTAxW1z5ifjPj42BI","labelName":"Name"}]}],"spanLabels":[],"arrowLabels":[],"boundingBoxLabels":[],"timeLabels":[],"comments":[],"url":"datasaur://static/6814/94b06e3c-281b-47b8-8e50-458ba3a9646f.txt"}}
