{"version":"1","data":{"project":{"id":"ODBjYmQ2MDg","name":"NLP SSM Final Project"},"document":{"id":"298cfce1-3b1a-4785-9ddd-76c9b39c0233","name":"resume_501_d1.txt"},"kinds":["TOKEN_BASED"],"rows":[[{"content":"CUSTOMER SERVICE ADVOCATE Summary Talented Customer Service manager skilled at balancing customer needs and company demands.","tokens":["CUSTOMER","SERVICE","ADVOCATE","Summary","Talented","Customer","Service","manager","skilled","at","balancing","customer","needs","and","company","demands."],"metadata":[]}],[{"content":"Effectively builds","tokens":["Effectively","builds"],"metadata":[]}],[{"content":"loyalty and long-term relationships with customers while achieving all individual sales goals.","tokens":["loyalty","and","long-term","relationships","with","customers","while","achieving","all","individual","sales","goals."],"metadata":[]}],[{"content":"A sales manager skilled in","tokens":["A","sales","manager","skilled","in"],"metadata":[]}],[{"content":"exceeding sales goals and company expectations by expanding client base and maintaining high standards of customer","tokens":["exceeding","sales","goals","and","company","expectations","by","expanding","client","base","and","maintaining","high","standards","of","customer"],"metadata":[]}],[{"content":"service.","tokens":["service."],"metadata":[]}],[{"content":"Skills Superb sales professional Store planning and design","tokens":["Skills","Superb","sales","professional","Store","planning","and","design"],"metadata":[]}],[{"content":"Strong communication skills Detail-oriented","tokens":["Strong","communication","skills","Detail-oriented"],"metadata":[]}],[{"content":"Personnel training and development Time management","tokens":["Personnel","training","and","development","Time","management"],"metadata":[]}],[{"content":"Proficient in MS Office Accomplishments Awarded annual merit increases during the first 15 years of employment.","tokens":["Proficient","in","MS","Office","Accomplishments","Awarded","annual","merit","increases","during","the","first","15","years","of","employment."],"metadata":[]}],[{"content":"Consistently exceeded daily sales targets with","tokens":["Consistently","exceeded","daily","sales","targets","with"],"metadata":[]}],[{"content":"an average of 5000+ in sales each day.","tokens":["an","average","of","5000+","in","sales","each","day."],"metadata":[]}],[{"content":"Managed a successful sales team of 20 members who consistently exceeded","tokens":["Managed","a","successful","sales","team","of","20","members","who","consistently","exceeded"],"metadata":[]}],[{"content":"sales goals by 80% each month.","tokens":["sales","goals","by","80%","each","month."],"metadata":[]}],[{"content":"Successfully managed $1.4 million in merchandise per day.","tokens":["Successfully","managed","$1.4","million","in","merchandise","per","day."],"metadata":[]}],[{"content":"Fulfilled all supervisory","tokens":["Fulfilled","all","supervisory"],"metadata":[]}],[{"content":"duties when Store Manager was on vacation.","tokens":["duties","when","Store","Manager","was","on","vacation."],"metadata":[]}],[{"content":"Interviewed applicants and successfully staffed any vacancies throughout","tokens":["Interviewed","applicants","and","successfully","staffed","any","vacancies","throughout"],"metadata":[]}],[{"content":"store, focusing primarily on assigned areas.","tokens":["store,","focusing","primarily","on","assigned","areas."],"metadata":[]}],[{"content":"Routinely helped as many as 20 customers each day in a high-volume retail","tokens":["Routinely","helped","as","many","as","20","customers","each","day","in","a","high-volume","retail"],"metadata":[]}],[{"content":"outlet.","tokens":["outlet."],"metadata":[]}],[{"content":"Promoted to Call Center lead within 6 months of employment.","tokens":["Promoted","to","Call","Center","lead","within","6","months","of","employment."],"metadata":[]}],[{"content":"Experience 03/2015 to 10/2016 Customer Service Advocate Company Name － City , State Addressed customer service inquiries in a timely and accurate fashion.","tokens":["Experience","03/2015","to","10/2016","Customer","Service","Advocate","Company","Name","－","City",",","State","Addressed","customer","service","inquiries","in","a","timely","and","accurate","fashion."],"metadata":[]}],[{"content":"Maintained up-to-date records at all times.","tokens":["Maintained","up-to-date","records","at","all","times."],"metadata":[]}],[{"content":"Provided accurate and appropriate information in response to customer inquiries.","tokens":["Provided","accurate","and","appropriate","information","in","response","to","customer","inquiries."],"metadata":[]}],[{"content":"Demonstrated mastery of customer service call script within specified timeframes.","tokens":["Demonstrated","mastery","of","customer","service","call","script","within","specified","timeframes."],"metadata":[]}],[{"content":"10/1995 to 02/2014 Sales Manager Company Name － City , State Delivered excellent customer service by greeting and assisting each customer","tokens":["10/1995","to","02/2014","Sales","Manager","Company","Name","－","City",",","State","Delivered","excellent","customer","service","by","greeting","and","assisting","each","customer"],"metadata":[]}],[{"content":"Addressed customer inquiries and","tokens":["Addressed","customer","inquiries","and"],"metadata":[]}],[{"content":"resolved complaints","tokens":["resolved","complaints"],"metadata":[]}],[{"content":"Design and implemented customer satisfaction metrics","tokens":["Design","and","implemented","customer","satisfaction","metrics"],"metadata":[]}],[{"content":"Completed weekly schedules according to","tokens":["Completed","weekly","schedules","according","to"],"metadata":[]}],[{"content":"payroll policies","tokens":["payroll","policies"],"metadata":[]}],[{"content":"Trained all new managers on store procedures and policies","tokens":["Trained","all","new","managers","on","store","procedures","and","policies"],"metadata":[]}],[{"content":"Trained staff to deliver outstanding","tokens":["Trained","staff","to","deliver","outstanding"],"metadata":[]}],[{"content":"customer service","tokens":["customer","service"],"metadata":[]}],[{"content":"Contributed to merchandising ideas at team sale meetings","tokens":["Contributed","to","merchandising","ideas","at","team","sale","meetings"],"metadata":[]}],[{"content":"Reorganized the sales floor to meet","tokens":["Reorganized","the","sales","floor","to","meet"],"metadata":[]}],[{"content":"company demands","tokens":["company","demands"],"metadata":[]}],[{"content":"Stocked and restocked inventory when shipments were received","tokens":["Stocked","and","restocked","inventory","when","shipments","were","received"],"metadata":[]}],[{"content":"Received and processed cash and","tokens":["Received","and","processed","cash","and"],"metadata":[]}],[{"content":"credit payments for in-store purchases","tokens":["credit","payments","for","in-store","purchases"],"metadata":[]}],[{"content":"Opened and closed the store, including counting cash, opening and closing cash","tokens":["Opened","and","closed","the","store,","including","counting","cash,","opening","and","closing","cash"],"metadata":[]}],[{"content":"registers and creating staff assignments","tokens":["registers","and","creating","staff","assignments"],"metadata":[]}],[{"content":"Worked as a team member to provide the highest level of service to","tokens":["Worked","as","a","team","member","to","provide","the","highest","level","of","service","to"],"metadata":[]}],[{"content":"customers","tokens":["customers"],"metadata":[]}],[{"content":"Maintained friendly and professional customer interactions","tokens":["Maintained","friendly","and","professional","customer","interactions"],"metadata":[]}],[{"content":"Verified that all merchandising standards were","tokens":["Verified","that","all","merchandising","standards","were"],"metadata":[]}],[{"content":"maintained on a daily basis","tokens":["maintained","on","a","daily","basis"],"metadata":[]}],[{"content":"Demonstrated that customers come first by serving them with a sense of urgency","tokens":["Demonstrated","that","customers","come","first","by","serving","them","with","a","sense","of","urgency"],"metadata":[]}],[{"content":"Shared","tokens":["Shared"],"metadata":[]}],[{"content":"product knowledge with customers while making personal recommendations","tokens":["product","knowledge","with","customers","while","making","personal","recommendations"],"metadata":[]}],[{"content":"Recommended and helped customers","tokens":["Recommended","and","helped","customers"],"metadata":[]}],[{"content":"select merchandise based on their needs.","tokens":["select","merchandise","based","on","their","needs."],"metadata":[]}],[{"content":"Resolved customer complaints by exchanging merchandise, refunding money","tokens":["Resolved","customer","complaints","by","exchanging","merchandise,","refunding","money"],"metadata":[]}],[{"content":"and adjusting bills.","tokens":["and","adjusting","bills."],"metadata":[]}],[{"content":"Served as liaison between customers, store personnel and various store departments","tokens":["Served","as","liaison","between","customers,","store","personnel","and","various","store","departments"],"metadata":[]}],[{"content":"Informed","tokens":["Informed"],"metadata":[]}],[{"content":"customers about sales and promotions in a friendly and engaging manner","tokens":["customers","about","sales","and","promotions","in","a","friendly","and","engaging","manner"],"metadata":[]}],[{"content":"Trained new employees on company customer","tokens":["Trained","new","employees","on","company","customer"],"metadata":[]}],[{"content":"service policies and service level standards","tokens":["service","policies","and","service","level","standards"],"metadata":[]}],[{"content":"Managed wide variety of customer service and administrative tasks to","tokens":["Managed","wide","variety","of","customer","service","and","administrative","tasks","to"],"metadata":[]}],[{"content":"resolve customer issues quickly and efficiently.","tokens":["resolve","customer","issues","quickly","and","efficiently."],"metadata":[]}],[{"content":"Hired and trained all sales staff for new store location.","tokens":["Hired","and","trained","all","sales","staff","for","new","store","location."],"metadata":[]}],[{"content":"Trained in","tokens":["Trained","in"],"metadata":[]}],[{"content":"negotiations and time management.","tokens":["negotiations","and","time","management."],"metadata":[]}],[{"content":"Determined staff promotions and demotions and terminated employees when","tokens":["Determined","staff","promotions","and","demotions","and","terminated","employees","when"],"metadata":[]}],[{"content":"necessary.","tokens":["necessary."],"metadata":[]}],[{"content":"Addressed and corrected sales staff communication issues in a tactful and effective manner.","tokens":["Addressed","and","corrected","sales","staff","communication","issues","in","a","tactful","and","effective","manner."],"metadata":[]}],[{"content":"Directed and","tokens":["Directed","and"],"metadata":[]}],[{"content":"supervised employees engaged in sales, inventory taking and reconciling cash receipts.","tokens":["supervised","employees","engaged","in","sales,","inventory","taking","and","reconciling","cash","receipts."],"metadata":[]}],[{"content":"Worked closely with the district","tokens":["Worked","closely","with","the","district"],"metadata":[]}],[{"content":"manager to formulate and build the store brand.","tokens":["manager","to","formulate","and","build","the","store","brand."],"metadata":[]}],[{"content":"Helped determine movement/placement of incoming merchandise.","tokens":["Helped","determine","movement/placement","of","incoming","merchandise."],"metadata":[]}],[{"content":"Designed displays to make the store experience interactive and engaging.","tokens":["Designed","displays","to","make","the","store","experience","interactive","and","engaging."],"metadata":[]}],[{"content":"Displayed the appropriate signage for","tokens":["Displayed","the","appropriate","signage","for"],"metadata":[]}],[{"content":"products and sales promotions.","tokens":["products","and","sales","promotions."],"metadata":[]}],[{"content":"Arranged items in favorable positions and areas of the store for optimal sales.","tokens":["Arranged","items","in","favorable","positions","and","areas","of","the","store","for","optimal","sales."],"metadata":[]}],[{"content":"Established and maintained proper high traffic displays, resulting in increased sales.","tokens":["Established","and","maintained","proper","high","traffic","displays,","resulting","in","increased","sales."],"metadata":[]}],[{"content":"Conducted staff meetings with","tokens":["Conducted","staff","meetings","with"],"metadata":[]}],[{"content":"sales personnel to introduce new merchandise.","tokens":["sales","personnel","to","introduce","new","merchandise."],"metadata":[]}],[{"content":"Researched current and past business performance using on-line","tokens":["Researched","current","and","past","business","performance","using","on-line"],"metadata":[]}],[{"content":"systems and available reports.","tokens":["systems","and","available","reports."],"metadata":[]}],[{"content":"Effectively communicated and coordinated execution of the plano-gram with store","tokens":["Effectively","communicated","and","coordinated","execution","of","the","plano-gram","with","store"],"metadata":[]}],[{"content":"management.","tokens":["management."],"metadata":[]}],[{"content":"11/1990 to 08/1995 Sales Manager Company Name － City , State Managed a $30,000 monthly sales portfolio","tokens":["11/1990","to","08/1995","Sales","Manager","Company","Name","－","City",",","State","Managed","a","$30,000","monthly","sales","portfolio"],"metadata":[]}],[{"content":"Served as liaison between customers, store personnel and various store","tokens":["Served","as","liaison","between","customers,","store","personnel","and","various","store"],"metadata":[]}],[{"content":"departments.","tokens":["departments."],"metadata":[]}],[{"content":"Answered customers' questions and addressed problems and complaints in person and via phone.","tokens":["Answered","customers'","questions","and","addressed","problems","and","complaints","in","person","and","via","phone."],"metadata":[]}],[{"content":"Exercises sound judgment in issuing credits and making exceptions to customer policies to maintain high levels of","tokens":["Exercises","sound","judgment","in","issuing","credits","and","making","exceptions","to","customer","policies","to","maintain","high","levels","of"],"metadata":[]}],[{"content":"customer satisfaction.","tokens":["customer","satisfaction."],"metadata":[]}],[{"content":"Maintained friendly and professional customer interactions.","tokens":["Maintained","friendly","and","professional","customer","interactions."],"metadata":[]}],[{"content":"Trained new employees on company","tokens":["Trained","new","employees","on","company"],"metadata":[]}],[{"content":"customer service policies and service level standards.","tokens":["customer","service","policies","and","service","level","standards."],"metadata":[]}],[{"content":"Managed sales staff of 6 members.","tokens":["Managed","sales","staff","of","6","members."],"metadata":[]}],[{"content":"Delivered excellent customer","tokens":["Delivered","excellent","customer"],"metadata":[]}],[{"content":"service by greeting and assisting each customer.","tokens":["service","by","greeting","and","assisting","each","customer."],"metadata":[]}],[{"content":"Contributed to merchandising ideas at team sale meetings.","tokens":["Contributed","to","merchandising","ideas","at","team","sale","meetings."],"metadata":[]}],[{"content":"Directed","tokens":["Directed"],"metadata":[]}],[{"content":"and supervised employees engaged in sales, inventory-taking and reconciling cash receipts.","tokens":["and","supervised","employees","engaged","in","sales,","inventory-taking","and","reconciling","cash","receipts."],"metadata":[]}],[{"content":"Determined staff","tokens":["Determined","staff"],"metadata":[]}],[{"content":"promotions and demotions, and terminated employees when necessary.","tokens":["promotions","and","demotions,","and","terminated","employees","when","necessary."],"metadata":[]}],[{"content":"Designed displays to make the store experience","tokens":["Designed","displays","to","make","the","store","experience"],"metadata":[]}],[{"content":"interactive and engaging.","tokens":["interactive","and","engaging."],"metadata":[]}],[{"content":"Displayed the appropriate signage for products and sales promotions.","tokens":["Displayed","the","appropriate","signage","for","products","and","sales","promotions."],"metadata":[]}],[{"content":"Effectively","tokens":["Effectively"],"metadata":[]}],[{"content":"communicated and coordinated execution of the plano-gram with store management.","tokens":["communicated","and","coordinated","execution","of","the","plano-gram","with","store","management."],"metadata":[]}],[{"content":"07/1986 to 08/1990 Data Entry operator Company Name － City , State Verified and logged in deadlines for responding to daily inquiries","tokens":["07/1986","to","08/1990","Data","Entry","operator","Company","Name","－","City",",","State","Verified","and","logged","in","deadlines","for","responding","to","daily","inquiries"],"metadata":[]}],[{"content":"Assisted with payroll preparation and entered data into","tokens":["Assisted","with","payroll","preparation","and","entered","data","into"],"metadata":[]}],[{"content":"cumulative payroll document","tokens":["cumulative","payroll","document"],"metadata":[]}],[{"content":"Verified that information in the computer system was up-to-date and accurate.","tokens":["Verified","that","information","in","the","computer","system","was","up-to-date","and","accurate."],"metadata":[]}],[{"content":"Promoted","tokens":["Promoted"],"metadata":[]}],[{"content":"positive customer and associate relations through courtesy, service and professional appearance.","tokens":["positive","customer","and","associate","relations","through","courtesy,","service","and","professional","appearance."],"metadata":[]}],[{"content":"09/1985 to 10/1986 Loan Servicing Representative Company Name － City , State Collected customer feedback and made process changes to exceed customer satisfaction goals","tokens":["09/1985","to","10/1986","Loan","Servicing","Representative","Company","Name","－","City",",","State","Collected","customer","feedback","and","made","process","changes","to","exceed","customer","satisfaction","goals"],"metadata":[]}],[{"content":"Provided accurate and","tokens":["Provided","accurate","and"],"metadata":[]}],[{"content":"appropriate information in response to customer inquiries","tokens":["appropriate","information","in","response","to","customer","inquiries"],"metadata":[]}],[{"content":"Provided accurate and appropriate information in response to","tokens":["Provided","accurate","and","appropriate","information","in","response","to"],"metadata":[]}],[{"content":"customer inquiries","tokens":["customer","inquiries"],"metadata":[]}],[{"content":"Addressed customer service inquiries in a timely and accurate fashion","tokens":["Addressed","customer","service","inquiries","in","a","timely","and","accurate","fashion"],"metadata":[]}],[{"content":"Assisted with the development","tokens":["Assisted","with","the","development"],"metadata":[]}],[{"content":"of the call center's operations, quality and training processes","tokens":["of","the","call","center's","operations,","quality","and","training","processes"],"metadata":[]}],[{"content":"Led a team of customer service representatives to","tokens":["Led","a","team","of","customer","service","representatives","to"],"metadata":[]}],[{"content":"increase service center profitability.","tokens":["increase","service","center","profitability."],"metadata":[]}],[{"content":"Education and Training 1983 High School Diploma : General-Business William Penn Vo-tech － City , State , USA General-Business Communications Morgan State University － City , State , USA 1984 - 1985 Skills administrative, call center, cash receipts, cash","tokens":["Education","and","Training","1983","High","School","Diploma",":","General-Business","William","Penn","Vo-tech","－","City",",","State",",","USA","General-Business","Communications","Morgan","State","University","－","City",",","State",",","USA","1984","-","1985","Skills","administrative,","call","center,","cash","receipts,","cash"],"metadata":[]}],[{"content":"registers, closing, Strong communication skills, credit, customer satisfaction, customer","tokens":["registers,","closing,","Strong","communication","skills,","credit,","customer","satisfaction,","customer"],"metadata":[]}],[{"content":"service, excellent customer service, excellent customer","tokens":["service,","excellent","customer","service,","excellent","customer"],"metadata":[]}],[{"content":"service, customer service, Detail-oriented, fashion, inventory, meetings, merchandising, money, MS Office, negotiations, payroll, personnel, Personnel training, policies, processes, quality, reconciling, sales, sound, store management, store","tokens":["service,","customer","service,","Detail-oriented,","fashion,","inventory,","meetings,","merchandising,","money,","MS","Office,","negotiations,","payroll,","personnel,","Personnel","training,","policies,","processes,","quality,","reconciling,","sales,","sound,","store","management,","store"],"metadata":[]}],[{"content":"management, phone, Time management","tokens":["management,","phone,","Time","management"],"metadata":[]}]],"labelerInfo":{"id":6814,"email":"cwilhel8@jh.edu","displayName":"Chris Wilhelm"},"labelSets":[{"name":"Resume Labels","index":0,"labelItems":[{"id":"Kj5U6n9NUqTXuWcB3c_7L","labelName":"College"},{"id":"rj7TW0-ymuRo6f_asXJab","labelName":"Company Name"},{"id":"SJEkdao76hjwbb6Fh5SY6","labelName":"Job Title"},{"id":"BjO8MdvK2KI4E5iMEeY4B","labelName":"Graduation Year"},{"id":"eS2knCRgLegeRw8bcmSWA","labelName":"Skill"},{"id":"IeEoIKabMl51BJE0gX2YL","labelName":"Degree"},{"id":"1R0C50AAwFbEp2O0WmRv6","labelName":"Location"},{"id":"zQcc4ygexJ_A3Gb0NeRTk","labelName":"Years of Experience"},{"id":"52S_6moRfhjC-yXgIBeCp","labelName":"Date"},{"id":"KiLarWmwlU1E3-FfdG6Qg","labelName":"Project"},{"id":"dyxKKTAxW1z5ifjPj42BI","labelName":"Name"}]}],"spanLabels":[{"id":"1663130312","labeledBy":"AUTO","labeledByUserId":null,"acceptedByUserId":null,"rejectedByUserId":null,"layer":0,"counter":0,"status":"LABELED","hashCode":"SPAN:SJEkdao76hjwbb6Fh5SY6:0:0:0:0:0:0:0:2:7:0:undefined:undefined","labelName":"SJEkdao76hjwbb6Fh5SY6","labelItem":{"id":"SJEkdao76hjwbb6Fh5SY6","labelName":"Job Title"},"textPosition":{"start":{"row":0,"column":0,"tokenIndex":0,"charIndex":0},"end":{"row":0,"column":0,"tokenIndex":2,"charIndex":7}},"confidenceScore":null},{"id":"1663130315","labeledBy":"AUTO","labeledByUserId":null,"acceptedByUserId":null,"rejectedByUserId":null,"layer":0,"counter":0,"status":"LABELED","hashCode":"SPAN:eS2knCRgLegeRw8bcmSWA:0:0:0:5:0:0:0:7:6:0:undefined:undefined","labelName":"eS2knCRgLegeRw8bcmSWA","labelItem":{"id":"eS2knCRgLegeRw8bcmSWA","labelName":"Skill"},"textPosition":{"start":{"row":0,"column":0,"tokenIndex":5,"charIndex":0},"end":{"row":0,"column":0,"tokenIndex":7,"charIndex":6}},"confidenceScore":null},{"id":"1663130318","labeledBy":"AUTO","labeledByUserId":null,"acceptedByUserId":null,"rejectedByUserId":null,"layer":0,"counter":0,"status":"LABELED","hashCode":"SPAN:eS2knCRgLegeRw8bcmSWA:0:0:0:10:0:0:0:12:4:0:undefined:undefined","labelName":"eS2knCRgLegeRw8bcmSWA","labelItem":{"id":"eS2knCRgLegeRw8bcmSWA","labelName":"Skill"},"textPosition":{"start":{"row":0,"column":0,"tokenIndex":10,"charIndex":0},"end":{"row":0,"column":0,"tokenIndex":12,"charIndex":4}},"confidenceScore":null},{"id":"1663130321","labeledBy":"AUTO","labeledByUserId":null,"acceptedByUserId":null,"rejectedByUserId":null,"layer":0,"counter":0,"status":"LABELED","hashCode":"SPAN:eS2knCRgLegeRw8bcmSWA:0:0:0:14:0:0:0:15:7:0:undefined:undefined","labelName":"eS2knCRgLegeRw8bcmSWA","labelItem":{"id":"eS2knCRgLegeRw8bcmSWA","labelName":"Skill"},"textPosition":{"start":{"row":0,"column":0,"tokenIndex":14,"charIndex":0},"end":{"row":0,"column":0,"tokenIndex":15,"charIndex":7}},"confidenceScore":null},{"id":"1663133250","labeledBy":"AUTO","labeledByUserId":null,"acceptedByUserId":null,"rejectedByUserId":null,"layer":0,"counter":0,"status":"LABELED","hashCode":"SPAN:eS2knCRgLegeRw8bcmSWA:0:4:0:1:0:4:0:2:4:0:undefined:undefined","labelName":"eS2knCRgLegeRw8bcmSWA","labelItem":{"id":"eS2knCRgLegeRw8bcmSWA","labelName":"Skill"},"textPosition":{"start":{"row":4,"column":0,"tokenIndex":1,"charIndex":0},"end":{"row":4,"column":0,"tokenIndex":2,"charIndex":4}},"confidenceScore":null},{"id":"1663133253","labeledBy":"AUTO","labeledByUserId":null,"acceptedByUserId":null,"rejectedByUserId":null,"layer":0,"counter":0,"status":"LABELED","hashCode":"SPAN:eS2knCRgLegeRw8bcmSWA:0:4:0:4:0:4:0:5:11:0:undefined:undefined","labelName":"eS2knCRgLegeRw8bcmSWA","labelItem":{"id":"eS2knCRgLegeRw8bcmSWA","labelName":"Skill"},"textPosition":{"start":{"row":4,"column":0,"tokenIndex":4,"charIndex":0},"end":{"row":4,"column":0,"tokenIndex":5,"charIndex":11}},"confidenceScore":null},{"id":"1663133256","labeledBy":"AUTO","labeledByUserId":null,"acceptedByUserId":null,"rejectedByUserId":null,"layer":0,"counter":0,"status":"LABELED","hashCode":"SPAN:eS2knCRgLegeRw8bcmSWA:0:4:0:15:0:5:0:0:7:0:undefined:undefined","labelName":"eS2knCRgLegeRw8bcmSWA","labelItem":{"id":"eS2knCRgLegeRw8bcmSWA","labelName":"Skill"},"textPosition":{"start":{"row":4,"column":0,"tokenIndex":15,"charIndex":0},"end":{"row":5,"column":0,"tokenIndex":0,"charIndex":7}},"confidenceScore":null},{"id":"1663133259","labeledBy":"AUTO","labeledByUserId":null,"acceptedByUserId":null,"rejectedByUserId":null,"layer":0,"counter":0,"status":"LABELED","hashCode":"SPAN:eS2knCRgLegeRw8bcmSWA:0:6:0:2:0:6:0:2:4:0:undefined:undefined","labelName":"eS2knCRgLegeRw8bcmSWA","labelItem":{"id":"eS2knCRgLegeRw8bcmSWA","labelName":"Skill"},"textPosition":{"start":{"row":6,"column":0,"tokenIndex":2,"charIndex":0},"end":{"row":6,"column":0,"tokenIndex":2,"charIndex":4}},"confidenceScore":null},{"id":"1663133262","labeledBy":"AUTO","labeledByUserId":null,"acceptedByUserId":null,"rejectedByUserId":null,"layer":0,"counter":0,"status":"LABELED","hashCode":"SPAN:eS2knCRgLegeRw8bcmSWA:0:6:0:5:0:6:0:5:7:0:undefined:undefined","labelName":"eS2knCRgLegeRw8bcmSWA","labelItem":{"id":"eS2knCRgLegeRw8bcmSWA","labelName":"Skill"},"textPosition":{"start":{"row":6,"column":0,"tokenIndex":5,"charIndex":0},"end":{"row":6,"column":0,"tokenIndex":5,"charIndex":7}},"confidenceScore":null},{"id":"1663133265","labeledBy":"AUTO","labeledByUserId":null,"acceptedByUserId":null,"rejectedByUserId":null,"layer":0,"counter":0,"status":"LABELED","hashCode":"SPAN:eS2knCRgLegeRw8bcmSWA:0:6:0:7:0:6:0:7:5:0:undefined:undefined","labelName":"eS2knCRgLegeRw8bcmSWA","labelItem":{"id":"eS2knCRgLegeRw8bcmSWA","labelName":"Skill"},"textPosition":{"start":{"row":6,"column":0,"tokenIndex":7,"charIndex":0},"end":{"row":6,"column":0,"tokenIndex":7,"charIndex":5}},"confidenceScore":null},{"id":"1663133268","labeledBy":"AUTO","labeledByUserId":null,"acceptedByUserId":null,"rejectedByUserId":null,"layer":0,"counter":0,"status":"LABELED","hashCode":"SPAN:eS2knCRgLegeRw8bcmSWA:0:7:0:1:0:7:0:1:12:0:undefined:undefined","labelName":"eS2knCRgLegeRw8bcmSWA","labelItem":{"id":"eS2knCRgLegeRw8bcmSWA","labelName":"Skill"},"textPosition":{"start":{"row":7,"column":0,"tokenIndex":1,"charIndex":0},"end":{"row":7,"column":0,"tokenIndex":1,"charIndex":12}},"confidenceScore":null},{"id":"1663133271","labeledBy":"AUTO","labeledByUserId":null,"acceptedByUserId":null,"rejectedByUserId":null,"layer":0,"counter":0,"status":"LABELED","hashCode":"SPAN:eS2knCRgLegeRw8bcmSWA:0:7:0:3:0:7:0:3:14:0:undefined:undefined","labelName":"eS2knCRgLegeRw8bcmSWA","labelItem":{"id":"eS2knCRgLegeRw8bcmSWA","labelName":"Skill"},"textPosition":{"start":{"row":7,"column":0,"tokenIndex":3,"charIndex":0},"end":{"row":7,"column":0,"tokenIndex":3,"charIndex":14}},"confidenceScore":null},{"id":"1663133274","labeledBy":"AUTO","labeledByUserId":null,"acceptedByUserId":null,"rejectedByUserId":null,"layer":0,"counter":0,"status":"LABELED","hashCode":"SPAN:eS2knCRgLegeRw8bcmSWA:0:8:0:0:0:8:0:1:7:0:undefined:undefined","labelName":"eS2knCRgLegeRw8bcmSWA","labelItem":{"id":"eS2knCRgLegeRw8bcmSWA","labelName":"Skill"},"textPosition":{"start":{"row":8,"column":0,"tokenIndex":0,"charIndex":0},"end":{"row":8,"column":0,"tokenIndex":1,"charIndex":7}},"confidenceScore":null},{"id":"1663133277","labeledBy":"AUTO","labeledByUserId":null,"acceptedByUserId":null,"rejectedByUserId":null,"layer":0,"counter":0,"status":"LABELED","hashCode":"SPAN:eS2knCRgLegeRw8bcmSWA:0:8:0:4:0:8:0:5:9:0:undefined:undefined","labelName":"eS2knCRgLegeRw8bcmSWA","labelItem":{"id":"eS2knCRgLegeRw8bcmSWA","labelName":"Skill"},"textPosition":{"start":{"row":8,"column":0,"tokenIndex":4,"charIndex":0},"end":{"row":8,"column":0,"tokenIndex":5,"charIndex":9}},"confidenceScore":null},{"id":"1663133280","labeledBy":"AUTO","labeledByUserId":null,"acceptedByUserId":null,"rejectedByUserId":null,"layer":0,"counter":0,"status":"LABELED","hashCode":"SPAN:eS2knCRgLegeRw8bcmSWA:0:9:0:2:0:9:0:3:5:0:undefined:undefined","labelName":"eS2knCRgLegeRw8bcmSWA","labelItem":{"id":"eS2knCRgLegeRw8bcmSWA","labelName":"Skill"},"textPosition":{"start":{"row":9,"column":0,"tokenIndex":2,"charIndex":0},"end":{"row":9,"column":0,"tokenIndex":3,"charIndex":5}},"confidenceScore":null},{"id":"1663133283","labeledBy":"AUTO","labeledByUserId":null,"acceptedByUserId":null,"rejectedByUserId":null,"layer":0,"counter":0,"status":"LABELED","hashCode":"SPAN:eS2knCRgLegeRw8bcmSWA:0:12:0:0:0:12:0:0:6:0:undefined:undefined","labelName":"eS2knCRgLegeRw8bcmSWA","labelItem":{"id":"eS2knCRgLegeRw8bcmSWA","labelName":"Skill"},"textPosition":{"start":{"row":12,"column":0,"tokenIndex":0,"charIndex":0},"end":{"row":12,"column":0,"tokenIndex":0,"charIndex":6}},"confidenceScore":null},{"id":"1663133286","labeledBy":"AUTO","labeledByUserId":null,"acceptedByUserId":null,"rejectedByUserId":null,"layer":0,"counter":0,"status":"LABELED","hashCode":"SPAN:52S_6moRfhjC-yXgIBeCp:0:22:0:1:0:22:0:1:6:0:undefined:undefined","labelName":"52S_6moRfhjC-yXgIBeCp","labelItem":{"id":"52S_6moRfhjC-yXgIBeCp","labelName":"Date"},"textPosition":{"start":{"row":22,"column":0,"tokenIndex":1,"charIndex":0},"end":{"row":22,"column":0,"tokenIndex":1,"charIndex":6}},"confidenceScore":null},{"id":"1663133289","labeledBy":"AUTO","labeledByUserId":null,"acceptedByUserId":null,"rejectedByUserId":null,"layer":0,"counter":0,"status":"LABELED","hashCode":"SPAN:52S_6moRfhjC-yXgIBeCp:0:22:0:3:0:22:0:3:6:0:undefined:undefined","labelName":"52S_6moRfhjC-yXgIBeCp","labelItem":{"id":"52S_6moRfhjC-yXgIBeCp","labelName":"Date"},"textPosition":{"start":{"row":22,"column":0,"tokenIndex":3,"charIndex":0},"end":{"row":22,"column":0,"tokenIndex":3,"charIndex":6}},"confidenceScore":null},{"id":"1663133292","labeledBy":"AUTO","labeledByUserId":null,"acceptedByUserId":null,"rejectedByUserId":null,"layer":0,"counter":0,"status":"LABELED","hashCode":"SPAN:SJEkdao76hjwbb6Fh5SY6:0:22:0:4:0:22:0:6:7:0:undefined:undefined","labelName":"SJEkdao76hjwbb6Fh5SY6","labelItem":{"id":"SJEkdao76hjwbb6Fh5SY6","labelName":"Job Title"},"textPosition":{"start":{"row":22,"column":0,"tokenIndex":4,"charIndex":0},"end":{"row":22,"column":0,"tokenIndex":6,"charIndex":7}},"confidenceScore":null},{"id":"1663133295","labeledBy":"AUTO","labeledByUserId":null,"acceptedByUserId":null,"rejectedByUserId":null,"layer":0,"counter":0,"status":"LABELED","hashCode":"SPAN:rj7TW0-ymuRo6f_asXJab:0:22:0:7:0:22:0:8:3:0:undefined:undefined","labelName":"rj7TW0-ymuRo6f_asXJab","labelItem":{"id":"rj7TW0-ymuRo6f_asXJab","labelName":"Company Name"},"textPosition":{"start":{"row":22,"column":0,"tokenIndex":7,"charIndex":0},"end":{"row":22,"column":0,"tokenIndex":8,"charIndex":3}},"confidenceScore":null},{"id":"1663133298","labeledBy":"AUTO","labeledByUserId":null,"acceptedByUserId":null,"rejectedByUserId":null,"layer":0,"counter":0,"status":"LABELED","hashCode":"SPAN:1R0C50AAwFbEp2O0WmRv6:0:22:0:10:0:22:0:10:3:0:undefined:undefined","labelName":"1R0C50AAwFbEp2O0WmRv6","labelItem":{"id":"1R0C50AAwFbEp2O0WmRv6","labelName":"Location"},"textPosition":{"start":{"row":22,"column":0,"tokenIndex":10,"charIndex":0},"end":{"row":22,"column":0,"tokenIndex":10,"charIndex":3}},"confidenceScore":null},{"id":"1663133301","labeledBy":"AUTO","labeledByUserId":null,"acceptedByUserId":null,"rejectedByUserId":null,"layer":0,"counter":0,"status":"LABELED","hashCode":"SPAN:1R0C50AAwFbEp2O0WmRv6:0:22:0:12:0:22:0:12:4:0:undefined:undefined","labelName":"1R0C50AAwFbEp2O0WmRv6","labelItem":{"id":"1R0C50AAwFbEp2O0WmRv6","labelName":"Location"},"textPosition":{"start":{"row":22,"column":0,"tokenIndex":12,"charIndex":0},"end":{"row":22,"column":0,"tokenIndex":12,"charIndex":4}},"confidenceScore":null},{"id":"1663133304","labeledBy":"AUTO","labeledByUserId":null,"acceptedByUserId":null,"rejectedByUserId":null,"layer":0,"counter":0,"status":"LABELED","hashCode":"SPAN:eS2knCRgLegeRw8bcmSWA:0:25:0:3:0:25:0:4:6:0:undefined:undefined","labelName":"eS2knCRgLegeRw8bcmSWA","labelItem":{"id":"eS2knCRgLegeRw8bcmSWA","labelName":"Skill"},"textPosition":{"start":{"row":25,"column":0,"tokenIndex":3,"charIndex":0},"end":{"row":25,"column":0,"tokenIndex":4,"charIndex":6}},"confidenceScore":null},{"id":"1663133307","labeledBy":"AUTO","labeledByUserId":null,"acceptedByUserId":null,"rejectedByUserId":null,"layer":0,"counter":0,"status":"LABELED","hashCode":"SPAN:52S_6moRfhjC-yXgIBeCp:0:26:0:0:0:26:0:0:6:0:undefined:undefined","labelName":"52S_6moRfhjC-yXgIBeCp","labelItem":{"id":"52S_6moRfhjC-yXgIBeCp","labelName":"Date"},"textPosition":{"start":{"row":26,"column":0,"tokenIndex":0,"charIndex":0},"end":{"row":26,"column":0,"tokenIndex":0,"charIndex":6}},"confidenceScore":null},{"id":"1663133310","labeledBy":"AUTO","labeledByUserId":null,"acceptedByUserId":null,"rejectedByUserId":null,"layer":0,"counter":0,"status":"LABELED","hashCode":"SPAN:52S_6moRfhjC-yXgIBeCp:0:26:0:2:0:26:0:2:6:0:undefined:undefined","labelName":"52S_6moRfhjC-yXgIBeCp","labelItem":{"id":"52S_6moRfhjC-yXgIBeCp","labelName":"Date"},"textPosition":{"start":{"row":26,"column":0,"tokenIndex":2,"charIndex":0},"end":{"row":26,"column":0,"tokenIndex":2,"charIndex":6}},"confidenceScore":null},{"id":"1663133313","labeledBy":"AUTO","labeledByUserId":null,"acceptedByUserId":null,"rejectedByUserId":null,"layer":0,"counter":0,"status":"LABELED","hashCode":"SPAN:SJEkdao76hjwbb6Fh5SY6:0:26:0:3:0:26:0:4:6:0:undefined:undefined","labelName":"SJEkdao76hjwbb6Fh5SY6","labelItem":{"id":"SJEkdao76hjwbb6Fh5SY6","labelName":"Job Title"},"textPosition":{"start":{"row":26,"column":0,"tokenIndex":3,"charIndex":0},"end":{"row":26,"column":0,"tokenIndex":4,"charIndex":6}},"confidenceScore":null},{"id":"1663133316","labeledBy":"AUTO","labeledByUserId":null,"acceptedByUserId":null,"rejectedByUserId":null,"layer":0,"counter":0,"status":"LABELED","hashCode":"SPAN:rj7TW0-ymuRo6f_asXJab:0:26:0:5:0:26:0:6:3:0:undefined:undefined","labelName":"rj7TW0-ymuRo6f_asXJab","labelItem":{"id":"rj7TW0-ymuRo6f_asXJab","labelName":"Company Name"},"textPosition":{"start":{"row":26,"column":0,"tokenIndex":5,"charIndex":0},"end":{"row":26,"column":0,"tokenIndex":6,"charIndex":3}},"confidenceScore":null},{"id":"1663133319","labeledBy":"AUTO","labeledByUserId":null,"acceptedByUserId":null,"rejectedByUserId":null,"layer":0,"counter":0,"status":"LABELED","hashCode":"SPAN:1R0C50AAwFbEp2O0WmRv6:0:26:0:8:0:26:0:8:3:0:undefined:undefined","labelName":"1R0C50AAwFbEp2O0WmRv6","labelItem":{"id":"1R0C50AAwFbEp2O0WmRv6","labelName":"Location"},"textPosition":{"start":{"row":26,"column":0,"tokenIndex":8,"charIndex":0},"end":{"row":26,"column":0,"tokenIndex":8,"charIndex":3}},"confidenceScore":null},{"id":"1663133322","labeledBy":"AUTO","labeledByUserId":null,"acceptedByUserId":null,"rejectedByUserId":null,"layer":0,"counter":0,"status":"LABELED","hashCode":"SPAN:1R0C50AAwFbEp2O0WmRv6:0:26:0:10:0:26:0:10:4:0:undefined:undefined","labelName":"1R0C50AAwFbEp2O0WmRv6","labelItem":{"id":"1R0C50AAwFbEp2O0WmRv6","labelName":"Location"},"textPosition":{"start":{"row":26,"column":0,"tokenIndex":10,"charIndex":0},"end":{"row":26,"column":0,"tokenIndex":10,"charIndex":4}},"confidenceScore":null},{"id":"1663133325","labeledBy":"AUTO","labeledByUserId":null,"acceptedByUserId":null,"rejectedByUserId":null,"layer":0,"counter":0,"status":"LABELED","hashCode":"SPAN:eS2knCRgLegeRw8bcmSWA:0:26:0:13:0:26:0:14:6:0:undefined:undefined","labelName":"eS2knCRgLegeRw8bcmSWA","labelItem":{"id":"eS2knCRgLegeRw8bcmSWA","labelName":"Skill"},"textPosition":{"start":{"row":26,"column":0,"tokenIndex":13,"charIndex":0},"end":{"row":26,"column":0,"tokenIndex":14,"charIndex":6}},"confidenceScore":null},{"id":"1663133328","labeledBy":"AUTO","labeledByUserId":null,"acceptedByUserId":null,"rejectedByUserId":null,"layer":0,"counter":0,"status":"LABELED","hashCode":"SPAN:eS2knCRgLegeRw8bcmSWA:0:29:0:3:0:29:0:5:6:0:undefined:undefined","labelName":"eS2knCRgLegeRw8bcmSWA","labelItem":{"id":"eS2knCRgLegeRw8bcmSWA","labelName":"Skill"},"textPosition":{"start":{"row":29,"column":0,"tokenIndex":3,"charIndex":0},"end":{"row":29,"column":0,"tokenIndex":5,"charIndex":6}},"confidenceScore":null},{"id":"1663133331","labeledBy":"AUTO","labeledByUserId":null,"acceptedByUserId":null,"rejectedByUserId":null,"layer":0,"counter":0,"status":"LABELED","hashCode":"SPAN:eS2knCRgLegeRw8bcmSWA:0:31:0:0:0:31:0:0:6:0:undefined:undefined","labelName":"eS2knCRgLegeRw8bcmSWA","labelItem":{"id":"eS2knCRgLegeRw8bcmSWA","labelName":"Skill"},"textPosition":{"start":{"row":31,"column":0,"tokenIndex":0,"charIndex":0},"end":{"row":31,"column":0,"tokenIndex":0,"charIndex":6}},"confidenceScore":null},{"id":"1663133334","labeledBy":"AUTO","labeledByUserId":null,"acceptedByUserId":null,"rejectedByUserId":null,"layer":0,"counter":0,"status":"LABELED","hashCode":"SPAN:eS2knCRgLegeRw8bcmSWA:0:32:0:5:0:32:0:6:9:0:undefined:undefined","labelName":"eS2knCRgLegeRw8bcmSWA","labelItem":{"id":"eS2knCRgLegeRw8bcmSWA","labelName":"Skill"},"textPosition":{"start":{"row":32,"column":0,"tokenIndex":5,"charIndex":0},"end":{"row":32,"column":0,"tokenIndex":6,"charIndex":9}},"confidenceScore":null},{"id":"1663133337","labeledBy":"AUTO","labeledByUserId":null,"acceptedByUserId":null,"rejectedByUserId":null,"layer":0,"counter":0,"status":"LABELED","hashCode":"SPAN:eS2knCRgLegeRw8bcmSWA:0:34:0:0:0:34:0:1:6:0:undefined:undefined","labelName":"eS2knCRgLegeRw8bcmSWA","labelItem":{"id":"eS2knCRgLegeRw8bcmSWA","labelName":"Skill"},"textPosition":{"start":{"row":34,"column":0,"tokenIndex":0,"charIndex":0},"end":{"row":34,"column":0,"tokenIndex":1,"charIndex":6}},"confidenceScore":null},{"id":"1663133340","labeledBy":"AUTO","labeledByUserId":null,"acceptedByUserId":null,"rejectedByUserId":null,"layer":0,"counter":0,"status":"LABELED","hashCode":"SPAN:eS2knCRgLegeRw8bcmSWA:0:58:0:0:0:58:0:2:8:0:undefined:undefined","labelName":"eS2knCRgLegeRw8bcmSWA","labelItem":{"id":"eS2knCRgLegeRw8bcmSWA","labelName":"Skill"},"textPosition":{"start":{"row":58,"column":0,"tokenIndex":0,"charIndex":0},"end":{"row":58,"column":0,"tokenIndex":2,"charIndex":8}},"confidenceScore":null},{"id":"1663133343","labeledBy":"AUTO","labeledByUserId":null,"acceptedByUserId":null,"rejectedByUserId":null,"layer":0,"counter":0,"status":"LABELED","hashCode":"SPAN:eS2knCRgLegeRw8bcmSWA:0:59:0:0:0:59:0:1:7:0:undefined:undefined","labelName":"eS2knCRgLegeRw8bcmSWA","labelItem":{"id":"eS2knCRgLegeRw8bcmSWA","labelName":"Skill"},"textPosition":{"start":{"row":59,"column":0,"tokenIndex":0,"charIndex":0},"end":{"row":59,"column":0,"tokenIndex":1,"charIndex":7}},"confidenceScore":null},{"id":"1663133346","labeledBy":"AUTO","labeledByUserId":null,"acceptedByUserId":null,"rejectedByUserId":null,"layer":0,"counter":0,"status":"LABELED","hashCode":"SPAN:eS2knCRgLegeRw8bcmSWA:0:59:0:3:0:59:0:5:8:0:undefined:undefined","labelName":"eS2knCRgLegeRw8bcmSWA","labelItem":{"id":"eS2knCRgLegeRw8bcmSWA","labelName":"Skill"},"textPosition":{"start":{"row":59,"column":0,"tokenIndex":3,"charIndex":0},"end":{"row":59,"column":0,"tokenIndex":5,"charIndex":8}},"confidenceScore":null},{"id":"1663133349","labeledBy":"AUTO","labeledByUserId":null,"acceptedByUserId":null,"rejectedByUserId":null,"layer":0,"counter":0,"status":"LABELED","hashCode":"SPAN:eS2knCRgLegeRw8bcmSWA:0:64:0:0:0:64:0:0:11:0:undefined:undefined","labelName":"eS2knCRgLegeRw8bcmSWA","labelItem":{"id":"eS2knCRgLegeRw8bcmSWA","labelName":"Skill"},"textPosition":{"start":{"row":64,"column":0,"tokenIndex":0,"charIndex":0},"end":{"row":64,"column":0,"tokenIndex":0,"charIndex":11}},"confidenceScore":null},{"id":"1663133352","labeledBy":"AUTO","labeledByUserId":null,"acceptedByUserId":null,"rejectedByUserId":null,"layer":0,"counter":0,"status":"LABELED","hashCode":"SPAN:eS2knCRgLegeRw8bcmSWA:0:64:0:2:0:64:0:3:10:0:undefined:undefined","labelName":"eS2knCRgLegeRw8bcmSWA","labelItem":{"id":"eS2knCRgLegeRw8bcmSWA","labelName":"Skill"},"textPosition":{"start":{"row":64,"column":0,"tokenIndex":2,"charIndex":0},"end":{"row":64,"column":0,"tokenIndex":3,"charIndex":10}},"confidenceScore":null},{"id":"1663133355","labeledBy":"AUTO","labeledByUserId":null,"acceptedByUserId":null,"rejectedByUserId":null,"layer":0,"counter":0,"status":"LABELED","hashCode":"SPAN:eS2knCRgLegeRw8bcmSWA:0:82:0:1:0:82:0:1:11:0:undefined:undefined","labelName":"eS2knCRgLegeRw8bcmSWA","labelItem":{"id":"eS2knCRgLegeRw8bcmSWA","labelName":"Skill"},"textPosition":{"start":{"row":82,"column":0,"tokenIndex":1,"charIndex":0},"end":{"row":82,"column":0,"tokenIndex":1,"charIndex":11}},"confidenceScore":null},{"id":"1663133358","labeledBy":"AUTO","labeledByUserId":null,"acceptedByUserId":null,"rejectedByUserId":null,"layer":0,"counter":0,"status":"LABELED","hashCode":"SPAN:eS2knCRgLegeRw8bcmSWA:0:82:0:3:0:82:0:3:10:0:undefined:undefined","labelName":"eS2knCRgLegeRw8bcmSWA","labelItem":{"id":"eS2knCRgLegeRw8bcmSWA","labelName":"Skill"},"textPosition":{"start":{"row":82,"column":0,"tokenIndex":3,"charIndex":0},"end":{"row":82,"column":0,"tokenIndex":3,"charIndex":10}},"confidenceScore":null},{"id":"1663133361","labeledBy":"AUTO","labeledByUserId":null,"acceptedByUserId":null,"rejectedByUserId":null,"layer":0,"counter":0,"status":"LABELED","hashCode":"SPAN:52S_6moRfhjC-yXgIBeCp:0:84:0:0:0:84:0:0:6:0:undefined:undefined","labelName":"52S_6moRfhjC-yXgIBeCp","labelItem":{"id":"52S_6moRfhjC-yXgIBeCp","labelName":"Date"},"textPosition":{"start":{"row":84,"column":0,"tokenIndex":0,"charIndex":0},"end":{"row":84,"column":0,"tokenIndex":0,"charIndex":6}},"confidenceScore":null},{"id":"1663133364","labeledBy":"AUTO","labeledByUserId":null,"acceptedByUserId":null,"rejectedByUserId":null,"layer":0,"counter":0,"status":"LABELED","hashCode":"SPAN:52S_6moRfhjC-yXgIBeCp:0:84:0:2:0:84:0:2:6:0:undefined:undefined","labelName":"52S_6moRfhjC-yXgIBeCp","labelItem":{"id":"52S_6moRfhjC-yXgIBeCp","labelName":"Date"},"textPosition":{"start":{"row":84,"column":0,"tokenIndex":2,"charIndex":0},"end":{"row":84,"column":0,"tokenIndex":2,"charIndex":6}},"confidenceScore":null},{"id":"1663133367","labeledBy":"AUTO","labeledByUserId":null,"acceptedByUserId":null,"rejectedByUserId":null,"layer":0,"counter":0,"status":"LABELED","hashCode":"SPAN:SJEkdao76hjwbb6Fh5SY6:0:84:0:3:0:84:0:4:6:0:undefined:undefined","labelName":"SJEkdao76hjwbb6Fh5SY6","labelItem":{"id":"SJEkdao76hjwbb6Fh5SY6","labelName":"Job Title"},"textPosition":{"start":{"row":84,"column":0,"tokenIndex":3,"charIndex":0},"end":{"row":84,"column":0,"tokenIndex":4,"charIndex":6}},"confidenceScore":null},{"id":"1663133370","labeledBy":"AUTO","labeledByUserId":null,"acceptedByUserId":null,"rejectedByUserId":null,"layer":0,"counter":0,"status":"LABELED","hashCode":"SPAN:rj7TW0-ymuRo6f_asXJab:0:84:0:5:0:84:0:6:3:0:undefined:undefined","labelName":"rj7TW0-ymuRo6f_asXJab","labelItem":{"id":"rj7TW0-ymuRo6f_asXJab","labelName":"Company Name"},"textPosition":{"start":{"row":84,"column":0,"tokenIndex":5,"charIndex":0},"end":{"row":84,"column":0,"tokenIndex":6,"charIndex":3}},"confidenceScore":null},{"id":"1663133373","labeledBy":"AUTO","labeledByUserId":null,"acceptedByUserId":null,"rejectedByUserId":null,"layer":0,"counter":0,"status":"LABELED","hashCode":"SPAN:1R0C50AAwFbEp2O0WmRv6:0:84:0:8:0:84:0:8:3:0:undefined:undefined","labelName":"1R0C50AAwFbEp2O0WmRv6","labelItem":{"id":"1R0C50AAwFbEp2O0WmRv6","labelName":"Location"},"textPosition":{"start":{"row":84,"column":0,"tokenIndex":8,"charIndex":0},"end":{"row":84,"column":0,"tokenIndex":8,"charIndex":3}},"confidenceScore":null},{"id":"1663133376","labeledBy":"AUTO","labeledByUserId":null,"acceptedByUserId":null,"rejectedByUserId":null,"layer":0,"counter":0,"status":"LABELED","hashCode":"SPAN:1R0C50AAwFbEp2O0WmRv6:0:84:0:10:0:84:0:10:4:0:undefined:undefined","labelName":"1R0C50AAwFbEp2O0WmRv6","labelItem":{"id":"1R0C50AAwFbEp2O0WmRv6","labelName":"Location"},"textPosition":{"start":{"row":84,"column":0,"tokenIndex":10,"charIndex":0},"end":{"row":84,"column":0,"tokenIndex":10,"charIndex":4}},"confidenceScore":null},{"id":"1663133379","labeledBy":"AUTO","labeledByUserId":null,"acceptedByUserId":null,"rejectedByUserId":null,"layer":0,"counter":0,"status":"LABELED","hashCode":"SPAN:eS2knCRgLegeRw8bcmSWA:0:84:0:11:0:84:0:11:6:0:undefined:undefined","labelName":"eS2knCRgLegeRw8bcmSWA","labelItem":{"id":"eS2knCRgLegeRw8bcmSWA","labelName":"Skill"},"textPosition":{"start":{"row":84,"column":0,"tokenIndex":11,"charIndex":0},"end":{"row":84,"column":0,"tokenIndex":11,"charIndex":6}},"confidenceScore":null},{"id":"1663133382","labeledBy":"AUTO","labeledByUserId":null,"acceptedByUserId":null,"rejectedByUserId":null,"layer":0,"counter":0,"status":"LABELED","hashCode":"SPAN:eS2knCRgLegeRw8bcmSWA:0:84:0:15:0:84:0:16:8:0:undefined:undefined","labelName":"eS2knCRgLegeRw8bcmSWA","labelItem":{"id":"eS2knCRgLegeRw8bcmSWA","labelName":"Skill"},"textPosition":{"start":{"row":84,"column":0,"tokenIndex":15,"charIndex":0},"end":{"row":84,"column":0,"tokenIndex":16,"charIndex":8}},"confidenceScore":null},{"id":"1663133385","labeledBy":"AUTO","labeledByUserId":null,"acceptedByUserId":null,"rejectedByUserId":null,"layer":0,"counter":0,"status":"LABELED","hashCode":"SPAN:eS2knCRgLegeRw8bcmSWA:0:88:0:1:0:88:0:2:7:0:undefined:undefined","labelName":"eS2knCRgLegeRw8bcmSWA","labelItem":{"id":"eS2knCRgLegeRw8bcmSWA","labelName":"Skill"},"textPosition":{"start":{"row":88,"column":0,"tokenIndex":1,"charIndex":0},"end":{"row":88,"column":0,"tokenIndex":2,"charIndex":7}},"confidenceScore":null},{"id":"1663133388","labeledBy":"AUTO","labeledByUserId":null,"acceptedByUserId":null,"rejectedByUserId":null,"layer":0,"counter":0,"status":"LABELED","hashCode":"SPAN:eS2knCRgLegeRw8bcmSWA:0:89:0:0:0:89:0:1:12:0:undefined:undefined","labelName":"eS2knCRgLegeRw8bcmSWA","labelItem":{"id":"eS2knCRgLegeRw8bcmSWA","labelName":"Skill"},"textPosition":{"start":{"row":89,"column":0,"tokenIndex":0,"charIndex":0},"end":{"row":89,"column":0,"tokenIndex":1,"charIndex":12}},"confidenceScore":null},{"id":"1663133391","labeledBy":"AUTO","labeledByUserId":null,"acceptedByUserId":null,"rejectedByUserId":null,"layer":0,"counter":0,"status":"LABELED","hashCode":"SPAN:eS2knCRgLegeRw8bcmSWA:0:90:0:4:0:90:0:5:12:0:undefined:undefined","labelName":"eS2knCRgLegeRw8bcmSWA","labelItem":{"id":"eS2knCRgLegeRw8bcmSWA","labelName":"Skill"},"textPosition":{"start":{"row":90,"column":0,"tokenIndex":4,"charIndex":0},"end":{"row":90,"column":0,"tokenIndex":5,"charIndex":12}},"confidenceScore":null},{"id":"1663133394","labeledBy":"AUTO","labeledByUserId":null,"acceptedByUserId":null,"rejectedByUserId":null,"layer":0,"counter":0,"status":"LABELED","hashCode":"SPAN:eS2knCRgLegeRw8bcmSWA:0:94:0:2:0:95:0:0:6:0:undefined:undefined","labelName":"eS2knCRgLegeRw8bcmSWA","labelItem":{"id":"eS2knCRgLegeRw8bcmSWA","labelName":"Skill"},"textPosition":{"start":{"row":94,"column":0,"tokenIndex":2,"charIndex":0},"end":{"row":95,"column":0,"tokenIndex":0,"charIndex":6}},"confidenceScore":null},{"id":"1663133397","labeledBy":"AUTO","labeledByUserId":null,"acceptedByUserId":null,"rejectedByUserId":null,"layer":0,"counter":0,"status":"LABELED","hashCode":"SPAN:eS2knCRgLegeRw8bcmSWA:0:98:0:1:0:98:0:1:9:0:undefined:undefined","labelName":"eS2knCRgLegeRw8bcmSWA","labelItem":{"id":"eS2knCRgLegeRw8bcmSWA","labelName":"Skill"},"textPosition":{"start":{"row":98,"column":0,"tokenIndex":1,"charIndex":0},"end":{"row":98,"column":0,"tokenIndex":1,"charIndex":9}},"confidenceScore":null},{"id":"1663133400","labeledBy":"AUTO","labeledByUserId":null,"acceptedByUserId":null,"rejectedByUserId":null,"layer":0,"counter":0,"status":"LABELED","hashCode":"SPAN:eS2knCRgLegeRw8bcmSWA:0:98:0:6:0:98:0:6:15:0:undefined:undefined","labelName":"eS2knCRgLegeRw8bcmSWA","labelItem":{"id":"eS2knCRgLegeRw8bcmSWA","labelName":"Skill"},"textPosition":{"start":{"row":98,"column":0,"tokenIndex":6,"charIndex":0},"end":{"row":98,"column":0,"tokenIndex":6,"charIndex":15}},"confidenceScore":null},{"id":"1663133403","labeledBy":"AUTO","labeledByUserId":null,"acceptedByUserId":null,"rejectedByUserId":null,"layer":0,"counter":0,"status":"LABELED","hashCode":"SPAN:eS2knCRgLegeRw8bcmSWA:0:98:0:8:0:98:0:9:3:0:undefined:undefined","labelName":"eS2knCRgLegeRw8bcmSWA","labelItem":{"id":"eS2knCRgLegeRw8bcmSWA","labelName":"Skill"},"textPosition":{"start":{"row":98,"column":0,"tokenIndex":8,"charIndex":0},"end":{"row":98,"column":0,"tokenIndex":9,"charIndex":3}},"confidenceScore":null},{"id":"1663133409","labeledBy":"AUTO","labeledByUserId":null,"acceptedByUserId":null,"rejectedByUserId":null,"layer":0,"counter":0,"status":"LABELED","hashCode":"SPAN:eS2knCRgLegeRw8bcmSWA:0:105:0:0:0:105:0:0:11:0:undefined:undefined","labelName":"eS2knCRgLegeRw8bcmSWA","labelItem":{"id":"eS2knCRgLegeRw8bcmSWA","labelName":"Skill"},"textPosition":{"start":{"row":105,"column":0,"tokenIndex":0,"charIndex":0},"end":{"row":105,"column":0,"tokenIndex":0,"charIndex":11}},"confidenceScore":null},{"id":"1663133412","labeledBy":"AUTO","labeledByUserId":null,"acceptedByUserId":null,"rejectedByUserId":null,"layer":0,"counter":0,"status":"LABELED","hashCode":"SPAN:eS2knCRgLegeRw8bcmSWA:0:105:0:2:0:105:0:2:10:0:undefined:undefined","labelName":"eS2knCRgLegeRw8bcmSWA","labelItem":{"id":"eS2knCRgLegeRw8bcmSWA","labelName":"Skill"},"textPosition":{"start":{"row":105,"column":0,"tokenIndex":2,"charIndex":0},"end":{"row":105,"column":0,"tokenIndex":2,"charIndex":10}},"confidenceScore":null},{"id":"1663133406","labeledBy":"AUTO","labeledByUserId":null,"acceptedByUserId":null,"rejectedByUserId":null,"layer":0,"counter":0,"status":"LABELED","hashCode":"SPAN:52S_6moRfhjC-yXgIBeCp:0:106:0:0:0:106:0:0:6:0:undefined:undefined","labelName":"52S_6moRfhjC-yXgIBeCp","labelItem":{"id":"52S_6moRfhjC-yXgIBeCp","labelName":"Date"},"textPosition":{"start":{"row":106,"column":0,"tokenIndex":0,"charIndex":0},"end":{"row":106,"column":0,"tokenIndex":0,"charIndex":6}},"confidenceScore":null},{"id":"1663133415","labeledBy":"AUTO","labeledByUserId":null,"acceptedByUserId":null,"rejectedByUserId":null,"layer":0,"counter":0,"status":"LABELED","hashCode":"SPAN:52S_6moRfhjC-yXgIBeCp:0:106:0:2:0:106:0:2:6:0:undefined:undefined","labelName":"52S_6moRfhjC-yXgIBeCp","labelItem":{"id":"52S_6moRfhjC-yXgIBeCp","labelName":"Date"},"textPosition":{"start":{"row":106,"column":0,"tokenIndex":2,"charIndex":0},"end":{"row":106,"column":0,"tokenIndex":2,"charIndex":6}},"confidenceScore":null},{"id":"1663133418","labeledBy":"AUTO","labeledByUserId":null,"acceptedByUserId":null,"rejectedByUserId":null,"layer":0,"counter":0,"status":"LABELED","hashCode":"SPAN:SJEkdao76hjwbb6Fh5SY6:0:106:0:3:0:106:0:5:7:0:undefined:undefined","labelName":"SJEkdao76hjwbb6Fh5SY6","labelItem":{"id":"SJEkdao76hjwbb6Fh5SY6","labelName":"Job Title"},"textPosition":{"start":{"row":106,"column":0,"tokenIndex":3,"charIndex":0},"end":{"row":106,"column":0,"tokenIndex":5,"charIndex":7}},"confidenceScore":null},{"id":"1663133421","labeledBy":"AUTO","labeledByUserId":null,"acceptedByUserId":null,"rejectedByUserId":null,"layer":0,"counter":0,"status":"LABELED","hashCode":"SPAN:rj7TW0-ymuRo6f_asXJab:0:106:0:6:0:106:0:7:3:0:undefined:undefined","labelName":"rj7TW0-ymuRo6f_asXJab","labelItem":{"id":"rj7TW0-ymuRo6f_asXJab","labelName":"Company Name"},"textPosition":{"start":{"row":106,"column":0,"tokenIndex":6,"charIndex":0},"end":{"row":106,"column":0,"tokenIndex":7,"charIndex":3}},"confidenceScore":null},{"id":"1663133424","labeledBy":"AUTO","labeledByUserId":null,"acceptedByUserId":null,"rejectedByUserId":null,"layer":0,"counter":0,"status":"LABELED","hashCode":"SPAN:1R0C50AAwFbEp2O0WmRv6:0:106:0:9:0:106:0:9:3:0:undefined:undefined","labelName":"1R0C50AAwFbEp2O0WmRv6","labelItem":{"id":"1R0C50AAwFbEp2O0WmRv6","labelName":"Location"},"textPosition":{"start":{"row":106,"column":0,"tokenIndex":9,"charIndex":0},"end":{"row":106,"column":0,"tokenIndex":9,"charIndex":3}},"confidenceScore":null},{"id":"1663133427","labeledBy":"AUTO","labeledByUserId":null,"acceptedByUserId":null,"rejectedByUserId":null,"layer":0,"counter":0,"status":"LABELED","hashCode":"SPAN:1R0C50AAwFbEp2O0WmRv6:0:106:0:11:0:106:0:11:4:0:undefined:undefined","labelName":"1R0C50AAwFbEp2O0WmRv6","labelItem":{"id":"1R0C50AAwFbEp2O0WmRv6","labelName":"Location"},"textPosition":{"start":{"row":106,"column":0,"tokenIndex":11,"charIndex":0},"end":{"row":106,"column":0,"tokenIndex":11,"charIndex":4}},"confidenceScore":null},{"id":"1663133430","labeledBy":"AUTO","labeledByUserId":null,"acceptedByUserId":null,"rejectedByUserId":null,"layer":0,"counter":0,"status":"LABELED","hashCode":"SPAN:eS2knCRgLegeRw8bcmSWA:0:107:0:2:0:107:0:3:10:0:undefined:undefined","labelName":"eS2knCRgLegeRw8bcmSWA","labelItem":{"id":"eS2knCRgLegeRw8bcmSWA","labelName":"Skill"},"textPosition":{"start":{"row":107,"column":0,"tokenIndex":2,"charIndex":0},"end":{"row":107,"column":0,"tokenIndex":3,"charIndex":10}},"confidenceScore":null},{"id":"1663133433","labeledBy":"AUTO","labeledByUserId":null,"acceptedByUserId":null,"rejectedByUserId":null,"layer":0,"counter":0,"status":"LABELED","hashCode":"SPAN:eS2knCRgLegeRw8bcmSWA:0:111:0:4:0:111:0:4:8:0:undefined:undefined","labelName":"eS2knCRgLegeRw8bcmSWA","labelItem":{"id":"eS2knCRgLegeRw8bcmSWA","labelName":"Skill"},"textPosition":{"start":{"row":111,"column":0,"tokenIndex":4,"charIndex":0},"end":{"row":111,"column":0,"tokenIndex":4,"charIndex":8}},"confidenceScore":null},{"id":"1663133436","labeledBy":"AUTO","labeledByUserId":null,"acceptedByUserId":null,"rejectedByUserId":null,"layer":0,"counter":0,"status":"LABELED","hashCode":"SPAN:eS2knCRgLegeRw8bcmSWA:0:111:0:9:0:111:0:10:10:0:undefined:undefined","labelName":"eS2knCRgLegeRw8bcmSWA","labelItem":{"id":"eS2knCRgLegeRw8bcmSWA","labelName":"Skill"},"textPosition":{"start":{"row":111,"column":0,"tokenIndex":9,"charIndex":0},"end":{"row":111,"column":0,"tokenIndex":10,"charIndex":10}},"confidenceScore":null},{"id":"1663133439","labeledBy":"AUTO","labeledByUserId":null,"acceptedByUserId":null,"rejectedByUserId":null,"layer":0,"counter":0,"status":"LABELED","hashCode":"SPAN:52S_6moRfhjC-yXgIBeCp:0:112:0:0:0:112:0:0:6:0:undefined:undefined","labelName":"52S_6moRfhjC-yXgIBeCp","labelItem":{"id":"52S_6moRfhjC-yXgIBeCp","labelName":"Date"},"textPosition":{"start":{"row":112,"column":0,"tokenIndex":0,"charIndex":0},"end":{"row":112,"column":0,"tokenIndex":0,"charIndex":6}},"confidenceScore":null},{"id":"1663133442","labeledBy":"AUTO","labeledByUserId":null,"acceptedByUserId":null,"rejectedByUserId":null,"layer":0,"counter":0,"status":"LABELED","hashCode":"SPAN:52S_6moRfhjC-yXgIBeCp:0:112:0:2:0:112:0:2:6:0:undefined:undefined","labelName":"52S_6moRfhjC-yXgIBeCp","labelItem":{"id":"52S_6moRfhjC-yXgIBeCp","labelName":"Date"},"textPosition":{"start":{"row":112,"column":0,"tokenIndex":2,"charIndex":0},"end":{"row":112,"column":0,"tokenIndex":2,"charIndex":6}},"confidenceScore":null},{"id":"1663133445","labeledBy":"AUTO","labeledByUserId":null,"acceptedByUserId":null,"rejectedByUserId":null,"layer":0,"counter":0,"status":"LABELED","hashCode":"SPAN:SJEkdao76hjwbb6Fh5SY6:0:112:0:3:0:112:0:5:13:0:undefined:undefined","labelName":"SJEkdao76hjwbb6Fh5SY6","labelItem":{"id":"SJEkdao76hjwbb6Fh5SY6","labelName":"Job Title"},"textPosition":{"start":{"row":112,"column":0,"tokenIndex":3,"charIndex":0},"end":{"row":112,"column":0,"tokenIndex":5,"charIndex":13}},"confidenceScore":null},{"id":"1663133448","labeledBy":"AUTO","labeledByUserId":null,"acceptedByUserId":null,"rejectedByUserId":null,"layer":0,"counter":0,"status":"LABELED","hashCode":"SPAN:rj7TW0-ymuRo6f_asXJab:0:112:0:6:0:112:0:7:3:0:undefined:undefined","labelName":"rj7TW0-ymuRo6f_asXJab","labelItem":{"id":"rj7TW0-ymuRo6f_asXJab","labelName":"Company Name"},"textPosition":{"start":{"row":112,"column":0,"tokenIndex":6,"charIndex":0},"end":{"row":112,"column":0,"tokenIndex":7,"charIndex":3}},"confidenceScore":null},{"id":"1663133451","labeledBy":"AUTO","labeledByUserId":null,"acceptedByUserId":null,"rejectedByUserId":null,"layer":0,"counter":0,"status":"LABELED","hashCode":"SPAN:1R0C50AAwFbEp2O0WmRv6:0:112:0:9:0:112:0:9:3:0:undefined:undefined","labelName":"1R0C50AAwFbEp2O0WmRv6","labelItem":{"id":"1R0C50AAwFbEp2O0WmRv6","labelName":"Location"},"textPosition":{"start":{"row":112,"column":0,"tokenIndex":9,"charIndex":0},"end":{"row":112,"column":0,"tokenIndex":9,"charIndex":3}},"confidenceScore":null},{"id":"1663133454","labeledBy":"AUTO","labeledByUserId":null,"acceptedByUserId":null,"rejectedByUserId":null,"layer":0,"counter":0,"status":"LABELED","hashCode":"SPAN:1R0C50AAwFbEp2O0WmRv6:0:112:0:11:0:112:0:11:4:0:undefined:undefined","labelName":"1R0C50AAwFbEp2O0WmRv6","labelItem":{"id":"1R0C50AAwFbEp2O0WmRv6","labelName":"Location"},"textPosition":{"start":{"row":112,"column":0,"tokenIndex":11,"charIndex":0},"end":{"row":112,"column":0,"tokenIndex":11,"charIndex":4}},"confidenceScore":null},{"id":"1663133457","labeledBy":"AUTO","labeledByUserId":null,"acceptedByUserId":null,"rejectedByUserId":null,"layer":0,"counter":0,"status":"LABELED","hashCode":"SPAN:eS2knCRgLegeRw8bcmSWA:0:112:0:13:0:112:0:14:7:0:undefined:undefined","labelName":"eS2knCRgLegeRw8bcmSWA","labelItem":{"id":"eS2knCRgLegeRw8bcmSWA","labelName":"Skill"},"textPosition":{"start":{"row":112,"column":0,"tokenIndex":13,"charIndex":0},"end":{"row":112,"column":0,"tokenIndex":14,"charIndex":7}},"confidenceScore":null},{"id":"1663133496","labeledBy":"AUTO","labeledByUserId":null,"acceptedByUserId":null,"rejectedByUserId":null,"layer":0,"counter":0,"status":"LABELED","hashCode":"SPAN:BjO8MdvK2KI4E5iMEeY4B:0:122:0:3:0:122:0:3:3:0:undefined:undefined","labelName":"BjO8MdvK2KI4E5iMEeY4B","labelItem":{"id":"BjO8MdvK2KI4E5iMEeY4B","labelName":"Graduation Year"},"textPosition":{"start":{"row":122,"column":0,"tokenIndex":3,"charIndex":0},"end":{"row":122,"column":0,"tokenIndex":3,"charIndex":3}},"confidenceScore":null},{"id":"1663133463","labeledBy":"AUTO","labeledByUserId":null,"acceptedByUserId":null,"rejectedByUserId":null,"layer":0,"counter":0,"status":"LABELED","hashCode":"SPAN:IeEoIKabMl51BJE0gX2YL:0:122:0:4:0:122:0:6:6:0:undefined:undefined","labelName":"IeEoIKabMl51BJE0gX2YL","labelItem":{"id":"IeEoIKabMl51BJE0gX2YL","labelName":"Degree"},"textPosition":{"start":{"row":122,"column":0,"tokenIndex":4,"charIndex":0},"end":{"row":122,"column":0,"tokenIndex":6,"charIndex":6}},"confidenceScore":null},{"id":"1663133466","labeledBy":"AUTO","labeledByUserId":null,"acceptedByUserId":null,"rejectedByUserId":null,"layer":0,"counter":0,"status":"LABELED","hashCode":"SPAN:IeEoIKabMl51BJE0gX2YL:0:122:0:8:0:122:0:8:15:0:undefined:undefined","labelName":"IeEoIKabMl51BJE0gX2YL","labelItem":{"id":"IeEoIKabMl51BJE0gX2YL","labelName":"Degree"},"textPosition":{"start":{"row":122,"column":0,"tokenIndex":8,"charIndex":0},"end":{"row":122,"column":0,"tokenIndex":8,"charIndex":15}},"confidenceScore":null},{"id":"1663133469","labeledBy":"AUTO","labeledByUserId":null,"acceptedByUserId":null,"rejectedByUserId":null,"layer":0,"counter":0,"status":"LABELED","hashCode":"SPAN:rj7TW0-ymuRo6f_asXJab:0:122:0:9:0:122:0:11:6:0:undefined:undefined","labelName":"rj7TW0-ymuRo6f_asXJab","labelItem":{"id":"rj7TW0-ymuRo6f_asXJab","labelName":"Company Name"},"textPosition":{"start":{"row":122,"column":0,"tokenIndex":9,"charIndex":0},"end":{"row":122,"column":0,"tokenIndex":11,"charIndex":6}},"confidenceScore":null},{"id":"1663133472","labeledBy":"AUTO","labeledByUserId":null,"acceptedByUserId":null,"rejectedByUserId":null,"layer":0,"counter":0,"status":"LABELED","hashCode":"SPAN:1R0C50AAwFbEp2O0WmRv6:0:122:0:13:0:122:0:13:3:0:undefined:undefined","labelName":"1R0C50AAwFbEp2O0WmRv6","labelItem":{"id":"1R0C50AAwFbEp2O0WmRv6","labelName":"Location"},"textPosition":{"start":{"row":122,"column":0,"tokenIndex":13,"charIndex":0},"end":{"row":122,"column":0,"tokenIndex":13,"charIndex":3}},"confidenceScore":null},{"id":"1663133475","labeledBy":"AUTO","labeledByUserId":null,"acceptedByUserId":null,"rejectedByUserId":null,"layer":0,"counter":0,"status":"LABELED","hashCode":"SPAN:1R0C50AAwFbEp2O0WmRv6:0:122:0:15:0:122:0:15:4:0:undefined:undefined","labelName":"1R0C50AAwFbEp2O0WmRv6","labelItem":{"id":"1R0C50AAwFbEp2O0WmRv6","labelName":"Location"},"textPosition":{"start":{"row":122,"column":0,"tokenIndex":15,"charIndex":0},"end":{"row":122,"column":0,"tokenIndex":15,"charIndex":4}},"confidenceScore":null},{"id":"1663133478","labeledBy":"AUTO","labeledByUserId":null,"acceptedByUserId":null,"rejectedByUserId":null,"layer":0,"counter":0,"status":"LABELED","hashCode":"SPAN:1R0C50AAwFbEp2O0WmRv6:0:122:0:17:0:122:0:17:2:0:undefined:undefined","labelName":"1R0C50AAwFbEp2O0WmRv6","labelItem":{"id":"1R0C50AAwFbEp2O0WmRv6","labelName":"Location"},"textPosition":{"start":{"row":122,"column":0,"tokenIndex":17,"charIndex":0},"end":{"row":122,"column":0,"tokenIndex":17,"charIndex":2}},"confidenceScore":null},{"id":"1663133481","labeledBy":"AUTO","labeledByUserId":null,"acceptedByUserId":null,"rejectedByUserId":null,"layer":0,"counter":0,"status":"LABELED","hashCode":"SPAN:IeEoIKabMl51BJE0gX2YL:0:122:0:18:0:122:0:19:13:0:undefined:undefined","labelName":"IeEoIKabMl51BJE0gX2YL","labelItem":{"id":"IeEoIKabMl51BJE0gX2YL","labelName":"Degree"},"textPosition":{"start":{"row":122,"column":0,"tokenIndex":18,"charIndex":0},"end":{"row":122,"column":0,"tokenIndex":19,"charIndex":13}},"confidenceScore":null},{"id":"1663133484","labeledBy":"AUTO","labeledByUserId":null,"acceptedByUserId":null,"rejectedByUserId":null,"layer":0,"counter":0,"status":"LABELED","hashCode":"SPAN:Kj5U6n9NUqTXuWcB3c_7L:0:122:0:20:0:122:0:22:9:0:undefined:undefined","labelName":"Kj5U6n9NUqTXuWcB3c_7L","labelItem":{"id":"Kj5U6n9NUqTXuWcB3c_7L","labelName":"College"},"textPosition":{"start":{"row":122,"column":0,"tokenIndex":20,"charIndex":0},"end":{"row":122,"column":0,"tokenIndex":22,"charIndex":9}},"confidenceScore":null},{"id":"1663133487","labeledBy":"AUTO","labeledByUserId":null,"acceptedByUserId":null,"rejectedByUserId":null,"layer":0,"counter":0,"status":"LABELED","hashCode":"SPAN:1R0C50AAwFbEp2O0WmRv6:0:122:0:24:0:122:0:24:3:0:undefined:undefined","labelName":"1R0C50AAwFbEp2O0WmRv6","labelItem":{"id":"1R0C50AAwFbEp2O0WmRv6","labelName":"Location"},"textPosition":{"start":{"row":122,"column":0,"tokenIndex":24,"charIndex":0},"end":{"row":122,"column":0,"tokenIndex":24,"charIndex":3}},"confidenceScore":null},{"id":"1663133490","labeledBy":"AUTO","labeledByUserId":null,"acceptedByUserId":null,"rejectedByUserId":null,"layer":0,"counter":0,"status":"LABELED","hashCode":"SPAN:1R0C50AAwFbEp2O0WmRv6:0:122:0:26:0:122:0:26:4:0:undefined:undefined","labelName":"1R0C50AAwFbEp2O0WmRv6","labelItem":{"id":"1R0C50AAwFbEp2O0WmRv6","labelName":"Location"},"textPosition":{"start":{"row":122,"column":0,"tokenIndex":26,"charIndex":0},"end":{"row":122,"column":0,"tokenIndex":26,"charIndex":4}},"confidenceScore":null},{"id":"1663133493","labeledBy":"AUTO","labeledByUserId":null,"acceptedByUserId":null,"rejectedByUserId":null,"layer":0,"counter":0,"status":"LABELED","hashCode":"SPAN:1R0C50AAwFbEp2O0WmRv6:0:122:0:28:0:122:0:28:2:0:undefined:undefined","labelName":"1R0C50AAwFbEp2O0WmRv6","labelItem":{"id":"1R0C50AAwFbEp2O0WmRv6","labelName":"Location"},"textPosition":{"start":{"row":122,"column":0,"tokenIndex":28,"charIndex":0},"end":{"row":122,"column":0,"tokenIndex":28,"charIndex":2}},"confidenceScore":null},{"id":"1663133499","labeledBy":"AUTO","labeledByUserId":null,"acceptedByUserId":null,"rejectedByUserId":null,"layer":0,"counter":0,"status":"LABELED","hashCode":"SPAN:BjO8MdvK2KI4E5iMEeY4B:0:122:0:29:0:122:0:31:3:0:undefined:undefined","labelName":"BjO8MdvK2KI4E5iMEeY4B","labelItem":{"id":"BjO8MdvK2KI4E5iMEeY4B","labelName":"Graduation Year"},"textPosition":{"start":{"row":122,"column":0,"tokenIndex":29,"charIndex":0},"end":{"row":122,"column":0,"tokenIndex":31,"charIndex":3}},"confidenceScore":null},{"id":"1663133502","labeledBy":"AUTO","labeledByUserId":null,"acceptedByUserId":null,"rejectedByUserId":null,"layer":0,"counter":0,"status":"LABELED","hashCode":"SPAN:eS2knCRgLegeRw8bcmSWA:0:122:0:33:0:122:0:33:14:0:undefined:undefined","labelName":"eS2knCRgLegeRw8bcmSWA","labelItem":{"id":"eS2knCRgLegeRw8bcmSWA","labelName":"Skill"},"textPosition":{"start":{"row":122,"column":0,"tokenIndex":33,"charIndex":0},"end":{"row":122,"column":0,"tokenIndex":33,"charIndex":14}},"confidenceScore":null},{"id":"1663133505","labeledBy":"AUTO","labeledByUserId":null,"acceptedByUserId":null,"rejectedByUserId":null,"layer":0,"counter":0,"status":"LABELED","hashCode":"SPAN:eS2knCRgLegeRw8bcmSWA:0:122:0:34:0:122:0:35:6:0:undefined:undefined","labelName":"eS2knCRgLegeRw8bcmSWA","labelItem":{"id":"eS2knCRgLegeRw8bcmSWA","labelName":"Skill"},"textPosition":{"start":{"row":122,"column":0,"tokenIndex":34,"charIndex":0},"end":{"row":122,"column":0,"tokenIndex":35,"charIndex":6}},"confidenceScore":null},{"id":"1663133508","labeledBy":"AUTO","labeledByUserId":null,"acceptedByUserId":null,"rejectedByUserId":null,"layer":0,"counter":0,"status":"LABELED","hashCode":"SPAN:eS2knCRgLegeRw8bcmSWA:0:122:0:36:0:122:0:37:8:0:undefined:undefined","labelName":"eS2knCRgLegeRw8bcmSWA","labelItem":{"id":"eS2knCRgLegeRw8bcmSWA","labelName":"Skill"},"textPosition":{"start":{"row":122,"column":0,"tokenIndex":36,"charIndex":0},"end":{"row":122,"column":0,"tokenIndex":37,"charIndex":8}},"confidenceScore":null},{"id":"1663133511","labeledBy":"AUTO","labeledByUserId":null,"acceptedByUserId":null,"rejectedByUserId":null,"layer":0,"counter":0,"status":"LABELED","hashCode":"SPAN:eS2knCRgLegeRw8bcmSWA:0:122:0:38:0:123:0:0:9:0:undefined:undefined","labelName":"eS2knCRgLegeRw8bcmSWA","labelItem":{"id":"eS2knCRgLegeRw8bcmSWA","labelName":"Skill"},"textPosition":{"start":{"row":122,"column":0,"tokenIndex":38,"charIndex":0},"end":{"row":123,"column":0,"tokenIndex":0,"charIndex":9}},"confidenceScore":null},{"id":"1663133514","labeledBy":"AUTO","labeledByUserId":null,"acceptedByUserId":null,"rejectedByUserId":null,"layer":0,"counter":0,"status":"LABELED","hashCode":"SPAN:eS2knCRgLegeRw8bcmSWA:0:123:0:1:0:123:0:1:7:0:undefined:undefined","labelName":"eS2knCRgLegeRw8bcmSWA","labelItem":{"id":"eS2knCRgLegeRw8bcmSWA","labelName":"Skill"},"textPosition":{"start":{"row":123,"column":0,"tokenIndex":1,"charIndex":0},"end":{"row":123,"column":0,"tokenIndex":1,"charIndex":7}},"confidenceScore":null},{"id":"1663133520","labeledBy":"AUTO","labeledByUserId":null,"acceptedByUserId":null,"rejectedByUserId":null,"layer":0,"counter":0,"status":"LABELED","hashCode":"SPAN:eS2knCRgLegeRw8bcmSWA:0:123:0:2:0:123:0:4:6:0:undefined:undefined","labelName":"eS2knCRgLegeRw8bcmSWA","labelItem":{"id":"eS2knCRgLegeRw8bcmSWA","labelName":"Skill"},"textPosition":{"start":{"row":123,"column":0,"tokenIndex":2,"charIndex":0},"end":{"row":123,"column":0,"tokenIndex":4,"charIndex":6}},"confidenceScore":null},{"id":"1663133518","labeledBy":"AUTO","labeledByUserId":null,"acceptedByUserId":null,"rejectedByUserId":null,"layer":0,"counter":0,"status":"LABELED","hashCode":"SPAN:eS2knCRgLegeRw8bcmSWA:0:123:0:5:0:123:0:5:6:0:undefined:undefined","labelName":"eS2knCRgLegeRw8bcmSWA","labelItem":{"id":"eS2knCRgLegeRw8bcmSWA","labelName":"Skill"},"textPosition":{"start":{"row":123,"column":0,"tokenIndex":5,"charIndex":0},"end":{"row":123,"column":0,"tokenIndex":5,"charIndex":6}},"confidenceScore":null},{"id":"1663133523","labeledBy":"AUTO","labeledByUserId":null,"acceptedByUserId":null,"rejectedByUserId":null,"layer":0,"counter":0,"status":"LABELED","hashCode":"SPAN:eS2knCRgLegeRw8bcmSWA:0:123:0:6:0:123:0:7:12:0:undefined:undefined","labelName":"eS2knCRgLegeRw8bcmSWA","labelItem":{"id":"eS2knCRgLegeRw8bcmSWA","labelName":"Skill"},"textPosition":{"start":{"row":123,"column":0,"tokenIndex":6,"charIndex":0},"end":{"row":123,"column":0,"tokenIndex":7,"charIndex":12}},"confidenceScore":null},{"id":"1663133526","labeledBy":"AUTO","labeledByUserId":null,"acceptedByUserId":null,"rejectedByUserId":null,"layer":0,"counter":0,"status":"LABELED","hashCode":"SPAN:eS2knCRgLegeRw8bcmSWA:0:123:0:8:0:124:0:0:7:0:undefined:undefined","labelName":"eS2knCRgLegeRw8bcmSWA","labelItem":{"id":"eS2knCRgLegeRw8bcmSWA","labelName":"Skill"},"textPosition":{"start":{"row":123,"column":0,"tokenIndex":8,"charIndex":0},"end":{"row":124,"column":0,"tokenIndex":0,"charIndex":7}},"confidenceScore":null},{"id":"1663133529","labeledBy":"AUTO","labeledByUserId":null,"acceptedByUserId":null,"rejectedByUserId":null,"layer":0,"counter":0,"status":"LABELED","hashCode":"SPAN:eS2knCRgLegeRw8bcmSWA:0:124:0:2:0:124:0:3:7:0:undefined:undefined","labelName":"eS2knCRgLegeRw8bcmSWA","labelItem":{"id":"eS2knCRgLegeRw8bcmSWA","labelName":"Skill"},"textPosition":{"start":{"row":124,"column":0,"tokenIndex":2,"charIndex":0},"end":{"row":124,"column":0,"tokenIndex":3,"charIndex":7}},"confidenceScore":null},{"id":"1663133532","labeledBy":"AUTO","labeledByUserId":null,"acceptedByUserId":null,"rejectedByUserId":null,"layer":0,"counter":0,"status":"LABELED","hashCode":"SPAN:eS2knCRgLegeRw8bcmSWA:0:124:0:5:0:125:0:0:7:0:undefined:undefined","labelName":"eS2knCRgLegeRw8bcmSWA","labelItem":{"id":"eS2knCRgLegeRw8bcmSWA","labelName":"Skill"},"textPosition":{"start":{"row":124,"column":0,"tokenIndex":5,"charIndex":0},"end":{"row":125,"column":0,"tokenIndex":0,"charIndex":7}},"confidenceScore":null},{"id":"1663133535","labeledBy":"AUTO","labeledByUserId":null,"acceptedByUserId":null,"rejectedByUserId":null,"layer":0,"counter":0,"status":"LABELED","hashCode":"SPAN:eS2knCRgLegeRw8bcmSWA:0:125:0:1:0:125:0:2:7:0:undefined:undefined","labelName":"eS2knCRgLegeRw8bcmSWA","labelItem":{"id":"eS2knCRgLegeRw8bcmSWA","labelName":"Skill"},"textPosition":{"start":{"row":125,"column":0,"tokenIndex":1,"charIndex":0},"end":{"row":125,"column":0,"tokenIndex":2,"charIndex":7}},"confidenceScore":null},{"id":"1663133538","labeledBy":"AUTO","labeledByUserId":null,"acceptedByUserId":null,"rejectedByUserId":null,"layer":0,"counter":0,"status":"LABELED","hashCode":"SPAN:eS2knCRgLegeRw8bcmSWA:0:125:0:3:0:125:0:3:15:0:undefined:undefined","labelName":"eS2knCRgLegeRw8bcmSWA","labelItem":{"id":"eS2knCRgLegeRw8bcmSWA","labelName":"Skill"},"textPosition":{"start":{"row":125,"column":0,"tokenIndex":3,"charIndex":0},"end":{"row":125,"column":0,"tokenIndex":3,"charIndex":15}},"confidenceScore":null},{"id":"1663133541","labeledBy":"AUTO","labeledByUserId":null,"acceptedByUserId":null,"rejectedByUserId":null,"layer":0,"counter":0,"status":"LABELED","hashCode":"SPAN:eS2knCRgLegeRw8bcmSWA:0:125:0:4:0:125:0:4:7:0:undefined:undefined","labelName":"eS2knCRgLegeRw8bcmSWA","labelItem":{"id":"eS2knCRgLegeRw8bcmSWA","labelName":"Skill"},"textPosition":{"start":{"row":125,"column":0,"tokenIndex":4,"charIndex":0},"end":{"row":125,"column":0,"tokenIndex":4,"charIndex":7}},"confidenceScore":null},{"id":"1663133544","labeledBy":"AUTO","labeledByUserId":null,"acceptedByUserId":null,"rejectedByUserId":null,"layer":0,"counter":0,"status":"LABELED","hashCode":"SPAN:eS2knCRgLegeRw8bcmSWA:0:125:0:5:0:125:0:5:9:0:undefined:undefined","labelName":"eS2knCRgLegeRw8bcmSWA","labelItem":{"id":"eS2knCRgLegeRw8bcmSWA","labelName":"Skill"},"textPosition":{"start":{"row":125,"column":0,"tokenIndex":5,"charIndex":0},"end":{"row":125,"column":0,"tokenIndex":5,"charIndex":9}},"confidenceScore":null},{"id":"1663133547","labeledBy":"AUTO","labeledByUserId":null,"acceptedByUserId":null,"rejectedByUserId":null,"layer":0,"counter":0,"status":"LABELED","hashCode":"SPAN:eS2knCRgLegeRw8bcmSWA:0:125:0:6:0:125:0:6:8:0:undefined:undefined","labelName":"eS2knCRgLegeRw8bcmSWA","labelItem":{"id":"eS2knCRgLegeRw8bcmSWA","labelName":"Skill"},"textPosition":{"start":{"row":125,"column":0,"tokenIndex":6,"charIndex":0},"end":{"row":125,"column":0,"tokenIndex":6,"charIndex":8}},"confidenceScore":null},{"id":"1663133550","labeledBy":"AUTO","labeledByUserId":null,"acceptedByUserId":null,"rejectedByUserId":null,"layer":0,"counter":0,"status":"LABELED","hashCode":"SPAN:eS2knCRgLegeRw8bcmSWA:0:125:0:7:0:125:0:7:13:0:undefined:undefined","labelName":"eS2knCRgLegeRw8bcmSWA","labelItem":{"id":"eS2knCRgLegeRw8bcmSWA","labelName":"Skill"},"textPosition":{"start":{"row":125,"column":0,"tokenIndex":7,"charIndex":0},"end":{"row":125,"column":0,"tokenIndex":7,"charIndex":13}},"confidenceScore":null},{"id":"1663133553","labeledBy":"AUTO","labeledByUserId":null,"acceptedByUserId":null,"rejectedByUserId":null,"layer":0,"counter":0,"status":"LABELED","hashCode":"SPAN:eS2knCRgLegeRw8bcmSWA:0:125:0:8:0:125:0:8:5:0:undefined:undefined","labelName":"eS2knCRgLegeRw8bcmSWA","labelItem":{"id":"eS2knCRgLegeRw8bcmSWA","labelName":"Skill"},"textPosition":{"start":{"row":125,"column":0,"tokenIndex":8,"charIndex":0},"end":{"row":125,"column":0,"tokenIndex":8,"charIndex":5}},"confidenceScore":null},{"id":"1663133556","labeledBy":"AUTO","labeledByUserId":null,"acceptedByUserId":null,"rejectedByUserId":null,"layer":0,"counter":0,"status":"LABELED","hashCode":"SPAN:eS2knCRgLegeRw8bcmSWA:0:125:0:9:0:125:0:10:6:0:undefined:undefined","labelName":"eS2knCRgLegeRw8bcmSWA","labelItem":{"id":"eS2knCRgLegeRw8bcmSWA","labelName":"Skill"},"textPosition":{"start":{"row":125,"column":0,"tokenIndex":9,"charIndex":0},"end":{"row":125,"column":0,"tokenIndex":10,"charIndex":6}},"confidenceScore":null},{"id":"1663133559","labeledBy":"AUTO","labeledByUserId":null,"acceptedByUserId":null,"rejectedByUserId":null,"layer":0,"counter":0,"status":"LABELED","hashCode":"SPAN:eS2knCRgLegeRw8bcmSWA:0:125:0:11:0:125:0:11:12:0:undefined:undefined","labelName":"eS2knCRgLegeRw8bcmSWA","labelItem":{"id":"eS2knCRgLegeRw8bcmSWA","labelName":"Skill"},"textPosition":{"start":{"row":125,"column":0,"tokenIndex":11,"charIndex":0},"end":{"row":125,"column":0,"tokenIndex":11,"charIndex":12}},"confidenceScore":null},{"id":"1663133562","labeledBy":"AUTO","labeledByUserId":null,"acceptedByUserId":null,"rejectedByUserId":null,"layer":0,"counter":0,"status":"LABELED","hashCode":"SPAN:eS2knCRgLegeRw8bcmSWA:0:125:0:12:0:125:0:12:7:0:undefined:undefined","labelName":"eS2knCRgLegeRw8bcmSWA","labelItem":{"id":"eS2knCRgLegeRw8bcmSWA","labelName":"Skill"},"textPosition":{"start":{"row":125,"column":0,"tokenIndex":12,"charIndex":0},"end":{"row":125,"column":0,"tokenIndex":12,"charIndex":7}},"confidenceScore":null},{"id":"1663133565","labeledBy":"AUTO","labeledByUserId":null,"acceptedByUserId":null,"rejectedByUserId":null,"layer":0,"counter":0,"status":"LABELED","hashCode":"SPAN:eS2knCRgLegeRw8bcmSWA:0:125:0:13:0:125:0:13:9:0:undefined:undefined","labelName":"eS2knCRgLegeRw8bcmSWA","labelItem":{"id":"eS2knCRgLegeRw8bcmSWA","labelName":"Skill"},"textPosition":{"start":{"row":125,"column":0,"tokenIndex":13,"charIndex":0},"end":{"row":125,"column":0,"tokenIndex":13,"charIndex":9}},"confidenceScore":null},{"id":"1663133568","labeledBy":"AUTO","labeledByUserId":null,"acceptedByUserId":null,"rejectedByUserId":null,"layer":0,"counter":0,"status":"LABELED","hashCode":"SPAN:eS2knCRgLegeRw8bcmSWA:0:125:0:14:0:125:0:15:8:0:undefined:undefined","labelName":"eS2knCRgLegeRw8bcmSWA","labelItem":{"id":"eS2knCRgLegeRw8bcmSWA","labelName":"Skill"},"textPosition":{"start":{"row":125,"column":0,"tokenIndex":14,"charIndex":0},"end":{"row":125,"column":0,"tokenIndex":15,"charIndex":8}},"confidenceScore":null},{"id":"1663133571","labeledBy":"AUTO","labeledByUserId":null,"acceptedByUserId":null,"rejectedByUserId":null,"layer":0,"counter":0,"status":"LABELED","hashCode":"SPAN:eS2knCRgLegeRw8bcmSWA:0:125:0:16:0:125:0:16:8:0:undefined:undefined","labelName":"eS2knCRgLegeRw8bcmSWA","labelItem":{"id":"eS2knCRgLegeRw8bcmSWA","labelName":"Skill"},"textPosition":{"start":{"row":125,"column":0,"tokenIndex":16,"charIndex":0},"end":{"row":125,"column":0,"tokenIndex":16,"charIndex":8}},"confidenceScore":null},{"id":"1663133574","labeledBy":"AUTO","labeledByUserId":null,"acceptedByUserId":null,"rejectedByUserId":null,"layer":0,"counter":0,"status":"LABELED","hashCode":"SPAN:eS2knCRgLegeRw8bcmSWA:0:125:0:17:0:125:0:17:9:0:undefined:undefined","labelName":"eS2knCRgLegeRw8bcmSWA","labelItem":{"id":"eS2knCRgLegeRw8bcmSWA","labelName":"Skill"},"textPosition":{"start":{"row":125,"column":0,"tokenIndex":17,"charIndex":0},"end":{"row":125,"column":0,"tokenIndex":17,"charIndex":9}},"confidenceScore":null},{"id":"1663133577","labeledBy":"AUTO","labeledByUserId":null,"acceptedByUserId":null,"rejectedByUserId":null,"layer":0,"counter":0,"status":"LABELED","hashCode":"SPAN:eS2knCRgLegeRw8bcmSWA:0:125:0:18:0:125:0:18:7:0:undefined:undefined","labelName":"eS2knCRgLegeRw8bcmSWA","labelItem":{"id":"eS2knCRgLegeRw8bcmSWA","labelName":"Skill"},"textPosition":{"start":{"row":125,"column":0,"tokenIndex":18,"charIndex":0},"end":{"row":125,"column":0,"tokenIndex":18,"charIndex":7}},"confidenceScore":null},{"id":"1663133583","labeledBy":"AUTO","labeledByUserId":null,"acceptedByUserId":null,"rejectedByUserId":null,"layer":0,"counter":0,"status":"LABELED","hashCode":"SPAN:eS2knCRgLegeRw8bcmSWA:0:125:0:19:0:125:0:19:11:0:undefined:undefined","labelName":"eS2knCRgLegeRw8bcmSWA","labelItem":{"id":"eS2knCRgLegeRw8bcmSWA","labelName":"Skill"},"textPosition":{"start":{"row":125,"column":0,"tokenIndex":19,"charIndex":0},"end":{"row":125,"column":0,"tokenIndex":19,"charIndex":11}},"confidenceScore":null},{"id":"1663133581","labeledBy":"AUTO","labeledByUserId":null,"acceptedByUserId":null,"rejectedByUserId":null,"layer":0,"counter":0,"status":"LABELED","hashCode":"SPAN:eS2knCRgLegeRw8bcmSWA:0:125:0:20:0:125:0:20:5:0:undefined:undefined","labelName":"eS2knCRgLegeRw8bcmSWA","labelItem":{"id":"eS2knCRgLegeRw8bcmSWA","labelName":"Skill"},"textPosition":{"start":{"row":125,"column":0,"tokenIndex":20,"charIndex":0},"end":{"row":125,"column":0,"tokenIndex":20,"charIndex":5}},"confidenceScore":null},{"id":"1663133586","labeledBy":"AUTO","labeledByUserId":null,"acceptedByUserId":null,"rejectedByUserId":null,"layer":0,"counter":0,"status":"LABELED","hashCode":"SPAN:eS2knCRgLegeRw8bcmSWA:0:125:0:21:0:125:0:21:5:0:undefined:undefined","labelName":"eS2knCRgLegeRw8bcmSWA","labelItem":{"id":"eS2knCRgLegeRw8bcmSWA","labelName":"Skill"},"textPosition":{"start":{"row":125,"column":0,"tokenIndex":21,"charIndex":0},"end":{"row":125,"column":0,"tokenIndex":21,"charIndex":5}},"confidenceScore":null},{"id":"1663133589","labeledBy":"AUTO","labeledByUserId":null,"acceptedByUserId":null,"rejectedByUserId":null,"layer":0,"counter":0,"status":"LABELED","hashCode":"SPAN:eS2knCRgLegeRw8bcmSWA:0:125:0:22:0:125:0:23:10:0:undefined:undefined","labelName":"eS2knCRgLegeRw8bcmSWA","labelItem":{"id":"eS2knCRgLegeRw8bcmSWA","labelName":"Skill"},"textPosition":{"start":{"row":125,"column":0,"tokenIndex":22,"charIndex":0},"end":{"row":125,"column":0,"tokenIndex":23,"charIndex":10}},"confidenceScore":null},{"id":"1663133592","labeledBy":"AUTO","labeledByUserId":null,"acceptedByUserId":null,"rejectedByUserId":null,"layer":0,"counter":0,"status":"LABELED","hashCode":"SPAN:eS2knCRgLegeRw8bcmSWA:0:125:0:24:0:126:0:0:10:0:undefined:undefined","labelName":"eS2knCRgLegeRw8bcmSWA","labelItem":{"id":"eS2knCRgLegeRw8bcmSWA","labelName":"Skill"},"textPosition":{"start":{"row":125,"column":0,"tokenIndex":24,"charIndex":0},"end":{"row":126,"column":0,"tokenIndex":0,"charIndex":10}},"confidenceScore":null},{"id":"1663133595","labeledBy":"AUTO","labeledByUserId":null,"acceptedByUserId":null,"rejectedByUserId":null,"layer":0,"counter":0,"status":"LABELED","hashCode":"SPAN:eS2knCRgLegeRw8bcmSWA:0:126:0:1:0:126:0:1:5:0:undefined:undefined","labelName":"eS2knCRgLegeRw8bcmSWA","labelItem":{"id":"eS2knCRgLegeRw8bcmSWA","labelName":"Skill"},"textPosition":{"start":{"row":126,"column":0,"tokenIndex":1,"charIndex":0},"end":{"row":126,"column":0,"tokenIndex":1,"charIndex":5}},"confidenceScore":null},{"id":"1663133598","labeledBy":"AUTO","labeledByUserId":null,"acceptedByUserId":null,"rejectedByUserId":null,"layer":0,"counter":0,"status":"LABELED","hashCode":"SPAN:eS2knCRgLegeRw8bcmSWA:0:126:0:2:0:126:0:3:9:0:undefined:undefined","labelName":"eS2knCRgLegeRw8bcmSWA","labelItem":{"id":"eS2knCRgLegeRw8bcmSWA","labelName":"Skill"},"textPosition":{"start":{"row":126,"column":0,"tokenIndex":2,"charIndex":0},"end":{"row":126,"column":0,"tokenIndex":3,"charIndex":9}},"confidenceScore":null}],"arrowLabels":[],"boundingBoxLabels":[],"timeLabels":[],"comments":[],"url":"datasaur://static/6814/9d2bb685-64b1-4e95-aab1-906eb71f3b45.txt"}}
