{"version":"1","data":{"project":{"id":"ODBjYmQ2MDg","name":"NLP SSM Final Project"},"document":{"id":"f74d8565-18f5-4c2c-9a9c-726a2c24d112","name":"resume_7459_d2.txt"},"kinds":["TOKEN_BASED"],"rows":[[{"content":"Sr. Business Analyst Sr. Business Analyst Sr. Business Analyst - Wells Fargo, New Jersey New York, NY Around 8 years of work experience in all aspects of Software Development lifecycle with specific emphasis in business analysis as part of Waterfall and Agile (Scrum) methodologies.","tokens":["Sr.","Business","Analyst","Sr.","Business","Analyst","Sr.","Business","Analyst","-","Wells","Fargo,","New","Jersey","New","York,","NY","Around","8","years","of","work","experience","in","all","aspects","of","Software","Development","lifecycle","with","specific","emphasis","in","business","analysis","as","part","of","Waterfall","and","Agile","(Scrum)","methodologies."],"metadata":[]}],[{"content":"Solid understanding in all phases of the Software Development Life Cycle (SDLC) including requirements gathering, analysis, design, implementation, testing and deployment.","tokens":["Solid","understanding","in","all","phases","of","the","Software","Development","Life","Cycle","(SDLC)","including","requirements","gathering,","analysis,","design,","implementation,","testing","and","deployment."],"metadata":[]}],[{"content":"Strong facilitation and project management skills to negotiate priorities, escalate and resolve conflicts among project stakeholders, coordinate with cross functional teams, and conduct status and checkpoint calls.","tokens":["Strong","facilitation","and","project","management","skills","to","negotiate","priorities,","escalate","and","resolve","conflicts","among","project","stakeholders,","coordinate","with","cross","functional","teams,","and","conduct","status","and","checkpoint","calls."],"metadata":[]}],[{"content":"Excellent verbal and written communication skills, strong analytical skills, desire and ability to research and formulate appropriate analytical technology and resolve complex problem situations and document results.","tokens":["Excellent","verbal","and","written","communication","skills,","strong","analytical","skills,","desire","and","ability","to","research","and","formulate","appropriate","analytical","technology","and","resolve","complex","problem","situations","and","document","results."],"metadata":[]}],[{"content":"Experience of working with Business Owners, Analysts, Product Managers, and technical teams to define requirements and identify dependencies across finance, auto and retail industries.","tokens":["Experience","of","working","with","Business","Owners,","Analysts,","Product","Managers,","and","technical","teams","to","define","requirements","and","identify","dependencies","across","finance,","auto","and","retail","industries."],"metadata":[]}],[{"content":"Actively worked on metrics, Process improvements for cost saving, Risk Tracking, Coordination with other vendors, stream-lining the process between Onsite and Offshore and People Management.","tokens":["Actively","worked","on","metrics,","Process","improvements","for","cost","saving,","Risk","Tracking,","Coordination","with","other","vendors,","stream-lining","the","process","between","Onsite","and","Offshore","and","People","Management."],"metadata":[]}],[{"content":"Experience in SQL/ Oracle Database and Application support with expertise in handling database backup, health checks and supporting Web Applications in production environment for different technologies.","tokens":["Experience","in","SQL/","Oracle","Database","and","Application","support","with","expertise","in","handling","database","backup,","health","checks","and","supporting","Web","Applications","in","production","environment","for","different","technologies."],"metadata":[]}],[{"content":"Experience in IIS Web applications hosting ITSM applications, ASP","tokens":["Experience","in","IIS","Web","applications","hosting","ITSM","applications,","ASP"],"metadata":[]}],[{"content":"Net related applications Worked on debugging/load balancer tools like HTTP Analyze, Windows Network load balancer Handled multiple activities as part of database support including Db upgrade, applying quarterly CPU patches, handling space issues in Oracle and MS- SQL databases, meeting the Service level Agreements as per business standards.","tokens":["Net","related","applications","Worked","on","debugging/load","balancer","tools","like","HTTP","Analyze,","Windows","Network","load","balancer","Handled","multiple","activities","as","part","of","database","support","including","Db","upgrade,","applying","quarterly","CPU","patches,","handling","space","issues","in","Oracle","and","MS-","SQL","databases,","meeting","the","Service","level","Agreements","as","per","business","standards."],"metadata":[]}],[{"content":"Worked on monthly work status reporting and updating technology specific documentation.","tokens":["Worked","on","monthly","work","status","reporting","and","updating","technology","specific","documentation."],"metadata":[]}],[{"content":"Experience in supporting applications hosted in shared infrastructure for different customers.","tokens":["Experience","in","supporting","applications","hosted","in","shared","infrastructure","for","different","customers."],"metadata":[]}],[{"content":"Experience in production support in resolving major application issues related to ITSM (OTRS/ CA Service Desk) applications, IIS/ Apache web-based applications, standalone applications, and server capabilities.","tokens":["Experience","in","production","support","in","resolving","major","application","issues","related","to","ITSM","(OTRS/","CA","Service","Desk)","applications,","IIS/","Apache","web-based","applications,","standalone","applications,","and","server","capabilities."],"metadata":[]}],[{"content":"Expertise in in and out flow of chatbot tools like Bold chat and LogMeIn.","tokens":["Expertise","in","in","and","out","flow","of","chatbot","tools","like","Bold","chat","and","LogMeIn."],"metadata":[]}],[{"content":"Handled application issues in bold chad and worked on tool enhancements.","tokens":["Handled","application","issues","in","bold","chad","and","worked","on","tool","enhancements."],"metadata":[]}],[{"content":"Strong on working with Notifications, problem incidents, Change and incident management process.","tokens":["Strong","on","working","with","Notifications,","problem","incidents,","Change","and","incident","management","process."],"metadata":[]}],[{"content":"Creation of Standard Operating procedure & Best Practices documents as per Business standards.","tokens":["Creation","of","Standard","Operating","procedure","&","Best","Practices","documents","as","per","Business","standards."],"metadata":[]}],[{"content":"Got appreciation for developing a framework for server space optimization Got recognized from the higher management and from the customer for designing interactive screen using FWI tool.","tokens":["Got","appreciation","for","developing","a","framework","for","server","space","optimization","Got","recognized","from","the","higher","management","and","from","the","customer","for","designing","interactive","screen","using","FWI","tool."],"metadata":[]}],[{"content":"Thrives on responsibility and challenge and is committed to customer service excellence.","tokens":["Thrives","on","responsibility","and","challenge","and","is","committed","to","customer","service","excellence."],"metadata":[]}],[{"content":"Authorized to work in the US for any employer Work Experience Sr. Business Analyst Wells Fargo, New Jersey November 2017 to Present RESPONSIBILITIES: Acted as a liaison between business stakeholders and software development team to gather requirements.","tokens":["Authorized","to","work","in","the","US","for","any","employer","Work","Experience","Sr.","Business","Analyst","Wells","Fargo,","New","Jersey","November","2017","to","Present","RESPONSIBILITIES:","Acted","as","a","liaison","between","business","stakeholders","and","software","development","team","to","gather","requirements."],"metadata":[]}],[{"content":"Facilitated (JAD) Joint Application Development sessions to identify business rules and requirements and then documented them.","tokens":["Facilitated","(JAD)","Joint","Application","Development","sessions","to","identify","business","rules","and","requirements","and","then","documented","them."],"metadata":[]}],[{"content":"Worked with business to analyze Trade transactions, Positions, Valuation, PNL Attribution, Accounting, Collateral etc. across asset classes in Listed/OTC derivatives and Cash products Worked on requirements for data sourcing and ingestion from Systems of Records to the Hadoop based data lake Created mapping and transformation design to meet the defined data model on the data lake Supported analysis of Data quality, Metadata and Data Governance requirements and integrated them with the overall system requirements Prepared functional test cases along with use cases for appropriate evaluation of the application that is being developed Analyzed the quality of data for further downstream usage by building framework for data quality checks Utilized technical expertise to manage multiple assignments, including large and critical projects to assure timely and cost-effect objectives delivery Scheduled and prioritized work and plan a sequence of development activities that accomplish the planned targets Assisted in the creation of project plans by interacting with the various stakeholders viz.","tokens":["Worked","with","business","to","analyze","Trade","transactions,","Positions,","Valuation,","PNL","Attribution,","Accounting,","Collateral","etc.","across","asset","classes","in","Listed/OTC","derivatives","and","Cash","products","Worked","on","requirements","for","data","sourcing","and","ingestion","from","Systems","of","Records","to","the","Hadoop","based","data","lake","Created","mapping","and","transformation","design","to","meet","the","defined","data","model","on","the","data","lake","Supported","analysis","of","Data","quality,","Metadata","and","Data","Governance","requirements","and","integrated","them","with","the","overall","system","requirements","Prepared","functional","test","cases","along","with","use","cases","for","appropriate","evaluation","of","the","application","that","is","being","developed","Analyzed","the","quality","of","data","for","further","downstream","usage","by","building","framework","for","data","quality","checks","Utilized","technical","expertise","to","manage","multiple","assignments,","including","large","and","critical","projects","to","assure","timely","and","cost-effect","objectives","delivery","Scheduled","and","prioritized","work","and","plan","a","sequence","of","development","activities","that","accomplish","the","planned","targets","Assisted","in","the","creation","of","project","plans","by","interacting","with","the","various","stakeholders","viz."],"metadata":[]}],[{"content":"IT and Business leads and prepared presentations for the group Simplified the existing processes by identifying the routine procedures / complex mechanisms and made these easier through automation and best practice sharing.","tokens":["IT","and","Business","leads","and","prepared","presentations","for","the","group","Simplified","the","existing","processes","by","identifying","the","routine","procedures","/","complex","mechanisms","and","made","these","easier","through","automation","and","best","practice","sharing."],"metadata":[]}],[{"content":"Standardized the list of elements and their business description, by closely interacting with different functional teams.","tokens":["Standardized","the","list","of","elements","and","their","business","description,","by","closely","interacting","with","different","functional","teams."],"metadata":[]}],[{"content":"Conducted GAP Analysis for training purposes between existing application and proposed integration of new system.","tokens":["Conducted","GAP","Analysis","for","training","purposes","between","existing","application","and","proposed","integration","of","new","system."],"metadata":[]}],[{"content":"Assisted in building transformation logics for source to data mapping of business elements Prepared functional specification document (FSD) and data dictionary as part of documentation for downstream consumption.","tokens":["Assisted","in","building","transformation","logics","for","source","to","data","mapping","of","business","elements","Prepared","functional","specification","document","(FSD)","and","data","dictionary","as","part","of","documentation","for","downstream","consumption."],"metadata":[]}],[{"content":"Assisted in QA through development of quality assurance artifacts and developed SQL queries for testing, implementation and user acceptance testing.","tokens":["Assisted","in","QA","through","development","of","quality","assurance","artifacts","and","developed","SQL","queries","for","testing,","implementation","and","user","acceptance","testing."],"metadata":[]}],[{"content":"Conducted functional walk through with dev, QA and UAT teams to ensure smooth translation of requirements and minimal defects during SIT/UAT.","tokens":["Conducted","functional","walk","through","with","dev,","QA","and","UAT","teams","to","ensure","smooth","translation","of","requirements","and","minimal","defects","during","SIT/UAT."],"metadata":[]}],[{"content":"Sr. Business Analyst Federal Mogul, Bold - Atlanta, GA November 2014 to December 2016 Offshore RESPONSIBILITIES: Identified, assessed, and documented business requirements, recommended business priorities and advised business on options, risks, and costs with various alternatives as part of building SQL server-based CRM application.","tokens":["Sr.","Business","Analyst","Federal","Mogul,","Bold","-","Atlanta,","GA","November","2014","to","December","2016","Offshore","RESPONSIBILITIES:","Identified,","assessed,","and","documented","business","requirements,","recommended","business","priorities","and","advised","business","on","options,","risks,","and","costs","with","various","alternatives","as","part","of","building","SQL","server-based","CRM","application."],"metadata":[]}],[{"content":"Conducted requirement elaboration sessions and documented business requirements and business solutions.","tokens":["Conducted","requirement","elaboration","sessions","and","documented","business","requirements","and","business","solutions."],"metadata":[]}],[{"content":"Worked closely with IT teams, Operations, vendors and other client departments to co-ordinate systems testing, application deployment, and training and support activities.","tokens":["Worked","closely","with","IT","teams,","Operations,","vendors","and","other","client","departments","to","co-ordinate","systems","testing,","application","deployment,","and","training","and","support","activities."],"metadata":[]}],[{"content":"Maintained Compliance tracker, roadmaps, dashboards and overall inventory.","tokens":["Maintained","Compliance","tracker,","roadmaps,","dashboards","and","overall","inventory."],"metadata":[]}],[{"content":"Actively tracked metrics during sprints and shared results with scrum team to measure progress and plan for upcoming projects.","tokens":["Actively","tracked","metrics","during","sprints","and","shared","results","with","scrum","team","to","measure","progress","and","plan","for","upcoming","projects."],"metadata":[]}],[{"content":"Developed use cases, workflows, screen mock-ups and conversion requirements.","tokens":["Developed","use","cases,","workflows,","screen","mock-ups","and","conversion","requirements."],"metadata":[]}],[{"content":"Interacted directly with stakeholders to identify and evaluate improvement opportunities and explained issues.","tokens":["Interacted","directly","with","stakeholders","to","identify","and","evaluate","improvement","opportunities","and","explained","issues."],"metadata":[]}],[{"content":"Worked closely with the application development and design team to resolve technical issues and interacted with them to ensure overall quality of the project.","tokens":["Worked","closely","with","the","application","development","and","design","team","to","resolve","technical","issues","and","interacted","with","them","to","ensure","overall","quality","of","the","project."],"metadata":[]}],[{"content":"Participated in design review meetings and translated the requirements to the developers and guided the team during issues with business requirements occur.","tokens":["Participated","in","design","review","meetings","and","translated","the","requirements","to","the","developers","and","guided","the","team","during","issues","with","business","requirements","occur."],"metadata":[]}],[{"content":"Worked with the users to prioritize and schedule the enhancement requests with the business needs.","tokens":["Worked","with","the","users","to","prioritize","and","schedule","the","enhancement","requests","with","the","business","needs."],"metadata":[]}],[{"content":"Interacted with clients to discuss better UI features that can be provided through the application to the clients.","tokens":["Interacted","with","clients","to","discuss","better","UI","features","that","can","be","provided","through","the","application","to","the","clients."],"metadata":[]}],[{"content":"Identified project resource needs, obtained necessary resources, defined project team roles, and ensured effective team dynamics.","tokens":["Identified","project","resource","needs,","obtained","necessary","resources,","defined","project","team","roles,","and","ensured","effective","team","dynamics."],"metadata":[]}],[{"content":"Worked with the testing resources and business owners to formulate test scenarios and user acceptance test cases.","tokens":["Worked","with","the","testing","resources","and","business","owners","to","formulate","test","scenarios","and","user","acceptance","test","cases."],"metadata":[]}],[{"content":"Having experience in supporting the application issues chatbots like bold chat and LogMeIn.","tokens":["Having","experience","in","supporting","the","application","issues","chatbots","like","bold","chat","and","LogMeIn."],"metadata":[]}],[{"content":"Based on the customer requirements enhanced the changes to the chatbot, made sure the changes done accordingly and was responsible to deploy the files from Dev.","tokens":["Based","on","the","customer","requirements","enhanced","the","changes","to","the","chatbot,","made","sure","the","changes","done","accordingly","and","was","responsible","to","deploy","the","files","from","Dev."],"metadata":[]}],[{"content":"to Prod.","tokens":["to","Prod."],"metadata":[]}],[{"content":"system.","tokens":["system."],"metadata":[]}],[{"content":"Business Analyst Chrysler, Detroit MI/Offshore - Detroit, MI February 2014 to October 2014 RESPONSIBILITIES: Collected requirements using interviews, document analysis, requirements workshops, business process descriptions, use cases, scenarios, business analysis and task / workflow analysis.","tokens":["Business","Analyst","Chrysler,","Detroit","MI/Offshore","-","Detroit,","MI","February","2014","to","October","2014","RESPONSIBILITIES:","Collected","requirements","using","interviews,","document","analysis,","requirements","workshops,","business","process","descriptions,","use","cases,","scenarios,","business","analysis","and","task","/","workflow","analysis."],"metadata":[]}],[{"content":"Formulated business requirements, created / updated business requirement and functional design documents and assisted with implementation, and testing plans.","tokens":["Formulated","business","requirements,","created","/","updated","business","requirement","and","functional","design","documents","and","assisted","with","implementation,","and","testing","plans."],"metadata":[]}],[{"content":"Liaised between stakeholders, business units and technology teams Utilized agile methodology to complete sprints and tasks included in daily standup meetings / reporting.","tokens":["Liaised","between","stakeholders,","business","units","and","technology","teams","Utilized","agile","methodology","to","complete","sprints","and","tasks","included","in","daily","standup","meetings","/","reporting."],"metadata":[]}],[{"content":"Created standard operating procedures (SOPs) and software specifications documents.","tokens":["Created","standard","operating","procedures","(SOPs)","and","software","specifications","documents."],"metadata":[]}],[{"content":"Assisted operations manager for weekly reporting / related documentation as required.","tokens":["Assisted","operations","manager","for","weekly","reporting","/","related","documentation","as","required."],"metadata":[]}],[{"content":"Worked with SME's and Users to elicit actual and underlying needs of the Business and System.","tokens":["Worked","with","SME's","and","Users","to","elicit","actual","and","underlying","needs","of","the","Business","and","System."],"metadata":[]}],[{"content":"Worked on delivery of documentation and presentations, participating in project teams and providing regular status reporting.","tokens":["Worked","on","delivery","of","documentation","and","presentations,","participating","in","project","teams","and","providing","regular","status","reporting."],"metadata":[]}],[{"content":"Translated business requests and all subsequent change requests from the client/Users (processes, rules, requirements, acceptance criteria) into functional and Non-Functional requirement Documents.","tokens":["Translated","business","requests","and","all","subsequent","change","requests","from","the","client/Users","(processes,","rules,","requirements,","acceptance","criteria)","into","functional","and","Non-Functional","requirement","Documents."],"metadata":[]}],[{"content":"Facilitated analysis workshops with internal and external resources to draw out stated/Unstated details of business and product requirements Collaborated with functional users and IT staff to troubleshoot problems identified in testing, resolved issues during systems upgrades, translated requirements into UAT / functional test plans, and ensure proper testing of system functionality.","tokens":["Facilitated","analysis","workshops","with","internal","and","external","resources","to","draw","out","stated/Unstated","details","of","business","and","product","requirements","Collaborated","with","functional","users","and","IT","staff","to","troubleshoot","problems","identified","in","testing,","resolved","issues","during","systems","upgrades,","translated","requirements","into","UAT","/","functional","test","plans,","and","ensure","proper","testing","of","system","functionality."],"metadata":[]}],[{"content":"Prepared workflow charts and diagrams to specify business processes supported by proprietary financial systems.","tokens":["Prepared","workflow","charts","and","diagrams","to","specify","business","processes","supported","by","proprietary","financial","systems."],"metadata":[]}],[{"content":"Coordinated / delivered training for departmental end users and central users of system modules.","tokens":["Coordinated","/","delivered","training","for","departmental","end","users","and","central","users","of","system","modules."],"metadata":[]}],[{"content":"Developed effective reporting tools to support business unit information requirements.","tokens":["Developed","effective","reporting","tools","to","support","business","unit","information","requirements."],"metadata":[]}],[{"content":"Assisted and supported QA team in understanding and creating manual and automated test plans, testing efforts, root cause analysis.","tokens":["Assisted","and","supported","QA","team","in","understanding","and","creating","manual","and","automated","test","plans,","testing","efforts,","root","cause","analysis."],"metadata":[]}],[{"content":"Assisted and supported Development team to understand the actual system requirements of the clients/Users.","tokens":["Assisted","and","supported","Development","team","to","understand","the","actual","system","requirements","of","the","clients/Users."],"metadata":[]}],[{"content":"Maintained updated, accurate, and clear stories for the scrum teams to ensure Customer satisfaction and facilitated UAT.","tokens":["Maintained","updated,","accurate,","and","clear","stories","for","the","scrum","teams","to","ensure","Customer","satisfaction","and","facilitated","UAT."],"metadata":[]}],[{"content":"Continuously facilitated Meetings and Sessions to pinpoint the actual Requirement Specifications from the Clients and reach the session/teams to consensus.","tokens":["Continuously","facilitated","Meetings","and","Sessions","to","pinpoint","the","actual","Requirement","Specifications","from","the","Clients","and","reach","the","session/teams","to","consensus."],"metadata":[]}],[{"content":"Performed Gap Analysis, created and maintained various BA artifacts.","tokens":["Performed","Gap","Analysis,","created","and","maintained","various","BA","artifacts."],"metadata":[]}],[{"content":"Business Analyst Dollar General, New York City NY - New York, NY June 2012 to December 2013 Offshore RESPONSIBILITIES: Was accountable for the product/project releases on time through close collaboration with agile product development teams and the extended client organization Worked on building platform for data-informed decisions for the product and the business using retail analytics Conducted quantitative and qualitative analyses including customer behavior, retail trends Responsible for building SQL server-based ticketing application which was used for retail merchandise planning, demand forecasting, inventory management and product performance analysis Ensured that issues logged into defect and incident reporting and tracking tool (Team Foundation Server) are accurate, complete, and ensure there is no existing ticket on the same issue.","tokens":["Business","Analyst","Dollar","General,","New","York","City","NY","-","New","York,","NY","June","2012","to","December","2013","Offshore","RESPONSIBILITIES:","Was","accountable","for","the","product/project","releases","on","time","through","close","collaboration","with","agile","product","development","teams","and","the","extended","client","organization","Worked","on","building","platform","for","data-informed","decisions","for","the","product","and","the","business","using","retail","analytics","Conducted","quantitative","and","qualitative","analyses","including","customer","behavior,","retail","trends","Responsible","for","building","SQL","server-based","ticketing","application","which","was","used","for","retail","merchandise","planning,","demand","forecasting,","inventory","management","and","product","performance","analysis","Ensured","that","issues","logged","into","defect","and","incident","reporting","and","tracking","tool","(Team","Foundation","Server)","are","accurate,","complete,","and","ensure","there","is","no","existing","ticket","on","the","same","issue."],"metadata":[]}],[{"content":"Investigated new requests for work to determine high level business requirements and assess feasibility.","tokens":["Investigated","new","requests","for","work","to","determine","high","level","business","requirements","and","assess","feasibility."],"metadata":[]}],[{"content":"Supported the creation of robust and compelling project proposals and business cases.","tokens":["Supported","the","creation","of","robust","and","compelling","project","proposals","and","business","cases."],"metadata":[]}],[{"content":"Ability to interact effectively with non-technical, functional user community while being able to translate customer needs and business requirements into features and high-level functions.","tokens":["Ability","to","interact","effectively","with","non-technical,","functional","user","community","while","being","able","to","translate","customer","needs","and","business","requirements","into","features","and","high-level","functions."],"metadata":[]}],[{"content":"Supported the on-going development and implementation of business analysis and business solution design methods, tools and practices.","tokens":["Supported","the","on-going","development","and","implementation","of","business","analysis","and","business","solution","design","methods,","tools","and","practices."],"metadata":[]}],[{"content":"Carried out analysis of impact, risks, technical dependencies and review/validate expected benefits.","tokens":["Carried","out","analysis","of","impact,","risks,","technical","dependencies","and","review/validate","expected","benefits."],"metadata":[]}],[{"content":"Worked as a connector and a facilitator for Test Team, Development, Production team and Clients.","tokens":["Worked","as","a","connector","and","a","facilitator","for","Test","Team,","Development,","Production","team","and","Clients."],"metadata":[]}],[{"content":"Updated the daily status and participates in the Daily and Weekly status meetings.","tokens":["Updated","the","daily","status","and","participates","in","the","Daily","and","Weekly","status","meetings."],"metadata":[]}],[{"content":"Documented detailed Business Requirements Documents (BRD), Technical Requirement Specifications (TRS) and Functional Requirements Specification (FRS).","tokens":["Documented","detailed","Business","Requirements","Documents","(BRD),","Technical","Requirement","Specifications","(TRS)","and","Functional","Requirements","Specification","(FRS)."],"metadata":[]}],[{"content":"Developed test plans, test cases and conducted User Acceptance Testing (UAT).","tokens":["Developed","test","plans,","test","cases","and","conducted","User","Acceptance","Testing","(UAT)."],"metadata":[]}],[{"content":"Facilitated requirement gathering sessions with the business team to collect the business standards, security and service level requirements and studied the business process.","tokens":["Facilitated","requirement","gathering","sessions","with","the","business","team","to","collect","the","business","standards,","security","and","service","level","requirements","and","studied","the","business","process."],"metadata":[]}],[{"content":"Create and execute SQL queries to find clues on what may be causing the opportunity.","tokens":["Create","and","execute","SQL","queries","to","find","clues","on","what","may","be","causing","the","opportunity."],"metadata":[]}],[{"content":"Perform root cause analysis on production issues.","tokens":["Perform","root","cause","analysis","on","production","issues."],"metadata":[]}],[{"content":"Action upon ad hoc tasks requested by business partners to support day to day operations.","tokens":["Action","upon","ad","hoc","tasks","requested","by","business","partners","to","support","day","to","day","operations."],"metadata":[]}],[{"content":"Worked with SQL, functions to test the database integrity.","tokens":["Worked","with","SQL,","functions","to","test","the","database","integrity."],"metadata":[]}],[{"content":"Worked closely with the Dev team and assist them in producing a quality code.","tokens":["Worked","closely","with","the","Dev","team","and","assist","them","in","producing","a","quality","code."],"metadata":[]}],[{"content":"Assisted with risk assessment, mitigation and re-planning efforts when necessary.","tokens":["Assisted","with","risk","assessment,","mitigation","and","re-planning","efforts","when","necessary."],"metadata":[]}],[{"content":"Sr database administrator Miller Coors, Irvin oil - New York, NY November 2011 to June 2012 Offshore RESPONSIBILITIES: Worked in a role which involved 24 X 7 Production Oracle database support and administration and on-call rotation.","tokens":["Sr","database","administrator","Miller","Coors,","Irvin","oil","-","New","York,","NY","November","2011","to","June","2012","Offshore","RESPONSIBILITIES:","Worked","in","a","role","which","involved","24","X","7","Production","Oracle","database","support","and","administration","and","on-call","rotation."],"metadata":[]}],[{"content":"Involved in Installation, Configuration and Administration of Oracle 10g/11g RAC.","tokens":["Involved","in","Installation,","Configuration","and","Administration","of","Oracle","10g/11g","RAC."],"metadata":[]}],[{"content":"Converted a single instance database to Oracle RAC.","tokens":["Converted","a","single","instance","database","to","Oracle","RAC."],"metadata":[]}],[{"content":"Performed backups and recoveries using RMAN/conventional hot & cold backups.","tokens":["Performed","backups","and","recoveries","using","RMAN/conventional","hot","&","cold","backups."],"metadata":[]}],[{"content":"Worked on Upgrade/Migration of databases from Oracle 9i/10g to Oracle 11g.","tokens":["Worked","on","Upgrade/Migration","of","databases","from","Oracle","9i/10g","to","Oracle","11g."],"metadata":[]}],[{"content":"Involved in Creating and refreshing materialized views.","tokens":["Involved","in","Creating","and","refreshing","materialized","views."],"metadata":[]}],[{"content":"Used SQL* Loader and External Tables to Load data from flat files to database and implemented different Partition methodologies.","tokens":["Used","SQL*","Loader","and","External","Tables","to","Load","data","from","flat","files","to","database","and","implemented","different","Partition","methodologies."],"metadata":[]}],[{"content":"Worked on taking periodic Backup of the Database and the software using RMAN and VERITAS Netback up.","tokens":["Worked","on","taking","periodic","Backup","of","the","Database","and","the","software","using","RMAN","and","VERITAS","Netback","up."],"metadata":[]}],[{"content":"Monitored databases using OEM and worked on Oracle Database and Oracle Applications cloning/refresh.","tokens":["Monitored","databases","using","OEM","and","worked","on","Oracle","Database","and","Oracle","Applications","cloning/refresh."],"metadata":[]}],[{"content":"Participated in other database admin activities like applying RDBMS patches, security patches, proactive monitoring of databases and applications.","tokens":["Participated","in","other","database","admin","activities","like","applying","RDBMS","patches,","security","patches,","proactive","monitoring","of","databases","and","applications."],"metadata":[]}],[{"content":"Conducted multiple \"dry runs\" (test runs) to gather timings for production upgrades Worked on incident/problem and change management.","tokens":["Conducted","multiple","\"dry","runs\"","(test","runs)","to","gather","timings","for","production","upgrades","Worked","on","incident/problem","and","change","management."],"metadata":[]}],[{"content":"Database administrator Avis Budget Car Rental - Houston, TX December 2010 to October 2011 Offshore RESPONSIBILITIES: Was responsible for daily production support of all databases.","tokens":["Database","administrator","Avis","Budget","Car","Rental","-","Houston,","TX","December","2010","to","October","2011","Offshore","RESPONSIBILITIES:","Was","responsible","for","daily","production","support","of","all","databases."],"metadata":[]}],[{"content":"Analyzed and Resolved problem tickets as per the Service Level agreement lines.","tokens":["Analyzed","and","Resolved","problem","tickets","as","per","the","Service","Level","agreement","lines."],"metadata":[]}],[{"content":"Created user accounts and assigned roles & privileges as per the requirement.","tokens":["Created","user","accounts","and","assigned","roles","&","privileges","as","per","the","requirement."],"metadata":[]}],[{"content":"Worked on reorg and rebuilding the indexes.","tokens":["Worked","on","reorg","and","rebuilding","the","indexes."],"metadata":[]}],[{"content":"Maintained scheduled backups of all the databases and re-running the backups if any failure.","tokens":["Maintained","scheduled","backups","of","all","the","databases","and","re-running","the","backups","if","any","failure."],"metadata":[]}],[{"content":"Worked on tablespace management and configuring the monitoring alerts for tablespace health check.","tokens":["Worked","on","tablespace","management","and","configuring","the","monitoring","alerts","for","tablespace","health","check."],"metadata":[]}],[{"content":"Maintained 100% SLA and in resolving the incidents, done DPP and proactively handled archive space.","tokens":["Maintained","100%","SLA","and","in","resolving","the","incidents,","done","DPP","and","proactively","handled","archive","space."],"metadata":[]}],[{"content":"Worked on Space issues, configurations and fixing all types of ORA-errors.","tokens":["Worked","on","Space","issues,","configurations","and","fixing","all","types","of","ORA-errors."],"metadata":[]}],[{"content":"Monitored scheduled jobs and resolved any failed/broken jobs.","tokens":["Monitored","scheduled","jobs","and","resolved","any","failed/broken","jobs."],"metadata":[]}],[{"content":"Generated/Prepared AWR, ADDM reports for performance analysis.","tokens":["Generated/Prepared","AWR,","ADDM","reports","for","performance","analysis."],"metadata":[]}],[{"content":"Worked on data files movement from one drive to another drive, health checks - Identifying violations and giving business justifications.","tokens":["Worked","on","data","files","movement","from","one","drive","to","another","drive,","health","checks","-","Identifying","violations","and","giving","business","justifications."],"metadata":[]}],[{"content":"Developed overview documents on database installations.","tokens":["Developed","overview","documents","on","database","installations."],"metadata":[]}],[{"content":"Education Bachelor of Technology in Technology Jawaharlal Nehru Technological University Hyderabad 2009 Skills DATABASE, MS SQL SERVER, MS SQL SERVER 2008, SQL SERVER, SQL SERVER 2008 Additional Information TECHNICAL SKILLS: Methodologies Agile, Waterfall, ITIL Agile Tools JIRA Database Oracle 10g/9i, MS SQL Server 2008,2010 Third-party Tools Putty, VNC Viewer Humming bird, Tivoli monitoring Operating Systems IBM-AIX, HP-UX, Linux (4.0),Windows 2008 Chatting Tools Boldchat, LogMeIn Rescue Interactive dashboard Tools Four Winds Interactive Incident/ Change Tools IBM Maximo, ITSM (OTRS/CA Service Desk)","tokens":["Education","Bachelor","of","Technology","in","Technology","Jawaharlal","Nehru","Technological","University","Hyderabad","2009","Skills","DATABASE,","MS","SQL","SERVER,","MS","SQL","SERVER","2008,","SQL","SERVER,","SQL","SERVER","2008","Additional","Information","TECHNICAL","SKILLS:","Methodologies","Agile,","Waterfall,","ITIL","Agile","Tools","JIRA","Database","Oracle","10g/9i,","MS","SQL","Server","2008,2010","Third-party","Tools","Putty,","VNC","Viewer","Humming","bird,","Tivoli","monitoring","Operating","Systems","IBM-AIX,","HP-UX,","Linux","(4.0),Windows","2008","Chatting","Tools","Boldchat,","LogMeIn","Rescue","Interactive","dashboard","Tools","Four","Winds","Interactive","Incident/","Change","Tools","IBM","Maximo,","ITSM","(OTRS/CA","Service","Desk)"],"metadata":[]}]],"labelerInfo":{"id":6814,"email":"cwilhel8@jh.edu","displayName":"Chris Wilhelm"},"labelSets":[{"name":"Resume Labels","index":0,"labelItems":[{"id":"Kj5U6n9NUqTXuWcB3c_7L","labelName":"College"},{"id":"rj7TW0-ymuRo6f_asXJab","labelName":"Company Name"},{"id":"SJEkdao76hjwbb6Fh5SY6","labelName":"Job Title"},{"id":"BjO8MdvK2KI4E5iMEeY4B","labelName":"Graduation Year"},{"id":"eS2knCRgLegeRw8bcmSWA","labelName":"Skill"},{"id":"IeEoIKabMl51BJE0gX2YL","labelName":"Degree"},{"id":"1R0C50AAwFbEp2O0WmRv6","labelName":"Location"},{"id":"zQcc4ygexJ_A3Gb0NeRTk","labelName":"Years of Experience"},{"id":"52S_6moRfhjC-yXgIBeCp","labelName":"Date"},{"id":"KiLarWmwlU1E3-FfdG6Qg","labelName":"Project"},{"id":"dyxKKTAxW1z5ifjPj42BI","labelName":"Name"}]}],"spanLabels":[],"arrowLabels":[],"boundingBoxLabels":[],"timeLabels":[],"comments":[],"url":"datasaur://static/6814/b76c4721-d0fe-4980-8b1f-2ae496007938.txt"}}
