{"version":"1","data":{"project":{"id":"ODBjYmQ2MDg","name":"NLP SSM Final Project"},"document":{"id":"c2514555-e0fd-4f1d-a520-f9900aaaa0e4","name":"resume_845_d1.txt"},"kinds":["TOKEN_BASED"],"rows":[[{"content":"PROGRAM MANAGER/BUSINESS ANALYST Summary Highly enthusiastic, self-motivated Program Manager/Business Analyst with experience in military and corporate working environments, dedicated to maximizing assets through process improvement methods and constant innovation.","tokens":["PROGRAM","MANAGER/BUSINESS","ANALYST","Summary","Highly","enthusiastic,","self-motivated","Program","Manager/Business","Analyst","with","experience","in","military","and","corporate","working","environments,","dedicated","to","maximizing","assets","through","process","improvement","methods","and","constant","innovation."],"metadata":[]}],[{"content":"Core Qualifications Former member of the United States Air Force, served 8 years Excellent time management Teaching, inspiring and counseling Experience working special military computer programs Reliable and dependable Very personable and team player Outstanding Motivator Achievements Material Development Created continuity system for new program managers to create an continuous uninterrupted work environment Process Improvement Developed flawless deployment system that resulted in personnel and equipment deployment with zero discrepancies over a 5 yr period.","tokens":["Core","Qualifications","Former","member","of","the","United","States","Air","Force,","served","8","years","Excellent","time","management","Teaching,","inspiring","and","counseling","Experience","working","special","military","computer","programs","Reliable","and","dependable","Very","personable","and","team","player","Outstanding","Motivator","Achievements","Material","Development","Created","continuity","system","for","new","program","managers","to","create","an","continuous","uninterrupted","work","environment","Process","Improvement","Developed","flawless","deployment","system","that","resulted","in","personnel","and","equipment","deployment","with","zero","discrepancies","over","a","5","yr","period."],"metadata":[]}],[{"content":"Research: Performed research and analysis for Air Force level Project Manager Training: Delivered training and implemented new system in tracking completion .","tokens":["Research:","Performed","research","and","analysis","for","Air","Force","level","Project","Manager","Training:","Delivered","training","and","implemented","new","system","in","tracking","completion","."],"metadata":[]}],[{"content":"Completed training on-time and under-budget.","tokens":["Completed","training","on-time","and","under-budget."],"metadata":[]}],[{"content":"Professional Experience Program Manager/Business Analyst May 2010 to October 2014 Company Name - City , State Served as Program Manager/Program Analyst for all deployment related activities for an operation of over 300 employees.","tokens":["Professional","Experience","Program","Manager/Business","Analyst","May","2010","to","October","2014","Company","Name","-","City",",","State","Served","as","Program","Manager/Program","Analyst","for","all","deployment","related","activities","for","an","operation","of","over","300","employees."],"metadata":[]}],[{"content":"Responsible for managing the alignment of personnel to specific Unit Type Codes (UTC) and associated Air Expeditionary Force (AEF) rotations.","tokens":["Responsible","for","managing","the","alignment","of","personnel","to","specific","Unit","Type","Codes","(UTC)","and","associated","Air","Expeditionary","Force","(AEF)","rotations."],"metadata":[]}],[{"content":"Adviser for significant problem areas and provided guidance to resolve personnel, equipment and training problems.","tokens":["Adviser","for","significant","problem","areas","and","provided","guidance","to","resolve","personnel,","equipment","and","training","problems."],"metadata":[]}],[{"content":"Compiled and extracted data from reports for inclusion in the monthly status report briefings.","tokens":["Compiled","and","extracted","data","from","reports","for","inclusion","in","the","monthly","status","report","briefings."],"metadata":[]}],[{"content":"Assured a high level of expertise and standardization in the evaluation and qualification process of deployment systems through diligent training of deploying military and civilian members.","tokens":["Assured","a","high","level","of","expertise","and","standardization","in","the","evaluation","and","qualification","process","of","deployment","systems","through","diligent","training","of","deploying","military","and","civilian","members."],"metadata":[]}],[{"content":"Provided accurate information and reports to accomplish the administrative and analytical work in the maintenance of the automated official property book record and backup files.","tokens":["Provided","accurate","information","and","reports","to","accomplish","the","administrative","and","analytical","work","in","the","maintenance","of","the","automated","official","property","book","record","and","backup","files."],"metadata":[]}],[{"content":"Project lead for employer on all Air Force level deployment inspections to execute assigned missions, exercises, contingencies and operations.","tokens":["Project","lead","for","employer","on","all","Air","Force","level","deployment","inspections","to","execute","assigned","missions,","exercises,","contingencies","and","operations."],"metadata":[]}],[{"content":"Evaluated information from multiple agencies to develop an understanding of the business requests and needs and translated them into application and operational requirements.","tokens":["Evaluated","information","from","multiple","agencies","to","develop","an","understanding","of","the","business","requests","and","needs","and","translated","them","into","application","and","operational","requirements."],"metadata":[]}],[{"content":"Researched, evaluated and prepared long-range and short-range business plans through collaboration multiple agencies to ensure personnel and equipment constant movement.","tokens":["Researched,","evaluated","and","prepared","long-range","and","short-range","business","plans","through","collaboration","multiple","agencies","to","ensure","personnel","and","equipment","constant","movement."],"metadata":[]}],[{"content":"Worked with personnel to obtain requirements through interviews, document analysis, business process descriptions, workflow analysis and use.","tokens":["Worked","with","personnel","to","obtain","requirements","through","interviews,","document","analysis,","business","process","descriptions,","workflow","analysis","and","use."],"metadata":[]}],[{"content":"Fitness Center Director November 2009 to May 2010 Company Name - City , State Managed multi-million dollar fitness facility, coordinated monthly fitness activities base populace of 45K.","tokens":["Fitness","Center","Director","November","2009","to","May","2010","Company","Name","-","City",",","State","Managed","multi-million","dollar","fitness","facility,","coordinated","monthly","fitness","activities","base","populace","of","45K."],"metadata":[]}],[{"content":"Supervised fitness employees, wrote appraisals and maintained training records for employees.","tokens":["Supervised","fitness","employees,","wrote","appraisals","and","maintained","training","records","for","employees."],"metadata":[]}],[{"content":"As top supervisor was selected served as Project Lead for U.S.","tokens":["As","top","supervisor","was","selected","served","as","Project","Lead","for","U.S."],"metadata":[]}],[{"content":"Armed Services Team during the Military International Olympics Served as a Contract Officer Representative (COR) for agency contracts and provided the necessary equipment, materials, furniture and services.","tokens":["Armed","Services","Team","during","the","Military","International","Olympics","Served","as","a","Contract","Officer","Representative","(COR)","for","agency","contracts","and","provided","the","necessary","equipment,","materials,","furniture","and","services."],"metadata":[]}],[{"content":"Contract Officer Representative for equipment needs for six fitness centers; to include family fitness rooms, youth training programs and specialty fitness classes.","tokens":["Contract","Officer","Representative","for","equipment","needs","for","six","fitness","centers;","to","include","family","fitness","rooms,","youth","training","programs","and","specialty","fitness","classes."],"metadata":[]}],[{"content":"Established fitness plans for all training, fitness classes, incentive programs, and special events.","tokens":["Established","fitness","plans","for","all","training,","fitness","classes,","incentive","programs,","and","special","events."],"metadata":[]}],[{"content":"Assisted in oversight for all fitness contracts and ensured payments were made in accordance with the contract and Air Force guidance.","tokens":["Assisted","in","oversight","for","all","fitness","contracts","and","ensured","payments","were","made","in","accordance","with","the","contract","and","Air","Force","guidance."],"metadata":[]}],[{"content":"Knowledgeable in exercise science including kinesiology, functional anatomy, exercise physiology, nutrition, program administration, and injury prevention.","tokens":["Knowledgeable","in","exercise","science","including","kinesiology,","functional","anatomy,","exercise","physiology,","nutrition,","program","administration,","and","injury","prevention."],"metadata":[]}],[{"content":"Training Manager, Staff Sergeant October 2004 to September 2008 Company Name - City , State Reviewed training circulars, master training schedules, inspections and test results to determine necessary unit and individual training.","tokens":["Training","Manager,","Staff","Sergeant","October","2004","to","September","2008","Company","Name","-","City",",","State","Reviewed","training","circulars,","master","training","schedules,","inspections","and","test","results","to","determine","necessary","unit","and","individual","training."],"metadata":[]}],[{"content":"Assisted in designing, developing, evaluating, revising, and selecting training programs, training material (written training guides or pamphlets, graphic visual aids, training films, video cassettes, sound recordings, multi-media video training tapes, or curriculum materials, etc.), training methods (classroom lecture, hands on, e-learning, computer based, etc.), and training aids for the professional development and delivery of training in support.","tokens":["Assisted","in","designing,","developing,","evaluating,","revising,","and","selecting","training","programs,","training","material","(written","training","guides","or","pamphlets,","graphic","visual","aids,","training","films,","video","cassettes,","sound","recordings,","multi-media","video","training","tapes,","or","curriculum","materials,","etc.),","training","methods","(classroom","lecture,","hands","on,","e-learning,","computer","based,","etc.),","and","training","aids","for","the","professional","development","and","delivery","of","training","in","support."],"metadata":[]}],[{"content":"Used advanced technology programs to create, develop, and facilitate training functions (i.e., automated tracking system, tracking of student certification/re-certification status, maintaining information, and researching outside sources for training support material, etc.) and developed and implemented testing procedures for required certifications.","tokens":["Used","advanced","technology","programs","to","create,","develop,","and","facilitate","training","functions","(i.e.,","automated","tracking","system,","tracking","of","student","certification/re-certification","status,","maintaining","information,","and","researching","outside","sources","for","training","support","material,","etc.)","and","developed","and","implemented","testing","procedures","for","required","certifications."],"metadata":[]}],[{"content":"Provided instructional support for the education and training programs, with emphasis on the development and implementation of the educational component of the Prevention and Management of failures.","tokens":["Provided","instructional","support","for","the","education","and","training","programs,","with","emphasis","on","the","development","and","implementation","of","the","educational","component","of","the","Prevention","and","Management","of","failures."],"metadata":[]}],[{"content":"Planned, promoted, and developed educational programs and designs the program by analyzing the need for personnel, facilities, supplies, and materials.","tokens":["Planned,","promoted,","and","developed","educational","programs","and","designs","the","program","by","analyzing","the","need","for","personnel,","facilities,","supplies,","and","materials."],"metadata":[]}],[{"content":"Developed new or revised training or materials for formal/informal courses.","tokens":["Developed","new","or","revised","training","or","materials","for","formal/informal","courses."],"metadata":[]}],[{"content":"Evaluated and analyzed the effectiveness of all training programs.","tokens":["Evaluated","and","analyzed","the","effectiveness","of","all","training","programs."],"metadata":[]}],[{"content":"Education and Training Bachelor of Science : Management , Dec 2015 Park University - City , State BS in Management (Dec 2015), Secret security clearance, Customer Service Training Instructor, Deployment Manager Training, Defense Readiness Response System training course, Training manager course Supervisor safety training , Leadership school, Accountant/Resource Adviser training, Agile/Scrum Training and Computer Base Training, CPR certified Skills Administrative, Leadership, Analytical, S upervisory, Excellent Written and Verbal, Customer service, Excellent Computer Skills (Microsoft Word, Office, Power Point, Excel).","tokens":["Education","and","Training","Bachelor","of","Science",":","Management",",","Dec","2015","Park","University","-","City",",","State","BS","in","Management","(Dec","2015),","Secret","security","clearance,","Customer","Service","Training","Instructor,","Deployment","Manager","Training,","Defense","Readiness","Response","System","training","course,","Training","manager","course","Supervisor","safety","training",",","Leadership","school,","Accountant/Resource","Adviser","training,","Agile/Scrum","Training","and","Computer","Base","Training,","CPR","certified","Skills","Administrative,","Leadership,","Analytical,","S","upervisory,","Excellent","Written","and","Verbal,","Customer","service,","Excellent","Computer","Skills","(Microsoft","Word,","Office,","Power","Point,","Excel)."],"metadata":[]}]],"labelerInfo":{"id":6814,"email":"cwilhel8@jh.edu","displayName":"Chris Wilhelm"},"labelSets":[{"name":"Resume Labels","index":0,"labelItems":[{"id":"Kj5U6n9NUqTXuWcB3c_7L","labelName":"College"},{"id":"rj7TW0-ymuRo6f_asXJab","labelName":"Company Name"},{"id":"SJEkdao76hjwbb6Fh5SY6","labelName":"Job Title"},{"id":"BjO8MdvK2KI4E5iMEeY4B","labelName":"Graduation Year"},{"id":"eS2knCRgLegeRw8bcmSWA","labelName":"Skill"},{"id":"IeEoIKabMl51BJE0gX2YL","labelName":"Degree"},{"id":"1R0C50AAwFbEp2O0WmRv6","labelName":"Location"},{"id":"zQcc4ygexJ_A3Gb0NeRTk","labelName":"Years of Experience"},{"id":"52S_6moRfhjC-yXgIBeCp","labelName":"Date"},{"id":"KiLarWmwlU1E3-FfdG6Qg","labelName":"Project"},{"id":"dyxKKTAxW1z5ifjPj42BI","labelName":"Name"}]}],"spanLabels":[{"id":"1663396231","labeledBy":"AUTO","labeledByUserId":null,"acceptedByUserId":null,"rejectedByUserId":null,"layer":0,"counter":0,"status":"LABELED","hashCode":"SPAN:SJEkdao76hjwbb6Fh5SY6:0:0:0:0:0:0:0:2:6:0:undefined:undefined","labelName":"SJEkdao76hjwbb6Fh5SY6","labelItem":{"id":"SJEkdao76hjwbb6Fh5SY6","labelName":"Job Title"},"textPosition":{"start":{"row":0,"column":0,"tokenIndex":0,"charIndex":0},"end":{"row":0,"column":0,"tokenIndex":2,"charIndex":6}},"confidenceScore":null},{"id":"1663411825","labeledBy":"AUTO","labeledByUserId":null,"acceptedByUserId":null,"rejectedByUserId":null,"layer":0,"counter":0,"status":"LABELED","hashCode":"SPAN:SJEkdao76hjwbb6Fh5SY6:0:0:0:7:0:0:0:9:6:0:undefined:undefined","labelName":"SJEkdao76hjwbb6Fh5SY6","labelItem":{"id":"SJEkdao76hjwbb6Fh5SY6","labelName":"Job Title"},"textPosition":{"start":{"row":0,"column":0,"tokenIndex":7,"charIndex":0},"end":{"row":0,"column":0,"tokenIndex":9,"charIndex":6}},"confidenceScore":null},{"id":"1663411828","labeledBy":"AUTO","labeledByUserId":null,"acceptedByUserId":null,"rejectedByUserId":null,"layer":0,"counter":0,"status":"LABELED","hashCode":"SPAN:zQcc4ygexJ_A3Gb0NeRTk:0:1:0:11:0:1:0:12:4:0:undefined:undefined","labelName":"zQcc4ygexJ_A3Gb0NeRTk","labelItem":{"id":"zQcc4ygexJ_A3Gb0NeRTk","labelName":"Years of Experience"},"textPosition":{"start":{"row":1,"column":0,"tokenIndex":11,"charIndex":0},"end":{"row":1,"column":0,"tokenIndex":12,"charIndex":4}},"confidenceScore":null},{"id":"1663411831","labeledBy":"AUTO","labeledByUserId":null,"acceptedByUserId":null,"rejectedByUserId":null,"layer":0,"counter":0,"status":"LABELED","hashCode":"SPAN:eS2knCRgLegeRw8bcmSWA:0:1:0:14:0:1:0:15:9:0:undefined:undefined","labelName":"eS2knCRgLegeRw8bcmSWA","labelItem":{"id":"eS2knCRgLegeRw8bcmSWA","labelName":"Skill"},"textPosition":{"start":{"row":1,"column":0,"tokenIndex":14,"charIndex":0},"end":{"row":1,"column":0,"tokenIndex":15,"charIndex":9}},"confidenceScore":null},{"id":"1663411834","labeledBy":"AUTO","labeledByUserId":null,"acceptedByUserId":null,"rejectedByUserId":null,"layer":0,"counter":0,"status":"LABELED","hashCode":"SPAN:eS2knCRgLegeRw8bcmSWA:0:1:0:16:0:1:0:16:8:0:undefined:undefined","labelName":"eS2knCRgLegeRw8bcmSWA","labelItem":{"id":"eS2knCRgLegeRw8bcmSWA","labelName":"Skill"},"textPosition":{"start":{"row":1,"column":0,"tokenIndex":16,"charIndex":0},"end":{"row":1,"column":0,"tokenIndex":16,"charIndex":8}},"confidenceScore":null},{"id":"1663411837","labeledBy":"AUTO","labeledByUserId":null,"acceptedByUserId":null,"rejectedByUserId":null,"layer":0,"counter":0,"status":"LABELED","hashCode":"SPAN:eS2knCRgLegeRw8bcmSWA:0:1:0:19:0:1:0:19:9:0:undefined:undefined","labelName":"eS2knCRgLegeRw8bcmSWA","labelItem":{"id":"eS2knCRgLegeRw8bcmSWA","labelName":"Skill"},"textPosition":{"start":{"row":1,"column":0,"tokenIndex":19,"charIndex":0},"end":{"row":1,"column":0,"tokenIndex":19,"charIndex":9}},"confidenceScore":null},{"id":"1663411840","labeledBy":"AUTO","labeledByUserId":null,"acceptedByUserId":null,"rejectedByUserId":null,"layer":0,"counter":0,"status":"LABELED","hashCode":"SPAN:eS2knCRgLegeRw8bcmSWA:0:1:0:26:0:1:0:26:7:0:undefined:undefined","labelName":"eS2knCRgLegeRw8bcmSWA","labelItem":{"id":"eS2knCRgLegeRw8bcmSWA","labelName":"Skill"},"textPosition":{"start":{"row":1,"column":0,"tokenIndex":26,"charIndex":0},"end":{"row":1,"column":0,"tokenIndex":26,"charIndex":7}},"confidenceScore":null},{"id":"1663411843","labeledBy":"AUTO","labeledByUserId":null,"acceptedByUserId":null,"rejectedByUserId":null,"layer":0,"counter":0,"status":"LABELED","hashCode":"SPAN:eS2knCRgLegeRw8bcmSWA:0:1:0:28:0:1:0:28:9:0:undefined:undefined","labelName":"eS2knCRgLegeRw8bcmSWA","labelItem":{"id":"eS2knCRgLegeRw8bcmSWA","labelName":"Skill"},"textPosition":{"start":{"row":1,"column":0,"tokenIndex":28,"charIndex":0},"end":{"row":1,"column":0,"tokenIndex":28,"charIndex":9}},"confidenceScore":null},{"id":"1663411846","labeledBy":"AUTO","labeledByUserId":null,"acceptedByUserId":null,"rejectedByUserId":null,"layer":0,"counter":0,"status":"LABELED","hashCode":"SPAN:eS2knCRgLegeRw8bcmSWA:0:1:0:30:0:1:0:30:9:0:undefined:undefined","labelName":"eS2knCRgLegeRw8bcmSWA","labelItem":{"id":"eS2knCRgLegeRw8bcmSWA","labelName":"Skill"},"textPosition":{"start":{"row":1,"column":0,"tokenIndex":30,"charIndex":0},"end":{"row":1,"column":0,"tokenIndex":30,"charIndex":9}},"confidenceScore":null},{"id":"1663411849","labeledBy":"AUTO","labeledByUserId":null,"acceptedByUserId":null,"rejectedByUserId":null,"layer":0,"counter":0,"status":"LABELED","hashCode":"SPAN:eS2knCRgLegeRw8bcmSWA:0:1:0:35:0:1:0:35:8:0:undefined:undefined","labelName":"eS2knCRgLegeRw8bcmSWA","labelItem":{"id":"eS2knCRgLegeRw8bcmSWA","labelName":"Skill"},"textPosition":{"start":{"row":1,"column":0,"tokenIndex":35,"charIndex":0},"end":{"row":1,"column":0,"tokenIndex":35,"charIndex":8}},"confidenceScore":null},{"id":"1663411891","labeledBy":"AUTO","labeledByUserId":null,"acceptedByUserId":null,"rejectedByUserId":null,"layer":0,"counter":0,"status":"LABELED","hashCode":"SPAN:eS2knCRgLegeRw8bcmSWA:0:1:0:37:0:1:0:38:10:0:undefined:undefined","labelName":"eS2knCRgLegeRw8bcmSWA","labelItem":{"id":"eS2knCRgLegeRw8bcmSWA","labelName":"Skill"},"textPosition":{"start":{"row":1,"column":0,"tokenIndex":37,"charIndex":0},"end":{"row":1,"column":0,"tokenIndex":38,"charIndex":10}},"confidenceScore":null},{"id":"1663411897","labeledBy":"AUTO","labeledByUserId":null,"acceptedByUserId":null,"rejectedByUserId":null,"layer":0,"counter":0,"status":"LABELED","hashCode":"SPAN:eS2knCRgLegeRw8bcmSWA:0:2:0:2:0:2:0:4:7:0:undefined:undefined","labelName":"eS2knCRgLegeRw8bcmSWA","labelItem":{"id":"eS2knCRgLegeRw8bcmSWA","labelName":"Skill"},"textPosition":{"start":{"row":2,"column":0,"tokenIndex":2,"charIndex":0},"end":{"row":2,"column":0,"tokenIndex":4,"charIndex":7}},"confidenceScore":null},{"id":"1663411906","labeledBy":"AUTO","labeledByUserId":null,"acceptedByUserId":null,"rejectedByUserId":null,"layer":0,"counter":0,"status":"LABELED","hashCode":"SPAN:SJEkdao76hjwbb6Fh5SY6:0:2:0:9:0:2:0:11:8:0:undefined:undefined","labelName":"SJEkdao76hjwbb6Fh5SY6","labelItem":{"id":"SJEkdao76hjwbb6Fh5SY6","labelName":"Job Title"},"textPosition":{"start":{"row":2,"column":0,"tokenIndex":9,"charIndex":0},"end":{"row":2,"column":0,"tokenIndex":11,"charIndex":8}},"confidenceScore":null},{"id":"1663411909","labeledBy":"AUTO","labeledByUserId":null,"acceptedByUserId":null,"rejectedByUserId":null,"layer":0,"counter":0,"status":"LABELED","hashCode":"SPAN:SJEkdao76hjwbb6Fh5SY6:0:4:0:2:0:4:0:4:6:0:undefined:undefined","labelName":"SJEkdao76hjwbb6Fh5SY6","labelItem":{"id":"SJEkdao76hjwbb6Fh5SY6","labelName":"Job Title"},"textPosition":{"start":{"row":4,"column":0,"tokenIndex":2,"charIndex":0},"end":{"row":4,"column":0,"tokenIndex":4,"charIndex":6}},"confidenceScore":null},{"id":"1663411912","labeledBy":"AUTO","labeledByUserId":null,"acceptedByUserId":null,"rejectedByUserId":null,"layer":0,"counter":0,"status":"LABELED","hashCode":"SPAN:52S_6moRfhjC-yXgIBeCp:0:4:0:5:0:4:0:7:1:0:undefined:undefined","labelName":"52S_6moRfhjC-yXgIBeCp","labelItem":{"id":"52S_6moRfhjC-yXgIBeCp","labelName":"Date"},"textPosition":{"start":{"row":4,"column":0,"tokenIndex":5,"charIndex":0},"end":{"row":4,"column":0,"tokenIndex":7,"charIndex":1}},"confidenceScore":null},{"id":"1663411921","labeledBy":"AUTO","labeledByUserId":null,"acceptedByUserId":null,"rejectedByUserId":null,"layer":0,"counter":0,"status":"LABELED","hashCode":"SPAN:SJEkdao76hjwbb6Fh5SY6:0:4:0:18:0:4:0:20:6:0:undefined:undefined","labelName":"SJEkdao76hjwbb6Fh5SY6","labelItem":{"id":"SJEkdao76hjwbb6Fh5SY6","labelName":"Job Title"},"textPosition":{"start":{"row":4,"column":0,"tokenIndex":18,"charIndex":0},"end":{"row":4,"column":0,"tokenIndex":20,"charIndex":6}},"confidenceScore":null},{"id":"1663411934","labeledBy":"AUTO","labeledByUserId":null,"acceptedByUserId":null,"rejectedByUserId":null,"layer":0,"counter":0,"status":"LABELED","hashCode":"SPAN:SJEkdao76hjwbb6Fh5SY6:0:10:0:0:0:10:0:1:3:0:undefined:undefined","labelName":"SJEkdao76hjwbb6Fh5SY6","labelItem":{"id":"SJEkdao76hjwbb6Fh5SY6","labelName":"Job Title"},"textPosition":{"start":{"row":10,"column":0,"tokenIndex":0,"charIndex":0},"end":{"row":10,"column":0,"tokenIndex":1,"charIndex":3}},"confidenceScore":null},{"id":"1663411942","labeledBy":"AUTO","labeledByUserId":null,"acceptedByUserId":null,"rejectedByUserId":null,"layer":0,"counter":0,"status":"LABELED","hashCode":"SPAN:eS2knCRgLegeRw8bcmSWA:0:12:0:0:0:12:0:0:10:0:undefined:undefined","labelName":"eS2knCRgLegeRw8bcmSWA","labelItem":{"id":"eS2knCRgLegeRw8bcmSWA","labelName":"Skill"},"textPosition":{"start":{"row":12,"column":0,"tokenIndex":0,"charIndex":0},"end":{"row":12,"column":0,"tokenIndex":0,"charIndex":10}},"confidenceScore":null},{"id":"1663411945","labeledBy":"AUTO","labeledByUserId":null,"acceptedByUserId":null,"rejectedByUserId":null,"layer":0,"counter":0,"status":"LABELED","hashCode":"SPAN:eS2knCRgLegeRw8bcmSWA:0:13:0:8:0:13:0:9:8:0:undefined:undefined","labelName":"eS2knCRgLegeRw8bcmSWA","labelItem":{"id":"eS2knCRgLegeRw8bcmSWA","labelName":"Skill"},"textPosition":{"start":{"row":13,"column":0,"tokenIndex":8,"charIndex":0},"end":{"row":13,"column":0,"tokenIndex":9,"charIndex":8}},"confidenceScore":null},{"id":"1663411948","labeledBy":"AUTO","labeledByUserId":null,"acceptedByUserId":null,"rejectedByUserId":null,"layer":0,"counter":0,"status":"LABELED","hashCode":"SPAN:eS2knCRgLegeRw8bcmSWA:0:13:0:13:0:13:0:14:7:0:undefined:undefined","labelName":"eS2knCRgLegeRw8bcmSWA","labelItem":{"id":"eS2knCRgLegeRw8bcmSWA","labelName":"Skill"},"textPosition":{"start":{"row":13,"column":0,"tokenIndex":13,"charIndex":0},"end":{"row":13,"column":0,"tokenIndex":14,"charIndex":7}},"confidenceScore":null},{"id":"1663411951","labeledBy":"AUTO","labeledByUserId":null,"acceptedByUserId":null,"rejectedByUserId":null,"layer":0,"counter":0,"status":"LABELED","hashCode":"SPAN:SJEkdao76hjwbb6Fh5SY6:0:14:0:0:0:14:0:2:7:0:undefined:undefined","labelName":"SJEkdao76hjwbb6Fh5SY6","labelItem":{"id":"SJEkdao76hjwbb6Fh5SY6","labelName":"Job Title"},"textPosition":{"start":{"row":14,"column":0,"tokenIndex":0,"charIndex":0},"end":{"row":14,"column":0,"tokenIndex":2,"charIndex":7}},"confidenceScore":null},{"id":"1663411954","labeledBy":"AUTO","labeledByUserId":null,"acceptedByUserId":null,"rejectedByUserId":null,"layer":0,"counter":0,"status":"LABELED","hashCode":"SPAN:52S_6moRfhjC-yXgIBeCp:0:14:0:3:0:14:0:4:3:0:undefined:undefined","labelName":"52S_6moRfhjC-yXgIBeCp","labelItem":{"id":"52S_6moRfhjC-yXgIBeCp","labelName":"Date"},"textPosition":{"start":{"row":14,"column":0,"tokenIndex":3,"charIndex":0},"end":{"row":14,"column":0,"tokenIndex":4,"charIndex":3}},"confidenceScore":null},{"id":"1663411957","labeledBy":"AUTO","labeledByUserId":null,"acceptedByUserId":null,"rejectedByUserId":null,"layer":0,"counter":0,"status":"LABELED","hashCode":"SPAN:52S_6moRfhjC-yXgIBeCp:0:14:0:6:0:14:0:7:3:0:undefined:undefined","labelName":"52S_6moRfhjC-yXgIBeCp","labelItem":{"id":"52S_6moRfhjC-yXgIBeCp","labelName":"Date"},"textPosition":{"start":{"row":14,"column":0,"tokenIndex":6,"charIndex":0},"end":{"row":14,"column":0,"tokenIndex":7,"charIndex":3}},"confidenceScore":null},{"id":"1663411978","labeledBy":"AUTO","labeledByUserId":null,"acceptedByUserId":null,"rejectedByUserId":null,"layer":0,"counter":0,"status":"LABELED","hashCode":"SPAN:SJEkdao76hjwbb6Fh5SY6:0:16:0:7:0:16:0:8:3:0:undefined:undefined","labelName":"SJEkdao76hjwbb6Fh5SY6","labelItem":{"id":"SJEkdao76hjwbb6Fh5SY6","labelName":"Job Title"},"textPosition":{"start":{"row":16,"column":0,"tokenIndex":7,"charIndex":0},"end":{"row":16,"column":0,"tokenIndex":8,"charIndex":3}},"confidenceScore":null},{"id":"1663411993","labeledBy":"AUTO","labeledByUserId":null,"acceptedByUserId":null,"rejectedByUserId":null,"layer":0,"counter":0,"status":"LABELED","hashCode":"SPAN:SJEkdao76hjwbb6Fh5SY6:0:17:0:11:0:17:0:13:13:0:undefined:undefined","labelName":"SJEkdao76hjwbb6Fh5SY6","labelItem":{"id":"SJEkdao76hjwbb6Fh5SY6","labelName":"Job Title"},"textPosition":{"start":{"row":17,"column":0,"tokenIndex":11,"charIndex":0},"end":{"row":17,"column":0,"tokenIndex":13,"charIndex":13}},"confidenceScore":null},{"id":"1663411999","labeledBy":"AUTO","labeledByUserId":null,"acceptedByUserId":null,"rejectedByUserId":null,"layer":0,"counter":0,"status":"LABELED","hashCode":"SPAN:SJEkdao76hjwbb6Fh5SY6:0:18:0:0:0:18:0:2:13:0:undefined:undefined","labelName":"SJEkdao76hjwbb6Fh5SY6","labelItem":{"id":"SJEkdao76hjwbb6Fh5SY6","labelName":"Job Title"},"textPosition":{"start":{"row":18,"column":0,"tokenIndex":0,"charIndex":0},"end":{"row":18,"column":0,"tokenIndex":2,"charIndex":13}},"confidenceScore":null},{"id":"1663412008","labeledBy":"AUTO","labeledByUserId":null,"acceptedByUserId":null,"rejectedByUserId":null,"layer":0,"counter":0,"status":"LABELED","hashCode":"SPAN:eS2knCRgLegeRw8bcmSWA:0:21:0:2:0:21:0:3:6:0:undefined:undefined","labelName":"eS2knCRgLegeRw8bcmSWA","labelItem":{"id":"eS2knCRgLegeRw8bcmSWA","labelName":"Skill"},"textPosition":{"start":{"row":21,"column":0,"tokenIndex":2,"charIndex":0},"end":{"row":21,"column":0,"tokenIndex":3,"charIndex":6}},"confidenceScore":null},{"id":"1663412011","labeledBy":"AUTO","labeledByUserId":null,"acceptedByUserId":null,"rejectedByUserId":null,"layer":0,"counter":0,"status":"LABELED","hashCode":"SPAN:eS2knCRgLegeRw8bcmSWA:0:21:0:5:0:21:0:5:11:0:undefined:undefined","labelName":"eS2knCRgLegeRw8bcmSWA","labelItem":{"id":"eS2knCRgLegeRw8bcmSWA","labelName":"Skill"},"textPosition":{"start":{"row":21,"column":0,"tokenIndex":5,"charIndex":0},"end":{"row":21,"column":0,"tokenIndex":5,"charIndex":11}},"confidenceScore":null},{"id":"1663412017","labeledBy":"AUTO","labeledByUserId":null,"acceptedByUserId":null,"rejectedByUserId":null,"layer":0,"counter":0,"status":"LABELED","hashCode":"SPAN:eS2knCRgLegeRw8bcmSWA:0:21:0:6:0:21:0:7:7:0:undefined:undefined","labelName":"eS2knCRgLegeRw8bcmSWA","labelItem":{"id":"eS2knCRgLegeRw8bcmSWA","labelName":"Skill"},"textPosition":{"start":{"row":21,"column":0,"tokenIndex":6,"charIndex":0},"end":{"row":21,"column":0,"tokenIndex":7,"charIndex":7}},"confidenceScore":null},{"id":"1663412023","labeledBy":"AUTO","labeledByUserId":null,"acceptedByUserId":null,"rejectedByUserId":null,"layer":0,"counter":0,"status":"LABELED","hashCode":"SPAN:eS2knCRgLegeRw8bcmSWA:0:21:0:8:0:21:0:9:10:0:undefined:undefined","labelName":"eS2knCRgLegeRw8bcmSWA","labelItem":{"id":"eS2knCRgLegeRw8bcmSWA","labelName":"Skill"},"textPosition":{"start":{"row":21,"column":0,"tokenIndex":8,"charIndex":0},"end":{"row":21,"column":0,"tokenIndex":9,"charIndex":10}},"confidenceScore":null},{"id":"1663412029","labeledBy":"AUTO","labeledByUserId":null,"acceptedByUserId":null,"rejectedByUserId":null,"layer":0,"counter":0,"status":"LABELED","hashCode":"SPAN:eS2knCRgLegeRw8bcmSWA:0:21:0:10:0:21:0:10:9:0:undefined:undefined","labelName":"eS2knCRgLegeRw8bcmSWA","labelItem":{"id":"eS2knCRgLegeRw8bcmSWA","labelName":"Skill"},"textPosition":{"start":{"row":21,"column":0,"tokenIndex":10,"charIndex":0},"end":{"row":21,"column":0,"tokenIndex":10,"charIndex":9}},"confidenceScore":null},{"id":"1663412032","labeledBy":"AUTO","labeledByUserId":null,"acceptedByUserId":null,"rejectedByUserId":null,"layer":0,"counter":0,"status":"LABELED","hashCode":"SPAN:eS2knCRgLegeRw8bcmSWA:0:21:0:11:0:21:0:12:14:0:undefined:undefined","labelName":"eS2knCRgLegeRw8bcmSWA","labelItem":{"id":"eS2knCRgLegeRw8bcmSWA","labelName":"Skill"},"textPosition":{"start":{"row":21,"column":0,"tokenIndex":11,"charIndex":0},"end":{"row":21,"column":0,"tokenIndex":12,"charIndex":14}},"confidenceScore":null},{"id":"1663412035","labeledBy":"AUTO","labeledByUserId":null,"acceptedByUserId":null,"rejectedByUserId":null,"layer":0,"counter":0,"status":"LABELED","hashCode":"SPAN:eS2knCRgLegeRw8bcmSWA:0:21:0:14:0:21:0:15:10:0:undefined:undefined","labelName":"eS2knCRgLegeRw8bcmSWA","labelItem":{"id":"eS2knCRgLegeRw8bcmSWA","labelName":"Skill"},"textPosition":{"start":{"row":21,"column":0,"tokenIndex":14,"charIndex":0},"end":{"row":21,"column":0,"tokenIndex":15,"charIndex":10}},"confidenceScore":null},{"id":"1663412044","labeledBy":"AUTO","labeledByUserId":null,"acceptedByUserId":null,"rejectedByUserId":null,"layer":0,"counter":0,"status":"LABELED","hashCode":"SPAN:SJEkdao76hjwbb6Fh5SY6:0:22:0:0:0:22:0:3:7:0:undefined:undefined","labelName":"SJEkdao76hjwbb6Fh5SY6","labelItem":{"id":"SJEkdao76hjwbb6Fh5SY6","labelName":"Job Title"},"textPosition":{"start":{"row":22,"column":0,"tokenIndex":0,"charIndex":0},"end":{"row":22,"column":0,"tokenIndex":3,"charIndex":7}},"confidenceScore":null},{"id":"1663412047","labeledBy":"AUTO","labeledByUserId":null,"acceptedByUserId":null,"rejectedByUserId":null,"layer":0,"counter":0,"status":"LABELED","hashCode":"SPAN:52S_6moRfhjC-yXgIBeCp:0:22:0:4:0:22:0:5:3:0:undefined:undefined","labelName":"52S_6moRfhjC-yXgIBeCp","labelItem":{"id":"52S_6moRfhjC-yXgIBeCp","labelName":"Date"},"textPosition":{"start":{"row":22,"column":0,"tokenIndex":4,"charIndex":0},"end":{"row":22,"column":0,"tokenIndex":5,"charIndex":3}},"confidenceScore":null},{"id":"1663412050","labeledBy":"AUTO","labeledByUserId":null,"acceptedByUserId":null,"rejectedByUserId":null,"layer":0,"counter":0,"status":"LABELED","hashCode":"SPAN:52S_6moRfhjC-yXgIBeCp:0:22:0:7:0:22:0:8:3:0:undefined:undefined","labelName":"52S_6moRfhjC-yXgIBeCp","labelItem":{"id":"52S_6moRfhjC-yXgIBeCp","labelName":"Date"},"textPosition":{"start":{"row":22,"column":0,"tokenIndex":7,"charIndex":0},"end":{"row":22,"column":0,"tokenIndex":8,"charIndex":3}},"confidenceScore":null},{"id":"1663412053","labeledBy":"AUTO","labeledByUserId":null,"acceptedByUserId":null,"rejectedByUserId":null,"layer":0,"counter":0,"status":"LABELED","hashCode":"SPAN:eS2knCRgLegeRw8bcmSWA:0:25:0:5:0:25:0:5:8:0:undefined:undefined","labelName":"eS2knCRgLegeRw8bcmSWA","labelItem":{"id":"eS2knCRgLegeRw8bcmSWA","labelName":"Skill"},"textPosition":{"start":{"row":25,"column":0,"tokenIndex":5,"charIndex":0},"end":{"row":25,"column":0,"tokenIndex":5,"charIndex":8}},"confidenceScore":null},{"id":"1663412056","labeledBy":"AUTO","labeledByUserId":null,"acceptedByUserId":null,"rejectedByUserId":null,"layer":0,"counter":0,"status":"LABELED","hashCode":"SPAN:IeEoIKabMl51BJE0gX2YL:0:29:0:3:0:29:0:7:9:0:undefined:undefined","labelName":"IeEoIKabMl51BJE0gX2YL","labelItem":{"id":"IeEoIKabMl51BJE0gX2YL","labelName":"Degree"},"textPosition":{"start":{"row":29,"column":0,"tokenIndex":3,"charIndex":0},"end":{"row":29,"column":0,"tokenIndex":7,"charIndex":9}},"confidenceScore":null},{"id":"1663412086","labeledBy":"AUTO","labeledByUserId":null,"acceptedByUserId":null,"rejectedByUserId":null,"layer":0,"counter":0,"status":"LABELED","hashCode":"SPAN:BjO8MdvK2KI4E5iMEeY4B:0:29:0:9:0:29:0:10:3:0:undefined:undefined","labelName":"BjO8MdvK2KI4E5iMEeY4B","labelItem":{"id":"BjO8MdvK2KI4E5iMEeY4B","labelName":"Graduation Year"},"textPosition":{"start":{"row":29,"column":0,"tokenIndex":9,"charIndex":0},"end":{"row":29,"column":0,"tokenIndex":10,"charIndex":3}},"confidenceScore":null},{"id":"1663412065","labeledBy":"AUTO","labeledByUserId":null,"acceptedByUserId":null,"rejectedByUserId":null,"layer":0,"counter":0,"status":"LABELED","hashCode":"SPAN:Kj5U6n9NUqTXuWcB3c_7L:0:29:0:11:0:29:0:12:9:0:undefined:undefined","labelName":"Kj5U6n9NUqTXuWcB3c_7L","labelItem":{"id":"Kj5U6n9NUqTXuWcB3c_7L","labelName":"College"},"textPosition":{"start":{"row":29,"column":0,"tokenIndex":11,"charIndex":0},"end":{"row":29,"column":0,"tokenIndex":12,"charIndex":9}},"confidenceScore":null},{"id":"1663412077","labeledBy":"AUTO","labeledByUserId":null,"acceptedByUserId":null,"rejectedByUserId":null,"layer":0,"counter":0,"status":"LABELED","hashCode":"SPAN:IeEoIKabMl51BJE0gX2YL:0:29:0:17:0:29:0:19:9:0:undefined:undefined","labelName":"IeEoIKabMl51BJE0gX2YL","labelItem":{"id":"IeEoIKabMl51BJE0gX2YL","labelName":"Degree"},"textPosition":{"start":{"row":29,"column":0,"tokenIndex":17,"charIndex":0},"end":{"row":29,"column":0,"tokenIndex":19,"charIndex":9}},"confidenceScore":null},{"id":"1663412095","labeledBy":"AUTO","labeledByUserId":null,"acceptedByUserId":null,"rejectedByUserId":null,"layer":0,"counter":0,"status":"LABELED","hashCode":"SPAN:BjO8MdvK2KI4E5iMEeY4B:0:29:0:20:0:29:0:21:5:0:undefined:undefined","labelName":"BjO8MdvK2KI4E5iMEeY4B","labelItem":{"id":"BjO8MdvK2KI4E5iMEeY4B","labelName":"Graduation Year"},"textPosition":{"start":{"row":29,"column":0,"tokenIndex":20,"charIndex":0},"end":{"row":29,"column":0,"tokenIndex":21,"charIndex":5}},"confidenceScore":null},{"id":"1663412104","labeledBy":"AUTO","labeledByUserId":null,"acceptedByUserId":null,"rejectedByUserId":null,"layer":0,"counter":0,"status":"LABELED","hashCode":"SPAN:eS2knCRgLegeRw8bcmSWA:0:29:0:22:0:29:0:24:9:0:undefined:undefined","labelName":"eS2knCRgLegeRw8bcmSWA","labelItem":{"id":"eS2knCRgLegeRw8bcmSWA","labelName":"Skill"},"textPosition":{"start":{"row":29,"column":0,"tokenIndex":22,"charIndex":0},"end":{"row":29,"column":0,"tokenIndex":24,"charIndex":9}},"confidenceScore":null},{"id":"1663412110","labeledBy":"AUTO","labeledByUserId":null,"acceptedByUserId":null,"rejectedByUserId":null,"layer":0,"counter":0,"status":"LABELED","hashCode":"SPAN:SJEkdao76hjwbb6Fh5SY6:0:29:0:25:0:29:0:28:10:0:undefined:undefined","labelName":"SJEkdao76hjwbb6Fh5SY6","labelItem":{"id":"SJEkdao76hjwbb6Fh5SY6","labelName":"Job Title"},"textPosition":{"start":{"row":29,"column":0,"tokenIndex":25,"charIndex":0},"end":{"row":29,"column":0,"tokenIndex":28,"charIndex":10}},"confidenceScore":null},{"id":"1663412119","labeledBy":"AUTO","labeledByUserId":null,"acceptedByUserId":null,"rejectedByUserId":null,"layer":0,"counter":0,"status":"LABELED","hashCode":"SPAN:eS2knCRgLegeRw8bcmSWA:0:29:0:29:0:29:0:31:8:0:undefined:undefined","labelName":"eS2knCRgLegeRw8bcmSWA","labelItem":{"id":"eS2knCRgLegeRw8bcmSWA","labelName":"Skill"},"textPosition":{"start":{"row":29,"column":0,"tokenIndex":29,"charIndex":0},"end":{"row":29,"column":0,"tokenIndex":31,"charIndex":8}},"confidenceScore":null},{"id":"1663412125","labeledBy":"AUTO","labeledByUserId":null,"acceptedByUserId":null,"rejectedByUserId":null,"layer":0,"counter":0,"status":"LABELED","hashCode":"SPAN:eS2knCRgLegeRw8bcmSWA:0:29:0:32:0:29:0:36:7:0:undefined:undefined","labelName":"eS2knCRgLegeRw8bcmSWA","labelItem":{"id":"eS2knCRgLegeRw8bcmSWA","labelName":"Skill"},"textPosition":{"start":{"row":29,"column":0,"tokenIndex":32,"charIndex":0},"end":{"row":29,"column":0,"tokenIndex":36,"charIndex":7}},"confidenceScore":null},{"id":"1663412128","labeledBy":"AUTO","labeledByUserId":null,"acceptedByUserId":null,"rejectedByUserId":null,"layer":0,"counter":0,"status":"LABELED","hashCode":"SPAN:eS2knCRgLegeRw8bcmSWA:0:29:0:38:0:29:0:39:6:0:undefined:undefined","labelName":"eS2knCRgLegeRw8bcmSWA","labelItem":{"id":"eS2knCRgLegeRw8bcmSWA","labelName":"Skill"},"textPosition":{"start":{"row":29,"column":0,"tokenIndex":38,"charIndex":0},"end":{"row":29,"column":0,"tokenIndex":39,"charIndex":6}},"confidenceScore":null},{"id":"1663412131","labeledBy":"AUTO","labeledByUserId":null,"acceptedByUserId":null,"rejectedByUserId":null,"layer":0,"counter":0,"status":"LABELED","hashCode":"SPAN:eS2knCRgLegeRw8bcmSWA:0:29:0:41:0:29:0:42:5:0:undefined:undefined","labelName":"eS2knCRgLegeRw8bcmSWA","labelItem":{"id":"eS2knCRgLegeRw8bcmSWA","labelName":"Skill"},"textPosition":{"start":{"row":29,"column":0,"tokenIndex":41,"charIndex":0},"end":{"row":29,"column":0,"tokenIndex":42,"charIndex":5}},"confidenceScore":null},{"id":"1663412134","labeledBy":"AUTO","labeledByUserId":null,"acceptedByUserId":null,"rejectedByUserId":null,"layer":0,"counter":0,"status":"LABELED","hashCode":"SPAN:eS2knCRgLegeRw8bcmSWA:0:29:0:45:0:29:0:45:9:0:undefined:undefined","labelName":"eS2knCRgLegeRw8bcmSWA","labelItem":{"id":"eS2knCRgLegeRw8bcmSWA","labelName":"Skill"},"textPosition":{"start":{"row":29,"column":0,"tokenIndex":45,"charIndex":0},"end":{"row":29,"column":0,"tokenIndex":45,"charIndex":9}},"confidenceScore":null},{"id":"1663412137","labeledBy":"AUTO","labeledByUserId":null,"acceptedByUserId":null,"rejectedByUserId":null,"layer":0,"counter":0,"status":"LABELED","hashCode":"SPAN:eS2knCRgLegeRw8bcmSWA:0:29:0:47:0:29:0:48:6:0:undefined:undefined","labelName":"eS2knCRgLegeRw8bcmSWA","labelItem":{"id":"eS2knCRgLegeRw8bcmSWA","labelName":"Skill"},"textPosition":{"start":{"row":29,"column":0,"tokenIndex":47,"charIndex":0},"end":{"row":29,"column":0,"tokenIndex":48,"charIndex":6}},"confidenceScore":null},{"id":"1663412140","labeledBy":"AUTO","labeledByUserId":null,"acceptedByUserId":null,"rejectedByUserId":null,"layer":0,"counter":0,"status":"LABELED","hashCode":"SPAN:eS2knCRgLegeRw8bcmSWA:0:29:0:49:0:29:0:50:10:0:undefined:undefined","labelName":"eS2knCRgLegeRw8bcmSWA","labelItem":{"id":"eS2knCRgLegeRw8bcmSWA","labelName":"Skill"},"textPosition":{"start":{"row":29,"column":0,"tokenIndex":49,"charIndex":0},"end":{"row":29,"column":0,"tokenIndex":50,"charIndex":10}},"confidenceScore":null},{"id":"1663412143","labeledBy":"AUTO","labeledByUserId":null,"acceptedByUserId":null,"rejectedByUserId":null,"layer":0,"counter":0,"status":"LABELED","hashCode":"SPAN:eS2knCRgLegeRw8bcmSWA:0:29:0:53:0:29:0:54:3:0:undefined:undefined","labelName":"eS2knCRgLegeRw8bcmSWA","labelItem":{"id":"eS2knCRgLegeRw8bcmSWA","labelName":"Skill"},"textPosition":{"start":{"row":29,"column":0,"tokenIndex":53,"charIndex":0},"end":{"row":29,"column":0,"tokenIndex":54,"charIndex":3}},"confidenceScore":null},{"id":"1663412146","labeledBy":"AUTO","labeledByUserId":null,"acceptedByUserId":null,"rejectedByUserId":null,"layer":0,"counter":0,"status":"LABELED","hashCode":"SPAN:eS2knCRgLegeRw8bcmSWA:0:29:0:56:0:29:0:56:2:0:undefined:undefined","labelName":"eS2knCRgLegeRw8bcmSWA","labelItem":{"id":"eS2knCRgLegeRw8bcmSWA","labelName":"Skill"},"textPosition":{"start":{"row":29,"column":0,"tokenIndex":56,"charIndex":0},"end":{"row":29,"column":0,"tokenIndex":56,"charIndex":2}},"confidenceScore":null},{"id":"1663412155","labeledBy":"AUTO","labeledByUserId":null,"acceptedByUserId":null,"rejectedByUserId":null,"layer":0,"counter":0,"status":"LABELED","hashCode":"SPAN:eS2knCRgLegeRw8bcmSWA:0:29:0:59:0:29:0:59:14:0:undefined:undefined","labelName":"eS2knCRgLegeRw8bcmSWA","labelItem":{"id":"eS2knCRgLegeRw8bcmSWA","labelName":"Skill"},"textPosition":{"start":{"row":29,"column":0,"tokenIndex":59,"charIndex":0},"end":{"row":29,"column":0,"tokenIndex":59,"charIndex":14}},"confidenceScore":null},{"id":"1663412149","labeledBy":"AUTO","labeledByUserId":null,"acceptedByUserId":null,"rejectedByUserId":null,"layer":0,"counter":0,"status":"LABELED","hashCode":"SPAN:eS2knCRgLegeRw8bcmSWA:0:29:0:60:0:29:0:60:10:0:undefined:undefined","labelName":"eS2knCRgLegeRw8bcmSWA","labelItem":{"id":"eS2knCRgLegeRw8bcmSWA","labelName":"Skill"},"textPosition":{"start":{"row":29,"column":0,"tokenIndex":60,"charIndex":0},"end":{"row":29,"column":0,"tokenIndex":60,"charIndex":10}},"confidenceScore":null},{"id":"1663412152","labeledBy":"AUTO","labeledByUserId":null,"acceptedByUserId":null,"rejectedByUserId":null,"layer":0,"counter":0,"status":"LABELED","hashCode":"SPAN:eS2knCRgLegeRw8bcmSWA:0:29:0:61:0:29:0:61:10:0:undefined:undefined","labelName":"eS2knCRgLegeRw8bcmSWA","labelItem":{"id":"eS2knCRgLegeRw8bcmSWA","labelName":"Skill"},"textPosition":{"start":{"row":29,"column":0,"tokenIndex":61,"charIndex":0},"end":{"row":29,"column":0,"tokenIndex":61,"charIndex":10}},"confidenceScore":null},{"id":"1663412161","labeledBy":"AUTO","labeledByUserId":null,"acceptedByUserId":null,"rejectedByUserId":null,"layer":0,"counter":0,"status":"LABELED","hashCode":"SPAN:eS2knCRgLegeRw8bcmSWA:0:29:0:65:0:29:0:67:6:0:undefined:undefined","labelName":"eS2knCRgLegeRw8bcmSWA","labelItem":{"id":"eS2knCRgLegeRw8bcmSWA","labelName":"Skill"},"textPosition":{"start":{"row":29,"column":0,"tokenIndex":65,"charIndex":0},"end":{"row":29,"column":0,"tokenIndex":67,"charIndex":6}},"confidenceScore":null},{"id":"1663412167","labeledBy":"AUTO","labeledByUserId":null,"acceptedByUserId":null,"rejectedByUserId":null,"layer":0,"counter":0,"status":"LABELED","hashCode":"SPAN:eS2knCRgLegeRw8bcmSWA:0:29:0:68:0:29:0:69:7:0:undefined:undefined","labelName":"eS2knCRgLegeRw8bcmSWA","labelItem":{"id":"eS2knCRgLegeRw8bcmSWA","labelName":"Skill"},"textPosition":{"start":{"row":29,"column":0,"tokenIndex":68,"charIndex":0},"end":{"row":29,"column":0,"tokenIndex":69,"charIndex":7}},"confidenceScore":null},{"id":"1663412176","labeledBy":"AUTO","labeledByUserId":null,"acceptedByUserId":null,"rejectedByUserId":null,"layer":0,"counter":0,"status":"LABELED","hashCode":"SPAN:eS2knCRgLegeRw8bcmSWA:0:29:0:71:0:29:0:72:5:0:undefined:undefined","labelName":"eS2knCRgLegeRw8bcmSWA","labelItem":{"id":"eS2knCRgLegeRw8bcmSWA","labelName":"Skill"},"textPosition":{"start":{"row":29,"column":0,"tokenIndex":71,"charIndex":0},"end":{"row":29,"column":0,"tokenIndex":72,"charIndex":5}},"confidenceScore":null},{"id":"1663412179","labeledBy":"AUTO","labeledByUserId":null,"acceptedByUserId":null,"rejectedByUserId":null,"layer":0,"counter":0,"status":"LABELED","hashCode":"SPAN:eS2knCRgLegeRw8bcmSWA:0:29:0:73:0:29:0:74:4:0:undefined:undefined","labelName":"eS2knCRgLegeRw8bcmSWA","labelItem":{"id":"eS2knCRgLegeRw8bcmSWA","labelName":"Skill"},"textPosition":{"start":{"row":29,"column":0,"tokenIndex":73,"charIndex":0},"end":{"row":29,"column":0,"tokenIndex":74,"charIndex":4}},"confidenceScore":null},{"id":"1663412182","labeledBy":"AUTO","labeledByUserId":null,"acceptedByUserId":null,"rejectedByUserId":null,"layer":0,"counter":0,"status":"LABELED","hashCode":"SPAN:eS2knCRgLegeRw8bcmSWA:0:29:0:75:0:29:0:75:6:0:undefined:undefined","labelName":"eS2knCRgLegeRw8bcmSWA","labelItem":{"id":"eS2knCRgLegeRw8bcmSWA","labelName":"Skill"},"textPosition":{"start":{"row":29,"column":0,"tokenIndex":75,"charIndex":0},"end":{"row":29,"column":0,"tokenIndex":75,"charIndex":6}},"confidenceScore":null},{"id":"1663412188","labeledBy":"AUTO","labeledByUserId":null,"acceptedByUserId":null,"rejectedByUserId":null,"layer":0,"counter":0,"status":"LABELED","hashCode":"SPAN:eS2knCRgLegeRw8bcmSWA:0:29:0:76:0:29:0:77:5:0:undefined:undefined","labelName":"eS2knCRgLegeRw8bcmSWA","labelItem":{"id":"eS2knCRgLegeRw8bcmSWA","labelName":"Skill"},"textPosition":{"start":{"row":29,"column":0,"tokenIndex":76,"charIndex":0},"end":{"row":29,"column":0,"tokenIndex":77,"charIndex":5}},"confidenceScore":null},{"id":"1663412191","labeledBy":"AUTO","labeledByUserId":null,"acceptedByUserId":null,"rejectedByUserId":null,"layer":0,"counter":0,"status":"LABELED","hashCode":"SPAN:eS2knCRgLegeRw8bcmSWA:0:29:0:78:0:29:0:78:6:0:undefined:undefined","labelName":"eS2knCRgLegeRw8bcmSWA","labelItem":{"id":"eS2knCRgLegeRw8bcmSWA","labelName":"Skill"},"textPosition":{"start":{"row":29,"column":0,"tokenIndex":78,"charIndex":0},"end":{"row":29,"column":0,"tokenIndex":78,"charIndex":6}},"confidenceScore":null}],"arrowLabels":[],"boundingBoxLabels":[],"timeLabels":[],"comments":[],"url":"datasaur://static/6814/2e4f0a43-2043-4740-943d-21d907b435c5.txt"}}
