{"version":"1","data":{"project":{"id":"ODBjYmQ2MDg","name":"NLP SSM Final Project"},"document":{"id":"0f36fa99-6ed0-47f1-befd-11c4d3651e4f","name":"resume_819_d1.txt"},"kinds":["TOKEN_BASED"],"rows":[[{"content":"PERSONAL TRAINER Summary Hard working, seasoned customer service professional with extensive experience in face to face service and sales, seeking a new opportunity in a stable organization where I can use my skills and knowledge to make a positive contribution and assist in the growth of both the company and my personal career.","tokens":["PERSONAL","TRAINER","Summary","Hard","working,","seasoned","customer","service","professional","with","extensive","experience","in","face","to","face","service","and","sales,","seeking","a","new","opportunity","in","a","stable","organization","where","I","can","use","my","skills","and","knowledge","to","make","a","positive","contribution","and","assist","in","the","growth","of","both","the","company","and","my","personal","career."],"metadata":[]}],[{"content":"Highly motivated professional with excellent interpersonal and motivational skills Infectious enthusiasm and positive attitude Extensive experience meeting goals; both personal and professional (i.e., sales, fees, gross profit, contribution, and hours) Experience and successful track record of managing others Proven experience in sales: over $150,00 dollars sold in 3 years Building and maintaining relationships with key customers and business leaders in the community Experience gained in leading staff in business development, customer retention, recruiting, and expense management Self-motivated individual continuously striving for success Strong sense of discipline and desire to learn new skills Works well as an individual or as part of a team Ability to easily anticipate the needs and desires of customers Works well under pressure and deadlines Experience Personal Trainer , 09/2014 Company Name － City , State Provide orientation and instruction to member pertinent to apt technique, suitable exercise intensity, body mechanics, frequency and duration along with right selection and equipment usage.","tokens":["Highly","motivated","professional","with","excellent","interpersonal","and","motivational","skills","Infectious","enthusiasm","and","positive","attitude","Extensive","experience","meeting","goals;","both","personal","and","professional","(i.e.,","sales,","fees,","gross","profit,","contribution,","and","hours)","Experience","and","successful","track","record","of","managing","others","Proven","experience","in","sales:","over","$150,00","dollars","sold","in","3","years","Building","and","maintaining","relationships","with","key","customers","and","business","leaders","in","the","community","Experience","gained","in","leading","staff","in","business","development,","customer","retention,","recruiting,","and","expense","management","Self-motivated","individual","continuously","striving","for","success","Strong","sense","of","discipline","and","desire","to","learn","new","skills","Works","well","as","an","individual","or","as","part","of","a","team","Ability","to","easily","anticipate","the","needs","and","desires","of","customers","Works","well","under","pressure","and","deadlines","Experience","Personal","Trainer",",","09/2014","Company","Name","－","City",",","State","Provide","orientation","and","instruction","to","member","pertinent","to","apt","technique,","suitable","exercise","intensity,","body","mechanics,","frequency","and","duration","along","with","right","selection","and","equipment","usage."],"metadata":[]}],[{"content":"Supervise directly exercise session and perform one-on-one with all members.","tokens":["Supervise","directly","exercise","session","and","perform","one-on-one","with","all","members."],"metadata":[]}],[{"content":"Ensure to correct body mechanics, exercise technique and form.","tokens":["Ensure","to","correct","body","mechanics,","exercise","technique","and","form."],"metadata":[]}],[{"content":"Oversee individual response towards exercise and modify program as appropriate.","tokens":["Oversee","individual","response","towards","exercise","and","modify","program","as","appropriate."],"metadata":[]}],[{"content":"Forecast member needs and progress rate along with present new exercises as required to sustain progress of member.","tokens":["Forecast","member","needs","and","progress","rate","along","with","present","new","exercises","as","required","to","sustain","progress","of","member."],"metadata":[]}],[{"content":"Consult members to identify health history, personal goals, previous exercise history plus lifestyle factors affecting success potential.","tokens":["Consult","members","to","identify","health","history,","personal","goals,","previous","exercise","history","plus","lifestyle","factors","affecting","success","potential."],"metadata":[]}],[{"content":"Prepare individual exercise program on basis of health history, member's personal goals and fitness assessment results.","tokens":["Prepare","individual","exercise","program","on","basis","of","health","history,","member's","personal","goals","and","fitness","assessment","results."],"metadata":[]}],[{"content":"Maintain and manage top level of customer hospital associate plus physician satisfaction pertinent to fitness programs, exercise equipment along with interaction with all fitness associates.","tokens":["Maintain","and","manage","top","level","of","customer","hospital","associate","plus","physician","satisfaction","pertinent","to","fitness","programs,","exercise","equipment","along","with","interaction","with","all","fitness","associates."],"metadata":[]}],[{"content":"Promote affirmative, client-focused relations with all customers.","tokens":["Promote","affirmative,","client-focused","relations","with","all","customers."],"metadata":[]}],[{"content":"Maintain and update records of member training and productivity for Fitness Manager.","tokens":["Maintain","and","update","records","of","member","training","and","productivity","for","Fitness","Manager."],"metadata":[]}],[{"content":"Fitness Manager , 09/2013 to 08/2014 Company Name － City , State Recruited and train Personal Trainers in their respective job duties.","tokens":["Fitness","Manager",",","09/2013","to","08/2014","Company","Name","－","City",",","State","Recruited","and","train","Personal","Trainers","in","their","respective","job","duties."],"metadata":[]}],[{"content":"Prepared weekly schedules and work assignments for Fitness Trainers.","tokens":["Prepared","weekly","schedules","and","work","assignments","for","Fitness","Trainers."],"metadata":[]}],[{"content":"Ensured that the customers are given high quality services and assistance when needed.","tokens":["Ensured","that","the","customers","are","given","high","quality","services","and","assistance","when","needed."],"metadata":[]}],[{"content":"Assisted in developing and maintaining workout programs.","tokens":["Assisted","in","developing","and","maintaining","workout","programs."],"metadata":[]}],[{"content":"Stayed abreast on latest updates in fitness industry.","tokens":["Stayed","abreast","on","latest","updates","in","fitness","industry."],"metadata":[]}],[{"content":"Ensured gym facility is maintained clean, safe and orderly.","tokens":["Ensured","gym","facility","is","maintained","clean,","safe","and","orderly."],"metadata":[]}],[{"content":"Ensured that gym equipment was kept in good working condition.","tokens":["Ensured","that","gym","equipment","was","kept","in","good","working","condition."],"metadata":[]}],[{"content":"Monitored the initial workouts of new customers and provide feedback.","tokens":["Monitored","the","initial","workouts","of","new","customers","and","provide","feedback."],"metadata":[]}],[{"content":"Offer various fitness programs to suite customer's specific needs.","tokens":["Offer","various","fitness","programs","to","suite","customer's","specific","needs."],"metadata":[]}],[{"content":"Work with other staffs to achieve monthly target.","tokens":["Work","with","other","staffs","to","achieve","monthly","target."],"metadata":[]}],[{"content":"Ensure that all staffs follow center's procedures and policies.","tokens":["Ensure","that","all","staffs","follow","center's","procedures","and","policies."],"metadata":[]}],[{"content":"Enhance revenue by providing additional discounts and services to existing and new customers.","tokens":["Enhance","revenue","by","providing","additional","discounts","and","services","to","existing","and","new","customers."],"metadata":[]}],[{"content":"Supervise day-to-day operations of the gym and personal training sessions.","tokens":["Supervise","day-to-day","operations","of","the","gym","and","personal","training","sessions."],"metadata":[]}],[{"content":"Organize educational training, seminars and meetings for personal training staff for professional growth.","tokens":["Organize","educational","training,","seminars","and","meetings","for","personal","training","staff","for","professional","growth."],"metadata":[]}],[{"content":"Resolve issues and complaints pertaining to personal training from customers.","tokens":["Resolve","issues","and","complaints","pertaining","to","personal","training","from","customers."],"metadata":[]}],[{"content":"Implement customer suggestions and recommendations to optimize training program.","tokens":["Implement","customer","suggestions","and","recommendations","to","optimize","training","program."],"metadata":[]}],[{"content":"Schedule and conduct gym tours to new customers.","tokens":["Schedule","and","conduct","gym","tours","to","new","customers."],"metadata":[]}],[{"content":"Maintain all paperwork regarding personal training schedules and procedures.","tokens":["Maintain","all","paperwork","regarding","personal","training","schedules","and","procedures."],"metadata":[]}],[{"content":"Fitness Manager/ Master Trainer , 08/2010 to 09/2013 Company Name － City , State Served as liaison between the general manager and fitness consultant staff.","tokens":["Fitness","Manager/","Master","Trainer",",","08/2010","to","09/2013","Company","Name","－","City",",","State","Served","as","liaison","between","the","general","manager","and","fitness","consultant","staff."],"metadata":[]}],[{"content":"Assisted the fitness coordinator with the daily operations.","tokens":["Assisted","the","fitness","coordinator","with","the","daily","operations."],"metadata":[]}],[{"content":"Enforce all fitness-related policies and procedures.","tokens":["Enforce","all","fitness-related","policies","and","procedures."],"metadata":[]}],[{"content":"Execute risk management plan.","tokens":["Execute","risk","management","plan."],"metadata":[]}],[{"content":"Recruited, hired, trained, scheduled and assisted in the evaluation of personal trainers, fitness consultants and other staff.","tokens":["Recruited,","hired,","trained,","scheduled","and","assisted","in","the","evaluation","of","personal","trainers,","fitness","consultants","and","other","staff."],"metadata":[]}],[{"content":"Organized and manage all staff meetings.","tokens":["Organized","and","manage","all","staff","meetings."],"metadata":[]}],[{"content":"Coordinated continuing education workshops.","tokens":["Coordinated","continuing","education","workshops."],"metadata":[]}],[{"content":"Verified fitness attendant payroll at the end of each pay period.","tokens":["Verified","fitness","attendant","payroll","at","the","end","of","each","pay","period."],"metadata":[]}],[{"content":"Maintained fitness activity areas inventory.","tokens":["Maintained","fitness","activity","areas","inventory."],"metadata":[]}],[{"content":"Making recommendations for fitness center purchasing.","tokens":["Making","recommendations","for","fitness","center","purchasing."],"metadata":[]}],[{"content":"Assisted general manager with substitution process providing facility coverage when needed.","tokens":["Assisted","general","manager","with","substitution","process","providing","facility","coverage","when","needed."],"metadata":[]}],[{"content":"Served as liaison between the fitness attendant staff and equipment technician staff.","tokens":["Served","as","liaison","between","the","fitness","attendant","staff","and","equipment","technician","staff."],"metadata":[]}],[{"content":"Personal Trainer , 12/2008 to 09/2010 Company Name － City , State Assessed the needs and capabilities of individuals through fitness assessment procedures.","tokens":["Personal","Trainer",",","12/2008","to","09/2010","Company","Name","－","City",",","State","Assessed","the","needs","and","capabilities","of","individuals","through","fitness","assessment","procedures."],"metadata":[]}],[{"content":"Advised individuals on the correct method and use of exercise machines and devices including weights.","tokens":["Advised","individuals","on","the","correct","method","and","use","of","exercise","machines","and","devices","including","weights."],"metadata":[]}],[{"content":"Developed individual exercise programs for individuals based on age and fitness levels.","tokens":["Developed","individual","exercise","programs","for","individuals","based","on","age","and","fitness","levels."],"metadata":[]}],[{"content":"Provided instruction in a variety of fitness activities including non-gym related activities.","tokens":["Provided","instruction","in","a","variety","of","fitness","activities","including","non-gym","related","activities."],"metadata":[]}],[{"content":"Motivated clients to work to his/her maximum and safe potential for the entire workout.","tokens":["Motivated","clients","to","work","to","his/her","maximum","and","safe","potential","for","the","entire","workout."],"metadata":[]}],[{"content":"Assured all exercises are done with proper form and technique maximizing results.","tokens":["Assured","all","exercises","are","done","with","proper","form","and","technique","maximizing","results."],"metadata":[]}],[{"content":"Helped clients develop realistic, attainable goals and continually modifying training objectives.","tokens":["Helped","clients","develop","realistic,","attainable","goals","and","continually","modifying","training","objectives."],"metadata":[]}],[{"content":"Education Bachelor of Science : Exercise Science and Human Performance , 1 2008 Exercise Science and Human Performance A.A : Exercise Science , 1 2006 Mesabi Range Community College － State Exercise Science AFPA Nutrition Certification Completion Buena Vista University － City , State Skills apt, consultant, client, clients, general manager, instruction, inventory, meetings, payroll, policies, progress, purchasing, quality, risk management, seminars, technician, workshops","tokens":["Education","Bachelor","of","Science",":","Exercise","Science","and","Human","Performance",",","1","2008","Exercise","Science","and","Human","Performance","A.A",":","Exercise","Science",",","1","2006","Mesabi","Range","Community","College","－","State","Exercise","Science","AFPA","Nutrition","Certification","Completion","Buena","Vista","University","－","City",",","State","Skills","apt,","consultant,","client,","clients,","general","manager,","instruction,","inventory,","meetings,","payroll,","policies,","progress,","purchasing,","quality,","risk","management,","seminars,","technician,","workshops"],"metadata":[]}]],"labelerInfo":{"id":6814,"email":"cwilhel8@jh.edu","displayName":"Chris Wilhelm"},"labelSets":[{"name":"Resume Labels","index":0,"labelItems":[{"id":"Kj5U6n9NUqTXuWcB3c_7L","labelName":"College"},{"id":"rj7TW0-ymuRo6f_asXJab","labelName":"Company Name"},{"id":"SJEkdao76hjwbb6Fh5SY6","labelName":"Job Title"},{"id":"BjO8MdvK2KI4E5iMEeY4B","labelName":"Graduation Year"},{"id":"eS2knCRgLegeRw8bcmSWA","labelName":"Skill"},{"id":"IeEoIKabMl51BJE0gX2YL","labelName":"Degree"},{"id":"1R0C50AAwFbEp2O0WmRv6","labelName":"Location"},{"id":"zQcc4ygexJ_A3Gb0NeRTk","labelName":"Years of Experience"},{"id":"52S_6moRfhjC-yXgIBeCp","labelName":"Date"},{"id":"KiLarWmwlU1E3-FfdG6Qg","labelName":"Project"},{"id":"dyxKKTAxW1z5ifjPj42BI","labelName":"Name"}]}],"spanLabels":[{"id":"1663381517","labeledBy":"AUTO","labeledByUserId":null,"acceptedByUserId":null,"rejectedByUserId":null,"layer":0,"counter":0,"status":"LABELED","hashCode":"SPAN:SJEkdao76hjwbb6Fh5SY6:0:0:0:0:0:0:0:1:6:0:undefined:undefined","labelName":"SJEkdao76hjwbb6Fh5SY6","labelItem":{"id":"SJEkdao76hjwbb6Fh5SY6","labelName":"Job Title"},"textPosition":{"start":{"row":0,"column":0,"tokenIndex":0,"charIndex":0},"end":{"row":0,"column":0,"tokenIndex":1,"charIndex":6}},"confidenceScore":null},{"id":"1663381520","labeledBy":"AUTO","labeledByUserId":null,"acceptedByUserId":null,"rejectedByUserId":null,"layer":0,"counter":0,"status":"LABELED","hashCode":"SPAN:eS2knCRgLegeRw8bcmSWA:0:0:0:3:0:0:0:4:7:0:undefined:undefined","labelName":"eS2knCRgLegeRw8bcmSWA","labelItem":{"id":"eS2knCRgLegeRw8bcmSWA","labelName":"Skill"},"textPosition":{"start":{"row":0,"column":0,"tokenIndex":3,"charIndex":0},"end":{"row":0,"column":0,"tokenIndex":4,"charIndex":7}},"confidenceScore":null},{"id":"1663381523","labeledBy":"AUTO","labeledByUserId":null,"acceptedByUserId":null,"rejectedByUserId":null,"layer":0,"counter":0,"status":"LABELED","hashCode":"SPAN:eS2knCRgLegeRw8bcmSWA:0:0:0:6:0:0:0:7:6:0:undefined:undefined","labelName":"eS2knCRgLegeRw8bcmSWA","labelItem":{"id":"eS2knCRgLegeRw8bcmSWA","labelName":"Skill"},"textPosition":{"start":{"row":0,"column":0,"tokenIndex":6,"charIndex":0},"end":{"row":0,"column":0,"tokenIndex":7,"charIndex":6}},"confidenceScore":null},{"id":"1663381706","labeledBy":"AUTO","labeledByUserId":null,"acceptedByUserId":null,"rejectedByUserId":null,"layer":0,"counter":0,"status":"LABELED","hashCode":"SPAN:eS2knCRgLegeRw8bcmSWA:0:0:0:13:0:0:0:16:6:0:undefined:undefined","labelName":"eS2knCRgLegeRw8bcmSWA","labelItem":{"id":"eS2knCRgLegeRw8bcmSWA","labelName":"Skill"},"textPosition":{"start":{"row":0,"column":0,"tokenIndex":13,"charIndex":0},"end":{"row":0,"column":0,"tokenIndex":16,"charIndex":6}},"confidenceScore":null},{"id":"1663381709","labeledBy":"AUTO","labeledByUserId":null,"acceptedByUserId":null,"rejectedByUserId":null,"layer":0,"counter":0,"status":"LABELED","hashCode":"SPAN:eS2knCRgLegeRw8bcmSWA:0:0:0:18:0:0:0:18:5:0:undefined:undefined","labelName":"eS2knCRgLegeRw8bcmSWA","labelItem":{"id":"eS2knCRgLegeRw8bcmSWA","labelName":"Skill"},"textPosition":{"start":{"row":0,"column":0,"tokenIndex":18,"charIndex":0},"end":{"row":0,"column":0,"tokenIndex":18,"charIndex":5}},"confidenceScore":null},{"id":"1663382154","labeledBy":"AUTO","labeledByUserId":null,"acceptedByUserId":null,"rejectedByUserId":null,"layer":0,"counter":0,"status":"LABELED","hashCode":"SPAN:eS2knCRgLegeRw8bcmSWA:0:1:0:0:0:1:0:1:8:0:undefined:undefined","labelName":"eS2knCRgLegeRw8bcmSWA","labelItem":{"id":"eS2knCRgLegeRw8bcmSWA","labelName":"Skill"},"textPosition":{"start":{"row":1,"column":0,"tokenIndex":0,"charIndex":0},"end":{"row":1,"column":0,"tokenIndex":1,"charIndex":8}},"confidenceScore":null},{"id":"1663382157","labeledBy":"AUTO","labeledByUserId":null,"acceptedByUserId":null,"rejectedByUserId":null,"layer":0,"counter":0,"status":"LABELED","hashCode":"SPAN:eS2knCRgLegeRw8bcmSWA:0:1:0:5:0:1:0:5:12:0:undefined:undefined","labelName":"eS2knCRgLegeRw8bcmSWA","labelItem":{"id":"eS2knCRgLegeRw8bcmSWA","labelName":"Skill"},"textPosition":{"start":{"row":1,"column":0,"tokenIndex":5,"charIndex":0},"end":{"row":1,"column":0,"tokenIndex":5,"charIndex":12}},"confidenceScore":null},{"id":"1663382160","labeledBy":"AUTO","labeledByUserId":null,"acceptedByUserId":null,"rejectedByUserId":null,"layer":0,"counter":0,"status":"LABELED","hashCode":"SPAN:eS2knCRgLegeRw8bcmSWA:0:1:0:7:0:1:0:7:11:0:undefined:undefined","labelName":"eS2knCRgLegeRw8bcmSWA","labelItem":{"id":"eS2knCRgLegeRw8bcmSWA","labelName":"Skill"},"textPosition":{"start":{"row":1,"column":0,"tokenIndex":7,"charIndex":0},"end":{"row":1,"column":0,"tokenIndex":7,"charIndex":11}},"confidenceScore":null},{"id":"1663382163","labeledBy":"AUTO","labeledByUserId":null,"acceptedByUserId":null,"rejectedByUserId":null,"layer":0,"counter":0,"status":"LABELED","hashCode":"SPAN:eS2knCRgLegeRw8bcmSWA:0:1:0:9:0:1:0:10:9:0:undefined:undefined","labelName":"eS2knCRgLegeRw8bcmSWA","labelItem":{"id":"eS2knCRgLegeRw8bcmSWA","labelName":"Skill"},"textPosition":{"start":{"row":1,"column":0,"tokenIndex":9,"charIndex":0},"end":{"row":1,"column":0,"tokenIndex":10,"charIndex":9}},"confidenceScore":null},{"id":"1663382166","labeledBy":"AUTO","labeledByUserId":null,"acceptedByUserId":null,"rejectedByUserId":null,"layer":0,"counter":0,"status":"LABELED","hashCode":"SPAN:eS2knCRgLegeRw8bcmSWA:0:1:0:12:0:1:0:13:7:0:undefined:undefined","labelName":"eS2knCRgLegeRw8bcmSWA","labelItem":{"id":"eS2knCRgLegeRw8bcmSWA","labelName":"Skill"},"textPosition":{"start":{"row":1,"column":0,"tokenIndex":12,"charIndex":0},"end":{"row":1,"column":0,"tokenIndex":13,"charIndex":7}},"confidenceScore":null},{"id":"1663382175","labeledBy":"AUTO","labeledByUserId":null,"acceptedByUserId":null,"rejectedByUserId":null,"layer":0,"counter":0,"status":"LABELED","hashCode":"SPAN:eS2knCRgLegeRw8bcmSWA:0:1:0:16:0:1:0:17:5:0:undefined:undefined","labelName":"eS2knCRgLegeRw8bcmSWA","labelItem":{"id":"eS2knCRgLegeRw8bcmSWA","labelName":"Skill"},"textPosition":{"start":{"row":1,"column":0,"tokenIndex":16,"charIndex":0},"end":{"row":1,"column":0,"tokenIndex":17,"charIndex":5}},"confidenceScore":null},{"id":"1663382181","labeledBy":"AUTO","labeledByUserId":null,"acceptedByUserId":null,"rejectedByUserId":null,"layer":0,"counter":0,"status":"LABELED","hashCode":"SPAN:eS2knCRgLegeRw8bcmSWA:0:1:0:23:0:1:0:23:5:0:undefined:undefined","labelName":"eS2knCRgLegeRw8bcmSWA","labelItem":{"id":"eS2knCRgLegeRw8bcmSWA","labelName":"Skill"},"textPosition":{"start":{"row":1,"column":0,"tokenIndex":23,"charIndex":0},"end":{"row":1,"column":0,"tokenIndex":23,"charIndex":5}},"confidenceScore":null},{"id":"1663382184","labeledBy":"AUTO","labeledByUserId":null,"acceptedByUserId":null,"rejectedByUserId":null,"layer":0,"counter":0,"status":"LABELED","hashCode":"SPAN:eS2knCRgLegeRw8bcmSWA:0:1:0:24:0:1:0:24:4:0:undefined:undefined","labelName":"eS2knCRgLegeRw8bcmSWA","labelItem":{"id":"eS2knCRgLegeRw8bcmSWA","labelName":"Skill"},"textPosition":{"start":{"row":1,"column":0,"tokenIndex":24,"charIndex":0},"end":{"row":1,"column":0,"tokenIndex":24,"charIndex":4}},"confidenceScore":null},{"id":"1663382190","labeledBy":"AUTO","labeledByUserId":null,"acceptedByUserId":null,"rejectedByUserId":null,"layer":0,"counter":0,"status":"LABELED","hashCode":"SPAN:eS2knCRgLegeRw8bcmSWA:0:1:0:25:0:1:0:26:6:0:undefined:undefined","labelName":"eS2knCRgLegeRw8bcmSWA","labelItem":{"id":"eS2knCRgLegeRw8bcmSWA","labelName":"Skill"},"textPosition":{"start":{"row":1,"column":0,"tokenIndex":25,"charIndex":0},"end":{"row":1,"column":0,"tokenIndex":26,"charIndex":6}},"confidenceScore":null},{"id":"1663382193","labeledBy":"AUTO","labeledByUserId":null,"acceptedByUserId":null,"rejectedByUserId":null,"layer":0,"counter":0,"status":"LABELED","hashCode":"SPAN:eS2knCRgLegeRw8bcmSWA:0:1:0:27:0:1:0:27:12:0:undefined:undefined","labelName":"eS2knCRgLegeRw8bcmSWA","labelItem":{"id":"eS2knCRgLegeRw8bcmSWA","labelName":"Skill"},"textPosition":{"start":{"row":1,"column":0,"tokenIndex":27,"charIndex":0},"end":{"row":1,"column":0,"tokenIndex":27,"charIndex":12}},"confidenceScore":null},{"id":"1663382196","labeledBy":"AUTO","labeledByUserId":null,"acceptedByUserId":null,"rejectedByUserId":null,"layer":0,"counter":0,"status":"LABELED","hashCode":"SPAN:eS2knCRgLegeRw8bcmSWA:0:1:0:29:0:1:0:29:5:0:undefined:undefined","labelName":"eS2knCRgLegeRw8bcmSWA","labelItem":{"id":"eS2knCRgLegeRw8bcmSWA","labelName":"Skill"},"textPosition":{"start":{"row":1,"column":0,"tokenIndex":29,"charIndex":0},"end":{"row":1,"column":0,"tokenIndex":29,"charIndex":5}},"confidenceScore":null},{"id":"1663382202","labeledBy":"AUTO","labeledByUserId":null,"acceptedByUserId":null,"rejectedByUserId":null,"layer":0,"counter":0,"status":"LABELED","hashCode":"SPAN:eS2knCRgLegeRw8bcmSWA:0:1:0:36:0:1:0:37:5:0:undefined:undefined","labelName":"eS2knCRgLegeRw8bcmSWA","labelItem":{"id":"eS2knCRgLegeRw8bcmSWA","labelName":"Skill"},"textPosition":{"start":{"row":1,"column":0,"tokenIndex":36,"charIndex":0},"end":{"row":1,"column":0,"tokenIndex":37,"charIndex":5}},"confidenceScore":null},{"id":"1663382205","labeledBy":"AUTO","labeledByUserId":null,"acceptedByUserId":null,"rejectedByUserId":null,"layer":0,"counter":0,"status":"LABELED","hashCode":"SPAN:eS2knCRgLegeRw8bcmSWA:0:1:0:41:0:1:0:41:5:0:undefined:undefined","labelName":"eS2knCRgLegeRw8bcmSWA","labelItem":{"id":"eS2knCRgLegeRw8bcmSWA","labelName":"Skill"},"textPosition":{"start":{"row":1,"column":0,"tokenIndex":41,"charIndex":0},"end":{"row":1,"column":0,"tokenIndex":41,"charIndex":5}},"confidenceScore":null},{"id":"1663382217","labeledBy":"AUTO","labeledByUserId":null,"acceptedByUserId":null,"rejectedByUserId":null,"layer":0,"counter":0,"status":"LABELED","hashCode":"SPAN:eS2knCRgLegeRw8bcmSWA:0:1:0:52:0:1:0:55:8:0:undefined:undefined","labelName":"eS2knCRgLegeRw8bcmSWA","labelItem":{"id":"eS2knCRgLegeRw8bcmSWA","labelName":"Skill"},"textPosition":{"start":{"row":1,"column":0,"tokenIndex":52,"charIndex":0},"end":{"row":1,"column":0,"tokenIndex":55,"charIndex":8}},"confidenceScore":null},{"id":"1663382220","labeledBy":"AUTO","labeledByUserId":null,"acceptedByUserId":null,"rejectedByUserId":null,"layer":0,"counter":0,"status":"LABELED","hashCode":"SPAN:eS2knCRgLegeRw8bcmSWA:0:1:0:57:0:1:0:58:6:0:undefined:undefined","labelName":"eS2knCRgLegeRw8bcmSWA","labelItem":{"id":"eS2knCRgLegeRw8bcmSWA","labelName":"Skill"},"textPosition":{"start":{"row":1,"column":0,"tokenIndex":57,"charIndex":0},"end":{"row":1,"column":0,"tokenIndex":58,"charIndex":6}},"confidenceScore":null},{"id":"1663382226","labeledBy":"AUTO","labeledByUserId":null,"acceptedByUserId":null,"rejectedByUserId":null,"layer":0,"counter":0,"status":"LABELED","hashCode":"SPAN:eS2knCRgLegeRw8bcmSWA:0:1:0:68:0:1:0:69:11:0:undefined:undefined","labelName":"eS2knCRgLegeRw8bcmSWA","labelItem":{"id":"eS2knCRgLegeRw8bcmSWA","labelName":"Skill"},"textPosition":{"start":{"row":1,"column":0,"tokenIndex":68,"charIndex":0},"end":{"row":1,"column":0,"tokenIndex":69,"charIndex":11}},"confidenceScore":null},{"id":"1663382232","labeledBy":"AUTO","labeledByUserId":null,"acceptedByUserId":null,"rejectedByUserId":null,"layer":0,"counter":0,"status":"LABELED","hashCode":"SPAN:eS2knCRgLegeRw8bcmSWA:0:1:0:70:0:1:0:71:9:0:undefined:undefined","labelName":"eS2knCRgLegeRw8bcmSWA","labelItem":{"id":"eS2knCRgLegeRw8bcmSWA","labelName":"Skill"},"textPosition":{"start":{"row":1,"column":0,"tokenIndex":70,"charIndex":0},"end":{"row":1,"column":0,"tokenIndex":71,"charIndex":9}},"confidenceScore":null},{"id":"1663382235","labeledBy":"AUTO","labeledByUserId":null,"acceptedByUserId":null,"rejectedByUserId":null,"layer":0,"counter":0,"status":"LABELED","hashCode":"SPAN:eS2knCRgLegeRw8bcmSWA:0:1:0:72:0:1:0:72:10:0:undefined:undefined","labelName":"eS2knCRgLegeRw8bcmSWA","labelItem":{"id":"eS2knCRgLegeRw8bcmSWA","labelName":"Skill"},"textPosition":{"start":{"row":1,"column":0,"tokenIndex":72,"charIndex":0},"end":{"row":1,"column":0,"tokenIndex":72,"charIndex":10}},"confidenceScore":null},{"id":"1663382244","labeledBy":"AUTO","labeledByUserId":null,"acceptedByUserId":null,"rejectedByUserId":null,"layer":0,"counter":0,"status":"LABELED","hashCode":"SPAN:eS2knCRgLegeRw8bcmSWA:0:1:0:74:0:1:0:75:9:0:undefined:undefined","labelName":"eS2knCRgLegeRw8bcmSWA","labelItem":{"id":"eS2knCRgLegeRw8bcmSWA","labelName":"Skill"},"textPosition":{"start":{"row":1,"column":0,"tokenIndex":74,"charIndex":0},"end":{"row":1,"column":0,"tokenIndex":75,"charIndex":9}},"confidenceScore":null},{"id":"1663382247","labeledBy":"AUTO","labeledByUserId":null,"acceptedByUserId":null,"rejectedByUserId":null,"layer":0,"counter":0,"status":"LABELED","hashCode":"SPAN:eS2knCRgLegeRw8bcmSWA:0:1:0:76:0:1:0:76:13:0:undefined:undefined","labelName":"eS2knCRgLegeRw8bcmSWA","labelItem":{"id":"eS2knCRgLegeRw8bcmSWA","labelName":"Skill"},"textPosition":{"start":{"row":1,"column":0,"tokenIndex":76,"charIndex":0},"end":{"row":1,"column":0,"tokenIndex":76,"charIndex":13}},"confidenceScore":null},{"id":"1663382253","labeledBy":"AUTO","labeledByUserId":null,"acceptedByUserId":null,"rejectedByUserId":null,"layer":0,"counter":0,"status":"LABELED","hashCode":"SPAN:eS2knCRgLegeRw8bcmSWA:0:1:0:85:0:1:0:85:9:0:undefined:undefined","labelName":"eS2knCRgLegeRw8bcmSWA","labelItem":{"id":"eS2knCRgLegeRw8bcmSWA","labelName":"Skill"},"textPosition":{"start":{"row":1,"column":0,"tokenIndex":85,"charIndex":0},"end":{"row":1,"column":0,"tokenIndex":85,"charIndex":9}},"confidenceScore":null},{"id":"1663382256","labeledBy":"AUTO","labeledByUserId":null,"acceptedByUserId":null,"rejectedByUserId":null,"layer":0,"counter":0,"status":"LABELED","hashCode":"SPAN:eS2knCRgLegeRw8bcmSWA:0:1:0:87:0:1:0:89:4:0:undefined:undefined","labelName":"eS2knCRgLegeRw8bcmSWA","labelItem":{"id":"eS2knCRgLegeRw8bcmSWA","labelName":"Skill"},"textPosition":{"start":{"row":1,"column":0,"tokenIndex":87,"charIndex":0},"end":{"row":1,"column":0,"tokenIndex":89,"charIndex":4}},"confidenceScore":null},{"id":"1663382262","labeledBy":"AUTO","labeledByUserId":null,"acceptedByUserId":null,"rejectedByUserId":null,"layer":0,"counter":0,"status":"LABELED","hashCode":"SPAN:eS2knCRgLegeRw8bcmSWA:0:1:0:96:0:1:0:96:9:0:undefined:undefined","labelName":"eS2knCRgLegeRw8bcmSWA","labelItem":{"id":"eS2knCRgLegeRw8bcmSWA","labelName":"Skill"},"textPosition":{"start":{"row":1,"column":0,"tokenIndex":96,"charIndex":0},"end":{"row":1,"column":0,"tokenIndex":96,"charIndex":9}},"confidenceScore":null},{"id":"1663382268","labeledBy":"AUTO","labeledByUserId":null,"acceptedByUserId":null,"rejectedByUserId":null,"layer":0,"counter":0,"status":"LABELED","hashCode":"SPAN:eS2knCRgLegeRw8bcmSWA:0:1:0:102:0:1:0:102:3:0:undefined:undefined","labelName":"eS2knCRgLegeRw8bcmSWA","labelItem":{"id":"eS2knCRgLegeRw8bcmSWA","labelName":"Skill"},"textPosition":{"start":{"row":1,"column":0,"tokenIndex":102,"charIndex":0},"end":{"row":1,"column":0,"tokenIndex":102,"charIndex":3}},"confidenceScore":null},{"id":"1663382271","labeledBy":"AUTO","labeledByUserId":null,"acceptedByUserId":null,"rejectedByUserId":null,"layer":0,"counter":0,"status":"LABELED","hashCode":"SPAN:eS2knCRgLegeRw8bcmSWA:0:1:0:118:0:1:0:118:8:0:undefined:undefined","labelName":"eS2knCRgLegeRw8bcmSWA","labelItem":{"id":"eS2knCRgLegeRw8bcmSWA","labelName":"Skill"},"textPosition":{"start":{"row":1,"column":0,"tokenIndex":118,"charIndex":0},"end":{"row":1,"column":0,"tokenIndex":118,"charIndex":8}},"confidenceScore":null},{"id":"1663382277","labeledBy":"AUTO","labeledByUserId":null,"acceptedByUserId":null,"rejectedByUserId":null,"layer":0,"counter":0,"status":"LABELED","hashCode":"SPAN:SJEkdao76hjwbb6Fh5SY6:0:1:0:120:0:1:0:121:6:0:undefined:undefined","labelName":"SJEkdao76hjwbb6Fh5SY6","labelItem":{"id":"SJEkdao76hjwbb6Fh5SY6","labelName":"Job Title"},"textPosition":{"start":{"row":1,"column":0,"tokenIndex":120,"charIndex":0},"end":{"row":1,"column":0,"tokenIndex":121,"charIndex":6}},"confidenceScore":null},{"id":"1663382280","labeledBy":"AUTO","labeledByUserId":null,"acceptedByUserId":null,"rejectedByUserId":null,"layer":0,"counter":0,"status":"LABELED","hashCode":"SPAN:52S_6moRfhjC-yXgIBeCp:0:1:0:123:0:1:0:123:6:0:undefined:undefined","labelName":"52S_6moRfhjC-yXgIBeCp","labelItem":{"id":"52S_6moRfhjC-yXgIBeCp","labelName":"Date"},"textPosition":{"start":{"row":1,"column":0,"tokenIndex":123,"charIndex":0},"end":{"row":1,"column":0,"tokenIndex":123,"charIndex":6}},"confidenceScore":null},{"id":"1663382286","labeledBy":"AUTO","labeledByUserId":null,"acceptedByUserId":null,"rejectedByUserId":null,"layer":0,"counter":0,"status":"LABELED","hashCode":"SPAN:rj7TW0-ymuRo6f_asXJab:0:1:0:124:0:1:0:125:3:0:undefined:undefined","labelName":"rj7TW0-ymuRo6f_asXJab","labelItem":{"id":"rj7TW0-ymuRo6f_asXJab","labelName":"Company Name"},"textPosition":{"start":{"row":1,"column":0,"tokenIndex":124,"charIndex":0},"end":{"row":1,"column":0,"tokenIndex":125,"charIndex":3}},"confidenceScore":null},{"id":"1663382289","labeledBy":"AUTO","labeledByUserId":null,"acceptedByUserId":null,"rejectedByUserId":null,"layer":0,"counter":0,"status":"LABELED","hashCode":"SPAN:1R0C50AAwFbEp2O0WmRv6:0:1:0:127:0:1:0:127:3:0:undefined:undefined","labelName":"1R0C50AAwFbEp2O0WmRv6","labelItem":{"id":"1R0C50AAwFbEp2O0WmRv6","labelName":"Location"},"textPosition":{"start":{"row":1,"column":0,"tokenIndex":127,"charIndex":0},"end":{"row":1,"column":0,"tokenIndex":127,"charIndex":3}},"confidenceScore":null},{"id":"1663382292","labeledBy":"AUTO","labeledByUserId":null,"acceptedByUserId":null,"rejectedByUserId":null,"layer":0,"counter":0,"status":"LABELED","hashCode":"SPAN:1R0C50AAwFbEp2O0WmRv6:0:1:0:129:0:1:0:129:4:0:undefined:undefined","labelName":"1R0C50AAwFbEp2O0WmRv6","labelItem":{"id":"1R0C50AAwFbEp2O0WmRv6","labelName":"Location"},"textPosition":{"start":{"row":1,"column":0,"tokenIndex":129,"charIndex":0},"end":{"row":1,"column":0,"tokenIndex":129,"charIndex":4}},"confidenceScore":null},{"id":"1663382298","labeledBy":"AUTO","labeledByUserId":null,"acceptedByUserId":null,"rejectedByUserId":null,"layer":0,"counter":0,"status":"LABELED","hashCode":"SPAN:eS2knCRgLegeRw8bcmSWA:0:1:0:133:0:1:0:133:10:0:undefined:undefined","labelName":"eS2knCRgLegeRw8bcmSWA","labelItem":{"id":"eS2knCRgLegeRw8bcmSWA","labelName":"Skill"},"textPosition":{"start":{"row":1,"column":0,"tokenIndex":133,"charIndex":0},"end":{"row":1,"column":0,"tokenIndex":133,"charIndex":10}},"confidenceScore":null},{"id":"1663382301","labeledBy":"AUTO","labeledByUserId":null,"acceptedByUserId":null,"rejectedByUserId":null,"layer":0,"counter":0,"status":"LABELED","hashCode":"SPAN:eS2knCRgLegeRw8bcmSWA:0:1:0:139:0:1:0:139:9:0:undefined:undefined","labelName":"eS2knCRgLegeRw8bcmSWA","labelItem":{"id":"eS2knCRgLegeRw8bcmSWA","labelName":"Skill"},"textPosition":{"start":{"row":1,"column":0,"tokenIndex":139,"charIndex":0},"end":{"row":1,"column":0,"tokenIndex":139,"charIndex":9}},"confidenceScore":null},{"id":"1663382307","labeledBy":"AUTO","labeledByUserId":null,"acceptedByUserId":null,"rejectedByUserId":null,"layer":0,"counter":0,"status":"LABELED","hashCode":"SPAN:eS2knCRgLegeRw8bcmSWA:0:1:0:140:0:1:0:142:9:0:undefined:undefined","labelName":"eS2knCRgLegeRw8bcmSWA","labelItem":{"id":"eS2knCRgLegeRw8bcmSWA","labelName":"Skill"},"textPosition":{"start":{"row":1,"column":0,"tokenIndex":140,"charIndex":0},"end":{"row":1,"column":0,"tokenIndex":142,"charIndex":9}},"confidenceScore":null},{"id":"1663382310","labeledBy":"AUTO","labeledByUserId":null,"acceptedByUserId":null,"rejectedByUserId":null,"layer":0,"counter":0,"status":"LABELED","hashCode":"SPAN:eS2knCRgLegeRw8bcmSWA:0:1:0:143:0:1:0:144:9:0:undefined:undefined","labelName":"eS2knCRgLegeRw8bcmSWA","labelItem":{"id":"eS2knCRgLegeRw8bcmSWA","labelName":"Skill"},"textPosition":{"start":{"row":1,"column":0,"tokenIndex":143,"charIndex":0},"end":{"row":1,"column":0,"tokenIndex":144,"charIndex":9}},"confidenceScore":null},{"id":"1663382313","labeledBy":"AUTO","labeledByUserId":null,"acceptedByUserId":null,"rejectedByUserId":null,"layer":0,"counter":0,"status":"LABELED","hashCode":"SPAN:eS2knCRgLegeRw8bcmSWA:0:1:0:145:0:1:0:145:8:0:undefined:undefined","labelName":"eS2knCRgLegeRw8bcmSWA","labelItem":{"id":"eS2knCRgLegeRw8bcmSWA","labelName":"Skill"},"textPosition":{"start":{"row":1,"column":0,"tokenIndex":145,"charIndex":0},"end":{"row":1,"column":0,"tokenIndex":145,"charIndex":8}},"confidenceScore":null},{"id":"1663382319","labeledBy":"AUTO","labeledByUserId":null,"acceptedByUserId":null,"rejectedByUserId":null,"layer":0,"counter":0,"status":"LABELED","hashCode":"SPAN:eS2knCRgLegeRw8bcmSWA:0:1:0:147:0:1:0:147:7:0:undefined:undefined","labelName":"eS2knCRgLegeRw8bcmSWA","labelItem":{"id":"eS2knCRgLegeRw8bcmSWA","labelName":"Skill"},"textPosition":{"start":{"row":1,"column":0,"tokenIndex":147,"charIndex":0},"end":{"row":1,"column":0,"tokenIndex":147,"charIndex":7}},"confidenceScore":null},{"id":"1663382325","labeledBy":"AUTO","labeledByUserId":null,"acceptedByUserId":null,"rejectedByUserId":null,"layer":0,"counter":0,"status":"LABELED","hashCode":"SPAN:eS2knCRgLegeRw8bcmSWA:0:2:0:0:0:2:0:0:8:0:undefined:undefined","labelName":"eS2knCRgLegeRw8bcmSWA","labelItem":{"id":"eS2knCRgLegeRw8bcmSWA","labelName":"Skill"},"textPosition":{"start":{"row":2,"column":0,"tokenIndex":0,"charIndex":0},"end":{"row":2,"column":0,"tokenIndex":0,"charIndex":8}},"confidenceScore":null},{"id":"1663382343","labeledBy":"AUTO","labeledByUserId":null,"acceptedByUserId":null,"rejectedByUserId":null,"layer":0,"counter":0,"status":"LABELED","hashCode":"SPAN:eS2knCRgLegeRw8bcmSWA:0:3:0:3:0:3:0:4:9:0:undefined:undefined","labelName":"eS2knCRgLegeRw8bcmSWA","labelItem":{"id":"eS2knCRgLegeRw8bcmSWA","labelName":"Skill"},"textPosition":{"start":{"row":3,"column":0,"tokenIndex":3,"charIndex":0},"end":{"row":3,"column":0,"tokenIndex":4,"charIndex":9}},"confidenceScore":null},{"id":"1663382346","labeledBy":"AUTO","labeledByUserId":null,"acceptedByUserId":null,"rejectedByUserId":null,"layer":0,"counter":0,"status":"LABELED","hashCode":"SPAN:eS2knCRgLegeRw8bcmSWA:0:3:0:5:0:3:0:8:4:0:undefined:undefined","labelName":"eS2knCRgLegeRw8bcmSWA","labelItem":{"id":"eS2knCRgLegeRw8bcmSWA","labelName":"Skill"},"textPosition":{"start":{"row":3,"column":0,"tokenIndex":5,"charIndex":0},"end":{"row":3,"column":0,"tokenIndex":8,"charIndex":4}},"confidenceScore":null},{"id":"1663382349","labeledBy":"AUTO","labeledByUserId":null,"acceptedByUserId":null,"rejectedByUserId":null,"layer":0,"counter":0,"status":"LABELED","hashCode":"SPAN:eS2knCRgLegeRw8bcmSWA:0:5:0:0:0:5:0:2:4:0:undefined:undefined","labelName":"eS2knCRgLegeRw8bcmSWA","labelItem":{"id":"eS2knCRgLegeRw8bcmSWA","labelName":"Skill"},"textPosition":{"start":{"row":5,"column":0,"tokenIndex":0,"charIndex":0},"end":{"row":5,"column":0,"tokenIndex":2,"charIndex":4}},"confidenceScore":null},{"id":"1663382352","labeledBy":"AUTO","labeledByUserId":null,"acceptedByUserId":null,"rejectedByUserId":null,"layer":0,"counter":0,"status":"LABELED","hashCode":"SPAN:eS2knCRgLegeRw8bcmSWA:0:6:0:4:0:6:0:5:7:0:undefined:undefined","labelName":"eS2knCRgLegeRw8bcmSWA","labelItem":{"id":"eS2knCRgLegeRw8bcmSWA","labelName":"Skill"},"textPosition":{"start":{"row":6,"column":0,"tokenIndex":4,"charIndex":0},"end":{"row":6,"column":0,"tokenIndex":5,"charIndex":7}},"confidenceScore":null},{"id":"1663382355","labeledBy":"AUTO","labeledByUserId":null,"acceptedByUserId":null,"rejectedByUserId":null,"layer":0,"counter":0,"status":"LABELED","hashCode":"SPAN:eS2knCRgLegeRw8bcmSWA:0:6:0:6:0:6:0:7:5:0:undefined:undefined","labelName":"eS2knCRgLegeRw8bcmSWA","labelItem":{"id":"eS2knCRgLegeRw8bcmSWA","labelName":"Skill"},"textPosition":{"start":{"row":6,"column":0,"tokenIndex":6,"charIndex":0},"end":{"row":6,"column":0,"tokenIndex":7,"charIndex":5}},"confidenceScore":null},{"id":"1663382358","labeledBy":"AUTO","labeledByUserId":null,"acceptedByUserId":null,"rejectedByUserId":null,"layer":0,"counter":0,"status":"LABELED","hashCode":"SPAN:eS2knCRgLegeRw8bcmSWA:0:7:0:0:0:7:0:3:6:0:undefined:undefined","labelName":"eS2knCRgLegeRw8bcmSWA","labelItem":{"id":"eS2knCRgLegeRw8bcmSWA","labelName":"Skill"},"textPosition":{"start":{"row":7,"column":0,"tokenIndex":0,"charIndex":0},"end":{"row":7,"column":0,"tokenIndex":3,"charIndex":6}},"confidenceScore":null},{"id":"1663382361","labeledBy":"AUTO","labeledByUserId":null,"acceptedByUserId":null,"rejectedByUserId":null,"layer":0,"counter":0,"status":"LABELED","hashCode":"SPAN:eS2knCRgLegeRw8bcmSWA:0:7:0:7:0:7:0:8:7:0:undefined:undefined","labelName":"eS2knCRgLegeRw8bcmSWA","labelItem":{"id":"eS2knCRgLegeRw8bcmSWA","labelName":"Skill"},"textPosition":{"start":{"row":7,"column":0,"tokenIndex":7,"charIndex":0},"end":{"row":7,"column":0,"tokenIndex":8,"charIndex":7}},"confidenceScore":null},{"id":"1663382364","labeledBy":"AUTO","labeledByUserId":null,"acceptedByUserId":null,"rejectedByUserId":null,"layer":0,"counter":0,"status":"LABELED","hashCode":"SPAN:eS2knCRgLegeRw8bcmSWA:0:7:0:10:0:7:0:11:4:0:undefined:undefined","labelName":"eS2knCRgLegeRw8bcmSWA","labelItem":{"id":"eS2knCRgLegeRw8bcmSWA","labelName":"Skill"},"textPosition":{"start":{"row":7,"column":0,"tokenIndex":10,"charIndex":0},"end":{"row":7,"column":0,"tokenIndex":11,"charIndex":4}},"confidenceScore":null},{"id":"1663382367","labeledBy":"AUTO","labeledByUserId":null,"acceptedByUserId":null,"rejectedByUserId":null,"layer":0,"counter":0,"status":"LABELED","hashCode":"SPAN:eS2knCRgLegeRw8bcmSWA:0:7:0:13:0:7:0:15:7:0:undefined:undefined","labelName":"eS2knCRgLegeRw8bcmSWA","labelItem":{"id":"eS2knCRgLegeRw8bcmSWA","labelName":"Skill"},"textPosition":{"start":{"row":7,"column":0,"tokenIndex":13,"charIndex":0},"end":{"row":7,"column":0,"tokenIndex":15,"charIndex":7}},"confidenceScore":null},{"id":"1663382370","labeledBy":"AUTO","labeledByUserId":null,"acceptedByUserId":null,"rejectedByUserId":null,"layer":0,"counter":0,"status":"LABELED","hashCode":"SPAN:eS2knCRgLegeRw8bcmSWA:0:9:0:2:0:9:0:2:13:0:undefined:undefined","labelName":"eS2knCRgLegeRw8bcmSWA","labelItem":{"id":"eS2knCRgLegeRw8bcmSWA","labelName":"Skill"},"textPosition":{"start":{"row":9,"column":0,"tokenIndex":2,"charIndex":0},"end":{"row":9,"column":0,"tokenIndex":2,"charIndex":13}},"confidenceScore":null},{"id":"1663382373","labeledBy":"AUTO","labeledByUserId":null,"acceptedByUserId":null,"rejectedByUserId":null,"layer":0,"counter":0,"status":"LABELED","hashCode":"SPAN:SJEkdao76hjwbb6Fh5SY6:0:11:0:0:0:11:0:1:6:0:undefined:undefined","labelName":"SJEkdao76hjwbb6Fh5SY6","labelItem":{"id":"SJEkdao76hjwbb6Fh5SY6","labelName":"Job Title"},"textPosition":{"start":{"row":11,"column":0,"tokenIndex":0,"charIndex":0},"end":{"row":11,"column":0,"tokenIndex":1,"charIndex":6}},"confidenceScore":null},{"id":"1663382376","labeledBy":"AUTO","labeledByUserId":null,"acceptedByUserId":null,"rejectedByUserId":null,"layer":0,"counter":0,"status":"LABELED","hashCode":"SPAN:52S_6moRfhjC-yXgIBeCp:0:11:0:3:0:11:0:3:6:0:undefined:undefined","labelName":"52S_6moRfhjC-yXgIBeCp","labelItem":{"id":"52S_6moRfhjC-yXgIBeCp","labelName":"Date"},"textPosition":{"start":{"row":11,"column":0,"tokenIndex":3,"charIndex":0},"end":{"row":11,"column":0,"tokenIndex":3,"charIndex":6}},"confidenceScore":null},{"id":"1663382382","labeledBy":"AUTO","labeledByUserId":null,"acceptedByUserId":null,"rejectedByUserId":null,"layer":0,"counter":0,"status":"LABELED","hashCode":"SPAN:52S_6moRfhjC-yXgIBeCp:0:11:0:5:0:11:0:5:6:0:undefined:undefined","labelName":"52S_6moRfhjC-yXgIBeCp","labelItem":{"id":"52S_6moRfhjC-yXgIBeCp","labelName":"Date"},"textPosition":{"start":{"row":11,"column":0,"tokenIndex":5,"charIndex":0},"end":{"row":11,"column":0,"tokenIndex":5,"charIndex":6}},"confidenceScore":null},{"id":"1663382385","labeledBy":"AUTO","labeledByUserId":null,"acceptedByUserId":null,"rejectedByUserId":null,"layer":0,"counter":0,"status":"LABELED","hashCode":"SPAN:rj7TW0-ymuRo6f_asXJab:0:11:0:6:0:11:0:7:3:0:undefined:undefined","labelName":"rj7TW0-ymuRo6f_asXJab","labelItem":{"id":"rj7TW0-ymuRo6f_asXJab","labelName":"Company Name"},"textPosition":{"start":{"row":11,"column":0,"tokenIndex":6,"charIndex":0},"end":{"row":11,"column":0,"tokenIndex":7,"charIndex":3}},"confidenceScore":null},{"id":"1663382388","labeledBy":"AUTO","labeledByUserId":null,"acceptedByUserId":null,"rejectedByUserId":null,"layer":0,"counter":0,"status":"LABELED","hashCode":"SPAN:1R0C50AAwFbEp2O0WmRv6:0:11:0:9:0:11:0:9:3:0:undefined:undefined","labelName":"1R0C50AAwFbEp2O0WmRv6","labelItem":{"id":"1R0C50AAwFbEp2O0WmRv6","labelName":"Location"},"textPosition":{"start":{"row":11,"column":0,"tokenIndex":9,"charIndex":0},"end":{"row":11,"column":0,"tokenIndex":9,"charIndex":3}},"confidenceScore":null},{"id":"1663382391","labeledBy":"AUTO","labeledByUserId":null,"acceptedByUserId":null,"rejectedByUserId":null,"layer":0,"counter":0,"status":"LABELED","hashCode":"SPAN:1R0C50AAwFbEp2O0WmRv6:0:11:0:11:0:11:0:11:4:0:undefined:undefined","labelName":"1R0C50AAwFbEp2O0WmRv6","labelItem":{"id":"1R0C50AAwFbEp2O0WmRv6","labelName":"Location"},"textPosition":{"start":{"row":11,"column":0,"tokenIndex":11,"charIndex":0},"end":{"row":11,"column":0,"tokenIndex":11,"charIndex":4}},"confidenceScore":null},{"id":"1663382394","labeledBy":"AUTO","labeledByUserId":null,"acceptedByUserId":null,"rejectedByUserId":null,"layer":0,"counter":0,"status":"LABELED","hashCode":"SPAN:eS2knCRgLegeRw8bcmSWA:0:11:0:14:0:11:0:16:7:0:undefined:undefined","labelName":"eS2knCRgLegeRw8bcmSWA","labelItem":{"id":"eS2knCRgLegeRw8bcmSWA","labelName":"Skill"},"textPosition":{"start":{"row":11,"column":0,"tokenIndex":14,"charIndex":0},"end":{"row":11,"column":0,"tokenIndex":16,"charIndex":7}},"confidenceScore":null},{"id":"1663382400","labeledBy":"AUTO","labeledByUserId":null,"acceptedByUserId":null,"rejectedByUserId":null,"layer":0,"counter":0,"status":"LABELED","hashCode":"SPAN:eS2knCRgLegeRw8bcmSWA:0:13:0:6:0:13:0:8:7:0:undefined:undefined","labelName":"eS2knCRgLegeRw8bcmSWA","labelItem":{"id":"eS2knCRgLegeRw8bcmSWA","labelName":"Skill"},"textPosition":{"start":{"row":13,"column":0,"tokenIndex":6,"charIndex":0},"end":{"row":13,"column":0,"tokenIndex":8,"charIndex":7}},"confidenceScore":null},{"id":"1663382406","labeledBy":"AUTO","labeledByUserId":null,"acceptedByUserId":null,"rejectedByUserId":null,"layer":0,"counter":0,"status":"LABELED","hashCode":"SPAN:eS2knCRgLegeRw8bcmSWA:0:18:0:8:0:18:0:9:8:0:undefined:undefined","labelName":"eS2knCRgLegeRw8bcmSWA","labelItem":{"id":"eS2knCRgLegeRw8bcmSWA","labelName":"Skill"},"textPosition":{"start":{"row":18,"column":0,"tokenIndex":8,"charIndex":0},"end":{"row":18,"column":0,"tokenIndex":9,"charIndex":8}},"confidenceScore":null},{"id":"1663382409","labeledBy":"AUTO","labeledByUserId":null,"acceptedByUserId":null,"rejectedByUserId":null,"layer":0,"counter":0,"status":"LABELED","hashCode":"SPAN:eS2knCRgLegeRw8bcmSWA:0:21:0:6:0:21:0:8:8:0:undefined:undefined","labelName":"eS2knCRgLegeRw8bcmSWA","labelItem":{"id":"eS2knCRgLegeRw8bcmSWA","labelName":"Skill"},"textPosition":{"start":{"row":21,"column":0,"tokenIndex":6,"charIndex":0},"end":{"row":21,"column":0,"tokenIndex":8,"charIndex":8}},"confidenceScore":null},{"id":"1663382412","labeledBy":"AUTO","labeledByUserId":null,"acceptedByUserId":null,"rejectedByUserId":null,"layer":0,"counter":0,"status":"LABELED","hashCode":"SPAN:eS2knCRgLegeRw8bcmSWA:0:23:0:0:0:23:0:0:8:0:undefined:undefined","labelName":"eS2knCRgLegeRw8bcmSWA","labelItem":{"id":"eS2knCRgLegeRw8bcmSWA","labelName":"Skill"},"textPosition":{"start":{"row":23,"column":0,"tokenIndex":0,"charIndex":0},"end":{"row":23,"column":0,"tokenIndex":0,"charIndex":8}},"confidenceScore":null},{"id":"1663382415","labeledBy":"AUTO","labeledByUserId":null,"acceptedByUserId":null,"rejectedByUserId":null,"layer":0,"counter":0,"status":"LABELED","hashCode":"SPAN:eS2knCRgLegeRw8bcmSWA:0:24:0:0:0:24:0:0:7:0:undefined:undefined","labelName":"eS2knCRgLegeRw8bcmSWA","labelItem":{"id":"eS2knCRgLegeRw8bcmSWA","labelName":"Skill"},"textPosition":{"start":{"row":24,"column":0,"tokenIndex":0,"charIndex":0},"end":{"row":24,"column":0,"tokenIndex":0,"charIndex":7}},"confidenceScore":null},{"id":"1663382418","labeledBy":"AUTO","labeledByUserId":null,"acceptedByUserId":null,"rejectedByUserId":null,"layer":0,"counter":0,"status":"LABELED","hashCode":"SPAN:eS2knCRgLegeRw8bcmSWA:0:25:0:1:0:25:0:3:9:0:undefined:undefined","labelName":"eS2knCRgLegeRw8bcmSWA","labelItem":{"id":"eS2knCRgLegeRw8bcmSWA","labelName":"Skill"},"textPosition":{"start":{"row":25,"column":0,"tokenIndex":1,"charIndex":0},"end":{"row":25,"column":0,"tokenIndex":3,"charIndex":9}},"confidenceScore":null},{"id":"1663382421","labeledBy":"AUTO","labeledByUserId":null,"acceptedByUserId":null,"rejectedByUserId":null,"layer":0,"counter":0,"status":"LABELED","hashCode":"SPAN:eS2knCRgLegeRw8bcmSWA:0:26:0:0:0:26:0:4:14:0:undefined:undefined","labelName":"eS2knCRgLegeRw8bcmSWA","labelItem":{"id":"eS2knCRgLegeRw8bcmSWA","labelName":"Skill"},"textPosition":{"start":{"row":26,"column":0,"tokenIndex":0,"charIndex":0},"end":{"row":26,"column":0,"tokenIndex":4,"charIndex":14}},"confidenceScore":null},{"id":"1663382424","labeledBy":"AUTO","labeledByUserId":null,"acceptedByUserId":null,"rejectedByUserId":null,"layer":0,"counter":0,"status":"LABELED","hashCode":"SPAN:eS2knCRgLegeRw8bcmSWA:0:28:0:2:0:28:0:2:8:0:undefined:undefined","labelName":"eS2knCRgLegeRw8bcmSWA","labelItem":{"id":"eS2knCRgLegeRw8bcmSWA","labelName":"Skill"},"textPosition":{"start":{"row":28,"column":0,"tokenIndex":2,"charIndex":0},"end":{"row":28,"column":0,"tokenIndex":2,"charIndex":8}},"confidenceScore":null},{"id":"1663382430","labeledBy":"AUTO","labeledByUserId":null,"acceptedByUserId":null,"rejectedByUserId":null,"layer":0,"counter":0,"status":"LABELED","hashCode":"SPAN:SJEkdao76hjwbb6Fh5SY6:0:29:0:0:0:29:0:3:6:0:undefined:undefined","labelName":"SJEkdao76hjwbb6Fh5SY6","labelItem":{"id":"SJEkdao76hjwbb6Fh5SY6","labelName":"Job Title"},"textPosition":{"start":{"row":29,"column":0,"tokenIndex":0,"charIndex":0},"end":{"row":29,"column":0,"tokenIndex":3,"charIndex":6}},"confidenceScore":null},{"id":"1663382433","labeledBy":"AUTO","labeledByUserId":null,"acceptedByUserId":null,"rejectedByUserId":null,"layer":0,"counter":0,"status":"LABELED","hashCode":"SPAN:52S_6moRfhjC-yXgIBeCp:0:29:0:5:0:29:0:5:6:0:undefined:undefined","labelName":"52S_6moRfhjC-yXgIBeCp","labelItem":{"id":"52S_6moRfhjC-yXgIBeCp","labelName":"Date"},"textPosition":{"start":{"row":29,"column":0,"tokenIndex":5,"charIndex":0},"end":{"row":29,"column":0,"tokenIndex":5,"charIndex":6}},"confidenceScore":null},{"id":"1663382436","labeledBy":"AUTO","labeledByUserId":null,"acceptedByUserId":null,"rejectedByUserId":null,"layer":0,"counter":0,"status":"LABELED","hashCode":"SPAN:52S_6moRfhjC-yXgIBeCp:0:29:0:7:0:29:0:7:6:0:undefined:undefined","labelName":"52S_6moRfhjC-yXgIBeCp","labelItem":{"id":"52S_6moRfhjC-yXgIBeCp","labelName":"Date"},"textPosition":{"start":{"row":29,"column":0,"tokenIndex":7,"charIndex":0},"end":{"row":29,"column":0,"tokenIndex":7,"charIndex":6}},"confidenceScore":null},{"id":"1663382439","labeledBy":"AUTO","labeledByUserId":null,"acceptedByUserId":null,"rejectedByUserId":null,"layer":0,"counter":0,"status":"LABELED","hashCode":"SPAN:rj7TW0-ymuRo6f_asXJab:0:29:0:8:0:29:0:10:0:0:undefined:undefined","labelName":"rj7TW0-ymuRo6f_asXJab","labelItem":{"id":"rj7TW0-ymuRo6f_asXJab","labelName":"Company Name"},"textPosition":{"start":{"row":29,"column":0,"tokenIndex":8,"charIndex":0},"end":{"row":29,"column":0,"tokenIndex":10,"charIndex":0}},"confidenceScore":null},{"id":"1663382442","labeledBy":"AUTO","labeledByUserId":null,"acceptedByUserId":null,"rejectedByUserId":null,"layer":0,"counter":0,"status":"LABELED","hashCode":"SPAN:1R0C50AAwFbEp2O0WmRv6:0:29:0:11:0:29:0:11:3:0:undefined:undefined","labelName":"1R0C50AAwFbEp2O0WmRv6","labelItem":{"id":"1R0C50AAwFbEp2O0WmRv6","labelName":"Location"},"textPosition":{"start":{"row":29,"column":0,"tokenIndex":11,"charIndex":0},"end":{"row":29,"column":0,"tokenIndex":11,"charIndex":3}},"confidenceScore":null},{"id":"1663382448","labeledBy":"AUTO","labeledByUserId":null,"acceptedByUserId":null,"rejectedByUserId":null,"layer":0,"counter":0,"status":"LABELED","hashCode":"SPAN:1R0C50AAwFbEp2O0WmRv6:0:29:0:13:0:29:0:13:4:0:undefined:undefined","labelName":"1R0C50AAwFbEp2O0WmRv6","labelItem":{"id":"1R0C50AAwFbEp2O0WmRv6","labelName":"Location"},"textPosition":{"start":{"row":29,"column":0,"tokenIndex":13,"charIndex":0},"end":{"row":29,"column":0,"tokenIndex":13,"charIndex":4}},"confidenceScore":null},{"id":"1663382451","labeledBy":"AUTO","labeledByUserId":null,"acceptedByUserId":null,"rejectedByUserId":null,"layer":0,"counter":0,"status":"LABELED","hashCode":"SPAN:eS2knCRgLegeRw8bcmSWA:0:30:0:2:0:30:0:3:10:0:undefined:undefined","labelName":"eS2knCRgLegeRw8bcmSWA","labelItem":{"id":"eS2knCRgLegeRw8bcmSWA","labelName":"Skill"},"textPosition":{"start":{"row":30,"column":0,"tokenIndex":2,"charIndex":0},"end":{"row":30,"column":0,"tokenIndex":3,"charIndex":10}},"confidenceScore":null},{"id":"1663382454","labeledBy":"AUTO","labeledByUserId":null,"acceptedByUserId":null,"rejectedByUserId":null,"layer":0,"counter":0,"status":"LABELED","hashCode":"SPAN:eS2knCRgLegeRw8bcmSWA:0:31:0:3:0:31:0:5:10:0:undefined:undefined","labelName":"eS2knCRgLegeRw8bcmSWA","labelItem":{"id":"eS2knCRgLegeRw8bcmSWA","labelName":"Skill"},"textPosition":{"start":{"row":31,"column":0,"tokenIndex":3,"charIndex":0},"end":{"row":31,"column":0,"tokenIndex":5,"charIndex":10}},"confidenceScore":null},{"id":"1663382457","labeledBy":"AUTO","labeledByUserId":null,"acceptedByUserId":null,"rejectedByUserId":null,"layer":0,"counter":0,"status":"LABELED","hashCode":"SPAN:eS2knCRgLegeRw8bcmSWA:0:32:0:1:0:32:0:3:4:0:undefined:undefined","labelName":"eS2knCRgLegeRw8bcmSWA","labelItem":{"id":"eS2knCRgLegeRw8bcmSWA","labelName":"Skill"},"textPosition":{"start":{"row":32,"column":0,"tokenIndex":1,"charIndex":0},"end":{"row":32,"column":0,"tokenIndex":3,"charIndex":4}},"confidenceScore":null},{"id":"1663382460","labeledBy":"AUTO","labeledByUserId":null,"acceptedByUserId":null,"rejectedByUserId":null,"layer":0,"counter":0,"status":"LABELED","hashCode":"SPAN:eS2knCRgLegeRw8bcmSWA:0:33:0:0:0:33:0:0:9:0:undefined:undefined","labelName":"eS2knCRgLegeRw8bcmSWA","labelItem":{"id":"eS2knCRgLegeRw8bcmSWA","labelName":"Skill"},"textPosition":{"start":{"row":33,"column":0,"tokenIndex":0,"charIndex":0},"end":{"row":33,"column":0,"tokenIndex":0,"charIndex":9}},"confidenceScore":null},{"id":"1663382463","labeledBy":"AUTO","labeledByUserId":null,"acceptedByUserId":null,"rejectedByUserId":null,"layer":0,"counter":0,"status":"LABELED","hashCode":"SPAN:eS2knCRgLegeRw8bcmSWA:0:33:0:1:0:33:0:1:5:0:undefined:undefined","labelName":"eS2knCRgLegeRw8bcmSWA","labelItem":{"id":"eS2knCRgLegeRw8bcmSWA","labelName":"Skill"},"textPosition":{"start":{"row":33,"column":0,"tokenIndex":1,"charIndex":0},"end":{"row":33,"column":0,"tokenIndex":1,"charIndex":5}},"confidenceScore":null},{"id":"1663382466","labeledBy":"AUTO","labeledByUserId":null,"acceptedByUserId":null,"rejectedByUserId":null,"layer":0,"counter":0,"status":"LABELED","hashCode":"SPAN:eS2knCRgLegeRw8bcmSWA:0:33:0:2:0:33:0:2:7:0:undefined:undefined","labelName":"eS2knCRgLegeRw8bcmSWA","labelItem":{"id":"eS2knCRgLegeRw8bcmSWA","labelName":"Skill"},"textPosition":{"start":{"row":33,"column":0,"tokenIndex":2,"charIndex":0},"end":{"row":33,"column":0,"tokenIndex":2,"charIndex":7}},"confidenceScore":null},{"id":"1663382469","labeledBy":"AUTO","labeledByUserId":null,"acceptedByUserId":null,"rejectedByUserId":null,"layer":0,"counter":0,"status":"LABELED","hashCode":"SPAN:eS2knCRgLegeRw8bcmSWA:0:33:0:3:0:33:0:3:8:0:undefined:undefined","labelName":"eS2knCRgLegeRw8bcmSWA","labelItem":{"id":"eS2knCRgLegeRw8bcmSWA","labelName":"Skill"},"textPosition":{"start":{"row":33,"column":0,"tokenIndex":3,"charIndex":0},"end":{"row":33,"column":0,"tokenIndex":3,"charIndex":8}},"confidenceScore":null},{"id":"1663382472","labeledBy":"AUTO","labeledByUserId":null,"acceptedByUserId":null,"rejectedByUserId":null,"layer":0,"counter":0,"status":"LABELED","hashCode":"SPAN:eS2knCRgLegeRw8bcmSWA:0:33:0:5:0:33:0:5:7:0:undefined:undefined","labelName":"eS2knCRgLegeRw8bcmSWA","labelItem":{"id":"eS2knCRgLegeRw8bcmSWA","labelName":"Skill"},"textPosition":{"start":{"row":33,"column":0,"tokenIndex":5,"charIndex":0},"end":{"row":33,"column":0,"tokenIndex":5,"charIndex":7}},"confidenceScore":null},{"id":"1663382475","labeledBy":"AUTO","labeledByUserId":null,"acceptedByUserId":null,"rejectedByUserId":null,"layer":0,"counter":0,"status":"LABELED","hashCode":"SPAN:eS2knCRgLegeRw8bcmSWA:0:33:0:8:0:33:0:11:8:0:undefined:undefined","labelName":"eS2knCRgLegeRw8bcmSWA","labelItem":{"id":"eS2knCRgLegeRw8bcmSWA","labelName":"Skill"},"textPosition":{"start":{"row":33,"column":0,"tokenIndex":8,"charIndex":0},"end":{"row":33,"column":0,"tokenIndex":11,"charIndex":8}},"confidenceScore":null},{"id":"1663382478","labeledBy":"AUTO","labeledByUserId":null,"acceptedByUserId":null,"rejectedByUserId":null,"layer":0,"counter":0,"status":"LABELED","hashCode":"SPAN:eS2knCRgLegeRw8bcmSWA:0:34:0:0:0:34:0:0:8:0:undefined:undefined","labelName":"eS2knCRgLegeRw8bcmSWA","labelItem":{"id":"eS2knCRgLegeRw8bcmSWA","labelName":"Skill"},"textPosition":{"start":{"row":34,"column":0,"tokenIndex":0,"charIndex":0},"end":{"row":34,"column":0,"tokenIndex":0,"charIndex":8}},"confidenceScore":null},{"id":"1663382481","labeledBy":"AUTO","labeledByUserId":null,"acceptedByUserId":null,"rejectedByUserId":null,"layer":0,"counter":0,"status":"LABELED","hashCode":"SPAN:eS2knCRgLegeRw8bcmSWA:0:34:0:2:0:34:0:2:5:0:undefined:undefined","labelName":"eS2knCRgLegeRw8bcmSWA","labelItem":{"id":"eS2knCRgLegeRw8bcmSWA","labelName":"Skill"},"textPosition":{"start":{"row":34,"column":0,"tokenIndex":2,"charIndex":0},"end":{"row":34,"column":0,"tokenIndex":2,"charIndex":5}},"confidenceScore":null},{"id":"1663382484","labeledBy":"AUTO","labeledByUserId":null,"acceptedByUserId":null,"rejectedByUserId":null,"layer":0,"counter":0,"status":"LABELED","hashCode":"SPAN:eS2knCRgLegeRw8bcmSWA:0:35:0:0:0:35:0:0:10:0:undefined:undefined","labelName":"eS2knCRgLegeRw8bcmSWA","labelItem":{"id":"eS2knCRgLegeRw8bcmSWA","labelName":"Skill"},"textPosition":{"start":{"row":35,"column":0,"tokenIndex":0,"charIndex":0},"end":{"row":35,"column":0,"tokenIndex":0,"charIndex":10}},"confidenceScore":null},{"id":"1663382487","labeledBy":"AUTO","labeledByUserId":null,"acceptedByUserId":null,"rejectedByUserId":null,"layer":0,"counter":0,"status":"LABELED","hashCode":"SPAN:eS2knCRgLegeRw8bcmSWA:0:37:0:0:0:37:0:0:9:0:undefined:undefined","labelName":"eS2knCRgLegeRw8bcmSWA","labelItem":{"id":"eS2knCRgLegeRw8bcmSWA","labelName":"Skill"},"textPosition":{"start":{"row":37,"column":0,"tokenIndex":0,"charIndex":0},"end":{"row":37,"column":0,"tokenIndex":0,"charIndex":9}},"confidenceScore":null},{"id":"1663382490","labeledBy":"AUTO","labeledByUserId":null,"acceptedByUserId":null,"rejectedByUserId":null,"layer":0,"counter":0,"status":"LABELED","hashCode":"SPAN:SJEkdao76hjwbb6Fh5SY6:0:41:0:0:0:41:0:1:6:0:undefined:undefined","labelName":"SJEkdao76hjwbb6Fh5SY6","labelItem":{"id":"SJEkdao76hjwbb6Fh5SY6","labelName":"Job Title"},"textPosition":{"start":{"row":41,"column":0,"tokenIndex":0,"charIndex":0},"end":{"row":41,"column":0,"tokenIndex":1,"charIndex":6}},"confidenceScore":null},{"id":"1663382493","labeledBy":"AUTO","labeledByUserId":null,"acceptedByUserId":null,"rejectedByUserId":null,"layer":0,"counter":0,"status":"LABELED","hashCode":"SPAN:52S_6moRfhjC-yXgIBeCp:0:41:0:3:0:41:0:3:6:0:undefined:undefined","labelName":"52S_6moRfhjC-yXgIBeCp","labelItem":{"id":"52S_6moRfhjC-yXgIBeCp","labelName":"Date"},"textPosition":{"start":{"row":41,"column":0,"tokenIndex":3,"charIndex":0},"end":{"row":41,"column":0,"tokenIndex":3,"charIndex":6}},"confidenceScore":null},{"id":"1663382496","labeledBy":"AUTO","labeledByUserId":null,"acceptedByUserId":null,"rejectedByUserId":null,"layer":0,"counter":0,"status":"LABELED","hashCode":"SPAN:52S_6moRfhjC-yXgIBeCp:0:41:0:5:0:41:0:5:6:0:undefined:undefined","labelName":"52S_6moRfhjC-yXgIBeCp","labelItem":{"id":"52S_6moRfhjC-yXgIBeCp","labelName":"Date"},"textPosition":{"start":{"row":41,"column":0,"tokenIndex":5,"charIndex":0},"end":{"row":41,"column":0,"tokenIndex":5,"charIndex":6}},"confidenceScore":null},{"id":"1663382499","labeledBy":"AUTO","labeledByUserId":null,"acceptedByUserId":null,"rejectedByUserId":null,"layer":0,"counter":0,"status":"LABELED","hashCode":"SPAN:rj7TW0-ymuRo6f_asXJab:0:41:0:6:0:41:0:7:3:0:undefined:undefined","labelName":"rj7TW0-ymuRo6f_asXJab","labelItem":{"id":"rj7TW0-ymuRo6f_asXJab","labelName":"Company Name"},"textPosition":{"start":{"row":41,"column":0,"tokenIndex":6,"charIndex":0},"end":{"row":41,"column":0,"tokenIndex":7,"charIndex":3}},"confidenceScore":null},{"id":"1663382502","labeledBy":"AUTO","labeledByUserId":null,"acceptedByUserId":null,"rejectedByUserId":null,"layer":0,"counter":0,"status":"LABELED","hashCode":"SPAN:1R0C50AAwFbEp2O0WmRv6:0:41:0:9:0:41:0:9:3:0:undefined:undefined","labelName":"1R0C50AAwFbEp2O0WmRv6","labelItem":{"id":"1R0C50AAwFbEp2O0WmRv6","labelName":"Location"},"textPosition":{"start":{"row":41,"column":0,"tokenIndex":9,"charIndex":0},"end":{"row":41,"column":0,"tokenIndex":9,"charIndex":3}},"confidenceScore":null},{"id":"1663382505","labeledBy":"AUTO","labeledByUserId":null,"acceptedByUserId":null,"rejectedByUserId":null,"layer":0,"counter":0,"status":"LABELED","hashCode":"SPAN:1R0C50AAwFbEp2O0WmRv6:0:41:0:11:0:41:0:11:4:0:undefined:undefined","labelName":"1R0C50AAwFbEp2O0WmRv6","labelItem":{"id":"1R0C50AAwFbEp2O0WmRv6","labelName":"Location"},"textPosition":{"start":{"row":41,"column":0,"tokenIndex":11,"charIndex":0},"end":{"row":41,"column":0,"tokenIndex":11,"charIndex":4}},"confidenceScore":null},{"id":"1663382508","labeledBy":"AUTO","labeledByUserId":null,"acceptedByUserId":null,"rejectedByUserId":null,"layer":0,"counter":0,"status":"LABELED","hashCode":"SPAN:eS2knCRgLegeRw8bcmSWA:0:43:0:0:0:43:0:3:7:0:undefined:undefined","labelName":"eS2knCRgLegeRw8bcmSWA","labelItem":{"id":"eS2knCRgLegeRw8bcmSWA","labelName":"Skill"},"textPosition":{"start":{"row":43,"column":0,"tokenIndex":0,"charIndex":0},"end":{"row":43,"column":0,"tokenIndex":3,"charIndex":7}},"confidenceScore":null},{"id":"1663382511","labeledBy":"AUTO","labeledByUserId":null,"acceptedByUserId":null,"rejectedByUserId":null,"layer":0,"counter":0,"status":"LABELED","hashCode":"SPAN:eS2knCRgLegeRw8bcmSWA:0:44:0:1:0:44:0:1:10:0:undefined:undefined","labelName":"eS2knCRgLegeRw8bcmSWA","labelItem":{"id":"eS2knCRgLegeRw8bcmSWA","labelName":"Skill"},"textPosition":{"start":{"row":44,"column":0,"tokenIndex":1,"charIndex":0},"end":{"row":44,"column":0,"tokenIndex":1,"charIndex":10}},"confidenceScore":null},{"id":"1663382514","labeledBy":"AUTO","labeledByUserId":null,"acceptedByUserId":null,"rejectedByUserId":null,"layer":0,"counter":0,"status":"LABELED","hashCode":"SPAN:eS2knCRgLegeRw8bcmSWA:0:45:0:0:0:45:0:0:8:0:undefined:undefined","labelName":"eS2knCRgLegeRw8bcmSWA","labelItem":{"id":"eS2knCRgLegeRw8bcmSWA","labelName":"Skill"},"textPosition":{"start":{"row":45,"column":0,"tokenIndex":0,"charIndex":0},"end":{"row":45,"column":0,"tokenIndex":0,"charIndex":8}},"confidenceScore":null},{"id":"1663382517","labeledBy":"AUTO","labeledByUserId":null,"acceptedByUserId":null,"rejectedByUserId":null,"layer":0,"counter":0,"status":"LABELED","hashCode":"SPAN:IeEoIKabMl51BJE0gX2YL:0:48:0:1:0:48:0:9:10:0:undefined:undefined","labelName":"IeEoIKabMl51BJE0gX2YL","labelItem":{"id":"IeEoIKabMl51BJE0gX2YL","labelName":"Degree"},"textPosition":{"start":{"row":48,"column":0,"tokenIndex":1,"charIndex":0},"end":{"row":48,"column":0,"tokenIndex":9,"charIndex":10}},"confidenceScore":null},{"id":"1663382520","labeledBy":"AUTO","labeledByUserId":null,"acceptedByUserId":null,"rejectedByUserId":null,"layer":0,"counter":0,"status":"LABELED","hashCode":"SPAN:BjO8MdvK2KI4E5iMEeY4B:0:48:0:11:0:48:0:12:3:0:undefined:undefined","labelName":"BjO8MdvK2KI4E5iMEeY4B","labelItem":{"id":"BjO8MdvK2KI4E5iMEeY4B","labelName":"Graduation Year"},"textPosition":{"start":{"row":48,"column":0,"tokenIndex":11,"charIndex":0},"end":{"row":48,"column":0,"tokenIndex":12,"charIndex":3}},"confidenceScore":null},{"id":"1663382523","labeledBy":"AUTO","labeledByUserId":null,"acceptedByUserId":null,"rejectedByUserId":null,"layer":0,"counter":0,"status":"LABELED","hashCode":"SPAN:IeEoIKabMl51BJE0gX2YL:0:48:0:13:0:48:0:21:6:0:undefined:undefined","labelName":"IeEoIKabMl51BJE0gX2YL","labelItem":{"id":"IeEoIKabMl51BJE0gX2YL","labelName":"Degree"},"textPosition":{"start":{"row":48,"column":0,"tokenIndex":13,"charIndex":0},"end":{"row":48,"column":0,"tokenIndex":21,"charIndex":6}},"confidenceScore":null},{"id":"1663382526","labeledBy":"AUTO","labeledByUserId":null,"acceptedByUserId":null,"rejectedByUserId":null,"layer":0,"counter":0,"status":"LABELED","hashCode":"SPAN:BjO8MdvK2KI4E5iMEeY4B:0:48:0:23:0:48:0:24:3:0:undefined:undefined","labelName":"BjO8MdvK2KI4E5iMEeY4B","labelItem":{"id":"BjO8MdvK2KI4E5iMEeY4B","labelName":"Graduation Year"},"textPosition":{"start":{"row":48,"column":0,"tokenIndex":23,"charIndex":0},"end":{"row":48,"column":0,"tokenIndex":24,"charIndex":3}},"confidenceScore":null},{"id":"1663382529","labeledBy":"AUTO","labeledByUserId":null,"acceptedByUserId":null,"rejectedByUserId":null,"layer":0,"counter":0,"status":"LABELED","hashCode":"SPAN:Kj5U6n9NUqTXuWcB3c_7L:0:48:0:25:0:48:0:28:6:0:undefined:undefined","labelName":"Kj5U6n9NUqTXuWcB3c_7L","labelItem":{"id":"Kj5U6n9NUqTXuWcB3c_7L","labelName":"College"},"textPosition":{"start":{"row":48,"column":0,"tokenIndex":25,"charIndex":0},"end":{"row":48,"column":0,"tokenIndex":28,"charIndex":6}},"confidenceScore":null},{"id":"1663382532","labeledBy":"AUTO","labeledByUserId":null,"acceptedByUserId":null,"rejectedByUserId":null,"layer":0,"counter":0,"status":"LABELED","hashCode":"SPAN:eS2knCRgLegeRw8bcmSWA:0:48:0:30:0:48:0:34:8:0:undefined:undefined","labelName":"eS2knCRgLegeRw8bcmSWA","labelItem":{"id":"eS2knCRgLegeRw8bcmSWA","labelName":"Skill"},"textPosition":{"start":{"row":48,"column":0,"tokenIndex":30,"charIndex":0},"end":{"row":48,"column":0,"tokenIndex":34,"charIndex":8}},"confidenceScore":null},{"id":"1663382535","labeledBy":"AUTO","labeledByUserId":null,"acceptedByUserId":null,"rejectedByUserId":null,"layer":0,"counter":0,"status":"LABELED","hashCode":"SPAN:Kj5U6n9NUqTXuWcB3c_7L:0:48:0:37:0:48:0:39:9:0:undefined:undefined","labelName":"Kj5U6n9NUqTXuWcB3c_7L","labelItem":{"id":"Kj5U6n9NUqTXuWcB3c_7L","labelName":"College"},"textPosition":{"start":{"row":48,"column":0,"tokenIndex":37,"charIndex":0},"end":{"row":48,"column":0,"tokenIndex":39,"charIndex":9}},"confidenceScore":null},{"id":"1663382538","labeledBy":"AUTO","labeledByUserId":null,"acceptedByUserId":null,"rejectedByUserId":null,"layer":0,"counter":0,"status":"LABELED","hashCode":"SPAN:1R0C50AAwFbEp2O0WmRv6:0:48:0:41:0:48:0:41:3:0:undefined:undefined","labelName":"1R0C50AAwFbEp2O0WmRv6","labelItem":{"id":"1R0C50AAwFbEp2O0WmRv6","labelName":"Location"},"textPosition":{"start":{"row":48,"column":0,"tokenIndex":41,"charIndex":0},"end":{"row":48,"column":0,"tokenIndex":41,"charIndex":3}},"confidenceScore":null},{"id":"1663382541","labeledBy":"AUTO","labeledByUserId":null,"acceptedByUserId":null,"rejectedByUserId":null,"layer":0,"counter":0,"status":"LABELED","hashCode":"SPAN:1R0C50AAwFbEp2O0WmRv6:0:48:0:43:0:48:0:43:4:0:undefined:undefined","labelName":"1R0C50AAwFbEp2O0WmRv6","labelItem":{"id":"1R0C50AAwFbEp2O0WmRv6","labelName":"Location"},"textPosition":{"start":{"row":48,"column":0,"tokenIndex":43,"charIndex":0},"end":{"row":48,"column":0,"tokenIndex":43,"charIndex":4}},"confidenceScore":null},{"id":"1663382544","labeledBy":"AUTO","labeledByUserId":null,"acceptedByUserId":null,"rejectedByUserId":null,"layer":0,"counter":0,"status":"LABELED","hashCode":"SPAN:eS2knCRgLegeRw8bcmSWA:0:48:0:45:0:48:0:45:3:0:undefined:undefined","labelName":"eS2knCRgLegeRw8bcmSWA","labelItem":{"id":"eS2knCRgLegeRw8bcmSWA","labelName":"Skill"},"textPosition":{"start":{"row":48,"column":0,"tokenIndex":45,"charIndex":0},"end":{"row":48,"column":0,"tokenIndex":45,"charIndex":3}},"confidenceScore":null},{"id":"1663382547","labeledBy":"AUTO","labeledByUserId":null,"acceptedByUserId":null,"rejectedByUserId":null,"layer":0,"counter":0,"status":"LABELED","hashCode":"SPAN:eS2knCRgLegeRw8bcmSWA:0:48:0:46:0:48:0:46:10:0:undefined:undefined","labelName":"eS2knCRgLegeRw8bcmSWA","labelItem":{"id":"eS2knCRgLegeRw8bcmSWA","labelName":"Skill"},"textPosition":{"start":{"row":48,"column":0,"tokenIndex":46,"charIndex":0},"end":{"row":48,"column":0,"tokenIndex":46,"charIndex":10}},"confidenceScore":null},{"id":"1663382550","labeledBy":"AUTO","labeledByUserId":null,"acceptedByUserId":null,"rejectedByUserId":null,"layer":0,"counter":0,"status":"LABELED","hashCode":"SPAN:eS2knCRgLegeRw8bcmSWA:0:48:0:47:0:48:0:47:6:0:undefined:undefined","labelName":"eS2knCRgLegeRw8bcmSWA","labelItem":{"id":"eS2knCRgLegeRw8bcmSWA","labelName":"Skill"},"textPosition":{"start":{"row":48,"column":0,"tokenIndex":47,"charIndex":0},"end":{"row":48,"column":0,"tokenIndex":47,"charIndex":6}},"confidenceScore":null},{"id":"1663382553","labeledBy":"AUTO","labeledByUserId":null,"acceptedByUserId":null,"rejectedByUserId":null,"layer":0,"counter":0,"status":"LABELED","hashCode":"SPAN:eS2knCRgLegeRw8bcmSWA:0:48:0:48:0:48:0:48:7:0:undefined:undefined","labelName":"eS2knCRgLegeRw8bcmSWA","labelItem":{"id":"eS2knCRgLegeRw8bcmSWA","labelName":"Skill"},"textPosition":{"start":{"row":48,"column":0,"tokenIndex":48,"charIndex":0},"end":{"row":48,"column":0,"tokenIndex":48,"charIndex":7}},"confidenceScore":null},{"id":"1663382556","labeledBy":"AUTO","labeledByUserId":null,"acceptedByUserId":null,"rejectedByUserId":null,"layer":0,"counter":0,"status":"LABELED","hashCode":"SPAN:eS2knCRgLegeRw8bcmSWA:0:48:0:49:0:48:0:50:7:0:undefined:undefined","labelName":"eS2knCRgLegeRw8bcmSWA","labelItem":{"id":"eS2knCRgLegeRw8bcmSWA","labelName":"Skill"},"textPosition":{"start":{"row":48,"column":0,"tokenIndex":49,"charIndex":0},"end":{"row":48,"column":0,"tokenIndex":50,"charIndex":7}},"confidenceScore":null},{"id":"1663382559","labeledBy":"AUTO","labeledByUserId":null,"acceptedByUserId":null,"rejectedByUserId":null,"layer":0,"counter":0,"status":"LABELED","hashCode":"SPAN:eS2knCRgLegeRw8bcmSWA:0:48:0:51:0:48:0:51:11:0:undefined:undefined","labelName":"eS2knCRgLegeRw8bcmSWA","labelItem":{"id":"eS2knCRgLegeRw8bcmSWA","labelName":"Skill"},"textPosition":{"start":{"row":48,"column":0,"tokenIndex":51,"charIndex":0},"end":{"row":48,"column":0,"tokenIndex":51,"charIndex":11}},"confidenceScore":null},{"id":"1663382562","labeledBy":"AUTO","labeledByUserId":null,"acceptedByUserId":null,"rejectedByUserId":null,"layer":0,"counter":0,"status":"LABELED","hashCode":"SPAN:eS2knCRgLegeRw8bcmSWA:0:48:0:52:0:48:0:52:9:0:undefined:undefined","labelName":"eS2knCRgLegeRw8bcmSWA","labelItem":{"id":"eS2knCRgLegeRw8bcmSWA","labelName":"Skill"},"textPosition":{"start":{"row":48,"column":0,"tokenIndex":52,"charIndex":0},"end":{"row":48,"column":0,"tokenIndex":52,"charIndex":9}},"confidenceScore":null},{"id":"1663382565","labeledBy":"AUTO","labeledByUserId":null,"acceptedByUserId":null,"rejectedByUserId":null,"layer":0,"counter":0,"status":"LABELED","hashCode":"SPAN:eS2knCRgLegeRw8bcmSWA:0:48:0:53:0:48:0:53:8:0:undefined:undefined","labelName":"eS2knCRgLegeRw8bcmSWA","labelItem":{"id":"eS2knCRgLegeRw8bcmSWA","labelName":"Skill"},"textPosition":{"start":{"row":48,"column":0,"tokenIndex":53,"charIndex":0},"end":{"row":48,"column":0,"tokenIndex":53,"charIndex":8}},"confidenceScore":null},{"id":"1663382568","labeledBy":"AUTO","labeledByUserId":null,"acceptedByUserId":null,"rejectedByUserId":null,"layer":0,"counter":0,"status":"LABELED","hashCode":"SPAN:eS2knCRgLegeRw8bcmSWA:0:48:0:54:0:48:0:54:7:0:undefined:undefined","labelName":"eS2knCRgLegeRw8bcmSWA","labelItem":{"id":"eS2knCRgLegeRw8bcmSWA","labelName":"Skill"},"textPosition":{"start":{"row":48,"column":0,"tokenIndex":54,"charIndex":0},"end":{"row":48,"column":0,"tokenIndex":54,"charIndex":7}},"confidenceScore":null},{"id":"1663382571","labeledBy":"AUTO","labeledByUserId":null,"acceptedByUserId":null,"rejectedByUserId":null,"layer":0,"counter":0,"status":"LABELED","hashCode":"SPAN:eS2knCRgLegeRw8bcmSWA:0:48:0:55:0:48:0:55:8:0:undefined:undefined","labelName":"eS2knCRgLegeRw8bcmSWA","labelItem":{"id":"eS2knCRgLegeRw8bcmSWA","labelName":"Skill"},"textPosition":{"start":{"row":48,"column":0,"tokenIndex":55,"charIndex":0},"end":{"row":48,"column":0,"tokenIndex":55,"charIndex":8}},"confidenceScore":null},{"id":"1663382574","labeledBy":"AUTO","labeledByUserId":null,"acceptedByUserId":null,"rejectedByUserId":null,"layer":0,"counter":0,"status":"LABELED","hashCode":"SPAN:eS2knCRgLegeRw8bcmSWA:0:48:0:56:0:48:0:56:8:0:undefined:undefined","labelName":"eS2knCRgLegeRw8bcmSWA","labelItem":{"id":"eS2knCRgLegeRw8bcmSWA","labelName":"Skill"},"textPosition":{"start":{"row":48,"column":0,"tokenIndex":56,"charIndex":0},"end":{"row":48,"column":0,"tokenIndex":56,"charIndex":8}},"confidenceScore":null},{"id":"1663382577","labeledBy":"AUTO","labeledByUserId":null,"acceptedByUserId":null,"rejectedByUserId":null,"layer":0,"counter":0,"status":"LABELED","hashCode":"SPAN:eS2knCRgLegeRw8bcmSWA:0:48:0:57:0:48:0:57:10:0:undefined:undefined","labelName":"eS2knCRgLegeRw8bcmSWA","labelItem":{"id":"eS2knCRgLegeRw8bcmSWA","labelName":"Skill"},"textPosition":{"start":{"row":48,"column":0,"tokenIndex":57,"charIndex":0},"end":{"row":48,"column":0,"tokenIndex":57,"charIndex":10}},"confidenceScore":null},{"id":"1663382580","labeledBy":"AUTO","labeledByUserId":null,"acceptedByUserId":null,"rejectedByUserId":null,"layer":0,"counter":0,"status":"LABELED","hashCode":"SPAN:eS2knCRgLegeRw8bcmSWA:0:48:0:58:0:48:0:58:7:0:undefined:undefined","labelName":"eS2knCRgLegeRw8bcmSWA","labelItem":{"id":"eS2knCRgLegeRw8bcmSWA","labelName":"Skill"},"textPosition":{"start":{"row":48,"column":0,"tokenIndex":58,"charIndex":0},"end":{"row":48,"column":0,"tokenIndex":58,"charIndex":7}},"confidenceScore":null},{"id":"1663382583","labeledBy":"AUTO","labeledByUserId":null,"acceptedByUserId":null,"rejectedByUserId":null,"layer":0,"counter":0,"status":"LABELED","hashCode":"SPAN:eS2knCRgLegeRw8bcmSWA:0:48:0:59:0:48:0:60:10:0:undefined:undefined","labelName":"eS2knCRgLegeRw8bcmSWA","labelItem":{"id":"eS2knCRgLegeRw8bcmSWA","labelName":"Skill"},"textPosition":{"start":{"row":48,"column":0,"tokenIndex":59,"charIndex":0},"end":{"row":48,"column":0,"tokenIndex":60,"charIndex":10}},"confidenceScore":null},{"id":"1663382586","labeledBy":"AUTO","labeledByUserId":null,"acceptedByUserId":null,"rejectedByUserId":null,"layer":0,"counter":0,"status":"LABELED","hashCode":"SPAN:eS2knCRgLegeRw8bcmSWA:0:48:0:61:0:48:0:61:8:0:undefined:undefined","labelName":"eS2knCRgLegeRw8bcmSWA","labelItem":{"id":"eS2knCRgLegeRw8bcmSWA","labelName":"Skill"},"textPosition":{"start":{"row":48,"column":0,"tokenIndex":61,"charIndex":0},"end":{"row":48,"column":0,"tokenIndex":61,"charIndex":8}},"confidenceScore":null},{"id":"1663382589","labeledBy":"AUTO","labeledByUserId":null,"acceptedByUserId":null,"rejectedByUserId":null,"layer":0,"counter":0,"status":"LABELED","hashCode":"SPAN:eS2knCRgLegeRw8bcmSWA:0:48:0:62:0:48:0:62:10:0:undefined:undefined","labelName":"eS2knCRgLegeRw8bcmSWA","labelItem":{"id":"eS2knCRgLegeRw8bcmSWA","labelName":"Skill"},"textPosition":{"start":{"row":48,"column":0,"tokenIndex":62,"charIndex":0},"end":{"row":48,"column":0,"tokenIndex":62,"charIndex":10}},"confidenceScore":null},{"id":"1663382592","labeledBy":"AUTO","labeledByUserId":null,"acceptedByUserId":null,"rejectedByUserId":null,"layer":0,"counter":0,"status":"LABELED","hashCode":"SPAN:eS2knCRgLegeRw8bcmSWA:0:48:0:63:0:48:0:63:8:0:undefined:undefined","labelName":"eS2knCRgLegeRw8bcmSWA","labelItem":{"id":"eS2knCRgLegeRw8bcmSWA","labelName":"Skill"},"textPosition":{"start":{"row":48,"column":0,"tokenIndex":63,"charIndex":0},"end":{"row":48,"column":0,"tokenIndex":63,"charIndex":8}},"confidenceScore":null}],"arrowLabels":[],"boundingBoxLabels":[],"timeLabels":[],"comments":[],"url":"datasaur://static/6814/e23fd001-05ac-4cf0-b3d4-3b50d7a3bb06.txt"}}
