{"version":"1","data":{"project":{"id":"ODBjYmQ2MDg","name":"NLP SSM Final Project"},"document":{"id":"164e7405-0634-48ca-8ded-1dbe66133539","name":"resume_1009_d1.txt"},"kinds":["TOKEN_BASED"],"rows":[[{"content":"SALES Summary Adaptable with extensive experience in material handling, inspections, shipping and receiving as well as sales.","tokens":["SALES","Summary","Adaptable","with","extensive","experience","in","material","handling,","inspections,","shipping","and","receiving","as","well","as","sales."],"metadata":[]}],[{"content":"Focused on continual process improvement and cost reduction.","tokens":["Focused","on","continual","process","improvement","and","cost","reduction."],"metadata":[]}],[{"content":"Highlights Self Motivated Problem Solver Safety-Oriented Multi-Tasker Background in shipping and receiving Accuracy Excellent communication skills 5+ Years Forklift Experience Accomplishments Developed layout and plan sequences to improve operational efficiency.","tokens":["Highlights","Self","Motivated","Problem","Solver","Safety-Oriented","Multi-Tasker","Background","in","shipping","and","receiving","Accuracy","Excellent","communication","skills","5+","Years","Forklift","Experience","Accomplishments","Developed","layout","and","plan","sequences","to","improve","operational","efficiency."],"metadata":[]}],[{"content":"Prepared pallets by following prescribed stacking arrangement and properly tagging pallets.","tokens":["Prepared","pallets","by","following","prescribed","stacking","arrangement","and","properly","tagging","pallets."],"metadata":[]}],[{"content":"Used propane forklift to load trailer at warehouse.","tokens":["Used","propane","forklift","to","load","trailer","at","warehouse."],"metadata":[]}],[{"content":"Trained numerous employees in day to day jobs in warehouse environment Proposed and initiated filing system at McJunkin RedMan Corporation Established cohesiveness between sales team and warehouse team at McJunkin RedMan Corporation Supported all of previous employers policies, procedures, and safety rules Proficient in accuracy and production Experience Sales July 2013 to October 2015 Company Name - City , State Averaged 50 hours per week/ $21.78 per hour Developed tool to track and monitor personal sales opportunities, deals in progress and finished contracts.","tokens":["Trained","numerous","employees","in","day","to","day","jobs","in","warehouse","environment","Proposed","and","initiated","filing","system","at","McJunkin","RedMan","Corporation","Established","cohesiveness","between","sales","team","and","warehouse","team","at","McJunkin","RedMan","Corporation","Supported","all","of","previous","employers","policies,","procedures,","and","safety","rules","Proficient","in","accuracy","and","production","Experience","Sales","July","2013","to","October","2015","Company","Name","-","City",",","State","Averaged","50","hours","per","week/","$21.78","per","hour","Developed","tool","to","track","and","monitor","personal","sales","opportunities,","deals","in","progress","and","finished","contracts."],"metadata":[]}],[{"content":"Took daily inbound calls and key-entered orders, faxes, backorders and credit memos for assigned accounts and clients.","tokens":["Took","daily","inbound","calls","and","key-entered","orders,","faxes,","backorders","and","credit","memos","for","assigned","accounts","and","clients."],"metadata":[]}],[{"content":"Consistently met and exceeded department expectations for productivity and accuracy levels.","tokens":["Consistently","met","and","exceeded","department","expectations","for","productivity","and","accuracy","levels."],"metadata":[]}],[{"content":"Participated in various incentive programs and contests designed to support achievement of production goals.","tokens":["Participated","in","various","incentive","programs","and","contests","designed","to","support","achievement","of","production","goals."],"metadata":[]}],[{"content":"Developed spreadsheets to track bi-monthly billings, client proposals, contracts, subcontracts and subcontractor licenses.","tokens":["Developed","spreadsheets","to","track","bi-monthly","billings,","client","proposals,","contracts,","subcontracts","and","subcontractor","licenses."],"metadata":[]}],[{"content":"Warehouse Lead Rep/Driver January 2011 to July 2013 Company Name - City , State Averaged 50 Hours per week/ $18.00 per hour Supervised material flow, storage and global order fulfillment.","tokens":["Warehouse","Lead","Rep/Driver","January","2011","to","July","2013","Company","Name","-","City",",","State","Averaged","50","Hours","per","week/","$18.00","per","hour","Supervised","material","flow,","storage","and","global","order","fulfillment."],"metadata":[]}],[{"content":"5+ years of forklift driving experience both stand up and sit down lifts Maintained accurate stock records and schedules.","tokens":["5+","years","of","forklift","driving","experience","both","stand","up","and","sit","down","lifts","Maintained","accurate","stock","records","and","schedules."],"metadata":[]}],[{"content":"Unloaded, picked, staged and loaded products for shipping.","tokens":["Unloaded,","picked,","staged","and","loaded","products","for","shipping."],"metadata":[]}],[{"content":"Oversaw special orders and after-hours, urgent shipping jobs.","tokens":["Oversaw","special","orders","and","after-hours,","urgent","shipping","jobs."],"metadata":[]}],[{"content":"Reported inventory balances and cycle counts in both the ERP and WMS systems.","tokens":["Reported","inventory","balances","and","cycle","counts","in","both","the","ERP","and","WMS","systems."],"metadata":[]}],[{"content":"Entered data into SIMS to load and manipulate data and to produce reports.","tokens":["Entered","data","into","SIMS","to","load","and","manipulate","data","and","to","produce","reports."],"metadata":[]}],[{"content":"Oversaw warehousing and storage practices and housekeeping.","tokens":["Oversaw","warehousing","and","storage","practices","and","housekeeping."],"metadata":[]}],[{"content":"Transported goods from racks, shelves and vehicles.","tokens":["Transported","goods","from","racks,","shelves","and","vehicles."],"metadata":[]}],[{"content":"Installed protective bracing, padding and strapping to prevent shifting and damage to items during transport.","tokens":["Installed","protective","bracing,","padding","and","strapping","to","prevent","shifting","and","damage","to","items","during","transport."],"metadata":[]}],[{"content":"Installed protective bracing, padding and strapping to prevent shifting and damage to items during transport.","tokens":["Installed","protective","bracing,","padding","and","strapping","to","prevent","shifting","and","damage","to","items","during","transport."],"metadata":[]}],[{"content":"Worked at a rapid pace to meet tight deadlines.","tokens":["Worked","at","a","rapid","pace","to","meet","tight","deadlines."],"metadata":[]}],[{"content":"Verified and recorded the count and condition of cargo received.","tokens":["Verified","and","recorded","the","count","and","condition","of","cargo","received."],"metadata":[]}],[{"content":"Removed pallets, freezer boxes and damaged products from returning trailers.","tokens":["Removed","pallets,","freezer","boxes","and","damaged","products","from","returning","trailers."],"metadata":[]}],[{"content":"Banded, wrapped, packaged and cleaned equipment.","tokens":["Banded,","wrapped,","packaged","and","cleaned","equipment."],"metadata":[]}],[{"content":"Operated powered lift trucks, floor sweepers, pallet jacks and forklifts safely, with a 0% incident rate.","tokens":["Operated","powered","lift","trucks,","floor","sweepers,","pallet","jacks","and","forklifts","safely,","with","a","0%","incident","rate."],"metadata":[]}],[{"content":"Used propane forklift to load trailer at warehouse.","tokens":["Used","propane","forklift","to","load","trailer","at","warehouse."],"metadata":[]}],[{"content":"Loaded flat bed by forklift and hand truck.","tokens":["Loaded","flat","bed","by","forklift","and","hand","truck."],"metadata":[]}],[{"content":"Followed proper selection procedures as established by the company.","tokens":["Followed","proper","selection","procedures","as","established","by","the","company."],"metadata":[]}],[{"content":"Coordinated daily delivery schedules based on customer schedules, peak delivery times and alternate routes.","tokens":["Coordinated","daily","delivery","schedules","based","on","customer","schedules,","peak","delivery","times","and","alternate","routes."],"metadata":[]}],[{"content":"Obtained and maintained proper delivery authorization and pickup documentation.","tokens":["Obtained","and","maintained","proper","delivery","authorization","and","pickup","documentation."],"metadata":[]}],[{"content":"Conducted daily DOT pre-trip inspections according to a set checklist.","tokens":["Conducted","daily","DOT","pre-trip","inspections","according","to","a","set","checklist."],"metadata":[]}],[{"content":"Maintained records required for compliance with state and federal regulations.","tokens":["Maintained","records","required","for","compliance","with","state","and","federal","regulations."],"metadata":[]}],[{"content":"Interacted with customers and vendors in a friendly and timely manner.","tokens":["Interacted","with","customers","and","vendors","in","a","friendly","and","timely","manner."],"metadata":[]}],[{"content":"Transported freight from origin to destination in a safe and timely manner.","tokens":["Transported","freight","from","origin","to","destination","in","a","safe","and","timely","manner."],"metadata":[]}],[{"content":"Checked load accuracy and stability before each trip.","tokens":["Checked","load","accuracy","and","stability","before","each","trip."],"metadata":[]}],[{"content":"Receiving/ Stocker/ Inventory Assistant September 2007 to November 2010 Company Name - City , State Average 50 hours+ weekly/ $13.00 per hour Verify Orders and ability to interpret instructions, specifications, and work orders Process inbound shipments and stock them using a forklift quickly and efficiently In-check truckload shipments using MDS Apply and evaluate techniques for the identification, of issues concerning the efficiency and effectiveness of quality assurance procedures Perform procedure and functions that ensure the utilization of proper methods, duties that included conducting audits and inspecting devises Development and planning, programming and budget execution processes Provide assistance and advice to resolve complex quality assurance effectiveness problems Accurately established priorities and general procedures for use in planning daily workload Present information both orally and in writing Extensive knowledge of product characteristics and production maintenance or repair methods and processes Knowledge of standard safety and health practices and established policies and procedures Interpreting and applying specifications, technical data, regulations, policy, and other guideline materials Conducted studies, investigations, problem analysis and developing logical and documented recommendation Truck Loader/Case Pack/ Re-Pack August 2006 to September 2007 Company Name - City , State Average 45-50 hours weekly/ $16.00 per hour Implemented strategic shipping policies to achieve long and short-term sales targets.","tokens":["Receiving/","Stocker/","Inventory","Assistant","September","2007","to","November","2010","Company","Name","-","City",",","State","Average","50","hours+","weekly/","$13.00","per","hour","Verify","Orders","and","ability","to","interpret","instructions,","specifications,","and","work","orders","Process","inbound","shipments","and","stock","them","using","a","forklift","quickly","and","efficiently","In-check","truckload","shipments","using","MDS","Apply","and","evaluate","techniques","for","the","identification,","of","issues","concerning","the","efficiency","and","effectiveness","of","quality","assurance","procedures","Perform","procedure","and","functions","that","ensure","the","utilization","of","proper","methods,","duties","that","included","conducting","audits","and","inspecting","devises","Development","and","planning,","programming","and","budget","execution","processes","Provide","assistance","and","advice","to","resolve","complex","quality","assurance","effectiveness","problems","Accurately","established","priorities","and","general","procedures","for","use","in","planning","daily","workload","Present","information","both","orally","and","in","writing","Extensive","knowledge","of","product","characteristics","and","production","maintenance","or","repair","methods","and","processes","Knowledge","of","standard","safety","and","health","practices","and","established","policies","and","procedures","Interpreting","and","applying","specifications,","technical","data,","regulations,","policy,","and","other","guideline","materials","Conducted","studies,","investigations,","problem","analysis","and","developing","logical","and","documented","recommendation","Truck","Loader/Case","Pack/","Re-Pack","August","2006","to","September","2007","Company","Name","-","City",",","State","Average","45-50","hours","weekly/","$16.00","per","hour","Implemented","strategic","shipping","policies","to","achieve","long","and","short-term","sales","targets."],"metadata":[]}],[{"content":"Inspected product load for accuracy and safely transported it around the warehouse.","tokens":["Inspected","product","load","for","accuracy","and","safely","transported","it","around","the","warehouse."],"metadata":[]}],[{"content":"Loaded trucks proficiently and accurately Cross trained in several different departments Unloaded, picked, staged and loaded products for shipping.","tokens":["Loaded","trucks","proficiently","and","accurately","Cross","trained","in","several","different","departments","Unloaded,","picked,","staged","and","loaded","products","for","shipping."],"metadata":[]}],[{"content":"Transported goods from racks, shelves and vehicles.","tokens":["Transported","goods","from","racks,","shelves","and","vehicles."],"metadata":[]}],[{"content":"Followed proper selection procedures as established by the company.","tokens":["Followed","proper","selection","procedures","as","established","by","the","company."],"metadata":[]}],[{"content":"Worked at a rapid pace to meet tight deadlines.","tokens":["Worked","at","a","rapid","pace","to","meet","tight","deadlines."],"metadata":[]}],[{"content":"Education High School Diploma : General , 2004 Ardmore High School - City , State , USA GPA: GPA: 3 General Member of football and basketball teams GPA: 3 University Center of Southern Oklahoma - Ardmore, OK, USAcompleted on semester at this university Prairie View A&M University Prairie View, TX, USAcompleted one semester at this university University of Central Oklahoma GPA: GPA: 5 Edmond, OK, USAComplete one full year at this university GPA: 5 Professional Affiliations YMCA as a volunteer coach for basketball Skills Dependable Learns new job assignments quickly 8+ years of warehouse, shipping, receiving, manufacturing, distribution, and 2+ years of sales experience","tokens":["Education","High","School","Diploma",":","General",",","2004","Ardmore","High","School","-","City",",","State",",","USA","GPA:","GPA:","3","General","Member","of","football","and","basketball","teams","GPA:","3","University","Center","of","Southern","Oklahoma","-","Ardmore,","OK,","USAcompleted","on","semester","at","this","university","Prairie","View","A&M","University","Prairie","View,","TX,","USAcompleted","one","semester","at","this","university","University","of","Central","Oklahoma","GPA:","GPA:","5","Edmond,","OK,","USAComplete","one","full","year","at","this","university","GPA:","5","Professional","Affiliations","YMCA","as","a","volunteer","coach","for","basketball","Skills","Dependable","Learns","new","job","assignments","quickly","8+","years","of","warehouse,","shipping,","receiving,","manufacturing,","distribution,","and","2+","years","of","sales","experience"],"metadata":[]}]],"labelerInfo":{"id":6814,"email":"cwilhel8@jh.edu","displayName":"Chris Wilhelm"},"labelSets":[{"name":"Resume Labels","index":0,"labelItems":[{"id":"Kj5U6n9NUqTXuWcB3c_7L","labelName":"College"},{"id":"rj7TW0-ymuRo6f_asXJab","labelName":"Company Name"},{"id":"SJEkdao76hjwbb6Fh5SY6","labelName":"Job Title"},{"id":"BjO8MdvK2KI4E5iMEeY4B","labelName":"Graduation Year"},{"id":"eS2knCRgLegeRw8bcmSWA","labelName":"Skill"},{"id":"IeEoIKabMl51BJE0gX2YL","labelName":"Degree"},{"id":"1R0C50AAwFbEp2O0WmRv6","labelName":"Location"},{"id":"zQcc4ygexJ_A3Gb0NeRTk","labelName":"Years of Experience"},{"id":"52S_6moRfhjC-yXgIBeCp","labelName":"Date"},{"id":"KiLarWmwlU1E3-FfdG6Qg","labelName":"Project"},{"id":"dyxKKTAxW1z5ifjPj42BI","labelName":"Name"}]}],"spanLabels":[{"id":"1663412746","labeledBy":"AUTO","labeledByUserId":null,"acceptedByUserId":null,"rejectedByUserId":null,"layer":0,"counter":0,"status":"LABELED","hashCode":"SPAN:SJEkdao76hjwbb6Fh5SY6:0:0:0:0:0:0:0:0:4:0:undefined:undefined","labelName":"SJEkdao76hjwbb6Fh5SY6","labelItem":{"id":"SJEkdao76hjwbb6Fh5SY6","labelName":"Job Title"},"textPosition":{"start":{"row":0,"column":0,"tokenIndex":0,"charIndex":0},"end":{"row":0,"column":0,"tokenIndex":0,"charIndex":4}},"confidenceScore":null},{"id":"1663412767","labeledBy":"AUTO","labeledByUserId":null,"acceptedByUserId":null,"rejectedByUserId":null,"layer":0,"counter":0,"status":"LABELED","hashCode":"SPAN:eS2knCRgLegeRw8bcmSWA:0:2:0:1:0:2:0:2:8:0:undefined:undefined","labelName":"eS2knCRgLegeRw8bcmSWA","labelItem":{"id":"eS2knCRgLegeRw8bcmSWA","labelName":"Skill"},"textPosition":{"start":{"row":2,"column":0,"tokenIndex":1,"charIndex":0},"end":{"row":2,"column":0,"tokenIndex":2,"charIndex":8}},"confidenceScore":null},{"id":"1663412761","labeledBy":"AUTO","labeledByUserId":null,"acceptedByUserId":null,"rejectedByUserId":null,"layer":0,"counter":0,"status":"LABELED","hashCode":"SPAN:eS2knCRgLegeRw8bcmSWA:0:2:0:3:0:2:0:4:5:0:undefined:undefined","labelName":"eS2knCRgLegeRw8bcmSWA","labelItem":{"id":"eS2knCRgLegeRw8bcmSWA","labelName":"Skill"},"textPosition":{"start":{"row":2,"column":0,"tokenIndex":3,"charIndex":0},"end":{"row":2,"column":0,"tokenIndex":4,"charIndex":5}},"confidenceScore":null},{"id":"1663412770","labeledBy":"AUTO","labeledByUserId":null,"acceptedByUserId":null,"rejectedByUserId":null,"layer":0,"counter":0,"status":"LABELED","hashCode":"SPAN:eS2knCRgLegeRw8bcmSWA:0:2:0:6:0:2:0:6:11:0:undefined:undefined","labelName":"eS2knCRgLegeRw8bcmSWA","labelItem":{"id":"eS2knCRgLegeRw8bcmSWA","labelName":"Skill"},"textPosition":{"start":{"row":2,"column":0,"tokenIndex":6,"charIndex":0},"end":{"row":2,"column":0,"tokenIndex":6,"charIndex":11}},"confidenceScore":null},{"id":"1663412776","labeledBy":"AUTO","labeledByUserId":null,"acceptedByUserId":null,"rejectedByUserId":null,"layer":0,"counter":0,"status":"LABELED","hashCode":"SPAN:eS2knCRgLegeRw8bcmSWA:0:2:0:14:0:2:0:14:12:0:undefined:undefined","labelName":"eS2knCRgLegeRw8bcmSWA","labelItem":{"id":"eS2knCRgLegeRw8bcmSWA","labelName":"Skill"},"textPosition":{"start":{"row":2,"column":0,"tokenIndex":14,"charIndex":0},"end":{"row":2,"column":0,"tokenIndex":14,"charIndex":12}},"confidenceScore":null},{"id":"1663412788","labeledBy":"AUTO","labeledByUserId":null,"acceptedByUserId":null,"rejectedByUserId":null,"layer":0,"counter":0,"status":"LABELED","hashCode":"SPAN:zQcc4ygexJ_A3Gb0NeRTk:0:2:0:16:0:2:0:17:4:0:undefined:undefined","labelName":"zQcc4ygexJ_A3Gb0NeRTk","labelItem":{"id":"zQcc4ygexJ_A3Gb0NeRTk","labelName":"Years of Experience"},"textPosition":{"start":{"row":2,"column":0,"tokenIndex":16,"charIndex":0},"end":{"row":2,"column":0,"tokenIndex":17,"charIndex":4}},"confidenceScore":null},{"id":"1663412791","labeledBy":"AUTO","labeledByUserId":null,"acceptedByUserId":null,"rejectedByUserId":null,"layer":0,"counter":0,"status":"LABELED","hashCode":"SPAN:eS2knCRgLegeRw8bcmSWA:0:2:0:18:0:2:0:19:9:0:undefined:undefined","labelName":"eS2knCRgLegeRw8bcmSWA","labelItem":{"id":"eS2knCRgLegeRw8bcmSWA","labelName":"Skill"},"textPosition":{"start":{"row":2,"column":0,"tokenIndex":18,"charIndex":0},"end":{"row":2,"column":0,"tokenIndex":19,"charIndex":9}},"confidenceScore":null},{"id":"1663412800","labeledBy":"AUTO","labeledByUserId":null,"acceptedByUserId":null,"rejectedByUserId":null,"layer":0,"counter":0,"status":"LABELED","hashCode":"SPAN:rj7TW0-ymuRo6f_asXJab:0:5:0:17:0:5:0:19:10:0:undefined:undefined","labelName":"rj7TW0-ymuRo6f_asXJab","labelItem":{"id":"rj7TW0-ymuRo6f_asXJab","labelName":"Company Name"},"textPosition":{"start":{"row":5,"column":0,"tokenIndex":17,"charIndex":0},"end":{"row":5,"column":0,"tokenIndex":19,"charIndex":10}},"confidenceScore":null},{"id":"1663412803","labeledBy":"AUTO","labeledByUserId":null,"acceptedByUserId":null,"rejectedByUserId":null,"layer":0,"counter":0,"status":"LABELED","hashCode":"SPAN:rj7TW0-ymuRo6f_asXJab:0:5:0:29:0:5:0:31:10:0:undefined:undefined","labelName":"rj7TW0-ymuRo6f_asXJab","labelItem":{"id":"rj7TW0-ymuRo6f_asXJab","labelName":"Company Name"},"textPosition":{"start":{"row":5,"column":0,"tokenIndex":29,"charIndex":0},"end":{"row":5,"column":0,"tokenIndex":31,"charIndex":10}},"confidenceScore":null},{"id":"1663412809","labeledBy":"AUTO","labeledByUserId":null,"acceptedByUserId":null,"rejectedByUserId":null,"layer":0,"counter":0,"status":"LABELED","hashCode":"SPAN:SJEkdao76hjwbb6Fh5SY6:0:5:0:48:0:5:0:48:4:0:undefined:undefined","labelName":"SJEkdao76hjwbb6Fh5SY6","labelItem":{"id":"SJEkdao76hjwbb6Fh5SY6","labelName":"Job Title"},"textPosition":{"start":{"row":5,"column":0,"tokenIndex":48,"charIndex":0},"end":{"row":5,"column":0,"tokenIndex":48,"charIndex":4}},"confidenceScore":null},{"id":"1663412818","labeledBy":"AUTO","labeledByUserId":null,"acceptedByUserId":null,"rejectedByUserId":null,"layer":0,"counter":0,"status":"LABELED","hashCode":"SPAN:52S_6moRfhjC-yXgIBeCp:0:5:0:49:0:5:0:53:3:0:undefined:undefined","labelName":"52S_6moRfhjC-yXgIBeCp","labelItem":{"id":"52S_6moRfhjC-yXgIBeCp","labelName":"Date"},"textPosition":{"start":{"row":5,"column":0,"tokenIndex":49,"charIndex":0},"end":{"row":5,"column":0,"tokenIndex":53,"charIndex":3}},"confidenceScore":null},{"id":"1663412827","labeledBy":"AUTO","labeledByUserId":null,"acceptedByUserId":null,"rejectedByUserId":null,"layer":0,"counter":0,"status":"LABELED","hashCode":"SPAN:SJEkdao76hjwbb6Fh5SY6:0:10:0:0:0:10:0:2:9:0:undefined:undefined","labelName":"SJEkdao76hjwbb6Fh5SY6","labelItem":{"id":"SJEkdao76hjwbb6Fh5SY6","labelName":"Job Title"},"textPosition":{"start":{"row":10,"column":0,"tokenIndex":0,"charIndex":0},"end":{"row":10,"column":0,"tokenIndex":2,"charIndex":9}},"confidenceScore":null},{"id":"1663412833","labeledBy":"AUTO","labeledByUserId":null,"acceptedByUserId":null,"rejectedByUserId":null,"layer":0,"counter":0,"status":"LABELED","hashCode":"SPAN:52S_6moRfhjC-yXgIBeCp:0:10:0:3:0:10:0:7:3:0:undefined:undefined","labelName":"52S_6moRfhjC-yXgIBeCp","labelItem":{"id":"52S_6moRfhjC-yXgIBeCp","labelName":"Date"},"textPosition":{"start":{"row":10,"column":0,"tokenIndex":3,"charIndex":0},"end":{"row":10,"column":0,"tokenIndex":7,"charIndex":3}},"confidenceScore":null},{"id":"1663412845","labeledBy":"AUTO","labeledByUserId":null,"acceptedByUserId":null,"rejectedByUserId":null,"layer":0,"counter":0,"status":"LABELED","hashCode":"SPAN:zQcc4ygexJ_A3Gb0NeRTk:0:11:0:0:0:11:0:1:4:0:undefined:undefined","labelName":"zQcc4ygexJ_A3Gb0NeRTk","labelItem":{"id":"zQcc4ygexJ_A3Gb0NeRTk","labelName":"Years of Experience"},"textPosition":{"start":{"row":11,"column":0,"tokenIndex":0,"charIndex":0},"end":{"row":11,"column":0,"tokenIndex":1,"charIndex":4}},"confidenceScore":null},{"id":"1663412860","labeledBy":"AUTO","labeledByUserId":null,"acceptedByUserId":null,"rejectedByUserId":null,"layer":0,"counter":0,"status":"LABELED","hashCode":"SPAN:eS2knCRgLegeRw8bcmSWA:0:15:0:7:0:15:0:8:3:0:undefined:undefined","labelName":"eS2knCRgLegeRw8bcmSWA","labelItem":{"id":"eS2knCRgLegeRw8bcmSWA","labelName":"Skill"},"textPosition":{"start":{"row":15,"column":0,"tokenIndex":7,"charIndex":0},"end":{"row":15,"column":0,"tokenIndex":8,"charIndex":3}},"confidenceScore":null},{"id":"1663412884","labeledBy":"AUTO","labeledByUserId":null,"acceptedByUserId":null,"rejectedByUserId":null,"layer":0,"counter":0,"status":"LABELED","hashCode":"SPAN:eS2knCRgLegeRw8bcmSWA:0:24:0:1:0:24:0:3:6:0:undefined:undefined","labelName":"eS2knCRgLegeRw8bcmSWA","labelItem":{"id":"eS2knCRgLegeRw8bcmSWA","labelName":"Skill"},"textPosition":{"start":{"row":24,"column":0,"tokenIndex":1,"charIndex":0},"end":{"row":24,"column":0,"tokenIndex":3,"charIndex":6}},"confidenceScore":null},{"id":"1663412887","labeledBy":"AUTO","labeledByUserId":null,"acceptedByUserId":null,"rejectedByUserId":null,"layer":0,"counter":0,"status":"LABELED","hashCode":"SPAN:eS2knCRgLegeRw8bcmSWA:0:24:0:4:0:24:0:5:8:0:undefined:undefined","labelName":"eS2knCRgLegeRw8bcmSWA","labelItem":{"id":"eS2knCRgLegeRw8bcmSWA","labelName":"Skill"},"textPosition":{"start":{"row":24,"column":0,"tokenIndex":4,"charIndex":0},"end":{"row":24,"column":0,"tokenIndex":5,"charIndex":8}},"confidenceScore":null},{"id":"1663412890","labeledBy":"AUTO","labeledByUserId":null,"acceptedByUserId":null,"rejectedByUserId":null,"layer":0,"counter":0,"status":"LABELED","hashCode":"SPAN:eS2knCRgLegeRw8bcmSWA:0:24:0:9:0:24:0:9:8:0:undefined:undefined","labelName":"eS2knCRgLegeRw8bcmSWA","labelItem":{"id":"eS2knCRgLegeRw8bcmSWA","labelName":"Skill"},"textPosition":{"start":{"row":24,"column":0,"tokenIndex":9,"charIndex":0},"end":{"row":24,"column":0,"tokenIndex":9,"charIndex":8}},"confidenceScore":null},{"id":"1663412893","labeledBy":"AUTO","labeledByUserId":null,"acceptedByUserId":null,"rejectedByUserId":null,"layer":0,"counter":0,"status":"LABELED","hashCode":"SPAN:eS2knCRgLegeRw8bcmSWA:0:25:0:1:0:25:0:2:7:0:undefined:undefined","labelName":"eS2knCRgLegeRw8bcmSWA","labelItem":{"id":"eS2knCRgLegeRw8bcmSWA","labelName":"Skill"},"textPosition":{"start":{"row":25,"column":0,"tokenIndex":1,"charIndex":0},"end":{"row":25,"column":0,"tokenIndex":2,"charIndex":7}},"confidenceScore":null},{"id":"1663412905","labeledBy":"AUTO","labeledByUserId":null,"acceptedByUserId":null,"rejectedByUserId":null,"layer":0,"counter":0,"status":"LABELED","hashCode":"SPAN:eS2knCRgLegeRw8bcmSWA:0:26:0:4:0:26:0:4:7:0:undefined:undefined","labelName":"eS2knCRgLegeRw8bcmSWA","labelItem":{"id":"eS2knCRgLegeRw8bcmSWA","labelName":"Skill"},"textPosition":{"start":{"row":26,"column":0,"tokenIndex":4,"charIndex":0},"end":{"row":26,"column":0,"tokenIndex":4,"charIndex":7}},"confidenceScore":null},{"id":"1663412911","labeledBy":"AUTO","labeledByUserId":null,"acceptedByUserId":null,"rejectedByUserId":null,"layer":0,"counter":0,"status":"LABELED","hashCode":"SPAN:eS2knCRgLegeRw8bcmSWA:0:26:0:6:0:26:0:7:5:0:undefined:undefined","labelName":"eS2knCRgLegeRw8bcmSWA","labelItem":{"id":"eS2knCRgLegeRw8bcmSWA","labelName":"Skill"},"textPosition":{"start":{"row":26,"column":0,"tokenIndex":6,"charIndex":0},"end":{"row":26,"column":0,"tokenIndex":7,"charIndex":5}},"confidenceScore":null},{"id":"1663412926","labeledBy":"AUTO","labeledByUserId":null,"acceptedByUserId":null,"rejectedByUserId":null,"layer":0,"counter":0,"status":"LABELED","hashCode":"SPAN:SJEkdao76hjwbb6Fh5SY6:0:35:0:0:0:35:0:3:8:0:undefined:undefined","labelName":"SJEkdao76hjwbb6Fh5SY6","labelItem":{"id":"SJEkdao76hjwbb6Fh5SY6","labelName":"Job Title"},"textPosition":{"start":{"row":35,"column":0,"tokenIndex":0,"charIndex":0},"end":{"row":35,"column":0,"tokenIndex":3,"charIndex":8}},"confidenceScore":null},{"id":"1663412932","labeledBy":"AUTO","labeledByUserId":null,"acceptedByUserId":null,"rejectedByUserId":null,"layer":0,"counter":0,"status":"LABELED","hashCode":"SPAN:52S_6moRfhjC-yXgIBeCp:0:35:0:4:0:35:0:8:3:0:undefined:undefined","labelName":"52S_6moRfhjC-yXgIBeCp","labelItem":{"id":"52S_6moRfhjC-yXgIBeCp","labelName":"Date"},"textPosition":{"start":{"row":35,"column":0,"tokenIndex":4,"charIndex":0},"end":{"row":35,"column":0,"tokenIndex":8,"charIndex":3}},"confidenceScore":null},{"id":"1663412941","labeledBy":"AUTO","labeledByUserId":null,"acceptedByUserId":null,"rejectedByUserId":null,"layer":0,"counter":0,"status":"LABELED","hashCode":"SPAN:eS2knCRgLegeRw8bcmSWA:0:35:0:41:0:35:0:41:7:0:undefined:undefined","labelName":"eS2knCRgLegeRw8bcmSWA","labelItem":{"id":"eS2knCRgLegeRw8bcmSWA","labelName":"Skill"},"textPosition":{"start":{"row":35,"column":0,"tokenIndex":41,"charIndex":0},"end":{"row":35,"column":0,"tokenIndex":41,"charIndex":7}},"confidenceScore":null},{"id":"1663412947","labeledBy":"AUTO","labeledByUserId":null,"acceptedByUserId":null,"rejectedByUserId":null,"layer":0,"counter":0,"status":"LABELED","hashCode":"SPAN:eS2knCRgLegeRw8bcmSWA:0:35:0:49:0:35:0:49:2:0:undefined:undefined","labelName":"eS2knCRgLegeRw8bcmSWA","labelItem":{"id":"eS2knCRgLegeRw8bcmSWA","labelName":"Skill"},"textPosition":{"start":{"row":35,"column":0,"tokenIndex":49,"charIndex":0},"end":{"row":35,"column":0,"tokenIndex":49,"charIndex":2}},"confidenceScore":null},{"id":"1663412953","labeledBy":"AUTO","labeledByUserId":null,"acceptedByUserId":null,"rejectedByUserId":null,"layer":0,"counter":0,"status":"LABELED","hashCode":"SPAN:eS2knCRgLegeRw8bcmSWA:0:35:0:65:0:35:0:66:8:0:undefined:undefined","labelName":"eS2knCRgLegeRw8bcmSWA","labelItem":{"id":"eS2knCRgLegeRw8bcmSWA","labelName":"Skill"},"textPosition":{"start":{"row":35,"column":0,"tokenIndex":65,"charIndex":0},"end":{"row":35,"column":0,"tokenIndex":66,"charIndex":8}},"confidenceScore":null},{"id":"1663412983","labeledBy":"AUTO","labeledByUserId":null,"acceptedByUserId":null,"rejectedByUserId":null,"layer":0,"counter":0,"status":"LABELED","hashCode":"SPAN:eS2knCRgLegeRw8bcmSWA:0:35:0:131:0:35:0:132:10:0:undefined:undefined","labelName":"eS2knCRgLegeRw8bcmSWA","labelItem":{"id":"eS2knCRgLegeRw8bcmSWA","labelName":"Skill"},"textPosition":{"start":{"row":35,"column":0,"tokenIndex":131,"charIndex":0},"end":{"row":35,"column":0,"tokenIndex":132,"charIndex":10}},"confidenceScore":null},{"id":"1663412989","labeledBy":"AUTO","labeledByUserId":null,"acceptedByUserId":null,"rejectedByUserId":null,"layer":0,"counter":0,"status":"LABELED","hashCode":"SPAN:eS2knCRgLegeRw8bcmSWA:0:35:0:134:0:35:0:135:6:0:undefined:undefined","labelName":"eS2knCRgLegeRw8bcmSWA","labelItem":{"id":"eS2knCRgLegeRw8bcmSWA","labelName":"Skill"},"textPosition":{"start":{"row":35,"column":0,"tokenIndex":134,"charIndex":0},"end":{"row":35,"column":0,"tokenIndex":135,"charIndex":6}},"confidenceScore":null},{"id":"1663413001","labeledBy":"AUTO","labeledByUserId":null,"acceptedByUserId":null,"rejectedByUserId":null,"layer":0,"counter":0,"status":"LABELED","hashCode":"SPAN:SJEkdao76hjwbb6Fh5SY6:0:35:0:173:0:35:0:176:6:0:undefined:undefined","labelName":"SJEkdao76hjwbb6Fh5SY6","labelItem":{"id":"SJEkdao76hjwbb6Fh5SY6","labelName":"Job Title"},"textPosition":{"start":{"row":35,"column":0,"tokenIndex":173,"charIndex":0},"end":{"row":35,"column":0,"tokenIndex":176,"charIndex":6}},"confidenceScore":null},{"id":"1663413013","labeledBy":"AUTO","labeledByUserId":null,"acceptedByUserId":null,"rejectedByUserId":null,"layer":0,"counter":0,"status":"LABELED","hashCode":"SPAN:52S_6moRfhjC-yXgIBeCp:0:35:0:177:0:35:0:181:3:0:undefined:undefined","labelName":"52S_6moRfhjC-yXgIBeCp","labelItem":{"id":"52S_6moRfhjC-yXgIBeCp","labelName":"Date"},"textPosition":{"start":{"row":35,"column":0,"tokenIndex":177,"charIndex":0},"end":{"row":35,"column":0,"tokenIndex":181,"charIndex":3}},"confidenceScore":null},{"id":"1663413019","labeledBy":"AUTO","labeledByUserId":null,"acceptedByUserId":null,"rejectedByUserId":null,"layer":0,"counter":0,"status":"LABELED","hashCode":"SPAN:IeEoIKabMl51BJE0gX2YL:0:41:0:0:0:41:0:5:6:0:undefined:undefined","labelName":"IeEoIKabMl51BJE0gX2YL","labelItem":{"id":"IeEoIKabMl51BJE0gX2YL","labelName":"Degree"},"textPosition":{"start":{"row":41,"column":0,"tokenIndex":0,"charIndex":0},"end":{"row":41,"column":0,"tokenIndex":5,"charIndex":6}},"confidenceScore":null},{"id":"1663413034","labeledBy":"AUTO","labeledByUserId":null,"acceptedByUserId":null,"rejectedByUserId":null,"layer":0,"counter":0,"status":"LABELED","hashCode":"SPAN:Kj5U6n9NUqTXuWcB3c_7L:0:41:0:29:0:41:0:33:7:0:undefined:undefined","labelName":"Kj5U6n9NUqTXuWcB3c_7L","labelItem":{"id":"Kj5U6n9NUqTXuWcB3c_7L","labelName":"College"},"textPosition":{"start":{"row":41,"column":0,"tokenIndex":29,"charIndex":0},"end":{"row":41,"column":0,"tokenIndex":33,"charIndex":7}},"confidenceScore":null},{"id":"1663413040","labeledBy":"AUTO","labeledByUserId":null,"acceptedByUserId":null,"rejectedByUserId":null,"layer":0,"counter":0,"status":"LABELED","hashCode":"SPAN:1R0C50AAwFbEp2O0WmRv6:0:41:0:35:0:41:0:36:2:0:undefined:undefined","labelName":"1R0C50AAwFbEp2O0WmRv6","labelItem":{"id":"1R0C50AAwFbEp2O0WmRv6","labelName":"Location"},"textPosition":{"start":{"row":41,"column":0,"tokenIndex":35,"charIndex":0},"end":{"row":41,"column":0,"tokenIndex":36,"charIndex":2}},"confidenceScore":null},{"id":"1663413049","labeledBy":"AUTO","labeledByUserId":null,"acceptedByUserId":null,"rejectedByUserId":null,"layer":0,"counter":0,"status":"LABELED","hashCode":"SPAN:eS2knCRgLegeRw8bcmSWA:0:41:0:84:0:41:0:84:9:0:undefined:undefined","labelName":"eS2knCRgLegeRw8bcmSWA","labelItem":{"id":"eS2knCRgLegeRw8bcmSWA","labelName":"Skill"},"textPosition":{"start":{"row":41,"column":0,"tokenIndex":84,"charIndex":0},"end":{"row":41,"column":0,"tokenIndex":84,"charIndex":9}},"confidenceScore":null},{"id":"1663413052","labeledBy":"AUTO","labeledByUserId":null,"acceptedByUserId":null,"rejectedByUserId":null,"layer":0,"counter":0,"status":"LABELED","hashCode":"SPAN:zQcc4ygexJ_A3Gb0NeRTk:0:41:0:90:0:41:0:91:4:0:undefined:undefined","labelName":"zQcc4ygexJ_A3Gb0NeRTk","labelItem":{"id":"zQcc4ygexJ_A3Gb0NeRTk","labelName":"Years of Experience"},"textPosition":{"start":{"row":41,"column":0,"tokenIndex":90,"charIndex":0},"end":{"row":41,"column":0,"tokenIndex":91,"charIndex":4}},"confidenceScore":null},{"id":"1663413058","labeledBy":"AUTO","labeledByUserId":null,"acceptedByUserId":null,"rejectedByUserId":null,"layer":0,"counter":0,"status":"LABELED","hashCode":"SPAN:eS2knCRgLegeRw8bcmSWA:0:41:0:93:0:41:0:93:9:0:undefined:undefined","labelName":"eS2knCRgLegeRw8bcmSWA","labelItem":{"id":"eS2knCRgLegeRw8bcmSWA","labelName":"Skill"},"textPosition":{"start":{"row":41,"column":0,"tokenIndex":93,"charIndex":0},"end":{"row":41,"column":0,"tokenIndex":93,"charIndex":9}},"confidenceScore":null},{"id":"1663413061","labeledBy":"AUTO","labeledByUserId":null,"acceptedByUserId":null,"rejectedByUserId":null,"layer":0,"counter":0,"status":"LABELED","hashCode":"SPAN:eS2knCRgLegeRw8bcmSWA:0:41:0:94:0:41:0:94:8:0:undefined:undefined","labelName":"eS2knCRgLegeRw8bcmSWA","labelItem":{"id":"eS2knCRgLegeRw8bcmSWA","labelName":"Skill"},"textPosition":{"start":{"row":41,"column":0,"tokenIndex":94,"charIndex":0},"end":{"row":41,"column":0,"tokenIndex":94,"charIndex":8}},"confidenceScore":null},{"id":"1663413064","labeledBy":"AUTO","labeledByUserId":null,"acceptedByUserId":null,"rejectedByUserId":null,"layer":0,"counter":0,"status":"LABELED","hashCode":"SPAN:eS2knCRgLegeRw8bcmSWA:0:41:0:95:0:41:0:95:9:0:undefined:undefined","labelName":"eS2knCRgLegeRw8bcmSWA","labelItem":{"id":"eS2knCRgLegeRw8bcmSWA","labelName":"Skill"},"textPosition":{"start":{"row":41,"column":0,"tokenIndex":95,"charIndex":0},"end":{"row":41,"column":0,"tokenIndex":95,"charIndex":9}},"confidenceScore":null},{"id":"1663413067","labeledBy":"AUTO","labeledByUserId":null,"acceptedByUserId":null,"rejectedByUserId":null,"layer":0,"counter":0,"status":"LABELED","hashCode":"SPAN:eS2knCRgLegeRw8bcmSWA:0:41:0:96:0:41:0:96:13:0:undefined:undefined","labelName":"eS2knCRgLegeRw8bcmSWA","labelItem":{"id":"eS2knCRgLegeRw8bcmSWA","labelName":"Skill"},"textPosition":{"start":{"row":41,"column":0,"tokenIndex":96,"charIndex":0},"end":{"row":41,"column":0,"tokenIndex":96,"charIndex":13}},"confidenceScore":null},{"id":"1663413070","labeledBy":"AUTO","labeledByUserId":null,"acceptedByUserId":null,"rejectedByUserId":null,"layer":0,"counter":0,"status":"LABELED","hashCode":"SPAN:eS2knCRgLegeRw8bcmSWA:0:41:0:97:0:41:0:97:12:0:undefined:undefined","labelName":"eS2knCRgLegeRw8bcmSWA","labelItem":{"id":"eS2knCRgLegeRw8bcmSWA","labelName":"Skill"},"textPosition":{"start":{"row":41,"column":0,"tokenIndex":97,"charIndex":0},"end":{"row":41,"column":0,"tokenIndex":97,"charIndex":12}},"confidenceScore":null},{"id":"1663413079","labeledBy":"AUTO","labeledByUserId":null,"acceptedByUserId":null,"rejectedByUserId":null,"layer":0,"counter":0,"status":"LABELED","hashCode":"SPAN:zQcc4ygexJ_A3Gb0NeRTk:0:41:0:99:0:41:0:100:4:0:undefined:undefined","labelName":"zQcc4ygexJ_A3Gb0NeRTk","labelItem":{"id":"zQcc4ygexJ_A3Gb0NeRTk","labelName":"Years of Experience"},"textPosition":{"start":{"row":41,"column":0,"tokenIndex":99,"charIndex":0},"end":{"row":41,"column":0,"tokenIndex":100,"charIndex":4}},"confidenceScore":null},{"id":"1663413082","labeledBy":"AUTO","labeledByUserId":null,"acceptedByUserId":null,"rejectedByUserId":null,"layer":0,"counter":0,"status":"LABELED","hashCode":"SPAN:eS2knCRgLegeRw8bcmSWA:0:41:0:102:0:41:0:102:4:0:undefined:undefined","labelName":"eS2knCRgLegeRw8bcmSWA","labelItem":{"id":"eS2knCRgLegeRw8bcmSWA","labelName":"Skill"},"textPosition":{"start":{"row":41,"column":0,"tokenIndex":102,"charIndex":0},"end":{"row":41,"column":0,"tokenIndex":102,"charIndex":4}},"confidenceScore":null}],"arrowLabels":[],"boundingBoxLabels":[],"timeLabels":[],"comments":[],"url":"datasaur://static/6814/3d9ff21f-b309-4c82-a2bd-c6e4d0852391.txt"}}
