{"version":"1","data":{"project":{"id":"ODBjYmQ2MDg","name":"NLP SSM Final Project"},"document":{"id":"2411ab80-843d-4459-92e4-302749e45d9e","name":"resume_6304_d2.txt"},"kinds":["TOKEN_BASED"],"rows":[[{"content":"Systems Administrator Systems Administrator Systems Administrator - Hill Learning Center Durham, NC Systems Administrator for Private K12 School in Durham NC Authorized to work in the US for any employer Work Experience Systems Administrator Hill Learning Center - Durham, NC 2014 to Present Administrator of systems and infrastructure.","tokens":["Systems","Administrator","Systems","Administrator","Systems","Administrator","-","Hill","Learning","Center","Durham,","NC","Systems","Administrator","for","Private","K12","School","in","Durham","NC","Authorized","to","work","in","the","US","for","any","employer","Work","Experience","Systems","Administrator","Hill","Learning","Center","-","Durham,","NC","2014","to","Present","Administrator","of","systems","and","infrastructure."],"metadata":[]}],[{"content":"Support 200+ users, employees, tutors and students via a Windows/Cisco environment.","tokens":["Support","200+","users,","employees,","tutors","and","students","via","a","Windows/Cisco","environment."],"metadata":[]}],[{"content":"Notable achievements include: * In charge of researching, identifying, testing, and implementing new technologies, systems, and processes to deploy organization wide.","tokens":["Notable","achievements","include:","*","In","charge","of","researching,","identifying,","testing,","and","implementing","new","technologies,","systems,","and","processes","to","deploy","organization","wide."],"metadata":[]}],[{"content":"* Created and maintained our three-year budget for the technology department.","tokens":["*","Created","and","maintained","our","three-year","budget","for","the","technology","department."],"metadata":[]}],[{"content":"* On own initiative started a training partnership with local community college.","tokens":["*","On","own","initiative","started","a","training","partnership","with","local","community","college."],"metadata":[]}],[{"content":"Now manage and train interns each semester working towards their associate degree in information technology field.","tokens":["Now","manage","and","train","interns","each","semester","working","towards","their","associate","degree","in","information","technology","field."],"metadata":[]}],[{"content":"* Manage, regularly patch, and update network and server infrastructure along with end user software and images.","tokens":["*","Manage,","regularly","patch,","and","update","network","and","server","infrastructure","along","with","end","user","software","and","images."],"metadata":[]}],[{"content":"* Identify, develop, and implement organization wide changes to better organizational security posture including; updating password requirements, implementing a password manager, creating and delivering mandatory security training sessions for employees, implementing a third-party security audit.","tokens":["*","Identify,","develop,","and","implement","organization","wide","changes","to","better","organizational","security","posture","including;","updating","password","requirements,","implementing","a","password","manager,","creating","and","delivering","mandatory","security","training","sessions","for","employees,","implementing","a","third-party","security","audit."],"metadata":[]}],[{"content":"* Stood up and maintain a redundant Hyper-V environment for additional flexibility and features.","tokens":["*","Stood","up","and","maintain","a","redundant","Hyper-V","environment","for","additional","flexibility","and","features."],"metadata":[]}],[{"content":"* Condensed and regulated backups of all critical network infrastructure, created an offsite storage location, and implemented a cloud based cold storage system.","tokens":["*","Condensed","and","regulated","backups","of","all","critical","network","infrastructure,","created","an","offsite","storage","location,","and","implemented","a","cloud","based","cold","storage","system."],"metadata":[]}],[{"content":"* Introduced and implemented Group Policies as an integral part of deployment of domain wide settings and configurations including; Network drives, Printers, Print driver installation (no touch), remote management, and WSUS implementation Student Supervisor UNC Chapel Hill Information Technology Systems 2012 to 2013 Walk-in Specialist UNC Chapel Hill Information Technology Systems 2009 to 2011 * Highest positive customer feedback in department * Tier 2 support for issues that could not be handled by our student employees * Worked with a wide array of software and hardware found throughout the campus environment, including Windows PCs and Apple MacBook, Cisco IPsec VPN clients, Exchange and POP3/IMAP Education Bachelor of Arts University of North Carolina at Chapel Hill - Chapel Hill, NC 2011 Skills Active Directory (5 years), Cisco CLI (5 years), MDT (5 years), Apple MDM / Meraki (5 years), Cisco CUCM/CUC (5 years), Hyper V (3 years) Links http://linkedin.com/in/cojohnst Awards Eagle Scout Certifications/Licenses Cisco Certified Network Associate (CCNA) Microsoft Certified Professional (MCP) A+ Certified Network+","tokens":["*","Introduced","and","implemented","Group","Policies","as","an","integral","part","of","deployment","of","domain","wide","settings","and","configurations","including;","Network","drives,","Printers,","Print","driver","installation","(no","touch),","remote","management,","and","WSUS","implementation","Student","Supervisor","UNC","Chapel","Hill","Information","Technology","Systems","2012","to","2013","Walk-in","Specialist","UNC","Chapel","Hill","Information","Technology","Systems","2009","to","2011","*","Highest","positive","customer","feedback","in","department","*","Tier","2","support","for","issues","that","could","not","be","handled","by","our","student","employees","*","Worked","with","a","wide","array","of","software","and","hardware","found","throughout","the","campus","environment,","including","Windows","PCs","and","Apple","MacBook,","Cisco","IPsec","VPN","clients,","Exchange","and","POP3/IMAP","Education","Bachelor","of","Arts","University","of","North","Carolina","at","Chapel","Hill","-","Chapel","Hill,","NC","2011","Skills","Active","Directory","(5","years),","Cisco","CLI","(5","years),","MDT","(5","years),","Apple","MDM","/","Meraki","(5","years),","Cisco","CUCM/CUC","(5","years),","Hyper","V","(3","years)","Links","http://linkedin.com/in/cojohnst","Awards","Eagle","Scout","Certifications/Licenses","Cisco","Certified","Network","Associate","(CCNA)","Microsoft","Certified","Professional","(MCP)","A+","Certified","Network+"],"metadata":[]}]],"labelerInfo":{"id":6814,"email":"cwilhel8@jh.edu","displayName":"Chris Wilhelm"},"labelSets":[{"name":"Resume Labels","index":0,"labelItems":[{"id":"Kj5U6n9NUqTXuWcB3c_7L","labelName":"College"},{"id":"rj7TW0-ymuRo6f_asXJab","labelName":"Company Name"},{"id":"SJEkdao76hjwbb6Fh5SY6","labelName":"Job Title"},{"id":"BjO8MdvK2KI4E5iMEeY4B","labelName":"Graduation Year"},{"id":"eS2knCRgLegeRw8bcmSWA","labelName":"Skill"},{"id":"IeEoIKabMl51BJE0gX2YL","labelName":"Degree"},{"id":"1R0C50AAwFbEp2O0WmRv6","labelName":"Location"},{"id":"zQcc4ygexJ_A3Gb0NeRTk","labelName":"Years of Experience"},{"id":"52S_6moRfhjC-yXgIBeCp","labelName":"Date"},{"id":"KiLarWmwlU1E3-FfdG6Qg","labelName":"Project"},{"id":"dyxKKTAxW1z5ifjPj42BI","labelName":"Name"}]}],"spanLabels":[],"arrowLabels":[],"boundingBoxLabels":[],"timeLabels":[],"comments":[],"url":"datasaur://static/6814/d7b67263-6e03-49ec-b630-3b107ef04371.txt"}}
