{"version":"1","data":{"project":{"id":"ODBjYmQ2MDg","name":"NLP SSM Final Project"},"document":{"id":"2d4ece37-12bf-4e21-94c9-0c61c8c9bfb9","name":"resume_6268_d2.txt"},"kinds":["TOKEN_BASED"],"rows":[[{"content":"Systems Administrator Systems Administrator Systems Administrator - Change Healthcare Sicklerville, NJ Experienced Systems Administrator seeking a position that will allow me to apply my IT skills in a progressive growth oriented company.","tokens":["Systems","Administrator","Systems","Administrator","Systems","Administrator","-","Change","Healthcare","Sicklerville,","NJ","Experienced","Systems","Administrator","seeking","a","position","that","will","allow","me","to","apply","my","IT","skills","in","a","progressive","growth","oriented","company."],"metadata":[]}],[{"content":"Authorized to work in the US for any employer Work Experience Systems Administrator Change Healthcare - Mount Laurel, NJ April 2013 to Present Install and configure physical and as well as VMWare servers for various Windows Server roles within network infrastructure, ie DHCP/DNS/Print/File Server/SQL Maintain and configure active directory accounts Create and configure exchange mail accounts\\distribution lists Create and manage accounts created in Cisco Unified Call Manager Install\\Maintain\\Troubleshoot network and or wireless issues with Cisco support Maintain SQL 2016 database server Blackberry Work account creation and maintenance DUO auth software account creation and maintenance Lifecycle Management of assets including laptops\\phones etc File Server management On-site technical support for various user issues relating to software including but not limited to Oracle\\Toad\\MyEclipse\\Office 2013\\2016 Remote support as needed, servicing users across 4 different time zones Provide 7x24 support Documentation creation as needed Network Administrator/Engineer Cardone Industries - Philadelphia, PA 2005 to 2013 Install and configure physical and as well as Hyper-V 2008r2 servers for various roles within network infrastructure Install/configure/troubleshoot SQL 2008R2 Server and database related issues Install/Configure/troubleshoot SQL2005 database related issues Configure and administer clustered 2003r2 and 2008r2 Terminal Service environment Install/configure/maintain Sharepoint 2007 and Sharepoint 2010 Print Server administration IIS Administration Assign and maintain user profile in Windows Server 2003 Active Directory environment Assign and maintain user profile in Windows Server 2008R2 Active Directory environment Create/maintain Exchange email accounts, public folders and distribution lists Act as Tier 3 escalation point for work orders, providing a knowledge transfer to Help Desk and end users Assign appropriate permissions on 2008r2 file server Perform file and or directory restores utilizing Netbackup Plan, test, and implement disaster recovery procedures at SunGuard.","tokens":["Authorized","to","work","in","the","US","for","any","employer","Work","Experience","Systems","Administrator","Change","Healthcare","-","Mount","Laurel,","NJ","April","2013","to","Present","Install","and","configure","physical","and","as","well","as","VMWare","servers","for","various","Windows","Server","roles","within","network","infrastructure,","ie","DHCP/DNS/Print/File","Server/SQL","Maintain","and","configure","active","directory","accounts","Create","and","configure","exchange","mail","accounts\\distribution","lists","Create","and","manage","accounts","created","in","Cisco","Unified","Call","Manager","Install\\Maintain\\Troubleshoot","network","and","or","wireless","issues","with","Cisco","support","Maintain","SQL","2016","database","server","Blackberry","Work","account","creation","and","maintenance","DUO","auth","software","account","creation","and","maintenance","Lifecycle","Management","of","assets","including","laptops\\phones","etc","File","Server","management","On-site","technical","support","for","various","user","issues","relating","to","software","including","but","not","limited","to","Oracle\\Toad\\MyEclipse\\Office","2013\\2016","Remote","support","as","needed,","servicing","users","across","4","different","time","zones","Provide","7x24","support","Documentation","creation","as","needed","Network","Administrator/Engineer","Cardone","Industries","-","Philadelphia,","PA","2005","to","2013","Install","and","configure","physical","and","as","well","as","Hyper-V","2008r2","servers","for","various","roles","within","network","infrastructure","Install/configure/troubleshoot","SQL","2008R2","Server","and","database","related","issues","Install/Configure/troubleshoot","SQL2005","database","related","issues","Configure","and","administer","clustered","2003r2","and","2008r2","Terminal","Service","environment","Install/configure/maintain","Sharepoint","2007","and","Sharepoint","2010","Print","Server","administration","IIS","Administration","Assign","and","maintain","user","profile","in","Windows","Server","2003","Active","Directory","environment","Assign","and","maintain","user","profile","in","Windows","Server","2008R2","Active","Directory","environment","Create/maintain","Exchange","email","accounts,","public","folders","and","distribution","lists","Act","as","Tier","3","escalation","point","for","work","orders,","providing","a","knowledge","transfer","to","Help","Desk","and","end","users","Assign","appropriate","permissions","on","2008r2","file","server","Perform","file","and","or","directory","restores","utilizing","Netbackup","Plan,","test,","and","implement","disaster","recovery","procedures","at","SunGuard."],"metadata":[]}],[{"content":"Manage third-party contract and service agreements for network hardware and software Prepare and maintain documentation Assist in the troubleshooting of common network problems Provide 7 x 24 support Service Desk support technician Cardone Industries - Philadelphia, PA 2003 to 2005 Desk side support technician Cardone Industries - Philadelphia, PA 2001 to 2003 Medic United States Air Force 1994 to 2001 Maintained Secret Clearance Honorable Discharge Education Some college Skills Window Server 2016/2012r2/2008r2 (10+ years), VMWare (4 years), Hyper-V (7 years), Exchange 2016/2013/2010 (10+ years), Sql 2016/12/08 (10+ years), Windows 10/Window 7 (10+ years), Cisco Unified Call Manager (5 years), DHCP (10+ years), DNS (10+ years), IIS (5 years), Remote Desktop Services (Terminal Services) (10+ years), Cisco (5 years), Veritas Netbackup (5 years), Good Mobile (10+ years), Blackberry Work (2 years), Active Directory (10+ years), Wireless (5 years), Project Management (5 years), System Admin, System Administrator Military Service Branch: United States Air Force Service Country: United States Rank: Senior Airman January 1994 to December 2001 Military Medic Commendations: Honorable Discharge","tokens":["Manage","third-party","contract","and","service","agreements","for","network","hardware","and","software","Prepare","and","maintain","documentation","Assist","in","the","troubleshooting","of","common","network","problems","Provide","7","x","24","support","Service","Desk","support","technician","Cardone","Industries","-","Philadelphia,","PA","2003","to","2005","Desk","side","support","technician","Cardone","Industries","-","Philadelphia,","PA","2001","to","2003","Medic","United","States","Air","Force","1994","to","2001","Maintained","Secret","Clearance","Honorable","Discharge","Education","Some","college","Skills","Window","Server","2016/2012r2/2008r2","(10+","years),","VMWare","(4","years),","Hyper-V","(7","years),","Exchange","2016/2013/2010","(10+","years),","Sql","2016/12/08","(10+","years),","Windows","10/Window","7","(10+","years),","Cisco","Unified","Call","Manager","(5","years),","DHCP","(10+","years),","DNS","(10+","years),","IIS","(5","years),","Remote","Desktop","Services","(Terminal","Services)","(10+","years),","Cisco","(5","years),","Veritas","Netbackup","(5","years),","Good","Mobile","(10+","years),","Blackberry","Work","(2","years),","Active","Directory","(10+","years),","Wireless","(5","years),","Project","Management","(5","years),","System","Admin,","System","Administrator","Military","Service","Branch:","United","States","Air","Force","Service","Country:","United","States","Rank:","Senior","Airman","January","1994","to","December","2001","Military","Medic","Commendations:","Honorable","Discharge"],"metadata":[]}]],"labelerInfo":{"id":6814,"email":"cwilhel8@jh.edu","displayName":"Chris Wilhelm"},"labelSets":[{"name":"Resume Labels","index":0,"labelItems":[{"id":"Kj5U6n9NUqTXuWcB3c_7L","labelName":"College"},{"id":"rj7TW0-ymuRo6f_asXJab","labelName":"Company Name"},{"id":"SJEkdao76hjwbb6Fh5SY6","labelName":"Job Title"},{"id":"BjO8MdvK2KI4E5iMEeY4B","labelName":"Graduation Year"},{"id":"eS2knCRgLegeRw8bcmSWA","labelName":"Skill"},{"id":"IeEoIKabMl51BJE0gX2YL","labelName":"Degree"},{"id":"1R0C50AAwFbEp2O0WmRv6","labelName":"Location"},{"id":"zQcc4ygexJ_A3Gb0NeRTk","labelName":"Years of Experience"},{"id":"52S_6moRfhjC-yXgIBeCp","labelName":"Date"},{"id":"KiLarWmwlU1E3-FfdG6Qg","labelName":"Project"},{"id":"dyxKKTAxW1z5ifjPj42BI","labelName":"Name"}]}],"spanLabels":[],"arrowLabels":[],"boundingBoxLabels":[],"timeLabels":[],"comments":[],"url":"datasaur://static/6814/9927ef60-ea46-4902-8652-5ad549f6bda0.txt"}}
