{"version":"1","data":{"project":{"id":"ODBjYmQ2MDg","name":"NLP SSM Final Project"},"document":{"id":"73f9915a-5906-45ed-8302-d3da0c7d38ac","name":"resume_2692_d2.txt"},"kinds":["TOKEN_BASED"],"rows":[[{"content":"Front End Developer Front End Developer Front End Web Developer/ Software Developer San Jose, CA Work Experience Front End Developer Coveroo - San Francisco, CA December 2014 to Present Worked on implementing crowd source platform.","tokens":["Front","End","Developer","Front","End","Developer","Front","End","Web","Developer/","Software","Developer","San","Jose,","CA","Work","Experience","Front","End","Developer","Coveroo","-","San","Francisco,","CA","December","2014","to","Present","Worked","on","implementing","crowd","source","platform."],"metadata":[]}],[{"content":"Worked on improving SEO for SPA applications.","tokens":["Worked","on","improving","SEO","for","SPA","applications."],"metadata":[]}],[{"content":"Implemented successful AB tests.","tokens":["Implemented","successful","AB","tests."],"metadata":[]}],[{"content":"Optimized HTML and JavaScript code to reduce web page loading time.","tokens":["Optimized","HTML","and","JavaScript","code","to","reduce","web","page","loading","time."],"metadata":[]}],[{"content":"Designed new cross-browser accessible and responsive webpages using Bootstrap.","tokens":["Designed","new","cross-browser","accessible","and","responsive","webpages","using","Bootstrap."],"metadata":[]}],[{"content":"Involved in website maintenance and support.","tokens":["Involved","in","website","maintenance","and","support."],"metadata":[]}],[{"content":"Front End Web Developer FlexBricks - San Jose, CA October 2012 to December 2014 Luhansk, UA/ San Jose, CA Front End Web Developer * Developing and maintaining the front end functionality of websites.","tokens":["Front","End","Web","Developer","FlexBricks","-","San","Jose,","CA","October","2012","to","December","2014","Luhansk,","UA/","San","Jose,","CA","Front","End","Web","Developer","*","Developing","and","maintaining","the","front","end","functionality","of","websites."],"metadata":[]}],[{"content":"* Participating in discussions with clients to clarify what they want.","tokens":["*","Participating","in","discussions","with","clients","to","clarify","what","they","want."],"metadata":[]}],[{"content":"* Designing prototypes for apps and websites.","tokens":["*","Designing","prototypes","for","apps","and","websites."],"metadata":[]}],[{"content":"* Writing cross-browser compliant HTML, CSS & JavaScript.","tokens":["*","Writing","cross-browser","compliant","HTML,","CSS","&","JavaScript."],"metadata":[]}],[{"content":"* Provide guidance to other team members on web development issues.","tokens":["*","Provide","guidance","to","other","team","members","on","web","development","issues."],"metadata":[]}],[{"content":"* Developing websites that have a consistent feel and look throughout all web properties.","tokens":["*","Developing","websites","that","have","a","consistent","feel","and","look","throughout","all","web","properties."],"metadata":[]}],[{"content":"* Providing technical support to end users.","tokens":["*","Providing","technical","support","to","end","users."],"metadata":[]}],[{"content":"* Identifying and correcting software deficiencies.","tokens":["*","Identifying","and","correcting","software","deficiencies."],"metadata":[]}],[{"content":"* Performed maintenance and updates to existing client Web sites.","tokens":["*","Performed","maintenance","and","updates","to","existing","client","Web","sites."],"metadata":[]}],[{"content":"* Participated in brainstorming sessions to come up with ideas.","tokens":["*","Participated","in","brainstorming","sessions","to","come","up","with","ideas."],"metadata":[]}],[{"content":"* Documented software and technical specifications.","tokens":["*","Documented","software","and","technical","specifications."],"metadata":[]}],[{"content":"* Worked on multiple projects simultaneously to a high standard.","tokens":["*","Worked","on","multiple","projects","simultaneously","to","a","high","standard."],"metadata":[]}],[{"content":"* Created plugins for future usage.","tokens":["*","Created","plugins","for","future","usage."],"metadata":[]}],[{"content":"* Involved in performance testing and analysis in terms of front end.","tokens":["*","Involved","in","performance","testing","and","analysis","in","terms","of","front","end."],"metadata":[]}],[{"content":"* Involved in API changing design * Involved in AGILE Methodology process which includes bi-weekly sprint and daily scrum to discuss the design and work progress.","tokens":["*","Involved","in","API","changing","design","*","Involved","in","AGILE","Methodology","process","which","includes","bi-weekly","sprint","and","daily","scrum","to","discuss","the","design","and","work","progress."],"metadata":[]}],[{"content":"* Debug the application using Firebug to traverse the documents and manipulated the Nodes using DOM and DOM Functions using Firefox and IE Developer Tool bar for IE/ Dev tools for Chrome.","tokens":["*","Debug","the","application","using","Firebug","to","traverse","the","documents","and","manipulated","the","Nodes","using","DOM","and","DOM","Functions","using","Firefox","and","IE","Developer","Tool","bar","for","IE/","Dev","tools","for","Chrome."],"metadata":[]}],[{"content":"Education Master's in Computer science E. Ukrainian National Univ. June 2011 to July 2012 Bachelor's E. Ukrainian National Univ. September 2009 to July 2011 Skills HTML5, CSS3, SASS, Javascript, Angular.js, jQuery, jQueryUI, Knockout, KendoUI, Handlebars, MongoDB, Bootstrap, Python, Matplotlib, Tkinter, Heroku, Scrum, Test Driven Development, Git, MS Office, Windows, UNIX, MacOS, Google Documents.","tokens":["Education","Master's","in","Computer","science","E.","Ukrainian","National","Univ.","June","2011","to","July","2012","Bachelor's","E.","Ukrainian","National","Univ.","September","2009","to","July","2011","Skills","HTML5,","CSS3,","SASS,","Javascript,","Angular.js,","jQuery,","jQueryUI,","Knockout,","KendoUI,","Handlebars,","MongoDB,","Bootstrap,","Python,","Matplotlib,","Tkinter,","Heroku,","Scrum,","Test","Driven","Development,","Git,","MS","Office,","Windows,","UNIX,","MacOS,","Google","Documents."],"metadata":[]}],[{"content":"Links https://s3.amazonaws.com/verify.edx.org/downloads/67305a12901e4eff994f920407f92c09/Certificate.pdf Additional Information Other Skills Fluency in English, Russian, and Ukrainian.","tokens":["Links","https://s3.amazonaws.com/verify.edx.org/downloads/67305a12901e4eff994f920407f92c09/Certificate.pdf","Additional","Information","Other","Skills","Fluency","in","English,","Russian,","and","Ukrainian."],"metadata":[]}],[{"content":"Objective Looking to find increasingly challenging position where I can utilize my past experience while gaining knowledge of new software.","tokens":["Objective","Looking","to","find","increasingly","challenging","position","where","I","can","utilize","my","past","experience","while","gaining","knowledge","of","new","software."],"metadata":[]}]],"labelerInfo":{"id":6814,"email":"cwilhel8@jh.edu","displayName":"Chris Wilhelm"},"labelSets":[{"name":"Resume Labels","index":0,"labelItems":[{"id":"Kj5U6n9NUqTXuWcB3c_7L","labelName":"College"},{"id":"rj7TW0-ymuRo6f_asXJab","labelName":"Company Name"},{"id":"SJEkdao76hjwbb6Fh5SY6","labelName":"Job Title"},{"id":"BjO8MdvK2KI4E5iMEeY4B","labelName":"Graduation Year"},{"id":"eS2knCRgLegeRw8bcmSWA","labelName":"Skill"},{"id":"IeEoIKabMl51BJE0gX2YL","labelName":"Degree"},{"id":"1R0C50AAwFbEp2O0WmRv6","labelName":"Location"},{"id":"zQcc4ygexJ_A3Gb0NeRTk","labelName":"Years of Experience"},{"id":"52S_6moRfhjC-yXgIBeCp","labelName":"Date"},{"id":"KiLarWmwlU1E3-FfdG6Qg","labelName":"Project"},{"id":"dyxKKTAxW1z5ifjPj42BI","labelName":"Name"}]}],"spanLabels":[{"id":"1663411543","labeledBy":"AUTO","labeledByUserId":null,"acceptedByUserId":null,"rejectedByUserId":null,"layer":0,"counter":0,"status":"LABELED","hashCode":"SPAN:SJEkdao76hjwbb6Fh5SY6:0:0:0:0:0:0:0:2:8:0:undefined:undefined","labelName":"SJEkdao76hjwbb6Fh5SY6","labelItem":{"id":"SJEkdao76hjwbb6Fh5SY6","labelName":"Job Title"},"textPosition":{"start":{"row":0,"column":0,"tokenIndex":0,"charIndex":0},"end":{"row":0,"column":0,"tokenIndex":2,"charIndex":8}},"confidenceScore":null},{"id":"1663411546","labeledBy":"AUTO","labeledByUserId":null,"acceptedByUserId":null,"rejectedByUserId":null,"layer":0,"counter":0,"status":"LABELED","hashCode":"SPAN:SJEkdao76hjwbb6Fh5SY6:0:0:0:3:0:0:0:5:8:0:undefined:undefined","labelName":"SJEkdao76hjwbb6Fh5SY6","labelItem":{"id":"SJEkdao76hjwbb6Fh5SY6","labelName":"Job Title"},"textPosition":{"start":{"row":0,"column":0,"tokenIndex":3,"charIndex":0},"end":{"row":0,"column":0,"tokenIndex":5,"charIndex":8}},"confidenceScore":null},{"id":"1663411549","labeledBy":"AUTO","labeledByUserId":null,"acceptedByUserId":null,"rejectedByUserId":null,"layer":0,"counter":0,"status":"LABELED","hashCode":"SPAN:SJEkdao76hjwbb6Fh5SY6:0:0:0:6:0:0:0:9:9:0:undefined:undefined","labelName":"SJEkdao76hjwbb6Fh5SY6","labelItem":{"id":"SJEkdao76hjwbb6Fh5SY6","labelName":"Job Title"},"textPosition":{"start":{"row":0,"column":0,"tokenIndex":6,"charIndex":0},"end":{"row":0,"column":0,"tokenIndex":9,"charIndex":9}},"confidenceScore":null},{"id":"1663411552","labeledBy":"AUTO","labeledByUserId":null,"acceptedByUserId":null,"rejectedByUserId":null,"layer":0,"counter":0,"status":"LABELED","hashCode":"SPAN:SJEkdao76hjwbb6Fh5SY6:0:0:0:10:0:0:0:11:8:0:undefined:undefined","labelName":"SJEkdao76hjwbb6Fh5SY6","labelItem":{"id":"SJEkdao76hjwbb6Fh5SY6","labelName":"Job Title"},"textPosition":{"start":{"row":0,"column":0,"tokenIndex":10,"charIndex":0},"end":{"row":0,"column":0,"tokenIndex":11,"charIndex":8}},"confidenceScore":null},{"id":"1663411555","labeledBy":"AUTO","labeledByUserId":null,"acceptedByUserId":null,"rejectedByUserId":null,"layer":0,"counter":0,"status":"LABELED","hashCode":"SPAN:1R0C50AAwFbEp2O0WmRv6:0:0:0:12:0:0:0:13:4:0:undefined:undefined","labelName":"1R0C50AAwFbEp2O0WmRv6","labelItem":{"id":"1R0C50AAwFbEp2O0WmRv6","labelName":"Location"},"textPosition":{"start":{"row":0,"column":0,"tokenIndex":12,"charIndex":0},"end":{"row":0,"column":0,"tokenIndex":13,"charIndex":4}},"confidenceScore":null},{"id":"1663411558","labeledBy":"AUTO","labeledByUserId":null,"acceptedByUserId":null,"rejectedByUserId":null,"layer":0,"counter":0,"status":"LABELED","hashCode":"SPAN:1R0C50AAwFbEp2O0WmRv6:0:0:0:14:0:0:0:14:1:0:undefined:undefined","labelName":"1R0C50AAwFbEp2O0WmRv6","labelItem":{"id":"1R0C50AAwFbEp2O0WmRv6","labelName":"Location"},"textPosition":{"start":{"row":0,"column":0,"tokenIndex":14,"charIndex":0},"end":{"row":0,"column":0,"tokenIndex":14,"charIndex":1}},"confidenceScore":null},{"id":"1663411561","labeledBy":"AUTO","labeledByUserId":null,"acceptedByUserId":null,"rejectedByUserId":null,"layer":0,"counter":0,"status":"LABELED","hashCode":"SPAN:SJEkdao76hjwbb6Fh5SY6:0:0:0:17:0:0:0:19:8:0:undefined:undefined","labelName":"SJEkdao76hjwbb6Fh5SY6","labelItem":{"id":"SJEkdao76hjwbb6Fh5SY6","labelName":"Job Title"},"textPosition":{"start":{"row":0,"column":0,"tokenIndex":17,"charIndex":0},"end":{"row":0,"column":0,"tokenIndex":19,"charIndex":8}},"confidenceScore":null},{"id":"1663411564","labeledBy":"AUTO","labeledByUserId":null,"acceptedByUserId":null,"rejectedByUserId":null,"layer":0,"counter":0,"status":"LABELED","hashCode":"SPAN:rj7TW0-ymuRo6f_asXJab:0:0:0:20:0:0:0:20:6:0:undefined:undefined","labelName":"rj7TW0-ymuRo6f_asXJab","labelItem":{"id":"rj7TW0-ymuRo6f_asXJab","labelName":"Company Name"},"textPosition":{"start":{"row":0,"column":0,"tokenIndex":20,"charIndex":0},"end":{"row":0,"column":0,"tokenIndex":20,"charIndex":6}},"confidenceScore":null},{"id":"1663411567","labeledBy":"AUTO","labeledByUserId":null,"acceptedByUserId":null,"rejectedByUserId":null,"layer":0,"counter":0,"status":"LABELED","hashCode":"SPAN:1R0C50AAwFbEp2O0WmRv6:0:0:0:22:0:0:0:23:9:0:undefined:undefined","labelName":"1R0C50AAwFbEp2O0WmRv6","labelItem":{"id":"1R0C50AAwFbEp2O0WmRv6","labelName":"Location"},"textPosition":{"start":{"row":0,"column":0,"tokenIndex":22,"charIndex":0},"end":{"row":0,"column":0,"tokenIndex":23,"charIndex":9}},"confidenceScore":null},{"id":"1663411570","labeledBy":"AUTO","labeledByUserId":null,"acceptedByUserId":null,"rejectedByUserId":null,"layer":0,"counter":0,"status":"LABELED","hashCode":"SPAN:1R0C50AAwFbEp2O0WmRv6:0:0:0:24:0:0:0:24:1:0:undefined:undefined","labelName":"1R0C50AAwFbEp2O0WmRv6","labelItem":{"id":"1R0C50AAwFbEp2O0WmRv6","labelName":"Location"},"textPosition":{"start":{"row":0,"column":0,"tokenIndex":24,"charIndex":0},"end":{"row":0,"column":0,"tokenIndex":24,"charIndex":1}},"confidenceScore":null},{"id":"1663411573","labeledBy":"AUTO","labeledByUserId":null,"acceptedByUserId":null,"rejectedByUserId":null,"layer":0,"counter":0,"status":"LABELED","hashCode":"SPAN:52S_6moRfhjC-yXgIBeCp:0:0:0:25:0:0:0:26:3:0:undefined:undefined","labelName":"52S_6moRfhjC-yXgIBeCp","labelItem":{"id":"52S_6moRfhjC-yXgIBeCp","labelName":"Date"},"textPosition":{"start":{"row":0,"column":0,"tokenIndex":25,"charIndex":0},"end":{"row":0,"column":0,"tokenIndex":26,"charIndex":3}},"confidenceScore":null},{"id":"1663411576","labeledBy":"AUTO","labeledByUserId":null,"acceptedByUserId":null,"rejectedByUserId":null,"layer":0,"counter":0,"status":"LABELED","hashCode":"SPAN:52S_6moRfhjC-yXgIBeCp:0:0:0:28:0:0:0:28:6:0:undefined:undefined","labelName":"52S_6moRfhjC-yXgIBeCp","labelItem":{"id":"52S_6moRfhjC-yXgIBeCp","labelName":"Date"},"textPosition":{"start":{"row":0,"column":0,"tokenIndex":28,"charIndex":0},"end":{"row":0,"column":0,"tokenIndex":28,"charIndex":6}},"confidenceScore":null},{"id":"1663411579","labeledBy":"AUTO","labeledByUserId":null,"acceptedByUserId":null,"rejectedByUserId":null,"layer":0,"counter":0,"status":"LABELED","hashCode":"SPAN:eS2knCRgLegeRw8bcmSWA:0:1:0:3:0:1:0:3:2:0:undefined:undefined","labelName":"eS2knCRgLegeRw8bcmSWA","labelItem":{"id":"eS2knCRgLegeRw8bcmSWA","labelName":"Skill"},"textPosition":{"start":{"row":1,"column":0,"tokenIndex":3,"charIndex":0},"end":{"row":1,"column":0,"tokenIndex":3,"charIndex":2}},"confidenceScore":null},{"id":"1663411582","labeledBy":"AUTO","labeledByUserId":null,"acceptedByUserId":null,"rejectedByUserId":null,"layer":0,"counter":0,"status":"LABELED","hashCode":"SPAN:eS2knCRgLegeRw8bcmSWA:0:1:0:5:0:1:0:5:2:0:undefined:undefined","labelName":"eS2knCRgLegeRw8bcmSWA","labelItem":{"id":"eS2knCRgLegeRw8bcmSWA","labelName":"Skill"},"textPosition":{"start":{"row":1,"column":0,"tokenIndex":5,"charIndex":0},"end":{"row":1,"column":0,"tokenIndex":5,"charIndex":2}},"confidenceScore":null},{"id":"1663411585","labeledBy":"AUTO","labeledByUserId":null,"acceptedByUserId":null,"rejectedByUserId":null,"layer":0,"counter":0,"status":"LABELED","hashCode":"SPAN:eS2knCRgLegeRw8bcmSWA:0:2:0:2:0:2:0:3:5:0:undefined:undefined","labelName":"eS2knCRgLegeRw8bcmSWA","labelItem":{"id":"eS2knCRgLegeRw8bcmSWA","labelName":"Skill"},"textPosition":{"start":{"row":2,"column":0,"tokenIndex":2,"charIndex":0},"end":{"row":2,"column":0,"tokenIndex":3,"charIndex":5}},"confidenceScore":null},{"id":"1663411588","labeledBy":"AUTO","labeledByUserId":null,"acceptedByUserId":null,"rejectedByUserId":null,"layer":0,"counter":0,"status":"LABELED","hashCode":"SPAN:eS2knCRgLegeRw8bcmSWA:0:3:0:1:0:3:0:1:3:0:undefined:undefined","labelName":"eS2knCRgLegeRw8bcmSWA","labelItem":{"id":"eS2knCRgLegeRw8bcmSWA","labelName":"Skill"},"textPosition":{"start":{"row":3,"column":0,"tokenIndex":1,"charIndex":0},"end":{"row":3,"column":0,"tokenIndex":1,"charIndex":3}},"confidenceScore":null},{"id":"1663411591","labeledBy":"AUTO","labeledByUserId":null,"acceptedByUserId":null,"rejectedByUserId":null,"layer":0,"counter":0,"status":"LABELED","hashCode":"SPAN:eS2knCRgLegeRw8bcmSWA:0:3:0:3:0:3:0:3:9:0:undefined:undefined","labelName":"eS2knCRgLegeRw8bcmSWA","labelItem":{"id":"eS2knCRgLegeRw8bcmSWA","labelName":"Skill"},"textPosition":{"start":{"row":3,"column":0,"tokenIndex":3,"charIndex":0},"end":{"row":3,"column":0,"tokenIndex":3,"charIndex":9}},"confidenceScore":null},{"id":"1663411594","labeledBy":"AUTO","labeledByUserId":null,"acceptedByUserId":null,"rejectedByUserId":null,"layer":0,"counter":0,"status":"LABELED","hashCode":"SPAN:eS2knCRgLegeRw8bcmSWA:0:3:0:6:0:3:0:10:4:0:undefined:undefined","labelName":"eS2knCRgLegeRw8bcmSWA","labelItem":{"id":"eS2knCRgLegeRw8bcmSWA","labelName":"Skill"},"textPosition":{"start":{"row":3,"column":0,"tokenIndex":6,"charIndex":0},"end":{"row":3,"column":0,"tokenIndex":10,"charIndex":4}},"confidenceScore":null},{"id":"1663411600","labeledBy":"AUTO","labeledByUserId":null,"acceptedByUserId":null,"rejectedByUserId":null,"layer":0,"counter":0,"status":"LABELED","hashCode":"SPAN:eS2knCRgLegeRw8bcmSWA:0:4:0:2:0:4:0:2:12:0:undefined:undefined","labelName":"eS2knCRgLegeRw8bcmSWA","labelItem":{"id":"eS2knCRgLegeRw8bcmSWA","labelName":"Skill"},"textPosition":{"start":{"row":4,"column":0,"tokenIndex":2,"charIndex":0},"end":{"row":4,"column":0,"tokenIndex":2,"charIndex":12}},"confidenceScore":null},{"id":"1663411597","labeledBy":"AUTO","labeledByUserId":null,"acceptedByUserId":null,"rejectedByUserId":null,"layer":0,"counter":0,"status":"LABELED","hashCode":"SPAN:eS2knCRgLegeRw8bcmSWA:0:4:0:8:0:4:0:8:9:0:undefined:undefined","labelName":"eS2knCRgLegeRw8bcmSWA","labelItem":{"id":"eS2knCRgLegeRw8bcmSWA","labelName":"Skill"},"textPosition":{"start":{"row":4,"column":0,"tokenIndex":8,"charIndex":0},"end":{"row":4,"column":0,"tokenIndex":8,"charIndex":9}},"confidenceScore":null},{"id":"1663411603","labeledBy":"AUTO","labeledByUserId":null,"acceptedByUserId":null,"rejectedByUserId":null,"layer":0,"counter":0,"status":"LABELED","hashCode":"SPAN:SJEkdao76hjwbb6Fh5SY6:0:6:0:0:0:6:0:3:8:0:undefined:undefined","labelName":"SJEkdao76hjwbb6Fh5SY6","labelItem":{"id":"SJEkdao76hjwbb6Fh5SY6","labelName":"Job Title"},"textPosition":{"start":{"row":6,"column":0,"tokenIndex":0,"charIndex":0},"end":{"row":6,"column":0,"tokenIndex":3,"charIndex":8}},"confidenceScore":null},{"id":"1663411606","labeledBy":"AUTO","labeledByUserId":null,"acceptedByUserId":null,"rejectedByUserId":null,"layer":0,"counter":0,"status":"LABELED","hashCode":"SPAN:rj7TW0-ymuRo6f_asXJab:0:6:0:4:0:6:0:4:9:0:undefined:undefined","labelName":"rj7TW0-ymuRo6f_asXJab","labelItem":{"id":"rj7TW0-ymuRo6f_asXJab","labelName":"Company Name"},"textPosition":{"start":{"row":6,"column":0,"tokenIndex":4,"charIndex":0},"end":{"row":6,"column":0,"tokenIndex":4,"charIndex":9}},"confidenceScore":null},{"id":"1663411610","labeledBy":"AUTO","labeledByUserId":null,"acceptedByUserId":null,"rejectedByUserId":null,"layer":0,"counter":0,"status":"LABELED","hashCode":"SPAN:1R0C50AAwFbEp2O0WmRv6:0:6:0:6:0:6:0:7:4:0:undefined:undefined","labelName":"1R0C50AAwFbEp2O0WmRv6","labelItem":{"id":"1R0C50AAwFbEp2O0WmRv6","labelName":"Location"},"textPosition":{"start":{"row":6,"column":0,"tokenIndex":6,"charIndex":0},"end":{"row":6,"column":0,"tokenIndex":7,"charIndex":4}},"confidenceScore":null},{"id":"1663411612","labeledBy":"AUTO","labeledByUserId":null,"acceptedByUserId":null,"rejectedByUserId":null,"layer":0,"counter":0,"status":"LABELED","hashCode":"SPAN:1R0C50AAwFbEp2O0WmRv6:0:6:0:8:0:6:0:8:1:0:undefined:undefined","labelName":"1R0C50AAwFbEp2O0WmRv6","labelItem":{"id":"1R0C50AAwFbEp2O0WmRv6","labelName":"Location"},"textPosition":{"start":{"row":6,"column":0,"tokenIndex":8,"charIndex":0},"end":{"row":6,"column":0,"tokenIndex":8,"charIndex":1}},"confidenceScore":null},{"id":"1663411615","labeledBy":"AUTO","labeledByUserId":null,"acceptedByUserId":null,"rejectedByUserId":null,"layer":0,"counter":0,"status":"LABELED","hashCode":"SPAN:52S_6moRfhjC-yXgIBeCp:0:6:0:9:0:6:0:10:3:0:undefined:undefined","labelName":"52S_6moRfhjC-yXgIBeCp","labelItem":{"id":"52S_6moRfhjC-yXgIBeCp","labelName":"Date"},"textPosition":{"start":{"row":6,"column":0,"tokenIndex":9,"charIndex":0},"end":{"row":6,"column":0,"tokenIndex":10,"charIndex":3}},"confidenceScore":null},{"id":"1663411618","labeledBy":"AUTO","labeledByUserId":null,"acceptedByUserId":null,"rejectedByUserId":null,"layer":0,"counter":0,"status":"LABELED","hashCode":"SPAN:52S_6moRfhjC-yXgIBeCp:0:6:0:12:0:6:0:13:3:0:undefined:undefined","labelName":"52S_6moRfhjC-yXgIBeCp","labelItem":{"id":"52S_6moRfhjC-yXgIBeCp","labelName":"Date"},"textPosition":{"start":{"row":6,"column":0,"tokenIndex":12,"charIndex":0},"end":{"row":6,"column":0,"tokenIndex":13,"charIndex":3}},"confidenceScore":null},{"id":"1663411621","labeledBy":"AUTO","labeledByUserId":null,"acceptedByUserId":null,"rejectedByUserId":null,"layer":0,"counter":0,"status":"LABELED","hashCode":"SPAN:1R0C50AAwFbEp2O0WmRv6:0:6:0:14:0:6:0:14:7:0:undefined:undefined","labelName":"1R0C50AAwFbEp2O0WmRv6","labelItem":{"id":"1R0C50AAwFbEp2O0WmRv6","labelName":"Location"},"textPosition":{"start":{"row":6,"column":0,"tokenIndex":14,"charIndex":0},"end":{"row":6,"column":0,"tokenIndex":14,"charIndex":7}},"confidenceScore":null},{"id":"1663411624","labeledBy":"AUTO","labeledByUserId":null,"acceptedByUserId":null,"rejectedByUserId":null,"layer":0,"counter":0,"status":"LABELED","hashCode":"SPAN:1R0C50AAwFbEp2O0WmRv6:0:6:0:15:0:6:0:17:4:0:undefined:undefined","labelName":"1R0C50AAwFbEp2O0WmRv6","labelItem":{"id":"1R0C50AAwFbEp2O0WmRv6","labelName":"Location"},"textPosition":{"start":{"row":6,"column":0,"tokenIndex":15,"charIndex":0},"end":{"row":6,"column":0,"tokenIndex":17,"charIndex":4}},"confidenceScore":null},{"id":"1663411627","labeledBy":"AUTO","labeledByUserId":null,"acceptedByUserId":null,"rejectedByUserId":null,"layer":0,"counter":0,"status":"LABELED","hashCode":"SPAN:1R0C50AAwFbEp2O0WmRv6:0:6:0:18:0:6:0:18:1:0:undefined:undefined","labelName":"1R0C50AAwFbEp2O0WmRv6","labelItem":{"id":"1R0C50AAwFbEp2O0WmRv6","labelName":"Location"},"textPosition":{"start":{"row":6,"column":0,"tokenIndex":18,"charIndex":0},"end":{"row":6,"column":0,"tokenIndex":18,"charIndex":1}},"confidenceScore":null},{"id":"1663411630","labeledBy":"AUTO","labeledByUserId":null,"acceptedByUserId":null,"rejectedByUserId":null,"layer":0,"counter":0,"status":"LABELED","hashCode":"SPAN:eS2knCRgLegeRw8bcmSWA:0:6:0:18:0:6:0:22:8:0:undefined:undefined","labelName":"eS2knCRgLegeRw8bcmSWA","labelItem":{"id":"eS2knCRgLegeRw8bcmSWA","labelName":"Skill"},"textPosition":{"start":{"row":6,"column":0,"tokenIndex":18,"charIndex":0},"end":{"row":6,"column":0,"tokenIndex":22,"charIndex":8}},"confidenceScore":null},{"id":"1663411633","labeledBy":"AUTO","labeledByUserId":null,"acceptedByUserId":null,"rejectedByUserId":null,"layer":0,"counter":0,"status":"LABELED","hashCode":"SPAN:eS2knCRgLegeRw8bcmSWA:0:6:0:28:0:6:0:30:12:0:undefined:undefined","labelName":"eS2knCRgLegeRw8bcmSWA","labelItem":{"id":"eS2knCRgLegeRw8bcmSWA","labelName":"Skill"},"textPosition":{"start":{"row":6,"column":0,"tokenIndex":28,"charIndex":0},"end":{"row":6,"column":0,"tokenIndex":30,"charIndex":12}},"confidenceScore":null},{"id":"1663411636","labeledBy":"AUTO","labeledByUserId":null,"acceptedByUserId":null,"rejectedByUserId":null,"layer":0,"counter":0,"status":"LABELED","hashCode":"SPAN:eS2knCRgLegeRw8bcmSWA:0:6:0:32:0:6:0:32:8:0:undefined:undefined","labelName":"eS2knCRgLegeRw8bcmSWA","labelItem":{"id":"eS2knCRgLegeRw8bcmSWA","labelName":"Skill"},"textPosition":{"start":{"row":6,"column":0,"tokenIndex":32,"charIndex":0},"end":{"row":6,"column":0,"tokenIndex":32,"charIndex":8}},"confidenceScore":null},{"id":"1663411639","labeledBy":"AUTO","labeledByUserId":null,"acceptedByUserId":null,"rejectedByUserId":null,"layer":0,"counter":0,"status":"LABELED","hashCode":"SPAN:eS2knCRgLegeRw8bcmSWA:0:8:0:2:0:8:0:2:9:0:undefined:undefined","labelName":"eS2knCRgLegeRw8bcmSWA","labelItem":{"id":"eS2knCRgLegeRw8bcmSWA","labelName":"Skill"},"textPosition":{"start":{"row":8,"column":0,"tokenIndex":2,"charIndex":0},"end":{"row":8,"column":0,"tokenIndex":2,"charIndex":9}},"confidenceScore":null},{"id":"1663411642","labeledBy":"AUTO","labeledByUserId":null,"acceptedByUserId":null,"rejectedByUserId":null,"layer":0,"counter":0,"status":"LABELED","hashCode":"SPAN:eS2knCRgLegeRw8bcmSWA:0:8:0:4:0:8:0:4:3:0:undefined:undefined","labelName":"eS2knCRgLegeRw8bcmSWA","labelItem":{"id":"eS2knCRgLegeRw8bcmSWA","labelName":"Skill"},"textPosition":{"start":{"row":8,"column":0,"tokenIndex":4,"charIndex":0},"end":{"row":8,"column":0,"tokenIndex":4,"charIndex":3}},"confidenceScore":null},{"id":"1663411645","labeledBy":"AUTO","labeledByUserId":null,"acceptedByUserId":null,"rejectedByUserId":null,"layer":0,"counter":0,"status":"LABELED","hashCode":"SPAN:eS2knCRgLegeRw8bcmSWA:0:8:0:6:0:8:0:6:8:0:undefined:undefined","labelName":"eS2knCRgLegeRw8bcmSWA","labelItem":{"id":"eS2knCRgLegeRw8bcmSWA","labelName":"Skill"},"textPosition":{"start":{"row":8,"column":0,"tokenIndex":6,"charIndex":0},"end":{"row":8,"column":0,"tokenIndex":6,"charIndex":8}},"confidenceScore":null},{"id":"1663411648","labeledBy":"AUTO","labeledByUserId":null,"acceptedByUserId":null,"rejectedByUserId":null,"layer":0,"counter":0,"status":"LABELED","hashCode":"SPAN:eS2knCRgLegeRw8bcmSWA:0:9:0:2:0:9:0:3:8:0:undefined:undefined","labelName":"eS2knCRgLegeRw8bcmSWA","labelItem":{"id":"eS2knCRgLegeRw8bcmSWA","labelName":"Skill"},"textPosition":{"start":{"row":9,"column":0,"tokenIndex":2,"charIndex":0},"end":{"row":9,"column":0,"tokenIndex":3,"charIndex":8}},"confidenceScore":null},{"id":"1663411651","labeledBy":"AUTO","labeledByUserId":null,"acceptedByUserId":null,"rejectedByUserId":null,"layer":0,"counter":0,"status":"LABELED","hashCode":"SPAN:eS2knCRgLegeRw8bcmSWA:0:9:0:4:0:9:0:4:4:0:undefined:undefined","labelName":"eS2knCRgLegeRw8bcmSWA","labelItem":{"id":"eS2knCRgLegeRw8bcmSWA","labelName":"Skill"},"textPosition":{"start":{"row":9,"column":0,"tokenIndex":4,"charIndex":0},"end":{"row":9,"column":0,"tokenIndex":4,"charIndex":4}},"confidenceScore":null},{"id":"1663411654","labeledBy":"AUTO","labeledByUserId":null,"acceptedByUserId":null,"rejectedByUserId":null,"layer":0,"counter":0,"status":"LABELED","hashCode":"SPAN:eS2knCRgLegeRw8bcmSWA:0:9:0:5:0:9:0:5:2:0:undefined:undefined","labelName":"eS2knCRgLegeRw8bcmSWA","labelItem":{"id":"eS2knCRgLegeRw8bcmSWA","labelName":"Skill"},"textPosition":{"start":{"row":9,"column":0,"tokenIndex":5,"charIndex":0},"end":{"row":9,"column":0,"tokenIndex":5,"charIndex":2}},"confidenceScore":null},{"id":"1663411657","labeledBy":"AUTO","labeledByUserId":null,"acceptedByUserId":null,"rejectedByUserId":null,"layer":0,"counter":0,"status":"LABELED","hashCode":"SPAN:eS2knCRgLegeRw8bcmSWA:0:9:0:7:0:9:0:7:10:0:undefined:undefined","labelName":"eS2knCRgLegeRw8bcmSWA","labelItem":{"id":"eS2knCRgLegeRw8bcmSWA","labelName":"Skill"},"textPosition":{"start":{"row":9,"column":0,"tokenIndex":7,"charIndex":0},"end":{"row":9,"column":0,"tokenIndex":7,"charIndex":10}},"confidenceScore":null},{"id":"1663411660","labeledBy":"AUTO","labeledByUserId":null,"acceptedByUserId":null,"rejectedByUserId":null,"layer":0,"counter":0,"status":"LABELED","hashCode":"SPAN:eS2knCRgLegeRw8bcmSWA:0:10:0:8:0:10:0:10:6:0:undefined:undefined","labelName":"eS2knCRgLegeRw8bcmSWA","labelItem":{"id":"eS2knCRgLegeRw8bcmSWA","labelName":"Skill"},"textPosition":{"start":{"row":10,"column":0,"tokenIndex":8,"charIndex":0},"end":{"row":10,"column":0,"tokenIndex":10,"charIndex":6}},"confidenceScore":null},{"id":"1663411663","labeledBy":"AUTO","labeledByUserId":null,"acceptedByUserId":null,"rejectedByUserId":null,"layer":0,"counter":0,"status":"LABELED","hashCode":"SPAN:eS2knCRgLegeRw8bcmSWA:0:12:0:2:0:12:0:3:6:0:undefined:undefined","labelName":"eS2knCRgLegeRw8bcmSWA","labelItem":{"id":"eS2knCRgLegeRw8bcmSWA","labelName":"Skill"},"textPosition":{"start":{"row":12,"column":0,"tokenIndex":2,"charIndex":0},"end":{"row":12,"column":0,"tokenIndex":3,"charIndex":6}},"confidenceScore":null},{"id":"1663411666","labeledBy":"AUTO","labeledByUserId":null,"acceptedByUserId":null,"rejectedByUserId":null,"layer":0,"counter":0,"status":"LABELED","hashCode":"SPAN:eS2knCRgLegeRw8bcmSWA:0:13:0:4:0:13:0:5:12:0:undefined:undefined","labelName":"eS2knCRgLegeRw8bcmSWA","labelItem":{"id":"eS2knCRgLegeRw8bcmSWA","labelName":"Skill"},"textPosition":{"start":{"row":13,"column":0,"tokenIndex":4,"charIndex":0},"end":{"row":13,"column":0,"tokenIndex":5,"charIndex":12}},"confidenceScore":null},{"id":"1663411672","labeledBy":"AUTO","labeledByUserId":null,"acceptedByUserId":null,"rejectedByUserId":null,"layer":0,"counter":0,"status":"LABELED","hashCode":"SPAN:eS2knCRgLegeRw8bcmSWA:0:14:0:1:0:14:0:1:8:0:undefined:undefined","labelName":"eS2knCRgLegeRw8bcmSWA","labelItem":{"id":"eS2knCRgLegeRw8bcmSWA","labelName":"Skill"},"textPosition":{"start":{"row":14,"column":0,"tokenIndex":1,"charIndex":0},"end":{"row":14,"column":0,"tokenIndex":1,"charIndex":8}},"confidenceScore":null},{"id":"1663411675","labeledBy":"AUTO","labeledByUserId":null,"acceptedByUserId":null,"rejectedByUserId":null,"layer":0,"counter":0,"status":"LABELED","hashCode":"SPAN:eS2knCRgLegeRw8bcmSWA:0:14:0:1:0:14:0:2:10:0:undefined:undefined","labelName":"eS2knCRgLegeRw8bcmSWA","labelItem":{"id":"eS2knCRgLegeRw8bcmSWA","labelName":"Skill"},"textPosition":{"start":{"row":14,"column":0,"tokenIndex":1,"charIndex":0},"end":{"row":14,"column":0,"tokenIndex":2,"charIndex":10}},"confidenceScore":null},{"id":"1663411678","labeledBy":"AUTO","labeledByUserId":null,"acceptedByUserId":null,"rejectedByUserId":null,"layer":0,"counter":0,"status":"LABELED","hashCode":"SPAN:eS2knCRgLegeRw8bcmSWA:0:14:0:4:0:14:0:4:6:0:undefined:undefined","labelName":"eS2knCRgLegeRw8bcmSWA","labelItem":{"id":"eS2knCRgLegeRw8bcmSWA","labelName":"Skill"},"textPosition":{"start":{"row":14,"column":0,"tokenIndex":4,"charIndex":0},"end":{"row":14,"column":0,"tokenIndex":4,"charIndex":6}},"confidenceScore":null},{"id":"1663411669","labeledBy":"AUTO","labeledByUserId":null,"acceptedByUserId":null,"rejectedByUserId":null,"layer":0,"counter":0,"status":"LABELED","hashCode":"SPAN:eS2knCRgLegeRw8bcmSWA:0:14:0:8:0:14:0:9:5:0:undefined:undefined","labelName":"eS2knCRgLegeRw8bcmSWA","labelItem":{"id":"eS2knCRgLegeRw8bcmSWA","labelName":"Skill"},"textPosition":{"start":{"row":14,"column":0,"tokenIndex":8,"charIndex":0},"end":{"row":14,"column":0,"tokenIndex":9,"charIndex":5}},"confidenceScore":null},{"id":"1663411681","labeledBy":"AUTO","labeledByUserId":null,"acceptedByUserId":null,"rejectedByUserId":null,"layer":0,"counter":0,"status":"LABELED","hashCode":"SPAN:eS2knCRgLegeRw8bcmSWA:0:16:0:1:0:16:0:2:7:0:undefined:undefined","labelName":"eS2knCRgLegeRw8bcmSWA","labelItem":{"id":"eS2knCRgLegeRw8bcmSWA","labelName":"Skill"},"textPosition":{"start":{"row":16,"column":0,"tokenIndex":1,"charIndex":0},"end":{"row":16,"column":0,"tokenIndex":2,"charIndex":7}},"confidenceScore":null},{"id":"1663411684","labeledBy":"AUTO","labeledByUserId":null,"acceptedByUserId":null,"rejectedByUserId":null,"layer":0,"counter":0,"status":"LABELED","hashCode":"SPAN:eS2knCRgLegeRw8bcmSWA:0:16:0:4:0:16:0:5:14:0:undefined:undefined","labelName":"eS2knCRgLegeRw8bcmSWA","labelItem":{"id":"eS2knCRgLegeRw8bcmSWA","labelName":"Skill"},"textPosition":{"start":{"row":16,"column":0,"tokenIndex":4,"charIndex":0},"end":{"row":16,"column":0,"tokenIndex":5,"charIndex":14}},"confidenceScore":null},{"id":"1663411687","labeledBy":"AUTO","labeledByUserId":null,"acceptedByUserId":null,"rejectedByUserId":null,"layer":0,"counter":0,"status":"LABELED","hashCode":"SPAN:eS2knCRgLegeRw8bcmSWA:0:18:0:2:0:18:0:2:6:0:undefined:undefined","labelName":"eS2knCRgLegeRw8bcmSWA","labelItem":{"id":"eS2knCRgLegeRw8bcmSWA","labelName":"Skill"},"textPosition":{"start":{"row":18,"column":0,"tokenIndex":2,"charIndex":0},"end":{"row":18,"column":0,"tokenIndex":2,"charIndex":6}},"confidenceScore":null},{"id":"1663411690","labeledBy":"AUTO","labeledByUserId":null,"acceptedByUserId":null,"rejectedByUserId":null,"layer":0,"counter":0,"status":"LABELED","hashCode":"SPAN:eS2knCRgLegeRw8bcmSWA:0:20:0:3:0:20:0:5:5:0:undefined:undefined","labelName":"eS2knCRgLegeRw8bcmSWA","labelItem":{"id":"eS2knCRgLegeRw8bcmSWA","labelName":"Skill"},"textPosition":{"start":{"row":20,"column":0,"tokenIndex":3,"charIndex":0},"end":{"row":20,"column":0,"tokenIndex":5,"charIndex":5}},"confidenceScore":null},{"id":"1663411693","labeledBy":"AUTO","labeledByUserId":null,"acceptedByUserId":null,"rejectedByUserId":null,"layer":0,"counter":0,"status":"LABELED","hashCode":"SPAN:eS2knCRgLegeRw8bcmSWA:0:20:0:9:0:20:0:9:4:0:undefined:undefined","labelName":"eS2knCRgLegeRw8bcmSWA","labelItem":{"id":"eS2knCRgLegeRw8bcmSWA","labelName":"Skill"},"textPosition":{"start":{"row":20,"column":0,"tokenIndex":9,"charIndex":0},"end":{"row":20,"column":0,"tokenIndex":9,"charIndex":4}},"confidenceScore":null},{"id":"1663411696","labeledBy":"AUTO","labeledByUserId":null,"acceptedByUserId":null,"rejectedByUserId":null,"layer":0,"counter":0,"status":"LABELED","hashCode":"SPAN:eS2knCRgLegeRw8bcmSWA:0:21:0:1:0:21:0:1:4:0:undefined:undefined","labelName":"eS2knCRgLegeRw8bcmSWA","labelItem":{"id":"eS2knCRgLegeRw8bcmSWA","labelName":"Skill"},"textPosition":{"start":{"row":21,"column":0,"tokenIndex":1,"charIndex":0},"end":{"row":21,"column":0,"tokenIndex":1,"charIndex":4}},"confidenceScore":null},{"id":"1663411699","labeledBy":"AUTO","labeledByUserId":null,"acceptedByUserId":null,"rejectedByUserId":null,"layer":0,"counter":0,"status":"LABELED","hashCode":"SPAN:eS2knCRgLegeRw8bcmSWA:0:21:0:5:0:21:0:5:6:0:undefined:undefined","labelName":"eS2knCRgLegeRw8bcmSWA","labelItem":{"id":"eS2knCRgLegeRw8bcmSWA","labelName":"Skill"},"textPosition":{"start":{"row":21,"column":0,"tokenIndex":5,"charIndex":0},"end":{"row":21,"column":0,"tokenIndex":5,"charIndex":6}},"confidenceScore":null},{"id":"1663411702","labeledBy":"AUTO","labeledByUserId":null,"acceptedByUserId":null,"rejectedByUserId":null,"layer":0,"counter":0,"status":"LABELED","hashCode":"SPAN:eS2knCRgLegeRw8bcmSWA:0:21:0:15:0:21:0:15:2:0:undefined:undefined","labelName":"eS2knCRgLegeRw8bcmSWA","labelItem":{"id":"eS2knCRgLegeRw8bcmSWA","labelName":"Skill"},"textPosition":{"start":{"row":21,"column":0,"tokenIndex":15,"charIndex":0},"end":{"row":21,"column":0,"tokenIndex":15,"charIndex":2}},"confidenceScore":null},{"id":"1663411705","labeledBy":"AUTO","labeledByUserId":null,"acceptedByUserId":null,"rejectedByUserId":null,"layer":0,"counter":0,"status":"LABELED","hashCode":"SPAN:eS2knCRgLegeRw8bcmSWA:0:21:0:17:0:21:0:18:8:0:undefined:undefined","labelName":"eS2knCRgLegeRw8bcmSWA","labelItem":{"id":"eS2knCRgLegeRw8bcmSWA","labelName":"Skill"},"textPosition":{"start":{"row":21,"column":0,"tokenIndex":17,"charIndex":0},"end":{"row":21,"column":0,"tokenIndex":18,"charIndex":8}},"confidenceScore":null},{"id":"1663411708","labeledBy":"AUTO","labeledByUserId":null,"acceptedByUserId":null,"rejectedByUserId":null,"layer":0,"counter":0,"status":"LABELED","hashCode":"SPAN:eS2knCRgLegeRw8bcmSWA:0:21:0:20:0:21:0:20:6:0:undefined:undefined","labelName":"eS2knCRgLegeRw8bcmSWA","labelItem":{"id":"eS2knCRgLegeRw8bcmSWA","labelName":"Skill"},"textPosition":{"start":{"row":21,"column":0,"tokenIndex":20,"charIndex":0},"end":{"row":21,"column":0,"tokenIndex":20,"charIndex":6}},"confidenceScore":null},{"id":"1663411711","labeledBy":"AUTO","labeledByUserId":null,"acceptedByUserId":null,"rejectedByUserId":null,"layer":0,"counter":0,"status":"LABELED","hashCode":"SPAN:eS2knCRgLegeRw8bcmSWA:0:21:0:22:0:21:0:25:2:0:undefined:undefined","labelName":"eS2knCRgLegeRw8bcmSWA","labelItem":{"id":"eS2knCRgLegeRw8bcmSWA","labelName":"Skill"},"textPosition":{"start":{"row":21,"column":0,"tokenIndex":22,"charIndex":0},"end":{"row":21,"column":0,"tokenIndex":25,"charIndex":2}},"confidenceScore":null},{"id":"1663411714","labeledBy":"AUTO","labeledByUserId":null,"acceptedByUserId":null,"rejectedByUserId":null,"layer":0,"counter":0,"status":"LABELED","hashCode":"SPAN:eS2knCRgLegeRw8bcmSWA:0:21:0:27:0:21:0:28:2:0:undefined:undefined","labelName":"eS2knCRgLegeRw8bcmSWA","labelItem":{"id":"eS2knCRgLegeRw8bcmSWA","labelName":"Skill"},"textPosition":{"start":{"row":21,"column":0,"tokenIndex":27,"charIndex":0},"end":{"row":21,"column":0,"tokenIndex":28,"charIndex":2}},"confidenceScore":null},{"id":"1663411717","labeledBy":"AUTO","labeledByUserId":null,"acceptedByUserId":null,"rejectedByUserId":null,"layer":0,"counter":0,"status":"LABELED","hashCode":"SPAN:eS2knCRgLegeRw8bcmSWA:0:21:0:31:0:21:0:31:6:0:undefined:undefined","labelName":"eS2knCRgLegeRw8bcmSWA","labelItem":{"id":"eS2knCRgLegeRw8bcmSWA","labelName":"Skill"},"textPosition":{"start":{"row":21,"column":0,"tokenIndex":31,"charIndex":0},"end":{"row":21,"column":0,"tokenIndex":31,"charIndex":6}},"confidenceScore":null},{"id":"1663411720","labeledBy":"AUTO","labeledByUserId":null,"acceptedByUserId":null,"rejectedByUserId":null,"layer":0,"counter":0,"status":"LABELED","hashCode":"SPAN:IeEoIKabMl51BJE0gX2YL:0:22:0:1:0:22:0:4:6:0:undefined:undefined","labelName":"IeEoIKabMl51BJE0gX2YL","labelItem":{"id":"IeEoIKabMl51BJE0gX2YL","labelName":"Degree"},"textPosition":{"start":{"row":22,"column":0,"tokenIndex":1,"charIndex":0},"end":{"row":22,"column":0,"tokenIndex":4,"charIndex":6}},"confidenceScore":null},{"id":"1663411723","labeledBy":"AUTO","labeledByUserId":null,"acceptedByUserId":null,"rejectedByUserId":null,"layer":0,"counter":0,"status":"LABELED","hashCode":"SPAN:Kj5U6n9NUqTXuWcB3c_7L:0:22:0:5:0:22:0:8:4:0:undefined:undefined","labelName":"Kj5U6n9NUqTXuWcB3c_7L","labelItem":{"id":"Kj5U6n9NUqTXuWcB3c_7L","labelName":"College"},"textPosition":{"start":{"row":22,"column":0,"tokenIndex":5,"charIndex":0},"end":{"row":22,"column":0,"tokenIndex":8,"charIndex":4}},"confidenceScore":null},{"id":"1663411726","labeledBy":"AUTO","labeledByUserId":null,"acceptedByUserId":null,"rejectedByUserId":null,"layer":0,"counter":0,"status":"LABELED","hashCode":"SPAN:52S_6moRfhjC-yXgIBeCp:0:22:0:9:0:22:0:10:3:0:undefined:undefined","labelName":"52S_6moRfhjC-yXgIBeCp","labelItem":{"id":"52S_6moRfhjC-yXgIBeCp","labelName":"Date"},"textPosition":{"start":{"row":22,"column":0,"tokenIndex":9,"charIndex":0},"end":{"row":22,"column":0,"tokenIndex":10,"charIndex":3}},"confidenceScore":null},{"id":"1663411729","labeledBy":"AUTO","labeledByUserId":null,"acceptedByUserId":null,"rejectedByUserId":null,"layer":0,"counter":0,"status":"LABELED","hashCode":"SPAN:52S_6moRfhjC-yXgIBeCp:0:22:0:12:0:22:0:13:3:0:undefined:undefined","labelName":"52S_6moRfhjC-yXgIBeCp","labelItem":{"id":"52S_6moRfhjC-yXgIBeCp","labelName":"Date"},"textPosition":{"start":{"row":22,"column":0,"tokenIndex":12,"charIndex":0},"end":{"row":22,"column":0,"tokenIndex":13,"charIndex":3}},"confidenceScore":null},{"id":"1663411732","labeledBy":"AUTO","labeledByUserId":null,"acceptedByUserId":null,"rejectedByUserId":null,"layer":0,"counter":0,"status":"LABELED","hashCode":"SPAN:IeEoIKabMl51BJE0gX2YL:0:22:0:14:0:22:0:14:9:0:undefined:undefined","labelName":"IeEoIKabMl51BJE0gX2YL","labelItem":{"id":"IeEoIKabMl51BJE0gX2YL","labelName":"Degree"},"textPosition":{"start":{"row":22,"column":0,"tokenIndex":14,"charIndex":0},"end":{"row":22,"column":0,"tokenIndex":14,"charIndex":9}},"confidenceScore":null},{"id":"1663411735","labeledBy":"AUTO","labeledByUserId":null,"acceptedByUserId":null,"rejectedByUserId":null,"layer":0,"counter":0,"status":"LABELED","hashCode":"SPAN:Kj5U6n9NUqTXuWcB3c_7L:0:22:0:15:0:22:0:18:4:0:undefined:undefined","labelName":"Kj5U6n9NUqTXuWcB3c_7L","labelItem":{"id":"Kj5U6n9NUqTXuWcB3c_7L","labelName":"College"},"textPosition":{"start":{"row":22,"column":0,"tokenIndex":15,"charIndex":0},"end":{"row":22,"column":0,"tokenIndex":18,"charIndex":4}},"confidenceScore":null},{"id":"1663411738","labeledBy":"AUTO","labeledByUserId":null,"acceptedByUserId":null,"rejectedByUserId":null,"layer":0,"counter":0,"status":"LABELED","hashCode":"SPAN:52S_6moRfhjC-yXgIBeCp:0:22:0:19:0:22:0:20:3:0:undefined:undefined","labelName":"52S_6moRfhjC-yXgIBeCp","labelItem":{"id":"52S_6moRfhjC-yXgIBeCp","labelName":"Date"},"textPosition":{"start":{"row":22,"column":0,"tokenIndex":19,"charIndex":0},"end":{"row":22,"column":0,"tokenIndex":20,"charIndex":3}},"confidenceScore":null},{"id":"1663411741","labeledBy":"AUTO","labeledByUserId":null,"acceptedByUserId":null,"rejectedByUserId":null,"layer":0,"counter":0,"status":"LABELED","hashCode":"SPAN:52S_6moRfhjC-yXgIBeCp:0:22:0:22:0:22:0:23:3:0:undefined:undefined","labelName":"52S_6moRfhjC-yXgIBeCp","labelItem":{"id":"52S_6moRfhjC-yXgIBeCp","labelName":"Date"},"textPosition":{"start":{"row":22,"column":0,"tokenIndex":22,"charIndex":0},"end":{"row":22,"column":0,"tokenIndex":23,"charIndex":3}},"confidenceScore":null},{"id":"1663411744","labeledBy":"AUTO","labeledByUserId":null,"acceptedByUserId":null,"rejectedByUserId":null,"layer":0,"counter":0,"status":"LABELED","hashCode":"SPAN:eS2knCRgLegeRw8bcmSWA:0:22:0:25:0:22:0:25:5:0:undefined:undefined","labelName":"eS2knCRgLegeRw8bcmSWA","labelItem":{"id":"eS2knCRgLegeRw8bcmSWA","labelName":"Skill"},"textPosition":{"start":{"row":22,"column":0,"tokenIndex":25,"charIndex":0},"end":{"row":22,"column":0,"tokenIndex":25,"charIndex":5}},"confidenceScore":null},{"id":"1663411747","labeledBy":"AUTO","labeledByUserId":null,"acceptedByUserId":null,"rejectedByUserId":null,"layer":0,"counter":0,"status":"LABELED","hashCode":"SPAN:eS2knCRgLegeRw8bcmSWA:0:22:0:26:0:22:0:26:4:0:undefined:undefined","labelName":"eS2knCRgLegeRw8bcmSWA","labelItem":{"id":"eS2knCRgLegeRw8bcmSWA","labelName":"Skill"},"textPosition":{"start":{"row":22,"column":0,"tokenIndex":26,"charIndex":0},"end":{"row":22,"column":0,"tokenIndex":26,"charIndex":4}},"confidenceScore":null},{"id":"1663411750","labeledBy":"AUTO","labeledByUserId":null,"acceptedByUserId":null,"rejectedByUserId":null,"layer":0,"counter":0,"status":"LABELED","hashCode":"SPAN:eS2knCRgLegeRw8bcmSWA:0:22:0:27:0:22:0:27:4:0:undefined:undefined","labelName":"eS2knCRgLegeRw8bcmSWA","labelItem":{"id":"eS2knCRgLegeRw8bcmSWA","labelName":"Skill"},"textPosition":{"start":{"row":22,"column":0,"tokenIndex":27,"charIndex":0},"end":{"row":22,"column":0,"tokenIndex":27,"charIndex":4}},"confidenceScore":null},{"id":"1663411762","labeledBy":"AUTO","labeledByUserId":null,"acceptedByUserId":null,"rejectedByUserId":null,"layer":0,"counter":0,"status":"LABELED","hashCode":"SPAN:eS2knCRgLegeRw8bcmSWA:0:22:0:28:0:22:0:28:10:0:undefined:undefined","labelName":"eS2knCRgLegeRw8bcmSWA","labelItem":{"id":"eS2knCRgLegeRw8bcmSWA","labelName":"Skill"},"textPosition":{"start":{"row":22,"column":0,"tokenIndex":28,"charIndex":0},"end":{"row":22,"column":0,"tokenIndex":28,"charIndex":10}},"confidenceScore":null},{"id":"1663411771","labeledBy":"AUTO","labeledByUserId":null,"acceptedByUserId":null,"rejectedByUserId":null,"layer":0,"counter":0,"status":"LABELED","hashCode":"SPAN:eS2knCRgLegeRw8bcmSWA:0:22:0:29:0:22:0:29:10:0:undefined:undefined","labelName":"eS2knCRgLegeRw8bcmSWA","labelItem":{"id":"eS2knCRgLegeRw8bcmSWA","labelName":"Skill"},"textPosition":{"start":{"row":22,"column":0,"tokenIndex":29,"charIndex":0},"end":{"row":22,"column":0,"tokenIndex":29,"charIndex":10}},"confidenceScore":null},{"id":"1663411755","labeledBy":"AUTO","labeledByUserId":null,"acceptedByUserId":null,"rejectedByUserId":null,"layer":0,"counter":0,"status":"LABELED","hashCode":"SPAN:eS2knCRgLegeRw8bcmSWA:0:22:0:30:0:22:0:30:6:0:undefined:undefined","labelName":"eS2knCRgLegeRw8bcmSWA","labelItem":{"id":"eS2knCRgLegeRw8bcmSWA","labelName":"Skill"},"textPosition":{"start":{"row":22,"column":0,"tokenIndex":30,"charIndex":0},"end":{"row":22,"column":0,"tokenIndex":30,"charIndex":6}},"confidenceScore":null},{"id":"1663411757","labeledBy":"AUTO","labeledByUserId":null,"acceptedByUserId":null,"rejectedByUserId":null,"layer":0,"counter":0,"status":"LABELED","hashCode":"SPAN:eS2knCRgLegeRw8bcmSWA:0:22:0:31:0:22:0:31:8:0:undefined:undefined","labelName":"eS2knCRgLegeRw8bcmSWA","labelItem":{"id":"eS2knCRgLegeRw8bcmSWA","labelName":"Skill"},"textPosition":{"start":{"row":22,"column":0,"tokenIndex":31,"charIndex":0},"end":{"row":22,"column":0,"tokenIndex":31,"charIndex":8}},"confidenceScore":null},{"id":"1663411760","labeledBy":"AUTO","labeledByUserId":null,"acceptedByUserId":null,"rejectedByUserId":null,"layer":0,"counter":0,"status":"LABELED","hashCode":"SPAN:eS2knCRgLegeRw8bcmSWA:0:22:0:32:0:22:0:32:8:0:undefined:undefined","labelName":"eS2knCRgLegeRw8bcmSWA","labelItem":{"id":"eS2knCRgLegeRw8bcmSWA","labelName":"Skill"},"textPosition":{"start":{"row":22,"column":0,"tokenIndex":32,"charIndex":0},"end":{"row":22,"column":0,"tokenIndex":32,"charIndex":8}},"confidenceScore":null},{"id":"1663411765","labeledBy":"AUTO","labeledByUserId":null,"acceptedByUserId":null,"rejectedByUserId":null,"layer":0,"counter":0,"status":"LABELED","hashCode":"SPAN:eS2knCRgLegeRw8bcmSWA:0:22:0:33:0:22:0:33:7:0:undefined:undefined","labelName":"eS2knCRgLegeRw8bcmSWA","labelItem":{"id":"eS2knCRgLegeRw8bcmSWA","labelName":"Skill"},"textPosition":{"start":{"row":22,"column":0,"tokenIndex":33,"charIndex":0},"end":{"row":22,"column":0,"tokenIndex":33,"charIndex":7}},"confidenceScore":null},{"id":"1663411774","labeledBy":"AUTO","labeledByUserId":null,"acceptedByUserId":null,"rejectedByUserId":null,"layer":0,"counter":0,"status":"LABELED","hashCode":"SPAN:eS2knCRgLegeRw8bcmSWA:0:22:0:34:0:22:0:34:10:0:undefined:undefined","labelName":"eS2knCRgLegeRw8bcmSWA","labelItem":{"id":"eS2knCRgLegeRw8bcmSWA","labelName":"Skill"},"textPosition":{"start":{"row":22,"column":0,"tokenIndex":34,"charIndex":0},"end":{"row":22,"column":0,"tokenIndex":34,"charIndex":10}},"confidenceScore":null},{"id":"1663411769","labeledBy":"AUTO","labeledByUserId":null,"acceptedByUserId":null,"rejectedByUserId":null,"layer":0,"counter":0,"status":"LABELED","hashCode":"SPAN:eS2knCRgLegeRw8bcmSWA:0:22:0:35:0:22:0:35:7:0:undefined:undefined","labelName":"eS2knCRgLegeRw8bcmSWA","labelItem":{"id":"eS2knCRgLegeRw8bcmSWA","labelName":"Skill"},"textPosition":{"start":{"row":22,"column":0,"tokenIndex":35,"charIndex":0},"end":{"row":22,"column":0,"tokenIndex":35,"charIndex":7}},"confidenceScore":null},{"id":"1663411777","labeledBy":"AUTO","labeledByUserId":null,"acceptedByUserId":null,"rejectedByUserId":null,"layer":0,"counter":0,"status":"LABELED","hashCode":"SPAN:eS2knCRgLegeRw8bcmSWA:0:22:0:36:0:22:0:36:9:0:undefined:undefined","labelName":"eS2knCRgLegeRw8bcmSWA","labelItem":{"id":"eS2knCRgLegeRw8bcmSWA","labelName":"Skill"},"textPosition":{"start":{"row":22,"column":0,"tokenIndex":36,"charIndex":0},"end":{"row":22,"column":0,"tokenIndex":36,"charIndex":9}},"confidenceScore":null},{"id":"1663411780","labeledBy":"AUTO","labeledByUserId":null,"acceptedByUserId":null,"rejectedByUserId":null,"layer":0,"counter":0,"status":"LABELED","hashCode":"SPAN:eS2knCRgLegeRw8bcmSWA:0:22:0:37:0:22:0:37:6:0:undefined:undefined","labelName":"eS2knCRgLegeRw8bcmSWA","labelItem":{"id":"eS2knCRgLegeRw8bcmSWA","labelName":"Skill"},"textPosition":{"start":{"row":22,"column":0,"tokenIndex":37,"charIndex":0},"end":{"row":22,"column":0,"tokenIndex":37,"charIndex":6}},"confidenceScore":null},{"id":"1663411792","labeledBy":"AUTO","labeledByUserId":null,"acceptedByUserId":null,"rejectedByUserId":null,"layer":0,"counter":0,"status":"LABELED","hashCode":"SPAN:eS2knCRgLegeRw8bcmSWA:0:22:0:38:0:22:0:38:10:0:undefined:undefined","labelName":"eS2knCRgLegeRw8bcmSWA","labelItem":{"id":"eS2knCRgLegeRw8bcmSWA","labelName":"Skill"},"textPosition":{"start":{"row":22,"column":0,"tokenIndex":38,"charIndex":0},"end":{"row":22,"column":0,"tokenIndex":38,"charIndex":10}},"confidenceScore":null},{"id":"1663411783","labeledBy":"AUTO","labeledByUserId":null,"acceptedByUserId":null,"rejectedByUserId":null,"layer":0,"counter":0,"status":"LABELED","hashCode":"SPAN:eS2knCRgLegeRw8bcmSWA:0:22:0:39:0:22:0:39:7:0:undefined:undefined","labelName":"eS2knCRgLegeRw8bcmSWA","labelItem":{"id":"eS2knCRgLegeRw8bcmSWA","labelName":"Skill"},"textPosition":{"start":{"row":22,"column":0,"tokenIndex":39,"charIndex":0},"end":{"row":22,"column":0,"tokenIndex":39,"charIndex":7}},"confidenceScore":null},{"id":"1663411786","labeledBy":"AUTO","labeledByUserId":null,"acceptedByUserId":null,"rejectedByUserId":null,"layer":0,"counter":0,"status":"LABELED","hashCode":"SPAN:eS2knCRgLegeRw8bcmSWA:0:22:0:40:0:22:0:40:6:0:undefined:undefined","labelName":"eS2knCRgLegeRw8bcmSWA","labelItem":{"id":"eS2knCRgLegeRw8bcmSWA","labelName":"Skill"},"textPosition":{"start":{"row":22,"column":0,"tokenIndex":40,"charIndex":0},"end":{"row":22,"column":0,"tokenIndex":40,"charIndex":6}},"confidenceScore":null},{"id":"1663411789","labeledBy":"AUTO","labeledByUserId":null,"acceptedByUserId":null,"rejectedByUserId":null,"layer":0,"counter":0,"status":"LABELED","hashCode":"SPAN:eS2knCRgLegeRw8bcmSWA:0:22:0:41:0:22:0:41:5:0:undefined:undefined","labelName":"eS2knCRgLegeRw8bcmSWA","labelItem":{"id":"eS2knCRgLegeRw8bcmSWA","labelName":"Skill"},"textPosition":{"start":{"row":22,"column":0,"tokenIndex":41,"charIndex":0},"end":{"row":22,"column":0,"tokenIndex":41,"charIndex":5}},"confidenceScore":null},{"id":"1663411798","labeledBy":"AUTO","labeledByUserId":null,"acceptedByUserId":null,"rejectedByUserId":null,"layer":0,"counter":0,"status":"LABELED","hashCode":"SPAN:eS2knCRgLegeRw8bcmSWA:0:22:0:42:0:22:0:44:11:0:undefined:undefined","labelName":"eS2knCRgLegeRw8bcmSWA","labelItem":{"id":"eS2knCRgLegeRw8bcmSWA","labelName":"Skill"},"textPosition":{"start":{"row":22,"column":0,"tokenIndex":42,"charIndex":0},"end":{"row":22,"column":0,"tokenIndex":44,"charIndex":11}},"confidenceScore":null},{"id":"1663411795","labeledBy":"AUTO","labeledByUserId":null,"acceptedByUserId":null,"rejectedByUserId":null,"layer":0,"counter":0,"status":"LABELED","hashCode":"SPAN:eS2knCRgLegeRw8bcmSWA:0:22:0:45:0:22:0:45:3:0:undefined:undefined","labelName":"eS2knCRgLegeRw8bcmSWA","labelItem":{"id":"eS2knCRgLegeRw8bcmSWA","labelName":"Skill"},"textPosition":{"start":{"row":22,"column":0,"tokenIndex":45,"charIndex":0},"end":{"row":22,"column":0,"tokenIndex":45,"charIndex":3}},"confidenceScore":null},{"id":"1663411801","labeledBy":"AUTO","labeledByUserId":null,"acceptedByUserId":null,"rejectedByUserId":null,"layer":0,"counter":0,"status":"LABELED","hashCode":"SPAN:eS2knCRgLegeRw8bcmSWA:0:22:0:46:0:22:0:47:6:0:undefined:undefined","labelName":"eS2knCRgLegeRw8bcmSWA","labelItem":{"id":"eS2knCRgLegeRw8bcmSWA","labelName":"Skill"},"textPosition":{"start":{"row":22,"column":0,"tokenIndex":46,"charIndex":0},"end":{"row":22,"column":0,"tokenIndex":47,"charIndex":6}},"confidenceScore":null},{"id":"1663411804","labeledBy":"AUTO","labeledByUserId":null,"acceptedByUserId":null,"rejectedByUserId":null,"layer":0,"counter":0,"status":"LABELED","hashCode":"SPAN:eS2knCRgLegeRw8bcmSWA:0:22:0:48:0:22:0:48:7:0:undefined:undefined","labelName":"eS2knCRgLegeRw8bcmSWA","labelItem":{"id":"eS2knCRgLegeRw8bcmSWA","labelName":"Skill"},"textPosition":{"start":{"row":22,"column":0,"tokenIndex":48,"charIndex":0},"end":{"row":22,"column":0,"tokenIndex":48,"charIndex":7}},"confidenceScore":null},{"id":"1663411807","labeledBy":"AUTO","labeledByUserId":null,"acceptedByUserId":null,"rejectedByUserId":null,"layer":0,"counter":0,"status":"LABELED","hashCode":"SPAN:eS2knCRgLegeRw8bcmSWA:0:22:0:49:0:22:0:49:4:0:undefined:undefined","labelName":"eS2knCRgLegeRw8bcmSWA","labelItem":{"id":"eS2knCRgLegeRw8bcmSWA","labelName":"Skill"},"textPosition":{"start":{"row":22,"column":0,"tokenIndex":49,"charIndex":0},"end":{"row":22,"column":0,"tokenIndex":49,"charIndex":4}},"confidenceScore":null},{"id":"1663411810","labeledBy":"AUTO","labeledByUserId":null,"acceptedByUserId":null,"rejectedByUserId":null,"layer":0,"counter":0,"status":"LABELED","hashCode":"SPAN:eS2knCRgLegeRw8bcmSWA:0:22:0:50:0:22:0:50:5:0:undefined:undefined","labelName":"eS2knCRgLegeRw8bcmSWA","labelItem":{"id":"eS2knCRgLegeRw8bcmSWA","labelName":"Skill"},"textPosition":{"start":{"row":22,"column":0,"tokenIndex":50,"charIndex":0},"end":{"row":22,"column":0,"tokenIndex":50,"charIndex":5}},"confidenceScore":null},{"id":"1663411813","labeledBy":"AUTO","labeledByUserId":null,"acceptedByUserId":null,"rejectedByUserId":null,"layer":0,"counter":0,"status":"LABELED","hashCode":"SPAN:eS2knCRgLegeRw8bcmSWA:0:22:0:51:0:22:0:52:9:0:undefined:undefined","labelName":"eS2knCRgLegeRw8bcmSWA","labelItem":{"id":"eS2knCRgLegeRw8bcmSWA","labelName":"Skill"},"textPosition":{"start":{"row":22,"column":0,"tokenIndex":51,"charIndex":0},"end":{"row":22,"column":0,"tokenIndex":52,"charIndex":9}},"confidenceScore":null},{"id":"1663411816","labeledBy":"AUTO","labeledByUserId":null,"acceptedByUserId":null,"rejectedByUserId":null,"layer":0,"counter":0,"status":"LABELED","hashCode":"SPAN:eS2knCRgLegeRw8bcmSWA:0:23:0:8:0:23:0:8:7:0:undefined:undefined","labelName":"eS2knCRgLegeRw8bcmSWA","labelItem":{"id":"eS2knCRgLegeRw8bcmSWA","labelName":"Skill"},"textPosition":{"start":{"row":23,"column":0,"tokenIndex":8,"charIndex":0},"end":{"row":23,"column":0,"tokenIndex":8,"charIndex":7}},"confidenceScore":null},{"id":"1663411819","labeledBy":"AUTO","labeledByUserId":null,"acceptedByUserId":null,"rejectedByUserId":null,"layer":0,"counter":0,"status":"LABELED","hashCode":"SPAN:eS2knCRgLegeRw8bcmSWA:0:23:0:9:0:23:0:9:7:0:undefined:undefined","labelName":"eS2knCRgLegeRw8bcmSWA","labelItem":{"id":"eS2knCRgLegeRw8bcmSWA","labelName":"Skill"},"textPosition":{"start":{"row":23,"column":0,"tokenIndex":9,"charIndex":0},"end":{"row":23,"column":0,"tokenIndex":9,"charIndex":7}},"confidenceScore":null},{"id":"1663411822","labeledBy":"AUTO","labeledByUserId":null,"acceptedByUserId":null,"rejectedByUserId":null,"layer":0,"counter":0,"status":"LABELED","hashCode":"SPAN:eS2knCRgLegeRw8bcmSWA:0:23:0:11:0:23:0:11:9:0:undefined:undefined","labelName":"eS2knCRgLegeRw8bcmSWA","labelItem":{"id":"eS2knCRgLegeRw8bcmSWA","labelName":"Skill"},"textPosition":{"start":{"row":23,"column":0,"tokenIndex":11,"charIndex":0},"end":{"row":23,"column":0,"tokenIndex":11,"charIndex":9}},"confidenceScore":null}],"arrowLabels":[],"boundingBoxLabels":[],"timeLabels":[],"comments":[],"url":"datasaur://static/6814/edb20d3c-3eb0-464b-b191-45e3d4aecc8f.txt"}}
