{"version":"1","data":{"project":{"id":"ODBjYmQ2MDg","name":"NLP SSM Final Project"},"document":{"id":"df313b40-2a96-402c-834f-0bade685ed88","name":"resume_691_d1.txt"},"kinds":["TOKEN_BASED"],"rows":[[{"content":"Rachael Lobdell Summary .","tokens":["Rachael","Lobdell","Summary","."],"metadata":[]}],[{"content":"Compassionate Senior Outreach Advocate with 13 + years of experience working in public and private agencies to upgrade health and dignity within vulnerable populations.","tokens":["Compassionate","Senior","Outreach","Advocate","with","13","+","years","of","experience","working","in","public","and","private","agencies","to","upgrade","health","and","dignity","within","vulnerable","populations."],"metadata":[]}],[{"content":"Creativeand adaptable leader dedicated to doing whatever necessary to meet client needs, including customizing established programs.","tokens":["Creativeand","adaptable","leader","dedicated","to","doing","whatever","necessary","to","meet","client","needs,","including","customizing","established","programs."],"metadata":[]}],[{"content":"Self-motivated and deeply engaged with client and supporter communities.","tokens":["Self-motivated","and","deeply","engaged","with","client","and","supporter","communities."],"metadata":[]}],[{"content":"Skills Confidential data protection Data entry Scheduling clients for evaluations for Managed Long Term Care Intake and Submission of Medicaid applications for clients Intake and submission of Pool Trust for Long Term Care clients Excellent Communication skills Excellent Typing skills Catering and Party planning Activity planning 20 years experience working with Seniors and Disabled and advocating for there needs Client interaction Reliable and trustworthy Patient interviewing skills Telephone etiquette Application assessment Friendly, positive attitude Decision-making Team management Recordkeeping and data input Program understanding and advisement Data management Online research Data collection Experience Company Name City , State Healthcare Senior Outreach Specialist 04/2014 to Current Traveled throughout service area to educate community, met with people interested in receiving services and represented agency before wide range of professional constituencies.","tokens":["Skills","Confidential","data","protection","Data","entry","Scheduling","clients","for","evaluations","for","Managed","Long","Term","Care","Intake","and","Submission","of","Medicaid","applications","for","clients","Intake","and","submission","of","Pool","Trust","for","Long","Term","Care","clients","Excellent","Communication","skills","Excellent","Typing","skills","Catering","and","Party","planning","Activity","planning","20","years","experience","working","with","Seniors","and","Disabled","and","advocating","for","there","needs","Client","interaction","Reliable","and","trustworthy","Patient","interviewing","skills","Telephone","etiquette","Application","assessment","Friendly,","positive","attitude","Decision-making","Team","management","Recordkeeping","and","data","input","Program","understanding","and","advisement","Data","management","Online","research","Data","collection","Experience","Company","Name","City",",","State","Healthcare","Senior","Outreach","Specialist","04/2014","to","Current","Traveled","throughout","service","area","to","educate","community,","met","with","people","interested","in","receiving","services","and","represented","agency","before","wide","range","of","professional","constituencies."],"metadata":[]}],[{"content":"Counseled prospective applicants on admissions process and opportunities by explaining documentation and timeframes.","tokens":["Counseled","prospective","applicants","on","admissions","process","and","opportunities","by","explaining","documentation","and","timeframes."],"metadata":[]}],[{"content":"Promoted integration of services for clients, including behavioral health care and long term services to enhance continuity of care.","tokens":["Promoted","integration","of","services","for","clients,","including","behavioral","health","care","and","long","term","services","to","enhance","continuity","of","care."],"metadata":[]}],[{"content":"Assisted customers by phone, including scheduling appointments and treatments.","tokens":["Assisted","customers","by","phone,","including","scheduling","appointments","and","treatments."],"metadata":[]}],[{"content":"Explained eligibility details and affordability options to patients with kindness and respect.","tokens":["Explained","eligibility","details","and","affordability","options","to","patients","with","kindness","and","respect."],"metadata":[]}],[{"content":"Analyzed information from interviews, educational, and medical records, consultation with other professionals, and diagnostic evaluations to assess clients' abilities, needs, and eligibility for services.","tokens":["Analyzed","information","from","interviews,","educational,","and","medical","records,","consultation","with","other","professionals,","and","diagnostic","evaluations","to","assess","clients'","abilities,","needs,","and","eligibility","for","services."],"metadata":[]}],[{"content":"Conversed with people from different cultures daily, providing high level of respect and patience with each interaction.","tokens":["Conversed","with","people","from","different","cultures","daily,","providing","high","level","of","respect","and","patience","with","each","interaction."],"metadata":[]}],[{"content":"Processed benefits applications, including documents for food stamps and medical assistance.","tokens":["Processed","benefits","applications,","including","documents","for","food","stamps","and","medical","assistance."],"metadata":[]}],[{"content":"Conducted interviews with applicants, explaining benefits process and which programs were available.","tokens":["Conducted","interviews","with","applicants,","explaining","benefits","process","and","which","programs","were","available."],"metadata":[]}],[{"content":"Collected necessary data to complete and submit Medicaid applications and Pool Trust.","tokens":["Collected","necessary","data","to","complete","and","submit","Medicaid","applications","and","Pool","Trust."],"metadata":[]}],[{"content":"Recognized by management for providing exceptional customer service.","tokens":["Recognized","by","management","for","providing","exceptional","customer","service."],"metadata":[]}],[{"content":"Analyzed accuracy and completeness of patient documents such as insurance claims, medical bills and legal paperwork.","tokens":["Analyzed","accuracy","and","completeness","of","patient","documents","such","as","insurance","claims,","medical","bills","and","legal","paperwork."],"metadata":[]}],[{"content":"Helped patients understand care, coverage and payment responsibilities and rights.","tokens":["Helped","patients","understand","care,","coverage","and","payment","responsibilities","and","rights."],"metadata":[]}],[{"content":"Provided knowledgeable and compassionate service in response to all types of patient questions and concerns.","tokens":["Provided","knowledgeable","and","compassionate","service","in","response","to","all","types","of","patient","questions","and","concerns."],"metadata":[]}],[{"content":"Gathered and analyzed patient information to determine special program eligibility.","tokens":["Gathered","and","analyzed","patient","information","to","determine","special","program","eligibility."],"metadata":[]}],[{"content":"Demonstrated leadership by making improvements to work processes and helping to train others.","tokens":["Demonstrated","leadership","by","making","improvements","to","work","processes","and","helping","to","train","others."],"metadata":[]}],[{"content":"Performed site evaluations, customer surveys and team audits.","tokens":["Performed","site","evaluations,","customer","surveys","and","team","audits."],"metadata":[]}],[{"content":"Kept team on track by assigning and supervising their activities and giving constructive feedback.","tokens":["Kept","team","on","track","by","assigning","and","supervising","their","activities","and","giving","constructive","feedback."],"metadata":[]}],[{"content":"Helped clients stay happy and healthy by providing mental and emotional support.","tokens":["Helped","clients","stay","happy","and","healthy","by","providing","mental","and","emotional","support."],"metadata":[]}],[{"content":"Improved patient outlook and daily living through compassionate care.","tokens":["Improved","patient","outlook","and","daily","living","through","compassionate","care."],"metadata":[]}],[{"content":"Organized games and other activities to engage clients and offer mental stimulation.","tokens":["Organized","games","and","other","activities","to","engage","clients","and","offer","mental","stimulation."],"metadata":[]}],[{"content":"Company Name City , State Administrator 08/2008 to 04/2014 Developed and implemented policies and procedures for Licensed Home care Agency Audited Patient Charts Hired Employees Met with Physicians and State workers on a Quarterly basis For QA meetings.","tokens":["Company","Name","City",",","State","Administrator","08/2008","to","04/2014","Developed","and","implemented","policies","and","procedures","for","Licensed","Home","care","Agency","Audited","Patient","Charts","Hired","Employees","Met","with","Physicians","and","State","workers","on","a","Quarterly","basis","For","QA","meetings."],"metadata":[]}],[{"content":"Organized activities to reward employees and motivate performance improvements.","tokens":["Organized","activities","to","reward","employees","and","motivate","performance","improvements."],"metadata":[]}],[{"content":"Facilitated communication between departments, management and customers to resolve issues and achieve performance targets.","tokens":["Facilitated","communication","between","departments,","management","and","customers","to","resolve","issues","and","achieve","performance","targets."],"metadata":[]}],[{"content":"Handled all billing and payroll for clients and employees Scheduled Home Health Aides to Patients Established successful program by creating master schedules and overseeing staff professional development.","tokens":["Handled","all","billing","and","payroll","for","clients","and","employees","Scheduled","Home","Health","Aides","to","Patients","Established","successful","program","by","creating","master","schedules","and","overseeing","staff","professional","development."],"metadata":[]}],[{"content":"Grew revenue by developing key programs focused on promoting business.","tokens":["Grew","revenue","by","developing","key","programs","focused","on","promoting","business."],"metadata":[]}],[{"content":"Medicaid billing Medicaid Exemption code Experience Meeting with clients and families to Identify their needs and goals.","tokens":["Medicaid","billing","Medicaid","Exemption","code","Experience","Meeting","with","clients","and","families","to","Identify","their","needs","and","goals."],"metadata":[]}],[{"content":"Assisted with development of regulatory compliance systems.","tokens":["Assisted","with","development","of","regulatory","compliance","systems."],"metadata":[]}],[{"content":"Planned, coordinated and controlled daily operations of sales, financial management and human resources.","tokens":["Planned,","coordinated","and","controlled","daily","operations","of","sales,","financial","management","and","human","resources."],"metadata":[]}],[{"content":"Maintained work safety and followed established operating procedures and practices.","tokens":["Maintained","work","safety","and","followed","established","operating","procedures","and","practices."],"metadata":[]}],[{"content":"Education and Training High School Diploma 06/1985 Northville High , City Some College (No Degree) : Business Administration FMCC , City","tokens":["Education","and","Training","High","School","Diploma","06/1985","Northville","High",",","City","Some","College","(No","Degree)",":","Business","Administration","FMCC",",","City"],"metadata":[]}]],"labelerInfo":{"id":6814,"email":"cwilhel8@jh.edu","displayName":"Chris Wilhelm"},"labelSets":[{"name":"Resume Labels","index":0,"labelItems":[{"id":"Kj5U6n9NUqTXuWcB3c_7L","labelName":"College"},{"id":"rj7TW0-ymuRo6f_asXJab","labelName":"Company Name"},{"id":"SJEkdao76hjwbb6Fh5SY6","labelName":"Job Title"},{"id":"BjO8MdvK2KI4E5iMEeY4B","labelName":"Graduation Year"},{"id":"eS2knCRgLegeRw8bcmSWA","labelName":"Skill"},{"id":"IeEoIKabMl51BJE0gX2YL","labelName":"Degree"},{"id":"1R0C50AAwFbEp2O0WmRv6","labelName":"Location"},{"id":"zQcc4ygexJ_A3Gb0NeRTk","labelName":"Years of Experience"},{"id":"52S_6moRfhjC-yXgIBeCp","labelName":"Date"},{"id":"KiLarWmwlU1E3-FfdG6Qg","labelName":"Project"},{"id":"dyxKKTAxW1z5ifjPj42BI","labelName":"Name"}]}],"spanLabels":[{"id":"1663377522","labeledBy":"AUTO","labeledByUserId":null,"acceptedByUserId":null,"rejectedByUserId":null,"layer":0,"counter":0,"status":"LABELED","hashCode":"SPAN:dyxKKTAxW1z5ifjPj42BI:0:0:0:0:0:0:0:1:6:0:undefined:undefined","labelName":"dyxKKTAxW1z5ifjPj42BI","labelItem":{"id":"dyxKKTAxW1z5ifjPj42BI","labelName":"Name"},"textPosition":{"start":{"row":0,"column":0,"tokenIndex":0,"charIndex":0},"end":{"row":0,"column":0,"tokenIndex":1,"charIndex":6}},"confidenceScore":null},{"id":"1663377525","labeledBy":"AUTO","labeledByUserId":null,"acceptedByUserId":null,"rejectedByUserId":null,"layer":0,"counter":0,"status":"LABELED","hashCode":"SPAN:SJEkdao76hjwbb6Fh5SY6:0:1:0:1:0:1:0:3:7:0:undefined:undefined","labelName":"SJEkdao76hjwbb6Fh5SY6","labelItem":{"id":"SJEkdao76hjwbb6Fh5SY6","labelName":"Job Title"},"textPosition":{"start":{"row":1,"column":0,"tokenIndex":1,"charIndex":0},"end":{"row":1,"column":0,"tokenIndex":3,"charIndex":7}},"confidenceScore":null},{"id":"1663377528","labeledBy":"AUTO","labeledByUserId":null,"acceptedByUserId":null,"rejectedByUserId":null,"layer":0,"counter":0,"status":"LABELED","hashCode":"SPAN:zQcc4ygexJ_A3Gb0NeRTk:0:1:0:5:0:1:0:7:4:0:undefined:undefined","labelName":"zQcc4ygexJ_A3Gb0NeRTk","labelItem":{"id":"zQcc4ygexJ_A3Gb0NeRTk","labelName":"Years of Experience"},"textPosition":{"start":{"row":1,"column":0,"tokenIndex":5,"charIndex":0},"end":{"row":1,"column":0,"tokenIndex":7,"charIndex":4}},"confidenceScore":null},{"id":"1663377531","labeledBy":"AUTO","labeledByUserId":null,"acceptedByUserId":null,"rejectedByUserId":null,"layer":0,"counter":0,"status":"LABELED","hashCode":"SPAN:eS2knCRgLegeRw8bcmSWA:0:1:0:18:0:1:0:18:5:0:undefined:undefined","labelName":"eS2knCRgLegeRw8bcmSWA","labelItem":{"id":"eS2knCRgLegeRw8bcmSWA","labelName":"Skill"},"textPosition":{"start":{"row":1,"column":0,"tokenIndex":18,"charIndex":0},"end":{"row":1,"column":0,"tokenIndex":18,"charIndex":5}},"confidenceScore":null},{"id":"1663377534","labeledBy":"AUTO","labeledByUserId":null,"acceptedByUserId":null,"rejectedByUserId":null,"layer":0,"counter":0,"status":"LABELED","hashCode":"SPAN:eS2knCRgLegeRw8bcmSWA:0:1:0:20:0:1:0:20:6:0:undefined:undefined","labelName":"eS2knCRgLegeRw8bcmSWA","labelItem":{"id":"eS2knCRgLegeRw8bcmSWA","labelName":"Skill"},"textPosition":{"start":{"row":1,"column":0,"tokenIndex":20,"charIndex":0},"end":{"row":1,"column":0,"tokenIndex":20,"charIndex":6}},"confidenceScore":null},{"id":"1663377537","labeledBy":"AUTO","labeledByUserId":null,"acceptedByUserId":null,"rejectedByUserId":null,"layer":0,"counter":0,"status":"LABELED","hashCode":"SPAN:eS2knCRgLegeRw8bcmSWA:0:1:0:22:0:1:0:23:11:0:undefined:undefined","labelName":"eS2knCRgLegeRw8bcmSWA","labelItem":{"id":"eS2knCRgLegeRw8bcmSWA","labelName":"Skill"},"textPosition":{"start":{"row":1,"column":0,"tokenIndex":22,"charIndex":0},"end":{"row":1,"column":0,"tokenIndex":23,"charIndex":11}},"confidenceScore":null},{"id":"1663377540","labeledBy":"AUTO","labeledByUserId":null,"acceptedByUserId":null,"rejectedByUserId":null,"layer":0,"counter":0,"status":"LABELED","hashCode":"SPAN:eS2knCRgLegeRw8bcmSWA:0:2:0:0:0:2:0:0:10:0:undefined:undefined","labelName":"eS2knCRgLegeRw8bcmSWA","labelItem":{"id":"eS2knCRgLegeRw8bcmSWA","labelName":"Skill"},"textPosition":{"start":{"row":2,"column":0,"tokenIndex":0,"charIndex":0},"end":{"row":2,"column":0,"tokenIndex":0,"charIndex":10}},"confidenceScore":null},{"id":"1663377543","labeledBy":"AUTO","labeledByUserId":null,"acceptedByUserId":null,"rejectedByUserId":null,"layer":0,"counter":0,"status":"LABELED","hashCode":"SPAN:eS2knCRgLegeRw8bcmSWA:0:2:0:1:0:2:0:1:8:0:undefined:undefined","labelName":"eS2knCRgLegeRw8bcmSWA","labelItem":{"id":"eS2knCRgLegeRw8bcmSWA","labelName":"Skill"},"textPosition":{"start":{"row":2,"column":0,"tokenIndex":1,"charIndex":0},"end":{"row":2,"column":0,"tokenIndex":1,"charIndex":8}},"confidenceScore":null},{"id":"1663377546","labeledBy":"AUTO","labeledByUserId":null,"acceptedByUserId":null,"rejectedByUserId":null,"layer":0,"counter":0,"status":"LABELED","hashCode":"SPAN:eS2knCRgLegeRw8bcmSWA:0:2:0:2:0:2:0:2:5:0:undefined:undefined","labelName":"eS2knCRgLegeRw8bcmSWA","labelItem":{"id":"eS2knCRgLegeRw8bcmSWA","labelName":"Skill"},"textPosition":{"start":{"row":2,"column":0,"tokenIndex":2,"charIndex":0},"end":{"row":2,"column":0,"tokenIndex":2,"charIndex":5}},"confidenceScore":null},{"id":"1663377549","labeledBy":"AUTO","labeledByUserId":null,"acceptedByUserId":null,"rejectedByUserId":null,"layer":0,"counter":0,"status":"LABELED","hashCode":"SPAN:eS2knCRgLegeRw8bcmSWA:0:3:0:0:0:3:0:0:13:0:undefined:undefined","labelName":"eS2knCRgLegeRw8bcmSWA","labelItem":{"id":"eS2knCRgLegeRw8bcmSWA","labelName":"Skill"},"textPosition":{"start":{"row":3,"column":0,"tokenIndex":0,"charIndex":0},"end":{"row":3,"column":0,"tokenIndex":0,"charIndex":13}},"confidenceScore":null},{"id":"1663377552","labeledBy":"AUTO","labeledByUserId":null,"acceptedByUserId":null,"rejectedByUserId":null,"layer":0,"counter":0,"status":"LABELED","hashCode":"SPAN:eS2knCRgLegeRw8bcmSWA:0:3:0:3:0:3:0:3:6:0:undefined:undefined","labelName":"eS2knCRgLegeRw8bcmSWA","labelItem":{"id":"eS2knCRgLegeRw8bcmSWA","labelName":"Skill"},"textPosition":{"start":{"row":3,"column":0,"tokenIndex":3,"charIndex":0},"end":{"row":3,"column":0,"tokenIndex":3,"charIndex":6}},"confidenceScore":null},{"id":"1663377562","labeledBy":"AUTO","labeledByUserId":null,"acceptedByUserId":null,"rejectedByUserId":null,"layer":0,"counter":0,"status":"LABELED","hashCode":"SPAN:eS2knCRgLegeRw8bcmSWA:0:4:0:1:0:4:0:3:9:0:undefined:undefined","labelName":"eS2knCRgLegeRw8bcmSWA","labelItem":{"id":"eS2knCRgLegeRw8bcmSWA","labelName":"Skill"},"textPosition":{"start":{"row":4,"column":0,"tokenIndex":1,"charIndex":0},"end":{"row":4,"column":0,"tokenIndex":3,"charIndex":9}},"confidenceScore":null},{"id":"1663377565","labeledBy":"AUTO","labeledByUserId":null,"acceptedByUserId":null,"rejectedByUserId":null,"layer":0,"counter":0,"status":"LABELED","hashCode":"SPAN:eS2knCRgLegeRw8bcmSWA:0:4:0:4:0:4:0:5:4:0:undefined:undefined","labelName":"eS2knCRgLegeRw8bcmSWA","labelItem":{"id":"eS2knCRgLegeRw8bcmSWA","labelName":"Skill"},"textPosition":{"start":{"row":4,"column":0,"tokenIndex":4,"charIndex":0},"end":{"row":4,"column":0,"tokenIndex":5,"charIndex":4}},"confidenceScore":null},{"id":"1663377568","labeledBy":"AUTO","labeledByUserId":null,"acceptedByUserId":null,"rejectedByUserId":null,"layer":0,"counter":0,"status":"LABELED","hashCode":"SPAN:eS2knCRgLegeRw8bcmSWA:0:4:0:6:0:4:0:14:3:0:undefined:undefined","labelName":"eS2knCRgLegeRw8bcmSWA","labelItem":{"id":"eS2knCRgLegeRw8bcmSWA","labelName":"Skill"},"textPosition":{"start":{"row":4,"column":0,"tokenIndex":6,"charIndex":0},"end":{"row":4,"column":0,"tokenIndex":14,"charIndex":3}},"confidenceScore":null},{"id":"1663377571","labeledBy":"AUTO","labeledByUserId":null,"acceptedByUserId":null,"rejectedByUserId":null,"layer":0,"counter":0,"status":"LABELED","hashCode":"SPAN:eS2knCRgLegeRw8bcmSWA:0:4:0:15:0:4:0:22:6:0:undefined:undefined","labelName":"eS2knCRgLegeRw8bcmSWA","labelItem":{"id":"eS2knCRgLegeRw8bcmSWA","labelName":"Skill"},"textPosition":{"start":{"row":4,"column":0,"tokenIndex":15,"charIndex":0},"end":{"row":4,"column":0,"tokenIndex":22,"charIndex":6}},"confidenceScore":null},{"id":"1663377574","labeledBy":"AUTO","labeledByUserId":null,"acceptedByUserId":null,"rejectedByUserId":null,"layer":0,"counter":0,"status":"LABELED","hashCode":"SPAN:eS2knCRgLegeRw8bcmSWA:0:4:0:34:0:4:0:35:12:0:undefined:undefined","labelName":"eS2knCRgLegeRw8bcmSWA","labelItem":{"id":"eS2knCRgLegeRw8bcmSWA","labelName":"Skill"},"textPosition":{"start":{"row":4,"column":0,"tokenIndex":34,"charIndex":0},"end":{"row":4,"column":0,"tokenIndex":35,"charIndex":12}},"confidenceScore":null},{"id":"1663377577","labeledBy":"AUTO","labeledByUserId":null,"acceptedByUserId":null,"rejectedByUserId":null,"layer":0,"counter":0,"status":"LABELED","hashCode":"SPAN:eS2knCRgLegeRw8bcmSWA:0:4:0:38:0:4:0:38:5:0:undefined:undefined","labelName":"eS2knCRgLegeRw8bcmSWA","labelItem":{"id":"eS2knCRgLegeRw8bcmSWA","labelName":"Skill"},"textPosition":{"start":{"row":4,"column":0,"tokenIndex":38,"charIndex":0},"end":{"row":4,"column":0,"tokenIndex":38,"charIndex":5}},"confidenceScore":null},{"id":"1663377622","labeledBy":"AUTO","labeledByUserId":null,"acceptedByUserId":null,"rejectedByUserId":null,"layer":0,"counter":0,"status":"LABELED","hashCode":"SPAN:eS2knCRgLegeRw8bcmSWA:0:4:0:40:0:4:0:43:7:0:undefined:undefined","labelName":"eS2knCRgLegeRw8bcmSWA","labelItem":{"id":"eS2knCRgLegeRw8bcmSWA","labelName":"Skill"},"textPosition":{"start":{"row":4,"column":0,"tokenIndex":40,"charIndex":0},"end":{"row":4,"column":0,"tokenIndex":43,"charIndex":7}},"confidenceScore":null},{"id":"1663377667","labeledBy":"AUTO","labeledByUserId":null,"acceptedByUserId":null,"rejectedByUserId":null,"layer":0,"counter":0,"status":"LABELED","hashCode":"SPAN:eS2knCRgLegeRw8bcmSWA:0:4:0:44:0:4:0:45:7:0:undefined:undefined","labelName":"eS2knCRgLegeRw8bcmSWA","labelItem":{"id":"eS2knCRgLegeRw8bcmSWA","labelName":"Skill"},"textPosition":{"start":{"row":4,"column":0,"tokenIndex":44,"charIndex":0},"end":{"row":4,"column":0,"tokenIndex":45,"charIndex":7}},"confidenceScore":null},{"id":"1663377673","labeledBy":"AUTO","labeledByUserId":null,"acceptedByUserId":null,"rejectedByUserId":null,"layer":0,"counter":0,"status":"LABELED","hashCode":"SPAN:eS2knCRgLegeRw8bcmSWA:0:4:0:59:0:4:0:60:10:0:undefined:undefined","labelName":"eS2knCRgLegeRw8bcmSWA","labelItem":{"id":"eS2knCRgLegeRw8bcmSWA","labelName":"Skill"},"textPosition":{"start":{"row":4,"column":0,"tokenIndex":59,"charIndex":0},"end":{"row":4,"column":0,"tokenIndex":60,"charIndex":10}},"confidenceScore":null},{"id":"1663377676","labeledBy":"AUTO","labeledByUserId":null,"acceptedByUserId":null,"rejectedByUserId":null,"layer":0,"counter":0,"status":"LABELED","hashCode":"SPAN:eS2knCRgLegeRw8bcmSWA:0:4:0:61:0:4:0:61:7:0:undefined:undefined","labelName":"eS2knCRgLegeRw8bcmSWA","labelItem":{"id":"eS2knCRgLegeRw8bcmSWA","labelName":"Skill"},"textPosition":{"start":{"row":4,"column":0,"tokenIndex":61,"charIndex":0},"end":{"row":4,"column":0,"tokenIndex":61,"charIndex":7}},"confidenceScore":null},{"id":"1663377679","labeledBy":"AUTO","labeledByUserId":null,"acceptedByUserId":null,"rejectedByUserId":null,"layer":0,"counter":0,"status":"LABELED","hashCode":"SPAN:eS2knCRgLegeRw8bcmSWA:0:4:0:63:0:4:0:63:10:0:undefined:undefined","labelName":"eS2knCRgLegeRw8bcmSWA","labelItem":{"id":"eS2knCRgLegeRw8bcmSWA","labelName":"Skill"},"textPosition":{"start":{"row":4,"column":0,"tokenIndex":63,"charIndex":0},"end":{"row":4,"column":0,"tokenIndex":63,"charIndex":10}},"confidenceScore":null},{"id":"1663377702","labeledBy":"AUTO","labeledByUserId":null,"acceptedByUserId":null,"rejectedByUserId":null,"layer":0,"counter":0,"status":"LABELED","hashCode":"SPAN:eS2knCRgLegeRw8bcmSWA:0:4:0:65:0:4:0:66:5:0:undefined:undefined","labelName":"eS2knCRgLegeRw8bcmSWA","labelItem":{"id":"eS2knCRgLegeRw8bcmSWA","labelName":"Skill"},"textPosition":{"start":{"row":4,"column":0,"tokenIndex":65,"charIndex":0},"end":{"row":4,"column":0,"tokenIndex":66,"charIndex":5}},"confidenceScore":null},{"id":"1663377722","labeledBy":"AUTO","labeledByUserId":null,"acceptedByUserId":null,"rejectedByUserId":null,"layer":0,"counter":0,"status":"LABELED","hashCode":"SPAN:eS2knCRgLegeRw8bcmSWA:0:4:0:67:0:4:0:68:8:0:undefined:undefined","labelName":"eS2knCRgLegeRw8bcmSWA","labelItem":{"id":"eS2knCRgLegeRw8bcmSWA","labelName":"Skill"},"textPosition":{"start":{"row":4,"column":0,"tokenIndex":67,"charIndex":0},"end":{"row":4,"column":0,"tokenIndex":68,"charIndex":8}},"confidenceScore":null},{"id":"1663377725","labeledBy":"AUTO","labeledByUserId":null,"acceptedByUserId":null,"rejectedByUserId":null,"layer":0,"counter":0,"status":"LABELED","hashCode":"SPAN:eS2knCRgLegeRw8bcmSWA:0:4:0:69:0:4:0:70:9:0:undefined:undefined","labelName":"eS2knCRgLegeRw8bcmSWA","labelItem":{"id":"eS2knCRgLegeRw8bcmSWA","labelName":"Skill"},"textPosition":{"start":{"row":4,"column":0,"tokenIndex":69,"charIndex":0},"end":{"row":4,"column":0,"tokenIndex":70,"charIndex":9}},"confidenceScore":null},{"id":"1663377728","labeledBy":"AUTO","labeledByUserId":null,"acceptedByUserId":null,"rejectedByUserId":null,"layer":0,"counter":0,"status":"LABELED","hashCode":"SPAN:eS2knCRgLegeRw8bcmSWA:0:4:0:71:0:4:0:71:8:0:undefined:undefined","labelName":"eS2knCRgLegeRw8bcmSWA","labelItem":{"id":"eS2knCRgLegeRw8bcmSWA","labelName":"Skill"},"textPosition":{"start":{"row":4,"column":0,"tokenIndex":71,"charIndex":0},"end":{"row":4,"column":0,"tokenIndex":71,"charIndex":8}},"confidenceScore":null},{"id":"1663377731","labeledBy":"AUTO","labeledByUserId":null,"acceptedByUserId":null,"rejectedByUserId":null,"layer":0,"counter":0,"status":"LABELED","hashCode":"SPAN:eS2knCRgLegeRw8bcmSWA:0:4:0:72:0:4:0:73:7:0:undefined:undefined","labelName":"eS2knCRgLegeRw8bcmSWA","labelItem":{"id":"eS2knCRgLegeRw8bcmSWA","labelName":"Skill"},"textPosition":{"start":{"row":4,"column":0,"tokenIndex":72,"charIndex":0},"end":{"row":4,"column":0,"tokenIndex":73,"charIndex":7}},"confidenceScore":null},{"id":"1663377734","labeledBy":"AUTO","labeledByUserId":null,"acceptedByUserId":null,"rejectedByUserId":null,"layer":0,"counter":0,"status":"LABELED","hashCode":"SPAN:eS2knCRgLegeRw8bcmSWA:0:4:0:74:0:4:0:74:14:0:undefined:undefined","labelName":"eS2knCRgLegeRw8bcmSWA","labelItem":{"id":"eS2knCRgLegeRw8bcmSWA","labelName":"Skill"},"textPosition":{"start":{"row":4,"column":0,"tokenIndex":74,"charIndex":0},"end":{"row":4,"column":0,"tokenIndex":74,"charIndex":14}},"confidenceScore":null},{"id":"1663377737","labeledBy":"AUTO","labeledByUserId":null,"acceptedByUserId":null,"rejectedByUserId":null,"layer":0,"counter":0,"status":"LABELED","hashCode":"SPAN:eS2knCRgLegeRw8bcmSWA:0:4:0:75:0:4:0:76:9:0:undefined:undefined","labelName":"eS2knCRgLegeRw8bcmSWA","labelItem":{"id":"eS2knCRgLegeRw8bcmSWA","labelName":"Skill"},"textPosition":{"start":{"row":4,"column":0,"tokenIndex":75,"charIndex":0},"end":{"row":4,"column":0,"tokenIndex":76,"charIndex":9}},"confidenceScore":null},{"id":"1663377740","labeledBy":"AUTO","labeledByUserId":null,"acceptedByUserId":null,"rejectedByUserId":null,"layer":0,"counter":0,"status":"LABELED","hashCode":"SPAN:eS2knCRgLegeRw8bcmSWA:0:4:0:77:0:4:0:77:12:0:undefined:undefined","labelName":"eS2knCRgLegeRw8bcmSWA","labelItem":{"id":"eS2knCRgLegeRw8bcmSWA","labelName":"Skill"},"textPosition":{"start":{"row":4,"column":0,"tokenIndex":77,"charIndex":0},"end":{"row":4,"column":0,"tokenIndex":77,"charIndex":12}},"confidenceScore":null},{"id":"1663377743","labeledBy":"AUTO","labeledByUserId":null,"acceptedByUserId":null,"rejectedByUserId":null,"layer":0,"counter":0,"status":"LABELED","hashCode":"SPAN:eS2knCRgLegeRw8bcmSWA:0:4:0:79:0:4:0:80:4:0:undefined:undefined","labelName":"eS2knCRgLegeRw8bcmSWA","labelItem":{"id":"eS2knCRgLegeRw8bcmSWA","labelName":"Skill"},"textPosition":{"start":{"row":4,"column":0,"tokenIndex":79,"charIndex":0},"end":{"row":4,"column":0,"tokenIndex":80,"charIndex":4}},"confidenceScore":null},{"id":"1663377746","labeledBy":"AUTO","labeledByUserId":null,"acceptedByUserId":null,"rejectedByUserId":null,"layer":0,"counter":0,"status":"LABELED","hashCode":"SPAN:eS2knCRgLegeRw8bcmSWA:0:4:0:85:0:4:0:86:9:0:undefined:undefined","labelName":"eS2knCRgLegeRw8bcmSWA","labelItem":{"id":"eS2knCRgLegeRw8bcmSWA","labelName":"Skill"},"textPosition":{"start":{"row":4,"column":0,"tokenIndex":85,"charIndex":0},"end":{"row":4,"column":0,"tokenIndex":86,"charIndex":9}},"confidenceScore":null},{"id":"1663377749","labeledBy":"AUTO","labeledByUserId":null,"acceptedByUserId":null,"rejectedByUserId":null,"layer":0,"counter":0,"status":"LABELED","hashCode":"SPAN:eS2knCRgLegeRw8bcmSWA:0:4:0:87:0:4:0:88:7:0:undefined:undefined","labelName":"eS2knCRgLegeRw8bcmSWA","labelItem":{"id":"eS2knCRgLegeRw8bcmSWA","labelName":"Skill"},"textPosition":{"start":{"row":4,"column":0,"tokenIndex":87,"charIndex":0},"end":{"row":4,"column":0,"tokenIndex":88,"charIndex":7}},"confidenceScore":null},{"id":"1663377752","labeledBy":"AUTO","labeledByUserId":null,"acceptedByUserId":null,"rejectedByUserId":null,"layer":0,"counter":0,"status":"LABELED","hashCode":"SPAN:eS2knCRgLegeRw8bcmSWA:0:4:0:89:0:4:0:90:9:0:undefined:undefined","labelName":"eS2knCRgLegeRw8bcmSWA","labelItem":{"id":"eS2knCRgLegeRw8bcmSWA","labelName":"Skill"},"textPosition":{"start":{"row":4,"column":0,"tokenIndex":89,"charIndex":0},"end":{"row":4,"column":0,"tokenIndex":90,"charIndex":9}},"confidenceScore":null},{"id":"1663377755","labeledBy":"AUTO","labeledByUserId":null,"acceptedByUserId":null,"rejectedByUserId":null,"layer":0,"counter":0,"status":"LABELED","hashCode":"SPAN:rj7TW0-ymuRo6f_asXJab:0:4:0:92:0:4:0:93:3:0:undefined:undefined","labelName":"rj7TW0-ymuRo6f_asXJab","labelItem":{"id":"rj7TW0-ymuRo6f_asXJab","labelName":"Company Name"},"textPosition":{"start":{"row":4,"column":0,"tokenIndex":92,"charIndex":0},"end":{"row":4,"column":0,"tokenIndex":93,"charIndex":3}},"confidenceScore":null},{"id":"1663377758","labeledBy":"AUTO","labeledByUserId":null,"acceptedByUserId":null,"rejectedByUserId":null,"layer":0,"counter":0,"status":"LABELED","hashCode":"SPAN:1R0C50AAwFbEp2O0WmRv6:0:4:0:94:0:4:0:94:3:0:undefined:undefined","labelName":"1R0C50AAwFbEp2O0WmRv6","labelItem":{"id":"1R0C50AAwFbEp2O0WmRv6","labelName":"Location"},"textPosition":{"start":{"row":4,"column":0,"tokenIndex":94,"charIndex":0},"end":{"row":4,"column":0,"tokenIndex":94,"charIndex":3}},"confidenceScore":null},{"id":"1663377761","labeledBy":"AUTO","labeledByUserId":null,"acceptedByUserId":null,"rejectedByUserId":null,"layer":0,"counter":0,"status":"LABELED","hashCode":"SPAN:1R0C50AAwFbEp2O0WmRv6:0:4:0:96:0:4:0:96:4:0:undefined:undefined","labelName":"1R0C50AAwFbEp2O0WmRv6","labelItem":{"id":"1R0C50AAwFbEp2O0WmRv6","labelName":"Location"},"textPosition":{"start":{"row":4,"column":0,"tokenIndex":96,"charIndex":0},"end":{"row":4,"column":0,"tokenIndex":96,"charIndex":4}},"confidenceScore":null},{"id":"1663377764","labeledBy":"AUTO","labeledByUserId":null,"acceptedByUserId":null,"rejectedByUserId":null,"layer":0,"counter":0,"status":"LABELED","hashCode":"SPAN:SJEkdao76hjwbb6Fh5SY6:0:4:0:97:0:4:0:100:9:0:undefined:undefined","labelName":"SJEkdao76hjwbb6Fh5SY6","labelItem":{"id":"SJEkdao76hjwbb6Fh5SY6","labelName":"Job Title"},"textPosition":{"start":{"row":4,"column":0,"tokenIndex":97,"charIndex":0},"end":{"row":4,"column":0,"tokenIndex":100,"charIndex":9}},"confidenceScore":null},{"id":"1663377770","labeledBy":"AUTO","labeledByUserId":null,"acceptedByUserId":null,"rejectedByUserId":null,"layer":0,"counter":0,"status":"LABELED","hashCode":"SPAN:52S_6moRfhjC-yXgIBeCp:0:4:0:101:0:4:0:101:6:0:undefined:undefined","labelName":"52S_6moRfhjC-yXgIBeCp","labelItem":{"id":"52S_6moRfhjC-yXgIBeCp","labelName":"Date"},"textPosition":{"start":{"row":4,"column":0,"tokenIndex":101,"charIndex":0},"end":{"row":4,"column":0,"tokenIndex":101,"charIndex":6}},"confidenceScore":null},{"id":"1663377773","labeledBy":"AUTO","labeledByUserId":null,"acceptedByUserId":null,"rejectedByUserId":null,"layer":0,"counter":0,"status":"LABELED","hashCode":"SPAN:52S_6moRfhjC-yXgIBeCp:0:4:0:103:0:4:0:103:6:0:undefined:undefined","labelName":"52S_6moRfhjC-yXgIBeCp","labelItem":{"id":"52S_6moRfhjC-yXgIBeCp","labelName":"Date"},"textPosition":{"start":{"row":4,"column":0,"tokenIndex":103,"charIndex":0},"end":{"row":4,"column":0,"tokenIndex":103,"charIndex":6}},"confidenceScore":null},{"id":"1663377788","labeledBy":"AUTO","labeledByUserId":null,"acceptedByUserId":null,"rejectedByUserId":null,"layer":0,"counter":0,"status":"LABELED","hashCode":"SPAN:eS2knCRgLegeRw8bcmSWA:0:5:0:0:0:5:0:0:8:0:undefined:undefined","labelName":"eS2knCRgLegeRw8bcmSWA","labelItem":{"id":"eS2knCRgLegeRw8bcmSWA","labelName":"Skill"},"textPosition":{"start":{"row":5,"column":0,"tokenIndex":0,"charIndex":0},"end":{"row":5,"column":0,"tokenIndex":0,"charIndex":8}},"confidenceScore":null},{"id":"1663377791","labeledBy":"AUTO","labeledByUserId":null,"acceptedByUserId":null,"rejectedByUserId":null,"layer":0,"counter":0,"status":"LABELED","hashCode":"SPAN:eS2knCRgLegeRw8bcmSWA:0:5:0:4:0:5:0:4:9:0:undefined:undefined","labelName":"eS2knCRgLegeRw8bcmSWA","labelItem":{"id":"eS2knCRgLegeRw8bcmSWA","labelName":"Skill"},"textPosition":{"start":{"row":5,"column":0,"tokenIndex":4,"charIndex":0},"end":{"row":5,"column":0,"tokenIndex":4,"charIndex":9}},"confidenceScore":null},{"id":"1663377797","labeledBy":"AUTO","labeledByUserId":null,"acceptedByUserId":null,"rejectedByUserId":null,"layer":0,"counter":0,"status":"LABELED","hashCode":"SPAN:eS2knCRgLegeRw8bcmSWA:0:6:0:7:0:6:0:9:3:0:undefined:undefined","labelName":"eS2knCRgLegeRw8bcmSWA","labelItem":{"id":"eS2knCRgLegeRw8bcmSWA","labelName":"Skill"},"textPosition":{"start":{"row":6,"column":0,"tokenIndex":7,"charIndex":0},"end":{"row":6,"column":0,"tokenIndex":9,"charIndex":3}},"confidenceScore":null},{"id":"1663377803","labeledBy":"AUTO","labeledByUserId":null,"acceptedByUserId":null,"rejectedByUserId":null,"layer":0,"counter":0,"status":"LABELED","hashCode":"SPAN:eS2knCRgLegeRw8bcmSWA:0:7:0:5:0:7:0:8:10:0:undefined:undefined","labelName":"eS2knCRgLegeRw8bcmSWA","labelItem":{"id":"eS2knCRgLegeRw8bcmSWA","labelName":"Skill"},"textPosition":{"start":{"row":7,"column":0,"tokenIndex":5,"charIndex":0},"end":{"row":7,"column":0,"tokenIndex":8,"charIndex":10}},"confidenceScore":null},{"id":"1663377806","labeledBy":"AUTO","labeledByUserId":null,"acceptedByUserId":null,"rejectedByUserId":null,"layer":0,"counter":0,"status":"LABELED","hashCode":"SPAN:eS2knCRgLegeRw8bcmSWA:0:10:0:11:0:10:0:11:6:0:undefined:undefined","labelName":"eS2knCRgLegeRw8bcmSWA","labelItem":{"id":"eS2knCRgLegeRw8bcmSWA","labelName":"Skill"},"textPosition":{"start":{"row":10,"column":0,"tokenIndex":11,"charIndex":0},"end":{"row":10,"column":0,"tokenIndex":11,"charIndex":6}},"confidenceScore":null},{"id":"1663377809","labeledBy":"AUTO","labeledByUserId":null,"acceptedByUserId":null,"rejectedByUserId":null,"layer":0,"counter":0,"status":"LABELED","hashCode":"SPAN:eS2knCRgLegeRw8bcmSWA:0:10:0:13:0:10:0:13:7:0:undefined:undefined","labelName":"eS2knCRgLegeRw8bcmSWA","labelItem":{"id":"eS2knCRgLegeRw8bcmSWA","labelName":"Skill"},"textPosition":{"start":{"row":10,"column":0,"tokenIndex":13,"charIndex":0},"end":{"row":10,"column":0,"tokenIndex":13,"charIndex":7}},"confidenceScore":null},{"id":"1663377812","labeledBy":"AUTO","labeledByUserId":null,"acceptedByUserId":null,"rejectedByUserId":null,"layer":0,"counter":0,"status":"LABELED","hashCode":"SPAN:eS2knCRgLegeRw8bcmSWA:0:11:0:6:0:11:0:7:5:0:undefined:undefined","labelName":"eS2knCRgLegeRw8bcmSWA","labelItem":{"id":"eS2knCRgLegeRw8bcmSWA","labelName":"Skill"},"textPosition":{"start":{"row":11,"column":0,"tokenIndex":6,"charIndex":0},"end":{"row":11,"column":0,"tokenIndex":7,"charIndex":5}},"confidenceScore":null},{"id":"1663377815","labeledBy":"AUTO","labeledByUserId":null,"acceptedByUserId":null,"rejectedByUserId":null,"layer":0,"counter":0,"status":"LABELED","hashCode":"SPAN:eS2knCRgLegeRw8bcmSWA:0:11:0:9:0:11:0:10:10:0:undefined:undefined","labelName":"eS2knCRgLegeRw8bcmSWA","labelItem":{"id":"eS2knCRgLegeRw8bcmSWA","labelName":"Skill"},"textPosition":{"start":{"row":11,"column":0,"tokenIndex":9,"charIndex":0},"end":{"row":11,"column":0,"tokenIndex":10,"charIndex":10}},"confidenceScore":null},{"id":"1663377818","labeledBy":"AUTO","labeledByUserId":null,"acceptedByUserId":null,"rejectedByUserId":null,"layer":0,"counter":0,"status":"LABELED","hashCode":"SPAN:eS2knCRgLegeRw8bcmSWA:0:12:0:1:0:12:0:1:9:0:undefined:undefined","labelName":"eS2knCRgLegeRw8bcmSWA","labelItem":{"id":"eS2knCRgLegeRw8bcmSWA","labelName":"Skill"},"textPosition":{"start":{"row":12,"column":0,"tokenIndex":1,"charIndex":0},"end":{"row":12,"column":0,"tokenIndex":1,"charIndex":9}},"confidenceScore":null},{"id":"1663377821","labeledBy":"AUTO","labeledByUserId":null,"acceptedByUserId":null,"rejectedByUserId":null,"layer":0,"counter":0,"status":"LABELED","hashCode":"SPAN:eS2knCRgLegeRw8bcmSWA:0:12:0:4:0:12:0:4:9:0:undefined:undefined","labelName":"eS2knCRgLegeRw8bcmSWA","labelItem":{"id":"eS2knCRgLegeRw8bcmSWA","labelName":"Skill"},"textPosition":{"start":{"row":12,"column":0,"tokenIndex":4,"charIndex":0},"end":{"row":12,"column":0,"tokenIndex":4,"charIndex":9}},"confidenceScore":null},{"id":"1663377833","labeledBy":"AUTO","labeledByUserId":null,"acceptedByUserId":null,"rejectedByUserId":null,"layer":0,"counter":0,"status":"LABELED","hashCode":"SPAN:eS2knCRgLegeRw8bcmSWA:0:13:0:0:0:13:0:2:3:0:undefined:undefined","labelName":"eS2knCRgLegeRw8bcmSWA","labelItem":{"id":"eS2knCRgLegeRw8bcmSWA","labelName":"Skill"},"textPosition":{"start":{"row":13,"column":0,"tokenIndex":0,"charIndex":0},"end":{"row":13,"column":0,"tokenIndex":2,"charIndex":3}},"confidenceScore":null},{"id":"1663377839","labeledBy":"AUTO","labeledByUserId":null,"acceptedByUserId":null,"rejectedByUserId":null,"layer":0,"counter":0,"status":"LABELED","hashCode":"SPAN:eS2knCRgLegeRw8bcmSWA:0:13:0:7:0:13:0:8:11:0:undefined:undefined","labelName":"eS2knCRgLegeRw8bcmSWA","labelItem":{"id":"eS2knCRgLegeRw8bcmSWA","labelName":"Skill"},"textPosition":{"start":{"row":13,"column":0,"tokenIndex":7,"charIndex":0},"end":{"row":13,"column":0,"tokenIndex":8,"charIndex":11}},"confidenceScore":null},{"id":"1663377842","labeledBy":"AUTO","labeledByUserId":null,"acceptedByUserId":null,"rejectedByUserId":null,"layer":0,"counter":0,"status":"LABELED","hashCode":"SPAN:eS2knCRgLegeRw8bcmSWA:0:13:0:10:0:13:0:11:5:0:undefined:undefined","labelName":"eS2knCRgLegeRw8bcmSWA","labelItem":{"id":"eS2knCRgLegeRw8bcmSWA","labelName":"Skill"},"textPosition":{"start":{"row":13,"column":0,"tokenIndex":10,"charIndex":0},"end":{"row":13,"column":0,"tokenIndex":11,"charIndex":5}},"confidenceScore":null},{"id":"1663377845","labeledBy":"AUTO","labeledByUserId":null,"acceptedByUserId":null,"rejectedByUserId":null,"layer":0,"counter":0,"status":"LABELED","hashCode":"SPAN:eS2knCRgLegeRw8bcmSWA:0:14:0:6:0:14:0:7:7:0:undefined:undefined","labelName":"eS2knCRgLegeRw8bcmSWA","labelItem":{"id":"eS2knCRgLegeRw8bcmSWA","labelName":"Skill"},"textPosition":{"start":{"row":14,"column":0,"tokenIndex":6,"charIndex":0},"end":{"row":14,"column":0,"tokenIndex":7,"charIndex":7}},"confidenceScore":null},{"id":"1663377848","labeledBy":"AUTO","labeledByUserId":null,"acceptedByUserId":null,"rejectedByUserId":null,"layer":0,"counter":0,"status":"LABELED","hashCode":"SPAN:eS2knCRgLegeRw8bcmSWA:0:15:0:0:0:15:0:3:11:0:undefined:undefined","labelName":"eS2knCRgLegeRw8bcmSWA","labelItem":{"id":"eS2knCRgLegeRw8bcmSWA","labelName":"Skill"},"textPosition":{"start":{"row":15,"column":0,"tokenIndex":0,"charIndex":0},"end":{"row":15,"column":0,"tokenIndex":3,"charIndex":11}},"confidenceScore":null},{"id":"1663377851","labeledBy":"AUTO","labeledByUserId":null,"acceptedByUserId":null,"rejectedByUserId":null,"layer":0,"counter":0,"status":"LABELED","hashCode":"SPAN:eS2knCRgLegeRw8bcmSWA:0:15:0:9:0:15:0:10:6:0:undefined:undefined","labelName":"eS2knCRgLegeRw8bcmSWA","labelItem":{"id":"eS2knCRgLegeRw8bcmSWA","labelName":"Skill"},"textPosition":{"start":{"row":15,"column":0,"tokenIndex":9,"charIndex":0},"end":{"row":15,"column":0,"tokenIndex":10,"charIndex":6}},"confidenceScore":null},{"id":"1663377854","labeledBy":"AUTO","labeledByUserId":null,"acceptedByUserId":null,"rejectedByUserId":null,"layer":0,"counter":0,"status":"LABELED","hashCode":"SPAN:eS2knCRgLegeRw8bcmSWA:0:15:0:11:0:15:0:12:4:0:undefined:undefined","labelName":"eS2knCRgLegeRw8bcmSWA","labelItem":{"id":"eS2knCRgLegeRw8bcmSWA","labelName":"Skill"},"textPosition":{"start":{"row":15,"column":0,"tokenIndex":11,"charIndex":0},"end":{"row":15,"column":0,"tokenIndex":12,"charIndex":4}},"confidenceScore":null},{"id":"1663377860","labeledBy":"AUTO","labeledByUserId":null,"acceptedByUserId":null,"rejectedByUserId":null,"layer":0,"counter":0,"status":"LABELED","hashCode":"SPAN:eS2knCRgLegeRw8bcmSWA:0:15:0:14:0:15:0:15:9:0:undefined:undefined","labelName":"eS2knCRgLegeRw8bcmSWA","labelItem":{"id":"eS2knCRgLegeRw8bcmSWA","labelName":"Skill"},"textPosition":{"start":{"row":15,"column":0,"tokenIndex":14,"charIndex":0},"end":{"row":15,"column":0,"tokenIndex":15,"charIndex":9}},"confidenceScore":null},{"id":"1663377863","labeledBy":"AUTO","labeledByUserId":null,"acceptedByUserId":null,"rejectedByUserId":null,"layer":0,"counter":0,"status":"LABELED","hashCode":"SPAN:eS2knCRgLegeRw8bcmSWA:0:16:0:4:0:16:0:4:7:0:undefined:undefined","labelName":"eS2knCRgLegeRw8bcmSWA","labelItem":{"id":"eS2knCRgLegeRw8bcmSWA","labelName":"Skill"},"textPosition":{"start":{"row":16,"column":0,"tokenIndex":4,"charIndex":0},"end":{"row":16,"column":0,"tokenIndex":4,"charIndex":7}},"confidenceScore":null},{"id":"1663377869","labeledBy":"AUTO","labeledByUserId":null,"acceptedByUserId":null,"rejectedByUserId":null,"layer":0,"counter":0,"status":"LABELED","hashCode":"SPAN:eS2knCRgLegeRw8bcmSWA:0:16:0:6:0:16:0:9:6:0:undefined:undefined","labelName":"eS2knCRgLegeRw8bcmSWA","labelItem":{"id":"eS2knCRgLegeRw8bcmSWA","labelName":"Skill"},"textPosition":{"start":{"row":16,"column":0,"tokenIndex":6,"charIndex":0},"end":{"row":16,"column":0,"tokenIndex":9,"charIndex":6}},"confidenceScore":null},{"id":"1663377872","labeledBy":"AUTO","labeledByUserId":null,"acceptedByUserId":null,"rejectedByUserId":null,"layer":0,"counter":0,"status":"LABELED","hashCode":"SPAN:eS2knCRgLegeRw8bcmSWA:0:17:0:11:0:17:0:14:8:0:undefined:undefined","labelName":"eS2knCRgLegeRw8bcmSWA","labelItem":{"id":"eS2knCRgLegeRw8bcmSWA","labelName":"Skill"},"textPosition":{"start":{"row":17,"column":0,"tokenIndex":11,"charIndex":0},"end":{"row":17,"column":0,"tokenIndex":14,"charIndex":8}},"confidenceScore":null},{"id":"1663377875","labeledBy":"AUTO","labeledByUserId":null,"acceptedByUserId":null,"rejectedByUserId":null,"layer":0,"counter":0,"status":"LABELED","hashCode":"SPAN:eS2knCRgLegeRw8bcmSWA:0:19:0:1:0:19:0:1:9:0:undefined:undefined","labelName":"eS2knCRgLegeRw8bcmSWA","labelItem":{"id":"eS2knCRgLegeRw8bcmSWA","labelName":"Skill"},"textPosition":{"start":{"row":19,"column":0,"tokenIndex":1,"charIndex":0},"end":{"row":19,"column":0,"tokenIndex":1,"charIndex":9}},"confidenceScore":null},{"id":"1663377878","labeledBy":"AUTO","labeledByUserId":null,"acceptedByUserId":null,"rejectedByUserId":null,"layer":0,"counter":0,"status":"LABELED","hashCode":"SPAN:eS2knCRgLegeRw8bcmSWA:0:20:0:3:0:20:0:4:6:0:undefined:undefined","labelName":"eS2knCRgLegeRw8bcmSWA","labelItem":{"id":"eS2knCRgLegeRw8bcmSWA","labelName":"Skill"},"textPosition":{"start":{"row":20,"column":0,"tokenIndex":3,"charIndex":0},"end":{"row":20,"column":0,"tokenIndex":4,"charIndex":6}},"confidenceScore":null},{"id":"1663377997","labeledBy":"AUTO","labeledByUserId":null,"acceptedByUserId":null,"rejectedByUserId":null,"layer":0,"counter":0,"status":"LABELED","hashCode":"SPAN:eS2knCRgLegeRw8bcmSWA:0:20:0:6:0:20:0:7:6:0:undefined:undefined","labelName":"eS2knCRgLegeRw8bcmSWA","labelItem":{"id":"eS2knCRgLegeRw8bcmSWA","labelName":"Skill"},"textPosition":{"start":{"row":20,"column":0,"tokenIndex":6,"charIndex":0},"end":{"row":20,"column":0,"tokenIndex":7,"charIndex":6}},"confidenceScore":null},{"id":"1663378000","labeledBy":"AUTO","labeledByUserId":null,"acceptedByUserId":null,"rejectedByUserId":null,"layer":0,"counter":0,"status":"LABELED","hashCode":"SPAN:eS2knCRgLegeRw8bcmSWA:0:21:0:7:0:21:0:7:10:0:undefined:undefined","labelName":"eS2knCRgLegeRw8bcmSWA","labelItem":{"id":"eS2knCRgLegeRw8bcmSWA","labelName":"Skill"},"textPosition":{"start":{"row":21,"column":0,"tokenIndex":7,"charIndex":0},"end":{"row":21,"column":0,"tokenIndex":7,"charIndex":10}},"confidenceScore":null},{"id":"1663378003","labeledBy":"AUTO","labeledByUserId":null,"acceptedByUserId":null,"rejectedByUserId":null,"layer":0,"counter":0,"status":"LABELED","hashCode":"SPAN:eS2knCRgLegeRw8bcmSWA:0:21:0:12:0:21:0:13:8:0:undefined:undefined","labelName":"eS2knCRgLegeRw8bcmSWA","labelItem":{"id":"eS2knCRgLegeRw8bcmSWA","labelName":"Skill"},"textPosition":{"start":{"row":21,"column":0,"tokenIndex":12,"charIndex":0},"end":{"row":21,"column":0,"tokenIndex":13,"charIndex":8}},"confidenceScore":null},{"id":"1663378006","labeledBy":"AUTO","labeledByUserId":null,"acceptedByUserId":null,"rejectedByUserId":null,"layer":0,"counter":0,"status":"LABELED","hashCode":"SPAN:eS2knCRgLegeRw8bcmSWA:0:22:0:8:0:22:0:11:7:0:undefined:undefined","labelName":"eS2knCRgLegeRw8bcmSWA","labelItem":{"id":"eS2knCRgLegeRw8bcmSWA","labelName":"Skill"},"textPosition":{"start":{"row":22,"column":0,"tokenIndex":8,"charIndex":0},"end":{"row":22,"column":0,"tokenIndex":11,"charIndex":7}},"confidenceScore":null},{"id":"1663378009","labeledBy":"AUTO","labeledByUserId":null,"acceptedByUserId":null,"rejectedByUserId":null,"layer":0,"counter":0,"status":"LABELED","hashCode":"SPAN:rj7TW0-ymuRo6f_asXJab:0:25:0:0:0:25:0:1:3:0:undefined:undefined","labelName":"rj7TW0-ymuRo6f_asXJab","labelItem":{"id":"rj7TW0-ymuRo6f_asXJab","labelName":"Company Name"},"textPosition":{"start":{"row":25,"column":0,"tokenIndex":0,"charIndex":0},"end":{"row":25,"column":0,"tokenIndex":1,"charIndex":3}},"confidenceScore":null},{"id":"1663378012","labeledBy":"AUTO","labeledByUserId":null,"acceptedByUserId":null,"rejectedByUserId":null,"layer":0,"counter":0,"status":"LABELED","hashCode":"SPAN:1R0C50AAwFbEp2O0WmRv6:0:25:0:2:0:25:0:2:3:0:undefined:undefined","labelName":"1R0C50AAwFbEp2O0WmRv6","labelItem":{"id":"1R0C50AAwFbEp2O0WmRv6","labelName":"Location"},"textPosition":{"start":{"row":25,"column":0,"tokenIndex":2,"charIndex":0},"end":{"row":25,"column":0,"tokenIndex":2,"charIndex":3}},"confidenceScore":null},{"id":"1663378015","labeledBy":"AUTO","labeledByUserId":null,"acceptedByUserId":null,"rejectedByUserId":null,"layer":0,"counter":0,"status":"LABELED","hashCode":"SPAN:1R0C50AAwFbEp2O0WmRv6:0:25:0:4:0:25:0:4:4:0:undefined:undefined","labelName":"1R0C50AAwFbEp2O0WmRv6","labelItem":{"id":"1R0C50AAwFbEp2O0WmRv6","labelName":"Location"},"textPosition":{"start":{"row":25,"column":0,"tokenIndex":4,"charIndex":0},"end":{"row":25,"column":0,"tokenIndex":4,"charIndex":4}},"confidenceScore":null},{"id":"1663378018","labeledBy":"AUTO","labeledByUserId":null,"acceptedByUserId":null,"rejectedByUserId":null,"layer":0,"counter":0,"status":"LABELED","hashCode":"SPAN:SJEkdao76hjwbb6Fh5SY6:0:25:0:5:0:25:0:5:12:0:undefined:undefined","labelName":"SJEkdao76hjwbb6Fh5SY6","labelItem":{"id":"SJEkdao76hjwbb6Fh5SY6","labelName":"Job Title"},"textPosition":{"start":{"row":25,"column":0,"tokenIndex":5,"charIndex":0},"end":{"row":25,"column":0,"tokenIndex":5,"charIndex":12}},"confidenceScore":null},{"id":"1663378021","labeledBy":"AUTO","labeledByUserId":null,"acceptedByUserId":null,"rejectedByUserId":null,"layer":0,"counter":0,"status":"LABELED","hashCode":"SPAN:52S_6moRfhjC-yXgIBeCp:0:25:0:6:0:25:0:6:6:0:undefined:undefined","labelName":"52S_6moRfhjC-yXgIBeCp","labelItem":{"id":"52S_6moRfhjC-yXgIBeCp","labelName":"Date"},"textPosition":{"start":{"row":25,"column":0,"tokenIndex":6,"charIndex":0},"end":{"row":25,"column":0,"tokenIndex":6,"charIndex":6}},"confidenceScore":null},{"id":"1663378024","labeledBy":"AUTO","labeledByUserId":null,"acceptedByUserId":null,"rejectedByUserId":null,"layer":0,"counter":0,"status":"LABELED","hashCode":"SPAN:52S_6moRfhjC-yXgIBeCp:0:25:0:8:0:25:0:8:6:0:undefined:undefined","labelName":"52S_6moRfhjC-yXgIBeCp","labelItem":{"id":"52S_6moRfhjC-yXgIBeCp","labelName":"Date"},"textPosition":{"start":{"row":25,"column":0,"tokenIndex":8,"charIndex":0},"end":{"row":25,"column":0,"tokenIndex":8,"charIndex":6}},"confidenceScore":null},{"id":"1663378027","labeledBy":"AUTO","labeledByUserId":null,"acceptedByUserId":null,"rejectedByUserId":null,"layer":0,"counter":0,"status":"LABELED","hashCode":"SPAN:eS2knCRgLegeRw8bcmSWA:0:27:0:0:0:27:0:1:12:0:undefined:undefined","labelName":"eS2knCRgLegeRw8bcmSWA","labelItem":{"id":"eS2knCRgLegeRw8bcmSWA","labelName":"Skill"},"textPosition":{"start":{"row":27,"column":0,"tokenIndex":0,"charIndex":0},"end":{"row":27,"column":0,"tokenIndex":1,"charIndex":12}},"confidenceScore":null},{"id":"1663378030","labeledBy":"AUTO","labeledByUserId":null,"acceptedByUserId":null,"rejectedByUserId":null,"layer":0,"counter":0,"status":"LABELED","hashCode":"SPAN:eS2knCRgLegeRw8bcmSWA:0:28:0:23:0:28:0:23:9:0:undefined:undefined","labelName":"eS2knCRgLegeRw8bcmSWA","labelItem":{"id":"eS2knCRgLegeRw8bcmSWA","labelName":"Skill"},"textPosition":{"start":{"row":28,"column":0,"tokenIndex":23,"charIndex":0},"end":{"row":28,"column":0,"tokenIndex":23,"charIndex":9}},"confidenceScore":null},{"id":"1663378033","labeledBy":"AUTO","labeledByUserId":null,"acceptedByUserId":null,"rejectedByUserId":null,"layer":0,"counter":0,"status":"LABELED","hashCode":"SPAN:eS2knCRgLegeRw8bcmSWA:0:30:0:0:0:30:0:1:6:0:undefined:undefined","labelName":"eS2knCRgLegeRw8bcmSWA","labelItem":{"id":"eS2knCRgLegeRw8bcmSWA","labelName":"Skill"},"textPosition":{"start":{"row":30,"column":0,"tokenIndex":0,"charIndex":0},"end":{"row":30,"column":0,"tokenIndex":1,"charIndex":6}},"confidenceScore":null},{"id":"1663378036","labeledBy":"AUTO","labeledByUserId":null,"acceptedByUserId":null,"rejectedByUserId":null,"layer":0,"counter":0,"status":"LABELED","hashCode":"SPAN:eS2knCRgLegeRw8bcmSWA:0:30:0:2:0:30:0:4:3:0:undefined:undefined","labelName":"eS2knCRgLegeRw8bcmSWA","labelItem":{"id":"eS2knCRgLegeRw8bcmSWA","labelName":"Skill"},"textPosition":{"start":{"row":30,"column":0,"tokenIndex":2,"charIndex":0},"end":{"row":30,"column":0,"tokenIndex":4,"charIndex":3}},"confidenceScore":null},{"id":"1663378039","labeledBy":"AUTO","labeledByUserId":null,"acceptedByUserId":null,"rejectedByUserId":null,"layer":0,"counter":0,"status":"LABELED","hashCode":"SPAN:eS2knCRgLegeRw8bcmSWA:0:30:0:5:0:30:0:8:6:0:undefined:undefined","labelName":"eS2knCRgLegeRw8bcmSWA","labelItem":{"id":"eS2knCRgLegeRw8bcmSWA","labelName":"Skill"},"textPosition":{"start":{"row":30,"column":0,"tokenIndex":5,"charIndex":0},"end":{"row":30,"column":0,"tokenIndex":8,"charIndex":6}},"confidenceScore":null},{"id":"1663378046","labeledBy":"AUTO","labeledByUserId":null,"acceptedByUserId":null,"rejectedByUserId":null,"layer":0,"counter":0,"status":"LABELED","hashCode":"SPAN:eS2knCRgLegeRw8bcmSWA:0:30:0:12:0:30:0:16:5:0:undefined:undefined","labelName":"eS2knCRgLegeRw8bcmSWA","labelItem":{"id":"eS2knCRgLegeRw8bcmSWA","labelName":"Skill"},"textPosition":{"start":{"row":30,"column":0,"tokenIndex":12,"charIndex":0},"end":{"row":30,"column":0,"tokenIndex":16,"charIndex":5}},"confidenceScore":null},{"id":"1663378051","labeledBy":"AUTO","labeledByUserId":null,"acceptedByUserId":null,"rejectedByUserId":null,"layer":0,"counter":0,"status":"LABELED","hashCode":"SPAN:eS2knCRgLegeRw8bcmSWA:0:32:0:0:0:32:0:0:7:0:undefined:undefined","labelName":"eS2knCRgLegeRw8bcmSWA","labelItem":{"id":"eS2knCRgLegeRw8bcmSWA","labelName":"Skill"},"textPosition":{"start":{"row":32,"column":0,"tokenIndex":0,"charIndex":0},"end":{"row":32,"column":0,"tokenIndex":0,"charIndex":7}},"confidenceScore":null},{"id":"1663378054","labeledBy":"AUTO","labeledByUserId":null,"acceptedByUserId":null,"rejectedByUserId":null,"layer":0,"counter":0,"status":"LABELED","hashCode":"SPAN:eS2knCRgLegeRw8bcmSWA:0:32:0:1:0:32:0:1:10:0:undefined:undefined","labelName":"eS2knCRgLegeRw8bcmSWA","labelItem":{"id":"eS2knCRgLegeRw8bcmSWA","labelName":"Skill"},"textPosition":{"start":{"row":32,"column":0,"tokenIndex":1,"charIndex":0},"end":{"row":32,"column":0,"tokenIndex":1,"charIndex":10}},"confidenceScore":null},{"id":"1663378057","labeledBy":"AUTO","labeledByUserId":null,"acceptedByUserId":null,"rejectedByUserId":null,"layer":0,"counter":0,"status":"LABELED","hashCode":"SPAN:eS2knCRgLegeRw8bcmSWA:0:32:0:7:0:32:0:7:5:0:undefined:undefined","labelName":"eS2knCRgLegeRw8bcmSWA","labelItem":{"id":"eS2knCRgLegeRw8bcmSWA","labelName":"Skill"},"textPosition":{"start":{"row":32,"column":0,"tokenIndex":7,"charIndex":0},"end":{"row":32,"column":0,"tokenIndex":7,"charIndex":5}},"confidenceScore":null},{"id":"1663378060","labeledBy":"AUTO","labeledByUserId":null,"acceptedByUserId":null,"rejectedByUserId":null,"layer":0,"counter":0,"status":"LABELED","hashCode":"SPAN:eS2knCRgLegeRw8bcmSWA:0:32:0:8:0:32:0:10:2:0:undefined:undefined","labelName":"eS2knCRgLegeRw8bcmSWA","labelItem":{"id":"eS2knCRgLegeRw8bcmSWA","labelName":"Skill"},"textPosition":{"start":{"row":32,"column":0,"tokenIndex":8,"charIndex":0},"end":{"row":32,"column":0,"tokenIndex":10,"charIndex":2}},"confidenceScore":null},{"id":"1663378063","labeledBy":"AUTO","labeledByUserId":null,"acceptedByUserId":null,"rejectedByUserId":null,"layer":0,"counter":0,"status":"LABELED","hashCode":"SPAN:eS2knCRgLegeRw8bcmSWA:0:32:0:11:0:32:0:12:9:0:undefined:undefined","labelName":"eS2knCRgLegeRw8bcmSWA","labelItem":{"id":"eS2knCRgLegeRw8bcmSWA","labelName":"Skill"},"textPosition":{"start":{"row":32,"column":0,"tokenIndex":11,"charIndex":0},"end":{"row":32,"column":0,"tokenIndex":12,"charIndex":9}},"confidenceScore":null},{"id":"1663378066","labeledBy":"AUTO","labeledByUserId":null,"acceptedByUserId":null,"rejectedByUserId":null,"layer":0,"counter":0,"status":"LABELED","hashCode":"SPAN:IeEoIKabMl51BJE0gX2YL:0:34:0:3:0:34:0:5:6:0:undefined:undefined","labelName":"IeEoIKabMl51BJE0gX2YL","labelItem":{"id":"IeEoIKabMl51BJE0gX2YL","labelName":"Degree"},"textPosition":{"start":{"row":34,"column":0,"tokenIndex":3,"charIndex":0},"end":{"row":34,"column":0,"tokenIndex":5,"charIndex":6}},"confidenceScore":null},{"id":"1663378069","labeledBy":"AUTO","labeledByUserId":null,"acceptedByUserId":null,"rejectedByUserId":null,"layer":0,"counter":0,"status":"LABELED","hashCode":"SPAN:BjO8MdvK2KI4E5iMEeY4B:0:34:0:6:0:34:0:6:6:0:undefined:undefined","labelName":"BjO8MdvK2KI4E5iMEeY4B","labelItem":{"id":"BjO8MdvK2KI4E5iMEeY4B","labelName":"Graduation Year"},"textPosition":{"start":{"row":34,"column":0,"tokenIndex":6,"charIndex":0},"end":{"row":34,"column":0,"tokenIndex":6,"charIndex":6}},"confidenceScore":null},{"id":"1663378072","labeledBy":"AUTO","labeledByUserId":null,"acceptedByUserId":null,"rejectedByUserId":null,"layer":0,"counter":0,"status":"LABELED","hashCode":"SPAN:Kj5U6n9NUqTXuWcB3c_7L:0:34:0:7:0:34:0:8:3:0:undefined:undefined","labelName":"Kj5U6n9NUqTXuWcB3c_7L","labelItem":{"id":"Kj5U6n9NUqTXuWcB3c_7L","labelName":"College"},"textPosition":{"start":{"row":34,"column":0,"tokenIndex":7,"charIndex":0},"end":{"row":34,"column":0,"tokenIndex":8,"charIndex":3}},"confidenceScore":null},{"id":"1663378078","labeledBy":"AUTO","labeledByUserId":null,"acceptedByUserId":null,"rejectedByUserId":null,"layer":0,"counter":0,"status":"LABELED","hashCode":"SPAN:1R0C50AAwFbEp2O0WmRv6:0:34:0:10:0:34:0:10:3:0:undefined:undefined","labelName":"1R0C50AAwFbEp2O0WmRv6","labelItem":{"id":"1R0C50AAwFbEp2O0WmRv6","labelName":"Location"},"textPosition":{"start":{"row":34,"column":0,"tokenIndex":10,"charIndex":0},"end":{"row":34,"column":0,"tokenIndex":10,"charIndex":3}},"confidenceScore":null},{"id":"1663378084","labeledBy":"AUTO","labeledByUserId":null,"acceptedByUserId":null,"rejectedByUserId":null,"layer":0,"counter":0,"status":"LABELED","hashCode":"SPAN:Kj5U6n9NUqTXuWcB3c_7L:0:34:0:11:0:34:0:14:6:0:undefined:undefined","labelName":"Kj5U6n9NUqTXuWcB3c_7L","labelItem":{"id":"Kj5U6n9NUqTXuWcB3c_7L","labelName":"College"},"textPosition":{"start":{"row":34,"column":0,"tokenIndex":11,"charIndex":0},"end":{"row":34,"column":0,"tokenIndex":14,"charIndex":6}},"confidenceScore":null},{"id":"1663378087","labeledBy":"AUTO","labeledByUserId":null,"acceptedByUserId":null,"rejectedByUserId":null,"layer":0,"counter":0,"status":"LABELED","hashCode":"SPAN:IeEoIKabMl51BJE0gX2YL:0:34:0:16:0:34:0:18:3:0:undefined:undefined","labelName":"IeEoIKabMl51BJE0gX2YL","labelItem":{"id":"IeEoIKabMl51BJE0gX2YL","labelName":"Degree"},"textPosition":{"start":{"row":34,"column":0,"tokenIndex":16,"charIndex":0},"end":{"row":34,"column":0,"tokenIndex":18,"charIndex":3}},"confidenceScore":null},{"id":"1663378093","labeledBy":"AUTO","labeledByUserId":null,"acceptedByUserId":null,"rejectedByUserId":null,"layer":0,"counter":0,"status":"LABELED","hashCode":"SPAN:1R0C50AAwFbEp2O0WmRv6:0:34:0:20:0:34:0:20:3:0:undefined:undefined","labelName":"1R0C50AAwFbEp2O0WmRv6","labelItem":{"id":"1R0C50AAwFbEp2O0WmRv6","labelName":"Location"},"textPosition":{"start":{"row":34,"column":0,"tokenIndex":20,"charIndex":0},"end":{"row":34,"column":0,"tokenIndex":20,"charIndex":3}},"confidenceScore":null}],"arrowLabels":[],"boundingBoxLabels":[],"timeLabels":[],"comments":[],"url":"datasaur://static/6814/a069f9f7-5778-4146-9d23-d0a6a42ded19.txt"}}
