{"version":"1","data":{"project":{"id":"ODBjYmQ2MDg","name":"NLP SSM Final Project"},"document":{"id":"14541d77-25e7-48c1-b3e2-eb301c2a51e8","name":"resume_994_d1.txt"},"kinds":["TOKEN_BASED"],"rows":[[{"content":"SALES Summary Account Manager focused on maximizing sales by managing all accounts systematically and logically.","tokens":["SALES","Summary","Account","Manager","focused","on","maximizing","sales","by","managing","all","accounts","systematically","and","logically."],"metadata":[]}],[{"content":"Believes consistency and dedication build the most successful business partnerships.","tokens":["Believes","consistency","and","dedication","build","the","most","successful","business","partnerships."],"metadata":[]}],[{"content":"Excel at building a loyal customer base to achieve both short and long-term organization sales goals.","tokens":["Excel","at","building","a","loyal","customer","base","to","achieve","both","short","and","long-term","organization","sales","goals."],"metadata":[]}],[{"content":"Highlights Superior communication skills Cheerful and energetic Effective team player Staff training and development Resolution-oriented Dependable and reliable Accomplishments Responsible for training new employees in all aspects of distribution and sales.","tokens":["Highlights","Superior","communication","skills","Cheerful","and","energetic","Effective","team","player","Staff","training","and","development","Resolution-oriented","Dependable","and","reliable","Accomplishments","Responsible","for","training","new","employees","in","all","aspects","of","distribution","and","sales."],"metadata":[]}],[{"content":"Ensured one hundred percent compliance with all company rules and regulations.","tokens":["Ensured","one","hundred","percent","compliance","with","all","company","rules","and","regulations."],"metadata":[]}],[{"content":"Established new accounts and client interaction.","tokens":["Established","new","accounts","and","client","interaction."],"metadata":[]}],[{"content":"Monitored sales goals and expectations for multiple brands.","tokens":["Monitored","sales","goals","and","expectations","for","multiple","brands."],"metadata":[]}],[{"content":"Improved product placement at both on premise and off premise accounts.","tokens":["Improved","product","placement","at","both","on","premise","and","off","premise","accounts."],"metadata":[]}],[{"content":"Managed quality assurance for all products within distribution.","tokens":["Managed","quality","assurance","for","all","products","within","distribution."],"metadata":[]}],[{"content":"Maintained files for all individual accounts and products.","tokens":["Maintained","files","for","all","individual","accounts","and","products."],"metadata":[]}],[{"content":"Increased sales through effective customer communication.","tokens":["Increased","sales","through","effective","customer","communication."],"metadata":[]}],[{"content":"Experience Sales September 2008 Company Name － City , State Responsible for implementing all business-building and relationship-building expectations with uniquely assigned accounts and customers.","tokens":["Experience","Sales","September","2008","Company","Name","－","City",",","State","Responsible","for","implementing","all","business-building","and","relationship-building","expectations","with","uniquely","assigned","accounts","and","customers."],"metadata":[]}],[{"content":"Consistently met and exceeded department expectations for productivity and accuracy levels.","tokens":["Consistently","met","and","exceeded","department","expectations","for","productivity","and","accuracy","levels."],"metadata":[]}],[{"content":"Recommended and helped customers select merchandise based on their needs.","tokens":["Recommended","and","helped","customers","select","merchandise","based","on","their","needs."],"metadata":[]}],[{"content":"Informed customers about sales and promotions in a friendly and engaging manner.","tokens":["Informed","customers","about","sales","and","promotions","in","a","friendly","and","engaging","manner."],"metadata":[]}],[{"content":"Answered customers' questions regarding products, prices and availability.","tokens":["Answered","customers'","questions","regarding","products,","prices","and","availability."],"metadata":[]}],[{"content":"Collaborated with colleagues to exchange selling strategies and marketing information.","tokens":["Collaborated","with","colleagues","to","exchange","selling","strategies","and","marketing","information."],"metadata":[]}],[{"content":"Collaborated with members of other departments to complete sales transactions.","tokens":["Collaborated","with","members","of","other","departments","to","complete","sales","transactions."],"metadata":[]}],[{"content":"Shared product knowledge with customers while making personal recommendations.","tokens":["Shared","product","knowledge","with","customers","while","making","personal","recommendations."],"metadata":[]}],[{"content":"City Manager April 2008 to September 2008 Company Name － City , State Successfully managed the activities of 12 team members.","tokens":["City","Manager","April","2008","to","September","2008","Company","Name","－","City",",","State","Successfully","managed","the","activities","of","12","team","members."],"metadata":[]}],[{"content":"Developed, implemented and monitored programs to maximize customer satisfaction.","tokens":["Developed,","implemented","and","monitored","programs","to","maximize","customer","satisfaction."],"metadata":[]}],[{"content":"Interviewed, hired and trained new quality customer service representatives.","tokens":["Interviewed,","hired","and","trained","new","quality","customer","service","representatives."],"metadata":[]}],[{"content":"Addressed negative customer feedback immediately.","tokens":["Addressed","negative","customer","feedback","immediately."],"metadata":[]}],[{"content":"Resolved customer questions, issues and complaints.","tokens":["Resolved","customer","questions,","issues","and","complaints."],"metadata":[]}],[{"content":"Coordinated with airport vendors regarding fueling and catering logistics.","tokens":["Coordinated","with","airport","vendors","regarding","fueling","and","catering","logistics."],"metadata":[]}],[{"content":"Determined flight close-out times and completed and verified flight forms.","tokens":["Determined","flight","close-out","times","and","completed","and","verified","flight","forms."],"metadata":[]}],[{"content":"Senior Corporate Travel Consultant September 2017 to April 2008 Company Name － City , State Planned travel arrangements for 200 executives and staff.","tokens":["Senior","Corporate","Travel","Consultant","September","2017","to","April","2008","Company","Name","－","City",",","State","Planned","travel","arrangements","for","200","executives","and","staff."],"metadata":[]}],[{"content":"Received and screened a high volume of internal and external communications, including email and mail.","tokens":["Received","and","screened","a","high","volume","of","internal","and","external","communications,","including","email","and","mail."],"metadata":[]}],[{"content":"Collected customer feedback and made process changes to exceed customer satisfaction goals.","tokens":["Collected","customer","feedback","and","made","process","changes","to","exceed","customer","satisfaction","goals."],"metadata":[]}],[{"content":"Made reasonable procedure exceptions to accommodate unusual customer requests.","tokens":["Made","reasonable","procedure","exceptions","to","accommodate","unusual","customer","requests."],"metadata":[]}],[{"content":"Provided accurate and appropriate information in response to customer inquiries.","tokens":["Provided","accurate","and","appropriate","information","in","response","to","customer","inquiries."],"metadata":[]}],[{"content":"Addressed customer service inquiries in a timely and accurate fashion.","tokens":["Addressed","customer","service","inquiries","in","a","timely","and","accurate","fashion."],"metadata":[]}],[{"content":"Built customer loyalty by placing follow-up calls for customers who reported product issues.","tokens":["Built","customer","loyalty","by","placing","follow-up","calls","for","customers","who","reported","product","issues."],"metadata":[]}],[{"content":"Passenger Service Agent January 1995 to September 2007 Company Name － City , State h Communicated with customers daily h Committed to the assistance and support of others while maintaining a cheerful and helpful attitude h Trained in and maintained excellent interpersonal and communication skills that complement proven creative problem solving capabilities h Provided superior customer service and work quality while demonstrating attention to detail, flexibility and innovation in resolving problems.","tokens":["Passenger","Service","Agent","January","1995","to","September","2007","Company","Name","－","City",",","State","h","Communicated","with","customers","daily","h","Committed","to","the","assistance","and","support","of","others","while","maintaining","a","cheerful","and","helpful","attitude","h","Trained","in","and","maintained","excellent","interpersonal","and","communication","skills","that","complement","proven","creative","problem","solving","capabilities","h","Provided","superior","customer","service","and","work","quality","while","demonstrating","attention","to","detail,","flexibility","and","innovation","in","resolving","problems."],"metadata":[]}],[{"content":"Possess effective communications skills, and work well with others at all levels h Dealt tactfully and effectively with difficult customers h Experienced in both customer service and supervisory positions h Worked closely with the inflight, flight dispatch, maintenance, and customer service departments through the operations positon to meet the needs of the customers h Experienced in handling emergencies, flight delays, diversions, and other related incidents h Handled incoming and outgoing communications, aircraft flight guards, and initiated overdue actions h Handled time-sensitive freight, general goods, hazardous materials, and government shipments h Successfully completed civil aviation security course conducted by FAA h Assured flight safety during winter operations through deicing certification and training.","tokens":["Possess","effective","communications","skills,","and","work","well","with","others","at","all","levels","h","Dealt","tactfully","and","effectively","with","difficult","customers","h","Experienced","in","both","customer","service","and","supervisory","positions","h","Worked","closely","with","the","inflight,","flight","dispatch,","maintenance,","and","customer","service","departments","through","the","operations","positon","to","meet","the","needs","of","the","customers","h","Experienced","in","handling","emergencies,","flight","delays,","diversions,","and","other","related","incidents","h","Handled","incoming","and","outgoing","communications,","aircraft","flight","guards,","and","initiated","overdue","actions","h","Handled","time-sensitive","freight,","general","goods,","hazardous","materials,","and","government","shipments","h","Successfully","completed","civil","aviation","security","course","conducted","by","FAA","h","Assured","flight","safety","during","winter","operations","through","deicing","certification","and","training."],"metadata":[]}],[{"content":"Education Communications West Virginia State University － City , State 2002 United States Air Force Air National Guard － City , State Received Honorable Discharge from service Communications George Washington High School － City , State GPA: Assisted with organizing and participating in various community service projects Involved in several athletics programs Assisted with organizing and participating in various community service projects Involved in several athletics programs Skills Air Force 2, attention to detail, interpersonal and communication, communications skills, Oral Communication, creative problem solving, Customer Relations, customer service, government, innovation, Inspection, Leadership, materials, Problem Solving, Public Safety, Public Speaking, Quality, Safety, sales, supervisory, Supervision, technician","tokens":["Education","Communications","West","Virginia","State","University","－","City",",","State","2002","United","States","Air","Force","Air","National","Guard","－","City",",","State","Received","Honorable","Discharge","from","service","Communications","George","Washington","High","School","－","City",",","State","GPA:","Assisted","with","organizing","and","participating","in","various","community","service","projects","Involved","in","several","athletics","programs","Assisted","with","organizing","and","participating","in","various","community","service","projects","Involved","in","several","athletics","programs","Skills","Air","Force","2,","attention","to","detail,","interpersonal","and","communication,","communications","skills,","Oral","Communication,","creative","problem","solving,","Customer","Relations,","customer","service,","government,","innovation,","Inspection,","Leadership,","materials,","Problem","Solving,","Public","Safety,","Public","Speaking,","Quality,","Safety,","sales,","supervisory,","Supervision,","technician"],"metadata":[]}]],"labelerInfo":{"id":6814,"email":"cwilhel8@jh.edu","displayName":"Chris Wilhelm"},"labelSets":[{"name":"Resume Labels","index":0,"labelItems":[{"id":"Kj5U6n9NUqTXuWcB3c_7L","labelName":"College"},{"id":"rj7TW0-ymuRo6f_asXJab","labelName":"Company Name"},{"id":"SJEkdao76hjwbb6Fh5SY6","labelName":"Job Title"},{"id":"BjO8MdvK2KI4E5iMEeY4B","labelName":"Graduation Year"},{"id":"eS2knCRgLegeRw8bcmSWA","labelName":"Skill"},{"id":"IeEoIKabMl51BJE0gX2YL","labelName":"Degree"},{"id":"1R0C50AAwFbEp2O0WmRv6","labelName":"Location"},{"id":"zQcc4ygexJ_A3Gb0NeRTk","labelName":"Years of Experience"},{"id":"52S_6moRfhjC-yXgIBeCp","labelName":"Date"},{"id":"KiLarWmwlU1E3-FfdG6Qg","labelName":"Project"},{"id":"dyxKKTAxW1z5ifjPj42BI","labelName":"Name"}]}],"spanLabels":[{"id":"1663389176","labeledBy":"AUTO","labeledByUserId":null,"acceptedByUserId":null,"rejectedByUserId":null,"layer":0,"counter":0,"status":"LABELED","hashCode":"SPAN:SJEkdao76hjwbb6Fh5SY6:0:0:0:2:0:0:0:3:6:0:undefined:undefined","labelName":"SJEkdao76hjwbb6Fh5SY6","labelItem":{"id":"SJEkdao76hjwbb6Fh5SY6","labelName":"Job Title"},"textPosition":{"start":{"row":0,"column":0,"tokenIndex":2,"charIndex":0},"end":{"row":0,"column":0,"tokenIndex":3,"charIndex":6}},"confidenceScore":null},{"id":"1663389179","labeledBy":"AUTO","labeledByUserId":null,"acceptedByUserId":null,"rejectedByUserId":null,"layer":0,"counter":0,"status":"LABELED","hashCode":"SPAN:eS2knCRgLegeRw8bcmSWA:0:1:0:1:0:1:0:1:10:0:undefined:undefined","labelName":"eS2knCRgLegeRw8bcmSWA","labelItem":{"id":"eS2knCRgLegeRw8bcmSWA","labelName":"Skill"},"textPosition":{"start":{"row":1,"column":0,"tokenIndex":1,"charIndex":0},"end":{"row":1,"column":0,"tokenIndex":1,"charIndex":10}},"confidenceScore":null},{"id":"1663389182","labeledBy":"AUTO","labeledByUserId":null,"acceptedByUserId":null,"rejectedByUserId":null,"layer":0,"counter":0,"status":"LABELED","hashCode":"SPAN:eS2knCRgLegeRw8bcmSWA:0:1:0:3:0:1:0:3:9:0:undefined:undefined","labelName":"eS2knCRgLegeRw8bcmSWA","labelItem":{"id":"eS2knCRgLegeRw8bcmSWA","labelName":"Skill"},"textPosition":{"start":{"row":1,"column":0,"tokenIndex":3,"charIndex":0},"end":{"row":1,"column":0,"tokenIndex":3,"charIndex":9}},"confidenceScore":null},{"id":"1663389185","labeledBy":"AUTO","labeledByUserId":null,"acceptedByUserId":null,"rejectedByUserId":null,"layer":0,"counter":0,"status":"LABELED","hashCode":"SPAN:eS2knCRgLegeRw8bcmSWA:0:1:0:8:0:1:0:9:12:0:undefined:undefined","labelName":"eS2knCRgLegeRw8bcmSWA","labelItem":{"id":"eS2knCRgLegeRw8bcmSWA","labelName":"Skill"},"textPosition":{"start":{"row":1,"column":0,"tokenIndex":8,"charIndex":0},"end":{"row":1,"column":0,"tokenIndex":9,"charIndex":12}},"confidenceScore":null},{"id":"1663389188","labeledBy":"AUTO","labeledByUserId":null,"acceptedByUserId":null,"rejectedByUserId":null,"layer":0,"counter":0,"status":"LABELED","hashCode":"SPAN:eS2knCRgLegeRw8bcmSWA:0:2:0:4:0:2:0:6:3:0:undefined:undefined","labelName":"eS2knCRgLegeRw8bcmSWA","labelItem":{"id":"eS2knCRgLegeRw8bcmSWA","labelName":"Skill"},"textPosition":{"start":{"row":2,"column":0,"tokenIndex":4,"charIndex":0},"end":{"row":2,"column":0,"tokenIndex":6,"charIndex":3}},"confidenceScore":null},{"id":"1663389191","labeledBy":"AUTO","labeledByUserId":null,"acceptedByUserId":null,"rejectedByUserId":null,"layer":0,"counter":0,"status":"LABELED","hashCode":"SPAN:eS2knCRgLegeRw8bcmSWA:0:2:0:14:0:2:0:15:5:0:undefined:undefined","labelName":"eS2knCRgLegeRw8bcmSWA","labelItem":{"id":"eS2knCRgLegeRw8bcmSWA","labelName":"Skill"},"textPosition":{"start":{"row":2,"column":0,"tokenIndex":14,"charIndex":0},"end":{"row":2,"column":0,"tokenIndex":15,"charIndex":5}},"confidenceScore":null},{"id":"1663389197","labeledBy":"AUTO","labeledByUserId":null,"acceptedByUserId":null,"rejectedByUserId":null,"layer":0,"counter":0,"status":"LABELED","hashCode":"SPAN:eS2knCRgLegeRw8bcmSWA:0:3:0:1:0:3:0:2:12:0:undefined:undefined","labelName":"eS2knCRgLegeRw8bcmSWA","labelItem":{"id":"eS2knCRgLegeRw8bcmSWA","labelName":"Skill"},"textPosition":{"start":{"row":3,"column":0,"tokenIndex":1,"charIndex":0},"end":{"row":3,"column":0,"tokenIndex":2,"charIndex":12}},"confidenceScore":null},{"id":"1663389195","labeledBy":"AUTO","labeledByUserId":null,"acceptedByUserId":null,"rejectedByUserId":null,"layer":0,"counter":0,"status":"LABELED","hashCode":"SPAN:eS2knCRgLegeRw8bcmSWA:0:3:0:4:0:3:0:4:7:0:undefined:undefined","labelName":"eS2knCRgLegeRw8bcmSWA","labelItem":{"id":"eS2knCRgLegeRw8bcmSWA","labelName":"Skill"},"textPosition":{"start":{"row":3,"column":0,"tokenIndex":4,"charIndex":0},"end":{"row":3,"column":0,"tokenIndex":4,"charIndex":7}},"confidenceScore":null},{"id":"1663389200","labeledBy":"AUTO","labeledByUserId":null,"acceptedByUserId":null,"rejectedByUserId":null,"layer":0,"counter":0,"status":"LABELED","hashCode":"SPAN:eS2knCRgLegeRw8bcmSWA:0:3:0:6:0:3:0:6:8:0:undefined:undefined","labelName":"eS2knCRgLegeRw8bcmSWA","labelItem":{"id":"eS2knCRgLegeRw8bcmSWA","labelName":"Skill"},"textPosition":{"start":{"row":3,"column":0,"tokenIndex":6,"charIndex":0},"end":{"row":3,"column":0,"tokenIndex":6,"charIndex":8}},"confidenceScore":null},{"id":"1663389203","labeledBy":"AUTO","labeledByUserId":null,"acceptedByUserId":null,"rejectedByUserId":null,"layer":0,"counter":0,"status":"LABELED","hashCode":"SPAN:eS2knCRgLegeRw8bcmSWA:0:3:0:7:0:3:0:9:5:0:undefined:undefined","labelName":"eS2knCRgLegeRw8bcmSWA","labelItem":{"id":"eS2knCRgLegeRw8bcmSWA","labelName":"Skill"},"textPosition":{"start":{"row":3,"column":0,"tokenIndex":7,"charIndex":0},"end":{"row":3,"column":0,"tokenIndex":9,"charIndex":5}},"confidenceScore":null},{"id":"1663389206","labeledBy":"AUTO","labeledByUserId":null,"acceptedByUserId":null,"rejectedByUserId":null,"layer":0,"counter":0,"status":"LABELED","hashCode":"SPAN:eS2knCRgLegeRw8bcmSWA:0:3:0:8:0:3:0:9:5:0:undefined:undefined","labelName":"eS2knCRgLegeRw8bcmSWA","labelItem":{"id":"eS2knCRgLegeRw8bcmSWA","labelName":"Skill"},"textPosition":{"start":{"row":3,"column":0,"tokenIndex":8,"charIndex":0},"end":{"row":3,"column":0,"tokenIndex":9,"charIndex":5}},"confidenceScore":null},{"id":"1663389209","labeledBy":"AUTO","labeledByUserId":null,"acceptedByUserId":null,"rejectedByUserId":null,"layer":0,"counter":0,"status":"LABELED","hashCode":"SPAN:eS2knCRgLegeRw8bcmSWA:0:3:0:10:0:3:0:11:7:0:undefined:undefined","labelName":"eS2knCRgLegeRw8bcmSWA","labelItem":{"id":"eS2knCRgLegeRw8bcmSWA","labelName":"Skill"},"textPosition":{"start":{"row":3,"column":0,"tokenIndex":10,"charIndex":0},"end":{"row":3,"column":0,"tokenIndex":11,"charIndex":7}},"confidenceScore":null},{"id":"1663389212","labeledBy":"AUTO","labeledByUserId":null,"acceptedByUserId":null,"rejectedByUserId":null,"layer":0,"counter":0,"status":"LABELED","hashCode":"SPAN:eS2knCRgLegeRw8bcmSWA:0:3:0:13:0:3:0:13:10:0:undefined:undefined","labelName":"eS2knCRgLegeRw8bcmSWA","labelItem":{"id":"eS2knCRgLegeRw8bcmSWA","labelName":"Skill"},"textPosition":{"start":{"row":3,"column":0,"tokenIndex":13,"charIndex":0},"end":{"row":3,"column":0,"tokenIndex":13,"charIndex":10}},"confidenceScore":null},{"id":"1663389215","labeledBy":"AUTO","labeledByUserId":null,"acceptedByUserId":null,"rejectedByUserId":null,"layer":0,"counter":0,"status":"LABELED","hashCode":"SPAN:eS2knCRgLegeRw8bcmSWA:0:3:0:14:0:3:0:14:18:0:undefined:undefined","labelName":"eS2knCRgLegeRw8bcmSWA","labelItem":{"id":"eS2knCRgLegeRw8bcmSWA","labelName":"Skill"},"textPosition":{"start":{"row":3,"column":0,"tokenIndex":14,"charIndex":0},"end":{"row":3,"column":0,"tokenIndex":14,"charIndex":18}},"confidenceScore":null},{"id":"1663389218","labeledBy":"AUTO","labeledByUserId":null,"acceptedByUserId":null,"rejectedByUserId":null,"layer":0,"counter":0,"status":"LABELED","hashCode":"SPAN:eS2knCRgLegeRw8bcmSWA:0:3:0:15:0:3:0:15:9:0:undefined:undefined","labelName":"eS2knCRgLegeRw8bcmSWA","labelItem":{"id":"eS2knCRgLegeRw8bcmSWA","labelName":"Skill"},"textPosition":{"start":{"row":3,"column":0,"tokenIndex":15,"charIndex":0},"end":{"row":3,"column":0,"tokenIndex":15,"charIndex":9}},"confidenceScore":null},{"id":"1663389221","labeledBy":"AUTO","labeledByUserId":null,"acceptedByUserId":null,"rejectedByUserId":null,"layer":0,"counter":0,"status":"LABELED","hashCode":"SPAN:eS2knCRgLegeRw8bcmSWA:0:3:0:17:0:3:0:17:7:0:undefined:undefined","labelName":"eS2knCRgLegeRw8bcmSWA","labelItem":{"id":"eS2knCRgLegeRw8bcmSWA","labelName":"Skill"},"textPosition":{"start":{"row":3,"column":0,"tokenIndex":17,"charIndex":0},"end":{"row":3,"column":0,"tokenIndex":17,"charIndex":7}},"confidenceScore":null},{"id":"1663389224","labeledBy":"AUTO","labeledByUserId":null,"acceptedByUserId":null,"rejectedByUserId":null,"layer":0,"counter":0,"status":"LABELED","hashCode":"SPAN:eS2knCRgLegeRw8bcmSWA:0:3:0:28:0:3:0:28:11:0:undefined:undefined","labelName":"eS2knCRgLegeRw8bcmSWA","labelItem":{"id":"eS2knCRgLegeRw8bcmSWA","labelName":"Skill"},"textPosition":{"start":{"row":3,"column":0,"tokenIndex":28,"charIndex":0},"end":{"row":3,"column":0,"tokenIndex":28,"charIndex":11}},"confidenceScore":null},{"id":"1663389227","labeledBy":"AUTO","labeledByUserId":null,"acceptedByUserId":null,"rejectedByUserId":null,"layer":0,"counter":0,"status":"LABELED","hashCode":"SPAN:eS2knCRgLegeRw8bcmSWA:0:3:0:30:0:3:0:30:5:0:undefined:undefined","labelName":"eS2knCRgLegeRw8bcmSWA","labelItem":{"id":"eS2knCRgLegeRw8bcmSWA","labelName":"Skill"},"textPosition":{"start":{"row":3,"column":0,"tokenIndex":30,"charIndex":0},"end":{"row":3,"column":0,"tokenIndex":30,"charIndex":5}},"confidenceScore":null},{"id":"1663389230","labeledBy":"AUTO","labeledByUserId":null,"acceptedByUserId":null,"rejectedByUserId":null,"layer":0,"counter":0,"status":"LABELED","hashCode":"SPAN:eS2knCRgLegeRw8bcmSWA:0:4:0:4:0:4:0:4:9:0:undefined:undefined","labelName":"eS2knCRgLegeRw8bcmSWA","labelItem":{"id":"eS2knCRgLegeRw8bcmSWA","labelName":"Skill"},"textPosition":{"start":{"row":4,"column":0,"tokenIndex":4,"charIndex":0},"end":{"row":4,"column":0,"tokenIndex":4,"charIndex":9}},"confidenceScore":null},{"id":"1663389233","labeledBy":"AUTO","labeledByUserId":null,"acceptedByUserId":null,"rejectedByUserId":null,"layer":0,"counter":0,"status":"LABELED","hashCode":"SPAN:eS2knCRgLegeRw8bcmSWA:0:5:0:4:0:5:0:5:11:0:undefined:undefined","labelName":"eS2knCRgLegeRw8bcmSWA","labelItem":{"id":"eS2knCRgLegeRw8bcmSWA","labelName":"Skill"},"textPosition":{"start":{"row":5,"column":0,"tokenIndex":4,"charIndex":0},"end":{"row":5,"column":0,"tokenIndex":5,"charIndex":11}},"confidenceScore":null},{"id":"1663389236","labeledBy":"AUTO","labeledByUserId":null,"acceptedByUserId":null,"rejectedByUserId":null,"layer":0,"counter":0,"status":"LABELED","hashCode":"SPAN:eS2knCRgLegeRw8bcmSWA:0:6:0:1:0:6:0:2:4:0:undefined:undefined","labelName":"eS2knCRgLegeRw8bcmSWA","labelItem":{"id":"eS2knCRgLegeRw8bcmSWA","labelName":"Skill"},"textPosition":{"start":{"row":6,"column":0,"tokenIndex":1,"charIndex":0},"end":{"row":6,"column":0,"tokenIndex":2,"charIndex":4}},"confidenceScore":null},{"id":"1663389239","labeledBy":"AUTO","labeledByUserId":null,"acceptedByUserId":null,"rejectedByUserId":null,"layer":0,"counter":0,"status":"LABELED","hashCode":"SPAN:eS2knCRgLegeRw8bcmSWA:0:7:0:1:0:7:0:2:8:0:undefined:undefined","labelName":"eS2knCRgLegeRw8bcmSWA","labelItem":{"id":"eS2knCRgLegeRw8bcmSWA","labelName":"Skill"},"textPosition":{"start":{"row":7,"column":0,"tokenIndex":1,"charIndex":0},"end":{"row":7,"column":0,"tokenIndex":2,"charIndex":8}},"confidenceScore":null},{"id":"1663389245","labeledBy":"AUTO","labeledByUserId":null,"acceptedByUserId":null,"rejectedByUserId":null,"layer":0,"counter":0,"status":"LABELED","hashCode":"SPAN:eS2knCRgLegeRw8bcmSWA:0:8:0:0:0:8:0:0:6:0:undefined:undefined","labelName":"eS2knCRgLegeRw8bcmSWA","labelItem":{"id":"eS2knCRgLegeRw8bcmSWA","labelName":"Skill"},"textPosition":{"start":{"row":8,"column":0,"tokenIndex":0,"charIndex":0},"end":{"row":8,"column":0,"tokenIndex":0,"charIndex":6}},"confidenceScore":null},{"id":"1663389242","labeledBy":"AUTO","labeledByUserId":null,"acceptedByUserId":null,"rejectedByUserId":null,"layer":0,"counter":0,"status":"LABELED","hashCode":"SPAN:eS2knCRgLegeRw8bcmSWA:0:8:0:1:0:8:0:2:8:0:undefined:undefined","labelName":"eS2knCRgLegeRw8bcmSWA","labelItem":{"id":"eS2knCRgLegeRw8bcmSWA","labelName":"Skill"},"textPosition":{"start":{"row":8,"column":0,"tokenIndex":1,"charIndex":0},"end":{"row":8,"column":0,"tokenIndex":2,"charIndex":8}},"confidenceScore":null},{"id":"1663389248","labeledBy":"AUTO","labeledByUserId":null,"acceptedByUserId":null,"rejectedByUserId":null,"layer":0,"counter":0,"status":"LABELED","hashCode":"SPAN:SJEkdao76hjwbb6Fh5SY6:0:11:0:1:0:11:0:1:4:0:undefined:undefined","labelName":"SJEkdao76hjwbb6Fh5SY6","labelItem":{"id":"SJEkdao76hjwbb6Fh5SY6","labelName":"Job Title"},"textPosition":{"start":{"row":11,"column":0,"tokenIndex":1,"charIndex":0},"end":{"row":11,"column":0,"tokenIndex":1,"charIndex":4}},"confidenceScore":null},{"id":"1663389251","labeledBy":"AUTO","labeledByUserId":null,"acceptedByUserId":null,"rejectedByUserId":null,"layer":0,"counter":0,"status":"LABELED","hashCode":"SPAN:52S_6moRfhjC-yXgIBeCp:0:11:0:2:0:11:0:3:3:0:undefined:undefined","labelName":"52S_6moRfhjC-yXgIBeCp","labelItem":{"id":"52S_6moRfhjC-yXgIBeCp","labelName":"Date"},"textPosition":{"start":{"row":11,"column":0,"tokenIndex":2,"charIndex":0},"end":{"row":11,"column":0,"tokenIndex":3,"charIndex":3}},"confidenceScore":null},{"id":"1663389254","labeledBy":"AUTO","labeledByUserId":null,"acceptedByUserId":null,"rejectedByUserId":null,"layer":0,"counter":0,"status":"LABELED","hashCode":"SPAN:rj7TW0-ymuRo6f_asXJab:0:11:0:4:0:11:0:5:3:0:undefined:undefined","labelName":"rj7TW0-ymuRo6f_asXJab","labelItem":{"id":"rj7TW0-ymuRo6f_asXJab","labelName":"Company Name"},"textPosition":{"start":{"row":11,"column":0,"tokenIndex":4,"charIndex":0},"end":{"row":11,"column":0,"tokenIndex":5,"charIndex":3}},"confidenceScore":null},{"id":"1663389257","labeledBy":"AUTO","labeledByUserId":null,"acceptedByUserId":null,"rejectedByUserId":null,"layer":0,"counter":0,"status":"LABELED","hashCode":"SPAN:1R0C50AAwFbEp2O0WmRv6:0:11:0:7:0:11:0:7:3:0:undefined:undefined","labelName":"1R0C50AAwFbEp2O0WmRv6","labelItem":{"id":"1R0C50AAwFbEp2O0WmRv6","labelName":"Location"},"textPosition":{"start":{"row":11,"column":0,"tokenIndex":7,"charIndex":0},"end":{"row":11,"column":0,"tokenIndex":7,"charIndex":3}},"confidenceScore":null},{"id":"1663389260","labeledBy":"AUTO","labeledByUserId":null,"acceptedByUserId":null,"rejectedByUserId":null,"layer":0,"counter":0,"status":"LABELED","hashCode":"SPAN:1R0C50AAwFbEp2O0WmRv6:0:11:0:9:0:11:0:9:4:0:undefined:undefined","labelName":"1R0C50AAwFbEp2O0WmRv6","labelItem":{"id":"1R0C50AAwFbEp2O0WmRv6","labelName":"Location"},"textPosition":{"start":{"row":11,"column":0,"tokenIndex":9,"charIndex":0},"end":{"row":11,"column":0,"tokenIndex":9,"charIndex":4}},"confidenceScore":null},{"id":"1663389263","labeledBy":"AUTO","labeledByUserId":null,"acceptedByUserId":null,"rejectedByUserId":null,"layer":0,"counter":0,"status":"LABELED","hashCode":"SPAN:eS2knCRgLegeRw8bcmSWA:0:11:0:16:0:11:0:16:20:0:undefined:undefined","labelName":"eS2knCRgLegeRw8bcmSWA","labelItem":{"id":"eS2knCRgLegeRw8bcmSWA","labelName":"Skill"},"textPosition":{"start":{"row":11,"column":0,"tokenIndex":16,"charIndex":0},"end":{"row":11,"column":0,"tokenIndex":16,"charIndex":20}},"confidenceScore":null},{"id":"1663389266","labeledBy":"AUTO","labeledByUserId":null,"acceptedByUserId":null,"rejectedByUserId":null,"layer":0,"counter":0,"status":"LABELED","hashCode":"SPAN:eS2knCRgLegeRw8bcmSWA:0:13:0:0:0:13:0:0:10:0:undefined:undefined","labelName":"eS2knCRgLegeRw8bcmSWA","labelItem":{"id":"eS2knCRgLegeRw8bcmSWA","labelName":"Skill"},"textPosition":{"start":{"row":13,"column":0,"tokenIndex":0,"charIndex":0},"end":{"row":13,"column":0,"tokenIndex":0,"charIndex":10}},"confidenceScore":null},{"id":"1663389269","labeledBy":"AUTO","labeledByUserId":null,"acceptedByUserId":null,"rejectedByUserId":null,"layer":0,"counter":0,"status":"LABELED","hashCode":"SPAN:eS2knCRgLegeRw8bcmSWA:0:16:0:8:0:16:0:9:11:0:undefined:undefined","labelName":"eS2knCRgLegeRw8bcmSWA","labelItem":{"id":"eS2knCRgLegeRw8bcmSWA","labelName":"Skill"},"textPosition":{"start":{"row":16,"column":0,"tokenIndex":8,"charIndex":0},"end":{"row":16,"column":0,"tokenIndex":9,"charIndex":11}},"confidenceScore":null},{"id":"1663389272","labeledBy":"AUTO","labeledByUserId":null,"acceptedByUserId":null,"rejectedByUserId":null,"layer":0,"counter":0,"status":"LABELED","hashCode":"SPAN:eS2knCRgLegeRw8bcmSWA:0:17:0:8:0:17:0:9:12:0:undefined:undefined","labelName":"eS2knCRgLegeRw8bcmSWA","labelItem":{"id":"eS2knCRgLegeRw8bcmSWA","labelName":"Skill"},"textPosition":{"start":{"row":17,"column":0,"tokenIndex":8,"charIndex":0},"end":{"row":17,"column":0,"tokenIndex":9,"charIndex":12}},"confidenceScore":null},{"id":"1663389275","labeledBy":"AUTO","labeledByUserId":null,"acceptedByUserId":null,"rejectedByUserId":null,"layer":0,"counter":0,"status":"LABELED","hashCode":"SPAN:eS2knCRgLegeRw8bcmSWA:0:18:0:7:0:18:0:8:15:0:undefined:undefined","labelName":"eS2knCRgLegeRw8bcmSWA","labelItem":{"id":"eS2knCRgLegeRw8bcmSWA","labelName":"Skill"},"textPosition":{"start":{"row":18,"column":0,"tokenIndex":7,"charIndex":0},"end":{"row":18,"column":0,"tokenIndex":8,"charIndex":15}},"confidenceScore":null},{"id":"1663389278","labeledBy":"AUTO","labeledByUserId":null,"acceptedByUserId":null,"rejectedByUserId":null,"layer":0,"counter":0,"status":"LABELED","hashCode":"SPAN:SJEkdao76hjwbb6Fh5SY6:0:19:0:0:0:19:0:1:6:0:undefined:undefined","labelName":"SJEkdao76hjwbb6Fh5SY6","labelItem":{"id":"SJEkdao76hjwbb6Fh5SY6","labelName":"Job Title"},"textPosition":{"start":{"row":19,"column":0,"tokenIndex":0,"charIndex":0},"end":{"row":19,"column":0,"tokenIndex":1,"charIndex":6}},"confidenceScore":null},{"id":"1663389281","labeledBy":"AUTO","labeledByUserId":null,"acceptedByUserId":null,"rejectedByUserId":null,"layer":0,"counter":0,"status":"LABELED","hashCode":"SPAN:52S_6moRfhjC-yXgIBeCp:0:19:0:2:0:19:0:3:3:0:undefined:undefined","labelName":"52S_6moRfhjC-yXgIBeCp","labelItem":{"id":"52S_6moRfhjC-yXgIBeCp","labelName":"Date"},"textPosition":{"start":{"row":19,"column":0,"tokenIndex":2,"charIndex":0},"end":{"row":19,"column":0,"tokenIndex":3,"charIndex":3}},"confidenceScore":null},{"id":"1663389284","labeledBy":"AUTO","labeledByUserId":null,"acceptedByUserId":null,"rejectedByUserId":null,"layer":0,"counter":0,"status":"LABELED","hashCode":"SPAN:52S_6moRfhjC-yXgIBeCp:0:19:0:5:0:19:0:6:3:0:undefined:undefined","labelName":"52S_6moRfhjC-yXgIBeCp","labelItem":{"id":"52S_6moRfhjC-yXgIBeCp","labelName":"Date"},"textPosition":{"start":{"row":19,"column":0,"tokenIndex":5,"charIndex":0},"end":{"row":19,"column":0,"tokenIndex":6,"charIndex":3}},"confidenceScore":null},{"id":"1663389287","labeledBy":"AUTO","labeledByUserId":null,"acceptedByUserId":null,"rejectedByUserId":null,"layer":0,"counter":0,"status":"LABELED","hashCode":"SPAN:rj7TW0-ymuRo6f_asXJab:0:19:0:7:0:19:0:8:3:0:undefined:undefined","labelName":"rj7TW0-ymuRo6f_asXJab","labelItem":{"id":"rj7TW0-ymuRo6f_asXJab","labelName":"Company Name"},"textPosition":{"start":{"row":19,"column":0,"tokenIndex":7,"charIndex":0},"end":{"row":19,"column":0,"tokenIndex":8,"charIndex":3}},"confidenceScore":null},{"id":"1663389290","labeledBy":"AUTO","labeledByUserId":null,"acceptedByUserId":null,"rejectedByUserId":null,"layer":0,"counter":0,"status":"LABELED","hashCode":"SPAN:1R0C50AAwFbEp2O0WmRv6:0:19:0:10:0:19:0:10:3:0:undefined:undefined","labelName":"1R0C50AAwFbEp2O0WmRv6","labelItem":{"id":"1R0C50AAwFbEp2O0WmRv6","labelName":"Location"},"textPosition":{"start":{"row":19,"column":0,"tokenIndex":10,"charIndex":0},"end":{"row":19,"column":0,"tokenIndex":10,"charIndex":3}},"confidenceScore":null},{"id":"1663389293","labeledBy":"AUTO","labeledByUserId":null,"acceptedByUserId":null,"rejectedByUserId":null,"layer":0,"counter":0,"status":"LABELED","hashCode":"SPAN:1R0C50AAwFbEp2O0WmRv6:0:19:0:12:0:19:0:12:4:0:undefined:undefined","labelName":"1R0C50AAwFbEp2O0WmRv6","labelItem":{"id":"1R0C50AAwFbEp2O0WmRv6","labelName":"Location"},"textPosition":{"start":{"row":19,"column":0,"tokenIndex":12,"charIndex":0},"end":{"row":19,"column":0,"tokenIndex":12,"charIndex":4}},"confidenceScore":null},{"id":"1663389296","labeledBy":"AUTO","labeledByUserId":null,"acceptedByUserId":null,"rejectedByUserId":null,"layer":0,"counter":0,"status":"LABELED","hashCode":"SPAN:eS2knCRgLegeRw8bcmSWA:0:20:0:7:0:20:0:8:12:0:undefined:undefined","labelName":"eS2knCRgLegeRw8bcmSWA","labelItem":{"id":"eS2knCRgLegeRw8bcmSWA","labelName":"Skill"},"textPosition":{"start":{"row":20,"column":0,"tokenIndex":7,"charIndex":0},"end":{"row":20,"column":0,"tokenIndex":8,"charIndex":12}},"confidenceScore":null},{"id":"1663389299","labeledBy":"AUTO","labeledByUserId":null,"acceptedByUserId":null,"rejectedByUserId":null,"layer":0,"counter":0,"status":"LABELED","hashCode":"SPAN:eS2knCRgLegeRw8bcmSWA:0:21:0:0:0:21:0:0:11:0:undefined:undefined","labelName":"eS2knCRgLegeRw8bcmSWA","labelItem":{"id":"eS2knCRgLegeRw8bcmSWA","labelName":"Skill"},"textPosition":{"start":{"row":21,"column":0,"tokenIndex":0,"charIndex":0},"end":{"row":21,"column":0,"tokenIndex":0,"charIndex":11}},"confidenceScore":null},{"id":"1663389302","labeledBy":"AUTO","labeledByUserId":null,"acceptedByUserId":null,"rejectedByUserId":null,"layer":0,"counter":0,"status":"LABELED","hashCode":"SPAN:eS2knCRgLegeRw8bcmSWA:0:21:0:1:0:21:0:1:4:0:undefined:undefined","labelName":"eS2knCRgLegeRw8bcmSWA","labelItem":{"id":"eS2knCRgLegeRw8bcmSWA","labelName":"Skill"},"textPosition":{"start":{"row":21,"column":0,"tokenIndex":1,"charIndex":0},"end":{"row":21,"column":0,"tokenIndex":1,"charIndex":4}},"confidenceScore":null},{"id":"1663389305","labeledBy":"AUTO","labeledByUserId":null,"acceptedByUserId":null,"rejectedByUserId":null,"layer":0,"counter":0,"status":"LABELED","hashCode":"SPAN:eS2knCRgLegeRw8bcmSWA:0:21:0:3:0:21:0:3:6:0:undefined:undefined","labelName":"eS2knCRgLegeRw8bcmSWA","labelItem":{"id":"eS2knCRgLegeRw8bcmSWA","labelName":"Skill"},"textPosition":{"start":{"row":21,"column":0,"tokenIndex":3,"charIndex":0},"end":{"row":21,"column":0,"tokenIndex":3,"charIndex":6}},"confidenceScore":null},{"id":"1663389308","labeledBy":"AUTO","labeledByUserId":null,"acceptedByUserId":null,"rejectedByUserId":null,"layer":0,"counter":0,"status":"LABELED","hashCode":"SPAN:eS2knCRgLegeRw8bcmSWA:0:21:0:6:0:21:0:8:15:0:undefined:undefined","labelName":"eS2knCRgLegeRw8bcmSWA","labelItem":{"id":"eS2knCRgLegeRw8bcmSWA","labelName":"Skill"},"textPosition":{"start":{"row":21,"column":0,"tokenIndex":6,"charIndex":0},"end":{"row":21,"column":0,"tokenIndex":8,"charIndex":15}},"confidenceScore":null},{"id":"1663389311","labeledBy":"AUTO","labeledByUserId":null,"acceptedByUserId":null,"rejectedByUserId":null,"layer":0,"counter":0,"status":"LABELED","hashCode":"SPAN:eS2knCRgLegeRw8bcmSWA:0:22:0:2:0:22:0:3:7:0:undefined:undefined","labelName":"eS2knCRgLegeRw8bcmSWA","labelItem":{"id":"eS2knCRgLegeRw8bcmSWA","labelName":"Skill"},"textPosition":{"start":{"row":22,"column":0,"tokenIndex":2,"charIndex":0},"end":{"row":22,"column":0,"tokenIndex":3,"charIndex":7}},"confidenceScore":null},{"id":"1663389314","labeledBy":"AUTO","labeledByUserId":null,"acceptedByUserId":null,"rejectedByUserId":null,"layer":0,"counter":0,"status":"LABELED","hashCode":"SPAN:eS2knCRgLegeRw8bcmSWA:0:23:0:1:0:23:0:2:9:0:undefined:undefined","labelName":"eS2knCRgLegeRw8bcmSWA","labelItem":{"id":"eS2knCRgLegeRw8bcmSWA","labelName":"Skill"},"textPosition":{"start":{"row":23,"column":0,"tokenIndex":1,"charIndex":0},"end":{"row":23,"column":0,"tokenIndex":2,"charIndex":9}},"confidenceScore":null},{"id":"1663389317","labeledBy":"AUTO","labeledByUserId":null,"acceptedByUserId":null,"rejectedByUserId":null,"layer":0,"counter":0,"status":"LABELED","hashCode":"SPAN:eS2knCRgLegeRw8bcmSWA:0:23:0:3:0:23:0:3:5:0:undefined:undefined","labelName":"eS2knCRgLegeRw8bcmSWA","labelItem":{"id":"eS2knCRgLegeRw8bcmSWA","labelName":"Skill"},"textPosition":{"start":{"row":23,"column":0,"tokenIndex":3,"charIndex":0},"end":{"row":23,"column":0,"tokenIndex":3,"charIndex":5}},"confidenceScore":null},{"id":"1663389320","labeledBy":"AUTO","labeledByUserId":null,"acceptedByUserId":null,"rejectedByUserId":null,"layer":0,"counter":0,"status":"LABELED","hashCode":"SPAN:eS2knCRgLegeRw8bcmSWA:0:23:0:5:0:23:0:5:10:0:undefined:undefined","labelName":"eS2knCRgLegeRw8bcmSWA","labelItem":{"id":"eS2knCRgLegeRw8bcmSWA","labelName":"Skill"},"textPosition":{"start":{"row":23,"column":0,"tokenIndex":5,"charIndex":0},"end":{"row":23,"column":0,"tokenIndex":5,"charIndex":10}},"confidenceScore":null},{"id":"1663389323","labeledBy":"AUTO","labeledByUserId":null,"acceptedByUserId":null,"rejectedByUserId":null,"layer":0,"counter":0,"status":"LABELED","hashCode":"SPAN:eS2knCRgLegeRw8bcmSWA:0:24:0:0:0:24:0:0:10:0:undefined:undefined","labelName":"eS2knCRgLegeRw8bcmSWA","labelItem":{"id":"eS2knCRgLegeRw8bcmSWA","labelName":"Skill"},"textPosition":{"start":{"row":24,"column":0,"tokenIndex":0,"charIndex":0},"end":{"row":24,"column":0,"tokenIndex":0,"charIndex":10}},"confidenceScore":null},{"id":"1663389326","labeledBy":"AUTO","labeledByUserId":null,"acceptedByUserId":null,"rejectedByUserId":null,"layer":0,"counter":0,"status":"LABELED","hashCode":"SPAN:SJEkdao76hjwbb6Fh5SY6:0:26:0:0:0:26:0:3:9:0:undefined:undefined","labelName":"SJEkdao76hjwbb6Fh5SY6","labelItem":{"id":"SJEkdao76hjwbb6Fh5SY6","labelName":"Job Title"},"textPosition":{"start":{"row":26,"column":0,"tokenIndex":0,"charIndex":0},"end":{"row":26,"column":0,"tokenIndex":3,"charIndex":9}},"confidenceScore":null},{"id":"1663389329","labeledBy":"AUTO","labeledByUserId":null,"acceptedByUserId":null,"rejectedByUserId":null,"layer":0,"counter":0,"status":"LABELED","hashCode":"SPAN:52S_6moRfhjC-yXgIBeCp:0:26:0:4:0:26:0:5:3:0:undefined:undefined","labelName":"52S_6moRfhjC-yXgIBeCp","labelItem":{"id":"52S_6moRfhjC-yXgIBeCp","labelName":"Date"},"textPosition":{"start":{"row":26,"column":0,"tokenIndex":4,"charIndex":0},"end":{"row":26,"column":0,"tokenIndex":5,"charIndex":3}},"confidenceScore":null},{"id":"1663389332","labeledBy":"AUTO","labeledByUserId":null,"acceptedByUserId":null,"rejectedByUserId":null,"layer":0,"counter":0,"status":"LABELED","hashCode":"SPAN:52S_6moRfhjC-yXgIBeCp:0:26:0:7:0:26:0:8:3:0:undefined:undefined","labelName":"52S_6moRfhjC-yXgIBeCp","labelItem":{"id":"52S_6moRfhjC-yXgIBeCp","labelName":"Date"},"textPosition":{"start":{"row":26,"column":0,"tokenIndex":7,"charIndex":0},"end":{"row":26,"column":0,"tokenIndex":8,"charIndex":3}},"confidenceScore":null},{"id":"1663389335","labeledBy":"AUTO","labeledByUserId":null,"acceptedByUserId":null,"rejectedByUserId":null,"layer":0,"counter":0,"status":"LABELED","hashCode":"SPAN:rj7TW0-ymuRo6f_asXJab:0:26:0:9:0:26:0:10:3:0:undefined:undefined","labelName":"rj7TW0-ymuRo6f_asXJab","labelItem":{"id":"rj7TW0-ymuRo6f_asXJab","labelName":"Company Name"},"textPosition":{"start":{"row":26,"column":0,"tokenIndex":9,"charIndex":0},"end":{"row":26,"column":0,"tokenIndex":10,"charIndex":3}},"confidenceScore":null},{"id":"1663389338","labeledBy":"AUTO","labeledByUserId":null,"acceptedByUserId":null,"rejectedByUserId":null,"layer":0,"counter":0,"status":"LABELED","hashCode":"SPAN:1R0C50AAwFbEp2O0WmRv6:0:26:0:12:0:26:0:12:3:0:undefined:undefined","labelName":"1R0C50AAwFbEp2O0WmRv6","labelItem":{"id":"1R0C50AAwFbEp2O0WmRv6","labelName":"Location"},"textPosition":{"start":{"row":26,"column":0,"tokenIndex":12,"charIndex":0},"end":{"row":26,"column":0,"tokenIndex":12,"charIndex":3}},"confidenceScore":null},{"id":"1663389341","labeledBy":"AUTO","labeledByUserId":null,"acceptedByUserId":null,"rejectedByUserId":null,"layer":0,"counter":0,"status":"LABELED","hashCode":"SPAN:1R0C50AAwFbEp2O0WmRv6:0:26:0:14:0:26:0:14:4:0:undefined:undefined","labelName":"1R0C50AAwFbEp2O0WmRv6","labelItem":{"id":"1R0C50AAwFbEp2O0WmRv6","labelName":"Location"},"textPosition":{"start":{"row":26,"column":0,"tokenIndex":14,"charIndex":0},"end":{"row":26,"column":0,"tokenIndex":14,"charIndex":4}},"confidenceScore":null},{"id":"1663389344","labeledBy":"AUTO","labeledByUserId":null,"acceptedByUserId":null,"rejectedByUserId":null,"layer":0,"counter":0,"status":"LABELED","hashCode":"SPAN:eS2knCRgLegeRw8bcmSWA:0:26:0:15:0:26:0:15:6:0:undefined:undefined","labelName":"eS2knCRgLegeRw8bcmSWA","labelItem":{"id":"eS2knCRgLegeRw8bcmSWA","labelName":"Skill"},"textPosition":{"start":{"row":26,"column":0,"tokenIndex":15,"charIndex":0},"end":{"row":26,"column":0,"tokenIndex":15,"charIndex":6}},"confidenceScore":null},{"id":"1663389347","labeledBy":"AUTO","labeledByUserId":null,"acceptedByUserId":null,"rejectedByUserId":null,"layer":0,"counter":0,"status":"LABELED","hashCode":"SPAN:eS2knCRgLegeRw8bcmSWA:0:27:0:7:0:27:0:10:14:0:undefined:undefined","labelName":"eS2knCRgLegeRw8bcmSWA","labelItem":{"id":"eS2knCRgLegeRw8bcmSWA","labelName":"Skill"},"textPosition":{"start":{"row":27,"column":0,"tokenIndex":7,"charIndex":0},"end":{"row":27,"column":0,"tokenIndex":10,"charIndex":14}},"confidenceScore":null},{"id":"1663389350","labeledBy":"AUTO","labeledByUserId":null,"acceptedByUserId":null,"rejectedByUserId":null,"layer":0,"counter":0,"status":"LABELED","hashCode":"SPAN:eS2knCRgLegeRw8bcmSWA:0:27:0:12:0:27:0:12:4:0:undefined:undefined","labelName":"eS2knCRgLegeRw8bcmSWA","labelItem":{"id":"eS2knCRgLegeRw8bcmSWA","labelName":"Skill"},"textPosition":{"start":{"row":27,"column":0,"tokenIndex":12,"charIndex":0},"end":{"row":27,"column":0,"tokenIndex":12,"charIndex":4}},"confidenceScore":null},{"id":"1663389353","labeledBy":"AUTO","labeledByUserId":null,"acceptedByUserId":null,"rejectedByUserId":null,"layer":0,"counter":0,"status":"LABELED","hashCode":"SPAN:eS2knCRgLegeRw8bcmSWA:0:27:0:14:0:27:0:14:4:0:undefined:undefined","labelName":"eS2knCRgLegeRw8bcmSWA","labelItem":{"id":"eS2knCRgLegeRw8bcmSWA","labelName":"Skill"},"textPosition":{"start":{"row":27,"column":0,"tokenIndex":14,"charIndex":0},"end":{"row":27,"column":0,"tokenIndex":14,"charIndex":4}},"confidenceScore":null},{"id":"1663389356","labeledBy":"AUTO","labeledByUserId":null,"acceptedByUserId":null,"rejectedByUserId":null,"layer":0,"counter":0,"status":"LABELED","hashCode":"SPAN:eS2knCRgLegeRw8bcmSWA:0:28:0:1:0:28:0:2:7:0:undefined:undefined","labelName":"eS2knCRgLegeRw8bcmSWA","labelItem":{"id":"eS2knCRgLegeRw8bcmSWA","labelName":"Skill"},"textPosition":{"start":{"row":28,"column":0,"tokenIndex":1,"charIndex":0},"end":{"row":28,"column":0,"tokenIndex":2,"charIndex":7}},"confidenceScore":null},{"id":"1663389359","labeledBy":"AUTO","labeledByUserId":null,"acceptedByUserId":null,"rejectedByUserId":null,"layer":0,"counter":0,"status":"LABELED","hashCode":"SPAN:eS2knCRgLegeRw8bcmSWA:0:28:0:9:0:28:0:10:11:0:undefined:undefined","labelName":"eS2knCRgLegeRw8bcmSWA","labelItem":{"id":"eS2knCRgLegeRw8bcmSWA","labelName":"Skill"},"textPosition":{"start":{"row":28,"column":0,"tokenIndex":9,"charIndex":0},"end":{"row":28,"column":0,"tokenIndex":10,"charIndex":11}},"confidenceScore":null},{"id":"1663389362","labeledBy":"AUTO","labeledByUserId":null,"acceptedByUserId":null,"rejectedByUserId":null,"layer":0,"counter":0,"status":"LABELED","hashCode":"SPAN:eS2knCRgLegeRw8bcmSWA:0:30:0:8:0:30:0:9:9:0:undefined:undefined","labelName":"eS2knCRgLegeRw8bcmSWA","labelItem":{"id":"eS2knCRgLegeRw8bcmSWA","labelName":"Skill"},"textPosition":{"start":{"row":30,"column":0,"tokenIndex":8,"charIndex":0},"end":{"row":30,"column":0,"tokenIndex":9,"charIndex":9}},"confidenceScore":null},{"id":"1663389365","labeledBy":"AUTO","labeledByUserId":null,"acceptedByUserId":null,"rejectedByUserId":null,"layer":0,"counter":0,"status":"LABELED","hashCode":"SPAN:eS2knCRgLegeRw8bcmSWA:0:31:0:1:0:31:0:2:6:0:undefined:undefined","labelName":"eS2knCRgLegeRw8bcmSWA","labelItem":{"id":"eS2knCRgLegeRw8bcmSWA","labelName":"Skill"},"textPosition":{"start":{"row":31,"column":0,"tokenIndex":1,"charIndex":0},"end":{"row":31,"column":0,"tokenIndex":2,"charIndex":6}},"confidenceScore":null},{"id":"1663389368","labeledBy":"AUTO","labeledByUserId":null,"acceptedByUserId":null,"rejectedByUserId":null,"layer":0,"counter":0,"status":"LABELED","hashCode":"SPAN:eS2knCRgLegeRw8bcmSWA:0:31:0:6:0:31:0:6:5:0:undefined:undefined","labelName":"eS2knCRgLegeRw8bcmSWA","labelItem":{"id":"eS2knCRgLegeRw8bcmSWA","labelName":"Skill"},"textPosition":{"start":{"row":31,"column":0,"tokenIndex":6,"charIndex":0},"end":{"row":31,"column":0,"tokenIndex":6,"charIndex":5}},"confidenceScore":null},{"id":"1663389371","labeledBy":"AUTO","labeledByUserId":null,"acceptedByUserId":null,"rejectedByUserId":null,"layer":0,"counter":0,"status":"LABELED","hashCode":"SPAN:eS2knCRgLegeRw8bcmSWA:0:32:0:1:0:32:0:2:6:0:undefined:undefined","labelName":"eS2knCRgLegeRw8bcmSWA","labelItem":{"id":"eS2knCRgLegeRw8bcmSWA","labelName":"Skill"},"textPosition":{"start":{"row":32,"column":0,"tokenIndex":1,"charIndex":0},"end":{"row":32,"column":0,"tokenIndex":2,"charIndex":6}},"confidenceScore":null},{"id":"1663389374","labeledBy":"AUTO","labeledByUserId":null,"acceptedByUserId":null,"rejectedByUserId":null,"layer":0,"counter":0,"status":"LABELED","hashCode":"SPAN:SJEkdao76hjwbb6Fh5SY6:0:33:0:0:0:33:0:2:4:0:undefined:undefined","labelName":"SJEkdao76hjwbb6Fh5SY6","labelItem":{"id":"SJEkdao76hjwbb6Fh5SY6","labelName":"Job Title"},"textPosition":{"start":{"row":33,"column":0,"tokenIndex":0,"charIndex":0},"end":{"row":33,"column":0,"tokenIndex":2,"charIndex":4}},"confidenceScore":null},{"id":"1663389377","labeledBy":"AUTO","labeledByUserId":null,"acceptedByUserId":null,"rejectedByUserId":null,"layer":0,"counter":0,"status":"LABELED","hashCode":"SPAN:52S_6moRfhjC-yXgIBeCp:0:33:0:3:0:33:0:4:3:0:undefined:undefined","labelName":"52S_6moRfhjC-yXgIBeCp","labelItem":{"id":"52S_6moRfhjC-yXgIBeCp","labelName":"Date"},"textPosition":{"start":{"row":33,"column":0,"tokenIndex":3,"charIndex":0},"end":{"row":33,"column":0,"tokenIndex":4,"charIndex":3}},"confidenceScore":null},{"id":"1663389380","labeledBy":"AUTO","labeledByUserId":null,"acceptedByUserId":null,"rejectedByUserId":null,"layer":0,"counter":0,"status":"LABELED","hashCode":"SPAN:52S_6moRfhjC-yXgIBeCp:0:33:0:6:0:33:0:7:3:0:undefined:undefined","labelName":"52S_6moRfhjC-yXgIBeCp","labelItem":{"id":"52S_6moRfhjC-yXgIBeCp","labelName":"Date"},"textPosition":{"start":{"row":33,"column":0,"tokenIndex":6,"charIndex":0},"end":{"row":33,"column":0,"tokenIndex":7,"charIndex":3}},"confidenceScore":null},{"id":"1663389383","labeledBy":"AUTO","labeledByUserId":null,"acceptedByUserId":null,"rejectedByUserId":null,"layer":0,"counter":0,"status":"LABELED","hashCode":"SPAN:rj7TW0-ymuRo6f_asXJab:0:33:0:8:0:33:0:9:3:0:undefined:undefined","labelName":"rj7TW0-ymuRo6f_asXJab","labelItem":{"id":"rj7TW0-ymuRo6f_asXJab","labelName":"Company Name"},"textPosition":{"start":{"row":33,"column":0,"tokenIndex":8,"charIndex":0},"end":{"row":33,"column":0,"tokenIndex":9,"charIndex":3}},"confidenceScore":null},{"id":"1663389386","labeledBy":"AUTO","labeledByUserId":null,"acceptedByUserId":null,"rejectedByUserId":null,"layer":0,"counter":0,"status":"LABELED","hashCode":"SPAN:1R0C50AAwFbEp2O0WmRv6:0:33:0:11:0:33:0:11:3:0:undefined:undefined","labelName":"1R0C50AAwFbEp2O0WmRv6","labelItem":{"id":"1R0C50AAwFbEp2O0WmRv6","labelName":"Location"},"textPosition":{"start":{"row":33,"column":0,"tokenIndex":11,"charIndex":0},"end":{"row":33,"column":0,"tokenIndex":11,"charIndex":3}},"confidenceScore":null},{"id":"1663389389","labeledBy":"AUTO","labeledByUserId":null,"acceptedByUserId":null,"rejectedByUserId":null,"layer":0,"counter":0,"status":"LABELED","hashCode":"SPAN:1R0C50AAwFbEp2O0WmRv6:0:33:0:13:0:33:0:13:4:0:undefined:undefined","labelName":"1R0C50AAwFbEp2O0WmRv6","labelItem":{"id":"1R0C50AAwFbEp2O0WmRv6","labelName":"Location"},"textPosition":{"start":{"row":33,"column":0,"tokenIndex":13,"charIndex":0},"end":{"row":33,"column":0,"tokenIndex":13,"charIndex":4}},"confidenceScore":null},{"id":"1663389392","labeledBy":"AUTO","labeledByUserId":null,"acceptedByUserId":null,"rejectedByUserId":null,"layer":0,"counter":0,"status":"LABELED","hashCode":"SPAN:eS2knCRgLegeRw8bcmSWA:0:33:0:15:0:33:0:15:11:0:undefined:undefined","labelName":"eS2knCRgLegeRw8bcmSWA","labelItem":{"id":"eS2knCRgLegeRw8bcmSWA","labelName":"Skill"},"textPosition":{"start":{"row":33,"column":0,"tokenIndex":15,"charIndex":0},"end":{"row":33,"column":0,"tokenIndex":15,"charIndex":11}},"confidenceScore":null},{"id":"1663389395","labeledBy":"AUTO","labeledByUserId":null,"acceptedByUserId":null,"rejectedByUserId":null,"layer":0,"counter":0,"status":"LABELED","hashCode":"SPAN:eS2knCRgLegeRw8bcmSWA:0:33:0:23:0:33:0:23:9:0:undefined:undefined","labelName":"eS2knCRgLegeRw8bcmSWA","labelItem":{"id":"eS2knCRgLegeRw8bcmSWA","labelName":"Skill"},"textPosition":{"start":{"row":33,"column":0,"tokenIndex":23,"charIndex":0},"end":{"row":33,"column":0,"tokenIndex":23,"charIndex":9}},"confidenceScore":null},{"id":"1663389398","labeledBy":"AUTO","labeledByUserId":null,"acceptedByUserId":null,"rejectedByUserId":null,"layer":0,"counter":0,"status":"LABELED","hashCode":"SPAN:eS2knCRgLegeRw8bcmSWA:0:33:0:31:0:33:0:31:7:0:undefined:undefined","labelName":"eS2knCRgLegeRw8bcmSWA","labelItem":{"id":"eS2knCRgLegeRw8bcmSWA","labelName":"Skill"},"textPosition":{"start":{"row":33,"column":0,"tokenIndex":31,"charIndex":0},"end":{"row":33,"column":0,"tokenIndex":31,"charIndex":7}},"confidenceScore":null},{"id":"1663389401","labeledBy":"AUTO","labeledByUserId":null,"acceptedByUserId":null,"rejectedByUserId":null,"layer":0,"counter":0,"status":"LABELED","hashCode":"SPAN:eS2knCRgLegeRw8bcmSWA:0:33:0:33:0:33:0:33:6:0:undefined:undefined","labelName":"eS2knCRgLegeRw8bcmSWA","labelItem":{"id":"eS2knCRgLegeRw8bcmSWA","labelName":"Skill"},"textPosition":{"start":{"row":33,"column":0,"tokenIndex":33,"charIndex":0},"end":{"row":33,"column":0,"tokenIndex":33,"charIndex":6}},"confidenceScore":null},{"id":"1663389404","labeledBy":"AUTO","labeledByUserId":null,"acceptedByUserId":null,"rejectedByUserId":null,"layer":0,"counter":0,"status":"LABELED","hashCode":"SPAN:eS2knCRgLegeRw8bcmSWA:0:33:0:36:0:33:0:36:6:0:undefined:undefined","labelName":"eS2knCRgLegeRw8bcmSWA","labelItem":{"id":"eS2knCRgLegeRw8bcmSWA","labelName":"Skill"},"textPosition":{"start":{"row":33,"column":0,"tokenIndex":36,"charIndex":0},"end":{"row":33,"column":0,"tokenIndex":36,"charIndex":6}},"confidenceScore":null},{"id":"1663389407","labeledBy":"AUTO","labeledByUserId":null,"acceptedByUserId":null,"rejectedByUserId":null,"layer":0,"counter":0,"status":"LABELED","hashCode":"SPAN:eS2knCRgLegeRw8bcmSWA:0:33:0:41:0:33:0:44:5:0:undefined:undefined","labelName":"eS2knCRgLegeRw8bcmSWA","labelItem":{"id":"eS2knCRgLegeRw8bcmSWA","labelName":"Skill"},"textPosition":{"start":{"row":33,"column":0,"tokenIndex":41,"charIndex":0},"end":{"row":33,"column":0,"tokenIndex":44,"charIndex":5}},"confidenceScore":null},{"id":"1663389410","labeledBy":"AUTO","labeledByUserId":null,"acceptedByUserId":null,"rejectedByUserId":null,"layer":0,"counter":0,"status":"LABELED","hashCode":"SPAN:eS2knCRgLegeRw8bcmSWA:0:33:0:49:0:33:0:50:6:0:undefined:undefined","labelName":"eS2knCRgLegeRw8bcmSWA","labelItem":{"id":"eS2knCRgLegeRw8bcmSWA","labelName":"Skill"},"textPosition":{"start":{"row":33,"column":0,"tokenIndex":49,"charIndex":0},"end":{"row":33,"column":0,"tokenIndex":50,"charIndex":6}},"confidenceScore":null},{"id":"1663389413","labeledBy":"AUTO","labeledByUserId":null,"acceptedByUserId":null,"rejectedByUserId":null,"layer":0,"counter":0,"status":"LABELED","hashCode":"SPAN:eS2knCRgLegeRw8bcmSWA:0:33:0:55:0:33:0:56:6:0:undefined:undefined","labelName":"eS2knCRgLegeRw8bcmSWA","labelItem":{"id":"eS2knCRgLegeRw8bcmSWA","labelName":"Skill"},"textPosition":{"start":{"row":33,"column":0,"tokenIndex":55,"charIndex":0},"end":{"row":33,"column":0,"tokenIndex":56,"charIndex":6}},"confidenceScore":null},{"id":"1663389416","labeledBy":"AUTO","labeledByUserId":null,"acceptedByUserId":null,"rejectedByUserId":null,"layer":0,"counter":0,"status":"LABELED","hashCode":"SPAN:eS2knCRgLegeRw8bcmSWA:0:33:0:62:0:33:0:64:6:0:undefined:undefined","labelName":"eS2knCRgLegeRw8bcmSWA","labelItem":{"id":"eS2knCRgLegeRw8bcmSWA","labelName":"Skill"},"textPosition":{"start":{"row":33,"column":0,"tokenIndex":62,"charIndex":0},"end":{"row":33,"column":0,"tokenIndex":64,"charIndex":6}},"confidenceScore":null},{"id":"1663389419","labeledBy":"AUTO","labeledByUserId":null,"acceptedByUserId":null,"rejectedByUserId":null,"layer":0,"counter":0,"status":"LABELED","hashCode":"SPAN:eS2knCRgLegeRw8bcmSWA:0:33:0:65:0:33:0:65:10:0:undefined:undefined","labelName":"eS2knCRgLegeRw8bcmSWA","labelItem":{"id":"eS2knCRgLegeRw8bcmSWA","labelName":"Skill"},"textPosition":{"start":{"row":33,"column":0,"tokenIndex":65,"charIndex":0},"end":{"row":33,"column":0,"tokenIndex":65,"charIndex":10}},"confidenceScore":null},{"id":"1663389422","labeledBy":"AUTO","labeledByUserId":null,"acceptedByUserId":null,"rejectedByUserId":null,"layer":0,"counter":0,"status":"LABELED","hashCode":"SPAN:eS2knCRgLegeRw8bcmSWA:0:33:0:67:0:33:0:70:8:0:undefined:undefined","labelName":"eS2knCRgLegeRw8bcmSWA","labelItem":{"id":"eS2knCRgLegeRw8bcmSWA","labelName":"Skill"},"textPosition":{"start":{"row":33,"column":0,"tokenIndex":67,"charIndex":0},"end":{"row":33,"column":0,"tokenIndex":70,"charIndex":8}},"confidenceScore":null},{"id":"1663389425","labeledBy":"AUTO","labeledByUserId":null,"acceptedByUserId":null,"rejectedByUserId":null,"layer":0,"counter":0,"status":"LABELED","hashCode":"SPAN:eS2knCRgLegeRw8bcmSWA:0:34:0:2:0:34:0:3:6:0:undefined:undefined","labelName":"eS2knCRgLegeRw8bcmSWA","labelItem":{"id":"eS2knCRgLegeRw8bcmSWA","labelName":"Skill"},"textPosition":{"start":{"row":34,"column":0,"tokenIndex":2,"charIndex":0},"end":{"row":34,"column":0,"tokenIndex":3,"charIndex":6}},"confidenceScore":null},{"id":"1663389431","labeledBy":"AUTO","labeledByUserId":null,"acceptedByUserId":null,"rejectedByUserId":null,"layer":0,"counter":0,"status":"LABELED","hashCode":"SPAN:eS2knCRgLegeRw8bcmSWA:0:34:0:24:0:34:0:25:6:0:undefined:undefined","labelName":"eS2knCRgLegeRw8bcmSWA","labelItem":{"id":"eS2knCRgLegeRw8bcmSWA","labelName":"Skill"},"textPosition":{"start":{"row":34,"column":0,"tokenIndex":24,"charIndex":0},"end":{"row":34,"column":0,"tokenIndex":25,"charIndex":6}},"confidenceScore":null},{"id":"1663389437","labeledBy":"AUTO","labeledByUserId":null,"acceptedByUserId":null,"rejectedByUserId":null,"layer":0,"counter":0,"status":"LABELED","hashCode":"SPAN:eS2knCRgLegeRw8bcmSWA:0:34:0:27:0:34:0:27:10:0:undefined:undefined","labelName":"eS2knCRgLegeRw8bcmSWA","labelItem":{"id":"eS2knCRgLegeRw8bcmSWA","labelName":"Skill"},"textPosition":{"start":{"row":34,"column":0,"tokenIndex":27,"charIndex":0},"end":{"row":34,"column":0,"tokenIndex":27,"charIndex":10}},"confidenceScore":null},{"id":"1663389440","labeledBy":"AUTO","labeledByUserId":null,"acceptedByUserId":null,"rejectedByUserId":null,"layer":0,"counter":0,"status":"LABELED","hashCode":"SPAN:eS2knCRgLegeRw8bcmSWA:0:34:0:39:0:34:0:40:6:0:undefined:undefined","labelName":"eS2knCRgLegeRw8bcmSWA","labelItem":{"id":"eS2knCRgLegeRw8bcmSWA","labelName":"Skill"},"textPosition":{"start":{"row":34,"column":0,"tokenIndex":39,"charIndex":0},"end":{"row":34,"column":0,"tokenIndex":40,"charIndex":6}},"confidenceScore":null},{"id":"1663389443","labeledBy":"AUTO","labeledByUserId":null,"acceptedByUserId":null,"rejectedByUserId":null,"layer":0,"counter":0,"status":"LABELED","hashCode":"SPAN:eS2knCRgLegeRw8bcmSWA:0:34:0:56:0:34:0:57:11:0:undefined:undefined","labelName":"eS2knCRgLegeRw8bcmSWA","labelItem":{"id":"eS2knCRgLegeRw8bcmSWA","labelName":"Skill"},"textPosition":{"start":{"row":34,"column":0,"tokenIndex":56,"charIndex":0},"end":{"row":34,"column":0,"tokenIndex":57,"charIndex":11}},"confidenceScore":null},{"id":"1663389446","labeledBy":"AUTO","labeledByUserId":null,"acceptedByUserId":null,"rejectedByUserId":null,"layer":0,"counter":0,"status":"LABELED","hashCode":"SPAN:eS2knCRgLegeRw8bcmSWA:0:34:0:58:0:34:0:59:6:0:undefined:undefined","labelName":"eS2knCRgLegeRw8bcmSWA","labelItem":{"id":"eS2knCRgLegeRw8bcmSWA","labelName":"Skill"},"textPosition":{"start":{"row":34,"column":0,"tokenIndex":58,"charIndex":0},"end":{"row":34,"column":0,"tokenIndex":59,"charIndex":6}},"confidenceScore":null},{"id":"1663389449","labeledBy":"AUTO","labeledByUserId":null,"acceptedByUserId":null,"rejectedByUserId":null,"layer":0,"counter":0,"status":"LABELED","hashCode":"SPAN:eS2knCRgLegeRw8bcmSWA:0:34:0:60:0:34:0:60:10:0:undefined:undefined","labelName":"eS2knCRgLegeRw8bcmSWA","labelItem":{"id":"eS2knCRgLegeRw8bcmSWA","labelName":"Skill"},"textPosition":{"start":{"row":34,"column":0,"tokenIndex":60,"charIndex":0},"end":{"row":34,"column":0,"tokenIndex":60,"charIndex":10}},"confidenceScore":null},{"id":"1663389452","labeledBy":"AUTO","labeledByUserId":null,"acceptedByUserId":null,"rejectedByUserId":null,"layer":0,"counter":0,"status":"LABELED","hashCode":"SPAN:eS2knCRgLegeRw8bcmSWA:0:34:0:67:0:34:0:70:14:0:undefined:undefined","labelName":"eS2knCRgLegeRw8bcmSWA","labelItem":{"id":"eS2knCRgLegeRw8bcmSWA","labelName":"Skill"},"textPosition":{"start":{"row":34,"column":0,"tokenIndex":67,"charIndex":0},"end":{"row":34,"column":0,"tokenIndex":70,"charIndex":14}},"confidenceScore":null},{"id":"1663389455","labeledBy":"AUTO","labeledByUserId":null,"acceptedByUserId":null,"rejectedByUserId":null,"layer":0,"counter":0,"status":"LABELED","hashCode":"SPAN:eS2knCRgLegeRw8bcmSWA:0:34:0:81:0:34:0:81:7:0:undefined:undefined","labelName":"eS2knCRgLegeRw8bcmSWA","labelItem":{"id":"eS2knCRgLegeRw8bcmSWA","labelName":"Skill"},"textPosition":{"start":{"row":34,"column":0,"tokenIndex":81,"charIndex":0},"end":{"row":34,"column":0,"tokenIndex":81,"charIndex":7}},"confidenceScore":null},{"id":"1663389458","labeledBy":"AUTO","labeledByUserId":null,"acceptedByUserId":null,"rejectedByUserId":null,"layer":0,"counter":0,"status":"LABELED","hashCode":"SPAN:eS2knCRgLegeRw8bcmSWA:0:34:0:82:0:34:0:83:5:0:undefined:undefined","labelName":"eS2knCRgLegeRw8bcmSWA","labelItem":{"id":"eS2knCRgLegeRw8bcmSWA","labelName":"Skill"},"textPosition":{"start":{"row":34,"column":0,"tokenIndex":82,"charIndex":0},"end":{"row":34,"column":0,"tokenIndex":83,"charIndex":5}},"confidenceScore":null},{"id":"1663389461","labeledBy":"AUTO","labeledByUserId":null,"acceptedByUserId":null,"rejectedByUserId":null,"layer":0,"counter":0,"status":"LABELED","hashCode":"SPAN:eS2knCRgLegeRw8bcmSWA:0:34:0:84:0:34:0:85:9:0:undefined:undefined","labelName":"eS2knCRgLegeRw8bcmSWA","labelItem":{"id":"eS2knCRgLegeRw8bcmSWA","labelName":"Skill"},"textPosition":{"start":{"row":34,"column":0,"tokenIndex":84,"charIndex":0},"end":{"row":34,"column":0,"tokenIndex":85,"charIndex":9}},"confidenceScore":null},{"id":"1663389464","labeledBy":"AUTO","labeledByUserId":null,"acceptedByUserId":null,"rejectedByUserId":null,"layer":0,"counter":0,"status":"LABELED","hashCode":"SPAN:eS2knCRgLegeRw8bcmSWA:0:34:0:87:0:34:0:88:8:0:undefined:undefined","labelName":"eS2knCRgLegeRw8bcmSWA","labelItem":{"id":"eS2knCRgLegeRw8bcmSWA","labelName":"Skill"},"textPosition":{"start":{"row":34,"column":0,"tokenIndex":87,"charIndex":0},"end":{"row":34,"column":0,"tokenIndex":88,"charIndex":8}},"confidenceScore":null},{"id":"1663389467","labeledBy":"AUTO","labeledByUserId":null,"acceptedByUserId":null,"rejectedByUserId":null,"layer":0,"counter":0,"status":"LABELED","hashCode":"SPAN:eS2knCRgLegeRw8bcmSWA:0:34:0:92:0:34:0:94:7:0:undefined:undefined","labelName":"eS2knCRgLegeRw8bcmSWA","labelItem":{"id":"eS2knCRgLegeRw8bcmSWA","labelName":"Skill"},"textPosition":{"start":{"row":34,"column":0,"tokenIndex":92,"charIndex":0},"end":{"row":34,"column":0,"tokenIndex":94,"charIndex":7}},"confidenceScore":null},{"id":"1663389470","labeledBy":"AUTO","labeledByUserId":null,"acceptedByUserId":null,"rejectedByUserId":null,"layer":0,"counter":0,"status":"LABELED","hashCode":"SPAN:IeEoIKabMl51BJE0gX2YL:0:35:0:1:0:35:0:1:13:0:undefined:undefined","labelName":"IeEoIKabMl51BJE0gX2YL","labelItem":{"id":"IeEoIKabMl51BJE0gX2YL","labelName":"Degree"},"textPosition":{"start":{"row":35,"column":0,"tokenIndex":1,"charIndex":0},"end":{"row":35,"column":0,"tokenIndex":1,"charIndex":13}},"confidenceScore":null},{"id":"1663389473","labeledBy":"AUTO","labeledByUserId":null,"acceptedByUserId":null,"rejectedByUserId":null,"layer":0,"counter":0,"status":"LABELED","hashCode":"SPAN:Kj5U6n9NUqTXuWcB3c_7L:0:35:0:2:0:35:0:5:9:0:undefined:undefined","labelName":"Kj5U6n9NUqTXuWcB3c_7L","labelItem":{"id":"Kj5U6n9NUqTXuWcB3c_7L","labelName":"College"},"textPosition":{"start":{"row":35,"column":0,"tokenIndex":2,"charIndex":0},"end":{"row":35,"column":0,"tokenIndex":5,"charIndex":9}},"confidenceScore":null},{"id":"1663389476","labeledBy":"AUTO","labeledByUserId":null,"acceptedByUserId":null,"rejectedByUserId":null,"layer":0,"counter":0,"status":"LABELED","hashCode":"SPAN:1R0C50AAwFbEp2O0WmRv6:0:35:0:7:0:35:0:7:3:0:undefined:undefined","labelName":"1R0C50AAwFbEp2O0WmRv6","labelItem":{"id":"1R0C50AAwFbEp2O0WmRv6","labelName":"Location"},"textPosition":{"start":{"row":35,"column":0,"tokenIndex":7,"charIndex":0},"end":{"row":35,"column":0,"tokenIndex":7,"charIndex":3}},"confidenceScore":null},{"id":"1663389479","labeledBy":"AUTO","labeledByUserId":null,"acceptedByUserId":null,"rejectedByUserId":null,"layer":0,"counter":0,"status":"LABELED","hashCode":"SPAN:1R0C50AAwFbEp2O0WmRv6:0:35:0:9:0:35:0:9:4:0:undefined:undefined","labelName":"1R0C50AAwFbEp2O0WmRv6","labelItem":{"id":"1R0C50AAwFbEp2O0WmRv6","labelName":"Location"},"textPosition":{"start":{"row":35,"column":0,"tokenIndex":9,"charIndex":0},"end":{"row":35,"column":0,"tokenIndex":9,"charIndex":4}},"confidenceScore":null},{"id":"1663389482","labeledBy":"AUTO","labeledByUserId":null,"acceptedByUserId":null,"rejectedByUserId":null,"layer":0,"counter":0,"status":"LABELED","hashCode":"SPAN:BjO8MdvK2KI4E5iMEeY4B:0:35:0:10:0:35:0:10:3:0:undefined:undefined","labelName":"BjO8MdvK2KI4E5iMEeY4B","labelItem":{"id":"BjO8MdvK2KI4E5iMEeY4B","labelName":"Graduation Year"},"textPosition":{"start":{"row":35,"column":0,"tokenIndex":10,"charIndex":0},"end":{"row":35,"column":0,"tokenIndex":10,"charIndex":3}},"confidenceScore":null},{"id":"1663389485","labeledBy":"AUTO","labeledByUserId":null,"acceptedByUserId":null,"rejectedByUserId":null,"layer":0,"counter":0,"status":"LABELED","hashCode":"SPAN:SJEkdao76hjwbb6Fh5SY6:0:35:0:11:0:35:0:17:4:0:undefined:undefined","labelName":"SJEkdao76hjwbb6Fh5SY6","labelItem":{"id":"SJEkdao76hjwbb6Fh5SY6","labelName":"Job Title"},"textPosition":{"start":{"row":35,"column":0,"tokenIndex":11,"charIndex":0},"end":{"row":35,"column":0,"tokenIndex":17,"charIndex":4}},"confidenceScore":null},{"id":"1663389488","labeledBy":"AUTO","labeledByUserId":null,"acceptedByUserId":null,"rejectedByUserId":null,"layer":0,"counter":0,"status":"LABELED","hashCode":"SPAN:1R0C50AAwFbEp2O0WmRv6:0:35:0:19:0:35:0:19:3:0:undefined:undefined","labelName":"1R0C50AAwFbEp2O0WmRv6","labelItem":{"id":"1R0C50AAwFbEp2O0WmRv6","labelName":"Location"},"textPosition":{"start":{"row":35,"column":0,"tokenIndex":19,"charIndex":0},"end":{"row":35,"column":0,"tokenIndex":19,"charIndex":3}},"confidenceScore":null},{"id":"1663389491","labeledBy":"AUTO","labeledByUserId":null,"acceptedByUserId":null,"rejectedByUserId":null,"layer":0,"counter":0,"status":"LABELED","hashCode":"SPAN:1R0C50AAwFbEp2O0WmRv6:0:35:0:21:0:35:0:21:4:0:undefined:undefined","labelName":"1R0C50AAwFbEp2O0WmRv6","labelItem":{"id":"1R0C50AAwFbEp2O0WmRv6","labelName":"Location"},"textPosition":{"start":{"row":35,"column":0,"tokenIndex":21,"charIndex":0},"end":{"row":35,"column":0,"tokenIndex":21,"charIndex":4}},"confidenceScore":null},{"id":"1663389494","labeledBy":"AUTO","labeledByUserId":null,"acceptedByUserId":null,"rejectedByUserId":null,"layer":0,"counter":0,"status":"LABELED","hashCode":"SPAN:1R0C50AAwFbEp2O0WmRv6:0:35:0:33:0:35:0:33:3:0:undefined:undefined","labelName":"1R0C50AAwFbEp2O0WmRv6","labelItem":{"id":"1R0C50AAwFbEp2O0WmRv6","labelName":"Location"},"textPosition":{"start":{"row":35,"column":0,"tokenIndex":33,"charIndex":0},"end":{"row":35,"column":0,"tokenIndex":33,"charIndex":3}},"confidenceScore":null},{"id":"1663389497","labeledBy":"AUTO","labeledByUserId":null,"acceptedByUserId":null,"rejectedByUserId":null,"layer":0,"counter":0,"status":"LABELED","hashCode":"SPAN:1R0C50AAwFbEp2O0WmRv6:0:35:0:35:0:35:0:35:4:0:undefined:undefined","labelName":"1R0C50AAwFbEp2O0WmRv6","labelItem":{"id":"1R0C50AAwFbEp2O0WmRv6","labelName":"Location"},"textPosition":{"start":{"row":35,"column":0,"tokenIndex":35,"charIndex":0},"end":{"row":35,"column":0,"tokenIndex":35,"charIndex":4}},"confidenceScore":null},{"id":"1663389500","labeledBy":"AUTO","labeledByUserId":null,"acceptedByUserId":null,"rejectedByUserId":null,"layer":0,"counter":0,"status":"LABELED","hashCode":"SPAN:eS2knCRgLegeRw8bcmSWA:0:35:0:68:0:35:0:70:1:0:undefined:undefined","labelName":"eS2knCRgLegeRw8bcmSWA","labelItem":{"id":"eS2knCRgLegeRw8bcmSWA","labelName":"Skill"},"textPosition":{"start":{"row":35,"column":0,"tokenIndex":68,"charIndex":0},"end":{"row":35,"column":0,"tokenIndex":70,"charIndex":1}},"confidenceScore":null},{"id":"1663389503","labeledBy":"AUTO","labeledByUserId":null,"acceptedByUserId":null,"rejectedByUserId":null,"layer":0,"counter":0,"status":"LABELED","hashCode":"SPAN:eS2knCRgLegeRw8bcmSWA:0:35:0:71:0:35:0:73:6:0:undefined:undefined","labelName":"eS2knCRgLegeRw8bcmSWA","labelItem":{"id":"eS2knCRgLegeRw8bcmSWA","labelName":"Skill"},"textPosition":{"start":{"row":35,"column":0,"tokenIndex":71,"charIndex":0},"end":{"row":35,"column":0,"tokenIndex":73,"charIndex":6}},"confidenceScore":null},{"id":"1663389506","labeledBy":"AUTO","labeledByUserId":null,"acceptedByUserId":null,"rejectedByUserId":null,"layer":0,"counter":0,"status":"LABELED","hashCode":"SPAN:eS2knCRgLegeRw8bcmSWA:0:35:0:74:0:35:0:74:12:0:undefined:undefined","labelName":"eS2knCRgLegeRw8bcmSWA","labelItem":{"id":"eS2knCRgLegeRw8bcmSWA","labelName":"Skill"},"textPosition":{"start":{"row":35,"column":0,"tokenIndex":74,"charIndex":0},"end":{"row":35,"column":0,"tokenIndex":74,"charIndex":12}},"confidenceScore":null},{"id":"1663389509","labeledBy":"AUTO","labeledByUserId":null,"acceptedByUserId":null,"rejectedByUserId":null,"layer":0,"counter":0,"status":"LABELED","hashCode":"SPAN:eS2knCRgLegeRw8bcmSWA:0:35:0:76:0:35:0:76:13:0:undefined:undefined","labelName":"eS2knCRgLegeRw8bcmSWA","labelItem":{"id":"eS2knCRgLegeRw8bcmSWA","labelName":"Skill"},"textPosition":{"start":{"row":35,"column":0,"tokenIndex":76,"charIndex":0},"end":{"row":35,"column":0,"tokenIndex":76,"charIndex":13}},"confidenceScore":null},{"id":"1663389512","labeledBy":"AUTO","labeledByUserId":null,"acceptedByUserId":null,"rejectedByUserId":null,"layer":0,"counter":0,"status":"LABELED","hashCode":"SPAN:eS2knCRgLegeRw8bcmSWA:0:35:0:77:0:35:0:78:6:0:undefined:undefined","labelName":"eS2knCRgLegeRw8bcmSWA","labelItem":{"id":"eS2knCRgLegeRw8bcmSWA","labelName":"Skill"},"textPosition":{"start":{"row":35,"column":0,"tokenIndex":77,"charIndex":0},"end":{"row":35,"column":0,"tokenIndex":78,"charIndex":6}},"confidenceScore":null},{"id":"1663389515","labeledBy":"AUTO","labeledByUserId":null,"acceptedByUserId":null,"rejectedByUserId":null,"layer":0,"counter":0,"status":"LABELED","hashCode":"SPAN:eS2knCRgLegeRw8bcmSWA:0:35:0:79:0:35:0:80:13:0:undefined:undefined","labelName":"eS2knCRgLegeRw8bcmSWA","labelItem":{"id":"eS2knCRgLegeRw8bcmSWA","labelName":"Skill"},"textPosition":{"start":{"row":35,"column":0,"tokenIndex":79,"charIndex":0},"end":{"row":35,"column":0,"tokenIndex":80,"charIndex":13}},"confidenceScore":null},{"id":"1663389518","labeledBy":"AUTO","labeledByUserId":null,"acceptedByUserId":null,"rejectedByUserId":null,"layer":0,"counter":0,"status":"LABELED","hashCode":"SPAN:eS2knCRgLegeRw8bcmSWA:0:35:0:81:0:35:0:83:7:0:undefined:undefined","labelName":"eS2knCRgLegeRw8bcmSWA","labelItem":{"id":"eS2knCRgLegeRw8bcmSWA","labelName":"Skill"},"textPosition":{"start":{"row":35,"column":0,"tokenIndex":81,"charIndex":0},"end":{"row":35,"column":0,"tokenIndex":83,"charIndex":7}},"confidenceScore":null},{"id":"1663389521","labeledBy":"AUTO","labeledByUserId":null,"acceptedByUserId":null,"rejectedByUserId":null,"layer":0,"counter":0,"status":"LABELED","hashCode":"SPAN:eS2knCRgLegeRw8bcmSWA:0:35:0:84:0:35:0:84:7:0:undefined:undefined","labelName":"eS2knCRgLegeRw8bcmSWA","labelItem":{"id":"eS2knCRgLegeRw8bcmSWA","labelName":"Skill"},"textPosition":{"start":{"row":35,"column":0,"tokenIndex":84,"charIndex":0},"end":{"row":35,"column":0,"tokenIndex":84,"charIndex":7}},"confidenceScore":null},{"id":"1663389524","labeledBy":"AUTO","labeledByUserId":null,"acceptedByUserId":null,"rejectedByUserId":null,"layer":0,"counter":0,"status":"LABELED","hashCode":"SPAN:eS2knCRgLegeRw8bcmSWA:0:35:0:84:0:35:0:85:9:0:undefined:undefined","labelName":"eS2knCRgLegeRw8bcmSWA","labelItem":{"id":"eS2knCRgLegeRw8bcmSWA","labelName":"Skill"},"textPosition":{"start":{"row":35,"column":0,"tokenIndex":84,"charIndex":0},"end":{"row":35,"column":0,"tokenIndex":85,"charIndex":9}},"confidenceScore":null},{"id":"1663389527","labeledBy":"AUTO","labeledByUserId":null,"acceptedByUserId":null,"rejectedByUserId":null,"layer":0,"counter":0,"status":"LABELED","hashCode":"SPAN:eS2knCRgLegeRw8bcmSWA:0:35:0:86:0:35:0:87:7:0:undefined:undefined","labelName":"eS2knCRgLegeRw8bcmSWA","labelItem":{"id":"eS2knCRgLegeRw8bcmSWA","labelName":"Skill"},"textPosition":{"start":{"row":35,"column":0,"tokenIndex":86,"charIndex":0},"end":{"row":35,"column":0,"tokenIndex":87,"charIndex":7}},"confidenceScore":null},{"id":"1663389530","labeledBy":"AUTO","labeledByUserId":null,"acceptedByUserId":null,"rejectedByUserId":null,"layer":0,"counter":0,"status":"LABELED","hashCode":"SPAN:eS2knCRgLegeRw8bcmSWA:0:35:0:88:0:35:0:88:10:0:undefined:undefined","labelName":"eS2knCRgLegeRw8bcmSWA","labelItem":{"id":"eS2knCRgLegeRw8bcmSWA","labelName":"Skill"},"textPosition":{"start":{"row":35,"column":0,"tokenIndex":88,"charIndex":0},"end":{"row":35,"column":0,"tokenIndex":88,"charIndex":10}},"confidenceScore":null},{"id":"1663389533","labeledBy":"AUTO","labeledByUserId":null,"acceptedByUserId":null,"rejectedByUserId":null,"layer":0,"counter":0,"status":"LABELED","hashCode":"SPAN:eS2knCRgLegeRw8bcmSWA:0:35:0:89:0:35:0:89:10:0:undefined:undefined","labelName":"eS2knCRgLegeRw8bcmSWA","labelItem":{"id":"eS2knCRgLegeRw8bcmSWA","labelName":"Skill"},"textPosition":{"start":{"row":35,"column":0,"tokenIndex":89,"charIndex":0},"end":{"row":35,"column":0,"tokenIndex":89,"charIndex":10}},"confidenceScore":null},{"id":"1663389536","labeledBy":"AUTO","labeledByUserId":null,"acceptedByUserId":null,"rejectedByUserId":null,"layer":0,"counter":0,"status":"LABELED","hashCode":"SPAN:eS2knCRgLegeRw8bcmSWA:0:35:0:90:0:35:0:90:10:0:undefined:undefined","labelName":"eS2knCRgLegeRw8bcmSWA","labelItem":{"id":"eS2knCRgLegeRw8bcmSWA","labelName":"Skill"},"textPosition":{"start":{"row":35,"column":0,"tokenIndex":90,"charIndex":0},"end":{"row":35,"column":0,"tokenIndex":90,"charIndex":10}},"confidenceScore":null},{"id":"1663389539","labeledBy":"AUTO","labeledByUserId":null,"acceptedByUserId":null,"rejectedByUserId":null,"layer":0,"counter":0,"status":"LABELED","hashCode":"SPAN:eS2knCRgLegeRw8bcmSWA:0:35:0:91:0:35:0:91:10:0:undefined:undefined","labelName":"eS2knCRgLegeRw8bcmSWA","labelItem":{"id":"eS2knCRgLegeRw8bcmSWA","labelName":"Skill"},"textPosition":{"start":{"row":35,"column":0,"tokenIndex":91,"charIndex":0},"end":{"row":35,"column":0,"tokenIndex":91,"charIndex":10}},"confidenceScore":null},{"id":"1663389542","labeledBy":"AUTO","labeledByUserId":null,"acceptedByUserId":null,"rejectedByUserId":null,"layer":0,"counter":0,"status":"LABELED","hashCode":"SPAN:eS2knCRgLegeRw8bcmSWA:0:35:0:92:0:35:0:92:9:0:undefined:undefined","labelName":"eS2knCRgLegeRw8bcmSWA","labelItem":{"id":"eS2knCRgLegeRw8bcmSWA","labelName":"Skill"},"textPosition":{"start":{"row":35,"column":0,"tokenIndex":92,"charIndex":0},"end":{"row":35,"column":0,"tokenIndex":92,"charIndex":9}},"confidenceScore":null},{"id":"1663389545","labeledBy":"AUTO","labeledByUserId":null,"acceptedByUserId":null,"rejectedByUserId":null,"layer":0,"counter":0,"status":"LABELED","hashCode":"SPAN:eS2knCRgLegeRw8bcmSWA:0:35:0:93:0:35:0:94:7:0:undefined:undefined","labelName":"eS2knCRgLegeRw8bcmSWA","labelItem":{"id":"eS2knCRgLegeRw8bcmSWA","labelName":"Skill"},"textPosition":{"start":{"row":35,"column":0,"tokenIndex":93,"charIndex":0},"end":{"row":35,"column":0,"tokenIndex":94,"charIndex":7}},"confidenceScore":null},{"id":"1663389548","labeledBy":"AUTO","labeledByUserId":null,"acceptedByUserId":null,"rejectedByUserId":null,"layer":0,"counter":0,"status":"LABELED","hashCode":"SPAN:eS2knCRgLegeRw8bcmSWA:0:35:0:95:0:35:0:96:6:0:undefined:undefined","labelName":"eS2knCRgLegeRw8bcmSWA","labelItem":{"id":"eS2knCRgLegeRw8bcmSWA","labelName":"Skill"},"textPosition":{"start":{"row":35,"column":0,"tokenIndex":95,"charIndex":0},"end":{"row":35,"column":0,"tokenIndex":96,"charIndex":6}},"confidenceScore":null},{"id":"1663389551","labeledBy":"AUTO","labeledByUserId":null,"acceptedByUserId":null,"rejectedByUserId":null,"layer":0,"counter":0,"status":"LABELED","hashCode":"SPAN:eS2knCRgLegeRw8bcmSWA:0:35:0:97:0:35:0:98:8:0:undefined:undefined","labelName":"eS2knCRgLegeRw8bcmSWA","labelItem":{"id":"eS2knCRgLegeRw8bcmSWA","labelName":"Skill"},"textPosition":{"start":{"row":35,"column":0,"tokenIndex":97,"charIndex":0},"end":{"row":35,"column":0,"tokenIndex":98,"charIndex":8}},"confidenceScore":null},{"id":"1663389554","labeledBy":"AUTO","labeledByUserId":null,"acceptedByUserId":null,"rejectedByUserId":null,"layer":0,"counter":0,"status":"LABELED","hashCode":"SPAN:eS2knCRgLegeRw8bcmSWA:0:35:0:99:0:35:0:99:7:0:undefined:undefined","labelName":"eS2knCRgLegeRw8bcmSWA","labelItem":{"id":"eS2knCRgLegeRw8bcmSWA","labelName":"Skill"},"textPosition":{"start":{"row":35,"column":0,"tokenIndex":99,"charIndex":0},"end":{"row":35,"column":0,"tokenIndex":99,"charIndex":7}},"confidenceScore":null},{"id":"1663389557","labeledBy":"AUTO","labeledByUserId":null,"acceptedByUserId":null,"rejectedByUserId":null,"layer":0,"counter":0,"status":"LABELED","hashCode":"SPAN:eS2knCRgLegeRw8bcmSWA:0:35:0:100:0:35:0:100:6:0:undefined:undefined","labelName":"eS2knCRgLegeRw8bcmSWA","labelItem":{"id":"eS2knCRgLegeRw8bcmSWA","labelName":"Skill"},"textPosition":{"start":{"row":35,"column":0,"tokenIndex":100,"charIndex":0},"end":{"row":35,"column":0,"tokenIndex":100,"charIndex":6}},"confidenceScore":null},{"id":"1663389560","labeledBy":"AUTO","labeledByUserId":null,"acceptedByUserId":null,"rejectedByUserId":null,"layer":0,"counter":0,"status":"LABELED","hashCode":"SPAN:eS2knCRgLegeRw8bcmSWA:0:35:0:101:0:35:0:101:5:0:undefined:undefined","labelName":"eS2knCRgLegeRw8bcmSWA","labelItem":{"id":"eS2knCRgLegeRw8bcmSWA","labelName":"Skill"},"textPosition":{"start":{"row":35,"column":0,"tokenIndex":101,"charIndex":0},"end":{"row":35,"column":0,"tokenIndex":101,"charIndex":5}},"confidenceScore":null},{"id":"1663389563","labeledBy":"AUTO","labeledByUserId":null,"acceptedByUserId":null,"rejectedByUserId":null,"layer":0,"counter":0,"status":"LABELED","hashCode":"SPAN:eS2knCRgLegeRw8bcmSWA:0:35:0:102:0:35:0:102:11:0:undefined:undefined","labelName":"eS2knCRgLegeRw8bcmSWA","labelItem":{"id":"eS2knCRgLegeRw8bcmSWA","labelName":"Skill"},"textPosition":{"start":{"row":35,"column":0,"tokenIndex":102,"charIndex":0},"end":{"row":35,"column":0,"tokenIndex":102,"charIndex":11}},"confidenceScore":null},{"id":"1663389566","labeledBy":"AUTO","labeledByUserId":null,"acceptedByUserId":null,"rejectedByUserId":null,"layer":0,"counter":0,"status":"LABELED","hashCode":"SPAN:eS2knCRgLegeRw8bcmSWA:0:35:0:103:0:35:0:103:11:0:undefined:undefined","labelName":"eS2knCRgLegeRw8bcmSWA","labelItem":{"id":"eS2knCRgLegeRw8bcmSWA","labelName":"Skill"},"textPosition":{"start":{"row":35,"column":0,"tokenIndex":103,"charIndex":0},"end":{"row":35,"column":0,"tokenIndex":103,"charIndex":11}},"confidenceScore":null},{"id":"1663389569","labeledBy":"AUTO","labeledByUserId":null,"acceptedByUserId":null,"rejectedByUserId":null,"layer":0,"counter":0,"status":"LABELED","hashCode":"SPAN:eS2knCRgLegeRw8bcmSWA:0:35:0:104:0:35:0:104:9:0:undefined:undefined","labelName":"eS2knCRgLegeRw8bcmSWA","labelItem":{"id":"eS2knCRgLegeRw8bcmSWA","labelName":"Skill"},"textPosition":{"start":{"row":35,"column":0,"tokenIndex":104,"charIndex":0},"end":{"row":35,"column":0,"tokenIndex":104,"charIndex":9}},"confidenceScore":null}],"arrowLabels":[],"boundingBoxLabels":[],"timeLabels":[],"comments":[],"url":"datasaur://static/6814/9f38ecb2-dd87-4457-9dee-46d30fb303e7.txt"}}
