{"version":"1","data":{"project":{"id":"ODBjYmQ2MDg","name":"NLP SSM Final Project"},"document":{"id":"194ea3fd-ed10-4afa-a2b3-307ab9ee0252","name":"resume_1947_d2.txt"},"kinds":["TOKEN_BASED"],"rows":[[{"content":"Java Developer Java Developer Java Developer - IDB US Become a core professional in the technology area specific to my qualification and experience and also in relevant technologies.","tokens":["Java","Developer","Java","Developer","Java","Developer","-","IDB","US","Become","a","core","professional","in","the","technology","area","specific","to","my","qualification","and","experience","and","also","in","relevant","technologies."],"metadata":[]}],[{"content":"To grow as an individual, as a professional all the while contributing immensely to the growth of the organization I work with Work Experience Java Developer IDB 2017 to Present Technology Core Java, Oracle11g Team Size - 10 Responsibilities - ?","tokens":["To","grow","as","an","individual,","as","a","professional","all","the","while","contributing","immensely","to","the","growth","of","the","organization","I","work","with","Work","Experience","Java","Developer","IDB","2017","to","Present","Technology","Core","Java,","Oracle11g","Team","Size","-","10","Responsibilities","-","?"],"metadata":[]}],[{"content":"Worked as a Java Developer and contributed towards E2E Testing of Product life cycle ?","tokens":["Worked","as","a","Java","Developer","and","contributed","towards","E2E","Testing","of","Product","life","cycle","?"],"metadata":[]}],[{"content":"Written test cases, test scripts and test Executions.","tokens":["Written","test","cases,","test","scripts","and","test","Executions."],"metadata":[]}],[{"content":"?","tokens":["?"],"metadata":[]}],[{"content":"Conducted Functional & Regression test suites ?","tokens":["Conducted","Functional","&","Regression","test","suites","?"],"metadata":[]}],[{"content":"Bug tracking.","tokens":["Bug","tracking."],"metadata":[]}],[{"content":"Achievements:- I] Awarded \"Star Of The Team\" for outstanding performance in this Project Associate Developer April 2015 to Present Technical Expertise Programming Languages: Core- Java, J2EE, IBM MQ, Integration, Web Services, Spring Web Technologies: Spring MVC Databases: Oracle 10g, Oracle Reports Web/Application Server: IBM Websphare 7 Operating Systems Windows, Linux Frameworks & Tools Eclipse IDE, Maven, SVN, Jira Design Patterns MVC, Singleton, Factory pattern Project 1 - Global Cash Plus(GCP 4.3) Java Developer Kotak Bank, IDBI Bank July 2017 to January 2018 Technology Core Java, Oracle11g Team Size - 7 Responsibilities - ?","tokens":["Achievements:-","I]","Awarded","\"Star","Of","The","Team\"","for","outstanding","performance","in","this","Project","Associate","Developer","April","2015","to","Present","Technical","Expertise","Programming","Languages:","Core-","Java,","J2EE,","IBM","MQ,","Integration,","Web","Services,","Spring","Web","Technologies:","Spring","MVC","Databases:","Oracle","10g,","Oracle","Reports","Web/Application","Server:","IBM","Websphare","7","Operating","Systems","Windows,","Linux","Frameworks","&","Tools","Eclipse","IDE,","Maven,","SVN,","Jira","Design","Patterns","MVC,","Singleton,","Factory","pattern","Project","1","-","Global","Cash","Plus(GCP","4.3)","Java","Developer","Kotak","Bank,","IDBI","Bank","July","2017","to","January","2018","Technology","Core","Java,","Oracle11g","Team","Size","-","7","Responsibilities","-","?"],"metadata":[]}],[{"content":"Involved in CR(Customer Request from Production Environment) ?","tokens":["Involved","in","CR(Customer","Request","from","Production","Environment)","?"],"metadata":[]}],[{"content":"Coding, testing of code and Delivering the Hotfix to clients.","tokens":["Coding,","testing","of","code","and","Delivering","the","Hotfix","to","clients."],"metadata":[]}],[{"content":"Project 3 - \"Total Treasury\" Java Developer M&T Bank December 2016 to June 2017 Technology - Web Based Application, Online Payments, , SQL, Quality Centre Team Size - 8 Project Details - Global CASHplus (GCP) is Fundtech's transaction banking solution that combines comprehensive global cash management with the full range of automated financial supply chain features such as ?","tokens":["Project","3","-","\"Total","Treasury\"","Java","Developer","M&T","Bank","December","2016","to","June","2017","Technology","-","Web","Based","Application,","Online","Payments,",",","SQL,","Quality","Centre","Team","Size","-","8","Project","Details","-","Global","CASHplus","(GCP)","is","Fundtech's","transaction","banking","solution","that","combines","comprehensive","global","cash","management","with","the","full","range","of","automated","financial","supply","chain","features","such","as","?"],"metadata":[]}],[{"content":"Payments ?","tokens":["Payments","?"],"metadata":[]}],[{"content":"Balance-Reporting ?","tokens":["Balance-Reporting","?"],"metadata":[]}],[{"content":"Check Managments ?","tokens":["Check","Managments","?"],"metadata":[]}],[{"content":"Positive Pay Responsibilities:- Involved in Requirement Analysis, Development as per FS & Defect Management Involved in deploying WAR, testing and QC Support closely.","tokens":["Positive","Pay","Responsibilities:-","Involved","in","Requirement","Analysis,","Development","as","per","FS","&","Defect","Management","Involved","in","deploying","WAR,","testing","and","QC","Support","closely."],"metadata":[]}],[{"content":"Flexible to adapt to change in work methodologies in the IT Industry.","tokens":["Flexible","to","adapt","to","change","in","work","methodologies","in","the","IT","Industry."],"metadata":[]}],[{"content":"Hands on in Transaction Banking Domain.","tokens":["Hands","on","in","Transaction","Banking","Domain."],"metadata":[]}],[{"content":"Proficient in Functional, Regression & Accessibility Testing.","tokens":["Proficient","in","Functional,","Regression","&","Accessibility","Testing."],"metadata":[]}],[{"content":"Technologies used:- Oracle11g, Web Services, Core- Java, Apache, WebServer.","tokens":["Technologies","used:-","Oracle11g,","Web","Services,","Core-","Java,","Apache,","WebServer."],"metadata":[]}],[{"content":"Frameworks used in this project are EXT JS, Ajax, Spring Role- Associate Developer Worked as a Java Developer and contributed towards E2E Testing of Product life cycle Written test cases, test scripts and test Executions.","tokens":["Frameworks","used","in","this","project","are","EXT","JS,","Ajax,","Spring","Role-","Associate","Developer","Worked","as","a","Java","Developer","and","contributed","towards","E2E","Testing","of","Product","life","cycle","Written","test","cases,","test","scripts","and","test","Executions."],"metadata":[]}],[{"content":"Conducted Functional & Regression test suites Bug tracking Project 2 - \"Transact Cash In 4.1\" Education Bachelor's","tokens":["Conducted","Functional","&","Regression","test","suites","Bug","tracking","Project","2","-","\"Transact","Cash","In","4.1\"","Education","Bachelor's"],"metadata":[]}]],"labelerInfo":{"id":6814,"email":"cwilhel8@jh.edu","displayName":"Chris Wilhelm"},"labelSets":[{"name":"Resume Labels","index":0,"labelItems":[{"id":"Kj5U6n9NUqTXuWcB3c_7L","labelName":"College"},{"id":"rj7TW0-ymuRo6f_asXJab","labelName":"Company Name"},{"id":"SJEkdao76hjwbb6Fh5SY6","labelName":"Job Title"},{"id":"BjO8MdvK2KI4E5iMEeY4B","labelName":"Graduation Year"},{"id":"eS2knCRgLegeRw8bcmSWA","labelName":"Skill"},{"id":"IeEoIKabMl51BJE0gX2YL","labelName":"Degree"},{"id":"1R0C50AAwFbEp2O0WmRv6","labelName":"Location"},{"id":"zQcc4ygexJ_A3Gb0NeRTk","labelName":"Years of Experience"},{"id":"52S_6moRfhjC-yXgIBeCp","labelName":"Date"},{"id":"KiLarWmwlU1E3-FfdG6Qg","labelName":"Project"},{"id":"dyxKKTAxW1z5ifjPj42BI","labelName":"Name"}]}],"spanLabels":[{"id":"1663397659","labeledBy":"AUTO","labeledByUserId":null,"acceptedByUserId":null,"rejectedByUserId":null,"layer":0,"counter":0,"status":"LABELED","hashCode":"SPAN:SJEkdao76hjwbb6Fh5SY6:0:0:0:0:0:0:0:1:8:0:undefined:undefined","labelName":"SJEkdao76hjwbb6Fh5SY6","labelItem":{"id":"SJEkdao76hjwbb6Fh5SY6","labelName":"Job Title"},"textPosition":{"start":{"row":0,"column":0,"tokenIndex":0,"charIndex":0},"end":{"row":0,"column":0,"tokenIndex":1,"charIndex":8}},"confidenceScore":null},{"id":"1663397662","labeledBy":"AUTO","labeledByUserId":null,"acceptedByUserId":null,"rejectedByUserId":null,"layer":0,"counter":0,"status":"LABELED","hashCode":"SPAN:SJEkdao76hjwbb6Fh5SY6:0:0:0:2:0:0:0:3:8:0:undefined:undefined","labelName":"SJEkdao76hjwbb6Fh5SY6","labelItem":{"id":"SJEkdao76hjwbb6Fh5SY6","labelName":"Job Title"},"textPosition":{"start":{"row":0,"column":0,"tokenIndex":2,"charIndex":0},"end":{"row":0,"column":0,"tokenIndex":3,"charIndex":8}},"confidenceScore":null},{"id":"1663397665","labeledBy":"AUTO","labeledByUserId":null,"acceptedByUserId":null,"rejectedByUserId":null,"layer":0,"counter":0,"status":"LABELED","hashCode":"SPAN:SJEkdao76hjwbb6Fh5SY6:0:0:0:4:0:0:0:5:8:0:undefined:undefined","labelName":"SJEkdao76hjwbb6Fh5SY6","labelItem":{"id":"SJEkdao76hjwbb6Fh5SY6","labelName":"Job Title"},"textPosition":{"start":{"row":0,"column":0,"tokenIndex":4,"charIndex":0},"end":{"row":0,"column":0,"tokenIndex":5,"charIndex":8}},"confidenceScore":null},{"id":"1663397668","labeledBy":"AUTO","labeledByUserId":null,"acceptedByUserId":null,"rejectedByUserId":null,"layer":0,"counter":0,"status":"LABELED","hashCode":"SPAN:rj7TW0-ymuRo6f_asXJab:0:0:0:7:0:0:0:7:2:0:undefined:undefined","labelName":"rj7TW0-ymuRo6f_asXJab","labelItem":{"id":"rj7TW0-ymuRo6f_asXJab","labelName":"Company Name"},"textPosition":{"start":{"row":0,"column":0,"tokenIndex":7,"charIndex":0},"end":{"row":0,"column":0,"tokenIndex":7,"charIndex":2}},"confidenceScore":null},{"id":"1663397671","labeledBy":"AUTO","labeledByUserId":null,"acceptedByUserId":null,"rejectedByUserId":null,"layer":0,"counter":0,"status":"LABELED","hashCode":"SPAN:1R0C50AAwFbEp2O0WmRv6:0:0:0:8:0:0:0:8:1:0:undefined:undefined","labelName":"1R0C50AAwFbEp2O0WmRv6","labelItem":{"id":"1R0C50AAwFbEp2O0WmRv6","labelName":"Location"},"textPosition":{"start":{"row":0,"column":0,"tokenIndex":8,"charIndex":0},"end":{"row":0,"column":0,"tokenIndex":8,"charIndex":1}},"confidenceScore":null},{"id":"1663397677","labeledBy":"AUTO","labeledByUserId":null,"acceptedByUserId":null,"rejectedByUserId":null,"layer":0,"counter":0,"status":"LABELED","hashCode":"SPAN:SJEkdao76hjwbb6Fh5SY6:0:1:0:24:0:1:0:25:8:0:undefined:undefined","labelName":"SJEkdao76hjwbb6Fh5SY6","labelItem":{"id":"SJEkdao76hjwbb6Fh5SY6","labelName":"Job Title"},"textPosition":{"start":{"row":1,"column":0,"tokenIndex":24,"charIndex":0},"end":{"row":1,"column":0,"tokenIndex":25,"charIndex":8}},"confidenceScore":null},{"id":"1663397680","labeledBy":"AUTO","labeledByUserId":null,"acceptedByUserId":null,"rejectedByUserId":null,"layer":0,"counter":0,"status":"LABELED","hashCode":"SPAN:rj7TW0-ymuRo6f_asXJab:0:1:0:26:0:1:0:26:2:0:undefined:undefined","labelName":"rj7TW0-ymuRo6f_asXJab","labelItem":{"id":"rj7TW0-ymuRo6f_asXJab","labelName":"Company Name"},"textPosition":{"start":{"row":1,"column":0,"tokenIndex":26,"charIndex":0},"end":{"row":1,"column":0,"tokenIndex":26,"charIndex":2}},"confidenceScore":null},{"id":"1663397683","labeledBy":"AUTO","labeledByUserId":null,"acceptedByUserId":null,"rejectedByUserId":null,"layer":0,"counter":0,"status":"LABELED","hashCode":"SPAN:52S_6moRfhjC-yXgIBeCp:0:1:0:27:0:1:0:27:3:0:undefined:undefined","labelName":"52S_6moRfhjC-yXgIBeCp","labelItem":{"id":"52S_6moRfhjC-yXgIBeCp","labelName":"Date"},"textPosition":{"start":{"row":1,"column":0,"tokenIndex":27,"charIndex":0},"end":{"row":1,"column":0,"tokenIndex":27,"charIndex":3}},"confidenceScore":null},{"id":"1663397686","labeledBy":"AUTO","labeledByUserId":null,"acceptedByUserId":null,"rejectedByUserId":null,"layer":0,"counter":0,"status":"LABELED","hashCode":"SPAN:52S_6moRfhjC-yXgIBeCp:0:1:0:29:0:1:0:29:6:0:undefined:undefined","labelName":"52S_6moRfhjC-yXgIBeCp","labelItem":{"id":"52S_6moRfhjC-yXgIBeCp","labelName":"Date"},"textPosition":{"start":{"row":1,"column":0,"tokenIndex":29,"charIndex":0},"end":{"row":1,"column":0,"tokenIndex":29,"charIndex":6}},"confidenceScore":null},{"id":"1663397689","labeledBy":"AUTO","labeledByUserId":null,"acceptedByUserId":null,"rejectedByUserId":null,"layer":0,"counter":0,"status":"LABELED","hashCode":"SPAN:eS2knCRgLegeRw8bcmSWA:0:1:0:30:0:1:0:32:4:0:undefined:undefined","labelName":"eS2knCRgLegeRw8bcmSWA","labelItem":{"id":"eS2knCRgLegeRw8bcmSWA","labelName":"Skill"},"textPosition":{"start":{"row":1,"column":0,"tokenIndex":30,"charIndex":0},"end":{"row":1,"column":0,"tokenIndex":32,"charIndex":4}},"confidenceScore":null},{"id":"1663397692","labeledBy":"AUTO","labeledByUserId":null,"acceptedByUserId":null,"rejectedByUserId":null,"layer":0,"counter":0,"status":"LABELED","hashCode":"SPAN:eS2knCRgLegeRw8bcmSWA:0:1:0:33:0:1:0:33:8:0:undefined:undefined","labelName":"eS2knCRgLegeRw8bcmSWA","labelItem":{"id":"eS2knCRgLegeRw8bcmSWA","labelName":"Skill"},"textPosition":{"start":{"row":1,"column":0,"tokenIndex":33,"charIndex":0},"end":{"row":1,"column":0,"tokenIndex":33,"charIndex":8}},"confidenceScore":null},{"id":"1663397695","labeledBy":"AUTO","labeledByUserId":null,"acceptedByUserId":null,"rejectedByUserId":null,"layer":0,"counter":0,"status":"LABELED","hashCode":"SPAN:eS2knCRgLegeRw8bcmSWA:0:2:0:3:0:2:0:4:8:0:undefined:undefined","labelName":"eS2knCRgLegeRw8bcmSWA","labelItem":{"id":"eS2knCRgLegeRw8bcmSWA","labelName":"Skill"},"textPosition":{"start":{"row":2,"column":0,"tokenIndex":3,"charIndex":0},"end":{"row":2,"column":0,"tokenIndex":4,"charIndex":8}},"confidenceScore":null},{"id":"1663397698","labeledBy":"AUTO","labeledByUserId":null,"acceptedByUserId":null,"rejectedByUserId":null,"layer":0,"counter":0,"status":"LABELED","hashCode":"SPAN:eS2knCRgLegeRw8bcmSWA:0:2:0:8:0:2:0:8:2:0:undefined:undefined","labelName":"eS2knCRgLegeRw8bcmSWA","labelItem":{"id":"eS2knCRgLegeRw8bcmSWA","labelName":"Skill"},"textPosition":{"start":{"row":2,"column":0,"tokenIndex":8,"charIndex":0},"end":{"row":2,"column":0,"tokenIndex":8,"charIndex":2}},"confidenceScore":null},{"id":"1663397701","labeledBy":"AUTO","labeledByUserId":null,"acceptedByUserId":null,"rejectedByUserId":null,"layer":0,"counter":0,"status":"LABELED","hashCode":"SPAN:eS2knCRgLegeRw8bcmSWA:0:2:0:8:0:2:0:9:6:0:undefined:undefined","labelName":"eS2knCRgLegeRw8bcmSWA","labelItem":{"id":"eS2knCRgLegeRw8bcmSWA","labelName":"Skill"},"textPosition":{"start":{"row":2,"column":0,"tokenIndex":8,"charIndex":0},"end":{"row":2,"column":0,"tokenIndex":9,"charIndex":6}},"confidenceScore":null},{"id":"1663397704","labeledBy":"AUTO","labeledByUserId":null,"acceptedByUserId":null,"rejectedByUserId":null,"layer":0,"counter":0,"status":"LABELED","hashCode":"SPAN:eS2knCRgLegeRw8bcmSWA:0:2:0:11:0:2:0:13:4:0:undefined:undefined","labelName":"eS2knCRgLegeRw8bcmSWA","labelItem":{"id":"eS2knCRgLegeRw8bcmSWA","labelName":"Skill"},"textPosition":{"start":{"row":2,"column":0,"tokenIndex":11,"charIndex":0},"end":{"row":2,"column":0,"tokenIndex":13,"charIndex":4}},"confidenceScore":null},{"id":"1663397707","labeledBy":"AUTO","labeledByUserId":null,"acceptedByUserId":null,"rejectedByUserId":null,"layer":0,"counter":0,"status":"LABELED","hashCode":"SPAN:eS2knCRgLegeRw8bcmSWA:0:3:0:1:0:3:0:2:5:0:undefined:undefined","labelName":"eS2knCRgLegeRw8bcmSWA","labelItem":{"id":"eS2knCRgLegeRw8bcmSWA","labelName":"Skill"},"textPosition":{"start":{"row":3,"column":0,"tokenIndex":1,"charIndex":0},"end":{"row":3,"column":0,"tokenIndex":2,"charIndex":5}},"confidenceScore":null},{"id":"1663397710","labeledBy":"AUTO","labeledByUserId":null,"acceptedByUserId":null,"rejectedByUserId":null,"layer":0,"counter":0,"status":"LABELED","hashCode":"SPAN:eS2knCRgLegeRw8bcmSWA:0:3:0:3:0:3:0:4:6:0:undefined:undefined","labelName":"eS2knCRgLegeRw8bcmSWA","labelItem":{"id":"eS2knCRgLegeRw8bcmSWA","labelName":"Skill"},"textPosition":{"start":{"row":3,"column":0,"tokenIndex":3,"charIndex":0},"end":{"row":3,"column":0,"tokenIndex":4,"charIndex":6}},"confidenceScore":null},{"id":"1663397713","labeledBy":"AUTO","labeledByUserId":null,"acceptedByUserId":null,"rejectedByUserId":null,"layer":0,"counter":0,"status":"LABELED","hashCode":"SPAN:eS2knCRgLegeRw8bcmSWA:0:3:0:6:0:3:0:7:10:0:undefined:undefined","labelName":"eS2knCRgLegeRw8bcmSWA","labelItem":{"id":"eS2knCRgLegeRw8bcmSWA","labelName":"Skill"},"textPosition":{"start":{"row":3,"column":0,"tokenIndex":6,"charIndex":0},"end":{"row":3,"column":0,"tokenIndex":7,"charIndex":10}},"confidenceScore":null},{"id":"1663397716","labeledBy":"AUTO","labeledByUserId":null,"acceptedByUserId":null,"rejectedByUserId":null,"layer":0,"counter":0,"status":"LABELED","hashCode":"SPAN:eS2knCRgLegeRw8bcmSWA:0:5:0:1:0:5:0:5:5:0:undefined:undefined","labelName":"eS2knCRgLegeRw8bcmSWA","labelItem":{"id":"eS2knCRgLegeRw8bcmSWA","labelName":"Skill"},"textPosition":{"start":{"row":5,"column":0,"tokenIndex":1,"charIndex":0},"end":{"row":5,"column":0,"tokenIndex":5,"charIndex":5}},"confidenceScore":null},{"id":"1663397719","labeledBy":"AUTO","labeledByUserId":null,"acceptedByUserId":null,"rejectedByUserId":null,"layer":0,"counter":0,"status":"LABELED","hashCode":"SPAN:eS2knCRgLegeRw8bcmSWA:0:6:0:0:0:6:0:1:8:0:undefined:undefined","labelName":"eS2knCRgLegeRw8bcmSWA","labelItem":{"id":"eS2knCRgLegeRw8bcmSWA","labelName":"Skill"},"textPosition":{"start":{"row":6,"column":0,"tokenIndex":0,"charIndex":0},"end":{"row":6,"column":0,"tokenIndex":1,"charIndex":8}},"confidenceScore":null},{"id":"1663397722","labeledBy":"AUTO","labeledByUserId":null,"acceptedByUserId":null,"rejectedByUserId":null,"layer":0,"counter":0,"status":"LABELED","hashCode":"SPAN:SJEkdao76hjwbb6Fh5SY6:0:7:0:13:0:7:0:14:8:0:undefined:undefined","labelName":"SJEkdao76hjwbb6Fh5SY6","labelItem":{"id":"SJEkdao76hjwbb6Fh5SY6","labelName":"Job Title"},"textPosition":{"start":{"row":7,"column":0,"tokenIndex":13,"charIndex":0},"end":{"row":7,"column":0,"tokenIndex":14,"charIndex":8}},"confidenceScore":null},{"id":"1663397725","labeledBy":"AUTO","labeledByUserId":null,"acceptedByUserId":null,"rejectedByUserId":null,"layer":0,"counter":0,"status":"LABELED","hashCode":"SPAN:52S_6moRfhjC-yXgIBeCp:0:7:0:15:0:7:0:16:3:0:undefined:undefined","labelName":"52S_6moRfhjC-yXgIBeCp","labelItem":{"id":"52S_6moRfhjC-yXgIBeCp","labelName":"Date"},"textPosition":{"start":{"row":7,"column":0,"tokenIndex":15,"charIndex":0},"end":{"row":7,"column":0,"tokenIndex":16,"charIndex":3}},"confidenceScore":null},{"id":"1663397728","labeledBy":"AUTO","labeledByUserId":null,"acceptedByUserId":null,"rejectedByUserId":null,"layer":0,"counter":0,"status":"LABELED","hashCode":"SPAN:52S_6moRfhjC-yXgIBeCp:0:7:0:18:0:7:0:18:6:0:undefined:undefined","labelName":"52S_6moRfhjC-yXgIBeCp","labelItem":{"id":"52S_6moRfhjC-yXgIBeCp","labelName":"Date"},"textPosition":{"start":{"row":7,"column":0,"tokenIndex":18,"charIndex":0},"end":{"row":7,"column":0,"tokenIndex":18,"charIndex":6}},"confidenceScore":null},{"id":"1663397731","labeledBy":"AUTO","labeledByUserId":null,"acceptedByUserId":null,"rejectedByUserId":null,"layer":0,"counter":0,"status":"LABELED","hashCode":"SPAN:eS2knCRgLegeRw8bcmSWA:0:7:0:24:0:7:0:24:4:0:undefined:undefined","labelName":"eS2knCRgLegeRw8bcmSWA","labelItem":{"id":"eS2knCRgLegeRw8bcmSWA","labelName":"Skill"},"textPosition":{"start":{"row":7,"column":0,"tokenIndex":24,"charIndex":0},"end":{"row":7,"column":0,"tokenIndex":24,"charIndex":4}},"confidenceScore":null},{"id":"1663397734","labeledBy":"AUTO","labeledByUserId":null,"acceptedByUserId":null,"rejectedByUserId":null,"layer":0,"counter":0,"status":"LABELED","hashCode":"SPAN:eS2knCRgLegeRw8bcmSWA:0:7:0:25:0:7:0:25:4:0:undefined:undefined","labelName":"eS2knCRgLegeRw8bcmSWA","labelItem":{"id":"eS2knCRgLegeRw8bcmSWA","labelName":"Skill"},"textPosition":{"start":{"row":7,"column":0,"tokenIndex":25,"charIndex":0},"end":{"row":7,"column":0,"tokenIndex":25,"charIndex":4}},"confidenceScore":null},{"id":"1663397737","labeledBy":"AUTO","labeledByUserId":null,"acceptedByUserId":null,"rejectedByUserId":null,"layer":0,"counter":0,"status":"LABELED","hashCode":"SPAN:eS2knCRgLegeRw8bcmSWA:0:7:0:26:0:7:0:26:2:0:undefined:undefined","labelName":"eS2knCRgLegeRw8bcmSWA","labelItem":{"id":"eS2knCRgLegeRw8bcmSWA","labelName":"Skill"},"textPosition":{"start":{"row":7,"column":0,"tokenIndex":26,"charIndex":0},"end":{"row":7,"column":0,"tokenIndex":26,"charIndex":2}},"confidenceScore":null},{"id":"1663397740","labeledBy":"AUTO","labeledByUserId":null,"acceptedByUserId":null,"rejectedByUserId":null,"layer":0,"counter":0,"status":"LABELED","hashCode":"SPAN:eS2knCRgLegeRw8bcmSWA:0:7:0:27:0:7:0:27:2:0:undefined:undefined","labelName":"eS2knCRgLegeRw8bcmSWA","labelItem":{"id":"eS2knCRgLegeRw8bcmSWA","labelName":"Skill"},"textPosition":{"start":{"row":7,"column":0,"tokenIndex":27,"charIndex":0},"end":{"row":7,"column":0,"tokenIndex":27,"charIndex":2}},"confidenceScore":null},{"id":"1663397743","labeledBy":"AUTO","labeledByUserId":null,"acceptedByUserId":null,"rejectedByUserId":null,"layer":0,"counter":0,"status":"LABELED","hashCode":"SPAN:eS2knCRgLegeRw8bcmSWA:0:7:0:28:0:7:0:28:11:0:undefined:undefined","labelName":"eS2knCRgLegeRw8bcmSWA","labelItem":{"id":"eS2knCRgLegeRw8bcmSWA","labelName":"Skill"},"textPosition":{"start":{"row":7,"column":0,"tokenIndex":28,"charIndex":0},"end":{"row":7,"column":0,"tokenIndex":28,"charIndex":11}},"confidenceScore":null},{"id":"1663397746","labeledBy":"AUTO","labeledByUserId":null,"acceptedByUserId":null,"rejectedByUserId":null,"layer":0,"counter":0,"status":"LABELED","hashCode":"SPAN:eS2knCRgLegeRw8bcmSWA:0:7:0:29:0:7:0:30:8:0:undefined:undefined","labelName":"eS2knCRgLegeRw8bcmSWA","labelItem":{"id":"eS2knCRgLegeRw8bcmSWA","labelName":"Skill"},"textPosition":{"start":{"row":7,"column":0,"tokenIndex":29,"charIndex":0},"end":{"row":7,"column":0,"tokenIndex":30,"charIndex":8}},"confidenceScore":null},{"id":"1663397749","labeledBy":"AUTO","labeledByUserId":null,"acceptedByUserId":null,"rejectedByUserId":null,"layer":0,"counter":0,"status":"LABELED","hashCode":"SPAN:eS2knCRgLegeRw8bcmSWA:0:7:0:31:0:7:0:33:12:0:undefined:undefined","labelName":"eS2knCRgLegeRw8bcmSWA","labelItem":{"id":"eS2knCRgLegeRw8bcmSWA","labelName":"Skill"},"textPosition":{"start":{"row":7,"column":0,"tokenIndex":31,"charIndex":0},"end":{"row":7,"column":0,"tokenIndex":33,"charIndex":12}},"confidenceScore":null},{"id":"1663397752","labeledBy":"AUTO","labeledByUserId":null,"acceptedByUserId":null,"rejectedByUserId":null,"layer":0,"counter":0,"status":"LABELED","hashCode":"SPAN:eS2knCRgLegeRw8bcmSWA:0:7:0:34:0:7:0:36:9:0:undefined:undefined","labelName":"eS2knCRgLegeRw8bcmSWA","labelItem":{"id":"eS2knCRgLegeRw8bcmSWA","labelName":"Skill"},"textPosition":{"start":{"row":7,"column":0,"tokenIndex":34,"charIndex":0},"end":{"row":7,"column":0,"tokenIndex":36,"charIndex":9}},"confidenceScore":null},{"id":"1663397755","labeledBy":"AUTO","labeledByUserId":null,"acceptedByUserId":null,"rejectedByUserId":null,"layer":0,"counter":0,"status":"LABELED","hashCode":"SPAN:eS2knCRgLegeRw8bcmSWA:0:7:0:37:0:7:0:38:3:0:undefined:undefined","labelName":"eS2knCRgLegeRw8bcmSWA","labelItem":{"id":"eS2knCRgLegeRw8bcmSWA","labelName":"Skill"},"textPosition":{"start":{"row":7,"column":0,"tokenIndex":37,"charIndex":0},"end":{"row":7,"column":0,"tokenIndex":38,"charIndex":3}},"confidenceScore":null},{"id":"1663397764","labeledBy":"AUTO","labeledByUserId":null,"acceptedByUserId":null,"rejectedByUserId":null,"layer":0,"counter":0,"status":"LABELED","hashCode":"SPAN:eS2knCRgLegeRw8bcmSWA:0:7:0:39:0:7:0:40:6:0:undefined:undefined","labelName":"eS2knCRgLegeRw8bcmSWA","labelItem":{"id":"eS2knCRgLegeRw8bcmSWA","labelName":"Skill"},"textPosition":{"start":{"row":7,"column":0,"tokenIndex":39,"charIndex":0},"end":{"row":7,"column":0,"tokenIndex":40,"charIndex":6}},"confidenceScore":null},{"id":"1663397761","labeledBy":"AUTO","labeledByUserId":null,"acceptedByUserId":null,"rejectedByUserId":null,"layer":0,"counter":0,"status":"LABELED","hashCode":"SPAN:eS2knCRgLegeRw8bcmSWA:0:7:0:43:0:7:0:45:0:0:undefined:undefined","labelName":"eS2knCRgLegeRw8bcmSWA","labelItem":{"id":"eS2knCRgLegeRw8bcmSWA","labelName":"Skill"},"textPosition":{"start":{"row":7,"column":0,"tokenIndex":43,"charIndex":0},"end":{"row":7,"column":0,"tokenIndex":45,"charIndex":0}},"confidenceScore":null},{"id":"1663397767","labeledBy":"AUTO","labeledByUserId":null,"acceptedByUserId":null,"rejectedByUserId":null,"layer":0,"counter":0,"status":"LABELED","hashCode":"SPAN:eS2knCRgLegeRw8bcmSWA:0:7:0:48:0:7:0:48:7:0:undefined:undefined","labelName":"eS2knCRgLegeRw8bcmSWA","labelItem":{"id":"eS2knCRgLegeRw8bcmSWA","labelName":"Skill"},"textPosition":{"start":{"row":7,"column":0,"tokenIndex":48,"charIndex":0},"end":{"row":7,"column":0,"tokenIndex":48,"charIndex":7}},"confidenceScore":null},{"id":"1663397770","labeledBy":"AUTO","labeledByUserId":null,"acceptedByUserId":null,"rejectedByUserId":null,"layer":0,"counter":0,"status":"LABELED","hashCode":"SPAN:eS2knCRgLegeRw8bcmSWA:0:7:0:49:0:7:0:49:4:0:undefined:undefined","labelName":"eS2knCRgLegeRw8bcmSWA","labelItem":{"id":"eS2knCRgLegeRw8bcmSWA","labelName":"Skill"},"textPosition":{"start":{"row":7,"column":0,"tokenIndex":49,"charIndex":0},"end":{"row":7,"column":0,"tokenIndex":49,"charIndex":4}},"confidenceScore":null},{"id":"1663397773","labeledBy":"AUTO","labeledByUserId":null,"acceptedByUserId":null,"rejectedByUserId":null,"layer":0,"counter":0,"status":"LABELED","hashCode":"SPAN:eS2knCRgLegeRw8bcmSWA:0:7:0:53:0:7:0:53:6:0:undefined:undefined","labelName":"eS2knCRgLegeRw8bcmSWA","labelItem":{"id":"eS2knCRgLegeRw8bcmSWA","labelName":"Skill"},"textPosition":{"start":{"row":7,"column":0,"tokenIndex":53,"charIndex":0},"end":{"row":7,"column":0,"tokenIndex":53,"charIndex":6}},"confidenceScore":null},{"id":"1663397776","labeledBy":"AUTO","labeledByUserId":null,"acceptedByUserId":null,"rejectedByUserId":null,"layer":0,"counter":0,"status":"LABELED","hashCode":"SPAN:eS2knCRgLegeRw8bcmSWA:0:7:0:54:0:7:0:54:3:0:undefined:undefined","labelName":"eS2knCRgLegeRw8bcmSWA","labelItem":{"id":"eS2knCRgLegeRw8bcmSWA","labelName":"Skill"},"textPosition":{"start":{"row":7,"column":0,"tokenIndex":54,"charIndex":0},"end":{"row":7,"column":0,"tokenIndex":54,"charIndex":3}},"confidenceScore":null},{"id":"1663397779","labeledBy":"AUTO","labeledByUserId":null,"acceptedByUserId":null,"rejectedByUserId":null,"layer":0,"counter":0,"status":"LABELED","hashCode":"SPAN:eS2knCRgLegeRw8bcmSWA:0:7:0:55:0:7:0:55:5:0:undefined:undefined","labelName":"eS2knCRgLegeRw8bcmSWA","labelItem":{"id":"eS2knCRgLegeRw8bcmSWA","labelName":"Skill"},"textPosition":{"start":{"row":7,"column":0,"tokenIndex":55,"charIndex":0},"end":{"row":7,"column":0,"tokenIndex":55,"charIndex":5}},"confidenceScore":null},{"id":"1663397782","labeledBy":"AUTO","labeledByUserId":null,"acceptedByUserId":null,"rejectedByUserId":null,"layer":0,"counter":0,"status":"LABELED","hashCode":"SPAN:eS2knCRgLegeRw8bcmSWA:0:7:0:56:0:7:0:56:3:0:undefined:undefined","labelName":"eS2knCRgLegeRw8bcmSWA","labelItem":{"id":"eS2knCRgLegeRw8bcmSWA","labelName":"Skill"},"textPosition":{"start":{"row":7,"column":0,"tokenIndex":56,"charIndex":0},"end":{"row":7,"column":0,"tokenIndex":56,"charIndex":3}},"confidenceScore":null},{"id":"1663397785","labeledBy":"AUTO","labeledByUserId":null,"acceptedByUserId":null,"rejectedByUserId":null,"layer":0,"counter":0,"status":"LABELED","hashCode":"SPAN:eS2knCRgLegeRw8bcmSWA:0:7:0:57:0:7:0:58:5:0:undefined:undefined","labelName":"eS2knCRgLegeRw8bcmSWA","labelItem":{"id":"eS2knCRgLegeRw8bcmSWA","labelName":"Skill"},"textPosition":{"start":{"row":7,"column":0,"tokenIndex":57,"charIndex":0},"end":{"row":7,"column":0,"tokenIndex":58,"charIndex":5}},"confidenceScore":null},{"id":"1663397788","labeledBy":"AUTO","labeledByUserId":null,"acceptedByUserId":null,"rejectedByUserId":null,"layer":0,"counter":0,"status":"LABELED","hashCode":"SPAN:eS2knCRgLegeRw8bcmSWA:0:7:0:57:0:7:0:59:7:0:undefined:undefined","labelName":"eS2knCRgLegeRw8bcmSWA","labelItem":{"id":"eS2knCRgLegeRw8bcmSWA","labelName":"Skill"},"textPosition":{"start":{"row":7,"column":0,"tokenIndex":57,"charIndex":0},"end":{"row":7,"column":0,"tokenIndex":59,"charIndex":7}},"confidenceScore":null},{"id":"1663397791","labeledBy":"AUTO","labeledByUserId":null,"acceptedByUserId":null,"rejectedByUserId":null,"layer":0,"counter":0,"status":"LABELED","hashCode":"SPAN:eS2knCRgLegeRw8bcmSWA:0:7:0:60:0:7:0:60:3:0:undefined:undefined","labelName":"eS2knCRgLegeRw8bcmSWA","labelItem":{"id":"eS2knCRgLegeRw8bcmSWA","labelName":"Skill"},"textPosition":{"start":{"row":7,"column":0,"tokenIndex":60,"charIndex":0},"end":{"row":7,"column":0,"tokenIndex":60,"charIndex":3}},"confidenceScore":null},{"id":"1663397794","labeledBy":"AUTO","labeledByUserId":null,"acceptedByUserId":null,"rejectedByUserId":null,"layer":0,"counter":0,"status":"LABELED","hashCode":"SPAN:eS2knCRgLegeRw8bcmSWA:0:7:0:61:0:7:0:61:9:0:undefined:undefined","labelName":"eS2knCRgLegeRw8bcmSWA","labelItem":{"id":"eS2knCRgLegeRw8bcmSWA","labelName":"Skill"},"textPosition":{"start":{"row":7,"column":0,"tokenIndex":61,"charIndex":0},"end":{"row":7,"column":0,"tokenIndex":61,"charIndex":9}},"confidenceScore":null},{"id":"1663397797","labeledBy":"AUTO","labeledByUserId":null,"acceptedByUserId":null,"rejectedByUserId":null,"layer":0,"counter":0,"status":"LABELED","hashCode":"SPAN:eS2knCRgLegeRw8bcmSWA:0:7:0:62:0:7:0:62:6:0:undefined:undefined","labelName":"eS2knCRgLegeRw8bcmSWA","labelItem":{"id":"eS2knCRgLegeRw8bcmSWA","labelName":"Skill"},"textPosition":{"start":{"row":7,"column":0,"tokenIndex":62,"charIndex":0},"end":{"row":7,"column":0,"tokenIndex":62,"charIndex":6}},"confidenceScore":null},{"id":"1663397800","labeledBy":"AUTO","labeledByUserId":null,"acceptedByUserId":null,"rejectedByUserId":null,"layer":0,"counter":0,"status":"LABELED","hashCode":"SPAN:eS2knCRgLegeRw8bcmSWA:0:7:0:63:0:7:0:63:6:0:undefined:undefined","labelName":"eS2knCRgLegeRw8bcmSWA","labelItem":{"id":"eS2knCRgLegeRw8bcmSWA","labelName":"Skill"},"textPosition":{"start":{"row":7,"column":0,"tokenIndex":63,"charIndex":0},"end":{"row":7,"column":0,"tokenIndex":63,"charIndex":6}},"confidenceScore":null},{"id":"1663397803","labeledBy":"AUTO","labeledByUserId":null,"acceptedByUserId":null,"rejectedByUserId":null,"layer":0,"counter":0,"status":"LABELED","hashCode":"SPAN:KiLarWmwlU1E3-FfdG6Qg:0:7:0:64:0:7:0:65:0:0:undefined:undefined","labelName":"KiLarWmwlU1E3-FfdG6Qg","labelItem":{"id":"KiLarWmwlU1E3-FfdG6Qg","labelName":"Project"},"textPosition":{"start":{"row":7,"column":0,"tokenIndex":64,"charIndex":0},"end":{"row":7,"column":0,"tokenIndex":65,"charIndex":0}},"confidenceScore":null},{"id":"1663397806","labeledBy":"AUTO","labeledByUserId":null,"acceptedByUserId":null,"rejectedByUserId":null,"layer":0,"counter":0,"status":"LABELED","hashCode":"SPAN:eS2knCRgLegeRw8bcmSWA:0:7:0:67:0:7:0:70:3:0:undefined:undefined","labelName":"eS2knCRgLegeRw8bcmSWA","labelItem":{"id":"eS2knCRgLegeRw8bcmSWA","labelName":"Skill"},"textPosition":{"start":{"row":7,"column":0,"tokenIndex":67,"charIndex":0},"end":{"row":7,"column":0,"tokenIndex":70,"charIndex":3}},"confidenceScore":null},{"id":"1663397809","labeledBy":"AUTO","labeledByUserId":null,"acceptedByUserId":null,"rejectedByUserId":null,"layer":0,"counter":0,"status":"LABELED","hashCode":"SPAN:eS2knCRgLegeRw8bcmSWA:0:7:0:71:0:7:0:71:3:0:undefined:undefined","labelName":"eS2knCRgLegeRw8bcmSWA","labelItem":{"id":"eS2knCRgLegeRw8bcmSWA","labelName":"Skill"},"textPosition":{"start":{"row":7,"column":0,"tokenIndex":71,"charIndex":0},"end":{"row":7,"column":0,"tokenIndex":71,"charIndex":3}},"confidenceScore":null},{"id":"1663397818","labeledBy":"AUTO","labeledByUserId":null,"acceptedByUserId":null,"rejectedByUserId":null,"layer":0,"counter":0,"status":"LABELED","hashCode":"SPAN:rj7TW0-ymuRo6f_asXJab:0:7:0:71:0:7:0:72:8:0:undefined:undefined","labelName":"rj7TW0-ymuRo6f_asXJab","labelItem":{"id":"rj7TW0-ymuRo6f_asXJab","labelName":"Company Name"},"textPosition":{"start":{"row":7,"column":0,"tokenIndex":71,"charIndex":0},"end":{"row":7,"column":0,"tokenIndex":72,"charIndex":8}},"confidenceScore":null},{"id":"1663397812","labeledBy":"AUTO","labeledByUserId":null,"acceptedByUserId":null,"rejectedByUserId":null,"layer":0,"counter":0,"status":"LABELED","hashCode":"SPAN:eS2knCRgLegeRw8bcmSWA:0:7:0:72:0:7:0:72:8:0:undefined:undefined","labelName":"eS2knCRgLegeRw8bcmSWA","labelItem":{"id":"eS2knCRgLegeRw8bcmSWA","labelName":"Skill"},"textPosition":{"start":{"row":7,"column":0,"tokenIndex":72,"charIndex":0},"end":{"row":7,"column":0,"tokenIndex":72,"charIndex":8}},"confidenceScore":null},{"id":"1663397821","labeledBy":"AUTO","labeledByUserId":null,"acceptedByUserId":null,"rejectedByUserId":null,"layer":0,"counter":0,"status":"LABELED","hashCode":"SPAN:rj7TW0-ymuRo6f_asXJab:0:7:0:73:0:7:0:74:4:0:undefined:undefined","labelName":"rj7TW0-ymuRo6f_asXJab","labelItem":{"id":"rj7TW0-ymuRo6f_asXJab","labelName":"Company Name"},"textPosition":{"start":{"row":7,"column":0,"tokenIndex":73,"charIndex":0},"end":{"row":7,"column":0,"tokenIndex":74,"charIndex":4}},"confidenceScore":null},{"id":"1663397824","labeledBy":"AUTO","labeledByUserId":null,"acceptedByUserId":null,"rejectedByUserId":null,"layer":0,"counter":0,"status":"LABELED","hashCode":"SPAN:52S_6moRfhjC-yXgIBeCp:0:7:0:77:0:7:0:78:3:0:undefined:undefined","labelName":"52S_6moRfhjC-yXgIBeCp","labelItem":{"id":"52S_6moRfhjC-yXgIBeCp","labelName":"Date"},"textPosition":{"start":{"row":7,"column":0,"tokenIndex":77,"charIndex":0},"end":{"row":7,"column":0,"tokenIndex":78,"charIndex":3}},"confidenceScore":null},{"id":"1663397827","labeledBy":"AUTO","labeledByUserId":null,"acceptedByUserId":null,"rejectedByUserId":null,"layer":0,"counter":0,"status":"LABELED","hashCode":"SPAN:52S_6moRfhjC-yXgIBeCp:0:7:0:80:0:7:0:81:3:0:undefined:undefined","labelName":"52S_6moRfhjC-yXgIBeCp","labelItem":{"id":"52S_6moRfhjC-yXgIBeCp","labelName":"Date"},"textPosition":{"start":{"row":7,"column":0,"tokenIndex":80,"charIndex":0},"end":{"row":7,"column":0,"tokenIndex":81,"charIndex":3}},"confidenceScore":null},{"id":"1663397830","labeledBy":"AUTO","labeledByUserId":null,"acceptedByUserId":null,"rejectedByUserId":null,"layer":0,"counter":0,"status":"LABELED","hashCode":"SPAN:eS2knCRgLegeRw8bcmSWA:0:7:0:84:0:7:0:84:4:0:undefined:undefined","labelName":"eS2knCRgLegeRw8bcmSWA","labelItem":{"id":"eS2knCRgLegeRw8bcmSWA","labelName":"Skill"},"textPosition":{"start":{"row":7,"column":0,"tokenIndex":84,"charIndex":0},"end":{"row":7,"column":0,"tokenIndex":84,"charIndex":4}},"confidenceScore":null},{"id":"1663397833","labeledBy":"AUTO","labeledByUserId":null,"acceptedByUserId":null,"rejectedByUserId":null,"layer":0,"counter":0,"status":"LABELED","hashCode":"SPAN:eS2knCRgLegeRw8bcmSWA:0:7:0:85:0:7:0:85:8:0:undefined:undefined","labelName":"eS2knCRgLegeRw8bcmSWA","labelItem":{"id":"eS2knCRgLegeRw8bcmSWA","labelName":"Skill"},"textPosition":{"start":{"row":7,"column":0,"tokenIndex":85,"charIndex":0},"end":{"row":7,"column":0,"tokenIndex":85,"charIndex":8}},"confidenceScore":null},{"id":"1663397836","labeledBy":"AUTO","labeledByUserId":null,"acceptedByUserId":null,"rejectedByUserId":null,"layer":0,"counter":0,"status":"LABELED","hashCode":"SPAN:eS2knCRgLegeRw8bcmSWA:0:8:0:2:0:8:0:3:6:0:undefined:undefined","labelName":"eS2knCRgLegeRw8bcmSWA","labelItem":{"id":"eS2knCRgLegeRw8bcmSWA","labelName":"Skill"},"textPosition":{"start":{"row":8,"column":0,"tokenIndex":2,"charIndex":0},"end":{"row":8,"column":0,"tokenIndex":3,"charIndex":6}},"confidenceScore":null},{"id":"1663397839","labeledBy":"AUTO","labeledByUserId":null,"acceptedByUserId":null,"rejectedByUserId":null,"layer":0,"counter":0,"status":"LABELED","hashCode":"SPAN:eS2knCRgLegeRw8bcmSWA:0:9:0:0:0:9:0:0:6:0:undefined:undefined","labelName":"eS2knCRgLegeRw8bcmSWA","labelItem":{"id":"eS2knCRgLegeRw8bcmSWA","labelName":"Skill"},"textPosition":{"start":{"row":9,"column":0,"tokenIndex":0,"charIndex":0},"end":{"row":9,"column":0,"tokenIndex":0,"charIndex":6}},"confidenceScore":null},{"id":"1663397842","labeledBy":"AUTO","labeledByUserId":null,"acceptedByUserId":null,"rejectedByUserId":null,"layer":0,"counter":0,"status":"LABELED","hashCode":"SPAN:eS2knCRgLegeRw8bcmSWA:0:9:0:1:0:9:0:1:6:0:undefined:undefined","labelName":"eS2knCRgLegeRw8bcmSWA","labelItem":{"id":"eS2knCRgLegeRw8bcmSWA","labelName":"Skill"},"textPosition":{"start":{"row":9,"column":0,"tokenIndex":1,"charIndex":0},"end":{"row":9,"column":0,"tokenIndex":1,"charIndex":6}},"confidenceScore":null},{"id":"1663397845","labeledBy":"AUTO","labeledByUserId":null,"acceptedByUserId":null,"rejectedByUserId":null,"layer":0,"counter":0,"status":"LABELED","hashCode":"SPAN:eS2knCRgLegeRw8bcmSWA:0:9:0:5:0:9:0:7:5:0:undefined:undefined","labelName":"eS2knCRgLegeRw8bcmSWA","labelItem":{"id":"eS2knCRgLegeRw8bcmSWA","labelName":"Skill"},"textPosition":{"start":{"row":9,"column":0,"tokenIndex":5,"charIndex":0},"end":{"row":9,"column":0,"tokenIndex":7,"charIndex":5}},"confidenceScore":null},{"id":"1663397848","labeledBy":"AUTO","labeledByUserId":null,"acceptedByUserId":null,"rejectedByUserId":null,"layer":0,"counter":0,"status":"LABELED","hashCode":"SPAN:KiLarWmwlU1E3-FfdG6Qg:0:10:0:0:0:10:0:1:0:0:undefined:undefined","labelName":"KiLarWmwlU1E3-FfdG6Qg","labelItem":{"id":"KiLarWmwlU1E3-FfdG6Qg","labelName":"Project"},"textPosition":{"start":{"row":10,"column":0,"tokenIndex":0,"charIndex":0},"end":{"row":10,"column":0,"tokenIndex":1,"charIndex":0}},"confidenceScore":null},{"id":"1663397851","labeledBy":"AUTO","labeledByUserId":null,"acceptedByUserId":null,"rejectedByUserId":null,"layer":0,"counter":0,"status":"LABELED","hashCode":"SPAN:KiLarWmwlU1E3-FfdG6Qg:0:10:0:3:0:10:0:4:8:0:undefined:undefined","labelName":"KiLarWmwlU1E3-FfdG6Qg","labelItem":{"id":"KiLarWmwlU1E3-FfdG6Qg","labelName":"Project"},"textPosition":{"start":{"row":10,"column":0,"tokenIndex":3,"charIndex":0},"end":{"row":10,"column":0,"tokenIndex":4,"charIndex":8}},"confidenceScore":null},{"id":"1663397854","labeledBy":"AUTO","labeledByUserId":null,"acceptedByUserId":null,"rejectedByUserId":null,"layer":0,"counter":0,"status":"LABELED","hashCode":"SPAN:SJEkdao76hjwbb6Fh5SY6:0:10:0:5:0:10:0:6:8:0:undefined:undefined","labelName":"SJEkdao76hjwbb6Fh5SY6","labelItem":{"id":"SJEkdao76hjwbb6Fh5SY6","labelName":"Job Title"},"textPosition":{"start":{"row":10,"column":0,"tokenIndex":5,"charIndex":0},"end":{"row":10,"column":0,"tokenIndex":6,"charIndex":8}},"confidenceScore":null},{"id":"1663397857","labeledBy":"AUTO","labeledByUserId":null,"acceptedByUserId":null,"rejectedByUserId":null,"layer":0,"counter":0,"status":"LABELED","hashCode":"SPAN:rj7TW0-ymuRo6f_asXJab:0:10:0:7:0:10:0:8:3:0:undefined:undefined","labelName":"rj7TW0-ymuRo6f_asXJab","labelItem":{"id":"rj7TW0-ymuRo6f_asXJab","labelName":"Company Name"},"textPosition":{"start":{"row":10,"column":0,"tokenIndex":7,"charIndex":0},"end":{"row":10,"column":0,"tokenIndex":8,"charIndex":3}},"confidenceScore":null},{"id":"1663397860","labeledBy":"AUTO","labeledByUserId":null,"acceptedByUserId":null,"rejectedByUserId":null,"layer":0,"counter":0,"status":"LABELED","hashCode":"SPAN:52S_6moRfhjC-yXgIBeCp:0:10:0:9:0:10:0:10:3:0:undefined:undefined","labelName":"52S_6moRfhjC-yXgIBeCp","labelItem":{"id":"52S_6moRfhjC-yXgIBeCp","labelName":"Date"},"textPosition":{"start":{"row":10,"column":0,"tokenIndex":9,"charIndex":0},"end":{"row":10,"column":0,"tokenIndex":10,"charIndex":3}},"confidenceScore":null},{"id":"1663397863","labeledBy":"AUTO","labeledByUserId":null,"acceptedByUserId":null,"rejectedByUserId":null,"layer":0,"counter":0,"status":"LABELED","hashCode":"SPAN:52S_6moRfhjC-yXgIBeCp:0:10:0:12:0:10:0:13:3:0:undefined:undefined","labelName":"52S_6moRfhjC-yXgIBeCp","labelItem":{"id":"52S_6moRfhjC-yXgIBeCp","labelName":"Date"},"textPosition":{"start":{"row":10,"column":0,"tokenIndex":12,"charIndex":0},"end":{"row":10,"column":0,"tokenIndex":13,"charIndex":3}},"confidenceScore":null},{"id":"1663397866","labeledBy":"AUTO","labeledByUserId":null,"acceptedByUserId":null,"rejectedByUserId":null,"layer":0,"counter":0,"status":"LABELED","hashCode":"SPAN:eS2knCRgLegeRw8bcmSWA:0:10:0:16:0:10:0:18:11:0:undefined:undefined","labelName":"eS2knCRgLegeRw8bcmSWA","labelItem":{"id":"eS2knCRgLegeRw8bcmSWA","labelName":"Skill"},"textPosition":{"start":{"row":10,"column":0,"tokenIndex":16,"charIndex":0},"end":{"row":10,"column":0,"tokenIndex":18,"charIndex":11}},"confidenceScore":null},{"id":"1663397869","labeledBy":"AUTO","labeledByUserId":null,"acceptedByUserId":null,"rejectedByUserId":null,"layer":0,"counter":0,"status":"LABELED","hashCode":"SPAN:eS2knCRgLegeRw8bcmSWA:0:10:0:19:0:10:0:20:8:0:undefined:undefined","labelName":"eS2knCRgLegeRw8bcmSWA","labelItem":{"id":"eS2knCRgLegeRw8bcmSWA","labelName":"Skill"},"textPosition":{"start":{"row":10,"column":0,"tokenIndex":19,"charIndex":0},"end":{"row":10,"column":0,"tokenIndex":20,"charIndex":8}},"confidenceScore":null},{"id":"1663397872","labeledBy":"AUTO","labeledByUserId":null,"acceptedByUserId":null,"rejectedByUserId":null,"layer":0,"counter":0,"status":"LABELED","hashCode":"SPAN:eS2knCRgLegeRw8bcmSWA:0:10:0:22:0:10:0:22:3:0:undefined:undefined","labelName":"eS2knCRgLegeRw8bcmSWA","labelItem":{"id":"eS2knCRgLegeRw8bcmSWA","labelName":"Skill"},"textPosition":{"start":{"row":10,"column":0,"tokenIndex":22,"charIndex":0},"end":{"row":10,"column":0,"tokenIndex":22,"charIndex":3}},"confidenceScore":null},{"id":"1663397875","labeledBy":"AUTO","labeledByUserId":null,"acceptedByUserId":null,"rejectedByUserId":null,"layer":0,"counter":0,"status":"LABELED","hashCode":"SPAN:eS2knCRgLegeRw8bcmSWA:0:18:0:2:0:18:0:2:9:0:undefined:undefined","labelName":"eS2knCRgLegeRw8bcmSWA","labelItem":{"id":"eS2knCRgLegeRw8bcmSWA","labelName":"Skill"},"textPosition":{"start":{"row":18,"column":0,"tokenIndex":2,"charIndex":0},"end":{"row":18,"column":0,"tokenIndex":2,"charIndex":9}},"confidenceScore":null},{"id":"1663397878","labeledBy":"AUTO","labeledByUserId":null,"acceptedByUserId":null,"rejectedByUserId":null,"layer":0,"counter":0,"status":"LABELED","hashCode":"SPAN:eS2knCRgLegeRw8bcmSWA:0:18:0:3:0:18:0:4:8:0:undefined:undefined","labelName":"eS2knCRgLegeRw8bcmSWA","labelItem":{"id":"eS2knCRgLegeRw8bcmSWA","labelName":"Skill"},"textPosition":{"start":{"row":18,"column":0,"tokenIndex":3,"charIndex":0},"end":{"row":18,"column":0,"tokenIndex":4,"charIndex":8}},"confidenceScore":null},{"id":"1663397884","labeledBy":"AUTO","labeledByUserId":null,"acceptedByUserId":null,"rejectedByUserId":null,"layer":0,"counter":0,"status":"LABELED","hashCode":"SPAN:eS2knCRgLegeRw8bcmSWA:0:18:0:6:0:18:0:6:4:0:undefined:undefined","labelName":"eS2knCRgLegeRw8bcmSWA","labelItem":{"id":"eS2knCRgLegeRw8bcmSWA","labelName":"Skill"},"textPosition":{"start":{"row":18,"column":0,"tokenIndex":6,"charIndex":0},"end":{"row":18,"column":0,"tokenIndex":6,"charIndex":4}},"confidenceScore":null},{"id":"1663397881","labeledBy":"AUTO","labeledByUserId":null,"acceptedByUserId":null,"rejectedByUserId":null,"layer":0,"counter":0,"status":"LABELED","hashCode":"SPAN:eS2knCRgLegeRw8bcmSWA:0:18:0:7:0:18:0:7:6:0:undefined:undefined","labelName":"eS2knCRgLegeRw8bcmSWA","labelItem":{"id":"eS2knCRgLegeRw8bcmSWA","labelName":"Skill"},"textPosition":{"start":{"row":18,"column":0,"tokenIndex":7,"charIndex":0},"end":{"row":18,"column":0,"tokenIndex":7,"charIndex":6}},"confidenceScore":null},{"id":"1663397887","labeledBy":"AUTO","labeledByUserId":null,"acceptedByUserId":null,"rejectedByUserId":null,"layer":0,"counter":0,"status":"LABELED","hashCode":"SPAN:eS2knCRgLegeRw8bcmSWA:0:18:0:8:0:18:0:8:9:0:undefined:undefined","labelName":"eS2knCRgLegeRw8bcmSWA","labelItem":{"id":"eS2knCRgLegeRw8bcmSWA","labelName":"Skill"},"textPosition":{"start":{"row":18,"column":0,"tokenIndex":8,"charIndex":0},"end":{"row":18,"column":0,"tokenIndex":8,"charIndex":9}},"confidenceScore":null},{"id":"1663397890","labeledBy":"AUTO","labeledByUserId":null,"acceptedByUserId":null,"rejectedByUserId":null,"layer":0,"counter":0,"status":"LABELED","hashCode":"SPAN:eS2knCRgLegeRw8bcmSWA:0:19:0:6:0:19:0:7:2:0:undefined:undefined","labelName":"eS2knCRgLegeRw8bcmSWA","labelItem":{"id":"eS2knCRgLegeRw8bcmSWA","labelName":"Skill"},"textPosition":{"start":{"row":19,"column":0,"tokenIndex":6,"charIndex":0},"end":{"row":19,"column":0,"tokenIndex":7,"charIndex":2}},"confidenceScore":null},{"id":"1663397893","labeledBy":"AUTO","labeledByUserId":null,"acceptedByUserId":null,"rejectedByUserId":null,"layer":0,"counter":0,"status":"LABELED","hashCode":"SPAN:eS2knCRgLegeRw8bcmSWA:0:19:0:8:0:19:0:8:4:0:undefined:undefined","labelName":"eS2knCRgLegeRw8bcmSWA","labelItem":{"id":"eS2knCRgLegeRw8bcmSWA","labelName":"Skill"},"textPosition":{"start":{"row":19,"column":0,"tokenIndex":8,"charIndex":0},"end":{"row":19,"column":0,"tokenIndex":8,"charIndex":4}},"confidenceScore":null},{"id":"1663397896","labeledBy":"AUTO","labeledByUserId":null,"acceptedByUserId":null,"rejectedByUserId":null,"layer":0,"counter":0,"status":"LABELED","hashCode":"SPAN:eS2knCRgLegeRw8bcmSWA:0:19:0:9:0:19:0:10:4:0:undefined:undefined","labelName":"eS2knCRgLegeRw8bcmSWA","labelItem":{"id":"eS2knCRgLegeRw8bcmSWA","labelName":"Skill"},"textPosition":{"start":{"row":19,"column":0,"tokenIndex":9,"charIndex":0},"end":{"row":19,"column":0,"tokenIndex":10,"charIndex":4}},"confidenceScore":null},{"id":"1663397899","labeledBy":"AUTO","labeledByUserId":null,"acceptedByUserId":null,"rejectedByUserId":null,"layer":0,"counter":0,"status":"LABELED","hashCode":"SPAN:SJEkdao76hjwbb6Fh5SY6:0:19:0:11:0:19:0:12:8:0:undefined:undefined","labelName":"SJEkdao76hjwbb6Fh5SY6","labelItem":{"id":"SJEkdao76hjwbb6Fh5SY6","labelName":"Job Title"},"textPosition":{"start":{"row":19,"column":0,"tokenIndex":11,"charIndex":0},"end":{"row":19,"column":0,"tokenIndex":12,"charIndex":8}},"confidenceScore":null},{"id":"1663397902","labeledBy":"AUTO","labeledByUserId":null,"acceptedByUserId":null,"rejectedByUserId":null,"layer":0,"counter":0,"status":"LABELED","hashCode":"SPAN:eS2knCRgLegeRw8bcmSWA:0:19:0:16:0:19:0:17:8:0:undefined:undefined","labelName":"eS2knCRgLegeRw8bcmSWA","labelItem":{"id":"eS2knCRgLegeRw8bcmSWA","labelName":"Skill"},"textPosition":{"start":{"row":19,"column":0,"tokenIndex":16,"charIndex":0},"end":{"row":19,"column":0,"tokenIndex":17,"charIndex":8}},"confidenceScore":null},{"id":"1663397905","labeledBy":"AUTO","labeledByUserId":null,"acceptedByUserId":null,"rejectedByUserId":null,"layer":0,"counter":0,"status":"LABELED","hashCode":"SPAN:eS2knCRgLegeRw8bcmSWA:0:19:0:21:0:19:0:21:2:0:undefined:undefined","labelName":"eS2knCRgLegeRw8bcmSWA","labelItem":{"id":"eS2knCRgLegeRw8bcmSWA","labelName":"Skill"},"textPosition":{"start":{"row":19,"column":0,"tokenIndex":21,"charIndex":0},"end":{"row":19,"column":0,"tokenIndex":21,"charIndex":2}},"confidenceScore":null},{"id":"1663397908","labeledBy":"AUTO","labeledByUserId":null,"acceptedByUserId":null,"rejectedByUserId":null,"layer":0,"counter":0,"status":"LABELED","hashCode":"SPAN:eS2knCRgLegeRw8bcmSWA:0:19:0:22:0:19:0:22:6:0:undefined:undefined","labelName":"eS2knCRgLegeRw8bcmSWA","labelItem":{"id":"eS2knCRgLegeRw8bcmSWA","labelName":"Skill"},"textPosition":{"start":{"row":19,"column":0,"tokenIndex":22,"charIndex":0},"end":{"row":19,"column":0,"tokenIndex":22,"charIndex":6}},"confidenceScore":null},{"id":"1663397911","labeledBy":"AUTO","labeledByUserId":null,"acceptedByUserId":null,"rejectedByUserId":null,"layer":0,"counter":0,"status":"LABELED","hashCode":"SPAN:eS2knCRgLegeRw8bcmSWA:0:19:0:24:0:19:0:26:4:0:undefined:undefined","labelName":"eS2knCRgLegeRw8bcmSWA","labelItem":{"id":"eS2knCRgLegeRw8bcmSWA","labelName":"Skill"},"textPosition":{"start":{"row":19,"column":0,"tokenIndex":24,"charIndex":0},"end":{"row":19,"column":0,"tokenIndex":26,"charIndex":4}},"confidenceScore":null},{"id":"1663397914","labeledBy":"AUTO","labeledByUserId":null,"acceptedByUserId":null,"rejectedByUserId":null,"layer":0,"counter":0,"status":"LABELED","hashCode":"SPAN:eS2knCRgLegeRw8bcmSWA:0:19:0:27:0:19:0:29:5:0:undefined:undefined","labelName":"eS2knCRgLegeRw8bcmSWA","labelItem":{"id":"eS2knCRgLegeRw8bcmSWA","labelName":"Skill"},"textPosition":{"start":{"row":19,"column":0,"tokenIndex":27,"charIndex":0},"end":{"row":19,"column":0,"tokenIndex":29,"charIndex":5}},"confidenceScore":null},{"id":"1663397917","labeledBy":"AUTO","labeledByUserId":null,"acceptedByUserId":null,"rejectedByUserId":null,"layer":0,"counter":0,"status":"LABELED","hashCode":"SPAN:eS2knCRgLegeRw8bcmSWA:0:19:0:30:0:19:0:31:6:0:undefined:undefined","labelName":"eS2knCRgLegeRw8bcmSWA","labelItem":{"id":"eS2knCRgLegeRw8bcmSWA","labelName":"Skill"},"textPosition":{"start":{"row":19,"column":0,"tokenIndex":30,"charIndex":0},"end":{"row":19,"column":0,"tokenIndex":31,"charIndex":6}},"confidenceScore":null},{"id":"1663397920","labeledBy":"AUTO","labeledByUserId":null,"acceptedByUserId":null,"rejectedByUserId":null,"layer":0,"counter":0,"status":"LABELED","hashCode":"SPAN:eS2knCRgLegeRw8bcmSWA:0:19:0:33:0:19:0:34:10:0:undefined:undefined","labelName":"eS2knCRgLegeRw8bcmSWA","labelItem":{"id":"eS2knCRgLegeRw8bcmSWA","labelName":"Skill"},"textPosition":{"start":{"row":19,"column":0,"tokenIndex":33,"charIndex":0},"end":{"row":19,"column":0,"tokenIndex":34,"charIndex":10}},"confidenceScore":null},{"id":"1663397923","labeledBy":"AUTO","labeledByUserId":null,"acceptedByUserId":null,"rejectedByUserId":null,"layer":0,"counter":0,"status":"LABELED","hashCode":"SPAN:eS2knCRgLegeRw8bcmSWA:0:20:0:1:0:20:0:4:3:0:undefined:undefined","labelName":"eS2knCRgLegeRw8bcmSWA","labelItem":{"id":"eS2knCRgLegeRw8bcmSWA","labelName":"Skill"},"textPosition":{"start":{"row":20,"column":0,"tokenIndex":1,"charIndex":0},"end":{"row":20,"column":0,"tokenIndex":4,"charIndex":3}},"confidenceScore":null},{"id":"1663397926","labeledBy":"AUTO","labeledByUserId":null,"acceptedByUserId":null,"rejectedByUserId":null,"layer":0,"counter":0,"status":"LABELED","hashCode":"SPAN:KiLarWmwlU1E3-FfdG6Qg:0:20:0:8:0:20:0:9:0:0:undefined:undefined","labelName":"KiLarWmwlU1E3-FfdG6Qg","labelItem":{"id":"KiLarWmwlU1E3-FfdG6Qg","labelName":"Project"},"textPosition":{"start":{"row":20,"column":0,"tokenIndex":8,"charIndex":0},"end":{"row":20,"column":0,"tokenIndex":9,"charIndex":0}},"confidenceScore":null},{"id":"1663397929","labeledBy":"AUTO","labeledByUserId":null,"acceptedByUserId":null,"rejectedByUserId":null,"layer":0,"counter":0,"status":"LABELED","hashCode":"SPAN:KiLarWmwlU1E3-FfdG6Qg:0:20:0:11:0:20:0:14:3:0:undefined:undefined","labelName":"KiLarWmwlU1E3-FfdG6Qg","labelItem":{"id":"KiLarWmwlU1E3-FfdG6Qg","labelName":"Project"},"textPosition":{"start":{"row":20,"column":0,"tokenIndex":11,"charIndex":0},"end":{"row":20,"column":0,"tokenIndex":14,"charIndex":3}},"confidenceScore":null},{"id":"1663397932","labeledBy":"AUTO","labeledByUserId":null,"acceptedByUserId":null,"rejectedByUserId":null,"layer":0,"counter":0,"status":"LABELED","hashCode":"SPAN:IeEoIKabMl51BJE0gX2YL:0:20:0:16:0:20:0:16:9:0:undefined:undefined","labelName":"IeEoIKabMl51BJE0gX2YL","labelItem":{"id":"IeEoIKabMl51BJE0gX2YL","labelName":"Degree"},"textPosition":{"start":{"row":20,"column":0,"tokenIndex":16,"charIndex":0},"end":{"row":20,"column":0,"tokenIndex":16,"charIndex":9}},"confidenceScore":null}],"arrowLabels":[],"boundingBoxLabels":[],"timeLabels":[],"comments":[],"url":"datasaur://static/6814/1382064a-3720-4a24-9e96-bb5fb564c247.txt"}}
