{"version":"1","data":{"project":{"id":"ODBjYmQ2MDg","name":"NLP SSM Final Project"},"document":{"id":"f0a4db8d-6070-4644-827a-58bc69862f1c","name":"resume_6954_d2.txt"},"kinds":["TOKEN_BASED"],"rows":[[{"content":"Web Developer Web Developer Work Experience Web Developer azzm - Sudan, TX October 2018 to Present Sudan full stack web developer Web Developer March 2017 to October 2018 Sudan Software Development Analyst February 2018 to June 2018 Saudi Arabia Education Elnaeelain University 2013 to 2019 Skills Javascript, Ionic, Php, Laravel, Python Links https://stackoverflow.com/users/6874376/jodeveloper8 https://github.com/JoDeveloper","tokens":["Web","Developer","Web","Developer","Work","Experience","Web","Developer","azzm","-","Sudan,","TX","October","2018","to","Present","Sudan","full","stack","web","developer","Web","Developer","March","2017","to","October","2018","Sudan","Software","Development","Analyst","February","2018","to","June","2018","Saudi","Arabia","Education","Elnaeelain","University","2013","to","2019","Skills","Javascript,","Ionic,","Php,","Laravel,","Python","Links","https://stackoverflow.com/users/6874376/jodeveloper8","https://github.com/JoDeveloper"],"metadata":[]}]],"labelerInfo":{"id":6814,"email":"cwilhel8@jh.edu","displayName":"Chris Wilhelm"},"labelSets":[{"name":"Resume Labels","index":0,"labelItems":[{"id":"Kj5U6n9NUqTXuWcB3c_7L","labelName":"College"},{"id":"rj7TW0-ymuRo6f_asXJab","labelName":"Company Name"},{"id":"SJEkdao76hjwbb6Fh5SY6","labelName":"Job Title"},{"id":"BjO8MdvK2KI4E5iMEeY4B","labelName":"Graduation Year"},{"id":"eS2knCRgLegeRw8bcmSWA","labelName":"Skill"},{"id":"IeEoIKabMl51BJE0gX2YL","labelName":"Degree"},{"id":"1R0C50AAwFbEp2O0WmRv6","labelName":"Location"},{"id":"zQcc4ygexJ_A3Gb0NeRTk","labelName":"Years of Experience"},{"id":"52S_6moRfhjC-yXgIBeCp","labelName":"Date"},{"id":"KiLarWmwlU1E3-FfdG6Qg","labelName":"Project"},{"id":"dyxKKTAxW1z5ifjPj42BI","labelName":"Name"}]}],"spanLabels":[],"arrowLabels":[],"boundingBoxLabels":[],"timeLabels":[],"comments":[],"url":"datasaur://static/6814/f0a4db8d-6070-4644-827a-58bc69862f1c.txt"}}
