{"version":"1","data":{"project":{"id":"ODBjYmQ2MDg","name":"NLP SSM Final Project"},"document":{"id":"fec821d8-8798-419d-8a8a-346c283ac0d0","name":"resume_864_d1.txt"},"kinds":["TOKEN_BASED"],"rows":[[{"content":"ADVENTURE RUN COORDINATOR Career Focus I am a fitness enthusiast and enjoy living a healthy and active lifestyle.","tokens":["ADVENTURE","RUN","COORDINATOR","Career","Focus","I","am","a","fitness","enthusiast","and","enjoy","living","a","healthy","and","active","lifestyle."],"metadata":[]}],[{"content":"I currently oversee and coordinate many aspects of events in the running community which has made me efficient, a quick problem solver and very attentive to a customers needs or concerns.","tokens":["I","currently","oversee","and","coordinate","many","aspects","of","events","in","the","running","community","which","has","made","me","efficient,","a","quick","problem","solver","and","very","attentive","to","a","customers","needs","or","concerns."],"metadata":[]}],[{"content":"Core Qualifications Time Efficient Encouraging Organized Active Self-Motivated Energetic Hard worker Goal Oriented Education and Training Bachelor of Arts : Psychology Sociology , May 2013 Arizona State University － City , State , United States GPA: GPA: 2.3 GPA: 3.0 2.3 GPA: 3.0 Minor-Sociology Interests Being active in the community.","tokens":["Core","Qualifications","Time","Efficient","Encouraging","Organized","Active","Self-Motivated","Energetic","Hard","worker","Goal","Oriented","Education","and","Training","Bachelor","of","Arts",":","Psychology","Sociology",",","May","2013","Arizona","State","University","－","City",",","State",",","United","States","GPA:","GPA:","2.3","GPA:","3.0","2.3","GPA:","3.0","Minor-Sociology","Interests","Being","active","in","the","community."],"metadata":[]}],[{"content":"Setting fitness and running oriented goals and achieving them.","tokens":["Setting","fitness","and","running","oriented","goals","and","achieving","them."],"metadata":[]}],[{"content":"I signed up for a full 140.6 Ironman in Arizona in 2014 and successfully completed it in November 2015.","tokens":["I","signed","up","for","a","full","140.6","Ironman","in","Arizona","in","2014","and","successfully","completed","it","in","November","2015."],"metadata":[]}],[{"content":"I enjoy running long distances, cycling, hiking, swimming and anything outdoors or that involves being active.","tokens":["I","enjoy","running","long","distances,","cycling,","hiking,","swimming","and","anything","outdoors","or","that","involves","being","active."],"metadata":[]}],[{"content":"I also enjoy helping others through charity projects, events and fundraising.","tokens":["I","also","enjoy","helping","others","through","charity","projects,","events","and","fundraising."],"metadata":[]}],[{"content":"Skills Have experience working on multiple different POS systems, Microsoft, Excel and other organization sites used for scheduling.","tokens":["Skills","Have","experience","working","on","multiple","different","POS","systems,","Microsoft,","Excel","and","other","organization","sites","used","for","scheduling."],"metadata":[]}],[{"content":"Also, very experienced with G-Drive and all its applications.","tokens":["Also,","very","experienced","with","G-Drive","and","all","its","applications."],"metadata":[]}],[{"content":"I am a quick and efficient problem solver when hit with an issue whether it being working under a short time frame or scheduling and unexpected issues that arise.","tokens":["I","am","a","quick","and","efficient","problem","solver","when","hit","with","an","issue","whether","it","being","working","under","a","short","time","frame","or","scheduling","and","unexpected","issues","that","arise."],"metadata":[]}],[{"content":"Managing and communicating with others, not only staff members with information but also leading a team on a regular basis.","tokens":["Managing","and","communicating","with","others,","not","only","staff","members","with","information","but","also","leading","a","team","on","a","regular","basis."],"metadata":[]}],[{"content":"High and motivating energy when working with others but able to adjust is to an appropriate level.","tokens":["High","and","motivating","energy","when","working","with","others","but","able","to","adjust","is","to","an","appropriate","level."],"metadata":[]}],[{"content":"Accomplishments Finishing Ironman Arizona (140.6 Miles)- Not work related but trained roughly 20 hours a week while upholding great performance at work.","tokens":["Accomplishments","Finishing","Ironman","Arizona","(140.6","Miles)-","Not","work","related","but","trained","roughly","20","hours","a","week","while","upholding","great","performance","at","work."],"metadata":[]}],[{"content":"It required excellent time management skills, relentless drive and motivation from within.","tokens":["It","required","excellent","time","management","skills,","relentless","drive","and","motivation","from","within."],"metadata":[]}],[{"content":"Adventure Run Coordinator-Hosted free community monthly runs ranging from 250 to 550 (two different locations), motivated them and marketed the event to increase by 12% over two years with 30% of the participants being brand new.","tokens":["Adventure","Run","Coordinator-Hosted","free","community","monthly","runs","ranging","from","250","to","550","(two","different","locations),","motivated","them","and","marketed","the","event","to","increase","by","12%","over","two","years","with","30%","of","the","participants","being","brand","new."],"metadata":[]}],[{"content":"Also, managed and communicated with staff and volunteers details and tasks throughout event.","tokens":["Also,","managed","and","communicated","with","staff","and","volunteers","details","and","tasks","throughout","event."],"metadata":[]}],[{"content":"Girls on the Run Coach Fall/Spring of 2013- Leading and teaching young girls life skills through running (30 girls at age of 9-11) Team in Training Captain Spring 2012- Motivating other runners and walkers on the team as they trained and reached their goal of running a marathon, via in person, email and while out running.","tokens":["Girls","on","the","Run","Coach","Fall/Spring","of","2013-","Leading","and","teaching","young","girls","life","skills","through","running","(30","girls","at","age","of","9-11)","Team","in","Training","Captain","Spring","2012-","Motivating","other","runners","and","walkers","on","the","team","as","they","trained","and","reached","their","goal","of","running","a","marathon,","via","in","person,","email","and","while","out","running."],"metadata":[]}],[{"content":"(12 participants) Work Experience Adventure Run Coordinator January 2014 to Current Company Name － City , State Adventure Run is a free monthly fun run","tokens":["(12","participants)","Work","Experience","Adventure","Run","Coordinator","January","2014","to","Current","Company","Name","－","City",",","State","Adventure","Run","is","a","free","monthly","fun","run"],"metadata":[]}],[{"content":"produced and owned by Road Runner Sports.","tokens":["produced","and","owned","by","Road","Runner","Sports."],"metadata":[]}],[{"content":"I am the coordinator for two of them, (the two available in","tokens":["I","am","the","coordinator","for","two","of","them,","(the","two","available","in"],"metadata":[]}],[{"content":"Arizona).","tokens":["Arizona)."],"metadata":[]}],[{"content":"The duties and commitments are","tokens":["The","duties","and","commitments","are"],"metadata":[]}],[{"content":"at large variety.","tokens":["at","large","variety."],"metadata":[]}],[{"content":"As a representative","tokens":["As","a","representative"],"metadata":[]}],[{"content":"and coordinator for the program, I am in charge of permitting for the event and","tokens":["and","coordinator","for","the","program,","I","am","in","charge","of","permitting","for","the","event","and"],"metadata":[]}],[{"content":"charity beer garden, some levels of sponsorship and vendors.","tokens":["charity","beer","garden,","some","levels","of","sponsorship","and","vendors."],"metadata":[]}],[{"content":"Securing local vendors and sponsors as well","tokens":["Securing","local","vendors","and","sponsors","as","well"],"metadata":[]}],[{"content":"as locations for post run celebrations.","tokens":["as","locations","for","post","run","celebrations."],"metadata":[]}],[{"content":"Along with these responsibilities, I am in charge of setup and tear","tokens":["Along","with","these","responsibilities,","I","am","in","charge","of","setup","and","tear"],"metadata":[]}],[{"content":"down.","tokens":["down."],"metadata":[]}],[{"content":"I am on the mic during the event","tokens":["I","am","on","the","mic","during","the","event"],"metadata":[]}],[{"content":"of about 500 people, manage up to 25 volunteers at a time during the event and","tokens":["of","about","500","people,","manage","up","to","25","volunteers","at","a","time","during","the","event","and"],"metadata":[]}],[{"content":"effectively schedule them, and communicate details and important facts with the","tokens":["effectively","schedule","them,","and","communicate","details","and","important","facts","with","the"],"metadata":[]}],[{"content":"staff.","tokens":["staff."],"metadata":[]}],[{"content":"Other additional responsibilities","tokens":["Other","additional","responsibilities"],"metadata":[]}],[{"content":"are promoting the event to the surrounding running and fitness community.","tokens":["are","promoting","the","event","to","the","surrounding","running","and","fitness","community."],"metadata":[]}],[{"content":"I am required to be time efficient, extremely","tokens":["I","am","required","to","be","time","efficient,","extremely"],"metadata":[]}],[{"content":"organized and prepped along with the ability to be flexible and overcome","tokens":["organized","and","prepped","along","with","the","ability","to","be","flexible","and","overcome"],"metadata":[]}],[{"content":"unexpected obstacles such as weather changes, cancellations, people running late","tokens":["unexpected","obstacles","such","as","weather","changes,","cancellations,","people","running","late"],"metadata":[]}],[{"content":"and being short staffed all while remaining calm and high energetic.","tokens":["and","being","short","staffed","all","while","remaining","calm","and","high","energetic."],"metadata":[]}],[{"content":"Grassroots Marketing Representative May 2013 to Current Company Name － City , State As a Grassroots Marketing Representative I have","tokens":["Grassroots","Marketing","Representative","May","2013","to","Current","Company","Name","－","City",",","State","As","a","Grassroots","Marketing","Representative","I","have"],"metadata":[]}],[{"content":"a mixture of duties and responsibilities.","tokens":["a","mixture","of","duties","and","responsibilities."],"metadata":[]}],[{"content":"I am the community outlet for both Arizona stores and am in charge of booking","tokens":["I","am","the","community","outlet","for","both","Arizona","stores","and","am","in","charge","of","booking"],"metadata":[]}],[{"content":"group runs, clinics for local teams and packet pick ups for races.","tokens":["group","runs,","clinics","for","local","teams","and","packet","pick","ups","for","races."],"metadata":[]}],[{"content":"I reach out to local gyms and community","tokens":["I","reach","out","to","local","gyms","and","community"],"metadata":[]}],[{"content":"vendors, charity partners that could have potential partnerships with Road","tokens":["vendors,","charity","partners","that","could","have","potential","partnerships","with","Road"],"metadata":[]}],[{"content":"Runner Sports and figure out the best fit for both parties.","tokens":["Runner","Sports","and","figure","out","the","best","fit","for","both","parties."],"metadata":[]}],[{"content":"I also am in charge of managing my own","tokens":["I","also","am","in","charge","of","managing","my","own"],"metadata":[]}],[{"content":"schedule and both Arizona's stores event calendars as well as a budget for the","tokens":["schedule","and","both","Arizona's","stores","event","calendars","as","well","as","a","budget","for","the"],"metadata":[]}],[{"content":"store's events.","tokens":["store's","events."],"metadata":[]}],[{"content":"Cash Wrap October 2011 to May 2013 Company Name － City , State Help customers, new runners and old, find the","tokens":["Cash","Wrap","October","2011","to","May","2013","Company","Name","－","City",",","State","Help","customers,","new","runners","and","old,","find","the"],"metadata":[]}],[{"content":"best items to fit their needs.","tokens":["best","items","to","fit","their","needs."],"metadata":[]}],[{"content":"Also,","tokens":["Also,"],"metadata":[]}],[{"content":"make recommendations and answer any questions in regards to the customer's","tokens":["make","recommendations","and","answer","any","questions","in","regards","to","the","customer's"],"metadata":[]}],[{"content":"running.","tokens":["running."],"metadata":[]}],[{"content":"Multitask while checking","tokens":["Multitask","while","checking"],"metadata":[]}],[{"content":"customers out, answering phone questions and in person.","tokens":["customers","out,","answering","phone","questions","and","in","person."],"metadata":[]}],[{"content":"Operations January 2011 to September 2012 Company Name － City , State Greet and check all members of gym in after","tokens":["Operations","January","2011","to","September","2012","Company","Name","－","City",",","State","Greet","and","check","all","members","of","gym","in","after"],"metadata":[]}],[{"content":"opening up the facility alone.","tokens":["opening","up","the","facility","alone."],"metadata":[]}],[{"content":"I also","tokens":["I","also"],"metadata":[]}],[{"content":"answer all incoming calls and either help assist with their concerns and","tokens":["answer","all","incoming","calls","and","either","help","assist","with","their","concerns","and"],"metadata":[]}],[{"content":"questions or direct them to another associate.","tokens":["questions","or","direct","them","to","another","associate."],"metadata":[]}],[{"content":"I sign in and ring up guests, make appointments for a variety of","tokens":["I","sign","in","and","ring","up","guests,","make","appointments","for","a","variety","of"],"metadata":[]}],[{"content":"services and cancel, and renew memberships.","tokens":["services","and","cancel,","and","renew","memberships."],"metadata":[]}],[{"content":"This requires me to be very successful at multitasking and a","tokens":["This","requires","me","to","be","very","successful","at","multitasking","and","a"],"metadata":[]}],[{"content":"leader.","tokens":["leader."],"metadata":[]}],[{"content":"I must always be on time and","tokens":["I","must","always","be","on","time","and"],"metadata":[]}],[{"content":"have a positive upbeat attitude and always am required to think of the customer","tokens":["have","a","positive","upbeat","attitude","and","always","am","required","to","think","of","the","customer"],"metadata":[]}],[{"content":"first.","tokens":["first."],"metadata":[]}],[{"content":"As it being a company that","tokens":["As","it","being","a","company","that"],"metadata":[]}],[{"content":"portrays healthy lifestyles, as an employee of the company are preferred to","tokens":["portrays","healthy","lifestyles,","as","an","employee","of","the","company","are","preferred","to"],"metadata":[]}],[{"content":"maintain one as well through physical activity at the facility, thus I am","tokens":["maintain","one","as","well","through","physical","activity","at","the","facility,","thus","I","am"],"metadata":[]}],[{"content":"knowledgeable and passionate about it as well.","tokens":["knowledgeable","and","passionate","about","it","as","well."],"metadata":[]}],[{"content":"As well as work 8 hours a week in the childcare with children from the","tokens":["As","well","as","work","8","hours","a","week","in","the","childcare","with","children","from","the"],"metadata":[]}],[{"content":"age of 3 months to 12 years old.","tokens":["age","of","3","months","to","12","years","old."],"metadata":[]}],[{"content":"Front Desk Fitness Attendant April 2006 to January 2011 Company Name － City , State During","tokens":["Front","Desk","Fitness","Attendant","April","2006","to","January","2011","Company","Name","－","City",",","State","During"],"metadata":[]}],[{"content":"the Summer Kid's Camp I work as an Advisor where I plan daily team and","tokens":["the","Summer","Kid's","Camp","I","work","as","an","Advisor","where","I","plan","daily","team","and"],"metadata":[]}],[{"content":"individual activities, help with lunch process and swim sessions, oversee the","tokens":["individual","activities,","help","with","lunch","process","and","swim","sessions,","oversee","the"],"metadata":[]}],[{"content":"children's participation and interact with them.","tokens":["children's","participation","and","interact","with","them."],"metadata":[]}],[{"content":"As","tokens":["As"],"metadata":[]}],[{"content":"a Sports Club team member, I make promotional calls for the member sales","tokens":["a","Sports","Club","team","member,","I","make","promotional","calls","for","the","member","sales"],"metadata":[]}],[{"content":"department, monitor nursery, and monitor pool.","tokens":["department,","monitor","nursery,","and","monitor","pool."],"metadata":[]}],[{"content":"In July, I work the DSL Swim Championships where I am required to","tokens":["In","July,","I","work","the","DSL","Swim","Championships","where","I","am","required","to"],"metadata":[]}],[{"content":"support facility needs for each team; direct spectators to appropriate areas,","tokens":["support","facility","needs","for","each","team;","direct","spectators","to","appropriate","areas,"],"metadata":[]}],[{"content":"maintain a clean, safe event site, and answer general questions.","tokens":["maintain","a","clean,","safe","event","site,","and","answer","general","questions."],"metadata":[]}],[{"content":"Working with people one-on-one and the","tokens":["Working","with","people","one-on-one","and","the"],"metadata":[]}],[{"content":"general public is second nature in this environment as I consistently address","tokens":["general","public","is","second","nature","in","this","environment","as","I","consistently","address"],"metadata":[]}],[{"content":"different questions and problems regularly.","tokens":["different","questions","and","problems","regularly."],"metadata":[]}],[{"content":"As","tokens":["As"],"metadata":[]}],[{"content":"an attendant, I work the front desk of the fitness center and monitor member's","tokens":["an","attendant,","I","work","the","front","desk","of","the","fitness","center","and","monitor","member's"],"metadata":[]}],[{"content":"use of gym.","tokens":["use","of","gym."],"metadata":[]}],[{"content":"Other duties include: Keeping equipment and fitness/ weight room,","tokens":["Other","duties","include:","Keeping","equipment","and","fitness/","weight","room,"],"metadata":[]}],[{"content":"and towels clean and orderly, assist members with other questions that are","tokens":["and","towels","clean","and","orderly,","assist","members","with","other","questions","that","are"],"metadata":[]}],[{"content":"frequently asked; make smoothies, work snack bar, conduct sales in sports","tokens":["frequently","asked;","make","smoothies,","work","snack","bar,","conduct","sales","in","sports"],"metadata":[]}],[{"content":"shop.","tokens":["shop."],"metadata":[]}]],"labelerInfo":{"id":6814,"email":"cwilhel8@jh.edu","displayName":"Chris Wilhelm"},"labelSets":[{"name":"Resume Labels","index":0,"labelItems":[{"id":"Kj5U6n9NUqTXuWcB3c_7L","labelName":"College"},{"id":"rj7TW0-ymuRo6f_asXJab","labelName":"Company Name"},{"id":"SJEkdao76hjwbb6Fh5SY6","labelName":"Job Title"},{"id":"BjO8MdvK2KI4E5iMEeY4B","labelName":"Graduation Year"},{"id":"eS2knCRgLegeRw8bcmSWA","labelName":"Skill"},{"id":"IeEoIKabMl51BJE0gX2YL","labelName":"Degree"},{"id":"1R0C50AAwFbEp2O0WmRv6","labelName":"Location"},{"id":"zQcc4ygexJ_A3Gb0NeRTk","labelName":"Years of Experience"},{"id":"52S_6moRfhjC-yXgIBeCp","labelName":"Date"},{"id":"KiLarWmwlU1E3-FfdG6Qg","labelName":"Project"},{"id":"dyxKKTAxW1z5ifjPj42BI","labelName":"Name"}]}],"spanLabels":[],"arrowLabels":[],"boundingBoxLabels":[],"timeLabels":[],"comments":[],"url":"datasaur://static/6814/fec821d8-8798-419d-8a8a-346c283ac0d0.txt"}}
