{"version":"1","data":{"project":{"id":"ODBjYmQ2MDg","name":"NLP SSM Final Project"},"document":{"id":"a6f2f7aa-2752-4190-ae16-e9bc75d7c000","name":"resume_3144_d2.txt"},"kinds":["TOKEN_BASED"],"rows":[[{"content":"System Support Desktop Specialist System Support Desktop Specialist System Support Desktop Specialist Chicago, IL Work Experience System Support Desktop Specialist Mphasis (MillerCoors) - Chicago, IL October 2017 to April 2019 System Support Desktop Specialist Desktop Specialist Network Natural Leader Dynamic and experienced Desktop Support Analyst with years of varied experience in the Desktop and network support, and some windows server's applications.","tokens":["System","Support","Desktop","Specialist","System","Support","Desktop","Specialist","System","Support","Desktop","Specialist","Chicago,","IL","Work","Experience","System","Support","Desktop","Specialist","Mphasis","(MillerCoors)","-","Chicago,","IL","October","2017","to","April","2019","System","Support","Desktop","Specialist","Desktop","Specialist","Network","Natural","Leader","Dynamic","and","experienced","Desktop","Support","Analyst","with","years","of","varied","experience","in","the","Desktop","and","network","support,","and","some","windows","server's","applications."],"metadata":[]}],[{"content":"Ensure comprehensive implementation of processes and policies to maximize production and streamline core operations.","tokens":["Ensure","comprehensive","implementation","of","processes","and","policies","to","maximize","production","and","streamline","core","operations."],"metadata":[]}],[{"content":"Consummate professional with strong business acumen, skilled interpersonal skills, and solid negotiation prowess.","tokens":["Consummate","professional","with","strong","business","acumen,","skilled","interpersonal","skills,","and","solid","negotiation","prowess."],"metadata":[]}],[{"content":"Innate ability to drive high-functioning teams in fast-paced and complex situations.","tokens":["Innate","ability","to","drive","high-functioning","teams","in","fast-paced","and","complex","situations."],"metadata":[]}],[{"content":"Effective and proven track record of critical thinking, process improvement, and efficiencies.","tokens":["Effective","and","proven","track","record","of","critical","thinking,","process","improvement,","and","efficiencies."],"metadata":[]}],[{"content":"Desktop Support Effective Communication Information Technology Strategic Vision Problem Solving Organizational Effectiveness Complex Systems Mobile Devices Network Protocols Mphasis (MillerCoors) Chicago/IL 10/2017 - 04/2019 (Looking for local, downtown but also open to other locations) Desktop Support / Network Support * Work directly with multiple applications to better streamline operations including LogMeIn(Rescue) with remote rescue calling box, Bitlocker Administration and monitoring, Active Directory, Skype for Business, LAN Sweeper, SCCM delete computers, Tracking UPS, Mozy and Mozy Enterprise and Snow Ticketing System.","tokens":["Desktop","Support","Effective","Communication","Information","Technology","Strategic","Vision","Problem","Solving","Organizational","Effectiveness","Complex","Systems","Mobile","Devices","Network","Protocols","Mphasis","(MillerCoors)","Chicago/IL","10/2017","-","04/2019","(Looking","for","local,","downtown","but","also","open","to","other","locations)","Desktop","Support","/","Network","Support","*","Work","directly","with","multiple","applications","to","better","streamline","operations","including","LogMeIn(Rescue)","with","remote","rescue","calling","box,","Bitlocker","Administration","and","monitoring,","Active","Directory,","Skype","for","Business,","LAN","Sweeper,","SCCM","delete","computers,","Tracking","UPS,","Mozy","and","Mozy","Enterprise","and","Snow","Ticketing","System."],"metadata":[]}],[{"content":"* Effectively support Windows 7 and Windows 10 including end users, remote users, as well as swapping out computers.","tokens":["*","Effectively","support","Windows","7","and","Windows","10","including","end","users,","remote","users,","as","well","as","swapping","out","computers."],"metadata":[]}],[{"content":"* Install multiple hardware and software systems in a fast-paced environment.","tokens":["*","Install","multiple","hardware","and","software","systems","in","a","fast-paced","environment."],"metadata":[]}],[{"content":"* Collaborate with a diverse and multifaceted staff to better keep communication.","tokens":["*","Collaborate","with","a","diverse","and","multifaceted","staff","to","better","keep","communication."],"metadata":[]}],[{"content":"* Deliver world-class customer service in a professional and courteous manner.","tokens":["*","Deliver","world-class","customer","service","in","a","professional","and","courteous","manner."],"metadata":[]}],[{"content":"Desktop Support Technician Elmhurst Hospital - Elmhurst, IL 2016 to 2017 * Successfully built and implemented Cow systems and image Wise systems on both desktop and network.","tokens":["Desktop","Support","Technician","Elmhurst","Hospital","-","Elmhurst,","IL","2016","to","2017","*","Successfully","built","and","implemented","Cow","systems","and","image","Wise","systems","on","both","desktop","and","network."],"metadata":[]}],[{"content":"* Provided administrative support to all end and remote users ensuring smooth troubleshooting, deployment, and swap outs.","tokens":["*","Provided","administrative","support","to","all","end","and","remote","users","ensuring","smooth","troubleshooting,","deployment,","and","swap","outs."],"metadata":[]}],[{"content":"* Drove all move, add, and change installs in support of Windows 7 environment.","tokens":["*","Drove","all","move,","add,","and","change","installs","in","support","of","Windows","7","environment."],"metadata":[]}],[{"content":"* Successfully isolated and resolved multiple customer and client issues until reconciliation.","tokens":["*","Successfully","isolated","and","resolved","multiple","customer","and","client","issues","until","reconciliation."],"metadata":[]}],[{"content":"* Worked directly with senior management, department leaders, and colleagues to better streamline operations.","tokens":["*","Worked","directly","with","senior","management,","department","leaders,","and","colleagues","to","better","streamline","operations."],"metadata":[]}],[{"content":"CSS Service Specialist - Consultant McGraw hill Financial & Education - Chicago, IL 2014 to 2016 * Drove multiple desktop support including working directly with Active Directory, Cisco routers, and support within a Windows environment through phone and in-person.","tokens":["CSS","Service","Specialist","-","Consultant","McGraw","hill","Financial","&","Education","-","Chicago,","IL","2014","to","2016","*","Drove","multiple","desktop","support","including","working","directly","with","Active","Directory,","Cisco","routers,","and","support","within","a","Windows","environment","through","phone","and","in-person."],"metadata":[]}],[{"content":"* Effectively utilized industry-specific knowledge to troubleshoot issues within a high-profile ticketing system.","tokens":["*","Effectively","utilized","industry-specific","knowledge","to","troubleshoot","issues","within","a","high-profile","ticketing","system."],"metadata":[]}],[{"content":"* Upgraded and configured laptop, desktop, and software packages including Windows 7 and 8 to better streamline operations.","tokens":["*","Upgraded","and","configured","laptop,","desktop,","and","software","packages","including","Windows","7","and","8","to","better","streamline","operations."],"metadata":[]}],[{"content":"* Ensured proper setup, configuration, and diagnostics of high-profile and complex computers including laptop and desktop hardware.","tokens":["*","Ensured","proper","setup,","configuration,","and","diagnostics","of","high-profile","and","complex","computers","including","laptop","and","desktop","hardware."],"metadata":[]}],[{"content":"* Assisted a diverse and multifaceted client base through remote administration utilizing LogMeIn.","tokens":["*","Assisted","a","diverse","and","multifaceted","client","base","through","remote","administration","utilizing","LogMeIn."],"metadata":[]}],[{"content":"* Troubleshoot a wide variety of issues including isolating and resolving end user desktop and software-related issues.","tokens":["*","Troubleshoot","a","wide","variety","of","issues","including","isolating","and","resolving","end","user","desktop","and","software-related","issues."],"metadata":[]}],[{"content":"* Provided comprehensive support of videoconferences and multi-media events.","tokens":["*","Provided","comprehensive","support","of","videoconferences","and","multi-media","events."],"metadata":[]}],[{"content":"Network / Desktop Support / Remote Resolution - Consultant PHHS CO - Waukegan, IL 2013 to 2014 * Collaborated with multiple local and remote users to ensure proper function of printers, software, and periphery hardware problems.","tokens":["Network","/","Desktop","Support","/","Remote","Resolution","-","Consultant","PHHS","CO","-","Waukegan,","IL","2013","to","2014","*","Collaborated","with","multiple","local","and","remote","users","to","ensure","proper","function","of","printers,","software,","and","periphery","hardware","problems."],"metadata":[]}],[{"content":"* Drove troubleshooting of Ping and Ipconfig, Windows 7, Office 2010, VPN, VOIP, and other mobile devices.","tokens":["*","Drove","troubleshooting","of","Ping","and","Ipconfig,","Windows","7,","Office","2010,","VPN,","VOIP,","and","other","mobile","devices."],"metadata":[]}],[{"content":"* Utilized industry-specific knowledge to setup and configure diagnostics of computers including IBM/Lenovo ThinkPad PC, and Dell laptops.","tokens":["*","Utilized","industry-specific","knowledge","to","setup","and","configure","diagnostics","of","computers","including","IBM/Lenovo","ThinkPad","PC,","and","Dell","laptops."],"metadata":[]}],[{"content":"* Supported customers and clients remotely and over the phone regarding remote administration tools including Bomgar, video conferencing systems, Windows, and Apple operating systems.","tokens":["*","Supported","customers","and","clients","remotely","and","over","the","phone","regarding","remote","administration","tools","including","Bomgar,","video","conferencing","systems,","Windows,","and","Apple","operating","systems."],"metadata":[]}],[{"content":"* Isolated and resolved end user computer-related problems in a courteous and professional manner.","tokens":["*","Isolated","and","resolved","end","user","computer-related","problems","in","a","courteous","and","professional","manner."],"metadata":[]}],[{"content":"Network Administrator Advocate Condell Hospital - Libertyville, IL 2010 to 2013 * Drove network and desktop support and network security utilizing Matrix Firewall within a Windows environment.","tokens":["Network","Administrator","Advocate","Condell","Hospital","-","Libertyville,","IL","2010","to","2013","*","Drove","network","and","desktop","support","and","network","security","utilizing","Matrix","Firewall","within","a","Windows","environment."],"metadata":[]}],[{"content":"* Supported multiple software applications including HED-HOM, HPF, Netlearning, Micromedex, Laser Arc, and HEC among others.","tokens":["*","Supported","multiple","software","applications","including","HED-HOM,","HPF,","Netlearning,","Micromedex,","Laser","Arc,","and","HEC","among","others."],"metadata":[]}],[{"content":"* Ensured proper installation, implementation, administration, and maintenance of Remote Anywhere, VOIP, and LAN Desktop.","tokens":["*","Ensured","proper","installation,","implementation,","administration,","and","maintenance","of","Remote","Anywhere,","VOIP,","and","LAN","Desktop."],"metadata":[]}],[{"content":"* Effectively performed data backup and recovery initiatives cementing data integrity.","tokens":["*","Effectively","performed","data","backup","and","recovery","initiatives","cementing","data","integrity."],"metadata":[]}],[{"content":"* Planned and managed IT security, Citrix Admin, and SMS Testing.","tokens":["*","Planned","and","managed","IT","security,","Citrix","Admin,","and","SMS","Testing."],"metadata":[]}],[{"content":"* Served as liaison and first point of contact between data processing center and customers.","tokens":["*","Served","as","liaison","and","first","point","of","contact","between","data","processing","center","and","customers."],"metadata":[]}],[{"content":"Education, Development, and Professional Affiliations Education H Washington College Skills Desktop Support, Direct Support, Help Desk, Customer Support, Customer Service, Desktop Support","tokens":["Education,","Development,","and","Professional","Affiliations","Education","H","Washington","College","Skills","Desktop","Support,","Direct","Support,","Help","Desk,","Customer","Support,","Customer","Service,","Desktop","Support"],"metadata":[]}]],"labelerInfo":{"id":6814,"email":"cwilhel8@jh.edu","displayName":"Chris Wilhelm"},"labelSets":[{"name":"Resume Labels","index":0,"labelItems":[{"id":"Kj5U6n9NUqTXuWcB3c_7L","labelName":"College"},{"id":"rj7TW0-ymuRo6f_asXJab","labelName":"Company Name"},{"id":"SJEkdao76hjwbb6Fh5SY6","labelName":"Job Title"},{"id":"BjO8MdvK2KI4E5iMEeY4B","labelName":"Graduation Year"},{"id":"eS2knCRgLegeRw8bcmSWA","labelName":"Skill"},{"id":"IeEoIKabMl51BJE0gX2YL","labelName":"Degree"},{"id":"1R0C50AAwFbEp2O0WmRv6","labelName":"Location"},{"id":"zQcc4ygexJ_A3Gb0NeRTk","labelName":"Years of Experience"},{"id":"52S_6moRfhjC-yXgIBeCp","labelName":"Date"},{"id":"KiLarWmwlU1E3-FfdG6Qg","labelName":"Project"},{"id":"dyxKKTAxW1z5ifjPj42BI","labelName":"Name"}]}],"spanLabels":[],"arrowLabels":[],"boundingBoxLabels":[],"timeLabels":[],"comments":[],"url":"datasaur://static/6814/a6f2f7aa-2752-4190-ae16-e9bc75d7c000.txt"}}
