{"version":"1","data":{"project":{"id":"ODBjYmQ2MDg","name":"NLP SSM Final Project"},"document":{"id":"9fd38c41-1e90-48d8-b24b-dcb1b7b29d17","name":"resume_1222_d1.txt"},"kinds":["TOKEN_BASED"],"rows":[[{"content":"PRINCIPAL CONSULTANT Summary Supply","tokens":["PRINCIPAL","CONSULTANT","Summary","Supply"],"metadata":[]}],[{"content":"Chain and Logistics & management professional with traditional supply chain and transformation experience.","tokens":["Chain","and","Logistics","&","management","professional","with","traditional","supply","chain","and","transformation","experience."],"metadata":[]}],[{"content":"Developed & supported evaluation of key process","tokens":["Developed","&","supported","evaluation","of","key","process"],"metadata":[]}],[{"content":"functions such as strategy & business planning, category management,","tokens":["functions","such","as","strategy","&","business","planning,","category","management,"],"metadata":[]}],[{"content":"strategic sourcing, contractor lifecycle management, vendor risk management,","tokens":["strategic","sourcing,","contractor","lifecycle","management,","vendor","risk","management,"],"metadata":[]}],[{"content":"SRM, purchase to pay and spend analytics.","tokens":["SRM,","purchase","to","pay","and","spend","analytics."],"metadata":[]}],[{"content":"Managed strategy execution,","tokens":["Managed","strategy","execution,"],"metadata":[]}],[{"content":"organizational redesign, strategic cost reduction and utilized technology as","tokens":["organizational","redesign,","strategic","cost","reduction","and","utilized","technology","as"],"metadata":[]}],[{"content":"an enabler for Supply Chain effectiveness.","tokens":["an","enabler","for","Supply","Chain","effectiveness."],"metadata":[]}],[{"content":"Skills Organization Planning & Prioritizing Flexible Thinker Not a destroyer of value Experience 06/2013 to Current Principal Consultant Company Name － City , State ·","tokens":["Skills","Organization","Planning","&","Prioritizing","Flexible","Thinker","Not","a","destroyer","of","value","Experience","06/2013","to","Current","Principal","Consultant","Company","Name","－","City",",","State","·"],"metadata":[]}],[{"content":"Provide consulting","tokens":["Provide","consulting"],"metadata":[]}],[{"content":"services to clients on supply chain transformation initiatives, including","tokens":["services","to","clients","on","supply","chain","transformation","initiatives,","including"],"metadata":[]}],[{"content":"developing integrated, target operating models for large procurement","tokens":["developing","integrated,","target","operating","models","for","large","procurement"],"metadata":[]}],[{"content":"organizations.","tokens":["organizations."],"metadata":[]}],[{"content":"·","tokens":["·"],"metadata":[]}],[{"content":"Help","tokens":["Help"],"metadata":[]}],[{"content":"support the evaluation of key process functions such as strategy, business","tokens":["support","the","evaluation","of","key","process","functions","such","as","strategy,","business"],"metadata":[]}],[{"content":"development, category management and vendor management.","tokens":["development,","category","management","and","vendor","management."],"metadata":[]}],[{"content":"Provide investment","tokens":["Provide","investment"],"metadata":[]}],[{"content":"recovery services which includes brokering used gas processing equipment of all","tokens":["recovery","services","which","includes","brokering","used","gas","processing","equipment","of","all"],"metadata":[]}],[{"content":"types such as cryogenic, amine systems, high pressure separators and","tokens":["types","such","as","cryogenic,","amine","systems,","high","pressure","separators","and"],"metadata":[]}],[{"content":"refrigeration systems.","tokens":["refrigeration","systems."],"metadata":[]}],[{"content":"06/2006 to 09/2013 Strategic Sourcing Manager Company Name － City , State Monitor performance of suppliers and apply appropriate methodology to ensure expected contractual outcomes.","tokens":["06/2006","to","09/2013","Strategic","Sourcing","Manager","Company","Name","－","City",",","State","Monitor","performance","of","suppliers","and","apply","appropriate","methodology","to","ensure","expected","contractual","outcomes."],"metadata":[]}],[{"content":"Establish governance, processes, escalation and controls to ensure well managed and healthy partnerships.","tokens":["Establish","governance,","processes,","escalation","and","controls","to","ensure","well","managed","and","healthy","partnerships."],"metadata":[]}],[{"content":"Investigate and propose solutions to remedy supplier non-performance situations.","tokens":["Investigate","and","propose","solutions","to","remedy","supplier","non-performance","situations."],"metadata":[]}],[{"content":"Assess and anticipate changing business requirements and recommend changes to supply chain processes, tools and systems.","tokens":["Assess","and","anticipate","changing","business","requirements","and","recommend","changes","to","supply","chain","processes,","tools","and","systems."],"metadata":[]}],[{"content":"Build comprehensive category strategies utilizing market intelligence, demand management, sustainability, supplier diversity, quality, and total cost of ownership and align it to stakeholder goals and strategies.","tokens":["Build","comprehensive","category","strategies","utilizing","market","intelligence,","demand","management,","sustainability,","supplier","diversity,","quality,","and","total","cost","of","ownership","and","align","it","to","stakeholder","goals","and","strategies."],"metadata":[]}],[{"content":"Drive value through demand management utilizing spend analytics.","tokens":["Drive","value","through","demand","management","utilizing","spend","analytics."],"metadata":[]}],[{"content":"Prepares and oversee the execution of short and long term supplier diversity strategies, objectives, and action plans.","tokens":["Prepares","and","oversee","the","execution","of","short","and","long","term","supplier","diversity","strategies,","objectives,","and","action","plans."],"metadata":[]}],[{"content":"Drive contract utilization with effective implementation plans, metrics and reporting.","tokens":["Drive","contract","utilization","with","effective","implementation","plans,","metrics","and","reporting."],"metadata":[]}],[{"content":"Facilitate critical quarterly business reviews, bringing key suppliers together to drive joint feedback and continuous improvement activities for each assigned category of management.","tokens":["Facilitate","critical","quarterly","business","reviews,","bringing","key","suppliers","together","to","drive","joint","feedback","and","continuous","improvement","activities","for","each","assigned","category","of","management."],"metadata":[]}],[{"content":"Develop and measure benchmarks on cost utilization of assigned categories employing industry best practices.","tokens":["Develop","and","measure","benchmarks","on","cost","utilization","of","assigned","categories","employing","industry","best","practices."],"metadata":[]}],[{"content":"Manage the supplier base by contracting new suppliers as needed and working to strengthen current supplier relationships.","tokens":["Manage","the","supplier","base","by","contracting","new","suppliers","as","needed","and","working","to","strengthen","current","supplier","relationships."],"metadata":[]}],[{"content":"Build and employ stakeholder mapping to manage stakeholders and build relationships.","tokens":["Build","and","employ","stakeholder","mapping","to","manage","stakeholders","and","build","relationships."],"metadata":[]}],[{"content":"Identify non-compliance to contracts, conduct root cause analysis, and resolve issues.","tokens":["Identify","non-compliance","to","contracts,","conduct","root","cause","analysis,","and","resolve","issues."],"metadata":[]}],[{"content":"Create and apply market intelligence for key commodities to drive category strategies and communicate with stakeholders.","tokens":["Create","and","apply","market","intelligence","for","key","commodities","to","drive","category","strategies","and","communicate","with","stakeholders."],"metadata":[]}],[{"content":"Develop and deliver supplier rationalization targets to reduce supplier base.","tokens":["Develop","and","deliver","supplier","rationalization","targets","to","reduce","supplier","base."],"metadata":[]}],[{"content":"Build comprehensive cost models to drive better understanding and results with supplier negotiations.","tokens":["Build","comprehensive","cost","models","to","drive","better","understanding","and","results","with","supplier","negotiations."],"metadata":[]}],[{"content":"Analyze and report sourcing results to senior staff.","tokens":["Analyze","and","report","sourcing","results","to","senior","staff."],"metadata":[]}],[{"content":"Deliver cost savings and compliance with corporate goals.","tokens":["Deliver","cost","savings","and","compliance","with","corporate","goals."],"metadata":[]}],[{"content":"Collaborate with legal staff to review and enhance the contract process.","tokens":["Collaborate","with","legal","staff","to","review","and","enhance","the","contract","process."],"metadata":[]}],[{"content":"Develop and mentor staff to support company growth.","tokens":["Develop","and","mentor","staff","to","support","company","growth."],"metadata":[]}],[{"content":"Responsible for direct management of the team including budgets, staffing issues, resource allocation and vendor relationships.","tokens":["Responsible","for","direct","management","of","the","team","including","budgets,","staffing","issues,","resource","allocation","and","vendor","relationships."],"metadata":[]}],[{"content":"Conduct employee performance reviews, coaching and mentoring and career development.","tokens":["Conduct","employee","performance","reviews,","coaching","and","mentoring","and","career","development."],"metadata":[]}],[{"content":"Promotes work force diversity and employee safety.","tokens":["Promotes","work","force","diversity","and","employee","safety."],"metadata":[]}],[{"content":"12/1981 to 06/2000 Transportation/Logistics Planner Company Name － City , State Coordinated the logistics tasks of material from suppliers in the U.S. to Saudi Arabia.","tokens":["12/1981","to","06/2000","Transportation/Logistics","Planner","Company","Name","－","City",",","State","Coordinated","the","logistics","tasks","of","material","from","suppliers","in","the","U.S.","to","Saudi","Arabia."],"metadata":[]}],[{"content":"Ensured that all project material was received and properly packed.","tokens":["Ensured","that","all","project","material","was","received","and","properly","packed."],"metadata":[]}],[{"content":"Ensured that all project material shipped was delivered to various job customer job sites on time Facilitated various delivery methods including rail, boat, ground or air transportation using the provider's software systems to manage material tracking and assist with planning and scheduling.","tokens":["Ensured","that","all","project","material","shipped","was","delivered","to","various","job","customer","job","sites","on","time","Facilitated","various","delivery","methods","including","rail,","boat,","ground","or","air","transportation","using","the","provider's","software","systems","to","manage","material","tracking","and","assist","with","planning","and","scheduling."],"metadata":[]}],[{"content":"Assisted in obtaining necessary transportation permits for inbound and outbound cargo, as required to facilitate timely logistics processing.","tokens":["Assisted","in","obtaining","necessary","transportation","permits","for","inbound","and","outbound","cargo,","as","required","to","facilitate","timely","logistics","processing."],"metadata":[]}],[{"content":"Coded, and prepared proper paperwork for method of shipment.","tokens":["Coded,","and","prepared","proper","paperwork","for","method","of","shipment."],"metadata":[]}],[{"content":"Ensured that materials were shipped in the most timely and efficient manner according to document processes.","tokens":["Ensured","that","materials","were","shipped","in","the","most","timely","and","efficient","manner","according","to","document","processes."],"metadata":[]}],[{"content":"Planned the transportation route and payload, selecting the mode of transportation, tendering the order for transportation, and tracking the shipment from pick up through delivery, while maintaining cost compliance, freight savings, and adherence to service and contractual requirements.","tokens":["Planned","the","transportation","route","and","payload,","selecting","the","mode","of","transportation,","tendering","the","order","for","transportation,","and","tracking","the","shipment","from","pick","up","through","delivery,","while","maintaining","cost","compliance,","freight","savings,","and","adherence","to","service","and","contractual","requirements."],"metadata":[]}],[{"content":"Consolidated fragmented loads to achieve freight savings while complying with service and contractual requirements.","tokens":["Consolidated","fragmented","loads","to","achieve","freight","savings","while","complying","with","service","and","contractual","requirements."],"metadata":[]}],[{"content":"Initiated overcharge/undercharge freight bill claims with carriers and tracked reconciliation of the same per regulatory standards, Prepared and updated daily and monthly logistics schedules to assure deliveries, coordinating material deliveries suppliers and customers Provided internal and external reports as required.","tokens":["Initiated","overcharge/undercharge","freight","bill","claims","with","carriers","and","tracked","reconciliation","of","the","same","per","regulatory","standards,","Prepared","and","updated","daily","and","monthly","logistics","schedules","to","assure","deliveries,","coordinating","material","deliveries","suppliers","and","customers","Provided","internal","and","external","reports","as","required."],"metadata":[]}],[{"content":"Negotiated all contracts with freight carriers including barge, airlines, container, and foreign ports.","tokens":["Negotiated","all","contracts","with","freight","carriers","including","barge,","airlines,","container,","and","foreign","ports."],"metadata":[]}],[{"content":"Conducted staff meetings, Managed all special projects.","tokens":["Conducted","staff","meetings,","Managed","all","special","projects."],"metadata":[]}],[{"content":"Knowledge of international freight transactions, customer requirements & commercial shipping terms enabled a role as Global Oil Spill coordinator.","tokens":["Knowledge","of","international","freight","transactions,","customer","requirements","&","commercial","shipping","terms","enabled","a","role","as","Global","Oil","Spill","coordinator."],"metadata":[]}],[{"content":"Assisted in the administration of supply agreements for rail, barge, and truck carriers.","tokens":["Assisted","in","the","administration","of","supply","agreements","for","rail,","barge,","and","truck","carriers."],"metadata":[]}],[{"content":"Ensured compliance with all state, federal, environmental, safety, and hazardous waste regulations.","tokens":["Ensured","compliance","with","all","state,","federal,","environmental,","safety,","and","hazardous","waste","regulations."],"metadata":[]}],[{"content":"1 | Page.","tokens":["1","|","Page."],"metadata":[]}],[{"content":"Investment Recovery Manager City , State Optimized return on investment of surplus, obsolete or idle equipment through reuse, trade or sell on the world market via: Management of global investment recovery and asset rationalization strategies.","tokens":["Investment","Recovery","Manager","City",",","State","Optimized","return","on","investment","of","surplus,","obsolete","or","idle","equipment","through","reuse,","trade","or","sell","on","the","world","market","via:","Management","of","global","investment","recovery","and","asset","rationalization","strategies."],"metadata":[]}],[{"content":"Managed a company-wide program for the identification and redeployment equipment.","tokens":["Managed","a","company-wide","program","for","the","identification","and","redeployment","equipment."],"metadata":[]}],[{"content":"Developed and managed processes for bid auctions, private or negotiated sales for divestiture of surplus equipment.","tokens":["Developed","and","managed","processes","for","bid","auctions,","private","or","negotiated","sales","for","divestiture","of","surplus","equipment."],"metadata":[]}],[{"content":"Performed bid evaluations and recommendations for awarding contracts.","tokens":["Performed","bid","evaluations","and","recommendations","for","awarding","contracts."],"metadata":[]}],[{"content":"Developed methodology and standards to calculate or quickly determine: Fair market value Rationalization options Asset evaluation Business cases to optimize the financial return on the disposition of company assets Department performance metrics and industry \"best practices\".","tokens":["Developed","methodology","and","standards","to","calculate","or","quickly","determine:","Fair","market","value","Rationalization","options","Asset","evaluation","Business","cases","to","optimize","the","financial","return","on","the","disposition","of","company","assets","Department","performance","metrics","and","industry","\"best","practices\"."],"metadata":[]}],[{"content":"Developed and managed relationships with third party vendors to minimize costs associated with rebuilding, repairing, or disposing of surplus assets.","tokens":["Developed","and","managed","relationships","with","third","party","vendors","to","minimize","costs","associated","with","rebuilding,","repairing,","or","disposing","of","surplus","assets."],"metadata":[]}],[{"content":"Developed procedures to protect company's surplus equipment for compliance with Sarbanes Oxley and internal audit requirements regarding the sale and transfer of surplus assets.","tokens":["Developed","procedures","to","protect","company's","surplus","equipment","for","compliance","with","Sarbanes","Oxley","and","internal","audit","requirements","regarding","the","sale","and","transfer","of","surplus","assets."],"metadata":[]}],[{"content":"Tracked all costs associated with the identification, tracking and redeployment of all surplus or idle equipment.","tokens":["Tracked","all","costs","associated","with","the","identification,","tracking","and","redeployment","of","all","surplus","or","idle","equipment."],"metadata":[]}],[{"content":"Managed surplus equipment database ensuring data integrity and accuracy of asset transfers sales revenue.","tokens":["Managed","surplus","equipment","database","ensuring","data","integrity","and","accuracy","of","asset","transfers","sales","revenue."],"metadata":[]}],[{"content":"Education and Training Bachelors : Business Management LeTourneau University － State Business Management Houston Graduate School of Theology, Houston- M-Divinity & Homiletics Communications Skills business development, business planning, hazardous waste, internal audit, logistics, mentoring, procurement, repairing, risk management, sales, Sarbanes Oxley, scheduling, strategic sourcing, supplier management, vendor management Activities and Honors Expert in Human Capital Management Consultancy Development Strategic Partnerships","tokens":["Education","and","Training","Bachelors",":","Business","Management","LeTourneau","University","－","State","Business","Management","Houston","Graduate","School","of","Theology,","Houston-","M-Divinity","&","Homiletics","Communications","Skills","business","development,","business","planning,","hazardous","waste,","internal","audit,","logistics,","mentoring,","procurement,","repairing,","risk","management,","sales,","Sarbanes","Oxley,","scheduling,","strategic","sourcing,","supplier","management,","vendor","management","Activities","and","Honors","Expert","in","Human","Capital","Management","Consultancy","Development","Strategic","Partnerships"],"metadata":[]}],[{"content":"*Entrepreneurial Leadership, Project Management AND Business Development","tokens":["*Entrepreneurial","Leadership,","Project","Management","AND","Business","Development"],"metadata":[]}],[{"content":"*Executive Training and Development Workshop/Seminar Design and Facilitation Revenue Enhancement","tokens":["*Executive","Training","and","Development","Workshop/Seminar","Design","and","Facilitation","Revenue","Enhancement"],"metadata":[]}]],"labelerInfo":{"id":6814,"email":"cwilhel8@jh.edu","displayName":"Chris Wilhelm"},"labelSets":[{"name":"Resume Labels","index":0,"labelItems":[{"id":"Kj5U6n9NUqTXuWcB3c_7L","labelName":"College"},{"id":"rj7TW0-ymuRo6f_asXJab","labelName":"Company Name"},{"id":"SJEkdao76hjwbb6Fh5SY6","labelName":"Job Title"},{"id":"BjO8MdvK2KI4E5iMEeY4B","labelName":"Graduation Year"},{"id":"eS2knCRgLegeRw8bcmSWA","labelName":"Skill"},{"id":"IeEoIKabMl51BJE0gX2YL","labelName":"Degree"},{"id":"1R0C50AAwFbEp2O0WmRv6","labelName":"Location"},{"id":"zQcc4ygexJ_A3Gb0NeRTk","labelName":"Years of Experience"},{"id":"52S_6moRfhjC-yXgIBeCp","labelName":"Date"},{"id":"KiLarWmwlU1E3-FfdG6Qg","labelName":"Project"},{"id":"dyxKKTAxW1z5ifjPj42BI","labelName":"Name"}]}],"spanLabels":[],"arrowLabels":[],"boundingBoxLabels":[],"timeLabels":[],"comments":[],"url":"datasaur://static/6814/9fd38c41-1e90-48d8-b24b-dcb1b7b29d17.txt"}}
