{"version":"1","data":{"project":{"id":"ODBjYmQ2MDg","name":"NLP SSM Final Project"},"document":{"id":"0c964977-e9b0-4dfa-88cd-357dc29b4cdc","name":"resume_1062_d1.txt"},"kinds":["TOKEN_BASED"],"rows":[[{"content":"SALES CLERK Summary Conscientious, enthusiastic and outgoing Retail Sales Associate with more than 2 years in the retail industry.","tokens":["SALES","CLERK","Summary","Conscientious,","enthusiastic","and","outgoing","Retail","Sales","Associate","with","more","than","2","years","in","the","retail","industry."],"metadata":[]}],[{"content":"Areas of expertise include sales, building positive customer relations with new and existing customers, and","tokens":["Areas","of","expertise","include","sales,","building","positive","customer","relations","with","new","and","existing","customers,","and"],"metadata":[]}],[{"content":"inventory management.","tokens":["inventory","management."],"metadata":[]}],[{"content":"Reliable team player and strong communicator.","tokens":["Reliable","team","player","and","strong","communicator."],"metadata":[]}],[{"content":"Experience Company Name City , State Sales Clerk 10/2013 to Current Operated a cash register for cash, check, and credit card transactions with 99 % accuracy.","tokens":["Experience","Company","Name","City",",","State","Sales","Clerk","10/2013","to","Current","Operated","a","cash","register","for","cash,","check,","and","credit","card","transactions","with","99","%","accuracy."],"metadata":[]}],[{"content":"Stocked and replenished merchandise according to store merchandising layouts.","tokens":["Stocked","and","replenished","merchandise","according","to","store","merchandising","layouts."],"metadata":[]}],[{"content":"Priced merchandise, stocked shelves and took inventory of supplies.","tokens":["Priced","merchandise,","stocked","shelves","and","took","inventory","of","supplies."],"metadata":[]}],[{"content":"Cleaned and organized the store, including the checkout desk and displays.","tokens":["Cleaned","and","organized","the","store,","including","the","checkout","desk","and","displays."],"metadata":[]}],[{"content":"Alerted customers to upcoming sales events and promotions.","tokens":["Alerted","customers","to","upcoming","sales","events","and","promotions."],"metadata":[]}],[{"content":"Identified potential shoplifters and alerted management.","tokens":["Identified","potential","shoplifters","and","alerted","management."],"metadata":[]}],[{"content":"Trained 2 new sales associates.","tokens":["Trained","2","new","sales","associates."],"metadata":[]}],[{"content":"Completed point of sale opening and closing procedures, including counting the contents of the cash register.","tokens":["Completed","point","of","sale","opening","and","closing","procedures,","including","counting","the","contents","of","the","cash","register."],"metadata":[]}],[{"content":"Opened and closed the store.","tokens":["Opened","and","closed","the","store."],"metadata":[]}],[{"content":"Handled customer relations issues in a gracious manner and in accordance with company policies.","tokens":["Handled","customer","relations","issues","in","a","gracious","manner","and","in","accordance","with","company","policies."],"metadata":[]}],[{"content":"Welcomed customers into the store and helped them locate items.","tokens":["Welcomed","customers","into","the","store","and","helped","them","locate","items."],"metadata":[]}],[{"content":"Shared best practices for sales and customer service with other team members to help improve the store's efficiency.","tokens":["Shared","best","practices","for","sales","and","customer","service","with","other","team","members","to","help","improve","the","store's","efficiency."],"metadata":[]}],[{"content":"Used time efficiently when not serving customers.","tokens":["Used","time","efficiently","when","not","serving","customers."],"metadata":[]}],[{"content":"Resolved customer complaints in a professional manner while prioritizing customer satisfaction.","tokens":["Resolved","customer","complaints","in","a","professional","manner","while","prioritizing","customer","satisfaction."],"metadata":[]}],[{"content":"Verified that customers received receipts for their purchases.","tokens":["Verified","that","customers","received","receipts","for","their","purchases."],"metadata":[]}],[{"content":"Designed and presented visually appealing displays.","tokens":["Designed","and","presented","visually","appealing","displays."],"metadata":[]}],[{"content":"Mentored new sales associates to contribute to the store's positive culture.","tokens":["Mentored","new","sales","associates","to","contribute","to","the","store's","positive","culture."],"metadata":[]}],[{"content":"Cultivated a customer-focused shopping environment by greeting and responding to customers in a friendly manner.","tokens":["Cultivated","a","customer-focused","shopping","environment","by","greeting","and","responding","to","customers","in","a","friendly","manner."],"metadata":[]}],[{"content":"Actively pursued personal learning and development opportunities related to running a small business.","tokens":["Actively","pursued","personal","learning","and","development","opportunities","related","to","running","a","small","business."],"metadata":[]}],[{"content":"Communicated clear expectations and goals to each team member.","tokens":["Communicated","clear","expectations","and","goals","to","each","team","member."],"metadata":[]}],[{"content":"Assisted owner by strategically scheduling team members to maintain optimal staffing levels at all times.","tokens":["Assisted","owner","by","strategically","scheduling","team","members","to","maintain","optimal","staffing","levels","at","all","times."],"metadata":[]}],[{"content":"Supervised and directed merchandise and shipment processing.","tokens":["Supervised","and","directed","merchandise","and","shipment","processing."],"metadata":[]}],[{"content":"Interacted and communicated with vendors and suppliers to resolve inventory, shipping, and product issues and concerns.","tokens":["Interacted","and","communicated","with","vendors","and","suppliers","to","resolve","inventory,","shipping,","and","product","issues","and","concerns."],"metadata":[]}],[{"content":"Answered customer telephone calls promptly and in an appropriate manner.","tokens":["Answered","customer","telephone","calls","promptly","and","in","an","appropriate","manner."],"metadata":[]}],[{"content":"Determined customer needs by asking relevant questions and listening actively to the responses.","tokens":["Determined","customer","needs","by","asking","relevant","questions","and","listening","actively","to","the","responses."],"metadata":[]}],[{"content":"Preserved a perfect attendance record for 18 months.","tokens":["Preserved","a","perfect","attendance","record","for","18","months."],"metadata":[]}],[{"content":"Company Name City , State Service Deli Clerk 08/2011 to 04/2014 Operated a cash register for cash and credit card transactions with 99 % accuracy.","tokens":["Company","Name","City",",","State","Service","Deli","Clerk","08/2011","to","04/2014","Operated","a","cash","register","for","cash","and","credit","card","transactions","with","99","%","accuracy."],"metadata":[]}],[{"content":"Stocked and replenished deli items and supplies according to store merchandising layouts.","tokens":["Stocked","and","replenished","deli","items","and","supplies","according","to","store","merchandising","layouts."],"metadata":[]}],[{"content":"Cleaned and organized the deli department and equipment according to health department regulations and store policy and procedures.","tokens":["Cleaned","and","organized","the","deli","department","and","equipment","according","to","health","department","regulations","and","store","policy","and","procedures."],"metadata":[]}],[{"content":"Alerted customers to current sales and promotions.","tokens":["Alerted","customers","to","current","sales","and","promotions."],"metadata":[]}],[{"content":"Completed all point of sale opening and closing procedures.","tokens":["Completed","all","point","of","sale","opening","and","closing","procedures."],"metadata":[]}],[{"content":"Welcomed customers into the store and helped them locate items.","tokens":["Welcomed","customers","into","the","store","and","helped","them","locate","items."],"metadata":[]}],[{"content":"Used time efficiently when not serving customers.","tokens":["Used","time","efficiently","when","not","serving","customers."],"metadata":[]}],[{"content":"Fostered a positive work environment by consistently treating all team members and customers with respect and consideration.","tokens":["Fostered","a","positive","work","environment","by","consistently","treating","all","team","members","and","customers","with","respect","and","consideration."],"metadata":[]}],[{"content":"Cultivated a customer-focused shopping environment by cheerfully greeting and responding to all customers in a friendly manner.","tokens":["Cultivated","a","customer-focused","shopping","environment","by","cheerfully","greeting","and","responding","to","all","customers","in","a","friendly","manner."],"metadata":[]}],[{"content":"Determined customer needs by asking relevant questions and listening actively to the responses.","tokens":["Determined","customer","needs","by","asking","relevant","questions","and","listening","actively","to","the","responses."],"metadata":[]}],[{"content":"Company Name City , State Bus Person 02/2011 to 06/2011 Cleared, stocked, and replenished dining room table settings according to restaurant policy.","tokens":["Company","Name","City",",","State","Bus","Person","02/2011","to","06/2011","Cleared,","stocked,","and","replenished","dining","room","table","settings","according","to","restaurant","policy."],"metadata":[]}],[{"content":"Cleaned and organized the dining room to make it attractive and appealing to dining patrons.","tokens":["Cleaned","and","organized","the","dining","room","to","make","it","attractive","and","appealing","to","dining","patrons."],"metadata":[]}],[{"content":"Completed opening and closing procedures as directed by owner.","tokens":["Completed","opening","and","closing","procedures","as","directed","by","owner."],"metadata":[]}],[{"content":"Cheerfully greeted patrons in the restaurant.","tokens":["Cheerfully","greeted","patrons","in","the","restaurant."],"metadata":[]}],[{"content":"Used time efficiently when not clearing tables.","tokens":["Used","time","efficiently","when","not","clearing","tables."],"metadata":[]}],[{"content":"Fostered a positive work environment by working together with other team members and servers with respect and consideration.","tokens":["Fostered","a","positive","work","environment","by","working","together","with","other","team","members","and","servers","with","respect","and","consideration."],"metadata":[]}],[{"content":"Company Name City , State Concession Cashier 05/2010 to 08/2011 Operated a cash register for cash and credit card transactions with 95 % accuracy.","tokens":["Company","Name","City",",","State","Concession","Cashier","05/2010","to","08/2011","Operated","a","cash","register","for","cash","and","credit","card","transactions","with","95","%","accuracy."],"metadata":[]}],[{"content":"Stocked and replenished merchandise and food items in concession stands according to store company standards.","tokens":["Stocked","and","replenished","merchandise","and","food","items","in","concession","stands","according","to","store","company","standards."],"metadata":[]}],[{"content":"Cleaned and organized the concession stand including counters and food service equipment in accordance with health department regulations.","tokens":["Cleaned","and","organized","the","concession","stand","including","counters","and","food","service","equipment","in","accordance","with","health","department","regulations."],"metadata":[]}],[{"content":"Completed all point of sale opening and closing procedures, including counting the contents of the cash register.","tokens":["Completed","all","point","of","sale","opening","and","closing","procedures,","including","counting","the","contents","of","the","cash","register."],"metadata":[]}],[{"content":"Cheerfully greeted customers and helped them with their orders.","tokens":["Cheerfully","greeted","customers","and","helped","them","with","their","orders."],"metadata":[]}],[{"content":"Used time efficiently when not serving customers.","tokens":["Used","time","efficiently","when","not","serving","customers."],"metadata":[]}],[{"content":"Fostered a positive work environment by working together with other team members with respect and consideration.","tokens":["Fostered","a","positive","work","environment","by","working","together","with","other","team","members","with","respect","and","consideration."],"metadata":[]}],[{"content":"Determined customer needs by asking relevant questions and listening actively to the responses.","tokens":["Determined","customer","needs","by","asking","relevant","questions","and","listening","actively","to","the","responses."],"metadata":[]}],[{"content":"Education High School Diploma : General Education 2011 National University Academy , City , State General Education Riverside City College , City , State Skills cash register, cash register, closing, Computer literate, credit, customer relations, customer satisfaction, customer service, Dependable, inventory, listening, Merchandising, Natural, policies, POS, problem solver, Retail sales, sales, scheduling, servers, shipping, staffing, store merchandising, tables, team player, telephone, verbal communication skills, Excellent written","tokens":["Education","High","School","Diploma",":","General","Education","2011","National","University","Academy",",","City",",","State","General","Education","Riverside","City","College",",","City",",","State","Skills","cash","register,","cash","register,","closing,","Computer","literate,","credit,","customer","relations,","customer","satisfaction,","customer","service,","Dependable,","inventory,","listening,","Merchandising,","Natural,","policies,","POS,","problem","solver,","Retail","sales,","sales,","scheduling,","servers,","shipping,","staffing,","store","merchandising,","tables,","team","player,","telephone,","verbal","communication","skills,","Excellent","written"],"metadata":[]}]],"labelerInfo":{"id":6814,"email":"cwilhel8@jh.edu","displayName":"Chris Wilhelm"},"labelSets":[{"name":"Resume Labels","index":0,"labelItems":[{"id":"Kj5U6n9NUqTXuWcB3c_7L","labelName":"College"},{"id":"rj7TW0-ymuRo6f_asXJab","labelName":"Company Name"},{"id":"SJEkdao76hjwbb6Fh5SY6","labelName":"Job Title"},{"id":"BjO8MdvK2KI4E5iMEeY4B","labelName":"Graduation Year"},{"id":"eS2knCRgLegeRw8bcmSWA","labelName":"Skill"},{"id":"IeEoIKabMl51BJE0gX2YL","labelName":"Degree"},{"id":"1R0C50AAwFbEp2O0WmRv6","labelName":"Location"},{"id":"zQcc4ygexJ_A3Gb0NeRTk","labelName":"Years of Experience"},{"id":"52S_6moRfhjC-yXgIBeCp","labelName":"Date"},{"id":"KiLarWmwlU1E3-FfdG6Qg","labelName":"Project"},{"id":"dyxKKTAxW1z5ifjPj42BI","labelName":"Name"}]}],"spanLabels":[],"arrowLabels":[],"boundingBoxLabels":[],"timeLabels":[],"comments":[],"url":"datasaur://static/6814/0c964977-e9b0-4dfa-88cd-357dc29b4cdc.txt"}}
