{"version":"1","data":{"project":{"id":"ODBjYmQ2MDg","name":"NLP SSM Final Project"},"document":{"id":"6ea56cf2-e5e0-43bc-90fd-ff92a508d137","name":"resume_1464_d1.txt"},"kinds":["TOKEN_BASED"],"rows":[[{"content":"ADMINISTRATIVE ASSISTANT Career Overview I would like the opportunity to enhance your department with my experience, skills, and knowledge.","tokens":["ADMINISTRATIVE","ASSISTANT","Career","Overview","I","would","like","the","opportunity","to","enhance","your","department","with","my","experience,","skills,","and","knowledge."],"metadata":[]}],[{"content":"* Over 1.5 years as an assistant in the medical field.","tokens":["*","Over","1.5","years","as","an","assistant","in","the","medical","field."],"metadata":[]}],[{"content":"* Over 6 years in customer service and sales.","tokens":["*","Over","6","years","in","customer","service","and","sales."],"metadata":[]}],[{"content":"* Medical Billing and Coding Associates Degree completed in December 2012.","tokens":["*","Medical","Billing","and","Coding","Associates","Degree","completed","in","December","2012."],"metadata":[]}],[{"content":"Skill Highlights Microsoft Office (Access, Excel, Outlook, PowerPoint, Word) Quickbooks 2012 Medisoft ­ Electronic Medical Records: Practice Management Software Eyefinity ­ OfficeMate: Practice Management Software Eyefinity ­ ExamWRITER: Electronic Health Record Software Professional Experience Company Name June 2012 to June 2013 Administrative Assistant City , State Assist with creating all documents and a bookkeeping/accounting system.","tokens":["Skill","Highlights","Microsoft","Office","(Access,","Excel,","Outlook,","PowerPoint,","Word)","Quickbooks","2012","Medisoft","­","Electronic","Medical","Records:","Practice","Management","Software","Eyefinity","­","OfficeMate:","Practice","Management","Software","Eyefinity","­","ExamWRITER:","Electronic","Health","Record","Software","Professional","Experience","Company","Name","June","2012","to","June","2013","Administrative","Assistant","City",",","State","Assist","with","creating","all","documents","and","a","bookkeeping/accounting","system."],"metadata":[]}],[{"content":"Payroll and Bookkeeping.","tokens":["Payroll","and","Bookkeeping."],"metadata":[]}],[{"content":"Tax preparation for accountants.","tokens":["Tax","preparation","for","accountants."],"metadata":[]}],[{"content":"Answer phones in a professional manner and take messages.","tokens":["Answer","phones","in","a","professional","manner","and","take","messages."],"metadata":[]}],[{"content":"Schedule Meetings.","tokens":["Schedule","Meetings."],"metadata":[]}],[{"content":"Post job openings and screen candidates.","tokens":["Post","job","openings","and","screen","candidates."],"metadata":[]}],[{"content":"Completely run the office by myself.","tokens":["Completely","run","the","office","by","myself."],"metadata":[]}],[{"content":"Company Name February 2012 to Current Independent Consultant City , State Market and sell high quality kitchen tools and accessories through in-home demonstrations, booths at trade shows and fundraiser programs.","tokens":["Company","Name","February","2012","to","Current","Independent","Consultant","City",",","State","Market","and","sell","high","quality","kitchen","tools","and","accessories","through","in-home","demonstrations,","booths","at","trade","shows","and","fundraiser","programs."],"metadata":[]}],[{"content":"Create and publish monthly newsletters for customers and other consultants.","tokens":["Create","and","publish","monthly","newsletters","for","customers","and","other","consultants."],"metadata":[]}],[{"content":"Help plan, lead, and execute monthly kitchen consultant meetings and potential consultant workshops.","tokens":["Help","plan,","lead,","and","execute","monthly","kitchen","consultant","meetings","and","potential","consultant","workshops."],"metadata":[]}],[{"content":"Company Name May 2008 to October 2009 Paraoptometric Technician City , State Answered phones, greeted patients, and scheduled patients, called in prescriptions to pharmacies, and set up patient referrals to other doctors.","tokens":["Company","Name","May","2008","to","October","2009","Paraoptometric","Technician","City",",","State","Answered","phones,","greeted","patients,","and","scheduled","patients,","called","in","prescriptions","to","pharmacies,","and","set","up","patient","referrals","to","other","doctors."],"metadata":[]}],[{"content":"Gathered and recorded patient history.","tokens":["Gathered","and","recorded","patient","history."],"metadata":[]}],[{"content":"Performed pre-examination tests using techniques, procedures and equipment as instructed.","tokens":["Performed","pre-examination","tests","using","techniques,","procedures","and","equipment","as","instructed."],"metadata":[]}],[{"content":"Assisted optometrists conducting and recording patient examinations.","tokens":["Assisted","optometrists","conducting","and","recording","patient","examinations."],"metadata":[]}],[{"content":"Company Name October 2007 to March 2008 Sales and Service Specialist City , State Accepted phone orders for flower arrangements.","tokens":["Company","Name","October","2007","to","March","2008","Sales","and","Service","Specialist","City",",","State","Accepted","phone","orders","for","flower","arrangements."],"metadata":[]}],[{"content":"Represented items for 10 different companies.","tokens":["Represented","items","for","10","different","companies."],"metadata":[]}],[{"content":"Reconciled customer issues.","tokens":["Reconciled","customer","issues."],"metadata":[]}],[{"content":"Accepted payments for orders.","tokens":["Accepted","payments","for","orders."],"metadata":[]}],[{"content":"Issues credit when necessary.","tokens":["Issues","credit","when","necessary."],"metadata":[]}],[{"content":"Answered customer questions.","tokens":["Answered","customer","questions."],"metadata":[]}],[{"content":"Company Name March 2007 to May 2007 Shift Lead / Assistant Manager City , State Took and ordered inventory.","tokens":["Company","Name","March","2007","to","May","2007","Shift","Lead","/","Assistant","Manager","City",",","State","Took","and","ordered","inventory."],"metadata":[]}],[{"content":"Operated cash register.","tokens":["Operated","cash","register."],"metadata":[]}],[{"content":"Prepared food following customers' specifications.","tokens":["Prepared","food","following","customers'","specifications."],"metadata":[]}],[{"content":"Reconciled income and prepared and made bank deposits.","tokens":["Reconciled","income","and","prepared","and","made","bank","deposits."],"metadata":[]}],[{"content":"Trained and scheduled employees and began interviewing employees when store closed.","tokens":["Trained","and","scheduled","employees","and","began","interviewing","employees","when","store","closed."],"metadata":[]}],[{"content":"Assisted General Manager.","tokens":["Assisted","General","Manager."],"metadata":[]}],[{"content":"Company Name March 2006 to September 2007 Sales Associate City , State Answered questions regarding the store and its merchandise.","tokens":["Company","Name","March","2006","to","September","2007","Sales","Associate","City",",","State","Answered","questions","regarding","the","store","and","its","merchandise."],"metadata":[]}],[{"content":"Bagged / packaged purchases.","tokens":["Bagged","/","packaged","purchases."],"metadata":[]}],[{"content":"Maintained a clean and safe work environment.","tokens":["Maintained","a","clean","and","safe","work","environment."],"metadata":[]}],[{"content":"Faced and cleaned shelves, counters, and tables.","tokens":["Faced","and","cleaned","shelves,","counters,","and","tables."],"metadata":[]}],[{"content":"Computed sales prices and received cash or credit payment.","tokens":["Computed","sales","prices","and","received","cash","or","credit","payment."],"metadata":[]}],[{"content":"Described merchandise and explained use, operation, and care of merchandise to customers.","tokens":["Described","merchandise","and","explained","use,","operation,","and","care","of","merchandise","to","customers."],"metadata":[]}],[{"content":"Greeted customers and ascertained what each customer wanted or needed.","tokens":["Greeted","customers","and","ascertained","what","each","customer","wanted","or","needed."],"metadata":[]}],[{"content":"Helped customers try on or fit merchandise.","tokens":["Helped","customers","try","on","or","fit","merchandise."],"metadata":[]}],[{"content":"Inventoried stock and requisitioned new stock.","tokens":["Inventoried","stock","and","requisitioned","new","stock."],"metadata":[]}],[{"content":"Maintained knowledge of current sales and promotions, policies regarding payment and exchanges, and security practices.","tokens":["Maintained","knowledge","of","current","sales","and","promotions,","policies","regarding","payment","and","exchanges,","and","security","practices."],"metadata":[]}],[{"content":"Opened and closed cash registers, performing tasks such as counting money, separating charge slips, coupons, and vouchers, balancing cash drawers.","tokens":["Opened","and","closed","cash","registers,","performing","tasks","such","as","counting","money,","separating","charge","slips,","coupons,","and","vouchers,","balancing","cash","drawers."],"metadata":[]}],[{"content":"Placed special orders or called other stores to find desired items.","tokens":["Placed","special","orders","or","called","other","stores","to","find","desired","items."],"metadata":[]}],[{"content":"Recommended, selected, and helped locate or obtain merchandise based on customer needs.","tokens":["Recommended,","selected,","and","helped","locate","or","obtain","merchandise","based","on","customer","needs."],"metadata":[]}],[{"content":"Arranged and displayed merchandise to promote sales.","tokens":["Arranged","and","displayed","merchandise","to","promote","sales."],"metadata":[]}],[{"content":"Maintained awareness to ensure safety and to prevent theft.","tokens":["Maintained","awareness","to","ensure","safety","and","to","prevent","theft."],"metadata":[]}],[{"content":"Company Name February 2006 to March 2006 Customer Service Rep City , State Answered phone calls for RCA Electronics.","tokens":["Company","Name","February","2006","to","March","2006","Customer","Service","Rep","City",",","State","Answered","phone","calls","for","RCA","Electronics."],"metadata":[]}],[{"content":"Performed troubleshooting duties for customers.","tokens":["Performed","troubleshooting","duties","for","customers."],"metadata":[]}],[{"content":"Logged information into computerized system.","tokens":["Logged","information","into","computerized","system."],"metadata":[]}],[{"content":"Looked up and cross referenced information in order to assist customers in an accurate manner.","tokens":["Looked","up","and","cross","referenced","information","in","order","to","assist","customers","in","an","accurate","manner."],"metadata":[]}],[{"content":"Company Name August 2004 to August 2005 Secretary City , State Answered phone calls in a professional manner.","tokens":["Company","Name","August","2004","to","August","2005","Secretary","City",",","State","Answered","phone","calls","in","a","professional","manner."],"metadata":[]}],[{"content":"Greeted customers.","tokens":["Greeted","customers."],"metadata":[]}],[{"content":"Completed shop tickets.","tokens":["Completed","shop","tickets."],"metadata":[]}],[{"content":"Operated office machinery.","tokens":["Operated","office","machinery."],"metadata":[]}],[{"content":"Accepted payments and wrote receipts.","tokens":["Accepted","payments","and","wrote","receipts."],"metadata":[]}],[{"content":"Performed payroll and bookkeeping functions.","tokens":["Performed","payroll","and","bookkeeping","functions."],"metadata":[]}],[{"content":"Used a computer.","tokens":["Used","a","computer."],"metadata":[]}],[{"content":"Set up a website and listed cars for sale on the Internet.","tokens":["Set","up","a","website","and","listed","cars","for","sale","on","the","Internet."],"metadata":[]}],[{"content":"Completed paperwork for titling/retitling (title transfers).","tokens":["Completed","paperwork","for","titling/retitling","(title","transfers)."],"metadata":[]}],[{"content":"Education Cowley County Community College Associates of Applied Science : Medical Billing and Coding City , State Medical Billing and Coding Medical Office Support--College Certificate Cowley County Community College High School Diploma City , State Stillwater High School City , State Certifications Certified Paraoptometric (expires 11/2012)","tokens":["Education","Cowley","County","Community","College","Associates","of","Applied","Science",":","Medical","Billing","and","Coding","City",",","State","Medical","Billing","and","Coding","Medical","Office","Support--College","Certificate","Cowley","County","Community","College","High","School","Diploma","City",",","State","Stillwater","High","School","City",",","State","Certifications","Certified","Paraoptometric","(expires","11/2012)"],"metadata":[]}],[{"content":"Safety Training includes: HazCom, Bloodborne Pathogens and Lifting Skills accounting, Bookkeeping, cash register, cash registers, consultant, credit, Electronics, General Manager, inventory, machinery, Market, Medisoft, Meetings, Access, Excel, money, Microsoft Office, Office, Outlook, PowerPoint, Word, newsletters, Payroll, policies, quality, Quickbooks, recording, Safety, sales, tables, Tax preparation, phones, phone, Answer phones, trade shows, troubleshooting, website, workshops","tokens":["Safety","Training","includes:","HazCom,","Bloodborne","Pathogens","and","Lifting","Skills","accounting,","Bookkeeping,","cash","register,","cash","registers,","consultant,","credit,","Electronics,","General","Manager,","inventory,","machinery,","Market,","Medisoft,","Meetings,","Access,","Excel,","money,","Microsoft","Office,","Office,","Outlook,","PowerPoint,","Word,","newsletters,","Payroll,","policies,","quality,","Quickbooks,","recording,","Safety,","sales,","tables,","Tax","preparation,","phones,","phone,","Answer","phones,","trade","shows,","troubleshooting,","website,","workshops"],"metadata":[]}]],"labelerInfo":{"id":6814,"email":"cwilhel8@jh.edu","displayName":"Chris Wilhelm"},"labelSets":[{"name":"Resume Labels","index":0,"labelItems":[{"id":"Kj5U6n9NUqTXuWcB3c_7L","labelName":"College"},{"id":"rj7TW0-ymuRo6f_asXJab","labelName":"Company Name"},{"id":"SJEkdao76hjwbb6Fh5SY6","labelName":"Job Title"},{"id":"BjO8MdvK2KI4E5iMEeY4B","labelName":"Graduation Year"},{"id":"eS2knCRgLegeRw8bcmSWA","labelName":"Skill"},{"id":"IeEoIKabMl51BJE0gX2YL","labelName":"Degree"},{"id":"1R0C50AAwFbEp2O0WmRv6","labelName":"Location"},{"id":"zQcc4ygexJ_A3Gb0NeRTk","labelName":"Years of Experience"},{"id":"52S_6moRfhjC-yXgIBeCp","labelName":"Date"},{"id":"KiLarWmwlU1E3-FfdG6Qg","labelName":"Project"},{"id":"dyxKKTAxW1z5ifjPj42BI","labelName":"Name"}]}],"spanLabels":[],"arrowLabels":[],"boundingBoxLabels":[],"timeLabels":[],"comments":[],"url":"datasaur://static/6814/6ea56cf2-e5e0-43bc-90fd-ff92a508d137.txt"}}
