{"version":"1","data":{"project":{"id":"ODBjYmQ2MDg","name":"NLP SSM Final Project"},"document":{"id":"f61f17c9-961d-4b1f-af8c-e4c9c9fcabb1","name":"resume_716_d1.txt"},"kinds":["TOKEN_BASED"],"rows":[[{"content":"HEALTHCARE EFFECTIVENESS DATA AND INFORMATION SET COORDINATOR (HEDIS) Career Focus Committed and motivated Administrative Assistant with exceptional customer service and decision making skills.","tokens":["HEALTHCARE","EFFECTIVENESS","DATA","AND","INFORMATION","SET","COORDINATOR","(HEDIS)","Career","Focus","Committed","and","motivated","Administrative","Assistant","with","exceptional","customer","service","and","decision","making","skills."],"metadata":[]}],[{"content":"Strong work ethic, professional demeanor and great initiative.","tokens":["Strong","work","ethic,","professional","demeanor","and","great","initiative."],"metadata":[]}],[{"content":"Energetic, results-oriented team-player eager to bring strong administrative skills to a growing company in need of top-level support.","tokens":["Energetic,","results-oriented","team-player","eager","to","bring","strong","administrative","skills","to","a","growing","company","in","need","of","top-level","support."],"metadata":[]}],[{"content":"Responsible Office Manager versed in mediating employee conflict and running efficient daily business operations.","tokens":["Responsible","Office","Manager","versed","in","mediating","employee","conflict","and","running","efficient","daily","business","operations."],"metadata":[]}],[{"content":"Effective Organization and Communication Skills / Master New Concepts Quickly / Initiate Document Control and Processing Information / High Level Customer Service and Detail Oriented / Report Composing and Document Presentation / Thorough Investigation and Monitoring / Patrol and Crowd Control Access Core Qualifications Microsoft Office Suite expert People-oriented Organized Exceptional communicator Deadline-oriented Schedule management Report analysis Medical terminology Experience Healthcare Effectiveness Data and Information Set Coordinator (HEDIS) 08/2013 to Current Company Name City , State Healthcare Effectiveness Data and Information Set Coordinator (HEDIS).","tokens":["Effective","Organization","and","Communication","Skills","/","Master","New","Concepts","Quickly","/","Initiate","Document","Control","and","Processing","Information","/","High","Level","Customer","Service","and","Detail","Oriented","/","Report","Composing","and","Document","Presentation","/","Thorough","Investigation","and","Monitoring","/","Patrol","and","Crowd","Control","Access","Core","Qualifications","Microsoft","Office","Suite","expert","People-oriented","Organized","Exceptional","communicator","Deadline-oriented","Schedule","management","Report","analysis","Medical","terminology","Experience","Healthcare","Effectiveness","Data","and","Information","Set","Coordinator","(HEDIS)","08/2013","to","Current","Company","Name","City",",","State","Healthcare","Effectiveness","Data","and","Information","Set","Coordinator","(HEDIS)."],"metadata":[]}],[{"content":"Educate and inform members about past due clinical services that improve member health outcomes and increase Health Plan HEDIS rates.","tokens":["Educate","and","inform","members","about","past","due","clinical","services","that","improve","member","health","outcomes","and","increase","Health","Plan","HEDIS","rates."],"metadata":[]}],[{"content":"Make outbound calls to members; providing assistance with obtaining services by assisting with appointment scheduling, arranging transportation, and conducting reminder calls and/or emails.","tokens":["Make","outbound","calls","to","members;","providing","assistance","with","obtaining","services","by","assisting","with","appointment","scheduling,","arranging","transportation,","and","conducting","reminder","calls","and/or","emails."],"metadata":[]}],[{"content":"Conduct HEDIS provider chart request calls and faxes to support medical record capture for HEDIS supplemental data review and abstraction.","tokens":["Conduct","HEDIS","provider","chart","request","calls","and","faxes","to","support","medical","record","capture","for","HEDIS","supplemental","data","review","and","abstraction."],"metadata":[]}],[{"content":"Record and document all member and provider outreach activity using Microsoft Office Suite applications and web-based technology.","tokens":["Record","and","document","all","member","and","provider","outreach","activity","using","Microsoft","Office","Suite","applications","and","web-based","technology."],"metadata":[]}],[{"content":"Review member Health Plan eligibility using Georgia's Medical Management Information System (MMIS).","tokens":["Review","member","Health","Plan","eligibility","using","Georgia's","Medical","Management","Information","System","(MMIS)."],"metadata":[]}],[{"content":"Review member claims data to determine need for services using the Health Plan proprietary information system.","tokens":["Review","member","claims","data","to","determine","need","for","services","using","the","Health","Plan","proprietary","information","system."],"metadata":[]}],[{"content":"Identify and refer members to internal programs and services like Case Management and Disease Management.","tokens":["Identify","and","refer","members","to","internal","programs","and","services","like","Case","Management","and","Disease","Management."],"metadata":[]}],[{"content":"Maintain strict confidentially and ensure compliance with Health Insurance Portability and Accountability ACT (HIPAA) during all outreach activities.","tokens":["Maintain","strict","confidentially","and","ensure","compliance","with","Health","Insurance","Portability","and","Accountability","ACT","(HIPAA)","during","all","outreach","activities."],"metadata":[]}],[{"content":"Managed incoming and outgoing calls for busy medical office.","tokens":["Managed","incoming","and","outgoing","calls","for","busy","medical","office."],"metadata":[]}],[{"content":"Successfully established effective systems for record retention by creating database for daily correspondence tracking.","tokens":["Successfully","established","effective","systems","for","record","retention","by","creating","database","for","daily","correspondence","tracking."],"metadata":[]}],[{"content":"Scheduled and confirmed appointments for entire management team.","tokens":["Scheduled","and","confirmed","appointments","for","entire","management","team."],"metadata":[]}],[{"content":"Loss Prevention/Security Officer 12/2011 to 02/2013 Company Name City , State Partnered with local store management to meet strategic loss prevention objectives.","tokens":["Loss","Prevention/Security","Officer","12/2011","to","02/2013","Company","Name","City",",","State","Partnered","with","local","store","management","to","meet","strategic","loss","prevention","objectives."],"metadata":[]}],[{"content":"Executed internal and external surveillances using state-of-the-art detection and investigation systems.","tokens":["Executed","internal","and","external","surveillances","using","state-of-the-art","detection","and","investigation","systems."],"metadata":[]}],[{"content":"Prepared data for property and damage reports, recording malfunctioning of facility equipment, and attended weekly staff meetings to discuss the damage reports.","tokens":["Prepared","data","for","property","and","damage","reports,","recording","malfunctioning","of","facility","equipment,","and","attended","weekly","staff","meetings","to","discuss","the","damage","reports."],"metadata":[]}],[{"content":"Detected and apprehend shoplifters, processing and recovering of merchandise, prepared case reports on theft details and maintained an effective relationship with local law enforcement agencies.","tokens":["Detected","and","apprehend","shoplifters,","processing","and","recovering","of","merchandise,","prepared","case","reports","on","theft","details","and","maintained","an","effective","relationship","with","local","law","enforcement","agencies."],"metadata":[]}],[{"content":"Represented Macy's in court proceeding related to apprehensions and ensured high execution of company security measures designed to control store and shrink.","tokens":["Represented","Macy's","in","court","proceeding","related","to","apprehensions","and","ensured","high","execution","of","company","security","measures","designed","to","control","store","and","shrink."],"metadata":[]}],[{"content":"Developed staff training for designated stores.","tokens":["Developed","staff","training","for","designated","stores."],"metadata":[]}],[{"content":"Security Officer 07/2010 to 10/2011 Company Name City , State Patrolled designated areas watching for unusual conditions that create security concerns or safety hazards.","tokens":["Security","Officer","07/2010","to","10/2011","Company","Name","City",",","State","Patrolled","designated","areas","watching","for","unusual","conditions","that","create","security","concerns","or","safety","hazards."],"metadata":[]}],[{"content":"Monitored and authorized entrance and departure of employees, visitors, and other persons to guard against theft and maintain premise security.","tokens":["Monitored","and","authorized","entrance","and","departure","of","employees,","visitors,","and","other","persons","to","guard","against","theft","and","maintain","premise","security."],"metadata":[]}],[{"content":"Investigated, prepared reports, and maintained written logs on accidents, incidents, and suspicious activities.","tokens":["Investigated,","prepared","reports,","and","maintained","written","logs","on","accidents,","incidents,","and","suspicious","activities."],"metadata":[]}],[{"content":"Answered telephone calls, taking messages, and answered questions providing information during business and non-business hours.","tokens":["Answered","telephone","calls,","taking","messages,","and","answered","questions","providing","information","during","business","and","non-business","hours."],"metadata":[]}],[{"content":"Observed departing personnel to protect against theft of company property and ensured authorized removal of property was conducted within appropriate client requirements.","tokens":["Observed","departing","personnel","to","protect","against","theft","of","company","property","and","ensured","authorized","removal","of","property","was","conducted","within","appropriate","client","requirements."],"metadata":[]}],[{"content":"Account Receivables/Administrative Assistant 07/2007 to 10/2008 Company Name City , State Investigated discrepancies, issued debit memos, reviewed aging balance reports to identify past due accounts, collection calls, and month-end close activities.","tokens":["Account","Receivables/Administrative","Assistant","07/2007","to","10/2008","Company","Name","City",",","State","Investigated","discrepancies,","issued","debit","memos,","reviewed","aging","balance","reports","to","identify","past","due","accounts,","collection","calls,","and","month-end","close","activities."],"metadata":[]}],[{"content":"Accounts receivable reconciliations; utilized collection screens to quickly analyze account and met department goals by reducing delinquency and controlling losses at a considerably high margin.","tokens":["Accounts","receivable","reconciliations;","utilized","collection","screens","to","quickly","analyze","account","and","met","department","goals","by","reducing","delinquency","and","controlling","losses","at","a","considerably","high","margin."],"metadata":[]}],[{"content":"Fielded all calls on 12- line multi phone system, responded to email and fax inquiries, managed mail and client trafficfor the body shop, upgraded office filing system for improved efficiency in locating customer files, handled all official company correspondence, analyzed and reconciled all final billing statements to ensure the correct amount of funds were collected and applied before file closeout.","tokens":["Fielded","all","calls","on","12-","line","multi","phone","system,","responded","to","email","and","fax","inquiries,","managed","mail","and","client","trafficfor","the","body","shop,","upgraded","office","filing","system","for","improved","efficiency","in","locating","customer","files,","handled","all","official","company","correspondence,","analyzed","and","reconciled","all","final","billing","statements","to","ensure","the","correct","amount","of","funds","were","collected","and","applied","before","file","closeout."],"metadata":[]}],[{"content":"Displayed excellent interpersonal skills and phone manner during interaction with insurance agents, co-workers, and the public.","tokens":["Displayed","excellent","interpersonal","skills","and","phone","manner","during","interaction","with","insurance","agents,","co-workers,","and","the","public."],"metadata":[]}],[{"content":"Calculated time cards for department employees in preparation of submitting payroll, collected and applied all funds received from various insurance companies such as State Farm, USAA, Allstate and Geico to the appropriate client auto claim accounts in a timely manner.","tokens":["Calculated","time","cards","for","department","employees","in","preparation","of","submitting","payroll,","collected","and","applied","all","funds","received","from","various","insurance","companies","such","as","State","Farm,","USAA,","Allstate","and","Geico","to","the","appropriate","client","auto","claim","accounts","in","a","timely","manner."],"metadata":[]}],[{"content":"Detention Specialist 07/2002 to 10/2005 Company Name City , State Supervised Central Control and Tower Controls in the Detention Center.","tokens":["Detention","Specialist","07/2002","to","10/2005","Company","Name","City",",","State","Supervised","Central","Control","and","Tower","Controls","in","the","Detention","Center."],"metadata":[]}],[{"content":"Completed intake and release of detainees.","tokens":["Completed","intake","and","release","of","detainees."],"metadata":[]}],[{"content":"Interacted with defendants, attorneys and the general public, providing them imperative information.","tokens":["Interacted","with","defendants,","attorneys","and","the","general","public,","providing","them","imperative","information."],"metadata":[]}],[{"content":"Processed accounting functions of paperwork in the Bonding Department.","tokens":["Processed","accounting","functions","of","paperwork","in","the","Bonding","Department."],"metadata":[]}],[{"content":"Performed other duties as assigned.","tokens":["Performed","other","duties","as","assigned."],"metadata":[]}],[{"content":"Answered incoming/outgoing calls on the switchboard regarding inmates' custody issues and guided them by resolving their predicaments.","tokens":["Answered","incoming/outgoing","calls","on","the","switchboard","regarding","inmates'","custody","issues","and","guided","them","by","resolving","their","predicaments."],"metadata":[]}],[{"content":"Probation Case Specialist 07/2000 to 12/2001 Company Name City , State Retrieved criminal records to update history with new charges and probation status on various specialty systems.","tokens":["Probation","Case","Specialist","07/2000","to","12/2001","Company","Name","City",",","State","Retrieved","criminal","records","to","update","history","with","new","charges","and","probation","status","on","various","specialty","systems."],"metadata":[]}],[{"content":"Maintained statistical data concerning case processing activities for three probation officers and performed various financial transactions.","tokens":["Maintained","statistical","data","concerning","case","processing","activities","for","three","probation","officers","and","performed","various","financial","transactions."],"metadata":[]}],[{"content":"Performed other duties as assigned to include handing all incoming/outgoing calls from magistrate court judges, attorneys, probation officers and the general public.","tokens":["Performed","other","duties","as","assigned","to","include","handing","all","incoming/outgoing","calls","from","magistrate","court","judges,","attorneys,","probation","officers","and","the","general","public."],"metadata":[]}],[{"content":"Experience Customer Service Handled customers effectively by identifying needs, quickly gaining trust, approaching complex situations and resolving problems to maximize efficiency.","tokens":["Experience","Customer","Service","Handled","customers","effectively","by","identifying","needs,","quickly","gaining","trust,","approaching","complex","situations","and","resolving","problems","to","maximize","efficiency."],"metadata":[]}],[{"content":"Handled customers effectively by identifying needs, quickly gaining trust, approaching complex situations and resolving problems to maximize efficiency.","tokens":["Handled","customers","effectively","by","identifying","needs,","quickly","gaining","trust,","approaching","complex","situations","and","resolving","problems","to","maximize","efficiency."],"metadata":[]}],[{"content":"Data Reporting Compiled statistical data, such as patient admissions, discharges, deaths, births and types of treatment given.","tokens":["Data","Reporting","Compiled","statistical","data,","such","as","patient","admissions,","discharges,","deaths,","births","and","types","of","treatment","given."],"metadata":[]}],[{"content":"Document Organization Developed and created effective filing system to accelerate paperwork processing.","tokens":["Document","Organization","Developed","and","created","effective","filing","system","to","accelerate","paperwork","processing."],"metadata":[]}],[{"content":"Medical Records Reviewed medical records for completeness, assembled records into standard order and filed records in designated areas according to alphabetic and numeric filing system.","tokens":["Medical","Records","Reviewed","medical","records","for","completeness,","assembled","records","into","standard","order","and","filed","records","in","designated","areas","according","to","alphabetic","and","numeric","filing","system."],"metadata":[]}],[{"content":"Multitasking Demonstrated proficiencies in telephone, e-mail, fax and front-desk reception within high-volume environment.","tokens":["Multitasking","Demonstrated","proficiencies","in","telephone,","e-mail,","fax","and","front-desk","reception","within","high-volume","environment."],"metadata":[]}],[{"content":"Education Certified Medical Office Assistant : Medical Administration 2009 Kennesaw State Continuing Education City , State , USA •Medical Office Receptionist/Support Specialist, Patient Scheduling, Medical Records/Documents, CMS 1500 Medical Billing, Medical Terminology/Basic Anatomy and Physiology, Specialized Billing/Reimbursement, Business Skill and Management, 80 hour Medical Externship at WellStar Medical Center, Certified CPR w/AED Skills Accounts receivable, Administrative Assistant, Basic Billing, CMS, excellent interpersonal skills, CPR, email, faxes, filing, law enforcement, loss prevention, Medical Billing, Medical Terminology, Microsoft Office Suite, Management Information System, payroll, safety, Scheduling staff training, switchboard","tokens":["Education","Certified","Medical","Office","Assistant",":","Medical","Administration","2009","Kennesaw","State","Continuing","Education","City",",","State",",","USA","•Medical","Office","Receptionist/Support","Specialist,","Patient","Scheduling,","Medical","Records/Documents,","CMS","1500","Medical","Billing,","Medical","Terminology/Basic","Anatomy","and","Physiology,","Specialized","Billing/Reimbursement,","Business","Skill","and","Management,","80","hour","Medical","Externship","at","WellStar","Medical","Center,","Certified","CPR","w/AED","Skills","Accounts","receivable,","Administrative","Assistant,","Basic","Billing,","CMS,","excellent","interpersonal","skills,","CPR,","email,","faxes,","filing,","law","enforcement,","loss","prevention,","Medical","Billing,","Medical","Terminology,","Microsoft","Office","Suite,","Management","Information","System,","payroll,","safety,","Scheduling","staff","training,","switchboard"],"metadata":[]}]],"labelerInfo":{"id":6814,"email":"cwilhel8@jh.edu","displayName":"Chris Wilhelm"},"labelSets":[{"name":"Resume Labels","index":0,"labelItems":[{"id":"Kj5U6n9NUqTXuWcB3c_7L","labelName":"College"},{"id":"rj7TW0-ymuRo6f_asXJab","labelName":"Company Name"},{"id":"SJEkdao76hjwbb6Fh5SY6","labelName":"Job Title"},{"id":"BjO8MdvK2KI4E5iMEeY4B","labelName":"Graduation Year"},{"id":"eS2knCRgLegeRw8bcmSWA","labelName":"Skill"},{"id":"IeEoIKabMl51BJE0gX2YL","labelName":"Degree"},{"id":"1R0C50AAwFbEp2O0WmRv6","labelName":"Location"},{"id":"zQcc4ygexJ_A3Gb0NeRTk","labelName":"Years of Experience"},{"id":"52S_6moRfhjC-yXgIBeCp","labelName":"Date"},{"id":"KiLarWmwlU1E3-FfdG6Qg","labelName":"Project"},{"id":"dyxKKTAxW1z5ifjPj42BI","labelName":"Name"}]}],"spanLabels":[],"arrowLabels":[],"boundingBoxLabels":[],"timeLabels":[],"comments":[],"url":"datasaur://static/6814/f61f17c9-961d-4b1f-af8c-e4c9c9fcabb1.txt"}}
