{"version":"1","data":{"project":{"id":"ODBjYmQ2MDg","name":"NLP SSM Final Project"},"document":{"id":"91bf337b-3783-45f6-998c-3244c7c12b8f","name":"resume_3317_d2.txt"},"kinds":["TOKEN_BASED"],"rows":[[{"content":"Lead Network Engineer Lead Network Engineer Lead Network Engineer - Trescal Corp. Howell, M. I Mount Morris, MI Work Experience Lead Network Engineer Trescal Corp. Howell, M. I May 2016 to Present Design, Build and implement corporate networks Coordinate Travel and Time frames for acquisition integrations and Systems Mergers Maintain Data Center and 20+ sites around the United States Coordinate daily operations with Development and Systems Teams for Hardware and Systems testing and integration Maintain 4+ E.R.P Systems Design, Test and implement Cyber security policies to protect against ransomware and other threats.","tokens":["Lead","Network","Engineer","Lead","Network","Engineer","Lead","Network","Engineer","-","Trescal","Corp.","Howell,","M.","I","Mount","Morris,","MI","Work","Experience","Lead","Network","Engineer","Trescal","Corp.","Howell,","M.","I","May","2016","to","Present","Design,","Build","and","implement","corporate","networks","Coordinate","Travel","and","Time","frames","for","acquisition","integrations","and","Systems","Mergers","Maintain","Data","Center","and","20+","sites","around","the","United","States","Coordinate","daily","operations","with","Development","and","Systems","Teams","for","Hardware","and","Systems","testing","and","integration","Maintain","4+","E.R.P","Systems","Design,","Test","and","implement","Cyber","security","policies","to","protect","against","ransomware","and","other","threats."],"metadata":[]}],[{"content":"Train Systems Administrators on procedures and validate work before being posted to live environment.","tokens":["Train","Systems","Administrators","on","procedures","and","validate","work","before","being","posted","to","live","environment."],"metadata":[]}],[{"content":"Perpetual workload, Prioritize and maintain plan of concerns and develop plans with Teams to coordinate response.","tokens":["Perpetual","workload,","Prioritize","and","maintain","plan","of","concerns","and","develop","plans","with","Teams","to","coordinate","response."],"metadata":[]}],[{"content":"Maintain Corporate Phone Systems, Servers,Databases,Backup Locations and Daily Task.","tokens":["Maintain","Corporate","Phone","Systems,","Servers,Databases,Backup","Locations","and","Daily","Task."],"metadata":[]}],[{"content":"Always on call, I am the last line of defense.","tokens":["Always","on","call,","I","am","the","last","line","of","defense."],"metadata":[]}],[{"content":"Frequent Travel.","tokens":["Frequent","Travel."],"metadata":[]}],[{"content":"Network Administrator Mid Michigan Medical Billing February 2015 to May 2016 Manage, monitor and troubleshoot over 40 different clients Build and maintain servers Work on office equipment, laptops, switches, modems, printers and faxes Run network cabling along with coax for Closed Circuit Television.","tokens":["Network","Administrator","Mid","Michigan","Medical","Billing","February","2015","to","May","2016","Manage,","monitor","and","troubleshoot","over","40","different","clients","Build","and","maintain","servers","Work","on","office","equipment,","laptops,","switches,","modems,","printers","and","faxes","Run","network","cabling","along","with","coax","for","Closed","Circuit","Television."],"metadata":[]}],[{"content":"Maintain active directory, storage space, and functionality across server platforms Set up VPN's for distant offices.","tokens":["Maintain","active","directory,","storage","space,","and","functionality","across","server","platforms","Set","up","VPN's","for","distant","offices."],"metadata":[]}],[{"content":"Service and maintain phone systems DC Migrations, TS Migrations, File Server Migrations Tech/sales Clio Computers August 2014 to April 2015 Build computers, commercial and residential Maintain systems, clean up malware and viruses including host.dll virus, ransom ware, rootkits along with ransom ware Manage server software Make crossover cables for everyday use Configure devices such as modems, routers (ap's), and other wireless devices Education Associate in Computer Science Baker College of Flint - Flint, MI June 2012 to June 2015 Skills Firewalls (5 years), Hyper-v (4 years), Linux (2 years), SQL Database Management (2 years), Networking (6 years), Team management (2 years), Virtual machine (7 years), Vmware (7 years), ERP Integrations (3 years), All windows Server 2003-19 (6 years), Xenserver (4 years), Phones (5 years), Network Conversions (4 years), Network Security (5 years), Network Administration (6 years), Systems Integration (5 years), LAN (5 years), Cloud Computing (4 years), Computer Hardware (6 years), Computer Repair (6 years)","tokens":["Service","and","maintain","phone","systems","DC","Migrations,","TS","Migrations,","File","Server","Migrations","Tech/sales","Clio","Computers","August","2014","to","April","2015","Build","computers,","commercial","and","residential","Maintain","systems,","clean","up","malware","and","viruses","including","host.dll","virus,","ransom","ware,","rootkits","along","with","ransom","ware","Manage","server","software","Make","crossover","cables","for","everyday","use","Configure","devices","such","as","modems,","routers","(ap's),","and","other","wireless","devices","Education","Associate","in","Computer","Science","Baker","College","of","Flint","-","Flint,","MI","June","2012","to","June","2015","Skills","Firewalls","(5","years),","Hyper-v","(4","years),","Linux","(2","years),","SQL","Database","Management","(2","years),","Networking","(6","years),","Team","management","(2","years),","Virtual","machine","(7","years),","Vmware","(7","years),","ERP","Integrations","(3","years),","All","windows","Server","2003-19","(6","years),","Xenserver","(4","years),","Phones","(5","years),","Network","Conversions","(4","years),","Network","Security","(5","years),","Network","Administration","(6","years),","Systems","Integration","(5","years),","LAN","(5","years),","Cloud","Computing","(4","years),","Computer","Hardware","(6","years),","Computer","Repair","(6","years)"],"metadata":[]}]],"labelerInfo":{"id":6814,"email":"cwilhel8@jh.edu","displayName":"Chris Wilhelm"},"labelSets":[{"name":"Resume Labels","index":0,"labelItems":[{"id":"Kj5U6n9NUqTXuWcB3c_7L","labelName":"College"},{"id":"rj7TW0-ymuRo6f_asXJab","labelName":"Company Name"},{"id":"SJEkdao76hjwbb6Fh5SY6","labelName":"Job Title"},{"id":"BjO8MdvK2KI4E5iMEeY4B","labelName":"Graduation Year"},{"id":"eS2knCRgLegeRw8bcmSWA","labelName":"Skill"},{"id":"IeEoIKabMl51BJE0gX2YL","labelName":"Degree"},{"id":"1R0C50AAwFbEp2O0WmRv6","labelName":"Location"},{"id":"zQcc4ygexJ_A3Gb0NeRTk","labelName":"Years of Experience"},{"id":"52S_6moRfhjC-yXgIBeCp","labelName":"Date"},{"id":"KiLarWmwlU1E3-FfdG6Qg","labelName":"Project"},{"id":"dyxKKTAxW1z5ifjPj42BI","labelName":"Name"}]}],"spanLabels":[],"arrowLabels":[],"boundingBoxLabels":[],"timeLabels":[],"comments":[],"url":"datasaur://static/6814/91bf337b-3783-45f6-998c-3244c7c12b8f.txt"}}
