{"version":"1","data":{"project":{"id":"ODBjYmQ2MDg","name":"NLP SSM Final Project"},"document":{"id":"92b240f0-a24e-4cb1-8613-994639076df0","name":"resume_53_d1.txt"},"kinds":["TOKEN_BASED"],"rows":[[{"content":"HR REPRESENTATIVE Summary A motivated business partner who communicates and collaborates effectively with all levels of personnel by relying on outstanding interpersonal and customer service skills, excellent sense of urgency and time management skills and taking pride in delivering high quality work.","tokens":["HR","REPRESENTATIVE","Summary","A","motivated","business","partner","who","communicates","and","collaborates","effectively","with","all","levels","of","personnel","by","relying","on","outstanding","interpersonal","and","customer","service","skills,","excellent","sense","of","urgency","and","time","management","skills","and","taking","pride","in","delivering","high","quality","work."],"metadata":[]}],[{"content":"Highlights provide a high level of service to both internal and external clients and candidates possess excellent communication skills an organizational guru communication skills, have the ability to shift gears at a moment's notice and enjoy the challenges of helping to build a great organization of talented individuals.","tokens":["Highlights","provide","a","high","level","of","service","to","both","internal","and","external","clients","and","candidates","possess","excellent","communication","skills","an","organizational","guru","communication","skills,","have","the","ability","to","shift","gears","at","a","moment's","notice","and","enjoy","the","challenges","of","helping","to","build","a","great","organization","of","talented","individuals."],"metadata":[]}],[{"content":"Ability to multi-task and work in a extremely fast paced environment.","tokens":["Ability","to","multi-task","and","work","in","a","extremely","fast","paced","environment."],"metadata":[]}],[{"content":"Superb Customer/Client service focus with a demonstrated desire to exceed expectations.","tokens":["Superb","Customer/Client","service","focus","with","a","demonstrated","desire","to","exceed","expectations."],"metadata":[]}],[{"content":"Ability to handle confidential information and escalate issues when appropriate.","tokens":["Ability","to","handle","confidential","information","and","escalate","issues","when","appropriate."],"metadata":[]}],[{"content":"Ability to interface with all levels of the organization, with external candidates and build relationships.","tokens":["Ability","to","interface","with","all","levels","of","the","organization,","with","external","candidates","and","build","relationships."],"metadata":[]}],[{"content":"Proved ability to serve as a team player with the agility to jump in whenever needed.","tokens":["Proved","ability","to","serve","as","a","team","player","with","the","agility","to","jump","in","whenever","needed."],"metadata":[]}],[{"content":"Flexible, able to change direction quickly.","tokens":["Flexible,","able","to","change","direction","quickly."],"metadata":[]}],[{"content":"Excellent oral and written communication skills, an ability to multitask, strong attention to detail and be able to work autonomously.","tokens":["Excellent","oral","and","written","communication","skills,","an","ability","to","multitask,","strong","attention","to","detail","and","be","able","to","work","autonomously."],"metadata":[]}],[{"content":"A track record of demonstrating strong work ethic, integrity and personal accountability.","tokens":["A","track","record","of","demonstrating","strong","work","ethic,","integrity","and","personal","accountability."],"metadata":[]}],[{"content":"Organized with strong time management and problem solving skills, intense attention to detail and accuracy, ability to prioritize.","tokens":["Organized","with","strong","time","management","and","problem","solving","skills,","intense","attention","to","detail","and","accuracy,","ability","to","prioritize."],"metadata":[]}],[{"content":"Human resources audits Maintains confidentiality People-oriented Organized Exceptional communicator New employee orientations Experience HR Representative , 11/2008 － 02/2016 Company Name － City , State Managed communication regarding employee orientation and open enrollment for benefits.","tokens":["Human","resources","audits","Maintains","confidentiality","People-oriented","Organized","Exceptional","communicator","New","employee","orientations","Experience","HR","Representative",",","11/2008","－","02/2016","Company","Name","－","City",",","State","Managed","communication","regarding","employee","orientation","and","open","enrollment","for","benefits."],"metadata":[]}],[{"content":"Designed new employee packages and sent them via mail and e-mail.","tokens":["Designed","new","employee","packages","and","sent","them","via","mail","and","e-mail."],"metadata":[]}],[{"content":"Drafted department-specific employee announcements.","tokens":["Drafted","department-specific","employee","announcements."],"metadata":[]}],[{"content":"Resolved personnel issues regarding human resources matters needing clarification, submissions and corrections.","tokens":["Resolved","personnel","issues","regarding","human","resources","matters","needing","clarification,","submissions","and","corrections."],"metadata":[]}],[{"content":"Provided administrative HR support to 1200+ employees at all levels, including executive leadership and C&W Railway, in a manufacturing environment Employee Relations- effectively handled questions, interpreted and administered Collective Bargaining Agreements and policies, and resolved benefits and payroll related problems Talent Acquisition- Collaborated with hiring managers to recruit qualified employees and made hiring recommendations.","tokens":["Provided","administrative","HR","support","to","1200+","employees","at","all","levels,","including","executive","leadership","and","C&W","Railway,","in","a","manufacturing","environment","Employee","Relations-","effectively","handled","questions,","interpreted","and","administered","Collective","Bargaining","Agreements","and","policies,","and","resolved","benefits","and","payroll","related","problems","Talent","Acquisition-","Collaborated","with","hiring","managers","to","recruit","qualified","employees","and","made","hiring","recommendations."],"metadata":[]}],[{"content":"Took initiative to work with crafted maintenance personnel in order to successfully source qualified candidates for these hard to fill positions.","tokens":["Took","initiative","to","work","with","crafted","maintenance","personnel","in","order","to","successfully","source","qualified","candidates","for","these","hard","to","fill","positions."],"metadata":[]}],[{"content":"Onboarding & Orientation- Managed the recruiting and on-boarding process of all hourly employees.","tokens":["Onboarding","&","Orientation-","Managed","the","recruiting","and","on-boarding","process","of","all","hourly","employees."],"metadata":[]}],[{"content":"Conducted and coordinated new employee orientations at all levels to help facilitate organizational objectives.","tokens":["Conducted","and","coordinated","new","employee","orientations","at","all","levels","to","help","facilitate","organizational","objectives."],"metadata":[]}],[{"content":"On-boarded 731 hires in 5 years including 3 entire Production crews of 10-15 people each, within 8 weeks Applicant Tracking Systems (ATS) - Customized and implemented an ATS for all North American plants within the organization Managed the Employee Referral Program and created and implemented the HR Outreach Program an integral partner in managing recruiting activities and building candidate relationships; often providing candidates with their first impression of SAFEbuilt and is responsible for helping creating a unique and positive first impression for potential employees as well as provide an outstanding candidate experience for each and every candidate Scheduling interviews, phone screens, candidate testing, working directly with candidates, recruiters and hiring managers, in some cases arranging travel for visiting candidates.","tokens":["On-boarded","731","hires","in","5","years","including","3","entire","Production","crews","of","10-15","people","each,","within","8","weeks","Applicant","Tracking","Systems","(ATS)","-","Customized","and","implemented","an","ATS","for","all","North","American","plants","within","the","organization","Managed","the","Employee","Referral","Program","and","created","and","implemented","the","HR","Outreach","Program","an","integral","partner","in","managing","recruiting","activities","and","building","candidate","relationships;","often","providing","candidates","with","their","first","impression","of","SAFEbuilt","and","is","responsible","for","helping","creating","a","unique","and","positive","first","impression","for","potential","employees","as","well","as","provide","an","outstanding","candidate","experience","for","each","and","every","candidate","Scheduling","interviews,","phone","screens,","candidate","testing,","working","directly","with","candidates,","recruiters","and","hiring","managers,","in","some","cases","arranging","travel","for","visiting","candidates."],"metadata":[]}],[{"content":"Arrange and coordinate schedule changes as they occur throughout interview process.","tokens":["Arrange","and","coordinate","schedule","changes","as","they","occur","throughout","interview","process."],"metadata":[]}],[{"content":"Coordinate interviews for out of state offices ensuring a positive candidate experience.","tokens":["Coordinate","interviews","for","out","of","state","offices","ensuring","a","positive","candidate","experience."],"metadata":[]}],[{"content":"Provide follow-up correspondence to candidates on recruitment status via phone and email.","tokens":["Provide","follow-up","correspondence","to","candidates","on","recruitment","status","via","phone","and","email."],"metadata":[]}],[{"content":"Greet candidates upon arrival for interviews when appropriate, assist them throughout the entire process ensuring a positive experience Updating candidate records and job postings in recruiting systems and confirming new hires.","tokens":["Greet","candidates","upon","arrival","for","interviews","when","appropriate,","assist","them","throughout","the","entire","process","ensuring","a","positive","experience","Updating","candidate","records","and","job","postings","in","recruiting","systems","and","confirming","new","hires."],"metadata":[]}],[{"content":"Coordinating the post-interview debrief meetings and providing debrief materials.","tokens":["Coordinating","the","post-interview","debrief","meetings","and","providing","debrief","materials."],"metadata":[]}],[{"content":"Creating and extending offer letters.","tokens":["Creating","and","extending","offer","letters."],"metadata":[]}],[{"content":"Conducting reference and background checks prior to the onboarding of a candidate.","tokens":["Conducting","reference","and","background","checks","prior","to","the","onboarding","of","a","candidate."],"metadata":[]}],[{"content":"Identifying opportunities for improving candidate experience and scheduling efficiency.","tokens":["Identifying","opportunities","for","improving","candidate","experience","and","scheduling","efficiency."],"metadata":[]}],[{"content":"Tracking recruiting activities and providing candidate status in a weekly report.","tokens":["Tracking","recruiting","activities","and","providing","candidate","status","in","a","weekly","report."],"metadata":[]}],[{"content":"Assisting in the coordination of other recruiting activities as needed including attending recruiting events and career fairs ​ Clerk Typist , 08/2008 － 11/2008 Company Name － City , State Prepared correspondence and completed data entry for public records and departmental reporting.","tokens":["Assisting","in","the","coordination","of","other","recruiting","activities","as","needed","including","attending","recruiting","events","and","career","fairs","​","Clerk","Typist",",","08/2008","－","11/2008","Company","Name","－","City",",","State","Prepared","correspondence","and","completed","data","entry","for","public","records","and","departmental","reporting."],"metadata":[]}],[{"content":"Responsible for registering sex offenders.","tokens":["Responsible","for","registering","sex","offenders."],"metadata":[]}],[{"content":"Maintained confidentiality in all aspects of job duties.","tokens":["Maintained","confidentiality","in","all","aspects","of","job","duties."],"metadata":[]}],[{"content":"Sr. Merchandise Assistant, Replenishment Leader, Office Associate , 02/2002 － 08/2008 Managed women's soft lines departments and Replenishment Team in a $3M dollar big box store Enforced sound merchandising and loss control strategies Excelled in building, motivating, coaching, and training hourly teams Responsible for cash handling procedures and daily opening/closing procedures Resolved internal and external customer problems and made smart decisions that drove sales, profits, and world class customer service Responsible for reconciling timecards, employee development, performance reviews, and maintaining confidentiality 08/1998 － 02/2000 Company Name － City , State Education Colorado State University － City , State Bachelor of Science Apparel and Merchandising Apparel and Merchandising Human Resources Certificate","tokens":["Sr.","Merchandise","Assistant,","Replenishment","Leader,","Office","Associate",",","02/2002","－","08/2008","Managed","women's","soft","lines","departments","and","Replenishment","Team","in","a","$3M","dollar","big","box","store","Enforced","sound","merchandising","and","loss","control","strategies","Excelled","in","building,","motivating,","coaching,","and","training","hourly","teams","Responsible","for","cash","handling","procedures","and","daily","opening/closing","procedures","Resolved","internal","and","external","customer","problems","and","made","smart","decisions","that","drove","sales,","profits,","and","world","class","customer","service","Responsible","for","reconciling","timecards,","employee","development,","performance","reviews,","and","maintaining","confidentiality","08/1998","－","02/2000","Company","Name","－","City",",","State","Education","Colorado","State","University","－","City",",","State","Bachelor","of","Science","Apparel","and","Merchandising","Apparel","and","Merchandising","Human","Resources","Certificate"],"metadata":[]}],[{"content":"Mountain States Employers Council Skills administrative, administrative support, benefits, C, cash handling, closing, coaching, com, Interpersonal Skills, Council, customer service, Customer Service Skills, data entry, Decision Making, Employee Relations, hiring, HRIS, Human Resources, HR, Interpretation, Labor Relations, leadership, merchandising, Lisa, negotiations, organizational, payroll, performance reviews, personnel, policies, Problem Resolution, reconciling, recruiting, reporting, sales, sound, employee development","tokens":["Mountain","States","Employers","Council","Skills","administrative,","administrative","support,","benefits,","C,","cash","handling,","closing,","coaching,","com,","Interpersonal","Skills,","Council,","customer","service,","Customer","Service","Skills,","data","entry,","Decision","Making,","Employee","Relations,","hiring,","HRIS,","Human","Resources,","HR,","Interpretation,","Labor","Relations,","leadership,","merchandising,","Lisa,","negotiations,","organizational,","payroll,","performance","reviews,","personnel,","policies,","Problem","Resolution,","reconciling,","recruiting,","reporting,","sales,","sound,","employee","development"],"metadata":[]}]],"labelerInfo":{"id":6814,"email":"cwilhel8@jh.edu","displayName":"Chris Wilhelm"},"labelSets":[{"name":"Resume Labels","index":0,"labelItems":[{"id":"Kj5U6n9NUqTXuWcB3c_7L","labelName":"College"},{"id":"rj7TW0-ymuRo6f_asXJab","labelName":"Company Name"},{"id":"SJEkdao76hjwbb6Fh5SY6","labelName":"Job Title"},{"id":"BjO8MdvK2KI4E5iMEeY4B","labelName":"Graduation Year"},{"id":"eS2knCRgLegeRw8bcmSWA","labelName":"Skill"},{"id":"IeEoIKabMl51BJE0gX2YL","labelName":"Degree"},{"id":"1R0C50AAwFbEp2O0WmRv6","labelName":"Location"},{"id":"zQcc4ygexJ_A3Gb0NeRTk","labelName":"Years of Experience"},{"id":"52S_6moRfhjC-yXgIBeCp","labelName":"Date"},{"id":"KiLarWmwlU1E3-FfdG6Qg","labelName":"Project"},{"id":"dyxKKTAxW1z5ifjPj42BI","labelName":"Name"}]}],"spanLabels":[],"arrowLabels":[],"boundingBoxLabels":[],"timeLabels":[],"comments":[],"url":"datasaur://static/6814/92b240f0-a24e-4cb1-8613-994639076df0.txt"}}
