{"version":"1","data":{"project":{"id":"ODBjYmQ2MDg","name":"NLP SSM Final Project"},"document":{"id":"89a87228-0aac-485f-9e2b-daa83fe7f7cf","name":"resume_2419_d1.txt"},"kinds":["TOKEN_BASED"],"rows":[[{"content":"PATIENT CARE TECHNICIAN Summary Enthusiastic and hardworking nursing school graduate.","tokens":["PATIENT","CARE","TECHNICIAN","Summary","Enthusiastic","and","hardworking","nursing","school","graduate."],"metadata":[]}],[{"content":"Graduated Salutatorian and Magna Cum Lauda from Chamberlain University.","tokens":["Graduated","Salutatorian","and","Magna","Cum","Lauda","from","Chamberlain","University."],"metadata":[]}],[{"content":"My can-do attitude has led me to be a valued member to all my prior employers.","tokens":["My","can-do","attitude","has","led","me","to","be","a","valued","member","to","all","my","prior","employers."],"metadata":[]}],[{"content":"I am extremely dedicated and always strive to provide the best service possible, one that I can proudly put my name on.","tokens":["I","am","extremely","dedicated","and","always","strive","to","provide","the","best","service","possible,","one","that","I","can","proudly","put","my","name","on."],"metadata":[]}],[{"content":"I understand the importance of getting the job done correctly the first time, and in a timely manner.","tokens":["I","understand","the","importance","of","getting","the","job","done","correctly","the","first","time,","and","in","a","timely","manner."],"metadata":[]}],[{"content":"I will be a strong advocate for my patients and for the healthcare team I work for.","tokens":["I","will","be","a","strong","advocate","for","my","patients","and","for","the","healthcare","team","I","work","for."],"metadata":[]}],[{"content":"Experience 12/2016 to 07/2017 Patient Care Technician Interviewed patients, measured vital signs, and documented all information on patients' EMR.","tokens":["Experience","12/2016","to","07/2017","Patient","Care","Technician","Interviewed","patients,","measured","vital","signs,","and","documented","all","information","on","patients'","EMR."],"metadata":[]}],[{"content":"Assisted nurses in pre-and postoperative therapy with treatments; inserting and","tokens":["Assisted","nurses","in","pre-and","postoperative","therapy","with","treatments;","inserting","and"],"metadata":[]}],[{"content":"discontinuing Foley catheter, discontinuing IV catheters, and maintaining IV fluids.","tokens":["discontinuing","Foley","catheter,","discontinuing","IV","catheters,","and","maintaining","IV","fluids."],"metadata":[]}],[{"content":"Collected and prepared laboratory specimens, preformed glucose monitoring.","tokens":["Collected","and","prepared","laboratory","specimens,","preformed","glucose","monitoring."],"metadata":[]}],[{"content":"Transported patients via wheel chairs and stretcher, assisted patients to","tokens":["Transported","patients","via","wheel","chairs","and","stretcher,","assisted","patients","to"],"metadata":[]}],[{"content":"ambulate around the unit.","tokens":["ambulate","around","the","unit."],"metadata":[]}],[{"content":"Notified nurses of any conditional changes of patients in my care.","tokens":["Notified","nurses","of","any","conditional","changes","of","patients","in","my","care."],"metadata":[]}],[{"content":"Provided care and comfort to all patients, ensuring the best possible care.","tokens":["Provided","care","and","comfort","to","all","patients,","ensuring","the","best","possible","care."],"metadata":[]}],[{"content":"06/2010 to 12/2014 Server Company Name Assisted patrons during selection of food and beverages by presenting menu, and offering recommendations.","tokens":["06/2010","to","12/2014","Server","Company","Name","Assisted","patrons","during","selection","of","food","and","beverages","by","presenting","menu,","and","offering","recommendations."],"metadata":[]}],[{"content":"Transmitted orders to bar and kitchen by recording patrons' choices; identified patrons' special dietary needs and special requests.","tokens":["Transmitted","orders","to","bar","and","kitchen","by","recording","patrons'","choices;","identified","patrons'","special","dietary","needs","and","special","requests."],"metadata":[]}],[{"content":"Protected establishment and patrons by adhering to sanitation, safety, and alcohol beverage control policies.","tokens":["Protected","establishment","and","patrons","by","adhering","to","sanitation,","safety,","and","alcohol","beverage","control","policies."],"metadata":[]}],[{"content":"09/2005 to 09/2009 Aviation Electronic Technician Company Name Drastically reduced aircraft discrepancies by 30% during my tenure with Patrol Squadron Sixteen.","tokens":["09/2005","to","09/2009","Aviation","Electronic","Technician","Company","Name","Drastically","reduced","aircraft","discrepancies","by","30%","during","my","tenure","with","Patrol","Squadron","Sixteen."],"metadata":[]}],[{"content":"Troubleshot, replaced, and repaired critical electronic equipment on 17 different P-3C aircraft avionic systems.","tokens":["Troubleshot,","replaced,","and","repaired","critical","electronic","equipment","on","17","different","P-3C","aircraft","avionic","systems."],"metadata":[]}],[{"content":"Responsible for accurate and timely updating of aircraft log books.","tokens":["Responsible","for","accurate","and","timely","updating","of","aircraft","log","books."],"metadata":[]}],[{"content":"Accountable for over 10 junior sailors in my work center.","tokens":["Accountable","for","over","10","junior","sailors","in","my","work","center."],"metadata":[]}],[{"content":"07/2000 to 08/2005 Company Name Assisted DVM with medical examinations, triaged incoming patients and managed clients throughout their visit.","tokens":["07/2000","to","08/2005","Company","Name","Assisted","DVM","with","medical","examinations,","triaged","incoming","patients","and","managed","clients","throughout","their","visit."],"metadata":[]}],[{"content":"Prepared animals for surgery, prepared surgical packs, monitored patients under anesthesia, and assisted Veterinarians during surgical procedures.","tokens":["Prepared","animals","for","surgery,","prepared","surgical","packs,","monitored","patients","under","anesthesia,","and","assisted","Veterinarians","during","surgical","procedures."],"metadata":[]}],[{"content":"Performed dental procedures, x-rays, lab and bloodwork.","tokens":["Performed","dental","procedures,","x-rays,","lab","and","bloodwork."],"metadata":[]}],[{"content":"Gave vaccinations, obtained blood samples, and administered medications.","tokens":["Gave","vaccinations,","obtained","blood","samples,","and","administered","medications."],"metadata":[]}],[{"content":"Monitored and appropriately documented patient vital signs and activity.","tokens":["Monitored","and","appropriately","documented","patient","vital","signs","and","activity."],"metadata":[]}],[{"content":"Clearly communicated instructions to my clients and veterinary assistants.","tokens":["Clearly","communicated","instructions","to","my","clients","and","veterinary","assistants."],"metadata":[]}],[{"content":"Education and Training June 25, 2017 Bachelors of Science Degree : Nursing Chamberlain University － City , State Nursing May 6, 2011 Associates of Arts Florida State College of Jacksonville Interests Registered Nurse- State of Florida July 18, 2017","tokens":["Education","and","Training","June","25,","2017","Bachelors","of","Science","Degree",":","Nursing","Chamberlain","University","－","City",",","State","Nursing","May","6,","2011","Associates","of","Arts","Florida","State","College","of","Jacksonville","Interests","Registered","Nurse-","State","of","Florida","July","18,","2017"],"metadata":[]}],[{"content":"*American Heart Association Basic Life Support (BLS) Certification","tokens":["*American","Heart","Association","Basic","Life","Support","(BLS)","Certification"],"metadata":[]}],[{"content":"Preceptorship at UF HEALTH EMERGENCY DEPARTEMENT:","tokens":["Preceptorship","at","UF","HEALTH","EMERGENCY","DEPARTEMENT:"],"metadata":[]}],[{"content":"*Stabilized and managed basic life support of high acuity patients.","tokens":["*Stabilized","and","managed","basic","life","support","of","high","acuity","patients."],"metadata":[]}],[{"content":"*Triaged patients according to their acuity.","tokens":["*Triaged","patients","according","to","their","acuity."],"metadata":[]}],[{"content":"*Assessed and collected data on patient health history and current condition.","tokens":["*Assessed","and","collected","data","on","patient","health","history","and","current","condition."],"metadata":[]}],[{"content":"*Coordinated with health care team, including physicians, pharmacists, and technicians.","tokens":["*Coordinated","with","health","care","team,","including","physicians,","pharmacists,","and","technicians."],"metadata":[]}],[{"content":"*Initiated corrective action when equipment or patient showed adverse or worsening condition.","tokens":["*Initiated","corrective","action","when","equipment","or","patient","showed","adverse","or","worsening","condition."],"metadata":[]}],[{"content":"*Documented all information concisely, accurately, and according to hospital policies.","tokens":["*Documented","all","information","concisely,","accurately,","and","according","to","hospital","policies."],"metadata":[]}],[{"content":"*Inserted IV catheters, administered IV fluids, and medications when appropriate.","tokens":["*Inserted","IV","catheters,","administered","IV","fluids,","and","medications","when","appropriate."],"metadata":[]}],[{"content":"*Collected blood specimens and interpreted lab results.","tokens":["*Collected","blood","specimens","and","interpreted","lab","results."],"metadata":[]}],[{"content":"*Collected and prepared laboratory specimens, and performed glucose monitoring.","tokens":["*Collected","and","prepared","laboratory","specimens,","and","performed","glucose","monitoring."],"metadata":[]}],[{"content":"*Assisted physicians in performing procedures.","tokens":["*Assisted","physicians","in","performing","procedures."],"metadata":[]}],[{"content":"*Initiated patient education, including how to manage illness/injury by explaining post treatment home care needs, diet, exercise, self-administration of medication, as well as referrals.","tokens":["*Initiated","patient","education,","including","how","to","manage","illness/injury","by","explaining","post","treatment","home","care","needs,","diet,","exercise,","self-administration","of","medication,","as","well","as","referrals."],"metadata":[]}],[{"content":"Clinical Experience: Over 400 hours","tokens":["Clinical","Experience:","Over","400","hours"],"metadata":[]}],[{"content":"UF Health","tokens":["UF","Health"],"metadata":[]}],[{"content":"*Transitional Care Unit","tokens":["*Transitional","Care","Unit"],"metadata":[]}],[{"content":"*Neurological Medical Surgical","tokens":["*Neurological","Medical","Surgical"],"metadata":[]}],[{"content":"*Orthopedic Medical Surgical","tokens":["*Orthopedic","Medical","Surgical"],"metadata":[]}],[{"content":"*Labor and Delivery","tokens":["*Labor","and","Delivery"],"metadata":[]}],[{"content":"*Neonatal Intensive Care Unit","tokens":["*Neonatal","Intensive","Care","Unit"],"metadata":[]}],[{"content":"*Neonatal Intensive Care Unit, Step down","tokens":["*Neonatal","Intensive","Care","Unit,","Step","down"],"metadata":[]}],[{"content":"*Pediatric Emergency Department","tokens":["*Pediatric","Emergency","Department"],"metadata":[]}],[{"content":"*Intensive Care Unit","tokens":["*Intensive","Care","Unit"],"metadata":[]}],[{"content":"Northeast Florida State Hospital","tokens":["Northeast","Florida","State","Hospital"],"metadata":[]}],[{"content":"*Mental Health Nursing","tokens":["*Mental","Health","Nursing"],"metadata":[]}],[{"content":"Memorial Specialty Hospital","tokens":["Memorial","Specialty","Hospital"],"metadata":[]}],[{"content":"*Medical Surgical Skills anesthesia, C, clients, policies, presenting, recording, safety, surgery, therapy, vital signs, x-rays Additional Information Licensure:","tokens":["*Medical","Surgical","Skills","anesthesia,","C,","clients,","policies,","presenting,","recording,","safety,","surgery,","therapy,","vital","signs,","x-rays","Additional","Information","Licensure:"],"metadata":[]}],[{"content":"*Registered Nurse- State of Florida July 18, 2017","tokens":["*Registered","Nurse-","State","of","Florida","July","18,","2017"],"metadata":[]}],[{"content":"*American Heart Association Basic Life Support (BLS) Certification","tokens":["*American","Heart","Association","Basic","Life","Support","(BLS)","Certification"],"metadata":[]}],[{"content":"Preceptorship at UF HEALTH EMERGENCY DEPARTEMENT:","tokens":["Preceptorship","at","UF","HEALTH","EMERGENCY","DEPARTEMENT:"],"metadata":[]}],[{"content":"*Stabilized and managed basic life support of high acuity patients.","tokens":["*Stabilized","and","managed","basic","life","support","of","high","acuity","patients."],"metadata":[]}],[{"content":"*Triaged patients according to their acuity.","tokens":["*Triaged","patients","according","to","their","acuity."],"metadata":[]}],[{"content":"*Assessed and collected data on patient health history and current condition.","tokens":["*Assessed","and","collected","data","on","patient","health","history","and","current","condition."],"metadata":[]}],[{"content":"*Coordinated with health care team, including physicians, pharmacists, and technicians.","tokens":["*Coordinated","with","health","care","team,","including","physicians,","pharmacists,","and","technicians."],"metadata":[]}],[{"content":"*Initiated corrective action when equipment or patient showed adverse or worsening condition.","tokens":["*Initiated","corrective","action","when","equipment","or","patient","showed","adverse","or","worsening","condition."],"metadata":[]}],[{"content":"*Documented all information concisely, accurately, and according to hospital policies.","tokens":["*Documented","all","information","concisely,","accurately,","and","according","to","hospital","policies."],"metadata":[]}],[{"content":"*Inserted IV catheters, administered IV fluids, and medications when appropriate.","tokens":["*Inserted","IV","catheters,","administered","IV","fluids,","and","medications","when","appropriate."],"metadata":[]}],[{"content":"*Collected blood specimens and interpreted lab results.","tokens":["*Collected","blood","specimens","and","interpreted","lab","results."],"metadata":[]}],[{"content":"*Collected and prepared laboratory specimens, and performed glucose monitoring.","tokens":["*Collected","and","prepared","laboratory","specimens,","and","performed","glucose","monitoring."],"metadata":[]}],[{"content":"*Assisted physicians in performing procedures.","tokens":["*Assisted","physicians","in","performing","procedures."],"metadata":[]}],[{"content":"*Initiated patient education, including how to manage illness/injury by explaining post treatment home care needs, diet, exercise, self-administration of medication, as well as referrals.","tokens":["*Initiated","patient","education,","including","how","to","manage","illness/injury","by","explaining","post","treatment","home","care","needs,","diet,","exercise,","self-administration","of","medication,","as","well","as","referrals."],"metadata":[]}],[{"content":"Clinical Experience: Over 400 hours","tokens":["Clinical","Experience:","Over","400","hours"],"metadata":[]}],[{"content":"UF Health","tokens":["UF","Health"],"metadata":[]}],[{"content":"*Transitional Care Unit","tokens":["*Transitional","Care","Unit"],"metadata":[]}],[{"content":"*Neurological Medical Surgical","tokens":["*Neurological","Medical","Surgical"],"metadata":[]}],[{"content":"*Orthopedic Medical Surgical","tokens":["*Orthopedic","Medical","Surgical"],"metadata":[]}],[{"content":"*Labor and Delivery","tokens":["*Labor","and","Delivery"],"metadata":[]}],[{"content":"*Neonatal Intensive Care Unit","tokens":["*Neonatal","Intensive","Care","Unit"],"metadata":[]}],[{"content":"*Neonatal Intensive Care Unit, Step down","tokens":["*Neonatal","Intensive","Care","Unit,","Step","down"],"metadata":[]}],[{"content":"*Pediatric Emergency Department","tokens":["*Pediatric","Emergency","Department"],"metadata":[]}],[{"content":"*Intensive Care Unit","tokens":["*Intensive","Care","Unit"],"metadata":[]}],[{"content":"Northeast Florida State Hospital","tokens":["Northeast","Florida","State","Hospital"],"metadata":[]}],[{"content":"*Mental Health Nursing","tokens":["*Mental","Health","Nursing"],"metadata":[]}],[{"content":"Memorial Specialty Hospital","tokens":["Memorial","Specialty","Hospital"],"metadata":[]}],[{"content":"*Medical Surgical Awards:","tokens":["*Medical","Surgical","Awards:"],"metadata":[]}],[{"content":"*Salutatorian, and Magna Cum Laude graduate from Chamberlain University.","tokens":["*Salutatorian,","and","Magna","Cum","Laude","graduate","from","Chamberlain","University."],"metadata":[]}],[{"content":"*Honor Graduate: P-3 Electrical Connector and Wire Repair Organizational Maintenance Course and P-3C Avionics Organizational Level Maintenance Course, Aug. 2006.","tokens":["*Honor","Graduate:","P-3","Electrical","Connector","and","Wire","Repair","Organizational","Maintenance","Course","and","P-3C","Avionics","Organizational","Level","Maintenance","Course,","Aug.","2006."],"metadata":[]}],[{"content":"*Enlisted Aviation Warfare Specialist, Nov. 3, 2006","tokens":["*Enlisted","Aviation","Warfare","Specialist,","Nov.","3,","2006"],"metadata":[]}],[{"content":"*Department of the Navy, Good Conduct Award, Sept. 7, 2007","tokens":["*Department","of","the","Navy,","Good","Conduct","Award,","Sept.","7,","2007"],"metadata":[]}],[{"content":"*Navy and Marine Corps Achievement Medal, Sept. 6, 2009","tokens":["*Navy","and","Marine","Corps","Achievement","Medal,","Sept.","6,","2009"],"metadata":[]}]],"labelerInfo":{"id":6814,"email":"cwilhel8@jh.edu","displayName":"Chris Wilhelm"},"labelSets":[{"name":"Resume Labels","index":0,"labelItems":[{"id":"Kj5U6n9NUqTXuWcB3c_7L","labelName":"College"},{"id":"rj7TW0-ymuRo6f_asXJab","labelName":"Company Name"},{"id":"SJEkdao76hjwbb6Fh5SY6","labelName":"Job Title"},{"id":"BjO8MdvK2KI4E5iMEeY4B","labelName":"Graduation Year"},{"id":"eS2knCRgLegeRw8bcmSWA","labelName":"Skill"},{"id":"IeEoIKabMl51BJE0gX2YL","labelName":"Degree"},{"id":"1R0C50AAwFbEp2O0WmRv6","labelName":"Location"},{"id":"zQcc4ygexJ_A3Gb0NeRTk","labelName":"Years of Experience"},{"id":"52S_6moRfhjC-yXgIBeCp","labelName":"Date"},{"id":"KiLarWmwlU1E3-FfdG6Qg","labelName":"Project"},{"id":"dyxKKTAxW1z5ifjPj42BI","labelName":"Name"}]}],"spanLabels":[],"arrowLabels":[],"boundingBoxLabels":[],"timeLabels":[],"comments":[],"url":"datasaur://static/6814/89a87228-0aac-485f-9e2b-daa83fe7f7cf.txt"}}
