{"version":"1","data":{"project":{"id":"ODBjYmQ2MDg","name":"NLP SSM Final Project"},"document":{"id":"98bc42df-b3c6-406e-84c2-b309956b251a","name":"resume_3050_d2.txt"},"kinds":["TOKEN_BASED"],"rows":[[{"content":"Radio Access Network/Transport Engineer Radio Access Network/Transport Engineer INFORMATION TECHNOLOGY PROFESSIONAL Dallas, TX Self-motivated to succeed in any workplace environment.","tokens":["Radio","Access","Network/Transport","Engineer","Radio","Access","Network/Transport","Engineer","INFORMATION","TECHNOLOGY","PROFESSIONAL","Dallas,","TX","Self-motivated","to","succeed","in","any","workplace","environment."],"metadata":[]}],[{"content":"I have hands on experience with configuration, installation, and operating in mid-sized and large fast paced corporate environments.","tokens":["I","have","hands","on","experience","with","configuration,","installation,","and","operating","in","mid-sized","and","large","fast","paced","corporate","environments."],"metadata":[]}],[{"content":"Direct Wireless Industry experience (preferably working on CDMA/ TDMA and/or 2G/3G/4G/5G Networks), with hands on experience supporting base stations on a live customer network.","tokens":["Direct","Wireless","Industry","experience","(preferably","working","on","CDMA/","TDMA","and/or","2G/3G/4G/5G","Networks),","with","hands","on","experience","supporting","base","stations","on","a","live","customer","network."],"metadata":[]}],[{"content":"Proven strong troubleshooting skills in a technical support role vs. deployment.","tokens":["Proven","strong","troubleshooting","skills","in","a","technical","support","role","vs.","deployment."],"metadata":[]}],[{"content":"IP knowledge in IP addressing, subnetting, and routing protocols.","tokens":["IP","knowledge","in","IP","addressing,","subnetting,","and","routing","protocols."],"metadata":[]}],[{"content":"Technically skilled at system troubleshooting, repair, and resolving simple to complex technical issues.","tokens":["Technically","skilled","at","system","troubleshooting,","repair,","and","resolving","simple","to","complex","technical","issues."],"metadata":[]}],[{"content":"Excellent verbal and communication skills, ethics, and effective collaboration skills, self-driven, extremely organized, highly trainable and coachable, and strong work ethic.","tokens":["Excellent","verbal","and","communication","skills,","ethics,","and","effective","collaboration","skills,","self-driven,","extremely","organized,","highly","trainable","and","coachable,","and","strong","work","ethic."],"metadata":[]}],[{"content":"Solid self-management skills with sound common sense.","tokens":["Solid","self-management","skills","with","sound","common","sense."],"metadata":[]}],[{"content":"Capable of managing multiple tasks simultaneously with the ability to find, organize, manage, evaluate, and use information resources critically and effectively for the solution of professional problems.","tokens":["Capable","of","managing","multiple","tasks","simultaneously","with","the","ability","to","find,","organize,","manage,","evaluate,","and","use","information","resources","critically","and","effectively","for","the","solution","of","professional","problems."],"metadata":[]}],[{"content":"Understand the need for and use of information in relation to ethical, societal, regulatory, and technological issues.","tokens":["Understand","the","need","for","and","use","of","information","in","relation","to","ethical,","societal,","regulatory,","and","technological","issues."],"metadata":[]}],[{"content":"Quick learner, great listener, results oriented, customer service-oriented, detail-oriented, can do winning attitude, drive for success, and a great team player.","tokens":["Quick","learner,","great","listener,","results","oriented,","customer","service-oriented,","detail-oriented,","can","do","winning","attitude,","drive","for","success,","and","a","great","team","player."],"metadata":[]}],[{"content":"Desire to learn cutting edge technologies, grow professionally, and engage in lifelong learning.","tokens":["Desire","to","learn","cutting","edge","technologies,","grow","professionally,","and","engage","in","lifelong","learning."],"metadata":[]}],[{"content":"Authorized to work in the US for any employer Work Experience Radio Access Network/Transport Engineer T-Mobile June 2019 to Present Supporting RAN/ Transport Technologies and providing NOC support to other Technicians and Engineers.","tokens":["Authorized","to","work","in","the","US","for","any","employer","Work","Experience","Radio","Access","Network/Transport","Engineer","T-Mobile","June","2019","to","Present","Supporting","RAN/","Transport","Technologies","and","providing","NOC","support","to","other","Technicians","and","Engineers."],"metadata":[]}],[{"content":"Troubleshooting Ericsson/ Nokia RAN tier 1-2 tickets.","tokens":["Troubleshooting","Ericsson/","Nokia","RAN","tier","1-2","tickets."],"metadata":[]}],[{"content":"Responsible for remotely supporting the RAN equipment in the field in a24X7 environment.","tokens":["Responsible","for","remotely","supporting","the","RAN","equipment","in","the","field","in","a24X7","environment."],"metadata":[]}],[{"content":"Monitoring network alarms, and performing fault isolation testing on radios, switching networks, and peripherals.","tokens":["Monitoring","network","alarms,","and","performing","fault","isolation","testing","on","radios,","switching","networks,","and","peripherals."],"metadata":[]}],[{"content":"Working with Senior-Level Engineers to solve complex troubleshooting and repair network functions and network problems.","tokens":["Working","with","Senior-Level","Engineers","to","solve","complex","troubleshooting","and","repair","network","functions","and","network","problems."],"metadata":[]}],[{"content":"Monitoring the health and status of the Nokia MAD Routers and performing and coordinating hardware swaps with SWOPs and Nokia.","tokens":["Monitoring","the","health","and","status","of","the","Nokia","MAD","Routers","and","performing","and","coordinating","hardware","swaps","with","SWOPs","and","Nokia."],"metadata":[]}],[{"content":"Responsible for monitoring critical alarms on facilities and equipment at MSO (Main Switching Office) and Data Centers Nationwide on a national level 24/7.","tokens":["Responsible","for","monitoring","critical","alarms","on","facilities","and","equipment","at","MSO","(Main","Switching","Office)","and","Data","Centers","Nationwide","on","a","national","level","24/7."],"metadata":[]}],[{"content":"Responsible for surveillance and ticketing of all SS7 and Lucent and Ericsson MSS/MGW network?","tokens":["Responsible","for","surveillance","and","ticketing","of","all","SS7","and","Lucent","and","Ericsson","MSS/MGW","network?"],"metadata":[]}],[{"content":"elements.","tokens":["elements."],"metadata":[]}],[{"content":"Troubleshooting to resolution switch and SS7 related issues.","tokens":["Troubleshooting","to","resolution","switch","and","SS7","related","issues."],"metadata":[]}],[{"content":"Creating and responding to work orders and trouble tickets and executing switchrelated work orders, and pro-active review of switch element performance.","tokens":["Creating","and","responding","to","work","orders","and","trouble","tickets","and","executing","switchrelated","work","orders,","and","pro-active","review","of","switch","element","performance."],"metadata":[]}],[{"content":"Dispatching Field Engineers in the field to resolve hardware issues, power outages, transport issues, etc. Quarterbacking major outages (Fiber cuts, AAV outages, weather-related outages, etc.) Requesting RFO's for IP Hits and Outages.","tokens":["Dispatching","Field","Engineers","in","the","field","to","resolve","hardware","issues,","power","outages,","transport","issues,","etc.","Quarterbacking","major","outages","(Fiber","cuts,","AAV","outages,","weather-related","outages,","etc.)","Requesting","RFO's","for","IP","Hits","and","Outages."],"metadata":[]}],[{"content":"Providing support during large scale outages and disaster recovery efforts.","tokens":["Providing","support","during","large","scale","outages","and","disaster","recovery","efforts."],"metadata":[]}],[{"content":"Confirming services restored on returned tickets from the Escalations team and conducting routine remote surveillance and tier 1-2 maintenance activities for all network nodes in area of responsibility.","tokens":["Confirming","services","restored","on","returned","tickets","from","the","Escalations","team","and","conducting","routine","remote","surveillance","and","tier","1-2","maintenance","activities","for","all","network","nodes","in","area","of","responsibility."],"metadata":[]}],[{"content":"Working closely with product vendors for product maintenance, testing, upgrades, etc. Escalating trouble tickets with third party vendors such as Power and Telco Companies, as well as second tier organizations within T-Mobile.","tokens":["Working","closely","with","product","vendors","for","product","maintenance,","testing,","upgrades,","etc.","Escalating","trouble","tickets","with","third","party","vendors","such","as","Power","and","Telco","Companies,","as","well","as","second","tier","organizations","within","T-Mobile."],"metadata":[]}],[{"content":"Identifying, researching, and developing process improvements to management for implementation.","tokens":["Identifying,","researching,","and","developing","process","improvements","to","management","for","implementation."],"metadata":[]}],[{"content":"Remote Integration Test Center Engineer Tier 2 Nokia April 2019 to July 2019 Performing FL19 Software upgrades for Verizon RAN environment.","tokens":["Remote","Integration","Test","Center","Engineer","Tier","2","Nokia","April","2019","to","July","2019","Performing","FL19","Software","upgrades","for","Verizon","RAN","environment."],"metadata":[]}],[{"content":"Working in a 24x7 environment in the NOC; providing support for deployment and Integration Functions.","tokens":["Working","in","a","24x7","environment","in","the","NOC;","providing","support","for","deployment","and","Integration","Functions."],"metadata":[]}],[{"content":"Supporting, understanding, troubleshooting, and resolving the customer CDMA, UMTS, and LTE RAN network.","tokens":["Supporting,","understanding,","troubleshooting,","and","resolving","the","customer","CDMA,","UMTS,","and","LTE","RAN","network."],"metadata":[]}],[{"content":"Responding directly to calls and requests from integration engineers to the call center; troubleshooting problems as well as supporting internal teams with maintenance activities.","tokens":["Responding","directly","to","calls","and","requests","from","integration","engineers","to","the","call","center;","troubleshooting","problems","as","well","as","supporting","internal","teams","with","maintenance","activities."],"metadata":[]}],[{"content":"Interface directly with deployment and development teams which include installation, RITC Teams, RF Engineers, and PM's, to resolve site, systems or network problems.","tokens":["Interface","directly","with","deployment","and","development","teams","which","include","installation,","RITC","Teams,","RF","Engineers,","and","PM's,","to","resolve","site,","systems","or","network","problems."],"metadata":[]}],[{"content":"Mitigate outage risk and execute network restoration contingency plans in response to network failure.","tokens":["Mitigate","outage","risk","and","execute","network","restoration","contingency","plans","in","response","to","network","failure."],"metadata":[]}],[{"content":"Ensuring base stations are operational (links are up, alarms clear, etc., sites ready for RF teams, and live traffic).","tokens":["Ensuring","base","stations","are","operational","(links","are","up,","alarms","clear,","etc.,","sites","ready","for","RF","teams,","and","live","traffic)."],"metadata":[]}],[{"content":"Providing operations support to the RF teams in their optimization activities by creating and executing work orders to make parameter changes when needed.","tokens":["Providing","operations","support","to","the","RF","teams","in","their","optimization","activities","by","creating","and","executing","work","orders","to","make","parameter","changes","when","needed."],"metadata":[]}],[{"content":"Escalating quality issues to improve products and services delivered to the customer.","tokens":["Escalating","quality","issues","to","improve","products","and","services","delivered","to","the","customer."],"metadata":[]}],[{"content":"Exercising strong analytical skills to debug, troubleshoot, and isolate complex problems.","tokens":["Exercising","strong","analytical","skills","to","debug,","troubleshoot,","and","isolate","complex","problems."],"metadata":[]}],[{"content":"Commissioning & Integration Engineer Samsung August 2018 to December 2018 Aided assistance to NOC (Network Operations Center) and supported 3G/4G/5G networks.","tokens":["Commissioning","&","Integration","Engineer","Samsung","August","2018","to","December","2018","Aided","assistance","to","NOC","(Network","Operations","Center)","and","supported","3G/4G/5G","networks."],"metadata":[]}],[{"content":"Provided support to multi-functional team of R&D, Program Management, Core Networking, RF Engineering, Transport and Technical/Training Support to fulfill multi-technology wireless network deployment across customer markets.","tokens":["Provided","support","to","multi-functional","team","of","R&D,","Program","Management,","Core","Networking,","RF","Engineering,","Transport","and","Technical/Training","Support","to","fulfill","multi-technology","wireless","network","deployment","across","customer","markets."],"metadata":[]}],[{"content":"Lead various market interfaces toward internal and external customers.","tokens":["Lead","various","market","interfaces","toward","internal","and","external","customers."],"metadata":[]}],[{"content":"Identified improvements in markets and addressed customer concerns in a timely fashion.","tokens":["Identified","improvements","in","markets","and","addressed","customer","concerns","in","a","timely","fashion."],"metadata":[]}],[{"content":"Supported routing protocols (DHCP, DNS, ARP, VLAN, STP, IPV4, and VPN).","tokens":["Supported","routing","protocols","(DHCP,","DNS,","ARP,","VLAN,","STP,","IPV4,","and","VPN)."],"metadata":[]}],[{"content":"Worked with Ethernet switching, IP forwarding, class of service and services, firewall and access control, and server load balancing.","tokens":["Worked","with","Ethernet","switching,","IP","forwarding,","class","of","service","and","services,","firewall","and","access","control,","and","server","load","balancing."],"metadata":[]}],[{"content":"Implemented OSS solutions of system integration, automation, and migration.","tokens":["Implemented","OSS","solutions","of","system","integration,","automation,","and","migration."],"metadata":[]}],[{"content":"Conducted Root Cause Analysis to drive improvements.","tokens":["Conducted","Root","Cause","Analysis","to","drive","improvements."],"metadata":[]}],[{"content":"Participated and determined innovation initiatives for continuous improvement in deployment ways of working.","tokens":["Participated","and","determined","innovation","initiatives","for","continuous","improvement","in","deployment","ways","of","working."],"metadata":[]}],[{"content":"Planned the implementation of the productconfiguration and integration work.","tokens":["Planned","the","implementation","of","the","productconfiguration","and","integration","work."],"metadata":[]}],[{"content":"Analyzed, prepared, implemented and verified theconfigurationandintegrationof nodes,networks, and systems.","tokens":["Analyzed,","prepared,","implemented","and","verified","theconfigurationandintegrationof","nodes,networks,","and","systems."],"metadata":[]}],[{"content":"Generated periodic reports on equipment deployed to determine performance and relate the same to other teams within the organization.","tokens":["Generated","periodic","reports","on","equipment","deployed","to","determine","performance","and","relate","the","same","to","other","teams","within","the","organization."],"metadata":[]}],[{"content":"Supported the Sprint Tier I and Tier II NOC by answering questions on the Samsung equipment, assisting during trouble shooting, and identifying root cause.","tokens":["Supported","the","Sprint","Tier","I","and","Tier","II","NOC","by","answering","questions","on","the","Samsung","equipment,","assisting","during","trouble","shooting,","and","identifying","root","cause."],"metadata":[]}],[{"content":"Performed cell site commissioning and integration, cell site acceptance testing, cell site equipment layout, and parameter definitions.","tokens":["Performed","cell","site","commissioning","and","integration,","cell","site","acceptance","testing,","cell","site","equipment","layout,","and","parameter","definitions."],"metadata":[]}],[{"content":"Troubleshooted alarms and complex alarms/performance issues.","tokens":["Troubleshooted","alarms","and","complex","alarms/performance","issues."],"metadata":[]}],[{"content":"Troubleshooted network connectivity issues between the core and cell-site routers and their configuration.","tokens":["Troubleshooted","network","connectivity","issues","between","the","core","and","cell-site","routers","and","their","configuration."],"metadata":[]}],[{"content":"Provided Core Network support and support investigations on high severe issues.","tokens":["Provided","Core","Network","support","and","support","investigations","on","high","severe","issues."],"metadata":[]}],[{"content":"Assisted in the Network Deployment team in the integration of new CDMA sites and migration of legacy CDMA sites of the RAN equipment into the existing network.","tokens":["Assisted","in","the","Network","Deployment","team","in","the","integration","of","new","CDMA","sites","and","migration","of","legacy","CDMA","sites","of","the","RAN","equipment","into","the","existing","network."],"metadata":[]}],[{"content":"Provisioned CDMA RAN equipment with parameters provided by RF Engineering.","tokens":["Provisioned","CDMA","RAN","equipment","with","parameters","provided","by","RF","Engineering."],"metadata":[]}],[{"content":"Ensured the latest software and the correct cellular configurations were loaded into the CDU30 equipment.","tokens":["Ensured","the","latest","software","and","the","correct","cellular","configurations","were","loaded","into","the","CDU30","equipment."],"metadata":[]}],[{"content":"Ensured the cell site was connected to the network and integrated to become a functional part of network.","tokens":["Ensured","the","cell","site","was","connected","to","the","network","and","integrated","to","become","a","functional","part","of","network."],"metadata":[]}],[{"content":"Ensured that all new hardware was connected to the network and integrated into the cell site.","tokens":["Ensured","that","all","new","hardware","was","connected","to","the","network","and","integrated","into","the","cell","site."],"metadata":[]}],[{"content":"Single point-of-contact for integration, commissioning and acceptance issues.","tokens":["Single","point-of-contact","for","integration,","commissioning","and","acceptance","issues."],"metadata":[]}],[{"content":"Supported the knowledge transfer of commissioning and integration to other engineers.","tokens":["Supported","the","knowledge","transfer","of","commissioning","and","integration","to","other","engineers."],"metadata":[]}],[{"content":"Manage post migration issues including issue resolution and rescheduling the event.","tokens":["Manage","post","migration","issues","including","issue","resolution","and","rescheduling","the","event."],"metadata":[]}],[{"content":"Remote Integration Test Center Engineer Tier 2 Nokia October 2017 to August 2018 Supported Field Engineers with Verizon FSM4 Airscale Migrations, Commissioning, Parameters Changes, Clearing Alarms, and Integrations.","tokens":["Remote","Integration","Test","Center","Engineer","Tier","2","Nokia","October","2017","to","August","2018","Supported","Field","Engineers","with","Verizon","FSM4","Airscale","Migrations,","Commissioning,","Parameters","Changes,","Clearing","Alarms,","and","Integrations."],"metadata":[]}],[{"content":"Assisted Field Engineers with onsite and remote commissioning of CDMA/LTE RAN equipment.","tokens":["Assisted","Field","Engineers","with","onsite","and","remote","commissioning","of","CDMA/LTE","RAN","equipment."],"metadata":[]}],[{"content":"Responded directly to calls and requests from integration engineers to the call center; troubleshooted problems as well as support internal teams with maintenance activities.","tokens":["Responded","directly","to","calls","and","requests","from","integration","engineers","to","the","call","center;","troubleshooted","problems","as","well","as","support","internal","teams","with","maintenance","activities."],"metadata":[]}],[{"content":"Detected and responded to alarms, opened tickets, and assisted with troubleshooting as required.","tokens":["Detected","and","responded","to","alarms,","opened","tickets,","and","assisted","with","troubleshooting","as","required."],"metadata":[]}],[{"content":"Troubleshooted network components and supported to Field Engineers as required.","tokens":["Troubleshooted","network","components","and","supported","to","Field","Engineers","as","required."],"metadata":[]}],[{"content":"Used network protocols, networking software, and hardware to correct system faults.","tokens":["Used","network","protocols,","networking","software,","and","hardware","to","correct","system","faults."],"metadata":[]}],[{"content":"Coordinated with Customer and confirmed site firmware and data loads.","tokens":["Coordinated","with","Customer","and","confirmed","site","firmware","and","data","loads."],"metadata":[]}],[{"content":"Ensured base stations were operational (links up, alarms clear, etc., sites ready for RF teams, and live traffic).","tokens":["Ensured","base","stations","were","operational","(links","up,","alarms","clear,","etc.,","sites","ready","for","RF","teams,","and","live","traffic)."],"metadata":[]}],[{"content":"Responsible for monitoring the customer equipment in a CDMA and LTE based wireless telecommunications network.","tokens":["Responsible","for","monitoring","the","customer","equipment","in","a","CDMA","and","LTE","based","wireless","telecommunications","network."],"metadata":[]}],[{"content":"Troubleshooted and resolved CDMA and LTE cell site alarms.","tokens":["Troubleshooted","and","resolved","CDMA","and","LTE","cell","site","alarms."],"metadata":[]}],[{"content":"Contributed to a daily activity report and supported troubleshooting activities as required.","tokens":["Contributed","to","a","daily","activity","report","and","supported","troubleshooting","activities","as","required."],"metadata":[]}],[{"content":"Associate Network Technician Contractor Texas Instruments Incorporated April 2017 to September 2017 Upgraded existing phones to new Cisco VOIP phones.","tokens":["Associate","Network","Technician","Contractor","Texas","Instruments","Incorporated","April","2017","to","September","2017","Upgraded","existing","phones","to","new","Cisco","VOIP","phones."],"metadata":[]}],[{"content":"Installed CAT5E structured cabling onsite.","tokens":["Installed","CAT5E","structured","cabling","onsite."],"metadata":[]}],[{"content":"Terminated drop boxes.","tokens":["Terminated","drop","boxes."],"metadata":[]}],[{"content":"Supported project rollout of analog to digital lines.","tokens":["Supported","project","rollout","of","analog","to","digital","lines."],"metadata":[]}],[{"content":"Worked office moves throughout the company.","tokens":["Worked","office","moves","throughout","the","company."],"metadata":[]}],[{"content":"Documented network-related activities or tasks for management.","tokens":["Documented","network-related","activities","or","tasks","for","management."],"metadata":[]}],[{"content":"Facility Deployment Technician Contractor GTS Technology Solutions February 2017 to March 2017 Imaged, asset tags, configured, and prepared computers, servers, and/or peripherals for shipment to customer locations.","tokens":["Facility","Deployment","Technician","Contractor","GTS","Technology","Solutions","February","2017","to","March","2017","Imaged,","asset","tags,","configured,","and","prepared","computers,","servers,","and/or","peripherals","for","shipment","to","customer","locations."],"metadata":[]}],[{"content":"Labeled and stored products in an organized manner that coordinated with the inventory system and facilitated relocation of products when required; Deployed and configured computer equipment to customer locations, when necessary; Provided additional onsite configuration to deployed computer equipment, as necessary; Performed general clean-up duties at the Warehouse to maintain an environment suitable for customer tours; Assisted in handling, loading/unloading incoming/outgoing shipments, parts and materials maintained at the Warehouse in accordance with proper handling.","tokens":["Labeled","and","stored","products","in","an","organized","manner","that","coordinated","with","the","inventory","system","and","facilitated","relocation","of","products","when","required;","Deployed","and","configured","computer","equipment","to","customer","locations,","when","necessary;","Provided","additional","onsite","configuration","to","deployed","computer","equipment,","as","necessary;","Performed","general","clean-up","duties","at","the","Warehouse","to","maintain","an","environment","suitable","for","customer","tours;","Assisted","in","handling,","loading/unloading","incoming/outgoing","shipments,","parts","and","materials","maintained","at","the","Warehouse","in","accordance","with","proper","handling."],"metadata":[]}],[{"content":"Fulfillment Associate Amazon September 2016 to March 2017 Loaded and unloaded items from machines, conveyors, and conveyances.","tokens":["Fulfillment","Associate","Amazon","September","2016","to","March","2017","Loaded","and","unloaded","items","from","machines,","conveyors,","and","conveyances."],"metadata":[]}],[{"content":"Operated machinery used in the production process, and assisted machine operators.","tokens":["Operated","machinery","used","in","the","production","process,","and","assisted","machine","operators."],"metadata":[]}],[{"content":"Placed products in equipment and on work surfaces for further processing, inspecting, or wrapping.","tokens":["Placed","products","in","equipment","and","on","work","surfaces","for","further","processing,","inspecting,","or","wrapping."],"metadata":[]}],[{"content":"Examined products to verify conformance to quality standards.","tokens":["Examined","products","to","verify","conformance","to","quality","standards."],"metadata":[]}],[{"content":"Started machines and equipment to begin production processes.","tokens":["Started","machines","and","equipment","to","begin","production","processes."],"metadata":[]}],[{"content":"Database Manager Detroit Metropolitan Bar Association November 2015 to February 2016 Salesforce Data Entry and Creation of Reports.","tokens":["Database","Manager","Detroit","Metropolitan","Bar","Association","November","2015","to","February","2016","Salesforce","Data","Entry","and","Creation","of","Reports."],"metadata":[]}],[{"content":"Knowledge of principles and processes for providing customer and personal services.","tokens":["Knowledge","of","principles","and","processes","for","providing","customer","and","personal","services."],"metadata":[]}],[{"content":"This included customer need of assessment and meeting quality standards for services.","tokens":["This","included","customer","need","of","assessment","and","meeting","quality","standards","for","services."],"metadata":[]}],[{"content":"Knowledge of principles and procedures for training other employees.","tokens":["Knowledge","of","principles","and","procedures","for","training","other","employees."],"metadata":[]}],[{"content":"Network Operations Technician Catholic Health Sisters of Charity Hospital June 2014 to September 2014 Supported the roll out of 1-12 additional wheelie computer systems for the ancillary units across CHS.","tokens":["Network","Operations","Technician","Catholic","Health","Sisters","of","Charity","Hospital","June","2014","to","September","2014","Supported","the","roll","out","of","1-12","additional","wheelie","computer","systems","for","the","ancillary","units","across","CHS."],"metadata":[]}],[{"content":"Troubleshooted Windows 7 problems; both hardware and software in a Windows environment.","tokens":["Troubleshooted","Windows","7","problems;","both","hardware","and","software","in","a","Windows","environment."],"metadata":[]}],[{"content":"Provided Mobile Customer Support to end users.","tokens":["Provided","Mobile","Customer","Support","to","end","users."],"metadata":[]}],[{"content":"Imaged new PCs/Laptops, installed new software, and deployed to users.","tokens":["Imaged","new","PCs/Laptops,","installed","new","software,","and","deployed","to","users."],"metadata":[]}],[{"content":"Interacted with doctors and nurses in the ancillary units and helped users through technical wheelie issues and Windows 7 related issues.","tokens":["Interacted","with","doctors","and","nurses","in","the","ancillary","units","and","helped","users","through","technical","wheelie","issues","and","Windows","7","related","issues."],"metadata":[]}],[{"content":"Break/fix support across CHS.","tokens":["Break/fix","support","across","CHS."],"metadata":[]}],[{"content":"Service Desk Analyst PRAXAIR February 2014 to June 2014 Answered telephone calls to assist computer users encountering problems.","tokens":["Service","Desk","Analyst","PRAXAIR","February","2014","to","June","2014","Answered","telephone","calls","to","assist","computer","users","encountering","problems."],"metadata":[]}],[{"content":"Analyzed information to make decisions and solve problems.","tokens":["Analyzed","information","to","make","decisions","and","solve","problems."],"metadata":[]}],[{"content":"Responded to program error messages by finding and correcting problems.","tokens":["Responded","to","program","error","messages","by","finding","and","correcting","problems."],"metadata":[]}],[{"content":"Working with knowledge to resolve at least 80% of issues on first call.","tokens":["Working","with","knowledge","to","resolve","at","least","80%","of","issues","on","first","call."],"metadata":[]}],[{"content":"Ability to handle at least 60 or more calls per day in a fast-paced environment.","tokens":["Ability","to","handle","at","least","60","or","more","calls","per","day","in","a","fast-paced","environment."],"metadata":[]}],[{"content":"Field Service Technician Rich Products Corporation April 2013 to January 2014 Provided tech support for 300+ users and ensured proper maintenance of workstations and peripherals.","tokens":["Field","Service","Technician","Rich","Products","Corporation","April","2013","to","January","2014","Provided","tech","support","for","300+","users","and","ensured","proper","maintenance","of","workstations","and","peripherals."],"metadata":[]}],[{"content":"Responded to end user requests, resolved support tickets, and deployed new workstations and peripherals.","tokens":["Responded","to","end","user","requests,","resolved","support","tickets,","and","deployed","new","workstations","and","peripherals."],"metadata":[]}],[{"content":"Installed operating systems, user applications, and maintained active directory administration.","tokens":["Installed","operating","systems,","user","applications,","and","maintained","active","directory","administration."],"metadata":[]}],[{"content":"Desktop Technician PHILLIPS LYTLE December 2012 to March 2013 Assisted in information technology projects such as project objectives, new technology systems, information specifications, and Windows 7 rollout project.","tokens":["Desktop","Technician","PHILLIPS","LYTLE","December","2012","to","March","2013","Assisted","in","information","technology","projects","such","as","project","objectives,","new","technology","systems,","information","specifications,","and","Windows","7","rollout","project."],"metadata":[]}],[{"content":"Network Administrator I Rich Products Corporation June 2012 to November 2012 Informed systems and programming personnel of errors or problems with job runs.","tokens":["Network","Administrator","I","Rich","Products","Corporation","June","2012","to","November","2012","Informed","systems","and","programming","personnel","of","errors","or","problems","with","job","runs."],"metadata":[]}],[{"content":"Maintained data processing policies such as back-ups and disaster plans.","tokens":["Maintained","data","processing","policies","such","as","back-ups","and","disaster","plans."],"metadata":[]}],[{"content":"Prepared status reports for administrative review.","tokens":["Prepared","status","reports","for","administrative","review."],"metadata":[]}],[{"content":"Maintained overall control of Computer Systems.","tokens":["Maintained","overall","control","of","Computer","Systems."],"metadata":[]}],[{"content":"VPN Trouble Shooting.","tokens":["VPN","Trouble","Shooting."],"metadata":[]}],[{"content":"Monitored the system for equipment failure or errors in performance using HP Site Scope.","tokens":["Monitored","the","system","for","equipment","failure","or","errors","in","performance","using","HP","Site","Scope."],"metadata":[]}],[{"content":"Answered telephone calls to assist computer users encountering problems using Altiris and Novell Console One.","tokens":["Answered","telephone","calls","to","assist","computer","users","encountering","problems","using","Altiris","and","Novell","Console","One."],"metadata":[]}],[{"content":"Retrieved, separated, and sorted program output as needed and sent data to specified users when needed.","tokens":["Retrieved,","separated,","and","sorted","program","output","as","needed","and","sent","data","to","specified","users","when","needed."],"metadata":[]}],[{"content":"Overseen the operation of computer hardware systems, including coordinating and scheduling the use of computer terminals and networks to ensure efficient use.","tokens":["Overseen","the","operation","of","computer","hardware","systems,","including","coordinating","and","scheduling","the","use","of","computer","terminals","and","networks","to","ensure","efficient","use."],"metadata":[]}],[{"content":"Monitored network performance to determine whether adjustments needed to be made, and to determine where changes would need to be made in the future, in HP Site Scope.","tokens":["Monitored","network","performance","to","determine","whether","adjustments","needed","to","be","made,","and","to","determine","where","changes","would","need","to","be","made","in","the","future,","in","HP","Site","Scope."],"metadata":[]}],[{"content":"Managed various backups, performed data backups, and disaster recovery operations in HP Data Protector.","tokens":["Managed","various","backups,","performed","data","backups,","and","disaster","recovery","operations","in","HP","Data","Protector."],"metadata":[]}],[{"content":"Loaded computer tapes and disks inside Data Center.","tokens":["Loaded","computer","tapes","and","disks","inside","Data","Center."],"metadata":[]}],[{"content":"Solved a wide range of issues remotely in Clean Room Deployment Console.","tokens":["Solved","a","wide","range","of","issues","remotely","in","Clean","Room","Deployment","Console."],"metadata":[]}],[{"content":"Education Bachelor of Science in Information Management & Technology SYRACUSE UNIVERSITY School of Information Studies - Syracuse, NY May 2011 Skills RF (2 years), WIRELESS (3 years), CDMA (3 years), VERIZON (2 years), ACTIVE DIRECTORY (2 years), NOC, Operation, Cisco, Ccna, Linux, Nokia, BGP, DWDM, Ethernet Additional Information TECHNICAL EXPERTISE Operating Systems: Linux, Windows 7, & Windows 10.","tokens":["Education","Bachelor","of","Science","in","Information","Management","&","Technology","SYRACUSE","UNIVERSITY","School","of","Information","Studies","-","Syracuse,","NY","May","2011","Skills","RF","(2","years),","WIRELESS","(3","years),","CDMA","(3","years),","VERIZON","(2","years),","ACTIVE","DIRECTORY","(2","years),","NOC,","Operation,","Cisco,","Ccna,","Linux,","Nokia,","BGP,","DWDM,","Ethernet","Additional","Information","TECHNICAL","EXPERTISE","Operating","Systems:","Linux,","Windows","7,","&","Windows","10."],"metadata":[]}],[{"content":"Software: Active Directory, Lotus Notes, Cisco Meeting Time,JDE 900, Service Now Ticketing System, CSMS Ticket System, OneConsole, PIER (Problem, Incident, Enhancement, Resolution) Ticketing Tool, Zendesk, Call Management SystemSupervisor, GO-Global, Kollectives Software Defined Enterprise Content Delivery Network (SDECDN), Remote OMT(Operation and Maintenance Terminal), WinFIOL, IMNOS Network Visualization, Network viewer, Network Automation, Network Recording Player,WinPcap,Net Analyst, Network Elements, Network-to-Network Interfaces (NNIs), Qualys Cloud Security Agent, Steel Central Aternity Agent, Teoco Secure Access, MS Exchange Server, MS Visual Studio, Virtual Private Networks, Ethernet Virtual Circuit (EVC), Citrix Applications, MS Outlook, MS OneNote, GroupWise, SAP, Solar winds Dashboard, Synergy Dashboard, Microsoft (Word, Excel, PowerPoint), HP Data Protector, Altiris, Clean Room Deployment Console, HP Site Scope, UC4 Production Job Monitoring, Verizon Wireless, Verizon Trouble Administration Gateway (VTAG), VSWR, VOLTE, PuTTY, Kitty Configuration, SAM5620, 2G/3G/4G BTS Site Element Manager , URSA Tool, RASClient, Nokia Network Services Platform, Nokia Network Functions Manager, Secure Access to Network Elements, AAV NodeB Provisioning Suite, The Wireshark Network Analyzer, Service Access/Aware Manager, CognitivLSM LTE System Manager, Evolved Packet Core (ePC), Cisco Packet Tracer, Cisco Command Line Interface, Windows-based Networking, Network Management Tools, DNS, TCP/IP, Names Resolution Process, and Network Protocols and Topologies, LTE & 3G CDMA Technologies, TDMA (Time Division Multiple Access), 2G/3G/4G/5G Networks, 5G MIMO, MOS Shell, Base Station Manager, Site Monitor Module, SMM SNMP Management Configuration, SMM External Alarm Configuration , RET Configuration, Remote Connectivity Checks, Logical Cell Mapping, Signaling System 7, e911 Call Testing, Call Processing, GPS Configuration Checks, Advanced Wireless Spectrum 1 & 3, BANDS 2,4,5,12,66,71, PCS, ABLOCK, Cellular 850, Distributed Antenna System, Global System for Mobile Communication, Universal Mobile Telecommunications Service, 5G BTS Element, Web Element Manager, Satellitebackhaul, IoT (Internet of Things) Technologies, CPRI Interfaces, Backhaul Interface, RET Interface, RF Modules, RF Calculator, IPV4/IPV6, and Routing Software Tools.","tokens":["Software:","Active","Directory,","Lotus","Notes,","Cisco","Meeting","Time,JDE","900,","Service","Now","Ticketing","System,","CSMS","Ticket","System,","OneConsole,","PIER","(Problem,","Incident,","Enhancement,","Resolution)","Ticketing","Tool,","Zendesk,","Call","Management","SystemSupervisor,","GO-Global,","Kollectives","Software","Defined","Enterprise","Content","Delivery","Network","(SDECDN),","Remote","OMT(Operation","and","Maintenance","Terminal),","WinFIOL,","IMNOS","Network","Visualization,","Network","viewer,","Network","Automation,","Network","Recording","Player,WinPcap,Net","Analyst,","Network","Elements,","Network-to-Network","Interfaces","(NNIs),","Qualys","Cloud","Security","Agent,","Steel","Central","Aternity","Agent,","Teoco","Secure","Access,","MS","Exchange","Server,","MS","Visual","Studio,","Virtual","Private","Networks,","Ethernet","Virtual","Circuit","(EVC),","Citrix","Applications,","MS","Outlook,","MS","OneNote,","GroupWise,","SAP,","Solar","winds","Dashboard,","Synergy","Dashboard,","Microsoft","(Word,","Excel,","PowerPoint),","HP","Data","Protector,","Altiris,","Clean","Room","Deployment","Console,","HP","Site","Scope,","UC4","Production","Job","Monitoring,","Verizon","Wireless,","Verizon","Trouble","Administration","Gateway","(VTAG),","VSWR,","VOLTE,","PuTTY,","Kitty","Configuration,","SAM5620,","2G/3G/4G","BTS","Site","Element","Manager",",","URSA","Tool,","RASClient,","Nokia","Network","Services","Platform,","Nokia","Network","Functions","Manager,","Secure","Access","to","Network","Elements,","AAV","NodeB","Provisioning","Suite,","The","Wireshark","Network","Analyzer,","Service","Access/Aware","Manager,","CognitivLSM","LTE","System","Manager,","Evolved","Packet","Core","(ePC),","Cisco","Packet","Tracer,","Cisco","Command","Line","Interface,","Windows-based","Networking,","Network","Management","Tools,","DNS,","TCP/IP,","Names","Resolution","Process,","and","Network","Protocols","and","Topologies,","LTE","&","3G","CDMA","Technologies,","TDMA","(Time","Division","Multiple","Access),","2G/3G/4G/5G","Networks,","5G","MIMO,","MOS","Shell,","Base","Station","Manager,","Site","Monitor","Module,","SMM","SNMP","Management","Configuration,","SMM","External","Alarm","Configuration",",","RET","Configuration,","Remote","Connectivity","Checks,","Logical","Cell","Mapping,","Signaling","System","7,","e911","Call","Testing,","Call","Processing,","GPS","Configuration","Checks,","Advanced","Wireless","Spectrum","1","&","3,","BANDS","2,4,5,12,66,71,","PCS,","ABLOCK,","Cellular","850,","Distributed","Antenna","System,","Global","System","for","Mobile","Communication,","Universal","Mobile","Telecommunications","Service,","5G","BTS","Element,","Web","Element","Manager,","Satellitebackhaul,","IoT","(Internet","of","Things)","Technologies,","CPRI","Interfaces,","Backhaul","Interface,","RET","Interface,","RF","Modules,","RF","Calculator,","IPV4/IPV6,","and","Routing","Software","Tools."],"metadata":[]}],[{"content":"Hardware: PC /Laptop Computers, HDMI, Network Laser Printers, 9412 eNodeB Indoor, 9763 Metro Cell Indoor, 9764 Metro Cell Outdoor, 9768 Metro Radios, Small Cell In-door/Outdoor, TRDUs (Transmit/Receive Duplex Unit), MCTRDU (multi-carrier and multi-standard TRDU), MC-TRXs (Multi carrier Transceiver), AAs (Active Antenna), Tower Mounted Amplifier (TMA), Power Distribution Panel (PDP), eAM (enhanced Alarm Module), External Alarm Module, Alarm cables, Circuit Breaker, Dip Switch, DC Terminals, SFP +, ASIAA & ABIAA Card, AMIA, ALU Radio Heads, Base Band Units, CDU30, 800 MHz Frequency Band, 1.9GHz Frequency Band, 2.5GHz Frequency Band, 1900 MHz PCS, Band 2 (LTE).","tokens":["Hardware:","PC","/Laptop","Computers,","HDMI,","Network","Laser","Printers,","9412","eNodeB","Indoor,","9763","Metro","Cell","Indoor,","9764","Metro","Cell","Outdoor,","9768","Metro","Radios,","Small","Cell","In-door/Outdoor,","TRDUs","(Transmit/Receive","Duplex","Unit),","MCTRDU","(multi-carrier","and","multi-standard","TRDU),","MC-TRXs","(Multi","carrier","Transceiver),","AAs","(Active","Antenna),","Tower","Mounted","Amplifier","(TMA),","Power","Distribution","Panel","(PDP),","eAM","(enhanced","Alarm","Module),","External","Alarm","Module,","Alarm","cables,","Circuit","Breaker,","Dip","Switch,","DC","Terminals,","SFP","+,","ASIAA","&","ABIAA","Card,","AMIA,","ALU","Radio","Heads,","Base","Band","Units,","CDU30,","800","MHz","Frequency","Band,","1.9GHz","Frequency","Band,","2.5GHz","Frequency","Band,","1900","MHz","PCS,","Band","2","(LTE)."],"metadata":[]}],[{"content":"700 MHz Lower Block A, Band 12 (LTE).","tokens":["700","MHz","Lower","Block","A,","Band","12","(LTE)."],"metadata":[]}],[{"content":"1700/ 2100 MHz AWS, Band 4 (UMTS/ HSPA+/ LTE), Basic and Extended Cell sets of 5/10/15/20MHz, 5G Cell Towers, Antenna Line Devices, ALU LTE eNodeB, Ericsson, Alcatel 7750s and 7705s, Base Band and RF Cabinet, Baseband Board (eCEM/bCEM/bCEM2), Controller Board (eCCM/eCCM2/bCAM2), Nokia Airscale System Modules, Rectifiers, Punch Down Block, SFP Modules, SFP Fiber Optic Cable, Dark Fiber, R-6154 Crimpers, CPRI Fibers, RF Coax, FYGM/FYGE GNSS Receiver and Cable, GPS splitter, RJ45/RJ11 Connectors, Conduit Connectors, Terminators, Inkjet Printers, Wireless Devices, Hubs, Access Points, Cisco Switches 2950,2960, 3550, and 3650, Next Generation Cell Site Router (NG-CSR), Next Gen MSO Aggregating Devices, Metro-Ethernet Aggregating Device (MAD) Cisco Routers 2960, 3945s, 2911, Cisco ASR Routers 5500s,4511s, 1002, 1004, and Mobile Devices.","tokens":["1700/","2100","MHz","AWS,","Band","4","(UMTS/","HSPA+/","LTE),","Basic","and","Extended","Cell","sets","of","5/10/15/20MHz,","5G","Cell","Towers,","Antenna","Line","Devices,","ALU","LTE","eNodeB,","Ericsson,","Alcatel","7750s","and","7705s,","Base","Band","and","RF","Cabinet,","Baseband","Board","(eCEM/bCEM/bCEM2),","Controller","Board","(eCCM/eCCM2/bCAM2),","Nokia","Airscale","System","Modules,","Rectifiers,","Punch","Down","Block,","SFP","Modules,","SFP","Fiber","Optic","Cable,","Dark","Fiber,","R-6154","Crimpers,","CPRI","Fibers,","RF","Coax,","FYGM/FYGE","GNSS","Receiver","and","Cable,","GPS","splitter,","RJ45/RJ11","Connectors,","Conduit","Connectors,","Terminators,","Inkjet","Printers,","Wireless","Devices,","Hubs,","Access","Points,","Cisco","Switches","2950,2960,","3550,","and","3650,","Next","Generation","Cell","Site","Router","(NG-CSR),","Next","Gen","MSO","Aggregating","Devices,","Metro-Ethernet","Aggregating","Device","(MAD)","Cisco","Routers","2960,","3945s,","2911,","Cisco","ASR","Routers","5500s,4511s,","1002,","1004,","and","Mobile","Devices."],"metadata":[]}],[{"content":"PROFESSIONAL DEVELOPMENT Ongoing training in Information Technology including Networking and Security.","tokens":["PROFESSIONAL","DEVELOPMENT","Ongoing","training","in","Information","Technology","including","Networking","and","Security."],"metadata":[]}],[{"content":"Currently pursuing CompTIA Network +, CompTIA Security +, Cisco CCNA, and Cisco CCNA Security Certifications through ComputerMinds.","tokens":["Currently","pursuing","CompTIA","Network","+,","CompTIA","Security","+,","Cisco","CCNA,","and","Cisco","CCNA","Security","Certifications","through","ComputerMinds."],"metadata":[]}],[{"content":"Inc MTA: NetworkingFundamentals - Certified 2019 MTA: Security Fundamentals - Certified 2019 Cisco Certified Technician: Supporting Cisco Routing and Switching Network Devices - Certified 2019","tokens":["Inc","MTA:","NetworkingFundamentals","-","Certified","2019","MTA:","Security","Fundamentals","-","Certified","2019","Cisco","Certified","Technician:","Supporting","Cisco","Routing","and","Switching","Network","Devices","-","Certified","2019"],"metadata":[]}]],"labelerInfo":{"id":6814,"email":"cwilhel8@jh.edu","displayName":"Chris Wilhelm"},"labelSets":[{"name":"Resume Labels","index":0,"labelItems":[{"id":"Kj5U6n9NUqTXuWcB3c_7L","labelName":"College"},{"id":"rj7TW0-ymuRo6f_asXJab","labelName":"Company Name"},{"id":"SJEkdao76hjwbb6Fh5SY6","labelName":"Job Title"},{"id":"BjO8MdvK2KI4E5iMEeY4B","labelName":"Graduation Year"},{"id":"eS2knCRgLegeRw8bcmSWA","labelName":"Skill"},{"id":"IeEoIKabMl51BJE0gX2YL","labelName":"Degree"},{"id":"1R0C50AAwFbEp2O0WmRv6","labelName":"Location"},{"id":"zQcc4ygexJ_A3Gb0NeRTk","labelName":"Years of Experience"},{"id":"52S_6moRfhjC-yXgIBeCp","labelName":"Date"},{"id":"KiLarWmwlU1E3-FfdG6Qg","labelName":"Project"},{"id":"dyxKKTAxW1z5ifjPj42BI","labelName":"Name"}]}],"spanLabels":[],"arrowLabels":[],"boundingBoxLabels":[],"timeLabels":[],"comments":[],"url":"datasaur://static/6814/98bc42df-b3c6-406e-84c2-b309956b251a.txt"}}
