{"version":"1","data":{"project":{"id":"ODBjYmQ2MDg","name":"NLP SSM Final Project"},"document":{"id":"40d97c35-e57f-418b-9ab9-b6a0b8388460","name":"resume_7861_d2.txt"},"kinds":["TOKEN_BASED"],"rows":[[{"content":"Oracle Database Administrator Oracle Database Administrator Oracle Database Administrator - DEPARTMENT OF STATE Silver Spring, MD To obtain a challenging position where my resourceful experience and academic skills will add value to organizational operations.","tokens":["Oracle","Database","Administrator","Oracle","Database","Administrator","Oracle","Database","Administrator","-","DEPARTMENT","OF","STATE","Silver","Spring,","MD","To","obtain","a","challenging","position","where","my","resourceful","experience","and","academic","skills","will","add","value","to","organizational","operations."],"metadata":[]}],[{"content":"Personal Qualities Ability to learn new technology, methodology, and work routines quickly Ability to produce the best result in pressure situation Confident interactions with individuals at all levels High personal motivation, self-management, dependable, and enthusiastic Strong oral and written communication, organization, time management skills, and detail oriented Authorized to work in the US for any employer Work Experience Oracle Database Administrator DEPARTMENT OF STATE - Washington, DC April 2013 to Present Applied patches or upgrades to the database as needed.","tokens":["Personal","Qualities","Ability","to","learn","new","technology,","methodology,","and","work","routines","quickly","Ability","to","produce","the","best","result","in","pressure","situation","Confident","interactions","with","individuals","at","all","levels","High","personal","motivation,","self-management,","dependable,","and","enthusiastic","Strong","oral","and","written","communication,","organization,","time","management","skills,","and","detail","oriented","Authorized","to","work","in","the","US","for","any","employer","Work","Experience","Oracle","Database","Administrator","DEPARTMENT","OF","STATE","-","Washington,","DC","April","2013","to","Present","Applied","patches","or","upgrades","to","the","database","as","needed."],"metadata":[]}],[{"content":"Carried out Performance optimization and Query tuning using Tkprof and OEM.","tokens":["Carried","out","Performance","optimization","and","Query","tuning","using","Tkprof","and","OEM."],"metadata":[]}],[{"content":"Configured and maintain Grid Control Repository.","tokens":["Configured","and","maintain","Grid","Control","Repository."],"metadata":[]}],[{"content":"Configuring Backup (RAMN) for database and restoring database.","tokens":["Configuring","Backup","(RAMN)","for","database","and","restoring","database."],"metadata":[]}],[{"content":"Creating and managing data files and tablespaces.","tokens":["Creating","and","managing","data","files","and","tablespaces."],"metadata":[]}],[{"content":"Creating and Rebuilding Indexes, Managing Database Security.","tokens":["Creating","and","Rebuilding","Indexes,","Managing","Database","Security."],"metadata":[]}],[{"content":"Database Reorganizations and resource management for efficient resources usage.","tokens":["Database","Reorganizations","and","resource","management","for","efficient","resources","usage."],"metadata":[]}],[{"content":"Database Tuning by generating explain plans for long running queries, creating indexes on columns to improve performance.","tokens":["Database","Tuning","by","generating","explain","plans","for","long","running","queries,","creating","indexes","on","columns","to","improve","performance."],"metadata":[]}],[{"content":"Design, document, implement and maintain all disaster recovery procedures which result in no data loss.","tokens":["Design,","document,","implement","and","maintain","all","disaster","recovery","procedures","which","result","in","no","data","loss."],"metadata":[]}],[{"content":"Ensured database security is implemented to safeguard the data.","tokens":["Ensured","database","security","is","implemented","to","safeguard","the","data."],"metadata":[]}],[{"content":"Establishing user needs and monitoring user access and security.","tokens":["Establishing","user","needs","and","monitoring","user","access","and","security."],"metadata":[]}],[{"content":"Implement Hot, Cold and Logical backup plans.","tokens":["Implement","Hot,","Cold","and","Logical","backup","plans."],"metadata":[]}],[{"content":"Install and configure Oracle software.","tokens":["Install","and","configure","Oracle","software."],"metadata":[]}],[{"content":"Install/Upgrade Oracle client and server software Installation of Oracle Database 11g and configuration on Red hat Enterprise Linux Platform.","tokens":["Install/Upgrade","Oracle","client","and","server","software","Installation","of","Oracle","Database","11g","and","configuration","on","Red","hat","Enterprise","Linux","Platform."],"metadata":[]}],[{"content":"Installed 12c database Installed and configure RAC on VM Virtual Box for test and development purposes.","tokens":["Installed","12c","database","Installed","and","configure","RAC","on","VM","Virtual","Box","for","test","and","development","purposes."],"metadata":[]}],[{"content":"Installed and Configured Enterprise Manager for Oracle databases.","tokens":["Installed","and","Configured","Enterprise","Manager","for","Oracle","databases."],"metadata":[]}],[{"content":"Installed and configured Oracle on VMware for test and development purposes.","tokens":["Installed","and","configured","Oracle","on","VMware","for","test","and","development","purposes."],"metadata":[]}],[{"content":"Installed and Implemented Backup & Recovery procedures.","tokens":["Installed","and","Implemented","Backup","&","Recovery","procedures."],"metadata":[]}],[{"content":"Involved in designing new structures/procedures/views/functions for development and data migration from production to reports.","tokens":["Involved","in","designing","new","structures/procedures/views/functions","for","development","and","data","migration","from","production","to","reports."],"metadata":[]}],[{"content":"Monitored data files, logical data storage and data growth activities Perform daily monitor of real time replication as well as detailed reports Perform daily operational duties/security for all users of the databases.","tokens":["Monitored","data","files,","logical","data","storage","and","data","growth","activities","Perform","daily","monitor","of","real","time","replication","as","well","as","detailed","reports","Perform","daily","operational","duties/security","for","all","users","of","the","databases."],"metadata":[]}],[{"content":"Planned and Performed Daily, Weekly and Monthly Backups.","tokens":["Planned","and","Performed","Daily,","Weekly","and","Monthly","Backups."],"metadata":[]}],[{"content":"Tested and implemented restore procedures for complete and incomplete recovery using RMAN.","tokens":["Tested","and","implemented","restore","procedures","for","complete","and","incomplete","recovery","using","RMAN."],"metadata":[]}],[{"content":"Provided assistance to Memory Corruption and Dictionary Corruption Errors Refresh schema level and full level production to non-production databases.","tokens":["Provided","assistance","to","Memory","Corruption","and","Dictionary","Corruption","Errors","Refresh","schema","level","and","full","level","production","to","non-production","databases."],"metadata":[]}],[{"content":"Remove unnecessary histograms in highly volatile schemas.","tokens":["Remove","unnecessary","histograms","in","highly","volatile","schemas."],"metadata":[]}],[{"content":"Set up and manage database security by creating new users, roles, profiles, and provide required user privileges in development and production environments for implementation and maintenance of user security.","tokens":["Set","up","and","manage","database","security","by","creating","new","users,","roles,","profiles,","and","provide","required","user","privileges","in","development","and","production","environments","for","implementation","and","maintenance","of","user","security."],"metadata":[]}],[{"content":"Setting up and testing the backup and recovery strategies.","tokens":["Setting","up","and","testing","the","backup","and","recovery","strategies."],"metadata":[]}],[{"content":"Sing Data pump and SQL Loader utilities.","tokens":["Sing","Data","pump","and","SQL","Loader","utilities."],"metadata":[]}],[{"content":"Troubleshoot and fix replication issues.","tokens":["Troubleshoot","and","fix","replication","issues."],"metadata":[]}],[{"content":"Worked in Tuning OS, Shared Pool, Buffer Cache, and Redo Log Buffer.","tokens":["Worked","in","Tuning","OS,","Shared","Pool,","Buffer","Cache,","and","Redo","Log","Buffer."],"metadata":[]}],[{"content":"Write monitoring/health check scripts to alert the team of database uptime/downtime status and sizing issues, which ensured availability 99.99% of the time.","tokens":["Write","monitoring/health","check","scripts","to","alert","the","team","of","database","uptime/downtime","status","and","sizing","issues,","which","ensured","availability","99.99%","of","the","time."],"metadata":[]}],[{"content":"Write monitoring/health check scripts to alert the team of database uptime/downtime status and sizing issues, which ensured availability 99.99% of the time.","tokens":["Write","monitoring/health","check","scripts","to","alert","the","team","of","database","uptime/downtime","status","and","sizing","issues,","which","ensured","availability","99.99%","of","the","time."],"metadata":[]}],[{"content":"Education Certification University of North Texas - Greenbelt, MD June 2016 Certifications/Licenses ORACLE DBA April 2013 Additional Information Database Backup & Recovery Database security using Antivirus, firewalls, antispyware, user authentication/strong passwords, encryption, and certificates.","tokens":["Education","Certification","University","of","North","Texas","-","Greenbelt,","MD","June","2016","Certifications/Licenses","ORACLE","DBA","April","2013","Additional","Information","Database","Backup","&","Recovery","Database","security","using","Antivirus,","firewalls,","antispyware,","user","authentication/strong","passwords,","encryption,","and","certificates."],"metadata":[]}],[{"content":"Databased-Backed Web Solutions Enforcing business rules by using integrity constraints & Database triggers Networking: TCP/IP, DHCP, PING, Traceroute, Netstat, Nslookup, nbstat, cable tester, probe tester, wireless configuration.","tokens":["Databased-Backed","Web","Solutions","Enforcing","business","rules","by","using","integrity","constraints","&","Database","triggers","Networking:","TCP/IP,","DHCP,","PING,","Traceroute,","Netstat,","Nslookup,","nbstat,","cable","tester,","probe","tester,","wireless","configuration."],"metadata":[]}],[{"content":"Oracle 11g/12c Oracle Forms and Reports Development Oracle RAC & ASM Administration/Installation SQL Tuning in an Oracle Environment Standby/Failover Administration Superior familiarity with LINUX, Unix, Windows & Windows XP Tuning & Capacity Monitor Virtualization on VMware Security Clearance TOP SECRET Skills Profile: Hardware: Pentium Servers and PC's Operating System: Red Hat Enterprise Linux 5.2 Tools / Utilities: Server Manager, SQL * Loader, and Oracle Enterprise Manager grid control Language: LINUX shell programming, PL/SQL Database: ORACLE 12C/11g","tokens":["Oracle","11g/12c","Oracle","Forms","and","Reports","Development","Oracle","RAC","&","ASM","Administration/Installation","SQL","Tuning","in","an","Oracle","Environment","Standby/Failover","Administration","Superior","familiarity","with","LINUX,","Unix,","Windows","&","Windows","XP","Tuning","&","Capacity","Monitor","Virtualization","on","VMware","Security","Clearance","TOP","SECRET","Skills","Profile:","Hardware:","Pentium","Servers","and","PC's","Operating","System:","Red","Hat","Enterprise","Linux","5.2","Tools","/","Utilities:","Server","Manager,","SQL","*","Loader,","and","Oracle","Enterprise","Manager","grid","control","Language:","LINUX","shell","programming,","PL/SQL","Database:","ORACLE","12C/11g"],"metadata":[]}]],"labelerInfo":{"id":6814,"email":"cwilhel8@jh.edu","displayName":"Chris Wilhelm"},"labelSets":[{"name":"Resume Labels","index":0,"labelItems":[{"id":"Kj5U6n9NUqTXuWcB3c_7L","labelName":"College"},{"id":"rj7TW0-ymuRo6f_asXJab","labelName":"Company Name"},{"id":"SJEkdao76hjwbb6Fh5SY6","labelName":"Job Title"},{"id":"BjO8MdvK2KI4E5iMEeY4B","labelName":"Graduation Year"},{"id":"eS2knCRgLegeRw8bcmSWA","labelName":"Skill"},{"id":"IeEoIKabMl51BJE0gX2YL","labelName":"Degree"},{"id":"1R0C50AAwFbEp2O0WmRv6","labelName":"Location"},{"id":"zQcc4ygexJ_A3Gb0NeRTk","labelName":"Years of Experience"},{"id":"52S_6moRfhjC-yXgIBeCp","labelName":"Date"},{"id":"KiLarWmwlU1E3-FfdG6Qg","labelName":"Project"},{"id":"dyxKKTAxW1z5ifjPj42BI","labelName":"Name"}]}],"spanLabels":[],"arrowLabels":[],"boundingBoxLabels":[],"timeLabels":[],"comments":[],"url":"datasaur://static/6814/40d97c35-e57f-418b-9ab9-b6a0b8388460.txt"}}
