{"version":"1","data":{"project":{"id":"ODBjYmQ2MDg","name":"NLP SSM Final Project"},"document":{"id":"1dfb2625-0322-4afc-b086-5d132bd536ee","name":"resume_531_d1.txt"},"kinds":["TOKEN_BASED"],"rows":[[{"content":"HR - SHARED SERVICES SUPERVISOR Summary Detail-oriented human resources professional who excels under tight deadlines, while anticipating and averting potential problems by proactively streamlining processes.","tokens":["HR","-","SHARED","SERVICES","SUPERVISOR","Summary","Detail-oriented","human","resources","professional","who","excels","under","tight","deadlines,","while","anticipating","and","averting","potential","problems","by","proactively","streamlining","processes."],"metadata":[]}],[{"content":"Highlights Professionals in Human Resources Association Excellent interpersonal and coaching skills Talent assessments Motivated Hiring recommendations Background checks Experience Company Name City , State HR - Shared Services Supervisor 01/2014 Provides leadership development and performance management to a direct team of associates focused on meeting call center operational metrics and quality standards.","tokens":["Highlights","Professionals","in","Human","Resources","Association","Excellent","interpersonal","and","coaching","skills","Talent","assessments","Motivated","Hiring","recommendations","Background","checks","Experience","Company","Name","City",",","State","HR","-","Shared","Services","Supervisor","01/2014","Provides","leadership","development","and","performance","management","to","a","direct","team","of","associates","focused","on","meeting","call","center","operational","metrics","and","quality","standards."],"metadata":[]}],[{"content":"Engaged in strategic planning to identify milestones and targets to deliver results for performance metrics Assessed team from a Situational Leadership perspective and built customized development plans to enhance areas of strength and close performance gaps to enhance the overall performance of the department Partnered with associates to create and execute development plans to improve performance and meet career pathing objectives Interviewed candidates and make hiring decisions of quality associates to staff the department to full capacity Responsible for providing analytical, technical proficiency, product knowledge for all Advocate H.R. processes and procedures.","tokens":["Engaged","in","strategic","planning","to","identify","milestones","and","targets","to","deliver","results","for","performance","metrics","Assessed","team","from","a","Situational","Leadership","perspective","and","built","customized","development","plans","to","enhance","areas","of","strength","and","close","performance","gaps","to","enhance","the","overall","performance","of","the","department","Partnered","with","associates","to","create","and","execute","development","plans","to","improve","performance","and","meet","career","pathing","objectives","Interviewed","candidates","and","make","hiring","decisions","of","quality","associates","to","staff","the","department","to","full","capacity","Responsible","for","providing","analytical,","technical","proficiency,","product","knowledge","for","all","Advocate","H.R.","processes","and","procedures."],"metadata":[]}],[{"content":"Company Name City , State Operations Manager 01/2013 to 01/2014 Accomplishing company's objectives by overseeing center-wide recruiting, selecting, training, assigning, scheduling, coaching, counseling, monitoring, appraising and disciplining employees; communicating job expectations; reviewing job contributions; planning and reviewing compensation actions and enforcing policies and procedures.","tokens":["Company","Name","City",",","State","Operations","Manager","01/2013","to","01/2014","Accomplishing","company's","objectives","by","overseeing","center-wide","recruiting,","selecting,","training,","assigning,","scheduling,","coaching,","counseling,","monitoring,","appraising","and","disciplining","employees;","communicating","job","expectations;","reviewing","job","contributions;","planning","and","reviewing","compensation","actions","and","enforcing","policies","and","procedures."],"metadata":[]}],[{"content":"Enhancing overall customer experience through call coaching and monitoring escalated call trends.","tokens":["Enhancing","overall","customer","experience","through","call","coaching","and","monitoring","escalated","call","trends."],"metadata":[]}],[{"content":"Coaching and developing to ensure all client support delivered per contractual agreements.","tokens":["Coaching","and","developing","to","ensure","all","client","support","delivered","per","contractual","agreements."],"metadata":[]}],[{"content":"Enabled resolution of customer issues as liaison and facilitator for core team that participates in on-going planning and process improvement.","tokens":["Enabled","resolution","of","customer","issues","as","liaison","and","facilitator","for","core","team","that","participates","in","on-going","planning","and","process","improvement."],"metadata":[]}],[{"content":"Responsible for 10 customer service supervisors and 250 customer service agents.","tokens":["Responsible","for","10","customer","service","supervisors","and","250","customer","service","agents."],"metadata":[]}],[{"content":"Achieving customer service objectives by contributing customer service information and recommendations to strategic plans and reviews; preparing and completing action plans; implementing production, productivity, quality, and customer-service standards; resolving problems; completing audits; identifying customer service trends; determining system improvements; implementing change.","tokens":["Achieving","customer","service","objectives","by","contributing","customer","service","information","and","recommendations","to","strategic","plans","and","reviews;","preparing","and","completing","action","plans;","implementing","production,","productivity,","quality,","and","customer-service","standards;","resolving","problems;","completing","audits;","identifying","customer","service","trends;","determining","system","improvements;","implementing","change."],"metadata":[]}],[{"content":"Meeting customer service financial objectives by forecasting requirements, preparing annual budgets, scheduling expenditures, analyzing variances and initiating corrective actions.","tokens":["Meeting","customer","service","financial","objectives","by","forecasting","requirements,","preparing","annual","budgets,","scheduling","expenditures,","analyzing","variances","and","initiating","corrective","actions."],"metadata":[]}],[{"content":"Determining customer service requirements by maintaining contact with customers, visiting operational environments, conducting surveys, forming focus groups, benchmarking best practices and analyzing information and applications.","tokens":["Determining","customer","service","requirements","by","maintaining","contact","with","customers,","visiting","operational","environments,","conducting","surveys,","forming","focus","groups,","benchmarking","best","practices","and","analyzing","information","and","applications."],"metadata":[]}],[{"content":"Improving customer service quality results by studying, evaluating, and re-designing processes, establishing and communicating service metrics, monitoring and analyzing results and implementing changes.","tokens":["Improving","customer","service","quality","results","by","studying,","evaluating,","and","re-designing","processes,","establishing","and","communicating","service","metrics,","monitoring","and","analyzing","results","and","implementing","changes."],"metadata":[]}],[{"content":"Effectively establish and maintain cross functional and cross-departmental partnerships.","tokens":["Effectively","establish","and","maintain","cross","functional","and","cross-departmental","partnerships."],"metadata":[]}],[{"content":"Company Name City , State Action Response Team Supervisor 01/2011 to 01/2013 Resolved and/or addressed complex customer issues or questions, which included taking escalated calls from customers/associates.","tokens":["Company","Name","City",",","State","Action","Response","Team","Supervisor","01/2011","to","01/2013","Resolved","and/or","addressed","complex","customer","issues","or","questions,","which","included","taking","escalated","calls","from","customers/associates."],"metadata":[]}],[{"content":"Managed the Action Response Team function, ensuring service levels and quality goals were met.","tokens":["Managed","the","Action","Response","Team","function,","ensuring","service","levels","and","quality","goals","were","met."],"metadata":[]}],[{"content":"Analyzed department satisfaction results and proactively developed and implemented action plans for improvement.","tokens":["Analyzed","department","satisfaction","results","and","proactively","developed","and","implemented","action","plans","for","improvement."],"metadata":[]}],[{"content":"Performed the full scope of talent management and development activities including all aspects of the performance management process: performance and behavior assessment, feedback, coaching, career planning, guidance, corrective action and training.","tokens":["Performed","the","full","scope","of","talent","management","and","development","activities","including","all","aspects","of","the","performance","management","process:","performance","and","behavior","assessment,","feedback,","coaching,","career","planning,","guidance,","corrective","action","and","training."],"metadata":[]}],[{"content":"Call observation and monitoring for individual, team, enterprise root cause and trending analysis Represented the department in over 100 projects that directly impacted the performance of the queue.","tokens":["Call","observation","and","monitoring","for","individual,","team,","enterprise","root","cause","and","trending","analysis","Represented","the","department","in","over","100","projects","that","directly","impacted","the","performance","of","the","queue."],"metadata":[]}],[{"content":"Company Name City , State New Hire Supervisor 01/2005 to 01/2011 Responsible for staffing call center of 550 associates with 30 New Hire Classes (20 associates per class) within 2 quarters of fiscal year; while maintaining a 80 percent retention rate.","tokens":["Company","Name","City",",","State","New","Hire","Supervisor","01/2005","to","01/2011","Responsible","for","staffing","call","center","of","550","associates","with","30","New","Hire","Classes","(20","associates","per","class)","within","2","quarters","of","fiscal","year;","while","maintaining","a","80","percent","retention","rate."],"metadata":[]}],[{"content":"Provided New Hire Policies & Procedure and Customer Satisfaction Training to approximately 350 employees.","tokens":["Provided","New","Hire","Policies","&","Procedure","and","Customer","Satisfaction","Training","to","approximately","350","employees."],"metadata":[]}],[{"content":"Conducted orientation sessions and arranged on-the-job training for new hires.","tokens":["Conducted","orientation","sessions","and","arranged","on-the-job","training","for","new","hires."],"metadata":[]}],[{"content":"Developed and organized testing, training, evaluation procedures, multimedia visual aids, and other new hire materials.","tokens":["Developed","and","organized","testing,","training,","evaluation","procedures,","multimedia","visual","aids,","and","other","new","hire","materials."],"metadata":[]}],[{"content":"Directed the development of a comprehensive training strategy, methodology, programs and curriculum for management opportunity, employee development and technical training.","tokens":["Directed","the","development","of","a","comprehensive","training","strategy,","methodology,","programs","and","curriculum","for","management","opportunity,","employee","development","and","technical","training."],"metadata":[]}],[{"content":"Performed administrative duties that may include tracking associates attendance, payroll processing, inputting assessment results, and reviewing Knowledge checks.","tokens":["Performed","administrative","duties","that","may","include","tracking","associates","attendance,","payroll","processing,","inputting","assessment","results,","and","reviewing","Knowledge","checks."],"metadata":[]}],[{"content":"Maintained a database detailing employee training dates, types of training, qualification and recertification dates.","tokens":["Maintained","a","database","detailing","employee","training","dates,","types","of","training,","qualification","and","recertification","dates."],"metadata":[]}],[{"content":"Conferred with management and conducted surveys and focus groups to identify training needs based on projected production processes, changes, and other factors.","tokens":["Conferred","with","management","and","conducted","surveys","and","focus","groups","to","identify","training","needs","based","on","projected","production","processes,","changes,","and","other","factors."],"metadata":[]}],[{"content":"Evaluated instructor's performance and the effectiveness of training programs and provide recommendations for improvement.","tokens":["Evaluated","instructor's","performance","and","the","effectiveness","of","training","programs","and","provide","recommendations","for","improvement."],"metadata":[]}],[{"content":"Observed and monitored associates skills and behaviors during training; worked in conjunction with the classroom trainer in formulating weekly assessment by providing feedback on comprehension, strengths and opportunities.","tokens":["Observed","and","monitored","associates","skills","and","behaviors","during","training;","worked","in","conjunction","with","the","classroom","trainer","in","formulating","weekly","assessment","by","providing","feedback","on","comprehension,","strengths","and","opportunities."],"metadata":[]}],[{"content":"Collaborated with Human Resources in defining individual employee development plans for supervisors and managers by evaluating capabilities and implementing effective solutions.","tokens":["Collaborated","with","Human","Resources","in","defining","individual","employee","development","plans","for","supervisors","and","managers","by","evaluating","capabilities","and","implementing","effective","solutions."],"metadata":[]}],[{"content":"Education B.A : Psychology 2015 Ashford University , City , State GPA: GPA: 3.73 Human Resources Management certificate Healthcare Management certificate Accomplishments Implemented a background check matrix for our vendor to streamline the background process during onboarding.","tokens":["Education","B.A",":","Psychology","2015","Ashford","University",",","City",",","State","GPA:","GPA:","3.73","Human","Resources","Management","certificate","Healthcare","Management","certificate","Accomplishments","Implemented","a","background","check","matrix","for","our","vendor","to","streamline","the","background","process","during","onboarding."],"metadata":[]}],[{"content":"Skills administrative, benchmarking, budgets, call center, Coaching, counseling, Customer Satisfaction, customer-service, client support, database, designing, financial, focus, forecasting, functional, hiring, Human Resources, instructor, Leadership, leadership development, materials, multimedia, enterprise, payroll processing, performance management, Policies, process improvement, processes, quality, recruiting, scheduling, staffing, strategy, strategic planning, , trainer, employee development, employee training, training programs","tokens":["Skills","administrative,","benchmarking,","budgets,","call","center,","Coaching,","counseling,","Customer","Satisfaction,","customer-service,","client","support,","database,","designing,","financial,","focus,","forecasting,","functional,","hiring,","Human","Resources,","instructor,","Leadership,","leadership","development,","materials,","multimedia,","enterprise,","payroll","processing,","performance","management,","Policies,","process","improvement,","processes,","quality,","recruiting,","scheduling,","staffing,","strategy,","strategic","planning,",",","trainer,","employee","development,","employee","training,","training","programs"],"metadata":[]}]],"labelerInfo":{"id":6814,"email":"cwilhel8@jh.edu","displayName":"Chris Wilhelm"},"labelSets":[{"name":"Resume Labels","index":0,"labelItems":[{"id":"Kj5U6n9NUqTXuWcB3c_7L","labelName":"College"},{"id":"rj7TW0-ymuRo6f_asXJab","labelName":"Company Name"},{"id":"SJEkdao76hjwbb6Fh5SY6","labelName":"Job Title"},{"id":"BjO8MdvK2KI4E5iMEeY4B","labelName":"Graduation Year"},{"id":"eS2knCRgLegeRw8bcmSWA","labelName":"Skill"},{"id":"IeEoIKabMl51BJE0gX2YL","labelName":"Degree"},{"id":"1R0C50AAwFbEp2O0WmRv6","labelName":"Location"},{"id":"zQcc4ygexJ_A3Gb0NeRTk","labelName":"Years of Experience"},{"id":"52S_6moRfhjC-yXgIBeCp","labelName":"Date"},{"id":"KiLarWmwlU1E3-FfdG6Qg","labelName":"Project"},{"id":"dyxKKTAxW1z5ifjPj42BI","labelName":"Name"}]}],"spanLabels":[],"arrowLabels":[],"boundingBoxLabels":[],"timeLabels":[],"comments":[],"url":"datasaur://static/6814/1dfb2625-0322-4afc-b086-5d132bd536ee.txt"}}
