{"version":"1","data":{"project":{"id":"ODBjYmQ2MDg","name":"NLP SSM Final Project"},"document":{"id":"d4933371-f8d8-4533-bb5f-58ad5e1b42c6","name":"resume_342_d1.txt"},"kinds":["TOKEN_BASED"],"rows":[[{"content":"TEACHER Summary Kind and compassionate Elementary School Teacher dedicated to creating an atmosphere that is stimulating and encouraging to all students.","tokens":["TEACHER","Summary","Kind","and","compassionate","Elementary","School","Teacher","dedicated","to","creating","an","atmosphere","that","is","stimulating","and","encouraging","to","all","students."],"metadata":[]}],[{"content":"Enjoys using modern technology in the classroom.","tokens":["Enjoys","using","modern","technology","in","the","classroom."],"metadata":[]}],[{"content":"Experience Company Name August 2012 to Current Teacher City , State Key Contributions & Educational Outcomes: Consistently praised (by management and staff) for dedication, reliability, organization and effectiveness as one of school district's most in-demand substitutes.","tokens":["Experience","Company","Name","August","2012","to","Current","Teacher","City",",","State","Key","Contributions","&","Educational","Outcomes:","Consistently","praised","(by","management","and","staff)","for","dedication,","reliability,","organization","and","effectiveness","as","one","of","school","district's","most","in-demand","substitutes."],"metadata":[]}],[{"content":"Filled in for permanent teachers at a moment's notice; closely adhered to lesson plans; and kept students motivated, engaged and focused.","tokens":["Filled","in","for","permanent","teachers","at","a","moment's","notice;","closely","adhered","to","lesson","plans;","and","kept","students","motivated,","engaged","and","focused."],"metadata":[]}],[{"content":"Showed resourcefulness and teaching effectiveness in meeting the needs of students with limited English language proficiency as well as learning disabilities.","tokens":["Showed","resourcefulness","and","teaching","effectiveness","in","meeting","the","needs","of","students","with","limited","English","language","proficiency","as","well","as","learning","disabilities."],"metadata":[]}],[{"content":"Voluntarily stepped in to run several after-school programs (e.g., girls' volleyball coaching, cheerleading coaching and after-school tutoring) when permanent teachers were unable to fill these roles.","tokens":["Voluntarily","stepped","in","to","run","several","after-school","programs","(e.g.,","girls'","volleyball","coaching,","cheerleading","coaching","and","after-school","tutoring)","when","permanent","teachers","were","unable","to","fill","these","roles."],"metadata":[]}],[{"content":"Repeatedly asked to sub at the same schools due to effectiveness and classroom management skills.","tokens":["Repeatedly","asked","to","sub","at","the","same","schools","due","to","effectiveness","and","classroom","management","skills."],"metadata":[]}],[{"content":"After School Education and Safety Program Coordinator (1st-6thgrades) Company Name August 2006 to June 2011 After School Program Coordinator City , State Bakersfield, CA, August 2006- June 2011 Responsibilities Facilitates school effort to promote academic, physical, and social success of students by coordinating variety of after-school programs designed to increase academic achievement and improve overall educational experience Assists in developing, organizing and implementing activities to increase student participation in after-school program Maintains current knowledge of related State and District standards in order to assist in promoting school and community understanding of after-school programs; attends meetings and in-service training as required Maintain communication with school staff to ensure students academic success Enable students to reach their full potential Mange and supervise a staff of seven paraprofessional educators.","tokens":["After","School","Education","and","Safety","Program","Coordinator","(1st-6thgrades)","Company","Name","August","2006","to","June","2011","After","School","Program","Coordinator","City",",","State","Bakersfield,","CA,","August","2006-","June","2011","Responsibilities","Facilitates","school","effort","to","promote","academic,","physical,","and","social","success","of","students","by","coordinating","variety","of","after-school","programs","designed","to","increase","academic","achievement","and","improve","overall","educational","experience","Assists","in","developing,","organizing","and","implementing","activities","to","increase","student","participation","in","after-school","program","Maintains","current","knowledge","of","related","State","and","District","standards","in","order","to","assist","in","promoting","school","and","community","understanding","of","after-school","programs;","attends","meetings","and","in-service","training","as","required","Maintain","communication","with","school","staff","to","ensure","students","academic","success","Enable","students","to","reach","their","full","potential","Mange","and","supervise","a","staff","of","seven","paraprofessional","educators."],"metadata":[]}],[{"content":"Key Contributions & Educational Outcomes: Consistently praised for dedication, reliability, organization and effectiveness of establishing and maintaining a successful After School Program.","tokens":["Key","Contributions","&","Educational","Outcomes:","Consistently","praised","for","dedication,","reliability,","organization","and","effectiveness","of","establishing","and","maintaining","a","successful","After","School","Program."],"metadata":[]}],[{"content":"Promoted a high level of participation by closely adhered to lesson plans; and kept students motivated, engaged and focused.","tokens":["Promoted","a","high","level","of","participation","by","closely","adhered","to","lesson","plans;","and","kept","students","motivated,","engaged","and","focused."],"metadata":[]}],[{"content":"Voluntarily incooperated several after-school programs sports teams flag football, basketball and cheerleading.","tokens":["Voluntarily","incooperated","several","after-school","programs","sports","teams","flag","football,","basketball","and","cheerleading."],"metadata":[]}],[{"content":"Incorporated technology into students' learning activities for varied academic disciplines.","tokens":["Incorporated","technology","into","students'","learning","activities","for","varied","academic","disciplines."],"metadata":[]}],[{"content":"Efforts proved so successful in enhancing student understanding of material that students were able to design and create their own web pages Company Name January 2009 to January 2011 Outreach Liasion City , State Attends various community meetings in order to disseminate information pertaining to school's specially funded programs in general and parent involvement in particular.","tokens":["Efforts","proved","so","successful","in","enhancing","student","understanding","of","material","that","students","were","able","to","design","and","create","their","own","web","pages","Company","Name","January","2009","to","January","2011","Outreach","Liasion","City",",","State","Attends","various","community","meetings","in","order","to","disseminate","information","pertaining","to","school's","specially","funded","programs","in","general","and","parent","involvement","in","particular."],"metadata":[]}],[{"content":"Assists staff in reducing poor attendance working with Probation Department, Deputy District Attorney Refers students and Families to Student Attendance Review Board Refer students and families in need to community programs for needed resources Ensure school meets and maintains attendance goals to meet grant requirements Translate documents and meeting as needed Assisted teachers, specialists, counselors and other staff in reinforcing instructional program and guiding students in development of desirable academic and social skills and habits Worked with small groups of children under the direction of certificated staff Assisted with checking, care, preparation and arrangement of instructional materials and students' work Assisted with yard duty, first aid and home contacts Assisted with recordkeeping, filing, and other clerical duties as needed Education Bakersfield College 2010 City , State , US Bakersfield College, Bakersfield, CA; 2006 & 2010 California State University Bakersfield 2010 Bachelor of Arts : Child, Adolescent, and Family Studies, Sociology City , State , US California State University Bakersfield, CA; 2009-2010 Bachelor of Arts in Child, Adolescent, and Family Studies Minor in Sociology Passed CBEST Mathematics, Reading, Writing test Passed CSET ◦ Subtest I-Reading, Language, Literature, & History and Social Sciences ◦ Subtest II - Science and Mathematics ◦ Subtest III- Physical Education, Human Development, Visual and Performing Arts 30 Day Substitute Permit Cuyama Valley High School 2002 City , State , US Cuyama Valley High School, New Cuyama CA; 1998-2002 Volleyball (4 years), Basketball (4 years), Science Club President, California Scholarship Federation President, Class President, Class ASB Representative Irvine Valley College City , State , US Irvine Valley College, Irvine, CA; 2003-05 Allen Hancock College City , State , US Allen Hancock College, Santa Maria, CA; 2002-03 Certificate of Clearance Certificate of Clearance Substitute with Kern County Superintendent of Schools CPR and First Aid Certified (Infant, Children and Adults) Typing Certificate 42 wpm Certifications CPR and First Aid CPR Certificate of Clearance Typing Certificate 42 wpm Languages Teaching Experience; Bilingual Fluency in English & Spanish Professional Affiliations Boys and Girls Club of Kern County Skills Increase, Training, Coaching, Teaching, Clerical, Filing, Class, Comprehensive Large Array Data Stewardship System, Liaison, Translate, Mathematics, Writing Test, 42 Wpm, Cpr, Cpr And First Aid, Typing","tokens":["Assists","staff","in","reducing","poor","attendance","working","with","Probation","Department,","Deputy","District","Attorney","Refers","students","and","Families","to","Student","Attendance","Review","Board","Refer","students","and","families","in","need","to","community","programs","for","needed","resources","Ensure","school","meets","and","maintains","attendance","goals","to","meet","grant","requirements","Translate","documents","and","meeting","as","needed","Assisted","teachers,","specialists,","counselors","and","other","staff","in","reinforcing","instructional","program","and","guiding","students","in","development","of","desirable","academic","and","social","skills","and","habits","Worked","with","small","groups","of","children","under","the","direction","of","certificated","staff","Assisted","with","checking,","care,","preparation","and","arrangement","of","instructional","materials","and","students'","work","Assisted","with","yard","duty,","first","aid","and","home","contacts","Assisted","with","recordkeeping,","filing,","and","other","clerical","duties","as","needed","Education","Bakersfield","College","2010","City",",","State",",","US","Bakersfield","College,","Bakersfield,","CA;","2006","&","2010","California","State","University","Bakersfield","2010","Bachelor","of","Arts",":","Child,","Adolescent,","and","Family","Studies,","Sociology","City",",","State",",","US","California","State","University","Bakersfield,","CA;","2009-2010","Bachelor","of","Arts","in","Child,","Adolescent,","and","Family","Studies","Minor","in","Sociology","Passed","CBEST","Mathematics,","Reading,","Writing","test","Passed","CSET","◦","Subtest","I-Reading,","Language,","Literature,","&","History","and","Social","Sciences","◦","Subtest","II","-","Science","and","Mathematics","◦","Subtest","III-","Physical","Education,","Human","Development,","Visual","and","Performing","Arts","30","Day","Substitute","Permit","Cuyama","Valley","High","School","2002","City",",","State",",","US","Cuyama","Valley","High","School,","New","Cuyama","CA;","1998-2002","Volleyball","(4","years),","Basketball","(4","years),","Science","Club","President,","California","Scholarship","Federation","President,","Class","President,","Class","ASB","Representative","Irvine","Valley","College","City",",","State",",","US","Irvine","Valley","College,","Irvine,","CA;","2003-05","Allen","Hancock","College","City",",","State",",","US","Allen","Hancock","College,","Santa","Maria,","CA;","2002-03","Certificate","of","Clearance","Certificate","of","Clearance","Substitute","with","Kern","County","Superintendent","of","Schools","CPR","and","First","Aid","Certified","(Infant,","Children","and","Adults)","Typing","Certificate","42","wpm","Certifications","CPR","and","First","Aid","CPR","Certificate","of","Clearance","Typing","Certificate","42","wpm","Languages","Teaching","Experience;","Bilingual","Fluency","in","English","&","Spanish","Professional","Affiliations","Boys","and","Girls","Club","of","Kern","County","Skills","Increase,","Training,","Coaching,","Teaching,","Clerical,","Filing,","Class,","Comprehensive","Large","Array","Data","Stewardship","System,","Liaison,","Translate,","Mathematics,","Writing","Test,","42","Wpm,","Cpr,","Cpr","And","First","Aid,","Typing"],"metadata":[]}]],"labelerInfo":{"id":6814,"email":"cwilhel8@jh.edu","displayName":"Chris Wilhelm"},"labelSets":[{"name":"Resume Labels","index":0,"labelItems":[{"id":"Kj5U6n9NUqTXuWcB3c_7L","labelName":"College"},{"id":"rj7TW0-ymuRo6f_asXJab","labelName":"Company Name"},{"id":"SJEkdao76hjwbb6Fh5SY6","labelName":"Job Title"},{"id":"BjO8MdvK2KI4E5iMEeY4B","labelName":"Graduation Year"},{"id":"eS2knCRgLegeRw8bcmSWA","labelName":"Skill"},{"id":"IeEoIKabMl51BJE0gX2YL","labelName":"Degree"},{"id":"1R0C50AAwFbEp2O0WmRv6","labelName":"Location"},{"id":"zQcc4ygexJ_A3Gb0NeRTk","labelName":"Years of Experience"},{"id":"52S_6moRfhjC-yXgIBeCp","labelName":"Date"},{"id":"KiLarWmwlU1E3-FfdG6Qg","labelName":"Project"},{"id":"dyxKKTAxW1z5ifjPj42BI","labelName":"Name"}]}],"spanLabels":[],"arrowLabels":[],"boundingBoxLabels":[],"timeLabels":[],"comments":[],"url":"datasaur://static/6814/d4933371-f8d8-4533-bb5f-58ad5e1b42c6.txt"}}
