{"version":"1","data":{"project":{"id":"ODBjYmQ2MDg","name":"NLP SSM Final Project"},"document":{"id":"7759f8d3-bea5-4ccb-9f1a-62074f8dcc2f","name":"resume_792_d1.txt"},"kinds":["TOKEN_BASED"],"rows":[[{"content":"FITNESS CONSULTANT Experience 09/2013 to 03/2014 Fitness Consultant Company Name － City , State Conducted tours, and gave wellness advice to help every person change their lives.","tokens":["FITNESS","CONSULTANT","Experience","09/2013","to","03/2014","Fitness","Consultant","Company","Name","－","City",",","State","Conducted","tours,","and","gave","wellness","advice","to","help","every","person","change","their","lives."],"metadata":[]}],[{"content":"Also, did outside marketing to help drive in business and","tokens":["Also,","did","outside","marketing","to","help","drive","in","business","and"],"metadata":[]}],[{"content":"conducted calls to prospective members.","tokens":["conducted","calls","to","prospective","members."],"metadata":[]}],[{"content":"08/2012 to 05/2013 DAEP/Special Education/Coach Company Name － City , State Taught in the DAEP (Disciplinary Alternative Educational Program) Also worked in the Special Education wings in the Middle and Elementary","tokens":["08/2012","to","05/2013","DAEP/Special","Education/Coach","Company","Name","－","City",",","State","Taught","in","the","DAEP","(Disciplinary","Alternative","Educational","Program)","Also","worked","in","the","Special","Education","wings","in","the","Middle","and","Elementary"],"metadata":[]}],[{"content":"schools with Autism and Down Syndrome children, also coached Football, Basketball, and conducted the Strength and Conditioning programs for","tokens":["schools","with","Autism","and","Down","Syndrome","children,","also","coached","Football,","Basketball,","and","conducted","the","Strength","and","Conditioning","programs","for"],"metadata":[]}],[{"content":"Middle school and high school athletes.","tokens":["Middle","school","and","high","school","athletes."],"metadata":[]}],[{"content":"08/2009 to 05/2012 PE/Special Education/Coach Company Name － City , State Taught three PE classes in the Middle School and also taught in the Content Mastery programs to help children with disabilities.","tokens":["08/2009","to","05/2012","PE/Special","Education/Coach","Company","Name","－","City",",","State","Taught","three","PE","classes","in","the","Middle","School","and","also","taught","in","the","Content","Mastery","programs","to","help","children","with","disabilities."],"metadata":[]}],[{"content":"Also worked with","tokens":["Also","worked","with"],"metadata":[]}],[{"content":"the Special Educational settings in the Elementary and high school levels and also coached Football, Basketball, Baseball, and Track & Field","tokens":["the","Special","Educational","settings","in","the","Elementary","and","high","school","levels","and","also","coached","Football,","Basketball,","Baseball,","and","Track","&","Field"],"metadata":[]}],[{"content":"throughout various teams and levels in the Athletic Department.","tokens":["throughout","various","teams","and","levels","in","the","Athletic","Department."],"metadata":[]}],[{"content":"07/2014 to Current Sales Company Name － City , State Helped grow the business from the inside out.","tokens":["07/2014","to","Current","Sales","Company","Name","－","City",",","State","Helped","grow","the","business","from","the","inside","out."],"metadata":[]}],[{"content":"Maintained detailed records of jobs and potential clients.","tokens":["Maintained","detailed","records","of","jobs","and","potential","clients."],"metadata":[]}],[{"content":"Maintained client relations and work.","tokens":["Maintained","client","relations","and","work."],"metadata":[]}],[{"content":"​ Education and Training May 2009 Parks and Recreation Management SOUTHWESTERN OKLAHOMA STATE UNIVERSITY － City , State Parks and Recreation Management Criminal Justice Blinn College － City , State Member of the football and baseball teams President of SAAC Member of the Student Council.","tokens":["​","Education","and","Training","May","2009","Parks","and","Recreation","Management","SOUTHWESTERN","OKLAHOMA","STATE","UNIVERSITY","－","City",",","State","Parks","and","Recreation","Management","Criminal","Justice","Blinn","College","－","City",",","State","Member","of","the","football","and","baseball","teams","President","of","SAAC","Member","of","the","Student","Council."],"metadata":[]}],[{"content":"Crimianl Justice Texas A&M University-Commerce － City , State Member of the football team Vice President of SAAC Memeber of Student Council ​ Additional Information CDL Drivers License THSCA Member CPI member Activities and Honors Member of the Bulldogs Baseball Team.","tokens":["Crimianl","Justice","Texas","A&M","University-Commerce","－","City",",","State","Member","of","the","football","team","Vice","President","of","SAAC","Memeber","of","Student","Council","​","Additional","Information","CDL","Drivers","License","THSCA","Member","CPI","member","Activities","and","Honors","Member","of","the","Bulldogs","Baseball","Team."],"metadata":[]}],[{"content":"(2007-09)","tokens":["(2007-09)"],"metadata":[]}],[{"content":"Special Olympics Coordinator (Western Oklahoma)","tokens":["Special","Olympics","Coordinator","(Western","Oklahoma)"],"metadata":[]}],[{"content":"Member of TKE Fraternity.","tokens":["Member","of","TKE","Fraternity."],"metadata":[]}],[{"content":"Tau Kappa Epsilon Vice President","tokens":["Tau","Kappa","Epsilon","Vice","President"],"metadata":[]}],[{"content":"Vice President of The Student Athlete Advisory Committee (SAAC)","tokens":["Vice","President","of","The","Student","Athlete","Advisory","Committee","(SAAC)"],"metadata":[]}],[{"content":"TEXAS A&M UNIVERSITY-COMMERCE - COMMERCE, TX","tokens":["TEXAS","A&M","UNIVERSITY-COMMERCE","-","COMMERCE,","TX"],"metadata":[]}],[{"content":"Member of the Lions Football Team","tokens":["Member","of","the","Lions","Football","Team"],"metadata":[]}],[{"content":"President of the Student Athlete Advisory Committee (SAAC)","tokens":["President","of","the","Student","Athlete","Advisory","Committee","(SAAC)"],"metadata":[]}],[{"content":"Special Olympics Coach","tokens":["Special","Olympics","Coach"],"metadata":[]}],[{"content":"Member of the Criminal Law Club","tokens":["Member","of","the","Criminal","Law","Club"],"metadata":[]}],[{"content":"BLINN COLLEGE - BRENHAM, TX","tokens":["BLINN","COLLEGE","-","BRENHAM,","TX"],"metadata":[]}],[{"content":"Member of the Buccaneers Football and Baseball Teams.","tokens":["Member","of","the","Buccaneers","Football","and","Baseball","Teams."],"metadata":[]}],[{"content":"Special Olympics Coach","tokens":["Special","Olympics","Coach"],"metadata":[]}],[{"content":"Mentor to younger kids through a Big Brother Program.","tokens":["Mentor","to","younger","kids","through","a","Big","Brother","Program."],"metadata":[]}],[{"content":"Sponsored by schools in the area.","tokens":["Sponsored","by","schools","in","the","area."],"metadata":[]}],[{"content":"Additional Skills","tokens":["Additional","Skills"],"metadata":[]}],[{"content":"CPR/AED Certified","tokens":["CPR/AED","Certified"],"metadata":[]}],[{"content":"CPI Certified (Crisis Prevention Intervention)","tokens":["CPI","Certified","(Crisis","Prevention","Intervention)"],"metadata":[]}],[{"content":"THSCA Member (Texas High School Coaches Association)","tokens":["THSCA","Member","(Texas","High","School","Coaches","Association)"],"metadata":[]}]],"labelerInfo":{"id":6814,"email":"cwilhel8@jh.edu","displayName":"Chris Wilhelm"},"labelSets":[{"name":"Resume Labels","index":0,"labelItems":[{"id":"Kj5U6n9NUqTXuWcB3c_7L","labelName":"College"},{"id":"rj7TW0-ymuRo6f_asXJab","labelName":"Company Name"},{"id":"SJEkdao76hjwbb6Fh5SY6","labelName":"Job Title"},{"id":"BjO8MdvK2KI4E5iMEeY4B","labelName":"Graduation Year"},{"id":"eS2knCRgLegeRw8bcmSWA","labelName":"Skill"},{"id":"IeEoIKabMl51BJE0gX2YL","labelName":"Degree"},{"id":"1R0C50AAwFbEp2O0WmRv6","labelName":"Location"},{"id":"zQcc4ygexJ_A3Gb0NeRTk","labelName":"Years of Experience"},{"id":"52S_6moRfhjC-yXgIBeCp","labelName":"Date"},{"id":"KiLarWmwlU1E3-FfdG6Qg","labelName":"Project"},{"id":"dyxKKTAxW1z5ifjPj42BI","labelName":"Name"}]}],"spanLabels":[],"arrowLabels":[],"boundingBoxLabels":[],"timeLabels":[],"comments":[],"url":"datasaur://static/6814/7759f8d3-bea5-4ccb-9f1a-62074f8dcc2f.txt"}}
