{"version":"1","data":{"project":{"id":"ODBjYmQ2MDg","name":"NLP SSM Final Project"},"document":{"id":"3075644a-d312-4352-902a-e727fc134f03","name":"resume_2050_d2.txt"},"kinds":["TOKEN_BASED"],"rows":[[{"content":"Java Developer Java Developer Java Developer - Nissan Motors Java developer Having around 6 years of design/development experience in various Java/J2EE technologies and frameworks.","tokens":["Java","Developer","Java","Developer","Java","Developer","-","Nissan","Motors","Java","developer","Having","around","6","years","of","design/development","experience","in","various","Java/J2EE","technologies","and","frameworks."],"metadata":[]}],[{"content":"Good foundation in software programming concepts of OOP's, Collections& Exceptions.","tokens":["Good","foundation","in","software","programming","concepts","of","OOP's,","Collections&","Exceptions."],"metadata":[]}],[{"content":"Experience includes application development using Server-side and Client-side technologies like JDBC, Servlets and JSP Programming.","tokens":["Experience","includes","application","development","using","Server-side","and","Client-side","technologies","like","JDBC,","Servlets","and","JSP","Programming."],"metadata":[]}],[{"content":"Good knowledge in Angular JS and React.","tokens":["Good","knowledge","in","Angular","JS","and","React."],"metadata":[]}],[{"content":"Experienced in developing interactive web applications using Spring IOC, Struts2.","tokens":["Experienced","in","developing","interactive","web","applications","using","Spring","IOC,","Struts2."],"metadata":[]}],[{"content":"Experienced in Distributed Technology like Restful Services and Using ORM technologies like JPA, Hibernate.","tokens":["Experienced","in","Distributed","Technology","like","Restful","Services","and","Using","ORM","technologies","like","JPA,","Hibernate."],"metadata":[]}],[{"content":"Experience in technologies like Core Java, Java Swings, Java Beans, EJB, JDBC, Servlets, JSP and Oracle SQL.","tokens":["Experience","in","technologies","like","Core","Java,","Java","Swings,","Java","Beans,","EJB,","JDBC,","Servlets,","JSP","and","Oracle","SQL."],"metadata":[]}],[{"content":"Experience the framework in various components Experience in developing Web Applications using MVC Frameworks and Extensive experience in working on ADOBE FLEX.","tokens":["Experience","the","framework","in","various","components","Experience","in","developing","Web","Applications","using","MVC","Frameworks","and","Extensive","experience","in","working","on","ADOBE","FLEX."],"metadata":[]}],[{"content":"Experience in framework for Flex frame, Spring for application development Strong knowledge on Flex application development, such as Analyzing, Designing and Deployment using Flex components, Flex Data model and Error handling.","tokens":["Experience","in","framework","for","Flex","frame,","Spring","for","application","development","Strong","knowledge","on","Flex","application","development,","such","as","Analyzing,","Designing","and","Deployment","using","Flex","components,","Flex","Data","model","and","Error","handling."],"metadata":[]}],[{"content":"Using the Flex application Service to exchange the messages with non-Flex Experience in configuring and deploying application in Tomcat and Jboss Servers.","tokens":["Using","the","Flex","application","Service","to","exchange","the","messages","with","non-Flex","Experience","in","configuring","and","deploying","application","in","Tomcat","and","Jboss","Servers."],"metadata":[]}],[{"content":"Experience in developing enterprise applications using IDE like Eclipse IDE.","tokens":["Experience","in","developing","enterprise","applications","using","IDE","like","Eclipse","IDE."],"metadata":[]}],[{"content":"Experienced in working with clients, developers, and testers of complex projects during the entire Software Development Life Cycle (SDLC).","tokens":["Experienced","in","working","with","clients,","developers,","and","testers","of","complex","projects","during","the","entire","Software","Development","Life","Cycle","(SDLC)."],"metadata":[]}],[{"content":"Worked on Flex and CSS to implement branding for various clients Experience of using version control and bug reporting tools like SVN, CVS, TFS and GIT Assisted in Developing testing plans and procedures for Unit testing/Test Driven Development, system test, and Load testing.","tokens":["Worked","on","Flex","and","CSS","to","implement","branding","for","various","clients","Experience","of","using","version","control","and","bug","reporting","tools","like","SVN,","CVS,","TFS","and","GIT","Assisted","in","Developing","testing","plans","and","procedures","for","Unit","testing/Test","Driven","Development,","system","test,","and","Load","testing."],"metadata":[]}],[{"content":"Good comprehension of Business work process, Business rationale and Business strategies for further execution of client prerequisite in a conveyed application environment Ability to learn and adapt quickly to the emerging new technologies and paradigms.","tokens":["Good","comprehension","of","Business","work","process,","Business","rationale","and","Business","strategies","for","further","execution","of","client","prerequisite","in","a","conveyed","application","environment","Ability","to","learn","and","adapt","quickly","to","the","emerging","new","technologies","and","paradigms."],"metadata":[]}],[{"content":"Efficient team member with excellent work/time management skills, communications and Interpersonal Skills, ability to work under strict deadlines.","tokens":["Efficient","team","member","with","excellent","work/time","management","skills,","communications","and","Interpersonal","Skills,","ability","to","work","under","strict","deadlines."],"metadata":[]}],[{"content":"Experience in using various Web and Application Servers like Apache, Tomcat, Web Logic, WebSphere, Apache Http Server.","tokens":["Experience","in","using","various","Web","and","Application","Servers","like","Apache,","Tomcat,","Web","Logic,","WebSphere,","Apache","Http","Server."],"metadata":[]}],[{"content":"Integrated the service with Flex using HTTP Services.","tokens":["Integrated","the","service","with","Flex","using","HTTP","Services."],"metadata":[]}],[{"content":"Hands on experience with JUnit, Http Unit and Log4j in developing test cases.","tokens":["Hands","on","experience","with","JUnit,","Http","Unit","and","Log4j","in","developing","test","cases."],"metadata":[]}],[{"content":"Excellent team spirit with strong analytical and communication skills.","tokens":["Excellent","team","spirit","with","strong","analytical","and","communication","skills."],"metadata":[]}],[{"content":"Fast-learner with strong desire to new technologies and self-motivator with ability to finish multitasks well-ordered.","tokens":["Fast-learner","with","strong","desire","to","new","technologies","and","self-motivator","with","ability","to","finish","multitasks","well-ordered."],"metadata":[]}],[{"content":"Work Experience Java Developer Nissan Motors - Franklin, TN March 2018 to Present Description: Nissan Motorsis a recognized innovator and leading global provider of solutions for customer and team engagement.","tokens":["Work","Experience","Java","Developer","Nissan","Motors","-","Franklin,","TN","March","2018","to","Present","Description:","Nissan","Motorsis","a","recognized","innovator","and","leading","global","provider","of","solutions","for","customer","and","team","engagement."],"metadata":[]}],[{"content":"The company provides technologies for unified communications and collaboration, contact center and customer experience management, and networking, along with related services to large enterprises, mid-market companies, small businesses and government organizations around the world.","tokens":["The","company","provides","technologies","for","unified","communications","and","collaboration,","contact","center","and","customer","experience","management,","and","networking,","along","with","related","services","to","large","enterprises,","mid-market","companies,","small","businesses","and","government","organizations","around","the","world."],"metadata":[]}],[{"content":"Roles and Responsibilities: Followed Agile methodology with two weeks' iterations.","tokens":["Roles","and","Responsibilities:","Followed","Agile","methodology","with","two","weeks'","iterations."],"metadata":[]}],[{"content":"Developed application on Spring framework.","tokens":["Developed","application","on","Spring","framework."],"metadata":[]}],[{"content":"Used Dependency Injection feature of Spring MVC framework and O/R mapping tool Hibernate for rapid development and ease of maintenance.","tokens":["Used","Dependency","Injection","feature","of","Spring","MVC","framework","and","O/R","mapping","tool","Hibernate","for","rapid","development","and","ease","of","maintenance."],"metadata":[]}],[{"content":"Used Hibernate as an implementation engine for JPA API and worked with LCDS data services to interact with backend Hibernate and web Services layers, providing input to Flex UI components Used Flex Controls, layouts and custom components to develop the various components of the application.","tokens":["Used","Hibernate","as","an","implementation","engine","for","JPA","API","and","worked","with","LCDS","data","services","to","interact","with","backend","Hibernate","and","web","Services","layers,","providing","input","to","Flex","UI","components","Used","Flex","Controls,","layouts","and","custom","components","to","develop","the","various","components","of","the","application."],"metadata":[]}],[{"content":"Developed tool targeted with IDE using Flex framework to create SWF files and also created frameworks to develop more quickly and easily robust application functionality.","tokens":["Developed","tool","targeted","with","IDE","using","Flex","framework","to","create","SWF","files","and","also","created","frameworks","to","develop","more","quickly","and","easily","robust","application","functionality."],"metadata":[]}],[{"content":"Responsible for design analysis of overall Flex UI component development and integration with backend J2EE.","tokens":["Responsible","for","design","analysis","of","overall","Flex","UI","component","development","and","integration","with","backend","J2EE."],"metadata":[]}],[{"content":"Implanted controller logic and Dependency injection for the application based on Parsley framework to interact with backend J2EE and web services layer to pull out data to Flex UI Components Created server-side Java remoting for web Message to push the data in existing Flex application.","tokens":["Implanted","controller","logic","and","Dependency","injection","for","the","application","based","on","Parsley","framework","to","interact","with","backend","J2EE","and","web","services","layer","to","pull","out","data","to","Flex","UI","Components","Created","server-side","Java","remoting","for","web","Message","to","push","the","data","in","existing","Flex","application."],"metadata":[]}],[{"content":"And used for combination of the remoting messaging service to create data-centric application for client requirement in Flex application Develop paging components in Flex and integrated web services with Flex.","tokens":["And","used","for","combination","of","the","remoting","messaging","service","to","create","data-centric","application","for","client","requirement","in","Flex","application","Develop","paging","components","in","Flex","and","integrated","web","services","with","Flex."],"metadata":[]}],[{"content":"Provided the remoting and messaging service with Blaze DS.","tokens":["Provided","the","remoting","and","messaging","service","with","Blaze","DS."],"metadata":[]}],[{"content":"Implemented SOA to develop REST Based Web services using Apache Tomcat.","tokens":["Implemented","SOA","to","develop","REST","Based","Web","services","using","Apache","Tomcat."],"metadata":[]}],[{"content":"Developed WSDL for defining contract between requestor and provider.","tokens":["Developed","WSDL","for","defining","contract","between","requestor","and","provider."],"metadata":[]}],[{"content":"Used Maven for building, deploying application.","tokens":["Used","Maven","for","building,","deploying","application."],"metadata":[]}],[{"content":"Developed, Tested and Deployed application in Apache Tomcat server.","tokens":["Developed,","Tested","and","Deployed","application","in","Apache","Tomcat","server."],"metadata":[]}],[{"content":"Provided data transport between ActionScript and server side for handling the serializations in to action message format (AMF) Setup and configured spring blaze DS and integrated for calling Flex Remoting service Developed the DAO layer for the application using Spring Hibernate Template support.","tokens":["Provided","data","transport","between","ActionScript","and","server","side","for","handling","the","serializations","in","to","action","message","format","(AMF)","Setup","and","configured","spring","blaze","DS","and","integrated","for","calling","Flex","Remoting","service","Developed","the","DAO","layer","for","the","application","using","Spring","Hibernate","Template","support."],"metadata":[]}],[{"content":"As a Java developer analyzing the business requirements of weekly sprint.","tokens":["As","a","Java","developer","analyzing","the","business","requirements","of","weekly","sprint."],"metadata":[]}],[{"content":"Gathering review and understanding the business and logical Requirements.","tokens":["Gathering","review","and","understanding","the","business","and","logical","Requirements."],"metadata":[]}],[{"content":"Designed Frontend with object-oriented JavaScript Framework and Flex According to requirements generating API specs, flow diagram as required and sharing with the team and Creating all markups from existed files using html5, css3.","tokens":["Designed","Frontend","with","object-oriented","JavaScript","Framework","and","Flex","According","to","requirements","generating","API","specs,","flow","diagram","as","required","and","sharing","with","the","team","and","Creating","all","markups","from","existed","files","using","html5,","css3."],"metadata":[]}],[{"content":"Involved in Flex Skinning and CSS to implement barding for carious clients Writing middle-ware services and JUNIT tests, writing tests in TestNG.","tokens":["Involved","in","Flex","Skinning","and","CSS","to","implement","barding","for","carious","clients","Writing","middle-ware","services","and","JUNIT","tests,","writing","tests","in","TestNG."],"metadata":[]}],[{"content":"Involved in unit testing using Flex unit and Junit and Doing the internal testing and debugging using postman and tests.","tokens":["Involved","in","unit","testing","using","Flex","unit","and","Junit","and","Doing","the","internal","testing","and","debugging","using","postman","and","tests."],"metadata":[]}],[{"content":"Documenting Various Reports and documents as per the tasks assigned before handling the build to QA Team.","tokens":["Documenting","Various","Reports","and","documents","as","per","the","tasks","assigned","before","handling","the","build","to","QA","Team."],"metadata":[]}],[{"content":"Explaining the services written to QA team and Fixing Bugs raised by QA team.","tokens":["Explaining","the","services","written","to","QA","team","and","Fixing","Bugs","raised","by","QA","team."],"metadata":[]}],[{"content":"Environment: Adobe Flex, HTML5, CSS3, JQuery, JSP, XML, angular, jasmine, karma, bower, Maven, Adobe Flash, RESTful API, Java, SQL, PostgreSQL, Oracle, Windows.","tokens":["Environment:","Adobe","Flex,","HTML5,","CSS3,","JQuery,","JSP,","XML,","angular,","jasmine,","karma,","bower,","Maven,","Adobe","Flash,","RESTful","API,","Java,","SQL,","PostgreSQL,","Oracle,","Windows."],"metadata":[]}],[{"content":"Java Developer Mentor, OH January 2017 to February 2018 Description: Cardinal commerce is developed for a mid-sized retailer.","tokens":["Java","Developer","Mentor,","OH","January","2017","to","February","2018","Description:","Cardinal","commerce","is","developed","for","a","mid-sized","retailer."],"metadata":[]}],[{"content":"These features were generally included in the upper tier / premium plans (Marketing, Loyalty programs, coupons, promotions, advanced SEO etc.) for each solution and we compared each solution premium plan price and Value.","tokens":["These","features","were","generally","included","in","the","upper","tier","/","premium","plans","(Marketing,","Loyalty","programs,","coupons,","promotions,","advanced","SEO","etc.)","for","each","solution","and","we","compared","each","solution","premium","plan","price","and","Value."],"metadata":[]}],[{"content":"The project involved E-Commerce implementation, enabling it to sell the products online.","tokens":["The","project","involved","E-Commerce","implementation,","enabling","it","to","sell","the","products","online."],"metadata":[]}],[{"content":"Roles and Responsibilities: Analysis of the functional specification.","tokens":["Roles","and","Responsibilities:","Analysis","of","the","functional","specification."],"metadata":[]}],[{"content":"Started as a software developer within the organization including the designing and development of web pages.","tokens":["Started","as","a","software","developer","within","the","organization","including","the","designing","and","development","of","web","pages."],"metadata":[]}],[{"content":"Participated actively in the design of the complete module from scratch including database schema design.","tokens":["Participated","actively","in","the","design","of","the","complete","module","from","scratch","including","database","schema","design."],"metadata":[]}],[{"content":"Worked closely with the product management team to seamlessly integrate the user with other existing systems and processes.","tokens":["Worked","closely","with","the","product","management","team","to","seamlessly","integrate","the","user","with","other","existing","systems","and","processes."],"metadata":[]}],[{"content":"Integrated solutions for maintenance problems with application through custom APIs.","tokens":["Integrated","solutions","for","maintenance","problems","with","application","through","custom","APIs."],"metadata":[]}],[{"content":"Analysis and Implementation of complex business logic.","tokens":["Analysis","and","Implementation","of","complex","business","logic."],"metadata":[]}],[{"content":"Developed, Consumes and Deployed Web Services using SOAP.","tokens":["Developed,","Consumes","and","Deployed","Web","Services","using","SOAP."],"metadata":[]}],[{"content":"Design and Implementation of server objects using java beans, DAO's, Value Objects etc. Development DAO layer using Prepared Statements.","tokens":["Design","and","Implementation","of","server","objects","using","java","beans,","DAO's,","Value","Objects","etc.","Development","DAO","layer","using","Prepared","Statements."],"metadata":[]}],[{"content":"Implemented Complex Search engine business logic to search for the Consignments.","tokens":["Implemented","Complex","Search","engine","business","logic","to","search","for","the","Consignments."],"metadata":[]}],[{"content":"Performed Unit testing on the various modules/functions to ensure that the output is as expected.","tokens":["Performed","Unit","testing","on","the","various","modules/functions","to","ensure","that","the","output","is","as","expected."],"metadata":[]}],[{"content":"Developed the System level data components which will manage Time Zones, Countries, States, Authentication, Authorizations, User Roles, and Transaction Logging etc. using Spring Controllers, Validators, and Hibernate classes Environment: JAVA Spring Framework (Backend Layer), Hibernate, Maven, UNIX, GIT, Jenkins, Agile, RESTFUL API, JSON, J2EE, HTML, CSS, JavaScript, AngularJS, JIRA.","tokens":["Developed","the","System","level","data","components","which","will","manage","Time","Zones,","Countries,","States,","Authentication,","Authorizations,","User","Roles,","and","Transaction","Logging","etc.","using","Spring","Controllers,","Validators,","and","Hibernate","classes","Environment:","JAVA","Spring","Framework","(Backend","Layer),","Hibernate,","Maven,","UNIX,","GIT,","Jenkins,","Agile,","RESTFUL","API,","JSON,","J2EE,","HTML,","CSS,","JavaScript,","AngularJS,","JIRA."],"metadata":[]}],[{"content":"Java Developer Trilliant Tech - Newark, CA June 2015 to December 2016 Description: Trilliant Tech is a recognized innovator and leading global provider of solutions for customer and team engagement.","tokens":["Java","Developer","Trilliant","Tech","-","Newark,","CA","June","2015","to","December","2016","Description:","Trilliant","Tech","is","a","recognized","innovator","and","leading","global","provider","of","solutions","for","customer","and","team","engagement."],"metadata":[]}],[{"content":"The company provides technologies for unified collaboration, contact center and customer experience management, and networking, along with related services to large enterprises, mid-market companies, small businesses and government organizations around the world.","tokens":["The","company","provides","technologies","for","unified","collaboration,","contact","center","and","customer","experience","management,","and","networking,","along","with","related","services","to","large","enterprises,","mid-market","companies,","small","businesses","and","government","organizations","around","the","world."],"metadata":[]}],[{"content":"Roles and Responsibilities: Involved in developing & coding of different modules.","tokens":["Roles","and","Responsibilities:","Involved","in","developing","&","coding","of","different","modules."],"metadata":[]}],[{"content":"Improved the performance of the application by optimizing hibernate queries.","tokens":["Improved","the","performance","of","the","application","by","optimizing","hibernate","queries."],"metadata":[]}],[{"content":"Involved in Service and DAO layer implementation.","tokens":["Involved","in","Service","and","DAO","layer","implementation."],"metadata":[]}],[{"content":"Used JSP to develop UI layer.","tokens":["Used","JSP","to","develop","UI","layer."],"metadata":[]}],[{"content":"Used PostgreSQL 9 data base & Hibernate to access the data.","tokens":["Used","PostgreSQL","9","data","base","&","Hibernate","to","access","the","data."],"metadata":[]}],[{"content":"Implemented Spring MVC Architecture to communicate with different layers.","tokens":["Implemented","Spring","MVC","Architecture","to","communicate","with","different","layers."],"metadata":[]}],[{"content":"Direct Interaction with clients to get the requirements.","tokens":["Direct","Interaction","with","clients","to","get","the","requirements."],"metadata":[]}],[{"content":"Performed code reviews to ensure code is developed according to secure coding guidelines technologies / Tools Applied.","tokens":["Performed","code","reviews","to","ensure","code","is","developed","according","to","secure","coding","guidelines","technologies","/","Tools","Applied."],"metadata":[]}],[{"content":"Developed User defined Exceptions for each request and response.","tokens":["Developed","User","defined","Exceptions","for","each","request","and","response."],"metadata":[]}],[{"content":"Demonstrated the application to end user during meeting and end of the release Involved in resolving business and technical issues.","tokens":["Demonstrated","the","application","to","end","user","during","meeting","and","end","of","the","release","Involved","in","resolving","business","and","technical","issues."],"metadata":[]}],[{"content":"Environment: HTML5, CSS3, JQuery, JSP, XML, angular, jasmine, karma, bower, Maven, Adobe Flash, RESTful API, Java, SQL, PostgreSQL, Oracle, Windows.","tokens":["Environment:","HTML5,","CSS3,","JQuery,","JSP,","XML,","angular,","jasmine,","karma,","bower,","Maven,","Adobe","Flash,","RESTful","API,","Java,","SQL,","PostgreSQL,","Oracle,","Windows."],"metadata":[]}],[{"content":"Education SS InfoTech - Hyderabad, Telangana 2013 to March 2015","tokens":["Education","SS","InfoTech","-","Hyderabad,","Telangana","2013","to","March","2015"],"metadata":[]}]],"labelerInfo":{"id":6814,"email":"cwilhel8@jh.edu","displayName":"Chris Wilhelm"},"labelSets":[{"name":"Resume Labels","index":0,"labelItems":[{"id":"Kj5U6n9NUqTXuWcB3c_7L","labelName":"College"},{"id":"rj7TW0-ymuRo6f_asXJab","labelName":"Company Name"},{"id":"SJEkdao76hjwbb6Fh5SY6","labelName":"Job Title"},{"id":"BjO8MdvK2KI4E5iMEeY4B","labelName":"Graduation Year"},{"id":"eS2knCRgLegeRw8bcmSWA","labelName":"Skill"},{"id":"IeEoIKabMl51BJE0gX2YL","labelName":"Degree"},{"id":"1R0C50AAwFbEp2O0WmRv6","labelName":"Location"},{"id":"zQcc4ygexJ_A3Gb0NeRTk","labelName":"Years of Experience"},{"id":"52S_6moRfhjC-yXgIBeCp","labelName":"Date"},{"id":"KiLarWmwlU1E3-FfdG6Qg","labelName":"Project"},{"id":"dyxKKTAxW1z5ifjPj42BI","labelName":"Name"}]}],"spanLabels":[],"arrowLabels":[],"boundingBoxLabels":[],"timeLabels":[],"comments":[],"url":"datasaur://static/6814/3075644a-d312-4352-902a-e727fc134f03.txt"}}
