{"version":"1","data":{"project":{"id":"ODBjYmQ2MDg","name":"NLP SSM Final Project"},"document":{"id":"d42b98ee-00fb-4974-adf3-d99bc64d0938","name":"resume_120_d1.txt"},"kinds":["TOKEN_BASED"],"rows":[[{"content":"WEBSITE DESIGNER Summary Software developer well-versed in the entire workflow for developing and implementing websites, including: consulting with the customer, designing mock-ups, programming the site, and incorporating customer feedback.","tokens":["WEBSITE","DESIGNER","Summary","Software","developer","well-versed","in","the","entire","workflow","for","developing","and","implementing","websites,","including:","consulting","with","the","customer,","designing","mock-ups,","programming","the","site,","and","incorporating","customer","feedback."],"metadata":[]}],[{"content":"Skills Visual Studio","tokens":["Skills","Visual","Studio"],"metadata":[]}],[{"content":"Net ASP, ASP","tokens":["Net","ASP,","ASP"],"metadata":[]}],[{"content":"Net MVC 4.0 Visual Basic","tokens":["Net","MVC","4.0","Visual","Basic"],"metadata":[]}],[{"content":"Net C# Microsoft SQL Server, SQL, Stored Procedures TFS (Team Foundation Server) HTML5, CSS3 Javascript, JQuery AngularJS LINQ PHP, mySQL Adobe Design Suite Agile Software Development Methodology Accomplishments JCH Digital Designs Portfolio, which lists a number of client sites:","tokens":["Net","C#","Microsoft","SQL","Server,","SQL,","Stored","Procedures","TFS","(Team","Foundation","Server)","HTML5,","CSS3","Javascript,","JQuery","AngularJS","LINQ","PHP,","mySQL","Adobe","Design","Suite","Agile","Software","Development","Methodology","Accomplishments","JCH","Digital","Designs","Portfolio,","which","lists","a","number","of","client","sites:"],"metadata":[]}],[{"content":"http://www.cocs.com/jchdesigns/portfolio.htm.","tokens":["http://www.cocs.com/jchdesigns/portfolio.htm."],"metadata":[]}],[{"content":"Experience Website Designer , 12/2016 to Current Company Name － City , State Currently working as a freelancer to redesign websites for my own clients and customers.","tokens":["Experience","Website","Designer",",","12/2016","to","Current","Company","Name","－","City",",","State","Currently","working","as","a","freelancer","to","redesign","websites","for","my","own","clients","and","customers."],"metadata":[]}],[{"content":"The process involved working with the client during all stages of development:.","tokens":["The","process","involved","working","with","the","client","during","all","stages","of","development:."],"metadata":[]}],[{"content":"Discussed requirements, documentation, and business needs regarding the design of the site.","tokens":["Discussed","requirements,","documentation,","and","business","needs","regarding","the","design","of","the","site."],"metadata":[]}],[{"content":"Created mockups to get client approval before starting the coding.","tokens":["Created","mockups","to","get","client","approval","before","starting","the","coding."],"metadata":[]}],[{"content":"Worked with the client throughout the testing stages to make sure they were happy.","tokens":["Worked","with","the","client","throughout","the","testing","stages","to","make","sure","they","were","happy."],"metadata":[]}],[{"content":"Delivered the final website within the client's budget and the quoted timeframe.","tokens":["Delivered","the","final","website","within","the","client's","budget","and","the","quoted","timeframe."],"metadata":[]}],[{"content":"Used: C#, ASP","tokens":["Used:","C#,","ASP"],"metadata":[]}],[{"content":"Net, HTML5, CSS3, Javascript, JQuery, mySQL, Adobe Design Suite.","tokens":["Net,","HTML5,","CSS3,","Javascript,","JQuery,","mySQL,","Adobe","Design","Suite."],"metadata":[]}],[{"content":"Senior Software Developer , 07/2016 to 11/2016 Company Name － City , State Contracted to Fiserv and assigned to the Velocity Loan Software Migration project which involved upgrading credit union clients from version 2 to 3.","tokens":["Senior","Software","Developer",",","07/2016","to","11/2016","Company","Name","－","City",",","State","Contracted","to","Fiserv","and","assigned","to","the","Velocity","Loan","Software","Migration","project","which","involved","upgrading","credit","union","clients","from","version","2","to","3."],"metadata":[]}],[{"content":"This involved taking a client's XSLT and XML files and transforming them with custom mapping software into LUXML files, which were then processed by the Velocity software.","tokens":["This","involved","taking","a","client's","XSLT","and","XML","files","and","transforming","them","with","custom","mapping","software","into","LUXML","files,","which","were","then","processed","by","the","Velocity","software."],"metadata":[]}],[{"content":"Our team reduced the number of hours it took to migrate a client by 62.5%, from 800 hours, down to 500 hours.","tokens":["Our","team","reduced","the","number","of","hours","it","took","to","migrate","a","client","by","62.5%,","from","800","hours,","down","to","500","hours."],"metadata":[]}],[{"content":"Worked with the lead developer to create testing and review processes to ensure the version 3 mapping files contained the same data and calculations as the version 2 mapping files.","tokens":["Worked","with","the","lead","developer","to","create","testing","and","review","processes","to","ensure","the","version","3","mapping","files","contained","the","same","data","and","calculations","as","the","version","2","mapping","files."],"metadata":[]}],[{"content":"Helped develop unit testing software to ensure the LUXML files were fully tested before delivering them to the client.","tokens":["Helped","develop","unit","testing","software","to","ensure","the","LUXML","files","were","fully","tested","before","delivering","them","to","the","client."],"metadata":[]}],[{"content":"Supervised and reviewed the work of 3 offshore developers in India.","tokens":["Supervised","and","reviewed","the","work","of","3","offshore","developers","in","India."],"metadata":[]}],[{"content":"Used: XML, XSLT, Visual Basic, SQL Server, TFS, JIRA.","tokens":["Used:","XML,","XSLT,","Visual","Basic,","SQL","Server,","TFS,","JIRA."],"metadata":[]}],[{"content":"Support Engineer Tier III , 02/2016 to 04/2016 Company Name － City , State Contracted to Abila, a company which provides accounting and membership-management software to non-profit associations.","tokens":["Support","Engineer","Tier","III",",","02/2016","to","04/2016","Company","Name","－","City",",","State","Contracted","to","Abila,","a","company","which","provides","accounting","and","membership-management","software","to","non-profit","associations."],"metadata":[]}],[{"content":"Investigated and resolved tickets escalated from the Tier II engineers.","tokens":["Investigated","and","resolved","tickets","escalated","from","the","Tier","II","engineers."],"metadata":[]}],[{"content":"Helped resolve the maintenance tickets in queue which resulted in improved metrics for our department and faster issue-resolution time for our customers.","tokens":["Helped","resolve","the","maintenance","tickets","in","queue","which","resulted","in","improved","metrics","for","our","department","and","faster","issue-resolution","time","for","our","customers."],"metadata":[]}],[{"content":"Used C#, Visual Studio 2014, SQL Server 2012, TFS, Agile development, and ","tokens":["Used","C#,","Visual","Studio","2014,","SQL","Server","2012,","TFS,","Agile","development,","and"],"metadata":[]}],[{"content":"NET Framework 4.5.","tokens":["NET","Framework","4.5."],"metadata":[]}],[{"content":"Lead Software Developer , 12/2014 to 02/2016 Company Name － City , State A company which creates digital models for clients for use in artwork, animation, and other projects, as well as designs and develops websites.","tokens":["Lead","Software","Developer",",","12/2014","to","02/2016","Company","Name","－","City",",","State","A","company","which","creates","digital","models","for","clients","for","use","in","artwork,","animation,","and","other","projects,","as","well","as","designs","and","develops","websites."],"metadata":[]}],[{"content":"Supervised and led a team of developers on a number of projects.","tokens":["Supervised","and","led","a","team","of","developers","on","a","number","of","projects."],"metadata":[]}],[{"content":"This included guiding and mentoring the junior developers and helping them improve their skills.","tokens":["This","included","guiding","and","mentoring","the","junior","developers","and","helping","them","improve","their","skills."],"metadata":[]}],[{"content":"Worked as a project manager on a project which involved creating a model of a soccer player for a client.","tokens":["Worked","as","a","project","manager","on","a","project","which","involved","creating","a","model","of","a","soccer","player","for","a","client."],"metadata":[]}],[{"content":"This included going back and forth between the client and the model-maker to refine the model as needed.","tokens":["This","included","going","back","and","forth","between","the","client","and","the","model-maker","to","refine","the","model","as","needed."],"metadata":[]}],[{"content":"Created, redesigned, and cleaned up websites for a number of clients, using C#, ASP","tokens":["Created,","redesigned,","and","cleaned","up","websites","for","a","number","of","clients,","using","C#,","ASP"],"metadata":[]}],[{"content":"Net, AngularJS, and PHP.","tokens":["Net,","AngularJS,","and","PHP."],"metadata":[]}],[{"content":"Created digital models of a hospital interior for a medical equipment company.","tokens":["Created","digital","models","of","a","hospital","interior","for","a","medical","equipment","company."],"metadata":[]}],[{"content":"This involved having phone meetings with the client to create a list of requirements which were passed to the model-maker.","tokens":["This","involved","having","phone","meetings","with","the","client","to","create","a","list","of","requirements","which","were","passed","to","the","model-maker."],"metadata":[]}],[{"content":"Software Developer , 08/2014 to 12/2014 Company Name － City , State Assigned to Bank of America's CaseCura application, which gathers evidence and documents from for use in legal cases.","tokens":["Software","Developer",",","08/2014","to","12/2014","Company","Name","－","City",",","State","Assigned","to","Bank","of","America's","CaseCura","application,","which","gathers","evidence","and","documents","from","for","use","in","legal","cases."],"metadata":[]}],[{"content":"Created new user interface (UI) designs by replacing obsolete pages with data-bound dynamic grid web controls.","tokens":["Created","new","user","interface","(UI)","designs","by","replacing","obsolete","pages","with","data-bound","dynamic","grid","web","controls."],"metadata":[]}],[{"content":"This improved the user experience, which led to happier users.","tokens":["This","improved","the","user","experience,","which","led","to","happier","users."],"metadata":[]}],[{"content":"Led design and documentation sessions to get user feedback at every step in the design process.","tokens":["Led","design","and","documentation","sessions","to","get","user","feedback","at","every","step","in","the","design","process."],"metadata":[]}],[{"content":"This helped our team determine the best course of action for new feature requests and let the users be more involved in the decision-making process.","tokens":["This","helped","our","team","determine","the","best","course","of","action","for","new","feature","requests","and","let","the","users","be","more","involved","in","the","decision-making","process."],"metadata":[]}],[{"content":"Led user-acceptance review meetings after the code changes were complete.","tokens":["Led","user-acceptance","review","meetings","after","the","code","changes","were","complete."],"metadata":[]}],[{"content":"This ensured that the code met the user's specifications before the code was put into production.","tokens":["This","ensured","that","the","code","met","the","user's","specifications","before","the","code","was","put","into","production."],"metadata":[]}],[{"content":"Participated in daily scrum meetings to make sure all software development was on schedule.","tokens":["Participated","in","daily","scrum","meetings","to","make","sure","all","software","development","was","on","schedule."],"metadata":[]}],[{"content":"Used: C#, MVC, TFS, ","tokens":["Used:","C#,","MVC,","TFS,"],"metadata":[]}],[{"content":"NET Framework 4.5, JIRA for ticket tracking, SQL Server, Agile development methodologies.","tokens":["NET","Framework","4.5,","JIRA","for","ticket","tracking,","SQL","Server,","Agile","development","methodologies."],"metadata":[]}],[{"content":"Software Developer , 10/2013 to 02/2014 Company Name － City , State Contracted to AgriLogic, a crop-insurance company.","tokens":["Software","Developer",",","10/2013","to","02/2014","Company","Name","－","City",",","State","Contracted","to","AgriLogic,","a","crop-insurance","company."],"metadata":[]}],[{"content":"Assigned to the AgAdvantage Legacy application, which processed crop insurance policies.","tokens":["Assigned","to","the","AgAdvantage","Legacy","application,","which","processed","crop","insurance","policies."],"metadata":[]}],[{"content":"Also investigated and determined the best course of action for maintenance tickets received from the business analysts.","tokens":["Also","investigated","and","determined","the","best","course","of","action","for","maintenance","tickets","received","from","the","business","analysts."],"metadata":[]}],[{"content":"Worked closely with the business analysts and QA team to ensure all code followed the company's standards.","tokens":["Worked","closely","with","the","business","analysts","and","QA","team","to","ensure","all","code","followed","the","company's","standards."],"metadata":[]}],[{"content":"Was instrumental in reducing the number of maintenance tickets in the queue: when I started in October, there were around 50 tickets; by February, we managed to reduce the number to about 3 or 4 a day.","tokens":["Was","instrumental","in","reducing","the","number","of","maintenance","tickets","in","the","queue:","when","I","started","in","October,","there","were","around","50","tickets;","by","February,","we","managed","to","reduce","the","number","to","about","3","or","4","a","day."],"metadata":[]}],[{"content":"Participated in the weekly \"Lunch & Learn\" meetings where all the developers would discuss a current issue and brainstorm about how to solve it.","tokens":["Participated","in","the","weekly","\"Lunch","&","Learn\"","meetings","where","all","the","developers","would","discuss","a","current","issue","and","brainstorm","about","how","to","solve","it."],"metadata":[]}],[{"content":"Used VB","tokens":["Used","VB"],"metadata":[]}],[{"content":"Net, Visual Studio 2012, MVC, SQL Server, Atlassian JIRA (source code repository), ","tokens":["Net,","Visual","Studio","2012,","MVC,","SQL","Server,","Atlassian","JIRA","(source","code","repository),"],"metadata":[]}],[{"content":"NET Framework 4.5.","tokens":["NET","Framework","4.5."],"metadata":[]}],[{"content":"Programmer Analyst , 02/2013 to 09/2013 Company Name － City , State FBC Mortgage is an Orlando based mortgage company.","tokens":["Programmer","Analyst",",","02/2013","to","09/2013","Company","Name","－","City",",","State","FBC","Mortgage","is","an","Orlando","based","mortgage","company."],"metadata":[]}],[{"content":"Responsible for creating web-based applications to help increase the productivity of different departments, including:.","tokens":["Responsible","for","creating","web-based","applications","to","help","increase","the","productivity","of","different","departments,","including:."],"metadata":[]}],[{"content":"Created web-based reports for the underwriters to better help them determine which loans and customers needed their immediate attention.","tokens":["Created","web-based","reports","for","the","underwriters","to","better","help","them","determine","which","loans","and","customers","needed","their","immediate","attention."],"metadata":[]}],[{"content":"Created a console-based application for the legal/ compliance department to alert them of any loans which could be considered high-risk so they could take appropriate action.","tokens":["Created","a","console-based","application","for","the","legal/","compliance","department","to","alert","them","of","any","loans","which","could","be","considered","high-risk","so","they","could","take","appropriate","action."],"metadata":[]}],[{"content":"Created web-based reports for the CFO which analyzed the credit scores and debt-to-income ratio for loan applications so he could determine the financial risk of the loans.","tokens":["Created","web-based","reports","for","the","CFO","which","analyzed","the","credit","scores","and","debt-to-income","ratio","for","loan","applications","so","he","could","determine","the","financial","risk","of","the","loans."],"metadata":[]}],[{"content":"Maintained and upgraded the existing web-based reports based on feedback from the loan openers, loan officers, and loan processors.","tokens":["Maintained","and","upgraded","the","existing","web-based","reports","based","on","feedback","from","the","loan","openers,","loan","officers,","and","loan","processors."],"metadata":[]}],[{"content":"Helped to create and develop the Customer Mortgage Application, which let customers apply for a mortgage online.","tokens":["Helped","to","create","and","develop","the","Customer","Mortgage","Application,","which","let","customers","apply","for","a","mortgage","online."],"metadata":[]}],[{"content":"I designed the graphics and layout, and then worked with the rest of team to connect the UI to the business layer of code.","tokens":["I","designed","the","graphics","and","layout,","and","then","worked","with","the","rest","of","team","to","connect","the","UI","to","the","business","layer","of","code."],"metadata":[]}],[{"content":"Helped mentor and assist the junior-level developers with coding or design issues.","tokens":["Helped","mentor","and","assist","the","junior-level","developers","with","coding","or","design","issues."],"metadata":[]}],[{"content":"Used: Visual Studio 2012, ASP","tokens":["Used:","Visual","Studio","2012,","ASP"],"metadata":[]}],[{"content":"Net, C#, MVC, Javascript, jQuery, Entity Framework 5, TFS (Team Foundation Server), Adobe Photoshop, web forms, SQL Server.","tokens":["Net,","C#,","MVC,","Javascript,","jQuery,","Entity","Framework","5,","TFS","(Team","Foundation","Server),","Adobe","Photoshop,","web","forms,","SQL","Server."],"metadata":[]}],[{"content":"Lead Software Developer , 09/2004 to 02/2013 Company Name － City , State A company which creates digital models for clients for use in artwork, animation, and other projects, as well as designs and develops websites.","tokens":["Lead","Software","Developer",",","09/2004","to","02/2013","Company","Name","－","City",",","State","A","company","which","creates","digital","models","for","clients","for","use","in","artwork,","animation,","and","other","projects,","as","well","as","designs","and","develops","websites."],"metadata":[]}],[{"content":"Supervised and led a team of developers on a number of projects.","tokens":["Supervised","and","led","a","team","of","developers","on","a","number","of","projects."],"metadata":[]}],[{"content":"This included guiding and mentoring the junior developers and helping them improve their skills.","tokens":["This","included","guiding","and","mentoring","the","junior","developers","and","helping","them","improve","their","skills."],"metadata":[]}],[{"content":"Consulted and developed websites for clients, using HTML ASP, and C#, as well as mySQL for database access.","tokens":["Consulted","and","developed","websites","for","clients,","using","HTML","ASP,","and","C#,","as","well","as","mySQL","for","database","access."],"metadata":[]}],[{"content":"Managed a team of vendors who created their own digital models and products for sale at the Vanishing Point website.","tokens":["Managed","a","team","of","vendors","who","created","their","own","digital","models","and","products","for","sale","at","the","Vanishing","Point","website."],"metadata":[]}],[{"content":"I designed, created, and programmed the Vanishing Point website from scratch, using ASP and mySQL, which includes a marketplace to purchase and download products, an image gallery, and sales report pages for vendors.","tokens":["I","designed,","created,","and","programmed","the","Vanishing","Point","website","from","scratch,","using","ASP","and","mySQL,","which","includes","a","marketplace","to","purchase","and","download","products,","an","image","gallery,","and","sales","report","pages","for","vendors."],"metadata":[]}],[{"content":"Software Developer , 02/2002 to 09/2004 Company Name － City , State Contracted to AT&T in Orlando, FL as a member of the development team which upgraded, maintained, and monitored the Remittance Resolution System (RRS)- a system which processed over 8.7 million records and $4.2 billion in customer payments and refunds (2002 data).","tokens":["Software","Developer",",","02/2002","to","09/2004","Company","Name","－","City",",","State","Contracted","to","AT&T","in","Orlando,","FL","as","a","member","of","the","development","team","which","upgraded,","maintained,","and","monitored","the","Remittance","Resolution","System","(RRS)-","a","system","which","processed","over","8.7","million","records","and","$4.2","billion","in","customer","payments","and","refunds","(2002","data)."],"metadata":[]}],[{"content":"My specific responsibilities included:","tokens":["My","specific","responsibilities","included:"],"metadata":[]}],[{"content":"Monitored the daily reports to make sure they accurately reflected the payments processed by the system.","tokens":["Monitored","the","daily","reports","to","make","sure","they","accurately","reflected","the","payments","processed","by","the","system."],"metadata":[]}],[{"content":"Upgraded the reports as needed, based on user feedback and requests.","tokens":["Upgraded","the","reports","as","needed,","based","on","user","feedback","and","requests."],"metadata":[]}],[{"content":"Used VB 6, Windows NT, SQL Server 7, and Crystal Reports 8.5.","tokens":["Used","VB","6,","Windows","NT,","SQL","Server","7,","and","Crystal","Reports","8.5."],"metadata":[]}],[{"content":"Re-designed and re-architected the RRS trouble-ticket database system to upgrade it from a Microsoft Access file to a completely new ASP/ web based application with a SQL Server database backend.","tokens":["Re-designed","and","re-architected","the","RRS","trouble-ticket","database","system","to","upgrade","it","from","a","Microsoft","Access","file","to","a","completely","new","ASP/","web","based","application","with","a","SQL","Server","database","backend."],"metadata":[]}],[{"content":"I was also assigned the task of adding additional features, such as an all-new interface (including new graphics and all-new layout), new security (users would now have to login), user auditing (tracking who updated what information), additional reports, additional fields (to accommodate Sarbanes-Oxley code-change regulations) and to consolidate numerous systems into one database.","tokens":["I","was","also","assigned","the","task","of","adding","additional","features,","such","as","an","all-new","interface","(including","new","graphics","and","all-new","layout),","new","security","(users","would","now","have","to","login),","user","auditing","(tracking","who","updated","what","information),","additional","reports,","additional","fields","(to","accommodate","Sarbanes-Oxley","code-change","regulations)","and","to","consolidate","numerous","systems","into","one","database."],"metadata":[]}],[{"content":"Used ASP, HTML, and SQL Server 2000.","tokens":["Used","ASP,","HTML,","and","SQL","Server","2000."],"metadata":[]}],[{"content":"Hosted an hour-long panel discussion on the history and development of video games and digital artwork at MegaCon 2015 (April 2015).","tokens":["Hosted","an","hour-long","panel","discussion","on","the","history","and","development","of","video","games","and","digital","artwork","at","MegaCon","2015","(April","2015)."],"metadata":[]}],[{"content":"Around 250 people attended, with people standing against the side and rear walls.","tokens":["Around","250","people","attended,","with","people","standing","against","the","side","and","rear","walls."],"metadata":[]}],[{"content":"I've been using the Adobe Suite of tools since 1999.","tokens":["I've","been","using","the","Adobe","Suite","of","tools","since","1999."],"metadata":[]}],[{"content":"I'm as comfortable with graphic design as I am with coding so I can wear multiple hats as part of a development team.","tokens":["I'm","as","comfortable","with","graphic","design","as","I","am","with","coding","so","I","can","wear","multiple","hats","as","part","of","a","development","team."],"metadata":[]}],[{"content":"Education and Training B.A : 1995 University of Maryland － City , State Skills ","tokens":["Education","and","Training","B.A",":","1995","University","of","Maryland","－","City",",","State","Skills"],"metadata":[]}],[{"content":"NET, ASP","tokens":["NET,","ASP"],"metadata":[]}],[{"content":"Net, VB","tokens":["Net,","VB"],"metadata":[]}],[{"content":"Net, Visual Basic","tokens":["Net,","Visual","Basic"],"metadata":[]}],[{"content":"Net, accounting, Adobe Suite, Adobe, Adobe Photoshop, Agile, animation, ASP, auditing, budget, credit, Crystal Reports 8.5, CSS3, client, clients, database, decision-making, documentation, XML, features, financial, forms, forth, graphic design, graphics, HTML, HTML5, PHP, image, insurance, Javascript, JQuery, layout, legal, legal/ compliance, meetings, mentor, mentoring, access, Microsoft Access, C#, SQL Server 2000, SQL Server 7, Windows NT, Migration, MVC 4.0, MVC, mySQL, developer, policies, design process, processes, processors, profit, coding, QA, sales, Sarbanes-Oxley, scrum, Software Development, testing software, Microsoft SQL Server, SQL, SQL Server, phone, upgrading, upgrade, user interface, video, Visual Basic, VB 6, Visual Studio, website, websites, XSLT","tokens":["Net,","accounting,","Adobe","Suite,","Adobe,","Adobe","Photoshop,","Agile,","animation,","ASP,","auditing,","budget,","credit,","Crystal","Reports","8.5,","CSS3,","client,","clients,","database,","decision-making,","documentation,","XML,","features,","financial,","forms,","forth,","graphic","design,","graphics,","HTML,","HTML5,","PHP,","image,","insurance,","Javascript,","JQuery,","layout,","legal,","legal/","compliance,","meetings,","mentor,","mentoring,","access,","Microsoft","Access,","C#,","SQL","Server","2000,","SQL","Server","7,","Windows","NT,","Migration,","MVC","4.0,","MVC,","mySQL,","developer,","policies,","design","process,","processes,","processors,","profit,","coding,","QA,","sales,","Sarbanes-Oxley,","scrum,","Software","Development,","testing","software,","Microsoft","SQL","Server,","SQL,","SQL","Server,","phone,","upgrading,","upgrade,","user","interface,","video,","Visual","Basic,","VB","6,","Visual","Studio,","website,","websites,","XSLT"],"metadata":[]}]],"labelerInfo":{"id":6814,"email":"cwilhel8@jh.edu","displayName":"Chris Wilhelm"},"labelSets":[{"name":"Resume Labels","index":0,"labelItems":[{"id":"Kj5U6n9NUqTXuWcB3c_7L","labelName":"College"},{"id":"rj7TW0-ymuRo6f_asXJab","labelName":"Company Name"},{"id":"SJEkdao76hjwbb6Fh5SY6","labelName":"Job Title"},{"id":"BjO8MdvK2KI4E5iMEeY4B","labelName":"Graduation Year"},{"id":"eS2knCRgLegeRw8bcmSWA","labelName":"Skill"},{"id":"IeEoIKabMl51BJE0gX2YL","labelName":"Degree"},{"id":"1R0C50AAwFbEp2O0WmRv6","labelName":"Location"},{"id":"zQcc4ygexJ_A3Gb0NeRTk","labelName":"Years of Experience"},{"id":"52S_6moRfhjC-yXgIBeCp","labelName":"Date"},{"id":"KiLarWmwlU1E3-FfdG6Qg","labelName":"Project"},{"id":"dyxKKTAxW1z5ifjPj42BI","labelName":"Name"}]}],"spanLabels":[],"arrowLabels":[],"boundingBoxLabels":[],"timeLabels":[],"comments":[],"url":"datasaur://static/6814/d42b98ee-00fb-4974-adf3-d99bc64d0938.txt"}}
