{"version":"1","data":{"project":{"id":"ODBjYmQ2MDg","name":"NLP SSM Final Project"},"document":{"id":"59c881dc-a255-4201-81de-548a6f01e91c","name":"resume_291_d1.txt"},"kinds":["TOKEN_BASED"],"rows":[[{"content":"EA INFORMATION TECHNOLOGY SPECIALIST III (DRUPAL DEV) Summary Drupal developer with five years of experience in site building, and frontend and backend development.","tokens":["EA","INFORMATION","TECHNOLOGY","SPECIALIST","III","(DRUPAL","DEV)","Summary","Drupal","developer","with","five","years","of","experience","in","site","building,","and","frontend","and","backend","development."],"metadata":[]}],[{"content":"Skills in theming, as well.","tokens":["Skills","in","theming,","as","well."],"metadata":[]}],[{"content":"Driven to provide excellent service and high-quality coding to create secure and functional sites for clients.","tokens":["Driven","to","provide","excellent","service","and","high-quality","coding","to","create","secure","and","functional","sites","for","clients."],"metadata":[]}],[{"content":"Expert in Drupal and up to date on the latest developments and versions.","tokens":["Expert","in","Drupal","and","up","to","date","on","the","latest","developments","and","versions."],"metadata":[]}],[{"content":"Managed several projects for the NYSED Redesign Project using both Drupal 7 and Drupal 8, including full Drupal deployment services.","tokens":["Managed","several","projects","for","the","NYSED","Redesign","Project","using","both","Drupal","7","and","Drupal","8,","including","full","Drupal","deployment","services."],"metadata":[]}],[{"content":"Earned the respect and the trust from both the NYSED ITS and Program Office Managements.","tokens":["Earned","the","respect","and","the","trust","from","both","the","NYSED","ITS","and","Program","Office","Managements."],"metadata":[]}],[{"content":"Core Qualifications • Superior proficiency in high-level Drupal 7 and Drupal 8 Development","tokens":["Core","Qualifications","•","Superior","proficiency","in","high-level","Drupal","7","and","Drupal","8","Development"],"metadata":[]}],[{"content":"• Excellent proficiency in using Drupal Ajax and jQuery in web development","tokens":["•","Excellent","proficiency","in","using","Drupal","Ajax","and","jQuery","in","web","development"],"metadata":[]}],[{"content":"• Exceptional knowledge of Drupal prior versions and upgrades","tokens":["•","Exceptional","knowledge","of","Drupal","prior","versions","and","upgrades"],"metadata":[]}],[{"content":"• Extensive expertise with versioning management systems","tokens":["•","Extensive","expertise","with","versioning","management","systems"],"metadata":[]}],[{"content":"• Strong ability to manage multiple concurrent projects","tokens":["•","Strong","ability","to","manage","multiple","concurrent","projects"],"metadata":[]}],[{"content":"• High problem solving and analytical skills Technical Skills Programming and Scripting Languages: C++, Java, JavaScript, PHP, Python, AJAX Data-Oriented Languages and Databases: SQL, PL/SQL, Oracle Database, DMS II, PL/SQL, JDBC Markup and Stylesheet Languages: HTML, HTML5, XHTML, CSS, and CSS3 Methodologies: UML, Design Patterns IDE: Oracle JDeveloper, Eclipse, BlueJ, jGRASP, Microsoft Visual Studio Framework & Middleware: Drupal, Apache Struts, Apache, Tomcat Software Applications: MS Office, Oracle Database Server Operating Systems: Windows, OS X, and UNIX Automated Testing Tools: Selenium, Behat Experience Information Technology Specialist III (Drupal Dev) / Company Name - City , State 08/2015 - Current • Lead Drupal Developer for the NYSED","tokens":["•","High","problem","solving","and","analytical","skills","Technical","Skills","Programming","and","Scripting","Languages:","C++,","Java,","JavaScript,","PHP,","Python,","AJAX","Data-Oriented","Languages","and","Databases:","SQL,","PL/SQL,","Oracle","Database,","DMS","II,","PL/SQL,","JDBC","Markup","and","Stylesheet","Languages:","HTML,","HTML5,","XHTML,","CSS,","and","CSS3","Methodologies:","UML,","Design","Patterns","IDE:","Oracle","JDeveloper,","Eclipse,","BlueJ,","jGRASP,","Microsoft","Visual","Studio","Framework","&","Middleware:","Drupal,","Apache","Struts,","Apache,","Tomcat","Software","Applications:","MS","Office,","Oracle","Database","Server","Operating","Systems:","Windows,","OS","X,","and","UNIX","Automated","Testing","Tools:","Selenium,","Behat","Experience","Information","Technology","Specialist","III","(Drupal","Dev)","/","Company","Name","-","City",",","State","08/2015","-","Current","•","Lead","Drupal","Developer","for","the","NYSED"],"metadata":[]}],[{"content":"GOV redesign project.","tokens":["GOV","redesign","project."],"metadata":[]}],[{"content":"• Completely re-architecting the NYSED","tokens":["•","Completely","re-architecting","the","NYSED"],"metadata":[]}],[{"content":"GOV's website and content strategy.","tokens":["GOV's","website","and","content","strategy."],"metadata":[]}],[{"content":"• Migrating all data, building and configuring the new site, and creating the custom Responsive Drupal theme.","tokens":["•","Migrating","all","data,","building","and","configuring","the","new","site,","and","creating","the","custom","Responsive","Drupal","theme."],"metadata":[]}],[{"content":"• Streamlining the authoring experience for content creators and auditors.","tokens":["•","Streamlining","the","authoring","experience","for","content","creators","and","auditors."],"metadata":[]}],[{"content":"• Designing, coding, architecting and testing various themes, modules and processes to extend Drupal to meet the Department needs.","tokens":["•","Designing,","coding,","architecting","and","testing","various","themes,","modules","and","processes","to","extend","Drupal","to","meet","the","Department","needs."],"metadata":[]}],[{"content":"• Developing the NYSED's Drupal-based websites using HTML5 and CSS3.","tokens":["•","Developing","the","NYSED's","Drupal-based","websites","using","HTML5","and","CSS3."],"metadata":[]}],[{"content":"• Supervising the H-BITS Consultant and providing guidance according to the project plan.","tokens":["•","Supervising","the","H-BITS","Consultant","and","providing","guidance","according","to","the","project","plan."],"metadata":[]}],[{"content":"• Analyzing client request to develop, test, and deploy functional software requirements.","tokens":["•","Analyzing","client","request","to","develop,","test,","and","deploy","functional","software","requirements."],"metadata":[]}],[{"content":"• Providing support and assistance to webmasters to publish and update content to the NYSED's websites.","tokens":["•","Providing","support","and","assistance","to","webmasters","to","publish","and","update","content","to","the","NYSED's","websites."],"metadata":[]}],[{"content":"• Coordinating activities with ITS infrastructure support units related to the configuration of the NYSED's websites, as well as the establishing and maintaining file access rights.","tokens":["•","Coordinating","activities","with","ITS","infrastructure","support","units","related","to","the","configuration","of","the","NYSED's","websites,","as","well","as","the","establishing","and","maintaining","file","access","rights."],"metadata":[]}],[{"content":"• Executing tasks associated with generating website analytics.","tokens":["•","Executing","tasks","associated","with","generating","website","analytics."],"metadata":[]}],[{"content":"• Managing installation and ongoing support of search technologies used on the NYSED websites.","tokens":["•","Managing","installation","and","ongoing","support","of","search","technologies","used","on","the","NYSED","websites."],"metadata":[]}],[{"content":"• Providing expert guidance to the NYSED program offices and the webmasters related to the website accessibility standards and compliance.","tokens":["•","Providing","expert","guidance","to","the","NYSED","program","offices","and","the","webmasters","related","to","the","website","accessibility","standards","and","compliance."],"metadata":[]}],[{"content":"• Maintaining the NYSED's existing websites using the Dreamweaver and the Contribute software.","tokens":["•","Maintaining","the","NYSED's","existing","websites","using","the","Dreamweaver","and","the","Contribute","software."],"metadata":[]}],[{"content":"• Managing the unit in the absence of my unit supervisor.","tokens":["•","Managing","the","unit","in","the","absence","of","my","unit","supervisor."],"metadata":[]}],[{"content":"• Providing weekly status reports, statistics and recommendation to the upper management as needed.","tokens":["•","Providing","weekly","status","reports,","statistics","and","recommendation","to","the","upper","management","as","needed."],"metadata":[]}],[{"content":"• Communicating clearly both verbally and in writing with management and customers.","tokens":["•","Communicating","clearly","both","verbally","and","in","writing","with","management","and","customers."],"metadata":[]}],[{"content":"• Documenting Drupal architecture solutions.","tokens":["•","Documenting","Drupal","architecture","solutions."],"metadata":[]}],[{"content":"Information Technology Specialist II / Company Name - City , State 09/2013 - 08/2015 • Developed and maintained IT (systems) written in LINC, COBOL, Java, Struts, PL/SQL, and XML.","tokens":["Information","Technology","Specialist","II","/","Company","Name","-","City",",","State","09/2013","-","08/2015","•","Developed","and","maintained","IT","(systems)","written","in","LINC,","COBOL,","Java,","Struts,","PL/SQL,","and","XML."],"metadata":[]}],[{"content":"• Analyzed and developed complex business intelligence reports to meet the needs of internal and external stakeholders.","tokens":["•","Analyzed","and","developed","complex","business","intelligence","reports","to","meet","the","needs","of","internal","and","external","stakeholders."],"metadata":[]}],[{"content":"• Collaborated with program office members to identify their business process requirements.","tokens":["•","Collaborated","with","program","office","members","to","identify","their","business","process","requirements."],"metadata":[]}],[{"content":"• Worked as a member of the application development team to build IT solutions that address the program office needs.","tokens":["•","Worked","as","a","member","of","the","application","development","team","to","build","IT","solutions","that","address","the","program","office","needs."],"metadata":[]}],[{"content":"• Developed and executed test plans, troubleshoot and debug system application code.","tokens":["•","Developed","and","executed","test","plans,","troubleshoot","and","debug","system","application","code."],"metadata":[]}],[{"content":"• Assured systems and procedures are appropriately documented, meeting department standards, and following generally accepted IT practices.","tokens":["•","Assured","systems","and","procedures","are","appropriately","documented,","meeting","department","standards,","and","following","generally","accepted","IT","practices."],"metadata":[]}],[{"content":"Intern Application Developer / Company Name - City , State 01/2013 - 06/2013 • Maintained the support system to provide services to the clients.","tokens":["Intern","Application","Developer","/","Company","Name","-","City",",","State","01/2013","-","06/2013","•","Maintained","the","support","system","to","provide","services","to","the","clients."],"metadata":[]}],[{"content":"• Developed program logic for new applications, analyzed and modified logic in existing applications","tokens":["•","Developed","program","logic","for","new","applications,","analyzed","and","modified","logic","in","existing","applications"],"metadata":[]}],[{"content":"• Provided technical solutions for any applications issues.","tokens":["•","Provided","technical","solutions","for","any","applications","issues."],"metadata":[]}],[{"content":"• Developed software system testing and validation procedures, programming and documentation.","tokens":["•","Developed","software","system","testing","and","validation","procedures,","programming","and","documentation."],"metadata":[]}],[{"content":"• Tested EDI and other application systems; performed Data validation by executing complex SQL queries.","tokens":["•","Tested","EDI","and","other","application","systems;","performed","Data","validation","by","executing","complex","SQL","queries."],"metadata":[]}],[{"content":"Intern iOS Developer / Company Name - City , State 08/2012 - 12/2012 • Designed and built applications for the iOS platform.","tokens":["Intern","iOS","Developer","/","Company","Name","-","City",",","State","08/2012","-","12/2012","•","Designed","and","built","applications","for","the","iOS","platform."],"metadata":[]}],[{"content":"• Ensured the performance, quality, and responsiveness of applications.","tokens":["•","Ensured","the","performance,","quality,","and","responsiveness","of","applications."],"metadata":[]}],[{"content":"• Collaborated with a team to define, design, and ship new features.","tokens":["•","Collaborated","with","a","team","to","define,","design,","and","ship","new","features."],"metadata":[]}],[{"content":"• Identified and corrected bottlenecks and fixed bugs; maintained code quality, organization, and atomization.","tokens":["•","Identified","and","corrected","bottlenecks","and","fixed","bugs;","maintained","code","quality,","organization,","and","atomization."],"metadata":[]}],[{"content":"Assistant Store Supervisor / Company Name - City , State 02/2010 - 09/2013 Supervisor of Footwear Department / Company Name - City , State 02/2008 - 12/2009 PROFESSIONAL DEVELOPMENT City College of New York of the City University of New York, The - - City , State , United States 2013 Bachelor of Science : Computer Science VOLUNTEER EXPERIENCE Employees Association 05/2016 – Present","tokens":["Assistant","Store","Supervisor","/","Company","Name","-","City",",","State","02/2010","-","09/2013","Supervisor","of","Footwear","Department","/","Company","Name","-","City",",","State","02/2008","-","12/2009","PROFESSIONAL","DEVELOPMENT","City","College","of","New","York","of","the","City","University","of","New","York,","The","-","-","City",",","State",",","United","States","2013","Bachelor","of","Science",":","Computer","Science","VOLUNTEER","EXPERIENCE","Employees","Association","05/2016","–","Present"],"metadata":[]}],[{"content":"IT Chair of the IT Committee Board","tokens":["IT","Chair","of","the","IT","Committee","Board"],"metadata":[]}],[{"content":"• Create and maintain the website along with the other committee members.","tokens":["•","Create","and","maintain","the","website","along","with","the","other","committee","members."],"metadata":[]}],[{"content":"• Train and educate about latest technology tools to the fellow team members.","tokens":["•","Train","and","educate","about","latest","technology","tools","to","the","fellow","team","members."],"metadata":[]}],[{"content":"• Organize the weekly meetings and engage in different task-oriented activities.","tokens":["•","Organize","the","weekly","meetings","and","engage","in","different","task-oriented","activities."],"metadata":[]}],[{"content":"• Encourage the other board members to collaborate and share their expertise.","tokens":["•","Encourage","the","other","board","members","to","collaborate","and","share","their","expertise."],"metadata":[]}]],"labelerInfo":{"id":6814,"email":"cwilhel8@jh.edu","displayName":"Chris Wilhelm"},"labelSets":[{"name":"Resume Labels","index":0,"labelItems":[{"id":"Kj5U6n9NUqTXuWcB3c_7L","labelName":"College"},{"id":"rj7TW0-ymuRo6f_asXJab","labelName":"Company Name"},{"id":"SJEkdao76hjwbb6Fh5SY6","labelName":"Job Title"},{"id":"BjO8MdvK2KI4E5iMEeY4B","labelName":"Graduation Year"},{"id":"eS2knCRgLegeRw8bcmSWA","labelName":"Skill"},{"id":"IeEoIKabMl51BJE0gX2YL","labelName":"Degree"},{"id":"1R0C50AAwFbEp2O0WmRv6","labelName":"Location"},{"id":"zQcc4ygexJ_A3Gb0NeRTk","labelName":"Years of Experience"},{"id":"52S_6moRfhjC-yXgIBeCp","labelName":"Date"},{"id":"KiLarWmwlU1E3-FfdG6Qg","labelName":"Project"},{"id":"dyxKKTAxW1z5ifjPj42BI","labelName":"Name"}]}],"spanLabels":[],"arrowLabels":[],"boundingBoxLabels":[],"timeLabels":[],"comments":[],"url":"datasaur://static/6814/59c881dc-a255-4201-81de-548a6f01e91c.txt"}}
