{"version":"1","data":{"project":{"id":"ODBjYmQ2MDg","name":"NLP SSM Final Project"},"document":{"id":"55cbb65a-c825-4b56-9d55-27138167f36d","name":"resume_244_d1.txt"},"kinds":["TOKEN_BASED"],"rows":[[{"content":"VICE PRESIDENT, INFORMATION TECHNOLOGY Executive Profile Performance-driven IT executive experienced in building technology organizations that make IT a strategic partner of the company.","tokens":["VICE","PRESIDENT,","INFORMATION","TECHNOLOGY","Executive","Profile","Performance-driven","IT","executive","experienced","in","building","technology","organizations","that","make","IT","a","strategic","partner","of","the","company."],"metadata":[]}],[{"content":"Creates IT competitive advantages in capability and scale by leveraging best-in-class infrastructures.","tokens":["Creates","IT","competitive","advantages","in","capability","and","scale","by","leveraging","best-in-class","infrastructures."],"metadata":[]}],[{"content":"Highly experienced in building, improving, and turning around IT organizations.","tokens":["Highly","experienced","in","building,","improving,","and","turning","around","IT","organizations."],"metadata":[]}],[{"content":"Skill Highlights IT Strategy IT Management Project management Business Intelligence Cloud computing SOX, HIPAA, GLBA Team building Enterprise platforms Business continuity Disaster recovery Budgeting/Cost control IT Infrastructure Professional Experience Vice President, Information Technology November 2012 to Current Company Name － City , State Represent Information Technology as a member of the senior leadership team with oversight of all tactical and strategic aspects of corporate IT systems.","tokens":["Skill","Highlights","IT","Strategy","IT","Management","Project","management","Business","Intelligence","Cloud","computing","SOX,","HIPAA,","GLBA","Team","building","Enterprise","platforms","Business","continuity","Disaster","recovery","Budgeting/Cost","control","IT","Infrastructure","Professional","Experience","Vice","President,","Information","Technology","November","2012","to","Current","Company","Name","－","City",",","State","Represent","Information","Technology","as","a","member","of","the","senior","leadership","team","with","oversight","of","all","tactical","and","strategic","aspects","of","corporate","IT","systems."],"metadata":[]}],[{"content":"Manage and lead six-person team that oversees all IT Infrastructure and Business Intelligence operations at one of the largest United Ways in the nation ($38M Revenue).","tokens":["Manage","and","lead","six-person","team","that","oversees","all","IT","Infrastructure","and","Business","Intelligence","operations","at","one","of","the","largest","United","Ways","in","the","nation","($38M","Revenue)."],"metadata":[]}],[{"content":"Responsible for $1M annual IT budget including staffing, operations, purchasing, and vendor management with an emphasis on cost savings and value-based solutions.","tokens":["Responsible","for","$1M","annual","IT","budget","including","staffing,","operations,","purchasing,","and","vendor","management","with","an","emphasis","on","cost","savings","and","value-based","solutions."],"metadata":[]}],[{"content":"Engineered strategic evolution of Salesforce CRM with the implementation of email marketing, event registration, credit card purchasing, and volunteer management systems.","tokens":["Engineered","strategic","evolution","of","Salesforce","CRM","with","the","implementation","of","email","marketing,","event","registration,","credit","card","purchasing,","and","volunteer","management","systems."],"metadata":[]}],[{"content":"Designed and executed IT portion of corporate headquarters move to a new 64,000 sq.","tokens":["Designed","and","executed","IT","portion","of","corporate","headquarters","move","to","a","new","64,000","sq."],"metadata":[]}],[{"content":"ft. building with zero downtime.","tokens":["ft.","building","with","zero","downtime."],"metadata":[]}],[{"content":"Oversaw the creation of a dedicated, IT business intelligence group and structured development environment in strategic support of CRM, data warehouse, and financial reporting systems.","tokens":["Oversaw","the","creation","of","a","dedicated,","IT","business","intelligence","group","and","structured","development","environment","in","strategic","support","of","CRM,","data","warehouse,","and","financial","reporting","systems."],"metadata":[]}],[{"content":"Technology engineering and support of 2-1-1 call center that processes 100,000 to 150,000 calls per year (50% of Colorado's statewide 2-1-1 calls).","tokens":["Technology","engineering","and","support","of","2-1-1","call","center","that","processes","100,000","to","150,000","calls","per","year","(50%","of","Colorado's","statewide","2-1-1","calls)."],"metadata":[]}],[{"content":"Recovered tens of thousands of dollars per year by consolidating and renegotiating IT contracts, implementing infrastructure lifecycle management, standardizing PC and server O/S images, utilizing refurbished equipment, and implementing virtualization technologies.","tokens":["Recovered","tens","of","thousands","of","dollars","per","year","by","consolidating","and","renegotiating","IT","contracts,","implementing","infrastructure","lifecycle","management,","standardizing","PC","and","server","O/S","images,","utilizing","refurbished","equipment,","and","implementing","virtualization","technologies."],"metadata":[]}],[{"content":"Implemented company's first comprehensive monitoring and metrics of application, network and server availability/performance.","tokens":["Implemented","company's","first","comprehensive","monitoring","and","metrics","of","application,","network","and","server","availability/performance."],"metadata":[]}],[{"content":"Responsible for mission critical support of all computer, network, and telecom infrastructure including 175 Windows 7/8 workstations and 35 Windows 2008/2012 servers.","tokens":["Responsible","for","mission","critical","support","of","all","computer,","network,","and","telecom","infrastructure","including","175","Windows","7/8","workstations","and","35","Windows","2008/2012","servers."],"metadata":[]}],[{"content":"Team maintains over 99.9% uptime for all mission critical hardware and software platforms.","tokens":["Team","maintains","over","99.9%","uptime","for","all","mission","critical","hardware","and","software","platforms."],"metadata":[]}],[{"content":"Director, IT Infrastructure March 2008 to November 2012 Company Name － City , State Directly responsible for mission critical support of all computer, network, and telecom infrastructure including 800 Windows XP/Windows 7 workstations and 160 Windows 2003/2008 servers at 28 treatment centers, five operations offices, and two co-location facilities.","tokens":["Director,","IT","Infrastructure","March","2008","to","November","2012","Company","Name","－","City",",","State","Directly","responsible","for","mission","critical","support","of","all","computer,","network,","and","telecom","infrastructure","including","800","Windows","XP/Windows","7","workstations","and","160","Windows","2003/2008","servers","at","28","treatment","centers,","five","operations","offices,","and","two","co-location","facilities."],"metadata":[]}],[{"content":"As the strategic and technical IT lead, built, manage, and backup eight person team including Network Engineer, System Administrator, Help Desk Manager and IT Support Specialists.","tokens":["As","the","strategic","and","technical","IT","lead,","built,","manage,","and","backup","eight","person","team","including","Network","Engineer,","System","Administrator,","Help","Desk","Manager","and","IT","Support","Specialists."],"metadata":[]}],[{"content":"Responsible for all new hire and terminate activities, staff scheduling, mentoring, and reviews.","tokens":["Responsible","for","all","new","hire","and","terminate","activities,","staff","scheduling,","mentoring,","and","reviews."],"metadata":[]}],[{"content":"Consistent record of delivering major IT projects on time and under budget including: integrations of newly acquired treatment centers, new treatment center builds, treatment center moves, co-location deployment, and co-location relocation.","tokens":["Consistent","record","of","delivering","major","IT","projects","on","time","and","under","budget","including:","integrations","of","newly","acquired","treatment","centers,","new","treatment","center","builds,","treatment","center","moves,","co-location","deployment,","and","co-location","relocation."],"metadata":[]}],[{"content":"Maintain over 99.9% uptime for network infrastructure using an MPLS WAN with VPN over Internet redundancy.","tokens":["Maintain","over","99.9%","uptime","for","network","infrastructure","using","an","MPLS","WAN","with","VPN","over","Internet","redundancy."],"metadata":[]}],[{"content":"Maintain over 99.9% uptime for server infrastructure using high availability software (Citrix and Double-Take) and hardware (RAID, UPS, and hot spares) to support company treatment planning systems, record and verify systems, email, and all infrastructure servers.","tokens":["Maintain","over","99.9%","uptime","for","server","infrastructure","using","high","availability","software","(Citrix","and","Double-Take)","and","hardware","(RAID,","UPS,","and","hot","spares)","to","support","company","treatment","planning","systems,","record","and","verify","systems,","email,","and","all","infrastructure","servers."],"metadata":[]}],[{"content":"Designed, deployed, and tested company's first Business Continuity/Disaster Recovery infrastructure for core billing, financial and infrastructure systems.","tokens":["Designed,","deployed,","and","tested","company's","first","Business","Continuity/Disaster","Recovery","infrastructure","for","core","billing,","financial","and","infrastructure","systems."],"metadata":[]}],[{"content":"Implemented company's first comprehensive IT monitoring of network, server, power and temperature health using APC, HP, SolarWinds monitoring tools.","tokens":["Implemented","company's","first","comprehensive","IT","monitoring","of","network,","server,","power","and","temperature","health","using","APC,","HP,","SolarWinds","monitoring","tools."],"metadata":[]}],[{"content":"Responsible for $2M OpEx and $2M CapEx IT budgets including staffing, hardware and software purchasing, telecom, BC/DR, and travel.","tokens":["Responsible","for","$2M","OpEx","and","$2M","CapEx","IT","budgets","including","staffing,","hardware","and","software","purchasing,","telecom,","BC/DR,","and","travel."],"metadata":[]}],[{"content":"Responsible for IT compliance with HIPAA and PCI regulations and have designed infrastructure to be complaint with SOX regulations for the future.","tokens":["Responsible","for","IT","compliance","with","HIPAA","and","PCI","regulations","and","have","designed","infrastructure","to","be","complaint","with","SOX","regulations","for","the","future."],"metadata":[]}],[{"content":"Recovered up to $100,000/yr by consolidating billing and vendors, renegotiating IT contracts, implementing infrastructure lifecycle management, standardizing PC and server O/S images, and modeling VMWare-based virtualization.","tokens":["Recovered","up","to","$100,000/yr","by","consolidating","billing","and","vendors,","renegotiating","IT","contracts,","implementing","infrastructure","lifecycle","management,","standardizing","PC","and","server","O/S","images,","and","modeling","VMWare-based","virtualization."],"metadata":[]}],[{"content":"Coordinate and manage all communications between business operations and corporate IT.","tokens":["Coordinate","and","manage","all","communications","between","business","operations","and","corporate","IT."],"metadata":[]}],[{"content":"Developed first standardized IT project templates for treatment center integrations and new treatment center builds.","tokens":["Developed","first","standardized","IT","project","templates","for","treatment","center","integrations","and","new","treatment","center","builds."],"metadata":[]}],[{"content":"Team responsible for closing 800+ IT support tickets per month.","tokens":["Team","responsible","for","closing","800+","IT","support","tickets","per","month."],"metadata":[]}],[{"content":"Manager, IT Operations - Windows October 2006 to March 2008 Company Name － City , State Managed eleven person team of Help Desk Technicians, System Administrators, System Engineers, and System Architects.","tokens":["Manager,","IT","Operations","-","Windows","October","2006","to","March","2008","Company","Name","－","City",",","State","Managed","eleven","person","team","of","Help","Desk","Technicians,","System","Administrators,","System","Engineers,","and","System","Architects."],"metadata":[]}],[{"content":"Responsible for all new hire and terminate activities, staff scheduling, mentoring, and reviews.","tokens":["Responsible","for","all","new","hire","and","terminate","activities,","staff","scheduling,","mentoring,","and","reviews."],"metadata":[]}],[{"content":"Directly responsible for mission critical support of all Windows-based computer infrastructure including 625+ Windows XP/2000 workstations and 80+ Windows 2003/2000 servers.","tokens":["Directly","responsible","for","mission","critical","support","of","all","Windows-based","computer","infrastructure","including","625+","Windows","XP/2000","workstations","and","80+","Windows","2003/2000","servers."],"metadata":[]}],[{"content":"Maintained over 99.9% uptime for entire Windows server infrastructure including satellite control systems, imagery production systems, email, and communications servers, and all file and document management servers.","tokens":["Maintained","over","99.9%","uptime","for","entire","Windows","server","infrastructure","including","satellite","control","systems,","imagery","production","systems,","email,","and","communications","servers,","and","all","file","and","document","management","servers."],"metadata":[]}],[{"content":"Consistent record of major IT-dependent projects delivered on time and under budget including: mission critical satellite control systems, imagery production systems, and office moves.","tokens":["Consistent","record","of","major","IT-dependent","projects","delivered","on","time","and","under","budget","including:","mission","critical","satellite","control","systems,","imagery","production","systems,","and","office","moves."],"metadata":[]}],[{"content":"Responsible for Windows IT budget planning including staffing, hardware and software purchasing, infrastructure, and travel.","tokens":["Responsible","for","Windows","IT","budget","planning","including","staffing,","hardware","and","software","purchasing,","infrastructure,","and","travel."],"metadata":[]}],[{"content":"Ensured a stable environment by standardizing processes and procedures and maintaining detailed documentation for all systems.","tokens":["Ensured","a","stable","environment","by","standardizing","processes","and","procedures","and","maintaining","detailed","documentation","for","all","systems."],"metadata":[]}],[{"content":"Coordinated all communications between business operations and corporate IT for Windows IT projects.","tokens":["Coordinated","all","communications","between","business","operations","and","corporate","IT","for","Windows","IT","projects."],"metadata":[]}],[{"content":"Member of IT Management Team responsible for the strategic direction of corporate IT initiatives.","tokens":["Member","of","IT","Management","Team","responsible","for","the","strategic","direction","of","corporate","IT","initiatives."],"metadata":[]}],[{"content":"Team responsible for closing 500+ IT support tickets per month.","tokens":["Team","responsible","for","closing","500+","IT","support","tickets","per","month."],"metadata":[]}],[{"content":"IT Manager - Networking, Systems, & Support September 1999 to October 2006 Company Name － City , State Managed eight person team of Help Desk Engineers, Network Administrators, Network Engineers, and Telecommunications Administrators.","tokens":["IT","Manager","-","Networking,","Systems,","&","Support","September","1999","to","October","2006","Company","Name","－","City",",","State","Managed","eight","person","team","of","Help","Desk","Engineers,","Network","Administrators,","Network","Engineers,","and","Telecommunications","Administrators."],"metadata":[]}],[{"content":"Directly responsible for mission critical support of WAN, LAN, 300+ Windows 2000/XP workstations, and 85 Windows 2000/2003 servers.","tokens":["Directly","responsible","for","mission","critical","support","of","WAN,","LAN,","300+","Windows","2000/XP","workstations,","and","85","Windows","2000/2003","servers."],"metadata":[]}],[{"content":"Maintained over 99.9% uptime for entire network and communications systems including real-time trading systems, wire systems, and numerous financial systems.","tokens":["Maintained","over","99.9%","uptime","for","entire","network","and","communications","systems","including","real-time","trading","systems,","wire","systems,","and","numerous","financial","systems."],"metadata":[]}],[{"content":"Responsible for $1.5M annual IT budget including staffing, purchasing, infrastructure, DR/BC, telecommunications, and co-location.","tokens":["Responsible","for","$1.5M","annual","IT","budget","including","staffing,","purchasing,","infrastructure,","DR/BC,","telecommunications,","and","co-location."],"metadata":[]}],[{"content":"Primary decision-maker in all corporate hardware and software standards.","tokens":["Primary","decision-maker","in","all","corporate","hardware","and","software","standards."],"metadata":[]}],[{"content":"Direct backup, upgrade, and maintenance policies/procedures.","tokens":["Direct","backup,","upgrade,","and","maintenance","policies/procedures."],"metadata":[]}],[{"content":"Coordinate associated IT vendor management.","tokens":["Coordinate","associated","IT","vendor","management."],"metadata":[]}],[{"content":"Consistent record of major, IT-dependent projects delivered on time and under budget including: office moves, subsidiary acquisition and divestiture, network redesign, and software deployment.","tokens":["Consistent","record","of","major,","IT-dependent","projects","delivered","on","time","and","under","budget","including:","office","moves,","subsidiary","acquisition","and","divestiture,","network","redesign,","and","software","deployment."],"metadata":[]}],[{"content":"Decreased annual IT budget by at least $50K each year from 2003-2006.","tokens":["Decreased","annual","IT","budget","by","at","least","$50K","each","year","from","2003-2006."],"metadata":[]}],[{"content":"Versed in IT compliance with Sarbanes-Oxley and Gramm-Leach-Bliley Act.","tokens":["Versed","in","IT","compliance","with","Sarbanes-Oxley","and","Gramm-Leach-Bliley","Act."],"metadata":[]}],[{"content":"Hands-on experience in all aspects of Disaster Recovery/Business Continuity Planning including design, documentation, and testing.","tokens":["Hands-on","experience","in","all","aspects","of","Disaster","Recovery/Business","Continuity","Planning","including","design,","documentation,","and","testing."],"metadata":[]}],[{"content":"System Administrator March 1996 to September 1999 Company Name － City , State Solely responsible for mission critical support of 400+ Windows 95/98 workstations and 30 Windows NT 4.0 servers for multi-million dollar mortgage broker with offices in 3 states.","tokens":["System","Administrator","March","1996","to","September","1999","Company","Name","－","City",",","State","Solely","responsible","for","mission","critical","support","of","400+","Windows","95/98","workstations","and","30","Windows","NT","4.0","servers","for","multi-million","dollar","mortgage","broker","with","offices","in","3","states."],"metadata":[]}],[{"content":"Engineer of frame relay-based WAN, TCP/IP-based Ethernet LANs, Motorola and Adtran CSU/DSUs, and Xyplex and Ascend routers Experience also included RAS, Seagate Backup Exec, and disaster recovery.","tokens":["Engineer","of","frame","relay-based","WAN,","TCP/IP-based","Ethernet","LANs,","Motorola","and","Adtran","CSU/DSUs,","and","Xyplex","and","Ascend","routers","Experience","also","included","RAS,","Seagate","Backup","Exec,","and","disaster","recovery."],"metadata":[]}],[{"content":"Administrator of corporate Internet email server (Microsoft Exchange), corporate Internet and Intranet sites (Microsoft IIS), and thin client host server (Citrix).","tokens":["Administrator","of","corporate","Internet","email","server","(Microsoft","Exchange),","corporate","Internet","and","Intranet","sites","(Microsoft","IIS),","and","thin","client","host","server","(Citrix)."],"metadata":[]}],[{"content":"Taught corporate training classes on Microsoft Office, Microsoft Windows, and Internet usage to new employees.","tokens":["Taught","corporate","training","classes","on","Microsoft","Office,","Microsoft","Windows,","and","Internet","usage","to","new","employees."],"metadata":[]}],[{"content":"Developed software training manuals and end-user support materials.","tokens":["Developed","software","training","manuals","and","end-user","support","materials."],"metadata":[]}],[{"content":"Designed, from ground up, scaleable Windows NT domain, corporate websites, and Intranet site.","tokens":["Designed,","from","ground","up,","scaleable","Windows","NT","domain,","corporate","websites,","and","Intranet","site."],"metadata":[]}],[{"content":"Developed and implemented turnkey rollout plan for onsite hardware and software installations in new franchise offices.","tokens":["Developed","and","implemented","turnkey","rollout","plan","for","onsite","hardware","and","software","installations","in","new","franchise","offices."],"metadata":[]}],[{"content":"Inside Sales Representative June 1994 to March 1996 Company Name － City , State Education M.B.A : Dec. 2007 University of Massachusetts － City , State B.S : Real Estate , May 1994 Arizona State University － City , State Certifications and Training Denver Peak Academy - Lean Process Improvement (Black Belt) Harvard ManageMentor Leadership and Management (12 Courses) Microsoft Certified Systems Engineer (MCSE) Microsoft Certified Systems Administrator (MCSA) Cisco Certified Network Associate (CCNA) Citrix Certified Administrator (CCA) Technical Skills Software: Active Directory, Microsoft Exchange, HP Insight Manager, EMC Avamar, Symantec Ghost, LanGuard Network Security Scanner, Voltage Email Encryption, Websense, Quest Archive Manager, MS Project, Symantec Backup Exec, Microsoft IIS, SharePoint, CA ArcServe, Barracuda Spam Firewall, Blackberry Enterprise Server, Sophos Anti-virus, Trend Micro Anti-Virus, Bradford Networks Network Sentry, VMWare, Hyper-V, Barracuda Backup, Barracuda Web Filter, Cisco Call Manager, Cisco UCCX, Exact Target, Cvent.","tokens":["Inside","Sales","Representative","June","1994","to","March","1996","Company","Name","－","City",",","State","Education","M.B.A",":","Dec.","2007","University","of","Massachusetts","－","City",",","State","B.S",":","Real","Estate",",","May","1994","Arizona","State","University","－","City",",","State","Certifications","and","Training","Denver","Peak","Academy","-","Lean","Process","Improvement","(Black","Belt)","Harvard","ManageMentor","Leadership","and","Management","(12","Courses)","Microsoft","Certified","Systems","Engineer","(MCSE)","Microsoft","Certified","Systems","Administrator","(MCSA)","Cisco","Certified","Network","Associate","(CCNA)","Citrix","Certified","Administrator","(CCA)","Technical","Skills","Software:","Active","Directory,","Microsoft","Exchange,","HP","Insight","Manager,","EMC","Avamar,","Symantec","Ghost,","LanGuard","Network","Security","Scanner,","Voltage","Email","Encryption,","Websense,","Quest","Archive","Manager,","MS","Project,","Symantec","Backup","Exec,","Microsoft","IIS,","SharePoint,","CA","ArcServe,","Barracuda","Spam","Firewall,","Blackberry","Enterprise","Server,","Sophos","Anti-virus,","Trend","Micro","Anti-Virus,","Bradford","Networks","Network","Sentry,","VMWare,","Hyper-V,","Barracuda","Backup,","Barracuda","Web","Filter,","Cisco","Call","Manager,","Cisco","UCCX,","Exact","Target,","Cvent."],"metadata":[]}],[{"content":"Hardware and Networking: Cisco firewalls, Cisco routers, Cisco switches, Checkpoint firewalls, HP Procurve switches, Meraki Wi-Fi, Cisco Wi-Fi, HP Proliant, Dell PowerEdge.","tokens":["Hardware","and","Networking:","Cisco","firewalls,","Cisco","routers,","Cisco","switches,","Checkpoint","firewalls,","HP","Procurve","switches,","Meraki","Wi-Fi,","Cisco","Wi-Fi,","HP","Proliant,","Dell","PowerEdge."],"metadata":[]}]],"labelerInfo":{"id":6814,"email":"cwilhel8@jh.edu","displayName":"Chris Wilhelm"},"labelSets":[{"name":"Resume Labels","index":0,"labelItems":[{"id":"Kj5U6n9NUqTXuWcB3c_7L","labelName":"College"},{"id":"rj7TW0-ymuRo6f_asXJab","labelName":"Company Name"},{"id":"SJEkdao76hjwbb6Fh5SY6","labelName":"Job Title"},{"id":"BjO8MdvK2KI4E5iMEeY4B","labelName":"Graduation Year"},{"id":"eS2knCRgLegeRw8bcmSWA","labelName":"Skill"},{"id":"IeEoIKabMl51BJE0gX2YL","labelName":"Degree"},{"id":"1R0C50AAwFbEp2O0WmRv6","labelName":"Location"},{"id":"zQcc4ygexJ_A3Gb0NeRTk","labelName":"Years of Experience"},{"id":"52S_6moRfhjC-yXgIBeCp","labelName":"Date"},{"id":"KiLarWmwlU1E3-FfdG6Qg","labelName":"Project"},{"id":"dyxKKTAxW1z5ifjPj42BI","labelName":"Name"}]}],"spanLabels":[],"arrowLabels":[],"boundingBoxLabels":[],"timeLabels":[],"comments":[],"url":"datasaur://static/6814/55cbb65a-c825-4b56-9d55-27138167f36d.txt"}}
