{"version":"1","data":{"project":{"id":"ODBjYmQ2MDg","name":"NLP SSM Final Project"},"document":{"id":"62748f89-3a1b-4327-af77-b4cc0beaca44","name":"resume_4871_d2.txt"},"kinds":["TOKEN_BASED"],"rows":[[{"content":"Senior Platform Engineer Senior Platform Engineer Senior Platform Engineer - American Airlines Phoenix, AZ Work Experience Senior Platform Engineer American Airlines - Tempe, AZ February 2016 to Present Responsible for bridging new/existing gaps within Security Operations hardware-software boundaries Submit security control requests for changes to access/ security controls (Cherwell) Works with cross-departmental peers and 3rd party partners, to perform: monitoring & upgrades Responds to and report IT security incidents (routine to moderate severity) & coordinate resolution efforts with Information Security leadership team for critical or serious incidents Develop security tool and process documentation as required Monitor network applications and enforce compliance (PCI & SOX) standards and guidelines; Track resolution of findings and prepare reports (Splunk and Q-Radar) Perform application patching and upgrades Keeps abreast of current risks, security issues, threats, protection strategies, and regulatory developments Data Research Analyst - Contractor Nielsen Media Research via Modis - Oldsmar, FL July 2015 to December 2015 Provided statistical data research for all forms of network media campaigns Work closely with clients and business stakeholders to develop, implement, refine and/or continuously manage measurement programs in accordance with client specifications, proactively providing ongoing recommendations as appropriate Effectively interpret client requests and use tactical insight to develop a strategy to meet the client s needs and satisfy underlying questions Analyze and present client measurement program findings in a clear, compelling fashion, offering succinct recommendations that address areas of critical importance to the client & research team.","tokens":["Senior","Platform","Engineer","Senior","Platform","Engineer","Senior","Platform","Engineer","-","American","Airlines","Phoenix,","AZ","Work","Experience","Senior","Platform","Engineer","American","Airlines","-","Tempe,","AZ","February","2016","to","Present","Responsible","for","bridging","new/existing","gaps","within","Security","Operations","hardware-software","boundaries","Submit","security","control","requests","for","changes","to","access/","security","controls","(Cherwell)","Works","with","cross-departmental","peers","and","3rd","party","partners,","to","perform:","monitoring","&","upgrades","Responds","to","and","report","IT","security","incidents","(routine","to","moderate","severity)","&","coordinate","resolution","efforts","with","Information","Security","leadership","team","for","critical","or","serious","incidents","Develop","security","tool","and","process","documentation","as","required","Monitor","network","applications","and","enforce","compliance","(PCI","&","SOX)","standards","and","guidelines;","Track","resolution","of","findings","and","prepare","reports","(Splunk","and","Q-Radar)","Perform","application","patching","and","upgrades","Keeps","abreast","of","current","risks,","security","issues,","threats,","protection","strategies,","and","regulatory","developments","Data","Research","Analyst","-","Contractor","Nielsen","Media","Research","via","Modis","-","Oldsmar,","FL","July","2015","to","December","2015","Provided","statistical","data","research","for","all","forms","of","network","media","campaigns","Work","closely","with","clients","and","business","stakeholders","to","develop,","implement,","refine","and/or","continuously","manage","measurement","programs","in","accordance","with","client","specifications,","proactively","providing","ongoing","recommendations","as","appropriate","Effectively","interpret","client","requests","and","use","tactical","insight","to","develop","a","strategy","to","meet","the","client","s","needs","and","satisfy","underlying","questions","Analyze","and","present","client","measurement","program","findings","in","a","clear,","compelling","fashion,","offering","succinct","recommendations","that","address","areas","of","critical","importance","to","the","client","&","research","team."],"metadata":[]}],[{"content":"(MySQL) Effectively prioritize tasks, balancing multiple work streams simultaneously (IssueTrack) Continuously meet strict deadlines while producing high quality (client-ready) deliverables Security Operations Center Analyst (SOC) American Express- via Advantage Resourcing - Saint Petersburg, FL April 2015 to July 2015 Saint Petersburg, FL - April 2015 to July 2015 Used Splunk and SolarWinds monitoring and SEIM ( Security Event Information and Management) platform tools, to identify, analyze and mitigate platform intrusions and security risks.","tokens":["(MySQL)","Effectively","prioritize","tasks,","balancing","multiple","work","streams","simultaneously","(IssueTrack)","Continuously","meet","strict","deadlines","while","producing","high","quality","(client-ready)","deliverables","Security","Operations","Center","Analyst","(SOC)","American","Express-","via","Advantage","Resourcing","-","Saint","Petersburg,","FL","April","2015","to","July","2015","Saint","Petersburg,","FL","-","April","2015","to","July","2015","Used","Splunk","and","SolarWinds","monitoring","and","SEIM","(","Security","Event","Information","and","Management)","platform","tools,","to","identify,","analyze","and","mitigate","platform","intrusions","and","security","risks."],"metadata":[]}],[{"content":"Utilized various malware/spyware identification tools, to analyze, detect and assess system threats.","tokens":["Utilized","various","malware/spyware","identification","tools,","to","analyze,","detect","and","assess","system","threats."],"metadata":[]}],[{"content":"Monitored network traffic for: lulls, surges, anomalies and violations.","tokens":["Monitored","network","traffic","for:","lulls,","surges,","anomalies","and","violations."],"metadata":[]}],[{"content":"(SolarWinds) Adjusted, granted, and verified IAM and provisioning.","tokens":["(SolarWinds)","Adjusted,","granted,","and","verified","IAM","and","provisioning."],"metadata":[]}],[{"content":"(Splunk) Dissected critical event logs to determine level to cyber-attacks / breeches and reported finding reports to interdepartmental superiors.","tokens":["(Splunk)","Dissected","critical","event","logs","to","determine","level","to","cyber-attacks","/","breeches","and","reported","finding","reports","to","interdepartmental","superiors."],"metadata":[]}],[{"content":"Monitor and adjust batch jobs to ensure successful completion.","tokens":["Monitor","and","adjust","batch","jobs","to","ensure","successful","completion."],"metadata":[]}],[{"content":"(MoveIT) Data and Compliance Management Analyst - Contractor The Judge Group - Saint Petersburg, FL March 2015 to July 2015 Partnered with PwC Compliance Team to implement Sarbanes-Oxley/FISMA infrastructure.","tokens":["(MoveIT)","Data","and","Compliance","Management","Analyst","-","Contractor","The","Judge","Group","-","Saint","Petersburg,","FL","March","2015","to","July","2015","Partnered","with","PwC","Compliance","Team","to","implement","Sarbanes-Oxley/FISMA","infrastructure."],"metadata":[]}],[{"content":"Data mined contract repository for requested contract metadata.","tokens":["Data","mined","contract","repository","for","requested","contract","metadata."],"metadata":[]}],[{"content":"Aggregated and analyzed repository metadata, to determine level of risk exposure.","tokens":["Aggregated","and","analyzed","repository","metadata,","to","determine","level","of","risk","exposure."],"metadata":[]}],[{"content":"Provided financial analysis of contract proposals, mergers and risks.","tokens":["Provided","financial","analysis","of","contract","proposals,","mergers","and","risks."],"metadata":[]}],[{"content":"Streamlined contract repository to include/return pertinent audit data.","tokens":["Streamlined","contract","repository","to","include/return","pertinent","audit","data."],"metadata":[]}],[{"content":"Revised user roles, within IAM (Identity Access Management) PKI metrics.","tokens":["Revised","user","roles,","within","IAM","(Identity","Access","Management)","PKI","metrics."],"metadata":[]}],[{"content":"Data/ Security Analyst- Remote Contractor Optimized - Scottsdale, AZ January 2010 to February 2015 online presence and increased company's digital footprint.","tokens":["Data/","Security","Analyst-","Remote","Contractor","Optimized","-","Scottsdale,","AZ","January","2010","to","February","2015","online","presence","and","increased","company's","digital","footprint."],"metadata":[]}],[{"content":"Adjusted and implemented keyword strategies to improve Google search engine rank.","tokens":["Adjusted","and","implemented","keyword","strategies","to","improve","Google","search","engine","rank."],"metadata":[]}],[{"content":"Performed keyword research and determined cost per click ROI.","tokens":["Performed","keyword","research","and","determined","cost","per","click","ROI."],"metadata":[]}],[{"content":"Developed keyword rich content articles, to entice viewer engagement for online products and services.","tokens":["Developed","keyword","rich","content","articles,","to","entice","viewer","engagement","for","online","products","and","services."],"metadata":[]}],[{"content":"Maintained site security by updating SSL certificates, page encryption and server-side data validation.","tokens":["Maintained","site","security","by","updating","SSL","certificates,","page","encryption","and","server-side","data","validation."],"metadata":[]}],[{"content":"IT Senior Data Processor Security Operations Center WellCare - Tampa, FL June 2008 to December 2009 Monitored Security Event Incident Management platform alarms to ensure a claims process SLAs were achieved.","tokens":["IT","Senior","Data","Processor","Security","Operations","Center","WellCare","-","Tampa,","FL","June","2008","to","December","2009","Monitored","Security","Event","Incident","Management","platform","alarms","to","ensure","a","claims","process","SLAs","were","achieved."],"metadata":[]}],[{"content":"Accounted for daily processed batch jobs for EDI-Claims (837 files) from Third Party Administrator.","tokens":["Accounted","for","daily","processed","batch","jobs","for","EDI-Claims","(837","files)","from","Third","Party","Administrator."],"metadata":[]}],[{"content":"(MoveIT) Provided risk assessments on infrastructure intrusions and data loss.","tokens":["(MoveIT)","Provided","risk","assessments","on","infrastructure","intrusions","and","data","loss."],"metadata":[]}],[{"content":"Dissected internal event logs to detect platform breach events.","tokens":["Dissected","internal","event","logs","to","detect","platform","breach","events."],"metadata":[]}],[{"content":"Used Microsoft Active Directory (IAM), to authenticate users and computers to ensure HIPAA Compliance.","tokens":["Used","Microsoft","Active","Directory","(IAM),","to","authenticate","users","and","computers","to","ensure","HIPAA","Compliance."],"metadata":[]}],[{"content":"Education B.A. in American Studies Pre-Law ECKERD COLLEGE - Saint Petersburg, FL May 2014 Skills DNS, SECURITY, ITIL, PCI, SOX","tokens":["Education","B.A.","in","American","Studies","Pre-Law","ECKERD","COLLEGE","-","Saint","Petersburg,","FL","May","2014","Skills","DNS,","SECURITY,","ITIL,","PCI,","SOX"],"metadata":[]}]],"labelerInfo":{"id":6814,"email":"cwilhel8@jh.edu","displayName":"Chris Wilhelm"},"labelSets":[{"name":"Resume Labels","index":0,"labelItems":[{"id":"Kj5U6n9NUqTXuWcB3c_7L","labelName":"College"},{"id":"rj7TW0-ymuRo6f_asXJab","labelName":"Company Name"},{"id":"SJEkdao76hjwbb6Fh5SY6","labelName":"Job Title"},{"id":"BjO8MdvK2KI4E5iMEeY4B","labelName":"Graduation Year"},{"id":"eS2knCRgLegeRw8bcmSWA","labelName":"Skill"},{"id":"IeEoIKabMl51BJE0gX2YL","labelName":"Degree"},{"id":"1R0C50AAwFbEp2O0WmRv6","labelName":"Location"},{"id":"zQcc4ygexJ_A3Gb0NeRTk","labelName":"Years of Experience"},{"id":"52S_6moRfhjC-yXgIBeCp","labelName":"Date"},{"id":"KiLarWmwlU1E3-FfdG6Qg","labelName":"Project"},{"id":"dyxKKTAxW1z5ifjPj42BI","labelName":"Name"}]}],"spanLabels":[],"arrowLabels":[],"boundingBoxLabels":[],"timeLabels":[],"comments":[],"url":"datasaur://static/6814/62748f89-3a1b-4327-af77-b4cc0beaca44.txt"}}
