{"version":"1","data":{"project":{"id":"ODBjYmQ2MDg","name":"NLP SSM Final Project"},"document":{"id":"4aabd93e-7ac9-4203-944d-c5c830012334","name":"resume_1995_d1.txt"},"kinds":["TOKEN_BASED"],"rows":[[{"content":"CONSTRUCTION EQUIPMENT REPAIRER/ SHOP FOREMAN/ SQUAD LEADER Summary Maurice Madison, a United States Army veteran, offers expertise in property accountability, logistics and configuration management.","tokens":["CONSTRUCTION","EQUIPMENT","REPAIRER/","SHOP","FOREMAN/","SQUAD","LEADER","Summary","Maurice","Madison,","a","United","States","Army","veteran,","offers","expertise","in","property","accountability,","logistics","and","configuration","management."],"metadata":[]}],[{"content":"Highly motivated, with Technical and Mechanical Engineering Support professional.","tokens":["Highly","motivated,","with","Technical","and","Mechanical","Engineering","Support","professional."],"metadata":[]}],[{"content":"Strong verbal, listening and writing skills.","tokens":["Strong","verbal,","listening","and","writing","skills."],"metadata":[]}],[{"content":"Comfortable in interacting with all levels of the organization and public.","tokens":["Comfortable","in","interacting","with","all","levels","of","the","organization","and","public."],"metadata":[]}],[{"content":"Able to negotiate and problem solve quickly, accurately, and efficiently.","tokens":["Able","to","negotiate","and","problem","solve","quickly,","accurately,","and","efficiently."],"metadata":[]}],[{"content":"Adept at multitasking to achieve individual and team goals.","tokens":["Adept","at","multitasking","to","achieve","individual","and","team","goals."],"metadata":[]}],[{"content":"Diverse background includes, customer service and supervision.","tokens":["Diverse","background","includes,","customer","service","and","supervision."],"metadata":[]}],[{"content":"Committed to quality and excellence.","tokens":["Committed","to","quality","and","excellence."],"metadata":[]}],[{"content":"Works well with others and with minimum supervision.","tokens":["Works","well","with","others","and","with","minimum","supervision."],"metadata":[]}],[{"content":"Computer literate, with strong electronic, electrical and mechanical skills.","tokens":["Computer","literate,","with","strong","electronic,","electrical","and","mechanical","skills."],"metadata":[]}],[{"content":"Customer oriented problem solver with an ability to adapt to new situations.","tokens":["Customer","oriented","problem","solver","with","an","ability","to","adapt","to","new","situations."],"metadata":[]}],[{"content":"A quick learner with a desire for continuous personal growth.","tokens":["A","quick","learner","with","a","desire","for","continuous","personal","growth."],"metadata":[]}],[{"content":"Highlights Athletic Training -Budget planning Marketing Public Relations -Presentations -Resource management Communications -Windows proficiency Facilities Mgmt.","tokens":["Highlights","Athletic","Training","-Budget","planning","Marketing","Public","Relations","-Presentations","-Resource","management","Communications","-Windows","proficiency","Facilities","Mgmt."],"metadata":[]}],[{"content":"-Mac proficiency Office Experience -Planning -Computer Knowledge -Logistics Case Management Research -Microsoft Word Writing -Microsoft Excel Bookkeeping -Microsoft PowerPoint Effective team leader HAZMAT handling Trained in emergency response CPR certified Expertise in hydraulic and pneumatic systems repair Equipment maintenance Small arms weapons specialist Valid Michigan driver's license Fluent in Troubleshooting 6 time combat veteran Accomplishments United States Army Basic Training.","tokens":["-Mac","proficiency","Office","Experience","-Planning","-Computer","Knowledge","-Logistics","Case","Management","Research","-Microsoft","Word","Writing","-Microsoft","Excel","Bookkeeping","-Microsoft","PowerPoint","Effective","team","leader","HAZMAT","handling","Trained","in","emergency","response","CPR","certified","Expertise","in","hydraulic","and","pneumatic","systems","repair","Equipment","maintenance","Small","arms","weapons","specialist","Valid","Michigan","driver's","license","Fluent","in","Troubleshooting","6","time","combat","veteran","Accomplishments","United","States","Army","Basic","Training."],"metadata":[]}],[{"content":"United States Army Ordinance School Advanced Individual Training Graduate.","tokens":["United","States","Army","Ordinance","School","Advanced","Individual","Training","Graduate."],"metadata":[]}],[{"content":"United States Army Airborne School Graduate.","tokens":["United","States","Army","Airborne","School","Graduate."],"metadata":[]}],[{"content":"Army Hazardous Waste Management Certified.","tokens":["Army","Hazardous","Waste","Management","Certified."],"metadata":[]}],[{"content":"Awarded the Army Achievement Medal.","tokens":["Awarded","the","Army","Achievement","Medal."],"metadata":[]}],[{"content":"Received Global War on Terrorism Service Medal.","tokens":["Received","Global","War","on","Terrorism","Service","Medal."],"metadata":[]}],[{"content":"Personally responsible for over $65 million of command equipment with no deficiencies, losses or damages.","tokens":["Personally","responsible","for","over","$65","million","of","command","equipment","with","no","deficiencies,","losses","or","damages."],"metadata":[]}],[{"content":"Maintained 100% accountability of a large section of equipment worth over $65 million during multiple overseas deployments.","tokens":["Maintained","100%","accountability","of","a","large","section","of","equipment","worth","over","$65","million","during","multiple","overseas","deployments."],"metadata":[]}],[{"content":"Expanded multi-lateral relations with Iraq and Afghanistan to strengthen security and partnership.","tokens":["Expanded","multi-lateral","relations","with","Iraq","and","Afghanistan","to","strengthen","security","and","partnership."],"metadata":[]}],[{"content":"Experience Construction Equipment Repairer/ Shop Foreman/ Squad Leader August 2001 to March 2015 Company Name - City , State Serves as a heavy construction vehicle repairer mechanic and assisted in the professional development, discipline, and training of soldiers and peers.","tokens":["Experience","Construction","Equipment","Repairer/","Shop","Foreman/","Squad","Leader","August","2001","to","March","2015","Company","Name","-","City",",","State","Serves","as","a","heavy","construction","vehicle","repairer","mechanic","and","assisted","in","the","professional","development,","discipline,","and","training","of","soldiers","and","peers."],"metadata":[]}],[{"content":"Oversaw and performed maintenance on construction equipment used for earth moving, grading, compaction, loading, quarrying, mixing, surfacing, pumping and powered bridging.","tokens":["Oversaw","and","performed","maintenance","on","construction","equipment","used","for","earth","moving,","grading,","compaction,","loading,","quarrying,","mixing,","surfacing,","pumping","and","powered","bridging."],"metadata":[]}],[{"content":"Squad Leader to First Line Supervisor.-Directly supervised, trained, and evaluated 40 personnel, supporting over 2,000 troops in four countries, with an inventory list of 1,500 line items, and material assets valued at $65M including large vehicles).","tokens":["Squad","Leader","to","First","Line","Supervisor.-Directly","supervised,","trained,","and","evaluated","40","personnel,","supporting","over","2,000","troops","in","four","countries,","with","an","inventory","list","of","1,500","line","items,","and","material","assets","valued","at","$65M","including","large","vehicles)."],"metadata":[]}],[{"content":"Areas of expertise included personnel management, logistics, and operations.","tokens":["Areas","of","expertise","included","personnel","management,","logistics,","and","operations."],"metadata":[]}],[{"content":"Senior management level, gained considerable responsibility for strategic planning and tactical application.","tokens":["Senior","management","level,","gained","considerable","responsibility","for","strategic","planning","and","tactical","application."],"metadata":[]}],[{"content":"Effective decision-maker in high-pressure environments.","tokens":["Effective","decision-maker","in","high-pressure","environments."],"metadata":[]}],[{"content":"Maintained complete accountability during redeployment of all sensitive items and communication equipment.","tokens":["Maintained","complete","accountability","during","redeployment","of","all","sensitive","items","and","communication","equipment."],"metadata":[]}],[{"content":"Cashier October 1999 to May 2001 Company Name - City , State Customer service.","tokens":["Cashier","October","1999","to","May","2001","Company","Name","-","City",",","State","Customer","service."],"metadata":[]}],[{"content":"Applying basic computer skills.","tokens":["Applying","basic","computer","skills."],"metadata":[]}],[{"content":"Greet customers, account for purchases and accuracy of.","tokens":["Greet","customers,","account","for","purchases","and","accuracy","of."],"metadata":[]}],[{"content":"customer orders, handle money.","tokens":["customer","orders,","handle","money."],"metadata":[]}],[{"content":"Assist in food preparation.","tokens":["Assist","in","food","preparation."],"metadata":[]}],[{"content":"Additional job duties include answering questions about.","tokens":["Additional","job","duties","include","answering","questions","about."],"metadata":[]}],[{"content":"menu items and reviewing restaurant policies and services with customers.","tokens":["menu","items","and","reviewing","restaurant","policies","and","services","with","customers."],"metadata":[]}],[{"content":"Training new employees with hands-on.","tokens":["Training","new","employees","with","hands-on."],"metadata":[]}],[{"content":"computer instruction and audio/visual orientation with a hiring manager.","tokens":["computer","instruction","and","audio/visual","orientation","with","a","hiring","manager."],"metadata":[]}],[{"content":"Education High School Diploma : 2001 Miami Northwestern Senior High - City , State Additional Information Accomplishments Recipient of multiple awards and Accommodations to include, Meritorious Service Medal, Army Commendation Medal, Army Achievement Medal, Army Meritorious Unit Commendation, Army Superior Unit Award, Army Good Conduct Medal, National Defense Service Medal, Armed Forces Expeditionary Medal, Kosovo Campaign Medal, Afghanistan Campaign Medal, Iraq Campaign Medal, Global War on Terrorism Expeditionary Medal, Global War on Terrorism Service Medal, Army Service Ribbon.","tokens":["Education","High","School","Diploma",":","2001","Miami","Northwestern","Senior","High","-","City",",","State","Additional","Information","Accomplishments","Recipient","of","multiple","awards","and","Accommodations","to","include,","Meritorious","Service","Medal,","Army","Commendation","Medal,","Army","Achievement","Medal,","Army","Meritorious","Unit","Commendation,","Army","Superior","Unit","Award,","Army","Good","Conduct","Medal,","National","Defense","Service","Medal,","Armed","Forces","Expeditionary","Medal,","Kosovo","Campaign","Medal,","Afghanistan","Campaign","Medal,","Iraq","Campaign","Medal,","Global","War","on","Terrorism","Expeditionary","Medal,","Global","War","on","Terrorism","Service","Medal,","Army","Service","Ribbon."],"metadata":[]}],[{"content":"Skills audio, Bookkeeping, Budget planning, Case Management, basic computer skills, Computer Knowledge, Conflict Resolution, Counseling, Customer service, Data Entry, Detail oriented, Senior management, First Aid, hiring, instruction, inventory, Leadership Skills, Logistics, Mac, Mgmt, Marketing, mechanic, Microsoft Excel, money, Office, Microsoft PowerPoint, Windows, Microsoft Word, Organizing, personnel, Personnel management, policies, Presentations, problem solver, Problem Solving, Public Relations, Quality Control, Research, strategic planning, Stress management, Supervisor, Teaching, Team-Work, Time Management, Trouble Shooting","tokens":["Skills","audio,","Bookkeeping,","Budget","planning,","Case","Management,","basic","computer","skills,","Computer","Knowledge,","Conflict","Resolution,","Counseling,","Customer","service,","Data","Entry,","Detail","oriented,","Senior","management,","First","Aid,","hiring,","instruction,","inventory,","Leadership","Skills,","Logistics,","Mac,","Mgmt,","Marketing,","mechanic,","Microsoft","Excel,","money,","Office,","Microsoft","PowerPoint,","Windows,","Microsoft","Word,","Organizing,","personnel,","Personnel","management,","policies,","Presentations,","problem","solver,","Problem","Solving,","Public","Relations,","Quality","Control,","Research,","strategic","planning,","Stress","management,","Supervisor,","Teaching,","Team-Work,","Time","Management,","Trouble","Shooting"],"metadata":[]}]],"labelerInfo":{"id":6814,"email":"cwilhel8@jh.edu","displayName":"Chris Wilhelm"},"labelSets":[{"name":"Resume Labels","index":0,"labelItems":[{"id":"Kj5U6n9NUqTXuWcB3c_7L","labelName":"College"},{"id":"rj7TW0-ymuRo6f_asXJab","labelName":"Company Name"},{"id":"SJEkdao76hjwbb6Fh5SY6","labelName":"Job Title"},{"id":"BjO8MdvK2KI4E5iMEeY4B","labelName":"Graduation Year"},{"id":"eS2knCRgLegeRw8bcmSWA","labelName":"Skill"},{"id":"IeEoIKabMl51BJE0gX2YL","labelName":"Degree"},{"id":"1R0C50AAwFbEp2O0WmRv6","labelName":"Location"},{"id":"zQcc4ygexJ_A3Gb0NeRTk","labelName":"Years of Experience"},{"id":"52S_6moRfhjC-yXgIBeCp","labelName":"Date"},{"id":"KiLarWmwlU1E3-FfdG6Qg","labelName":"Project"},{"id":"dyxKKTAxW1z5ifjPj42BI","labelName":"Name"}]}],"spanLabels":[],"arrowLabels":[],"boundingBoxLabels":[],"timeLabels":[],"comments":[],"url":"datasaur://static/6814/4aabd93e-7ac9-4203-944d-c5c830012334.txt"}}
