{"version":"1","data":{"project":{"id":"ODBjYmQ2MDg","name":"NLP SSM Final Project"},"document":{"id":"a6370554-81b1-4bad-8016-06d398c6d81c","name":"resume_2426_d1.txt"},"kinds":["TOKEN_BASED"],"rows":[[{"content":"TSO/FLOATER Career Overview To obtain a position to provide for my family after finishing my call of duty and term of service I indebted to my country with Honor and Pride… IT specialist versed in software administration and data communications.","tokens":["TSO/FLOATER","Career","Overview","To","obtain","a","position","to","provide","for","my","family","after","finishing","my","call","of","duty","and","term","of","service","I","indebted","to","my","country","with","Honor","and","Pride…","IT","specialist","versed","in","software","administration","and","data","communications."],"metadata":[]}],[{"content":"Highly skilled Personal Computer Support Technician offering vast knowledge of network security at desktop, server and internet levels.","tokens":["Highly","skilled","Personal","Computer","Support","Technician","offering","vast","knowledge","of","network","security","at","desktop,","server","and","internet","levels."],"metadata":[]}],[{"content":"Efficient and organized surveillance professional with 7 years in security and safety compliance.","tokens":["Efficient","and","organized","surveillance","professional","with","7","years","in","security","and","safety","compliance."],"metadata":[]}],[{"content":"Extensive security guard training.","tokens":["Extensive","security","guard","training."],"metadata":[]}],[{"content":"as well as MP training (Military Police) Quality-focused and efficient Cook adept at preparing and plating food in high energy, fast-paced kitchens","tokens":["as","well","as","MP","training","(Military","Police)","Quality-focused","and","efficient","Cook","adept","at","preparing","and","plating","food","in","high","energy,","fast-paced","kitchens"],"metadata":[]}],[{"content":"Line Cook with more then 10 years of experience in high-pressure culinary environments.","tokens":["Line","Cook","with","more","then","10","years","of","experience","in","high-pressure","culinary","environments."],"metadata":[]}],[{"content":"Skilled in preparing large volumes of food quickly and efficiently.","tokens":["Skilled","in","preparing","large","volumes","of","food","quickly","and","efficiently."],"metadata":[]}],[{"content":"Seeking to use culinary skills and expertise to prepare a special variety of dishes in a professional, rewarding environment.","tokens":["Seeking","to","use","culinary","skills","and","expertise","to","prepare","a","special","variety","of","dishes","in","a","professional,","rewarding","environment."],"metadata":[]}],[{"content":"Qualifications Sun Certified Java Developer (SCJD) Technical help desk experience CISCO Certified Network Associate (CCNA) Strong analytical skills GUI and tools UNIX/LINUX Strong collaborative skills Web content management Proficiency in TCP/IP protocols Document management Optimizing and performance tuning Testing Excellent problem solving skills Knowledge of streaming video platforms Technical Skills Skills Experience Total Years Last Used Proficient in Word, Excel, and powerpoint Personal Computer Support Technician 12 2008 Accomplishments Strategy and Planning Developed and communicated Web site usage, security policies and standards to all users.","tokens":["Qualifications","Sun","Certified","Java","Developer","(SCJD)","Technical","help","desk","experience","CISCO","Certified","Network","Associate","(CCNA)","Strong","analytical","skills","GUI","and","tools","UNIX/LINUX","Strong","collaborative","skills","Web","content","management","Proficiency","in","TCP/IP","protocols","Document","management","Optimizing","and","performance","tuning","Testing","Excellent","problem","solving","skills","Knowledge","of","streaming","video","platforms","Technical","Skills","Skills","Experience","Total","Years","Last","Used","Proficient","in","Word,","Excel,","and","powerpoint","Personal","Computer","Support","Technician","12","2008","Accomplishments","Strategy","and","Planning","Developed","and","communicated","Web","site","usage,","security","policies","and","standards","to","all","users."],"metadata":[]}],[{"content":"Established policies and procedures for publishing Web pages and applications in conjunction with content creators and sales staff.","tokens":["Established","policies","and","procedures","for","publishing","Web","pages","and","applications","in","conjunction","with","content","creators","and","sales","staff."],"metadata":[]}],[{"content":"IT Training Successfully trained 25 employees to use new operating system.","tokens":["IT","Training","Successfully","trained","25","employees","to","use","new","operating","system."],"metadata":[]}],[{"content":"Network Security Planned, installed, maintained and optimized documentation of all LAN/WAN/VPN network hardware and software, security systems and communication links.","tokens":["Network","Security","Planned,","installed,","maintained","and","optimized","documentation","of","all","LAN/WAN/VPN","network","hardware","and","software,","security","systems","and","communication","links."],"metadata":[]}],[{"content":"Managed all clients network LAN/WAN hardware including routers, switches, load balancers and wireless networking equipment.","tokens":["Managed","all","clients","network","LAN/WAN","hardware","including","routers,","switches,","load","balancers","and","wireless","networking","equipment."],"metadata":[]}],[{"content":"Work Experience 12/2009 to 05/2011 TSO/Floater Company Name － City , State G4S is a leading name in security solutions for the private sector.","tokens":["Work","Experience","12/2009","to","05/2011","TSO/Floater","Company","Name","－","City",",","State","G4S","is","a","leading","name","in","security","solutions","for","the","private","sector."],"metadata":[]}],[{"content":"It employs those.","tokens":["It","employs","those."],"metadata":[]}],[{"content":"seeking to protect others in the nation's most important buildings.","tokens":["seeking","to","protect","others","in","the","nation's","most","important","buildings."],"metadata":[]}],[{"content":"Patrolled the facility and served as a general security presence and visible deterrent to crime and rule infractions","tokens":["Patrolled","the","facility","and","served","as","a","general","security","presence","and","visible","deterrent","to","crime","and","rule","infractions"],"metadata":[]}],[{"content":"Reported all incidents, accidents and medical emergencies to law enforcement","tokens":["Reported","all","incidents,","accidents","and","medical","emergencies","to","law","enforcement"],"metadata":[]}],[{"content":"Responded quickly to medical emergencies, bomb threats and fire alarms","tokens":["Responded","quickly","to","medical","emergencies,","bomb","threats","and","fire","alarms"],"metadata":[]}],[{"content":"Issued security badges and visitor passes to all guests","tokens":["Issued","security","badges","and","visitor","passes","to","all","guests"],"metadata":[]}],[{"content":"Checked passes and credentials of persons seeking to enter the property","tokens":["Checked","passes","and","credentials","of","persons","seeking","to","enter","the","property"],"metadata":[]}],[{"content":"Continuously monitored security cameras and fire, building and alarm systems.","tokens":["Continuously","monitored","security","cameras","and","fire,","building","and","alarm","systems."],"metadata":[]}],[{"content":"My duties included Observing & Reporting any movement between sectors, checking ID Badges.","tokens":["My","duties","included","Observing","&","Reporting","any","movement","between","sectors,","checking","ID","Badges."],"metadata":[]}],[{"content":"of Contractors coming and going, as well as securing everything within my post until I. was properly relieved by another Security Officer.","tokens":["of","Contractors","coming","and","going,","as","well","as","securing","everything","within","my","post","until","I.","was","properly","relieved","by","another","Security","Officer."],"metadata":[]}],[{"content":"08/2008 to 03/2009 Customer Service Representative Company Name － City , State Collected customer feedback and made process changes to exceed customer satisfaction goals","tokens":["08/2008","to","03/2009","Customer","Service","Representative","Company","Name","－","City",",","State","Collected","customer","feedback","and","made","process","changes","to","exceed","customer","satisfaction","goals"],"metadata":[]}],[{"content":"Made reasonable procedure exceptions to accommodate unusual customer requests","tokens":["Made","reasonable","procedure","exceptions","to","accommodate","unusual","customer","requests"],"metadata":[]}],[{"content":"Provided accurate and appropriate information in response to customer inquiries","tokens":["Provided","accurate","and","appropriate","information","in","response","to","customer","inquiries"],"metadata":[]}],[{"content":"Demonstrated mastery of customer service call script within specified timeframes","tokens":["Demonstrated","mastery","of","customer","service","call","script","within","specified","timeframes"],"metadata":[]}],[{"content":"Formulated and enforced Service Center policies, procedures and quality assurance measures.","tokens":["Formulated","and","enforced","Service","Center","policies,","procedures","and","quality","assurance","measures."],"metadata":[]}],[{"content":"01/2009 to 01/2015 N/A","tokens":["01/2009","to","01/2015","N/A"],"metadata":[]}],[{"content":"Aviation Mechanic/Military Police Officer Company Name － City , State Trained and instructed subordinates and supported units on transitioning into the unit.","tokens":["Aviation","Mechanic/Military","Police","Officer","Company","Name","－","City",",","State","Trained","and","instructed","subordinates","and","supported","units","on","transitioning","into","the","unit."],"metadata":[]}],[{"content":"Determined elevation and grid azimuths with maps and map overlays","tokens":["Determined","elevation","and","grid","azimuths","with","maps","and","map","overlays"],"metadata":[]}],[{"content":"Effective decision-maker in high-pressure environments","tokens":["Effective","decision-maker","in","high-pressure","environments"],"metadata":[]}],[{"content":"Managed receipt, storage and issue of ammunition processes","tokens":["Managed","receipt,","storage","and","issue","of","ammunition","processes"],"metadata":[]}],[{"content":"Patrolled areas and allowed restricted area access for authorized personnel","tokens":["Patrolled","areas","and","allowed","restricted","area","access","for","authorized","personnel"],"metadata":[]}],[{"content":"Led military police teams in support of battlefield operations","tokens":["Led","military","police","teams","in","support","of","battlefield","operations"],"metadata":[]}],[{"content":"Maintained complete accountability during redeployment of all sensitive items and communication equipment","tokens":["Maintained","complete","accountability","during","redeployment","of","all","sensitive","items","and","communication","equipment"],"metadata":[]}],[{"content":"Maintained rifles, machine guns, mortars and hand grenades","tokens":["Maintained","rifles,","machine","guns,","mortars","and","hand","grenades"],"metadata":[]}],[{"content":"Evaluated terrain and recorded topographical information.","tokens":["Evaluated","terrain","and","recorded","topographical","information."],"metadata":[]}],[{"content":"Education and Training 2004 Diploma : Personal Computer Support Technician Lincoln Technical Institute － City , State , united states 3.2 GPA Emphasis in Mous Training 2003 Certificate : Electronic Systems Technician Job Corps － City , State , United States Coursework in Industrial Manufacturing, Safety Engineering, Tooling Technology Manufacturing and Process TechnologyCoursework in Electrical and Industrial Engineering 1998 Diploma : General Education Fairmont Heights High School － City , State , United States Skills","tokens":["Education","and","Training","2004","Diploma",":","Personal","Computer","Support","Technician","Lincoln","Technical","Institute","－","City",",","State",",","united","states","3.2","GPA","Emphasis","in","Mous","Training","2003","Certificate",":","Electronic","Systems","Technician","Job","Corps","－","City",",","State",",","United","States","Coursework","in","Industrial","Manufacturing,","Safety","Engineering,","Tooling","Technology","Manufacturing","and","Process","TechnologyCoursework","in","Electrical","and","Industrial","Engineering","1998","Diploma",":","General","Education","Fairmont","Heights","High","School","－","City",",","State",",","United","States","Skills"],"metadata":[]}]],"labelerInfo":{"id":6814,"email":"cwilhel8@jh.edu","displayName":"Chris Wilhelm"},"labelSets":[{"name":"Resume Labels","index":0,"labelItems":[{"id":"Kj5U6n9NUqTXuWcB3c_7L","labelName":"College"},{"id":"rj7TW0-ymuRo6f_asXJab","labelName":"Company Name"},{"id":"SJEkdao76hjwbb6Fh5SY6","labelName":"Job Title"},{"id":"BjO8MdvK2KI4E5iMEeY4B","labelName":"Graduation Year"},{"id":"eS2knCRgLegeRw8bcmSWA","labelName":"Skill"},{"id":"IeEoIKabMl51BJE0gX2YL","labelName":"Degree"},{"id":"1R0C50AAwFbEp2O0WmRv6","labelName":"Location"},{"id":"zQcc4ygexJ_A3Gb0NeRTk","labelName":"Years of Experience"},{"id":"52S_6moRfhjC-yXgIBeCp","labelName":"Date"},{"id":"KiLarWmwlU1E3-FfdG6Qg","labelName":"Project"},{"id":"dyxKKTAxW1z5ifjPj42BI","labelName":"Name"}]}],"spanLabels":[],"arrowLabels":[],"boundingBoxLabels":[],"timeLabels":[],"comments":[],"url":"datasaur://static/6814/a6370554-81b1-4bad-8016-06d398c6d81c.txt"}}
