{"version":"1","data":{"project":{"id":"ODBjYmQ2MDg","name":"NLP SSM Final Project"},"document":{"id":"bf0b1e2c-6f84-4dc6-bd93-9cd7744fbc85","name":"resume_4731_d2.txt"},"kinds":["TOKEN_BASED"],"rows":[[{"content":"IT Security Analyst IT Security Analyst IT Security Analyst - Inter-Con Security Systems Inc Washington, DC To obtain a position in Information Security in a growth-oriented organization with a focus on Risk Management Framework (RMF), risk assessment, A&A, FISMA, and SP 800-53 control assessments.","tokens":["IT","Security","Analyst","IT","Security","Analyst","IT","Security","Analyst","-","Inter-Con","Security","Systems","Inc","Washington,","DC","To","obtain","a","position","in","Information","Security","in","a","growth-oriented","organization","with","a","focus","on","Risk","Management","Framework","(RMF),","risk","assessment,","A&A,","FISMA,","and","SP","800-53","control","assessments."],"metadata":[]}],[{"content":"Work Experience IT Security Analyst Inter-Con Security Systems Inc - Washington, DC 2016 to Present Conducts FIPS-199 categorization using SP 800-60 and control selections utilizing NIST SP 800-53 for the client, develops test plans; and testing procedures.","tokens":["Work","Experience","IT","Security","Analyst","Inter-Con","Security","Systems","Inc","-","Washington,","DC","2016","to","Present","Conducts","FIPS-199","categorization","using","SP","800-60","and","control","selections","utilizing","NIST","SP","800-53","for","the","client,","develops","test","plans;","and","testing","procedures."],"metadata":[]}],[{"content":"Documenting, testing, and reviewing Access Control implemented by system administrators through interviews, screenshots, etc. Contributes to providing Awareness and Training (AT) to ensure clients are equipped to maintain adequate security.","tokens":["Documenting,","testing,","and","reviewing","Access","Control","implemented","by","system","administrators","through","interviews,","screenshots,","etc.","Contributes","to","providing","Awareness","and","Training","(AT)","to","ensure","clients","are","equipped","to","maintain","adequate","security."],"metadata":[]}],[{"content":"Supervises and monitors the FISMA testing of the client's systems.","tokens":["Supervises","and","monitors","the","FISMA","testing","of","the","client's","systems."],"metadata":[]}],[{"content":"Prepares and reviews security documentations including System Security Plans (SSP), Security Assessment Reports (SAR), Contingency Plan (CP), Privacy Impact Analysis (PIA), and other artifact required for system's security.","tokens":["Prepares","and","reviews","security","documentations","including","System","Security","Plans","(SSP),","Security","Assessment","Reports","(SAR),","Contingency","Plan","(CP),","Privacy","Impact","Analysis","(PIA),","and","other","artifact","required","for","system's","security."],"metadata":[]}],[{"content":"Supports the remediation actions to correct assessment findings and develops supporting Plan Of Action and Milestone (POA&M) reports.","tokens":["Supports","the","remediation","actions","to","correct","assessment","findings","and","develops","supporting","Plan","Of","Action","and","Milestone","(POA&M)","reports."],"metadata":[]}],[{"content":"Organizes authorization package for ATO of the client's systems.","tokens":["Organizes","authorization","package","for","ATO","of","the","client's","systems."],"metadata":[]}],[{"content":"Utilizing vulnerability scanning to detect and prioritize potential weaknesses allowing client to implement corrective actions.","tokens":["Utilizing","vulnerability","scanning","to","detect","and","prioritize","potential","weaknesses","allowing","client","to","implement","corrective","actions."],"metadata":[]}],[{"content":"Supports the penetration testing group with information gathering (reconnaissance) and scanning using Nessus and Nmap tools.","tokens":["Supports","the","penetration","testing","group","with","information","gathering","(reconnaissance)","and","scanning","using","Nessus","and","Nmap","tools."],"metadata":[]}],[{"content":"Pathways Internship Program ( IT Support Specialist) US Department of State - Systems Oversight Division - Washington, DC 2011 to 2016 Installed and configured Active Directory, Group Policy, Windows Deployment Services, creating Boot and Capture Images, using the Server Manager in Windows Server 2012 R2.","tokens":["Pathways","Internship","Program","(","IT","Support","Specialist)","US","Department","of","State","-","Systems","Oversight","Division","-","Washington,","DC","2011","to","2016","Installed","and","configured","Active","Directory,","Group","Policy,","Windows","Deployment","Services,","creating","Boot","and","Capture","Images,","using","the","Server","Manager","in","Windows","Server","2012","R2."],"metadata":[]}],[{"content":"Analyzed and applied account lockout policies.","tokens":["Analyzed","and","applied","account","lockout","policies."],"metadata":[]}],[{"content":"Hardened Windows Operating Systems using methods such as applying security and OS updates, configuration baselines, updating service packs, uninstalling unnecessary programs for users.","tokens":["Hardened","Windows","Operating","Systems","using","methods","such","as","applying","security","and","OS","updates,","configuration","baselines,","updating","service","packs,","uninstalling","unnecessary","programs","for","users."],"metadata":[]}],[{"content":"Installed and Configured Windows Server 2012 R2, Windows Server 2008, Windows 7.","tokens":["Installed","and","Configured","Windows","Server","2012","R2,","Windows","Server","2008,","Windows","7."],"metadata":[]}],[{"content":"Processed data reports using Business Objects.","tokens":["Processed","data","reports","using","Business","Objects."],"metadata":[]}],[{"content":"(Personnel HR Actions, Separations, New Hires, etc.) Created Civil Service, Overseas, Foreign Service, and Temporary Foreign Service Assignment Job Codes in the GEMS Application (Human Resources system for managing personnel and payroll activities).","tokens":["(Personnel","HR","Actions,","Separations,","New","Hires,","etc.)","Created","Civil","Service,","Overseas,","Foreign","Service,","and","Temporary","Foreign","Service","Assignment","Job","Codes","in","the","GEMS","Application","(Human","Resources","system","for","managing","personnel","and","payroll","activities)."],"metadata":[]}],[{"content":"Created Bi-weekly Disaster Recovery CDs containing Staffing Patterns for end users in the Department Received and documented all end user desktop requests via the Remedy ticketing tracking system Assisted end users with testing, documenting and reporting for system changes.","tokens":["Created","Bi-weekly","Disaster","Recovery","CDs","containing","Staffing","Patterns","for","end","users","in","the","Department","Received","and","documented","all","end","user","desktop","requests","via","the","Remedy","ticketing","tracking","system","Assisted","end","users","with","testing,","documenting","and","reporting","for","system","changes."],"metadata":[]}],[{"content":"Education Bachelor of Science in Computer Technology in Network and Systems Administration Bowie State University - Bowie, MD 2012 to 2015 Skills C# (Less than 1 year), C (Less than 1 year), Css (Less than 1 year), Html (Less than 1 year), Java (Less than 1 year)","tokens":["Education","Bachelor","of","Science","in","Computer","Technology","in","Network","and","Systems","Administration","Bowie","State","University","-","Bowie,","MD","2012","to","2015","Skills","C#","(Less","than","1","year),","C","(Less","than","1","year),","Css","(Less","than","1","year),","Html","(Less","than","1","year),","Java","(Less","than","1","year)"],"metadata":[]}]],"labelerInfo":{"id":6814,"email":"cwilhel8@jh.edu","displayName":"Chris Wilhelm"},"labelSets":[{"name":"Resume Labels","index":0,"labelItems":[{"id":"Kj5U6n9NUqTXuWcB3c_7L","labelName":"College"},{"id":"rj7TW0-ymuRo6f_asXJab","labelName":"Company Name"},{"id":"SJEkdao76hjwbb6Fh5SY6","labelName":"Job Title"},{"id":"BjO8MdvK2KI4E5iMEeY4B","labelName":"Graduation Year"},{"id":"eS2knCRgLegeRw8bcmSWA","labelName":"Skill"},{"id":"IeEoIKabMl51BJE0gX2YL","labelName":"Degree"},{"id":"1R0C50AAwFbEp2O0WmRv6","labelName":"Location"},{"id":"zQcc4ygexJ_A3Gb0NeRTk","labelName":"Years of Experience"},{"id":"52S_6moRfhjC-yXgIBeCp","labelName":"Date"},{"id":"KiLarWmwlU1E3-FfdG6Qg","labelName":"Project"},{"id":"dyxKKTAxW1z5ifjPj42BI","labelName":"Name"}]}],"spanLabels":[],"arrowLabels":[],"boundingBoxLabels":[],"timeLabels":[],"comments":[],"url":"datasaur://static/6814/bf0b1e2c-6f84-4dc6-bd93-9cd7744fbc85.txt"}}
