{"version":"1","data":{"project":{"id":"ODBjYmQ2MDg","name":"NLP SSM Final Project"},"document":{"id":"878552bc-a777-4baa-94c4-dee4b251d549","name":"resume_1477_d1.txt"},"kinds":["TOKEN_BASED"],"rows":[[{"content":"FINANCE MANAGER","tokens":["FINANCE","MANAGER"],"metadata":[]}],[{"content":"FINANCE MANAGER Executive Profile Financial Manager focused on fostering trust and cultivating partnerships based on accountability and transparency.","tokens":["FINANCE","MANAGER","Executive","Profile","Financial","Manager","focused","on","fostering","trust","and","cultivating","partnerships","based","on","accountability","and","transparency."],"metadata":[]}],[{"content":"Analytical CPA skilled in financial and managerial accounting practices and procedures.","tokens":["Analytical","CPA","skilled","in","financial","and","managerial","accounting","practices","and","procedures."],"metadata":[]}],[{"content":"Skill Highlights Public and private accounting Income statement certified audits Knowledge of GAAP guidelines Contract negotiation Forward-thinking mindset Strong initiative Resourcefulness Core Accomplishments Formally recognized for excellence achieved in financial analysis, budgeting, and forecasting.","tokens":["Skill","Highlights","Public","and","private","accounting","Income","statement","certified","audits","Knowledge","of","GAAP","guidelines","Contract","negotiation","Forward-thinking","mindset","Strong","initiative","Resourcefulness","Core","Accomplishments","Formally","recognized","for","excellence","achieved","in","financial","analysis,","budgeting,","and","forecasting."],"metadata":[]}],[{"content":"Reduced office expenses by finding smarter solutions for vendors, suppliers, and services.","tokens":["Reduced","office","expenses","by","finding","smarter","solutions","for","vendors,","suppliers,","and","services."],"metadata":[]}],[{"content":"Professional Experience January 2012 to January 2012 Finance Manager","tokens":["Professional","Experience","January","2012","to","January","2012","Finance","Manager"],"metadata":[]}],[{"content":"Finance Manager OPG GroupOhioHealth is a nationally recognized healthcare system of 21,000 associates, physicians andvolunteers, 17 hospitals, 20 health and surgery centers, home-health providers, medical equipmentand health service suppliers throughout a 41 county area.","tokens":["Finance","Manager","OPG","GroupOhioHealth","is","a","nationally","recognized","healthcare","system","of","21,000","associates,","physicians","andvolunteers,","17","hospitals,","20","health","and","surgery","centers,","home-health","providers,","medical","equipmentand","health","service","suppliers","throughout","a","41","county","area."],"metadata":[]}],[{"content":"Facilitated monthly financial reporting and prepared monthly GAAP financial statements for two physician enterprises.","tokens":["Facilitated","monthly","financial","reporting","and","prepared","monthly","GAAP","financial","statements","for","two","physician","enterprises."],"metadata":[]}],[{"content":"Led the modeling, planning and execution of all financial processes.","tokens":["Led","the","modeling,","planning","and","execution","of","all","financial","processes."],"metadata":[]}],[{"content":"Analyzed complex regulation and policy documents that directly impacted budgetary and financial matters.","tokens":["Analyzed","complex","regulation","and","policy","documents","that","directly","impacted","budgetary","and","financial","matters."],"metadata":[]}],[{"content":"Created detailed financial models and analytical tools to facilitate variance analysis.","tokens":["Created","detailed","financial","models","and","analytical","tools","to","facilitate","variance","analysis."],"metadata":[]}],[{"content":"Collaborated extensively with auditors during preliminary and year-end audit processes.","tokens":["Collaborated","extensively","with","auditors","during","preliminary","and","year-end","audit","processes."],"metadata":[]}],[{"content":"Prepared Form 990 IRS return and Ohio State unclaimed funds reporting.","tokens":["Prepared","Form","990","IRS","return","and","Ohio","State","unclaimed","funds","reporting."],"metadata":[]}],[{"content":"Developed and implemented efficient accounting, financial and operational systems for OhioHealth Marion Area Physicians LLC and Healthworks LLC physician enterprises.","tokens":["Developed","and","implemented","efficient","accounting,","financial","and","operational","systems","for","OhioHealth","Marion","Area","Physicians","LLC","and","Healthworks","LLC","physician","enterprises."],"metadata":[]}],[{"content":"Process improvement and re-engineering of accounting procedures for net patient revenue accruals derived from EPIC electronic health records system; the physician practices business segments' implemented the first go-live system wide.","tokens":["Process","improvement","and","re-engineering","of","accounting","procedures","for","net","patient","revenue","accruals","derived","from","EPIC","electronic","health","records","system;","the","physician","practices","business","segments'","implemented","the","first","go-live","system","wide."],"metadata":[]}],[{"content":"Committee Chair for the Business Development and Acquisitions and the Training Policies and procedures Committees.","tokens":["Committee","Chair","for","the","Business","Development","and","Acquisitions","and","the","Training","Policies","and","procedures","Committees."],"metadata":[]}],[{"content":"Develop and implement the OhioHealth Physician Group's virtual electronic On-Boarding Training Tool.","tokens":["Develop","and","implement","the","OhioHealth","Physician","Group's","virtual","electronic","On-Boarding","Training","Tool."],"metadata":[]}],[{"content":"January 2003 to January 2004 State Supervising Auditor PWC is a multinational professional service firm with offices in 776 cities and employs over180,000 people","tokens":["January","2003","to","January","2004","State","Supervising","Auditor","PWC","is","a","multinational","professional","service","firm","with","offices","in","776","cities","and","employs","over180,000","people"],"metadata":[]}],[{"content":"Delivered quality service to top tier clients within the PWC Assurance and Business AdvisoryServices (ABAS) practice; this included supervising annual and financial risk assessment,planning, and analytical procedures","tokens":["Delivered","quality","service","to","top","tier","clients","within","the","PWC","Assurance","and","Business","AdvisoryServices","(ABAS)","practice;","this","included","supervising","annual","and","financial","risk","assessment,planning,","and","analytical","procedures"],"metadata":[]}],[{"content":"Assignments included large, high profile companies including the following: higher education(Columbia University), charities, foundations, social services organizations, with asset valueranging from $4,000,000,000 to $15,000,000,000","tokens":["Assignments","included","large,","high","profile","companies","including","the","following:","higher","education(Columbia","University),","charities,","foundations,","social","services","organizations,","with","asset","valueranging","from","$4,000,000,000","to","$15,000,000,000"],"metadata":[]}],[{"content":"Key responsibilities included a development of risk assessments and audit plans, supervisedengagements and staff of 3-5 direct reports Fostered relationships with clients January 1999 toLoeb & TroperJanuary 2003New York Supervising Senior AuditorLoeb & Troper is a top 20 regional firm that specializes in audit, tax and consulting needs of healthcare, not-for-profit and special needs organizations.","tokens":["Key","responsibilities","included","a","development","of","risk","assessments","and","audit","plans,","supervisedengagements","and","staff","of","3-5","direct","reports","Fostered","relationships","with","clients","January","1999","toLoeb","&","TroperJanuary","2003New","York","Supervising","Senior","AuditorLoeb","&","Troper","is","a","top","20","regional","firm","that","specializes","in","audit,","tax","and","consulting","needs","of","healthcare,","not-for-profit","and","special","needs","organizations."],"metadata":[]}],[{"content":"Prepare consolidated financial statements and corresponding footnotes for NonprofitHealthcare industries","tokens":["Prepare","consolidated","financial","statements","and","corresponding","footnotes","for","NonprofitHealthcare","industries"],"metadata":[]}],[{"content":"Supervised preparation of financial statement for: GAS (yellow-book), pension, OMB CircularA-133 compliance, and cost report, client size range from small ($1,000,000) to large($4,000,000,000) social services and health care organizationsCultivated management skills, including the ability to work with executive leadership team,developed staff (2-4 direct reports per project) managed (8-10) annual engagements frombudgets to billing, to completion, nurture client/firm relationships Develop audit findings andrecommendations regarding, internal control, and compliance regulations","tokens":["Supervised","preparation","of","financial","statement","for:","GAS","(yellow-book),","pension,","OMB","CircularA-133","compliance,","and","cost","report,","client","size","range","from","small","($1,000,000)","to","large($4,000,000,000)","social","services","and","health","care","organizationsCultivated","management","skills,","including","the","ability","to","work","with","executive","leadership","team,developed","staff","(2-4","direct","reports","per","project)","managed","(8-10)","annual","engagements","frombudgets","to","billing,","to","completion,","nurture","client/firm","relationships","Develop","audit","findings","andrecommendations","regarding,","internal","control,","and","compliance","regulations"],"metadata":[]}],[{"content":"Researched state and local IRS- related issues and accounting FASB, not-for-profit and health care industry reporting; and disclose requirementsConverted audit work papers into electronic worksheets which lead to firm-wide usewith 30% reduction in audit documentation","tokens":["Researched","state","and","local","IRS-","related","issues","and","accounting","FASB,","not-for-profit","and","health","care","industry","reporting;","and","disclose","requirementsConverted","audit","work","papers","into","electronic","worksheets","which","lead","to","firm-wide","usewith","30%","reduction","in","audit","documentation"],"metadata":[]}],[{"content":"Participate in the campus recruitment program; interviewed candidates for entry-levelpositions.","tokens":["Participate","in","the","campus","recruitment","program;","interviewed","candidates","for","entry-levelpositions."],"metadata":[]}],[{"content":"Company Name City , State Internal Auditor Planned and executed operational audits of various business units using risk-based audit methodology.","tokens":["Company","Name","City",",","State","Internal","Auditor","Planned","and","executed","operational","audits","of","various","business","units","using","risk-based","audit","methodology."],"metadata":[]}],[{"content":"Assist with the system development education and roll out Business Associate Agreement Policy","tokens":["Assist","with","the","system","development","education","and","roll","out","Business","Associate","Agreement","Policy"],"metadata":[]}],[{"content":"Develop recommendations for improvement and present reports to management; perform follow-up review on the status of implementation of recommendations: maintain workingrelationships with all levels of management across the organization","tokens":["Develop","recommendations","for","improvement","and","present","reports","to","management;","perform","follow-up","review","on","the","status","of","implementation","of","recommendations:","maintain","workingrelationships","with","all","levels","of","management","across","the","organization"],"metadata":[]}],[{"content":"Tested the design and effectiveness of internal controls by completing walk-throughs ofcomplex business processes","tokens":["Tested","the","design","and","effectiveness","of","internal","controls","by","completing","walk-throughs","ofcomplex","business","processes"],"metadata":[]}],[{"content":"Analyzed patient revenue and account receivable control procedures; including AR reservemodeling process and the calculation of net patient revenue","tokens":["Analyzed","patient","revenue","and","account","receivable","control","procedures;","including","AR","reservemodeling","process","and","the","calculation","of","net","patient","revenue"],"metadata":[]}],[{"content":"Recruited, retained and developed staff.","tokens":["Recruited,","retained","and","developed","staff."],"metadata":[]}],[{"content":"January 2006 toNew 42nd Street Inc","tokens":["January","2006","toNew","42nd","Street","Inc"],"metadata":[]}],[{"content":"January 2012.","tokens":["January","2012."],"metadata":[]}],[{"content":"Financial Controller The New 42nd Street, Inc. is the organization created by the city and the State of New York that oversees the redevelopment of seven historic theaters on 42nd Street with an annual operating budget of 13,000,000.","tokens":["Financial","Controller","The","New","42nd","Street,","Inc.","is","the","organization","created","by","the","city","and","the","State","of","New","York","that","oversees","the","redevelopment","of","seven","historic","theaters","on","42nd","Street","with","an","annual","operating","budget","of","13,000,000."],"metadata":[]}],[{"content":"The organization operates two of the seven theaters itself; The Victory Theater and Duke on 42nd Street Facilitated financial reporting and stewardship over this entertainment/real- estate organization's assets ($50,000,000) Managed accounting operations, accounting close, account reporting and reconciliations","tokens":["The","organization","operates","two","of","the","seven","theaters","itself;","The","Victory","Theater","and","Duke","on","42nd","Street","Facilitated","financial","reporting","and","stewardship","over","this","entertainment/real-","estate","organization's","assets","($50,000,000)","Managed","accounting","operations,","accounting","close,","account","reporting","and","reconciliations"],"metadata":[]}],[{"content":"Prepared organization's GAAP financial statements and Prepared financial andregulatory reports required by GAAP, laws, regulations or boards of directors Managed yearly financial audit process and relations with external auditor and served as backup for VP of Finance with human resources and benefits administration Managed a staff of three management, weekly deposits, payroll, AR, AP, inventory, credit card reconciliation, bank reconciliations, other balance sheet reconciliations, budget support, quarter end close process, and IRS compliance","tokens":["Prepared","organization's","GAAP","financial","statements","and","Prepared","financial","andregulatory","reports","required","by","GAAP,","laws,","regulations","or","boards","of","directors","Managed","yearly","financial","audit","process","and","relations","with","external","auditor","and","served","as","backup","for","VP","of","Finance","with","human","resources","and","benefits","administration","Managed","a","staff","of","three","management,","weekly","deposits,","payroll,","AR,","AP,","inventory,","credit","card","reconciliation,","bank","reconciliations,","other","balance","sheet","reconciliations,","budget","support,","quarter","end","close","process,","and","IRS","compliance"],"metadata":[]}],[{"content":"Planned, organized and directed the day-to-day finance department and quarterly and annual reporting process for government grants, and city contract compliance reporting","tokens":["Planned,","organized","and","directed","the","day-to-day","finance","department","and","quarterly","and","annual","reporting","process","for","government","grants,","and","city","contract","compliance","reporting"],"metadata":[]}],[{"content":"Enforced internal controls over general ledger processing and IRS compliance, andadvanced comprehensive written accounting procedures","tokens":["Enforced","internal","controls","over","general","ledger","processing","and","IRS","compliance,","andadvanced","comprehensive","written","accounting","procedures"],"metadata":[]}],[{"content":"Directly supervised finance staff of three direct reports including selection, training, andcoaching, responsible for performance evaluation, promotions, and disciplinary actions","tokens":["Directly","supervised","finance","staff","of","three","direct","reports","including","selection,","training,","andcoaching,","responsible","for","performance","evaluation,","promotions,","and","disciplinary","actions"],"metadata":[]}],[{"content":"Mentored and coached finance apprentices as a part of organization-wide apprenticesprogram.","tokens":["Mentored","and","coached","finance","apprentices","as","a","part","of","organization-wide","apprenticesprogram."],"metadata":[]}],[{"content":"Worked with management to document and offset unexpected expense and varified and identified opportunities to enhance interdepartmental communication Served as project manager for the accounting system (Financial Edge) conversion, and streamlined the quarter closing process- to improve efficiency and effectiveness for allfinancial reporting requirements","tokens":["Worked","with","management","to","document","and","offset","unexpected","expense","and","varified","and","identified","opportunities","to","enhance","interdepartmental","communication","Served","as","project","manager","for","the","accounting","system","(Financial","Edge)","conversion,","and","streamlined","the","quarter","closing","process-","to","improve","efficiency","and","effectiveness","for","allfinancial","reporting","requirements"],"metadata":[]}],[{"content":"Designed and worked with IT to develop general ledger interface with the general ledger(Financial Edge) during the company-wide system conversion and implementation of theTessitura Enterprise ticketing (patron information system","tokens":["Designed","and","worked","with","IT","to","develop","general","ledger","interface","with","the","general","ledger(Financial","Edge)","during","the","company-wide","system","conversion","and","implementation","of","theTessitura","Enterprise","ticketing","(patron","information","system"],"metadata":[]}],[{"content":"Served as project manager for payroll integration resulting in increased accuracy andaccountability within the processing workflow.","tokens":["Served","as","project","manager","for","payroll","integration","resulting","in","increased","accuracy","andaccountability","within","the","processing","workflow."],"metadata":[]}],[{"content":"As a result, processing time decreased by 50%.","tokens":["As","a","result,","processing","time","decreased","by","50%."],"metadata":[]}],[{"content":"January 2004 toColumbia UniversityJanuary 2006New York Internal AuditorColumbia University is a private Ivy League research university with ($13,000,000,000) in assets andover 31,922 employees.","tokens":["January","2004","toColumbia","UniversityJanuary","2006New","York","Internal","AuditorColumbia","University","is","a","private","Ivy","League","research","university","with","($13,000,000,000)","in","assets","andover","31,922","employees."],"metadata":[]}],[{"content":"Evaluated and contributed to the plan for improved risk management, control, and governanceprocesses within Columbia University","tokens":["Evaluated","and","contributed","to","the","plan","for","improved","risk","management,","control,","and","governanceprocesses","within","Columbia","University"],"metadata":[]}],[{"content":"Performed complex operational and financial audits to ensure compliance with legalrequirements and consistency with strategic plans Specialized in NCAA and Ivy Leaguecompliance audit, and fraud investigations: coordinated with Public Safety, General Counsel,and Human Resources","tokens":["Performed","complex","operational","and","financial","audits","to","ensure","compliance","with","legalrequirements","and","consistency","with","strategic","plans","Specialized","in","NCAA","and","Ivy","Leaguecompliance","audit,","and","fraud","investigations:","coordinated","with","Public","Safety,","General","Counsel,and","Human","Resources"],"metadata":[]}],[{"content":"Assisted management with establishing standard operating procedures, as well assetting up adequate governance processes that effectively preserve values, set goals, monitoractivity and performance, and define measures of accountability","tokens":["Assisted","management","with","establishing","standard","operating","procedures,","as","well","assetting","up","adequate","governance","processes","that","effectively","preserve","values,","set","goals,","monitoractivity","and","performance,","and","define","measures","of","accountability"],"metadata":[]}],[{"content":"Coordinated audit projects with external auditors, PricewaterhouseCoopers","tokens":["Coordinated","audit","projects","with","external","auditors,","PricewaterhouseCoopers"],"metadata":[]}],[{"content":"Lead meetings with key finance executives and audit team.","tokens":["Lead","meetings","with","key","finance","executives","and","audit","team."],"metadata":[]}],[{"content":"Education Keller Graduate School of ManagementBusiness Administration MBABusiness Administration","tokens":["Education","Keller","Graduate","School","of","ManagementBusiness","Administration","MBABusiness","Administration"],"metadata":[]}],[{"content":"Queens College, City University of New YorkAccounting B.AAccounting Certified Public Accountant (New York) License Chartered Global Management AccountantAmerican Institute of Certified Public Accountant 1 Skills accounting, Accountant, accounting system, accruals, Acquisitions, go-live, AP, AR, backup, balance sheet, bank reconciliations, benefits administration, billing, book, budgeting, budgets, budget, Business Development, business processes, cash management, closing, coaching, compliance audits, compliance audit, compliance reporting, consulting, conversion, Certified Public Accountant 1, Certified Public Accountant, credit, client, clients, documentation, Edge, electronic health records, external auditor, Finance, Financial, financial analysis, financial audits, financial audit, financial reporting, financial reporting requirements, Financial Statements, preparation of financial statement, funds, general ledger, government, grants, health care industry, home-health, HRIS, Human Resources, Internal Auditor, inventory, leadership, legal, Director, management skills, meetings, Excel, office, Microsoft Word, Modeling, Enterprise, payroll, payroll processing, Policies, presenting, processes, Process improvement, profit, Public Safety, quality, real-estate, recruitment, re-engineering, reporting, research, risk assessment, risk management, social services, strategic plans, Supervising, surgery, tax, variance analysis, workflow, written, year-end","tokens":["Queens","College,","City","University","of","New","YorkAccounting","B.AAccounting","Certified","Public","Accountant","(New","York)","License","Chartered","Global","Management","AccountantAmerican","Institute","of","Certified","Public","Accountant","1","Skills","accounting,","Accountant,","accounting","system,","accruals,","Acquisitions,","go-live,","AP,","AR,","backup,","balance","sheet,","bank","reconciliations,","benefits","administration,","billing,","book,","budgeting,","budgets,","budget,","Business","Development,","business","processes,","cash","management,","closing,","coaching,","compliance","audits,","compliance","audit,","compliance","reporting,","consulting,","conversion,","Certified","Public","Accountant","1,","Certified","Public","Accountant,","credit,","client,","clients,","documentation,","Edge,","electronic","health","records,","external","auditor,","Finance,","Financial,","financial","analysis,","financial","audits,","financial","audit,","financial","reporting,","financial","reporting","requirements,","Financial","Statements,","preparation","of","financial","statement,","funds,","general","ledger,","government,","grants,","health","care","industry,","home-health,","HRIS,","Human","Resources,","Internal","Auditor,","inventory,","leadership,","legal,","Director,","management","skills,","meetings,","Excel,","office,","Microsoft","Word,","Modeling,","Enterprise,","payroll,","payroll","processing,","Policies,","presenting,","processes,","Process","improvement,","profit,","Public","Safety,","quality,","real-estate,","recruitment,","re-engineering,","reporting,","research,","risk","assessment,","risk","management,","social","services,","strategic","plans,","Supervising,","surgery,","tax,","variance","analysis,","workflow,","written,","year-end"],"metadata":[]}]],"labelerInfo":{"id":6814,"email":"cwilhel8@jh.edu","displayName":"Chris Wilhelm"},"labelSets":[{"name":"Resume Labels","index":0,"labelItems":[{"id":"Kj5U6n9NUqTXuWcB3c_7L","labelName":"College"},{"id":"rj7TW0-ymuRo6f_asXJab","labelName":"Company Name"},{"id":"SJEkdao76hjwbb6Fh5SY6","labelName":"Job Title"},{"id":"BjO8MdvK2KI4E5iMEeY4B","labelName":"Graduation Year"},{"id":"eS2knCRgLegeRw8bcmSWA","labelName":"Skill"},{"id":"IeEoIKabMl51BJE0gX2YL","labelName":"Degree"},{"id":"1R0C50AAwFbEp2O0WmRv6","labelName":"Location"},{"id":"zQcc4ygexJ_A3Gb0NeRTk","labelName":"Years of Experience"},{"id":"52S_6moRfhjC-yXgIBeCp","labelName":"Date"},{"id":"KiLarWmwlU1E3-FfdG6Qg","labelName":"Project"},{"id":"dyxKKTAxW1z5ifjPj42BI","labelName":"Name"}]}],"spanLabels":[],"arrowLabels":[],"boundingBoxLabels":[],"timeLabels":[],"comments":[],"url":"datasaur://static/6814/878552bc-a777-4baa-94c4-dee4b251d549.txt"}}
