{"version":"1","data":{"project":{"id":"ODBjYmQ2MDg","name":"NLP SSM Final Project"},"document":{"id":"290c63ae-0c9d-466e-831b-3c53591f3892","name":"resume_4892_d2.txt"},"kinds":["TOKEN_BASED"],"rows":[[{"content":"IT Security Analyst IT Security Analyst IT Security Analyst - Motivon Inc Woodbridge, VA A self-motivated and analytic person with excellent communication skills who combines professionalism and great interpersonal skills to accomplish the mission.","tokens":["IT","Security","Analyst","IT","Security","Analyst","IT","Security","Analyst","-","Motivon","Inc","Woodbridge,","VA","A","self-motivated","and","analytic","person","with","excellent","communication","skills","who","combines","professionalism","and","great","interpersonal","skills","to","accomplish","the","mission."],"metadata":[]}],[{"content":"Significant experience in developing business and marketing strategies as well as training programs.","tokens":["Significant","experience","in","developing","business","and","marketing","strategies","as","well","as","training","programs."],"metadata":[]}],[{"content":"Able to motivate, lead, and work with a team in IT Security.","tokens":["Able","to","motivate,","lead,","and","work","with","a","team","in","IT","Security."],"metadata":[]}],[{"content":"Seeking to utilize background and experience within a progressive and responsible position.","tokens":["Seeking","to","utilize","background","and","experience","within","a","progressive","and","responsible","position."],"metadata":[]}],[{"content":"Work Experience IT Security Analyst Motivon Inc - Chicago, IL June 2016 to Present Reviews and when needed, updates SAR, SSP, CP & POA&M Works with business process owners to ensure timely identification and remediation of jointly owned risk related issues and action plans (POA&M) Utilizes processes within the Security Assessment and Authorization (A&A) environment such as system security categorization, development of security and contingency plans, security testing and evaluation, system accreditation and continuous monitoring.","tokens":["Work","Experience","IT","Security","Analyst","Motivon","Inc","-","Chicago,","IL","June","2016","to","Present","Reviews","and","when","needed,","updates","SAR,","SSP,","CP","&","POA&M","Works","with","business","process","owners","to","ensure","timely","identification","and","remediation","of","jointly","owned","risk","related","issues","and","action","plans","(POA&M)","Utilizes","processes","within","the","Security","Assessment","and","Authorization","(A&A)","environment","such","as","system","security","categorization,","development","of","security","and","contingency","plans,","security","testing","and","evaluation,","system","accreditation","and","continuous","monitoring."],"metadata":[]}],[{"content":"Advices and applies current computer science technologies and Information Assurance (IA) requirements to the analysis, design, development, evaluation, and integration of computer/communication systems and networks to maintain an acceptable system security posture throughout the lifecycle of multiple national level mission system.","tokens":["Advices","and","applies","current","computer","science","technologies","and","Information","Assurance","(IA)","requirements","to","the","analysis,","design,","development,","evaluation,","and","integration","of","computer/communication","systems","and","networks","to","maintain","an","acceptable","system","security","posture","throughout","the","lifecycle","of","multiple","national","level","mission","system."],"metadata":[]}],[{"content":"Manually reviews logs and provides documentation guidelines to business process owners and management Reviews System Security Plan (SSP) and conduct Security Assessment Report (SAR).","tokens":["Manually","reviews","logs","and","provides","documentation","guidelines","to","business","process","owners","and","management","Reviews","System","Security","Plan","(SSP)","and","conduct","Security","Assessment","Report","(SAR)."],"metadata":[]}],[{"content":"Reviews Clients processes relating to Vulnerability Mitigation, Training on C & A (A&A) Tools.","tokens":["Reviews","Clients","processes","relating","to","Vulnerability","Mitigation,","Training","on","C","&","A","(A&A)","Tools."],"metadata":[]}],[{"content":"NIST publications 800-18 SSP, 800-30, 800-37, 800-53, 800-53A, 800-53R4 and 800-60 Works with business process owners to ensure timely identification and remediation of jointly owned risk related issues and action plans.","tokens":["NIST","publications","800-18","SSP,","800-30,","800-37,","800-53,","800-53A,","800-53R4","and","800-60","Works","with","business","process","owners","to","ensure","timely","identification","and","remediation","of","jointly","owned","risk","related","issues","and","action","plans."],"metadata":[]}],[{"content":"Provides Support for System Testing and Evaluation (ST&E) IT Security Analyst SGB INC.","tokens":["Provides","Support","for","System","Testing","and","Evaluation","(ST&E)","IT","Security","Analyst","SGB","INC."],"metadata":[]}],[{"content":"INFORMATION ASSURANCE/PROTECTION February 2016 to April 2016 Conducts Security Risk Assessment and documents Key Controls.","tokens":["INFORMATION","ASSURANCE/PROTECTION","February","2016","to","April","2016","Conducts","Security","Risk","Assessment","and","documents","Key","Controls."],"metadata":[]}],[{"content":"Determines security controls effectiveness (i.e., controls implemented correctly, operating as intended, and meeting security requirements).","tokens":["Determines","security","controls","effectiveness","(i.e.,","controls","implemented","correctly,","operating","as","intended,","and","meeting","security","requirements)."],"metadata":[]}],[{"content":"Conducts risk assessments regularly; ensures measures raised in assessments are implemented in accordance with risk profile, and root-causes of risks were fully addressed following NIST 800-30 and NIST 800-37.","tokens":["Conducts","risk","assessments","regularly;","ensures","measures","raised","in","assessments","are","implemented","in","accordance","with","risk","profile,","and","root-causes","of","risks","were","fully","addressed","following","NIST","800-30","and","NIST","800-37."],"metadata":[]}],[{"content":"Performs on-site security testing using vulnerability scanning tools such as Nessus management Contributes to initiating FISMA metrics such as Annual Testing, POA&M Management, and Program Management.","tokens":["Performs","on-site","security","testing","using","vulnerability","scanning","tools","such","as","Nessus","management","Contributes","to","initiating","FISMA","metrics","such","as","Annual","Testing,","POA&M","Management,","and","Program","Management."],"metadata":[]}],[{"content":"Monitoring customer account information, data and implementing security measures to control cyber information.","tokens":["Monitoring","customer","account","information,","data","and","implementing","security","measures","to","control","cyber","information."],"metadata":[]}],[{"content":"Negotiate with the ISSM to administer ATO's Serves on a team of information security professionals in the development of security policies, procedures, and security certification & accreditation (C&A) packages for a variety of commercial and government activities worldwide.","tokens":["Negotiate","with","the","ISSM","to","administer","ATO's","Serves","on","a","team","of","information","security","professionals","in","the","development","of","security","policies,","procedures,","and","security","certification","&","accreditation","(C&A)","packages","for","a","variety","of","commercial","and","government","activities","worldwide."],"metadata":[]}],[{"content":"Develops A&A security packages and documents in accordance with Information Assurance Controls Education BACHELOR'S in SOCIAL SCIENCE K N University of science and Technology 2003 Chartered Institute of Accountants certificate in business and industrial Administration Kumasi Polytechnic, Chartered Institute of Bankers Skills Excel Certifications/Licenses CompTIA Security+ Scrum Master CAP Certificaton \"in proress\"","tokens":["Develops","A&A","security","packages","and","documents","in","accordance","with","Information","Assurance","Controls","Education","BACHELOR'S","in","SOCIAL","SCIENCE","K","N","University","of","science","and","Technology","2003","Chartered","Institute","of","Accountants","certificate","in","business","and","industrial","Administration","Kumasi","Polytechnic,","Chartered","Institute","of","Bankers","Skills","Excel","Certifications/Licenses","CompTIA","Security+","Scrum","Master","CAP","Certificaton","\"in","proress\""],"metadata":[]}]],"labelerInfo":{"id":6814,"email":"cwilhel8@jh.edu","displayName":"Chris Wilhelm"},"labelSets":[{"name":"Resume Labels","index":0,"labelItems":[{"id":"Kj5U6n9NUqTXuWcB3c_7L","labelName":"College"},{"id":"rj7TW0-ymuRo6f_asXJab","labelName":"Company Name"},{"id":"SJEkdao76hjwbb6Fh5SY6","labelName":"Job Title"},{"id":"BjO8MdvK2KI4E5iMEeY4B","labelName":"Graduation Year"},{"id":"eS2knCRgLegeRw8bcmSWA","labelName":"Skill"},{"id":"IeEoIKabMl51BJE0gX2YL","labelName":"Degree"},{"id":"1R0C50AAwFbEp2O0WmRv6","labelName":"Location"},{"id":"zQcc4ygexJ_A3Gb0NeRTk","labelName":"Years of Experience"},{"id":"52S_6moRfhjC-yXgIBeCp","labelName":"Date"},{"id":"KiLarWmwlU1E3-FfdG6Qg","labelName":"Project"},{"id":"dyxKKTAxW1z5ifjPj42BI","labelName":"Name"}]}],"spanLabels":[],"arrowLabels":[],"boundingBoxLabels":[],"timeLabels":[],"comments":[],"url":"datasaur://static/6814/290c63ae-0c9d-466e-831b-3c53591f3892.txt"}}
