{"version":"1","data":{"project":{"id":"ODBjYmQ2MDg","name":"NLP SSM Final Project"},"document":{"id":"92c42a2d-8523-43bb-af0e-7a1c6ef053f1","name":"resume_2198_d2.txt"},"kinds":["TOKEN_BASED"],"rows":[[{"content":"Full Stack java Developer Full Stack java Developer Dallas, TX Authorized to work in the US for any employer Work Experience Full Stack java Developer February 2013 to February 2017 Education Master's in Signal and information processing Tianjin university of technology and education - Tianjin September 2009 to September 2012 Bachelor's in Electrical and electronics technology Adama university - Adama September 2006 to September 2009 Skills Matlab, C++, Visual Basic, Java, Protel DXP","tokens":["Full","Stack","java","Developer","Full","Stack","java","Developer","Dallas,","TX","Authorized","to","work","in","the","US","for","any","employer","Work","Experience","Full","Stack","java","Developer","February","2013","to","February","2017","Education","Master's","in","Signal","and","information","processing","Tianjin","university","of","technology","and","education","-","Tianjin","September","2009","to","September","2012","Bachelor's","in","Electrical","and","electronics","technology","Adama","university","-","Adama","September","2006","to","September","2009","Skills","Matlab,","C++,","Visual","Basic,","Java,","Protel","DXP"],"metadata":[]}]],"labelerInfo":{"id":6814,"email":"cwilhel8@jh.edu","displayName":"Chris Wilhelm"},"labelSets":[{"name":"Resume Labels","index":0,"labelItems":[{"id":"Kj5U6n9NUqTXuWcB3c_7L","labelName":"College"},{"id":"rj7TW0-ymuRo6f_asXJab","labelName":"Company Name"},{"id":"SJEkdao76hjwbb6Fh5SY6","labelName":"Job Title"},{"id":"BjO8MdvK2KI4E5iMEeY4B","labelName":"Graduation Year"},{"id":"eS2knCRgLegeRw8bcmSWA","labelName":"Skill"},{"id":"IeEoIKabMl51BJE0gX2YL","labelName":"Degree"},{"id":"1R0C50AAwFbEp2O0WmRv6","labelName":"Location"},{"id":"zQcc4ygexJ_A3Gb0NeRTk","labelName":"Years of Experience"},{"id":"52S_6moRfhjC-yXgIBeCp","labelName":"Date"},{"id":"KiLarWmwlU1E3-FfdG6Qg","labelName":"Project"},{"id":"dyxKKTAxW1z5ifjPj42BI","labelName":"Name"}]}],"spanLabels":[],"arrowLabels":[],"boundingBoxLabels":[],"timeLabels":[],"comments":[],"url":"datasaur://static/6814/92c42a2d-8523-43bb-af0e-7a1c6ef053f1.txt"}}
