{"version":"1","data":{"project":{"id":"ODBjYmQ2MDg","name":"NLP SSM Final Project"},"document":{"id":"9d2bb685-64b1-4e95-aab1-906eb71f3b45","name":"resume_501_d1.txt"},"kinds":["TOKEN_BASED"],"rows":[[{"content":"CUSTOMER SERVICE ADVOCATE Summary Talented Customer Service manager skilled at balancing customer needs and company demands.","tokens":["CUSTOMER","SERVICE","ADVOCATE","Summary","Talented","Customer","Service","manager","skilled","at","balancing","customer","needs","and","company","demands."],"metadata":[]}],[{"content":"Effectively builds","tokens":["Effectively","builds"],"metadata":[]}],[{"content":"loyalty and long-term relationships with customers while achieving all individual sales goals.","tokens":["loyalty","and","long-term","relationships","with","customers","while","achieving","all","individual","sales","goals."],"metadata":[]}],[{"content":"A sales manager skilled in","tokens":["A","sales","manager","skilled","in"],"metadata":[]}],[{"content":"exceeding sales goals and company expectations by expanding client base and maintaining high standards of customer","tokens":["exceeding","sales","goals","and","company","expectations","by","expanding","client","base","and","maintaining","high","standards","of","customer"],"metadata":[]}],[{"content":"service.","tokens":["service."],"metadata":[]}],[{"content":"Skills Superb sales professional Store planning and design","tokens":["Skills","Superb","sales","professional","Store","planning","and","design"],"metadata":[]}],[{"content":"Strong communication skills Detail-oriented","tokens":["Strong","communication","skills","Detail-oriented"],"metadata":[]}],[{"content":"Personnel training and development Time management","tokens":["Personnel","training","and","development","Time","management"],"metadata":[]}],[{"content":"Proficient in MS Office Accomplishments Awarded annual merit increases during the first 15 years of employment.","tokens":["Proficient","in","MS","Office","Accomplishments","Awarded","annual","merit","increases","during","the","first","15","years","of","employment."],"metadata":[]}],[{"content":"Consistently exceeded daily sales targets with","tokens":["Consistently","exceeded","daily","sales","targets","with"],"metadata":[]}],[{"content":"an average of 5000+ in sales each day.","tokens":["an","average","of","5000+","in","sales","each","day."],"metadata":[]}],[{"content":"Managed a successful sales team of 20 members who consistently exceeded","tokens":["Managed","a","successful","sales","team","of","20","members","who","consistently","exceeded"],"metadata":[]}],[{"content":"sales goals by 80% each month.","tokens":["sales","goals","by","80%","each","month."],"metadata":[]}],[{"content":"Successfully managed $1.4 million in merchandise per day.","tokens":["Successfully","managed","$1.4","million","in","merchandise","per","day."],"metadata":[]}],[{"content":"Fulfilled all supervisory","tokens":["Fulfilled","all","supervisory"],"metadata":[]}],[{"content":"duties when Store Manager was on vacation.","tokens":["duties","when","Store","Manager","was","on","vacation."],"metadata":[]}],[{"content":"Interviewed applicants and successfully staffed any vacancies throughout","tokens":["Interviewed","applicants","and","successfully","staffed","any","vacancies","throughout"],"metadata":[]}],[{"content":"store, focusing primarily on assigned areas.","tokens":["store,","focusing","primarily","on","assigned","areas."],"metadata":[]}],[{"content":"Routinely helped as many as 20 customers each day in a high-volume retail","tokens":["Routinely","helped","as","many","as","20","customers","each","day","in","a","high-volume","retail"],"metadata":[]}],[{"content":"outlet.","tokens":["outlet."],"metadata":[]}],[{"content":"Promoted to Call Center lead within 6 months of employment.","tokens":["Promoted","to","Call","Center","lead","within","6","months","of","employment."],"metadata":[]}],[{"content":"Experience 03/2015 to 10/2016 Customer Service Advocate Company Name － City , State Addressed customer service inquiries in a timely and accurate fashion.","tokens":["Experience","03/2015","to","10/2016","Customer","Service","Advocate","Company","Name","－","City",",","State","Addressed","customer","service","inquiries","in","a","timely","and","accurate","fashion."],"metadata":[]}],[{"content":"Maintained up-to-date records at all times.","tokens":["Maintained","up-to-date","records","at","all","times."],"metadata":[]}],[{"content":"Provided accurate and appropriate information in response to customer inquiries.","tokens":["Provided","accurate","and","appropriate","information","in","response","to","customer","inquiries."],"metadata":[]}],[{"content":"Demonstrated mastery of customer service call script within specified timeframes.","tokens":["Demonstrated","mastery","of","customer","service","call","script","within","specified","timeframes."],"metadata":[]}],[{"content":"10/1995 to 02/2014 Sales Manager Company Name － City , State Delivered excellent customer service by greeting and assisting each customer","tokens":["10/1995","to","02/2014","Sales","Manager","Company","Name","－","City",",","State","Delivered","excellent","customer","service","by","greeting","and","assisting","each","customer"],"metadata":[]}],[{"content":"Addressed customer inquiries and","tokens":["Addressed","customer","inquiries","and"],"metadata":[]}],[{"content":"resolved complaints","tokens":["resolved","complaints"],"metadata":[]}],[{"content":"Design and implemented customer satisfaction metrics","tokens":["Design","and","implemented","customer","satisfaction","metrics"],"metadata":[]}],[{"content":"Completed weekly schedules according to","tokens":["Completed","weekly","schedules","according","to"],"metadata":[]}],[{"content":"payroll policies","tokens":["payroll","policies"],"metadata":[]}],[{"content":"Trained all new managers on store procedures and policies","tokens":["Trained","all","new","managers","on","store","procedures","and","policies"],"metadata":[]}],[{"content":"Trained staff to deliver outstanding","tokens":["Trained","staff","to","deliver","outstanding"],"metadata":[]}],[{"content":"customer service","tokens":["customer","service"],"metadata":[]}],[{"content":"Contributed to merchandising ideas at team sale meetings","tokens":["Contributed","to","merchandising","ideas","at","team","sale","meetings"],"metadata":[]}],[{"content":"Reorganized the sales floor to meet","tokens":["Reorganized","the","sales","floor","to","meet"],"metadata":[]}],[{"content":"company demands","tokens":["company","demands"],"metadata":[]}],[{"content":"Stocked and restocked inventory when shipments were received","tokens":["Stocked","and","restocked","inventory","when","shipments","were","received"],"metadata":[]}],[{"content":"Received and processed cash and","tokens":["Received","and","processed","cash","and"],"metadata":[]}],[{"content":"credit payments for in-store purchases","tokens":["credit","payments","for","in-store","purchases"],"metadata":[]}],[{"content":"Opened and closed the store, including counting cash, opening and closing cash","tokens":["Opened","and","closed","the","store,","including","counting","cash,","opening","and","closing","cash"],"metadata":[]}],[{"content":"registers and creating staff assignments","tokens":["registers","and","creating","staff","assignments"],"metadata":[]}],[{"content":"Worked as a team member to provide the highest level of service to","tokens":["Worked","as","a","team","member","to","provide","the","highest","level","of","service","to"],"metadata":[]}],[{"content":"customers","tokens":["customers"],"metadata":[]}],[{"content":"Maintained friendly and professional customer interactions","tokens":["Maintained","friendly","and","professional","customer","interactions"],"metadata":[]}],[{"content":"Verified that all merchandising standards were","tokens":["Verified","that","all","merchandising","standards","were"],"metadata":[]}],[{"content":"maintained on a daily basis","tokens":["maintained","on","a","daily","basis"],"metadata":[]}],[{"content":"Demonstrated that customers come first by serving them with a sense of urgency","tokens":["Demonstrated","that","customers","come","first","by","serving","them","with","a","sense","of","urgency"],"metadata":[]}],[{"content":"Shared","tokens":["Shared"],"metadata":[]}],[{"content":"product knowledge with customers while making personal recommendations","tokens":["product","knowledge","with","customers","while","making","personal","recommendations"],"metadata":[]}],[{"content":"Recommended and helped customers","tokens":["Recommended","and","helped","customers"],"metadata":[]}],[{"content":"select merchandise based on their needs.","tokens":["select","merchandise","based","on","their","needs."],"metadata":[]}],[{"content":"Resolved customer complaints by exchanging merchandise, refunding money","tokens":["Resolved","customer","complaints","by","exchanging","merchandise,","refunding","money"],"metadata":[]}],[{"content":"and adjusting bills.","tokens":["and","adjusting","bills."],"metadata":[]}],[{"content":"Served as liaison between customers, store personnel and various store departments","tokens":["Served","as","liaison","between","customers,","store","personnel","and","various","store","departments"],"metadata":[]}],[{"content":"Informed","tokens":["Informed"],"metadata":[]}],[{"content":"customers about sales and promotions in a friendly and engaging manner","tokens":["customers","about","sales","and","promotions","in","a","friendly","and","engaging","manner"],"metadata":[]}],[{"content":"Trained new employees on company customer","tokens":["Trained","new","employees","on","company","customer"],"metadata":[]}],[{"content":"service policies and service level standards","tokens":["service","policies","and","service","level","standards"],"metadata":[]}],[{"content":"Managed wide variety of customer service and administrative tasks to","tokens":["Managed","wide","variety","of","customer","service","and","administrative","tasks","to"],"metadata":[]}],[{"content":"resolve customer issues quickly and efficiently.","tokens":["resolve","customer","issues","quickly","and","efficiently."],"metadata":[]}],[{"content":"Hired and trained all sales staff for new store location.","tokens":["Hired","and","trained","all","sales","staff","for","new","store","location."],"metadata":[]}],[{"content":"Trained in","tokens":["Trained","in"],"metadata":[]}],[{"content":"negotiations and time management.","tokens":["negotiations","and","time","management."],"metadata":[]}],[{"content":"Determined staff promotions and demotions and terminated employees when","tokens":["Determined","staff","promotions","and","demotions","and","terminated","employees","when"],"metadata":[]}],[{"content":"necessary.","tokens":["necessary."],"metadata":[]}],[{"content":"Addressed and corrected sales staff communication issues in a tactful and effective manner.","tokens":["Addressed","and","corrected","sales","staff","communication","issues","in","a","tactful","and","effective","manner."],"metadata":[]}],[{"content":"Directed and","tokens":["Directed","and"],"metadata":[]}],[{"content":"supervised employees engaged in sales, inventory taking and reconciling cash receipts.","tokens":["supervised","employees","engaged","in","sales,","inventory","taking","and","reconciling","cash","receipts."],"metadata":[]}],[{"content":"Worked closely with the district","tokens":["Worked","closely","with","the","district"],"metadata":[]}],[{"content":"manager to formulate and build the store brand.","tokens":["manager","to","formulate","and","build","the","store","brand."],"metadata":[]}],[{"content":"Helped determine movement/placement of incoming merchandise.","tokens":["Helped","determine","movement/placement","of","incoming","merchandise."],"metadata":[]}],[{"content":"Designed displays to make the store experience interactive and engaging.","tokens":["Designed","displays","to","make","the","store","experience","interactive","and","engaging."],"metadata":[]}],[{"content":"Displayed the appropriate signage for","tokens":["Displayed","the","appropriate","signage","for"],"metadata":[]}],[{"content":"products and sales promotions.","tokens":["products","and","sales","promotions."],"metadata":[]}],[{"content":"Arranged items in favorable positions and areas of the store for optimal sales.","tokens":["Arranged","items","in","favorable","positions","and","areas","of","the","store","for","optimal","sales."],"metadata":[]}],[{"content":"Established and maintained proper high traffic displays, resulting in increased sales.","tokens":["Established","and","maintained","proper","high","traffic","displays,","resulting","in","increased","sales."],"metadata":[]}],[{"content":"Conducted staff meetings with","tokens":["Conducted","staff","meetings","with"],"metadata":[]}],[{"content":"sales personnel to introduce new merchandise.","tokens":["sales","personnel","to","introduce","new","merchandise."],"metadata":[]}],[{"content":"Researched current and past business performance using on-line","tokens":["Researched","current","and","past","business","performance","using","on-line"],"metadata":[]}],[{"content":"systems and available reports.","tokens":["systems","and","available","reports."],"metadata":[]}],[{"content":"Effectively communicated and coordinated execution of the plano-gram with store","tokens":["Effectively","communicated","and","coordinated","execution","of","the","plano-gram","with","store"],"metadata":[]}],[{"content":"management.","tokens":["management."],"metadata":[]}],[{"content":"11/1990 to 08/1995 Sales Manager Company Name － City , State Managed a $30,000 monthly sales portfolio","tokens":["11/1990","to","08/1995","Sales","Manager","Company","Name","－","City",",","State","Managed","a","$30,000","monthly","sales","portfolio"],"metadata":[]}],[{"content":"Served as liaison between customers, store personnel and various store","tokens":["Served","as","liaison","between","customers,","store","personnel","and","various","store"],"metadata":[]}],[{"content":"departments.","tokens":["departments."],"metadata":[]}],[{"content":"Answered customers' questions and addressed problems and complaints in person and via phone.","tokens":["Answered","customers'","questions","and","addressed","problems","and","complaints","in","person","and","via","phone."],"metadata":[]}],[{"content":"Exercises sound judgment in issuing credits and making exceptions to customer policies to maintain high levels of","tokens":["Exercises","sound","judgment","in","issuing","credits","and","making","exceptions","to","customer","policies","to","maintain","high","levels","of"],"metadata":[]}],[{"content":"customer satisfaction.","tokens":["customer","satisfaction."],"metadata":[]}],[{"content":"Maintained friendly and professional customer interactions.","tokens":["Maintained","friendly","and","professional","customer","interactions."],"metadata":[]}],[{"content":"Trained new employees on company","tokens":["Trained","new","employees","on","company"],"metadata":[]}],[{"content":"customer service policies and service level standards.","tokens":["customer","service","policies","and","service","level","standards."],"metadata":[]}],[{"content":"Managed sales staff of 6 members.","tokens":["Managed","sales","staff","of","6","members."],"metadata":[]}],[{"content":"Delivered excellent customer","tokens":["Delivered","excellent","customer"],"metadata":[]}],[{"content":"service by greeting and assisting each customer.","tokens":["service","by","greeting","and","assisting","each","customer."],"metadata":[]}],[{"content":"Contributed to merchandising ideas at team sale meetings.","tokens":["Contributed","to","merchandising","ideas","at","team","sale","meetings."],"metadata":[]}],[{"content":"Directed","tokens":["Directed"],"metadata":[]}],[{"content":"and supervised employees engaged in sales, inventory-taking and reconciling cash receipts.","tokens":["and","supervised","employees","engaged","in","sales,","inventory-taking","and","reconciling","cash","receipts."],"metadata":[]}],[{"content":"Determined staff","tokens":["Determined","staff"],"metadata":[]}],[{"content":"promotions and demotions, and terminated employees when necessary.","tokens":["promotions","and","demotions,","and","terminated","employees","when","necessary."],"metadata":[]}],[{"content":"Designed displays to make the store experience","tokens":["Designed","displays","to","make","the","store","experience"],"metadata":[]}],[{"content":"interactive and engaging.","tokens":["interactive","and","engaging."],"metadata":[]}],[{"content":"Displayed the appropriate signage for products and sales promotions.","tokens":["Displayed","the","appropriate","signage","for","products","and","sales","promotions."],"metadata":[]}],[{"content":"Effectively","tokens":["Effectively"],"metadata":[]}],[{"content":"communicated and coordinated execution of the plano-gram with store management.","tokens":["communicated","and","coordinated","execution","of","the","plano-gram","with","store","management."],"metadata":[]}],[{"content":"07/1986 to 08/1990 Data Entry operator Company Name － City , State Verified and logged in deadlines for responding to daily inquiries","tokens":["07/1986","to","08/1990","Data","Entry","operator","Company","Name","－","City",",","State","Verified","and","logged","in","deadlines","for","responding","to","daily","inquiries"],"metadata":[]}],[{"content":"Assisted with payroll preparation and entered data into","tokens":["Assisted","with","payroll","preparation","and","entered","data","into"],"metadata":[]}],[{"content":"cumulative payroll document","tokens":["cumulative","payroll","document"],"metadata":[]}],[{"content":"Verified that information in the computer system was up-to-date and accurate.","tokens":["Verified","that","information","in","the","computer","system","was","up-to-date","and","accurate."],"metadata":[]}],[{"content":"Promoted","tokens":["Promoted"],"metadata":[]}],[{"content":"positive customer and associate relations through courtesy, service and professional appearance.","tokens":["positive","customer","and","associate","relations","through","courtesy,","service","and","professional","appearance."],"metadata":[]}],[{"content":"09/1985 to 10/1986 Loan Servicing Representative Company Name － City , State Collected customer feedback and made process changes to exceed customer satisfaction goals","tokens":["09/1985","to","10/1986","Loan","Servicing","Representative","Company","Name","－","City",",","State","Collected","customer","feedback","and","made","process","changes","to","exceed","customer","satisfaction","goals"],"metadata":[]}],[{"content":"Provided accurate and","tokens":["Provided","accurate","and"],"metadata":[]}],[{"content":"appropriate information in response to customer inquiries","tokens":["appropriate","information","in","response","to","customer","inquiries"],"metadata":[]}],[{"content":"Provided accurate and appropriate information in response to","tokens":["Provided","accurate","and","appropriate","information","in","response","to"],"metadata":[]}],[{"content":"customer inquiries","tokens":["customer","inquiries"],"metadata":[]}],[{"content":"Addressed customer service inquiries in a timely and accurate fashion","tokens":["Addressed","customer","service","inquiries","in","a","timely","and","accurate","fashion"],"metadata":[]}],[{"content":"Assisted with the development","tokens":["Assisted","with","the","development"],"metadata":[]}],[{"content":"of the call center's operations, quality and training processes","tokens":["of","the","call","center's","operations,","quality","and","training","processes"],"metadata":[]}],[{"content":"Led a team of customer service representatives to","tokens":["Led","a","team","of","customer","service","representatives","to"],"metadata":[]}],[{"content":"increase service center profitability.","tokens":["increase","service","center","profitability."],"metadata":[]}],[{"content":"Education and Training 1983 High School Diploma : General-Business William Penn Vo-tech － City , State , USA General-Business Communications Morgan State University － City , State , USA 1984 - 1985 Skills administrative, call center, cash receipts, cash","tokens":["Education","and","Training","1983","High","School","Diploma",":","General-Business","William","Penn","Vo-tech","－","City",",","State",",","USA","General-Business","Communications","Morgan","State","University","－","City",",","State",",","USA","1984","-","1985","Skills","administrative,","call","center,","cash","receipts,","cash"],"metadata":[]}],[{"content":"registers, closing, Strong communication skills, credit, customer satisfaction, customer","tokens":["registers,","closing,","Strong","communication","skills,","credit,","customer","satisfaction,","customer"],"metadata":[]}],[{"content":"service, excellent customer service, excellent customer","tokens":["service,","excellent","customer","service,","excellent","customer"],"metadata":[]}],[{"content":"service, customer service, Detail-oriented, fashion, inventory, meetings, merchandising, money, MS Office, negotiations, payroll, personnel, Personnel training, policies, processes, quality, reconciling, sales, sound, store management, store","tokens":["service,","customer","service,","Detail-oriented,","fashion,","inventory,","meetings,","merchandising,","money,","MS","Office,","negotiations,","payroll,","personnel,","Personnel","training,","policies,","processes,","quality,","reconciling,","sales,","sound,","store","management,","store"],"metadata":[]}],[{"content":"management, phone, Time management","tokens":["management,","phone,","Time","management"],"metadata":[]}]],"labelerInfo":{"id":6814,"email":"cwilhel8@jh.edu","displayName":"Chris Wilhelm"},"labelSets":[{"name":"Resume Labels","index":0,"labelItems":[{"id":"Kj5U6n9NUqTXuWcB3c_7L","labelName":"College"},{"id":"rj7TW0-ymuRo6f_asXJab","labelName":"Company Name"},{"id":"SJEkdao76hjwbb6Fh5SY6","labelName":"Job Title"},{"id":"BjO8MdvK2KI4E5iMEeY4B","labelName":"Graduation Year"},{"id":"eS2knCRgLegeRw8bcmSWA","labelName":"Skill"},{"id":"IeEoIKabMl51BJE0gX2YL","labelName":"Degree"},{"id":"1R0C50AAwFbEp2O0WmRv6","labelName":"Location"},{"id":"zQcc4ygexJ_A3Gb0NeRTk","labelName":"Years of Experience"},{"id":"52S_6moRfhjC-yXgIBeCp","labelName":"Date"},{"id":"KiLarWmwlU1E3-FfdG6Qg","labelName":"Project"},{"id":"dyxKKTAxW1z5ifjPj42BI","labelName":"Name"}]}],"spanLabels":[],"arrowLabels":[],"boundingBoxLabels":[],"timeLabels":[],"comments":[],"url":"datasaur://static/6814/9d2bb685-64b1-4e95-aab1-906eb71f3b45.txt"}}
