{"version":"1","data":{"project":{"id":"ODBjYmQ2MDg","name":"NLP SSM Final Project"},"document":{"id":"6aae88e2-2303-4f71-b287-9c458e75b7ce","name":"resume_5839_d2.txt"},"kinds":["TOKEN_BASED"],"rows":[[{"content":"Network/System Administrator Network/System Administrator Network/System Administrator Lyndhurst, NJ Work Experience Network/System Administrator Star International Med - Medicine / Health - Bucharest, RO February 2017 to June 2019 - Managing and maintaining IT infrastructure - Servers configuration: BIND, Apache, Mail, Mysql, VPN - Managed Linux and Windows servers, workstations, computers, laptops, printers, routers, switches and existing network applications - Manages security and integrity protocols of systems according to standards - Configures new servers, programs, applications and other network resources - Administering security alerts and daily/weekly Data Backups - Logfile Analysis - Monitor network traffic, identify and isolate attempts of unauthorized access - Development of web hosting platform - E-mail-Postfix-Dovecot, Virus Scanner RealTimeScan, Opendkim, SPF, DNS Zones - Ensuring the performance and security of LAN and WAN - Bandwidth Monitoring - Ensure maximum systems uptime - routine/preventative maintenance tasks - Designing and implementing computer networks - Establish and implement policies and procedures for using IT networks - Creating and developing online presence - Creating websites - Design and implementation - E-commerce - Installation and maintenance of SSL Tunnels, SSL Certificates - Active Directory / DHCP / DNS - Windows Server - Linux - Centos, RedHat - Proxy - AWS - Cloud Computing - Vmware, Hyper-V - Microsoft Office - Web Telecom - Network and Data Security.","tokens":["Network/System","Administrator","Network/System","Administrator","Network/System","Administrator","Lyndhurst,","NJ","Work","Experience","Network/System","Administrator","Star","International","Med","-","Medicine","/","Health","-","Bucharest,","RO","February","2017","to","June","2019","-","Managing","and","maintaining","IT","infrastructure","-","Servers","configuration:","BIND,","Apache,","Mail,","Mysql,","VPN","-","Managed","Linux","and","Windows","servers,","workstations,","computers,","laptops,","printers,","routers,","switches","and","existing","network","applications","-","Manages","security","and","integrity","protocols","of","systems","according","to","standards","-","Configures","new","servers,","programs,","applications","and","other","network","resources","-","Administering","security","alerts","and","daily/weekly","Data","Backups","-","Logfile","Analysis","-","Monitor","network","traffic,","identify","and","isolate","attempts","of","unauthorized","access","-","Development","of","web","hosting","platform","-","E-mail-Postfix-Dovecot,","Virus","Scanner","RealTimeScan,","Opendkim,","SPF,","DNS","Zones","-","Ensuring","the","performance","and","security","of","LAN","and","WAN","-","Bandwidth","Monitoring","-","Ensure","maximum","systems","uptime","-","routine/preventative","maintenance","tasks","-","Designing","and","implementing","computer","networks","-","Establish","and","implement","policies","and","procedures","for","using","IT","networks","-","Creating","and","developing","online","presence","-","Creating","websites","-","Design","and","implementation","-","E-commerce","-","Installation","and","maintenance","of","SSL","Tunnels,","SSL","Certificates","-","Active","Directory","/","DHCP","/","DNS","-","Windows","Server","-","Linux","-","Centos,","RedHat","-","Proxy","-","AWS","-","Cloud","Computing","-","Vmware,","Hyper-V","-","Microsoft","Office","-","Web","Telecom","-","Network","and","Data","Security."],"metadata":[]}],[{"content":"Hardening, Prevention, Monitoring Network/System Administrator - Web Development Biadi Investment - IT / Telecom - Bucharest, RO November 2015 to February 2017 - Development: Hosting, E-mail, DNS - Installation and maintenance of servers - Linux - Centos, RedHat - E-commerce - Web Telecom - Implements and maintains security strategies - Ensure maximum systems uptime - routine/preventative maintenance tasks - DHCP Server, DNS Server, Proxy Server, VPN Server, FTP Server, SSH Server Network/System Administrator Ian Ghinness.com 2011 to August 2015 - Managed servers, workstations, computers and existing network applications - Manages security and integrity protocols of systems according to standards - Configures new servers, programs, applications and other network resources - Administering security alerts and weekly data backups - Conducted periodic performance tests on existing servers - Productivity Improvement - Database Design and Management - Configuration: BIND, Apache, Mail, Mysql - Active Directory / DHCP / DNS - Windows Server - Linux - Centos, RedHat - Virtualization Infrastructure Network/System Administrator - Web Development ModernCM - Architecture - Bucharest, RO May 2007 to August 2010 Responsible for the overall management of the web project - development, implementation and maintenance.","tokens":["Hardening,","Prevention,","Monitoring","Network/System","Administrator","-","Web","Development","Biadi","Investment","-","IT","/","Telecom","-","Bucharest,","RO","November","2015","to","February","2017","-","Development:","Hosting,","E-mail,","DNS","-","Installation","and","maintenance","of","servers","-","Linux","-","Centos,","RedHat","-","E-commerce","-","Web","Telecom","-","Implements","and","maintains","security","strategies","-","Ensure","maximum","systems","uptime","-","routine/preventative","maintenance","tasks","-","DHCP","Server,","DNS","Server,","Proxy","Server,","VPN","Server,","FTP","Server,","SSH","Server","Network/System","Administrator","Ian","Ghinness.com","2011","to","August","2015","-","Managed","servers,","workstations,","computers","and","existing","network","applications","-","Manages","security","and","integrity","protocols","of","systems","according","to","standards","-","Configures","new","servers,","programs,","applications","and","other","network","resources","-","Administering","security","alerts","and","weekly","data","backups","-","Conducted","periodic","performance","tests","on","existing","servers","-","Productivity","Improvement","-","Database","Design","and","Management","-","Configuration:","BIND,","Apache,","Mail,","Mysql","-","Active","Directory","/","DHCP","/","DNS","-","Windows","Server","-","Linux","-","Centos,","RedHat","-","Virtualization","Infrastructure","Network/System","Administrator","-","Web","Development","ModernCM","-","Architecture","-","Bucharest,","RO","May","2007","to","August","2010","Responsible","for","the","overall","management","of","the","web","project","-","development,","implementation","and","maintenance."],"metadata":[]}],[{"content":"- Maintenance of the infrastructure.","tokens":["-","Maintenance","of","the","infrastructure."],"metadata":[]}],[{"content":"- Creating websites - Upgraded servers and hardware to meet new standards.","tokens":["-","Creating","websites","-","Upgraded","servers","and","hardware","to","meet","new","standards."],"metadata":[]}],[{"content":"- Hosting platform development, E-mail, DNS - Responsible for design and implementation - Visual identity development Network/System Administrator - Web Development Maff Holding - Bucharest, RO March 2007 to April 2008 - Developing and designing new web interfaces, models and graphics.","tokens":["-","Hosting","platform","development,","E-mail,","DNS","-","Responsible","for","design","and","implementation","-","Visual","identity","development","Network/System","Administrator","-","Web","Development","Maff","Holding","-","Bucharest,","RO","March","2007","to","April","2008","-","Developing","and","designing","new","web","interfaces,","models","and","graphics."],"metadata":[]}],[{"content":"- Creating and designing sites for sales and demonstration purposes.","tokens":["-","Creating","and","designing","sites","for","sales","and","demonstration","purposes."],"metadata":[]}],[{"content":"- Responsible for design and implementation - Maintenance of the infrastructure.","tokens":["-","Responsible","for","design","and","implementation","-","Maintenance","of","the","infrastructure."],"metadata":[]}],[{"content":"- Upgraded servers and hardware to meet new standards.","tokens":["-","Upgraded","servers","and","hardware","to","meet","new","standards."],"metadata":[]}],[{"content":"- Development of web hosting platform, E-mail, DNS - Responsible for design and implementation Network/System Administrator GIS - IT Manamement - Queens, NY January 2004 to November 2006 - Web Telecom - SMS Services - IVR and Call Center - Daily Managing and maintaining IT infrastructure - Configuration of Linux servers - Centos, RedHat servers - Systems, Network and Data Security.","tokens":["-","Development","of","web","hosting","platform,","E-mail,","DNS","-","Responsible","for","design","and","implementation","Network/System","Administrator","GIS","-","IT","Manamement","-","Queens,","NY","January","2004","to","November","2006","-","Web","Telecom","-","SMS","Services","-","IVR","and","Call","Center","-","Daily","Managing","and","maintaining","IT","infrastructure","-","Configuration","of","Linux","servers","-","Centos,","RedHat","servers","-","Systems,","Network","and","Data","Security."],"metadata":[]}],[{"content":"Hardening, Prevention, Monitoring Education Management Academy of Economic Studies - Bucharest, RO 2017 Management International Tourism and Management Institute Bucharest 1998 High school Bucharest 1996 Skills Confident, Time management, Technical Support, Active Directory, Windows, Networking, Javascript, Microsoft Office, Linux/RedHat/CentOS, Security, Customer Service, Windows 7, Vmware Additional Information SKILLS Communication Ability to Work Under Pressure Decision Making Time Management Self-motivation Adaptability, Teamwork, Creativity Confident, polite and patient Willingness and ability to quickly learn new technologies","tokens":["Hardening,","Prevention,","Monitoring","Education","Management","Academy","of","Economic","Studies","-","Bucharest,","RO","2017","Management","International","Tourism","and","Management","Institute","Bucharest","1998","High","school","Bucharest","1996","Skills","Confident,","Time","management,","Technical","Support,","Active","Directory,","Windows,","Networking,","Javascript,","Microsoft","Office,","Linux/RedHat/CentOS,","Security,","Customer","Service,","Windows","7,","Vmware","Additional","Information","SKILLS","Communication","Ability","to","Work","Under","Pressure","Decision","Making","Time","Management","Self-motivation","Adaptability,","Teamwork,","Creativity","Confident,","polite","and","patient","Willingness","and","ability","to","quickly","learn","new","technologies"],"metadata":[]}]],"labelerInfo":{"id":6814,"email":"cwilhel8@jh.edu","displayName":"Chris Wilhelm"},"labelSets":[{"name":"Resume Labels","index":0,"labelItems":[{"id":"Kj5U6n9NUqTXuWcB3c_7L","labelName":"College"},{"id":"rj7TW0-ymuRo6f_asXJab","labelName":"Company Name"},{"id":"SJEkdao76hjwbb6Fh5SY6","labelName":"Job Title"},{"id":"BjO8MdvK2KI4E5iMEeY4B","labelName":"Graduation Year"},{"id":"eS2knCRgLegeRw8bcmSWA","labelName":"Skill"},{"id":"IeEoIKabMl51BJE0gX2YL","labelName":"Degree"},{"id":"1R0C50AAwFbEp2O0WmRv6","labelName":"Location"},{"id":"zQcc4ygexJ_A3Gb0NeRTk","labelName":"Years of Experience"},{"id":"52S_6moRfhjC-yXgIBeCp","labelName":"Date"},{"id":"KiLarWmwlU1E3-FfdG6Qg","labelName":"Project"},{"id":"dyxKKTAxW1z5ifjPj42BI","labelName":"Name"}]}],"spanLabels":[],"arrowLabels":[],"boundingBoxLabels":[],"timeLabels":[],"comments":[],"url":"datasaur://static/6814/6aae88e2-2303-4f71-b287-9c458e75b7ce.txt"}}
