{"version":"1","data":{"project":{"id":"ODBjYmQ2MDg","name":"NLP SSM Final Project"},"document":{"id":"fca87687-021e-45bb-b0c6-acf4327cbf32","name":"resume_7133_d2.txt"},"kinds":["TOKEN_BASED"],"rows":[[{"content":"Retail and Customer Service Retail and Customer Service Retail and Customer Service Troy, NY Offering skills in client management, data entry, help desk, and advertising, eager to leverage in a customer service position.","tokens":["Retail","and","Customer","Service","Retail","and","Customer","Service","Retail","and","Customer","Service","Troy,","NY","Offering","skills","in","client","management,","data","entry,","help","desk,","and","advertising,","eager","to","leverage","in","a","customer","service","position."],"metadata":[]}],[{"content":"Exceptional communication and organizational skills.","tokens":["Exceptional","communication","and","organizational","skills."],"metadata":[]}],[{"content":"Regularly goes above and beyond to ensure customer satisfaction.","tokens":["Regularly","goes","above","and","beyond","to","ensure","customer","satisfaction."],"metadata":[]}],[{"content":"Work Experience Retail and Customer Service Davis Vision Insurance - Latham, NY 2015 to 2018 Successfully resolved client problems with web navigation and insurance benefits Utilized internal ticketing systems to log information Provided accurate information to clients about plans and processes to secure customer satisfaction Reviewed customer records to ensure changes were facilitated and adjusted where appropriate Powerhouse Gym - Yonkers, NY 2014 to 2015 Built relationships with new customers, matched and exceeded sales goals regularly Managed customer subscriptions and accounts ensuring accuracy Used patience and approved exceptions to deal with significant customer concerns Provided accurate information to clients about plans, pricing, and hours of operation Web Developer Servicebyte LLC - Ossining, NY October 2013 to 2015 Worked with clients on development of websites including areas of design, hosting, and function Troubleshot problems and provided timely feedback to resolve complaints Kept up-to-date records of all conversations and transactions ensuring accuracy Served as lead developer on projects to produce websites and promotional designs Performed research and analytics on websites for visitor data, coding practices, and design trends Freelance Work June 2012 to 2015 Built relationships with clients and developed loyalty Went above and beyond to accommodate requests Provided input and expertise to assist selection in the design process Education Bachelor of Science in the Visual Arts in databases SUNY Purchase College - Purchase, NY June 2012 Skills HTML, PHP, CSS, jQuery Additional Information TECHNICAL SKILLS HTML, CSS, JS, JQuery, PHP","tokens":["Work","Experience","Retail","and","Customer","Service","Davis","Vision","Insurance","-","Latham,","NY","2015","to","2018","Successfully","resolved","client","problems","with","web","navigation","and","insurance","benefits","Utilized","internal","ticketing","systems","to","log","information","Provided","accurate","information","to","clients","about","plans","and","processes","to","secure","customer","satisfaction","Reviewed","customer","records","to","ensure","changes","were","facilitated","and","adjusted","where","appropriate","Powerhouse","Gym","-","Yonkers,","NY","2014","to","2015","Built","relationships","with","new","customers,","matched","and","exceeded","sales","goals","regularly","Managed","customer","subscriptions","and","accounts","ensuring","accuracy","Used","patience","and","approved","exceptions","to","deal","with","significant","customer","concerns","Provided","accurate","information","to","clients","about","plans,","pricing,","and","hours","of","operation","Web","Developer","Servicebyte","LLC","-","Ossining,","NY","October","2013","to","2015","Worked","with","clients","on","development","of","websites","including","areas","of","design,","hosting,","and","function","Troubleshot","problems","and","provided","timely","feedback","to","resolve","complaints","Kept","up-to-date","records","of","all","conversations","and","transactions","ensuring","accuracy","Served","as","lead","developer","on","projects","to","produce","websites","and","promotional","designs","Performed","research","and","analytics","on","websites","for","visitor","data,","coding","practices,","and","design","trends","Freelance","Work","June","2012","to","2015","Built","relationships","with","clients","and","developed","loyalty","Went","above","and","beyond","to","accommodate","requests","Provided","input","and","expertise","to","assist","selection","in","the","design","process","Education","Bachelor","of","Science","in","the","Visual","Arts","in","databases","SUNY","Purchase","College","-","Purchase,","NY","June","2012","Skills","HTML,","PHP,","CSS,","jQuery","Additional","Information","TECHNICAL","SKILLS","HTML,","CSS,","JS,","JQuery,","PHP"],"metadata":[]}]],"labelerInfo":{"id":6814,"email":"cwilhel8@jh.edu","displayName":"Chris Wilhelm"},"labelSets":[{"name":"Resume Labels","index":0,"labelItems":[{"id":"Kj5U6n9NUqTXuWcB3c_7L","labelName":"College"},{"id":"rj7TW0-ymuRo6f_asXJab","labelName":"Company Name"},{"id":"SJEkdao76hjwbb6Fh5SY6","labelName":"Job Title"},{"id":"BjO8MdvK2KI4E5iMEeY4B","labelName":"Graduation Year"},{"id":"eS2knCRgLegeRw8bcmSWA","labelName":"Skill"},{"id":"IeEoIKabMl51BJE0gX2YL","labelName":"Degree"},{"id":"1R0C50AAwFbEp2O0WmRv6","labelName":"Location"},{"id":"zQcc4ygexJ_A3Gb0NeRTk","labelName":"Years of Experience"},{"id":"52S_6moRfhjC-yXgIBeCp","labelName":"Date"},{"id":"KiLarWmwlU1E3-FfdG6Qg","labelName":"Project"},{"id":"dyxKKTAxW1z5ifjPj42BI","labelName":"Name"}]}],"spanLabels":[],"arrowLabels":[],"boundingBoxLabels":[],"timeLabels":[],"comments":[],"url":"datasaur://static/6814/fca87687-021e-45bb-b0c6-acf4327cbf32.txt"}}
