{"version":"1","data":{"project":{"id":"ODBjYmQ2MDg","name":"NLP SSM Final Project"},"document":{"id":"57f94be1-99b6-4f09-9bfe-e50cafc91c2a","name":"resume_6214_d2.txt"},"kinds":["TOKEN_BASED"],"rows":[[{"content":"Systems Administrator Systems Administrator Systems Administrator Annville, PA ?","tokens":["Systems","Administrator","Systems","Administrator","Systems","Administrator","Annville,","PA","?"],"metadata":[]}],[{"content":"Successful Systems Administrator with 22+ years experience in system administration in environments that have consisted of multiple operating divisions, remote facilities and multiple data centers ?","tokens":["Successful","Systems","Administrator","with","22+","years","experience","in","system","administration","in","environments","that","have","consisted","of","multiple","operating","divisions,","remote","facilities","and","multiple","data","centers","?"],"metadata":[]}],[{"content":"Effective communicator at all levels and across functional teams with focus on meeting the needs of the business, customers and end users ?","tokens":["Effective","communicator","at","all","levels","and","across","functional","teams","with","focus","on","meeting","the","needs","of","the","business,","customers","and","end","users","?"],"metadata":[]}],[{"content":"Accustomed to fast pace with shifting priorities and multiple concurrent projects ?","tokens":["Accustomed","to","fast","pace","with","shifting","priorities","and","multiple","concurrent","projects","?"],"metadata":[]}],[{"content":"Highly analytical with excellent problem solving skills ?","tokens":["Highly","analytical","with","excellent","problem","solving","skills","?"],"metadata":[]}],[{"content":"Self-motivated leader with attention to detail ?","tokens":["Self-motivated","leader","with","attention","to","detail","?"],"metadata":[]}],[{"content":"Adaptive to changing business demands with forward thinking to implement creative solutions Authorized to work in the US for any employer Work Experience Systems Administrator E & E Technical Consultants Inc - Harrisburg, PA April 2019 to Present Administration, operation and support of critical compute infrastructure","tokens":["Adaptive","to","changing","business","demands","with","forward","thinking","to","implement","creative","solutions","Authorized","to","work","in","the","US","for","any","employer","Work","Experience","Systems","Administrator","E","&","E","Technical","Consultants","Inc","-","Harrisburg,","PA","April","2019","to","Present","Administration,","operation","and","support","of","critical","compute","infrastructure"],"metadata":[]}],[{"content":"Design, develop, and implement application infrastructure to provide reliable and scalable applications and systems to meet the organizations objectives and requirements.","tokens":["Design,","develop,","and","implement","application","infrastructure","to","provide","reliable","and","scalable","applications","and","systems","to","meet","the","organizations","objectives","and","requirements."],"metadata":[]}],[{"content":"Windows Server deployment, configuration and administration; Installing and configuring hardware and software.","tokens":["Windows","Server","deployment,","configuration","and","administration;","Installing","and","configuring","hardware","and","software."],"metadata":[]}],[{"content":"Implement and maintain monitoring utilities and software for fault management, performance and log analysis & actively respond to system issues and outages in a timely manner.","tokens":["Implement","and","maintain","monitoring","utilities","and","software","for","fault","management,","performance","and","log","analysis","&","actively","respond","to","system","issues","and","outages","in","a","timely","manner."],"metadata":[]}],[{"content":"Works with third party hosting facilities, vendors and contractors providing compute services in support ofdelivery center systems, including mission critical systems.","tokens":["Works","with","third","party","hosting","facilities,","vendors","and","contractors","providing","compute","services","in","support","ofdelivery","center","systems,","including","mission","critical","systems."],"metadata":[]}],[{"content":"Assist in architecting, planning and implementing compute needs in third party hosted facilities.","tokens":["Assist","in","architecting,","planning","and","implementing","compute","needs","in","third","party","hosted","facilities."],"metadata":[]}],[{"content":"Involved in the planning and design of complex compute configurations including all hardware and software necessary for system operation and functionality and prepares design plans and specificationsfor acquisition and implementation according to established standards.","tokens":["Involved","in","the","planning","and","design","of","complex","compute","configurations","including","all","hardware","and","software","necessary","for","system","operation","and","functionality","and","prepares","design","plans","and","specificationsfor","acquisition","and","implementation","according","to","established","standards."],"metadata":[]}],[{"content":"Handle service desk tickets.","tokens":["Handle","service","desk","tickets."],"metadata":[]}],[{"content":"Create and maintain system documentation.","tokens":["Create","and","maintain","system","documentation."],"metadata":[]}],[{"content":"Systems supported include: VMWare, SQL Server, Windows Server 2008/2012/2016/2019, ServiceNow, Microsoft Security Center Operations Manager (SCOM), Skype, vRealize.","tokens":["Systems","supported","include:","VMWare,","SQL","Server,","Windows","Server","2008/2012/2016/2019,","ServiceNow,","Microsoft","Security","Center","Operations","Manager","(SCOM),","Skype,","vRealize."],"metadata":[]}],[{"content":"Key Achievements: ?","tokens":["Key","Achievements:","?"],"metadata":[]}],[{"content":"Created new standardized dashboards for each department in Microsoft SCOM.","tokens":["Created","new","standardized","dashboards","for","each","department","in","Microsoft","SCOM."],"metadata":[]}],[{"content":"?","tokens":["?"],"metadata":[]}],[{"content":"Added monitoring of Routers, Switches, UPS, and Web Application Services.","tokens":["Added","monitoring","of","Routers,","Switches,","UPS,","and","Web","Application","Services."],"metadata":[]}],[{"content":"?","tokens":["?"],"metadata":[]}],[{"content":"Updated firmware/drivers on 77 branch servers.","tokens":["Updated","firmware/drivers","on","77","branch","servers."],"metadata":[]}],[{"content":"?","tokens":["?"],"metadata":[]}],[{"content":"Patched and updated VMWare templates and VMs.","tokens":["Patched","and","updated","VMWare","templates","and","VMs."],"metadata":[]}],[{"content":"?","tokens":["?"],"metadata":[]}],[{"content":"Created scripting to automate and audit VM upgrades.","tokens":["Created","scripting","to","automate","and","audit","VM","upgrades."],"metadata":[]}],[{"content":"Systems Administrator Stephenson Equipment Inc - Harrisburg, PA December 2016 to February 2019 Chart the IT direction of the company.","tokens":["Systems","Administrator","Stephenson","Equipment","Inc","-","Harrisburg,","PA","December","2016","to","February","2019","Chart","the","IT","direction","of","the","company."],"metadata":[]}],[{"content":"Manage all IT and Telecomm Systems.","tokens":["Manage","all","IT","and","Telecomm","Systems."],"metadata":[]}],[{"content":"In charge of all IT staff.","tokens":["In","charge","of","all","IT","staff."],"metadata":[]}],[{"content":"Responsible for uptime, and creating failover of systems.","tokens":["Responsible","for","uptime,","and","creating","failover","of","systems."],"metadata":[]}],[{"content":"Maintain and created reports in Microsoft SQL Server Reporting Services to fulfill business requirements.","tokens":["Maintain","and","created","reports","in","Microsoft","SQL","Server","Reporting","Services","to","fulfill","business","requirements."],"metadata":[]}],[{"content":"Purchase and track all licenses and equipment.","tokens":["Purchase","and","track","all","licenses","and","equipment."],"metadata":[]}],[{"content":"Provide support for end users.","tokens":["Provide","support","for","end","users."],"metadata":[]}],[{"content":"Create documentation and procedures.","tokens":["Create","documentation","and","procedures."],"metadata":[]}],[{"content":"In charge of user administration and backups.","tokens":["In","charge","of","user","administration","and","backups."],"metadata":[]}],[{"content":"Systems supported include: Exchange, VMWare, Barracuda Email and Spam Gateway, Citrix, Vipre, SQL Server, Foresight, Cisco Call Manager, Cisco Unity, Bridge Operator, Cisco Routers & Switches, Meraki Routers Switches & Access Points, Unitrends, Panopta, ACT!, EBS, LogMeIn, Carbonite, Windows Server, SAN, Laptops, PC, and cell phones.","tokens":["Systems","supported","include:","Exchange,","VMWare,","Barracuda","Email","and","Spam","Gateway,","Citrix,","Vipre,","SQL","Server,","Foresight,","Cisco","Call","Manager,","Cisco","Unity,","Bridge","Operator,","Cisco","Routers","&","Switches,","Meraki","Routers","Switches","&","Access","Points,","Unitrends,","Panopta,","ACT!,","EBS,","LogMeIn,","Carbonite,","Windows","Server,","SAN,","Laptops,","PC,","and","cell","phones."],"metadata":[]}],[{"content":"Key Achievements: ?","tokens":["Key","Achievements:","?"],"metadata":[]}],[{"content":"Orchestrated an upgrade of both Core and SAN switches to 10G w/ Dual Switches for Failover.","tokens":["Orchestrated","an","upgrade","of","both","Core","and","SAN","switches","to","10G","w/","Dual","Switches","for","Failover."],"metadata":[]}],[{"content":"?","tokens":["?"],"metadata":[]}],[{"content":"Orchestrated failover routing for VOIP Phones ?","tokens":["Orchestrated","failover","routing","for","VOIP","Phones","?"],"metadata":[]}],[{"content":"Created Failover for Radius, VPN, DNS ?","tokens":["Created","Failover","for","Radius,","VPN,","DNS","?"],"metadata":[]}],[{"content":"Upgraded data circuits and implemented backups circuits for multi-state and multi-site connections.","tokens":["Upgraded","data","circuits","and","implemented","backups","circuits","for","multi-state","and","multi-site","connections."],"metadata":[]}],[{"content":"?","tokens":["?"],"metadata":[]}],[{"content":"Upgraded voice circuits from T1 to Ethernet for multi-state and multi-site connections.","tokens":["Upgraded","voice","circuits","from","T1","to","Ethernet","for","multi-state","and","multi-site","connections."],"metadata":[]}],[{"content":"?","tokens":["?"],"metadata":[]}],[{"content":"Increased backup retention and added cloud based DRaaS.","tokens":["Increased","backup","retention","and","added","cloud","based","DRaaS."],"metadata":[]}],[{"content":"?","tokens":["?"],"metadata":[]}],[{"content":"Orchestrated an upgrade from a single SQL server to a SQL Cluster.","tokens":["Orchestrated","an","upgrade","from","a","single","SQL","server","to","a","SQL","Cluster."],"metadata":[]}],[{"content":"?","tokens":["?"],"metadata":[]}],[{"content":"Orchestrated an upgrade of the Exchange server and added a backup DAG server.","tokens":["Orchestrated","an","upgrade","of","the","Exchange","server","and","added","a","backup","DAG","server."],"metadata":[]}],[{"content":"?","tokens":["?"],"metadata":[]}],[{"content":"Upgraded Citrix from a single server to multiple server Citrix Farm ?","tokens":["Upgraded","Citrix","from","a","single","server","to","multiple","server","Citrix","Farm","?"],"metadata":[]}],[{"content":"Upgraded SAN to a Dell Compellant increasing both storage and speed.","tokens":["Upgraded","SAN","to","a","Dell","Compellant","increasing","both","storage","and","speed."],"metadata":[]}],[{"content":"?","tokens":["?"],"metadata":[]}],[{"content":"Connected Walsh Equipment Inc and Stephenson Equipment Inc's networks together.","tokens":["Connected","Walsh","Equipment","Inc","and","Stephenson","Equipment","Inc's","networks","together."],"metadata":[]}],[{"content":"?","tokens":["?"],"metadata":[]}],[{"content":"Increased Uptime of UPS ?","tokens":["Increased","Uptime","of","UPS","?"],"metadata":[]}],[{"content":"Implemented network monitoring.","tokens":["Implemented","network","monitoring."],"metadata":[]}],[{"content":"?","tokens":["?"],"metadata":[]}],[{"content":"Upgraded CRM software Act!","tokens":["Upgraded","CRM","software","Act!"],"metadata":[]}],[{"content":"to current version and rolled out to Sales ?","tokens":["to","current","version","and","rolled","out","to","Sales","?"],"metadata":[]}],[{"content":"Orchestrated VMware upgrade ?","tokens":["Orchestrated","VMware","upgrade","?"],"metadata":[]}],[{"content":"Successfully relocated multiple site locations to other locations.","tokens":["Successfully","relocated","multiple","site","locations","to","other","locations."],"metadata":[]}],[{"content":"PC Analyst New Penn Motor Express - Lebanon, PA February 1997 to November 2016 Support a fast paced next day delivery trucking company with many locations.","tokens":["PC","Analyst","New","Penn","Motor","Express","-","Lebanon,","PA","February","1997","to","November","2016","Support","a","fast","paced","next","day","delivery","trucking","company","with","many","locations."],"metadata":[]}],[{"content":"Provide support for help desk, network, PC, server, Citrix.","tokens":["Provide","support","for","help","desk,","network,","PC,","server,","Citrix."],"metadata":[]}],[{"content":"Establish and maintain relations with vendors and service providers for equipment and software.","tokens":["Establish","and","maintain","relations","with","vendors","and","service","providers","for","equipment","and","software."],"metadata":[]}],[{"content":"Manage inventory from procurement, asset tracking, and licensing.","tokens":["Manage","inventory","from","procurement,","asset","tracking,","and","licensing."],"metadata":[]}],[{"content":"Install end user equipment.","tokens":["Install","end","user","equipment."],"metadata":[]}],[{"content":"Manage warranty and support renewals.","tokens":["Manage","warranty","and","support","renewals."],"metadata":[]}],[{"content":"Maintain handheld computers for drivers.","tokens":["Maintain","handheld","computers","for","drivers."],"metadata":[]}],[{"content":"Support forklift scales and scanners for Weights & Inspections.","tokens":["Support","forklift","scales","and","scanners","for","Weights","&","Inspections."],"metadata":[]}],[{"content":"Create documents and procedures.","tokens":["Create","documents","and","procedures."],"metadata":[]}],[{"content":"In charge of user administration and backups.","tokens":["In","charge","of","user","administration","and","backups."],"metadata":[]}],[{"content":"Key Achievements: ","tokens":["Key","Achievements:"],"metadata":[]}],[{"content":"Multiple Laptop and PC rollouts ","tokens":["Multiple","Laptop","and","PC","rollouts"],"metadata":[]}],[{"content":"Citrix Migration of 2016","tokens":["Citrix","Migration","of","2016"],"metadata":[]}],[{"content":"Migrated users to iGel UD2 and Wyse 3030 thin client devices.","tokens":["Migrated","users","to","iGel","UD2","and","Wyse","3030","thin","client","devices."],"metadata":[]}],[{"content":"","tokens":[""],"metadata":[]}],[{"content":"Service cost control for Mobile Handhelds","tokens":["Service","cost","control","for","Mobile","Handhelds"],"metadata":[]}],[{"content":"Reduced repair costs 18% with a 4 week turnaround","tokens":["Reduced","repair","costs","18%","with","a","4","week","turnaround"],"metadata":[]}],[{"content":"Further reduced repair costs 32% and sped up the turnaround to 2 weeks","tokens":["Further","reduced","repair","costs","32%","and","sped","up","the","turnaround","to","2","weeks"],"metadata":[]}],[{"content":"Finally, reduced repair costs 24% and sped up repair costs to 2 days","tokens":["Finally,","reduced","repair","costs","24%","and","sped","up","repair","costs","to","2","days"],"metadata":[]}],[{"content":"This comes to a $2,850 per month cost savings.","tokens":["This","comes","to","a","$2,850","per","month","cost","savings."],"metadata":[]}],[{"content":"","tokens":[""],"metadata":[]}],[{"content":"Secured a National Contract with Avery Weigh-Tronix to service the forklift scales and cut support costs.","tokens":["Secured","a","National","Contract","with","Avery","Weigh-Tronix","to","service","the","forklift","scales","and","cut","support","costs."],"metadata":[]}],[{"content":"","tokens":[""],"metadata":[]}],[{"content":"Replaced backup solutions several times","tokens":["Replaced","backup","solutions","several","times"],"metadata":[]}],[{"content":"Migrated to ARCserve IT on Novell","tokens":["Migrated","to","ARCserve","IT","on","Novell"],"metadata":[]}],[{"content":"Migrated to NetBackup on Linux","tokens":["Migrated","to","NetBackup","on","Linux"],"metadata":[]}],[{"content":"Migrated to NetBackup on Windows.","tokens":["Migrated","to","NetBackup","on","Windows."],"metadata":[]}],[{"content":"","tokens":[""],"metadata":[]}],[{"content":"Upgraded Novell Netware 5 network to Novell Netware 6.","tokens":["Upgraded","Novell","Netware","5","network","to","Novell","Netware","6."],"metadata":[]}],[{"content":"Education B.S. in Computer Science in SQL Programming Lebanon Valley College - Annville, PA 1995 Skills Microsoft Office (10+ years), Microsoft Visio (10+ years), Cisco Meraki networking equipment (2 years), Cisco Unified Communications System (2 years), Bridge Operator Console (2 years), Adobe Suite (4 years), Unitrends Backup with Forever Cloud and DRaaS (2 years), Lotus Notes (10+ years), Novell Netware (5 years), Symantec Ghost (10+ years), VMWare (4 years), Barracude Email and Spam Gateway (2 years), Microsoft SQL Server (2 years), Trend Micro OfficeScan (5 years), Vipre (2 years), BackupExec (3 years), NetBackup (5 years), ArcServe IT (5 years), LogMeIn (2 years), Carbonite (2 years), Windows Server (10+ years), Citrix (10+ years), System Administrator, Active Directory, System Admin, Red Hat, Linux Certifications/Licenses Certified Meraki Network Operator (CMNO) January 2019 to Present Cisco Meraki certification.","tokens":["Education","B.S.","in","Computer","Science","in","SQL","Programming","Lebanon","Valley","College","-","Annville,","PA","1995","Skills","Microsoft","Office","(10+","years),","Microsoft","Visio","(10+","years),","Cisco","Meraki","networking","equipment","(2","years),","Cisco","Unified","Communications","System","(2","years),","Bridge","Operator","Console","(2","years),","Adobe","Suite","(4","years),","Unitrends","Backup","with","Forever","Cloud","and","DRaaS","(2","years),","Lotus","Notes","(10+","years),","Novell","Netware","(5","years),","Symantec","Ghost","(10+","years),","VMWare","(4","years),","Barracude","Email","and","Spam","Gateway","(2","years),","Microsoft","SQL","Server","(2","years),","Trend","Micro","OfficeScan","(5","years),","Vipre","(2","years),","BackupExec","(3","years),","NetBackup","(5","years),","ArcServe","IT","(5","years),","LogMeIn","(2","years),","Carbonite","(2","years),","Windows","Server","(10+","years),","Citrix","(10+","years),","System","Administrator,","Active","Directory,","System","Admin,","Red","Hat,","Linux","Certifications/Licenses","Certified","Meraki","Network","Operator","(CMNO)","January","2019","to","Present","Cisco","Meraki","certification."],"metadata":[]}],[{"content":"Groups Central PA VMWare User Group October 2017 to Present March 2018 I joined the leadership of this group.","tokens":["Groups","Central","PA","VMWare","User","Group","October","2017","to","Present","March","2018","I","joined","the","leadership","of","this","group."],"metadata":[]}],[{"content":"Additional Information Actively involved in personal development and leadership skills Additional courses taken: SQL Programming Microsoft 70-461 Querying SQL Server 2012 Microsoft 70-462 Administering SQL Server 2012 Databases","tokens":["Additional","Information","Actively","involved","in","personal","development","and","leadership","skills","Additional","courses","taken:","SQL","Programming","Microsoft","70-461","Querying","SQL","Server","2012","Microsoft","70-462","Administering","SQL","Server","2012","Databases"],"metadata":[]}]],"labelerInfo":{"id":6814,"email":"cwilhel8@jh.edu","displayName":"Chris Wilhelm"},"labelSets":[{"name":"Resume Labels","index":0,"labelItems":[{"id":"Kj5U6n9NUqTXuWcB3c_7L","labelName":"College"},{"id":"rj7TW0-ymuRo6f_asXJab","labelName":"Company Name"},{"id":"SJEkdao76hjwbb6Fh5SY6","labelName":"Job Title"},{"id":"BjO8MdvK2KI4E5iMEeY4B","labelName":"Graduation Year"},{"id":"eS2knCRgLegeRw8bcmSWA","labelName":"Skill"},{"id":"IeEoIKabMl51BJE0gX2YL","labelName":"Degree"},{"id":"1R0C50AAwFbEp2O0WmRv6","labelName":"Location"},{"id":"zQcc4ygexJ_A3Gb0NeRTk","labelName":"Years of Experience"},{"id":"52S_6moRfhjC-yXgIBeCp","labelName":"Date"},{"id":"KiLarWmwlU1E3-FfdG6Qg","labelName":"Project"},{"id":"dyxKKTAxW1z5ifjPj42BI","labelName":"Name"}]}],"spanLabels":[],"arrowLabels":[],"boundingBoxLabels":[],"timeLabels":[],"comments":[],"url":"datasaur://static/6814/57f94be1-99b6-4f09-9bfe-e50cafc91c2a.txt"}}
