{"version":"1","data":{"project":{"id":"ODBjYmQ2MDg","name":"NLP SSM Final Project"},"document":{"id":"84aceb06-05da-43c1-9482-5301c9ecd231","name":"resume_5727_d2.txt"},"kinds":["TOKEN_BASED"],"rows":[[{"content":"Systems Engineer Systems Engineer Systems Engineer - Integration LLC Houston, AL Work Experience Systems Engineer Integration LLC - Decatur, AL April 2018 to Present Work with and maintain IT solutions for approximately 30 contract clients, with several hourly clients on an as needed basis.","tokens":["Systems","Engineer","Systems","Engineer","Systems","Engineer","-","Integration","LLC","Houston,","AL","Work","Experience","Systems","Engineer","Integration","LLC","-","Decatur,","AL","April","2018","to","Present","Work","with","and","maintain","IT","solutions","for","approximately","30","contract","clients,","with","several","hourly","clients","on","an","as","needed","basis."],"metadata":[]}],[{"content":"* Respond to break-fix issues on servers, workstation, and network hardware as tickets are created.","tokens":["*","Respond","to","break-fix","issues","on","servers,","workstation,","and","network","hardware","as","tickets","are","created."],"metadata":[]}],[{"content":"* Create, update and implement preventative care to avoid system downtime for our clients, such as using Replibit backup solutions, Kaseya Client Utilities for updates, and updating and replacing outdated hardware.","tokens":["*","Create,","update","and","implement","preventative","care","to","avoid","system","downtime","for","our","clients,","such","as","using","Replibit","backup","solutions,","Kaseya","Client","Utilities","for","updates,","and","updating","and","replacing","outdated","hardware."],"metadata":[]}],[{"content":"* Maintain and update a detailed ticket system through Kaseya to keep records of all client and system interactions.","tokens":["*","Maintain","and","update","a","detailed","ticket","system","through","Kaseya","to","keep","records","of","all","client","and","system","interactions."],"metadata":[]}],[{"content":"* Work with government contractors to help implement a DFARS compliant network.","tokens":["*","Work","with","government","contractors","to","help","implement","a","DFARS","compliant","network."],"metadata":[]}],[{"content":"Owner Foundation Technologies LLC - Haleyville, AL September 2016 to April 2018 * Managed a brick and mortar company dedicated to IT consultation and repairs located in Haleyville AL.","tokens":["Owner","Foundation","Technologies","LLC","-","Haleyville,","AL","September","2016","to","April","2018","*","Managed","a","brick","and","mortar","company","dedicated","to","IT","consultation","and","repairs","located","in","Haleyville","AL."],"metadata":[]}],[{"content":"* Organized business finances and contracts to grow our business to a self-sustaining entity.","tokens":["*","Organized","business","finances","and","contracts","to","grow","our","business","to","a","self-sustaining","entity."],"metadata":[]}],[{"content":"Network Engineer Cyber Broadband - Haleyville, AL July 2014 to September 2016 * Maintained, designed, and troubleshot a Wireless ISP network with over 250 customers.","tokens":["Network","Engineer","Cyber","Broadband","-","Haleyville,","AL","July","2014","to","September","2016","*","Maintained,","designed,","and","troubleshot","a","Wireless","ISP","network","with","over","250","customers."],"metadata":[]}],[{"content":"* Gained in depth knowledge of Mikrotik RouterOS, and routing protocols such as OSPF, BGP, Firewalls.","tokens":["*","Gained","in","depth","knowledge","of","Mikrotik","RouterOS,","and","routing","protocols","such","as","OSPF,","BGP,","Firewalls."],"metadata":[]}],[{"content":"Technician Powerbook Medic - Huntsville, AL May 2013 to January 2014 Completed hardware repairs in a fast paced, high stress environment.","tokens":["Technician","Powerbook","Medic","-","Huntsville,","AL","May","2013","to","January","2014","Completed","hardware","repairs","in","a","fast","paced,","high","stress","environment."],"metadata":[]}],[{"content":"IT Administrator Family Medical Associates - Haleyville, AL November 2011 to May 2013 Installed and maintained a network infrastructure with over 50 concurrent users on wireless, wired, and mobile devices.","tokens":["IT","Administrator","Family","Medical","Associates","-","Haleyville,","AL","November","2011","to","May","2013","Installed","and","maintained","a","network","infrastructure","with","over","50","concurrent","users","on","wireless,","wired,","and","mobile","devices."],"metadata":[]}],[{"content":"Education None in History and Philosophy University of Alabama Huntsville - Huntsville, AL August 2008 to April 2011 Skills LINUX, WIRELESS, BGP, OSPF, VIRTUAL MACHINE, Powershell, System Administrator, Active Directory, Vmware, DNS, Network Security, NOC, Router","tokens":["Education","None","in","History","and","Philosophy","University","of","Alabama","Huntsville","-","Huntsville,","AL","August","2008","to","April","2011","Skills","LINUX,","WIRELESS,","BGP,","OSPF,","VIRTUAL","MACHINE,","Powershell,","System","Administrator,","Active","Directory,","Vmware,","DNS,","Network","Security,","NOC,","Router"],"metadata":[]}]],"labelerInfo":{"id":6814,"email":"cwilhel8@jh.edu","displayName":"Chris Wilhelm"},"labelSets":[{"name":"Resume Labels","index":0,"labelItems":[{"id":"Kj5U6n9NUqTXuWcB3c_7L","labelName":"College"},{"id":"rj7TW0-ymuRo6f_asXJab","labelName":"Company Name"},{"id":"SJEkdao76hjwbb6Fh5SY6","labelName":"Job Title"},{"id":"BjO8MdvK2KI4E5iMEeY4B","labelName":"Graduation Year"},{"id":"eS2knCRgLegeRw8bcmSWA","labelName":"Skill"},{"id":"IeEoIKabMl51BJE0gX2YL","labelName":"Degree"},{"id":"1R0C50AAwFbEp2O0WmRv6","labelName":"Location"},{"id":"zQcc4ygexJ_A3Gb0NeRTk","labelName":"Years of Experience"},{"id":"52S_6moRfhjC-yXgIBeCp","labelName":"Date"},{"id":"KiLarWmwlU1E3-FfdG6Qg","labelName":"Project"},{"id":"dyxKKTAxW1z5ifjPj42BI","labelName":"Name"}]}],"spanLabels":[],"arrowLabels":[],"boundingBoxLabels":[],"timeLabels":[],"comments":[],"url":"datasaur://static/6814/84aceb06-05da-43c1-9482-5301c9ecd231.txt"}}
