{"version":"1","data":{"project":{"id":"ODBjYmQ2MDg","name":"NLP SSM Final Project"},"document":{"id":"297c4f66-66be-434e-8a29-1bd359d9b350","name":"resume_3948_d2.txt"},"kinds":["TOKEN_BASED"],"rows":[[{"content":"Scrum Master Contractor Scrum Master Contractor Passionate Agile Leader Memphis, TN Willing to relocate to Irvine, CA without assistance Authorized to work in the US for any employer Work Experience Scrum Master Contractor ALSAC/St.","tokens":["Scrum","Master","Contractor","Scrum","Master","Contractor","Passionate","Agile","Leader","Memphis,","TN","Willing","to","relocate","to","Irvine,","CA","without","assistance","Authorized","to","work","in","the","US","for","any","employer","Work","Experience","Scrum","Master","Contractor","ALSAC/St."],"metadata":[]}],[{"content":"Jude Children's Research Hospital - Memphis, TN November 2018 to Present Utilize and promote adoption for various agile practices for quality software development and delivery such as test driven development, software test automation, user stories, user story mapping, continuous delivery, etc Lead Marketing Campaigns, Help Desk, and Product Operations teams through appropriate agile adoption and maturity to become as effective and efficient as possible Identify and remediate impediments to agile adoption and processes at the Enterprise level Acted as PM, BA, and QA and responsible for enterprise migration from SalesForce RemedyForce to JIRA PMO Manager Venus Fashion - Jacksonville, FL May 2018 to July 2018 Implemented PMO standard process, procedures and documentation for all IT projects Lead 3 direct reports representing Project Management and Quality Assurance Analyze and create process improvement plan in all areas of the SDLC resulting in shorter time to market and streamlined processes for development, QA, UI/UX, and management Created new workflows, projects, and boards in JIRA to reflect business processes, coordinate and manage sprints for interdependent teams, monitor product progress and improve business process Trained 2 Jr. QAs and implemented test case standards to allow for quick delivery and scaling of QA efforts when necessary Responsible for maintaining the product backlog, ensuring completeness of product backlog items, and keeping the backlog organized and up to date with latest business requirements Defined people and roles for business requirements gathering process and standardized project library in Confluence.","tokens":["Jude","Children's","Research","Hospital","-","Memphis,","TN","November","2018","to","Present","Utilize","and","promote","adoption","for","various","agile","practices","for","quality","software","development","and","delivery","such","as","test","driven","development,","software","test","automation,","user","stories,","user","story","mapping,","continuous","delivery,","etc","Lead","Marketing","Campaigns,","Help","Desk,","and","Product","Operations","teams","through","appropriate","agile","adoption","and","maturity","to","become","as","effective","and","efficient","as","possible","Identify","and","remediate","impediments","to","agile","adoption","and","processes","at","the","Enterprise","level","Acted","as","PM,","BA,","and","QA","and","responsible","for","enterprise","migration","from","SalesForce","RemedyForce","to","JIRA","PMO","Manager","Venus","Fashion","-","Jacksonville,","FL","May","2018","to","July","2018","Implemented","PMO","standard","process,","procedures","and","documentation","for","all","IT","projects","Lead","3","direct","reports","representing","Project","Management","and","Quality","Assurance","Analyze","and","create","process","improvement","plan","in","all","areas","of","the","SDLC","resulting","in","shorter","time","to","market","and","streamlined","processes","for","development,","QA,","UI/UX,","and","management","Created","new","workflows,","projects,","and","boards","in","JIRA","to","reflect","business","processes,","coordinate","and","manage","sprints","for","interdependent","teams,","monitor","product","progress","and","improve","business","process","Trained","2","Jr.","QAs","and","implemented","test","case","standards","to","allow","for","quick","delivery","and","scaling","of","QA","efforts","when","necessary","Responsible","for","maintaining","the","product","backlog,","ensuring","completeness","of","product","backlog","items,","and","keeping","the","backlog","organized","and","up","to","date","with","latest","business","requirements","Defined","people","and","roles","for","business","requirements","gathering","process","and","standardized","project","library","in","Confluence."],"metadata":[]}],[{"content":"Created cyclical process for business requirements gathering which established consistent pipeline of features to development team Responsible for communicating full process change strategy, sprint reports, and prioritization/scope changes to CxO suite Administrator for Confluence and JIRA - 250+ users IT Project Manager Venus Fashion Inc - Jacksonville, FL July 2017 to July 2018 Responsible for training and continual coaching of all web and enterprise systems teams in agile methodologies (15 people, 3 teams) Created and delivered 8-hour workshop to educate and promote adoption of Scrum framework and principals in IT department with accompanying 4-hour workshop to educate executives on Scrum Analyze and create process improvement plan in all areas of the SDLC resulting in shorter time to market and streamlined processes for development, QA, UI/UX, and management Break out cross-functional teams by product and identify gaps in key positions to create hiring plan and restructure organization Lead automation of deployment process saving an average of 4 developer hours each deployment and allowing for more frequent and simple releases Created new workflows, projects, and boards in JIRA to reflect business processes and give higher visibility to each ticket in every step of the SDLC Trained 2 Jr. QAs and implemented test case standards which resolved confusion while scaling and ensured every ticket was tested before release Created and implemented smoke testing procedures for QA Defined people and roles for business requirements gathering process and standardized project library in Confluence.","tokens":["Created","cyclical","process","for","business","requirements","gathering","which","established","consistent","pipeline","of","features","to","development","team","Responsible","for","communicating","full","process","change","strategy,","sprint","reports,","and","prioritization/scope","changes","to","CxO","suite","Administrator","for","Confluence","and","JIRA","-","250+","users","IT","Project","Manager","Venus","Fashion","Inc","-","Jacksonville,","FL","July","2017","to","July","2018","Responsible","for","training","and","continual","coaching","of","all","web","and","enterprise","systems","teams","in","agile","methodologies","(15","people,","3","teams)","Created","and","delivered","8-hour","workshop","to","educate","and","promote","adoption","of","Scrum","framework","and","principals","in","IT","department","with","accompanying","4-hour","workshop","to","educate","executives","on","Scrum","Analyze","and","create","process","improvement","plan","in","all","areas","of","the","SDLC","resulting","in","shorter","time","to","market","and","streamlined","processes","for","development,","QA,","UI/UX,","and","management","Break","out","cross-functional","teams","by","product","and","identify","gaps","in","key","positions","to","create","hiring","plan","and","restructure","organization","Lead","automation","of","deployment","process","saving","an","average","of","4","developer","hours","each","deployment","and","allowing","for","more","frequent","and","simple","releases","Created","new","workflows,","projects,","and","boards","in","JIRA","to","reflect","business","processes","and","give","higher","visibility","to","each","ticket","in","every","step","of","the","SDLC","Trained","2","Jr.","QAs","and","implemented","test","case","standards","which","resolved","confusion","while","scaling","and","ensured","every","ticket","was","tested","before","release","Created","and","implemented","smoke","testing","procedures","for","QA","Defined","people","and","roles","for","business","requirements","gathering","process","and","standardized","project","library","in","Confluence."],"metadata":[]}],[{"content":"","tokens":[],"metadata":[]}],[{"content":"Implement gap resolution through front end administration and coordinating backend admin efforts.","tokens":["Implement","gap","resolution","through","front","end","administration","and","coordinating","backend","admin","efforts."],"metadata":[]}],[{"content":"Set up and provide governance through committee in TFS IT Project Manager Kaleidacare - Austin, TX August 2013 to November 2014 Led creation and implementation of SAAS medical billing system and BizTalk EDI through the full SDLC Acted as Scrum Master for additional internal development teams by coordinating meeting cadence, BRDs QA testing, and release schedules, user guide documentation, and sales guides Coordinated best practices plan for development teams consisting of unit testing / regression testing plans / automated testing / Definition of Done Reduced waste through resolving impediments for the teams Perform manual QA testing and trained 2 QAs on medical billing module Intern- Jr. ScrumMaster uShip - Austin, TX October 2012 to July 2013 Coordinated all standard scrum activities for multiple interdependent teams Led team that addressed maintenance of proprietary payment processing system, creation of Less-Than-Load shipping portal, and ongoing user generated functionality requests Utilized Scrum / XP / Kanban methodologies for different teams based on product and project needs Coached teams to adopt new working styles to improve efficiency and throughput by instilling a commitment to continual improvement JIRA/Confluence admin for 450+ users, create capitalization reporting through JIRA, and analyze business process gaps to identify necessary field changes or plug-ins Education Bachelor of Science in Public Relations University of Texas at Austin - Austin, TX 2014 Skills Scrum (7 years), Process Improvement (7 years), Project Management (7 years), Business Process Improvement (7 years), Business Analysis (7 years), SDLC, Scrum Master, Waterfall, PM, CSM Links http://linkedin.com/in/abpannell Certifications/Licenses Certified ScrumMaster (CSM) Present PMI-ACP February 2019 to Present Groups Phi Theta Kappa January 2010 to December 2010 Additional Information Technical Skills: TFS Admin JIRA Admin MS Project MS Planner Visio SharePoint Word Excel Powerpoint","tokens":["Set","up","and","provide","governance","through","committee","in","TFS","IT","Project","Manager","Kaleidacare","-","Austin,","TX","August","2013","to","November","2014","Led","creation","and","implementation","of","SAAS","medical","billing","system","and","BizTalk","EDI","through","the","full","SDLC","Acted","as","Scrum","Master","for","additional","internal","development","teams","by","coordinating","meeting","cadence,","BRDs","QA","testing,","and","release","schedules,","user","guide","documentation,","and","sales","guides","Coordinated","best","practices","plan","for","development","teams","consisting","of","unit","testing","/","regression","testing","plans","/","automated","testing","/","Definition","of","Done","Reduced","waste","through","resolving","impediments","for","the","teams","Perform","manual","QA","testing","and","trained","2","QAs","on","medical","billing","module","Intern-","Jr.","ScrumMaster","uShip","-","Austin,","TX","October","2012","to","July","2013","Coordinated","all","standard","scrum","activities","for","multiple","interdependent","teams","Led","team","that","addressed","maintenance","of","proprietary","payment","processing","system,","creation","of","Less-Than-Load","shipping","portal,","and","ongoing","user","generated","functionality","requests","Utilized","Scrum","/","XP","/","Kanban","methodologies","for","different","teams","based","on","product","and","project","needs","Coached","teams","to","adopt","new","working","styles","to","improve","efficiency","and","throughput","by","instilling","a","commitment","to","continual","improvement","JIRA/Confluence","admin","for","450+","users,","create","capitalization","reporting","through","JIRA,","and","analyze","business","process","gaps","to","identify","necessary","field","changes","or","plug-ins","Education","Bachelor","of","Science","in","Public","Relations","University","of","Texas","at","Austin","-","Austin,","TX","2014","Skills","Scrum","(7","years),","Process","Improvement","(7","years),","Project","Management","(7","years),","Business","Process","Improvement","(7","years),","Business","Analysis","(7","years),","SDLC,","Scrum","Master,","Waterfall,","PM,","CSM","Links","http://linkedin.com/in/abpannell","Certifications/Licenses","Certified","ScrumMaster","(CSM)","Present","PMI-ACP","February","2019","to","Present","Groups","Phi","Theta","Kappa","January","2010","to","December","2010","Additional","Information","Technical","Skills:","TFS","Admin","JIRA","Admin","MS","Project","MS","Planner","Visio","SharePoint","Word","Excel","Powerpoint"],"metadata":[]}]],"labelerInfo":{"id":6814,"email":"cwilhel8@jh.edu","displayName":"Chris Wilhelm"},"labelSets":[{"name":"Resume Labels","index":0,"labelItems":[{"id":"Kj5U6n9NUqTXuWcB3c_7L","labelName":"College"},{"id":"rj7TW0-ymuRo6f_asXJab","labelName":"Company Name"},{"id":"SJEkdao76hjwbb6Fh5SY6","labelName":"Job Title"},{"id":"BjO8MdvK2KI4E5iMEeY4B","labelName":"Graduation Year"},{"id":"eS2knCRgLegeRw8bcmSWA","labelName":"Skill"},{"id":"IeEoIKabMl51BJE0gX2YL","labelName":"Degree"},{"id":"1R0C50AAwFbEp2O0WmRv6","labelName":"Location"},{"id":"zQcc4ygexJ_A3Gb0NeRTk","labelName":"Years of Experience"},{"id":"52S_6moRfhjC-yXgIBeCp","labelName":"Date"},{"id":"KiLarWmwlU1E3-FfdG6Qg","labelName":"Project"},{"id":"dyxKKTAxW1z5ifjPj42BI","labelName":"Name"}]}],"spanLabels":[{"id":"1663413123","labeledBy":"LABELER","labeledByUserId":6814,"acceptedByUserId":null,"rejectedByUserId":null,"layer":0,"counter":0,"status":"ACCEPTED","hashCode":"SPAN:SJEkdao76hjwbb6Fh5SY6:0:0:0:0:0:0:0:2:9:0:undefined:undefined","labelName":"SJEkdao76hjwbb6Fh5SY6","labelItem":{"id":"SJEkdao76hjwbb6Fh5SY6","labelName":"Job Title"},"textPosition":{"start":{"row":0,"column":0,"tokenIndex":0,"charIndex":0},"end":{"row":0,"column":0,"tokenIndex":2,"charIndex":9}},"confidenceScore":null},{"id":"1663413126","labeledBy":"LABELER","labeledByUserId":6814,"acceptedByUserId":null,"rejectedByUserId":null,"layer":0,"counter":0,"status":"ACCEPTED","hashCode":"SPAN:SJEkdao76hjwbb6Fh5SY6:0:0:0:3:0:0:0:5:9:0:undefined:undefined","labelName":"SJEkdao76hjwbb6Fh5SY6","labelItem":{"id":"SJEkdao76hjwbb6Fh5SY6","labelName":"Job Title"},"textPosition":{"start":{"row":0,"column":0,"tokenIndex":3,"charIndex":0},"end":{"row":0,"column":0,"tokenIndex":5,"charIndex":9}},"confidenceScore":null},{"id":"1663413132","labeledBy":"LABELER","labeledByUserId":6814,"acceptedByUserId":null,"rejectedByUserId":null,"layer":0,"counter":0,"status":"ACCEPTED","hashCode":"SPAN:eS2knCRgLegeRw8bcmSWA:0:0:0:6:0:0:0:6:9:0:undefined:undefined","labelName":"eS2knCRgLegeRw8bcmSWA","labelItem":{"id":"eS2knCRgLegeRw8bcmSWA","labelName":"Skill"},"textPosition":{"start":{"row":0,"column":0,"tokenIndex":6,"charIndex":0},"end":{"row":0,"column":0,"tokenIndex":6,"charIndex":9}},"confidenceScore":null},{"id":"1663413138","labeledBy":"LABELER","labeledByUserId":6814,"acceptedByUserId":null,"rejectedByUserId":null,"layer":0,"counter":0,"status":"ACCEPTED","hashCode":"SPAN:eS2knCRgLegeRw8bcmSWA:0:0:0:7:0:0:0:8:5:0:undefined:undefined","labelName":"eS2knCRgLegeRw8bcmSWA","labelItem":{"id":"eS2knCRgLegeRw8bcmSWA","labelName":"Skill"},"textPosition":{"start":{"row":0,"column":0,"tokenIndex":7,"charIndex":0},"end":{"row":0,"column":0,"tokenIndex":8,"charIndex":5}},"confidenceScore":null},{"id":"1663413144","labeledBy":"LABELER","labeledByUserId":6814,"acceptedByUserId":null,"rejectedByUserId":null,"layer":0,"counter":0,"status":"ACCEPTED","hashCode":"SPAN:1R0C50AAwFbEp2O0WmRv6:0:0:0:9:0:0:0:9:7:0:undefined:undefined","labelName":"1R0C50AAwFbEp2O0WmRv6","labelItem":{"id":"1R0C50AAwFbEp2O0WmRv6","labelName":"Location"},"textPosition":{"start":{"row":0,"column":0,"tokenIndex":9,"charIndex":0},"end":{"row":0,"column":0,"tokenIndex":9,"charIndex":7}},"confidenceScore":null},{"id":"1663413148","labeledBy":"LABELER","labeledByUserId":6814,"acceptedByUserId":null,"rejectedByUserId":null,"layer":0,"counter":0,"status":"ACCEPTED","hashCode":"SPAN:1R0C50AAwFbEp2O0WmRv6:0:0:0:10:0:0:0:10:1:0:undefined:undefined","labelName":"1R0C50AAwFbEp2O0WmRv6","labelItem":{"id":"1R0C50AAwFbEp2O0WmRv6","labelName":"Location"},"textPosition":{"start":{"row":0,"column":0,"tokenIndex":10,"charIndex":0},"end":{"row":0,"column":0,"tokenIndex":10,"charIndex":1}},"confidenceScore":null},{"id":"1663413153","labeledBy":"LABELER","labeledByUserId":6814,"acceptedByUserId":null,"rejectedByUserId":null,"layer":0,"counter":0,"status":"ACCEPTED","hashCode":"SPAN:1R0C50AAwFbEp2O0WmRv6:0:0:0:15:0:0:0:15:6:0:undefined:undefined","labelName":"1R0C50AAwFbEp2O0WmRv6","labelItem":{"id":"1R0C50AAwFbEp2O0WmRv6","labelName":"Location"},"textPosition":{"start":{"row":0,"column":0,"tokenIndex":15,"charIndex":0},"end":{"row":0,"column":0,"tokenIndex":15,"charIndex":6}},"confidenceScore":null},{"id":"1663413156","labeledBy":"LABELER","labeledByUserId":6814,"acceptedByUserId":null,"rejectedByUserId":null,"layer":0,"counter":0,"status":"ACCEPTED","hashCode":"SPAN:1R0C50AAwFbEp2O0WmRv6:0:0:0:16:0:0:0:16:1:0:undefined:undefined","labelName":"1R0C50AAwFbEp2O0WmRv6","labelItem":{"id":"1R0C50AAwFbEp2O0WmRv6","labelName":"Location"},"textPosition":{"start":{"row":0,"column":0,"tokenIndex":16,"charIndex":0},"end":{"row":0,"column":0,"tokenIndex":16,"charIndex":1}},"confidenceScore":null},{"id":"1663413162","labeledBy":"LABELER","labeledByUserId":6814,"acceptedByUserId":null,"rejectedByUserId":null,"layer":0,"counter":0,"status":"ACCEPTED","hashCode":"SPAN:SJEkdao76hjwbb6Fh5SY6:0:0:0:30:0:0:0:32:9:0:undefined:undefined","labelName":"SJEkdao76hjwbb6Fh5SY6","labelItem":{"id":"SJEkdao76hjwbb6Fh5SY6","labelName":"Job Title"},"textPosition":{"start":{"row":0,"column":0,"tokenIndex":30,"charIndex":0},"end":{"row":0,"column":0,"tokenIndex":32,"charIndex":9}},"confidenceScore":null},{"id":"1663413171","labeledBy":"LABELER","labeledByUserId":6814,"acceptedByUserId":null,"rejectedByUserId":null,"layer":0,"counter":0,"status":"ACCEPTED","hashCode":"SPAN:rj7TW0-ymuRo6f_asXJab:0:0:0:33:0:1:0:3:7:0:undefined:undefined","labelName":"rj7TW0-ymuRo6f_asXJab","labelItem":{"id":"rj7TW0-ymuRo6f_asXJab","labelName":"Company Name"},"textPosition":{"start":{"row":0,"column":0,"tokenIndex":33,"charIndex":0},"end":{"row":1,"column":0,"tokenIndex":3,"charIndex":7}},"confidenceScore":null},{"id":"1663413177","labeledBy":"LABELER","labeledByUserId":6814,"acceptedByUserId":null,"rejectedByUserId":null,"layer":0,"counter":0,"status":"ACCEPTED","hashCode":"SPAN:1R0C50AAwFbEp2O0WmRv6:0:1:0:5:0:1:0:5:7:0:undefined:undefined","labelName":"1R0C50AAwFbEp2O0WmRv6","labelItem":{"id":"1R0C50AAwFbEp2O0WmRv6","labelName":"Location"},"textPosition":{"start":{"row":1,"column":0,"tokenIndex":5,"charIndex":0},"end":{"row":1,"column":0,"tokenIndex":5,"charIndex":7}},"confidenceScore":null},{"id":"1663413180","labeledBy":"LABELER","labeledByUserId":6814,"acceptedByUserId":null,"rejectedByUserId":null,"layer":0,"counter":0,"status":"ACCEPTED","hashCode":"SPAN:1R0C50AAwFbEp2O0WmRv6:0:1:0:6:0:1:0:6:1:0:undefined:undefined","labelName":"1R0C50AAwFbEp2O0WmRv6","labelItem":{"id":"1R0C50AAwFbEp2O0WmRv6","labelName":"Location"},"textPosition":{"start":{"row":1,"column":0,"tokenIndex":6,"charIndex":0},"end":{"row":1,"column":0,"tokenIndex":6,"charIndex":1}},"confidenceScore":null},{"id":"1663413183","labeledBy":"LABELER","labeledByUserId":6814,"acceptedByUserId":null,"rejectedByUserId":null,"layer":0,"counter":0,"status":"ACCEPTED","hashCode":"SPAN:52S_6moRfhjC-yXgIBeCp:0:1:0:7:0:1:0:8:3:0:undefined:undefined","labelName":"52S_6moRfhjC-yXgIBeCp","labelItem":{"id":"52S_6moRfhjC-yXgIBeCp","labelName":"Date"},"textPosition":{"start":{"row":1,"column":0,"tokenIndex":7,"charIndex":0},"end":{"row":1,"column":0,"tokenIndex":8,"charIndex":3}},"confidenceScore":null},{"id":"1663413186","labeledBy":"LABELER","labeledByUserId":6814,"acceptedByUserId":null,"rejectedByUserId":null,"layer":0,"counter":0,"status":"ACCEPTED","hashCode":"SPAN:52S_6moRfhjC-yXgIBeCp:0:1:0:10:0:1:0:10:6:0:undefined:undefined","labelName":"52S_6moRfhjC-yXgIBeCp","labelItem":{"id":"52S_6moRfhjC-yXgIBeCp","labelName":"Date"},"textPosition":{"start":{"row":1,"column":0,"tokenIndex":10,"charIndex":0},"end":{"row":1,"column":0,"tokenIndex":10,"charIndex":6}},"confidenceScore":null},{"id":"1663413189","labeledBy":"LABELER","labeledByUserId":6814,"acceptedByUserId":null,"rejectedByUserId":null,"layer":0,"counter":0,"status":"ACCEPTED","hashCode":"SPAN:eS2knCRgLegeRw8bcmSWA:0:1:0:17:0:1:0:18:8:0:undefined:undefined","labelName":"eS2knCRgLegeRw8bcmSWA","labelItem":{"id":"eS2knCRgLegeRw8bcmSWA","labelName":"Skill"},"textPosition":{"start":{"row":1,"column":0,"tokenIndex":17,"charIndex":0},"end":{"row":1,"column":0,"tokenIndex":18,"charIndex":8}},"confidenceScore":null},{"id":"1663413192","labeledBy":"LABELER","labeledByUserId":6814,"acceptedByUserId":null,"rejectedByUserId":null,"layer":0,"counter":0,"status":"ACCEPTED","hashCode":"SPAN:eS2knCRgLegeRw8bcmSWA:0:1:0:20:0:1:0:22:10:0:undefined:undefined","labelName":"eS2knCRgLegeRw8bcmSWA","labelItem":{"id":"eS2knCRgLegeRw8bcmSWA","labelName":"Skill"},"textPosition":{"start":{"row":1,"column":0,"tokenIndex":20,"charIndex":0},"end":{"row":1,"column":0,"tokenIndex":22,"charIndex":10}},"confidenceScore":null},{"id":"1663413195","labeledBy":"LABELER","labeledByUserId":6814,"acceptedByUserId":null,"rejectedByUserId":null,"layer":0,"counter":0,"status":"ACCEPTED","hashCode":"SPAN:eS2knCRgLegeRw8bcmSWA:0:1:0:27:0:1:0:29:11:0:undefined:undefined","labelName":"eS2knCRgLegeRw8bcmSWA","labelItem":{"id":"eS2knCRgLegeRw8bcmSWA","labelName":"Skill"},"textPosition":{"start":{"row":1,"column":0,"tokenIndex":27,"charIndex":0},"end":{"row":1,"column":0,"tokenIndex":29,"charIndex":11}},"confidenceScore":null},{"id":"1663413198","labeledBy":"LABELER","labeledByUserId":6814,"acceptedByUserId":null,"rejectedByUserId":null,"layer":0,"counter":0,"status":"ACCEPTED","hashCode":"SPAN:eS2knCRgLegeRw8bcmSWA:0:1:0:30:0:1:0:32:10:0:undefined:undefined","labelName":"eS2knCRgLegeRw8bcmSWA","labelItem":{"id":"eS2knCRgLegeRw8bcmSWA","labelName":"Skill"},"textPosition":{"start":{"row":1,"column":0,"tokenIndex":30,"charIndex":0},"end":{"row":1,"column":0,"tokenIndex":32,"charIndex":10}},"confidenceScore":null},{"id":"1663413201","labeledBy":"LABELER","labeledByUserId":6814,"acceptedByUserId":null,"rejectedByUserId":null,"layer":0,"counter":0,"status":"ACCEPTED","hashCode":"SPAN:eS2knCRgLegeRw8bcmSWA:0:1:0:33:0:1:0:34:7:0:undefined:undefined","labelName":"eS2knCRgLegeRw8bcmSWA","labelItem":{"id":"eS2knCRgLegeRw8bcmSWA","labelName":"Skill"},"textPosition":{"start":{"row":1,"column":0,"tokenIndex":33,"charIndex":0},"end":{"row":1,"column":0,"tokenIndex":34,"charIndex":7}},"confidenceScore":null},{"id":"1663413204","labeledBy":"LABELER","labeledByUserId":6814,"acceptedByUserId":null,"rejectedByUserId":null,"layer":0,"counter":0,"status":"ACCEPTED","hashCode":"SPAN:eS2knCRgLegeRw8bcmSWA:0:1:0:35:0:1:0:37:7:0:undefined:undefined","labelName":"eS2knCRgLegeRw8bcmSWA","labelItem":{"id":"eS2knCRgLegeRw8bcmSWA","labelName":"Skill"},"textPosition":{"start":{"row":1,"column":0,"tokenIndex":35,"charIndex":0},"end":{"row":1,"column":0,"tokenIndex":37,"charIndex":7}},"confidenceScore":null},{"id":"1663413207","labeledBy":"LABELER","labeledByUserId":6814,"acceptedByUserId":null,"rejectedByUserId":null,"layer":0,"counter":0,"status":"ACCEPTED","hashCode":"SPAN:eS2knCRgLegeRw8bcmSWA:0:1:0:38:0:1:0:39:8:0:undefined:undefined","labelName":"eS2knCRgLegeRw8bcmSWA","labelItem":{"id":"eS2knCRgLegeRw8bcmSWA","labelName":"Skill"},"textPosition":{"start":{"row":1,"column":0,"tokenIndex":38,"charIndex":0},"end":{"row":1,"column":0,"tokenIndex":39,"charIndex":8}},"confidenceScore":null},{"id":"1663413210","labeledBy":"LABELER","labeledByUserId":6814,"acceptedByUserId":null,"rejectedByUserId":null,"layer":0,"counter":0,"status":"ACCEPTED","hashCode":"SPAN:eS2knCRgLegeRw8bcmSWA:0:1:0:41:0:1:0:43:9:0:undefined:undefined","labelName":"eS2knCRgLegeRw8bcmSWA","labelItem":{"id":"eS2knCRgLegeRw8bcmSWA","labelName":"Skill"},"textPosition":{"start":{"row":1,"column":0,"tokenIndex":41,"charIndex":0},"end":{"row":1,"column":0,"tokenIndex":43,"charIndex":9}},"confidenceScore":null},{"id":"1663413213","labeledBy":"LABELER","labeledByUserId":6814,"acceptedByUserId":null,"rejectedByUserId":null,"layer":0,"counter":0,"status":"ACCEPTED","hashCode":"SPAN:eS2knCRgLegeRw8bcmSWA:0:1:0:44:0:1:0:45:4:0:undefined:undefined","labelName":"eS2knCRgLegeRw8bcmSWA","labelItem":{"id":"eS2knCRgLegeRw8bcmSWA","labelName":"Skill"},"textPosition":{"start":{"row":1,"column":0,"tokenIndex":44,"charIndex":0},"end":{"row":1,"column":0,"tokenIndex":45,"charIndex":4}},"confidenceScore":null},{"id":"1663413216","labeledBy":"LABELER","labeledByUserId":6814,"acceptedByUserId":null,"rejectedByUserId":null,"layer":0,"counter":0,"status":"ACCEPTED","hashCode":"SPAN:eS2knCRgLegeRw8bcmSWA:0:1:0:47:0:1:0:48:9:0:undefined:undefined","labelName":"eS2knCRgLegeRw8bcmSWA","labelItem":{"id":"eS2knCRgLegeRw8bcmSWA","labelName":"Skill"},"textPosition":{"start":{"row":1,"column":0,"tokenIndex":47,"charIndex":0},"end":{"row":1,"column":0,"tokenIndex":48,"charIndex":9}},"confidenceScore":null},{"id":"1663413219","labeledBy":"LABELER","labeledByUserId":6814,"acceptedByUserId":null,"rejectedByUserId":null,"layer":0,"counter":0,"status":"ACCEPTED","hashCode":"SPAN:eS2knCRgLegeRw8bcmSWA:0:1:0:52:0:1:0:53:7:0:undefined:undefined","labelName":"eS2knCRgLegeRw8bcmSWA","labelItem":{"id":"eS2knCRgLegeRw8bcmSWA","labelName":"Skill"},"textPosition":{"start":{"row":1,"column":0,"tokenIndex":52,"charIndex":0},"end":{"row":1,"column":0,"tokenIndex":53,"charIndex":7}},"confidenceScore":null},{"id":"1663413222","labeledBy":"LABELER","labeledByUserId":6814,"acceptedByUserId":null,"rejectedByUserId":null,"layer":0,"counter":0,"status":"ACCEPTED","hashCode":"SPAN:eS2knCRgLegeRw8bcmSWA:0:1:0:69:0:1:0:70:7:0:undefined:undefined","labelName":"eS2knCRgLegeRw8bcmSWA","labelItem":{"id":"eS2knCRgLegeRw8bcmSWA","labelName":"Skill"},"textPosition":{"start":{"row":1,"column":0,"tokenIndex":69,"charIndex":0},"end":{"row":1,"column":0,"tokenIndex":70,"charIndex":7}},"confidenceScore":null},{"id":"1663413225","labeledBy":"LABELER","labeledByUserId":6814,"acceptedByUserId":null,"rejectedByUserId":null,"layer":0,"counter":0,"status":"ACCEPTED","hashCode":"SPAN:eS2knCRgLegeRw8bcmSWA:0:1:0:79:0:1:0:79:2:0:undefined:undefined","labelName":"eS2knCRgLegeRw8bcmSWA","labelItem":{"id":"eS2knCRgLegeRw8bcmSWA","labelName":"Skill"},"textPosition":{"start":{"row":1,"column":0,"tokenIndex":79,"charIndex":0},"end":{"row":1,"column":0,"tokenIndex":79,"charIndex":2}},"confidenceScore":null},{"id":"1663413228","labeledBy":"LABELER","labeledByUserId":6814,"acceptedByUserId":null,"rejectedByUserId":null,"layer":0,"counter":0,"status":"ACCEPTED","hashCode":"SPAN:eS2knCRgLegeRw8bcmSWA:0:1:0:80:0:1:0:80:2:0:undefined:undefined","labelName":"eS2knCRgLegeRw8bcmSWA","labelItem":{"id":"eS2knCRgLegeRw8bcmSWA","labelName":"Skill"},"textPosition":{"start":{"row":1,"column":0,"tokenIndex":80,"charIndex":0},"end":{"row":1,"column":0,"tokenIndex":80,"charIndex":2}},"confidenceScore":null},{"id":"1663413231","labeledBy":"LABELER","labeledByUserId":6814,"acceptedByUserId":null,"rejectedByUserId":null,"layer":0,"counter":0,"status":"ACCEPTED","hashCode":"SPAN:eS2knCRgLegeRw8bcmSWA:0:1:0:82:0:1:0:82:1:0:undefined:undefined","labelName":"eS2knCRgLegeRw8bcmSWA","labelItem":{"id":"eS2knCRgLegeRw8bcmSWA","labelName":"Skill"},"textPosition":{"start":{"row":1,"column":0,"tokenIndex":82,"charIndex":0},"end":{"row":1,"column":0,"tokenIndex":82,"charIndex":1}},"confidenceScore":null},{"id":"1663413234","labeledBy":"LABELER","labeledByUserId":6814,"acceptedByUserId":null,"rejectedByUserId":null,"layer":0,"counter":0,"status":"ACCEPTED","hashCode":"SPAN:eS2knCRgLegeRw8bcmSWA:0:1:0:89:0:1:0:90:10:0:undefined:undefined","labelName":"eS2knCRgLegeRw8bcmSWA","labelItem":{"id":"eS2knCRgLegeRw8bcmSWA","labelName":"Skill"},"textPosition":{"start":{"row":1,"column":0,"tokenIndex":89,"charIndex":0},"end":{"row":1,"column":0,"tokenIndex":90,"charIndex":10}},"confidenceScore":null},{"id":"1663413243","labeledBy":"LABELER","labeledByUserId":6814,"acceptedByUserId":null,"rejectedByUserId":null,"layer":0,"counter":0,"status":"ACCEPTED","hashCode":"SPAN:eS2knCRgLegeRw8bcmSWA:0:1:0:92:0:1:0:92:3:0:undefined:undefined","labelName":"eS2knCRgLegeRw8bcmSWA","labelItem":{"id":"eS2knCRgLegeRw8bcmSWA","labelName":"Skill"},"textPosition":{"start":{"row":1,"column":0,"tokenIndex":92,"charIndex":0},"end":{"row":1,"column":0,"tokenIndex":92,"charIndex":3}},"confidenceScore":null},{"id":"1663413246","labeledBy":"LABELER","labeledByUserId":6814,"acceptedByUserId":null,"rejectedByUserId":null,"layer":0,"counter":0,"status":"ACCEPTED","hashCode":"SPAN:SJEkdao76hjwbb6Fh5SY6:0:1:0:93:0:1:0:94:6:0:undefined:undefined","labelName":"SJEkdao76hjwbb6Fh5SY6","labelItem":{"id":"SJEkdao76hjwbb6Fh5SY6","labelName":"Job Title"},"textPosition":{"start":{"row":1,"column":0,"tokenIndex":93,"charIndex":0},"end":{"row":1,"column":0,"tokenIndex":94,"charIndex":6}},"confidenceScore":null},{"id":"1663413249","labeledBy":"LABELER","labeledByUserId":6814,"acceptedByUserId":null,"rejectedByUserId":null,"layer":0,"counter":0,"status":"ACCEPTED","hashCode":"SPAN:rj7TW0-ymuRo6f_asXJab:0:1:0:95:0:1:0:96:6:0:undefined:undefined","labelName":"rj7TW0-ymuRo6f_asXJab","labelItem":{"id":"rj7TW0-ymuRo6f_asXJab","labelName":"Company Name"},"textPosition":{"start":{"row":1,"column":0,"tokenIndex":95,"charIndex":0},"end":{"row":1,"column":0,"tokenIndex":96,"charIndex":6}},"confidenceScore":null},{"id":"1663413252","labeledBy":"LABELER","labeledByUserId":6814,"acceptedByUserId":null,"rejectedByUserId":null,"layer":0,"counter":0,"status":"ACCEPTED","hashCode":"SPAN:1R0C50AAwFbEp2O0WmRv6:0:1:0:98:0:1:0:98:12:0:undefined:undefined","labelName":"1R0C50AAwFbEp2O0WmRv6","labelItem":{"id":"1R0C50AAwFbEp2O0WmRv6","labelName":"Location"},"textPosition":{"start":{"row":1,"column":0,"tokenIndex":98,"charIndex":0},"end":{"row":1,"column":0,"tokenIndex":98,"charIndex":12}},"confidenceScore":null},{"id":"1663413255","labeledBy":"LABELER","labeledByUserId":6814,"acceptedByUserId":null,"rejectedByUserId":null,"layer":0,"counter":0,"status":"ACCEPTED","hashCode":"SPAN:1R0C50AAwFbEp2O0WmRv6:0:1:0:99:0:1:0:99:1:0:undefined:undefined","labelName":"1R0C50AAwFbEp2O0WmRv6","labelItem":{"id":"1R0C50AAwFbEp2O0WmRv6","labelName":"Location"},"textPosition":{"start":{"row":1,"column":0,"tokenIndex":99,"charIndex":0},"end":{"row":1,"column":0,"tokenIndex":99,"charIndex":1}},"confidenceScore":null},{"id":"1663413258","labeledBy":"LABELER","labeledByUserId":6814,"acceptedByUserId":null,"rejectedByUserId":null,"layer":0,"counter":0,"status":"ACCEPTED","hashCode":"SPAN:52S_6moRfhjC-yXgIBeCp:0:1:0:100:0:1:0:101:3:0:undefined:undefined","labelName":"52S_6moRfhjC-yXgIBeCp","labelItem":{"id":"52S_6moRfhjC-yXgIBeCp","labelName":"Date"},"textPosition":{"start":{"row":1,"column":0,"tokenIndex":100,"charIndex":0},"end":{"row":1,"column":0,"tokenIndex":101,"charIndex":3}},"confidenceScore":null},{"id":"1663413261","labeledBy":"LABELER","labeledByUserId":6814,"acceptedByUserId":null,"rejectedByUserId":null,"layer":0,"counter":0,"status":"ACCEPTED","hashCode":"SPAN:52S_6moRfhjC-yXgIBeCp:0:1:0:103:0:1:0:104:3:0:undefined:undefined","labelName":"52S_6moRfhjC-yXgIBeCp","labelItem":{"id":"52S_6moRfhjC-yXgIBeCp","labelName":"Date"},"textPosition":{"start":{"row":1,"column":0,"tokenIndex":103,"charIndex":0},"end":{"row":1,"column":0,"tokenIndex":104,"charIndex":3}},"confidenceScore":null},{"id":"1663413264","labeledBy":"LABELER","labeledByUserId":6814,"acceptedByUserId":null,"rejectedByUserId":null,"layer":0,"counter":0,"status":"ACCEPTED","hashCode":"SPAN:eS2knCRgLegeRw8bcmSWA:0:1:0:106:0:1:0:106:2:0:undefined:undefined","labelName":"eS2knCRgLegeRw8bcmSWA","labelItem":{"id":"eS2knCRgLegeRw8bcmSWA","labelName":"Skill"},"textPosition":{"start":{"row":1,"column":0,"tokenIndex":106,"charIndex":0},"end":{"row":1,"column":0,"tokenIndex":106,"charIndex":2}},"confidenceScore":null},{"id":"1663413267","labeledBy":"LABELER","labeledByUserId":6814,"acceptedByUserId":null,"rejectedByUserId":null,"layer":0,"counter":0,"status":"ACCEPTED","hashCode":"SPAN:eS2knCRgLegeRw8bcmSWA:0:1:0:121:0:1:0:122:9:0:undefined:undefined","labelName":"eS2knCRgLegeRw8bcmSWA","labelItem":{"id":"eS2knCRgLegeRw8bcmSWA","labelName":"Skill"},"textPosition":{"start":{"row":1,"column":0,"tokenIndex":121,"charIndex":0},"end":{"row":1,"column":0,"tokenIndex":122,"charIndex":9}},"confidenceScore":null},{"id":"1663413270","labeledBy":"LABELER","labeledByUserId":6814,"acceptedByUserId":null,"rejectedByUserId":null,"layer":0,"counter":0,"status":"ACCEPTED","hashCode":"SPAN:eS2knCRgLegeRw8bcmSWA:0:1:0:124:0:1:0:126:6:0:undefined:undefined","labelName":"eS2knCRgLegeRw8bcmSWA","labelItem":{"id":"eS2knCRgLegeRw8bcmSWA","labelName":"Skill"},"textPosition":{"start":{"row":1,"column":0,"tokenIndex":124,"charIndex":0},"end":{"row":1,"column":0,"tokenIndex":126,"charIndex":6}},"confidenceScore":null},{"id":"1663413276","labeledBy":"LABELER","labeledByUserId":6814,"acceptedByUserId":null,"rejectedByUserId":null,"layer":0,"counter":0,"status":"ACCEPTED","hashCode":"SPAN:eS2knCRgLegeRw8bcmSWA:0:1:0:137:0:1:0:137:3:0:undefined:undefined","labelName":"eS2knCRgLegeRw8bcmSWA","labelItem":{"id":"eS2knCRgLegeRw8bcmSWA","labelName":"Skill"},"textPosition":{"start":{"row":1,"column":0,"tokenIndex":137,"charIndex":0},"end":{"row":1,"column":0,"tokenIndex":137,"charIndex":3}},"confidenceScore":null},{"id":"1663413282","labeledBy":"LABELER","labeledByUserId":6814,"acceptedByUserId":null,"rejectedByUserId":null,"layer":0,"counter":0,"status":"ACCEPTED","hashCode":"SPAN:eS2knCRgLegeRw8bcmSWA:0:1:0:146:0:1:0:148:11:0:undefined:undefined","labelName":"eS2knCRgLegeRw8bcmSWA","labelItem":{"id":"eS2knCRgLegeRw8bcmSWA","labelName":"Skill"},"textPosition":{"start":{"row":1,"column":0,"tokenIndex":146,"charIndex":0},"end":{"row":1,"column":0,"tokenIndex":148,"charIndex":11}},"confidenceScore":null},{"id":"1663413283","labeledBy":"LABELER","labeledByUserId":6814,"acceptedByUserId":null,"rejectedByUserId":null,"layer":0,"counter":0,"status":"ACCEPTED","hashCode":"SPAN:eS2knCRgLegeRw8bcmSWA:0:1:0:149:0:1:0:149:2:0:undefined:undefined","labelName":"eS2knCRgLegeRw8bcmSWA","labelItem":{"id":"eS2knCRgLegeRw8bcmSWA","labelName":"Skill"},"textPosition":{"start":{"row":1,"column":0,"tokenIndex":149,"charIndex":0},"end":{"row":1,"column":0,"tokenIndex":149,"charIndex":2}},"confidenceScore":null},{"id":"1663413286","labeledBy":"LABELER","labeledByUserId":6814,"acceptedByUserId":null,"rejectedByUserId":null,"layer":0,"counter":0,"status":"ACCEPTED","hashCode":"SPAN:eS2knCRgLegeRw8bcmSWA:0:1:0:150:0:1:0:150:5:0:undefined:undefined","labelName":"eS2knCRgLegeRw8bcmSWA","labelItem":{"id":"eS2knCRgLegeRw8bcmSWA","labelName":"Skill"},"textPosition":{"start":{"row":1,"column":0,"tokenIndex":150,"charIndex":0},"end":{"row":1,"column":0,"tokenIndex":150,"charIndex":5}},"confidenceScore":null},{"id":"1663413291","labeledBy":"LABELER","labeledByUserId":6814,"acceptedByUserId":null,"rejectedByUserId":null,"layer":0,"counter":0,"status":"ACCEPTED","hashCode":"SPAN:eS2knCRgLegeRw8bcmSWA:0:1:0:152:0:1:0:152:9:0:undefined:undefined","labelName":"eS2knCRgLegeRw8bcmSWA","labelItem":{"id":"eS2knCRgLegeRw8bcmSWA","labelName":"Skill"},"textPosition":{"start":{"row":1,"column":0,"tokenIndex":152,"charIndex":0},"end":{"row":1,"column":0,"tokenIndex":152,"charIndex":9}},"confidenceScore":null},{"id":"1663413294","labeledBy":"LABELER","labeledByUserId":6814,"acceptedByUserId":null,"rejectedByUserId":null,"layer":0,"counter":0,"status":"ACCEPTED","hashCode":"SPAN:eS2knCRgLegeRw8bcmSWA:0:1:0:160:0:1:0:160:3:0:undefined:undefined","labelName":"eS2knCRgLegeRw8bcmSWA","labelItem":{"id":"eS2knCRgLegeRw8bcmSWA","labelName":"Skill"},"textPosition":{"start":{"row":1,"column":0,"tokenIndex":160,"charIndex":0},"end":{"row":1,"column":0,"tokenIndex":160,"charIndex":3}},"confidenceScore":null},{"id":"1663413300","labeledBy":"LABELER","labeledByUserId":6814,"acceptedByUserId":null,"rejectedByUserId":null,"layer":0,"counter":0,"status":"ACCEPTED","hashCode":"SPAN:eS2knCRgLegeRw8bcmSWA:0:1:0:182:0:1:0:182:2:0:undefined:undefined","labelName":"eS2knCRgLegeRw8bcmSWA","labelItem":{"id":"eS2knCRgLegeRw8bcmSWA","labelName":"Skill"},"textPosition":{"start":{"row":1,"column":0,"tokenIndex":182,"charIndex":0},"end":{"row":1,"column":0,"tokenIndex":182,"charIndex":2}},"confidenceScore":null},{"id":"1663413303","labeledBy":"LABELER","labeledByUserId":6814,"acceptedByUserId":null,"rejectedByUserId":null,"layer":0,"counter":0,"status":"ACCEPTED","hashCode":"SPAN:eS2knCRgLegeRw8bcmSWA:0:1:0:196:0:1:0:196:1:0:undefined:undefined","labelName":"eS2knCRgLegeRw8bcmSWA","labelItem":{"id":"eS2knCRgLegeRw8bcmSWA","labelName":"Skill"},"textPosition":{"start":{"row":1,"column":0,"tokenIndex":196,"charIndex":0},"end":{"row":1,"column":0,"tokenIndex":196,"charIndex":1}},"confidenceScore":null},{"id":"1663413312","labeledBy":"LABELER","labeledByUserId":6814,"acceptedByUserId":null,"rejectedByUserId":null,"layer":0,"counter":0,"status":"ACCEPTED","hashCode":"SPAN:SJEkdao76hjwbb6Fh5SY6:0:2:0:39:0:2:0:41:6:0:undefined:undefined","labelName":"SJEkdao76hjwbb6Fh5SY6","labelItem":{"id":"SJEkdao76hjwbb6Fh5SY6","labelName":"Job Title"},"textPosition":{"start":{"row":2,"column":0,"tokenIndex":39,"charIndex":0},"end":{"row":2,"column":0,"tokenIndex":41,"charIndex":6}},"confidenceScore":null},{"id":"1663413315","labeledBy":"LABELER","labeledByUserId":6814,"acceptedByUserId":null,"rejectedByUserId":null,"layer":0,"counter":0,"status":"ACCEPTED","hashCode":"SPAN:rj7TW0-ymuRo6f_asXJab:0:2:0:42:0:2:0:44:2:0:undefined:undefined","labelName":"rj7TW0-ymuRo6f_asXJab","labelItem":{"id":"rj7TW0-ymuRo6f_asXJab","labelName":"Company Name"},"textPosition":{"start":{"row":2,"column":0,"tokenIndex":42,"charIndex":0},"end":{"row":2,"column":0,"tokenIndex":44,"charIndex":2}},"confidenceScore":null},{"id":"1663413318","labeledBy":"LABELER","labeledByUserId":6814,"acceptedByUserId":null,"rejectedByUserId":null,"layer":0,"counter":0,"status":"ACCEPTED","hashCode":"SPAN:1R0C50AAwFbEp2O0WmRv6:0:2:0:46:0:2:0:46:12:0:undefined:undefined","labelName":"1R0C50AAwFbEp2O0WmRv6","labelItem":{"id":"1R0C50AAwFbEp2O0WmRv6","labelName":"Location"},"textPosition":{"start":{"row":2,"column":0,"tokenIndex":46,"charIndex":0},"end":{"row":2,"column":0,"tokenIndex":46,"charIndex":12}},"confidenceScore":null},{"id":"1663413324","labeledBy":"LABELER","labeledByUserId":6814,"acceptedByUserId":null,"rejectedByUserId":null,"layer":0,"counter":0,"status":"ACCEPTED","hashCode":"SPAN:1R0C50AAwFbEp2O0WmRv6:0:2:0:47:0:2:0:47:1:0:undefined:undefined","labelName":"1R0C50AAwFbEp2O0WmRv6","labelItem":{"id":"1R0C50AAwFbEp2O0WmRv6","labelName":"Location"},"textPosition":{"start":{"row":2,"column":0,"tokenIndex":47,"charIndex":0},"end":{"row":2,"column":0,"tokenIndex":47,"charIndex":1}},"confidenceScore":null},{"id":"1663413327","labeledBy":"LABELER","labeledByUserId":6814,"acceptedByUserId":null,"rejectedByUserId":null,"layer":0,"counter":0,"status":"ACCEPTED","hashCode":"SPAN:52S_6moRfhjC-yXgIBeCp:0:2:0:48:0:2:0:49:3:0:undefined:undefined","labelName":"52S_6moRfhjC-yXgIBeCp","labelItem":{"id":"52S_6moRfhjC-yXgIBeCp","labelName":"Date"},"textPosition":{"start":{"row":2,"column":0,"tokenIndex":48,"charIndex":0},"end":{"row":2,"column":0,"tokenIndex":49,"charIndex":3}},"confidenceScore":null},{"id":"1663413330","labeledBy":"LABELER","labeledByUserId":6814,"acceptedByUserId":null,"rejectedByUserId":null,"layer":0,"counter":0,"status":"ACCEPTED","hashCode":"SPAN:52S_6moRfhjC-yXgIBeCp:0:2:0:50:0:2:0:52:3:0:undefined:undefined","labelName":"52S_6moRfhjC-yXgIBeCp","labelItem":{"id":"52S_6moRfhjC-yXgIBeCp","labelName":"Date"},"textPosition":{"start":{"row":2,"column":0,"tokenIndex":50,"charIndex":0},"end":{"row":2,"column":0,"tokenIndex":52,"charIndex":3}},"confidenceScore":null},{"id":"1663413336","labeledBy":"LABELER","labeledByUserId":6814,"acceptedByUserId":null,"rejectedByUserId":null,"layer":0,"counter":0,"status":"ACCEPTED","hashCode":"SPAN:eS2knCRgLegeRw8bcmSWA:0:2:0:67:0:2:0:68:12:0:undefined:undefined","labelName":"eS2knCRgLegeRw8bcmSWA","labelItem":{"id":"eS2knCRgLegeRw8bcmSWA","labelName":"Skill"},"textPosition":{"start":{"row":2,"column":0,"tokenIndex":67,"charIndex":0},"end":{"row":2,"column":0,"tokenIndex":68,"charIndex":12}},"confidenceScore":null},{"id":"1663413342","labeledBy":"LABELER","labeledByUserId":6814,"acceptedByUserId":null,"rejectedByUserId":null,"layer":0,"counter":0,"status":"ACCEPTED","hashCode":"SPAN:eS2knCRgLegeRw8bcmSWA:0:2:0:84:0:2:0:85:8:0:undefined:undefined","labelName":"eS2knCRgLegeRw8bcmSWA","labelItem":{"id":"eS2knCRgLegeRw8bcmSWA","labelName":"Skill"},"textPosition":{"start":{"row":2,"column":0,"tokenIndex":84,"charIndex":0},"end":{"row":2,"column":0,"tokenIndex":85,"charIndex":8}},"confidenceScore":null},{"id":"1663413345","labeledBy":"LABELER","labeledByUserId":6814,"acceptedByUserId":null,"rejectedByUserId":null,"layer":0,"counter":0,"status":"ACCEPTED","hashCode":"SPAN:eS2knCRgLegeRw8bcmSWA:0:2:0:89:0:2:0:90:9:0:undefined:undefined","labelName":"eS2knCRgLegeRw8bcmSWA","labelItem":{"id":"eS2knCRgLegeRw8bcmSWA","labelName":"Skill"},"textPosition":{"start":{"row":2,"column":0,"tokenIndex":89,"charIndex":0},"end":{"row":2,"column":0,"tokenIndex":90,"charIndex":9}},"confidenceScore":null},{"id":"1663413354","labeledBy":"LABELER","labeledByUserId":6814,"acceptedByUserId":null,"rejectedByUserId":null,"layer":0,"counter":0,"status":"ACCEPTED","hashCode":"SPAN:eS2knCRgLegeRw8bcmSWA:0:2:0:99:0:2:0:100:6:0:undefined:undefined","labelName":"eS2knCRgLegeRw8bcmSWA","labelItem":{"id":"eS2knCRgLegeRw8bcmSWA","labelName":"Skill"},"textPosition":{"start":{"row":2,"column":0,"tokenIndex":99,"charIndex":0},"end":{"row":2,"column":0,"tokenIndex":100,"charIndex":6}},"confidenceScore":null},{"id":"1663413357","labeledBy":"LABELER","labeledByUserId":6814,"acceptedByUserId":null,"rejectedByUserId":null,"layer":0,"counter":0,"status":"ACCEPTED","hashCode":"SPAN:eS2knCRgLegeRw8bcmSWA:0:2:0:111:0:2:0:111:3:0:undefined:undefined","labelName":"eS2knCRgLegeRw8bcmSWA","labelItem":{"id":"eS2knCRgLegeRw8bcmSWA","labelName":"Skill"},"textPosition":{"start":{"row":2,"column":0,"tokenIndex":111,"charIndex":0},"end":{"row":2,"column":0,"tokenIndex":111,"charIndex":3}},"confidenceScore":null},{"id":"1663413360","labeledBy":"LABELER","labeledByUserId":6814,"acceptedByUserId":null,"rejectedByUserId":null,"layer":0,"counter":0,"status":"ACCEPTED","hashCode":"SPAN:eS2knCRgLegeRw8bcmSWA:0:2:0:122:0:2:0:122:11:0:undefined:undefined","labelName":"eS2knCRgLegeRw8bcmSWA","labelItem":{"id":"eS2knCRgLegeRw8bcmSWA","labelName":"Skill"},"textPosition":{"start":{"row":2,"column":0,"tokenIndex":122,"charIndex":0},"end":{"row":2,"column":0,"tokenIndex":122,"charIndex":11}},"confidenceScore":null},{"id":"1663413366","labeledBy":"LABELER","labeledByUserId":6814,"acceptedByUserId":null,"rejectedByUserId":null,"layer":0,"counter":0,"status":"ACCEPTED","hashCode":"SPAN:eS2knCRgLegeRw8bcmSWA:0:2:0:123:0:2:0:123:2:0:undefined:undefined","labelName":"eS2knCRgLegeRw8bcmSWA","labelItem":{"id":"eS2knCRgLegeRw8bcmSWA","labelName":"Skill"},"textPosition":{"start":{"row":2,"column":0,"tokenIndex":123,"charIndex":0},"end":{"row":2,"column":0,"tokenIndex":123,"charIndex":2}},"confidenceScore":null},{"id":"1663413369","labeledBy":"LABELER","labeledByUserId":6814,"acceptedByUserId":null,"rejectedByUserId":null,"layer":0,"counter":0,"status":"ACCEPTED","hashCode":"SPAN:eS2knCRgLegeRw8bcmSWA:0:2:0:124:0:2:0:124:5:0:undefined:undefined","labelName":"eS2knCRgLegeRw8bcmSWA","labelItem":{"id":"eS2knCRgLegeRw8bcmSWA","labelName":"Skill"},"textPosition":{"start":{"row":2,"column":0,"tokenIndex":124,"charIndex":0},"end":{"row":2,"column":0,"tokenIndex":124,"charIndex":5}},"confidenceScore":null},{"id":"1663413372","labeledBy":"LABELER","labeledByUserId":6814,"acceptedByUserId":null,"rejectedByUserId":null,"layer":0,"counter":0,"status":"ACCEPTED","hashCode":"SPAN:eS2knCRgLegeRw8bcmSWA:0:2:0:175:0:2:0:175:3:0:undefined:undefined","labelName":"eS2knCRgLegeRw8bcmSWA","labelItem":{"id":"eS2knCRgLegeRw8bcmSWA","labelName":"Skill"},"textPosition":{"start":{"row":2,"column":0,"tokenIndex":175,"charIndex":0},"end":{"row":2,"column":0,"tokenIndex":175,"charIndex":3}},"confidenceScore":null},{"id":"1663413375","labeledBy":"LABELER","labeledByUserId":6814,"acceptedByUserId":null,"rejectedByUserId":null,"layer":0,"counter":0,"status":"ACCEPTED","hashCode":"SPAN:eS2knCRgLegeRw8bcmSWA:0:2:0:192:0:2:0:192:3:0:undefined:undefined","labelName":"eS2knCRgLegeRw8bcmSWA","labelItem":{"id":"eS2knCRgLegeRw8bcmSWA","labelName":"Skill"},"textPosition":{"start":{"row":2,"column":0,"tokenIndex":192,"charIndex":0},"end":{"row":2,"column":0,"tokenIndex":192,"charIndex":3}},"confidenceScore":null},{"id":"1663413378","labeledBy":"LABELER","labeledByUserId":6814,"acceptedByUserId":null,"rejectedByUserId":null,"layer":0,"counter":0,"status":"ACCEPTED","hashCode":"SPAN:eS2knCRgLegeRw8bcmSWA:0:2:0:196:0:2:0:196:2:0:undefined:undefined","labelName":"eS2knCRgLegeRw8bcmSWA","labelItem":{"id":"eS2knCRgLegeRw8bcmSWA","labelName":"Skill"},"textPosition":{"start":{"row":2,"column":0,"tokenIndex":196,"charIndex":0},"end":{"row":2,"column":0,"tokenIndex":196,"charIndex":2}},"confidenceScore":null},{"id":"1663413402","labeledBy":"LABELER","labeledByUserId":6814,"acceptedByUserId":null,"rejectedByUserId":null,"layer":0,"counter":0,"status":"ACCEPTED","hashCode":"SPAN:SJEkdao76hjwbb6Fh5SY6:0:5:0:9:0:5:0:11:6:0:undefined:undefined","labelName":"SJEkdao76hjwbb6Fh5SY6","labelItem":{"id":"SJEkdao76hjwbb6Fh5SY6","labelName":"Job Title"},"textPosition":{"start":{"row":5,"column":0,"tokenIndex":9,"charIndex":0},"end":{"row":5,"column":0,"tokenIndex":11,"charIndex":6}},"confidenceScore":null},{"id":"1663413411","labeledBy":"LABELER","labeledByUserId":6814,"acceptedByUserId":null,"rejectedByUserId":null,"layer":0,"counter":0,"status":"ACCEPTED","hashCode":"SPAN:rj7TW0-ymuRo6f_asXJab:0:5:0:12:0:5:0:12:10:0:undefined:undefined","labelName":"rj7TW0-ymuRo6f_asXJab","labelItem":{"id":"rj7TW0-ymuRo6f_asXJab","labelName":"Company Name"},"textPosition":{"start":{"row":5,"column":0,"tokenIndex":12,"charIndex":0},"end":{"row":5,"column":0,"tokenIndex":12,"charIndex":10}},"confidenceScore":null},{"id":"1663413417","labeledBy":"LABELER","labeledByUserId":6814,"acceptedByUserId":null,"rejectedByUserId":null,"layer":0,"counter":0,"status":"ACCEPTED","hashCode":"SPAN:1R0C50AAwFbEp2O0WmRv6:0:5:0:14:0:5:0:14:6:0:undefined:undefined","labelName":"1R0C50AAwFbEp2O0WmRv6","labelItem":{"id":"1R0C50AAwFbEp2O0WmRv6","labelName":"Location"},"textPosition":{"start":{"row":5,"column":0,"tokenIndex":14,"charIndex":0},"end":{"row":5,"column":0,"tokenIndex":14,"charIndex":6}},"confidenceScore":null},{"id":"1663413420","labeledBy":"LABELER","labeledByUserId":6814,"acceptedByUserId":null,"rejectedByUserId":null,"layer":0,"counter":0,"status":"ACCEPTED","hashCode":"SPAN:1R0C50AAwFbEp2O0WmRv6:0:5:0:15:0:5:0:15:1:0:undefined:undefined","labelName":"1R0C50AAwFbEp2O0WmRv6","labelItem":{"id":"1R0C50AAwFbEp2O0WmRv6","labelName":"Location"},"textPosition":{"start":{"row":5,"column":0,"tokenIndex":15,"charIndex":0},"end":{"row":5,"column":0,"tokenIndex":15,"charIndex":1}},"confidenceScore":null},{"id":"1663413430","labeledBy":"LABELER","labeledByUserId":6814,"acceptedByUserId":null,"rejectedByUserId":null,"layer":0,"counter":0,"status":"ACCEPTED","hashCode":"SPAN:52S_6moRfhjC-yXgIBeCp:0:5:0:16:0:5:0:17:3:0:undefined:undefined","labelName":"52S_6moRfhjC-yXgIBeCp","labelItem":{"id":"52S_6moRfhjC-yXgIBeCp","labelName":"Date"},"textPosition":{"start":{"row":5,"column":0,"tokenIndex":16,"charIndex":0},"end":{"row":5,"column":0,"tokenIndex":17,"charIndex":3}},"confidenceScore":null},{"id":"1663413435","labeledBy":"LABELER","labeledByUserId":6814,"acceptedByUserId":null,"rejectedByUserId":null,"layer":0,"counter":0,"status":"ACCEPTED","hashCode":"SPAN:52S_6moRfhjC-yXgIBeCp:0:5:0:19:0:5:0:20:3:0:undefined:undefined","labelName":"52S_6moRfhjC-yXgIBeCp","labelItem":{"id":"52S_6moRfhjC-yXgIBeCp","labelName":"Date"},"textPosition":{"start":{"row":5,"column":0,"tokenIndex":19,"charIndex":0},"end":{"row":5,"column":0,"tokenIndex":20,"charIndex":3}},"confidenceScore":null},{"id":"1663413450","labeledBy":"LABELER","labeledByUserId":6814,"acceptedByUserId":null,"rejectedByUserId":null,"layer":0,"counter":0,"status":"ACCEPTED","hashCode":"SPAN:eS2knCRgLegeRw8bcmSWA:0:5:0:26:0:5:0:26:3:0:undefined:undefined","labelName":"eS2knCRgLegeRw8bcmSWA","labelItem":{"id":"eS2knCRgLegeRw8bcmSWA","labelName":"Skill"},"textPosition":{"start":{"row":5,"column":0,"tokenIndex":26,"charIndex":0},"end":{"row":5,"column":0,"tokenIndex":26,"charIndex":3}},"confidenceScore":null},{"id":"1663413462","labeledBy":"LABELER","labeledByUserId":6814,"acceptedByUserId":null,"rejectedByUserId":null,"layer":0,"counter":0,"status":"ACCEPTED","hashCode":"SPAN:eS2knCRgLegeRw8bcmSWA:0:5:0:39:0:5:0:40:5:0:undefined:undefined","labelName":"eS2knCRgLegeRw8bcmSWA","labelItem":{"id":"eS2knCRgLegeRw8bcmSWA","labelName":"Skill"},"textPosition":{"start":{"row":5,"column":0,"tokenIndex":39,"charIndex":0},"end":{"row":5,"column":0,"tokenIndex":40,"charIndex":5}},"confidenceScore":null},{"id":"1663413474","labeledBy":"LABELER","labeledByUserId":6814,"acceptedByUserId":null,"rejectedByUserId":null,"layer":0,"counter":0,"status":"ACCEPTED","hashCode":"SPAN:eS2knCRgLegeRw8bcmSWA:0:5:0:50:0:5:0:50:3:0:undefined:undefined","labelName":"eS2knCRgLegeRw8bcmSWA","labelItem":{"id":"eS2knCRgLegeRw8bcmSWA","labelName":"Skill"},"textPosition":{"start":{"row":5,"column":0,"tokenIndex":50,"charIndex":0},"end":{"row":5,"column":0,"tokenIndex":50,"charIndex":3}},"confidenceScore":null},{"id":"1663413481","labeledBy":"LABELER","labeledByUserId":6814,"acceptedByUserId":null,"rejectedByUserId":null,"layer":0,"counter":0,"status":"ACCEPTED","hashCode":"SPAN:eS2knCRgLegeRw8bcmSWA:0:5:0:51:0:5:0:51:1:0:undefined:undefined","labelName":"eS2knCRgLegeRw8bcmSWA","labelItem":{"id":"eS2knCRgLegeRw8bcmSWA","labelName":"Skill"},"textPosition":{"start":{"row":5,"column":0,"tokenIndex":51,"charIndex":0},"end":{"row":5,"column":0,"tokenIndex":51,"charIndex":1}},"confidenceScore":null},{"id":"1663413489","labeledBy":"LABELER","labeledByUserId":6814,"acceptedByUserId":null,"rejectedByUserId":null,"layer":0,"counter":0,"status":"ACCEPTED","hashCode":"SPAN:eS2knCRgLegeRw8bcmSWA:0:5:0:52:0:5:0:52:7:0:undefined:undefined","labelName":"eS2knCRgLegeRw8bcmSWA","labelItem":{"id":"eS2knCRgLegeRw8bcmSWA","labelName":"Skill"},"textPosition":{"start":{"row":5,"column":0,"tokenIndex":52,"charIndex":0},"end":{"row":5,"column":0,"tokenIndex":52,"charIndex":7}},"confidenceScore":null},{"id":"1663413510","labeledBy":"LABELER","labeledByUserId":6814,"acceptedByUserId":null,"rejectedByUserId":null,"layer":0,"counter":0,"status":"ACCEPTED","hashCode":"SPAN:SJEkdao76hjwbb6Fh5SY6:0:5:0:105:0:5:0:106:10:0:undefined:undefined","labelName":"SJEkdao76hjwbb6Fh5SY6","labelItem":{"id":"SJEkdao76hjwbb6Fh5SY6","labelName":"Job Title"},"textPosition":{"start":{"row":5,"column":0,"tokenIndex":105,"charIndex":0},"end":{"row":5,"column":0,"tokenIndex":106,"charIndex":10}},"confidenceScore":null},{"id":"1663413513","labeledBy":"LABELER","labeledByUserId":6814,"acceptedByUserId":null,"rejectedByUserId":null,"layer":0,"counter":0,"status":"ACCEPTED","hashCode":"SPAN:rj7TW0-ymuRo6f_asXJab:0:5:0:107:0:5:0:107:4:0:undefined:undefined","labelName":"rj7TW0-ymuRo6f_asXJab","labelItem":{"id":"rj7TW0-ymuRo6f_asXJab","labelName":"Company Name"},"textPosition":{"start":{"row":5,"column":0,"tokenIndex":107,"charIndex":0},"end":{"row":5,"column":0,"tokenIndex":107,"charIndex":4}},"confidenceScore":null},{"id":"1663413516","labeledBy":"LABELER","labeledByUserId":6814,"acceptedByUserId":null,"rejectedByUserId":null,"layer":0,"counter":0,"status":"ACCEPTED","hashCode":"SPAN:1R0C50AAwFbEp2O0WmRv6:0:5:0:109:0:5:0:109:6:0:undefined:undefined","labelName":"1R0C50AAwFbEp2O0WmRv6","labelItem":{"id":"1R0C50AAwFbEp2O0WmRv6","labelName":"Location"},"textPosition":{"start":{"row":5,"column":0,"tokenIndex":109,"charIndex":0},"end":{"row":5,"column":0,"tokenIndex":109,"charIndex":6}},"confidenceScore":null},{"id":"1663413519","labeledBy":"LABELER","labeledByUserId":6814,"acceptedByUserId":null,"rejectedByUserId":null,"layer":0,"counter":0,"status":"ACCEPTED","hashCode":"SPAN:1R0C50AAwFbEp2O0WmRv6:0:5:0:110:0:5:0:110:1:0:undefined:undefined","labelName":"1R0C50AAwFbEp2O0WmRv6","labelItem":{"id":"1R0C50AAwFbEp2O0WmRv6","labelName":"Location"},"textPosition":{"start":{"row":5,"column":0,"tokenIndex":110,"charIndex":0},"end":{"row":5,"column":0,"tokenIndex":110,"charIndex":1}},"confidenceScore":null},{"id":"1663413525","labeledBy":"LABELER","labeledByUserId":6814,"acceptedByUserId":null,"rejectedByUserId":null,"layer":0,"counter":0,"status":"ACCEPTED","hashCode":"SPAN:52S_6moRfhjC-yXgIBeCp:0:5:0:111:0:5:0:112:3:0:undefined:undefined","labelName":"52S_6moRfhjC-yXgIBeCp","labelItem":{"id":"52S_6moRfhjC-yXgIBeCp","labelName":"Date"},"textPosition":{"start":{"row":5,"column":0,"tokenIndex":111,"charIndex":0},"end":{"row":5,"column":0,"tokenIndex":112,"charIndex":3}},"confidenceScore":null},{"id":"1663413528","labeledBy":"LABELER","labeledByUserId":6814,"acceptedByUserId":null,"rejectedByUserId":null,"layer":0,"counter":0,"status":"ACCEPTED","hashCode":"SPAN:52S_6moRfhjC-yXgIBeCp:0:5:0:114:0:5:0:115:3:0:undefined:undefined","labelName":"52S_6moRfhjC-yXgIBeCp","labelItem":{"id":"52S_6moRfhjC-yXgIBeCp","labelName":"Date"},"textPosition":{"start":{"row":5,"column":0,"tokenIndex":114,"charIndex":0},"end":{"row":5,"column":0,"tokenIndex":115,"charIndex":3}},"confidenceScore":null},{"id":"1663413531","labeledBy":"LABELER","labeledByUserId":6814,"acceptedByUserId":null,"rejectedByUserId":null,"layer":0,"counter":0,"status":"ACCEPTED","hashCode":"SPAN:eS2knCRgLegeRw8bcmSWA:0:5:0:116:0:5:0:116:10:0:undefined:undefined","labelName":"eS2knCRgLegeRw8bcmSWA","labelItem":{"id":"eS2knCRgLegeRw8bcmSWA","labelName":"Skill"},"textPosition":{"start":{"row":5,"column":0,"tokenIndex":116,"charIndex":0},"end":{"row":5,"column":0,"tokenIndex":116,"charIndex":10}},"confidenceScore":null},{"id":"1663413537","labeledBy":"LABELER","labeledByUserId":6814,"acceptedByUserId":null,"rejectedByUserId":null,"layer":0,"counter":0,"status":"ACCEPTED","hashCode":"SPAN:eS2knCRgLegeRw8bcmSWA:0:5:0:119:0:5:0:119:4:0:undefined:undefined","labelName":"eS2knCRgLegeRw8bcmSWA","labelItem":{"id":"eS2knCRgLegeRw8bcmSWA","labelName":"Skill"},"textPosition":{"start":{"row":5,"column":0,"tokenIndex":119,"charIndex":0},"end":{"row":5,"column":0,"tokenIndex":119,"charIndex":4}},"confidenceScore":null},{"id":"1663413543","labeledBy":"LABELER","labeledByUserId":6814,"acceptedByUserId":null,"rejectedByUserId":null,"layer":0,"counter":0,"status":"ACCEPTED","hashCode":"SPAN:eS2knCRgLegeRw8bcmSWA:0:5:0:146:0:5:0:147:4:0:undefined:undefined","labelName":"eS2knCRgLegeRw8bcmSWA","labelItem":{"id":"eS2knCRgLegeRw8bcmSWA","labelName":"Skill"},"textPosition":{"start":{"row":5,"column":0,"tokenIndex":146,"charIndex":0},"end":{"row":5,"column":0,"tokenIndex":147,"charIndex":4}},"confidenceScore":null},{"id":"1663413546","labeledBy":"LABELER","labeledByUserId":6814,"acceptedByUserId":null,"rejectedByUserId":null,"layer":0,"counter":0,"status":"ACCEPTED","hashCode":"SPAN:eS2knCRgLegeRw8bcmSWA:0:5:0:149:0:5:0:149:1:0:undefined:undefined","labelName":"eS2knCRgLegeRw8bcmSWA","labelItem":{"id":"eS2knCRgLegeRw8bcmSWA","labelName":"Skill"},"textPosition":{"start":{"row":5,"column":0,"tokenIndex":149,"charIndex":0},"end":{"row":5,"column":0,"tokenIndex":149,"charIndex":1}},"confidenceScore":null},{"id":"1663413549","labeledBy":"LABELER","labeledByUserId":6814,"acceptedByUserId":null,"rejectedByUserId":null,"layer":0,"counter":0,"status":"ACCEPTED","hashCode":"SPAN:eS2knCRgLegeRw8bcmSWA:0:5:0:151:0:5:0:151:5:0:undefined:undefined","labelName":"eS2knCRgLegeRw8bcmSWA","labelItem":{"id":"eS2knCRgLegeRw8bcmSWA","labelName":"Skill"},"textPosition":{"start":{"row":5,"column":0,"tokenIndex":151,"charIndex":0},"end":{"row":5,"column":0,"tokenIndex":151,"charIndex":5}},"confidenceScore":null},{"id":"1663413555","labeledBy":"LABELER","labeledByUserId":6814,"acceptedByUserId":null,"rejectedByUserId":null,"layer":0,"counter":0,"status":"ACCEPTED","hashCode":"SPAN:eS2knCRgLegeRw8bcmSWA:0:5:0:181:0:5:0:181:14:0:undefined:undefined","labelName":"eS2knCRgLegeRw8bcmSWA","labelItem":{"id":"eS2knCRgLegeRw8bcmSWA","labelName":"Skill"},"textPosition":{"start":{"row":5,"column":0,"tokenIndex":181,"charIndex":0},"end":{"row":5,"column":0,"tokenIndex":181,"charIndex":14}},"confidenceScore":null},{"id":"1663413567","labeledBy":"LABELER","labeledByUserId":6814,"acceptedByUserId":null,"rejectedByUserId":null,"layer":0,"counter":0,"status":"ACCEPTED","hashCode":"SPAN:IeEoIKabMl51BJE0gX2YL:0:5:0:204:0:5:0:209:8:0:undefined:undefined","labelName":"IeEoIKabMl51BJE0gX2YL","labelItem":{"id":"IeEoIKabMl51BJE0gX2YL","labelName":"Degree"},"textPosition":{"start":{"row":5,"column":0,"tokenIndex":204,"charIndex":0},"end":{"row":5,"column":0,"tokenIndex":209,"charIndex":8}},"confidenceScore":null},{"id":"1663413570","labeledBy":"LABELER","labeledByUserId":6814,"acceptedByUserId":null,"rejectedByUserId":null,"layer":0,"counter":0,"status":"ACCEPTED","hashCode":"SPAN:Kj5U6n9NUqTXuWcB3c_7L:0:5:0:210:0:5:0:212:4:0:undefined:undefined","labelName":"Kj5U6n9NUqTXuWcB3c_7L","labelItem":{"id":"Kj5U6n9NUqTXuWcB3c_7L","labelName":"College"},"textPosition":{"start":{"row":5,"column":0,"tokenIndex":210,"charIndex":0},"end":{"row":5,"column":0,"tokenIndex":212,"charIndex":4}},"confidenceScore":null},{"id":"1663413579","labeledBy":"LABELER","labeledByUserId":6814,"acceptedByUserId":null,"rejectedByUserId":null,"layer":0,"counter":0,"status":"ACCEPTED","hashCode":"SPAN:Kj5U6n9NUqTXuWcB3c_7L:0:5:0:210:0:5:0:214:5:0:undefined:undefined","labelName":"Kj5U6n9NUqTXuWcB3c_7L","labelItem":{"id":"Kj5U6n9NUqTXuWcB3c_7L","labelName":"College"},"textPosition":{"start":{"row":5,"column":0,"tokenIndex":210,"charIndex":0},"end":{"row":5,"column":0,"tokenIndex":214,"charIndex":5}},"confidenceScore":null},{"id":"1663413582","labeledBy":"LABELER","labeledByUserId":6814,"acceptedByUserId":null,"rejectedByUserId":null,"layer":0,"counter":0,"status":"ACCEPTED","hashCode":"SPAN:1R0C50AAwFbEp2O0WmRv6:0:5:0:216:0:5:0:216:6:0:undefined:undefined","labelName":"1R0C50AAwFbEp2O0WmRv6","labelItem":{"id":"1R0C50AAwFbEp2O0WmRv6","labelName":"Location"},"textPosition":{"start":{"row":5,"column":0,"tokenIndex":216,"charIndex":0},"end":{"row":5,"column":0,"tokenIndex":216,"charIndex":6}},"confidenceScore":null},{"id":"1663413588","labeledBy":"LABELER","labeledByUserId":6814,"acceptedByUserId":null,"rejectedByUserId":null,"layer":0,"counter":0,"status":"ACCEPTED","hashCode":"SPAN:1R0C50AAwFbEp2O0WmRv6:0:5:0:217:0:5:0:217:1:0:undefined:undefined","labelName":"1R0C50AAwFbEp2O0WmRv6","labelItem":{"id":"1R0C50AAwFbEp2O0WmRv6","labelName":"Location"},"textPosition":{"start":{"row":5,"column":0,"tokenIndex":217,"charIndex":0},"end":{"row":5,"column":0,"tokenIndex":217,"charIndex":1}},"confidenceScore":null},{"id":"1663413591","labeledBy":"LABELER","labeledByUserId":6814,"acceptedByUserId":null,"rejectedByUserId":null,"layer":0,"counter":0,"status":"ACCEPTED","hashCode":"SPAN:BjO8MdvK2KI4E5iMEeY4B:0:5:0:218:0:5:0:218:3:0:undefined:undefined","labelName":"BjO8MdvK2KI4E5iMEeY4B","labelItem":{"id":"BjO8MdvK2KI4E5iMEeY4B","labelName":"Graduation Year"},"textPosition":{"start":{"row":5,"column":0,"tokenIndex":218,"charIndex":0},"end":{"row":5,"column":0,"tokenIndex":218,"charIndex":3}},"confidenceScore":null},{"id":"1663413594","labeledBy":"LABELER","labeledByUserId":6814,"acceptedByUserId":null,"rejectedByUserId":null,"layer":0,"counter":0,"status":"ACCEPTED","hashCode":"SPAN:eS2knCRgLegeRw8bcmSWA:0:5:0:220:0:5:0:220:4:0:undefined:undefined","labelName":"eS2knCRgLegeRw8bcmSWA","labelItem":{"id":"eS2knCRgLegeRw8bcmSWA","labelName":"Skill"},"textPosition":{"start":{"row":5,"column":0,"tokenIndex":220,"charIndex":0},"end":{"row":5,"column":0,"tokenIndex":220,"charIndex":4}},"confidenceScore":null},{"id":"1663413597","labeledBy":"LABELER","labeledByUserId":6814,"acceptedByUserId":null,"rejectedByUserId":null,"layer":0,"counter":0,"status":"ACCEPTED","hashCode":"SPAN:eS2knCRgLegeRw8bcmSWA:0:5:0:223:0:5:0:224:10:0:undefined:undefined","labelName":"eS2knCRgLegeRw8bcmSWA","labelItem":{"id":"eS2knCRgLegeRw8bcmSWA","labelName":"Skill"},"textPosition":{"start":{"row":5,"column":0,"tokenIndex":223,"charIndex":0},"end":{"row":5,"column":0,"tokenIndex":224,"charIndex":10}},"confidenceScore":null},{"id":"1663413600","labeledBy":"LABELER","labeledByUserId":6814,"acceptedByUserId":null,"rejectedByUserId":null,"layer":0,"counter":0,"status":"ACCEPTED","hashCode":"SPAN:eS2knCRgLegeRw8bcmSWA:0:5:0:227:0:5:0:228:9:0:undefined:undefined","labelName":"eS2knCRgLegeRw8bcmSWA","labelItem":{"id":"eS2knCRgLegeRw8bcmSWA","labelName":"Skill"},"textPosition":{"start":{"row":5,"column":0,"tokenIndex":227,"charIndex":0},"end":{"row":5,"column":0,"tokenIndex":228,"charIndex":9}},"confidenceScore":null},{"id":"1663413603","labeledBy":"LABELER","labeledByUserId":6814,"acceptedByUserId":null,"rejectedByUserId":null,"layer":0,"counter":0,"status":"ACCEPTED","hashCode":"SPAN:eS2knCRgLegeRw8bcmSWA:0:5:0:231:0:5:0:233:10:0:undefined:undefined","labelName":"eS2knCRgLegeRw8bcmSWA","labelItem":{"id":"eS2knCRgLegeRw8bcmSWA","labelName":"Skill"},"textPosition":{"start":{"row":5,"column":0,"tokenIndex":231,"charIndex":0},"end":{"row":5,"column":0,"tokenIndex":233,"charIndex":10}},"confidenceScore":null},{"id":"1663413606","labeledBy":"LABELER","labeledByUserId":6814,"acceptedByUserId":null,"rejectedByUserId":null,"layer":0,"counter":0,"status":"ACCEPTED","hashCode":"SPAN:eS2knCRgLegeRw8bcmSWA:0:5:0:236:0:5:0:237:7:0:undefined:undefined","labelName":"eS2knCRgLegeRw8bcmSWA","labelItem":{"id":"eS2knCRgLegeRw8bcmSWA","labelName":"Skill"},"textPosition":{"start":{"row":5,"column":0,"tokenIndex":236,"charIndex":0},"end":{"row":5,"column":0,"tokenIndex":237,"charIndex":7}},"confidenceScore":null},{"id":"1663413609","labeledBy":"LABELER","labeledByUserId":6814,"acceptedByUserId":null,"rejectedByUserId":null,"layer":0,"counter":0,"status":"ACCEPTED","hashCode":"SPAN:eS2knCRgLegeRw8bcmSWA:0:5:0:240:0:5:0:240:4:0:undefined:undefined","labelName":"eS2knCRgLegeRw8bcmSWA","labelItem":{"id":"eS2knCRgLegeRw8bcmSWA","labelName":"Skill"},"textPosition":{"start":{"row":5,"column":0,"tokenIndex":240,"charIndex":0},"end":{"row":5,"column":0,"tokenIndex":240,"charIndex":4}},"confidenceScore":null},{"id":"1663413612","labeledBy":"LABELER","labeledByUserId":6814,"acceptedByUserId":null,"rejectedByUserId":null,"layer":0,"counter":0,"status":"ACCEPTED","hashCode":"SPAN:eS2knCRgLegeRw8bcmSWA:0:5:0:241:0:5:0:242:6:0:undefined:undefined","labelName":"eS2knCRgLegeRw8bcmSWA","labelItem":{"id":"eS2knCRgLegeRw8bcmSWA","labelName":"Skill"},"textPosition":{"start":{"row":5,"column":0,"tokenIndex":241,"charIndex":0},"end":{"row":5,"column":0,"tokenIndex":242,"charIndex":6}},"confidenceScore":null},{"id":"1663413615","labeledBy":"LABELER","labeledByUserId":6814,"acceptedByUserId":null,"rejectedByUserId":null,"layer":0,"counter":0,"status":"ACCEPTED","hashCode":"SPAN:eS2knCRgLegeRw8bcmSWA:0:5:0:243:0:5:0:243:9:0:undefined:undefined","labelName":"eS2knCRgLegeRw8bcmSWA","labelItem":{"id":"eS2knCRgLegeRw8bcmSWA","labelName":"Skill"},"textPosition":{"start":{"row":5,"column":0,"tokenIndex":243,"charIndex":0},"end":{"row":5,"column":0,"tokenIndex":243,"charIndex":9}},"confidenceScore":null},{"id":"1663413618","labeledBy":"LABELER","labeledByUserId":6814,"acceptedByUserId":null,"rejectedByUserId":null,"layer":0,"counter":0,"status":"ACCEPTED","hashCode":"SPAN:eS2knCRgLegeRw8bcmSWA:0:5:0:244:0:5:0:244:2:0:undefined:undefined","labelName":"eS2knCRgLegeRw8bcmSWA","labelItem":{"id":"eS2knCRgLegeRw8bcmSWA","labelName":"Skill"},"textPosition":{"start":{"row":5,"column":0,"tokenIndex":244,"charIndex":0},"end":{"row":5,"column":0,"tokenIndex":244,"charIndex":2}},"confidenceScore":null},{"id":"1663413621","labeledBy":"LABELER","labeledByUserId":6814,"acceptedByUserId":null,"rejectedByUserId":null,"layer":0,"counter":0,"status":"ACCEPTED","hashCode":"SPAN:eS2knCRgLegeRw8bcmSWA:0:5:0:245:0:5:0:245:2:0:undefined:undefined","labelName":"eS2knCRgLegeRw8bcmSWA","labelItem":{"id":"eS2knCRgLegeRw8bcmSWA","labelName":"Skill"},"textPosition":{"start":{"row":5,"column":0,"tokenIndex":245,"charIndex":0},"end":{"row":5,"column":0,"tokenIndex":245,"charIndex":2}},"confidenceScore":null},{"id":"1663413627","labeledBy":"LABELER","labeledByUserId":6814,"acceptedByUserId":null,"rejectedByUserId":null,"layer":0,"counter":0,"status":"ACCEPTED","hashCode":"SPAN:eS2knCRgLegeRw8bcmSWA:0:5:0:249:0:5:0:250:10:0:undefined:undefined","labelName":"eS2knCRgLegeRw8bcmSWA","labelItem":{"id":"eS2knCRgLegeRw8bcmSWA","labelName":"Skill"},"textPosition":{"start":{"row":5,"column":0,"tokenIndex":249,"charIndex":0},"end":{"row":5,"column":0,"tokenIndex":250,"charIndex":10}},"confidenceScore":null},{"id":"1663413633","labeledBy":"LABELER","labeledByUserId":6814,"acceptedByUserId":null,"rejectedByUserId":null,"layer":0,"counter":0,"status":"ACCEPTED","hashCode":"SPAN:eS2knCRgLegeRw8bcmSWA:0:5:0:253:0:5:0:253:6:0:undefined:undefined","labelName":"eS2knCRgLegeRw8bcmSWA","labelItem":{"id":"eS2knCRgLegeRw8bcmSWA","labelName":"Skill"},"textPosition":{"start":{"row":5,"column":0,"tokenIndex":253,"charIndex":0},"end":{"row":5,"column":0,"tokenIndex":253,"charIndex":6}},"confidenceScore":null},{"id":"1663413642","labeledBy":"LABELER","labeledByUserId":6814,"acceptedByUserId":null,"rejectedByUserId":null,"layer":0,"counter":0,"status":"ACCEPTED","hashCode":"SPAN:eS2knCRgLegeRw8bcmSWA:0:5:0:271:0:5:0:272:4:0:undefined:undefined","labelName":"eS2knCRgLegeRw8bcmSWA","labelItem":{"id":"eS2knCRgLegeRw8bcmSWA","labelName":"Skill"},"textPosition":{"start":{"row":5,"column":0,"tokenIndex":271,"charIndex":0},"end":{"row":5,"column":0,"tokenIndex":272,"charIndex":4}},"confidenceScore":null},{"id":"1663413651","labeledBy":"LABELER","labeledByUserId":6814,"acceptedByUserId":null,"rejectedByUserId":null,"layer":0,"counter":0,"status":"ACCEPTED","hashCode":"SPAN:eS2knCRgLegeRw8bcmSWA:0:5:0:273:0:5:0:274:4:0:undefined:undefined","labelName":"eS2knCRgLegeRw8bcmSWA","labelItem":{"id":"eS2knCRgLegeRw8bcmSWA","labelName":"Skill"},"textPosition":{"start":{"row":5,"column":0,"tokenIndex":273,"charIndex":0},"end":{"row":5,"column":0,"tokenIndex":274,"charIndex":4}},"confidenceScore":null},{"id":"1663413657","labeledBy":"LABELER","labeledByUserId":6814,"acceptedByUserId":null,"rejectedByUserId":null,"layer":0,"counter":0,"status":"ACCEPTED","hashCode":"SPAN:eS2knCRgLegeRw8bcmSWA:0:5:0:275:0:5:0:276:6:0:undefined:undefined","labelName":"eS2knCRgLegeRw8bcmSWA","labelItem":{"id":"eS2knCRgLegeRw8bcmSWA","labelName":"Skill"},"textPosition":{"start":{"row":5,"column":0,"tokenIndex":275,"charIndex":0},"end":{"row":5,"column":0,"tokenIndex":276,"charIndex":6}},"confidenceScore":null},{"id":"1663413660","labeledBy":"LABELER","labeledByUserId":6814,"acceptedByUserId":null,"rejectedByUserId":null,"layer":0,"counter":0,"status":"ACCEPTED","hashCode":"SPAN:eS2knCRgLegeRw8bcmSWA:0:5:0:277:0:5:0:278:6:0:undefined:undefined","labelName":"eS2knCRgLegeRw8bcmSWA","labelItem":{"id":"eS2knCRgLegeRw8bcmSWA","labelName":"Skill"},"textPosition":{"start":{"row":5,"column":0,"tokenIndex":277,"charIndex":0},"end":{"row":5,"column":0,"tokenIndex":278,"charIndex":6}},"confidenceScore":null},{"id":"1663413666","labeledBy":"LABELER","labeledByUserId":6814,"acceptedByUserId":null,"rejectedByUserId":null,"layer":0,"counter":0,"status":"ACCEPTED","hashCode":"SPAN:eS2knCRgLegeRw8bcmSWA:0:5:0:279:0:5:0:279:4:0:undefined:undefined","labelName":"eS2knCRgLegeRw8bcmSWA","labelItem":{"id":"eS2knCRgLegeRw8bcmSWA","labelName":"Skill"},"textPosition":{"start":{"row":5,"column":0,"tokenIndex":279,"charIndex":0},"end":{"row":5,"column":0,"tokenIndex":279,"charIndex":4}},"confidenceScore":null},{"id":"1663413669","labeledBy":"LABELER","labeledByUserId":6814,"acceptedByUserId":null,"rejectedByUserId":null,"layer":0,"counter":0,"status":"ACCEPTED","hashCode":"SPAN:eS2knCRgLegeRw8bcmSWA:0:5:0:280:0:5:0:280:9:0:undefined:undefined","labelName":"eS2knCRgLegeRw8bcmSWA","labelItem":{"id":"eS2knCRgLegeRw8bcmSWA","labelName":"Skill"},"textPosition":{"start":{"row":5,"column":0,"tokenIndex":280,"charIndex":0},"end":{"row":5,"column":0,"tokenIndex":280,"charIndex":9}},"confidenceScore":null},{"id":"1663413675","labeledBy":"LABELER","labeledByUserId":6814,"acceptedByUserId":null,"rejectedByUserId":null,"layer":0,"counter":0,"status":"ACCEPTED","hashCode":"SPAN:eS2knCRgLegeRw8bcmSWA:0:5:0:281:0:5:0:282:4:0:undefined:undefined","labelName":"eS2knCRgLegeRw8bcmSWA","labelItem":{"id":"eS2knCRgLegeRw8bcmSWA","labelName":"Skill"},"textPosition":{"start":{"row":5,"column":0,"tokenIndex":281,"charIndex":0},"end":{"row":5,"column":0,"tokenIndex":282,"charIndex":4}},"confidenceScore":null},{"id":"1663413678","labeledBy":"LABELER","labeledByUserId":6814,"acceptedByUserId":null,"rejectedByUserId":null,"layer":0,"counter":0,"status":"ACCEPTED","hashCode":"SPAN:eS2knCRgLegeRw8bcmSWA:0:5:0:283:0:5:0:283:9:0:undefined:undefined","labelName":"eS2knCRgLegeRw8bcmSWA","labelItem":{"id":"eS2knCRgLegeRw8bcmSWA","labelName":"Skill"},"textPosition":{"start":{"row":5,"column":0,"tokenIndex":283,"charIndex":0},"end":{"row":5,"column":0,"tokenIndex":283,"charIndex":9}},"confidenceScore":null}],"arrowLabels":[],"boundingBoxLabels":[],"timeLabels":[],"comments":[],"url":"datasaur://static/6814/70c0dcc7-1223-40e7-a67d-cd17a953c68b.txt"}}
