{"version":"1","data":{"project":{"id":"ODBjYmQ2MDg","name":"NLP SSM Final Project"},"document":{"id":"7408243c-1e9f-43dc-919c-c4959128640b","name":"resume_7435_d2.txt"},"kinds":["TOKEN_BASED"],"rows":[[{"content":"Database Administrator Intern Database Administrator Intern Database Administrator Intern - Protech Solutions Inc Little Rock, AR 3 years of professional experience as MS SQL Server/ETL developer in process design and implementation GUI, Data Analysis and Network Administration.","tokens":["Database","Administrator","Intern","Database","Administrator","Intern","Database","Administrator","Intern","-","Protech","Solutions","Inc","Little","Rock,","AR","3","years","of","professional","experience","as","MS","SQL","Server/ETL","developer","in","process","design","and","implementation","GUI,","Data","Analysis","and","Network","Administration."],"metadata":[]}],[{"content":"Experience in designing, developing and testing of the ETL processes to populate data from various source systems.","tokens":["Experience","in","designing,","developing","and","testing","of","the","ETL","processes","to","populate","data","from","various","source","systems."],"metadata":[]}],[{"content":"Robust understanding of ERP Systems, logical & physical Database design & development, data conversion & Normalization.","tokens":["Robust","understanding","of","ERP","Systems,","logical","&","physical","Database","design","&","development,","data","conversion","&","Normalization."],"metadata":[]}],[{"content":"Profound understanding of Enterprise Data Warehouse (EDW) concepts including OLTP/OLAP, Excellent knowledge in Dimensional Modeling, ER Modeling, Star Schema/Snowflake Schema, FACT and Dimensional tables.","tokens":["Profound","understanding","of","Enterprise","Data","Warehouse","(EDW)","concepts","including","OLTP/OLAP,","Excellent","knowledge","in","Dimensional","Modeling,","ER","Modeling,","Star","Schema/Snowflake","Schema,","FACT","and","Dimensional","tables."],"metadata":[]}],[{"content":"Expert in writing complex queries, stored procedures, cursors, triggers, views and user-defined functions for data consistency and manipulation.","tokens":["Expert","in","writing","complex","queries,","stored","procedures,","cursors,","triggers,","views","and","user-defined","functions","for","data","consistency","and","manipulation."],"metadata":[]}],[{"content":"Worked extensively on Power BI and created Reports/Dashboards using different type of Slicers and different Visualizations like Bar Charts, Line Charts, Graphs, and Pie Charts etc. to make it more attractive and explored data in a Variety of ways and across multiple visualizations using Power BI.","tokens":["Worked","extensively","on","Power","BI","and","created","Reports/Dashboards","using","different","type","of","Slicers","and","different","Visualizations","like","Bar","Charts,","Line","Charts,","Graphs,","and","Pie","Charts","etc.","to","make","it","more","attractive","and","explored","data","in","a","Variety","of","ways","and","across","multiple","visualizations","using","Power","BI."],"metadata":[]}],[{"content":"Hands-on experience with creating solution driven views and dashboards by developing different chart types including.","tokens":["Hands-on","experience","with","creating","solution","driven","views","and","dashboards","by","developing","different","chart","types","including."],"metadata":[]}],[{"content":"Robust understanding of Database Management system (DBMS) and Relational Database Management System (RDBMS).","tokens":["Robust","understanding","of","Database","Management","system","(DBMS)","and","Relational","Database","Management","System","(RDBMS)."],"metadata":[]}],[{"content":"Worked with System Development Life Cycle (SDLC) methodologies including Waterfall, Agile -Scrum Framework.","tokens":["Worked","with","System","Development","Life","Cycle","(SDLC)","methodologies","including","Waterfall,","Agile","-Scrum","Framework."],"metadata":[]}],[{"content":"Self-motivated, Work independently with analytical Skill, time management and Creative thinking, good verbal and written communication skills.","tokens":["Self-motivated,","Work","independently","with","analytical","Skill,","time","management","and","Creative","thinking,","good","verbal","and","written","communication","skills."],"metadata":[]}],[{"content":"Work Experience Database Administrator Intern Protech Solutions Inc July 2019 to Present Work and Support development team during design and coding.","tokens":["Work","Experience","Database","Administrator","Intern","Protech","Solutions","Inc","July","2019","to","Present","Work","and","Support","development","team","during","design","and","coding."],"metadata":[]}],[{"content":"Troubleshoot performance problems, fine-tuning of databases and index Analysis Knowledge in stored procedures and functions.","tokens":["Troubleshoot","performance","problems,","fine-tuning","of","databases","and","index","Analysis","Knowledge","in","stored","procedures","and","functions."],"metadata":[]}],[{"content":"Experience in Clustering.","tokens":["Experience","in","Clustering."],"metadata":[]}],[{"content":"Experience in using dictionaries and finding long running queries.","tokens":["Experience","in","using","dictionaries","and","finding","long","running","queries."],"metadata":[]}],[{"content":"Experience in Import, Export, Backup, Recovery, Database Monitoring tools and Application support.","tokens":["Experience","in","Import,","Export,","Backup,","Recovery,","Database","Monitoring","tools","and","Application","support."],"metadata":[]}],[{"content":"Expertise in Database Administration on Production Servers with server configuration, performance tuning and maintenance.","tokens":["Expertise","in","Database","Administration","on","Production","Servers","with","server","configuration,","performance","tuning","and","maintenance."],"metadata":[]}],[{"content":"Data Analyst Intern Noetic Partners Inc April 2019 to June 2019 Development of Reference Data dictionary to help identify data types representing each unique identifier.","tokens":["Data","Analyst","Intern","Noetic","Partners","Inc","April","2019","to","June","2019","Development","of","Reference","Data","dictionary","to","help","identify","data","types","representing","each","unique","identifier."],"metadata":[]}],[{"content":"Writing Definitions for Data fields to be integrated and implemented into working Model.","tokens":["Writing","Definitions","for","Data","fields","to","be","integrated","and","implemented","into","working","Model."],"metadata":[]}],[{"content":"Supporting Noetic Business requirements.","tokens":["Supporting","Noetic","Business","requirements."],"metadata":[]}],[{"content":"Understanding of financial markets and how data is curated in the industry for the different use cases.","tokens":["Understanding","of","financial","markets","and","how","data","is","curated","in","the","industry","for","the","different","use","cases."],"metadata":[]}],[{"content":"Desktop Support Specialist in IT Services UA Little Rock December 2017 to December 2018 Worked with the clients to resolve the issues related to the Installation, Network, Troubleshoot, Client Assistance via phone or remotely.","tokens":["Desktop","Support","Specialist","in","IT","Services","UA","Little","Rock","December","2017","to","December","2018","Worked","with","the","clients","to","resolve","the","issues","related","to","the","Installation,","Network,","Troubleshoot,","Client","Assistance","via","phone","or","remotely."],"metadata":[]}],[{"content":"Collaborate with existing vendors to evaluate the new technology that is available and make recommendations to management on using that technology.","tokens":["Collaborate","with","existing","vendors","to","evaluate","the","new","technology","that","is","available","and","make","recommendations","to","management","on","using","that","technology."],"metadata":[]}],[{"content":"Monitor the performance of the company's desktop infrastructure and make suggestions for improving efficiency.","tokens":["Monitor","the","performance","of","the","company's","desktop","infrastructure","and","make","suggestions","for","improving","efficiency."],"metadata":[]}],[{"content":"Evaluate applications and software patches for desktop applications to see if they will solve desktop issues.","tokens":["Evaluate","applications","and","software","patches","for","desktop","applications","to","see","if","they","will","solve","desktop","issues."],"metadata":[]}],[{"content":"Estimation, diagramming (Activity, Use Case, Sequence Diagram) and daily reporting Change/constraints for the applications and Employee Activities.","tokens":["Estimation,","diagramming","(Activity,","Use","Case,","Sequence","Diagram)","and","daily","reporting","Change/constraints","for","the","applications","and","Employee","Activities."],"metadata":[]}],[{"content":"Process Associate Suntec India Pvt.","tokens":["Process","Associate","Suntec","India","Pvt."],"metadata":[]}],[{"content":"Ltd November 2013 to December 2016 Worked as a Developer in creating complex Stored Procedures, SSIS packages, triggers, cursors, tables, and views and other SQL joins and statements for the applications.","tokens":["Ltd","November","2013","to","December","2016","Worked","as","a","Developer","in","creating","complex","Stored","Procedures,","SSIS","packages,","triggers,","cursors,","tables,","and","views","and","other","SQL","joins","and","statements","for","the","applications."],"metadata":[]}],[{"content":"Performed Data mapping for extraction and loading.","tokens":["Performed","Data","mapping","for","extraction","and","loading."],"metadata":[]}],[{"content":"Responsible for Disaster Recovery, backups, database optimization.","tokens":["Responsible","for","Disaster","Recovery,","backups,","database","optimization."],"metadata":[]}],[{"content":"Expert in developing multiple kinds of Power BI Reports and Dashboards.","tokens":["Expert","in","developing","multiple","kinds","of","Power","BI","Reports","and","Dashboards."],"metadata":[]}],[{"content":"Analyze data in a Variety of ways and across multiple visualizations using Power BI.","tokens":["Analyze","data","in","a","Variety","of","ways","and","across","multiple","visualizations","using","Power","BI."],"metadata":[]}],[{"content":"Used SSIS to transform data into SQL database via FTP from Text files, MS Excel as source.","tokens":["Used","SSIS","to","transform","data","into","SQL","database","via","FTP","from","Text","files,","MS","Excel","as","source."],"metadata":[]}],[{"content":"Heavily involved in query optimization and troubleshoot long running queries.","tokens":["Heavily","involved","in","query","optimization","and","troubleshoot","long","running","queries."],"metadata":[]}],[{"content":"Wrote complex stored procedures, triggers and functions.","tokens":["Wrote","complex","stored","procedures,","triggers","and","functions."],"metadata":[]}],[{"content":"Used Performance Monitor and SQL Profiler to optimize queries.","tokens":["Used","Performance","Monitor","and","SQL","Profiler","to","optimize","queries."],"metadata":[]}],[{"content":"Enhanced the performance of database servers.","tokens":["Enhanced","the","performance","of","database","servers."],"metadata":[]}],[{"content":"Education Master of Science in Information Quality University of Arkansas at Little Rock - Little Rock, AR December 2018 Bachelor of Engineering in Information Technology Uttar Pradesh Technical University - Noida, Uttar Pradesh June 2013 Skills Data flux, Database, Sql server, Mysql, Sql, Etl, Power bi, Html, Php, Python, Reporting tools, Tableau, Jira, Data warehousing, Css, Cost analysis, Bi, Integration Links http://linkedin.com/in/dxyadav1 Assessments Data Analysis Familiar June 2019 Measures a candidate's skill in interpreting and producing graphs, identifying trends, and drawing justifiable conclusions from data.","tokens":["Education","Master","of","Science","in","Information","Quality","University","of","Arkansas","at","Little","Rock","-","Little","Rock,","AR","December","2018","Bachelor","of","Engineering","in","Information","Technology","Uttar","Pradesh","Technical","University","-","Noida,","Uttar","Pradesh","June","2013","Skills","Data","flux,","Database,","Sql","server,","Mysql,","Sql,","Etl,","Power","bi,","Html,","Php,","Python,","Reporting","tools,","Tableau,","Jira,","Data","warehousing,","Css,","Cost","analysis,","Bi,","Integration","Links","http://linkedin.com/in/dxyadav1","Assessments","Data","Analysis","Familiar","June","2019","Measures","a","candidate's","skill","in","interpreting","and","producing","graphs,","identifying","trends,","and","drawing","justifiable","conclusions","from","data."],"metadata":[]}],[{"content":"Full results: https://share.indeedassessments.com/share_assignment/xgzamtiqxnycfu9j Indeed Assessments provides skills tests that are not indicative of a license or certification, or continued development in any professional field.","tokens":["Full","results:","https://share.indeedassessments.com/share_assignment/xgzamtiqxnycfu9j","Indeed","Assessments","provides","skills","tests","that","are","not","indicative","of","a","license","or","certification,","or","continued","development","in","any","professional","field."],"metadata":[]}]],"labelerInfo":{"id":6814,"email":"cwilhel8@jh.edu","displayName":"Chris Wilhelm"},"labelSets":[{"name":"Resume Labels","index":0,"labelItems":[{"id":"Kj5U6n9NUqTXuWcB3c_7L","labelName":"College"},{"id":"rj7TW0-ymuRo6f_asXJab","labelName":"Company Name"},{"id":"SJEkdao76hjwbb6Fh5SY6","labelName":"Job Title"},{"id":"BjO8MdvK2KI4E5iMEeY4B","labelName":"Graduation Year"},{"id":"eS2knCRgLegeRw8bcmSWA","labelName":"Skill"},{"id":"IeEoIKabMl51BJE0gX2YL","labelName":"Degree"},{"id":"1R0C50AAwFbEp2O0WmRv6","labelName":"Location"},{"id":"zQcc4ygexJ_A3Gb0NeRTk","labelName":"Years of Experience"},{"id":"52S_6moRfhjC-yXgIBeCp","labelName":"Date"},{"id":"KiLarWmwlU1E3-FfdG6Qg","labelName":"Project"},{"id":"dyxKKTAxW1z5ifjPj42BI","labelName":"Name"}]}],"spanLabels":[{"id":"1663421796","labeledBy":"LABELER","labeledByUserId":6814,"acceptedByUserId":null,"rejectedByUserId":null,"layer":0,"counter":0,"status":"ACCEPTED","hashCode":"SPAN:SJEkdao76hjwbb6Fh5SY6:0:0:0:0:0:0:0:2:5:0:undefined:undefined","labelName":"SJEkdao76hjwbb6Fh5SY6","labelItem":{"id":"SJEkdao76hjwbb6Fh5SY6","labelName":"Job Title"},"textPosition":{"start":{"row":0,"column":0,"tokenIndex":0,"charIndex":0},"end":{"row":0,"column":0,"tokenIndex":2,"charIndex":5}},"confidenceScore":null},{"id":"1663421802","labeledBy":"LABELER","labeledByUserId":6814,"acceptedByUserId":null,"rejectedByUserId":null,"layer":0,"counter":0,"status":"ACCEPTED","hashCode":"SPAN:SJEkdao76hjwbb6Fh5SY6:0:0:0:3:0:0:0:5:5:0:undefined:undefined","labelName":"SJEkdao76hjwbb6Fh5SY6","labelItem":{"id":"SJEkdao76hjwbb6Fh5SY6","labelName":"Job Title"},"textPosition":{"start":{"row":0,"column":0,"tokenIndex":3,"charIndex":0},"end":{"row":0,"column":0,"tokenIndex":5,"charIndex":5}},"confidenceScore":null},{"id":"1663421805","labeledBy":"LABELER","labeledByUserId":6814,"acceptedByUserId":null,"rejectedByUserId":null,"layer":0,"counter":0,"status":"ACCEPTED","hashCode":"SPAN:SJEkdao76hjwbb6Fh5SY6:0:0:0:6:0:0:0:8:5:0:undefined:undefined","labelName":"SJEkdao76hjwbb6Fh5SY6","labelItem":{"id":"SJEkdao76hjwbb6Fh5SY6","labelName":"Job Title"},"textPosition":{"start":{"row":0,"column":0,"tokenIndex":6,"charIndex":0},"end":{"row":0,"column":0,"tokenIndex":8,"charIndex":5}},"confidenceScore":null},{"id":"1663421814","labeledBy":"LABELER","labeledByUserId":6814,"acceptedByUserId":null,"rejectedByUserId":null,"layer":0,"counter":0,"status":"ACCEPTED","hashCode":"SPAN:rj7TW0-ymuRo6f_asXJab:0:0:0:10:0:0:0:12:2:0:undefined:undefined","labelName":"rj7TW0-ymuRo6f_asXJab","labelItem":{"id":"rj7TW0-ymuRo6f_asXJab","labelName":"Company Name"},"textPosition":{"start":{"row":0,"column":0,"tokenIndex":10,"charIndex":0},"end":{"row":0,"column":0,"tokenIndex":12,"charIndex":2}},"confidenceScore":null},{"id":"1663421820","labeledBy":"LABELER","labeledByUserId":6814,"acceptedByUserId":null,"rejectedByUserId":null,"layer":0,"counter":0,"status":"ACCEPTED","hashCode":"SPAN:1R0C50AAwFbEp2O0WmRv6:0:0:0:13:0:0:0:14:4:0:undefined:undefined","labelName":"1R0C50AAwFbEp2O0WmRv6","labelItem":{"id":"1R0C50AAwFbEp2O0WmRv6","labelName":"Location"},"textPosition":{"start":{"row":0,"column":0,"tokenIndex":13,"charIndex":0},"end":{"row":0,"column":0,"tokenIndex":14,"charIndex":4}},"confidenceScore":null},{"id":"1663421823","labeledBy":"LABELER","labeledByUserId":6814,"acceptedByUserId":null,"rejectedByUserId":null,"layer":0,"counter":0,"status":"ACCEPTED","hashCode":"SPAN:1R0C50AAwFbEp2O0WmRv6:0:0:0:15:0:0:0:15:1:0:undefined:undefined","labelName":"1R0C50AAwFbEp2O0WmRv6","labelItem":{"id":"1R0C50AAwFbEp2O0WmRv6","labelName":"Location"},"textPosition":{"start":{"row":0,"column":0,"tokenIndex":15,"charIndex":0},"end":{"row":0,"column":0,"tokenIndex":15,"charIndex":1}},"confidenceScore":null},{"id":"1663421829","labeledBy":"LABELER","labeledByUserId":6814,"acceptedByUserId":null,"rejectedByUserId":null,"layer":0,"counter":0,"status":"ACCEPTED","hashCode":"SPAN:zQcc4ygexJ_A3Gb0NeRTk:0:0:0:16:0:0:0:17:4:0:undefined:undefined","labelName":"zQcc4ygexJ_A3Gb0NeRTk","labelItem":{"id":"zQcc4ygexJ_A3Gb0NeRTk","labelName":"Years of Experience"},"textPosition":{"start":{"row":0,"column":0,"tokenIndex":16,"charIndex":0},"end":{"row":0,"column":0,"tokenIndex":17,"charIndex":4}},"confidenceScore":null},{"id":"1663421838","labeledBy":"LABELER","labeledByUserId":6814,"acceptedByUserId":null,"rejectedByUserId":null,"layer":0,"counter":0,"status":"ACCEPTED","hashCode":"SPAN:eS2knCRgLegeRw8bcmSWA:0:0:0:22:0:0:0:25:8:0:undefined:undefined","labelName":"eS2knCRgLegeRw8bcmSWA","labelItem":{"id":"eS2knCRgLegeRw8bcmSWA","labelName":"Skill"},"textPosition":{"start":{"row":0,"column":0,"tokenIndex":22,"charIndex":0},"end":{"row":0,"column":0,"tokenIndex":25,"charIndex":8}},"confidenceScore":null},{"id":"1663421841","labeledBy":"LABELER","labeledByUserId":6814,"acceptedByUserId":null,"rejectedByUserId":null,"layer":0,"counter":0,"status":"ACCEPTED","hashCode":"SPAN:eS2knCRgLegeRw8bcmSWA:0:0:0:31:0:0:0:31:3:0:undefined:undefined","labelName":"eS2knCRgLegeRw8bcmSWA","labelItem":{"id":"eS2knCRgLegeRw8bcmSWA","labelName":"Skill"},"textPosition":{"start":{"row":0,"column":0,"tokenIndex":31,"charIndex":0},"end":{"row":0,"column":0,"tokenIndex":31,"charIndex":3}},"confidenceScore":null},{"id":"1663421844","labeledBy":"LABELER","labeledByUserId":6814,"acceptedByUserId":null,"rejectedByUserId":null,"layer":0,"counter":0,"status":"ACCEPTED","hashCode":"SPAN:eS2knCRgLegeRw8bcmSWA:0:0:0:32:0:0:0:33:7:0:undefined:undefined","labelName":"eS2knCRgLegeRw8bcmSWA","labelItem":{"id":"eS2knCRgLegeRw8bcmSWA","labelName":"Skill"},"textPosition":{"start":{"row":0,"column":0,"tokenIndex":32,"charIndex":0},"end":{"row":0,"column":0,"tokenIndex":33,"charIndex":7}},"confidenceScore":null},{"id":"1663421847","labeledBy":"LABELER","labeledByUserId":6814,"acceptedByUserId":null,"rejectedByUserId":null,"layer":0,"counter":0,"status":"ACCEPTED","hashCode":"SPAN:eS2knCRgLegeRw8bcmSWA:0:0:0:35:0:0:0:36:14:0:undefined:undefined","labelName":"eS2knCRgLegeRw8bcmSWA","labelItem":{"id":"eS2knCRgLegeRw8bcmSWA","labelName":"Skill"},"textPosition":{"start":{"row":0,"column":0,"tokenIndex":35,"charIndex":0},"end":{"row":0,"column":0,"tokenIndex":36,"charIndex":14}},"confidenceScore":null},{"id":"1663421850","labeledBy":"LABELER","labeledByUserId":6814,"acceptedByUserId":null,"rejectedByUserId":null,"layer":0,"counter":0,"status":"ACCEPTED","hashCode":"SPAN:eS2knCRgLegeRw8bcmSWA:0:1:0:2:0:1:0:2:9:0:undefined:undefined","labelName":"eS2knCRgLegeRw8bcmSWA","labelItem":{"id":"eS2knCRgLegeRw8bcmSWA","labelName":"Skill"},"textPosition":{"start":{"row":1,"column":0,"tokenIndex":2,"charIndex":0},"end":{"row":1,"column":0,"tokenIndex":2,"charIndex":9}},"confidenceScore":null},{"id":"1663421853","labeledBy":"LABELER","labeledByUserId":6814,"acceptedByUserId":null,"rejectedByUserId":null,"layer":0,"counter":0,"status":"ACCEPTED","hashCode":"SPAN:eS2knCRgLegeRw8bcmSWA:0:1:0:3:0:1:0:3:9:0:undefined:undefined","labelName":"eS2knCRgLegeRw8bcmSWA","labelItem":{"id":"eS2knCRgLegeRw8bcmSWA","labelName":"Skill"},"textPosition":{"start":{"row":1,"column":0,"tokenIndex":3,"charIndex":0},"end":{"row":1,"column":0,"tokenIndex":3,"charIndex":9}},"confidenceScore":null},{"id":"1663421856","labeledBy":"LABELER","labeledByUserId":6814,"acceptedByUserId":null,"rejectedByUserId":null,"layer":0,"counter":0,"status":"ACCEPTED","hashCode":"SPAN:eS2knCRgLegeRw8bcmSWA:0:1:0:5:0:1:0:5:6:0:undefined:undefined","labelName":"eS2knCRgLegeRw8bcmSWA","labelItem":{"id":"eS2knCRgLegeRw8bcmSWA","labelName":"Skill"},"textPosition":{"start":{"row":1,"column":0,"tokenIndex":5,"charIndex":0},"end":{"row":1,"column":0,"tokenIndex":5,"charIndex":6}},"confidenceScore":null},{"id":"1663421859","labeledBy":"LABELER","labeledByUserId":6814,"acceptedByUserId":null,"rejectedByUserId":null,"layer":0,"counter":0,"status":"ACCEPTED","hashCode":"SPAN:eS2knCRgLegeRw8bcmSWA:0:1:0:8:0:1:0:9:8:0:undefined:undefined","labelName":"eS2knCRgLegeRw8bcmSWA","labelItem":{"id":"eS2knCRgLegeRw8bcmSWA","labelName":"Skill"},"textPosition":{"start":{"row":1,"column":0,"tokenIndex":8,"charIndex":0},"end":{"row":1,"column":0,"tokenIndex":9,"charIndex":8}},"confidenceScore":null},{"id":"1663421862","labeledBy":"LABELER","labeledByUserId":6814,"acceptedByUserId":null,"rejectedByUserId":null,"layer":0,"counter":0,"status":"ACCEPTED","hashCode":"SPAN:eS2knCRgLegeRw8bcmSWA:0:2:0:3:0:2:0:4:7:0:undefined:undefined","labelName":"eS2knCRgLegeRw8bcmSWA","labelItem":{"id":"eS2knCRgLegeRw8bcmSWA","labelName":"Skill"},"textPosition":{"start":{"row":2,"column":0,"tokenIndex":3,"charIndex":0},"end":{"row":2,"column":0,"tokenIndex":4,"charIndex":7}},"confidenceScore":null},{"id":"1663421865","labeledBy":"LABELER","labeledByUserId":6814,"acceptedByUserId":null,"rejectedByUserId":null,"layer":0,"counter":0,"status":"ACCEPTED","hashCode":"SPAN:eS2knCRgLegeRw8bcmSWA:0:2:0:5:0:2:0:5:6:0:undefined:undefined","labelName":"eS2knCRgLegeRw8bcmSWA","labelItem":{"id":"eS2knCRgLegeRw8bcmSWA","labelName":"Skill"},"textPosition":{"start":{"row":2,"column":0,"tokenIndex":5,"charIndex":0},"end":{"row":2,"column":0,"tokenIndex":5,"charIndex":6}},"confidenceScore":null},{"id":"1663421868","labeledBy":"LABELER","labeledByUserId":6814,"acceptedByUserId":null,"rejectedByUserId":null,"layer":0,"counter":0,"status":"ACCEPTED","hashCode":"SPAN:eS2knCRgLegeRw8bcmSWA:0:2:0:7:0:2:0:9:5:0:undefined:undefined","labelName":"eS2knCRgLegeRw8bcmSWA","labelItem":{"id":"eS2knCRgLegeRw8bcmSWA","labelName":"Skill"},"textPosition":{"start":{"row":2,"column":0,"tokenIndex":7,"charIndex":0},"end":{"row":2,"column":0,"tokenIndex":9,"charIndex":5}},"confidenceScore":null},{"id":"1663421872","labeledBy":"LABELER","labeledByUserId":6814,"acceptedByUserId":null,"rejectedByUserId":null,"layer":0,"counter":0,"status":"ACCEPTED","hashCode":"SPAN:eS2knCRgLegeRw8bcmSWA:0:2:0:11:0:2:0:11:11:0:undefined:undefined","labelName":"eS2knCRgLegeRw8bcmSWA","labelItem":{"id":"eS2knCRgLegeRw8bcmSWA","labelName":"Skill"},"textPosition":{"start":{"row":2,"column":0,"tokenIndex":11,"charIndex":0},"end":{"row":2,"column":0,"tokenIndex":11,"charIndex":11}},"confidenceScore":null},{"id":"1663421871","labeledBy":"LABELER","labeledByUserId":6814,"acceptedByUserId":null,"rejectedByUserId":null,"layer":0,"counter":0,"status":"ACCEPTED","hashCode":"SPAN:eS2knCRgLegeRw8bcmSWA:0:2:0:12:0:2:0:13:9:0:undefined:undefined","labelName":"eS2knCRgLegeRw8bcmSWA","labelItem":{"id":"eS2knCRgLegeRw8bcmSWA","labelName":"Skill"},"textPosition":{"start":{"row":2,"column":0,"tokenIndex":12,"charIndex":0},"end":{"row":2,"column":0,"tokenIndex":13,"charIndex":9}},"confidenceScore":null},{"id":"1663421877","labeledBy":"LABELER","labeledByUserId":6814,"acceptedByUserId":null,"rejectedByUserId":null,"layer":0,"counter":0,"status":"ACCEPTED","hashCode":"SPAN:eS2knCRgLegeRw8bcmSWA:0:2:0:15:0:2:0:15:13:0:undefined:undefined","labelName":"eS2knCRgLegeRw8bcmSWA","labelItem":{"id":"eS2knCRgLegeRw8bcmSWA","labelName":"Skill"},"textPosition":{"start":{"row":2,"column":0,"tokenIndex":15,"charIndex":0},"end":{"row":2,"column":0,"tokenIndex":15,"charIndex":13}},"confidenceScore":null},{"id":"1663421880","labeledBy":"LABELER","labeledByUserId":6814,"acceptedByUserId":null,"rejectedByUserId":null,"layer":0,"counter":0,"status":"ACCEPTED","hashCode":"SPAN:eS2knCRgLegeRw8bcmSWA:0:3:0:3:0:3:0:6:4:0:undefined:undefined","labelName":"eS2knCRgLegeRw8bcmSWA","labelItem":{"id":"eS2knCRgLegeRw8bcmSWA","labelName":"Skill"},"textPosition":{"start":{"row":3,"column":0,"tokenIndex":3,"charIndex":0},"end":{"row":3,"column":0,"tokenIndex":6,"charIndex":4}},"confidenceScore":null},{"id":"1663421886","labeledBy":"LABELER","labeledByUserId":6814,"acceptedByUserId":null,"rejectedByUserId":null,"layer":0,"counter":0,"status":"ACCEPTED","hashCode":"SPAN:eS2knCRgLegeRw8bcmSWA:0:3:0:9:0:3:0:9:9:0:undefined:undefined","labelName":"eS2knCRgLegeRw8bcmSWA","labelItem":{"id":"eS2knCRgLegeRw8bcmSWA","labelName":"Skill"},"textPosition":{"start":{"row":3,"column":0,"tokenIndex":9,"charIndex":0},"end":{"row":3,"column":0,"tokenIndex":9,"charIndex":9}},"confidenceScore":null},{"id":"1663421892","labeledBy":"LABELER","labeledByUserId":6814,"acceptedByUserId":null,"rejectedByUserId":null,"layer":0,"counter":0,"status":"ACCEPTED","hashCode":"SPAN:eS2knCRgLegeRw8bcmSWA:0:3:0:15:0:3:0:16:8:0:undefined:undefined","labelName":"eS2knCRgLegeRw8bcmSWA","labelItem":{"id":"eS2knCRgLegeRw8bcmSWA","labelName":"Skill"},"textPosition":{"start":{"row":3,"column":0,"tokenIndex":15,"charIndex":0},"end":{"row":3,"column":0,"tokenIndex":16,"charIndex":8}},"confidenceScore":null},{"id":"1663421898","labeledBy":"LABELER","labeledByUserId":6814,"acceptedByUserId":null,"rejectedByUserId":null,"layer":0,"counter":0,"status":"ACCEPTED","hashCode":"SPAN:eS2knCRgLegeRw8bcmSWA:0:3:0:17:0:3:0:19:6:0:undefined:undefined","labelName":"eS2knCRgLegeRw8bcmSWA","labelItem":{"id":"eS2knCRgLegeRw8bcmSWA","labelName":"Skill"},"textPosition":{"start":{"row":3,"column":0,"tokenIndex":17,"charIndex":0},"end":{"row":3,"column":0,"tokenIndex":19,"charIndex":6}},"confidenceScore":null},{"id":"1663421901","labeledBy":"LABELER","labeledByUserId":6814,"acceptedByUserId":null,"rejectedByUserId":null,"layer":0,"counter":0,"status":"ACCEPTED","hashCode":"SPAN:eS2knCRgLegeRw8bcmSWA:0:3:0:20:0:3:0:20:3:0:undefined:undefined","labelName":"eS2knCRgLegeRw8bcmSWA","labelItem":{"id":"eS2knCRgLegeRw8bcmSWA","labelName":"Skill"},"textPosition":{"start":{"row":3,"column":0,"tokenIndex":20,"charIndex":0},"end":{"row":3,"column":0,"tokenIndex":20,"charIndex":3}},"confidenceScore":null},{"id":"1663421904","labeledBy":"LABELER","labeledByUserId":6814,"acceptedByUserId":null,"rejectedByUserId":null,"layer":0,"counter":0,"status":"ACCEPTED","hashCode":"SPAN:eS2knCRgLegeRw8bcmSWA:0:3:0:22:0:3:0:23:6:0:undefined:undefined","labelName":"eS2knCRgLegeRw8bcmSWA","labelItem":{"id":"eS2knCRgLegeRw8bcmSWA","labelName":"Skill"},"textPosition":{"start":{"row":3,"column":0,"tokenIndex":22,"charIndex":0},"end":{"row":3,"column":0,"tokenIndex":23,"charIndex":6}},"confidenceScore":null},{"id":"1663421910","labeledBy":"LABELER","labeledByUserId":6814,"acceptedByUserId":null,"rejectedByUserId":null,"layer":0,"counter":0,"status":"ACCEPTED","hashCode":"SPAN:eS2knCRgLegeRw8bcmSWA:0:4:0:3:0:4:0:4:7:0:undefined:undefined","labelName":"eS2knCRgLegeRw8bcmSWA","labelItem":{"id":"eS2knCRgLegeRw8bcmSWA","labelName":"Skill"},"textPosition":{"start":{"row":4,"column":0,"tokenIndex":3,"charIndex":0},"end":{"row":4,"column":0,"tokenIndex":4,"charIndex":7}},"confidenceScore":null},{"id":"1663421913","labeledBy":"LABELER","labeledByUserId":6814,"acceptedByUserId":null,"rejectedByUserId":null,"layer":0,"counter":0,"status":"ACCEPTED","hashCode":"SPAN:eS2knCRgLegeRw8bcmSWA:0:4:0:5:0:4:0:6:10:0:undefined:undefined","labelName":"eS2knCRgLegeRw8bcmSWA","labelItem":{"id":"eS2knCRgLegeRw8bcmSWA","labelName":"Skill"},"textPosition":{"start":{"row":4,"column":0,"tokenIndex":5,"charIndex":0},"end":{"row":4,"column":0,"tokenIndex":6,"charIndex":10}},"confidenceScore":null},{"id":"1663421916","labeledBy":"LABELER","labeledByUserId":6814,"acceptedByUserId":null,"rejectedByUserId":null,"layer":0,"counter":0,"status":"ACCEPTED","hashCode":"SPAN:eS2knCRgLegeRw8bcmSWA:0:4:0:7:0:4:0:7:7:0:undefined:undefined","labelName":"eS2knCRgLegeRw8bcmSWA","labelItem":{"id":"eS2knCRgLegeRw8bcmSWA","labelName":"Skill"},"textPosition":{"start":{"row":4,"column":0,"tokenIndex":7,"charIndex":0},"end":{"row":4,"column":0,"tokenIndex":7,"charIndex":7}},"confidenceScore":null},{"id":"1663421919","labeledBy":"LABELER","labeledByUserId":6814,"acceptedByUserId":null,"rejectedByUserId":null,"layer":0,"counter":0,"status":"ACCEPTED","hashCode":"SPAN:eS2knCRgLegeRw8bcmSWA:0:4:0:8:0:4:0:8:8:0:undefined:undefined","labelName":"eS2knCRgLegeRw8bcmSWA","labelItem":{"id":"eS2knCRgLegeRw8bcmSWA","labelName":"Skill"},"textPosition":{"start":{"row":4,"column":0,"tokenIndex":8,"charIndex":0},"end":{"row":4,"column":0,"tokenIndex":8,"charIndex":8}},"confidenceScore":null},{"id":"1663421922","labeledBy":"LABELER","labeledByUserId":6814,"acceptedByUserId":null,"rejectedByUserId":null,"layer":0,"counter":0,"status":"ACCEPTED","hashCode":"SPAN:eS2knCRgLegeRw8bcmSWA:0:4:0:9:0:4:0:9:4:0:undefined:undefined","labelName":"eS2knCRgLegeRw8bcmSWA","labelItem":{"id":"eS2knCRgLegeRw8bcmSWA","labelName":"Skill"},"textPosition":{"start":{"row":4,"column":0,"tokenIndex":9,"charIndex":0},"end":{"row":4,"column":0,"tokenIndex":9,"charIndex":4}},"confidenceScore":null},{"id":"1663421925","labeledBy":"LABELER","labeledByUserId":6814,"acceptedByUserId":null,"rejectedByUserId":null,"layer":0,"counter":0,"status":"ACCEPTED","hashCode":"SPAN:eS2knCRgLegeRw8bcmSWA:0:4:0:11:0:4:0:12:8:0:undefined:undefined","labelName":"eS2knCRgLegeRw8bcmSWA","labelItem":{"id":"eS2knCRgLegeRw8bcmSWA","labelName":"Skill"},"textPosition":{"start":{"row":4,"column":0,"tokenIndex":11,"charIndex":0},"end":{"row":4,"column":0,"tokenIndex":12,"charIndex":8}},"confidenceScore":null},{"id":"1663421928","labeledBy":"LABELER","labeledByUserId":6814,"acceptedByUserId":null,"rejectedByUserId":null,"layer":0,"counter":0,"status":"ACCEPTED","hashCode":"SPAN:eS2knCRgLegeRw8bcmSWA:0:5:0:3:0:5:0:4:1:0:undefined:undefined","labelName":"eS2knCRgLegeRw8bcmSWA","labelItem":{"id":"eS2knCRgLegeRw8bcmSWA","labelName":"Skill"},"textPosition":{"start":{"row":5,"column":0,"tokenIndex":3,"charIndex":0},"end":{"row":5,"column":0,"tokenIndex":4,"charIndex":1}},"confidenceScore":null},{"id":"1663421931","labeledBy":"LABELER","labeledByUserId":6814,"acceptedByUserId":null,"rejectedByUserId":null,"layer":0,"counter":0,"status":"ACCEPTED","hashCode":"SPAN:eS2knCRgLegeRw8bcmSWA:0:5:0:7:0:5:0:7:17:0:undefined:undefined","labelName":"eS2knCRgLegeRw8bcmSWA","labelItem":{"id":"eS2knCRgLegeRw8bcmSWA","labelName":"Skill"},"textPosition":{"start":{"row":5,"column":0,"tokenIndex":7,"charIndex":0},"end":{"row":5,"column":0,"tokenIndex":7,"charIndex":17}},"confidenceScore":null},{"id":"1663421943","labeledBy":"LABELER","labeledByUserId":6814,"acceptedByUserId":null,"rejectedByUserId":null,"layer":0,"counter":0,"status":"ACCEPTED","hashCode":"SPAN:eS2knCRgLegeRw8bcmSWA:0:7:0:3:0:7:0:6:5:0:undefined:undefined","labelName":"eS2knCRgLegeRw8bcmSWA","labelItem":{"id":"eS2knCRgLegeRw8bcmSWA","labelName":"Skill"},"textPosition":{"start":{"row":7,"column":0,"tokenIndex":3,"charIndex":0},"end":{"row":7,"column":0,"tokenIndex":6,"charIndex":5}},"confidenceScore":null},{"id":"1663421946","labeledBy":"LABELER","labeledByUserId":6814,"acceptedByUserId":null,"rejectedByUserId":null,"layer":0,"counter":0,"status":"ACCEPTED","hashCode":"SPAN:eS2knCRgLegeRw8bcmSWA:0:7:0:8:0:7:0:12:7:0:undefined:undefined","labelName":"eS2knCRgLegeRw8bcmSWA","labelItem":{"id":"eS2knCRgLegeRw8bcmSWA","labelName":"Skill"},"textPosition":{"start":{"row":7,"column":0,"tokenIndex":8,"charIndex":0},"end":{"row":7,"column":0,"tokenIndex":12,"charIndex":7}},"confidenceScore":null},{"id":"1663421952","labeledBy":"LABELER","labeledByUserId":6814,"acceptedByUserId":null,"rejectedByUserId":null,"layer":0,"counter":0,"status":"ACCEPTED","hashCode":"SPAN:eS2knCRgLegeRw8bcmSWA:0:8:0:2:0:8:0:6:5:0:undefined:undefined","labelName":"eS2knCRgLegeRw8bcmSWA","labelItem":{"id":"eS2knCRgLegeRw8bcmSWA","labelName":"Skill"},"textPosition":{"start":{"row":8,"column":0,"tokenIndex":2,"charIndex":0},"end":{"row":8,"column":0,"tokenIndex":6,"charIndex":5}},"confidenceScore":null},{"id":"1663421955","labeledBy":"LABELER","labeledByUserId":6814,"acceptedByUserId":null,"rejectedByUserId":null,"layer":0,"counter":0,"status":"ACCEPTED","hashCode":"SPAN:eS2knCRgLegeRw8bcmSWA:0:8:0:9:0:8:0:9:9:0:undefined:undefined","labelName":"eS2knCRgLegeRw8bcmSWA","labelItem":{"id":"eS2knCRgLegeRw8bcmSWA","labelName":"Skill"},"textPosition":{"start":{"row":8,"column":0,"tokenIndex":9,"charIndex":0},"end":{"row":8,"column":0,"tokenIndex":9,"charIndex":9}},"confidenceScore":null},{"id":"1663421958","labeledBy":"LABELER","labeledByUserId":6814,"acceptedByUserId":null,"rejectedByUserId":null,"layer":0,"counter":0,"status":"ACCEPTED","hashCode":"SPAN:eS2knCRgLegeRw8bcmSWA:0:8:0:10:0:8:0:10:4:0:undefined:undefined","labelName":"eS2knCRgLegeRw8bcmSWA","labelItem":{"id":"eS2knCRgLegeRw8bcmSWA","labelName":"Skill"},"textPosition":{"start":{"row":8,"column":0,"tokenIndex":10,"charIndex":0},"end":{"row":8,"column":0,"tokenIndex":10,"charIndex":4}},"confidenceScore":null},{"id":"1663421961","labeledBy":"LABELER","labeledByUserId":6814,"acceptedByUserId":null,"rejectedByUserId":null,"layer":0,"counter":0,"status":"ACCEPTED","hashCode":"SPAN:eS2knCRgLegeRw8bcmSWA:0:8:0:11:0:8:0:12:9:0:undefined:undefined","labelName":"eS2knCRgLegeRw8bcmSWA","labelItem":{"id":"eS2knCRgLegeRw8bcmSWA","labelName":"Skill"},"textPosition":{"start":{"row":8,"column":0,"tokenIndex":11,"charIndex":0},"end":{"row":8,"column":0,"tokenIndex":12,"charIndex":9}},"confidenceScore":null},{"id":"1663421964","labeledBy":"LABELER","labeledByUserId":6814,"acceptedByUserId":null,"rejectedByUserId":null,"layer":0,"counter":0,"status":"ACCEPTED","hashCode":"SPAN:eS2knCRgLegeRw8bcmSWA:0:9:0:0:0:9:0:0:14:0:undefined:undefined","labelName":"eS2knCRgLegeRw8bcmSWA","labelItem":{"id":"eS2knCRgLegeRw8bcmSWA","labelName":"Skill"},"textPosition":{"start":{"row":9,"column":0,"tokenIndex":0,"charIndex":0},"end":{"row":9,"column":0,"tokenIndex":0,"charIndex":14}},"confidenceScore":null},{"id":"1663421971","labeledBy":"LABELER","labeledByUserId":6814,"acceptedByUserId":null,"rejectedByUserId":null,"layer":0,"counter":0,"status":"ACCEPTED","hashCode":"SPAN:eS2knCRgLegeRw8bcmSWA:0:9:0:2:0:9:0:2:12:0:undefined:undefined","labelName":"eS2knCRgLegeRw8bcmSWA","labelItem":{"id":"eS2knCRgLegeRw8bcmSWA","labelName":"Skill"},"textPosition":{"start":{"row":9,"column":0,"tokenIndex":2,"charIndex":0},"end":{"row":9,"column":0,"tokenIndex":2,"charIndex":12}},"confidenceScore":null},{"id":"1663421976","labeledBy":"LABELER","labeledByUserId":6814,"acceptedByUserId":null,"rejectedByUserId":null,"layer":0,"counter":0,"status":"ACCEPTED","hashCode":"SPAN:eS2knCRgLegeRw8bcmSWA:0:9:0:4:0:9:0:4:9:0:undefined:undefined","labelName":"eS2knCRgLegeRw8bcmSWA","labelItem":{"id":"eS2knCRgLegeRw8bcmSWA","labelName":"Skill"},"textPosition":{"start":{"row":9,"column":0,"tokenIndex":4,"charIndex":0},"end":{"row":9,"column":0,"tokenIndex":4,"charIndex":9}},"confidenceScore":null},{"id":"1663421994","labeledBy":"LABELER","labeledByUserId":6814,"acceptedByUserId":null,"rejectedByUserId":null,"layer":0,"counter":0,"status":"ACCEPTED","hashCode":"SPAN:eS2knCRgLegeRw8bcmSWA:0:9:0:6:0:9:0:7:9:0:undefined:undefined","labelName":"eS2knCRgLegeRw8bcmSWA","labelItem":{"id":"eS2knCRgLegeRw8bcmSWA","labelName":"Skill"},"textPosition":{"start":{"row":9,"column":0,"tokenIndex":6,"charIndex":0},"end":{"row":9,"column":0,"tokenIndex":7,"charIndex":9}},"confidenceScore":null},{"id":"1663422003","labeledBy":"LABELER","labeledByUserId":6814,"acceptedByUserId":null,"rejectedByUserId":null,"layer":0,"counter":0,"status":"ACCEPTED","hashCode":"SPAN:eS2knCRgLegeRw8bcmSWA:0:9:0:9:0:9:0:10:8:0:undefined:undefined","labelName":"eS2knCRgLegeRw8bcmSWA","labelItem":{"id":"eS2knCRgLegeRw8bcmSWA","labelName":"Skill"},"textPosition":{"start":{"row":9,"column":0,"tokenIndex":9,"charIndex":0},"end":{"row":9,"column":0,"tokenIndex":10,"charIndex":8}},"confidenceScore":null},{"id":"1663422006","labeledBy":"LABELER","labeledByUserId":6814,"acceptedByUserId":null,"rejectedByUserId":null,"layer":0,"counter":0,"status":"ACCEPTED","hashCode":"SPAN:eS2knCRgLegeRw8bcmSWA:0:9:0:11:0:9:0:12:5:0:undefined:undefined","labelName":"eS2knCRgLegeRw8bcmSWA","labelItem":{"id":"eS2knCRgLegeRw8bcmSWA","labelName":"Skill"},"textPosition":{"start":{"row":9,"column":0,"tokenIndex":11,"charIndex":0},"end":{"row":9,"column":0,"tokenIndex":12,"charIndex":5}},"confidenceScore":null},{"id":"1663422018","labeledBy":"LABELER","labeledByUserId":6814,"acceptedByUserId":null,"rejectedByUserId":null,"layer":0,"counter":0,"status":"ACCEPTED","hashCode":"SPAN:eS2knCRgLegeRw8bcmSWA:0:9:0:14:0:9:0:15:12:0:undefined:undefined","labelName":"eS2knCRgLegeRw8bcmSWA","labelItem":{"id":"eS2knCRgLegeRw8bcmSWA","labelName":"Skill"},"textPosition":{"start":{"row":9,"column":0,"tokenIndex":14,"charIndex":0},"end":{"row":9,"column":0,"tokenIndex":15,"charIndex":12}},"confidenceScore":null},{"id":"1663422066","labeledBy":"LABELER","labeledByUserId":6814,"acceptedByUserId":null,"rejectedByUserId":null,"layer":0,"counter":0,"status":"ACCEPTED","hashCode":"SPAN:SJEkdao76hjwbb6Fh5SY6:0:10:0:2:0:10:0:4:5:0:undefined:undefined","labelName":"SJEkdao76hjwbb6Fh5SY6","labelItem":{"id":"SJEkdao76hjwbb6Fh5SY6","labelName":"Job Title"},"textPosition":{"start":{"row":10,"column":0,"tokenIndex":2,"charIndex":0},"end":{"row":10,"column":0,"tokenIndex":4,"charIndex":5}},"confidenceScore":null},{"id":"1663422075","labeledBy":"LABELER","labeledByUserId":6814,"acceptedByUserId":null,"rejectedByUserId":null,"layer":0,"counter":0,"status":"ACCEPTED","hashCode":"SPAN:rj7TW0-ymuRo6f_asXJab:0:10:0:5:0:10:0:7:2:0:undefined:undefined","labelName":"rj7TW0-ymuRo6f_asXJab","labelItem":{"id":"rj7TW0-ymuRo6f_asXJab","labelName":"Company Name"},"textPosition":{"start":{"row":10,"column":0,"tokenIndex":5,"charIndex":0},"end":{"row":10,"column":0,"tokenIndex":7,"charIndex":2}},"confidenceScore":null},{"id":"1663422084","labeledBy":"LABELER","labeledByUserId":6814,"acceptedByUserId":null,"rejectedByUserId":null,"layer":0,"counter":0,"status":"ACCEPTED","hashCode":"SPAN:52S_6moRfhjC-yXgIBeCp:0:10:0:8:0:10:0:9:3:0:undefined:undefined","labelName":"52S_6moRfhjC-yXgIBeCp","labelItem":{"id":"52S_6moRfhjC-yXgIBeCp","labelName":"Date"},"textPosition":{"start":{"row":10,"column":0,"tokenIndex":8,"charIndex":0},"end":{"row":10,"column":0,"tokenIndex":9,"charIndex":3}},"confidenceScore":null},{"id":"1663422091","labeledBy":"LABELER","labeledByUserId":6814,"acceptedByUserId":null,"rejectedByUserId":null,"layer":0,"counter":0,"status":"ACCEPTED","hashCode":"SPAN:52S_6moRfhjC-yXgIBeCp:0:10:0:11:0:10:0:11:6:0:undefined:undefined","labelName":"52S_6moRfhjC-yXgIBeCp","labelItem":{"id":"52S_6moRfhjC-yXgIBeCp","labelName":"Date"},"textPosition":{"start":{"row":10,"column":0,"tokenIndex":11,"charIndex":0},"end":{"row":10,"column":0,"tokenIndex":11,"charIndex":6}},"confidenceScore":null},{"id":"1663422111","labeledBy":"LABELER","labeledByUserId":6814,"acceptedByUserId":null,"rejectedByUserId":null,"layer":0,"counter":0,"status":"ACCEPTED","hashCode":"SPAN:eS2knCRgLegeRw8bcmSWA:0:10:0:15:0:10:0:15:10:0:undefined:undefined","labelName":"eS2knCRgLegeRw8bcmSWA","labelItem":{"id":"eS2knCRgLegeRw8bcmSWA","labelName":"Skill"},"textPosition":{"start":{"row":10,"column":0,"tokenIndex":15,"charIndex":0},"end":{"row":10,"column":0,"tokenIndex":15,"charIndex":10}},"confidenceScore":null},{"id":"1663422114","labeledBy":"LABELER","labeledByUserId":6814,"acceptedByUserId":null,"rejectedByUserId":null,"layer":0,"counter":0,"status":"ACCEPTED","hashCode":"SPAN:eS2knCRgLegeRw8bcmSWA:0:10:0:20:0:10:0:20:6:0:undefined:undefined","labelName":"eS2knCRgLegeRw8bcmSWA","labelItem":{"id":"eS2knCRgLegeRw8bcmSWA","labelName":"Skill"},"textPosition":{"start":{"row":10,"column":0,"tokenIndex":20,"charIndex":0},"end":{"row":10,"column":0,"tokenIndex":20,"charIndex":6}},"confidenceScore":null},{"id":"1663422123","labeledBy":"LABELER","labeledByUserId":6814,"acceptedByUserId":null,"rejectedByUserId":null,"layer":0,"counter":0,"status":"ACCEPTED","hashCode":"SPAN:eS2knCRgLegeRw8bcmSWA:0:11:0:0:0:11:0:2:8:0:undefined:undefined","labelName":"eS2knCRgLegeRw8bcmSWA","labelItem":{"id":"eS2knCRgLegeRw8bcmSWA","labelName":"Skill"},"textPosition":{"start":{"row":11,"column":0,"tokenIndex":0,"charIndex":0},"end":{"row":11,"column":0,"tokenIndex":2,"charIndex":8}},"confidenceScore":null},{"id":"1663422135","labeledBy":"LABELER","labeledByUserId":6814,"acceptedByUserId":null,"rejectedByUserId":null,"layer":0,"counter":0,"status":"ACCEPTED","hashCode":"SPAN:eS2knCRgLegeRw8bcmSWA:0:11:0:3:0:11:0:5:8:0:undefined:undefined","labelName":"eS2knCRgLegeRw8bcmSWA","labelItem":{"id":"eS2knCRgLegeRw8bcmSWA","labelName":"Skill"},"textPosition":{"start":{"row":11,"column":0,"tokenIndex":3,"charIndex":0},"end":{"row":11,"column":0,"tokenIndex":5,"charIndex":8}},"confidenceScore":null},{"id":"1663422138","labeledBy":"LABELER","labeledByUserId":6814,"acceptedByUserId":null,"rejectedByUserId":null,"layer":0,"counter":0,"status":"ACCEPTED","hashCode":"SPAN:eS2knCRgLegeRw8bcmSWA:0:11:0:7:0:11:0:8:7:0:undefined:undefined","labelName":"eS2knCRgLegeRw8bcmSWA","labelItem":{"id":"eS2knCRgLegeRw8bcmSWA","labelName":"Skill"},"textPosition":{"start":{"row":11,"column":0,"tokenIndex":7,"charIndex":0},"end":{"row":11,"column":0,"tokenIndex":8,"charIndex":7}},"confidenceScore":null},{"id":"1663422147","labeledBy":"LABELER","labeledByUserId":6814,"acceptedByUserId":null,"rejectedByUserId":null,"layer":0,"counter":0,"status":"ACCEPTED","hashCode":"SPAN:eS2knCRgLegeRw8bcmSWA:0:11:0:11:0:11:0:12:9:0:undefined:undefined","labelName":"eS2knCRgLegeRw8bcmSWA","labelItem":{"id":"eS2knCRgLegeRw8bcmSWA","labelName":"Skill"},"textPosition":{"start":{"row":11,"column":0,"tokenIndex":11,"charIndex":0},"end":{"row":11,"column":0,"tokenIndex":12,"charIndex":9}},"confidenceScore":null},{"id":"1663422157","labeledBy":"LABELER","labeledByUserId":6814,"acceptedByUserId":null,"rejectedByUserId":null,"layer":0,"counter":0,"status":"ACCEPTED","hashCode":"SPAN:eS2knCRgLegeRw8bcmSWA:0:11:0:14:0:11:0:14:9:0:undefined:undefined","labelName":"eS2knCRgLegeRw8bcmSWA","labelItem":{"id":"eS2knCRgLegeRw8bcmSWA","labelName":"Skill"},"textPosition":{"start":{"row":11,"column":0,"tokenIndex":14,"charIndex":0},"end":{"row":11,"column":0,"tokenIndex":14,"charIndex":9}},"confidenceScore":null},{"id":"1663422189","labeledBy":"LABELER","labeledByUserId":6814,"acceptedByUserId":null,"rejectedByUserId":null,"layer":0,"counter":0,"status":"ACCEPTED","hashCode":"SPAN:eS2knCRgLegeRw8bcmSWA:0:12:0:2:0:12:0:2:10:0:undefined:undefined","labelName":"eS2knCRgLegeRw8bcmSWA","labelItem":{"id":"eS2knCRgLegeRw8bcmSWA","labelName":"Skill"},"textPosition":{"start":{"row":12,"column":0,"tokenIndex":2,"charIndex":0},"end":{"row":12,"column":0,"tokenIndex":2,"charIndex":10}},"confidenceScore":null},{"id":"1663422201","labeledBy":"LABELER","labeledByUserId":6814,"acceptedByUserId":null,"rejectedByUserId":null,"layer":0,"counter":0,"status":"ACCEPTED","hashCode":"SPAN:eS2knCRgLegeRw8bcmSWA:0:14:0:2:0:14:0:2:6:0:undefined:undefined","labelName":"eS2knCRgLegeRw8bcmSWA","labelItem":{"id":"eS2knCRgLegeRw8bcmSWA","labelName":"Skill"},"textPosition":{"start":{"row":14,"column":0,"tokenIndex":2,"charIndex":0},"end":{"row":14,"column":0,"tokenIndex":2,"charIndex":6}},"confidenceScore":null},{"id":"1663422204","labeledBy":"LABELER","labeledByUserId":6814,"acceptedByUserId":null,"rejectedByUserId":null,"layer":0,"counter":0,"status":"ACCEPTED","hashCode":"SPAN:eS2knCRgLegeRw8bcmSWA:0:14:0:3:0:14:0:3:6:0:undefined:undefined","labelName":"eS2knCRgLegeRw8bcmSWA","labelItem":{"id":"eS2knCRgLegeRw8bcmSWA","labelName":"Skill"},"textPosition":{"start":{"row":14,"column":0,"tokenIndex":3,"charIndex":0},"end":{"row":14,"column":0,"tokenIndex":3,"charIndex":6}},"confidenceScore":null},{"id":"1663422207","labeledBy":"LABELER","labeledByUserId":6814,"acceptedByUserId":null,"rejectedByUserId":null,"layer":0,"counter":0,"status":"ACCEPTED","hashCode":"SPAN:eS2knCRgLegeRw8bcmSWA:0:14:0:4:0:14:0:4:6:0:undefined:undefined","labelName":"eS2knCRgLegeRw8bcmSWA","labelItem":{"id":"eS2knCRgLegeRw8bcmSWA","labelName":"Skill"},"textPosition":{"start":{"row":14,"column":0,"tokenIndex":4,"charIndex":0},"end":{"row":14,"column":0,"tokenIndex":4,"charIndex":6}},"confidenceScore":null},{"id":"1663422210","labeledBy":"LABELER","labeledByUserId":6814,"acceptedByUserId":null,"rejectedByUserId":null,"layer":0,"counter":0,"status":"ACCEPTED","hashCode":"SPAN:eS2knCRgLegeRw8bcmSWA:0:14:0:5:0:14:0:5:8:0:undefined:undefined","labelName":"eS2knCRgLegeRw8bcmSWA","labelItem":{"id":"eS2knCRgLegeRw8bcmSWA","labelName":"Skill"},"textPosition":{"start":{"row":14,"column":0,"tokenIndex":5,"charIndex":0},"end":{"row":14,"column":0,"tokenIndex":5,"charIndex":8}},"confidenceScore":null},{"id":"1663422213","labeledBy":"LABELER","labeledByUserId":6814,"acceptedByUserId":null,"rejectedByUserId":null,"layer":0,"counter":0,"status":"ACCEPTED","hashCode":"SPAN:eS2knCRgLegeRw8bcmSWA:0:14:0:6:0:14:0:6:7:0:undefined:undefined","labelName":"eS2knCRgLegeRw8bcmSWA","labelItem":{"id":"eS2knCRgLegeRw8bcmSWA","labelName":"Skill"},"textPosition":{"start":{"row":14,"column":0,"tokenIndex":6,"charIndex":0},"end":{"row":14,"column":0,"tokenIndex":6,"charIndex":7}},"confidenceScore":null},{"id":"1663422216","labeledBy":"LABELER","labeledByUserId":6814,"acceptedByUserId":null,"rejectedByUserId":null,"layer":0,"counter":0,"status":"ACCEPTED","hashCode":"SPAN:eS2knCRgLegeRw8bcmSWA:0:14:0:6:0:14:0:8:4:0:undefined:undefined","labelName":"eS2knCRgLegeRw8bcmSWA","labelItem":{"id":"eS2knCRgLegeRw8bcmSWA","labelName":"Skill"},"textPosition":{"start":{"row":14,"column":0,"tokenIndex":6,"charIndex":0},"end":{"row":14,"column":0,"tokenIndex":8,"charIndex":4}},"confidenceScore":null},{"id":"1663422219","labeledBy":"LABELER","labeledByUserId":6814,"acceptedByUserId":null,"rejectedByUserId":null,"layer":0,"counter":0,"status":"ACCEPTED","hashCode":"SPAN:eS2knCRgLegeRw8bcmSWA:0:14:0:10:0:14:0:11:7:0:undefined:undefined","labelName":"eS2knCRgLegeRw8bcmSWA","labelItem":{"id":"eS2knCRgLegeRw8bcmSWA","labelName":"Skill"},"textPosition":{"start":{"row":14,"column":0,"tokenIndex":10,"charIndex":0},"end":{"row":14,"column":0,"tokenIndex":11,"charIndex":7}},"confidenceScore":null},{"id":"1663422225","labeledBy":"LABELER","labeledByUserId":6814,"acceptedByUserId":null,"rejectedByUserId":null,"layer":0,"counter":0,"status":"ACCEPTED","hashCode":"SPAN:eS2knCRgLegeRw8bcmSWA:0:15:0:2:0:15:0:3:13:0:undefined:undefined","labelName":"eS2knCRgLegeRw8bcmSWA","labelItem":{"id":"eS2knCRgLegeRw8bcmSWA","labelName":"Skill"},"textPosition":{"start":{"row":15,"column":0,"tokenIndex":2,"charIndex":0},"end":{"row":15,"column":0,"tokenIndex":3,"charIndex":13}},"confidenceScore":null},{"id":"1663422228","labeledBy":"LABELER","labeledByUserId":6814,"acceptedByUserId":null,"rejectedByUserId":null,"layer":0,"counter":0,"status":"ACCEPTED","hashCode":"SPAN:eS2knCRgLegeRw8bcmSWA:0:15:0:5:0:15:0:6:6:0:undefined:undefined","labelName":"eS2knCRgLegeRw8bcmSWA","labelItem":{"id":"eS2knCRgLegeRw8bcmSWA","labelName":"Skill"},"textPosition":{"start":{"row":15,"column":0,"tokenIndex":5,"charIndex":0},"end":{"row":15,"column":0,"tokenIndex":6,"charIndex":6}},"confidenceScore":null},{"id":"1663422231","labeledBy":"LABELER","labeledByUserId":6814,"acceptedByUserId":null,"rejectedByUserId":null,"layer":0,"counter":0,"status":"ACCEPTED","hashCode":"SPAN:eS2knCRgLegeRw8bcmSWA:0:15:0:8:0:15:0:9:13:0:undefined:undefined","labelName":"eS2knCRgLegeRw8bcmSWA","labelItem":{"id":"eS2knCRgLegeRw8bcmSWA","labelName":"Skill"},"textPosition":{"start":{"row":15,"column":0,"tokenIndex":8,"charIndex":0},"end":{"row":15,"column":0,"tokenIndex":9,"charIndex":13}},"confidenceScore":null},{"id":"1663422237","labeledBy":"LABELER","labeledByUserId":6814,"acceptedByUserId":null,"rejectedByUserId":null,"layer":0,"counter":0,"status":"ACCEPTED","hashCode":"SPAN:eS2knCRgLegeRw8bcmSWA:0:15:0:10:0:15:0:11:5:0:undefined:undefined","labelName":"eS2knCRgLegeRw8bcmSWA","labelItem":{"id":"eS2knCRgLegeRw8bcmSWA","labelName":"Skill"},"textPosition":{"start":{"row":15,"column":0,"tokenIndex":10,"charIndex":0},"end":{"row":15,"column":0,"tokenIndex":11,"charIndex":5}},"confidenceScore":null},{"id":"1663422240","labeledBy":"LABELER","labeledByUserId":6814,"acceptedByUserId":null,"rejectedByUserId":null,"layer":0,"counter":0,"status":"ACCEPTED","hashCode":"SPAN:eS2knCRgLegeRw8bcmSWA:0:15:0:13:0:15:0:13:11:0:undefined:undefined","labelName":"eS2knCRgLegeRw8bcmSWA","labelItem":{"id":"eS2knCRgLegeRw8bcmSWA","labelName":"Skill"},"textPosition":{"start":{"row":15,"column":0,"tokenIndex":13,"charIndex":0},"end":{"row":15,"column":0,"tokenIndex":13,"charIndex":11}},"confidenceScore":null},{"id":"1663422246","labeledBy":"LABELER","labeledByUserId":6814,"acceptedByUserId":null,"rejectedByUserId":null,"layer":0,"counter":0,"status":"ACCEPTED","hashCode":"SPAN:SJEkdao76hjwbb6Fh5SY6:0:16:0:0:0:16:0:2:5:0:undefined:undefined","labelName":"SJEkdao76hjwbb6Fh5SY6","labelItem":{"id":"SJEkdao76hjwbb6Fh5SY6","labelName":"Job Title"},"textPosition":{"start":{"row":16,"column":0,"tokenIndex":0,"charIndex":0},"end":{"row":16,"column":0,"tokenIndex":2,"charIndex":5}},"confidenceScore":null},{"id":"1663422255","labeledBy":"LABELER","labeledByUserId":6814,"acceptedByUserId":null,"rejectedByUserId":null,"layer":0,"counter":0,"status":"ACCEPTED","hashCode":"SPAN:rj7TW0-ymuRo6f_asXJab:0:16:0:3:0:16:0:5:2:0:undefined:undefined","labelName":"rj7TW0-ymuRo6f_asXJab","labelItem":{"id":"rj7TW0-ymuRo6f_asXJab","labelName":"Company Name"},"textPosition":{"start":{"row":16,"column":0,"tokenIndex":3,"charIndex":0},"end":{"row":16,"column":0,"tokenIndex":5,"charIndex":2}},"confidenceScore":null},{"id":"1663422267","labeledBy":"LABELER","labeledByUserId":6814,"acceptedByUserId":null,"rejectedByUserId":null,"layer":0,"counter":0,"status":"ACCEPTED","hashCode":"SPAN:52S_6moRfhjC-yXgIBeCp:0:16:0:6:0:16:0:7:3:0:undefined:undefined","labelName":"52S_6moRfhjC-yXgIBeCp","labelItem":{"id":"52S_6moRfhjC-yXgIBeCp","labelName":"Date"},"textPosition":{"start":{"row":16,"column":0,"tokenIndex":6,"charIndex":0},"end":{"row":16,"column":0,"tokenIndex":7,"charIndex":3}},"confidenceScore":null},{"id":"1663422270","labeledBy":"LABELER","labeledByUserId":6814,"acceptedByUserId":null,"rejectedByUserId":null,"layer":0,"counter":0,"status":"ACCEPTED","hashCode":"SPAN:52S_6moRfhjC-yXgIBeCp:0:16:0:9:0:16:0:10:3:0:undefined:undefined","labelName":"52S_6moRfhjC-yXgIBeCp","labelItem":{"id":"52S_6moRfhjC-yXgIBeCp","labelName":"Date"},"textPosition":{"start":{"row":16,"column":0,"tokenIndex":9,"charIndex":0},"end":{"row":16,"column":0,"tokenIndex":10,"charIndex":3}},"confidenceScore":null},{"id":"1663422298","labeledBy":"LABELER","labeledByUserId":6814,"acceptedByUserId":null,"rejectedByUserId":null,"layer":0,"counter":0,"status":"ACCEPTED","hashCode":"SPAN:SJEkdao76hjwbb6Fh5SY6:0:20:0:0:0:20:0:2:9:0:undefined:undefined","labelName":"SJEkdao76hjwbb6Fh5SY6","labelItem":{"id":"SJEkdao76hjwbb6Fh5SY6","labelName":"Job Title"},"textPosition":{"start":{"row":20,"column":0,"tokenIndex":0,"charIndex":0},"end":{"row":20,"column":0,"tokenIndex":2,"charIndex":9}},"confidenceScore":null},{"id":"1663422312","labeledBy":"LABELER","labeledByUserId":6814,"acceptedByUserId":null,"rejectedByUserId":null,"layer":0,"counter":0,"status":"ACCEPTED","hashCode":"SPAN:rj7TW0-ymuRo6f_asXJab:0:20:0:4:0:20:0:6:1:0:undefined:undefined","labelName":"rj7TW0-ymuRo6f_asXJab","labelItem":{"id":"rj7TW0-ymuRo6f_asXJab","labelName":"Company Name"},"textPosition":{"start":{"row":20,"column":0,"tokenIndex":4,"charIndex":0},"end":{"row":20,"column":0,"tokenIndex":6,"charIndex":1}},"confidenceScore":null},{"id":"1663422318","labeledBy":"LABELER","labeledByUserId":6814,"acceptedByUserId":null,"rejectedByUserId":null,"layer":0,"counter":0,"status":"ACCEPTED","hashCode":"SPAN:1R0C50AAwFbEp2O0WmRv6:0:20:0:7:0:20:0:8:3:0:undefined:undefined","labelName":"1R0C50AAwFbEp2O0WmRv6","labelItem":{"id":"1R0C50AAwFbEp2O0WmRv6","labelName":"Location"},"textPosition":{"start":{"row":20,"column":0,"tokenIndex":7,"charIndex":0},"end":{"row":20,"column":0,"tokenIndex":8,"charIndex":3}},"confidenceScore":null},{"id":"1663422327","labeledBy":"LABELER","labeledByUserId":6814,"acceptedByUserId":null,"rejectedByUserId":null,"layer":0,"counter":0,"status":"ACCEPTED","hashCode":"SPAN:52S_6moRfhjC-yXgIBeCp:0:20:0:9:0:20:0:10:3:0:undefined:undefined","labelName":"52S_6moRfhjC-yXgIBeCp","labelItem":{"id":"52S_6moRfhjC-yXgIBeCp","labelName":"Date"},"textPosition":{"start":{"row":20,"column":0,"tokenIndex":9,"charIndex":0},"end":{"row":20,"column":0,"tokenIndex":10,"charIndex":3}},"confidenceScore":null},{"id":"1663422330","labeledBy":"LABELER","labeledByUserId":6814,"acceptedByUserId":null,"rejectedByUserId":null,"layer":0,"counter":0,"status":"ACCEPTED","hashCode":"SPAN:52S_6moRfhjC-yXgIBeCp:0:20:0:12:0:20:0:13:3:0:undefined:undefined","labelName":"52S_6moRfhjC-yXgIBeCp","labelItem":{"id":"52S_6moRfhjC-yXgIBeCp","labelName":"Date"},"textPosition":{"start":{"row":20,"column":0,"tokenIndex":12,"charIndex":0},"end":{"row":20,"column":0,"tokenIndex":13,"charIndex":3}},"confidenceScore":null},{"id":"1663422349","labeledBy":"LABELER","labeledByUserId":6814,"acceptedByUserId":null,"rejectedByUserId":null,"layer":0,"counter":0,"status":"ACCEPTED","hashCode":"SPAN:eS2knCRgLegeRw8bcmSWA:0:20:0:25:0:20:0:25:12:0:undefined:undefined","labelName":"eS2knCRgLegeRw8bcmSWA","labelItem":{"id":"eS2knCRgLegeRw8bcmSWA","labelName":"Skill"},"textPosition":{"start":{"row":20,"column":0,"tokenIndex":25,"charIndex":0},"end":{"row":20,"column":0,"tokenIndex":25,"charIndex":12}},"confidenceScore":null},{"id":"1663422354","labeledBy":"LABELER","labeledByUserId":6814,"acceptedByUserId":null,"rejectedByUserId":null,"layer":0,"counter":0,"status":"ACCEPTED","hashCode":"SPAN:eS2knCRgLegeRw8bcmSWA:0:20:0:26:0:20:0:26:7:0:undefined:undefined","labelName":"eS2knCRgLegeRw8bcmSWA","labelItem":{"id":"eS2knCRgLegeRw8bcmSWA","labelName":"Skill"},"textPosition":{"start":{"row":20,"column":0,"tokenIndex":26,"charIndex":0},"end":{"row":20,"column":0,"tokenIndex":26,"charIndex":7}},"confidenceScore":null},{"id":"1663422357","labeledBy":"LABELER","labeledByUserId":6814,"acceptedByUserId":null,"rejectedByUserId":null,"layer":0,"counter":0,"status":"ACCEPTED","hashCode":"SPAN:eS2knCRgLegeRw8bcmSWA:0:20:0:27:0:20:0:27:12:0:undefined:undefined","labelName":"eS2knCRgLegeRw8bcmSWA","labelItem":{"id":"eS2knCRgLegeRw8bcmSWA","labelName":"Skill"},"textPosition":{"start":{"row":20,"column":0,"tokenIndex":27,"charIndex":0},"end":{"row":20,"column":0,"tokenIndex":27,"charIndex":12}},"confidenceScore":null},{"id":"1663422363","labeledBy":"LABELER","labeledByUserId":6814,"acceptedByUserId":null,"rejectedByUserId":null,"layer":0,"counter":0,"status":"ACCEPTED","hashCode":"SPAN:eS2knCRgLegeRw8bcmSWA:0:20:0:28:0:20:0:29:9:0:undefined:undefined","labelName":"eS2knCRgLegeRw8bcmSWA","labelItem":{"id":"eS2knCRgLegeRw8bcmSWA","labelName":"Skill"},"textPosition":{"start":{"row":20,"column":0,"tokenIndex":28,"charIndex":0},"end":{"row":20,"column":0,"tokenIndex":29,"charIndex":9}},"confidenceScore":null},{"id":"1663422393","labeledBy":"LABELER","labeledByUserId":6814,"acceptedByUserId":null,"rejectedByUserId":null,"layer":0,"counter":0,"status":"ACCEPTED","hashCode":"SPAN:eS2knCRgLegeRw8bcmSWA:0:22:0:0:0:22:0:0:6:0:undefined:undefined","labelName":"eS2knCRgLegeRw8bcmSWA","labelItem":{"id":"eS2knCRgLegeRw8bcmSWA","labelName":"Skill"},"textPosition":{"start":{"row":22,"column":0,"tokenIndex":0,"charIndex":0},"end":{"row":22,"column":0,"tokenIndex":0,"charIndex":6}},"confidenceScore":null},{"id":"1663422384","labeledBy":"LABELER","labeledByUserId":6814,"acceptedByUserId":null,"rejectedByUserId":null,"layer":0,"counter":0,"status":"ACCEPTED","hashCode":"SPAN:eS2knCRgLegeRw8bcmSWA:0:22:0:6:0:22:0:7:13:0:undefined:undefined","labelName":"eS2knCRgLegeRw8bcmSWA","labelItem":{"id":"eS2knCRgLegeRw8bcmSWA","labelName":"Skill"},"textPosition":{"start":{"row":22,"column":0,"tokenIndex":6,"charIndex":0},"end":{"row":22,"column":0,"tokenIndex":7,"charIndex":13}},"confidenceScore":null},{"id":"1663422396","labeledBy":"LABELER","labeledByUserId":6814,"acceptedByUserId":null,"rejectedByUserId":null,"layer":0,"counter":0,"status":"ACCEPTED","hashCode":"SPAN:SJEkdao76hjwbb6Fh5SY6:0:25:0:0:0:25:0:1:8:0:undefined:undefined","labelName":"SJEkdao76hjwbb6Fh5SY6","labelItem":{"id":"SJEkdao76hjwbb6Fh5SY6","labelName":"Job Title"},"textPosition":{"start":{"row":25,"column":0,"tokenIndex":0,"charIndex":0},"end":{"row":25,"column":0,"tokenIndex":1,"charIndex":8}},"confidenceScore":null},{"id":"1663422405","labeledBy":"LABELER","labeledByUserId":6814,"acceptedByUserId":null,"rejectedByUserId":null,"layer":0,"counter":0,"status":"ACCEPTED","hashCode":"SPAN:rj7TW0-ymuRo6f_asXJab:0:25:0:2:0:26:0:0:2:0:undefined:undefined","labelName":"rj7TW0-ymuRo6f_asXJab","labelItem":{"id":"rj7TW0-ymuRo6f_asXJab","labelName":"Company Name"},"textPosition":{"start":{"row":25,"column":0,"tokenIndex":2,"charIndex":0},"end":{"row":26,"column":0,"tokenIndex":0,"charIndex":2}},"confidenceScore":null},{"id":"1663422408","labeledBy":"LABELER","labeledByUserId":6814,"acceptedByUserId":null,"rejectedByUserId":null,"layer":0,"counter":0,"status":"ACCEPTED","hashCode":"SPAN:52S_6moRfhjC-yXgIBeCp:0:26:0:1:0:26:0:2:3:0:undefined:undefined","labelName":"52S_6moRfhjC-yXgIBeCp","labelItem":{"id":"52S_6moRfhjC-yXgIBeCp","labelName":"Date"},"textPosition":{"start":{"row":26,"column":0,"tokenIndex":1,"charIndex":0},"end":{"row":26,"column":0,"tokenIndex":2,"charIndex":3}},"confidenceScore":null},{"id":"1663422414","labeledBy":"LABELER","labeledByUserId":6814,"acceptedByUserId":null,"rejectedByUserId":null,"layer":0,"counter":0,"status":"ACCEPTED","hashCode":"SPAN:52S_6moRfhjC-yXgIBeCp:0:26:0:4:0:26:0:5:3:0:undefined:undefined","labelName":"52S_6moRfhjC-yXgIBeCp","labelItem":{"id":"52S_6moRfhjC-yXgIBeCp","labelName":"Date"},"textPosition":{"start":{"row":26,"column":0,"tokenIndex":4,"charIndex":0},"end":{"row":26,"column":0,"tokenIndex":5,"charIndex":3}},"confidenceScore":null},{"id":"1663422429","labeledBy":"LABELER","labeledByUserId":6814,"acceptedByUserId":null,"rejectedByUserId":null,"layer":0,"counter":0,"status":"ACCEPTED","hashCode":"SPAN:eS2knCRgLegeRw8bcmSWA:0:26:0:13:0:26:0:14:10:0:undefined:undefined","labelName":"eS2knCRgLegeRw8bcmSWA","labelItem":{"id":"eS2knCRgLegeRw8bcmSWA","labelName":"Skill"},"textPosition":{"start":{"row":26,"column":0,"tokenIndex":13,"charIndex":0},"end":{"row":26,"column":0,"tokenIndex":14,"charIndex":10}},"confidenceScore":null},{"id":"1663422432","labeledBy":"LABELER","labeledByUserId":6814,"acceptedByUserId":null,"rejectedByUserId":null,"layer":0,"counter":0,"status":"ACCEPTED","hashCode":"SPAN:eS2knCRgLegeRw8bcmSWA:0:26:0:15:0:26:0:16:8:0:undefined:undefined","labelName":"eS2knCRgLegeRw8bcmSWA","labelItem":{"id":"eS2knCRgLegeRw8bcmSWA","labelName":"Skill"},"textPosition":{"start":{"row":26,"column":0,"tokenIndex":15,"charIndex":0},"end":{"row":26,"column":0,"tokenIndex":16,"charIndex":8}},"confidenceScore":null},{"id":"1663422435","labeledBy":"LABELER","labeledByUserId":6814,"acceptedByUserId":null,"rejectedByUserId":null,"layer":0,"counter":0,"status":"ACCEPTED","hashCode":"SPAN:eS2knCRgLegeRw8bcmSWA:0:26:0:17:0:26:0:17:8:0:undefined:undefined","labelName":"eS2knCRgLegeRw8bcmSWA","labelItem":{"id":"eS2knCRgLegeRw8bcmSWA","labelName":"Skill"},"textPosition":{"start":{"row":26,"column":0,"tokenIndex":17,"charIndex":0},"end":{"row":26,"column":0,"tokenIndex":17,"charIndex":8}},"confidenceScore":null},{"id":"1663422439","labeledBy":"LABELER","labeledByUserId":6814,"acceptedByUserId":null,"rejectedByUserId":null,"layer":0,"counter":0,"status":"ACCEPTED","hashCode":"SPAN:eS2knCRgLegeRw8bcmSWA:0:26:0:18:0:26:0:18:7:0:undefined:undefined","labelName":"eS2knCRgLegeRw8bcmSWA","labelItem":{"id":"eS2knCRgLegeRw8bcmSWA","labelName":"Skill"},"textPosition":{"start":{"row":26,"column":0,"tokenIndex":18,"charIndex":0},"end":{"row":26,"column":0,"tokenIndex":18,"charIndex":7}},"confidenceScore":null},{"id":"1663422444","labeledBy":"LABELER","labeledByUserId":6814,"acceptedByUserId":null,"rejectedByUserId":null,"layer":0,"counter":0,"status":"ACCEPTED","hashCode":"SPAN:eS2knCRgLegeRw8bcmSWA:0:26:0:19:0:26:0:19:6:0:undefined:undefined","labelName":"eS2knCRgLegeRw8bcmSWA","labelItem":{"id":"eS2knCRgLegeRw8bcmSWA","labelName":"Skill"},"textPosition":{"start":{"row":26,"column":0,"tokenIndex":19,"charIndex":0},"end":{"row":26,"column":0,"tokenIndex":19,"charIndex":6}},"confidenceScore":null},{"id":"1663422447","labeledBy":"LABELER","labeledByUserId":6814,"acceptedByUserId":null,"rejectedByUserId":null,"layer":0,"counter":0,"status":"ACCEPTED","hashCode":"SPAN:eS2knCRgLegeRw8bcmSWA:0:26:0:21:0:26:0:21:4:0:undefined:undefined","labelName":"eS2knCRgLegeRw8bcmSWA","labelItem":{"id":"eS2knCRgLegeRw8bcmSWA","labelName":"Skill"},"textPosition":{"start":{"row":26,"column":0,"tokenIndex":21,"charIndex":0},"end":{"row":26,"column":0,"tokenIndex":21,"charIndex":4}},"confidenceScore":null},{"id":"1663422450","labeledBy":"LABELER","labeledByUserId":6814,"acceptedByUserId":null,"rejectedByUserId":null,"layer":0,"counter":0,"status":"ACCEPTED","hashCode":"SPAN:eS2knCRgLegeRw8bcmSWA:0:26:0:24:0:26:0:25:4:0:undefined:undefined","labelName":"eS2knCRgLegeRw8bcmSWA","labelItem":{"id":"eS2knCRgLegeRw8bcmSWA","labelName":"Skill"},"textPosition":{"start":{"row":26,"column":0,"tokenIndex":24,"charIndex":0},"end":{"row":26,"column":0,"tokenIndex":25,"charIndex":4}},"confidenceScore":null},{"id":"1663422456","labeledBy":"LABELER","labeledByUserId":6814,"acceptedByUserId":null,"rejectedByUserId":null,"layer":0,"counter":0,"status":"ACCEPTED","hashCode":"SPAN:eS2knCRgLegeRw8bcmSWA:0:28:0:2:0:28:0:3:8:0:undefined:undefined","labelName":"eS2knCRgLegeRw8bcmSWA","labelItem":{"id":"eS2knCRgLegeRw8bcmSWA","labelName":"Skill"},"textPosition":{"start":{"row":28,"column":0,"tokenIndex":2,"charIndex":0},"end":{"row":28,"column":0,"tokenIndex":3,"charIndex":8}},"confidenceScore":null},{"id":"1663422459","labeledBy":"LABELER","labeledByUserId":6814,"acceptedByUserId":null,"rejectedByUserId":null,"layer":0,"counter":0,"status":"ACCEPTED","hashCode":"SPAN:eS2knCRgLegeRw8bcmSWA:0:28:0:4:0:28:0:4:7:0:undefined:undefined","labelName":"eS2knCRgLegeRw8bcmSWA","labelItem":{"id":"eS2knCRgLegeRw8bcmSWA","labelName":"Skill"},"textPosition":{"start":{"row":28,"column":0,"tokenIndex":4,"charIndex":0},"end":{"row":28,"column":0,"tokenIndex":4,"charIndex":7}},"confidenceScore":null},{"id":"1663422462","labeledBy":"LABELER","labeledByUserId":6814,"acceptedByUserId":null,"rejectedByUserId":null,"layer":0,"counter":0,"status":"ACCEPTED","hashCode":"SPAN:eS2knCRgLegeRw8bcmSWA:0:28:0:5:0:28:0:6:12:0:undefined:undefined","labelName":"eS2knCRgLegeRw8bcmSWA","labelItem":{"id":"eS2knCRgLegeRw8bcmSWA","labelName":"Skill"},"textPosition":{"start":{"row":28,"column":0,"tokenIndex":5,"charIndex":0},"end":{"row":28,"column":0,"tokenIndex":6,"charIndex":12}},"confidenceScore":null},{"id":"1663422471","labeledBy":"LABELER","labeledByUserId":6814,"acceptedByUserId":null,"rejectedByUserId":null,"layer":0,"counter":0,"status":"ACCEPTED","hashCode":"SPAN:eS2knCRgLegeRw8bcmSWA:0:29:0:6:0:29:0:7:1:0:undefined:undefined","labelName":"eS2knCRgLegeRw8bcmSWA","labelItem":{"id":"eS2knCRgLegeRw8bcmSWA","labelName":"Skill"},"textPosition":{"start":{"row":29,"column":0,"tokenIndex":6,"charIndex":0},"end":{"row":29,"column":0,"tokenIndex":7,"charIndex":1}},"confidenceScore":null},{"id":"1663422474","labeledBy":"LABELER","labeledByUserId":6814,"acceptedByUserId":null,"rejectedByUserId":null,"layer":0,"counter":0,"status":"ACCEPTED","hashCode":"SPAN:eS2knCRgLegeRw8bcmSWA:0:29:0:10:0:29:0:10:10:0:undefined:undefined","labelName":"eS2knCRgLegeRw8bcmSWA","labelItem":{"id":"eS2knCRgLegeRw8bcmSWA","labelName":"Skill"},"textPosition":{"start":{"row":29,"column":0,"tokenIndex":10,"charIndex":0},"end":{"row":29,"column":0,"tokenIndex":10,"charIndex":10}},"confidenceScore":null},{"id":"1663422480","labeledBy":"LABELER","labeledByUserId":6814,"acceptedByUserId":null,"rejectedByUserId":null,"layer":0,"counter":0,"status":"ACCEPTED","hashCode":"SPAN:eS2knCRgLegeRw8bcmSWA:0:30:0:12:0:30:0:13:2:0:undefined:undefined","labelName":"eS2knCRgLegeRw8bcmSWA","labelItem":{"id":"eS2knCRgLegeRw8bcmSWA","labelName":"Skill"},"textPosition":{"start":{"row":30,"column":0,"tokenIndex":12,"charIndex":0},"end":{"row":30,"column":0,"tokenIndex":13,"charIndex":2}},"confidenceScore":null},{"id":"1663422483","labeledBy":"LABELER","labeledByUserId":6814,"acceptedByUserId":null,"rejectedByUserId":null,"layer":0,"counter":0,"status":"ACCEPTED","hashCode":"SPAN:eS2knCRgLegeRw8bcmSWA:0:31:0:1:0:31:0:1:3:0:undefined:undefined","labelName":"eS2knCRgLegeRw8bcmSWA","labelItem":{"id":"eS2knCRgLegeRw8bcmSWA","labelName":"Skill"},"textPosition":{"start":{"row":31,"column":0,"tokenIndex":1,"charIndex":0},"end":{"row":31,"column":0,"tokenIndex":1,"charIndex":3}},"confidenceScore":null},{"id":"1663422486","labeledBy":"LABELER","labeledByUserId":6814,"acceptedByUserId":null,"rejectedByUserId":null,"layer":0,"counter":0,"status":"ACCEPTED","hashCode":"SPAN:eS2knCRgLegeRw8bcmSWA:0:31:0:6:0:31:0:7:7:0:undefined:undefined","labelName":"eS2knCRgLegeRw8bcmSWA","labelItem":{"id":"eS2knCRgLegeRw8bcmSWA","labelName":"Skill"},"textPosition":{"start":{"row":31,"column":0,"tokenIndex":6,"charIndex":0},"end":{"row":31,"column":0,"tokenIndex":7,"charIndex":7}},"confidenceScore":null},{"id":"1663422492","labeledBy":"LABELER","labeledByUserId":6814,"acceptedByUserId":null,"rejectedByUserId":null,"layer":0,"counter":0,"status":"ACCEPTED","hashCode":"SPAN:eS2knCRgLegeRw8bcmSWA:0:31:0:9:0:31:0:9:2:0:undefined:undefined","labelName":"eS2knCRgLegeRw8bcmSWA","labelItem":{"id":"eS2knCRgLegeRw8bcmSWA","labelName":"Skill"},"textPosition":{"start":{"row":31,"column":0,"tokenIndex":9,"charIndex":0},"end":{"row":31,"column":0,"tokenIndex":9,"charIndex":2}},"confidenceScore":null},{"id":"1663422495","labeledBy":"LABELER","labeledByUserId":6814,"acceptedByUserId":null,"rejectedByUserId":null,"layer":0,"counter":0,"status":"ACCEPTED","hashCode":"SPAN:eS2knCRgLegeRw8bcmSWA:0:31:0:13:0:31:0:14:4:0:undefined:undefined","labelName":"eS2knCRgLegeRw8bcmSWA","labelItem":{"id":"eS2knCRgLegeRw8bcmSWA","labelName":"Skill"},"textPosition":{"start":{"row":31,"column":0,"tokenIndex":13,"charIndex":0},"end":{"row":31,"column":0,"tokenIndex":14,"charIndex":4}},"confidenceScore":null},{"id":"1663422528","labeledBy":"LABELER","labeledByUserId":6814,"acceptedByUserId":null,"rejectedByUserId":null,"layer":0,"counter":0,"status":"ACCEPTED","hashCode":"SPAN:eS2knCRgLegeRw8bcmSWA:0:32:0:3:0:32:0:4:11:0:undefined:undefined","labelName":"eS2knCRgLegeRw8bcmSWA","labelItem":{"id":"eS2knCRgLegeRw8bcmSWA","labelName":"Skill"},"textPosition":{"start":{"row":32,"column":0,"tokenIndex":3,"charIndex":0},"end":{"row":32,"column":0,"tokenIndex":4,"charIndex":11}},"confidenceScore":null},{"id":"1663422513","labeledBy":"LABELER","labeledByUserId":6814,"acceptedByUserId":null,"rejectedByUserId":null,"layer":0,"counter":0,"status":"ACCEPTED","hashCode":"SPAN:eS2knCRgLegeRw8bcmSWA:0:33:0:1:0:33:0:3:10:0:undefined:undefined","labelName":"eS2knCRgLegeRw8bcmSWA","labelItem":{"id":"eS2knCRgLegeRw8bcmSWA","labelName":"Skill"},"textPosition":{"start":{"row":33,"column":0,"tokenIndex":1,"charIndex":0},"end":{"row":33,"column":0,"tokenIndex":3,"charIndex":10}},"confidenceScore":null},{"id":"1663422519","labeledBy":"LABELER","labeledByUserId":6814,"acceptedByUserId":null,"rejectedByUserId":null,"layer":0,"counter":0,"status":"ACCEPTED","hashCode":"SPAN:eS2knCRgLegeRw8bcmSWA:0:33:0:4:0:33:0:4:7:0:undefined:undefined","labelName":"eS2knCRgLegeRw8bcmSWA","labelItem":{"id":"eS2knCRgLegeRw8bcmSWA","labelName":"Skill"},"textPosition":{"start":{"row":33,"column":0,"tokenIndex":4,"charIndex":0},"end":{"row":33,"column":0,"tokenIndex":4,"charIndex":7}},"confidenceScore":null},{"id":"1663422522","labeledBy":"LABELER","labeledByUserId":6814,"acceptedByUserId":null,"rejectedByUserId":null,"layer":0,"counter":0,"status":"ACCEPTED","hashCode":"SPAN:eS2knCRgLegeRw8bcmSWA:0:33:0:6:0:33:0:6:9:0:undefined:undefined","labelName":"eS2knCRgLegeRw8bcmSWA","labelItem":{"id":"eS2knCRgLegeRw8bcmSWA","labelName":"Skill"},"textPosition":{"start":{"row":33,"column":0,"tokenIndex":6,"charIndex":0},"end":{"row":33,"column":0,"tokenIndex":6,"charIndex":9}},"confidenceScore":null},{"id":"1663422504","labeledBy":"LABELER","labeledByUserId":6814,"acceptedByUserId":null,"rejectedByUserId":null,"layer":0,"counter":0,"status":"ACCEPTED","hashCode":"SPAN:eS2knCRgLegeRw8bcmSWA:0:34:0:1:0:34:0:2:6:0:undefined:undefined","labelName":"eS2knCRgLegeRw8bcmSWA","labelItem":{"id":"eS2knCRgLegeRw8bcmSWA","labelName":"Skill"},"textPosition":{"start":{"row":34,"column":0,"tokenIndex":1,"charIndex":0},"end":{"row":34,"column":0,"tokenIndex":2,"charIndex":6}},"confidenceScore":null},{"id":"1663422507","labeledBy":"LABELER","labeledByUserId":6814,"acceptedByUserId":null,"rejectedByUserId":null,"layer":0,"counter":0,"status":"ACCEPTED","hashCode":"SPAN:eS2knCRgLegeRw8bcmSWA:0:34:0:4:0:34:0:5:7:0:undefined:undefined","labelName":"eS2knCRgLegeRw8bcmSWA","labelItem":{"id":"eS2knCRgLegeRw8bcmSWA","labelName":"Skill"},"textPosition":{"start":{"row":34,"column":0,"tokenIndex":4,"charIndex":0},"end":{"row":34,"column":0,"tokenIndex":5,"charIndex":7}},"confidenceScore":null},{"id":"1663422543","labeledBy":"LABELER","labeledByUserId":6814,"acceptedByUserId":null,"rejectedByUserId":null,"layer":0,"counter":0,"status":"ACCEPTED","hashCode":"SPAN:IeEoIKabMl51BJE0gX2YL:0:36:0:1:0:36:0:6:6:0:undefined:undefined","labelName":"IeEoIKabMl51BJE0gX2YL","labelItem":{"id":"IeEoIKabMl51BJE0gX2YL","labelName":"Degree"},"textPosition":{"start":{"row":36,"column":0,"tokenIndex":1,"charIndex":0},"end":{"row":36,"column":0,"tokenIndex":6,"charIndex":6}},"confidenceScore":null},{"id":"1663422549","labeledBy":"LABELER","labeledByUserId":6814,"acceptedByUserId":null,"rejectedByUserId":null,"layer":0,"counter":0,"status":"ACCEPTED","hashCode":"SPAN:Kj5U6n9NUqTXuWcB3c_7L:0:36:0:7:0:36:0:12:3:0:undefined:undefined","labelName":"Kj5U6n9NUqTXuWcB3c_7L","labelItem":{"id":"Kj5U6n9NUqTXuWcB3c_7L","labelName":"College"},"textPosition":{"start":{"row":36,"column":0,"tokenIndex":7,"charIndex":0},"end":{"row":36,"column":0,"tokenIndex":12,"charIndex":3}},"confidenceScore":null},{"id":"1663422555","labeledBy":"LABELER","labeledByUserId":6814,"acceptedByUserId":null,"rejectedByUserId":null,"layer":0,"counter":0,"status":"ACCEPTED","hashCode":"SPAN:1R0C50AAwFbEp2O0WmRv6:0:36:0:14:0:36:0:15:4:0:undefined:undefined","labelName":"1R0C50AAwFbEp2O0WmRv6","labelItem":{"id":"1R0C50AAwFbEp2O0WmRv6","labelName":"Location"},"textPosition":{"start":{"row":36,"column":0,"tokenIndex":14,"charIndex":0},"end":{"row":36,"column":0,"tokenIndex":15,"charIndex":4}},"confidenceScore":null},{"id":"1663422558","labeledBy":"LABELER","labeledByUserId":6814,"acceptedByUserId":null,"rejectedByUserId":null,"layer":0,"counter":0,"status":"ACCEPTED","hashCode":"SPAN:1R0C50AAwFbEp2O0WmRv6:0:36:0:16:0:36:0:16:1:0:undefined:undefined","labelName":"1R0C50AAwFbEp2O0WmRv6","labelItem":{"id":"1R0C50AAwFbEp2O0WmRv6","labelName":"Location"},"textPosition":{"start":{"row":36,"column":0,"tokenIndex":16,"charIndex":0},"end":{"row":36,"column":0,"tokenIndex":16,"charIndex":1}},"confidenceScore":null},{"id":"1663422564","labeledBy":"LABELER","labeledByUserId":6814,"acceptedByUserId":null,"rejectedByUserId":null,"layer":0,"counter":0,"status":"ACCEPTED","hashCode":"SPAN:BjO8MdvK2KI4E5iMEeY4B:0:36:0:17:0:36:0:18:3:0:undefined:undefined","labelName":"BjO8MdvK2KI4E5iMEeY4B","labelItem":{"id":"BjO8MdvK2KI4E5iMEeY4B","labelName":"Graduation Year"},"textPosition":{"start":{"row":36,"column":0,"tokenIndex":17,"charIndex":0},"end":{"row":36,"column":0,"tokenIndex":18,"charIndex":3}},"confidenceScore":null},{"id":"1663422576","labeledBy":"LABELER","labeledByUserId":6814,"acceptedByUserId":null,"rejectedByUserId":null,"layer":0,"counter":0,"status":"ACCEPTED","hashCode":"SPAN:IeEoIKabMl51BJE0gX2YL:0:36:0:19:0:36:0:24:9:0:undefined:undefined","labelName":"IeEoIKabMl51BJE0gX2YL","labelItem":{"id":"IeEoIKabMl51BJE0gX2YL","labelName":"Degree"},"textPosition":{"start":{"row":36,"column":0,"tokenIndex":19,"charIndex":0},"end":{"row":36,"column":0,"tokenIndex":24,"charIndex":9}},"confidenceScore":null},{"id":"1663422582","labeledBy":"LABELER","labeledByUserId":6814,"acceptedByUserId":null,"rejectedByUserId":null,"layer":0,"counter":0,"status":"ACCEPTED","hashCode":"SPAN:Kj5U6n9NUqTXuWcB3c_7L:0:36:0:25:0:36:0:28:9:0:undefined:undefined","labelName":"Kj5U6n9NUqTXuWcB3c_7L","labelItem":{"id":"Kj5U6n9NUqTXuWcB3c_7L","labelName":"College"},"textPosition":{"start":{"row":36,"column":0,"tokenIndex":25,"charIndex":0},"end":{"row":36,"column":0,"tokenIndex":28,"charIndex":9}},"confidenceScore":null},{"id":"1663422585","labeledBy":"LABELER","labeledByUserId":6814,"acceptedByUserId":null,"rejectedByUserId":null,"layer":0,"counter":0,"status":"ACCEPTED","hashCode":"SPAN:1R0C50AAwFbEp2O0WmRv6:0:36:0:30:0:36:0:30:5:0:undefined:undefined","labelName":"1R0C50AAwFbEp2O0WmRv6","labelItem":{"id":"1R0C50AAwFbEp2O0WmRv6","labelName":"Location"},"textPosition":{"start":{"row":36,"column":0,"tokenIndex":30,"charIndex":0},"end":{"row":36,"column":0,"tokenIndex":30,"charIndex":5}},"confidenceScore":null},{"id":"1663422588","labeledBy":"LABELER","labeledByUserId":6814,"acceptedByUserId":null,"rejectedByUserId":null,"layer":0,"counter":0,"status":"ACCEPTED","hashCode":"SPAN:1R0C50AAwFbEp2O0WmRv6:0:36:0:31:0:36:0:32:6:0:undefined:undefined","labelName":"1R0C50AAwFbEp2O0WmRv6","labelItem":{"id":"1R0C50AAwFbEp2O0WmRv6","labelName":"Location"},"textPosition":{"start":{"row":36,"column":0,"tokenIndex":31,"charIndex":0},"end":{"row":36,"column":0,"tokenIndex":32,"charIndex":6}},"confidenceScore":null},{"id":"1663422594","labeledBy":"LABELER","labeledByUserId":6814,"acceptedByUserId":null,"rejectedByUserId":null,"layer":0,"counter":0,"status":"ACCEPTED","hashCode":"SPAN:BjO8MdvK2KI4E5iMEeY4B:0:36:0:33:0:36:0:34:3:0:undefined:undefined","labelName":"BjO8MdvK2KI4E5iMEeY4B","labelItem":{"id":"BjO8MdvK2KI4E5iMEeY4B","labelName":"Graduation Year"},"textPosition":{"start":{"row":36,"column":0,"tokenIndex":33,"charIndex":0},"end":{"row":36,"column":0,"tokenIndex":34,"charIndex":3}},"confidenceScore":null},{"id":"1663422597","labeledBy":"LABELER","labeledByUserId":6814,"acceptedByUserId":null,"rejectedByUserId":null,"layer":0,"counter":0,"status":"ACCEPTED","hashCode":"SPAN:eS2knCRgLegeRw8bcmSWA:0:36:0:36:0:36:0:37:4:0:undefined:undefined","labelName":"eS2knCRgLegeRw8bcmSWA","labelItem":{"id":"eS2knCRgLegeRw8bcmSWA","labelName":"Skill"},"textPosition":{"start":{"row":36,"column":0,"tokenIndex":36,"charIndex":0},"end":{"row":36,"column":0,"tokenIndex":37,"charIndex":4}},"confidenceScore":null},{"id":"1663422600","labeledBy":"LABELER","labeledByUserId":6814,"acceptedByUserId":null,"rejectedByUserId":null,"layer":0,"counter":0,"status":"ACCEPTED","hashCode":"SPAN:eS2knCRgLegeRw8bcmSWA:0:36:0:38:0:36:0:38:8:0:undefined:undefined","labelName":"eS2knCRgLegeRw8bcmSWA","labelItem":{"id":"eS2knCRgLegeRw8bcmSWA","labelName":"Skill"},"textPosition":{"start":{"row":36,"column":0,"tokenIndex":38,"charIndex":0},"end":{"row":36,"column":0,"tokenIndex":38,"charIndex":8}},"confidenceScore":null},{"id":"1663422603","labeledBy":"LABELER","labeledByUserId":6814,"acceptedByUserId":null,"rejectedByUserId":null,"layer":0,"counter":0,"status":"ACCEPTED","hashCode":"SPAN:eS2knCRgLegeRw8bcmSWA:0:36:0:39:0:36:0:39:2:0:undefined:undefined","labelName":"eS2knCRgLegeRw8bcmSWA","labelItem":{"id":"eS2knCRgLegeRw8bcmSWA","labelName":"Skill"},"textPosition":{"start":{"row":36,"column":0,"tokenIndex":39,"charIndex":0},"end":{"row":36,"column":0,"tokenIndex":39,"charIndex":2}},"confidenceScore":null},{"id":"1663422606","labeledBy":"LABELER","labeledByUserId":6814,"acceptedByUserId":null,"rejectedByUserId":null,"layer":0,"counter":0,"status":"ACCEPTED","hashCode":"SPAN:eS2knCRgLegeRw8bcmSWA:0:36:0:40:0:36:0:40:6:0:undefined:undefined","labelName":"eS2knCRgLegeRw8bcmSWA","labelItem":{"id":"eS2knCRgLegeRw8bcmSWA","labelName":"Skill"},"textPosition":{"start":{"row":36,"column":0,"tokenIndex":40,"charIndex":0},"end":{"row":36,"column":0,"tokenIndex":40,"charIndex":6}},"confidenceScore":null},{"id":"1663422609","labeledBy":"LABELER","labeledByUserId":6814,"acceptedByUserId":null,"rejectedByUserId":null,"layer":0,"counter":0,"status":"ACCEPTED","hashCode":"SPAN:eS2knCRgLegeRw8bcmSWA:0:36:0:41:0:36:0:41:5:0:undefined:undefined","labelName":"eS2knCRgLegeRw8bcmSWA","labelItem":{"id":"eS2knCRgLegeRw8bcmSWA","labelName":"Skill"},"textPosition":{"start":{"row":36,"column":0,"tokenIndex":41,"charIndex":0},"end":{"row":36,"column":0,"tokenIndex":41,"charIndex":5}},"confidenceScore":null},{"id":"1663422612","labeledBy":"LABELER","labeledByUserId":6814,"acceptedByUserId":null,"rejectedByUserId":null,"layer":0,"counter":0,"status":"ACCEPTED","hashCode":"SPAN:eS2knCRgLegeRw8bcmSWA:0:36:0:42:0:36:0:42:3:0:undefined:undefined","labelName":"eS2knCRgLegeRw8bcmSWA","labelItem":{"id":"eS2knCRgLegeRw8bcmSWA","labelName":"Skill"},"textPosition":{"start":{"row":36,"column":0,"tokenIndex":42,"charIndex":0},"end":{"row":36,"column":0,"tokenIndex":42,"charIndex":3}},"confidenceScore":null},{"id":"1663422615","labeledBy":"LABELER","labeledByUserId":6814,"acceptedByUserId":null,"rejectedByUserId":null,"layer":0,"counter":0,"status":"ACCEPTED","hashCode":"SPAN:eS2knCRgLegeRw8bcmSWA:0:36:0:43:0:36:0:43:3:0:undefined:undefined","labelName":"eS2knCRgLegeRw8bcmSWA","labelItem":{"id":"eS2knCRgLegeRw8bcmSWA","labelName":"Skill"},"textPosition":{"start":{"row":36,"column":0,"tokenIndex":43,"charIndex":0},"end":{"row":36,"column":0,"tokenIndex":43,"charIndex":3}},"confidenceScore":null},{"id":"1663422618","labeledBy":"LABELER","labeledByUserId":6814,"acceptedByUserId":null,"rejectedByUserId":null,"layer":0,"counter":0,"status":"ACCEPTED","hashCode":"SPAN:eS2knCRgLegeRw8bcmSWA:0:36:0:44:0:36:0:45:2:0:undefined:undefined","labelName":"eS2knCRgLegeRw8bcmSWA","labelItem":{"id":"eS2knCRgLegeRw8bcmSWA","labelName":"Skill"},"textPosition":{"start":{"row":36,"column":0,"tokenIndex":44,"charIndex":0},"end":{"row":36,"column":0,"tokenIndex":45,"charIndex":2}},"confidenceScore":null},{"id":"1663422621","labeledBy":"LABELER","labeledByUserId":6814,"acceptedByUserId":null,"rejectedByUserId":null,"layer":0,"counter":0,"status":"ACCEPTED","hashCode":"SPAN:eS2knCRgLegeRw8bcmSWA:0:36:0:46:0:36:0:46:4:0:undefined:undefined","labelName":"eS2knCRgLegeRw8bcmSWA","labelItem":{"id":"eS2knCRgLegeRw8bcmSWA","labelName":"Skill"},"textPosition":{"start":{"row":36,"column":0,"tokenIndex":46,"charIndex":0},"end":{"row":36,"column":0,"tokenIndex":46,"charIndex":4}},"confidenceScore":null},{"id":"1663422624","labeledBy":"LABELER","labeledByUserId":6814,"acceptedByUserId":null,"rejectedByUserId":null,"layer":0,"counter":0,"status":"ACCEPTED","hashCode":"SPAN:eS2knCRgLegeRw8bcmSWA:0:36:0:47:0:36:0:47:3:0:undefined:undefined","labelName":"eS2knCRgLegeRw8bcmSWA","labelItem":{"id":"eS2knCRgLegeRw8bcmSWA","labelName":"Skill"},"textPosition":{"start":{"row":36,"column":0,"tokenIndex":47,"charIndex":0},"end":{"row":36,"column":0,"tokenIndex":47,"charIndex":3}},"confidenceScore":null},{"id":"1663422627","labeledBy":"LABELER","labeledByUserId":6814,"acceptedByUserId":null,"rejectedByUserId":null,"layer":0,"counter":0,"status":"ACCEPTED","hashCode":"SPAN:eS2knCRgLegeRw8bcmSWA:0:36:0:48:0:36:0:48:6:0:undefined:undefined","labelName":"eS2knCRgLegeRw8bcmSWA","labelItem":{"id":"eS2knCRgLegeRw8bcmSWA","labelName":"Skill"},"textPosition":{"start":{"row":36,"column":0,"tokenIndex":48,"charIndex":0},"end":{"row":36,"column":0,"tokenIndex":48,"charIndex":6}},"confidenceScore":null},{"id":"1663422630","labeledBy":"LABELER","labeledByUserId":6814,"acceptedByUserId":null,"rejectedByUserId":null,"layer":0,"counter":0,"status":"ACCEPTED","hashCode":"SPAN:eS2knCRgLegeRw8bcmSWA:0:36:0:49:0:36:0:50:5:0:undefined:undefined","labelName":"eS2knCRgLegeRw8bcmSWA","labelItem":{"id":"eS2knCRgLegeRw8bcmSWA","labelName":"Skill"},"textPosition":{"start":{"row":36,"column":0,"tokenIndex":49,"charIndex":0},"end":{"row":36,"column":0,"tokenIndex":50,"charIndex":5}},"confidenceScore":null},{"id":"1663422633","labeledBy":"LABELER","labeledByUserId":6814,"acceptedByUserId":null,"rejectedByUserId":null,"layer":0,"counter":0,"status":"ACCEPTED","hashCode":"SPAN:eS2knCRgLegeRw8bcmSWA:0:36:0:51:0:36:0:51:7:0:undefined:undefined","labelName":"eS2knCRgLegeRw8bcmSWA","labelItem":{"id":"eS2knCRgLegeRw8bcmSWA","labelName":"Skill"},"textPosition":{"start":{"row":36,"column":0,"tokenIndex":51,"charIndex":0},"end":{"row":36,"column":0,"tokenIndex":51,"charIndex":7}},"confidenceScore":null},{"id":"1663422636","labeledBy":"LABELER","labeledByUserId":6814,"acceptedByUserId":null,"rejectedByUserId":null,"layer":0,"counter":0,"status":"ACCEPTED","hashCode":"SPAN:eS2knCRgLegeRw8bcmSWA:0:36:0:52:0:36:0:52:4:0:undefined:undefined","labelName":"eS2knCRgLegeRw8bcmSWA","labelItem":{"id":"eS2knCRgLegeRw8bcmSWA","labelName":"Skill"},"textPosition":{"start":{"row":36,"column":0,"tokenIndex":52,"charIndex":0},"end":{"row":36,"column":0,"tokenIndex":52,"charIndex":4}},"confidenceScore":null},{"id":"1663422648","labeledBy":"LABELER","labeledByUserId":6814,"acceptedByUserId":null,"rejectedByUserId":null,"layer":0,"counter":0,"status":"ACCEPTED","hashCode":"SPAN:eS2knCRgLegeRw8bcmSWA:0:36:0:53:0:36:0:54:11:0:undefined:undefined","labelName":"eS2knCRgLegeRw8bcmSWA","labelItem":{"id":"eS2knCRgLegeRw8bcmSWA","labelName":"Skill"},"textPosition":{"start":{"row":36,"column":0,"tokenIndex":53,"charIndex":0},"end":{"row":36,"column":0,"tokenIndex":54,"charIndex":11}},"confidenceScore":null},{"id":"1663422651","labeledBy":"LABELER","labeledByUserId":6814,"acceptedByUserId":null,"rejectedByUserId":null,"layer":0,"counter":0,"status":"ACCEPTED","hashCode":"SPAN:eS2knCRgLegeRw8bcmSWA:0:36:0:55:0:36:0:55:3:0:undefined:undefined","labelName":"eS2knCRgLegeRw8bcmSWA","labelItem":{"id":"eS2knCRgLegeRw8bcmSWA","labelName":"Skill"},"textPosition":{"start":{"row":36,"column":0,"tokenIndex":55,"charIndex":0},"end":{"row":36,"column":0,"tokenIndex":55,"charIndex":3}},"confidenceScore":null},{"id":"1663422654","labeledBy":"LABELER","labeledByUserId":6814,"acceptedByUserId":null,"rejectedByUserId":null,"layer":0,"counter":0,"status":"ACCEPTED","hashCode":"SPAN:eS2knCRgLegeRw8bcmSWA:0:36:0:56:0:36:0:56:3:0:undefined:undefined","labelName":"eS2knCRgLegeRw8bcmSWA","labelItem":{"id":"eS2knCRgLegeRw8bcmSWA","labelName":"Skill"},"textPosition":{"start":{"row":36,"column":0,"tokenIndex":56,"charIndex":0},"end":{"row":36,"column":0,"tokenIndex":56,"charIndex":3}},"confidenceScore":null},{"id":"1663422657","labeledBy":"LABELER","labeledByUserId":6814,"acceptedByUserId":null,"rejectedByUserId":null,"layer":0,"counter":0,"status":"ACCEPTED","hashCode":"SPAN:eS2knCRgLegeRw8bcmSWA:0:36:0:56:0:36:0:57:8:0:undefined:undefined","labelName":"eS2knCRgLegeRw8bcmSWA","labelItem":{"id":"eS2knCRgLegeRw8bcmSWA","labelName":"Skill"},"textPosition":{"start":{"row":36,"column":0,"tokenIndex":56,"charIndex":0},"end":{"row":36,"column":0,"tokenIndex":57,"charIndex":8}},"confidenceScore":null},{"id":"1663422660","labeledBy":"LABELER","labeledByUserId":6814,"acceptedByUserId":null,"rejectedByUserId":null,"layer":0,"counter":0,"status":"ACCEPTED","hashCode":"SPAN:eS2knCRgLegeRw8bcmSWA:0:36:0:58:0:36:0:58:2:0:undefined:undefined","labelName":"eS2knCRgLegeRw8bcmSWA","labelItem":{"id":"eS2knCRgLegeRw8bcmSWA","labelName":"Skill"},"textPosition":{"start":{"row":36,"column":0,"tokenIndex":58,"charIndex":0},"end":{"row":36,"column":0,"tokenIndex":58,"charIndex":2}},"confidenceScore":null},{"id":"1663422663","labeledBy":"LABELER","labeledByUserId":6814,"acceptedByUserId":null,"rejectedByUserId":null,"layer":0,"counter":0,"status":"ACCEPTED","hashCode":"SPAN:eS2knCRgLegeRw8bcmSWA:0:36:0:59:0:36:0:59:10:0:undefined:undefined","labelName":"eS2knCRgLegeRw8bcmSWA","labelItem":{"id":"eS2knCRgLegeRw8bcmSWA","labelName":"Skill"},"textPosition":{"start":{"row":36,"column":0,"tokenIndex":59,"charIndex":0},"end":{"row":36,"column":0,"tokenIndex":59,"charIndex":10}},"confidenceScore":null},{"id":"1663422669","labeledBy":"LABELER","labeledByUserId":6814,"acceptedByUserId":null,"rejectedByUserId":null,"layer":0,"counter":0,"status":"ACCEPTED","hashCode":"SPAN:eS2knCRgLegeRw8bcmSWA:0:36:0:63:0:36:0:64:7:0:undefined:undefined","labelName":"eS2knCRgLegeRw8bcmSWA","labelItem":{"id":"eS2knCRgLegeRw8bcmSWA","labelName":"Skill"},"textPosition":{"start":{"row":36,"column":0,"tokenIndex":63,"charIndex":0},"end":{"row":36,"column":0,"tokenIndex":64,"charIndex":7}},"confidenceScore":null}],"arrowLabels":[],"boundingBoxLabels":[],"timeLabels":[],"comments":[],"url":"datasaur://static/6814/324f8c5c-d062-4c6d-bebb-25a458751700.txt"}}
