{"version":"1","data":{"project":{"id":"ODBjYmQ2MDg","name":"NLP SSM Final Project"},"document":{"id":"e1ebdbe8-3260-406a-a5cd-97dac35b5274","name":"resume_5719_d2.txt"},"kinds":["TOKEN_BASED"],"rows":[[{"content":"IT Specialist/System Administrator IT Specialist/System Administrator System Administrator Denver, CO Authorized to work in the US for any employer Work Experience IT Specialist/System Administrator Magnitech - Naperville, IL April 2019 to Present Providing Network Support in accordance with the terms of existing service contracts Management and deployment of two factor authentication software for increased endpoint security Maintenance, support and deployment of file synchronization software for large scale environments Administration for hosted Exchange environments Deployment, administration, and support of back up and disaster recovery solutions Management and administration of endpoint security software Management of third party mail filtering software Pre-sales engineering for potential new clients Screen potential client sites for technology and document potential upgrade needs.","tokens":["IT","Specialist/System","Administrator","IT","Specialist/System","Administrator","System","Administrator","Denver,","CO","Authorized","to","work","in","the","US","for","any","employer","Work","Experience","IT","Specialist/System","Administrator","Magnitech","-","Naperville,","IL","April","2019","to","Present","Providing","Network","Support","in","accordance","with","the","terms","of","existing","service","contracts","Management","and","deployment","of","two","factor","authentication","software","for","increased","endpoint","security","Maintenance,","support","and","deployment","of","file","synchronization","software","for","large","scale","environments","Administration","for","hosted","Exchange","environments","Deployment,","administration,","and","support","of","back","up","and","disaster","recovery","solutions","Management","and","administration","of","endpoint","security","software","Management","of","third","party","mail","filtering","software","Pre-sales","engineering","for","potential","new","clients","Screen","potential","client","sites","for","technology","and","document","potential","upgrade","needs."],"metadata":[]}],[{"content":"Monitoring Perch SIEM for potential threats Network Support Engineer Leapfrog Technology Group - Oakbrook Terrace, IL June 2018 to April 2019 Network Support Engineer supporting 2000+ devices including servers, routers, and switches.","tokens":["Monitoring","Perch","SIEM","for","potential","threats","Network","Support","Engineer","Leapfrog","Technology","Group","-","Oakbrook","Terrace,","IL","June","2018","to","April","2019","Network","Support","Engineer","supporting","2000+","devices","including","servers,","routers,","and","switches."],"metadata":[]}],[{"content":"Troubleshot and resolved LAN/WAN connectivity issues.","tokens":["Troubleshot","and","resolved","LAN/WAN","connectivity","issues."],"metadata":[]}],[{"content":"Volume licensing and open value renewal audits.","tokens":["Volume","licensing","and","open","value","renewal","audits."],"metadata":[]}],[{"content":"Domain controllers, Office 365 management, Security groups.","tokens":["Domain","controllers,","Office","365","management,","Security","groups."],"metadata":[]}],[{"content":"Vendor management, business relationships.","tokens":["Vendor","management,","business","relationships."],"metadata":[]}],[{"content":"Development of clear and concise technical documentation on new and refined processes.","tokens":["Development","of","clear","and","concise","technical","documentation","on","new","and","refined","processes."],"metadata":[]}],[{"content":"Network operation,hardware health, racking servers.","tokens":["Network","operation,hardware","health,","racking","servers."],"metadata":[]}],[{"content":"Data mining of process logs, Event Viewer and troubleshooting to resolution.","tokens":["Data","mining","of","process","logs,","Event","Viewer","and","troubleshooting","to","resolution."],"metadata":[]}],[{"content":"Answered user inquiries regarding computer software and hardware operation.","tokens":["Answered","user","inquiries","regarding","computer","software","and","hardware","operation."],"metadata":[]}],[{"content":"Provided recommendations for resolving defects and potential upgrades.","tokens":["Provided","recommendations","for","resolving","defects","and","potential","upgrades."],"metadata":[]}],[{"content":"Pre-Sales engineering for potential clients.","tokens":["Pre-Sales","engineering","for","potential","clients."],"metadata":[]}],[{"content":"Comb existing customers for potential new equipment.","tokens":["Comb","existing","customers","for","potential","new","equipment."],"metadata":[]}],[{"content":"Create and present quotes for hardware, software, and services.","tokens":["Create","and","present","quotes","for","hardware,","software,","and","services."],"metadata":[]}],[{"content":"Endpoint management and protection Network Engineer / Systems Administrator Prairie Technology Solutions Group October 2017 to June 2018 Plan, coordinate, and implement network security measures to protect data, software, and hardware.","tokens":["Endpoint","management","and","protection","Network","Engineer","/","Systems","Administrator","Prairie","Technology","Solutions","Group","October","2017","to","June","2018","Plan,","coordinate,","and","implement","network","security","measures","to","protect","data,","software,","and","hardware."],"metadata":[]}],[{"content":"Provide end user support, as well as training users, Including 0365.","tokens":["Provide","end","user","support,","as","well","as","training","users,","Including","0365."],"metadata":[]}],[{"content":"Perform Data backups and disaster recovery operations with various Enterprise level solutions.","tokens":["Perform","Data","backups","and","disaster","recovery","operations","with","various","Enterprise","level","solutions."],"metadata":[]}],[{"content":"Administration of Active Directory (Group Policy, Permissions, Account provisioning) Exchange/0365 administration and support (User creation, spam filtering, customization) Administration and configuration of SonicWall and Global VPN.","tokens":["Administration","of","Active","Directory","(Group","Policy,","Permissions,","Account","provisioning)","Exchange/0365","administration","and","support","(User","creation,","spam","filtering,","customization)","Administration","and","configuration","of","SonicWall","and","Global","VPN."],"metadata":[]}],[{"content":"Administration of Endpoint protection (Malwarebytes, and TrendMicro) Management and deployment of Endpoint security software such as Malwarebytes Endpoint Security and Trend Micro.","tokens":["Administration","of","Endpoint","protection","(Malwarebytes,","and","TrendMicro)","Management","and","deployment","of","Endpoint","security","software","such","as","Malwarebytes","Endpoint","Security","and","Trend","Micro."],"metadata":[]}],[{"content":"Technical Support CPT Network Solutions April 2017 to October 2017 Acted as a bridge between Technical Support and Special projects Coordinated with Vendors to provide support and direction while on site Responsible for remote support for techs in the field Assisted in planning and execution to replace all networking equipment, and workstations for Gerber Collision Technical Specialist ADNET Systems, Inc - Elgin, IL January 2017 to April 2017 Provided Remote support for all Tech related needs, primarily Active Directory and 0365 Administration Provided onsite support when requested for replacing workstations and equipment Assisted with data recovery and backup solutions Printer configuration and troubleshooting (HP, Xerox, Ricoh, Brother, etc) Chief Technical Officer Lzuruha July 2013 to January 2017 Monitor technological, social and scientific trends that could influence the company's business goals.","tokens":["Technical","Support","CPT","Network","Solutions","April","2017","to","October","2017","Acted","as","a","bridge","between","Technical","Support","and","Special","projects","Coordinated","with","Vendors","to","provide","support","and","direction","while","on","site","Responsible","for","remote","support","for","techs","in","the","field","Assisted","in","planning","and","execution","to","replace","all","networking","equipment,","and","workstations","for","Gerber","Collision","Technical","Specialist","ADNET","Systems,","Inc","-","Elgin,","IL","January","2017","to","April","2017","Provided","Remote","support","for","all","Tech","related","needs,","primarily","Active","Directory","and","0365","Administration","Provided","onsite","support","when","requested","for","replacing","workstations","and","equipment","Assisted","with","data","recovery","and","backup","solutions","Printer","configuration","and","troubleshooting","(HP,","Xerox,","Ricoh,","Brother,","etc)","Chief","Technical","Officer","Lzuruha","July","2013","to","January","2017","Monitor","technological,","social","and","scientific","trends","that","could","influence","the","company's","business","goals."],"metadata":[]}],[{"content":"Maintain current information about technology standards Define technology strategies and ensure that processes meet expectations for federal, state and community privacy and security.","tokens":["Maintain","current","information","about","technology","standards","Define","technology","strategies","and","ensure","that","processes","meet","expectations","for","federal,","state","and","community","privacy","and","security."],"metadata":[]}],[{"content":"Manage infrastructure for our game environment, forums, and Windows Servers Implement Infrastructure changes and upgrades Lead our team in server upgrades, events and variety of changes.","tokens":["Manage","infrastructure","for","our","game","environment,","forums,","and","Windows","Servers","Implement","Infrastructure","changes","and","upgrades","Lead","our","team","in","server","upgrades,","events","and","variety","of","changes."],"metadata":[]}],[{"content":"Vendor management and negotiations of partnerships for our sponsors and gaming teams System Administrator Lzuruha Gaming July 2010 to February 2011 Forum Administrator Lzuruha Gaming January 2010 to July 2010 Review abuse reports and assign bans when required Create and edit new Forums for a variety of discussions Create and Engage in Community events to keep the community engaged in content Education Information Security Grand Rapids Community College 2012 to 2014 Skills Active Directory (5 years), Android (3 years), Avaya (2 years), Citrix (1 year), IOS (3 years), Desktop Support (5 years), Windows Server 2008 (5 years), Windows XP (5 years), Remote Support (5 years), LabTech / Automate (3 years), AutoTask (1 year), AutoTask Office (1 year), Trend Micro (2 years), Malwarebytes Endpoint Management (2 years), Sonicwalls (3 years), SonicWall VPN (3 years), VPN, LAN, Networking, Vmware (2 years), Security (3 years), Exchange, Webroot (2 years), Reflexion (1 year), SAGE (Less than 1 year), Azure (2 years), Cloud Computing (2 years), DNS, Firewalls, Cisco, Veeam (2 years), System Admin, System Administrator Links https://www.linkedin.com/in/michael-meyer-9b1309b5/ Additional Information SKILLS Software: Office 365, Citrix, LabTech, AutoTask, ECW, RDS, Active Directory, Command Line, VMware, Avaya phone systems, ESET, Autotask Office, Operating Systems: Win XP-Win10, Win server 2003 +, Linux, Android, IOS","tokens":["Vendor","management","and","negotiations","of","partnerships","for","our","sponsors","and","gaming","teams","System","Administrator","Lzuruha","Gaming","July","2010","to","February","2011","Forum","Administrator","Lzuruha","Gaming","January","2010","to","July","2010","Review","abuse","reports","and","assign","bans","when","required","Create","and","edit","new","Forums","for","a","variety","of","discussions","Create","and","Engage","in","Community","events","to","keep","the","community","engaged","in","content","Education","Information","Security","Grand","Rapids","Community","College","2012","to","2014","Skills","Active","Directory","(5","years),","Android","(3","years),","Avaya","(2","years),","Citrix","(1","year),","IOS","(3","years),","Desktop","Support","(5","years),","Windows","Server","2008","(5","years),","Windows","XP","(5","years),","Remote","Support","(5","years),","LabTech","/","Automate","(3","years),","AutoTask","(1","year),","AutoTask","Office","(1","year),","Trend","Micro","(2","years),","Malwarebytes","Endpoint","Management","(2","years),","Sonicwalls","(3","years),","SonicWall","VPN","(3","years),","VPN,","LAN,","Networking,","Vmware","(2","years),","Security","(3","years),","Exchange,","Webroot","(2","years),","Reflexion","(1","year),","SAGE","(Less","than","1","year),","Azure","(2","years),","Cloud","Computing","(2","years),","DNS,","Firewalls,","Cisco,","Veeam","(2","years),","System","Admin,","System","Administrator","Links","https://www.linkedin.com/in/michael-meyer-9b1309b5/","Additional","Information","SKILLS","Software:","Office","365,","Citrix,","LabTech,","AutoTask,","ECW,","RDS,","Active","Directory,","Command","Line,","VMware,","Avaya","phone","systems,","ESET,","Autotask","Office,","Operating","Systems:","Win","XP-Win10,","Win","server","2003","+,","Linux,","Android,","IOS"],"metadata":[]}]],"labelerInfo":{"id":6814,"email":"cwilhel8@jh.edu","displayName":"Chris Wilhelm"},"labelSets":[{"name":"Resume Labels","index":0,"labelItems":[{"id":"Kj5U6n9NUqTXuWcB3c_7L","labelName":"College"},{"id":"rj7TW0-ymuRo6f_asXJab","labelName":"Company Name"},{"id":"SJEkdao76hjwbb6Fh5SY6","labelName":"Job Title"},{"id":"BjO8MdvK2KI4E5iMEeY4B","labelName":"Graduation Year"},{"id":"eS2knCRgLegeRw8bcmSWA","labelName":"Skill"},{"id":"IeEoIKabMl51BJE0gX2YL","labelName":"Degree"},{"id":"1R0C50AAwFbEp2O0WmRv6","labelName":"Location"},{"id":"zQcc4ygexJ_A3Gb0NeRTk","labelName":"Years of Experience"},{"id":"52S_6moRfhjC-yXgIBeCp","labelName":"Date"},{"id":"KiLarWmwlU1E3-FfdG6Qg","labelName":"Project"},{"id":"dyxKKTAxW1z5ifjPj42BI","labelName":"Name"}]}],"spanLabels":[{"id":"1663419420","labeledBy":"LABELER","labeledByUserId":6814,"acceptedByUserId":null,"rejectedByUserId":null,"layer":0,"counter":0,"status":"ACCEPTED","hashCode":"SPAN:SJEkdao76hjwbb6Fh5SY6:0:0:0:0:0:0:0:2:12:0:undefined:undefined","labelName":"SJEkdao76hjwbb6Fh5SY6","labelItem":{"id":"SJEkdao76hjwbb6Fh5SY6","labelName":"Job Title"},"textPosition":{"start":{"row":0,"column":0,"tokenIndex":0,"charIndex":0},"end":{"row":0,"column":0,"tokenIndex":2,"charIndex":12}},"confidenceScore":null},{"id":"1663419423","labeledBy":"LABELER","labeledByUserId":6814,"acceptedByUserId":null,"rejectedByUserId":null,"layer":0,"counter":0,"status":"ACCEPTED","hashCode":"SPAN:SJEkdao76hjwbb6Fh5SY6:0:0:0:3:0:0:0:5:12:0:undefined:undefined","labelName":"SJEkdao76hjwbb6Fh5SY6","labelItem":{"id":"SJEkdao76hjwbb6Fh5SY6","labelName":"Job Title"},"textPosition":{"start":{"row":0,"column":0,"tokenIndex":3,"charIndex":0},"end":{"row":0,"column":0,"tokenIndex":5,"charIndex":12}},"confidenceScore":null},{"id":"1663419426","labeledBy":"LABELER","labeledByUserId":6814,"acceptedByUserId":null,"rejectedByUserId":null,"layer":0,"counter":0,"status":"ACCEPTED","hashCode":"SPAN:SJEkdao76hjwbb6Fh5SY6:0:0:0:6:0:0:0:7:12:0:undefined:undefined","labelName":"SJEkdao76hjwbb6Fh5SY6","labelItem":{"id":"SJEkdao76hjwbb6Fh5SY6","labelName":"Job Title"},"textPosition":{"start":{"row":0,"column":0,"tokenIndex":6,"charIndex":0},"end":{"row":0,"column":0,"tokenIndex":7,"charIndex":12}},"confidenceScore":null},{"id":"1663419429","labeledBy":"LABELER","labeledByUserId":6814,"acceptedByUserId":null,"rejectedByUserId":null,"layer":0,"counter":0,"status":"ACCEPTED","hashCode":"SPAN:1R0C50AAwFbEp2O0WmRv6:0:0:0:8:0:0:0:8:6:0:undefined:undefined","labelName":"1R0C50AAwFbEp2O0WmRv6","labelItem":{"id":"1R0C50AAwFbEp2O0WmRv6","labelName":"Location"},"textPosition":{"start":{"row":0,"column":0,"tokenIndex":8,"charIndex":0},"end":{"row":0,"column":0,"tokenIndex":8,"charIndex":6}},"confidenceScore":null},{"id":"1663419430","labeledBy":"LABELER","labeledByUserId":6814,"acceptedByUserId":null,"rejectedByUserId":null,"layer":0,"counter":0,"status":"ACCEPTED","hashCode":"SPAN:1R0C50AAwFbEp2O0WmRv6:0:0:0:9:0:0:0:9:1:0:undefined:undefined","labelName":"1R0C50AAwFbEp2O0WmRv6","labelItem":{"id":"1R0C50AAwFbEp2O0WmRv6","labelName":"Location"},"textPosition":{"start":{"row":0,"column":0,"tokenIndex":9,"charIndex":0},"end":{"row":0,"column":0,"tokenIndex":9,"charIndex":1}},"confidenceScore":null},{"id":"1663419435","labeledBy":"LABELER","labeledByUserId":6814,"acceptedByUserId":null,"rejectedByUserId":null,"layer":0,"counter":0,"status":"ACCEPTED","hashCode":"SPAN:1R0C50AAwFbEp2O0WmRv6:0:0:0:15:0:0:0:15:1:0:undefined:undefined","labelName":"1R0C50AAwFbEp2O0WmRv6","labelItem":{"id":"1R0C50AAwFbEp2O0WmRv6","labelName":"Location"},"textPosition":{"start":{"row":0,"column":0,"tokenIndex":15,"charIndex":0},"end":{"row":0,"column":0,"tokenIndex":15,"charIndex":1}},"confidenceScore":null},{"id":"1663419438","labeledBy":"LABELER","labeledByUserId":6814,"acceptedByUserId":null,"rejectedByUserId":null,"layer":0,"counter":0,"status":"ACCEPTED","hashCode":"SPAN:SJEkdao76hjwbb6Fh5SY6:0:0:0:21:0:0:0:23:12:0:undefined:undefined","labelName":"SJEkdao76hjwbb6Fh5SY6","labelItem":{"id":"SJEkdao76hjwbb6Fh5SY6","labelName":"Job Title"},"textPosition":{"start":{"row":0,"column":0,"tokenIndex":21,"charIndex":0},"end":{"row":0,"column":0,"tokenIndex":23,"charIndex":12}},"confidenceScore":null},{"id":"1663419441","labeledBy":"LABELER","labeledByUserId":6814,"acceptedByUserId":null,"rejectedByUserId":null,"layer":0,"counter":0,"status":"ACCEPTED","hashCode":"SPAN:rj7TW0-ymuRo6f_asXJab:0:0:0:24:0:0:0:24:8:0:undefined:undefined","labelName":"rj7TW0-ymuRo6f_asXJab","labelItem":{"id":"rj7TW0-ymuRo6f_asXJab","labelName":"Company Name"},"textPosition":{"start":{"row":0,"column":0,"tokenIndex":24,"charIndex":0},"end":{"row":0,"column":0,"tokenIndex":24,"charIndex":8}},"confidenceScore":null},{"id":"1663419444","labeledBy":"LABELER","labeledByUserId":6814,"acceptedByUserId":null,"rejectedByUserId":null,"layer":0,"counter":0,"status":"ACCEPTED","hashCode":"SPAN:1R0C50AAwFbEp2O0WmRv6:0:0:0:26:0:0:0:26:10:0:undefined:undefined","labelName":"1R0C50AAwFbEp2O0WmRv6","labelItem":{"id":"1R0C50AAwFbEp2O0WmRv6","labelName":"Location"},"textPosition":{"start":{"row":0,"column":0,"tokenIndex":26,"charIndex":0},"end":{"row":0,"column":0,"tokenIndex":26,"charIndex":10}},"confidenceScore":null},{"id":"1663419447","labeledBy":"LABELER","labeledByUserId":6814,"acceptedByUserId":null,"rejectedByUserId":null,"layer":0,"counter":0,"status":"ACCEPTED","hashCode":"SPAN:1R0C50AAwFbEp2O0WmRv6:0:0:0:27:0:0:0:27:1:0:undefined:undefined","labelName":"1R0C50AAwFbEp2O0WmRv6","labelItem":{"id":"1R0C50AAwFbEp2O0WmRv6","labelName":"Location"},"textPosition":{"start":{"row":0,"column":0,"tokenIndex":27,"charIndex":0},"end":{"row":0,"column":0,"tokenIndex":27,"charIndex":1}},"confidenceScore":null},{"id":"1663419450","labeledBy":"LABELER","labeledByUserId":6814,"acceptedByUserId":null,"rejectedByUserId":null,"layer":0,"counter":0,"status":"ACCEPTED","hashCode":"SPAN:52S_6moRfhjC-yXgIBeCp:0:0:0:28:0:0:0:29:3:0:undefined:undefined","labelName":"52S_6moRfhjC-yXgIBeCp","labelItem":{"id":"52S_6moRfhjC-yXgIBeCp","labelName":"Date"},"textPosition":{"start":{"row":0,"column":0,"tokenIndex":28,"charIndex":0},"end":{"row":0,"column":0,"tokenIndex":29,"charIndex":3}},"confidenceScore":null},{"id":"1663419453","labeledBy":"LABELER","labeledByUserId":6814,"acceptedByUserId":null,"rejectedByUserId":null,"layer":0,"counter":0,"status":"ACCEPTED","hashCode":"SPAN:52S_6moRfhjC-yXgIBeCp:0:0:0:31:0:0:0:31:6:0:undefined:undefined","labelName":"52S_6moRfhjC-yXgIBeCp","labelItem":{"id":"52S_6moRfhjC-yXgIBeCp","labelName":"Date"},"textPosition":{"start":{"row":0,"column":0,"tokenIndex":31,"charIndex":0},"end":{"row":0,"column":0,"tokenIndex":31,"charIndex":6}},"confidenceScore":null},{"id":"1663419456","labeledBy":"LABELER","labeledByUserId":6814,"acceptedByUserId":null,"rejectedByUserId":null,"layer":0,"counter":0,"status":"ACCEPTED","hashCode":"SPAN:eS2knCRgLegeRw8bcmSWA:0:0:0:34:0:0:0:34:6:0:undefined:undefined","labelName":"eS2knCRgLegeRw8bcmSWA","labelItem":{"id":"eS2knCRgLegeRw8bcmSWA","labelName":"Skill"},"textPosition":{"start":{"row":0,"column":0,"tokenIndex":34,"charIndex":0},"end":{"row":0,"column":0,"tokenIndex":34,"charIndex":6}},"confidenceScore":null},{"id":"1663419459","labeledBy":"LABELER","labeledByUserId":6814,"acceptedByUserId":null,"rejectedByUserId":null,"layer":0,"counter":0,"status":"ACCEPTED","hashCode":"SPAN:eS2knCRgLegeRw8bcmSWA:0:0:0:44:0:0:0:44:9:0:undefined:undefined","labelName":"eS2knCRgLegeRw8bcmSWA","labelItem":{"id":"eS2knCRgLegeRw8bcmSWA","labelName":"Skill"},"textPosition":{"start":{"row":0,"column":0,"tokenIndex":44,"charIndex":0},"end":{"row":0,"column":0,"tokenIndex":44,"charIndex":9}},"confidenceScore":null},{"id":"1663419462","labeledBy":"LABELER","labeledByUserId":6814,"acceptedByUserId":null,"rejectedByUserId":null,"layer":0,"counter":0,"status":"ACCEPTED","hashCode":"SPAN:eS2knCRgLegeRw8bcmSWA:0:0:0:46:0:0:0:46:9:0:undefined:undefined","labelName":"eS2knCRgLegeRw8bcmSWA","labelItem":{"id":"eS2knCRgLegeRw8bcmSWA","labelName":"Skill"},"textPosition":{"start":{"row":0,"column":0,"tokenIndex":46,"charIndex":0},"end":{"row":0,"column":0,"tokenIndex":46,"charIndex":9}},"confidenceScore":null},{"id":"1663419465","labeledBy":"LABELER","labeledByUserId":6814,"acceptedByUserId":null,"rejectedByUserId":null,"layer":0,"counter":0,"status":"ACCEPTED","hashCode":"SPAN:eS2knCRgLegeRw8bcmSWA:0:0:0:48:0:0:0:50:13:0:undefined:undefined","labelName":"eS2knCRgLegeRw8bcmSWA","labelItem":{"id":"eS2knCRgLegeRw8bcmSWA","labelName":"Skill"},"textPosition":{"start":{"row":0,"column":0,"tokenIndex":48,"charIndex":0},"end":{"row":0,"column":0,"tokenIndex":50,"charIndex":13}},"confidenceScore":null},{"id":"1663419468","labeledBy":"LABELER","labeledByUserId":6814,"acceptedByUserId":null,"rejectedByUserId":null,"layer":0,"counter":0,"status":"ACCEPTED","hashCode":"SPAN:eS2knCRgLegeRw8bcmSWA:0:0:0:55:0:0:0:55:7:0:undefined:undefined","labelName":"eS2knCRgLegeRw8bcmSWA","labelItem":{"id":"eS2knCRgLegeRw8bcmSWA","labelName":"Skill"},"textPosition":{"start":{"row":0,"column":0,"tokenIndex":55,"charIndex":0},"end":{"row":0,"column":0,"tokenIndex":55,"charIndex":7}},"confidenceScore":null},{"id":"1663419471","labeledBy":"LABELER","labeledByUserId":6814,"acceptedByUserId":null,"rejectedByUserId":null,"layer":0,"counter":0,"status":"ACCEPTED","hashCode":"SPAN:eS2knCRgLegeRw8bcmSWA:0:0:0:56:0:0:0:56:11:0:undefined:undefined","labelName":"eS2knCRgLegeRw8bcmSWA","labelItem":{"id":"eS2knCRgLegeRw8bcmSWA","labelName":"Skill"},"textPosition":{"start":{"row":0,"column":0,"tokenIndex":56,"charIndex":0},"end":{"row":0,"column":0,"tokenIndex":56,"charIndex":11}},"confidenceScore":null},{"id":"1663419474","labeledBy":"LABELER","labeledByUserId":6814,"acceptedByUserId":null,"rejectedByUserId":null,"layer":0,"counter":0,"status":"ACCEPTED","hashCode":"SPAN:eS2knCRgLegeRw8bcmSWA:0:0:0:57:0:0:0:57:6:0:undefined:undefined","labelName":"eS2knCRgLegeRw8bcmSWA","labelItem":{"id":"eS2knCRgLegeRw8bcmSWA","labelName":"Skill"},"textPosition":{"start":{"row":0,"column":0,"tokenIndex":57,"charIndex":0},"end":{"row":0,"column":0,"tokenIndex":57,"charIndex":6}},"confidenceScore":null},{"id":"1663419477","labeledBy":"LABELER","labeledByUserId":6814,"acceptedByUserId":null,"rejectedByUserId":null,"layer":0,"counter":0,"status":"ACCEPTED","hashCode":"SPAN:eS2knCRgLegeRw8bcmSWA:0:0:0:59:0:0:0:59:9:0:undefined:undefined","labelName":"eS2knCRgLegeRw8bcmSWA","labelItem":{"id":"eS2knCRgLegeRw8bcmSWA","labelName":"Skill"},"textPosition":{"start":{"row":0,"column":0,"tokenIndex":59,"charIndex":0},"end":{"row":0,"column":0,"tokenIndex":59,"charIndex":9}},"confidenceScore":null},{"id":"1663419480","labeledBy":"LABELER","labeledByUserId":6814,"acceptedByUserId":null,"rejectedByUserId":null,"layer":0,"counter":0,"status":"ACCEPTED","hashCode":"SPAN:eS2knCRgLegeRw8bcmSWA:0:0:0:61:0:0:0:62:14:0:undefined:undefined","labelName":"eS2knCRgLegeRw8bcmSWA","labelItem":{"id":"eS2knCRgLegeRw8bcmSWA","labelName":"Skill"},"textPosition":{"start":{"row":0,"column":0,"tokenIndex":61,"charIndex":0},"end":{"row":0,"column":0,"tokenIndex":62,"charIndex":14}},"confidenceScore":null},{"id":"1663419483","labeledBy":"LABELER","labeledByUserId":6814,"acceptedByUserId":null,"rejectedByUserId":null,"layer":0,"counter":0,"status":"ACCEPTED","hashCode":"SPAN:eS2knCRgLegeRw8bcmSWA:0:0:0:71:0:0:0:72:11:0:undefined:undefined","labelName":"eS2knCRgLegeRw8bcmSWA","labelItem":{"id":"eS2knCRgLegeRw8bcmSWA","labelName":"Skill"},"textPosition":{"start":{"row":0,"column":0,"tokenIndex":71,"charIndex":0},"end":{"row":0,"column":0,"tokenIndex":72,"charIndex":11}},"confidenceScore":null},{"id":"1663419486","labeledBy":"LABELER","labeledByUserId":6814,"acceptedByUserId":null,"rejectedByUserId":null,"layer":0,"counter":0,"status":"ACCEPTED","hashCode":"SPAN:eS2knCRgLegeRw8bcmSWA:0:0:0:73:0:0:0:73:10:0:undefined:undefined","labelName":"eS2knCRgLegeRw8bcmSWA","labelItem":{"id":"eS2knCRgLegeRw8bcmSWA","labelName":"Skill"},"textPosition":{"start":{"row":0,"column":0,"tokenIndex":73,"charIndex":0},"end":{"row":0,"column":0,"tokenIndex":73,"charIndex":10}},"confidenceScore":null},{"id":"1663419489","labeledBy":"LABELER","labeledByUserId":6814,"acceptedByUserId":null,"rejectedByUserId":null,"layer":0,"counter":0,"status":"ACCEPTED","hashCode":"SPAN:eS2knCRgLegeRw8bcmSWA:0:0:0:74:0:0:0:74:14:0:undefined:undefined","labelName":"eS2knCRgLegeRw8bcmSWA","labelItem":{"id":"eS2knCRgLegeRw8bcmSWA","labelName":"Skill"},"textPosition":{"start":{"row":0,"column":0,"tokenIndex":74,"charIndex":0},"end":{"row":0,"column":0,"tokenIndex":74,"charIndex":14}},"confidenceScore":null},{"id":"1663419492","labeledBy":"LABELER","labeledByUserId":6814,"acceptedByUserId":null,"rejectedByUserId":null,"layer":0,"counter":0,"status":"ACCEPTED","hashCode":"SPAN:SJEkdao76hjwbb6Fh5SY6:0:1:0:6:0:1:0:8:7:0:undefined:undefined","labelName":"SJEkdao76hjwbb6Fh5SY6","labelItem":{"id":"SJEkdao76hjwbb6Fh5SY6","labelName":"Job Title"},"textPosition":{"start":{"row":1,"column":0,"tokenIndex":6,"charIndex":0},"end":{"row":1,"column":0,"tokenIndex":8,"charIndex":7}},"confidenceScore":null},{"id":"1663419495","labeledBy":"LABELER","labeledByUserId":6814,"acceptedByUserId":null,"rejectedByUserId":null,"layer":0,"counter":0,"status":"ACCEPTED","hashCode":"SPAN:rj7TW0-ymuRo6f_asXJab:0:1:0:9:0:1:0:11:4:0:undefined:undefined","labelName":"rj7TW0-ymuRo6f_asXJab","labelItem":{"id":"rj7TW0-ymuRo6f_asXJab","labelName":"Company Name"},"textPosition":{"start":{"row":1,"column":0,"tokenIndex":9,"charIndex":0},"end":{"row":1,"column":0,"tokenIndex":11,"charIndex":4}},"confidenceScore":null},{"id":"1663419498","labeledBy":"LABELER","labeledByUserId":6814,"acceptedByUserId":null,"rejectedByUserId":null,"layer":0,"counter":0,"status":"ACCEPTED","hashCode":"SPAN:1R0C50AAwFbEp2O0WmRv6:0:1:0:13:0:1:0:14:7:0:undefined:undefined","labelName":"1R0C50AAwFbEp2O0WmRv6","labelItem":{"id":"1R0C50AAwFbEp2O0WmRv6","labelName":"Location"},"textPosition":{"start":{"row":1,"column":0,"tokenIndex":13,"charIndex":0},"end":{"row":1,"column":0,"tokenIndex":14,"charIndex":7}},"confidenceScore":null},{"id":"1663419501","labeledBy":"LABELER","labeledByUserId":6814,"acceptedByUserId":null,"rejectedByUserId":null,"layer":0,"counter":0,"status":"ACCEPTED","hashCode":"SPAN:1R0C50AAwFbEp2O0WmRv6:0:1:0:15:0:1:0:15:1:0:undefined:undefined","labelName":"1R0C50AAwFbEp2O0WmRv6","labelItem":{"id":"1R0C50AAwFbEp2O0WmRv6","labelName":"Location"},"textPosition":{"start":{"row":1,"column":0,"tokenIndex":15,"charIndex":0},"end":{"row":1,"column":0,"tokenIndex":15,"charIndex":1}},"confidenceScore":null},{"id":"1663419504","labeledBy":"LABELER","labeledByUserId":6814,"acceptedByUserId":null,"rejectedByUserId":null,"layer":0,"counter":0,"status":"ACCEPTED","hashCode":"SPAN:52S_6moRfhjC-yXgIBeCp:0:1:0:16:0:1:0:17:3:0:undefined:undefined","labelName":"52S_6moRfhjC-yXgIBeCp","labelItem":{"id":"52S_6moRfhjC-yXgIBeCp","labelName":"Date"},"textPosition":{"start":{"row":1,"column":0,"tokenIndex":16,"charIndex":0},"end":{"row":1,"column":0,"tokenIndex":17,"charIndex":3}},"confidenceScore":null},{"id":"1663419507","labeledBy":"LABELER","labeledByUserId":6814,"acceptedByUserId":null,"rejectedByUserId":null,"layer":0,"counter":0,"status":"ACCEPTED","hashCode":"SPAN:52S_6moRfhjC-yXgIBeCp:0:1:0:19:0:1:0:20:3:0:undefined:undefined","labelName":"52S_6moRfhjC-yXgIBeCp","labelItem":{"id":"52S_6moRfhjC-yXgIBeCp","labelName":"Date"},"textPosition":{"start":{"row":1,"column":0,"tokenIndex":19,"charIndex":0},"end":{"row":1,"column":0,"tokenIndex":20,"charIndex":3}},"confidenceScore":null},{"id":"1663419510","labeledBy":"LABELER","labeledByUserId":6814,"acceptedByUserId":null,"rejectedByUserId":null,"layer":0,"counter":0,"status":"ACCEPTED","hashCode":"SPAN:eS2knCRgLegeRw8bcmSWA:0:1:0:21:0:1:0:23:7:0:undefined:undefined","labelName":"eS2knCRgLegeRw8bcmSWA","labelItem":{"id":"eS2knCRgLegeRw8bcmSWA","labelName":"Skill"},"textPosition":{"start":{"row":1,"column":0,"tokenIndex":21,"charIndex":0},"end":{"row":1,"column":0,"tokenIndex":23,"charIndex":7}},"confidenceScore":null},{"id":"1663419513","labeledBy":"LABELER","labeledByUserId":6814,"acceptedByUserId":null,"rejectedByUserId":null,"layer":0,"counter":0,"status":"ACCEPTED","hashCode":"SPAN:eS2knCRgLegeRw8bcmSWA:0:1:0:28:0:1:0:28:7:0:undefined:undefined","labelName":"eS2knCRgLegeRw8bcmSWA","labelItem":{"id":"eS2knCRgLegeRw8bcmSWA","labelName":"Skill"},"textPosition":{"start":{"row":1,"column":0,"tokenIndex":28,"charIndex":0},"end":{"row":1,"column":0,"tokenIndex":28,"charIndex":7}},"confidenceScore":null},{"id":"1663419516","labeledBy":"LABELER","labeledByUserId":6814,"acceptedByUserId":null,"rejectedByUserId":null,"layer":0,"counter":0,"status":"ACCEPTED","hashCode":"SPAN:eS2knCRgLegeRw8bcmSWA:0:1:0:29:0:1:0:29:7:0:undefined:undefined","labelName":"eS2knCRgLegeRw8bcmSWA","labelItem":{"id":"eS2knCRgLegeRw8bcmSWA","labelName":"Skill"},"textPosition":{"start":{"row":1,"column":0,"tokenIndex":29,"charIndex":0},"end":{"row":1,"column":0,"tokenIndex":29,"charIndex":7}},"confidenceScore":null},{"id":"1663419519","labeledBy":"LABELER","labeledByUserId":6814,"acceptedByUserId":null,"rejectedByUserId":null,"layer":0,"counter":0,"status":"ACCEPTED","hashCode":"SPAN:eS2knCRgLegeRw8bcmSWA:0:1:0:31:0:1:0:31:8:0:undefined:undefined","labelName":"eS2knCRgLegeRw8bcmSWA","labelItem":{"id":"eS2knCRgLegeRw8bcmSWA","labelName":"Skill"},"textPosition":{"start":{"row":1,"column":0,"tokenIndex":31,"charIndex":0},"end":{"row":1,"column":0,"tokenIndex":31,"charIndex":8}},"confidenceScore":null},{"id":"1663419522","labeledBy":"LABELER","labeledByUserId":6814,"acceptedByUserId":null,"rejectedByUserId":null,"layer":0,"counter":0,"status":"ACCEPTED","hashCode":"SPAN:eS2knCRgLegeRw8bcmSWA:0:2:0:3:0:2:0:3:6:0:undefined:undefined","labelName":"eS2knCRgLegeRw8bcmSWA","labelItem":{"id":"eS2knCRgLegeRw8bcmSWA","labelName":"Skill"},"textPosition":{"start":{"row":2,"column":0,"tokenIndex":3,"charIndex":0},"end":{"row":2,"column":0,"tokenIndex":3,"charIndex":6}},"confidenceScore":null},{"id":"1663419525","labeledBy":"LABELER","labeledByUserId":6814,"acceptedByUserId":null,"rejectedByUserId":null,"layer":0,"counter":0,"status":"ACCEPTED","hashCode":"SPAN:eS2knCRgLegeRw8bcmSWA:0:2:0:4:0:2:0:4:11:0:undefined:undefined","labelName":"eS2knCRgLegeRw8bcmSWA","labelItem":{"id":"eS2knCRgLegeRw8bcmSWA","labelName":"Skill"},"textPosition":{"start":{"row":2,"column":0,"tokenIndex":4,"charIndex":0},"end":{"row":2,"column":0,"tokenIndex":4,"charIndex":11}},"confidenceScore":null},{"id":"1663419528","labeledBy":"LABELER","labeledByUserId":6814,"acceptedByUserId":null,"rejectedByUserId":null,"layer":0,"counter":0,"status":"ACCEPTED","hashCode":"SPAN:eS2knCRgLegeRw8bcmSWA:0:4:0:0:0:4:0:1:11:0:undefined:undefined","labelName":"eS2knCRgLegeRw8bcmSWA","labelItem":{"id":"eS2knCRgLegeRw8bcmSWA","labelName":"Skill"},"textPosition":{"start":{"row":4,"column":0,"tokenIndex":0,"charIndex":0},"end":{"row":4,"column":0,"tokenIndex":1,"charIndex":11}},"confidenceScore":null},{"id":"1663419531","labeledBy":"LABELER","labeledByUserId":6814,"acceptedByUserId":null,"rejectedByUserId":null,"layer":0,"counter":0,"status":"ACCEPTED","hashCode":"SPAN:eS2knCRgLegeRw8bcmSWA:0:4:0:2:0:4:0:4:10:0:undefined:undefined","labelName":"eS2knCRgLegeRw8bcmSWA","labelItem":{"id":"eS2knCRgLegeRw8bcmSWA","labelName":"Skill"},"textPosition":{"start":{"row":4,"column":0,"tokenIndex":2,"charIndex":0},"end":{"row":4,"column":0,"tokenIndex":4,"charIndex":10}},"confidenceScore":null},{"id":"1663419534","labeledBy":"LABELER","labeledByUserId":6814,"acceptedByUserId":null,"rejectedByUserId":null,"layer":0,"counter":0,"status":"ACCEPTED","hashCode":"SPAN:eS2knCRgLegeRw8bcmSWA:0:4:0:5:0:4:0:6:6:0:undefined:undefined","labelName":"eS2knCRgLegeRw8bcmSWA","labelItem":{"id":"eS2knCRgLegeRw8bcmSWA","labelName":"Skill"},"textPosition":{"start":{"row":4,"column":0,"tokenIndex":5,"charIndex":0},"end":{"row":4,"column":0,"tokenIndex":6,"charIndex":6}},"confidenceScore":null},{"id":"1663419537","labeledBy":"LABELER","labeledByUserId":6814,"acceptedByUserId":null,"rejectedByUserId":null,"layer":0,"counter":0,"status":"ACCEPTED","hashCode":"SPAN:eS2knCRgLegeRw8bcmSWA:0:5:0:0:0:5:0:1:10:0:undefined:undefined","labelName":"eS2knCRgLegeRw8bcmSWA","labelItem":{"id":"eS2knCRgLegeRw8bcmSWA","labelName":"Skill"},"textPosition":{"start":{"row":5,"column":0,"tokenIndex":0,"charIndex":0},"end":{"row":5,"column":0,"tokenIndex":1,"charIndex":10}},"confidenceScore":null},{"id":"1663419540","labeledBy":"LABELER","labeledByUserId":6814,"acceptedByUserId":null,"rejectedByUserId":null,"layer":0,"counter":0,"status":"ACCEPTED","hashCode":"SPAN:eS2knCRgLegeRw8bcmSWA:0:5:0:2:0:5:0:3:13:0:undefined:undefined","labelName":"eS2knCRgLegeRw8bcmSWA","labelItem":{"id":"eS2knCRgLegeRw8bcmSWA","labelName":"Skill"},"textPosition":{"start":{"row":5,"column":0,"tokenIndex":2,"charIndex":0},"end":{"row":5,"column":0,"tokenIndex":3,"charIndex":13}},"confidenceScore":null},{"id":"1663419543","labeledBy":"LABELER","labeledByUserId":6814,"acceptedByUserId":null,"rejectedByUserId":null,"layer":0,"counter":0,"status":"ACCEPTED","hashCode":"SPAN:eS2knCRgLegeRw8bcmSWA:0:7:0:0:0:7:0:1:17:0:undefined:undefined","labelName":"eS2knCRgLegeRw8bcmSWA","labelItem":{"id":"eS2knCRgLegeRw8bcmSWA","labelName":"Skill"},"textPosition":{"start":{"row":7,"column":0,"tokenIndex":0,"charIndex":0},"end":{"row":7,"column":0,"tokenIndex":1,"charIndex":17}},"confidenceScore":null},{"id":"1663419546","labeledBy":"LABELER","labeledByUserId":6814,"acceptedByUserId":null,"rejectedByUserId":null,"layer":0,"counter":0,"status":"ACCEPTED","hashCode":"SPAN:eS2knCRgLegeRw8bcmSWA:0:7:0:1:0:7:0:2:6:0:undefined:undefined","labelName":"eS2knCRgLegeRw8bcmSWA","labelItem":{"id":"eS2knCRgLegeRw8bcmSWA","labelName":"Skill"},"textPosition":{"start":{"row":7,"column":0,"tokenIndex":1,"charIndex":0},"end":{"row":7,"column":0,"tokenIndex":2,"charIndex":6}},"confidenceScore":null},{"id":"1663419549","labeledBy":"LABELER","labeledByUserId":6814,"acceptedByUserId":null,"rejectedByUserId":null,"layer":0,"counter":0,"status":"ACCEPTED","hashCode":"SPAN:eS2knCRgLegeRw8bcmSWA:0:7:0:3:0:7:0:4:7:0:undefined:undefined","labelName":"eS2knCRgLegeRw8bcmSWA","labelItem":{"id":"eS2knCRgLegeRw8bcmSWA","labelName":"Skill"},"textPosition":{"start":{"row":7,"column":0,"tokenIndex":3,"charIndex":0},"end":{"row":7,"column":0,"tokenIndex":4,"charIndex":7}},"confidenceScore":null},{"id":"1663419552","labeledBy":"LABELER","labeledByUserId":6814,"acceptedByUserId":null,"rejectedByUserId":null,"layer":0,"counter":0,"status":"ACCEPTED","hashCode":"SPAN:eS2knCRgLegeRw8bcmSWA:0:8:0:0:0:8:0:1:5:0:undefined:undefined","labelName":"eS2knCRgLegeRw8bcmSWA","labelItem":{"id":"eS2knCRgLegeRw8bcmSWA","labelName":"Skill"},"textPosition":{"start":{"row":8,"column":0,"tokenIndex":0,"charIndex":0},"end":{"row":8,"column":0,"tokenIndex":1,"charIndex":5}},"confidenceScore":null},{"id":"1663419555","labeledBy":"LABELER","labeledByUserId":6814,"acceptedByUserId":null,"rejectedByUserId":null,"layer":0,"counter":0,"status":"ACCEPTED","hashCode":"SPAN:eS2knCRgLegeRw8bcmSWA:0:8:0:3:0:8:0:4:4:0:undefined:undefined","labelName":"eS2knCRgLegeRw8bcmSWA","labelItem":{"id":"eS2knCRgLegeRw8bcmSWA","labelName":"Skill"},"textPosition":{"start":{"row":8,"column":0,"tokenIndex":3,"charIndex":0},"end":{"row":8,"column":0,"tokenIndex":4,"charIndex":4}},"confidenceScore":null},{"id":"1663419558","labeledBy":"LABELER","labeledByUserId":6814,"acceptedByUserId":null,"rejectedByUserId":null,"layer":0,"counter":0,"status":"ACCEPTED","hashCode":"SPAN:eS2knCRgLegeRw8bcmSWA:0:8:0:5:0:8:0:6:5:0:undefined:undefined","labelName":"eS2knCRgLegeRw8bcmSWA","labelItem":{"id":"eS2knCRgLegeRw8bcmSWA","labelName":"Skill"},"textPosition":{"start":{"row":8,"column":0,"tokenIndex":5,"charIndex":0},"end":{"row":8,"column":0,"tokenIndex":6,"charIndex":5}},"confidenceScore":null},{"id":"1663419561","labeledBy":"LABELER","labeledByUserId":6814,"acceptedByUserId":null,"rejectedByUserId":null,"layer":0,"counter":0,"status":"ACCEPTED","hashCode":"SPAN:eS2knCRgLegeRw8bcmSWA:0:8:0:8:0:8:0:10:10:0:undefined:undefined","labelName":"eS2knCRgLegeRw8bcmSWA","labelItem":{"id":"eS2knCRgLegeRw8bcmSWA","labelName":"Skill"},"textPosition":{"start":{"row":8,"column":0,"tokenIndex":8,"charIndex":0},"end":{"row":8,"column":0,"tokenIndex":10,"charIndex":10}},"confidenceScore":null},{"id":"1663419570","labeledBy":"LABELER","labeledByUserId":6814,"acceptedByUserId":null,"rejectedByUserId":null,"layer":0,"counter":0,"status":"ACCEPTED","hashCode":"SPAN:eS2knCRgLegeRw8bcmSWA:0:9:0:1:0:9:0:2:8:0:undefined:undefined","labelName":"eS2knCRgLegeRw8bcmSWA","labelItem":{"id":"eS2knCRgLegeRw8bcmSWA","labelName":"Skill"},"textPosition":{"start":{"row":9,"column":0,"tokenIndex":1,"charIndex":0},"end":{"row":9,"column":0,"tokenIndex":2,"charIndex":8}},"confidenceScore":null},{"id":"1663419564","labeledBy":"LABELER","labeledByUserId":6814,"acceptedByUserId":null,"rejectedByUserId":null,"layer":0,"counter":0,"status":"ACCEPTED","hashCode":"SPAN:eS2knCRgLegeRw8bcmSWA:0:9:0:4:0:9:0:5:7:0:undefined:undefined","labelName":"eS2knCRgLegeRw8bcmSWA","labelItem":{"id":"eS2knCRgLegeRw8bcmSWA","labelName":"Skill"},"textPosition":{"start":{"row":9,"column":0,"tokenIndex":4,"charIndex":0},"end":{"row":9,"column":0,"tokenIndex":5,"charIndex":7}},"confidenceScore":null},{"id":"1663419567","labeledBy":"LABELER","labeledByUserId":6814,"acceptedByUserId":null,"rejectedByUserId":null,"layer":0,"counter":0,"status":"ACCEPTED","hashCode":"SPAN:eS2knCRgLegeRw8bcmSWA:0:9:0:7:0:9:0:8:9:0:undefined:undefined","labelName":"eS2knCRgLegeRw8bcmSWA","labelItem":{"id":"eS2knCRgLegeRw8bcmSWA","labelName":"Skill"},"textPosition":{"start":{"row":9,"column":0,"tokenIndex":7,"charIndex":0},"end":{"row":9,"column":0,"tokenIndex":8,"charIndex":9}},"confidenceScore":null},{"id":"1663419573","labeledBy":"LABELER","labeledByUserId":6814,"acceptedByUserId":null,"rejectedByUserId":null,"layer":0,"counter":0,"status":"ACCEPTED","hashCode":"SPAN:eS2knCRgLegeRw8bcmSWA:0:13:0:3:0:13:0:8:8:0:undefined:undefined","labelName":"eS2knCRgLegeRw8bcmSWA","labelItem":{"id":"eS2knCRgLegeRw8bcmSWA","labelName":"Skill"},"textPosition":{"start":{"row":13,"column":0,"tokenIndex":3,"charIndex":0},"end":{"row":13,"column":0,"tokenIndex":8,"charIndex":8}},"confidenceScore":null},{"id":"1663419576","labeledBy":"LABELER","labeledByUserId":6814,"acceptedByUserId":null,"rejectedByUserId":null,"layer":0,"counter":0,"status":"ACCEPTED","hashCode":"SPAN:eS2knCRgLegeRw8bcmSWA:0:14:0:0:0:14:0:1:9:0:undefined:undefined","labelName":"eS2knCRgLegeRw8bcmSWA","labelItem":{"id":"eS2knCRgLegeRw8bcmSWA","labelName":"Skill"},"textPosition":{"start":{"row":14,"column":0,"tokenIndex":0,"charIndex":0},"end":{"row":14,"column":0,"tokenIndex":1,"charIndex":9}},"confidenceScore":null},{"id":"1663419579","labeledBy":"LABELER","labeledByUserId":6814,"acceptedByUserId":null,"rejectedByUserId":null,"layer":0,"counter":0,"status":"ACCEPTED","hashCode":"SPAN:eS2knCRgLegeRw8bcmSWA:0:14:0:4:0:14:0:5:7:0:undefined:undefined","labelName":"eS2knCRgLegeRw8bcmSWA","labelItem":{"id":"eS2knCRgLegeRw8bcmSWA","labelName":"Skill"},"textPosition":{"start":{"row":14,"column":0,"tokenIndex":4,"charIndex":0},"end":{"row":14,"column":0,"tokenIndex":5,"charIndex":7}},"confidenceScore":null},{"id":"1663419582","labeledBy":"LABELER","labeledByUserId":6814,"acceptedByUserId":null,"rejectedByUserId":null,"layer":0,"counter":0,"status":"ACCEPTED","hashCode":"SPAN:SJEkdao76hjwbb6Fh5SY6:0:14:0:4:0:14:0:8:12:0:undefined:undefined","labelName":"SJEkdao76hjwbb6Fh5SY6","labelItem":{"id":"SJEkdao76hjwbb6Fh5SY6","labelName":"Job Title"},"textPosition":{"start":{"row":14,"column":0,"tokenIndex":4,"charIndex":0},"end":{"row":14,"column":0,"tokenIndex":8,"charIndex":12}},"confidenceScore":null},{"id":"1663419585","labeledBy":"LABELER","labeledByUserId":6814,"acceptedByUserId":null,"rejectedByUserId":null,"layer":0,"counter":0,"status":"ACCEPTED","hashCode":"SPAN:rj7TW0-ymuRo6f_asXJab:0:14:0:9:0:14:0:12:4:0:undefined:undefined","labelName":"rj7TW0-ymuRo6f_asXJab","labelItem":{"id":"rj7TW0-ymuRo6f_asXJab","labelName":"Company Name"},"textPosition":{"start":{"row":14,"column":0,"tokenIndex":9,"charIndex":0},"end":{"row":14,"column":0,"tokenIndex":12,"charIndex":4}},"confidenceScore":null},{"id":"1663419588","labeledBy":"LABELER","labeledByUserId":6814,"acceptedByUserId":null,"rejectedByUserId":null,"layer":0,"counter":0,"status":"ACCEPTED","hashCode":"SPAN:52S_6moRfhjC-yXgIBeCp:0:14:0:13:0:14:0:14:3:0:undefined:undefined","labelName":"52S_6moRfhjC-yXgIBeCp","labelItem":{"id":"52S_6moRfhjC-yXgIBeCp","labelName":"Date"},"textPosition":{"start":{"row":14,"column":0,"tokenIndex":13,"charIndex":0},"end":{"row":14,"column":0,"tokenIndex":14,"charIndex":3}},"confidenceScore":null},{"id":"1663419591","labeledBy":"LABELER","labeledByUserId":6814,"acceptedByUserId":null,"rejectedByUserId":null,"layer":0,"counter":0,"status":"ACCEPTED","hashCode":"SPAN:52S_6moRfhjC-yXgIBeCp:0:14:0:16:0:14:0:17:3:0:undefined:undefined","labelName":"52S_6moRfhjC-yXgIBeCp","labelItem":{"id":"52S_6moRfhjC-yXgIBeCp","labelName":"Date"},"textPosition":{"start":{"row":14,"column":0,"tokenIndex":16,"charIndex":0},"end":{"row":14,"column":0,"tokenIndex":17,"charIndex":3}},"confidenceScore":null},{"id":"1663419594","labeledBy":"LABELER","labeledByUserId":6814,"acceptedByUserId":null,"rejectedByUserId":null,"layer":0,"counter":0,"status":"ACCEPTED","hashCode":"SPAN:eS2knCRgLegeRw8bcmSWA:0:14:0:18:0:14:0:18:4:0:undefined:undefined","labelName":"eS2knCRgLegeRw8bcmSWA","labelItem":{"id":"eS2knCRgLegeRw8bcmSWA","labelName":"Skill"},"textPosition":{"start":{"row":14,"column":0,"tokenIndex":18,"charIndex":0},"end":{"row":14,"column":0,"tokenIndex":18,"charIndex":4}},"confidenceScore":null},{"id":"1663419597","labeledBy":"LABELER","labeledByUserId":6814,"acceptedByUserId":null,"rejectedByUserId":null,"layer":0,"counter":0,"status":"ACCEPTED","hashCode":"SPAN:eS2knCRgLegeRw8bcmSWA:0:14:0:19:0:14:0:19:10:0:undefined:undefined","labelName":"eS2knCRgLegeRw8bcmSWA","labelItem":{"id":"eS2knCRgLegeRw8bcmSWA","labelName":"Skill"},"textPosition":{"start":{"row":14,"column":0,"tokenIndex":19,"charIndex":0},"end":{"row":14,"column":0,"tokenIndex":19,"charIndex":10}},"confidenceScore":null},{"id":"1663419600","labeledBy":"LABELER","labeledByUserId":6814,"acceptedByUserId":null,"rejectedByUserId":null,"layer":0,"counter":0,"status":"ACCEPTED","hashCode":"SPAN:eS2knCRgLegeRw8bcmSWA:0:14:0:21:0:14:0:21:8:0:undefined:undefined","labelName":"eS2knCRgLegeRw8bcmSWA","labelItem":{"id":"eS2knCRgLegeRw8bcmSWA","labelName":"Skill"},"textPosition":{"start":{"row":14,"column":0,"tokenIndex":21,"charIndex":0},"end":{"row":14,"column":0,"tokenIndex":21,"charIndex":8}},"confidenceScore":null},{"id":"1663419603","labeledBy":"LABELER","labeledByUserId":6814,"acceptedByUserId":null,"rejectedByUserId":null,"layer":0,"counter":0,"status":"ACCEPTED","hashCode":"SPAN:eS2knCRgLegeRw8bcmSWA:0:14:0:22:0:14:0:23:7:0:undefined:undefined","labelName":"eS2knCRgLegeRw8bcmSWA","labelItem":{"id":"eS2knCRgLegeRw8bcmSWA","labelName":"Skill"},"textPosition":{"start":{"row":14,"column":0,"tokenIndex":22,"charIndex":0},"end":{"row":14,"column":0,"tokenIndex":23,"charIndex":7}},"confidenceScore":null},{"id":"1663419606","labeledBy":"LABELER","labeledByUserId":6814,"acceptedByUserId":null,"rejectedByUserId":null,"layer":0,"counter":0,"status":"ACCEPTED","hashCode":"SPAN:eS2knCRgLegeRw8bcmSWA:0:14:0:26:0:14:0:27:4:0:undefined:undefined","labelName":"eS2knCRgLegeRw8bcmSWA","labelItem":{"id":"eS2knCRgLegeRw8bcmSWA","labelName":"Skill"},"textPosition":{"start":{"row":14,"column":0,"tokenIndex":26,"charIndex":0},"end":{"row":14,"column":0,"tokenIndex":27,"charIndex":4}},"confidenceScore":null},{"id":"1663419609","labeledBy":"LABELER","labeledByUserId":6814,"acceptedByUserId":null,"rejectedByUserId":null,"layer":0,"counter":0,"status":"ACCEPTED","hashCode":"SPAN:eS2knCRgLegeRw8bcmSWA:0:16:0:1:0:16:0:2:6:0:undefined:undefined","labelName":"eS2knCRgLegeRw8bcmSWA","labelItem":{"id":"eS2knCRgLegeRw8bcmSWA","labelName":"Skill"},"textPosition":{"start":{"row":16,"column":0,"tokenIndex":1,"charIndex":0},"end":{"row":16,"column":0,"tokenIndex":2,"charIndex":6}},"confidenceScore":null},{"id":"1663419612","labeledBy":"LABELER","labeledByUserId":6814,"acceptedByUserId":null,"rejectedByUserId":null,"layer":0,"counter":0,"status":"ACCEPTED","hashCode":"SPAN:eS2knCRgLegeRw8bcmSWA:0:16:0:4:0:16:0:5:7:0:undefined:undefined","labelName":"eS2knCRgLegeRw8bcmSWA","labelItem":{"id":"eS2knCRgLegeRw8bcmSWA","labelName":"Skill"},"textPosition":{"start":{"row":16,"column":0,"tokenIndex":4,"charIndex":0},"end":{"row":16,"column":0,"tokenIndex":5,"charIndex":7}},"confidenceScore":null},{"id":"1663419615","labeledBy":"LABELER","labeledByUserId":6814,"acceptedByUserId":null,"rejectedByUserId":null,"layer":0,"counter":0,"status":"ACCEPTED","hashCode":"SPAN:eS2knCRgLegeRw8bcmSWA:0:17:0:0:0:17:0:3:8:0:undefined:undefined","labelName":"eS2knCRgLegeRw8bcmSWA","labelItem":{"id":"eS2knCRgLegeRw8bcmSWA","labelName":"Skill"},"textPosition":{"start":{"row":17,"column":0,"tokenIndex":0,"charIndex":0},"end":{"row":17,"column":0,"tokenIndex":3,"charIndex":8}},"confidenceScore":null},{"id":"1663419618","labeledBy":"LABELER","labeledByUserId":6814,"acceptedByUserId":null,"rejectedByUserId":null,"layer":0,"counter":0,"status":"ACCEPTED","hashCode":"SPAN:eS2knCRgLegeRw8bcmSWA:0:17:0:4:0:17:0:5:6:0:undefined:undefined","labelName":"eS2knCRgLegeRw8bcmSWA","labelItem":{"id":"eS2knCRgLegeRw8bcmSWA","labelName":"Skill"},"textPosition":{"start":{"row":17,"column":0,"tokenIndex":4,"charIndex":0},"end":{"row":17,"column":0,"tokenIndex":5,"charIndex":6}},"confidenceScore":null},{"id":"1663419621","labeledBy":"LABELER","labeledByUserId":6814,"acceptedByUserId":null,"rejectedByUserId":null,"layer":0,"counter":0,"status":"ACCEPTED","hashCode":"SPAN:eS2knCRgLegeRw8bcmSWA:0:17:0:6:0:17:0:6:11:0:undefined:undefined","labelName":"eS2knCRgLegeRw8bcmSWA","labelItem":{"id":"eS2knCRgLegeRw8bcmSWA","labelName":"Skill"},"textPosition":{"start":{"row":17,"column":0,"tokenIndex":6,"charIndex":0},"end":{"row":17,"column":0,"tokenIndex":6,"charIndex":11}},"confidenceScore":null},{"id":"1663419624","labeledBy":"LABELER","labeledByUserId":6814,"acceptedByUserId":null,"rejectedByUserId":null,"layer":0,"counter":0,"status":"ACCEPTED","hashCode":"SPAN:eS2knCRgLegeRw8bcmSWA:0:17:0:7:0:17:0:8:12:0:undefined:undefined","labelName":"eS2knCRgLegeRw8bcmSWA","labelItem":{"id":"eS2knCRgLegeRw8bcmSWA","labelName":"Skill"},"textPosition":{"start":{"row":17,"column":0,"tokenIndex":7,"charIndex":0},"end":{"row":17,"column":0,"tokenIndex":8,"charIndex":12}},"confidenceScore":null},{"id":"1663419627","labeledBy":"LABELER","labeledByUserId":6814,"acceptedByUserId":null,"rejectedByUserId":null,"layer":0,"counter":0,"status":"ACCEPTED","hashCode":"SPAN:eS2knCRgLegeRw8bcmSWA:0:17:0:9:0:17:0:9:12:0:undefined:undefined","labelName":"eS2knCRgLegeRw8bcmSWA","labelItem":{"id":"eS2knCRgLegeRw8bcmSWA","labelName":"Skill"},"textPosition":{"start":{"row":17,"column":0,"tokenIndex":9,"charIndex":0},"end":{"row":17,"column":0,"tokenIndex":9,"charIndex":12}},"confidenceScore":null},{"id":"1663419630","labeledBy":"LABELER","labeledByUserId":6814,"acceptedByUserId":null,"rejectedByUserId":null,"layer":0,"counter":0,"status":"ACCEPTED","hashCode":"SPAN:eS2knCRgLegeRw8bcmSWA:0:17:0:13:0:17:0:14:8:0:undefined:undefined","labelName":"eS2knCRgLegeRw8bcmSWA","labelItem":{"id":"eS2knCRgLegeRw8bcmSWA","labelName":"Skill"},"textPosition":{"start":{"row":17,"column":0,"tokenIndex":13,"charIndex":0},"end":{"row":17,"column":0,"tokenIndex":14,"charIndex":8}},"confidenceScore":null},{"id":"1663419633","labeledBy":"LABELER","labeledByUserId":6814,"acceptedByUserId":null,"rejectedByUserId":null,"layer":0,"counter":0,"status":"ACCEPTED","hashCode":"SPAN:eS2knCRgLegeRw8bcmSWA:0:17:0:15:0:17:0:16:9:0:undefined:undefined","labelName":"eS2knCRgLegeRw8bcmSWA","labelItem":{"id":"eS2knCRgLegeRw8bcmSWA","labelName":"Skill"},"textPosition":{"start":{"row":17,"column":0,"tokenIndex":15,"charIndex":0},"end":{"row":17,"column":0,"tokenIndex":16,"charIndex":9}},"confidenceScore":null},{"id":"1663419636","labeledBy":"LABELER","labeledByUserId":6814,"acceptedByUserId":null,"rejectedByUserId":null,"layer":0,"counter":0,"status":"ACCEPTED","hashCode":"SPAN:eS2knCRgLegeRw8bcmSWA:0:17:0:17:0:17:0:17:13:0:undefined:undefined","labelName":"eS2knCRgLegeRw8bcmSWA","labelItem":{"id":"eS2knCRgLegeRw8bcmSWA","labelName":"Skill"},"textPosition":{"start":{"row":17,"column":0,"tokenIndex":17,"charIndex":0},"end":{"row":17,"column":0,"tokenIndex":17,"charIndex":13}},"confidenceScore":null},{"id":"1663419639","labeledBy":"LABELER","labeledByUserId":6814,"acceptedByUserId":null,"rejectedByUserId":null,"layer":0,"counter":0,"status":"ACCEPTED","hashCode":"SPAN:eS2knCRgLegeRw8bcmSWA:0:17:0:22:0:17:0:22:8:0:undefined:undefined","labelName":"eS2knCRgLegeRw8bcmSWA","labelItem":{"id":"eS2knCRgLegeRw8bcmSWA","labelName":"Skill"},"textPosition":{"start":{"row":17,"column":0,"tokenIndex":22,"charIndex":0},"end":{"row":17,"column":0,"tokenIndex":22,"charIndex":8}},"confidenceScore":null},{"id":"1663419642","labeledBy":"LABELER","labeledByUserId":6814,"acceptedByUserId":null,"rejectedByUserId":null,"layer":0,"counter":0,"status":"ACCEPTED","hashCode":"SPAN:eS2knCRgLegeRw8bcmSWA:0:17:0:24:0:17:0:25:3:0:undefined:undefined","labelName":"eS2knCRgLegeRw8bcmSWA","labelItem":{"id":"eS2knCRgLegeRw8bcmSWA","labelName":"Skill"},"textPosition":{"start":{"row":17,"column":0,"tokenIndex":24,"charIndex":0},"end":{"row":17,"column":0,"tokenIndex":25,"charIndex":3}},"confidenceScore":null},{"id":"1663419645","labeledBy":"LABELER","labeledByUserId":6814,"acceptedByUserId":null,"rejectedByUserId":null,"layer":0,"counter":0,"status":"ACCEPTED","hashCode":"SPAN:eS2knCRgLegeRw8bcmSWA:0:18:0:4:0:18:0:4:13:0:undefined:undefined","labelName":"eS2knCRgLegeRw8bcmSWA","labelItem":{"id":"eS2knCRgLegeRw8bcmSWA","labelName":"Skill"},"textPosition":{"start":{"row":18,"column":0,"tokenIndex":4,"charIndex":0},"end":{"row":18,"column":0,"tokenIndex":4,"charIndex":13}},"confidenceScore":null},{"id":"1663419648","labeledBy":"LABELER","labeledByUserId":6814,"acceptedByUserId":null,"rejectedByUserId":null,"layer":0,"counter":0,"status":"ACCEPTED","hashCode":"SPAN:eS2knCRgLegeRw8bcmSWA:0:18:0:6:0:18:0:6:10:0:undefined:undefined","labelName":"eS2knCRgLegeRw8bcmSWA","labelItem":{"id":"eS2knCRgLegeRw8bcmSWA","labelName":"Skill"},"textPosition":{"start":{"row":18,"column":0,"tokenIndex":6,"charIndex":0},"end":{"row":18,"column":0,"tokenIndex":6,"charIndex":10}},"confidenceScore":null},{"id":"1663419651","labeledBy":"LABELER","labeledByUserId":6814,"acceptedByUserId":null,"rejectedByUserId":null,"layer":0,"counter":0,"status":"ACCEPTED","hashCode":"SPAN:SJEkdao76hjwbb6Fh5SY6:0:19:0:0:0:19:0:1:6:0:undefined:undefined","labelName":"SJEkdao76hjwbb6Fh5SY6","labelItem":{"id":"SJEkdao76hjwbb6Fh5SY6","labelName":"Job Title"},"textPosition":{"start":{"row":19,"column":0,"tokenIndex":0,"charIndex":0},"end":{"row":19,"column":0,"tokenIndex":1,"charIndex":6}},"confidenceScore":null},{"id":"1663419654","labeledBy":"LABELER","labeledByUserId":6814,"acceptedByUserId":null,"rejectedByUserId":null,"layer":0,"counter":0,"status":"ACCEPTED","hashCode":"SPAN:rj7TW0-ymuRo6f_asXJab:0:19:0:2:0:19:0:4:8:0:undefined:undefined","labelName":"rj7TW0-ymuRo6f_asXJab","labelItem":{"id":"rj7TW0-ymuRo6f_asXJab","labelName":"Company Name"},"textPosition":{"start":{"row":19,"column":0,"tokenIndex":2,"charIndex":0},"end":{"row":19,"column":0,"tokenIndex":4,"charIndex":8}},"confidenceScore":null},{"id":"1663419657","labeledBy":"LABELER","labeledByUserId":6814,"acceptedByUserId":null,"rejectedByUserId":null,"layer":0,"counter":0,"status":"ACCEPTED","hashCode":"SPAN:52S_6moRfhjC-yXgIBeCp:0:19:0:5:0:19:0:6:3:0:undefined:undefined","labelName":"52S_6moRfhjC-yXgIBeCp","labelItem":{"id":"52S_6moRfhjC-yXgIBeCp","labelName":"Date"},"textPosition":{"start":{"row":19,"column":0,"tokenIndex":5,"charIndex":0},"end":{"row":19,"column":0,"tokenIndex":6,"charIndex":3}},"confidenceScore":null},{"id":"1663419660","labeledBy":"LABELER","labeledByUserId":6814,"acceptedByUserId":null,"rejectedByUserId":null,"layer":0,"counter":0,"status":"ACCEPTED","hashCode":"SPAN:52S_6moRfhjC-yXgIBeCp:0:19:0:8:0:19:0:9:3:0:undefined:undefined","labelName":"52S_6moRfhjC-yXgIBeCp","labelItem":{"id":"52S_6moRfhjC-yXgIBeCp","labelName":"Date"},"textPosition":{"start":{"row":19,"column":0,"tokenIndex":8,"charIndex":0},"end":{"row":19,"column":0,"tokenIndex":9,"charIndex":3}},"confidenceScore":null},{"id":"1663419663","labeledBy":"LABELER","labeledByUserId":6814,"acceptedByUserId":null,"rejectedByUserId":null,"layer":0,"counter":0,"status":"ACCEPTED","hashCode":"SPAN:eS2knCRgLegeRw8bcmSWA:0:19:0:15:0:19:0:16:6:0:undefined:undefined","labelName":"eS2knCRgLegeRw8bcmSWA","labelItem":{"id":"eS2knCRgLegeRw8bcmSWA","labelName":"Skill"},"textPosition":{"start":{"row":19,"column":0,"tokenIndex":15,"charIndex":0},"end":{"row":19,"column":0,"tokenIndex":16,"charIndex":6}},"confidenceScore":null},{"id":"1663419666","labeledBy":"LABELER","labeledByUserId":6814,"acceptedByUserId":null,"rejectedByUserId":null,"layer":0,"counter":0,"status":"ACCEPTED","hashCode":"SPAN:SJEkdao76hjwbb6Fh5SY6:0:19:0:55:0:19:0:56:9:0:undefined:undefined","labelName":"SJEkdao76hjwbb6Fh5SY6","labelItem":{"id":"SJEkdao76hjwbb6Fh5SY6","labelName":"Job Title"},"textPosition":{"start":{"row":19,"column":0,"tokenIndex":55,"charIndex":0},"end":{"row":19,"column":0,"tokenIndex":56,"charIndex":9}},"confidenceScore":null},{"id":"1663419669","labeledBy":"LABELER","labeledByUserId":6814,"acceptedByUserId":null,"rejectedByUserId":null,"layer":0,"counter":0,"status":"ACCEPTED","hashCode":"SPAN:rj7TW0-ymuRo6f_asXJab:0:19:0:57:0:19:0:59:2:0:undefined:undefined","labelName":"rj7TW0-ymuRo6f_asXJab","labelItem":{"id":"rj7TW0-ymuRo6f_asXJab","labelName":"Company Name"},"textPosition":{"start":{"row":19,"column":0,"tokenIndex":57,"charIndex":0},"end":{"row":19,"column":0,"tokenIndex":59,"charIndex":2}},"confidenceScore":null},{"id":"1663419675","labeledBy":"LABELER","labeledByUserId":6814,"acceptedByUserId":null,"rejectedByUserId":null,"layer":0,"counter":0,"status":"ACCEPTED","hashCode":"SPAN:1R0C50AAwFbEp2O0WmRv6:0:19:0:61:0:19:0:61:5:0:undefined:undefined","labelName":"1R0C50AAwFbEp2O0WmRv6","labelItem":{"id":"1R0C50AAwFbEp2O0WmRv6","labelName":"Location"},"textPosition":{"start":{"row":19,"column":0,"tokenIndex":61,"charIndex":0},"end":{"row":19,"column":0,"tokenIndex":61,"charIndex":5}},"confidenceScore":null},{"id":"1663419672","labeledBy":"LABELER","labeledByUserId":6814,"acceptedByUserId":null,"rejectedByUserId":null,"layer":0,"counter":0,"status":"ACCEPTED","hashCode":"SPAN:1R0C50AAwFbEp2O0WmRv6:0:19:0:62:0:19:0:62:1:0:undefined:undefined","labelName":"1R0C50AAwFbEp2O0WmRv6","labelItem":{"id":"1R0C50AAwFbEp2O0WmRv6","labelName":"Location"},"textPosition":{"start":{"row":19,"column":0,"tokenIndex":62,"charIndex":0},"end":{"row":19,"column":0,"tokenIndex":62,"charIndex":1}},"confidenceScore":null},{"id":"1663419678","labeledBy":"LABELER","labeledByUserId":6814,"acceptedByUserId":null,"rejectedByUserId":null,"layer":0,"counter":0,"status":"ACCEPTED","hashCode":"SPAN:52S_6moRfhjC-yXgIBeCp:0:19:0:63:0:19:0:64:3:0:undefined:undefined","labelName":"52S_6moRfhjC-yXgIBeCp","labelItem":{"id":"52S_6moRfhjC-yXgIBeCp","labelName":"Date"},"textPosition":{"start":{"row":19,"column":0,"tokenIndex":63,"charIndex":0},"end":{"row":19,"column":0,"tokenIndex":64,"charIndex":3}},"confidenceScore":null},{"id":"1663419681","labeledBy":"LABELER","labeledByUserId":6814,"acceptedByUserId":null,"rejectedByUserId":null,"layer":0,"counter":0,"status":"ACCEPTED","hashCode":"SPAN:52S_6moRfhjC-yXgIBeCp:0:19:0:66:0:19:0:67:3:0:undefined:undefined","labelName":"52S_6moRfhjC-yXgIBeCp","labelItem":{"id":"52S_6moRfhjC-yXgIBeCp","labelName":"Date"},"textPosition":{"start":{"row":19,"column":0,"tokenIndex":66,"charIndex":0},"end":{"row":19,"column":0,"tokenIndex":67,"charIndex":3}},"confidenceScore":null},{"id":"1663419684","labeledBy":"LABELER","labeledByUserId":6814,"acceptedByUserId":null,"rejectedByUserId":null,"layer":0,"counter":0,"status":"ACCEPTED","hashCode":"SPAN:eS2knCRgLegeRw8bcmSWA:0:19:0:77:0:19:0:78:8:0:undefined:undefined","labelName":"eS2knCRgLegeRw8bcmSWA","labelItem":{"id":"eS2knCRgLegeRw8bcmSWA","labelName":"Skill"},"textPosition":{"start":{"row":19,"column":0,"tokenIndex":77,"charIndex":0},"end":{"row":19,"column":0,"tokenIndex":78,"charIndex":8}},"confidenceScore":null},{"id":"1663419687","labeledBy":"LABELER","labeledByUserId":6814,"acceptedByUserId":null,"rejectedByUserId":null,"layer":0,"counter":0,"status":"ACCEPTED","hashCode":"SPAN:eS2knCRgLegeRw8bcmSWA:0:19:0:80:0:19:0:80:3:0:undefined:undefined","labelName":"eS2knCRgLegeRw8bcmSWA","labelItem":{"id":"eS2knCRgLegeRw8bcmSWA","labelName":"Skill"},"textPosition":{"start":{"row":19,"column":0,"tokenIndex":80,"charIndex":0},"end":{"row":19,"column":0,"tokenIndex":80,"charIndex":3}},"confidenceScore":null},{"id":"1663419690","labeledBy":"LABELER","labeledByUserId":6814,"acceptedByUserId":null,"rejectedByUserId":null,"layer":0,"counter":0,"status":"ACCEPTED","hashCode":"SPAN:eS2knCRgLegeRw8bcmSWA:0:19:0:103:0:19:0:103:3:0:undefined:undefined","labelName":"eS2knCRgLegeRw8bcmSWA","labelItem":{"id":"eS2knCRgLegeRw8bcmSWA","labelName":"Skill"},"textPosition":{"start":{"row":19,"column":0,"tokenIndex":103,"charIndex":0},"end":{"row":19,"column":0,"tokenIndex":103,"charIndex":3}},"confidenceScore":null},{"id":"1663419693","labeledBy":"LABELER","labeledByUserId":6814,"acceptedByUserId":null,"rejectedByUserId":null,"layer":0,"counter":0,"status":"ACCEPTED","hashCode":"SPAN:eS2knCRgLegeRw8bcmSWA:0:19:0:104:0:19:0:104:5:0:undefined:undefined","labelName":"eS2knCRgLegeRw8bcmSWA","labelItem":{"id":"eS2knCRgLegeRw8bcmSWA","labelName":"Skill"},"textPosition":{"start":{"row":19,"column":0,"tokenIndex":104,"charIndex":0},"end":{"row":19,"column":0,"tokenIndex":104,"charIndex":5}},"confidenceScore":null},{"id":"1663419696","labeledBy":"LABELER","labeledByUserId":6814,"acceptedByUserId":null,"rejectedByUserId":null,"layer":0,"counter":0,"status":"ACCEPTED","hashCode":"SPAN:eS2knCRgLegeRw8bcmSWA:0:19:0:105:0:19:0:105:5:0:undefined:undefined","labelName":"eS2knCRgLegeRw8bcmSWA","labelItem":{"id":"eS2knCRgLegeRw8bcmSWA","labelName":"Skill"},"textPosition":{"start":{"row":19,"column":0,"tokenIndex":105,"charIndex":0},"end":{"row":19,"column":0,"tokenIndex":105,"charIndex":5}},"confidenceScore":null},{"id":"1663419699","labeledBy":"LABELER","labeledByUserId":6814,"acceptedByUserId":null,"rejectedByUserId":null,"layer":0,"counter":0,"status":"ACCEPTED","hashCode":"SPAN:eS2knCRgLegeRw8bcmSWA:0:19:0:106:0:19:0:106:7:0:undefined:undefined","labelName":"eS2knCRgLegeRw8bcmSWA","labelItem":{"id":"eS2knCRgLegeRw8bcmSWA","labelName":"Skill"},"textPosition":{"start":{"row":19,"column":0,"tokenIndex":106,"charIndex":0},"end":{"row":19,"column":0,"tokenIndex":106,"charIndex":7}},"confidenceScore":null},{"id":"1663419702","labeledBy":"LABELER","labeledByUserId":6814,"acceptedByUserId":null,"rejectedByUserId":null,"layer":0,"counter":0,"status":"ACCEPTED","hashCode":"SPAN:SJEkdao76hjwbb6Fh5SY6:0:19:0:108:0:19:0:110:6:0:undefined:undefined","labelName":"SJEkdao76hjwbb6Fh5SY6","labelItem":{"id":"SJEkdao76hjwbb6Fh5SY6","labelName":"Job Title"},"textPosition":{"start":{"row":19,"column":0,"tokenIndex":108,"charIndex":0},"end":{"row":19,"column":0,"tokenIndex":110,"charIndex":6}},"confidenceScore":null},{"id":"1663419705","labeledBy":"LABELER","labeledByUserId":6814,"acceptedByUserId":null,"rejectedByUserId":null,"layer":0,"counter":0,"status":"ACCEPTED","hashCode":"SPAN:rj7TW0-ymuRo6f_asXJab:0:19:0:111:0:19:0:111:6:0:undefined:undefined","labelName":"rj7TW0-ymuRo6f_asXJab","labelItem":{"id":"rj7TW0-ymuRo6f_asXJab","labelName":"Company Name"},"textPosition":{"start":{"row":19,"column":0,"tokenIndex":111,"charIndex":0},"end":{"row":19,"column":0,"tokenIndex":111,"charIndex":6}},"confidenceScore":null},{"id":"1663419708","labeledBy":"LABELER","labeledByUserId":6814,"acceptedByUserId":null,"rejectedByUserId":null,"layer":0,"counter":0,"status":"ACCEPTED","hashCode":"SPAN:52S_6moRfhjC-yXgIBeCp:0:19:0:112:0:19:0:113:3:0:undefined:undefined","labelName":"52S_6moRfhjC-yXgIBeCp","labelItem":{"id":"52S_6moRfhjC-yXgIBeCp","labelName":"Date"},"textPosition":{"start":{"row":19,"column":0,"tokenIndex":112,"charIndex":0},"end":{"row":19,"column":0,"tokenIndex":113,"charIndex":3}},"confidenceScore":null},{"id":"1663419711","labeledBy":"LABELER","labeledByUserId":6814,"acceptedByUserId":null,"rejectedByUserId":null,"layer":0,"counter":0,"status":"ACCEPTED","hashCode":"SPAN:52S_6moRfhjC-yXgIBeCp:0:19:0:115:0:19:0:116:3:0:undefined:undefined","labelName":"52S_6moRfhjC-yXgIBeCp","labelItem":{"id":"52S_6moRfhjC-yXgIBeCp","labelName":"Date"},"textPosition":{"start":{"row":19,"column":0,"tokenIndex":115,"charIndex":0},"end":{"row":19,"column":0,"tokenIndex":116,"charIndex":3}},"confidenceScore":null},{"id":"1663419717","labeledBy":"LABELER","labeledByUserId":6814,"acceptedByUserId":null,"rejectedByUserId":null,"layer":0,"counter":0,"status":"ACCEPTED","hashCode":"SPAN:eS2knCRgLegeRw8bcmSWA:0:19:0:117:0:19:0:117:6:0:undefined:undefined","labelName":"eS2knCRgLegeRw8bcmSWA","labelItem":{"id":"eS2knCRgLegeRw8bcmSWA","labelName":"Skill"},"textPosition":{"start":{"row":19,"column":0,"tokenIndex":117,"charIndex":0},"end":{"row":19,"column":0,"tokenIndex":117,"charIndex":6}},"confidenceScore":null},{"id":"1663419714","labeledBy":"LABELER","labeledByUserId":6814,"acceptedByUserId":null,"rejectedByUserId":null,"layer":0,"counter":0,"status":"ACCEPTED","hashCode":"SPAN:eS2knCRgLegeRw8bcmSWA:0:19:0:117:0:19:0:122:5:0:undefined:undefined","labelName":"eS2knCRgLegeRw8bcmSWA","labelItem":{"id":"eS2knCRgLegeRw8bcmSWA","labelName":"Skill"},"textPosition":{"start":{"row":19,"column":0,"tokenIndex":117,"charIndex":0},"end":{"row":19,"column":0,"tokenIndex":122,"charIndex":5}},"confidenceScore":null},{"id":"1663419720","labeledBy":"LABELER","labeledByUserId":6814,"acceptedByUserId":null,"rejectedByUserId":null,"layer":0,"counter":0,"status":"ACCEPTED","hashCode":"SPAN:eS2knCRgLegeRw8bcmSWA:0:21:0:0:0:21:0:1:13:0:undefined:undefined","labelName":"eS2knCRgLegeRw8bcmSWA","labelItem":{"id":"eS2knCRgLegeRw8bcmSWA","labelName":"Skill"},"textPosition":{"start":{"row":21,"column":0,"tokenIndex":0,"charIndex":0},"end":{"row":21,"column":0,"tokenIndex":1,"charIndex":13}},"confidenceScore":null},{"id":"1663419723","labeledBy":"LABELER","labeledByUserId":6814,"acceptedByUserId":null,"rejectedByUserId":null,"layer":0,"counter":0,"status":"ACCEPTED","hashCode":"SPAN:eS2knCRgLegeRw8bcmSWA:0:22:0:0:0:22:0:1:9:0:undefined:undefined","labelName":"eS2knCRgLegeRw8bcmSWA","labelItem":{"id":"eS2knCRgLegeRw8bcmSWA","labelName":"Skill"},"textPosition":{"start":{"row":22,"column":0,"tokenIndex":0,"charIndex":0},"end":{"row":22,"column":0,"tokenIndex":1,"charIndex":9}},"confidenceScore":null},{"id":"1663419726","labeledBy":"LABELER","labeledByUserId":6814,"acceptedByUserId":null,"rejectedByUserId":null,"layer":0,"counter":0,"status":"ACCEPTED","hashCode":"SPAN:SJEkdao76hjwbb6Fh5SY6:0:22:0:12:0:22:0:13:12:0:undefined:undefined","labelName":"SJEkdao76hjwbb6Fh5SY6","labelItem":{"id":"SJEkdao76hjwbb6Fh5SY6","labelName":"Job Title"},"textPosition":{"start":{"row":22,"column":0,"tokenIndex":12,"charIndex":0},"end":{"row":22,"column":0,"tokenIndex":13,"charIndex":12}},"confidenceScore":null},{"id":"1663419729","labeledBy":"LABELER","labeledByUserId":6814,"acceptedByUserId":null,"rejectedByUserId":null,"layer":0,"counter":0,"status":"ACCEPTED","hashCode":"SPAN:rj7TW0-ymuRo6f_asXJab:0:22:0:14:0:22:0:15:5:0:undefined:undefined","labelName":"rj7TW0-ymuRo6f_asXJab","labelItem":{"id":"rj7TW0-ymuRo6f_asXJab","labelName":"Company Name"},"textPosition":{"start":{"row":22,"column":0,"tokenIndex":14,"charIndex":0},"end":{"row":22,"column":0,"tokenIndex":15,"charIndex":5}},"confidenceScore":null},{"id":"1663419732","labeledBy":"LABELER","labeledByUserId":6814,"acceptedByUserId":null,"rejectedByUserId":null,"layer":0,"counter":0,"status":"ACCEPTED","hashCode":"SPAN:52S_6moRfhjC-yXgIBeCp:0:22:0:16:0:22:0:17:3:0:undefined:undefined","labelName":"52S_6moRfhjC-yXgIBeCp","labelItem":{"id":"52S_6moRfhjC-yXgIBeCp","labelName":"Date"},"textPosition":{"start":{"row":22,"column":0,"tokenIndex":16,"charIndex":0},"end":{"row":22,"column":0,"tokenIndex":17,"charIndex":3}},"confidenceScore":null},{"id":"1663419735","labeledBy":"LABELER","labeledByUserId":6814,"acceptedByUserId":null,"rejectedByUserId":null,"layer":0,"counter":0,"status":"ACCEPTED","hashCode":"SPAN:52S_6moRfhjC-yXgIBeCp:0:22:0:19:0:22:0:20:3:0:undefined:undefined","labelName":"52S_6moRfhjC-yXgIBeCp","labelItem":{"id":"52S_6moRfhjC-yXgIBeCp","labelName":"Date"},"textPosition":{"start":{"row":22,"column":0,"tokenIndex":19,"charIndex":0},"end":{"row":22,"column":0,"tokenIndex":20,"charIndex":3}},"confidenceScore":null},{"id":"1663419738","labeledBy":"LABELER","labeledByUserId":6814,"acceptedByUserId":null,"rejectedByUserId":null,"layer":0,"counter":0,"status":"ACCEPTED","hashCode":"SPAN:SJEkdao76hjwbb6Fh5SY6:0:22:0:21:0:22:0:22:12:0:undefined:undefined","labelName":"SJEkdao76hjwbb6Fh5SY6","labelItem":{"id":"SJEkdao76hjwbb6Fh5SY6","labelName":"Job Title"},"textPosition":{"start":{"row":22,"column":0,"tokenIndex":21,"charIndex":0},"end":{"row":22,"column":0,"tokenIndex":22,"charIndex":12}},"confidenceScore":null},{"id":"1663419741","labeledBy":"LABELER","labeledByUserId":6814,"acceptedByUserId":null,"rejectedByUserId":null,"layer":0,"counter":0,"status":"ACCEPTED","hashCode":"SPAN:Kj5U6n9NUqTXuWcB3c_7L:0:22:0:23:0:22:0:24:5:0:undefined:undefined","labelName":"Kj5U6n9NUqTXuWcB3c_7L","labelItem":{"id":"Kj5U6n9NUqTXuWcB3c_7L","labelName":"College"},"textPosition":{"start":{"row":22,"column":0,"tokenIndex":23,"charIndex":0},"end":{"row":22,"column":0,"tokenIndex":24,"charIndex":5}},"confidenceScore":null},{"id":"1663419744","labeledBy":"LABELER","labeledByUserId":6814,"acceptedByUserId":null,"rejectedByUserId":null,"layer":0,"counter":0,"status":"ACCEPTED","hashCode":"SPAN:52S_6moRfhjC-yXgIBeCp:0:22:0:25:0:22:0:26:3:0:undefined:undefined","labelName":"52S_6moRfhjC-yXgIBeCp","labelItem":{"id":"52S_6moRfhjC-yXgIBeCp","labelName":"Date"},"textPosition":{"start":{"row":22,"column":0,"tokenIndex":25,"charIndex":0},"end":{"row":22,"column":0,"tokenIndex":26,"charIndex":3}},"confidenceScore":null},{"id":"1663419747","labeledBy":"LABELER","labeledByUserId":6814,"acceptedByUserId":null,"rejectedByUserId":null,"layer":0,"counter":0,"status":"ACCEPTED","hashCode":"SPAN:52S_6moRfhjC-yXgIBeCp:0:22:0:28:0:22:0:29:3:0:undefined:undefined","labelName":"52S_6moRfhjC-yXgIBeCp","labelItem":{"id":"52S_6moRfhjC-yXgIBeCp","labelName":"Date"},"textPosition":{"start":{"row":22,"column":0,"tokenIndex":28,"charIndex":0},"end":{"row":22,"column":0,"tokenIndex":29,"charIndex":3}},"confidenceScore":null},{"id":"1663419750","labeledBy":"LABELER","labeledByUserId":6814,"acceptedByUserId":null,"rejectedByUserId":null,"layer":0,"counter":0,"status":"ACCEPTED","hashCode":"SPAN:IeEoIKabMl51BJE0gX2YL:0:22:0:62:0:22:0:63:7:0:undefined:undefined","labelName":"IeEoIKabMl51BJE0gX2YL","labelItem":{"id":"IeEoIKabMl51BJE0gX2YL","labelName":"Degree"},"textPosition":{"start":{"row":22,"column":0,"tokenIndex":62,"charIndex":0},"end":{"row":22,"column":0,"tokenIndex":63,"charIndex":7}},"confidenceScore":null},{"id":"1663419753","labeledBy":"LABELER","labeledByUserId":6814,"acceptedByUserId":null,"rejectedByUserId":null,"layer":0,"counter":0,"status":"ACCEPTED","hashCode":"SPAN:Kj5U6n9NUqTXuWcB3c_7L:0:22:0:64:0:22:0:67:6:0:undefined:undefined","labelName":"Kj5U6n9NUqTXuWcB3c_7L","labelItem":{"id":"Kj5U6n9NUqTXuWcB3c_7L","labelName":"College"},"textPosition":{"start":{"row":22,"column":0,"tokenIndex":64,"charIndex":0},"end":{"row":22,"column":0,"tokenIndex":67,"charIndex":6}},"confidenceScore":null},{"id":"1663419759","labeledBy":"LABELER","labeledByUserId":6814,"acceptedByUserId":null,"rejectedByUserId":null,"layer":0,"counter":0,"status":"ACCEPTED","hashCode":"SPAN:52S_6moRfhjC-yXgIBeCp:0:22:0:68:0:22:0:68:3:0:undefined:undefined","labelName":"52S_6moRfhjC-yXgIBeCp","labelItem":{"id":"52S_6moRfhjC-yXgIBeCp","labelName":"Date"},"textPosition":{"start":{"row":22,"column":0,"tokenIndex":68,"charIndex":0},"end":{"row":22,"column":0,"tokenIndex":68,"charIndex":3}},"confidenceScore":null},{"id":"1663419756","labeledBy":"LABELER","labeledByUserId":6814,"acceptedByUserId":null,"rejectedByUserId":null,"layer":0,"counter":0,"status":"ACCEPTED","hashCode":"SPAN:BjO8MdvK2KI4E5iMEeY4B:0:22:0:70:0:22:0:70:3:0:undefined:undefined","labelName":"BjO8MdvK2KI4E5iMEeY4B","labelItem":{"id":"BjO8MdvK2KI4E5iMEeY4B","labelName":"Graduation Year"},"textPosition":{"start":{"row":22,"column":0,"tokenIndex":70,"charIndex":0},"end":{"row":22,"column":0,"tokenIndex":70,"charIndex":3}},"confidenceScore":null},{"id":"1663419762","labeledBy":"LABELER","labeledByUserId":6814,"acceptedByUserId":null,"rejectedByUserId":null,"layer":0,"counter":0,"status":"ACCEPTED","hashCode":"SPAN:eS2knCRgLegeRw8bcmSWA:0:22:0:72:0:22:0:73:8:0:undefined:undefined","labelName":"eS2knCRgLegeRw8bcmSWA","labelItem":{"id":"eS2knCRgLegeRw8bcmSWA","labelName":"Skill"},"textPosition":{"start":{"row":22,"column":0,"tokenIndex":72,"charIndex":0},"end":{"row":22,"column":0,"tokenIndex":73,"charIndex":8}},"confidenceScore":null},{"id":"1663419765","labeledBy":"LABELER","labeledByUserId":6814,"acceptedByUserId":null,"rejectedByUserId":null,"layer":0,"counter":0,"status":"ACCEPTED","hashCode":"SPAN:eS2knCRgLegeRw8bcmSWA:0:22:0:76:0:22:0:76:6:0:undefined:undefined","labelName":"eS2knCRgLegeRw8bcmSWA","labelItem":{"id":"eS2knCRgLegeRw8bcmSWA","labelName":"Skill"},"textPosition":{"start":{"row":22,"column":0,"tokenIndex":76,"charIndex":0},"end":{"row":22,"column":0,"tokenIndex":76,"charIndex":6}},"confidenceScore":null},{"id":"1663419768","labeledBy":"LABELER","labeledByUserId":6814,"acceptedByUserId":null,"rejectedByUserId":null,"layer":0,"counter":0,"status":"ACCEPTED","hashCode":"SPAN:eS2knCRgLegeRw8bcmSWA:0:22:0:79:0:22:0:79:4:0:undefined:undefined","labelName":"eS2knCRgLegeRw8bcmSWA","labelItem":{"id":"eS2knCRgLegeRw8bcmSWA","labelName":"Skill"},"textPosition":{"start":{"row":22,"column":0,"tokenIndex":79,"charIndex":0},"end":{"row":22,"column":0,"tokenIndex":79,"charIndex":4}},"confidenceScore":null},{"id":"1663419771","labeledBy":"LABELER","labeledByUserId":6814,"acceptedByUserId":null,"rejectedByUserId":null,"layer":0,"counter":0,"status":"ACCEPTED","hashCode":"SPAN:eS2knCRgLegeRw8bcmSWA:0:22:0:82:0:22:0:82:5:0:undefined:undefined","labelName":"eS2knCRgLegeRw8bcmSWA","labelItem":{"id":"eS2knCRgLegeRw8bcmSWA","labelName":"Skill"},"textPosition":{"start":{"row":22,"column":0,"tokenIndex":82,"charIndex":0},"end":{"row":22,"column":0,"tokenIndex":82,"charIndex":5}},"confidenceScore":null},{"id":"1663419774","labeledBy":"LABELER","labeledByUserId":6814,"acceptedByUserId":null,"rejectedByUserId":null,"layer":0,"counter":0,"status":"ACCEPTED","hashCode":"SPAN:eS2knCRgLegeRw8bcmSWA:0:22:0:85:0:22:0:85:2:0:undefined:undefined","labelName":"eS2knCRgLegeRw8bcmSWA","labelItem":{"id":"eS2knCRgLegeRw8bcmSWA","labelName":"Skill"},"textPosition":{"start":{"row":22,"column":0,"tokenIndex":85,"charIndex":0},"end":{"row":22,"column":0,"tokenIndex":85,"charIndex":2}},"confidenceScore":null},{"id":"1663419777","labeledBy":"LABELER","labeledByUserId":6814,"acceptedByUserId":null,"rejectedByUserId":null,"layer":0,"counter":0,"status":"ACCEPTED","hashCode":"SPAN:eS2knCRgLegeRw8bcmSWA:0:22:0:88:0:22:0:89:6:0:undefined:undefined","labelName":"eS2knCRgLegeRw8bcmSWA","labelItem":{"id":"eS2knCRgLegeRw8bcmSWA","labelName":"Skill"},"textPosition":{"start":{"row":22,"column":0,"tokenIndex":88,"charIndex":0},"end":{"row":22,"column":0,"tokenIndex":89,"charIndex":6}},"confidenceScore":null},{"id":"1663419780","labeledBy":"LABELER","labeledByUserId":6814,"acceptedByUserId":null,"rejectedByUserId":null,"layer":0,"counter":0,"status":"ACCEPTED","hashCode":"SPAN:eS2knCRgLegeRw8bcmSWA:0:22:0:92:0:22:0:93:5:0:undefined:undefined","labelName":"eS2knCRgLegeRw8bcmSWA","labelItem":{"id":"eS2knCRgLegeRw8bcmSWA","labelName":"Skill"},"textPosition":{"start":{"row":22,"column":0,"tokenIndex":92,"charIndex":0},"end":{"row":22,"column":0,"tokenIndex":93,"charIndex":5}},"confidenceScore":null},{"id":"1663419783","labeledBy":"LABELER","labeledByUserId":6814,"acceptedByUserId":null,"rejectedByUserId":null,"layer":0,"counter":0,"status":"ACCEPTED","hashCode":"SPAN:eS2knCRgLegeRw8bcmSWA:0:22:0:97:0:22:0:98:1:0:undefined:undefined","labelName":"eS2knCRgLegeRw8bcmSWA","labelItem":{"id":"eS2knCRgLegeRw8bcmSWA","labelName":"Skill"},"textPosition":{"start":{"row":22,"column":0,"tokenIndex":97,"charIndex":0},"end":{"row":22,"column":0,"tokenIndex":98,"charIndex":1}},"confidenceScore":null},{"id":"1663419786","labeledBy":"LABELER","labeledByUserId":6814,"acceptedByUserId":null,"rejectedByUserId":null,"layer":0,"counter":0,"status":"ACCEPTED","hashCode":"SPAN:eS2knCRgLegeRw8bcmSWA:0:22:0:101:0:22:0:102:6:0:undefined:undefined","labelName":"eS2knCRgLegeRw8bcmSWA","labelItem":{"id":"eS2knCRgLegeRw8bcmSWA","labelName":"Skill"},"textPosition":{"start":{"row":22,"column":0,"tokenIndex":101,"charIndex":0},"end":{"row":22,"column":0,"tokenIndex":102,"charIndex":6}},"confidenceScore":null},{"id":"1663419789","labeledBy":"LABELER","labeledByUserId":6814,"acceptedByUserId":null,"rejectedByUserId":null,"layer":0,"counter":0,"status":"ACCEPTED","hashCode":"SPAN:eS2knCRgLegeRw8bcmSWA:0:22:0:105:0:22:0:105:6:0:undefined:undefined","labelName":"eS2knCRgLegeRw8bcmSWA","labelItem":{"id":"eS2knCRgLegeRw8bcmSWA","labelName":"Skill"},"textPosition":{"start":{"row":22,"column":0,"tokenIndex":105,"charIndex":0},"end":{"row":22,"column":0,"tokenIndex":105,"charIndex":6}},"confidenceScore":null},{"id":"1663419792","labeledBy":"LABELER","labeledByUserId":6814,"acceptedByUserId":null,"rejectedByUserId":null,"layer":0,"counter":0,"status":"ACCEPTED","hashCode":"SPAN:eS2knCRgLegeRw8bcmSWA:0:22:0:107:0:22:0:107:7:0:undefined:undefined","labelName":"eS2knCRgLegeRw8bcmSWA","labelItem":{"id":"eS2knCRgLegeRw8bcmSWA","labelName":"Skill"},"textPosition":{"start":{"row":22,"column":0,"tokenIndex":107,"charIndex":0},"end":{"row":22,"column":0,"tokenIndex":107,"charIndex":7}},"confidenceScore":null},{"id":"1663419795","labeledBy":"LABELER","labeledByUserId":6814,"acceptedByUserId":null,"rejectedByUserId":null,"layer":0,"counter":0,"status":"ACCEPTED","hashCode":"SPAN:eS2knCRgLegeRw8bcmSWA:0:22:0:110:0:22:0:110:7:0:undefined:undefined","labelName":"eS2knCRgLegeRw8bcmSWA","labelItem":{"id":"eS2knCRgLegeRw8bcmSWA","labelName":"Skill"},"textPosition":{"start":{"row":22,"column":0,"tokenIndex":110,"charIndex":0},"end":{"row":22,"column":0,"tokenIndex":110,"charIndex":7}},"confidenceScore":null},{"id":"1663419798","labeledBy":"LABELER","labeledByUserId":6814,"acceptedByUserId":null,"rejectedByUserId":null,"layer":0,"counter":0,"status":"ACCEPTED","hashCode":"SPAN:eS2knCRgLegeRw8bcmSWA:0:22:0:113:0:22:0:114:5:0:undefined:undefined","labelName":"eS2knCRgLegeRw8bcmSWA","labelItem":{"id":"eS2knCRgLegeRw8bcmSWA","labelName":"Skill"},"textPosition":{"start":{"row":22,"column":0,"tokenIndex":113,"charIndex":0},"end":{"row":22,"column":0,"tokenIndex":114,"charIndex":5}},"confidenceScore":null},{"id":"1663419801","labeledBy":"LABELER","labeledByUserId":6814,"acceptedByUserId":null,"rejectedByUserId":null,"layer":0,"counter":0,"status":"ACCEPTED","hashCode":"SPAN:eS2knCRgLegeRw8bcmSWA:0:22:0:117:0:22:0:118:4:0:undefined:undefined","labelName":"eS2knCRgLegeRw8bcmSWA","labelItem":{"id":"eS2knCRgLegeRw8bcmSWA","labelName":"Skill"},"textPosition":{"start":{"row":22,"column":0,"tokenIndex":117,"charIndex":0},"end":{"row":22,"column":0,"tokenIndex":118,"charIndex":4}},"confidenceScore":null},{"id":"1663419804","labeledBy":"LABELER","labeledByUserId":6814,"acceptedByUserId":null,"rejectedByUserId":null,"layer":0,"counter":0,"status":"ACCEPTED","hashCode":"SPAN:eS2knCRgLegeRw8bcmSWA:0:22:0:121:0:22:0:123:9:0:undefined:undefined","labelName":"eS2knCRgLegeRw8bcmSWA","labelItem":{"id":"eS2knCRgLegeRw8bcmSWA","labelName":"Skill"},"textPosition":{"start":{"row":22,"column":0,"tokenIndex":121,"charIndex":0},"end":{"row":22,"column":0,"tokenIndex":123,"charIndex":9}},"confidenceScore":null},{"id":"1663419807","labeledBy":"LABELER","labeledByUserId":6814,"acceptedByUserId":null,"rejectedByUserId":null,"layer":0,"counter":0,"status":"ACCEPTED","hashCode":"SPAN:eS2knCRgLegeRw8bcmSWA:0:22:0:126:0:22:0:126:9:0:undefined:undefined","labelName":"eS2knCRgLegeRw8bcmSWA","labelItem":{"id":"eS2knCRgLegeRw8bcmSWA","labelName":"Skill"},"textPosition":{"start":{"row":22,"column":0,"tokenIndex":126,"charIndex":0},"end":{"row":22,"column":0,"tokenIndex":126,"charIndex":9}},"confidenceScore":null},{"id":"1663419810","labeledBy":"LABELER","labeledByUserId":6814,"acceptedByUserId":null,"rejectedByUserId":null,"layer":0,"counter":0,"status":"ACCEPTED","hashCode":"SPAN:eS2knCRgLegeRw8bcmSWA:0:22:0:129:0:22:0:130:2:0:undefined:undefined","labelName":"eS2knCRgLegeRw8bcmSWA","labelItem":{"id":"eS2knCRgLegeRw8bcmSWA","labelName":"Skill"},"textPosition":{"start":{"row":22,"column":0,"tokenIndex":129,"charIndex":0},"end":{"row":22,"column":0,"tokenIndex":130,"charIndex":2}},"confidenceScore":null},{"id":"1663419813","labeledBy":"LABELER","labeledByUserId":6814,"acceptedByUserId":null,"rejectedByUserId":null,"layer":0,"counter":0,"status":"ACCEPTED","hashCode":"SPAN:eS2knCRgLegeRw8bcmSWA:0:22:0:133:0:22:0:136:5:0:undefined:undefined","labelName":"eS2knCRgLegeRw8bcmSWA","labelItem":{"id":"eS2knCRgLegeRw8bcmSWA","labelName":"Skill"},"textPosition":{"start":{"row":22,"column":0,"tokenIndex":133,"charIndex":0},"end":{"row":22,"column":0,"tokenIndex":136,"charIndex":5}},"confidenceScore":null},{"id":"1663419816","labeledBy":"LABELER","labeledByUserId":6814,"acceptedByUserId":null,"rejectedByUserId":null,"layer":0,"counter":0,"status":"ACCEPTED","hashCode":"SPAN:eS2knCRgLegeRw8bcmSWA:0:22:0:139:0:22:0:139:7:0:undefined:undefined","labelName":"eS2knCRgLegeRw8bcmSWA","labelItem":{"id":"eS2knCRgLegeRw8bcmSWA","labelName":"Skill"},"textPosition":{"start":{"row":22,"column":0,"tokenIndex":139,"charIndex":0},"end":{"row":22,"column":0,"tokenIndex":139,"charIndex":7}},"confidenceScore":null},{"id":"1663419819","labeledBy":"LABELER","labeledByUserId":6814,"acceptedByUserId":null,"rejectedByUserId":null,"layer":0,"counter":0,"status":"ACCEPTED","hashCode":"SPAN:eS2knCRgLegeRw8bcmSWA:0:22:0:142:0:22:0:143:6:0:undefined:undefined","labelName":"eS2knCRgLegeRw8bcmSWA","labelItem":{"id":"eS2knCRgLegeRw8bcmSWA","labelName":"Skill"},"textPosition":{"start":{"row":22,"column":0,"tokenIndex":142,"charIndex":0},"end":{"row":22,"column":0,"tokenIndex":143,"charIndex":6}},"confidenceScore":null},{"id":"1663419822","labeledBy":"LABELER","labeledByUserId":6814,"acceptedByUserId":null,"rejectedByUserId":null,"layer":0,"counter":0,"status":"ACCEPTED","hashCode":"SPAN:eS2knCRgLegeRw8bcmSWA:0:22:0:146:0:22:0:146:8:0:undefined:undefined","labelName":"eS2knCRgLegeRw8bcmSWA","labelItem":{"id":"eS2knCRgLegeRw8bcmSWA","labelName":"Skill"},"textPosition":{"start":{"row":22,"column":0,"tokenIndex":146,"charIndex":0},"end":{"row":22,"column":0,"tokenIndex":146,"charIndex":8}},"confidenceScore":null},{"id":"1663419825","labeledBy":"LABELER","labeledByUserId":6814,"acceptedByUserId":null,"rejectedByUserId":null,"layer":0,"counter":0,"status":"ACCEPTED","hashCode":"SPAN:eS2knCRgLegeRw8bcmSWA:0:22:0:149:0:22:0:149:3:0:undefined:undefined","labelName":"eS2knCRgLegeRw8bcmSWA","labelItem":{"id":"eS2knCRgLegeRw8bcmSWA","labelName":"Skill"},"textPosition":{"start":{"row":22,"column":0,"tokenIndex":149,"charIndex":0},"end":{"row":22,"column":0,"tokenIndex":149,"charIndex":3}},"confidenceScore":null},{"id":"1663419828","labeledBy":"LABELER","labeledByUserId":6814,"acceptedByUserId":null,"rejectedByUserId":null,"layer":0,"counter":0,"status":"ACCEPTED","hashCode":"SPAN:eS2knCRgLegeRw8bcmSWA:0:22:0:157:0:22:0:158:8:0:undefined:undefined","labelName":"eS2knCRgLegeRw8bcmSWA","labelItem":{"id":"eS2knCRgLegeRw8bcmSWA","labelName":"Skill"},"textPosition":{"start":{"row":22,"column":0,"tokenIndex":157,"charIndex":0},"end":{"row":22,"column":0,"tokenIndex":158,"charIndex":8}},"confidenceScore":null},{"id":"1663419831","labeledBy":"LABELER","labeledByUserId":6814,"acceptedByUserId":null,"rejectedByUserId":null,"layer":0,"counter":0,"status":"ACCEPTED","hashCode":"SPAN:eS2knCRgLegeRw8bcmSWA:0:22:0:161:0:22:0:161:3:0:undefined:undefined","labelName":"eS2knCRgLegeRw8bcmSWA","labelItem":{"id":"eS2knCRgLegeRw8bcmSWA","labelName":"Skill"},"textPosition":{"start":{"row":22,"column":0,"tokenIndex":161,"charIndex":0},"end":{"row":22,"column":0,"tokenIndex":161,"charIndex":3}},"confidenceScore":null},{"id":"1663419832","labeledBy":"LABELER","labeledByUserId":6814,"acceptedByUserId":null,"rejectedByUserId":null,"layer":0,"counter":0,"status":"ACCEPTED","hashCode":"SPAN:eS2knCRgLegeRw8bcmSWA:0:22:0:162:0:22:0:162:9:0:undefined:undefined","labelName":"eS2knCRgLegeRw8bcmSWA","labelItem":{"id":"eS2knCRgLegeRw8bcmSWA","labelName":"Skill"},"textPosition":{"start":{"row":22,"column":0,"tokenIndex":162,"charIndex":0},"end":{"row":22,"column":0,"tokenIndex":162,"charIndex":9}},"confidenceScore":null},{"id":"1663419835","labeledBy":"LABELER","labeledByUserId":6814,"acceptedByUserId":null,"rejectedByUserId":null,"layer":0,"counter":0,"status":"ACCEPTED","hashCode":"SPAN:eS2knCRgLegeRw8bcmSWA:0:22:0:163:0:22:0:163:5:0:undefined:undefined","labelName":"eS2knCRgLegeRw8bcmSWA","labelItem":{"id":"eS2knCRgLegeRw8bcmSWA","labelName":"Skill"},"textPosition":{"start":{"row":22,"column":0,"tokenIndex":163,"charIndex":0},"end":{"row":22,"column":0,"tokenIndex":163,"charIndex":5}},"confidenceScore":null},{"id":"1663419840","labeledBy":"LABELER","labeledByUserId":6814,"acceptedByUserId":null,"rejectedByUserId":null,"layer":0,"counter":0,"status":"ACCEPTED","hashCode":"SPAN:eS2knCRgLegeRw8bcmSWA:0:22:0:164:0:22:0:164:4:0:undefined:undefined","labelName":"eS2knCRgLegeRw8bcmSWA","labelItem":{"id":"eS2knCRgLegeRw8bcmSWA","labelName":"Skill"},"textPosition":{"start":{"row":22,"column":0,"tokenIndex":164,"charIndex":0},"end":{"row":22,"column":0,"tokenIndex":164,"charIndex":4}},"confidenceScore":null},{"id":"1663419843","labeledBy":"LABELER","labeledByUserId":6814,"acceptedByUserId":null,"rejectedByUserId":null,"layer":0,"counter":0,"status":"ACCEPTED","hashCode":"SPAN:eS2knCRgLegeRw8bcmSWA:0:22:0:167:0:22:0:168:5:0:undefined:undefined","labelName":"eS2knCRgLegeRw8bcmSWA","labelItem":{"id":"eS2knCRgLegeRw8bcmSWA","labelName":"Skill"},"textPosition":{"start":{"row":22,"column":0,"tokenIndex":167,"charIndex":0},"end":{"row":22,"column":0,"tokenIndex":168,"charIndex":5}},"confidenceScore":null},{"id":"1663419846","labeledBy":"LABELER","labeledByUserId":6814,"acceptedByUserId":null,"rejectedByUserId":null,"layer":0,"counter":0,"status":"ACCEPTED","hashCode":"SPAN:eS2knCRgLegeRw8bcmSWA:0:22:0:169:0:22:0:170:12:0:undefined:undefined","labelName":"eS2knCRgLegeRw8bcmSWA","labelItem":{"id":"eS2knCRgLegeRw8bcmSWA","labelName":"Skill"},"textPosition":{"start":{"row":22,"column":0,"tokenIndex":169,"charIndex":0},"end":{"row":22,"column":0,"tokenIndex":170,"charIndex":12}},"confidenceScore":null},{"id":"1663419849","labeledBy":"LABELER","labeledByUserId":6814,"acceptedByUserId":null,"rejectedByUserId":null,"layer":0,"counter":0,"status":"ACCEPTED","hashCode":"SPAN:eS2knCRgLegeRw8bcmSWA:0:22:0:177:0:22:0:178:3:0:undefined:undefined","labelName":"eS2knCRgLegeRw8bcmSWA","labelItem":{"id":"eS2knCRgLegeRw8bcmSWA","labelName":"Skill"},"textPosition":{"start":{"row":22,"column":0,"tokenIndex":177,"charIndex":0},"end":{"row":22,"column":0,"tokenIndex":178,"charIndex":3}},"confidenceScore":null},{"id":"1663419852","labeledBy":"LABELER","labeledByUserId":6814,"acceptedByUserId":null,"rejectedByUserId":null,"layer":0,"counter":0,"status":"ACCEPTED","hashCode":"SPAN:eS2knCRgLegeRw8bcmSWA:0:22:0:179:0:22:0:179:6:0:undefined:undefined","labelName":"eS2knCRgLegeRw8bcmSWA","labelItem":{"id":"eS2knCRgLegeRw8bcmSWA","labelName":"Skill"},"textPosition":{"start":{"row":22,"column":0,"tokenIndex":179,"charIndex":0},"end":{"row":22,"column":0,"tokenIndex":179,"charIndex":6}},"confidenceScore":null},{"id":"1663419855","labeledBy":"LABELER","labeledByUserId":6814,"acceptedByUserId":null,"rejectedByUserId":null,"layer":0,"counter":0,"status":"ACCEPTED","hashCode":"SPAN:eS2knCRgLegeRw8bcmSWA:0:22:0:180:0:22:0:180:7:0:undefined:undefined","labelName":"eS2knCRgLegeRw8bcmSWA","labelItem":{"id":"eS2knCRgLegeRw8bcmSWA","labelName":"Skill"},"textPosition":{"start":{"row":22,"column":0,"tokenIndex":180,"charIndex":0},"end":{"row":22,"column":0,"tokenIndex":180,"charIndex":7}},"confidenceScore":null},{"id":"1663419858","labeledBy":"LABELER","labeledByUserId":6814,"acceptedByUserId":null,"rejectedByUserId":null,"layer":0,"counter":0,"status":"ACCEPTED","hashCode":"SPAN:eS2knCRgLegeRw8bcmSWA:0:22:0:181:0:22:0:181:8:0:undefined:undefined","labelName":"eS2knCRgLegeRw8bcmSWA","labelItem":{"id":"eS2knCRgLegeRw8bcmSWA","labelName":"Skill"},"textPosition":{"start":{"row":22,"column":0,"tokenIndex":181,"charIndex":0},"end":{"row":22,"column":0,"tokenIndex":181,"charIndex":8}},"confidenceScore":null},{"id":"1663419861","labeledBy":"LABELER","labeledByUserId":6814,"acceptedByUserId":null,"rejectedByUserId":null,"layer":0,"counter":0,"status":"ACCEPTED","hashCode":"SPAN:eS2knCRgLegeRw8bcmSWA:0:22:0:182:0:22:0:182:3:0:undefined:undefined","labelName":"eS2knCRgLegeRw8bcmSWA","labelItem":{"id":"eS2knCRgLegeRw8bcmSWA","labelName":"Skill"},"textPosition":{"start":{"row":22,"column":0,"tokenIndex":182,"charIndex":0},"end":{"row":22,"column":0,"tokenIndex":182,"charIndex":3}},"confidenceScore":null},{"id":"1663419864","labeledBy":"LABELER","labeledByUserId":6814,"acceptedByUserId":null,"rejectedByUserId":null,"layer":0,"counter":0,"status":"ACCEPTED","hashCode":"SPAN:eS2knCRgLegeRw8bcmSWA:0:22:0:183:0:22:0:183:3:0:undefined:undefined","labelName":"eS2knCRgLegeRw8bcmSWA","labelItem":{"id":"eS2knCRgLegeRw8bcmSWA","labelName":"Skill"},"textPosition":{"start":{"row":22,"column":0,"tokenIndex":183,"charIndex":0},"end":{"row":22,"column":0,"tokenIndex":183,"charIndex":3}},"confidenceScore":null},{"id":"1663419867","labeledBy":"LABELER","labeledByUserId":6814,"acceptedByUserId":null,"rejectedByUserId":null,"layer":0,"counter":0,"status":"ACCEPTED","hashCode":"SPAN:eS2knCRgLegeRw8bcmSWA:0:22:0:184:0:22:0:185:9:0:undefined:undefined","labelName":"eS2knCRgLegeRw8bcmSWA","labelItem":{"id":"eS2knCRgLegeRw8bcmSWA","labelName":"Skill"},"textPosition":{"start":{"row":22,"column":0,"tokenIndex":184,"charIndex":0},"end":{"row":22,"column":0,"tokenIndex":185,"charIndex":9}},"confidenceScore":null},{"id":"1663419870","labeledBy":"LABELER","labeledByUserId":6814,"acceptedByUserId":null,"rejectedByUserId":null,"layer":0,"counter":0,"status":"ACCEPTED","hashCode":"SPAN:eS2knCRgLegeRw8bcmSWA:0:22:0:186:0:22:0:187:4:0:undefined:undefined","labelName":"eS2knCRgLegeRw8bcmSWA","labelItem":{"id":"eS2knCRgLegeRw8bcmSWA","labelName":"Skill"},"textPosition":{"start":{"row":22,"column":0,"tokenIndex":186,"charIndex":0},"end":{"row":22,"column":0,"tokenIndex":187,"charIndex":4}},"confidenceScore":null},{"id":"1663419873","labeledBy":"LABELER","labeledByUserId":6814,"acceptedByUserId":null,"rejectedByUserId":null,"layer":0,"counter":0,"status":"ACCEPTED","hashCode":"SPAN:eS2knCRgLegeRw8bcmSWA:0:22:0:188:0:22:0:188:6:0:undefined:undefined","labelName":"eS2knCRgLegeRw8bcmSWA","labelItem":{"id":"eS2knCRgLegeRw8bcmSWA","labelName":"Skill"},"textPosition":{"start":{"row":22,"column":0,"tokenIndex":188,"charIndex":0},"end":{"row":22,"column":0,"tokenIndex":188,"charIndex":6}},"confidenceScore":null},{"id":"1663419876","labeledBy":"LABELER","labeledByUserId":6814,"acceptedByUserId":null,"rejectedByUserId":null,"layer":0,"counter":0,"status":"ACCEPTED","hashCode":"SPAN:eS2knCRgLegeRw8bcmSWA:0:22:0:189:0:22:0:191:7:0:undefined:undefined","labelName":"eS2knCRgLegeRw8bcmSWA","labelItem":{"id":"eS2knCRgLegeRw8bcmSWA","labelName":"Skill"},"textPosition":{"start":{"row":22,"column":0,"tokenIndex":189,"charIndex":0},"end":{"row":22,"column":0,"tokenIndex":191,"charIndex":7}},"confidenceScore":null},{"id":"1663419879","labeledBy":"LABELER","labeledByUserId":6814,"acceptedByUserId":null,"rejectedByUserId":null,"layer":0,"counter":0,"status":"ACCEPTED","hashCode":"SPAN:eS2knCRgLegeRw8bcmSWA:0:22:0:192:0:22:0:192:4:0:undefined:undefined","labelName":"eS2knCRgLegeRw8bcmSWA","labelItem":{"id":"eS2knCRgLegeRw8bcmSWA","labelName":"Skill"},"textPosition":{"start":{"row":22,"column":0,"tokenIndex":192,"charIndex":0},"end":{"row":22,"column":0,"tokenIndex":192,"charIndex":4}},"confidenceScore":null},{"id":"1663419882","labeledBy":"LABELER","labeledByUserId":6814,"acceptedByUserId":null,"rejectedByUserId":null,"layer":0,"counter":0,"status":"ACCEPTED","hashCode":"SPAN:eS2knCRgLegeRw8bcmSWA:0:22:0:193:0:22:0:194:6:0:undefined:undefined","labelName":"eS2knCRgLegeRw8bcmSWA","labelItem":{"id":"eS2knCRgLegeRw8bcmSWA","labelName":"Skill"},"textPosition":{"start":{"row":22,"column":0,"tokenIndex":193,"charIndex":0},"end":{"row":22,"column":0,"tokenIndex":194,"charIndex":6}},"confidenceScore":null},{"id":"1663419885","labeledBy":"LABELER","labeledByUserId":6814,"acceptedByUserId":null,"rejectedByUserId":null,"layer":0,"counter":0,"status":"ACCEPTED","hashCode":"SPAN:eS2knCRgLegeRw8bcmSWA:0:22:0:197:0:22:0:198:8:0:undefined:undefined","labelName":"eS2knCRgLegeRw8bcmSWA","labelItem":{"id":"eS2knCRgLegeRw8bcmSWA","labelName":"Skill"},"textPosition":{"start":{"row":22,"column":0,"tokenIndex":197,"charIndex":0},"end":{"row":22,"column":0,"tokenIndex":198,"charIndex":8}},"confidenceScore":null},{"id":"1663419888","labeledBy":"LABELER","labeledByUserId":6814,"acceptedByUserId":null,"rejectedByUserId":null,"layer":0,"counter":0,"status":"ACCEPTED","hashCode":"SPAN:eS2knCRgLegeRw8bcmSWA:0:22:0:199:0:22:0:202:1:0:undefined:undefined","labelName":"eS2knCRgLegeRw8bcmSWA","labelItem":{"id":"eS2knCRgLegeRw8bcmSWA","labelName":"Skill"},"textPosition":{"start":{"row":22,"column":0,"tokenIndex":199,"charIndex":0},"end":{"row":22,"column":0,"tokenIndex":202,"charIndex":1}},"confidenceScore":null},{"id":"1663419891","labeledBy":"LABELER","labeledByUserId":6814,"acceptedByUserId":null,"rejectedByUserId":null,"layer":0,"counter":0,"status":"ACCEPTED","hashCode":"SPAN:eS2knCRgLegeRw8bcmSWA:0:22:0:203:0:22:0:203:5:0:undefined:undefined","labelName":"eS2knCRgLegeRw8bcmSWA","labelItem":{"id":"eS2knCRgLegeRw8bcmSWA","labelName":"Skill"},"textPosition":{"start":{"row":22,"column":0,"tokenIndex":203,"charIndex":0},"end":{"row":22,"column":0,"tokenIndex":203,"charIndex":5}},"confidenceScore":null},{"id":"1663419894","labeledBy":"LABELER","labeledByUserId":6814,"acceptedByUserId":null,"rejectedByUserId":null,"layer":0,"counter":0,"status":"ACCEPTED","hashCode":"SPAN:eS2knCRgLegeRw8bcmSWA:0:22:0:204:0:22:0:204:7:0:undefined:undefined","labelName":"eS2knCRgLegeRw8bcmSWA","labelItem":{"id":"eS2knCRgLegeRw8bcmSWA","labelName":"Skill"},"textPosition":{"start":{"row":22,"column":0,"tokenIndex":204,"charIndex":0},"end":{"row":22,"column":0,"tokenIndex":204,"charIndex":7}},"confidenceScore":null},{"id":"1663419897","labeledBy":"LABELER","labeledByUserId":6814,"acceptedByUserId":null,"rejectedByUserId":null,"layer":0,"counter":0,"status":"ACCEPTED","hashCode":"SPAN:eS2knCRgLegeRw8bcmSWA:0:22:0:205:0:22:0:205:2:0:undefined:undefined","labelName":"eS2knCRgLegeRw8bcmSWA","labelItem":{"id":"eS2knCRgLegeRw8bcmSWA","labelName":"Skill"},"textPosition":{"start":{"row":22,"column":0,"tokenIndex":205,"charIndex":0},"end":{"row":22,"column":0,"tokenIndex":205,"charIndex":2}},"confidenceScore":null}],"arrowLabels":[],"boundingBoxLabels":[],"timeLabels":[],"comments":[],"url":"datasaur://static/6814/cfb0b46c-e9d3-4d2b-b3af-0fe948605199.txt"}}
