{"version":"1","data":{"project":{"id":"ODBjYmQ2MDg","name":"NLP SSM Final Project"},"document":{"id":"da80c709-529b-4010-b536-565c8f078b34","name":"resume_244_d1.txt"},"kinds":["TOKEN_BASED"],"rows":[[{"content":"VICE PRESIDENT, INFORMATION TECHNOLOGY Executive Profile Performance-driven IT executive experienced in building technology organizations that make IT a strategic partner of the company.","tokens":["VICE","PRESIDENT,","INFORMATION","TECHNOLOGY","Executive","Profile","Performance-driven","IT","executive","experienced","in","building","technology","organizations","that","make","IT","a","strategic","partner","of","the","company."],"metadata":[]}],[{"content":"Creates IT competitive advantages in capability and scale by leveraging best-in-class infrastructures.","tokens":["Creates","IT","competitive","advantages","in","capability","and","scale","by","leveraging","best-in-class","infrastructures."],"metadata":[]}],[{"content":"Highly experienced in building, improving, and turning around IT organizations.","tokens":["Highly","experienced","in","building,","improving,","and","turning","around","IT","organizations."],"metadata":[]}],[{"content":"Skill Highlights IT Strategy IT Management Project management Business Intelligence Cloud computing SOX, HIPAA, GLBA Team building Enterprise platforms Business continuity Disaster recovery Budgeting/Cost control IT Infrastructure Professional Experience Vice President, Information Technology November 2012 to Current Company Name － City , State Represent Information Technology as a member of the senior leadership team with oversight of all tactical and strategic aspects of corporate IT systems.","tokens":["Skill","Highlights","IT","Strategy","IT","Management","Project","management","Business","Intelligence","Cloud","computing","SOX,","HIPAA,","GLBA","Team","building","Enterprise","platforms","Business","continuity","Disaster","recovery","Budgeting/Cost","control","IT","Infrastructure","Professional","Experience","Vice","President,","Information","Technology","November","2012","to","Current","Company","Name","－","City",",","State","Represent","Information","Technology","as","a","member","of","the","senior","leadership","team","with","oversight","of","all","tactical","and","strategic","aspects","of","corporate","IT","systems."],"metadata":[]}],[{"content":"Manage and lead six-person team that oversees all IT Infrastructure and Business Intelligence operations at one of the largest United Ways in the nation ($38M Revenue).","tokens":["Manage","and","lead","six-person","team","that","oversees","all","IT","Infrastructure","and","Business","Intelligence","operations","at","one","of","the","largest","United","Ways","in","the","nation","($38M","Revenue)."],"metadata":[]}],[{"content":"Responsible for $1M annual IT budget including staffing, operations, purchasing, and vendor management with an emphasis on cost savings and value-based solutions.","tokens":["Responsible","for","$1M","annual","IT","budget","including","staffing,","operations,","purchasing,","and","vendor","management","with","an","emphasis","on","cost","savings","and","value-based","solutions."],"metadata":[]}],[{"content":"Engineered strategic evolution of Salesforce CRM with the implementation of email marketing, event registration, credit card purchasing, and volunteer management systems.","tokens":["Engineered","strategic","evolution","of","Salesforce","CRM","with","the","implementation","of","email","marketing,","event","registration,","credit","card","purchasing,","and","volunteer","management","systems."],"metadata":[]}],[{"content":"Designed and executed IT portion of corporate headquarters move to a new 64,000 sq.","tokens":["Designed","and","executed","IT","portion","of","corporate","headquarters","move","to","a","new","64,000","sq."],"metadata":[]}],[{"content":"ft. building with zero downtime.","tokens":["ft.","building","with","zero","downtime."],"metadata":[]}],[{"content":"Oversaw the creation of a dedicated, IT business intelligence group and structured development environment in strategic support of CRM, data warehouse, and financial reporting systems.","tokens":["Oversaw","the","creation","of","a","dedicated,","IT","business","intelligence","group","and","structured","development","environment","in","strategic","support","of","CRM,","data","warehouse,","and","financial","reporting","systems."],"metadata":[]}],[{"content":"Technology engineering and support of 2-1-1 call center that processes 100,000 to 150,000 calls per year (50% of Colorado's statewide 2-1-1 calls).","tokens":["Technology","engineering","and","support","of","2-1-1","call","center","that","processes","100,000","to","150,000","calls","per","year","(50%","of","Colorado's","statewide","2-1-1","calls)."],"metadata":[]}],[{"content":"Recovered tens of thousands of dollars per year by consolidating and renegotiating IT contracts, implementing infrastructure lifecycle management, standardizing PC and server O/S images, utilizing refurbished equipment, and implementing virtualization technologies.","tokens":["Recovered","tens","of","thousands","of","dollars","per","year","by","consolidating","and","renegotiating","IT","contracts,","implementing","infrastructure","lifecycle","management,","standardizing","PC","and","server","O/S","images,","utilizing","refurbished","equipment,","and","implementing","virtualization","technologies."],"metadata":[]}],[{"content":"Implemented company's first comprehensive monitoring and metrics of application, network and server availability/performance.","tokens":["Implemented","company's","first","comprehensive","monitoring","and","metrics","of","application,","network","and","server","availability/performance."],"metadata":[]}],[{"content":"Responsible for mission critical support of all computer, network, and telecom infrastructure including 175 Windows 7/8 workstations and 35 Windows 2008/2012 servers.","tokens":["Responsible","for","mission","critical","support","of","all","computer,","network,","and","telecom","infrastructure","including","175","Windows","7/8","workstations","and","35","Windows","2008/2012","servers."],"metadata":[]}],[{"content":"Team maintains over 99.9% uptime for all mission critical hardware and software platforms.","tokens":["Team","maintains","over","99.9%","uptime","for","all","mission","critical","hardware","and","software","platforms."],"metadata":[]}],[{"content":"Director, IT Infrastructure March 2008 to November 2012 Company Name － City , State Directly responsible for mission critical support of all computer, network, and telecom infrastructure including 800 Windows XP/Windows 7 workstations and 160 Windows 2003/2008 servers at 28 treatment centers, five operations offices, and two co-location facilities.","tokens":["Director,","IT","Infrastructure","March","2008","to","November","2012","Company","Name","－","City",",","State","Directly","responsible","for","mission","critical","support","of","all","computer,","network,","and","telecom","infrastructure","including","800","Windows","XP/Windows","7","workstations","and","160","Windows","2003/2008","servers","at","28","treatment","centers,","five","operations","offices,","and","two","co-location","facilities."],"metadata":[]}],[{"content":"As the strategic and technical IT lead, built, manage, and backup eight person team including Network Engineer, System Administrator, Help Desk Manager and IT Support Specialists.","tokens":["As","the","strategic","and","technical","IT","lead,","built,","manage,","and","backup","eight","person","team","including","Network","Engineer,","System","Administrator,","Help","Desk","Manager","and","IT","Support","Specialists."],"metadata":[]}],[{"content":"Responsible for all new hire and terminate activities, staff scheduling, mentoring, and reviews.","tokens":["Responsible","for","all","new","hire","and","terminate","activities,","staff","scheduling,","mentoring,","and","reviews."],"metadata":[]}],[{"content":"Consistent record of delivering major IT projects on time and under budget including: integrations of newly acquired treatment centers, new treatment center builds, treatment center moves, co-location deployment, and co-location relocation.","tokens":["Consistent","record","of","delivering","major","IT","projects","on","time","and","under","budget","including:","integrations","of","newly","acquired","treatment","centers,","new","treatment","center","builds,","treatment","center","moves,","co-location","deployment,","and","co-location","relocation."],"metadata":[]}],[{"content":"Maintain over 99.9% uptime for network infrastructure using an MPLS WAN with VPN over Internet redundancy.","tokens":["Maintain","over","99.9%","uptime","for","network","infrastructure","using","an","MPLS","WAN","with","VPN","over","Internet","redundancy."],"metadata":[]}],[{"content":"Maintain over 99.9% uptime for server infrastructure using high availability software (Citrix and Double-Take) and hardware (RAID, UPS, and hot spares) to support company treatment planning systems, record and verify systems, email, and all infrastructure servers.","tokens":["Maintain","over","99.9%","uptime","for","server","infrastructure","using","high","availability","software","(Citrix","and","Double-Take)","and","hardware","(RAID,","UPS,","and","hot","spares)","to","support","company","treatment","planning","systems,","record","and","verify","systems,","email,","and","all","infrastructure","servers."],"metadata":[]}],[{"content":"Designed, deployed, and tested company's first Business Continuity/Disaster Recovery infrastructure for core billing, financial and infrastructure systems.","tokens":["Designed,","deployed,","and","tested","company's","first","Business","Continuity/Disaster","Recovery","infrastructure","for","core","billing,","financial","and","infrastructure","systems."],"metadata":[]}],[{"content":"Implemented company's first comprehensive IT monitoring of network, server, power and temperature health using APC, HP, SolarWinds monitoring tools.","tokens":["Implemented","company's","first","comprehensive","IT","monitoring","of","network,","server,","power","and","temperature","health","using","APC,","HP,","SolarWinds","monitoring","tools."],"metadata":[]}],[{"content":"Responsible for $2M OpEx and $2M CapEx IT budgets including staffing, hardware and software purchasing, telecom, BC/DR, and travel.","tokens":["Responsible","for","$2M","OpEx","and","$2M","CapEx","IT","budgets","including","staffing,","hardware","and","software","purchasing,","telecom,","BC/DR,","and","travel."],"metadata":[]}],[{"content":"Responsible for IT compliance with HIPAA and PCI regulations and have designed infrastructure to be complaint with SOX regulations for the future.","tokens":["Responsible","for","IT","compliance","with","HIPAA","and","PCI","regulations","and","have","designed","infrastructure","to","be","complaint","with","SOX","regulations","for","the","future."],"metadata":[]}],[{"content":"Recovered up to $100,000/yr by consolidating billing and vendors, renegotiating IT contracts, implementing infrastructure lifecycle management, standardizing PC and server O/S images, and modeling VMWare-based virtualization.","tokens":["Recovered","up","to","$100,000/yr","by","consolidating","billing","and","vendors,","renegotiating","IT","contracts,","implementing","infrastructure","lifecycle","management,","standardizing","PC","and","server","O/S","images,","and","modeling","VMWare-based","virtualization."],"metadata":[]}],[{"content":"Coordinate and manage all communications between business operations and corporate IT.","tokens":["Coordinate","and","manage","all","communications","between","business","operations","and","corporate","IT."],"metadata":[]}],[{"content":"Developed first standardized IT project templates for treatment center integrations and new treatment center builds.","tokens":["Developed","first","standardized","IT","project","templates","for","treatment","center","integrations","and","new","treatment","center","builds."],"metadata":[]}],[{"content":"Team responsible for closing 800+ IT support tickets per month.","tokens":["Team","responsible","for","closing","800+","IT","support","tickets","per","month."],"metadata":[]}],[{"content":"Manager, IT Operations - Windows October 2006 to March 2008 Company Name － City , State Managed eleven person team of Help Desk Technicians, System Administrators, System Engineers, and System Architects.","tokens":["Manager,","IT","Operations","-","Windows","October","2006","to","March","2008","Company","Name","－","City",",","State","Managed","eleven","person","team","of","Help","Desk","Technicians,","System","Administrators,","System","Engineers,","and","System","Architects."],"metadata":[]}],[{"content":"Responsible for all new hire and terminate activities, staff scheduling, mentoring, and reviews.","tokens":["Responsible","for","all","new","hire","and","terminate","activities,","staff","scheduling,","mentoring,","and","reviews."],"metadata":[]}],[{"content":"Directly responsible for mission critical support of all Windows-based computer infrastructure including 625+ Windows XP/2000 workstations and 80+ Windows 2003/2000 servers.","tokens":["Directly","responsible","for","mission","critical","support","of","all","Windows-based","computer","infrastructure","including","625+","Windows","XP/2000","workstations","and","80+","Windows","2003/2000","servers."],"metadata":[]}],[{"content":"Maintained over 99.9% uptime for entire Windows server infrastructure including satellite control systems, imagery production systems, email, and communications servers, and all file and document management servers.","tokens":["Maintained","over","99.9%","uptime","for","entire","Windows","server","infrastructure","including","satellite","control","systems,","imagery","production","systems,","email,","and","communications","servers,","and","all","file","and","document","management","servers."],"metadata":[]}],[{"content":"Consistent record of major IT-dependent projects delivered on time and under budget including: mission critical satellite control systems, imagery production systems, and office moves.","tokens":["Consistent","record","of","major","IT-dependent","projects","delivered","on","time","and","under","budget","including:","mission","critical","satellite","control","systems,","imagery","production","systems,","and","office","moves."],"metadata":[]}],[{"content":"Responsible for Windows IT budget planning including staffing, hardware and software purchasing, infrastructure, and travel.","tokens":["Responsible","for","Windows","IT","budget","planning","including","staffing,","hardware","and","software","purchasing,","infrastructure,","and","travel."],"metadata":[]}],[{"content":"Ensured a stable environment by standardizing processes and procedures and maintaining detailed documentation for all systems.","tokens":["Ensured","a","stable","environment","by","standardizing","processes","and","procedures","and","maintaining","detailed","documentation","for","all","systems."],"metadata":[]}],[{"content":"Coordinated all communications between business operations and corporate IT for Windows IT projects.","tokens":["Coordinated","all","communications","between","business","operations","and","corporate","IT","for","Windows","IT","projects."],"metadata":[]}],[{"content":"Member of IT Management Team responsible for the strategic direction of corporate IT initiatives.","tokens":["Member","of","IT","Management","Team","responsible","for","the","strategic","direction","of","corporate","IT","initiatives."],"metadata":[]}],[{"content":"Team responsible for closing 500+ IT support tickets per month.","tokens":["Team","responsible","for","closing","500+","IT","support","tickets","per","month."],"metadata":[]}],[{"content":"IT Manager - Networking, Systems, & Support September 1999 to October 2006 Company Name － City , State Managed eight person team of Help Desk Engineers, Network Administrators, Network Engineers, and Telecommunications Administrators.","tokens":["IT","Manager","-","Networking,","Systems,","&","Support","September","1999","to","October","2006","Company","Name","－","City",",","State","Managed","eight","person","team","of","Help","Desk","Engineers,","Network","Administrators,","Network","Engineers,","and","Telecommunications","Administrators."],"metadata":[]}],[{"content":"Directly responsible for mission critical support of WAN, LAN, 300+ Windows 2000/XP workstations, and 85 Windows 2000/2003 servers.","tokens":["Directly","responsible","for","mission","critical","support","of","WAN,","LAN,","300+","Windows","2000/XP","workstations,","and","85","Windows","2000/2003","servers."],"metadata":[]}],[{"content":"Maintained over 99.9% uptime for entire network and communications systems including real-time trading systems, wire systems, and numerous financial systems.","tokens":["Maintained","over","99.9%","uptime","for","entire","network","and","communications","systems","including","real-time","trading","systems,","wire","systems,","and","numerous","financial","systems."],"metadata":[]}],[{"content":"Responsible for $1.5M annual IT budget including staffing, purchasing, infrastructure, DR/BC, telecommunications, and co-location.","tokens":["Responsible","for","$1.5M","annual","IT","budget","including","staffing,","purchasing,","infrastructure,","DR/BC,","telecommunications,","and","co-location."],"metadata":[]}],[{"content":"Primary decision-maker in all corporate hardware and software standards.","tokens":["Primary","decision-maker","in","all","corporate","hardware","and","software","standards."],"metadata":[]}],[{"content":"Direct backup, upgrade, and maintenance policies/procedures.","tokens":["Direct","backup,","upgrade,","and","maintenance","policies/procedures."],"metadata":[]}],[{"content":"Coordinate associated IT vendor management.","tokens":["Coordinate","associated","IT","vendor","management."],"metadata":[]}],[{"content":"Consistent record of major, IT-dependent projects delivered on time and under budget including: office moves, subsidiary acquisition and divestiture, network redesign, and software deployment.","tokens":["Consistent","record","of","major,","IT-dependent","projects","delivered","on","time","and","under","budget","including:","office","moves,","subsidiary","acquisition","and","divestiture,","network","redesign,","and","software","deployment."],"metadata":[]}],[{"content":"Decreased annual IT budget by at least $50K each year from 2003-2006.","tokens":["Decreased","annual","IT","budget","by","at","least","$50K","each","year","from","2003-2006."],"metadata":[]}],[{"content":"Versed in IT compliance with Sarbanes-Oxley and Gramm-Leach-Bliley Act.","tokens":["Versed","in","IT","compliance","with","Sarbanes-Oxley","and","Gramm-Leach-Bliley","Act."],"metadata":[]}],[{"content":"Hands-on experience in all aspects of Disaster Recovery/Business Continuity Planning including design, documentation, and testing.","tokens":["Hands-on","experience","in","all","aspects","of","Disaster","Recovery/Business","Continuity","Planning","including","design,","documentation,","and","testing."],"metadata":[]}],[{"content":"System Administrator March 1996 to September 1999 Company Name － City , State Solely responsible for mission critical support of 400+ Windows 95/98 workstations and 30 Windows NT 4.0 servers for multi-million dollar mortgage broker with offices in 3 states.","tokens":["System","Administrator","March","1996","to","September","1999","Company","Name","－","City",",","State","Solely","responsible","for","mission","critical","support","of","400+","Windows","95/98","workstations","and","30","Windows","NT","4.0","servers","for","multi-million","dollar","mortgage","broker","with","offices","in","3","states."],"metadata":[]}],[{"content":"Engineer of frame relay-based WAN, TCP/IP-based Ethernet LANs, Motorola and Adtran CSU/DSUs, and Xyplex and Ascend routers Experience also included RAS, Seagate Backup Exec, and disaster recovery.","tokens":["Engineer","of","frame","relay-based","WAN,","TCP/IP-based","Ethernet","LANs,","Motorola","and","Adtran","CSU/DSUs,","and","Xyplex","and","Ascend","routers","Experience","also","included","RAS,","Seagate","Backup","Exec,","and","disaster","recovery."],"metadata":[]}],[{"content":"Administrator of corporate Internet email server (Microsoft Exchange), corporate Internet and Intranet sites (Microsoft IIS), and thin client host server (Citrix).","tokens":["Administrator","of","corporate","Internet","email","server","(Microsoft","Exchange),","corporate","Internet","and","Intranet","sites","(Microsoft","IIS),","and","thin","client","host","server","(Citrix)."],"metadata":[]}],[{"content":"Taught corporate training classes on Microsoft Office, Microsoft Windows, and Internet usage to new employees.","tokens":["Taught","corporate","training","classes","on","Microsoft","Office,","Microsoft","Windows,","and","Internet","usage","to","new","employees."],"metadata":[]}],[{"content":"Developed software training manuals and end-user support materials.","tokens":["Developed","software","training","manuals","and","end-user","support","materials."],"metadata":[]}],[{"content":"Designed, from ground up, scaleable Windows NT domain, corporate websites, and Intranet site.","tokens":["Designed,","from","ground","up,","scaleable","Windows","NT","domain,","corporate","websites,","and","Intranet","site."],"metadata":[]}],[{"content":"Developed and implemented turnkey rollout plan for onsite hardware and software installations in new franchise offices.","tokens":["Developed","and","implemented","turnkey","rollout","plan","for","onsite","hardware","and","software","installations","in","new","franchise","offices."],"metadata":[]}],[{"content":"Inside Sales Representative June 1994 to March 1996 Company Name － City , State Education M.B.A : Dec. 2007 University of Massachusetts － City , State B.S : Real Estate , May 1994 Arizona State University － City , State Certifications and Training Denver Peak Academy - Lean Process Improvement (Black Belt) Harvard ManageMentor Leadership and Management (12 Courses) Microsoft Certified Systems Engineer (MCSE) Microsoft Certified Systems Administrator (MCSA) Cisco Certified Network Associate (CCNA) Citrix Certified Administrator (CCA) Technical Skills Software: Active Directory, Microsoft Exchange, HP Insight Manager, EMC Avamar, Symantec Ghost, LanGuard Network Security Scanner, Voltage Email Encryption, Websense, Quest Archive Manager, MS Project, Symantec Backup Exec, Microsoft IIS, SharePoint, CA ArcServe, Barracuda Spam Firewall, Blackberry Enterprise Server, Sophos Anti-virus, Trend Micro Anti-Virus, Bradford Networks Network Sentry, VMWare, Hyper-V, Barracuda Backup, Barracuda Web Filter, Cisco Call Manager, Cisco UCCX, Exact Target, Cvent.","tokens":["Inside","Sales","Representative","June","1994","to","March","1996","Company","Name","－","City",",","State","Education","M.B.A",":","Dec.","2007","University","of","Massachusetts","－","City",",","State","B.S",":","Real","Estate",",","May","1994","Arizona","State","University","－","City",",","State","Certifications","and","Training","Denver","Peak","Academy","-","Lean","Process","Improvement","(Black","Belt)","Harvard","ManageMentor","Leadership","and","Management","(12","Courses)","Microsoft","Certified","Systems","Engineer","(MCSE)","Microsoft","Certified","Systems","Administrator","(MCSA)","Cisco","Certified","Network","Associate","(CCNA)","Citrix","Certified","Administrator","(CCA)","Technical","Skills","Software:","Active","Directory,","Microsoft","Exchange,","HP","Insight","Manager,","EMC","Avamar,","Symantec","Ghost,","LanGuard","Network","Security","Scanner,","Voltage","Email","Encryption,","Websense,","Quest","Archive","Manager,","MS","Project,","Symantec","Backup","Exec,","Microsoft","IIS,","SharePoint,","CA","ArcServe,","Barracuda","Spam","Firewall,","Blackberry","Enterprise","Server,","Sophos","Anti-virus,","Trend","Micro","Anti-Virus,","Bradford","Networks","Network","Sentry,","VMWare,","Hyper-V,","Barracuda","Backup,","Barracuda","Web","Filter,","Cisco","Call","Manager,","Cisco","UCCX,","Exact","Target,","Cvent."],"metadata":[]}],[{"content":"Hardware and Networking: Cisco firewalls, Cisco routers, Cisco switches, Checkpoint firewalls, HP Procurve switches, Meraki Wi-Fi, Cisco Wi-Fi, HP Proliant, Dell PowerEdge.","tokens":["Hardware","and","Networking:","Cisco","firewalls,","Cisco","routers,","Cisco","switches,","Checkpoint","firewalls,","HP","Procurve","switches,","Meraki","Wi-Fi,","Cisco","Wi-Fi,","HP","Proliant,","Dell","PowerEdge."],"metadata":[]}]],"labelerInfo":{"id":6814,"email":"cwilhel8@jh.edu","displayName":"Chris Wilhelm"},"labelSets":[{"name":"Resume Labels","index":0,"labelItems":[{"id":"Kj5U6n9NUqTXuWcB3c_7L","labelName":"College"},{"id":"rj7TW0-ymuRo6f_asXJab","labelName":"Company Name"},{"id":"SJEkdao76hjwbb6Fh5SY6","labelName":"Job Title"},{"id":"BjO8MdvK2KI4E5iMEeY4B","labelName":"Graduation Year"},{"id":"eS2knCRgLegeRw8bcmSWA","labelName":"Skill"},{"id":"IeEoIKabMl51BJE0gX2YL","labelName":"Degree"},{"id":"1R0C50AAwFbEp2O0WmRv6","labelName":"Location"},{"id":"zQcc4ygexJ_A3Gb0NeRTk","labelName":"Years of Experience"},{"id":"52S_6moRfhjC-yXgIBeCp","labelName":"Date"},{"id":"KiLarWmwlU1E3-FfdG6Qg","labelName":"Project"},{"id":"dyxKKTAxW1z5ifjPj42BI","labelName":"Name"}]}],"spanLabels":[{"id":"1662748837","labeledBy":"LABELER","labeledByUserId":6814,"acceptedByUserId":null,"rejectedByUserId":null,"layer":0,"counter":0,"status":"ACCEPTED","hashCode":"SPAN:SJEkdao76hjwbb6Fh5SY6:0:0:0:0:0:0:0:3:9:0:undefined:undefined","labelName":"SJEkdao76hjwbb6Fh5SY6","labelItem":{"id":"SJEkdao76hjwbb6Fh5SY6","labelName":"Job Title"},"textPosition":{"start":{"row":0,"column":0,"tokenIndex":0,"charIndex":0},"end":{"row":0,"column":0,"tokenIndex":3,"charIndex":9}},"confidenceScore":null},{"id":"1662749007","labeledBy":"LABELER","labeledByUserId":6814,"acceptedByUserId":null,"rejectedByUserId":null,"layer":0,"counter":0,"status":"ACCEPTED","hashCode":"SPAN:eS2knCRgLegeRw8bcmSWA:0:3:0:2:0:3:0:3:7:0:undefined:undefined","labelName":"eS2knCRgLegeRw8bcmSWA","labelItem":{"id":"eS2knCRgLegeRw8bcmSWA","labelName":"Skill"},"textPosition":{"start":{"row":3,"column":0,"tokenIndex":2,"charIndex":0},"end":{"row":3,"column":0,"tokenIndex":3,"charIndex":7}},"confidenceScore":null},{"id":"1662749010","labeledBy":"LABELER","labeledByUserId":6814,"acceptedByUserId":null,"rejectedByUserId":null,"layer":0,"counter":0,"status":"ACCEPTED","hashCode":"SPAN:eS2knCRgLegeRw8bcmSWA:0:3:0:4:0:3:0:5:9:0:undefined:undefined","labelName":"eS2knCRgLegeRw8bcmSWA","labelItem":{"id":"eS2knCRgLegeRw8bcmSWA","labelName":"Skill"},"textPosition":{"start":{"row":3,"column":0,"tokenIndex":4,"charIndex":0},"end":{"row":3,"column":0,"tokenIndex":5,"charIndex":9}},"confidenceScore":null},{"id":"1662749013","labeledBy":"LABELER","labeledByUserId":6814,"acceptedByUserId":null,"rejectedByUserId":null,"layer":0,"counter":0,"status":"ACCEPTED","hashCode":"SPAN:eS2knCRgLegeRw8bcmSWA:0:3:0:6:0:3:0:7:9:0:undefined:undefined","labelName":"eS2knCRgLegeRw8bcmSWA","labelItem":{"id":"eS2knCRgLegeRw8bcmSWA","labelName":"Skill"},"textPosition":{"start":{"row":3,"column":0,"tokenIndex":6,"charIndex":0},"end":{"row":3,"column":0,"tokenIndex":7,"charIndex":9}},"confidenceScore":null},{"id":"1662749024","labeledBy":"LABELER","labeledByUserId":6814,"acceptedByUserId":null,"rejectedByUserId":null,"layer":0,"counter":0,"status":"ACCEPTED","hashCode":"SPAN:eS2knCRgLegeRw8bcmSWA:0:3:0:8:0:3:0:9:11:0:undefined:undefined","labelName":"eS2knCRgLegeRw8bcmSWA","labelItem":{"id":"eS2knCRgLegeRw8bcmSWA","labelName":"Skill"},"textPosition":{"start":{"row":3,"column":0,"tokenIndex":8,"charIndex":0},"end":{"row":3,"column":0,"tokenIndex":9,"charIndex":11}},"confidenceScore":null},{"id":"1662749031","labeledBy":"LABELER","labeledByUserId":6814,"acceptedByUserId":null,"rejectedByUserId":null,"layer":0,"counter":0,"status":"ACCEPTED","hashCode":"SPAN:eS2knCRgLegeRw8bcmSWA:0:3:0:10:0:3:0:11:8:0:undefined:undefined","labelName":"eS2knCRgLegeRw8bcmSWA","labelItem":{"id":"eS2knCRgLegeRw8bcmSWA","labelName":"Skill"},"textPosition":{"start":{"row":3,"column":0,"tokenIndex":10,"charIndex":0},"end":{"row":3,"column":0,"tokenIndex":11,"charIndex":8}},"confidenceScore":null},{"id":"1662749034","labeledBy":"LABELER","labeledByUserId":6814,"acceptedByUserId":null,"rejectedByUserId":null,"layer":0,"counter":0,"status":"ACCEPTED","hashCode":"SPAN:eS2knCRgLegeRw8bcmSWA:0:3:0:12:0:3:0:12:3:0:undefined:undefined","labelName":"eS2knCRgLegeRw8bcmSWA","labelItem":{"id":"eS2knCRgLegeRw8bcmSWA","labelName":"Skill"},"textPosition":{"start":{"row":3,"column":0,"tokenIndex":12,"charIndex":0},"end":{"row":3,"column":0,"tokenIndex":12,"charIndex":3}},"confidenceScore":null},{"id":"1662749037","labeledBy":"LABELER","labeledByUserId":6814,"acceptedByUserId":null,"rejectedByUserId":null,"layer":0,"counter":0,"status":"ACCEPTED","hashCode":"SPAN:eS2knCRgLegeRw8bcmSWA:0:3:0:13:0:3:0:13:5:0:undefined:undefined","labelName":"eS2knCRgLegeRw8bcmSWA","labelItem":{"id":"eS2knCRgLegeRw8bcmSWA","labelName":"Skill"},"textPosition":{"start":{"row":3,"column":0,"tokenIndex":13,"charIndex":0},"end":{"row":3,"column":0,"tokenIndex":13,"charIndex":5}},"confidenceScore":null},{"id":"1662749044","labeledBy":"LABELER","labeledByUserId":6814,"acceptedByUserId":null,"rejectedByUserId":null,"layer":0,"counter":0,"status":"ACCEPTED","hashCode":"SPAN:eS2knCRgLegeRw8bcmSWA:0:3:0:14:0:3:0:14:3:0:undefined:undefined","labelName":"eS2knCRgLegeRw8bcmSWA","labelItem":{"id":"eS2knCRgLegeRw8bcmSWA","labelName":"Skill"},"textPosition":{"start":{"row":3,"column":0,"tokenIndex":14,"charIndex":0},"end":{"row":3,"column":0,"tokenIndex":14,"charIndex":3}},"confidenceScore":null},{"id":"1662749047","labeledBy":"LABELER","labeledByUserId":6814,"acceptedByUserId":null,"rejectedByUserId":null,"layer":0,"counter":0,"status":"ACCEPTED","hashCode":"SPAN:eS2knCRgLegeRw8bcmSWA:0:3:0:15:0:3:0:16:7:0:undefined:undefined","labelName":"eS2knCRgLegeRw8bcmSWA","labelItem":{"id":"eS2knCRgLegeRw8bcmSWA","labelName":"Skill"},"textPosition":{"start":{"row":3,"column":0,"tokenIndex":15,"charIndex":0},"end":{"row":3,"column":0,"tokenIndex":16,"charIndex":7}},"confidenceScore":null},{"id":"1662749054","labeledBy":"LABELER","labeledByUserId":6814,"acceptedByUserId":null,"rejectedByUserId":null,"layer":0,"counter":0,"status":"ACCEPTED","hashCode":"SPAN:eS2knCRgLegeRw8bcmSWA:0:3:0:17:0:3:0:18:8:0:undefined:undefined","labelName":"eS2knCRgLegeRw8bcmSWA","labelItem":{"id":"eS2knCRgLegeRw8bcmSWA","labelName":"Skill"},"textPosition":{"start":{"row":3,"column":0,"tokenIndex":17,"charIndex":0},"end":{"row":3,"column":0,"tokenIndex":18,"charIndex":8}},"confidenceScore":null},{"id":"1662749065","labeledBy":"LABELER","labeledByUserId":6814,"acceptedByUserId":null,"rejectedByUserId":null,"layer":0,"counter":0,"status":"ACCEPTED","hashCode":"SPAN:eS2knCRgLegeRw8bcmSWA:0:3:0:19:0:3:0:20:9:0:undefined:undefined","labelName":"eS2knCRgLegeRw8bcmSWA","labelItem":{"id":"eS2knCRgLegeRw8bcmSWA","labelName":"Skill"},"textPosition":{"start":{"row":3,"column":0,"tokenIndex":19,"charIndex":0},"end":{"row":3,"column":0,"tokenIndex":20,"charIndex":9}},"confidenceScore":null},{"id":"1662749068","labeledBy":"LABELER","labeledByUserId":6814,"acceptedByUserId":null,"rejectedByUserId":null,"layer":0,"counter":0,"status":"ACCEPTED","hashCode":"SPAN:eS2knCRgLegeRw8bcmSWA:0:3:0:21:0:3:0:22:7:0:undefined:undefined","labelName":"eS2knCRgLegeRw8bcmSWA","labelItem":{"id":"eS2knCRgLegeRw8bcmSWA","labelName":"Skill"},"textPosition":{"start":{"row":3,"column":0,"tokenIndex":21,"charIndex":0},"end":{"row":3,"column":0,"tokenIndex":22,"charIndex":7}},"confidenceScore":null},{"id":"1662749071","labeledBy":"LABELER","labeledByUserId":6814,"acceptedByUserId":null,"rejectedByUserId":null,"layer":0,"counter":0,"status":"ACCEPTED","hashCode":"SPAN:eS2knCRgLegeRw8bcmSWA:0:3:0:23:0:3:0:23:13:0:undefined:undefined","labelName":"eS2knCRgLegeRw8bcmSWA","labelItem":{"id":"eS2knCRgLegeRw8bcmSWA","labelName":"Skill"},"textPosition":{"start":{"row":3,"column":0,"tokenIndex":23,"charIndex":0},"end":{"row":3,"column":0,"tokenIndex":23,"charIndex":13}},"confidenceScore":null},{"id":"1662749078","labeledBy":"LABELER","labeledByUserId":6814,"acceptedByUserId":null,"rejectedByUserId":null,"layer":0,"counter":0,"status":"ACCEPTED","hashCode":"SPAN:eS2knCRgLegeRw8bcmSWA:0:3:0:25:0:3:0:26:13:0:undefined:undefined","labelName":"eS2knCRgLegeRw8bcmSWA","labelItem":{"id":"eS2knCRgLegeRw8bcmSWA","labelName":"Skill"},"textPosition":{"start":{"row":3,"column":0,"tokenIndex":25,"charIndex":0},"end":{"row":3,"column":0,"tokenIndex":26,"charIndex":13}},"confidenceScore":null},{"id":"1662749101","labeledBy":"LABELER","labeledByUserId":6814,"acceptedByUserId":null,"rejectedByUserId":null,"layer":0,"counter":0,"status":"ACCEPTED","hashCode":"SPAN:SJEkdao76hjwbb6Fh5SY6:0:3:0:29:0:3:0:32:9:0:undefined:undefined","labelName":"SJEkdao76hjwbb6Fh5SY6","labelItem":{"id":"SJEkdao76hjwbb6Fh5SY6","labelName":"Job Title"},"textPosition":{"start":{"row":3,"column":0,"tokenIndex":29,"charIndex":0},"end":{"row":3,"column":0,"tokenIndex":32,"charIndex":9}},"confidenceScore":null},{"id":"1662749104","labeledBy":"LABELER","labeledByUserId":6814,"acceptedByUserId":null,"rejectedByUserId":null,"layer":0,"counter":0,"status":"ACCEPTED","hashCode":"SPAN:52S_6moRfhjC-yXgIBeCp:0:3:0:33:0:3:0:34:3:0:undefined:undefined","labelName":"52S_6moRfhjC-yXgIBeCp","labelItem":{"id":"52S_6moRfhjC-yXgIBeCp","labelName":"Date"},"textPosition":{"start":{"row":3,"column":0,"tokenIndex":33,"charIndex":0},"end":{"row":3,"column":0,"tokenIndex":34,"charIndex":3}},"confidenceScore":null},{"id":"1662749107","labeledBy":"LABELER","labeledByUserId":6814,"acceptedByUserId":null,"rejectedByUserId":null,"layer":0,"counter":0,"status":"ACCEPTED","hashCode":"SPAN:52S_6moRfhjC-yXgIBeCp:0:3:0:36:0:3:0:36:6:0:undefined:undefined","labelName":"52S_6moRfhjC-yXgIBeCp","labelItem":{"id":"52S_6moRfhjC-yXgIBeCp","labelName":"Date"},"textPosition":{"start":{"row":3,"column":0,"tokenIndex":36,"charIndex":0},"end":{"row":3,"column":0,"tokenIndex":36,"charIndex":6}},"confidenceScore":null},{"id":"1662749110","labeledBy":"LABELER","labeledByUserId":6814,"acceptedByUserId":null,"rejectedByUserId":null,"layer":0,"counter":0,"status":"ACCEPTED","hashCode":"SPAN:rj7TW0-ymuRo6f_asXJab:0:3:0:37:0:3:0:38:3:0:undefined:undefined","labelName":"rj7TW0-ymuRo6f_asXJab","labelItem":{"id":"rj7TW0-ymuRo6f_asXJab","labelName":"Company Name"},"textPosition":{"start":{"row":3,"column":0,"tokenIndex":37,"charIndex":0},"end":{"row":3,"column":0,"tokenIndex":38,"charIndex":3}},"confidenceScore":null},{"id":"1662749121","labeledBy":"LABELER","labeledByUserId":6814,"acceptedByUserId":null,"rejectedByUserId":null,"layer":0,"counter":0,"status":"ACCEPTED","hashCode":"SPAN:1R0C50AAwFbEp2O0WmRv6:0:3:0:40:0:3:0:40:3:0:undefined:undefined","labelName":"1R0C50AAwFbEp2O0WmRv6","labelItem":{"id":"1R0C50AAwFbEp2O0WmRv6","labelName":"Location"},"textPosition":{"start":{"row":3,"column":0,"tokenIndex":40,"charIndex":0},"end":{"row":3,"column":0,"tokenIndex":40,"charIndex":3}},"confidenceScore":null},{"id":"1662749128","labeledBy":"LABELER","labeledByUserId":6814,"acceptedByUserId":null,"rejectedByUserId":null,"layer":0,"counter":0,"status":"ACCEPTED","hashCode":"SPAN:1R0C50AAwFbEp2O0WmRv6:0:3:0:42:0:3:0:42:4:0:undefined:undefined","labelName":"1R0C50AAwFbEp2O0WmRv6","labelItem":{"id":"1R0C50AAwFbEp2O0WmRv6","labelName":"Location"},"textPosition":{"start":{"row":3,"column":0,"tokenIndex":42,"charIndex":0},"end":{"row":3,"column":0,"tokenIndex":42,"charIndex":4}},"confidenceScore":null},{"id":"1662749131","labeledBy":"LABELER","labeledByUserId":6814,"acceptedByUserId":null,"rejectedByUserId":null,"layer":0,"counter":0,"status":"ACCEPTED","hashCode":"SPAN:eS2knCRgLegeRw8bcmSWA:0:11:0:19:0:11:0:19:1:0:undefined:undefined","labelName":"eS2knCRgLegeRw8bcmSWA","labelItem":{"id":"eS2knCRgLegeRw8bcmSWA","labelName":"Skill"},"textPosition":{"start":{"row":11,"column":0,"tokenIndex":19,"charIndex":0},"end":{"row":11,"column":0,"tokenIndex":19,"charIndex":1}},"confidenceScore":null},{"id":"1662749134","labeledBy":"LABELER","labeledByUserId":6814,"acceptedByUserId":null,"rejectedByUserId":null,"layer":0,"counter":0,"status":"ACCEPTED","hashCode":"SPAN:eS2knCRgLegeRw8bcmSWA:0:11:0:21:0:11:0:21:5:0:undefined:undefined","labelName":"eS2knCRgLegeRw8bcmSWA","labelItem":{"id":"eS2knCRgLegeRw8bcmSWA","labelName":"Skill"},"textPosition":{"start":{"row":11,"column":0,"tokenIndex":21,"charIndex":0},"end":{"row":11,"column":0,"tokenIndex":21,"charIndex":5}},"confidenceScore":null},{"id":"1662749137","labeledBy":"LABELER","labeledByUserId":6814,"acceptedByUserId":null,"rejectedByUserId":null,"layer":0,"counter":0,"status":"ACCEPTED","hashCode":"SPAN:eS2knCRgLegeRw8bcmSWA:0:11:0:22:0:11:0:23:6:0:undefined:undefined","labelName":"eS2knCRgLegeRw8bcmSWA","labelItem":{"id":"eS2knCRgLegeRw8bcmSWA","labelName":"Skill"},"textPosition":{"start":{"row":11,"column":0,"tokenIndex":22,"charIndex":0},"end":{"row":11,"column":0,"tokenIndex":23,"charIndex":6}},"confidenceScore":null},{"id":"1662749140","labeledBy":"LABELER","labeledByUserId":6814,"acceptedByUserId":null,"rejectedByUserId":null,"layer":0,"counter":0,"status":"ACCEPTED","hashCode":"SPAN:eS2knCRgLegeRw8bcmSWA:0:11:0:29:0:11:0:30:12:0:undefined:undefined","labelName":"eS2knCRgLegeRw8bcmSWA","labelItem":{"id":"eS2knCRgLegeRw8bcmSWA","labelName":"Skill"},"textPosition":{"start":{"row":11,"column":0,"tokenIndex":29,"charIndex":0},"end":{"row":11,"column":0,"tokenIndex":30,"charIndex":12}},"confidenceScore":null},{"id":"1662749143","labeledBy":"LABELER","labeledByUserId":6814,"acceptedByUserId":null,"rejectedByUserId":null,"layer":0,"counter":0,"status":"ACCEPTED","hashCode":"SPAN:eS2knCRgLegeRw8bcmSWA:0:13:0:14:0:13:0:16:11:0:undefined:undefined","labelName":"eS2knCRgLegeRw8bcmSWA","labelItem":{"id":"eS2knCRgLegeRw8bcmSWA","labelName":"Skill"},"textPosition":{"start":{"row":13,"column":0,"tokenIndex":14,"charIndex":0},"end":{"row":13,"column":0,"tokenIndex":16,"charIndex":11}},"confidenceScore":null},{"id":"1662749146","labeledBy":"LABELER","labeledByUserId":6814,"acceptedByUserId":null,"rejectedByUserId":null,"layer":0,"counter":0,"status":"ACCEPTED","hashCode":"SPAN:eS2knCRgLegeRw8bcmSWA:0:13:0:19:0:13:0:21:7:0:undefined:undefined","labelName":"eS2knCRgLegeRw8bcmSWA","labelItem":{"id":"eS2knCRgLegeRw8bcmSWA","labelName":"Skill"},"textPosition":{"start":{"row":13,"column":0,"tokenIndex":19,"charIndex":0},"end":{"row":13,"column":0,"tokenIndex":21,"charIndex":7}},"confidenceScore":null},{"id":"1662749149","labeledBy":"LABELER","labeledByUserId":6814,"acceptedByUserId":null,"rejectedByUserId":null,"layer":0,"counter":0,"status":"ACCEPTED","hashCode":"SPAN:SJEkdao76hjwbb6Fh5SY6:0:15:0:0:0:15:0:2:13:0:undefined:undefined","labelName":"SJEkdao76hjwbb6Fh5SY6","labelItem":{"id":"SJEkdao76hjwbb6Fh5SY6","labelName":"Job Title"},"textPosition":{"start":{"row":15,"column":0,"tokenIndex":0,"charIndex":0},"end":{"row":15,"column":0,"tokenIndex":2,"charIndex":13}},"confidenceScore":null},{"id":"1662749152","labeledBy":"LABELER","labeledByUserId":6814,"acceptedByUserId":null,"rejectedByUserId":null,"layer":0,"counter":0,"status":"ACCEPTED","hashCode":"SPAN:52S_6moRfhjC-yXgIBeCp:0:15:0:3:0:15:0:4:3:0:undefined:undefined","labelName":"52S_6moRfhjC-yXgIBeCp","labelItem":{"id":"52S_6moRfhjC-yXgIBeCp","labelName":"Date"},"textPosition":{"start":{"row":15,"column":0,"tokenIndex":3,"charIndex":0},"end":{"row":15,"column":0,"tokenIndex":4,"charIndex":3}},"confidenceScore":null},{"id":"1662749155","labeledBy":"LABELER","labeledByUserId":6814,"acceptedByUserId":null,"rejectedByUserId":null,"layer":0,"counter":0,"status":"ACCEPTED","hashCode":"SPAN:52S_6moRfhjC-yXgIBeCp:0:15:0:6:0:15:0:7:3:0:undefined:undefined","labelName":"52S_6moRfhjC-yXgIBeCp","labelItem":{"id":"52S_6moRfhjC-yXgIBeCp","labelName":"Date"},"textPosition":{"start":{"row":15,"column":0,"tokenIndex":6,"charIndex":0},"end":{"row":15,"column":0,"tokenIndex":7,"charIndex":3}},"confidenceScore":null},{"id":"1662749158","labeledBy":"LABELER","labeledByUserId":6814,"acceptedByUserId":null,"rejectedByUserId":null,"layer":0,"counter":0,"status":"ACCEPTED","hashCode":"SPAN:rj7TW0-ymuRo6f_asXJab:0:15:0:8:0:15:0:9:3:0:undefined:undefined","labelName":"rj7TW0-ymuRo6f_asXJab","labelItem":{"id":"rj7TW0-ymuRo6f_asXJab","labelName":"Company Name"},"textPosition":{"start":{"row":15,"column":0,"tokenIndex":8,"charIndex":0},"end":{"row":15,"column":0,"tokenIndex":9,"charIndex":3}},"confidenceScore":null},{"id":"1662749161","labeledBy":"LABELER","labeledByUserId":6814,"acceptedByUserId":null,"rejectedByUserId":null,"layer":0,"counter":0,"status":"ACCEPTED","hashCode":"SPAN:1R0C50AAwFbEp2O0WmRv6:0:15:0:11:0:15:0:11:3:0:undefined:undefined","labelName":"1R0C50AAwFbEp2O0WmRv6","labelItem":{"id":"1R0C50AAwFbEp2O0WmRv6","labelName":"Location"},"textPosition":{"start":{"row":15,"column":0,"tokenIndex":11,"charIndex":0},"end":{"row":15,"column":0,"tokenIndex":11,"charIndex":3}},"confidenceScore":null},{"id":"1662749164","labeledBy":"LABELER","labeledByUserId":6814,"acceptedByUserId":null,"rejectedByUserId":null,"layer":0,"counter":0,"status":"ACCEPTED","hashCode":"SPAN:1R0C50AAwFbEp2O0WmRv6:0:15:0:13:0:15:0:13:4:0:undefined:undefined","labelName":"1R0C50AAwFbEp2O0WmRv6","labelItem":{"id":"1R0C50AAwFbEp2O0WmRv6","labelName":"Location"},"textPosition":{"start":{"row":15,"column":0,"tokenIndex":13,"charIndex":0},"end":{"row":15,"column":0,"tokenIndex":13,"charIndex":4}},"confidenceScore":null},{"id":"1662749167","labeledBy":"LABELER","labeledByUserId":6814,"acceptedByUserId":null,"rejectedByUserId":null,"layer":0,"counter":0,"status":"ACCEPTED","hashCode":"SPAN:eS2knCRgLegeRw8bcmSWA:0:15:0:29:0:15:0:32:11:0:undefined:undefined","labelName":"eS2knCRgLegeRw8bcmSWA","labelItem":{"id":"eS2knCRgLegeRw8bcmSWA","labelName":"Skill"},"textPosition":{"start":{"row":15,"column":0,"tokenIndex":29,"charIndex":0},"end":{"row":15,"column":0,"tokenIndex":32,"charIndex":11}},"confidenceScore":null},{"id":"1662749170","labeledBy":"LABELER","labeledByUserId":6814,"acceptedByUserId":null,"rejectedByUserId":null,"layer":0,"counter":0,"status":"ACCEPTED","hashCode":"SPAN:eS2knCRgLegeRw8bcmSWA:0:15:0:35:0:15:0:37:6:0:undefined:undefined","labelName":"eS2knCRgLegeRw8bcmSWA","labelItem":{"id":"eS2knCRgLegeRw8bcmSWA","labelName":"Skill"},"textPosition":{"start":{"row":15,"column":0,"tokenIndex":35,"charIndex":0},"end":{"row":15,"column":0,"tokenIndex":37,"charIndex":6}},"confidenceScore":null},{"id":"1662749173","labeledBy":"LABELER","labeledByUserId":6814,"acceptedByUserId":null,"rejectedByUserId":null,"layer":0,"counter":0,"status":"ACCEPTED","hashCode":"SPAN:eS2knCRgLegeRw8bcmSWA:0:15:0:40:0:15:0:41:7:0:undefined:undefined","labelName":"eS2knCRgLegeRw8bcmSWA","labelItem":{"id":"eS2knCRgLegeRw8bcmSWA","labelName":"Skill"},"textPosition":{"start":{"row":15,"column":0,"tokenIndex":40,"charIndex":0},"end":{"row":15,"column":0,"tokenIndex":41,"charIndex":7}},"confidenceScore":null},{"id":"1662749176","labeledBy":"LABELER","labeledByUserId":6814,"acceptedByUserId":null,"rejectedByUserId":null,"layer":0,"counter":0,"status":"ACCEPTED","hashCode":"SPAN:eS2knCRgLegeRw8bcmSWA:0:19:0:9:0:19:0:9:3:0:undefined:undefined","labelName":"eS2knCRgLegeRw8bcmSWA","labelItem":{"id":"eS2knCRgLegeRw8bcmSWA","labelName":"Skill"},"textPosition":{"start":{"row":19,"column":0,"tokenIndex":9,"charIndex":0},"end":{"row":19,"column":0,"tokenIndex":9,"charIndex":3}},"confidenceScore":null},{"id":"1662749179","labeledBy":"LABELER","labeledByUserId":6814,"acceptedByUserId":null,"rejectedByUserId":null,"layer":0,"counter":0,"status":"ACCEPTED","hashCode":"SPAN:eS2knCRgLegeRw8bcmSWA:0:19:0:10:0:19:0:10:2:0:undefined:undefined","labelName":"eS2knCRgLegeRw8bcmSWA","labelItem":{"id":"eS2knCRgLegeRw8bcmSWA","labelName":"Skill"},"textPosition":{"start":{"row":19,"column":0,"tokenIndex":10,"charIndex":0},"end":{"row":19,"column":0,"tokenIndex":10,"charIndex":2}},"confidenceScore":null},{"id":"1662749182","labeledBy":"LABELER","labeledByUserId":6814,"acceptedByUserId":null,"rejectedByUserId":null,"layer":0,"counter":0,"status":"ACCEPTED","hashCode":"SPAN:eS2knCRgLegeRw8bcmSWA:0:19:0:12:0:19:0:12:2:0:undefined:undefined","labelName":"eS2knCRgLegeRw8bcmSWA","labelItem":{"id":"eS2knCRgLegeRw8bcmSWA","labelName":"Skill"},"textPosition":{"start":{"row":19,"column":0,"tokenIndex":12,"charIndex":0},"end":{"row":19,"column":0,"tokenIndex":12,"charIndex":2}},"confidenceScore":null},{"id":"1662749185","labeledBy":"LABELER","labeledByUserId":6814,"acceptedByUserId":null,"rejectedByUserId":null,"layer":0,"counter":0,"status":"ACCEPTED","hashCode":"SPAN:eS2knCRgLegeRw8bcmSWA:0:19:0:14:0:19:0:14:7:0:undefined:undefined","labelName":"eS2knCRgLegeRw8bcmSWA","labelItem":{"id":"eS2knCRgLegeRw8bcmSWA","labelName":"Skill"},"textPosition":{"start":{"row":19,"column":0,"tokenIndex":14,"charIndex":0},"end":{"row":19,"column":0,"tokenIndex":14,"charIndex":7}},"confidenceScore":null},{"id":"1662749188","labeledBy":"LABELER","labeledByUserId":6814,"acceptedByUserId":null,"rejectedByUserId":null,"layer":0,"counter":0,"status":"ACCEPTED","hashCode":"SPAN:eS2knCRgLegeRw8bcmSWA:0:20:0:11:0:20:0:11:6:0:undefined:undefined","labelName":"eS2knCRgLegeRw8bcmSWA","labelItem":{"id":"eS2knCRgLegeRw8bcmSWA","labelName":"Skill"},"textPosition":{"start":{"row":20,"column":0,"tokenIndex":11,"charIndex":0},"end":{"row":20,"column":0,"tokenIndex":11,"charIndex":6}},"confidenceScore":null},{"id":"1662749191","labeledBy":"LABELER","labeledByUserId":6814,"acceptedByUserId":null,"rejectedByUserId":null,"layer":0,"counter":0,"status":"ACCEPTED","hashCode":"SPAN:eS2knCRgLegeRw8bcmSWA:0:20:0:13:0:20:0:13:11:0:undefined:undefined","labelName":"eS2knCRgLegeRw8bcmSWA","labelItem":{"id":"eS2knCRgLegeRw8bcmSWA","labelName":"Skill"},"textPosition":{"start":{"row":20,"column":0,"tokenIndex":13,"charIndex":0},"end":{"row":20,"column":0,"tokenIndex":13,"charIndex":11}},"confidenceScore":null},{"id":"1662749194","labeledBy":"LABELER","labeledByUserId":6814,"acceptedByUserId":null,"rejectedByUserId":null,"layer":0,"counter":0,"status":"ACCEPTED","hashCode":"SPAN:eS2knCRgLegeRw8bcmSWA:0:20:0:16:0:20:0:16:5:0:undefined:undefined","labelName":"eS2knCRgLegeRw8bcmSWA","labelItem":{"id":"eS2knCRgLegeRw8bcmSWA","labelName":"Skill"},"textPosition":{"start":{"row":20,"column":0,"tokenIndex":16,"charIndex":0},"end":{"row":20,"column":0,"tokenIndex":16,"charIndex":5}},"confidenceScore":null},{"id":"1662749197","labeledBy":"LABELER","labeledByUserId":6814,"acceptedByUserId":null,"rejectedByUserId":null,"layer":0,"counter":0,"status":"ACCEPTED","hashCode":"SPAN:eS2knCRgLegeRw8bcmSWA:0:20:0:17:0:20:0:17:3:0:undefined:undefined","labelName":"eS2knCRgLegeRw8bcmSWA","labelItem":{"id":"eS2knCRgLegeRw8bcmSWA","labelName":"Skill"},"textPosition":{"start":{"row":20,"column":0,"tokenIndex":17,"charIndex":0},"end":{"row":20,"column":0,"tokenIndex":17,"charIndex":3}},"confidenceScore":null},{"id":"1662749200","labeledBy":"LABELER","labeledByUserId":6814,"acceptedByUserId":null,"rejectedByUserId":null,"layer":0,"counter":0,"status":"ACCEPTED","hashCode":"SPAN:SJEkdao76hjwbb6Fh5SY6:0:29:0:0:0:29:0:0:7:0:undefined:undefined","labelName":"SJEkdao76hjwbb6Fh5SY6","labelItem":{"id":"SJEkdao76hjwbb6Fh5SY6","labelName":"Job Title"},"textPosition":{"start":{"row":29,"column":0,"tokenIndex":0,"charIndex":0},"end":{"row":29,"column":0,"tokenIndex":0,"charIndex":7}},"confidenceScore":null},{"id":"1662749206","labeledBy":"LABELER","labeledByUserId":6814,"acceptedByUserId":null,"rejectedByUserId":null,"layer":0,"counter":0,"status":"ACCEPTED","hashCode":"SPAN:SJEkdao76hjwbb6Fh5SY6:0:29:0:0:0:29:0:4:6:0:undefined:undefined","labelName":"SJEkdao76hjwbb6Fh5SY6","labelItem":{"id":"SJEkdao76hjwbb6Fh5SY6","labelName":"Job Title"},"textPosition":{"start":{"row":29,"column":0,"tokenIndex":0,"charIndex":0},"end":{"row":29,"column":0,"tokenIndex":4,"charIndex":6}},"confidenceScore":null},{"id":"1662749203","labeledBy":"LABELER","labeledByUserId":6814,"acceptedByUserId":null,"rejectedByUserId":null,"layer":0,"counter":0,"status":"ACCEPTED","hashCode":"SPAN:SJEkdao76hjwbb6Fh5SY6:0:29:0:1:0:29:0:2:9:0:undefined:undefined","labelName":"SJEkdao76hjwbb6Fh5SY6","labelItem":{"id":"SJEkdao76hjwbb6Fh5SY6","labelName":"Job Title"},"textPosition":{"start":{"row":29,"column":0,"tokenIndex":1,"charIndex":0},"end":{"row":29,"column":0,"tokenIndex":2,"charIndex":9}},"confidenceScore":null},{"id":"1662749209","labeledBy":"LABELER","labeledByUserId":6814,"acceptedByUserId":null,"rejectedByUserId":null,"layer":0,"counter":0,"status":"ACCEPTED","hashCode":"SPAN:52S_6moRfhjC-yXgIBeCp:0:29:0:5:0:29:0:6:3:0:undefined:undefined","labelName":"52S_6moRfhjC-yXgIBeCp","labelItem":{"id":"52S_6moRfhjC-yXgIBeCp","labelName":"Date"},"textPosition":{"start":{"row":29,"column":0,"tokenIndex":5,"charIndex":0},"end":{"row":29,"column":0,"tokenIndex":6,"charIndex":3}},"confidenceScore":null},{"id":"1662749212","labeledBy":"LABELER","labeledByUserId":6814,"acceptedByUserId":null,"rejectedByUserId":null,"layer":0,"counter":0,"status":"ACCEPTED","hashCode":"SPAN:52S_6moRfhjC-yXgIBeCp:0:29:0:8:0:29:0:9:3:0:undefined:undefined","labelName":"52S_6moRfhjC-yXgIBeCp","labelItem":{"id":"52S_6moRfhjC-yXgIBeCp","labelName":"Date"},"textPosition":{"start":{"row":29,"column":0,"tokenIndex":8,"charIndex":0},"end":{"row":29,"column":0,"tokenIndex":9,"charIndex":3}},"confidenceScore":null},{"id":"1662749215","labeledBy":"LABELER","labeledByUserId":6814,"acceptedByUserId":null,"rejectedByUserId":null,"layer":0,"counter":0,"status":"ACCEPTED","hashCode":"SPAN:rj7TW0-ymuRo6f_asXJab:0:29:0:10:0:29:0:11:3:0:undefined:undefined","labelName":"rj7TW0-ymuRo6f_asXJab","labelItem":{"id":"rj7TW0-ymuRo6f_asXJab","labelName":"Company Name"},"textPosition":{"start":{"row":29,"column":0,"tokenIndex":10,"charIndex":0},"end":{"row":29,"column":0,"tokenIndex":11,"charIndex":3}},"confidenceScore":null},{"id":"1662749218","labeledBy":"LABELER","labeledByUserId":6814,"acceptedByUserId":null,"rejectedByUserId":null,"layer":0,"counter":0,"status":"ACCEPTED","hashCode":"SPAN:1R0C50AAwFbEp2O0WmRv6:0:29:0:13:0:29:0:13:3:0:undefined:undefined","labelName":"1R0C50AAwFbEp2O0WmRv6","labelItem":{"id":"1R0C50AAwFbEp2O0WmRv6","labelName":"Location"},"textPosition":{"start":{"row":29,"column":0,"tokenIndex":13,"charIndex":0},"end":{"row":29,"column":0,"tokenIndex":13,"charIndex":3}},"confidenceScore":null},{"id":"1662749221","labeledBy":"LABELER","labeledByUserId":6814,"acceptedByUserId":null,"rejectedByUserId":null,"layer":0,"counter":0,"status":"ACCEPTED","hashCode":"SPAN:1R0C50AAwFbEp2O0WmRv6:0:29:0:15:0:29:0:15:4:0:undefined:undefined","labelName":"1R0C50AAwFbEp2O0WmRv6","labelItem":{"id":"1R0C50AAwFbEp2O0WmRv6","labelName":"Location"},"textPosition":{"start":{"row":29,"column":0,"tokenIndex":15,"charIndex":0},"end":{"row":29,"column":0,"tokenIndex":15,"charIndex":4}},"confidenceScore":null},{"id":"1662749224","labeledBy":"LABELER","labeledByUserId":6814,"acceptedByUserId":null,"rejectedByUserId":null,"layer":0,"counter":0,"status":"ACCEPTED","hashCode":"SPAN:eS2knCRgLegeRw8bcmSWA:0:30:0:0:0:30:0:0:10:0:undefined:undefined","labelName":"eS2knCRgLegeRw8bcmSWA","labelItem":{"id":"eS2knCRgLegeRw8bcmSWA","labelName":"Skill"},"textPosition":{"start":{"row":30,"column":0,"tokenIndex":0,"charIndex":0},"end":{"row":30,"column":0,"tokenIndex":0,"charIndex":10}},"confidenceScore":null},{"id":"1662749227","labeledBy":"LABELER","labeledByUserId":6814,"acceptedByUserId":null,"rejectedByUserId":null,"layer":0,"counter":0,"status":"ACCEPTED","hashCode":"SPAN:SJEkdao76hjwbb6Fh5SY6:0:39:0:0:0:39:0:6:6:0:undefined:undefined","labelName":"SJEkdao76hjwbb6Fh5SY6","labelItem":{"id":"SJEkdao76hjwbb6Fh5SY6","labelName":"Job Title"},"textPosition":{"start":{"row":39,"column":0,"tokenIndex":0,"charIndex":0},"end":{"row":39,"column":0,"tokenIndex":6,"charIndex":6}},"confidenceScore":null},{"id":"1662749230","labeledBy":"LABELER","labeledByUserId":6814,"acceptedByUserId":null,"rejectedByUserId":null,"layer":0,"counter":0,"status":"ACCEPTED","hashCode":"SPAN:52S_6moRfhjC-yXgIBeCp:0:39:0:7:0:39:0:8:3:0:undefined:undefined","labelName":"52S_6moRfhjC-yXgIBeCp","labelItem":{"id":"52S_6moRfhjC-yXgIBeCp","labelName":"Date"},"textPosition":{"start":{"row":39,"column":0,"tokenIndex":7,"charIndex":0},"end":{"row":39,"column":0,"tokenIndex":8,"charIndex":3}},"confidenceScore":null},{"id":"1662749233","labeledBy":"LABELER","labeledByUserId":6814,"acceptedByUserId":null,"rejectedByUserId":null,"layer":0,"counter":0,"status":"ACCEPTED","hashCode":"SPAN:52S_6moRfhjC-yXgIBeCp:0:39:0:10:0:39:0:11:3:0:undefined:undefined","labelName":"52S_6moRfhjC-yXgIBeCp","labelItem":{"id":"52S_6moRfhjC-yXgIBeCp","labelName":"Date"},"textPosition":{"start":{"row":39,"column":0,"tokenIndex":10,"charIndex":0},"end":{"row":39,"column":0,"tokenIndex":11,"charIndex":3}},"confidenceScore":null},{"id":"1662749236","labeledBy":"LABELER","labeledByUserId":6814,"acceptedByUserId":null,"rejectedByUserId":null,"layer":0,"counter":0,"status":"ACCEPTED","hashCode":"SPAN:rj7TW0-ymuRo6f_asXJab:0:39:0:12:0:39:0:13:3:0:undefined:undefined","labelName":"rj7TW0-ymuRo6f_asXJab","labelItem":{"id":"rj7TW0-ymuRo6f_asXJab","labelName":"Company Name"},"textPosition":{"start":{"row":39,"column":0,"tokenIndex":12,"charIndex":0},"end":{"row":39,"column":0,"tokenIndex":13,"charIndex":3}},"confidenceScore":null},{"id":"1662749239","labeledBy":"LABELER","labeledByUserId":6814,"acceptedByUserId":null,"rejectedByUserId":null,"layer":0,"counter":0,"status":"ACCEPTED","hashCode":"SPAN:1R0C50AAwFbEp2O0WmRv6:0:39:0:15:0:39:0:15:3:0:undefined:undefined","labelName":"1R0C50AAwFbEp2O0WmRv6","labelItem":{"id":"1R0C50AAwFbEp2O0WmRv6","labelName":"Location"},"textPosition":{"start":{"row":39,"column":0,"tokenIndex":15,"charIndex":0},"end":{"row":39,"column":0,"tokenIndex":15,"charIndex":3}},"confidenceScore":null},{"id":"1662749242","labeledBy":"LABELER","labeledByUserId":6814,"acceptedByUserId":null,"rejectedByUserId":null,"layer":0,"counter":0,"status":"ACCEPTED","hashCode":"SPAN:1R0C50AAwFbEp2O0WmRv6:0:39:0:17:0:39:0:17:4:0:undefined:undefined","labelName":"1R0C50AAwFbEp2O0WmRv6","labelItem":{"id":"1R0C50AAwFbEp2O0WmRv6","labelName":"Location"},"textPosition":{"start":{"row":39,"column":0,"tokenIndex":17,"charIndex":0},"end":{"row":39,"column":0,"tokenIndex":17,"charIndex":4}},"confidenceScore":null},{"id":"1662749245","labeledBy":"LABELER","labeledByUserId":6814,"acceptedByUserId":null,"rejectedByUserId":null,"layer":0,"counter":0,"status":"ACCEPTED","hashCode":"SPAN:eS2knCRgLegeRw8bcmSWA:0:39:0:18:0:39:0:18:6:0:undefined:undefined","labelName":"eS2knCRgLegeRw8bcmSWA","labelItem":{"id":"eS2knCRgLegeRw8bcmSWA","labelName":"Skill"},"textPosition":{"start":{"row":39,"column":0,"tokenIndex":18,"charIndex":0},"end":{"row":39,"column":0,"tokenIndex":18,"charIndex":6}},"confidenceScore":null},{"id":"1662749248","labeledBy":"LABELER","labeledByUserId":6814,"acceptedByUserId":null,"rejectedByUserId":null,"layer":0,"counter":0,"status":"ACCEPTED","hashCode":"SPAN:eS2knCRgLegeRw8bcmSWA:0:40:0:7:0:40:0:7:3:0:undefined:undefined","labelName":"eS2knCRgLegeRw8bcmSWA","labelItem":{"id":"eS2knCRgLegeRw8bcmSWA","labelName":"Skill"},"textPosition":{"start":{"row":40,"column":0,"tokenIndex":7,"charIndex":0},"end":{"row":40,"column":0,"tokenIndex":7,"charIndex":3}},"confidenceScore":null},{"id":"1662749251","labeledBy":"LABELER","labeledByUserId":6814,"acceptedByUserId":null,"rejectedByUserId":null,"layer":0,"counter":0,"status":"ACCEPTED","hashCode":"SPAN:eS2knCRgLegeRw8bcmSWA:0:40:0:8:0:40:0:8:3:0:undefined:undefined","labelName":"eS2knCRgLegeRw8bcmSWA","labelItem":{"id":"eS2knCRgLegeRw8bcmSWA","labelName":"Skill"},"textPosition":{"start":{"row":40,"column":0,"tokenIndex":8,"charIndex":0},"end":{"row":40,"column":0,"tokenIndex":8,"charIndex":3}},"confidenceScore":null},{"id":"1662749254","labeledBy":"LABELER","labeledByUserId":6814,"acceptedByUserId":null,"rejectedByUserId":null,"layer":0,"counter":0,"status":"ACCEPTED","hashCode":"SPAN:eS2knCRgLegeRw8bcmSWA:0:40:0:10:0:40:0:12:12:0:undefined:undefined","labelName":"eS2knCRgLegeRw8bcmSWA","labelItem":{"id":"eS2knCRgLegeRw8bcmSWA","labelName":"Skill"},"textPosition":{"start":{"row":40,"column":0,"tokenIndex":10,"charIndex":0},"end":{"row":40,"column":0,"tokenIndex":12,"charIndex":12}},"confidenceScore":null},{"id":"1662749257","labeledBy":"LABELER","labeledByUserId":6814,"acceptedByUserId":null,"rejectedByUserId":null,"layer":0,"counter":0,"status":"ACCEPTED","hashCode":"SPAN:eS2knCRgLegeRw8bcmSWA:0:40:0:15:0:40:0:17:7:0:undefined:undefined","labelName":"eS2knCRgLegeRw8bcmSWA","labelItem":{"id":"eS2knCRgLegeRw8bcmSWA","labelName":"Skill"},"textPosition":{"start":{"row":40,"column":0,"tokenIndex":15,"charIndex":0},"end":{"row":40,"column":0,"tokenIndex":17,"charIndex":7}},"confidenceScore":null},{"id":"1662749260","labeledBy":"LABELER","labeledByUserId":6814,"acceptedByUserId":null,"rejectedByUserId":null,"layer":0,"counter":0,"status":"ACCEPTED","hashCode":"SPAN:SJEkdao76hjwbb6Fh5SY6:0:50:0:0:0:50:0:1:12:0:undefined:undefined","labelName":"SJEkdao76hjwbb6Fh5SY6","labelItem":{"id":"SJEkdao76hjwbb6Fh5SY6","labelName":"Job Title"},"textPosition":{"start":{"row":50,"column":0,"tokenIndex":0,"charIndex":0},"end":{"row":50,"column":0,"tokenIndex":1,"charIndex":12}},"confidenceScore":null},{"id":"1662749263","labeledBy":"LABELER","labeledByUserId":6814,"acceptedByUserId":null,"rejectedByUserId":null,"layer":0,"counter":0,"status":"ACCEPTED","hashCode":"SPAN:52S_6moRfhjC-yXgIBeCp:0:50:0:2:0:50:0:3:3:0:undefined:undefined","labelName":"52S_6moRfhjC-yXgIBeCp","labelItem":{"id":"52S_6moRfhjC-yXgIBeCp","labelName":"Date"},"textPosition":{"start":{"row":50,"column":0,"tokenIndex":2,"charIndex":0},"end":{"row":50,"column":0,"tokenIndex":3,"charIndex":3}},"confidenceScore":null},{"id":"1662749266","labeledBy":"LABELER","labeledByUserId":6814,"acceptedByUserId":null,"rejectedByUserId":null,"layer":0,"counter":0,"status":"ACCEPTED","hashCode":"SPAN:52S_6moRfhjC-yXgIBeCp:0:50:0:5:0:50:0:6:3:0:undefined:undefined","labelName":"52S_6moRfhjC-yXgIBeCp","labelItem":{"id":"52S_6moRfhjC-yXgIBeCp","labelName":"Date"},"textPosition":{"start":{"row":50,"column":0,"tokenIndex":5,"charIndex":0},"end":{"row":50,"column":0,"tokenIndex":6,"charIndex":3}},"confidenceScore":null},{"id":"1662749269","labeledBy":"LABELER","labeledByUserId":6814,"acceptedByUserId":null,"rejectedByUserId":null,"layer":0,"counter":0,"status":"ACCEPTED","hashCode":"SPAN:rj7TW0-ymuRo6f_asXJab:0:50:0:7:0:50:0:8:3:0:undefined:undefined","labelName":"rj7TW0-ymuRo6f_asXJab","labelItem":{"id":"rj7TW0-ymuRo6f_asXJab","labelName":"Company Name"},"textPosition":{"start":{"row":50,"column":0,"tokenIndex":7,"charIndex":0},"end":{"row":50,"column":0,"tokenIndex":8,"charIndex":3}},"confidenceScore":null},{"id":"1662749272","labeledBy":"LABELER","labeledByUserId":6814,"acceptedByUserId":null,"rejectedByUserId":null,"layer":0,"counter":0,"status":"ACCEPTED","hashCode":"SPAN:1R0C50AAwFbEp2O0WmRv6:0:50:0:10:0:50:0:10:3:0:undefined:undefined","labelName":"1R0C50AAwFbEp2O0WmRv6","labelItem":{"id":"1R0C50AAwFbEp2O0WmRv6","labelName":"Location"},"textPosition":{"start":{"row":50,"column":0,"tokenIndex":10,"charIndex":0},"end":{"row":50,"column":0,"tokenIndex":10,"charIndex":3}},"confidenceScore":null},{"id":"1662749275","labeledBy":"LABELER","labeledByUserId":6814,"acceptedByUserId":null,"rejectedByUserId":null,"layer":0,"counter":0,"status":"ACCEPTED","hashCode":"SPAN:1R0C50AAwFbEp2O0WmRv6:0:50:0:12:0:50:0:12:4:0:undefined:undefined","labelName":"1R0C50AAwFbEp2O0WmRv6","labelItem":{"id":"1R0C50AAwFbEp2O0WmRv6","labelName":"Location"},"textPosition":{"start":{"row":50,"column":0,"tokenIndex":12,"charIndex":0},"end":{"row":50,"column":0,"tokenIndex":12,"charIndex":4}},"confidenceScore":null},{"id":"1662749278","labeledBy":"LABELER","labeledByUserId":6814,"acceptedByUserId":null,"rejectedByUserId":null,"layer":0,"counter":0,"status":"ACCEPTED","hashCode":"SPAN:eS2knCRgLegeRw8bcmSWA:0:50:0:21:0:50:0:23:11:0:undefined:undefined","labelName":"eS2knCRgLegeRw8bcmSWA","labelItem":{"id":"eS2knCRgLegeRw8bcmSWA","labelName":"Skill"},"textPosition":{"start":{"row":50,"column":0,"tokenIndex":21,"charIndex":0},"end":{"row":50,"column":0,"tokenIndex":23,"charIndex":11}},"confidenceScore":null},{"id":"1662749281","labeledBy":"LABELER","labeledByUserId":6814,"acceptedByUserId":null,"rejectedByUserId":null,"layer":0,"counter":0,"status":"ACCEPTED","hashCode":"SPAN:eS2knCRgLegeRw8bcmSWA:0:50:0:26:0:50:0:29:6:0:undefined:undefined","labelName":"eS2knCRgLegeRw8bcmSWA","labelItem":{"id":"eS2knCRgLegeRw8bcmSWA","labelName":"Skill"},"textPosition":{"start":{"row":50,"column":0,"tokenIndex":26,"charIndex":0},"end":{"row":50,"column":0,"tokenIndex":29,"charIndex":6}},"confidenceScore":null},{"id":"1662749284","labeledBy":"LABELER","labeledByUserId":6814,"acceptedByUserId":null,"rejectedByUserId":null,"layer":0,"counter":0,"status":"ACCEPTED","hashCode":"SPAN:eS2knCRgLegeRw8bcmSWA:0:51:0:4:0:51:0:4:3:0:undefined:undefined","labelName":"eS2knCRgLegeRw8bcmSWA","labelItem":{"id":"eS2knCRgLegeRw8bcmSWA","labelName":"Skill"},"textPosition":{"start":{"row":51,"column":0,"tokenIndex":4,"charIndex":0},"end":{"row":51,"column":0,"tokenIndex":4,"charIndex":3}},"confidenceScore":null},{"id":"1662749287","labeledBy":"LABELER","labeledByUserId":6814,"acceptedByUserId":null,"rejectedByUserId":null,"layer":0,"counter":0,"status":"ACCEPTED","hashCode":"SPAN:eS2knCRgLegeRw8bcmSWA:0:51:0:5:0:51:0:5:11:0:undefined:undefined","labelName":"eS2knCRgLegeRw8bcmSWA","labelItem":{"id":"eS2knCRgLegeRw8bcmSWA","labelName":"Skill"},"textPosition":{"start":{"row":51,"column":0,"tokenIndex":5,"charIndex":0},"end":{"row":51,"column":0,"tokenIndex":5,"charIndex":11}},"confidenceScore":null},{"id":"1662749290","labeledBy":"LABELER","labeledByUserId":6814,"acceptedByUserId":null,"rejectedByUserId":null,"layer":0,"counter":0,"status":"ACCEPTED","hashCode":"SPAN:eS2knCRgLegeRw8bcmSWA:0:51:0:6:0:51:0:6:7:0:undefined:undefined","labelName":"eS2knCRgLegeRw8bcmSWA","labelItem":{"id":"eS2knCRgLegeRw8bcmSWA","labelName":"Skill"},"textPosition":{"start":{"row":51,"column":0,"tokenIndex":6,"charIndex":0},"end":{"row":51,"column":0,"tokenIndex":6,"charIndex":7}},"confidenceScore":null},{"id":"1662749294","labeledBy":"LABELER","labeledByUserId":6814,"acceptedByUserId":null,"rejectedByUserId":null,"layer":0,"counter":0,"status":"ACCEPTED","hashCode":"SPAN:eS2knCRgLegeRw8bcmSWA:0:51:0:7:0:51:0:7:4:0:undefined:undefined","labelName":"eS2knCRgLegeRw8bcmSWA","labelItem":{"id":"eS2knCRgLegeRw8bcmSWA","labelName":"Skill"},"textPosition":{"start":{"row":51,"column":0,"tokenIndex":7,"charIndex":0},"end":{"row":51,"column":0,"tokenIndex":7,"charIndex":4}},"confidenceScore":null},{"id":"1662749293","labeledBy":"LABELER","labeledByUserId":6814,"acceptedByUserId":null,"rejectedByUserId":null,"layer":0,"counter":0,"status":"ACCEPTED","hashCode":"SPAN:eS2knCRgLegeRw8bcmSWA:0:51:0:8:0:51:0:8:7:0:undefined:undefined","labelName":"eS2knCRgLegeRw8bcmSWA","labelItem":{"id":"eS2knCRgLegeRw8bcmSWA","labelName":"Skill"},"textPosition":{"start":{"row":51,"column":0,"tokenIndex":8,"charIndex":0},"end":{"row":51,"column":0,"tokenIndex":8,"charIndex":7}},"confidenceScore":null},{"id":"1662749302","labeledBy":"LABELER","labeledByUserId":6814,"acceptedByUserId":null,"rejectedByUserId":null,"layer":0,"counter":0,"status":"ACCEPTED","hashCode":"SPAN:eS2knCRgLegeRw8bcmSWA:0:51:0:10:0:51:0:10:5:0:undefined:undefined","labelName":"eS2knCRgLegeRw8bcmSWA","labelItem":{"id":"eS2knCRgLegeRw8bcmSWA","labelName":"Skill"},"textPosition":{"start":{"row":51,"column":0,"tokenIndex":10,"charIndex":0},"end":{"row":51,"column":0,"tokenIndex":10,"charIndex":5}},"confidenceScore":null},{"id":"1662749299","labeledBy":"LABELER","labeledByUserId":6814,"acceptedByUserId":null,"rejectedByUserId":null,"layer":0,"counter":0,"status":"ACCEPTED","hashCode":"SPAN:eS2knCRgLegeRw8bcmSWA:0:51:0:11:0:51:0:11:8:0:undefined:undefined","labelName":"eS2knCRgLegeRw8bcmSWA","labelItem":{"id":"eS2knCRgLegeRw8bcmSWA","labelName":"Skill"},"textPosition":{"start":{"row":51,"column":0,"tokenIndex":11,"charIndex":0},"end":{"row":51,"column":0,"tokenIndex":11,"charIndex":8}},"confidenceScore":null},{"id":"1662749305","labeledBy":"LABELER","labeledByUserId":6814,"acceptedByUserId":null,"rejectedByUserId":null,"layer":0,"counter":0,"status":"ACCEPTED","hashCode":"SPAN:eS2knCRgLegeRw8bcmSWA:0:51:0:13:0:51:0:13:5:0:undefined:undefined","labelName":"eS2knCRgLegeRw8bcmSWA","labelItem":{"id":"eS2knCRgLegeRw8bcmSWA","labelName":"Skill"},"textPosition":{"start":{"row":51,"column":0,"tokenIndex":13,"charIndex":0},"end":{"row":51,"column":0,"tokenIndex":13,"charIndex":5}},"confidenceScore":null},{"id":"1662749308","labeledBy":"LABELER","labeledByUserId":6814,"acceptedByUserId":null,"rejectedByUserId":null,"layer":0,"counter":0,"status":"ACCEPTED","hashCode":"SPAN:eS2knCRgLegeRw8bcmSWA:0:51:0:15:0:51:0:16:6:0:undefined:undefined","labelName":"eS2knCRgLegeRw8bcmSWA","labelItem":{"id":"eS2knCRgLegeRw8bcmSWA","labelName":"Skill"},"textPosition":{"start":{"row":51,"column":0,"tokenIndex":15,"charIndex":0},"end":{"row":51,"column":0,"tokenIndex":16,"charIndex":6}},"confidenceScore":null},{"id":"1662749311","labeledBy":"LABELER","labeledByUserId":6814,"acceptedByUserId":null,"rejectedByUserId":null,"layer":0,"counter":0,"status":"ACCEPTED","hashCode":"SPAN:eS2knCRgLegeRw8bcmSWA:0:51:0:20:0:51:0:20:3:0:undefined:undefined","labelName":"eS2knCRgLegeRw8bcmSWA","labelItem":{"id":"eS2knCRgLegeRw8bcmSWA","labelName":"Skill"},"textPosition":{"start":{"row":51,"column":0,"tokenIndex":20,"charIndex":0},"end":{"row":51,"column":0,"tokenIndex":20,"charIndex":3}},"confidenceScore":null},{"id":"1662749314","labeledBy":"LABELER","labeledByUserId":6814,"acceptedByUserId":null,"rejectedByUserId":null,"layer":0,"counter":0,"status":"ACCEPTED","hashCode":"SPAN:eS2knCRgLegeRw8bcmSWA:0:51:0:21:0:51:0:23:4:0:undefined:undefined","labelName":"eS2knCRgLegeRw8bcmSWA","labelItem":{"id":"eS2knCRgLegeRw8bcmSWA","labelName":"Skill"},"textPosition":{"start":{"row":51,"column":0,"tokenIndex":21,"charIndex":0},"end":{"row":51,"column":0,"tokenIndex":23,"charIndex":4}},"confidenceScore":null},{"id":"1662749317","labeledBy":"LABELER","labeledByUserId":6814,"acceptedByUserId":null,"rejectedByUserId":null,"layer":0,"counter":0,"status":"ACCEPTED","hashCode":"SPAN:eS2knCRgLegeRw8bcmSWA:0:51:0:25:0:51:0:26:8:0:undefined:undefined","labelName":"eS2knCRgLegeRw8bcmSWA","labelItem":{"id":"eS2knCRgLegeRw8bcmSWA","labelName":"Skill"},"textPosition":{"start":{"row":51,"column":0,"tokenIndex":25,"charIndex":0},"end":{"row":51,"column":0,"tokenIndex":26,"charIndex":8}},"confidenceScore":null},{"id":"1662749320","labeledBy":"LABELER","labeledByUserId":6814,"acceptedByUserId":null,"rejectedByUserId":null,"layer":0,"counter":0,"status":"ACCEPTED","hashCode":"SPAN:eS2knCRgLegeRw8bcmSWA:0:52:0:6:0:52:0:7:9:0:undefined:undefined","labelName":"eS2knCRgLegeRw8bcmSWA","labelItem":{"id":"eS2knCRgLegeRw8bcmSWA","labelName":"Skill"},"textPosition":{"start":{"row":52,"column":0,"tokenIndex":6,"charIndex":0},"end":{"row":52,"column":0,"tokenIndex":7,"charIndex":9}},"confidenceScore":null},{"id":"1662749323","labeledBy":"LABELER","labeledByUserId":6814,"acceptedByUserId":null,"rejectedByUserId":null,"layer":0,"counter":0,"status":"ACCEPTED","hashCode":"SPAN:eS2knCRgLegeRw8bcmSWA:0:52:0:13:0:52:0:14:4:0:undefined:undefined","labelName":"eS2knCRgLegeRw8bcmSWA","labelItem":{"id":"eS2knCRgLegeRw8bcmSWA","labelName":"Skill"},"textPosition":{"start":{"row":52,"column":0,"tokenIndex":13,"charIndex":0},"end":{"row":52,"column":0,"tokenIndex":14,"charIndex":4}},"confidenceScore":null},{"id":"1662749326","labeledBy":"LABELER","labeledByUserId":6814,"acceptedByUserId":null,"rejectedByUserId":null,"layer":0,"counter":0,"status":"ACCEPTED","hashCode":"SPAN:eS2knCRgLegeRw8bcmSWA:0:52:0:20:0:52:0:20:8:0:undefined:undefined","labelName":"eS2knCRgLegeRw8bcmSWA","labelItem":{"id":"eS2knCRgLegeRw8bcmSWA","labelName":"Skill"},"textPosition":{"start":{"row":52,"column":0,"tokenIndex":20,"charIndex":0},"end":{"row":52,"column":0,"tokenIndex":20,"charIndex":8}},"confidenceScore":null},{"id":"1662749329","labeledBy":"LABELER","labeledByUserId":6814,"acceptedByUserId":null,"rejectedByUserId":null,"layer":0,"counter":0,"status":"ACCEPTED","hashCode":"SPAN:eS2knCRgLegeRw8bcmSWA:0:53:0:5:0:53:0:6:6:0:undefined:undefined","labelName":"eS2knCRgLegeRw8bcmSWA","labelItem":{"id":"eS2knCRgLegeRw8bcmSWA","labelName":"Skill"},"textPosition":{"start":{"row":53,"column":0,"tokenIndex":5,"charIndex":0},"end":{"row":53,"column":0,"tokenIndex":6,"charIndex":6}},"confidenceScore":null},{"id":"1662749332","labeledBy":"LABELER","labeledByUserId":6814,"acceptedByUserId":null,"rejectedByUserId":null,"layer":0,"counter":0,"status":"ACCEPTED","hashCode":"SPAN:eS2knCRgLegeRw8bcmSWA:0:53:0:7:0:53:0:8:7:0:undefined:undefined","labelName":"eS2knCRgLegeRw8bcmSWA","labelItem":{"id":"eS2knCRgLegeRw8bcmSWA","labelName":"Skill"},"textPosition":{"start":{"row":53,"column":0,"tokenIndex":7,"charIndex":0},"end":{"row":53,"column":0,"tokenIndex":8,"charIndex":7}},"confidenceScore":null},{"id":"1662749335","labeledBy":"LABELER","labeledByUserId":6814,"acceptedByUserId":null,"rejectedByUserId":null,"layer":0,"counter":0,"status":"ACCEPTED","hashCode":"SPAN:eS2knCRgLegeRw8bcmSWA:0:53:0:10:0:53:0:11:4:0:undefined:undefined","labelName":"eS2knCRgLegeRw8bcmSWA","labelItem":{"id":"eS2knCRgLegeRw8bcmSWA","labelName":"Skill"},"textPosition":{"start":{"row":53,"column":0,"tokenIndex":10,"charIndex":0},"end":{"row":53,"column":0,"tokenIndex":11,"charIndex":4}},"confidenceScore":null},{"id":"1662749338","labeledBy":"LABELER","labeledByUserId":6814,"acceptedByUserId":null,"rejectedByUserId":null,"layer":0,"counter":0,"status":"ACCEPTED","hashCode":"SPAN:SJEkdao76hjwbb6Fh5SY6:0:57:0:0:0:57:0:2:13:0:undefined:undefined","labelName":"SJEkdao76hjwbb6Fh5SY6","labelItem":{"id":"SJEkdao76hjwbb6Fh5SY6","labelName":"Job Title"},"textPosition":{"start":{"row":57,"column":0,"tokenIndex":0,"charIndex":0},"end":{"row":57,"column":0,"tokenIndex":2,"charIndex":13}},"confidenceScore":null},{"id":"1662749341","labeledBy":"LABELER","labeledByUserId":6814,"acceptedByUserId":null,"rejectedByUserId":null,"layer":0,"counter":0,"status":"ACCEPTED","hashCode":"SPAN:52S_6moRfhjC-yXgIBeCp:0:57:0:3:0:57:0:4:3:0:undefined:undefined","labelName":"52S_6moRfhjC-yXgIBeCp","labelItem":{"id":"52S_6moRfhjC-yXgIBeCp","labelName":"Date"},"textPosition":{"start":{"row":57,"column":0,"tokenIndex":3,"charIndex":0},"end":{"row":57,"column":0,"tokenIndex":4,"charIndex":3}},"confidenceScore":null},{"id":"1662749344","labeledBy":"LABELER","labeledByUserId":6814,"acceptedByUserId":null,"rejectedByUserId":null,"layer":0,"counter":0,"status":"ACCEPTED","hashCode":"SPAN:52S_6moRfhjC-yXgIBeCp:0:57:0:6:0:57:0:7:3:0:undefined:undefined","labelName":"52S_6moRfhjC-yXgIBeCp","labelItem":{"id":"52S_6moRfhjC-yXgIBeCp","labelName":"Date"},"textPosition":{"start":{"row":57,"column":0,"tokenIndex":6,"charIndex":0},"end":{"row":57,"column":0,"tokenIndex":7,"charIndex":3}},"confidenceScore":null},{"id":"1662749353","labeledBy":"LABELER","labeledByUserId":6814,"acceptedByUserId":null,"rejectedByUserId":null,"layer":0,"counter":0,"status":"ACCEPTED","hashCode":"SPAN:rj7TW0-ymuRo6f_asXJab:0:57:0:8:0:57:0:9:3:0:undefined:undefined","labelName":"rj7TW0-ymuRo6f_asXJab","labelItem":{"id":"rj7TW0-ymuRo6f_asXJab","labelName":"Company Name"},"textPosition":{"start":{"row":57,"column":0,"tokenIndex":8,"charIndex":0},"end":{"row":57,"column":0,"tokenIndex":9,"charIndex":3}},"confidenceScore":null},{"id":"1662749356","labeledBy":"LABELER","labeledByUserId":6814,"acceptedByUserId":null,"rejectedByUserId":null,"layer":0,"counter":0,"status":"ACCEPTED","hashCode":"SPAN:1R0C50AAwFbEp2O0WmRv6:0:57:0:11:0:57:0:11:3:0:undefined:undefined","labelName":"1R0C50AAwFbEp2O0WmRv6","labelItem":{"id":"1R0C50AAwFbEp2O0WmRv6","labelName":"Location"},"textPosition":{"start":{"row":57,"column":0,"tokenIndex":11,"charIndex":0},"end":{"row":57,"column":0,"tokenIndex":11,"charIndex":3}},"confidenceScore":null},{"id":"1662749362","labeledBy":"LABELER","labeledByUserId":6814,"acceptedByUserId":null,"rejectedByUserId":null,"layer":0,"counter":0,"status":"ACCEPTED","hashCode":"SPAN:1R0C50AAwFbEp2O0WmRv6:0:57:0:13:0:57:0:13:4:0:undefined:undefined","labelName":"1R0C50AAwFbEp2O0WmRv6","labelItem":{"id":"1R0C50AAwFbEp2O0WmRv6","labelName":"Location"},"textPosition":{"start":{"row":57,"column":0,"tokenIndex":13,"charIndex":0},"end":{"row":57,"column":0,"tokenIndex":13,"charIndex":4}},"confidenceScore":null},{"id":"1662749368","labeledBy":"LABELER","labeledByUserId":6814,"acceptedByUserId":null,"rejectedByUserId":null,"layer":0,"counter":0,"status":"ACCEPTED","hashCode":"SPAN:IeEoIKabMl51BJE0gX2YL:0:57:0:15:0:57:0:15:4:0:undefined:undefined","labelName":"IeEoIKabMl51BJE0gX2YL","labelItem":{"id":"IeEoIKabMl51BJE0gX2YL","labelName":"Degree"},"textPosition":{"start":{"row":57,"column":0,"tokenIndex":15,"charIndex":0},"end":{"row":57,"column":0,"tokenIndex":15,"charIndex":4}},"confidenceScore":null},{"id":"1662749371","labeledBy":"LABELER","labeledByUserId":6814,"acceptedByUserId":null,"rejectedByUserId":null,"layer":0,"counter":0,"status":"ACCEPTED","hashCode":"SPAN:BjO8MdvK2KI4E5iMEeY4B:0:57:0:17:0:57:0:18:3:0:undefined:undefined","labelName":"BjO8MdvK2KI4E5iMEeY4B","labelItem":{"id":"BjO8MdvK2KI4E5iMEeY4B","labelName":"Graduation Year"},"textPosition":{"start":{"row":57,"column":0,"tokenIndex":17,"charIndex":0},"end":{"row":57,"column":0,"tokenIndex":18,"charIndex":3}},"confidenceScore":null},{"id":"1662749386","labeledBy":"LABELER","labeledByUserId":6814,"acceptedByUserId":null,"rejectedByUserId":null,"layer":0,"counter":0,"status":"ACCEPTED","hashCode":"SPAN:Kj5U6n9NUqTXuWcB3c_7L:0:57:0:19:0:57:0:21:12:0:undefined:undefined","labelName":"Kj5U6n9NUqTXuWcB3c_7L","labelItem":{"id":"Kj5U6n9NUqTXuWcB3c_7L","labelName":"College"},"textPosition":{"start":{"row":57,"column":0,"tokenIndex":19,"charIndex":0},"end":{"row":57,"column":0,"tokenIndex":21,"charIndex":12}},"confidenceScore":null},{"id":"1662749389","labeledBy":"LABELER","labeledByUserId":6814,"acceptedByUserId":null,"rejectedByUserId":null,"layer":0,"counter":0,"status":"ACCEPTED","hashCode":"SPAN:1R0C50AAwFbEp2O0WmRv6:0:57:0:23:0:57:0:23:3:0:undefined:undefined","labelName":"1R0C50AAwFbEp2O0WmRv6","labelItem":{"id":"1R0C50AAwFbEp2O0WmRv6","labelName":"Location"},"textPosition":{"start":{"row":57,"column":0,"tokenIndex":23,"charIndex":0},"end":{"row":57,"column":0,"tokenIndex":23,"charIndex":3}},"confidenceScore":null},{"id":"1662749392","labeledBy":"LABELER","labeledByUserId":6814,"acceptedByUserId":null,"rejectedByUserId":null,"layer":0,"counter":0,"status":"ACCEPTED","hashCode":"SPAN:1R0C50AAwFbEp2O0WmRv6:0:57:0:25:0:57:0:25:4:0:undefined:undefined","labelName":"1R0C50AAwFbEp2O0WmRv6","labelItem":{"id":"1R0C50AAwFbEp2O0WmRv6","labelName":"Location"},"textPosition":{"start":{"row":57,"column":0,"tokenIndex":25,"charIndex":0},"end":{"row":57,"column":0,"tokenIndex":25,"charIndex":4}},"confidenceScore":null},{"id":"1662749411","labeledBy":"LABELER","labeledByUserId":6814,"acceptedByUserId":null,"rejectedByUserId":null,"layer":0,"counter":0,"status":"ACCEPTED","hashCode":"SPAN:IeEoIKabMl51BJE0gX2YL:0:57:0:26:0:57:0:29:5:0:undefined:undefined","labelName":"IeEoIKabMl51BJE0gX2YL","labelItem":{"id":"IeEoIKabMl51BJE0gX2YL","labelName":"Degree"},"textPosition":{"start":{"row":57,"column":0,"tokenIndex":26,"charIndex":0},"end":{"row":57,"column":0,"tokenIndex":29,"charIndex":5}},"confidenceScore":null},{"id":"1662749423","labeledBy":"LABELER","labeledByUserId":6814,"acceptedByUserId":null,"rejectedByUserId":null,"layer":0,"counter":0,"status":"ACCEPTED","hashCode":"SPAN:BjO8MdvK2KI4E5iMEeY4B:0:57:0:31:0:57:0:32:3:0:undefined:undefined","labelName":"BjO8MdvK2KI4E5iMEeY4B","labelItem":{"id":"BjO8MdvK2KI4E5iMEeY4B","labelName":"Graduation Year"},"textPosition":{"start":{"row":57,"column":0,"tokenIndex":31,"charIndex":0},"end":{"row":57,"column":0,"tokenIndex":32,"charIndex":3}},"confidenceScore":null},{"id":"1662749432","labeledBy":"LABELER","labeledByUserId":6814,"acceptedByUserId":null,"rejectedByUserId":null,"layer":0,"counter":0,"status":"ACCEPTED","hashCode":"SPAN:Kj5U6n9NUqTXuWcB3c_7L:0:57:0:33:0:57:0:35:9:0:undefined:undefined","labelName":"Kj5U6n9NUqTXuWcB3c_7L","labelItem":{"id":"Kj5U6n9NUqTXuWcB3c_7L","labelName":"College"},"textPosition":{"start":{"row":57,"column":0,"tokenIndex":33,"charIndex":0},"end":{"row":57,"column":0,"tokenIndex":35,"charIndex":9}},"confidenceScore":null},{"id":"1662749447","labeledBy":"LABELER","labeledByUserId":6814,"acceptedByUserId":null,"rejectedByUserId":null,"layer":0,"counter":0,"status":"ACCEPTED","hashCode":"SPAN:1R0C50AAwFbEp2O0WmRv6:0:57:0:37:0:57:0:37:3:0:undefined:undefined","labelName":"1R0C50AAwFbEp2O0WmRv6","labelItem":{"id":"1R0C50AAwFbEp2O0WmRv6","labelName":"Location"},"textPosition":{"start":{"row":57,"column":0,"tokenIndex":37,"charIndex":0},"end":{"row":57,"column":0,"tokenIndex":37,"charIndex":3}},"confidenceScore":null},{"id":"1662749467","labeledBy":"LABELER","labeledByUserId":6814,"acceptedByUserId":null,"rejectedByUserId":null,"layer":0,"counter":0,"status":"ACCEPTED","hashCode":"SPAN:eS2knCRgLegeRw8bcmSWA:0:57:0:47:0:57:0:49:10:0:undefined:undefined","labelName":"eS2knCRgLegeRw8bcmSWA","labelItem":{"id":"eS2knCRgLegeRw8bcmSWA","labelName":"Skill"},"textPosition":{"start":{"row":57,"column":0,"tokenIndex":47,"charIndex":0},"end":{"row":57,"column":0,"tokenIndex":49,"charIndex":10}},"confidenceScore":null},{"id":"1662749482","labeledBy":"LABELER","labeledByUserId":6814,"acceptedByUserId":null,"rejectedByUserId":null,"layer":0,"counter":0,"status":"ACCEPTED","hashCode":"SPAN:eS2knCRgLegeRw8bcmSWA:0:57:0:52:0:57:0:56:9:0:undefined:undefined","labelName":"eS2knCRgLegeRw8bcmSWA","labelItem":{"id":"eS2knCRgLegeRw8bcmSWA","labelName":"Skill"},"textPosition":{"start":{"row":57,"column":0,"tokenIndex":52,"charIndex":0},"end":{"row":57,"column":0,"tokenIndex":56,"charIndex":9}},"confidenceScore":null},{"id":"1662749488","labeledBy":"LABELER","labeledByUserId":6814,"acceptedByUserId":null,"rejectedByUserId":null,"layer":0,"counter":0,"status":"ACCEPTED","hashCode":"SPAN:eS2knCRgLegeRw8bcmSWA:0:57:0:59:0:57:0:62:7:0:undefined:undefined","labelName":"eS2knCRgLegeRw8bcmSWA","labelItem":{"id":"eS2knCRgLegeRw8bcmSWA","labelName":"Skill"},"textPosition":{"start":{"row":57,"column":0,"tokenIndex":59,"charIndex":0},"end":{"row":57,"column":0,"tokenIndex":62,"charIndex":7}},"confidenceScore":null},{"id":"1662749495","labeledBy":"LABELER","labeledByUserId":6814,"acceptedByUserId":null,"rejectedByUserId":null,"layer":0,"counter":0,"status":"ACCEPTED","hashCode":"SPAN:eS2knCRgLegeRw8bcmSWA:0:57:0:64:0:57:0:67:12:0:undefined:undefined","labelName":"eS2knCRgLegeRw8bcmSWA","labelItem":{"id":"eS2knCRgLegeRw8bcmSWA","labelName":"Skill"},"textPosition":{"start":{"row":57,"column":0,"tokenIndex":64,"charIndex":0},"end":{"row":57,"column":0,"tokenIndex":67,"charIndex":12}},"confidenceScore":null},{"id":"1662749502","labeledBy":"LABELER","labeledByUserId":6814,"acceptedByUserId":null,"rejectedByUserId":null,"layer":0,"counter":0,"status":"ACCEPTED","hashCode":"SPAN:eS2knCRgLegeRw8bcmSWA:0:57:0:69:0:57:0:72:8:0:undefined:undefined","labelName":"eS2knCRgLegeRw8bcmSWA","labelItem":{"id":"eS2knCRgLegeRw8bcmSWA","labelName":"Skill"},"textPosition":{"start":{"row":57,"column":0,"tokenIndex":69,"charIndex":0},"end":{"row":57,"column":0,"tokenIndex":72,"charIndex":8}},"confidenceScore":null},{"id":"1662749505","labeledBy":"LABELER","labeledByUserId":6814,"acceptedByUserId":null,"rejectedByUserId":null,"layer":0,"counter":0,"status":"ACCEPTED","hashCode":"SPAN:eS2knCRgLegeRw8bcmSWA:0:57:0:74:0:57:0:76:12:0:undefined:undefined","labelName":"eS2knCRgLegeRw8bcmSWA","labelItem":{"id":"eS2knCRgLegeRw8bcmSWA","labelName":"Skill"},"textPosition":{"start":{"row":57,"column":0,"tokenIndex":74,"charIndex":0},"end":{"row":57,"column":0,"tokenIndex":76,"charIndex":12}},"confidenceScore":null},{"id":"1662749513","labeledBy":"LABELER","labeledByUserId":6814,"acceptedByUserId":null,"rejectedByUserId":null,"layer":0,"counter":0,"status":"ACCEPTED","hashCode":"SPAN:eS2knCRgLegeRw8bcmSWA:0:57:0:81:0:57:0:82:9:0:undefined:undefined","labelName":"eS2knCRgLegeRw8bcmSWA","labelItem":{"id":"eS2knCRgLegeRw8bcmSWA","labelName":"Skill"},"textPosition":{"start":{"row":57,"column":0,"tokenIndex":81,"charIndex":0},"end":{"row":57,"column":0,"tokenIndex":82,"charIndex":9}},"confidenceScore":null},{"id":"1662749522","labeledBy":"LABELER","labeledByUserId":6814,"acceptedByUserId":null,"rejectedByUserId":null,"layer":0,"counter":0,"status":"ACCEPTED","hashCode":"SPAN:eS2knCRgLegeRw8bcmSWA:0:57:0:83:0:57:0:84:8:0:undefined:undefined","labelName":"eS2knCRgLegeRw8bcmSWA","labelItem":{"id":"eS2knCRgLegeRw8bcmSWA","labelName":"Skill"},"textPosition":{"start":{"row":57,"column":0,"tokenIndex":83,"charIndex":0},"end":{"row":57,"column":0,"tokenIndex":84,"charIndex":8}},"confidenceScore":null},{"id":"1662749525","labeledBy":"LABELER","labeledByUserId":6814,"acceptedByUserId":null,"rejectedByUserId":null,"layer":0,"counter":0,"status":"ACCEPTED","hashCode":"SPAN:eS2knCRgLegeRw8bcmSWA:0:57:0:85:0:57:0:87:7:0:undefined:undefined","labelName":"eS2knCRgLegeRw8bcmSWA","labelItem":{"id":"eS2knCRgLegeRw8bcmSWA","labelName":"Skill"},"textPosition":{"start":{"row":57,"column":0,"tokenIndex":85,"charIndex":0},"end":{"row":57,"column":0,"tokenIndex":87,"charIndex":7}},"confidenceScore":null},{"id":"1662749528","labeledBy":"LABELER","labeledByUserId":6814,"acceptedByUserId":null,"rejectedByUserId":null,"layer":0,"counter":0,"status":"ACCEPTED","hashCode":"SPAN:eS2knCRgLegeRw8bcmSWA:0:57:0:88:0:57:0:89:6:0:undefined:undefined","labelName":"eS2knCRgLegeRw8bcmSWA","labelItem":{"id":"eS2knCRgLegeRw8bcmSWA","labelName":"Skill"},"textPosition":{"start":{"row":57,"column":0,"tokenIndex":88,"charIndex":0},"end":{"row":57,"column":0,"tokenIndex":89,"charIndex":6}},"confidenceScore":null},{"id":"1662749531","labeledBy":"LABELER","labeledByUserId":6814,"acceptedByUserId":null,"rejectedByUserId":null,"layer":0,"counter":0,"status":"ACCEPTED","hashCode":"SPAN:eS2knCRgLegeRw8bcmSWA:0:57:0:90:0:57:0:91:5:0:undefined:undefined","labelName":"eS2knCRgLegeRw8bcmSWA","labelItem":{"id":"eS2knCRgLegeRw8bcmSWA","labelName":"Skill"},"textPosition":{"start":{"row":57,"column":0,"tokenIndex":90,"charIndex":0},"end":{"row":57,"column":0,"tokenIndex":91,"charIndex":5}},"confidenceScore":null},{"id":"1662749539","labeledBy":"LABELER","labeledByUserId":6814,"acceptedByUserId":null,"rejectedByUserId":null,"layer":0,"counter":0,"status":"ACCEPTED","hashCode":"SPAN:eS2knCRgLegeRw8bcmSWA:0:57:0:92:0:57:0:95:7:0:undefined:undefined","labelName":"eS2knCRgLegeRw8bcmSWA","labelItem":{"id":"eS2knCRgLegeRw8bcmSWA","labelName":"Skill"},"textPosition":{"start":{"row":57,"column":0,"tokenIndex":92,"charIndex":0},"end":{"row":57,"column":0,"tokenIndex":95,"charIndex":7}},"confidenceScore":null},{"id":"1662749542","labeledBy":"LABELER","labeledByUserId":6814,"acceptedByUserId":null,"rejectedByUserId":null,"layer":0,"counter":0,"status":"ACCEPTED","hashCode":"SPAN:eS2knCRgLegeRw8bcmSWA:0:57:0:96:0:57:0:98:10:0:undefined:undefined","labelName":"eS2knCRgLegeRw8bcmSWA","labelItem":{"id":"eS2knCRgLegeRw8bcmSWA","labelName":"Skill"},"textPosition":{"start":{"row":57,"column":0,"tokenIndex":96,"charIndex":0},"end":{"row":57,"column":0,"tokenIndex":98,"charIndex":10}},"confidenceScore":null},{"id":"1662749545","labeledBy":"LABELER","labeledByUserId":6814,"acceptedByUserId":null,"rejectedByUserId":null,"layer":0,"counter":0,"status":"ACCEPTED","hashCode":"SPAN:eS2knCRgLegeRw8bcmSWA:0:57:0:99:0:57:0:99:8:0:undefined:undefined","labelName":"eS2knCRgLegeRw8bcmSWA","labelItem":{"id":"eS2knCRgLegeRw8bcmSWA","labelName":"Skill"},"textPosition":{"start":{"row":57,"column":0,"tokenIndex":99,"charIndex":0},"end":{"row":57,"column":0,"tokenIndex":99,"charIndex":8}},"confidenceScore":null},{"id":"1662749548","labeledBy":"LABELER","labeledByUserId":6814,"acceptedByUserId":null,"rejectedByUserId":null,"layer":0,"counter":0,"status":"ACCEPTED","hashCode":"SPAN:eS2knCRgLegeRw8bcmSWA:0:57:0:100:0:57:0:102:7:0:undefined:undefined","labelName":"eS2knCRgLegeRw8bcmSWA","labelItem":{"id":"eS2knCRgLegeRw8bcmSWA","labelName":"Skill"},"textPosition":{"start":{"row":57,"column":0,"tokenIndex":100,"charIndex":0},"end":{"row":57,"column":0,"tokenIndex":102,"charIndex":7}},"confidenceScore":null},{"id":"1662749551","labeledBy":"LABELER","labeledByUserId":6814,"acceptedByUserId":null,"rejectedByUserId":null,"layer":0,"counter":0,"status":"ACCEPTED","hashCode":"SPAN:eS2knCRgLegeRw8bcmSWA:0:57:0:103:0:57:0:104:7:0:undefined:undefined","labelName":"eS2knCRgLegeRw8bcmSWA","labelItem":{"id":"eS2knCRgLegeRw8bcmSWA","labelName":"Skill"},"textPosition":{"start":{"row":57,"column":0,"tokenIndex":103,"charIndex":0},"end":{"row":57,"column":0,"tokenIndex":104,"charIndex":7}},"confidenceScore":null},{"id":"1662749554","labeledBy":"LABELER","labeledByUserId":6814,"acceptedByUserId":null,"rejectedByUserId":null,"layer":0,"counter":0,"status":"ACCEPTED","hashCode":"SPAN:eS2knCRgLegeRw8bcmSWA:0:57:0:105:0:57:0:107:4:0:undefined:undefined","labelName":"eS2knCRgLegeRw8bcmSWA","labelItem":{"id":"eS2knCRgLegeRw8bcmSWA","labelName":"Skill"},"textPosition":{"start":{"row":57,"column":0,"tokenIndex":105,"charIndex":0},"end":{"row":57,"column":0,"tokenIndex":107,"charIndex":4}},"confidenceScore":null},{"id":"1662749557","labeledBy":"LABELER","labeledByUserId":6814,"acceptedByUserId":null,"rejectedByUserId":null,"layer":0,"counter":0,"status":"ACCEPTED","hashCode":"SPAN:eS2knCRgLegeRw8bcmSWA:0:57:0:108:0:57:0:109:3:0:undefined:undefined","labelName":"eS2knCRgLegeRw8bcmSWA","labelItem":{"id":"eS2knCRgLegeRw8bcmSWA","labelName":"Skill"},"textPosition":{"start":{"row":57,"column":0,"tokenIndex":108,"charIndex":0},"end":{"row":57,"column":0,"tokenIndex":109,"charIndex":3}},"confidenceScore":null},{"id":"1662749560","labeledBy":"LABELER","labeledByUserId":6814,"acceptedByUserId":null,"rejectedByUserId":null,"layer":0,"counter":0,"status":"ACCEPTED","hashCode":"SPAN:eS2knCRgLegeRw8bcmSWA:0:57:0:110:0:57:0:110:10:0:undefined:undefined","labelName":"eS2knCRgLegeRw8bcmSWA","labelItem":{"id":"eS2knCRgLegeRw8bcmSWA","labelName":"Skill"},"textPosition":{"start":{"row":57,"column":0,"tokenIndex":110,"charIndex":0},"end":{"row":57,"column":0,"tokenIndex":110,"charIndex":10}},"confidenceScore":null},{"id":"1662749563","labeledBy":"LABELER","labeledByUserId":6814,"acceptedByUserId":null,"rejectedByUserId":null,"layer":0,"counter":0,"status":"ACCEPTED","hashCode":"SPAN:eS2knCRgLegeRw8bcmSWA:0:57:0:111:0:57:0:112:8:0:undefined:undefined","labelName":"eS2knCRgLegeRw8bcmSWA","labelItem":{"id":"eS2knCRgLegeRw8bcmSWA","labelName":"Skill"},"textPosition":{"start":{"row":57,"column":0,"tokenIndex":111,"charIndex":0},"end":{"row":57,"column":0,"tokenIndex":112,"charIndex":8}},"confidenceScore":null},{"id":"1662749566","labeledBy":"LABELER","labeledByUserId":6814,"acceptedByUserId":null,"rejectedByUserId":null,"layer":0,"counter":0,"status":"ACCEPTED","hashCode":"SPAN:eS2knCRgLegeRw8bcmSWA:0:57:0:113:0:57:0:115:8:0:undefined:undefined","labelName":"eS2knCRgLegeRw8bcmSWA","labelItem":{"id":"eS2knCRgLegeRw8bcmSWA","labelName":"Skill"},"textPosition":{"start":{"row":57,"column":0,"tokenIndex":113,"charIndex":0},"end":{"row":57,"column":0,"tokenIndex":115,"charIndex":8}},"confidenceScore":null},{"id":"1662749569","labeledBy":"LABELER","labeledByUserId":6814,"acceptedByUserId":null,"rejectedByUserId":null,"layer":0,"counter":0,"status":"ACCEPTED","hashCode":"SPAN:eS2knCRgLegeRw8bcmSWA:0:57:0:116:0:57:0:118:6:0:undefined:undefined","labelName":"eS2knCRgLegeRw8bcmSWA","labelItem":{"id":"eS2knCRgLegeRw8bcmSWA","labelName":"Skill"},"textPosition":{"start":{"row":57,"column":0,"tokenIndex":116,"charIndex":0},"end":{"row":57,"column":0,"tokenIndex":118,"charIndex":6}},"confidenceScore":null},{"id":"1662749572","labeledBy":"LABELER","labeledByUserId":6814,"acceptedByUserId":null,"rejectedByUserId":null,"layer":0,"counter":0,"status":"ACCEPTED","hashCode":"SPAN:eS2knCRgLegeRw8bcmSWA:0:57:0:119:0:57:0:119:5:0:undefined:undefined","labelName":"eS2knCRgLegeRw8bcmSWA","labelItem":{"id":"eS2knCRgLegeRw8bcmSWA","labelName":"Skill"},"textPosition":{"start":{"row":57,"column":0,"tokenIndex":119,"charIndex":0},"end":{"row":57,"column":0,"tokenIndex":119,"charIndex":5}},"confidenceScore":null},{"id":"1662749575","labeledBy":"LABELER","labeledByUserId":6814,"acceptedByUserId":null,"rejectedByUserId":null,"layer":0,"counter":0,"status":"ACCEPTED","hashCode":"SPAN:eS2knCRgLegeRw8bcmSWA:0:57:0:120:0:57:0:120:10:0:undefined:undefined","labelName":"eS2knCRgLegeRw8bcmSWA","labelItem":{"id":"eS2knCRgLegeRw8bcmSWA","labelName":"Skill"},"textPosition":{"start":{"row":57,"column":0,"tokenIndex":120,"charIndex":0},"end":{"row":57,"column":0,"tokenIndex":120,"charIndex":10}},"confidenceScore":null},{"id":"1662749578","labeledBy":"LABELER","labeledByUserId":6814,"acceptedByUserId":null,"rejectedByUserId":null,"layer":0,"counter":0,"status":"ACCEPTED","hashCode":"SPAN:eS2knCRgLegeRw8bcmSWA:0:57:0:121:0:57:0:123:10:0:undefined:undefined","labelName":"eS2knCRgLegeRw8bcmSWA","labelItem":{"id":"eS2knCRgLegeRw8bcmSWA","labelName":"Skill"},"textPosition":{"start":{"row":57,"column":0,"tokenIndex":121,"charIndex":0},"end":{"row":57,"column":0,"tokenIndex":123,"charIndex":10}},"confidenceScore":null},{"id":"1662749581","labeledBy":"LABELER","labeledByUserId":6814,"acceptedByUserId":null,"rejectedByUserId":null,"layer":0,"counter":0,"status":"ACCEPTED","hashCode":"SPAN:eS2knCRgLegeRw8bcmSWA:0:57:0:124:0:57:0:127:6:0:undefined:undefined","labelName":"eS2knCRgLegeRw8bcmSWA","labelItem":{"id":"eS2knCRgLegeRw8bcmSWA","labelName":"Skill"},"textPosition":{"start":{"row":57,"column":0,"tokenIndex":124,"charIndex":0},"end":{"row":57,"column":0,"tokenIndex":127,"charIndex":6}},"confidenceScore":null},{"id":"1662749584","labeledBy":"LABELER","labeledByUserId":6814,"acceptedByUserId":null,"rejectedByUserId":null,"layer":0,"counter":0,"status":"ACCEPTED","hashCode":"SPAN:eS2knCRgLegeRw8bcmSWA:0:57:0:128:0:57:0:128:6:0:undefined:undefined","labelName":"eS2knCRgLegeRw8bcmSWA","labelItem":{"id":"eS2knCRgLegeRw8bcmSWA","labelName":"Skill"},"textPosition":{"start":{"row":57,"column":0,"tokenIndex":128,"charIndex":0},"end":{"row":57,"column":0,"tokenIndex":128,"charIndex":6}},"confidenceScore":null},{"id":"1662749587","labeledBy":"LABELER","labeledByUserId":6814,"acceptedByUserId":null,"rejectedByUserId":null,"layer":0,"counter":0,"status":"ACCEPTED","hashCode":"SPAN:eS2knCRgLegeRw8bcmSWA:0:57:0:129:0:57:0:129:7:0:undefined:undefined","labelName":"eS2knCRgLegeRw8bcmSWA","labelItem":{"id":"eS2knCRgLegeRw8bcmSWA","labelName":"Skill"},"textPosition":{"start":{"row":57,"column":0,"tokenIndex":129,"charIndex":0},"end":{"row":57,"column":0,"tokenIndex":129,"charIndex":7}},"confidenceScore":null},{"id":"1662749590","labeledBy":"LABELER","labeledByUserId":6814,"acceptedByUserId":null,"rejectedByUserId":null,"layer":0,"counter":0,"status":"ACCEPTED","hashCode":"SPAN:eS2knCRgLegeRw8bcmSWA:0:57:0:130:0:57:0:131:6:0:undefined:undefined","labelName":"eS2knCRgLegeRw8bcmSWA","labelItem":{"id":"eS2knCRgLegeRw8bcmSWA","labelName":"Skill"},"textPosition":{"start":{"row":57,"column":0,"tokenIndex":130,"charIndex":0},"end":{"row":57,"column":0,"tokenIndex":131,"charIndex":6}},"confidenceScore":null},{"id":"1662749596","labeledBy":"LABELER","labeledByUserId":6814,"acceptedByUserId":null,"rejectedByUserId":null,"layer":0,"counter":0,"status":"ACCEPTED","hashCode":"SPAN:eS2knCRgLegeRw8bcmSWA:0:57:0:132:0:57:0:134:6:0:undefined:undefined","labelName":"eS2knCRgLegeRw8bcmSWA","labelItem":{"id":"eS2knCRgLegeRw8bcmSWA","labelName":"Skill"},"textPosition":{"start":{"row":57,"column":0,"tokenIndex":132,"charIndex":0},"end":{"row":57,"column":0,"tokenIndex":134,"charIndex":6}},"confidenceScore":null},{"id":"1662749714","labeledBy":"LABELER","labeledByUserId":6814,"acceptedByUserId":null,"rejectedByUserId":null,"layer":0,"counter":0,"status":"ACCEPTED","hashCode":"SPAN:eS2knCRgLegeRw8bcmSWA:0:57:0:135:0:57:0:137:7:0:undefined:undefined","labelName":"eS2knCRgLegeRw8bcmSWA","labelItem":{"id":"eS2knCRgLegeRw8bcmSWA","labelName":"Skill"},"textPosition":{"start":{"row":57,"column":0,"tokenIndex":135,"charIndex":0},"end":{"row":57,"column":0,"tokenIndex":137,"charIndex":7}},"confidenceScore":null},{"id":"1662750062","labeledBy":"LABELER","labeledByUserId":6814,"acceptedByUserId":null,"rejectedByUserId":null,"layer":0,"counter":0,"status":"ACCEPTED","hashCode":"SPAN:eS2knCRgLegeRw8bcmSWA:0:57:0:138:0:57:0:139:4:0:undefined:undefined","labelName":"eS2knCRgLegeRw8bcmSWA","labelItem":{"id":"eS2knCRgLegeRw8bcmSWA","labelName":"Skill"},"textPosition":{"start":{"row":57,"column":0,"tokenIndex":138,"charIndex":0},"end":{"row":57,"column":0,"tokenIndex":139,"charIndex":4}},"confidenceScore":null},{"id":"1662750065","labeledBy":"LABELER","labeledByUserId":6814,"acceptedByUserId":null,"rejectedByUserId":null,"layer":0,"counter":0,"status":"ACCEPTED","hashCode":"SPAN:eS2knCRgLegeRw8bcmSWA:0:57:0:140:0:57:0:141:6:0:undefined:undefined","labelName":"eS2knCRgLegeRw8bcmSWA","labelItem":{"id":"eS2knCRgLegeRw8bcmSWA","labelName":"Skill"},"textPosition":{"start":{"row":57,"column":0,"tokenIndex":140,"charIndex":0},"end":{"row":57,"column":0,"tokenIndex":141,"charIndex":6}},"confidenceScore":null},{"id":"1662750168","labeledBy":"LABELER","labeledByUserId":6814,"acceptedByUserId":null,"rejectedByUserId":null,"layer":0,"counter":0,"status":"ACCEPTED","hashCode":"SPAN:eS2knCRgLegeRw8bcmSWA:0:57:0:142:0:57:0:142:5:0:undefined:undefined","labelName":"eS2knCRgLegeRw8bcmSWA","labelItem":{"id":"eS2knCRgLegeRw8bcmSWA","labelName":"Skill"},"textPosition":{"start":{"row":57,"column":0,"tokenIndex":142,"charIndex":0},"end":{"row":57,"column":0,"tokenIndex":142,"charIndex":5}},"confidenceScore":null},{"id":"1662750524","labeledBy":"LABELER","labeledByUserId":6814,"acceptedByUserId":null,"rejectedByUserId":null,"layer":0,"counter":0,"status":"ACCEPTED","hashCode":"SPAN:eS2knCRgLegeRw8bcmSWA:0:58:0:3:0:58:0:4:9:0:undefined:undefined","labelName":"eS2knCRgLegeRw8bcmSWA","labelItem":{"id":"eS2knCRgLegeRw8bcmSWA","labelName":"Skill"},"textPosition":{"start":{"row":58,"column":0,"tokenIndex":3,"charIndex":0},"end":{"row":58,"column":0,"tokenIndex":4,"charIndex":9}},"confidenceScore":null},{"id":"1662750627","labeledBy":"LABELER","labeledByUserId":6814,"acceptedByUserId":null,"rejectedByUserId":null,"layer":0,"counter":0,"status":"ACCEPTED","hashCode":"SPAN:eS2knCRgLegeRw8bcmSWA:0:58:0:5:0:58:0:6:7:0:undefined:undefined","labelName":"eS2knCRgLegeRw8bcmSWA","labelItem":{"id":"eS2knCRgLegeRw8bcmSWA","labelName":"Skill"},"textPosition":{"start":{"row":58,"column":0,"tokenIndex":5,"charIndex":0},"end":{"row":58,"column":0,"tokenIndex":6,"charIndex":7}},"confidenceScore":null},{"id":"1662750830","labeledBy":"LABELER","labeledByUserId":6814,"acceptedByUserId":null,"rejectedByUserId":null,"layer":0,"counter":0,"status":"ACCEPTED","hashCode":"SPAN:eS2knCRgLegeRw8bcmSWA:0:58:0:7:0:58:0:8:8:0:undefined:undefined","labelName":"eS2knCRgLegeRw8bcmSWA","labelItem":{"id":"eS2knCRgLegeRw8bcmSWA","labelName":"Skill"},"textPosition":{"start":{"row":58,"column":0,"tokenIndex":7,"charIndex":0},"end":{"row":58,"column":0,"tokenIndex":8,"charIndex":8}},"confidenceScore":null},{"id":"1662750833","labeledBy":"LABELER","labeledByUserId":6814,"acceptedByUserId":null,"rejectedByUserId":null,"layer":0,"counter":0,"status":"ACCEPTED","hashCode":"SPAN:eS2knCRgLegeRw8bcmSWA:0:58:0:9:0:58:0:10:9:0:undefined:undefined","labelName":"eS2knCRgLegeRw8bcmSWA","labelItem":{"id":"eS2knCRgLegeRw8bcmSWA","labelName":"Skill"},"textPosition":{"start":{"row":58,"column":0,"tokenIndex":9,"charIndex":0},"end":{"row":58,"column":0,"tokenIndex":10,"charIndex":9}},"confidenceScore":null},{"id":"1662750936","labeledBy":"LABELER","labeledByUserId":6814,"acceptedByUserId":null,"rejectedByUserId":null,"layer":0,"counter":0,"status":"ACCEPTED","hashCode":"SPAN:eS2knCRgLegeRw8bcmSWA:0:58:0:11:0:58:0:13:8:0:undefined:undefined","labelName":"eS2knCRgLegeRw8bcmSWA","labelItem":{"id":"eS2knCRgLegeRw8bcmSWA","labelName":"Skill"},"textPosition":{"start":{"row":58,"column":0,"tokenIndex":11,"charIndex":0},"end":{"row":58,"column":0,"tokenIndex":13,"charIndex":8}},"confidenceScore":null},{"id":"1662751139","labeledBy":"LABELER","labeledByUserId":6814,"acceptedByUserId":null,"rejectedByUserId":null,"layer":0,"counter":0,"status":"ACCEPTED","hashCode":"SPAN:eS2knCRgLegeRw8bcmSWA:0:58:0:14:0:58:0:15:5:0:undefined:undefined","labelName":"eS2knCRgLegeRw8bcmSWA","labelItem":{"id":"eS2knCRgLegeRw8bcmSWA","labelName":"Skill"},"textPosition":{"start":{"row":58,"column":0,"tokenIndex":14,"charIndex":0},"end":{"row":58,"column":0,"tokenIndex":15,"charIndex":5}},"confidenceScore":null},{"id":"1662751142","labeledBy":"LABELER","labeledByUserId":6814,"acceptedByUserId":null,"rejectedByUserId":null,"layer":0,"counter":0,"status":"ACCEPTED","hashCode":"SPAN:eS2knCRgLegeRw8bcmSWA:0:58:0:16:0:58:0:17:5:0:undefined:undefined","labelName":"eS2knCRgLegeRw8bcmSWA","labelItem":{"id":"eS2knCRgLegeRw8bcmSWA","labelName":"Skill"},"textPosition":{"start":{"row":58,"column":0,"tokenIndex":16,"charIndex":0},"end":{"row":58,"column":0,"tokenIndex":17,"charIndex":5}},"confidenceScore":null},{"id":"1662751331","labeledBy":"LABELER","labeledByUserId":6814,"acceptedByUserId":null,"rejectedByUserId":null,"layer":0,"counter":0,"status":"ACCEPTED","hashCode":"SPAN:eS2knCRgLegeRw8bcmSWA:0:58:0:18:0:58:0:19:8:0:undefined:undefined","labelName":"eS2knCRgLegeRw8bcmSWA","labelItem":{"id":"eS2knCRgLegeRw8bcmSWA","labelName":"Skill"},"textPosition":{"start":{"row":58,"column":0,"tokenIndex":18,"charIndex":0},"end":{"row":58,"column":0,"tokenIndex":19,"charIndex":8}},"confidenceScore":null},{"id":"1662751334","labeledBy":"LABELER","labeledByUserId":6814,"acceptedByUserId":null,"rejectedByUserId":null,"layer":0,"counter":0,"status":"ACCEPTED","hashCode":"SPAN:eS2knCRgLegeRw8bcmSWA:0:58:0:20:0:58:0:21:9:0:undefined:undefined","labelName":"eS2knCRgLegeRw8bcmSWA","labelItem":{"id":"eS2knCRgLegeRw8bcmSWA","labelName":"Skill"},"textPosition":{"start":{"row":58,"column":0,"tokenIndex":20,"charIndex":0},"end":{"row":58,"column":0,"tokenIndex":21,"charIndex":9}},"confidenceScore":null}],"arrowLabels":[],"boundingBoxLabels":[],"timeLabels":[],"comments":[],"url":"datasaur://static/6814/55cbb65a-c825-4b56-9d55-27138167f36d.txt"}}
