{"version":"1","data":{"project":{"id":"ODBjYmQ2MDg","name":"NLP SSM Final Project"},"document":{"id":"b67d9377-ed86-4b2c-87b4-9dc3f1a6b271","name":"resume_3144_d2.txt"},"kinds":["TOKEN_BASED"],"rows":[[{"content":"System Support Desktop Specialist System Support Desktop Specialist System Support Desktop Specialist Chicago, IL Work Experience System Support Desktop Specialist Mphasis (MillerCoors) - Chicago, IL October 2017 to April 2019 System Support Desktop Specialist Desktop Specialist Network Natural Leader Dynamic and experienced Desktop Support Analyst with years of varied experience in the Desktop and network support, and some windows server's applications.","tokens":["System","Support","Desktop","Specialist","System","Support","Desktop","Specialist","System","Support","Desktop","Specialist","Chicago,","IL","Work","Experience","System","Support","Desktop","Specialist","Mphasis","(MillerCoors)","-","Chicago,","IL","October","2017","to","April","2019","System","Support","Desktop","Specialist","Desktop","Specialist","Network","Natural","Leader","Dynamic","and","experienced","Desktop","Support","Analyst","with","years","of","varied","experience","in","the","Desktop","and","network","support,","and","some","windows","server's","applications."],"metadata":[]}],[{"content":"Ensure comprehensive implementation of processes and policies to maximize production and streamline core operations.","tokens":["Ensure","comprehensive","implementation","of","processes","and","policies","to","maximize","production","and","streamline","core","operations."],"metadata":[]}],[{"content":"Consummate professional with strong business acumen, skilled interpersonal skills, and solid negotiation prowess.","tokens":["Consummate","professional","with","strong","business","acumen,","skilled","interpersonal","skills,","and","solid","negotiation","prowess."],"metadata":[]}],[{"content":"Innate ability to drive high-functioning teams in fast-paced and complex situations.","tokens":["Innate","ability","to","drive","high-functioning","teams","in","fast-paced","and","complex","situations."],"metadata":[]}],[{"content":"Effective and proven track record of critical thinking, process improvement, and efficiencies.","tokens":["Effective","and","proven","track","record","of","critical","thinking,","process","improvement,","and","efficiencies."],"metadata":[]}],[{"content":"Desktop Support Effective Communication Information Technology Strategic Vision Problem Solving Organizational Effectiveness Complex Systems Mobile Devices Network Protocols Mphasis (MillerCoors) Chicago/IL 10/2017 - 04/2019 (Looking for local, downtown but also open to other locations) Desktop Support / Network Support * Work directly with multiple applications to better streamline operations including LogMeIn(Rescue) with remote rescue calling box, Bitlocker Administration and monitoring, Active Directory, Skype for Business, LAN Sweeper, SCCM delete computers, Tracking UPS, Mozy and Mozy Enterprise and Snow Ticketing System.","tokens":["Desktop","Support","Effective","Communication","Information","Technology","Strategic","Vision","Problem","Solving","Organizational","Effectiveness","Complex","Systems","Mobile","Devices","Network","Protocols","Mphasis","(MillerCoors)","Chicago/IL","10/2017","-","04/2019","(Looking","for","local,","downtown","but","also","open","to","other","locations)","Desktop","Support","/","Network","Support","*","Work","directly","with","multiple","applications","to","better","streamline","operations","including","LogMeIn(Rescue)","with","remote","rescue","calling","box,","Bitlocker","Administration","and","monitoring,","Active","Directory,","Skype","for","Business,","LAN","Sweeper,","SCCM","delete","computers,","Tracking","UPS,","Mozy","and","Mozy","Enterprise","and","Snow","Ticketing","System."],"metadata":[]}],[{"content":"* Effectively support Windows 7 and Windows 10 including end users, remote users, as well as swapping out computers.","tokens":["*","Effectively","support","Windows","7","and","Windows","10","including","end","users,","remote","users,","as","well","as","swapping","out","computers."],"metadata":[]}],[{"content":"* Install multiple hardware and software systems in a fast-paced environment.","tokens":["*","Install","multiple","hardware","and","software","systems","in","a","fast-paced","environment."],"metadata":[]}],[{"content":"* Collaborate with a diverse and multifaceted staff to better keep communication.","tokens":["*","Collaborate","with","a","diverse","and","multifaceted","staff","to","better","keep","communication."],"metadata":[]}],[{"content":"* Deliver world-class customer service in a professional and courteous manner.","tokens":["*","Deliver","world-class","customer","service","in","a","professional","and","courteous","manner."],"metadata":[]}],[{"content":"Desktop Support Technician Elmhurst Hospital - Elmhurst, IL 2016 to 2017 * Successfully built and implemented Cow systems and image Wise systems on both desktop and network.","tokens":["Desktop","Support","Technician","Elmhurst","Hospital","-","Elmhurst,","IL","2016","to","2017","*","Successfully","built","and","implemented","Cow","systems","and","image","Wise","systems","on","both","desktop","and","network."],"metadata":[]}],[{"content":"* Provided administrative support to all end and remote users ensuring smooth troubleshooting, deployment, and swap outs.","tokens":["*","Provided","administrative","support","to","all","end","and","remote","users","ensuring","smooth","troubleshooting,","deployment,","and","swap","outs."],"metadata":[]}],[{"content":"* Drove all move, add, and change installs in support of Windows 7 environment.","tokens":["*","Drove","all","move,","add,","and","change","installs","in","support","of","Windows","7","environment."],"metadata":[]}],[{"content":"* Successfully isolated and resolved multiple customer and client issues until reconciliation.","tokens":["*","Successfully","isolated","and","resolved","multiple","customer","and","client","issues","until","reconciliation."],"metadata":[]}],[{"content":"* Worked directly with senior management, department leaders, and colleagues to better streamline operations.","tokens":["*","Worked","directly","with","senior","management,","department","leaders,","and","colleagues","to","better","streamline","operations."],"metadata":[]}],[{"content":"CSS Service Specialist - Consultant McGraw hill Financial & Education - Chicago, IL 2014 to 2016 * Drove multiple desktop support including working directly with Active Directory, Cisco routers, and support within a Windows environment through phone and in-person.","tokens":["CSS","Service","Specialist","-","Consultant","McGraw","hill","Financial","&","Education","-","Chicago,","IL","2014","to","2016","*","Drove","multiple","desktop","support","including","working","directly","with","Active","Directory,","Cisco","routers,","and","support","within","a","Windows","environment","through","phone","and","in-person."],"metadata":[]}],[{"content":"* Effectively utilized industry-specific knowledge to troubleshoot issues within a high-profile ticketing system.","tokens":["*","Effectively","utilized","industry-specific","knowledge","to","troubleshoot","issues","within","a","high-profile","ticketing","system."],"metadata":[]}],[{"content":"* Upgraded and configured laptop, desktop, and software packages including Windows 7 and 8 to better streamline operations.","tokens":["*","Upgraded","and","configured","laptop,","desktop,","and","software","packages","including","Windows","7","and","8","to","better","streamline","operations."],"metadata":[]}],[{"content":"* Ensured proper setup, configuration, and diagnostics of high-profile and complex computers including laptop and desktop hardware.","tokens":["*","Ensured","proper","setup,","configuration,","and","diagnostics","of","high-profile","and","complex","computers","including","laptop","and","desktop","hardware."],"metadata":[]}],[{"content":"* Assisted a diverse and multifaceted client base through remote administration utilizing LogMeIn.","tokens":["*","Assisted","a","diverse","and","multifaceted","client","base","through","remote","administration","utilizing","LogMeIn."],"metadata":[]}],[{"content":"* Troubleshoot a wide variety of issues including isolating and resolving end user desktop and software-related issues.","tokens":["*","Troubleshoot","a","wide","variety","of","issues","including","isolating","and","resolving","end","user","desktop","and","software-related","issues."],"metadata":[]}],[{"content":"* Provided comprehensive support of videoconferences and multi-media events.","tokens":["*","Provided","comprehensive","support","of","videoconferences","and","multi-media","events."],"metadata":[]}],[{"content":"Network / Desktop Support / Remote Resolution - Consultant PHHS CO - Waukegan, IL 2013 to 2014 * Collaborated with multiple local and remote users to ensure proper function of printers, software, and periphery hardware problems.","tokens":["Network","/","Desktop","Support","/","Remote","Resolution","-","Consultant","PHHS","CO","-","Waukegan,","IL","2013","to","2014","*","Collaborated","with","multiple","local","and","remote","users","to","ensure","proper","function","of","printers,","software,","and","periphery","hardware","problems."],"metadata":[]}],[{"content":"* Drove troubleshooting of Ping and Ipconfig, Windows 7, Office 2010, VPN, VOIP, and other mobile devices.","tokens":["*","Drove","troubleshooting","of","Ping","and","Ipconfig,","Windows","7,","Office","2010,","VPN,","VOIP,","and","other","mobile","devices."],"metadata":[]}],[{"content":"* Utilized industry-specific knowledge to setup and configure diagnostics of computers including IBM/Lenovo ThinkPad PC, and Dell laptops.","tokens":["*","Utilized","industry-specific","knowledge","to","setup","and","configure","diagnostics","of","computers","including","IBM/Lenovo","ThinkPad","PC,","and","Dell","laptops."],"metadata":[]}],[{"content":"* Supported customers and clients remotely and over the phone regarding remote administration tools including Bomgar, video conferencing systems, Windows, and Apple operating systems.","tokens":["*","Supported","customers","and","clients","remotely","and","over","the","phone","regarding","remote","administration","tools","including","Bomgar,","video","conferencing","systems,","Windows,","and","Apple","operating","systems."],"metadata":[]}],[{"content":"* Isolated and resolved end user computer-related problems in a courteous and professional manner.","tokens":["*","Isolated","and","resolved","end","user","computer-related","problems","in","a","courteous","and","professional","manner."],"metadata":[]}],[{"content":"Network Administrator Advocate Condell Hospital - Libertyville, IL 2010 to 2013 * Drove network and desktop support and network security utilizing Matrix Firewall within a Windows environment.","tokens":["Network","Administrator","Advocate","Condell","Hospital","-","Libertyville,","IL","2010","to","2013","*","Drove","network","and","desktop","support","and","network","security","utilizing","Matrix","Firewall","within","a","Windows","environment."],"metadata":[]}],[{"content":"* Supported multiple software applications including HED-HOM, HPF, Netlearning, Micromedex, Laser Arc, and HEC among others.","tokens":["*","Supported","multiple","software","applications","including","HED-HOM,","HPF,","Netlearning,","Micromedex,","Laser","Arc,","and","HEC","among","others."],"metadata":[]}],[{"content":"* Ensured proper installation, implementation, administration, and maintenance of Remote Anywhere, VOIP, and LAN Desktop.","tokens":["*","Ensured","proper","installation,","implementation,","administration,","and","maintenance","of","Remote","Anywhere,","VOIP,","and","LAN","Desktop."],"metadata":[]}],[{"content":"* Effectively performed data backup and recovery initiatives cementing data integrity.","tokens":["*","Effectively","performed","data","backup","and","recovery","initiatives","cementing","data","integrity."],"metadata":[]}],[{"content":"* Planned and managed IT security, Citrix Admin, and SMS Testing.","tokens":["*","Planned","and","managed","IT","security,","Citrix","Admin,","and","SMS","Testing."],"metadata":[]}],[{"content":"* Served as liaison and first point of contact between data processing center and customers.","tokens":["*","Served","as","liaison","and","first","point","of","contact","between","data","processing","center","and","customers."],"metadata":[]}],[{"content":"Education, Development, and Professional Affiliations Education H Washington College Skills Desktop Support, Direct Support, Help Desk, Customer Support, Customer Service, Desktop Support","tokens":["Education,","Development,","and","Professional","Affiliations","Education","H","Washington","College","Skills","Desktop","Support,","Direct","Support,","Help","Desk,","Customer","Support,","Customer","Service,","Desktop","Support"],"metadata":[]}]],"labelerInfo":{"id":6814,"email":"cwilhel8@jh.edu","displayName":"Chris Wilhelm"},"labelSets":[{"name":"Resume Labels","index":0,"labelItems":[{"id":"Kj5U6n9NUqTXuWcB3c_7L","labelName":"College"},{"id":"rj7TW0-ymuRo6f_asXJab","labelName":"Company Name"},{"id":"SJEkdao76hjwbb6Fh5SY6","labelName":"Job Title"},{"id":"BjO8MdvK2KI4E5iMEeY4B","labelName":"Graduation Year"},{"id":"eS2knCRgLegeRw8bcmSWA","labelName":"Skill"},{"id":"IeEoIKabMl51BJE0gX2YL","labelName":"Degree"},{"id":"1R0C50AAwFbEp2O0WmRv6","labelName":"Location"},{"id":"zQcc4ygexJ_A3Gb0NeRTk","labelName":"Years of Experience"},{"id":"52S_6moRfhjC-yXgIBeCp","labelName":"Date"},{"id":"KiLarWmwlU1E3-FfdG6Qg","labelName":"Project"},{"id":"dyxKKTAxW1z5ifjPj42BI","labelName":"Name"}]}],"spanLabels":[{"id":"1663411851","labeledBy":"LABELER","labeledByUserId":6814,"acceptedByUserId":null,"rejectedByUserId":null,"layer":0,"counter":0,"status":"ACCEPTED","hashCode":"SPAN:SJEkdao76hjwbb6Fh5SY6:0:0:0:0:0:0:0:3:9:0:undefined:undefined","labelName":"SJEkdao76hjwbb6Fh5SY6","labelItem":{"id":"SJEkdao76hjwbb6Fh5SY6","labelName":"Job Title"},"textPosition":{"start":{"row":0,"column":0,"tokenIndex":0,"charIndex":0},"end":{"row":0,"column":0,"tokenIndex":3,"charIndex":9}},"confidenceScore":null},{"id":"1663411854","labeledBy":"LABELER","labeledByUserId":6814,"acceptedByUserId":null,"rejectedByUserId":null,"layer":0,"counter":0,"status":"ACCEPTED","hashCode":"SPAN:SJEkdao76hjwbb6Fh5SY6:0:0:0:4:0:0:0:7:9:0:undefined:undefined","labelName":"SJEkdao76hjwbb6Fh5SY6","labelItem":{"id":"SJEkdao76hjwbb6Fh5SY6","labelName":"Job Title"},"textPosition":{"start":{"row":0,"column":0,"tokenIndex":4,"charIndex":0},"end":{"row":0,"column":0,"tokenIndex":7,"charIndex":9}},"confidenceScore":null},{"id":"1663411857","labeledBy":"LABELER","labeledByUserId":6814,"acceptedByUserId":null,"rejectedByUserId":null,"layer":0,"counter":0,"status":"ACCEPTED","hashCode":"SPAN:SJEkdao76hjwbb6Fh5SY6:0:0:0:8:0:0:0:11:9:0:undefined:undefined","labelName":"SJEkdao76hjwbb6Fh5SY6","labelItem":{"id":"SJEkdao76hjwbb6Fh5SY6","labelName":"Job Title"},"textPosition":{"start":{"row":0,"column":0,"tokenIndex":8,"charIndex":0},"end":{"row":0,"column":0,"tokenIndex":11,"charIndex":9}},"confidenceScore":null},{"id":"1663411860","labeledBy":"LABELER","labeledByUserId":6814,"acceptedByUserId":null,"rejectedByUserId":null,"layer":0,"counter":0,"status":"ACCEPTED","hashCode":"SPAN:1R0C50AAwFbEp2O0WmRv6:0:0:0:12:0:0:0:12:7:0:undefined:undefined","labelName":"1R0C50AAwFbEp2O0WmRv6","labelItem":{"id":"1R0C50AAwFbEp2O0WmRv6","labelName":"Location"},"textPosition":{"start":{"row":0,"column":0,"tokenIndex":12,"charIndex":0},"end":{"row":0,"column":0,"tokenIndex":12,"charIndex":7}},"confidenceScore":null},{"id":"1663411863","labeledBy":"LABELER","labeledByUserId":6814,"acceptedByUserId":null,"rejectedByUserId":null,"layer":0,"counter":0,"status":"ACCEPTED","hashCode":"SPAN:1R0C50AAwFbEp2O0WmRv6:0:0:0:13:0:0:0:13:1:0:undefined:undefined","labelName":"1R0C50AAwFbEp2O0WmRv6","labelItem":{"id":"1R0C50AAwFbEp2O0WmRv6","labelName":"Location"},"textPosition":{"start":{"row":0,"column":0,"tokenIndex":13,"charIndex":0},"end":{"row":0,"column":0,"tokenIndex":13,"charIndex":1}},"confidenceScore":null},{"id":"1663411866","labeledBy":"LABELER","labeledByUserId":6814,"acceptedByUserId":null,"rejectedByUserId":null,"layer":0,"counter":0,"status":"ACCEPTED","hashCode":"SPAN:SJEkdao76hjwbb6Fh5SY6:0:0:0:16:0:0:0:19:9:0:undefined:undefined","labelName":"SJEkdao76hjwbb6Fh5SY6","labelItem":{"id":"SJEkdao76hjwbb6Fh5SY6","labelName":"Job Title"},"textPosition":{"start":{"row":0,"column":0,"tokenIndex":16,"charIndex":0},"end":{"row":0,"column":0,"tokenIndex":19,"charIndex":9}},"confidenceScore":null},{"id":"1663411869","labeledBy":"LABELER","labeledByUserId":6814,"acceptedByUserId":null,"rejectedByUserId":null,"layer":0,"counter":0,"status":"ACCEPTED","hashCode":"SPAN:rj7TW0-ymuRo6f_asXJab:0:0:0:20:0:0:0:21:12:0:undefined:undefined","labelName":"rj7TW0-ymuRo6f_asXJab","labelItem":{"id":"rj7TW0-ymuRo6f_asXJab","labelName":"Company Name"},"textPosition":{"start":{"row":0,"column":0,"tokenIndex":20,"charIndex":0},"end":{"row":0,"column":0,"tokenIndex":21,"charIndex":12}},"confidenceScore":null},{"id":"1663411872","labeledBy":"LABELER","labeledByUserId":6814,"acceptedByUserId":null,"rejectedByUserId":null,"layer":0,"counter":0,"status":"ACCEPTED","hashCode":"SPAN:1R0C50AAwFbEp2O0WmRv6:0:0:0:23:0:0:0:23:7:0:undefined:undefined","labelName":"1R0C50AAwFbEp2O0WmRv6","labelItem":{"id":"1R0C50AAwFbEp2O0WmRv6","labelName":"Location"},"textPosition":{"start":{"row":0,"column":0,"tokenIndex":23,"charIndex":0},"end":{"row":0,"column":0,"tokenIndex":23,"charIndex":7}},"confidenceScore":null},{"id":"1663411875","labeledBy":"LABELER","labeledByUserId":6814,"acceptedByUserId":null,"rejectedByUserId":null,"layer":0,"counter":0,"status":"ACCEPTED","hashCode":"SPAN:1R0C50AAwFbEp2O0WmRv6:0:0:0:24:0:0:0:24:1:0:undefined:undefined","labelName":"1R0C50AAwFbEp2O0WmRv6","labelItem":{"id":"1R0C50AAwFbEp2O0WmRv6","labelName":"Location"},"textPosition":{"start":{"row":0,"column":0,"tokenIndex":24,"charIndex":0},"end":{"row":0,"column":0,"tokenIndex":24,"charIndex":1}},"confidenceScore":null},{"id":"1663411878","labeledBy":"LABELER","labeledByUserId":6814,"acceptedByUserId":null,"rejectedByUserId":null,"layer":0,"counter":0,"status":"ACCEPTED","hashCode":"SPAN:52S_6moRfhjC-yXgIBeCp:0:0:0:25:0:0:0:26:3:0:undefined:undefined","labelName":"52S_6moRfhjC-yXgIBeCp","labelItem":{"id":"52S_6moRfhjC-yXgIBeCp","labelName":"Date"},"textPosition":{"start":{"row":0,"column":0,"tokenIndex":25,"charIndex":0},"end":{"row":0,"column":0,"tokenIndex":26,"charIndex":3}},"confidenceScore":null},{"id":"1663411881","labeledBy":"LABELER","labeledByUserId":6814,"acceptedByUserId":null,"rejectedByUserId":null,"layer":0,"counter":0,"status":"ACCEPTED","hashCode":"SPAN:52S_6moRfhjC-yXgIBeCp:0:0:0:28:0:0:0:29:3:0:undefined:undefined","labelName":"52S_6moRfhjC-yXgIBeCp","labelItem":{"id":"52S_6moRfhjC-yXgIBeCp","labelName":"Date"},"textPosition":{"start":{"row":0,"column":0,"tokenIndex":28,"charIndex":0},"end":{"row":0,"column":0,"tokenIndex":29,"charIndex":3}},"confidenceScore":null},{"id":"1663411884","labeledBy":"LABELER","labeledByUserId":6814,"acceptedByUserId":null,"rejectedByUserId":null,"layer":0,"counter":0,"status":"ACCEPTED","hashCode":"SPAN:eS2knCRgLegeRw8bcmSWA:0:0:0:30:0:0:0:33:9:0:undefined:undefined","labelName":"eS2knCRgLegeRw8bcmSWA","labelItem":{"id":"eS2knCRgLegeRw8bcmSWA","labelName":"Skill"},"textPosition":{"start":{"row":0,"column":0,"tokenIndex":30,"charIndex":0},"end":{"row":0,"column":0,"tokenIndex":33,"charIndex":9}},"confidenceScore":null},{"id":"1663411887","labeledBy":"LABELER","labeledByUserId":6814,"acceptedByUserId":null,"rejectedByUserId":null,"layer":0,"counter":0,"status":"ACCEPTED","hashCode":"SPAN:eS2knCRgLegeRw8bcmSWA:0:0:0:34:0:0:0:35:9:0:undefined:undefined","labelName":"eS2knCRgLegeRw8bcmSWA","labelItem":{"id":"eS2knCRgLegeRw8bcmSWA","labelName":"Skill"},"textPosition":{"start":{"row":0,"column":0,"tokenIndex":34,"charIndex":0},"end":{"row":0,"column":0,"tokenIndex":35,"charIndex":9}},"confidenceScore":null},{"id":"1663411893","labeledBy":"LABELER","labeledByUserId":6814,"acceptedByUserId":null,"rejectedByUserId":null,"layer":0,"counter":0,"status":"ACCEPTED","hashCode":"SPAN:eS2knCRgLegeRw8bcmSWA:0:0:0:36:0:0:0:36:6:0:undefined:undefined","labelName":"eS2knCRgLegeRw8bcmSWA","labelItem":{"id":"eS2knCRgLegeRw8bcmSWA","labelName":"Skill"},"textPosition":{"start":{"row":0,"column":0,"tokenIndex":36,"charIndex":0},"end":{"row":0,"column":0,"tokenIndex":36,"charIndex":6}},"confidenceScore":null},{"id":"1663411899","labeledBy":"LABELER","labeledByUserId":6814,"acceptedByUserId":null,"rejectedByUserId":null,"layer":0,"counter":0,"status":"ACCEPTED","hashCode":"SPAN:eS2knCRgLegeRw8bcmSWA:0:0:0:37:0:0:0:38:5:0:undefined:undefined","labelName":"eS2knCRgLegeRw8bcmSWA","labelItem":{"id":"eS2knCRgLegeRw8bcmSWA","labelName":"Skill"},"textPosition":{"start":{"row":0,"column":0,"tokenIndex":37,"charIndex":0},"end":{"row":0,"column":0,"tokenIndex":38,"charIndex":5}},"confidenceScore":null},{"id":"1663411902","labeledBy":"LABELER","labeledByUserId":6814,"acceptedByUserId":null,"rejectedByUserId":null,"layer":0,"counter":0,"status":"ACCEPTED","hashCode":"SPAN:eS2knCRgLegeRw8bcmSWA:0:0:0:42:0:0:0:44:6:0:undefined:undefined","labelName":"eS2knCRgLegeRw8bcmSWA","labelItem":{"id":"eS2knCRgLegeRw8bcmSWA","labelName":"Skill"},"textPosition":{"start":{"row":0,"column":0,"tokenIndex":42,"charIndex":0},"end":{"row":0,"column":0,"tokenIndex":44,"charIndex":6}},"confidenceScore":null},{"id":"1663411923","labeledBy":"LABELER","labeledByUserId":6814,"acceptedByUserId":null,"rejectedByUserId":null,"layer":0,"counter":0,"status":"ACCEPTED","hashCode":"SPAN:eS2knCRgLegeRw8bcmSWA:0:0:0:52:0:0:0:55:7:0:undefined:undefined","labelName":"eS2knCRgLegeRw8bcmSWA","labelItem":{"id":"eS2knCRgLegeRw8bcmSWA","labelName":"Skill"},"textPosition":{"start":{"row":0,"column":0,"tokenIndex":52,"charIndex":0},"end":{"row":0,"column":0,"tokenIndex":55,"charIndex":7}},"confidenceScore":null},{"id":"1663411926","labeledBy":"LABELER","labeledByUserId":6814,"acceptedByUserId":null,"rejectedByUserId":null,"layer":0,"counter":0,"status":"ACCEPTED","hashCode":"SPAN:eS2knCRgLegeRw8bcmSWA:0:0:0:58:0:0:0:60:12:0:undefined:undefined","labelName":"eS2knCRgLegeRw8bcmSWA","labelItem":{"id":"eS2knCRgLegeRw8bcmSWA","labelName":"Skill"},"textPosition":{"start":{"row":0,"column":0,"tokenIndex":58,"charIndex":0},"end":{"row":0,"column":0,"tokenIndex":60,"charIndex":12}},"confidenceScore":null},{"id":"1663411929","labeledBy":"LABELER","labeledByUserId":6814,"acceptedByUserId":null,"rejectedByUserId":null,"layer":0,"counter":0,"status":"ACCEPTED","hashCode":"SPAN:eS2knCRgLegeRw8bcmSWA:0:2:0:4:0:2:0:5:6:0:undefined:undefined","labelName":"eS2knCRgLegeRw8bcmSWA","labelItem":{"id":"eS2knCRgLegeRw8bcmSWA","labelName":"Skill"},"textPosition":{"start":{"row":2,"column":0,"tokenIndex":4,"charIndex":0},"end":{"row":2,"column":0,"tokenIndex":5,"charIndex":6}},"confidenceScore":null},{"id":"1663411933","labeledBy":"LABELER","labeledByUserId":6814,"acceptedByUserId":null,"rejectedByUserId":null,"layer":0,"counter":0,"status":"ACCEPTED","hashCode":"SPAN:eS2knCRgLegeRw8bcmSWA:0:2:0:7:0:2:0:7:12:0:undefined:undefined","labelName":"eS2knCRgLegeRw8bcmSWA","labelItem":{"id":"eS2knCRgLegeRw8bcmSWA","labelName":"Skill"},"textPosition":{"start":{"row":2,"column":0,"tokenIndex":7,"charIndex":0},"end":{"row":2,"column":0,"tokenIndex":7,"charIndex":12}},"confidenceScore":null},{"id":"1663411938","labeledBy":"LABELER","labeledByUserId":6814,"acceptedByUserId":null,"rejectedByUserId":null,"layer":0,"counter":0,"status":"ACCEPTED","hashCode":"SPAN:eS2knCRgLegeRw8bcmSWA:0:2:0:11:0:2:0:11:10:0:undefined:undefined","labelName":"eS2knCRgLegeRw8bcmSWA","labelItem":{"id":"eS2knCRgLegeRw8bcmSWA","labelName":"Skill"},"textPosition":{"start":{"row":2,"column":0,"tokenIndex":11,"charIndex":0},"end":{"row":2,"column":0,"tokenIndex":11,"charIndex":10}},"confidenceScore":null},{"id":"1663411959","labeledBy":"LABELER","labeledByUserId":6814,"acceptedByUserId":null,"rejectedByUserId":null,"layer":0,"counter":0,"status":"ACCEPTED","hashCode":"SPAN:eS2knCRgLegeRw8bcmSWA:0:4:0:6:0:4:0:7:8:0:undefined:undefined","labelName":"eS2knCRgLegeRw8bcmSWA","labelItem":{"id":"eS2knCRgLegeRw8bcmSWA","labelName":"Skill"},"textPosition":{"start":{"row":4,"column":0,"tokenIndex":6,"charIndex":0},"end":{"row":4,"column":0,"tokenIndex":7,"charIndex":8}},"confidenceScore":null},{"id":"1663411962","labeledBy":"LABELER","labeledByUserId":6814,"acceptedByUserId":null,"rejectedByUserId":null,"layer":0,"counter":0,"status":"ACCEPTED","hashCode":"SPAN:eS2knCRgLegeRw8bcmSWA:0:4:0:8:0:4:0:9:11:0:undefined:undefined","labelName":"eS2knCRgLegeRw8bcmSWA","labelItem":{"id":"eS2knCRgLegeRw8bcmSWA","labelName":"Skill"},"textPosition":{"start":{"row":4,"column":0,"tokenIndex":8,"charIndex":0},"end":{"row":4,"column":0,"tokenIndex":9,"charIndex":11}},"confidenceScore":null},{"id":"1663411965","labeledBy":"LABELER","labeledByUserId":6814,"acceptedByUserId":null,"rejectedByUserId":null,"layer":0,"counter":0,"status":"ACCEPTED","hashCode":"SPAN:eS2knCRgLegeRw8bcmSWA:0:4:0:11:0:4:0:11:12:0:undefined:undefined","labelName":"eS2knCRgLegeRw8bcmSWA","labelItem":{"id":"eS2knCRgLegeRw8bcmSWA","labelName":"Skill"},"textPosition":{"start":{"row":4,"column":0,"tokenIndex":11,"charIndex":0},"end":{"row":4,"column":0,"tokenIndex":11,"charIndex":12}},"confidenceScore":null},{"id":"1663411968","labeledBy":"LABELER","labeledByUserId":6814,"acceptedByUserId":null,"rejectedByUserId":null,"layer":0,"counter":0,"status":"ACCEPTED","hashCode":"SPAN:eS2knCRgLegeRw8bcmSWA:0:5:0:0:0:5:0:1:6:0:undefined:undefined","labelName":"eS2knCRgLegeRw8bcmSWA","labelItem":{"id":"eS2knCRgLegeRw8bcmSWA","labelName":"Skill"},"textPosition":{"start":{"row":5,"column":0,"tokenIndex":0,"charIndex":0},"end":{"row":5,"column":0,"tokenIndex":1,"charIndex":6}},"confidenceScore":null},{"id":"1663411971","labeledBy":"LABELER","labeledByUserId":6814,"acceptedByUserId":null,"rejectedByUserId":null,"layer":0,"counter":0,"status":"ACCEPTED","hashCode":"SPAN:eS2knCRgLegeRw8bcmSWA:0:5:0:2:0:5:0:3:12:0:undefined:undefined","labelName":"eS2knCRgLegeRw8bcmSWA","labelItem":{"id":"eS2knCRgLegeRw8bcmSWA","labelName":"Skill"},"textPosition":{"start":{"row":5,"column":0,"tokenIndex":2,"charIndex":0},"end":{"row":5,"column":0,"tokenIndex":3,"charIndex":12}},"confidenceScore":null},{"id":"1663411974","labeledBy":"LABELER","labeledByUserId":6814,"acceptedByUserId":null,"rejectedByUserId":null,"layer":0,"counter":0,"status":"ACCEPTED","hashCode":"SPAN:eS2knCRgLegeRw8bcmSWA:0:5:0:4:0:5:0:5:9:0:undefined:undefined","labelName":"eS2knCRgLegeRw8bcmSWA","labelItem":{"id":"eS2knCRgLegeRw8bcmSWA","labelName":"Skill"},"textPosition":{"start":{"row":5,"column":0,"tokenIndex":4,"charIndex":0},"end":{"row":5,"column":0,"tokenIndex":5,"charIndex":9}},"confidenceScore":null},{"id":"1663411980","labeledBy":"LABELER","labeledByUserId":6814,"acceptedByUserId":null,"rejectedByUserId":null,"layer":0,"counter":0,"status":"ACCEPTED","hashCode":"SPAN:eS2knCRgLegeRw8bcmSWA:0:5:0:6:0:5:0:7:5:0:undefined:undefined","labelName":"eS2knCRgLegeRw8bcmSWA","labelItem":{"id":"eS2knCRgLegeRw8bcmSWA","labelName":"Skill"},"textPosition":{"start":{"row":5,"column":0,"tokenIndex":6,"charIndex":0},"end":{"row":5,"column":0,"tokenIndex":7,"charIndex":5}},"confidenceScore":null},{"id":"1663411983","labeledBy":"LABELER","labeledByUserId":6814,"acceptedByUserId":null,"rejectedByUserId":null,"layer":0,"counter":0,"status":"ACCEPTED","hashCode":"SPAN:eS2knCRgLegeRw8bcmSWA:0:5:0:8:0:5:0:9:6:0:undefined:undefined","labelName":"eS2knCRgLegeRw8bcmSWA","labelItem":{"id":"eS2knCRgLegeRw8bcmSWA","labelName":"Skill"},"textPosition":{"start":{"row":5,"column":0,"tokenIndex":8,"charIndex":0},"end":{"row":5,"column":0,"tokenIndex":9,"charIndex":6}},"confidenceScore":null},{"id":"1663411986","labeledBy":"LABELER","labeledByUserId":6814,"acceptedByUserId":null,"rejectedByUserId":null,"layer":0,"counter":0,"status":"ACCEPTED","hashCode":"SPAN:eS2knCRgLegeRw8bcmSWA:0:5:0:10:0:5:0:11:12:0:undefined:undefined","labelName":"eS2knCRgLegeRw8bcmSWA","labelItem":{"id":"eS2knCRgLegeRw8bcmSWA","labelName":"Skill"},"textPosition":{"start":{"row":5,"column":0,"tokenIndex":10,"charIndex":0},"end":{"row":5,"column":0,"tokenIndex":11,"charIndex":12}},"confidenceScore":null},{"id":"1663411989","labeledBy":"LABELER","labeledByUserId":6814,"acceptedByUserId":null,"rejectedByUserId":null,"layer":0,"counter":0,"status":"ACCEPTED","hashCode":"SPAN:eS2knCRgLegeRw8bcmSWA:0:5:0:12:0:5:0:13:6:0:undefined:undefined","labelName":"eS2knCRgLegeRw8bcmSWA","labelItem":{"id":"eS2knCRgLegeRw8bcmSWA","labelName":"Skill"},"textPosition":{"start":{"row":5,"column":0,"tokenIndex":12,"charIndex":0},"end":{"row":5,"column":0,"tokenIndex":13,"charIndex":6}},"confidenceScore":null},{"id":"1663411995","labeledBy":"LABELER","labeledByUserId":6814,"acceptedByUserId":null,"rejectedByUserId":null,"layer":0,"counter":0,"status":"ACCEPTED","hashCode":"SPAN:eS2knCRgLegeRw8bcmSWA:0:5:0:14:0:5:0:15:6:0:undefined:undefined","labelName":"eS2knCRgLegeRw8bcmSWA","labelItem":{"id":"eS2knCRgLegeRw8bcmSWA","labelName":"Skill"},"textPosition":{"start":{"row":5,"column":0,"tokenIndex":14,"charIndex":0},"end":{"row":5,"column":0,"tokenIndex":15,"charIndex":6}},"confidenceScore":null},{"id":"1663412001","labeledBy":"LABELER","labeledByUserId":6814,"acceptedByUserId":null,"rejectedByUserId":null,"layer":0,"counter":0,"status":"ACCEPTED","hashCode":"SPAN:eS2knCRgLegeRw8bcmSWA:0:5:0:16:0:5:0:17:8:0:undefined:undefined","labelName":"eS2knCRgLegeRw8bcmSWA","labelItem":{"id":"eS2knCRgLegeRw8bcmSWA","labelName":"Skill"},"textPosition":{"start":{"row":5,"column":0,"tokenIndex":16,"charIndex":0},"end":{"row":5,"column":0,"tokenIndex":17,"charIndex":8}},"confidenceScore":null},{"id":"1663412004","labeledBy":"LABELER","labeledByUserId":6814,"acceptedByUserId":null,"rejectedByUserId":null,"layer":0,"counter":0,"status":"ACCEPTED","hashCode":"SPAN:rj7TW0-ymuRo6f_asXJab:0:5:0:18:0:5:0:19:12:0:undefined:undefined","labelName":"rj7TW0-ymuRo6f_asXJab","labelItem":{"id":"rj7TW0-ymuRo6f_asXJab","labelName":"Company Name"},"textPosition":{"start":{"row":5,"column":0,"tokenIndex":18,"charIndex":0},"end":{"row":5,"column":0,"tokenIndex":19,"charIndex":12}},"confidenceScore":null},{"id":"1663412013","labeledBy":"LABELER","labeledByUserId":6814,"acceptedByUserId":null,"rejectedByUserId":null,"layer":0,"counter":0,"status":"ACCEPTED","hashCode":"SPAN:1R0C50AAwFbEp2O0WmRv6:0:5:0:20:0:5:0:20:9:0:undefined:undefined","labelName":"1R0C50AAwFbEp2O0WmRv6","labelItem":{"id":"1R0C50AAwFbEp2O0WmRv6","labelName":"Location"},"textPosition":{"start":{"row":5,"column":0,"tokenIndex":20,"charIndex":0},"end":{"row":5,"column":0,"tokenIndex":20,"charIndex":9}},"confidenceScore":null},{"id":"1663412019","labeledBy":"LABELER","labeledByUserId":6814,"acceptedByUserId":null,"rejectedByUserId":null,"layer":0,"counter":0,"status":"ACCEPTED","hashCode":"SPAN:52S_6moRfhjC-yXgIBeCp:0:5:0:21:0:5:0:21:6:0:undefined:undefined","labelName":"52S_6moRfhjC-yXgIBeCp","labelItem":{"id":"52S_6moRfhjC-yXgIBeCp","labelName":"Date"},"textPosition":{"start":{"row":5,"column":0,"tokenIndex":21,"charIndex":0},"end":{"row":5,"column":0,"tokenIndex":21,"charIndex":6}},"confidenceScore":null},{"id":"1663412024","labeledBy":"LABELER","labeledByUserId":6814,"acceptedByUserId":null,"rejectedByUserId":null,"layer":0,"counter":0,"status":"ACCEPTED","hashCode":"SPAN:52S_6moRfhjC-yXgIBeCp:0:5:0:23:0:5:0:23:6:0:undefined:undefined","labelName":"52S_6moRfhjC-yXgIBeCp","labelItem":{"id":"52S_6moRfhjC-yXgIBeCp","labelName":"Date"},"textPosition":{"start":{"row":5,"column":0,"tokenIndex":23,"charIndex":0},"end":{"row":5,"column":0,"tokenIndex":23,"charIndex":6}},"confidenceScore":null},{"id":"1663412037","labeledBy":"LABELER","labeledByUserId":6814,"acceptedByUserId":null,"rejectedByUserId":null,"layer":0,"counter":0,"status":"ACCEPTED","hashCode":"SPAN:eS2knCRgLegeRw8bcmSWA:0:5:0:34:0:5:0:35:6:0:undefined:undefined","labelName":"eS2knCRgLegeRw8bcmSWA","labelItem":{"id":"eS2knCRgLegeRw8bcmSWA","labelName":"Skill"},"textPosition":{"start":{"row":5,"column":0,"tokenIndex":34,"charIndex":0},"end":{"row":5,"column":0,"tokenIndex":35,"charIndex":6}},"confidenceScore":null},{"id":"1663412040","labeledBy":"LABELER","labeledByUserId":6814,"acceptedByUserId":null,"rejectedByUserId":null,"layer":0,"counter":0,"status":"ACCEPTED","hashCode":"SPAN:eS2knCRgLegeRw8bcmSWA:0:5:0:37:0:5:0:38:6:0:undefined:undefined","labelName":"eS2knCRgLegeRw8bcmSWA","labelItem":{"id":"eS2knCRgLegeRw8bcmSWA","labelName":"Skill"},"textPosition":{"start":{"row":5,"column":0,"tokenIndex":37,"charIndex":0},"end":{"row":5,"column":0,"tokenIndex":38,"charIndex":6}},"confidenceScore":null},{"id":"1663412058","labeledBy":"LABELER","labeledByUserId":6814,"acceptedByUserId":null,"rejectedByUserId":null,"layer":0,"counter":0,"status":"ACCEPTED","hashCode":"SPAN:eS2knCRgLegeRw8bcmSWA:0:5:0:50:0:5:0:50:14:0:undefined:undefined","labelName":"eS2knCRgLegeRw8bcmSWA","labelItem":{"id":"eS2knCRgLegeRw8bcmSWA","labelName":"Skill"},"textPosition":{"start":{"row":5,"column":0,"tokenIndex":50,"charIndex":0},"end":{"row":5,"column":0,"tokenIndex":50,"charIndex":14}},"confidenceScore":null},{"id":"1663412067","labeledBy":"LABELER","labeledByUserId":6814,"acceptedByUserId":null,"rejectedByUserId":null,"layer":0,"counter":0,"status":"ACCEPTED","hashCode":"SPAN:eS2knCRgLegeRw8bcmSWA:0:5:0:56:0:5:0:57:13:0:undefined:undefined","labelName":"eS2knCRgLegeRw8bcmSWA","labelItem":{"id":"eS2knCRgLegeRw8bcmSWA","labelName":"Skill"},"textPosition":{"start":{"row":5,"column":0,"tokenIndex":56,"charIndex":0},"end":{"row":5,"column":0,"tokenIndex":57,"charIndex":13}},"confidenceScore":null},{"id":"1663412068","labeledBy":"LABELER","labeledByUserId":6814,"acceptedByUserId":null,"rejectedByUserId":null,"layer":0,"counter":0,"status":"ACCEPTED","hashCode":"SPAN:eS2knCRgLegeRw8bcmSWA:0:5:0:59:0:5:0:59:10:0:undefined:undefined","labelName":"eS2knCRgLegeRw8bcmSWA","labelItem":{"id":"eS2knCRgLegeRw8bcmSWA","labelName":"Skill"},"textPosition":{"start":{"row":5,"column":0,"tokenIndex":59,"charIndex":0},"end":{"row":5,"column":0,"tokenIndex":59,"charIndex":10}},"confidenceScore":null},{"id":"1663412073","labeledBy":"LABELER","labeledByUserId":6814,"acceptedByUserId":null,"rejectedByUserId":null,"layer":0,"counter":0,"status":"ACCEPTED","hashCode":"SPAN:eS2knCRgLegeRw8bcmSWA:0:5:0:60:0:5:0:61:9:0:undefined:undefined","labelName":"eS2knCRgLegeRw8bcmSWA","labelItem":{"id":"eS2knCRgLegeRw8bcmSWA","labelName":"Skill"},"textPosition":{"start":{"row":5,"column":0,"tokenIndex":60,"charIndex":0},"end":{"row":5,"column":0,"tokenIndex":61,"charIndex":9}},"confidenceScore":null},{"id":"1663412079","labeledBy":"LABELER","labeledByUserId":6814,"acceptedByUserId":null,"rejectedByUserId":null,"layer":0,"counter":0,"status":"ACCEPTED","hashCode":"SPAN:eS2knCRgLegeRw8bcmSWA:0:5:0:62:0:5:0:64:8:0:undefined:undefined","labelName":"eS2knCRgLegeRw8bcmSWA","labelItem":{"id":"eS2knCRgLegeRw8bcmSWA","labelName":"Skill"},"textPosition":{"start":{"row":5,"column":0,"tokenIndex":62,"charIndex":0},"end":{"row":5,"column":0,"tokenIndex":64,"charIndex":8}},"confidenceScore":null},{"id":"1663412082","labeledBy":"LABELER","labeledByUserId":6814,"acceptedByUserId":null,"rejectedByUserId":null,"layer":0,"counter":0,"status":"ACCEPTED","hashCode":"SPAN:eS2knCRgLegeRw8bcmSWA:0:5:0:65:0:5:0:66:7:0:undefined:undefined","labelName":"eS2knCRgLegeRw8bcmSWA","labelItem":{"id":"eS2knCRgLegeRw8bcmSWA","labelName":"Skill"},"textPosition":{"start":{"row":5,"column":0,"tokenIndex":65,"charIndex":0},"end":{"row":5,"column":0,"tokenIndex":66,"charIndex":7}},"confidenceScore":null},{"id":"1663412088","labeledBy":"LABELER","labeledByUserId":6814,"acceptedByUserId":null,"rejectedByUserId":null,"layer":0,"counter":0,"status":"ACCEPTED","hashCode":"SPAN:eS2knCRgLegeRw8bcmSWA:0:5:0:67:0:5:0:69:9:0:undefined:undefined","labelName":"eS2knCRgLegeRw8bcmSWA","labelItem":{"id":"eS2knCRgLegeRw8bcmSWA","labelName":"Skill"},"textPosition":{"start":{"row":5,"column":0,"tokenIndex":67,"charIndex":0},"end":{"row":5,"column":0,"tokenIndex":69,"charIndex":9}},"confidenceScore":null},{"id":"1663412091","labeledBy":"LABELER","labeledByUserId":6814,"acceptedByUserId":null,"rejectedByUserId":null,"layer":0,"counter":0,"status":"ACCEPTED","hashCode":"SPAN:eS2knCRgLegeRw8bcmSWA:0:5:0:70:0:5:0:71:3:0:undefined:undefined","labelName":"eS2knCRgLegeRw8bcmSWA","labelItem":{"id":"eS2knCRgLegeRw8bcmSWA","labelName":"Skill"},"textPosition":{"start":{"row":5,"column":0,"tokenIndex":70,"charIndex":0},"end":{"row":5,"column":0,"tokenIndex":71,"charIndex":3}},"confidenceScore":null},{"id":"1663412097","labeledBy":"LABELER","labeledByUserId":6814,"acceptedByUserId":null,"rejectedByUserId":null,"layer":0,"counter":0,"status":"ACCEPTED","hashCode":"SPAN:eS2knCRgLegeRw8bcmSWA:0:5:0:72:0:5:0:75:9:0:undefined:undefined","labelName":"eS2knCRgLegeRw8bcmSWA","labelItem":{"id":"eS2knCRgLegeRw8bcmSWA","labelName":"Skill"},"textPosition":{"start":{"row":5,"column":0,"tokenIndex":72,"charIndex":0},"end":{"row":5,"column":0,"tokenIndex":75,"charIndex":9}},"confidenceScore":null},{"id":"1663412100","labeledBy":"LABELER","labeledByUserId":6814,"acceptedByUserId":null,"rejectedByUserId":null,"layer":0,"counter":0,"status":"ACCEPTED","hashCode":"SPAN:eS2knCRgLegeRw8bcmSWA:0:5:0:77:0:5:0:79:6:0:undefined:undefined","labelName":"eS2knCRgLegeRw8bcmSWA","labelItem":{"id":"eS2knCRgLegeRw8bcmSWA","labelName":"Skill"},"textPosition":{"start":{"row":5,"column":0,"tokenIndex":77,"charIndex":0},"end":{"row":5,"column":0,"tokenIndex":79,"charIndex":6}},"confidenceScore":null},{"id":"1663412106","labeledBy":"LABELER","labeledByUserId":6814,"acceptedByUserId":null,"rejectedByUserId":null,"layer":0,"counter":0,"status":"ACCEPTED","hashCode":"SPAN:eS2knCRgLegeRw8bcmSWA:0:6:0:3:0:6:0:4:0:0:undefined:undefined","labelName":"eS2knCRgLegeRw8bcmSWA","labelItem":{"id":"eS2knCRgLegeRw8bcmSWA","labelName":"Skill"},"textPosition":{"start":{"row":6,"column":0,"tokenIndex":3,"charIndex":0},"end":{"row":6,"column":0,"tokenIndex":4,"charIndex":0}},"confidenceScore":null},{"id":"1663412112","labeledBy":"LABELER","labeledByUserId":6814,"acceptedByUserId":null,"rejectedByUserId":null,"layer":0,"counter":0,"status":"ACCEPTED","hashCode":"SPAN:eS2knCRgLegeRw8bcmSWA:0:6:0:6:0:6:0:7:1:0:undefined:undefined","labelName":"eS2knCRgLegeRw8bcmSWA","labelItem":{"id":"eS2knCRgLegeRw8bcmSWA","labelName":"Skill"},"textPosition":{"start":{"row":6,"column":0,"tokenIndex":6,"charIndex":0},"end":{"row":6,"column":0,"tokenIndex":7,"charIndex":1}},"confidenceScore":null},{"id":"1663412121","labeledBy":"LABELER","labeledByUserId":6814,"acceptedByUserId":null,"rejectedByUserId":null,"layer":0,"counter":0,"status":"ACCEPTED","hashCode":"SPAN:eS2knCRgLegeRw8bcmSWA:0:7:0:3:0:7:0:6:6:0:undefined:undefined","labelName":"eS2knCRgLegeRw8bcmSWA","labelItem":{"id":"eS2knCRgLegeRw8bcmSWA","labelName":"Skill"},"textPosition":{"start":{"row":7,"column":0,"tokenIndex":3,"charIndex":0},"end":{"row":7,"column":0,"tokenIndex":6,"charIndex":6}},"confidenceScore":null},{"id":"1663412157","labeledBy":"LABELER","labeledByUserId":6814,"acceptedByUserId":null,"rejectedByUserId":null,"layer":0,"counter":0,"status":"ACCEPTED","hashCode":"SPAN:eS2knCRgLegeRw8bcmSWA:0:8:0:1:0:8:0:1:10:0:undefined:undefined","labelName":"eS2knCRgLegeRw8bcmSWA","labelItem":{"id":"eS2knCRgLegeRw8bcmSWA","labelName":"Skill"},"textPosition":{"start":{"row":8,"column":0,"tokenIndex":1,"charIndex":0},"end":{"row":8,"column":0,"tokenIndex":1,"charIndex":10}},"confidenceScore":null},{"id":"1663412163","labeledBy":"LABELER","labeledByUserId":6814,"acceptedByUserId":null,"rejectedByUserId":null,"layer":0,"counter":0,"status":"ACCEPTED","hashCode":"SPAN:eS2knCRgLegeRw8bcmSWA:0:8:0:11:0:8:0:11:13:0:undefined:undefined","labelName":"eS2knCRgLegeRw8bcmSWA","labelItem":{"id":"eS2knCRgLegeRw8bcmSWA","labelName":"Skill"},"textPosition":{"start":{"row":8,"column":0,"tokenIndex":11,"charIndex":0},"end":{"row":8,"column":0,"tokenIndex":11,"charIndex":13}},"confidenceScore":null},{"id":"1663412169","labeledBy":"LABELER","labeledByUserId":6814,"acceptedByUserId":null,"rejectedByUserId":null,"layer":0,"counter":0,"status":"ACCEPTED","hashCode":"SPAN:eS2knCRgLegeRw8bcmSWA:0:9:0:3:0:9:0:4:6:0:undefined:undefined","labelName":"eS2knCRgLegeRw8bcmSWA","labelItem":{"id":"eS2knCRgLegeRw8bcmSWA","labelName":"Skill"},"textPosition":{"start":{"row":9,"column":0,"tokenIndex":3,"charIndex":0},"end":{"row":9,"column":0,"tokenIndex":4,"charIndex":6}},"confidenceScore":null},{"id":"1663412173","labeledBy":"LABELER","labeledByUserId":6814,"acceptedByUserId":null,"rejectedByUserId":null,"layer":0,"counter":0,"status":"ACCEPTED","hashCode":"SPAN:eS2knCRgLegeRw8bcmSWA:0:9:0:9:0:9:0:10:6:0:undefined:undefined","labelName":"eS2knCRgLegeRw8bcmSWA","labelItem":{"id":"eS2knCRgLegeRw8bcmSWA","labelName":"Skill"},"textPosition":{"start":{"row":9,"column":0,"tokenIndex":9,"charIndex":0},"end":{"row":9,"column":0,"tokenIndex":10,"charIndex":6}},"confidenceScore":null},{"id":"1663412184","labeledBy":"LABELER","labeledByUserId":6814,"acceptedByUserId":null,"rejectedByUserId":null,"layer":0,"counter":0,"status":"ACCEPTED","hashCode":"SPAN:SJEkdao76hjwbb6Fh5SY6:0:10:0:0:0:10:0:2:9:0:undefined:undefined","labelName":"SJEkdao76hjwbb6Fh5SY6","labelItem":{"id":"SJEkdao76hjwbb6Fh5SY6","labelName":"Job Title"},"textPosition":{"start":{"row":10,"column":0,"tokenIndex":0,"charIndex":0},"end":{"row":10,"column":0,"tokenIndex":2,"charIndex":9}},"confidenceScore":null},{"id":"1663412193","labeledBy":"LABELER","labeledByUserId":6814,"acceptedByUserId":null,"rejectedByUserId":null,"layer":0,"counter":0,"status":"ACCEPTED","hashCode":"SPAN:rj7TW0-ymuRo6f_asXJab:0:10:0:3:0:10:0:4:7:0:undefined:undefined","labelName":"rj7TW0-ymuRo6f_asXJab","labelItem":{"id":"rj7TW0-ymuRo6f_asXJab","labelName":"Company Name"},"textPosition":{"start":{"row":10,"column":0,"tokenIndex":3,"charIndex":0},"end":{"row":10,"column":0,"tokenIndex":4,"charIndex":7}},"confidenceScore":null},{"id":"1663412196","labeledBy":"LABELER","labeledByUserId":6814,"acceptedByUserId":null,"rejectedByUserId":null,"layer":0,"counter":0,"status":"ACCEPTED","hashCode":"SPAN:1R0C50AAwFbEp2O0WmRv6:0:10:0:6:0:10:0:6:8:0:undefined:undefined","labelName":"1R0C50AAwFbEp2O0WmRv6","labelItem":{"id":"1R0C50AAwFbEp2O0WmRv6","labelName":"Location"},"textPosition":{"start":{"row":10,"column":0,"tokenIndex":6,"charIndex":0},"end":{"row":10,"column":0,"tokenIndex":6,"charIndex":8}},"confidenceScore":null},{"id":"1663412199","labeledBy":"LABELER","labeledByUserId":6814,"acceptedByUserId":null,"rejectedByUserId":null,"layer":0,"counter":0,"status":"ACCEPTED","hashCode":"SPAN:1R0C50AAwFbEp2O0WmRv6:0:10:0:7:0:10:0:7:1:0:undefined:undefined","labelName":"1R0C50AAwFbEp2O0WmRv6","labelItem":{"id":"1R0C50AAwFbEp2O0WmRv6","labelName":"Location"},"textPosition":{"start":{"row":10,"column":0,"tokenIndex":7,"charIndex":0},"end":{"row":10,"column":0,"tokenIndex":7,"charIndex":1}},"confidenceScore":null},{"id":"1663412202","labeledBy":"LABELER","labeledByUserId":6814,"acceptedByUserId":null,"rejectedByUserId":null,"layer":0,"counter":0,"status":"ACCEPTED","hashCode":"SPAN:52S_6moRfhjC-yXgIBeCp:0:10:0:8:0:10:0:8:3:0:undefined:undefined","labelName":"52S_6moRfhjC-yXgIBeCp","labelItem":{"id":"52S_6moRfhjC-yXgIBeCp","labelName":"Date"},"textPosition":{"start":{"row":10,"column":0,"tokenIndex":8,"charIndex":0},"end":{"row":10,"column":0,"tokenIndex":8,"charIndex":3}},"confidenceScore":null},{"id":"1663412205","labeledBy":"LABELER","labeledByUserId":6814,"acceptedByUserId":null,"rejectedByUserId":null,"layer":0,"counter":0,"status":"ACCEPTED","hashCode":"SPAN:52S_6moRfhjC-yXgIBeCp:0:10:0:10:0:10:0:10:3:0:undefined:undefined","labelName":"52S_6moRfhjC-yXgIBeCp","labelItem":{"id":"52S_6moRfhjC-yXgIBeCp","labelName":"Date"},"textPosition":{"start":{"row":10,"column":0,"tokenIndex":10,"charIndex":0},"end":{"row":10,"column":0,"tokenIndex":10,"charIndex":3}},"confidenceScore":null},{"id":"1663412229","labeledBy":"LABELER","labeledByUserId":6814,"acceptedByUserId":null,"rejectedByUserId":null,"layer":0,"counter":0,"status":"ACCEPTED","hashCode":"SPAN:eS2knCRgLegeRw8bcmSWA:0:10:0:16:0:10:0:17:6:0:undefined:undefined","labelName":"eS2knCRgLegeRw8bcmSWA","labelItem":{"id":"eS2knCRgLegeRw8bcmSWA","labelName":"Skill"},"textPosition":{"start":{"row":10,"column":0,"tokenIndex":16,"charIndex":0},"end":{"row":10,"column":0,"tokenIndex":17,"charIndex":6}},"confidenceScore":null},{"id":"1663412235","labeledBy":"LABELER","labeledByUserId":6814,"acceptedByUserId":null,"rejectedByUserId":null,"layer":0,"counter":0,"status":"ACCEPTED","hashCode":"SPAN:eS2knCRgLegeRw8bcmSWA:0:10:0:19:0:10:0:21:6:0:undefined:undefined","labelName":"eS2knCRgLegeRw8bcmSWA","labelItem":{"id":"eS2knCRgLegeRw8bcmSWA","labelName":"Skill"},"textPosition":{"start":{"row":10,"column":0,"tokenIndex":19,"charIndex":0},"end":{"row":10,"column":0,"tokenIndex":21,"charIndex":6}},"confidenceScore":null},{"id":"1663412241","labeledBy":"LABELER","labeledByUserId":6814,"acceptedByUserId":null,"rejectedByUserId":null,"layer":0,"counter":0,"status":"ACCEPTED","hashCode":"SPAN:eS2knCRgLegeRw8bcmSWA:0:10:0:24:0:10:0:24:6:0:undefined:undefined","labelName":"eS2knCRgLegeRw8bcmSWA","labelItem":{"id":"eS2knCRgLegeRw8bcmSWA","labelName":"Skill"},"textPosition":{"start":{"row":10,"column":0,"tokenIndex":24,"charIndex":0},"end":{"row":10,"column":0,"tokenIndex":24,"charIndex":6}},"confidenceScore":null},{"id":"1663412248","labeledBy":"LABELER","labeledByUserId":6814,"acceptedByUserId":null,"rejectedByUserId":null,"layer":0,"counter":0,"status":"ACCEPTED","hashCode":"SPAN:eS2knCRgLegeRw8bcmSWA:0:10:0:26:0:10:0:26:7:0:undefined:undefined","labelName":"eS2knCRgLegeRw8bcmSWA","labelItem":{"id":"eS2knCRgLegeRw8bcmSWA","labelName":"Skill"},"textPosition":{"start":{"row":10,"column":0,"tokenIndex":26,"charIndex":0},"end":{"row":10,"column":0,"tokenIndex":26,"charIndex":7}},"confidenceScore":null},{"id":"1663412256","labeledBy":"LABELER","labeledByUserId":6814,"acceptedByUserId":null,"rejectedByUserId":null,"layer":0,"counter":0,"status":"ACCEPTED","hashCode":"SPAN:eS2knCRgLegeRw8bcmSWA:0:11:0:2:0:11:0:3:6:0:undefined:undefined","labelName":"eS2knCRgLegeRw8bcmSWA","labelItem":{"id":"eS2knCRgLegeRw8bcmSWA","labelName":"Skill"},"textPosition":{"start":{"row":11,"column":0,"tokenIndex":2,"charIndex":0},"end":{"row":11,"column":0,"tokenIndex":3,"charIndex":6}},"confidenceScore":null},{"id":"1663412259","labeledBy":"LABELER","labeledByUserId":6814,"acceptedByUserId":null,"rejectedByUserId":null,"layer":0,"counter":0,"status":"ACCEPTED","hashCode":"SPAN:eS2knCRgLegeRw8bcmSWA:0:11:0:12:0:11:0:12:15:0:undefined:undefined","labelName":"eS2knCRgLegeRw8bcmSWA","labelItem":{"id":"eS2knCRgLegeRw8bcmSWA","labelName":"Skill"},"textPosition":{"start":{"row":11,"column":0,"tokenIndex":12,"charIndex":0},"end":{"row":11,"column":0,"tokenIndex":12,"charIndex":15}},"confidenceScore":null},{"id":"1663412262","labeledBy":"LABELER","labeledByUserId":6814,"acceptedByUserId":null,"rejectedByUserId":null,"layer":0,"counter":0,"status":"ACCEPTED","hashCode":"SPAN:eS2knCRgLegeRw8bcmSWA:0:11:0:13:0:11:0:13:10:0:undefined:undefined","labelName":"eS2knCRgLegeRw8bcmSWA","labelItem":{"id":"eS2knCRgLegeRw8bcmSWA","labelName":"Skill"},"textPosition":{"start":{"row":11,"column":0,"tokenIndex":13,"charIndex":0},"end":{"row":11,"column":0,"tokenIndex":13,"charIndex":10}},"confidenceScore":null},{"id":"1663412265","labeledBy":"LABELER","labeledByUserId":6814,"acceptedByUserId":null,"rejectedByUserId":null,"layer":0,"counter":0,"status":"ACCEPTED","hashCode":"SPAN:eS2knCRgLegeRw8bcmSWA:0:11:0:15:0:11:0:16:4:0:undefined:undefined","labelName":"eS2knCRgLegeRw8bcmSWA","labelItem":{"id":"eS2knCRgLegeRw8bcmSWA","labelName":"Skill"},"textPosition":{"start":{"row":11,"column":0,"tokenIndex":15,"charIndex":0},"end":{"row":11,"column":0,"tokenIndex":16,"charIndex":4}},"confidenceScore":null},{"id":"1663412271","labeledBy":"LABELER","labeledByUserId":6814,"acceptedByUserId":null,"rejectedByUserId":null,"layer":0,"counter":0,"status":"ACCEPTED","hashCode":"SPAN:eS2knCRgLegeRw8bcmSWA:0:12:0:11:0:12:0:12:0:0:undefined:undefined","labelName":"eS2knCRgLegeRw8bcmSWA","labelItem":{"id":"eS2knCRgLegeRw8bcmSWA","labelName":"Skill"},"textPosition":{"start":{"row":12,"column":0,"tokenIndex":11,"charIndex":0},"end":{"row":12,"column":0,"tokenIndex":12,"charIndex":0}},"confidenceScore":null},{"id":"1663412283","labeledBy":"LABELER","labeledByUserId":6814,"acceptedByUserId":null,"rejectedByUserId":null,"layer":0,"counter":0,"status":"ACCEPTED","hashCode":"SPAN:SJEkdao76hjwbb6Fh5SY6:0:15:0:0:0:15:0:2:9:0:undefined:undefined","labelName":"SJEkdao76hjwbb6Fh5SY6","labelItem":{"id":"SJEkdao76hjwbb6Fh5SY6","labelName":"Job Title"},"textPosition":{"start":{"row":15,"column":0,"tokenIndex":0,"charIndex":0},"end":{"row":15,"column":0,"tokenIndex":2,"charIndex":9}},"confidenceScore":null},{"id":"1663412286","labeledBy":"LABELER","labeledByUserId":6814,"acceptedByUserId":null,"rejectedByUserId":null,"layer":0,"counter":0,"status":"ACCEPTED","hashCode":"SPAN:SJEkdao76hjwbb6Fh5SY6:0:15:0:4:0:15:0:9:8:0:undefined:undefined","labelName":"SJEkdao76hjwbb6Fh5SY6","labelItem":{"id":"SJEkdao76hjwbb6Fh5SY6","labelName":"Job Title"},"textPosition":{"start":{"row":15,"column":0,"tokenIndex":4,"charIndex":0},"end":{"row":15,"column":0,"tokenIndex":9,"charIndex":8}},"confidenceScore":null},{"id":"1663412289","labeledBy":"LABELER","labeledByUserId":6814,"acceptedByUserId":null,"rejectedByUserId":null,"layer":0,"counter":0,"status":"ACCEPTED","hashCode":"SPAN:1R0C50AAwFbEp2O0WmRv6:0:15:0:11:0:15:0:11:7:0:undefined:undefined","labelName":"1R0C50AAwFbEp2O0WmRv6","labelItem":{"id":"1R0C50AAwFbEp2O0WmRv6","labelName":"Location"},"textPosition":{"start":{"row":15,"column":0,"tokenIndex":11,"charIndex":0},"end":{"row":15,"column":0,"tokenIndex":11,"charIndex":7}},"confidenceScore":null},{"id":"1663412292","labeledBy":"LABELER","labeledByUserId":6814,"acceptedByUserId":null,"rejectedByUserId":null,"layer":0,"counter":0,"status":"ACCEPTED","hashCode":"SPAN:1R0C50AAwFbEp2O0WmRv6:0:15:0:12:0:15:0:12:1:0:undefined:undefined","labelName":"1R0C50AAwFbEp2O0WmRv6","labelItem":{"id":"1R0C50AAwFbEp2O0WmRv6","labelName":"Location"},"textPosition":{"start":{"row":15,"column":0,"tokenIndex":12,"charIndex":0},"end":{"row":15,"column":0,"tokenIndex":12,"charIndex":1}},"confidenceScore":null},{"id":"1663412295","labeledBy":"LABELER","labeledByUserId":6814,"acceptedByUserId":null,"rejectedByUserId":null,"layer":0,"counter":0,"status":"ACCEPTED","hashCode":"SPAN:52S_6moRfhjC-yXgIBeCp:0:15:0:13:0:15:0:13:3:0:undefined:undefined","labelName":"52S_6moRfhjC-yXgIBeCp","labelItem":{"id":"52S_6moRfhjC-yXgIBeCp","labelName":"Date"},"textPosition":{"start":{"row":15,"column":0,"tokenIndex":13,"charIndex":0},"end":{"row":15,"column":0,"tokenIndex":13,"charIndex":3}},"confidenceScore":null},{"id":"1663412298","labeledBy":"LABELER","labeledByUserId":6814,"acceptedByUserId":null,"rejectedByUserId":null,"layer":0,"counter":0,"status":"ACCEPTED","hashCode":"SPAN:52S_6moRfhjC-yXgIBeCp:0:15:0:15:0:15:0:15:3:0:undefined:undefined","labelName":"52S_6moRfhjC-yXgIBeCp","labelItem":{"id":"52S_6moRfhjC-yXgIBeCp","labelName":"Date"},"textPosition":{"start":{"row":15,"column":0,"tokenIndex":15,"charIndex":0},"end":{"row":15,"column":0,"tokenIndex":15,"charIndex":3}},"confidenceScore":null},{"id":"1663412301","labeledBy":"LABELER","labeledByUserId":6814,"acceptedByUserId":null,"rejectedByUserId":null,"layer":0,"counter":0,"status":"ACCEPTED","hashCode":"SPAN:eS2knCRgLegeRw8bcmSWA:0:15:0:25:0:15:0:26:9:0:undefined:undefined","labelName":"eS2knCRgLegeRw8bcmSWA","labelItem":{"id":"eS2knCRgLegeRw8bcmSWA","labelName":"Skill"},"textPosition":{"start":{"row":15,"column":0,"tokenIndex":25,"charIndex":0},"end":{"row":15,"column":0,"tokenIndex":26,"charIndex":9}},"confidenceScore":null},{"id":"1663412304","labeledBy":"LABELER","labeledByUserId":6814,"acceptedByUserId":null,"rejectedByUserId":null,"layer":0,"counter":0,"status":"ACCEPTED","hashCode":"SPAN:eS2knCRgLegeRw8bcmSWA:0:15:0:27:0:15:0:28:7:0:undefined:undefined","labelName":"eS2knCRgLegeRw8bcmSWA","labelItem":{"id":"eS2knCRgLegeRw8bcmSWA","labelName":"Skill"},"textPosition":{"start":{"row":15,"column":0,"tokenIndex":27,"charIndex":0},"end":{"row":15,"column":0,"tokenIndex":28,"charIndex":7}},"confidenceScore":null},{"id":"1663412307","labeledBy":"LABELER","labeledByUserId":6814,"acceptedByUserId":null,"rejectedByUserId":null,"layer":0,"counter":0,"status":"ACCEPTED","hashCode":"SPAN:eS2knCRgLegeRw8bcmSWA:0:15:0:33:0:15:0:34:10:0:undefined:undefined","labelName":"eS2knCRgLegeRw8bcmSWA","labelItem":{"id":"eS2knCRgLegeRw8bcmSWA","labelName":"Skill"},"textPosition":{"start":{"row":15,"column":0,"tokenIndex":33,"charIndex":0},"end":{"row":15,"column":0,"tokenIndex":34,"charIndex":10}},"confidenceScore":null},{"id":"1663412310","labeledBy":"LABELER","labeledByUserId":6814,"acceptedByUserId":null,"rejectedByUserId":null,"layer":0,"counter":0,"status":"ACCEPTED","hashCode":"SPAN:eS2knCRgLegeRw8bcmSWA:0:16:0:10:0:16:0:12:6:0:undefined:undefined","labelName":"eS2knCRgLegeRw8bcmSWA","labelItem":{"id":"eS2knCRgLegeRw8bcmSWA","labelName":"Skill"},"textPosition":{"start":{"row":16,"column":0,"tokenIndex":10,"charIndex":0},"end":{"row":16,"column":0,"tokenIndex":12,"charIndex":6}},"confidenceScore":null},{"id":"1663412313","labeledBy":"LABELER","labeledByUserId":6814,"acceptedByUserId":null,"rejectedByUserId":null,"layer":0,"counter":0,"status":"ACCEPTED","hashCode":"SPAN:eS2knCRgLegeRw8bcmSWA:0:17:0:4:0:17:0:4:6:0:undefined:undefined","labelName":"eS2knCRgLegeRw8bcmSWA","labelItem":{"id":"eS2knCRgLegeRw8bcmSWA","labelName":"Skill"},"textPosition":{"start":{"row":17,"column":0,"tokenIndex":4,"charIndex":0},"end":{"row":17,"column":0,"tokenIndex":4,"charIndex":6}},"confidenceScore":null},{"id":"1663412316","labeledBy":"LABELER","labeledByUserId":6814,"acceptedByUserId":null,"rejectedByUserId":null,"layer":0,"counter":0,"status":"ACCEPTED","hashCode":"SPAN:eS2knCRgLegeRw8bcmSWA:0:17:0:5:0:17:0:5:7:0:undefined:undefined","labelName":"eS2knCRgLegeRw8bcmSWA","labelItem":{"id":"eS2knCRgLegeRw8bcmSWA","labelName":"Skill"},"textPosition":{"start":{"row":17,"column":0,"tokenIndex":5,"charIndex":0},"end":{"row":17,"column":0,"tokenIndex":5,"charIndex":7}},"confidenceScore":null},{"id":"1663412319","labeledBy":"LABELER","labeledByUserId":6814,"acceptedByUserId":null,"rejectedByUserId":null,"layer":0,"counter":0,"status":"ACCEPTED","hashCode":"SPAN:eS2knCRgLegeRw8bcmSWA:0:17:0:7:0:17:0:8:7:0:undefined:undefined","labelName":"eS2knCRgLegeRw8bcmSWA","labelItem":{"id":"eS2knCRgLegeRw8bcmSWA","labelName":"Skill"},"textPosition":{"start":{"row":17,"column":0,"tokenIndex":7,"charIndex":0},"end":{"row":17,"column":0,"tokenIndex":8,"charIndex":7}},"confidenceScore":null},{"id":"1663412322","labeledBy":"LABELER","labeledByUserId":6814,"acceptedByUserId":null,"rejectedByUserId":null,"layer":0,"counter":0,"status":"ACCEPTED","hashCode":"SPAN:eS2knCRgLegeRw8bcmSWA:0:17:0:10:0:17:0:11:0:0:undefined:undefined","labelName":"eS2knCRgLegeRw8bcmSWA","labelItem":{"id":"eS2knCRgLegeRw8bcmSWA","labelName":"Skill"},"textPosition":{"start":{"row":17,"column":0,"tokenIndex":10,"charIndex":0},"end":{"row":17,"column":0,"tokenIndex":11,"charIndex":0}},"confidenceScore":null},{"id":"1663412325","labeledBy":"LABELER","labeledByUserId":6814,"acceptedByUserId":null,"rejectedByUserId":null,"layer":0,"counter":0,"status":"ACCEPTED","hashCode":"SPAN:eS2knCRgLegeRw8bcmSWA:0:17:0:10:0:17:0:13:0:0:undefined:undefined","labelName":"eS2knCRgLegeRw8bcmSWA","labelItem":{"id":"eS2knCRgLegeRw8bcmSWA","labelName":"Skill"},"textPosition":{"start":{"row":17,"column":0,"tokenIndex":10,"charIndex":0},"end":{"row":17,"column":0,"tokenIndex":13,"charIndex":0}},"confidenceScore":null},{"id":"1663412328","labeledBy":"LABELER","labeledByUserId":6814,"acceptedByUserId":null,"rejectedByUserId":null,"layer":0,"counter":0,"status":"ACCEPTED","hashCode":"SPAN:eS2knCRgLegeRw8bcmSWA:0:19:0:12:0:19:0:12:7:0:undefined:undefined","labelName":"eS2knCRgLegeRw8bcmSWA","labelItem":{"id":"eS2knCRgLegeRw8bcmSWA","labelName":"Skill"},"textPosition":{"start":{"row":19,"column":0,"tokenIndex":12,"charIndex":0},"end":{"row":19,"column":0,"tokenIndex":12,"charIndex":7}},"confidenceScore":null},{"id":"1663412331","labeledBy":"LABELER","labeledByUserId":6814,"acceptedByUserId":null,"rejectedByUserId":null,"layer":0,"counter":0,"status":"ACCEPTED","hashCode":"SPAN:eS2knCRgLegeRw8bcmSWA:0:22:0:0:0:22:0:0:6:0:undefined:undefined","labelName":"eS2knCRgLegeRw8bcmSWA","labelItem":{"id":"eS2knCRgLegeRw8bcmSWA","labelName":"Skill"},"textPosition":{"start":{"row":22,"column":0,"tokenIndex":0,"charIndex":0},"end":{"row":22,"column":0,"tokenIndex":0,"charIndex":6}},"confidenceScore":null},{"id":"1663412334","labeledBy":"LABELER","labeledByUserId":6814,"acceptedByUserId":null,"rejectedByUserId":null,"layer":0,"counter":0,"status":"ACCEPTED","hashCode":"SPAN:eS2knCRgLegeRw8bcmSWA:0:22:0:2:0:22:0:3:6:0:undefined:undefined","labelName":"eS2knCRgLegeRw8bcmSWA","labelItem":{"id":"eS2knCRgLegeRw8bcmSWA","labelName":"Skill"},"textPosition":{"start":{"row":22,"column":0,"tokenIndex":2,"charIndex":0},"end":{"row":22,"column":0,"tokenIndex":3,"charIndex":6}},"confidenceScore":null},{"id":"1663412337","labeledBy":"LABELER","labeledByUserId":6814,"acceptedByUserId":null,"rejectedByUserId":null,"layer":0,"counter":0,"status":"ACCEPTED","hashCode":"SPAN:eS2knCRgLegeRw8bcmSWA:0:22:0:5:0:22:0:6:9:0:undefined:undefined","labelName":"eS2knCRgLegeRw8bcmSWA","labelItem":{"id":"eS2knCRgLegeRw8bcmSWA","labelName":"Skill"},"textPosition":{"start":{"row":22,"column":0,"tokenIndex":5,"charIndex":0},"end":{"row":22,"column":0,"tokenIndex":6,"charIndex":9}},"confidenceScore":null},{"id":"1663412340","labeledBy":"LABELER","labeledByUserId":6814,"acceptedByUserId":null,"rejectedByUserId":null,"layer":0,"counter":0,"status":"ACCEPTED","hashCode":"SPAN:SJEkdao76hjwbb6Fh5SY6:0:22:0:8:0:22:0:8:9:0:undefined:undefined","labelName":"SJEkdao76hjwbb6Fh5SY6","labelItem":{"id":"SJEkdao76hjwbb6Fh5SY6","labelName":"Job Title"},"textPosition":{"start":{"row":22,"column":0,"tokenIndex":8,"charIndex":0},"end":{"row":22,"column":0,"tokenIndex":8,"charIndex":9}},"confidenceScore":null},{"id":"1663412346","labeledBy":"LABELER","labeledByUserId":6814,"acceptedByUserId":null,"rejectedByUserId":null,"layer":0,"counter":0,"status":"ACCEPTED","hashCode":"SPAN:rj7TW0-ymuRo6f_asXJab:0:22:0:9:0:22:0:10:1:0:undefined:undefined","labelName":"rj7TW0-ymuRo6f_asXJab","labelItem":{"id":"rj7TW0-ymuRo6f_asXJab","labelName":"Company Name"},"textPosition":{"start":{"row":22,"column":0,"tokenIndex":9,"charIndex":0},"end":{"row":22,"column":0,"tokenIndex":10,"charIndex":1}},"confidenceScore":null},{"id":"1663412349","labeledBy":"LABELER","labeledByUserId":6814,"acceptedByUserId":null,"rejectedByUserId":null,"layer":0,"counter":0,"status":"ACCEPTED","hashCode":"SPAN:1R0C50AAwFbEp2O0WmRv6:0:22:0:12:0:22:0:12:8:0:undefined:undefined","labelName":"1R0C50AAwFbEp2O0WmRv6","labelItem":{"id":"1R0C50AAwFbEp2O0WmRv6","labelName":"Location"},"textPosition":{"start":{"row":22,"column":0,"tokenIndex":12,"charIndex":0},"end":{"row":22,"column":0,"tokenIndex":12,"charIndex":8}},"confidenceScore":null},{"id":"1663412352","labeledBy":"LABELER","labeledByUserId":6814,"acceptedByUserId":null,"rejectedByUserId":null,"layer":0,"counter":0,"status":"ACCEPTED","hashCode":"SPAN:1R0C50AAwFbEp2O0WmRv6:0:22:0:13:0:22:0:13:1:0:undefined:undefined","labelName":"1R0C50AAwFbEp2O0WmRv6","labelItem":{"id":"1R0C50AAwFbEp2O0WmRv6","labelName":"Location"},"textPosition":{"start":{"row":22,"column":0,"tokenIndex":13,"charIndex":0},"end":{"row":22,"column":0,"tokenIndex":13,"charIndex":1}},"confidenceScore":null},{"id":"1663412355","labeledBy":"LABELER","labeledByUserId":6814,"acceptedByUserId":null,"rejectedByUserId":null,"layer":0,"counter":0,"status":"ACCEPTED","hashCode":"SPAN:52S_6moRfhjC-yXgIBeCp:0:22:0:14:0:22:0:14:3:0:undefined:undefined","labelName":"52S_6moRfhjC-yXgIBeCp","labelItem":{"id":"52S_6moRfhjC-yXgIBeCp","labelName":"Date"},"textPosition":{"start":{"row":22,"column":0,"tokenIndex":14,"charIndex":0},"end":{"row":22,"column":0,"tokenIndex":14,"charIndex":3}},"confidenceScore":null},{"id":"1663412358","labeledBy":"LABELER","labeledByUserId":6814,"acceptedByUserId":null,"rejectedByUserId":null,"layer":0,"counter":0,"status":"ACCEPTED","hashCode":"SPAN:52S_6moRfhjC-yXgIBeCp:0:22:0:16:0:22:0:16:3:0:undefined:undefined","labelName":"52S_6moRfhjC-yXgIBeCp","labelItem":{"id":"52S_6moRfhjC-yXgIBeCp","labelName":"Date"},"textPosition":{"start":{"row":22,"column":0,"tokenIndex":16,"charIndex":0},"end":{"row":22,"column":0,"tokenIndex":16,"charIndex":3}},"confidenceScore":null},{"id":"1663412361","labeledBy":"LABELER","labeledByUserId":6814,"acceptedByUserId":null,"rejectedByUserId":null,"layer":0,"counter":0,"status":"ACCEPTED","hashCode":"SPAN:eS2knCRgLegeRw8bcmSWA:0:22:0:30:0:22:0:30:8:0:undefined:undefined","labelName":"eS2knCRgLegeRw8bcmSWA","labelItem":{"id":"eS2knCRgLegeRw8bcmSWA","labelName":"Skill"},"textPosition":{"start":{"row":22,"column":0,"tokenIndex":30,"charIndex":0},"end":{"row":22,"column":0,"tokenIndex":30,"charIndex":8}},"confidenceScore":null},{"id":"1663412364","labeledBy":"LABELER","labeledByUserId":6814,"acceptedByUserId":null,"rejectedByUserId":null,"layer":0,"counter":0,"status":"ACCEPTED","hashCode":"SPAN:eS2knCRgLegeRw8bcmSWA:0:22:0:31:0:22:0:31:8:0:undefined:undefined","labelName":"eS2knCRgLegeRw8bcmSWA","labelItem":{"id":"eS2knCRgLegeRw8bcmSWA","labelName":"Skill"},"textPosition":{"start":{"row":22,"column":0,"tokenIndex":31,"charIndex":0},"end":{"row":22,"column":0,"tokenIndex":31,"charIndex":8}},"confidenceScore":null},{"id":"1663412367","labeledBy":"LABELER","labeledByUserId":6814,"acceptedByUserId":null,"rejectedByUserId":null,"layer":0,"counter":0,"status":"ACCEPTED","hashCode":"SPAN:eS2knCRgLegeRw8bcmSWA:0:22:0:33:0:22:0:34:7:0:undefined:undefined","labelName":"eS2knCRgLegeRw8bcmSWA","labelItem":{"id":"eS2knCRgLegeRw8bcmSWA","labelName":"Skill"},"textPosition":{"start":{"row":22,"column":0,"tokenIndex":33,"charIndex":0},"end":{"row":22,"column":0,"tokenIndex":34,"charIndex":7}},"confidenceScore":null},{"id":"1663412370","labeledBy":"LABELER","labeledByUserId":6814,"acceptedByUserId":null,"rejectedByUserId":null,"layer":0,"counter":0,"status":"ACCEPTED","hashCode":"SPAN:eS2knCRgLegeRw8bcmSWA:0:23:0:2:0:23:0:2:14:0:undefined:undefined","labelName":"eS2knCRgLegeRw8bcmSWA","labelItem":{"id":"eS2knCRgLegeRw8bcmSWA","labelName":"Skill"},"textPosition":{"start":{"row":23,"column":0,"tokenIndex":2,"charIndex":0},"end":{"row":23,"column":0,"tokenIndex":2,"charIndex":14}},"confidenceScore":null},{"id":"1663412373","labeledBy":"LABELER","labeledByUserId":6814,"acceptedByUserId":null,"rejectedByUserId":null,"layer":0,"counter":0,"status":"ACCEPTED","hashCode":"SPAN:eS2knCRgLegeRw8bcmSWA:0:23:0:4:0:23:0:4:3:0:undefined:undefined","labelName":"eS2knCRgLegeRw8bcmSWA","labelItem":{"id":"eS2knCRgLegeRw8bcmSWA","labelName":"Skill"},"textPosition":{"start":{"row":23,"column":0,"tokenIndex":4,"charIndex":0},"end":{"row":23,"column":0,"tokenIndex":4,"charIndex":3}},"confidenceScore":null},{"id":"1663412376","labeledBy":"LABELER","labeledByUserId":6814,"acceptedByUserId":null,"rejectedByUserId":null,"layer":0,"counter":0,"status":"ACCEPTED","hashCode":"SPAN:eS2knCRgLegeRw8bcmSWA:0:23:0:6:0:23:0:6:8:0:undefined:undefined","labelName":"eS2knCRgLegeRw8bcmSWA","labelItem":{"id":"eS2knCRgLegeRw8bcmSWA","labelName":"Skill"},"textPosition":{"start":{"row":23,"column":0,"tokenIndex":6,"charIndex":0},"end":{"row":23,"column":0,"tokenIndex":6,"charIndex":8}},"confidenceScore":null},{"id":"1663412379","labeledBy":"LABELER","labeledByUserId":6814,"acceptedByUserId":null,"rejectedByUserId":null,"layer":0,"counter":0,"status":"ACCEPTED","hashCode":"SPAN:eS2knCRgLegeRw8bcmSWA:0:23:0:7:0:23:0:8:1:0:undefined:undefined","labelName":"eS2knCRgLegeRw8bcmSWA","labelItem":{"id":"eS2knCRgLegeRw8bcmSWA","labelName":"Skill"},"textPosition":{"start":{"row":23,"column":0,"tokenIndex":7,"charIndex":0},"end":{"row":23,"column":0,"tokenIndex":8,"charIndex":1}},"confidenceScore":null},{"id":"1663412382","labeledBy":"LABELER","labeledByUserId":6814,"acceptedByUserId":null,"rejectedByUserId":null,"layer":0,"counter":0,"status":"ACCEPTED","hashCode":"SPAN:eS2knCRgLegeRw8bcmSWA:0:23:0:9:0:23:0:10:4:0:undefined:undefined","labelName":"eS2knCRgLegeRw8bcmSWA","labelItem":{"id":"eS2knCRgLegeRw8bcmSWA","labelName":"Skill"},"textPosition":{"start":{"row":23,"column":0,"tokenIndex":9,"charIndex":0},"end":{"row":23,"column":0,"tokenIndex":10,"charIndex":4}},"confidenceScore":null},{"id":"1663412385","labeledBy":"LABELER","labeledByUserId":6814,"acceptedByUserId":null,"rejectedByUserId":null,"layer":0,"counter":0,"status":"ACCEPTED","hashCode":"SPAN:eS2knCRgLegeRw8bcmSWA:0:23:0:11:0:23:0:11:3:0:undefined:undefined","labelName":"eS2knCRgLegeRw8bcmSWA","labelItem":{"id":"eS2knCRgLegeRw8bcmSWA","labelName":"Skill"},"textPosition":{"start":{"row":23,"column":0,"tokenIndex":11,"charIndex":0},"end":{"row":23,"column":0,"tokenIndex":11,"charIndex":3}},"confidenceScore":null},{"id":"1663412388","labeledBy":"LABELER","labeledByUserId":6814,"acceptedByUserId":null,"rejectedByUserId":null,"layer":0,"counter":0,"status":"ACCEPTED","hashCode":"SPAN:eS2knCRgLegeRw8bcmSWA:0:23:0:12:0:23:0:12:4:0:undefined:undefined","labelName":"eS2knCRgLegeRw8bcmSWA","labelItem":{"id":"eS2knCRgLegeRw8bcmSWA","labelName":"Skill"},"textPosition":{"start":{"row":23,"column":0,"tokenIndex":12,"charIndex":0},"end":{"row":23,"column":0,"tokenIndex":12,"charIndex":4}},"confidenceScore":null},{"id":"1663412391","labeledBy":"LABELER","labeledByUserId":6814,"acceptedByUserId":null,"rejectedByUserId":null,"layer":0,"counter":0,"status":"ACCEPTED","hashCode":"SPAN:eS2knCRgLegeRw8bcmSWA:0:23:0:15:0:23:0:16:7:0:undefined:undefined","labelName":"eS2knCRgLegeRw8bcmSWA","labelItem":{"id":"eS2knCRgLegeRw8bcmSWA","labelName":"Skill"},"textPosition":{"start":{"row":23,"column":0,"tokenIndex":15,"charIndex":0},"end":{"row":23,"column":0,"tokenIndex":16,"charIndex":7}},"confidenceScore":null},{"id":"1663412400","labeledBy":"LABELER","labeledByUserId":6814,"acceptedByUserId":null,"rejectedByUserId":null,"layer":0,"counter":0,"status":"ACCEPTED","hashCode":"SPAN:eS2knCRgLegeRw8bcmSWA:0:24:0:7:0:24:0:8:10:0:undefined:undefined","labelName":"eS2knCRgLegeRw8bcmSWA","labelItem":{"id":"eS2knCRgLegeRw8bcmSWA","labelName":"Skill"},"textPosition":{"start":{"row":24,"column":0,"tokenIndex":7,"charIndex":0},"end":{"row":24,"column":0,"tokenIndex":8,"charIndex":10}},"confidenceScore":null},{"id":"1663412394","labeledBy":"LABELER","labeledByUserId":6814,"acceptedByUserId":null,"rejectedByUserId":null,"layer":0,"counter":0,"status":"ACCEPTED","hashCode":"SPAN:eS2knCRgLegeRw8bcmSWA:0:24:0:12:0:24:0:14:2:0:undefined:undefined","labelName":"eS2knCRgLegeRw8bcmSWA","labelItem":{"id":"eS2knCRgLegeRw8bcmSWA","labelName":"Skill"},"textPosition":{"start":{"row":24,"column":0,"tokenIndex":12,"charIndex":0},"end":{"row":24,"column":0,"tokenIndex":14,"charIndex":2}},"confidenceScore":null},{"id":"1663412397","labeledBy":"LABELER","labeledByUserId":6814,"acceptedByUserId":null,"rejectedByUserId":null,"layer":0,"counter":0,"status":"ACCEPTED","hashCode":"SPAN:eS2knCRgLegeRw8bcmSWA:0:24:0:16:0:24:0:17:7:0:undefined:undefined","labelName":"eS2knCRgLegeRw8bcmSWA","labelItem":{"id":"eS2knCRgLegeRw8bcmSWA","labelName":"Skill"},"textPosition":{"start":{"row":24,"column":0,"tokenIndex":16,"charIndex":0},"end":{"row":24,"column":0,"tokenIndex":17,"charIndex":7}},"confidenceScore":null},{"id":"1663412403","labeledBy":"LABELER","labeledByUserId":6814,"acceptedByUserId":null,"rejectedByUserId":null,"layer":0,"counter":0,"status":"ACCEPTED","hashCode":"SPAN:eS2knCRgLegeRw8bcmSWA:0:25:0:15:0:25:0:15:6:0:undefined:undefined","labelName":"eS2knCRgLegeRw8bcmSWA","labelItem":{"id":"eS2knCRgLegeRw8bcmSWA","labelName":"Skill"},"textPosition":{"start":{"row":25,"column":0,"tokenIndex":15,"charIndex":0},"end":{"row":25,"column":0,"tokenIndex":15,"charIndex":6}},"confidenceScore":null},{"id":"1663412409","labeledBy":"LABELER","labeledByUserId":6814,"acceptedByUserId":null,"rejectedByUserId":null,"layer":0,"counter":0,"status":"ACCEPTED","hashCode":"SPAN:eS2knCRgLegeRw8bcmSWA:0:25:0:16:0:25:0:18:7:0:undefined:undefined","labelName":"eS2knCRgLegeRw8bcmSWA","labelItem":{"id":"eS2knCRgLegeRw8bcmSWA","labelName":"Skill"},"textPosition":{"start":{"row":25,"column":0,"tokenIndex":16,"charIndex":0},"end":{"row":25,"column":0,"tokenIndex":18,"charIndex":7}},"confidenceScore":null},{"id":"1663412412","labeledBy":"LABELER","labeledByUserId":6814,"acceptedByUserId":null,"rejectedByUserId":null,"layer":0,"counter":0,"status":"ACCEPTED","hashCode":"SPAN:eS2knCRgLegeRw8bcmSWA:0:25:0:19:0:25:0:19:7:0:undefined:undefined","labelName":"eS2knCRgLegeRw8bcmSWA","labelItem":{"id":"eS2knCRgLegeRw8bcmSWA","labelName":"Skill"},"textPosition":{"start":{"row":25,"column":0,"tokenIndex":19,"charIndex":0},"end":{"row":25,"column":0,"tokenIndex":19,"charIndex":7}},"confidenceScore":null},{"id":"1663412415","labeledBy":"LABELER","labeledByUserId":6814,"acceptedByUserId":null,"rejectedByUserId":null,"layer":0,"counter":0,"status":"ACCEPTED","hashCode":"SPAN:eS2knCRgLegeRw8bcmSWA:0:25:0:21:0:25:0:23:7:0:undefined:undefined","labelName":"eS2knCRgLegeRw8bcmSWA","labelItem":{"id":"eS2knCRgLegeRw8bcmSWA","labelName":"Skill"},"textPosition":{"start":{"row":25,"column":0,"tokenIndex":21,"charIndex":0},"end":{"row":25,"column":0,"tokenIndex":23,"charIndex":7}},"confidenceScore":null},{"id":"1663412421","labeledBy":"LABELER","labeledByUserId":6814,"acceptedByUserId":null,"rejectedByUserId":null,"layer":0,"counter":0,"status":"ACCEPTED","hashCode":"SPAN:SJEkdao76hjwbb6Fh5SY6:0:27:0:0:0:27:0:2:7:0:undefined:undefined","labelName":"SJEkdao76hjwbb6Fh5SY6","labelItem":{"id":"SJEkdao76hjwbb6Fh5SY6","labelName":"Job Title"},"textPosition":{"start":{"row":27,"column":0,"tokenIndex":0,"charIndex":0},"end":{"row":27,"column":0,"tokenIndex":2,"charIndex":7}},"confidenceScore":null},{"id":"1663412424","labeledBy":"LABELER","labeledByUserId":6814,"acceptedByUserId":null,"rejectedByUserId":null,"layer":0,"counter":0,"status":"ACCEPTED","hashCode":"SPAN:rj7TW0-ymuRo6f_asXJab:0:27:0:3:0:27:0:4:7:0:undefined:undefined","labelName":"rj7TW0-ymuRo6f_asXJab","labelItem":{"id":"rj7TW0-ymuRo6f_asXJab","labelName":"Company Name"},"textPosition":{"start":{"row":27,"column":0,"tokenIndex":3,"charIndex":0},"end":{"row":27,"column":0,"tokenIndex":4,"charIndex":7}},"confidenceScore":null},{"id":"1663412430","labeledBy":"LABELER","labeledByUserId":6814,"acceptedByUserId":null,"rejectedByUserId":null,"layer":0,"counter":0,"status":"ACCEPTED","hashCode":"SPAN:1R0C50AAwFbEp2O0WmRv6:0:27:0:6:0:27:0:6:12:0:undefined:undefined","labelName":"1R0C50AAwFbEp2O0WmRv6","labelItem":{"id":"1R0C50AAwFbEp2O0WmRv6","labelName":"Location"},"textPosition":{"start":{"row":27,"column":0,"tokenIndex":6,"charIndex":0},"end":{"row":27,"column":0,"tokenIndex":6,"charIndex":12}},"confidenceScore":null},{"id":"1663412433","labeledBy":"LABELER","labeledByUserId":6814,"acceptedByUserId":null,"rejectedByUserId":null,"layer":0,"counter":0,"status":"ACCEPTED","hashCode":"SPAN:1R0C50AAwFbEp2O0WmRv6:0:27:0:7:0:27:0:7:1:0:undefined:undefined","labelName":"1R0C50AAwFbEp2O0WmRv6","labelItem":{"id":"1R0C50AAwFbEp2O0WmRv6","labelName":"Location"},"textPosition":{"start":{"row":27,"column":0,"tokenIndex":7,"charIndex":0},"end":{"row":27,"column":0,"tokenIndex":7,"charIndex":1}},"confidenceScore":null},{"id":"1663412436","labeledBy":"LABELER","labeledByUserId":6814,"acceptedByUserId":null,"rejectedByUserId":null,"layer":0,"counter":0,"status":"ACCEPTED","hashCode":"SPAN:52S_6moRfhjC-yXgIBeCp:0:27:0:8:0:27:0:8:3:0:undefined:undefined","labelName":"52S_6moRfhjC-yXgIBeCp","labelItem":{"id":"52S_6moRfhjC-yXgIBeCp","labelName":"Date"},"textPosition":{"start":{"row":27,"column":0,"tokenIndex":8,"charIndex":0},"end":{"row":27,"column":0,"tokenIndex":8,"charIndex":3}},"confidenceScore":null},{"id":"1663412439","labeledBy":"LABELER","labeledByUserId":6814,"acceptedByUserId":null,"rejectedByUserId":null,"layer":0,"counter":0,"status":"ACCEPTED","hashCode":"SPAN:52S_6moRfhjC-yXgIBeCp:0:27:0:10:0:27:0:10:3:0:undefined:undefined","labelName":"52S_6moRfhjC-yXgIBeCp","labelItem":{"id":"52S_6moRfhjC-yXgIBeCp","labelName":"Date"},"textPosition":{"start":{"row":27,"column":0,"tokenIndex":10,"charIndex":0},"end":{"row":27,"column":0,"tokenIndex":10,"charIndex":3}},"confidenceScore":null},{"id":"1663412445","labeledBy":"LABELER","labeledByUserId":6814,"acceptedByUserId":null,"rejectedByUserId":null,"layer":0,"counter":0,"status":"ACCEPTED","hashCode":"SPAN:eS2knCRgLegeRw8bcmSWA:0:27:0:13:0:27:0:16:6:0:undefined:undefined","labelName":"eS2knCRgLegeRw8bcmSWA","labelItem":{"id":"eS2knCRgLegeRw8bcmSWA","labelName":"Skill"},"textPosition":{"start":{"row":27,"column":0,"tokenIndex":13,"charIndex":0},"end":{"row":27,"column":0,"tokenIndex":16,"charIndex":6}},"confidenceScore":null},{"id":"1663412448","labeledBy":"LABELER","labeledByUserId":6814,"acceptedByUserId":null,"rejectedByUserId":null,"layer":0,"counter":0,"status":"ACCEPTED","hashCode":"SPAN:eS2knCRgLegeRw8bcmSWA:0:27:0:18:0:27:0:19:7:0:undefined:undefined","labelName":"eS2knCRgLegeRw8bcmSWA","labelItem":{"id":"eS2knCRgLegeRw8bcmSWA","labelName":"Skill"},"textPosition":{"start":{"row":27,"column":0,"tokenIndex":18,"charIndex":0},"end":{"row":27,"column":0,"tokenIndex":19,"charIndex":7}},"confidenceScore":null},{"id":"1663412454","labeledBy":"LABELER","labeledByUserId":6814,"acceptedByUserId":null,"rejectedByUserId":null,"layer":0,"counter":0,"status":"ACCEPTED","hashCode":"SPAN:eS2knCRgLegeRw8bcmSWA:0:27:0:21:0:27:0:22:7:0:undefined:undefined","labelName":"eS2knCRgLegeRw8bcmSWA","labelItem":{"id":"eS2knCRgLegeRw8bcmSWA","labelName":"Skill"},"textPosition":{"start":{"row":27,"column":0,"tokenIndex":21,"charIndex":0},"end":{"row":27,"column":0,"tokenIndex":22,"charIndex":7}},"confidenceScore":null},{"id":"1663412457","labeledBy":"LABELER","labeledByUserId":6814,"acceptedByUserId":null,"rejectedByUserId":null,"layer":0,"counter":0,"status":"ACCEPTED","hashCode":"SPAN:eS2knCRgLegeRw8bcmSWA:0:27:0:25:0:27:0:25:6:0:undefined:undefined","labelName":"eS2knCRgLegeRw8bcmSWA","labelItem":{"id":"eS2knCRgLegeRw8bcmSWA","labelName":"Skill"},"textPosition":{"start":{"row":27,"column":0,"tokenIndex":25,"charIndex":0},"end":{"row":27,"column":0,"tokenIndex":25,"charIndex":6}},"confidenceScore":null},{"id":"1663412460","labeledBy":"LABELER","labeledByUserId":6814,"acceptedByUserId":null,"rejectedByUserId":null,"layer":0,"counter":0,"status":"ACCEPTED","hashCode":"SPAN:eS2knCRgLegeRw8bcmSWA:0:28:0:6:0:28:0:6:7:0:undefined:undefined","labelName":"eS2knCRgLegeRw8bcmSWA","labelItem":{"id":"eS2knCRgLegeRw8bcmSWA","labelName":"Skill"},"textPosition":{"start":{"row":28,"column":0,"tokenIndex":6,"charIndex":0},"end":{"row":28,"column":0,"tokenIndex":6,"charIndex":7}},"confidenceScore":null},{"id":"1663412463","labeledBy":"LABELER","labeledByUserId":6814,"acceptedByUserId":null,"rejectedByUserId":null,"layer":0,"counter":0,"status":"ACCEPTED","hashCode":"SPAN:eS2knCRgLegeRw8bcmSWA:0:28:0:7:0:28:0:7:3:0:undefined:undefined","labelName":"eS2knCRgLegeRw8bcmSWA","labelItem":{"id":"eS2knCRgLegeRw8bcmSWA","labelName":"Skill"},"textPosition":{"start":{"row":28,"column":0,"tokenIndex":7,"charIndex":0},"end":{"row":28,"column":0,"tokenIndex":7,"charIndex":3}},"confidenceScore":null},{"id":"1663412466","labeledBy":"LABELER","labeledByUserId":6814,"acceptedByUserId":null,"rejectedByUserId":null,"layer":0,"counter":0,"status":"ACCEPTED","hashCode":"SPAN:eS2knCRgLegeRw8bcmSWA:0:28:0:8:0:28:0:8:11:0:undefined:undefined","labelName":"eS2knCRgLegeRw8bcmSWA","labelItem":{"id":"eS2knCRgLegeRw8bcmSWA","labelName":"Skill"},"textPosition":{"start":{"row":28,"column":0,"tokenIndex":8,"charIndex":0},"end":{"row":28,"column":0,"tokenIndex":8,"charIndex":11}},"confidenceScore":null},{"id":"1663412469","labeledBy":"LABELER","labeledByUserId":6814,"acceptedByUserId":null,"rejectedByUserId":null,"layer":0,"counter":0,"status":"ACCEPTED","hashCode":"SPAN:eS2knCRgLegeRw8bcmSWA:0:28:0:9:0:28:0:9:10:0:undefined:undefined","labelName":"eS2knCRgLegeRw8bcmSWA","labelItem":{"id":"eS2knCRgLegeRw8bcmSWA","labelName":"Skill"},"textPosition":{"start":{"row":28,"column":0,"tokenIndex":9,"charIndex":0},"end":{"row":28,"column":0,"tokenIndex":9,"charIndex":10}},"confidenceScore":null},{"id":"1663412472","labeledBy":"LABELER","labeledByUserId":6814,"acceptedByUserId":null,"rejectedByUserId":null,"layer":0,"counter":0,"status":"ACCEPTED","hashCode":"SPAN:eS2knCRgLegeRw8bcmSWA:0:28:0:10:0:28:0:11:3:0:undefined:undefined","labelName":"eS2knCRgLegeRw8bcmSWA","labelItem":{"id":"eS2knCRgLegeRw8bcmSWA","labelName":"Skill"},"textPosition":{"start":{"row":28,"column":0,"tokenIndex":10,"charIndex":0},"end":{"row":28,"column":0,"tokenIndex":11,"charIndex":3}},"confidenceScore":null},{"id":"1663412475","labeledBy":"LABELER","labeledByUserId":6814,"acceptedByUserId":null,"rejectedByUserId":null,"layer":0,"counter":0,"status":"ACCEPTED","hashCode":"SPAN:eS2knCRgLegeRw8bcmSWA:0:28:0:13:0:28:0:13:2:0:undefined:undefined","labelName":"eS2knCRgLegeRw8bcmSWA","labelItem":{"id":"eS2knCRgLegeRw8bcmSWA","labelName":"Skill"},"textPosition":{"start":{"row":28,"column":0,"tokenIndex":13,"charIndex":0},"end":{"row":28,"column":0,"tokenIndex":13,"charIndex":2}},"confidenceScore":null},{"id":"1663412478","labeledBy":"LABELER","labeledByUserId":6814,"acceptedByUserId":null,"rejectedByUserId":null,"layer":0,"counter":0,"status":"ACCEPTED","hashCode":"SPAN:eS2knCRgLegeRw8bcmSWA:0:29:0:3:0:29:0:3:12:0:undefined:undefined","labelName":"eS2knCRgLegeRw8bcmSWA","labelItem":{"id":"eS2knCRgLegeRw8bcmSWA","labelName":"Skill"},"textPosition":{"start":{"row":29,"column":0,"tokenIndex":3,"charIndex":0},"end":{"row":29,"column":0,"tokenIndex":3,"charIndex":12}},"confidenceScore":null},{"id":"1663412481","labeledBy":"LABELER","labeledByUserId":6814,"acceptedByUserId":null,"rejectedByUserId":null,"layer":0,"counter":0,"status":"ACCEPTED","hashCode":"SPAN:eS2knCRgLegeRw8bcmSWA:0:29:0:4:0:29:0:4:14:0:undefined:undefined","labelName":"eS2knCRgLegeRw8bcmSWA","labelItem":{"id":"eS2knCRgLegeRw8bcmSWA","labelName":"Skill"},"textPosition":{"start":{"row":29,"column":0,"tokenIndex":4,"charIndex":0},"end":{"row":29,"column":0,"tokenIndex":4,"charIndex":14}},"confidenceScore":null},{"id":"1663412484","labeledBy":"LABELER","labeledByUserId":6814,"acceptedByUserId":null,"rejectedByUserId":null,"layer":0,"counter":0,"status":"ACCEPTED","hashCode":"SPAN:eS2knCRgLegeRw8bcmSWA:0:29:0:5:0:29:0:5:14:0:undefined:undefined","labelName":"eS2knCRgLegeRw8bcmSWA","labelItem":{"id":"eS2knCRgLegeRw8bcmSWA","labelName":"Skill"},"textPosition":{"start":{"row":29,"column":0,"tokenIndex":5,"charIndex":0},"end":{"row":29,"column":0,"tokenIndex":5,"charIndex":14}},"confidenceScore":null},{"id":"1663412487","labeledBy":"LABELER","labeledByUserId":6814,"acceptedByUserId":null,"rejectedByUserId":null,"layer":0,"counter":0,"status":"ACCEPTED","hashCode":"SPAN:eS2knCRgLegeRw8bcmSWA:0:29:0:7:0:29:0:7:10:0:undefined:undefined","labelName":"eS2knCRgLegeRw8bcmSWA","labelItem":{"id":"eS2knCRgLegeRw8bcmSWA","labelName":"Skill"},"textPosition":{"start":{"row":29,"column":0,"tokenIndex":7,"charIndex":0},"end":{"row":29,"column":0,"tokenIndex":7,"charIndex":10}},"confidenceScore":null},{"id":"1663412490","labeledBy":"LABELER","labeledByUserId":6814,"acceptedByUserId":null,"rejectedByUserId":null,"layer":0,"counter":0,"status":"ACCEPTED","hashCode":"SPAN:eS2knCRgLegeRw8bcmSWA:0:29:0:9:0:29:0:10:8:0:undefined:undefined","labelName":"eS2knCRgLegeRw8bcmSWA","labelItem":{"id":"eS2knCRgLegeRw8bcmSWA","labelName":"Skill"},"textPosition":{"start":{"row":29,"column":0,"tokenIndex":9,"charIndex":0},"end":{"row":29,"column":0,"tokenIndex":10,"charIndex":8}},"confidenceScore":null},{"id":"1663412491","labeledBy":"LABELER","labeledByUserId":6814,"acceptedByUserId":null,"rejectedByUserId":null,"layer":0,"counter":0,"status":"ACCEPTED","hashCode":"SPAN:eS2knCRgLegeRw8bcmSWA:0:29:0:11:0:29:0:11:4:0:undefined:undefined","labelName":"eS2knCRgLegeRw8bcmSWA","labelItem":{"id":"eS2knCRgLegeRw8bcmSWA","labelName":"Skill"},"textPosition":{"start":{"row":29,"column":0,"tokenIndex":11,"charIndex":0},"end":{"row":29,"column":0,"tokenIndex":11,"charIndex":4}},"confidenceScore":null},{"id":"1663412499","labeledBy":"LABELER","labeledByUserId":6814,"acceptedByUserId":null,"rejectedByUserId":null,"layer":0,"counter":0,"status":"ACCEPTED","hashCode":"SPAN:eS2knCRgLegeRw8bcmSWA:0:29:0:13:0:29:0:14:7:0:undefined:undefined","labelName":"eS2knCRgLegeRw8bcmSWA","labelItem":{"id":"eS2knCRgLegeRw8bcmSWA","labelName":"Skill"},"textPosition":{"start":{"row":29,"column":0,"tokenIndex":13,"charIndex":0},"end":{"row":29,"column":0,"tokenIndex":14,"charIndex":7}},"confidenceScore":null},{"id":"1663412505","labeledBy":"LABELER","labeledByUserId":6814,"acceptedByUserId":null,"rejectedByUserId":null,"layer":0,"counter":0,"status":"ACCEPTED","hashCode":"SPAN:eS2knCRgLegeRw8bcmSWA:0:31:0:4:0:31:0:5:8:0:undefined:undefined","labelName":"eS2knCRgLegeRw8bcmSWA","labelItem":{"id":"eS2knCRgLegeRw8bcmSWA","labelName":"Skill"},"textPosition":{"start":{"row":31,"column":0,"tokenIndex":4,"charIndex":0},"end":{"row":31,"column":0,"tokenIndex":5,"charIndex":8}},"confidenceScore":null},{"id":"1663412508","labeledBy":"LABELER","labeledByUserId":6814,"acceptedByUserId":null,"rejectedByUserId":null,"layer":0,"counter":0,"status":"ACCEPTED","hashCode":"SPAN:eS2knCRgLegeRw8bcmSWA:0:31:0:6:0:31:0:7:5:0:undefined:undefined","labelName":"eS2knCRgLegeRw8bcmSWA","labelItem":{"id":"eS2knCRgLegeRw8bcmSWA","labelName":"Skill"},"textPosition":{"start":{"row":31,"column":0,"tokenIndex":6,"charIndex":0},"end":{"row":31,"column":0,"tokenIndex":7,"charIndex":5}},"confidenceScore":null},{"id":"1663412511","labeledBy":"LABELER","labeledByUserId":6814,"acceptedByUserId":null,"rejectedByUserId":null,"layer":0,"counter":0,"status":"ACCEPTED","hashCode":"SPAN:eS2knCRgLegeRw8bcmSWA:0:31:0:9:0:31:0:10:7:0:undefined:undefined","labelName":"eS2knCRgLegeRw8bcmSWA","labelItem":{"id":"eS2knCRgLegeRw8bcmSWA","labelName":"Skill"},"textPosition":{"start":{"row":31,"column":0,"tokenIndex":9,"charIndex":0},"end":{"row":31,"column":0,"tokenIndex":10,"charIndex":7}},"confidenceScore":null},{"id":"1663412514","labeledBy":"LABELER","labeledByUserId":6814,"acceptedByUserId":null,"rejectedByUserId":null,"layer":0,"counter":0,"status":"ACCEPTED","hashCode":"SPAN:Kj5U6n9NUqTXuWcB3c_7L:0:33:0:6:0:33:0:8:6:0:undefined:undefined","labelName":"Kj5U6n9NUqTXuWcB3c_7L","labelItem":{"id":"Kj5U6n9NUqTXuWcB3c_7L","labelName":"College"},"textPosition":{"start":{"row":33,"column":0,"tokenIndex":6,"charIndex":0},"end":{"row":33,"column":0,"tokenIndex":8,"charIndex":6}},"confidenceScore":null},{"id":"1663412520","labeledBy":"LABELER","labeledByUserId":6814,"acceptedByUserId":null,"rejectedByUserId":null,"layer":0,"counter":0,"status":"ACCEPTED","hashCode":"SPAN:eS2knCRgLegeRw8bcmSWA:0:33:0:10:0:33:0:11:7:0:undefined:undefined","labelName":"eS2knCRgLegeRw8bcmSWA","labelItem":{"id":"eS2knCRgLegeRw8bcmSWA","labelName":"Skill"},"textPosition":{"start":{"row":33,"column":0,"tokenIndex":10,"charIndex":0},"end":{"row":33,"column":0,"tokenIndex":11,"charIndex":7}},"confidenceScore":null},{"id":"1663412523","labeledBy":"LABELER","labeledByUserId":6814,"acceptedByUserId":null,"rejectedByUserId":null,"layer":0,"counter":0,"status":"ACCEPTED","hashCode":"SPAN:eS2knCRgLegeRw8bcmSWA:0:33:0:12:0:33:0:13:7:0:undefined:undefined","labelName":"eS2knCRgLegeRw8bcmSWA","labelItem":{"id":"eS2knCRgLegeRw8bcmSWA","labelName":"Skill"},"textPosition":{"start":{"row":33,"column":0,"tokenIndex":12,"charIndex":0},"end":{"row":33,"column":0,"tokenIndex":13,"charIndex":7}},"confidenceScore":null},{"id":"1663412526","labeledBy":"LABELER","labeledByUserId":6814,"acceptedByUserId":null,"rejectedByUserId":null,"layer":0,"counter":0,"status":"ACCEPTED","hashCode":"SPAN:eS2knCRgLegeRw8bcmSWA:0:33:0:14:0:33:0:15:4:0:undefined:undefined","labelName":"eS2knCRgLegeRw8bcmSWA","labelItem":{"id":"eS2knCRgLegeRw8bcmSWA","labelName":"Skill"},"textPosition":{"start":{"row":33,"column":0,"tokenIndex":14,"charIndex":0},"end":{"row":33,"column":0,"tokenIndex":15,"charIndex":4}},"confidenceScore":null},{"id":"1663412529","labeledBy":"LABELER","labeledByUserId":6814,"acceptedByUserId":null,"rejectedByUserId":null,"layer":0,"counter":0,"status":"ACCEPTED","hashCode":"SPAN:eS2knCRgLegeRw8bcmSWA:0:33:0:16:0:33:0:17:7:0:undefined:undefined","labelName":"eS2knCRgLegeRw8bcmSWA","labelItem":{"id":"eS2knCRgLegeRw8bcmSWA","labelName":"Skill"},"textPosition":{"start":{"row":33,"column":0,"tokenIndex":16,"charIndex":0},"end":{"row":33,"column":0,"tokenIndex":17,"charIndex":7}},"confidenceScore":null},{"id":"1663412535","labeledBy":"LABELER","labeledByUserId":6814,"acceptedByUserId":null,"rejectedByUserId":null,"layer":0,"counter":0,"status":"ACCEPTED","hashCode":"SPAN:eS2knCRgLegeRw8bcmSWA:0:33:0:18:0:33:0:19:7:0:undefined:undefined","labelName":"eS2knCRgLegeRw8bcmSWA","labelItem":{"id":"eS2knCRgLegeRw8bcmSWA","labelName":"Skill"},"textPosition":{"start":{"row":33,"column":0,"tokenIndex":18,"charIndex":0},"end":{"row":33,"column":0,"tokenIndex":19,"charIndex":7}},"confidenceScore":null},{"id":"1663412538","labeledBy":"LABELER","labeledByUserId":6814,"acceptedByUserId":null,"rejectedByUserId":null,"layer":0,"counter":0,"status":"ACCEPTED","hashCode":"SPAN:eS2knCRgLegeRw8bcmSWA:0:33:0:20:0:33:0:21:6:0:undefined:undefined","labelName":"eS2knCRgLegeRw8bcmSWA","labelItem":{"id":"eS2knCRgLegeRw8bcmSWA","labelName":"Skill"},"textPosition":{"start":{"row":33,"column":0,"tokenIndex":20,"charIndex":0},"end":{"row":33,"column":0,"tokenIndex":21,"charIndex":6}},"confidenceScore":null}],"arrowLabels":[],"boundingBoxLabels":[],"timeLabels":[],"comments":[],"url":"datasaur://static/6814/a6f2f7aa-2752-4190-ae16-e9bc75d7c000.txt"}}
