{"version":"1","data":{"project":{"id":"ODBjYmQ2MDg","name":"NLP SSM Final Project"},"document":{"id":"fd62ba4d-55f4-4755-b3bf-f8840d0fd1be","name":"resume_6300_d2.txt"},"kinds":["TOKEN_BASED"],"rows":[[{"content":"Systems Administrator II Systems Administrator II Systems Administrator III - Cerasis, Inc Tulsa, OK Authorized to work in the US for any employer Work Experience Systems Administrator II Cerasis, Inc - Tulsa, OK April 2008 to Present Provide a high level of customer service for end users and customers alike Maintain servers under my responsibility (patches, software updates, etc.) Application and desktop support for all users Network access for new users On-call rotation Manage and maintain EDI software (Liaison ECS) Responsible for data moves within databases (Access and SQL) Manage phone systems (5 switches, 70+users) Assist in management of Sharepoint site for all departments Assist in management of Firewalls (Smoothwalls) Manage FTP server and users Setup new pc's and laptop for use in office and remotely Manage 3rd party fax software (Ring Central) Manage 3rd party email software (MimeCast) Assist in employee departure Manage and maintain local and networked printers Systems Support Blue Cross Blue Shield - Tulsa, OK 2007 to 2008 Solving IT ?","tokens":["Systems","Administrator","II","Systems","Administrator","II","Systems","Administrator","III","-","Cerasis,","Inc","Tulsa,","OK","Authorized","to","work","in","the","US","for","any","employer","Work","Experience","Systems","Administrator","II","Cerasis,","Inc","-","Tulsa,","OK","April","2008","to","Present","Provide","a","high","level","of","customer","service","for","end","users","and","customers","alike","Maintain","servers","under","my","responsibility","(patches,","software","updates,","etc.)","Application","and","desktop","support","for","all","users","Network","access","for","new","users","On-call","rotation","Manage","and","maintain","EDI","software","(Liaison","ECS)","Responsible","for","data","moves","within","databases","(Access","and","SQL)","Manage","phone","systems","(5","switches,","70+users)","Assist","in","management","of","Sharepoint","site","for","all","departments","Assist","in","management","of","Firewalls","(Smoothwalls)","Manage","FTP","server","and","users","Setup","new","pc's","and","laptop","for","use","in","office","and","remotely","Manage","3rd","party","fax","software","(Ring","Central)","Manage","3rd","party","email","software","(MimeCast)","Assist","in","employee","departure","Manage","and","maintain","local","and","networked","printers","Systems","Support","Blue","Cross","Blue","Shield","-","Tulsa,","OK","2007","to","2008","Solving","IT","?"],"metadata":[]}],[{"content":"Create, prepare and distribute daily reports and schedule for the office.","tokens":["Create,","prepare","and","distribute","daily","reports","and","schedule","for","the","office."],"metadata":[]}],[{"content":"?","tokens":["?"],"metadata":[]}],[{"content":"Oversee Management Information System (MIS) e-mail through application of people, technologies and procedures.","tokens":["Oversee","Management","Information","System","(MIS)","e-mail","through","application","of","people,","technologies","and","procedures."],"metadata":[]}],[{"content":"Manage backups for the servers.","tokens":["Manage","backups","for","the","servers."],"metadata":[]}],[{"content":"?","tokens":["?"],"metadata":[]}],[{"content":"Responsible for resetting computer accounts and resetting computer passwords.","tokens":["Responsible","for","resetting","computer","accounts","and","resetting","computer","passwords."],"metadata":[]}],[{"content":"Teller to Loan Officer Tulsa Teachers Credit Union - Tulsa, OK 1998 to 2006 Responsible for making loan decisions for consumer and real estate loans.","tokens":["Teller","to","Loan","Officer","Tulsa","Teachers","Credit","Union","-","Tulsa,","OK","1998","to","2006","Responsible","for","making","loan","decisions","for","consumer","and","real","estate","loans."],"metadata":[]}],[{"content":"?","tokens":["?"],"metadata":[]}],[{"content":"Improved loan portfolio while creating good relationships with the members.","tokens":["Improved","loan","portfolio","while","creating","good","relationships","with","the","members."],"metadata":[]}],[{"content":"?","tokens":["?"],"metadata":[]}],[{"content":"Reviewed credit reports.","tokens":["Reviewed","credit","reports."],"metadata":[]}],[{"content":"?","tokens":["?"],"metadata":[]}],[{"content":"Executed the responsibilities of tellers, CSR's and managers as necessary.","tokens":["Executed","the","responsibilities","of","tellers,","CSR's","and","managers","as","necessary."],"metadata":[]}],[{"content":"?","tokens":["?"],"metadata":[]}],[{"content":"Excelled in cross selling products through a global understanding of the institutions internal and external workings.","tokens":["Excelled","in","cross","selling","products","through","a","global","understanding","of","the","institutions","internal","and","external","workings."],"metadata":[]}],[{"content":"?","tokens":["?"],"metadata":[]}],[{"content":"Title Assistant ?","tokens":["Title","Assistant","?"],"metadata":[]}],[{"content":"Acted as the IT specialist for the office.","tokens":["Acted","as","the","IT","specialist","for","the","office."],"metadata":[]}],[{"content":"?","tokens":["?"],"metadata":[]}],[{"content":"Ensured information was current for out of state title requirements.","tokens":["Ensured","information","was","current","for","out","of","state","title","requirements."],"metadata":[]}],[{"content":"?","tokens":["?"],"metadata":[]}],[{"content":"Maintained and evaluated statistics for title department.","tokens":["Maintained","and","evaluated","statistics","for","title","department."],"metadata":[]}],[{"content":"?","tokens":["?"],"metadata":[]}],[{"content":"Designed and implemented several record keeping logs that led to greater department organization and are still currently being used.","tokens":["Designed","and","implemented","several","record","keeping","logs","that","led","to","greater","department","organization","and","are","still","currently","being","used."],"metadata":[]}],[{"content":"?","tokens":["?"],"metadata":[]}],[{"content":"Loan Processor ?","tokens":["Loan","Processor","?"],"metadata":[]}],[{"content":"Prepared and finalized loan documents and supported loan officers with loan closings.","tokens":["Prepared","and","finalized","loan","documents","and","supported","loan","officers","with","loan","closings."],"metadata":[]}],[{"content":"?","tokens":["?"],"metadata":[]}],[{"content":"Quoted NADA values, interest rates and payments.","tokens":["Quoted","NADA","values,","interest","rates","and","payments."],"metadata":[]}],[{"content":"?","tokens":["?"],"metadata":[]}],[{"content":"Promoted and facilitated member services within the Tulsa Teachers Credit Union.","tokens":["Promoted","and","facilitated","member","services","within","the","Tulsa","Teachers","Credit","Union."],"metadata":[]}],[{"content":"?","tokens":["?"],"metadata":[]}],[{"content":"Collaborated with several different departments and gained a working knowledge of credit unions.","tokens":["Collaborated","with","several","different","departments","and","gained","a","working","knowledge","of","credit","unions."],"metadata":[]}],[{"content":"?","tokens":["?"],"metadata":[]}],[{"content":"Teller, Drive Thru ?","tokens":["Teller,","Drive","Thru","?"],"metadata":[]}],[{"content":"Processed deposits, payments and withdrawals.","tokens":["Processed","deposits,","payments","and","withdrawals."],"metadata":[]}],[{"content":"?","tokens":["?"],"metadata":[]}],[{"content":"Consistently met balancing requirements for cash drawer and dispenser.","tokens":["Consistently","met","balancing","requirements","for","cash","drawer","and","dispenser."],"metadata":[]}],[{"content":"Education BS in Information Technology University of Phoenix 2007 Skills Office Suite (8 years)","tokens":["Education","BS","in","Information","Technology","University","of","Phoenix","2007","Skills","Office","Suite","(8","years)"],"metadata":[]}]],"labelerInfo":{"id":6814,"email":"cwilhel8@jh.edu","displayName":"Chris Wilhelm"},"labelSets":[{"name":"Resume Labels","index":0,"labelItems":[{"id":"Kj5U6n9NUqTXuWcB3c_7L","labelName":"College"},{"id":"rj7TW0-ymuRo6f_asXJab","labelName":"Company Name"},{"id":"SJEkdao76hjwbb6Fh5SY6","labelName":"Job Title"},{"id":"BjO8MdvK2KI4E5iMEeY4B","labelName":"Graduation Year"},{"id":"eS2knCRgLegeRw8bcmSWA","labelName":"Skill"},{"id":"IeEoIKabMl51BJE0gX2YL","labelName":"Degree"},{"id":"1R0C50AAwFbEp2O0WmRv6","labelName":"Location"},{"id":"zQcc4ygexJ_A3Gb0NeRTk","labelName":"Years of Experience"},{"id":"52S_6moRfhjC-yXgIBeCp","labelName":"Date"},{"id":"KiLarWmwlU1E3-FfdG6Qg","labelName":"Project"},{"id":"dyxKKTAxW1z5ifjPj42BI","labelName":"Name"}]}],"spanLabels":[{"id":"1663421424","labeledBy":"LABELER","labeledByUserId":6814,"acceptedByUserId":null,"rejectedByUserId":null,"layer":0,"counter":0,"status":"ACCEPTED","hashCode":"SPAN:SJEkdao76hjwbb6Fh5SY6:0:0:0:0:0:0:0:2:1:0:undefined:undefined","labelName":"SJEkdao76hjwbb6Fh5SY6","labelItem":{"id":"SJEkdao76hjwbb6Fh5SY6","labelName":"Job Title"},"textPosition":{"start":{"row":0,"column":0,"tokenIndex":0,"charIndex":0},"end":{"row":0,"column":0,"tokenIndex":2,"charIndex":1}},"confidenceScore":null},{"id":"1663421427","labeledBy":"LABELER","labeledByUserId":6814,"acceptedByUserId":null,"rejectedByUserId":null,"layer":0,"counter":0,"status":"ACCEPTED","hashCode":"SPAN:SJEkdao76hjwbb6Fh5SY6:0:0:0:3:0:0:0:5:1:0:undefined:undefined","labelName":"SJEkdao76hjwbb6Fh5SY6","labelItem":{"id":"SJEkdao76hjwbb6Fh5SY6","labelName":"Job Title"},"textPosition":{"start":{"row":0,"column":0,"tokenIndex":3,"charIndex":0},"end":{"row":0,"column":0,"tokenIndex":5,"charIndex":1}},"confidenceScore":null},{"id":"1663421430","labeledBy":"LABELER","labeledByUserId":6814,"acceptedByUserId":null,"rejectedByUserId":null,"layer":0,"counter":0,"status":"ACCEPTED","hashCode":"SPAN:SJEkdao76hjwbb6Fh5SY6:0:0:0:6:0:0:0:8:2:0:undefined:undefined","labelName":"SJEkdao76hjwbb6Fh5SY6","labelItem":{"id":"SJEkdao76hjwbb6Fh5SY6","labelName":"Job Title"},"textPosition":{"start":{"row":0,"column":0,"tokenIndex":6,"charIndex":0},"end":{"row":0,"column":0,"tokenIndex":8,"charIndex":2}},"confidenceScore":null},{"id":"1663421433","labeledBy":"LABELER","labeledByUserId":6814,"acceptedByUserId":null,"rejectedByUserId":null,"layer":0,"counter":0,"status":"ACCEPTED","hashCode":"SPAN:rj7TW0-ymuRo6f_asXJab:0:0:0:10:0:0:0:11:2:0:undefined:undefined","labelName":"rj7TW0-ymuRo6f_asXJab","labelItem":{"id":"rj7TW0-ymuRo6f_asXJab","labelName":"Company Name"},"textPosition":{"start":{"row":0,"column":0,"tokenIndex":10,"charIndex":0},"end":{"row":0,"column":0,"tokenIndex":11,"charIndex":2}},"confidenceScore":null},{"id":"1663421436","labeledBy":"LABELER","labeledByUserId":6814,"acceptedByUserId":null,"rejectedByUserId":null,"layer":0,"counter":0,"status":"ACCEPTED","hashCode":"SPAN:1R0C50AAwFbEp2O0WmRv6:0:0:0:12:0:0:0:12:5:0:undefined:undefined","labelName":"1R0C50AAwFbEp2O0WmRv6","labelItem":{"id":"1R0C50AAwFbEp2O0WmRv6","labelName":"Location"},"textPosition":{"start":{"row":0,"column":0,"tokenIndex":12,"charIndex":0},"end":{"row":0,"column":0,"tokenIndex":12,"charIndex":5}},"confidenceScore":null},{"id":"1663421439","labeledBy":"LABELER","labeledByUserId":6814,"acceptedByUserId":null,"rejectedByUserId":null,"layer":0,"counter":0,"status":"ACCEPTED","hashCode":"SPAN:1R0C50AAwFbEp2O0WmRv6:0:0:0:13:0:0:0:13:1:0:undefined:undefined","labelName":"1R0C50AAwFbEp2O0WmRv6","labelItem":{"id":"1R0C50AAwFbEp2O0WmRv6","labelName":"Location"},"textPosition":{"start":{"row":0,"column":0,"tokenIndex":13,"charIndex":0},"end":{"row":0,"column":0,"tokenIndex":13,"charIndex":1}},"confidenceScore":null},{"id":"1663421442","labeledBy":"LABELER","labeledByUserId":6814,"acceptedByUserId":null,"rejectedByUserId":null,"layer":0,"counter":0,"status":"ACCEPTED","hashCode":"SPAN:SJEkdao76hjwbb6Fh5SY6:0:0:0:25:0:0:0:27:1:0:undefined:undefined","labelName":"SJEkdao76hjwbb6Fh5SY6","labelItem":{"id":"SJEkdao76hjwbb6Fh5SY6","labelName":"Job Title"},"textPosition":{"start":{"row":0,"column":0,"tokenIndex":25,"charIndex":0},"end":{"row":0,"column":0,"tokenIndex":27,"charIndex":1}},"confidenceScore":null},{"id":"1663421445","labeledBy":"LABELER","labeledByUserId":6814,"acceptedByUserId":null,"rejectedByUserId":null,"layer":0,"counter":0,"status":"ACCEPTED","hashCode":"SPAN:rj7TW0-ymuRo6f_asXJab:0:0:0:28:0:0:0:29:2:0:undefined:undefined","labelName":"rj7TW0-ymuRo6f_asXJab","labelItem":{"id":"rj7TW0-ymuRo6f_asXJab","labelName":"Company Name"},"textPosition":{"start":{"row":0,"column":0,"tokenIndex":28,"charIndex":0},"end":{"row":0,"column":0,"tokenIndex":29,"charIndex":2}},"confidenceScore":null},{"id":"1663421448","labeledBy":"LABELER","labeledByUserId":6814,"acceptedByUserId":null,"rejectedByUserId":null,"layer":0,"counter":0,"status":"ACCEPTED","hashCode":"SPAN:1R0C50AAwFbEp2O0WmRv6:0:0:0:31:0:0:0:31:5:0:undefined:undefined","labelName":"1R0C50AAwFbEp2O0WmRv6","labelItem":{"id":"1R0C50AAwFbEp2O0WmRv6","labelName":"Location"},"textPosition":{"start":{"row":0,"column":0,"tokenIndex":31,"charIndex":0},"end":{"row":0,"column":0,"tokenIndex":31,"charIndex":5}},"confidenceScore":null},{"id":"1663421451","labeledBy":"LABELER","labeledByUserId":6814,"acceptedByUserId":null,"rejectedByUserId":null,"layer":0,"counter":0,"status":"ACCEPTED","hashCode":"SPAN:1R0C50AAwFbEp2O0WmRv6:0:0:0:32:0:0:0:32:1:0:undefined:undefined","labelName":"1R0C50AAwFbEp2O0WmRv6","labelItem":{"id":"1R0C50AAwFbEp2O0WmRv6","labelName":"Location"},"textPosition":{"start":{"row":0,"column":0,"tokenIndex":32,"charIndex":0},"end":{"row":0,"column":0,"tokenIndex":32,"charIndex":1}},"confidenceScore":null},{"id":"1663421454","labeledBy":"LABELER","labeledByUserId":6814,"acceptedByUserId":null,"rejectedByUserId":null,"layer":0,"counter":0,"status":"ACCEPTED","hashCode":"SPAN:52S_6moRfhjC-yXgIBeCp:0:0:0:33:0:0:0:34:3:0:undefined:undefined","labelName":"52S_6moRfhjC-yXgIBeCp","labelItem":{"id":"52S_6moRfhjC-yXgIBeCp","labelName":"Date"},"textPosition":{"start":{"row":0,"column":0,"tokenIndex":33,"charIndex":0},"end":{"row":0,"column":0,"tokenIndex":34,"charIndex":3}},"confidenceScore":null},{"id":"1663421457","labeledBy":"LABELER","labeledByUserId":6814,"acceptedByUserId":null,"rejectedByUserId":null,"layer":0,"counter":0,"status":"ACCEPTED","hashCode":"SPAN:52S_6moRfhjC-yXgIBeCp:0:0:0:36:0:0:0:36:6:0:undefined:undefined","labelName":"52S_6moRfhjC-yXgIBeCp","labelItem":{"id":"52S_6moRfhjC-yXgIBeCp","labelName":"Date"},"textPosition":{"start":{"row":0,"column":0,"tokenIndex":36,"charIndex":0},"end":{"row":0,"column":0,"tokenIndex":36,"charIndex":6}},"confidenceScore":null},{"id":"1663421460","labeledBy":"LABELER","labeledByUserId":6814,"acceptedByUserId":null,"rejectedByUserId":null,"layer":0,"counter":0,"status":"ACCEPTED","hashCode":"SPAN:eS2knCRgLegeRw8bcmSWA:0:0:0:42:0:0:0:43:6:0:undefined:undefined","labelName":"eS2knCRgLegeRw8bcmSWA","labelItem":{"id":"eS2knCRgLegeRw8bcmSWA","labelName":"Skill"},"textPosition":{"start":{"row":0,"column":0,"tokenIndex":42,"charIndex":0},"end":{"row":0,"column":0,"tokenIndex":43,"charIndex":6}},"confidenceScore":null},{"id":"1663421466","labeledBy":"LABELER","labeledByUserId":6814,"acceptedByUserId":null,"rejectedByUserId":null,"layer":0,"counter":0,"status":"ACCEPTED","hashCode":"SPAN:eS2knCRgLegeRw8bcmSWA:0:0:0:50:0:0:0:51:6:0:undefined:undefined","labelName":"eS2knCRgLegeRw8bcmSWA","labelItem":{"id":"eS2knCRgLegeRw8bcmSWA","labelName":"Skill"},"textPosition":{"start":{"row":0,"column":0,"tokenIndex":50,"charIndex":0},"end":{"row":0,"column":0,"tokenIndex":51,"charIndex":6}},"confidenceScore":null},{"id":"1663421472","labeledBy":"LABELER","labeledByUserId":6814,"acceptedByUserId":null,"rejectedByUserId":null,"layer":0,"counter":0,"status":"ACCEPTED","hashCode":"SPAN:eS2knCRgLegeRw8bcmSWA:0:0:0:55:0:0:0:55:8:0:undefined:undefined","labelName":"eS2knCRgLegeRw8bcmSWA","labelItem":{"id":"eS2knCRgLegeRw8bcmSWA","labelName":"Skill"},"textPosition":{"start":{"row":0,"column":0,"tokenIndex":55,"charIndex":0},"end":{"row":0,"column":0,"tokenIndex":55,"charIndex":8}},"confidenceScore":null},{"id":"1663421475","labeledBy":"LABELER","labeledByUserId":6814,"acceptedByUserId":null,"rejectedByUserId":null,"layer":0,"counter":0,"status":"ACCEPTED","hashCode":"SPAN:eS2knCRgLegeRw8bcmSWA:0:0:0:56:0:0:0:57:7:0:undefined:undefined","labelName":"eS2knCRgLegeRw8bcmSWA","labelItem":{"id":"eS2knCRgLegeRw8bcmSWA","labelName":"Skill"},"textPosition":{"start":{"row":0,"column":0,"tokenIndex":56,"charIndex":0},"end":{"row":0,"column":0,"tokenIndex":57,"charIndex":7}},"confidenceScore":null},{"id":"1663421502","labeledBy":"LABELER","labeledByUserId":6814,"acceptedByUserId":null,"rejectedByUserId":null,"layer":0,"counter":0,"status":"ACCEPTED","hashCode":"SPAN:eS2knCRgLegeRw8bcmSWA:0:0:0:66:0:0:0:67:5:0:undefined:undefined","labelName":"eS2knCRgLegeRw8bcmSWA","labelItem":{"id":"eS2knCRgLegeRw8bcmSWA","labelName":"Skill"},"textPosition":{"start":{"row":0,"column":0,"tokenIndex":66,"charIndex":0},"end":{"row":0,"column":0,"tokenIndex":67,"charIndex":5}},"confidenceScore":null},{"id":"1663421532","labeledBy":"LABELER","labeledByUserId":6814,"acceptedByUserId":null,"rejectedByUserId":null,"layer":0,"counter":0,"status":"ACCEPTED","hashCode":"SPAN:eS2knCRgLegeRw8bcmSWA:0:0:0:71:0:0:0:71:6:0:undefined:undefined","labelName":"eS2knCRgLegeRw8bcmSWA","labelItem":{"id":"eS2knCRgLegeRw8bcmSWA","labelName":"Skill"},"textPosition":{"start":{"row":0,"column":0,"tokenIndex":71,"charIndex":0},"end":{"row":0,"column":0,"tokenIndex":71,"charIndex":6}},"confidenceScore":null},{"id":"1663421544","labeledBy":"LABELER","labeledByUserId":6814,"acceptedByUserId":null,"rejectedByUserId":null,"layer":0,"counter":0,"status":"ACCEPTED","hashCode":"SPAN:eS2knCRgLegeRw8bcmSWA:0:0:0:85:0:0:0:85:8:0:undefined:undefined","labelName":"eS2knCRgLegeRw8bcmSWA","labelItem":{"id":"eS2knCRgLegeRw8bcmSWA","labelName":"Skill"},"textPosition":{"start":{"row":0,"column":0,"tokenIndex":85,"charIndex":0},"end":{"row":0,"column":0,"tokenIndex":85,"charIndex":8}},"confidenceScore":null},{"id":"1663421538","labeledBy":"LABELER","labeledByUserId":6814,"acceptedByUserId":null,"rejectedByUserId":null,"layer":0,"counter":0,"status":"ACCEPTED","hashCode":"SPAN:eS2knCRgLegeRw8bcmSWA:0:0:0:86:0:0:0:86:6:0:undefined:undefined","labelName":"eS2knCRgLegeRw8bcmSWA","labelItem":{"id":"eS2knCRgLegeRw8bcmSWA","labelName":"Skill"},"textPosition":{"start":{"row":0,"column":0,"tokenIndex":86,"charIndex":0},"end":{"row":0,"column":0,"tokenIndex":86,"charIndex":6}},"confidenceScore":null},{"id":"1663421541","labeledBy":"LABELER","labeledByUserId":6814,"acceptedByUserId":null,"rejectedByUserId":null,"layer":0,"counter":0,"status":"ACCEPTED","hashCode":"SPAN:eS2knCRgLegeRw8bcmSWA:0:0:0:88:0:0:0:88:3:0:undefined:undefined","labelName":"eS2knCRgLegeRw8bcmSWA","labelItem":{"id":"eS2knCRgLegeRw8bcmSWA","labelName":"Skill"},"textPosition":{"start":{"row":0,"column":0,"tokenIndex":88,"charIndex":0},"end":{"row":0,"column":0,"tokenIndex":88,"charIndex":3}},"confidenceScore":null},{"id":"1663421556","labeledBy":"LABELER","labeledByUserId":6814,"acceptedByUserId":null,"rejectedByUserId":null,"layer":0,"counter":0,"status":"ACCEPTED","hashCode":"SPAN:eS2knCRgLegeRw8bcmSWA:0:0:0:99:0:0:0:99:9:0:undefined:undefined","labelName":"eS2knCRgLegeRw8bcmSWA","labelItem":{"id":"eS2knCRgLegeRw8bcmSWA","labelName":"Skill"},"textPosition":{"start":{"row":0,"column":0,"tokenIndex":99,"charIndex":0},"end":{"row":0,"column":0,"tokenIndex":99,"charIndex":9}},"confidenceScore":null},{"id":"1663421559","labeledBy":"LABELER","labeledByUserId":6814,"acceptedByUserId":null,"rejectedByUserId":null,"layer":0,"counter":0,"status":"ACCEPTED","hashCode":"SPAN:eS2knCRgLegeRw8bcmSWA:0:0:0:108:0:0:0:108:8:0:undefined:undefined","labelName":"eS2knCRgLegeRw8bcmSWA","labelItem":{"id":"eS2knCRgLegeRw8bcmSWA","labelName":"Skill"},"textPosition":{"start":{"row":0,"column":0,"tokenIndex":108,"charIndex":0},"end":{"row":0,"column":0,"tokenIndex":108,"charIndex":8}},"confidenceScore":null},{"id":"1663421562","labeledBy":"LABELER","labeledByUserId":6814,"acceptedByUserId":null,"rejectedByUserId":null,"layer":0,"counter":0,"status":"ACCEPTED","hashCode":"SPAN:eS2knCRgLegeRw8bcmSWA:0:0:0:109:0:0:0:109:12:0:undefined:undefined","labelName":"eS2knCRgLegeRw8bcmSWA","labelItem":{"id":"eS2knCRgLegeRw8bcmSWA","labelName":"Skill"},"textPosition":{"start":{"row":0,"column":0,"tokenIndex":109,"charIndex":0},"end":{"row":0,"column":0,"tokenIndex":109,"charIndex":12}},"confidenceScore":null},{"id":"1663421565","labeledBy":"LABELER","labeledByUserId":6814,"acceptedByUserId":null,"rejectedByUserId":null,"layer":0,"counter":0,"status":"ACCEPTED","hashCode":"SPAN:eS2knCRgLegeRw8bcmSWA:0:0:0:111:0:0:0:112:5:0:undefined:undefined","labelName":"eS2knCRgLegeRw8bcmSWA","labelItem":{"id":"eS2knCRgLegeRw8bcmSWA","labelName":"Skill"},"textPosition":{"start":{"row":0,"column":0,"tokenIndex":111,"charIndex":0},"end":{"row":0,"column":0,"tokenIndex":112,"charIndex":5}},"confidenceScore":null},{"id":"1663421583","labeledBy":"LABELER","labeledByUserId":6814,"acceptedByUserId":null,"rejectedByUserId":null,"layer":0,"counter":0,"status":"ACCEPTED","hashCode":"SPAN:eS2knCRgLegeRw8bcmSWA:0:0:0:129:0:0:0:130:7:0:undefined:undefined","labelName":"eS2knCRgLegeRw8bcmSWA","labelItem":{"id":"eS2knCRgLegeRw8bcmSWA","labelName":"Skill"},"textPosition":{"start":{"row":0,"column":0,"tokenIndex":129,"charIndex":0},"end":{"row":0,"column":0,"tokenIndex":130,"charIndex":7}},"confidenceScore":null},{"id":"1663421574","labeledBy":"LABELER","labeledByUserId":6814,"acceptedByUserId":null,"rejectedByUserId":null,"layer":0,"counter":0,"status":"ACCEPTED","hashCode":"SPAN:eS2knCRgLegeRw8bcmSWA:0:0:0:131:0:0:0:132:7:0:undefined:undefined","labelName":"eS2knCRgLegeRw8bcmSWA","labelItem":{"id":"eS2knCRgLegeRw8bcmSWA","labelName":"Skill"},"textPosition":{"start":{"row":0,"column":0,"tokenIndex":131,"charIndex":0},"end":{"row":0,"column":0,"tokenIndex":132,"charIndex":7}},"confidenceScore":null},{"id":"1663421580","labeledBy":"LABELER","labeledByUserId":6814,"acceptedByUserId":null,"rejectedByUserId":null,"layer":0,"counter":0,"status":"ACCEPTED","hashCode":"SPAN:eS2knCRgLegeRw8bcmSWA:0:0:0:136:0:0:0:137:7:0:undefined:undefined","labelName":"eS2knCRgLegeRw8bcmSWA","labelItem":{"id":"eS2knCRgLegeRw8bcmSWA","labelName":"Skill"},"textPosition":{"start":{"row":0,"column":0,"tokenIndex":136,"charIndex":0},"end":{"row":0,"column":0,"tokenIndex":137,"charIndex":7}},"confidenceScore":null},{"id":"1663421586","labeledBy":"LABELER","labeledByUserId":6814,"acceptedByUserId":null,"rejectedByUserId":null,"layer":0,"counter":0,"status":"ACCEPTED","hashCode":"SPAN:SJEkdao76hjwbb6Fh5SY6:0:0:0:150:0:0:0:151:6:0:undefined:undefined","labelName":"SJEkdao76hjwbb6Fh5SY6","labelItem":{"id":"SJEkdao76hjwbb6Fh5SY6","labelName":"Job Title"},"textPosition":{"start":{"row":0,"column":0,"tokenIndex":150,"charIndex":0},"end":{"row":0,"column":0,"tokenIndex":151,"charIndex":6}},"confidenceScore":null},{"id":"1663421592","labeledBy":"LABELER","labeledByUserId":6814,"acceptedByUserId":null,"rejectedByUserId":null,"layer":0,"counter":0,"status":"ACCEPTED","hashCode":"SPAN:rj7TW0-ymuRo6f_asXJab:0:0:0:152:0:0:0:155:5:0:undefined:undefined","labelName":"rj7TW0-ymuRo6f_asXJab","labelItem":{"id":"rj7TW0-ymuRo6f_asXJab","labelName":"Company Name"},"textPosition":{"start":{"row":0,"column":0,"tokenIndex":152,"charIndex":0},"end":{"row":0,"column":0,"tokenIndex":155,"charIndex":5}},"confidenceScore":null},{"id":"1663421598","labeledBy":"LABELER","labeledByUserId":6814,"acceptedByUserId":null,"rejectedByUserId":null,"layer":0,"counter":0,"status":"ACCEPTED","hashCode":"SPAN:1R0C50AAwFbEp2O0WmRv6:0:0:0:157:0:0:0:157:5:0:undefined:undefined","labelName":"1R0C50AAwFbEp2O0WmRv6","labelItem":{"id":"1R0C50AAwFbEp2O0WmRv6","labelName":"Location"},"textPosition":{"start":{"row":0,"column":0,"tokenIndex":157,"charIndex":0},"end":{"row":0,"column":0,"tokenIndex":157,"charIndex":5}},"confidenceScore":null},{"id":"1663421601","labeledBy":"LABELER","labeledByUserId":6814,"acceptedByUserId":null,"rejectedByUserId":null,"layer":0,"counter":0,"status":"ACCEPTED","hashCode":"SPAN:1R0C50AAwFbEp2O0WmRv6:0:0:0:158:0:0:0:158:1:0:undefined:undefined","labelName":"1R0C50AAwFbEp2O0WmRv6","labelItem":{"id":"1R0C50AAwFbEp2O0WmRv6","labelName":"Location"},"textPosition":{"start":{"row":0,"column":0,"tokenIndex":158,"charIndex":0},"end":{"row":0,"column":0,"tokenIndex":158,"charIndex":1}},"confidenceScore":null},{"id":"1663421607","labeledBy":"LABELER","labeledByUserId":6814,"acceptedByUserId":null,"rejectedByUserId":null,"layer":0,"counter":0,"status":"ACCEPTED","hashCode":"SPAN:52S_6moRfhjC-yXgIBeCp:0:0:0:159:0:0:0:159:3:0:undefined:undefined","labelName":"52S_6moRfhjC-yXgIBeCp","labelItem":{"id":"52S_6moRfhjC-yXgIBeCp","labelName":"Date"},"textPosition":{"start":{"row":0,"column":0,"tokenIndex":159,"charIndex":0},"end":{"row":0,"column":0,"tokenIndex":159,"charIndex":3}},"confidenceScore":null},{"id":"1663421610","labeledBy":"LABELER","labeledByUserId":6814,"acceptedByUserId":null,"rejectedByUserId":null,"layer":0,"counter":0,"status":"ACCEPTED","hashCode":"SPAN:52S_6moRfhjC-yXgIBeCp:0:0:0:161:0:0:0:161:3:0:undefined:undefined","labelName":"52S_6moRfhjC-yXgIBeCp","labelItem":{"id":"52S_6moRfhjC-yXgIBeCp","labelName":"Date"},"textPosition":{"start":{"row":0,"column":0,"tokenIndex":161,"charIndex":0},"end":{"row":0,"column":0,"tokenIndex":161,"charIndex":3}},"confidenceScore":null},{"id":"1663421616","labeledBy":"LABELER","labeledByUserId":6814,"acceptedByUserId":null,"rejectedByUserId":null,"layer":0,"counter":0,"status":"ACCEPTED","hashCode":"SPAN:eS2knCRgLegeRw8bcmSWA:0:3:0:0:0:3:0:4:4:0:undefined:undefined","labelName":"eS2knCRgLegeRw8bcmSWA","labelItem":{"id":"eS2knCRgLegeRw8bcmSWA","labelName":"Skill"},"textPosition":{"start":{"row":3,"column":0,"tokenIndex":0,"charIndex":0},"end":{"row":3,"column":0,"tokenIndex":4,"charIndex":4}},"confidenceScore":null},{"id":"1663421617","labeledBy":"LABELER","labeledByUserId":6814,"acceptedByUserId":null,"rejectedByUserId":null,"layer":0,"counter":0,"status":"ACCEPTED","hashCode":"SPAN:eS2knCRgLegeRw8bcmSWA:0:3:0:5:0:3:0:5:5:0:undefined:undefined","labelName":"eS2knCRgLegeRw8bcmSWA","labelItem":{"id":"eS2knCRgLegeRw8bcmSWA","labelName":"Skill"},"textPosition":{"start":{"row":3,"column":0,"tokenIndex":5,"charIndex":0},"end":{"row":3,"column":0,"tokenIndex":5,"charIndex":5}},"confidenceScore":null},{"id":"1663421622","labeledBy":"LABELER","labeledByUserId":6814,"acceptedByUserId":null,"rejectedByUserId":null,"layer":0,"counter":0,"status":"ACCEPTED","hashCode":"SPAN:eS2knCRgLegeRw8bcmSWA:0:3:0:10:0:3:0:10:11:0:undefined:undefined","labelName":"eS2knCRgLegeRw8bcmSWA","labelItem":{"id":"eS2knCRgLegeRw8bcmSWA","labelName":"Skill"},"textPosition":{"start":{"row":3,"column":0,"tokenIndex":10,"charIndex":0},"end":{"row":3,"column":0,"tokenIndex":10,"charIndex":11}},"confidenceScore":null},{"id":"1663421625","labeledBy":"LABELER","labeledByUserId":6814,"acceptedByUserId":null,"rejectedByUserId":null,"layer":0,"counter":0,"status":"ACCEPTED","hashCode":"SPAN:eS2knCRgLegeRw8bcmSWA:0:3:0:12:0:3:0:12:10:0:undefined:undefined","labelName":"eS2knCRgLegeRw8bcmSWA","labelItem":{"id":"eS2knCRgLegeRw8bcmSWA","labelName":"Skill"},"textPosition":{"start":{"row":3,"column":0,"tokenIndex":12,"charIndex":0},"end":{"row":3,"column":0,"tokenIndex":12,"charIndex":10}},"confidenceScore":null},{"id":"1663421628","labeledBy":"LABELER","labeledByUserId":6814,"acceptedByUserId":null,"rejectedByUserId":null,"layer":0,"counter":0,"status":"ACCEPTED","hashCode":"SPAN:eS2knCRgLegeRw8bcmSWA:0:4:0:1:0:4:0:1:6:0:undefined:undefined","labelName":"eS2knCRgLegeRw8bcmSWA","labelItem":{"id":"eS2knCRgLegeRw8bcmSWA","labelName":"Skill"},"textPosition":{"start":{"row":4,"column":0,"tokenIndex":1,"charIndex":0},"end":{"row":4,"column":0,"tokenIndex":1,"charIndex":6}},"confidenceScore":null},{"id":"1663421631","labeledBy":"LABELER","labeledByUserId":6814,"acceptedByUserId":null,"rejectedByUserId":null,"layer":0,"counter":0,"status":"ACCEPTED","hashCode":"SPAN:eS2knCRgLegeRw8bcmSWA:0:4:0:4:0:4:0:4:7:0:undefined:undefined","labelName":"eS2knCRgLegeRw8bcmSWA","labelItem":{"id":"eS2knCRgLegeRw8bcmSWA","labelName":"Skill"},"textPosition":{"start":{"row":4,"column":0,"tokenIndex":4,"charIndex":0},"end":{"row":4,"column":0,"tokenIndex":4,"charIndex":7}},"confidenceScore":null},{"id":"1663421634","labeledBy":"LABELER","labeledByUserId":6814,"acceptedByUserId":null,"rejectedByUserId":null,"layer":0,"counter":0,"status":"ACCEPTED","hashCode":"SPAN:SJEkdao76hjwbb6Fh5SY6:0:7:0:0:0:7:0:3:6:0:undefined:undefined","labelName":"SJEkdao76hjwbb6Fh5SY6","labelItem":{"id":"SJEkdao76hjwbb6Fh5SY6","labelName":"Job Title"},"textPosition":{"start":{"row":7,"column":0,"tokenIndex":0,"charIndex":0},"end":{"row":7,"column":0,"tokenIndex":3,"charIndex":6}},"confidenceScore":null},{"id":"1663421637","labeledBy":"LABELER","labeledByUserId":6814,"acceptedByUserId":null,"rejectedByUserId":null,"layer":0,"counter":0,"status":"ACCEPTED","hashCode":"SPAN:rj7TW0-ymuRo6f_asXJab:0:7:0:4:0:7:0:7:4:0:undefined:undefined","labelName":"rj7TW0-ymuRo6f_asXJab","labelItem":{"id":"rj7TW0-ymuRo6f_asXJab","labelName":"Company Name"},"textPosition":{"start":{"row":7,"column":0,"tokenIndex":4,"charIndex":0},"end":{"row":7,"column":0,"tokenIndex":7,"charIndex":4}},"confidenceScore":null},{"id":"1663421640","labeledBy":"LABELER","labeledByUserId":6814,"acceptedByUserId":null,"rejectedByUserId":null,"layer":0,"counter":0,"status":"ACCEPTED","hashCode":"SPAN:1R0C50AAwFbEp2O0WmRv6:0:7:0:9:0:7:0:9:5:0:undefined:undefined","labelName":"1R0C50AAwFbEp2O0WmRv6","labelItem":{"id":"1R0C50AAwFbEp2O0WmRv6","labelName":"Location"},"textPosition":{"start":{"row":7,"column":0,"tokenIndex":9,"charIndex":0},"end":{"row":7,"column":0,"tokenIndex":9,"charIndex":5}},"confidenceScore":null},{"id":"1663421643","labeledBy":"LABELER","labeledByUserId":6814,"acceptedByUserId":null,"rejectedByUserId":null,"layer":0,"counter":0,"status":"ACCEPTED","hashCode":"SPAN:1R0C50AAwFbEp2O0WmRv6:0:7:0:10:0:7:0:10:1:0:undefined:undefined","labelName":"1R0C50AAwFbEp2O0WmRv6","labelItem":{"id":"1R0C50AAwFbEp2O0WmRv6","labelName":"Location"},"textPosition":{"start":{"row":7,"column":0,"tokenIndex":10,"charIndex":0},"end":{"row":7,"column":0,"tokenIndex":10,"charIndex":1}},"confidenceScore":null},{"id":"1663421646","labeledBy":"LABELER","labeledByUserId":6814,"acceptedByUserId":null,"rejectedByUserId":null,"layer":0,"counter":0,"status":"ACCEPTED","hashCode":"SPAN:52S_6moRfhjC-yXgIBeCp:0:7:0:11:0:7:0:11:3:0:undefined:undefined","labelName":"52S_6moRfhjC-yXgIBeCp","labelItem":{"id":"52S_6moRfhjC-yXgIBeCp","labelName":"Date"},"textPosition":{"start":{"row":7,"column":0,"tokenIndex":11,"charIndex":0},"end":{"row":7,"column":0,"tokenIndex":11,"charIndex":3}},"confidenceScore":null},{"id":"1663421649","labeledBy":"LABELER","labeledByUserId":6814,"acceptedByUserId":null,"rejectedByUserId":null,"layer":0,"counter":0,"status":"ACCEPTED","hashCode":"SPAN:52S_6moRfhjC-yXgIBeCp:0:7:0:13:0:7:0:13:3:0:undefined:undefined","labelName":"52S_6moRfhjC-yXgIBeCp","labelItem":{"id":"52S_6moRfhjC-yXgIBeCp","labelName":"Date"},"textPosition":{"start":{"row":7,"column":0,"tokenIndex":13,"charIndex":0},"end":{"row":7,"column":0,"tokenIndex":13,"charIndex":3}},"confidenceScore":null},{"id":"1663421652","labeledBy":"LABELER","labeledByUserId":6814,"acceptedByUserId":null,"rejectedByUserId":null,"layer":0,"counter":0,"status":"ACCEPTED","hashCode":"SPAN:eS2knCRgLegeRw8bcmSWA:0:7:0:17:0:7:0:18:8:0:undefined:undefined","labelName":"eS2knCRgLegeRw8bcmSWA","labelItem":{"id":"eS2knCRgLegeRw8bcmSWA","labelName":"Skill"},"textPosition":{"start":{"row":7,"column":0,"tokenIndex":17,"charIndex":0},"end":{"row":7,"column":0,"tokenIndex":18,"charIndex":8}},"confidenceScore":null},{"id":"1663421661","labeledBy":"LABELER","labeledByUserId":6814,"acceptedByUserId":null,"rejectedByUserId":null,"layer":0,"counter":0,"status":"ACCEPTED","hashCode":"SPAN:eS2knCRgLegeRw8bcmSWA:0:9:0:1:0:9:0:2:8:0:undefined:undefined","labelName":"eS2knCRgLegeRw8bcmSWA","labelItem":{"id":"eS2knCRgLegeRw8bcmSWA","labelName":"Skill"},"textPosition":{"start":{"row":9,"column":0,"tokenIndex":1,"charIndex":0},"end":{"row":9,"column":0,"tokenIndex":2,"charIndex":8}},"confidenceScore":null},{"id":"1663421664","labeledBy":"LABELER","labeledByUserId":6814,"acceptedByUserId":null,"rejectedByUserId":null,"layer":0,"counter":0,"status":"ACCEPTED","hashCode":"SPAN:eS2knCRgLegeRw8bcmSWA:0:9:0:5:0:9:0:6:12:0:undefined:undefined","labelName":"eS2knCRgLegeRw8bcmSWA","labelItem":{"id":"eS2knCRgLegeRw8bcmSWA","labelName":"Skill"},"textPosition":{"start":{"row":9,"column":0,"tokenIndex":5,"charIndex":0},"end":{"row":9,"column":0,"tokenIndex":6,"charIndex":12}},"confidenceScore":null},{"id":"1663421667","labeledBy":"LABELER","labeledByUserId":6814,"acceptedByUserId":null,"rejectedByUserId":null,"layer":0,"counter":0,"status":"ACCEPTED","hashCode":"SPAN:eS2knCRgLegeRw8bcmSWA:0:11:0:1:0:11:0:2:7:0:undefined:undefined","labelName":"eS2knCRgLegeRw8bcmSWA","labelItem":{"id":"eS2knCRgLegeRw8bcmSWA","labelName":"Skill"},"textPosition":{"start":{"row":11,"column":0,"tokenIndex":1,"charIndex":0},"end":{"row":11,"column":0,"tokenIndex":2,"charIndex":7}},"confidenceScore":null},{"id":"1663421676","labeledBy":"LABELER","labeledByUserId":6814,"acceptedByUserId":null,"rejectedByUserId":null,"layer":0,"counter":0,"status":"ACCEPTED","hashCode":"SPAN:eS2knCRgLegeRw8bcmSWA:0:13:0:4:0:13:0:4:7:0:undefined:undefined","labelName":"eS2knCRgLegeRw8bcmSWA","labelItem":{"id":"eS2knCRgLegeRw8bcmSWA","labelName":"Skill"},"textPosition":{"start":{"row":13,"column":0,"tokenIndex":4,"charIndex":0},"end":{"row":13,"column":0,"tokenIndex":4,"charIndex":7}},"confidenceScore":null},{"id":"1663421682","labeledBy":"LABELER","labeledByUserId":6814,"acceptedByUserId":null,"rejectedByUserId":null,"layer":0,"counter":0,"status":"ACCEPTED","hashCode":"SPAN:eS2knCRgLegeRw8bcmSWA:0:13:0:5:0:13:0:5:4:0:undefined:undefined","labelName":"eS2knCRgLegeRw8bcmSWA","labelItem":{"id":"eS2knCRgLegeRw8bcmSWA","labelName":"Skill"},"textPosition":{"start":{"row":13,"column":0,"tokenIndex":5,"charIndex":0},"end":{"row":13,"column":0,"tokenIndex":5,"charIndex":4}},"confidenceScore":null},{"id":"1663421683","labeledBy":"LABELER","labeledByUserId":6814,"acceptedByUserId":null,"rejectedByUserId":null,"layer":0,"counter":0,"status":"ACCEPTED","hashCode":"SPAN:eS2knCRgLegeRw8bcmSWA:0:13:0:7:0:13:0:7:7:0:undefined:undefined","labelName":"eS2knCRgLegeRw8bcmSWA","labelItem":{"id":"eS2knCRgLegeRw8bcmSWA","labelName":"Skill"},"textPosition":{"start":{"row":13,"column":0,"tokenIndex":7,"charIndex":0},"end":{"row":13,"column":0,"tokenIndex":7,"charIndex":7}},"confidenceScore":null},{"id":"1663421694","labeledBy":"LABELER","labeledByUserId":6814,"acceptedByUserId":null,"rejectedByUserId":null,"layer":0,"counter":0,"status":"ACCEPTED","hashCode":"SPAN:eS2knCRgLegeRw8bcmSWA:0:18:0:3:0:18:0:4:9:0:undefined:undefined","labelName":"eS2knCRgLegeRw8bcmSWA","labelItem":{"id":"eS2knCRgLegeRw8bcmSWA","labelName":"Skill"},"textPosition":{"start":{"row":18,"column":0,"tokenIndex":3,"charIndex":0},"end":{"row":18,"column":0,"tokenIndex":4,"charIndex":9}},"confidenceScore":null},{"id":"1663421697","labeledBy":"LABELER","labeledByUserId":6814,"acceptedByUserId":null,"rejectedByUserId":null,"layer":0,"counter":0,"status":"ACCEPTED","hashCode":"SPAN:eS2knCRgLegeRw8bcmSWA:0:27:0:3:0:27:0:4:8:0:undefined:undefined","labelName":"eS2knCRgLegeRw8bcmSWA","labelItem":{"id":"eS2knCRgLegeRw8bcmSWA","labelName":"Skill"},"textPosition":{"start":{"row":27,"column":0,"tokenIndex":3,"charIndex":0},"end":{"row":27,"column":0,"tokenIndex":4,"charIndex":8}},"confidenceScore":null},{"id":"1663421700","labeledBy":"LABELER","labeledByUserId":6814,"acceptedByUserId":null,"rejectedByUserId":null,"layer":0,"counter":0,"status":"ACCEPTED","hashCode":"SPAN:eS2knCRgLegeRw8bcmSWA:0:27:0:10:0:27:0:11:8:0:undefined:undefined","labelName":"eS2knCRgLegeRw8bcmSWA","labelItem":{"id":"eS2knCRgLegeRw8bcmSWA","labelName":"Skill"},"textPosition":{"start":{"row":27,"column":0,"tokenIndex":10,"charIndex":0},"end":{"row":27,"column":0,"tokenIndex":11,"charIndex":8}},"confidenceScore":null},{"id":"1663421712","labeledBy":"LABELER","labeledByUserId":6814,"acceptedByUserId":null,"rejectedByUserId":null,"layer":0,"counter":0,"status":"ACCEPTED","hashCode":"SPAN:eS2knCRgLegeRw8bcmSWA:0:29:0:0:0:29:0:1:3:0:undefined:undefined","labelName":"eS2knCRgLegeRw8bcmSWA","labelItem":{"id":"eS2knCRgLegeRw8bcmSWA","labelName":"Skill"},"textPosition":{"start":{"row":29,"column":0,"tokenIndex":0,"charIndex":0},"end":{"row":29,"column":0,"tokenIndex":1,"charIndex":3}},"confidenceScore":null},{"id":"1663421715","labeledBy":"LABELER","labeledByUserId":6814,"acceptedByUserId":null,"rejectedByUserId":null,"layer":0,"counter":0,"status":"ACCEPTED","hashCode":"SPAN:eS2knCRgLegeRw8bcmSWA:0:29:0:3:0:29:0:4:4:0:undefined:undefined","labelName":"eS2knCRgLegeRw8bcmSWA","labelItem":{"id":"eS2knCRgLegeRw8bcmSWA","labelName":"Skill"},"textPosition":{"start":{"row":29,"column":0,"tokenIndex":3,"charIndex":0},"end":{"row":29,"column":0,"tokenIndex":4,"charIndex":4}},"confidenceScore":null},{"id":"1663421718","labeledBy":"LABELER","labeledByUserId":6814,"acceptedByUserId":null,"rejectedByUserId":null,"layer":0,"counter":0,"status":"ACCEPTED","hashCode":"SPAN:eS2knCRgLegeRw8bcmSWA:0:29:0:6:0:29:0:6:8:0:undefined:undefined","labelName":"eS2knCRgLegeRw8bcmSWA","labelItem":{"id":"eS2knCRgLegeRw8bcmSWA","labelName":"Skill"},"textPosition":{"start":{"row":29,"column":0,"tokenIndex":6,"charIndex":0},"end":{"row":29,"column":0,"tokenIndex":6,"charIndex":8}},"confidenceScore":null},{"id":"1663421727","labeledBy":"LABELER","labeledByUserId":6814,"acceptedByUserId":null,"rejectedByUserId":null,"layer":0,"counter":0,"status":"ACCEPTED","hashCode":"SPAN:eS2knCRgLegeRw8bcmSWA:0:33:0:11:0:33:0:12:6:0:undefined:undefined","labelName":"eS2knCRgLegeRw8bcmSWA","labelItem":{"id":"eS2knCRgLegeRw8bcmSWA","labelName":"Skill"},"textPosition":{"start":{"row":33,"column":0,"tokenIndex":11,"charIndex":0},"end":{"row":33,"column":0,"tokenIndex":12,"charIndex":6}},"confidenceScore":null},{"id":"1663421733","labeledBy":"LABELER","labeledByUserId":6814,"acceptedByUserId":null,"rejectedByUserId":null,"layer":0,"counter":0,"status":"ACCEPTED","hashCode":"SPAN:eS2knCRgLegeRw8bcmSWA:0:36:0:0:0:36:0:1:8:0:undefined:undefined","labelName":"eS2knCRgLegeRw8bcmSWA","labelItem":{"id":"eS2knCRgLegeRw8bcmSWA","labelName":"Skill"},"textPosition":{"start":{"row":36,"column":0,"tokenIndex":0,"charIndex":0},"end":{"row":36,"column":0,"tokenIndex":1,"charIndex":8}},"confidenceScore":null},{"id":"1663421739","labeledBy":"LABELER","labeledByUserId":6814,"acceptedByUserId":null,"rejectedByUserId":null,"layer":0,"counter":0,"status":"ACCEPTED","hashCode":"SPAN:eS2knCRgLegeRw8bcmSWA:0:36:0:2:0:36:0:2:7:0:undefined:undefined","labelName":"eS2knCRgLegeRw8bcmSWA","labelItem":{"id":"eS2knCRgLegeRw8bcmSWA","labelName":"Skill"},"textPosition":{"start":{"row":36,"column":0,"tokenIndex":2,"charIndex":0},"end":{"row":36,"column":0,"tokenIndex":2,"charIndex":7}},"confidenceScore":null},{"id":"1663421742","labeledBy":"LABELER","labeledByUserId":6814,"acceptedByUserId":null,"rejectedByUserId":null,"layer":0,"counter":0,"status":"ACCEPTED","hashCode":"SPAN:eS2knCRgLegeRw8bcmSWA:0:36:0:4:0:36:0:4:11:0:undefined:undefined","labelName":"eS2knCRgLegeRw8bcmSWA","labelItem":{"id":"eS2knCRgLegeRw8bcmSWA","labelName":"Skill"},"textPosition":{"start":{"row":36,"column":0,"tokenIndex":4,"charIndex":0},"end":{"row":36,"column":0,"tokenIndex":4,"charIndex":11}},"confidenceScore":null},{"id":"1663421751","labeledBy":"LABELER","labeledByUserId":6814,"acceptedByUserId":null,"rejectedByUserId":null,"layer":0,"counter":0,"status":"ACCEPTED","hashCode":"SPAN:IeEoIKabMl51BJE0gX2YL:0:39:0:1:0:39:0:4:9:0:undefined:undefined","labelName":"IeEoIKabMl51BJE0gX2YL","labelItem":{"id":"IeEoIKabMl51BJE0gX2YL","labelName":"Degree"},"textPosition":{"start":{"row":39,"column":0,"tokenIndex":1,"charIndex":0},"end":{"row":39,"column":0,"tokenIndex":4,"charIndex":9}},"confidenceScore":null},{"id":"1663421754","labeledBy":"LABELER","labeledByUserId":6814,"acceptedByUserId":null,"rejectedByUserId":null,"layer":0,"counter":0,"status":"ACCEPTED","hashCode":"SPAN:Kj5U6n9NUqTXuWcB3c_7L:0:39:0:5:0:39:0:7:6:0:undefined:undefined","labelName":"Kj5U6n9NUqTXuWcB3c_7L","labelItem":{"id":"Kj5U6n9NUqTXuWcB3c_7L","labelName":"College"},"textPosition":{"start":{"row":39,"column":0,"tokenIndex":5,"charIndex":0},"end":{"row":39,"column":0,"tokenIndex":7,"charIndex":6}},"confidenceScore":null},{"id":"1663421760","labeledBy":"LABELER","labeledByUserId":6814,"acceptedByUserId":null,"rejectedByUserId":null,"layer":0,"counter":0,"status":"ACCEPTED","hashCode":"SPAN:BjO8MdvK2KI4E5iMEeY4B:0:39:0:8:0:39:0:8:3:0:undefined:undefined","labelName":"BjO8MdvK2KI4E5iMEeY4B","labelItem":{"id":"BjO8MdvK2KI4E5iMEeY4B","labelName":"Graduation Year"},"textPosition":{"start":{"row":39,"column":0,"tokenIndex":8,"charIndex":0},"end":{"row":39,"column":0,"tokenIndex":8,"charIndex":3}},"confidenceScore":null},{"id":"1663421763","labeledBy":"LABELER","labeledByUserId":6814,"acceptedByUserId":null,"rejectedByUserId":null,"layer":0,"counter":0,"status":"ACCEPTED","hashCode":"SPAN:eS2knCRgLegeRw8bcmSWA:0:39:0:10:0:39:0:11:4:0:undefined:undefined","labelName":"eS2knCRgLegeRw8bcmSWA","labelItem":{"id":"eS2knCRgLegeRw8bcmSWA","labelName":"Skill"},"textPosition":{"start":{"row":39,"column":0,"tokenIndex":10,"charIndex":0},"end":{"row":39,"column":0,"tokenIndex":11,"charIndex":4}},"confidenceScore":null}],"arrowLabels":[],"boundingBoxLabels":[],"timeLabels":[],"comments":[],"url":"datasaur://static/6814/45316a1e-24e0-415f-a310-496d80ce3d89.txt"}}
