{"version":"1","data":{"project":{"id":"ODBjYmQ2MDg","name":"NLP SSM Final Project"},"document":{"id":"4758b712-385c-4904-9362-5f35793a6ede","name":"resume_343_d1.txt"},"kinds":["TOKEN_BASED"],"rows":[[{"content":"TEACHER Farrah M. Bauman Professional Summary A position as an adjunct teacher/professor with major responsibilities that will effectively utilize my experience and training in coordination with my communication, leadership, and organizational skills.","tokens":["TEACHER","Farrah","M.","Bauman","Professional","Summary","A","position","as","an","adjunct","teacher/professor","with","major","responsibilities","that","will","effectively","utilize","my","experience","and","training","in","coordination","with","my","communication,","leadership,","and","organizational","skills."],"metadata":[]}],[{"content":"Teacher certified by the state of South Carolina to teach all general sciences.","tokens":["Teacher","certified","by","the","state","of","South","Carolina","to","teach","all","general","sciences."],"metadata":[]}],[{"content":"A motivator experienced in teaching physical science, chemistry, and medical microbiology.","tokens":["A","motivator","experienced","in","teaching","physical","science,","chemistry,","and","medical","microbiology."],"metadata":[]}],[{"content":"Excellent organizational skills, proficient with all Microsoft applications, and grade and attendance keeping software.","tokens":["Excellent","organizational","skills,","proficient","with","all","Microsoft","applications,","and","grade","and","attendance","keeping","software."],"metadata":[]}],[{"content":"A position as department chair with major responsibilities that will effectively utilize my experience and training in coordination with my communication, leadership, and organizational skills.","tokens":["A","position","as","department","chair","with","major","responsibilities","that","will","effectively","utilize","my","experience","and","training","in","coordination","with","my","communication,","leadership,","and","organizational","skills."],"metadata":[]}],[{"content":"Teacher certified by the state of South Carolina to teach all general sciences.","tokens":["Teacher","certified","by","the","state","of","South","Carolina","to","teach","all","general","sciences."],"metadata":[]}],[{"content":"A motivator experienced in teaching physical science, chemistry, and medical microbiology.","tokens":["A","motivator","experienced","in","teaching","physical","science,","chemistry,","and","medical","microbiology."],"metadata":[]}],[{"content":"Excellent organizational skills, proficient with all Microsoft applications, and grade and attendance keeping software.","tokens":["Excellent","organizational","skills,","proficient","with","all","Microsoft","applications,","and","grade","and","attendance","keeping","software."],"metadata":[]}],[{"content":"Skills National Board Certified AP Bio certified 2015 AP Chem certified summer 2017 Trained in educating at-risk youth Teacher Mentor National Board Grader Classroom discipline Positive learning environment Self-motivated Work History Teacher 02/2003","tokens":["Skills","National","Board","Certified","AP","Bio","certified","2015","AP","Chem","certified","summer","2017","Trained","in","educating","at-risk","youth","Teacher","Mentor","National","Board","Grader","Classroom","discipline","Positive","learning","environment","Self-motivated","Work","History","Teacher","02/2003"],"metadata":[]}],[{"content":"to Current Company Name Teach medical microbiology, chemistry, and physical science, 9 through 12 grades.","tokens":["to","Current","Company","Name","Teach","medical","microbiology,","chemistry,","and","physical","science,","9","through","12","grades."],"metadata":[]}],[{"content":"Keep grade books, input grade information into IGpro grade keeping system.","tokens":["Keep","grade","books,","input","grade","information","into","IGpro","grade","keeping","system."],"metadata":[]}],[{"content":"Responsible for detailed weekly lesson plans, parent correspondence.","tokens":["Responsible","for","detailed","weekly","lesson","plans,","parent","correspondence."],"metadata":[]}],[{"content":"Active with Homecoming and Prom committees.","tokens":["Active","with","Homecoming","and","Prom","committees."],"metadata":[]}],[{"content":"Teacher 02/2003","tokens":["Teacher","02/2003"],"metadata":[]}],[{"content":"to Current Company Name – City ,","tokens":["to","Current","Company","Name","–","City",","],"metadata":[]}],[{"content":"State Teach/have taught: honors, college prep medical microbiology; honors, college prep, basic chemistry; honors biology (100% pass rate); physical science, 9 through 12 grades.","tokens":["State","Teach/have","taught:","honors,","college","prep","medical","microbiology;","honors,","college","prep,","basic","chemistry;","honors","biology","(100%","pass","rate);","physical","science,","9","through","12","grades."],"metadata":[]}],[{"content":"Keep grade books, input grade information into PowerSchool grade keeping system.","tokens":["Keep","grade","books,","input","grade","information","into","PowerSchool","grade","keeping","system."],"metadata":[]}],[{"content":"Create detailed, engaging new lesson plans based on course objectives.","tokens":["Create","detailed,","engaging","new","lesson","plans","based","on","course","objectives."],"metadata":[]}],[{"content":"Organized, ordered supplies, made appointments, and put on 4 fabulous Proms as Prom committee co-chair.","tokens":["Organized,","ordered","supplies,","made","appointments,","and","put","on","4","fabulous","Proms","as","Prom","committee","co-chair."],"metadata":[]}],[{"content":"Organize yearly out of state overnight field trips in order to foster real-world relevance in course study.","tokens":["Organize","yearly","out","of","state","overnight","field","trips","in","order","to","foster","real-world","relevance","in","course","study."],"metadata":[]}],[{"content":"Collaborate yearly with a team of faculty to serve at-risk incoming 9th graders for the \"Bridge Program\".","tokens":["Collaborate","yearly","with","a","team","of","faculty","to","serve","at-risk","incoming","9th","graders","for","the","\"Bridge","Program\"."],"metadata":[]}],[{"content":"Serve yearly as a mentor to 1-2 teachers.","tokens":["Serve","yearly","as","a","mentor","to","1-2","teachers."],"metadata":[]}],[{"content":"Correspond with parents by email, telephone or postal mail.","tokens":["Correspond","with","parents","by","email,","telephone","or","postal","mail."],"metadata":[]}],[{"content":"Oversaw inventory activities, including chemical monitoring, for the science department.","tokens":["Oversaw","inventory","activities,","including","chemical","monitoring,","for","the","science","department."],"metadata":[]}],[{"content":"Created detailed, engaging new lesson plans based on course objectives.","tokens":["Created","detailed,","engaging","new","lesson","plans","based","on","course","objectives."],"metadata":[]}],[{"content":"Implemented reading and writing in science by obtaining a set of novels from DonorsChoose to support student literacy in the science classroom.","tokens":["Implemented","reading","and","writing","in","science","by","obtaining","a","set","of","novels","from","DonorsChoose","to","support","student","literacy","in","the","science","classroom."],"metadata":[]}],[{"content":"Consistently receive positive teacher evaluations from students and administrators.","tokens":["Consistently","receive","positive","teacher","evaluations","from","students","and","administrators."],"metadata":[]}],[{"content":"Summer National Board Certification grader for Pearson Medical Technologist 02/2001","tokens":["Summer","National","Board","Certification","grader","for","Pearson","Medical","Technologist","02/2001"],"metadata":[]}],[{"content":"to 01/2006 Company Name – City ,","tokens":["to","01/2006","Company","Name","–","City",","],"metadata":[]}],[{"content":"State Analyze blood and body fluids for hematology, chemistry, coagulation, immunology, and urinalysis using mainly Beckman equipment including the LX.","tokens":["State","Analyze","blood","and","body","fluids","for","hematology,","chemistry,","coagulation,","immunology,","and","urinalysis","using","mainly","Beckman","equipment","including","the","LX."],"metadata":[]}],[{"content":"Manual and automated hematology, including cell differentiation of peripheral smears as well as exudates.","tokens":["Manual","and","automated","hematology,","including","cell","differentiation","of","peripheral","smears","as","well","as","exudates."],"metadata":[]}],[{"content":"Daily, weekly, and monthly maintenance of all machinery.","tokens":["Daily,","weekly,","and","monthly","maintenance","of","all","machinery."],"metadata":[]}],[{"content":"Plate microbiology specimens on appropriate media, rapid test for strep, influenza, Rocky Mountain spotted fever, and mononucleosis.","tokens":["Plate","microbiology","specimens","on","appropriate","media,","rapid","test","for","strep,","influenza,","Rocky","Mountain","spotted","fever,","and","mononucleosis."],"metadata":[]}],[{"content":"A, B, O typing and antibody identification, sickle cell determination, antigen typing, cross matching.","tokens":["A,","B,","O","typing","and","antibody","identification,","sickle","cell","determination,","antigen","typing,","cross","matching."],"metadata":[]}],[{"content":"Medical Technologist 02/2001","tokens":["Medical","Technologist","02/2001"],"metadata":[]}],[{"content":"to 01/2006 Company Name – City ,","tokens":["to","01/2006","Company","Name","–","City",","],"metadata":[]}],[{"content":"State Analyze blood and body fluids for hematology, chemistry, coagulation, immunology, and urinalysis using mainly Beckman equipment including the LX.","tokens":["State","Analyze","blood","and","body","fluids","for","hematology,","chemistry,","coagulation,","immunology,","and","urinalysis","using","mainly","Beckman","equipment","including","the","LX."],"metadata":[]}],[{"content":"Manual and automated hematology, including cell differentiation of peripheral smears as well as exudates.","tokens":["Manual","and","automated","hematology,","including","cell","differentiation","of","peripheral","smears","as","well","as","exudates."],"metadata":[]}],[{"content":"Daily, weekly, and monthly maintenance of all machinery.","tokens":["Daily,","weekly,","and","monthly","maintenance","of","all","machinery."],"metadata":[]}],[{"content":"Plate microbiology specimens on appropriate media, rapid test for strep, influenza, Rocky Mountain spotted fever, and mononucleosis.","tokens":["Plate","microbiology","specimens","on","appropriate","media,","rapid","test","for","strep,","influenza,","Rocky","Mountain","spotted","fever,","and","mononucleosis."],"metadata":[]}],[{"content":"A, B, O typing and antibody identification, sickle cell determination, antigen typing, cross matching.","tokens":["A,","B,","O","typing","and","antibody","identification,","sickle","cell","determination,","antigen","typing,","cross","matching."],"metadata":[]}],[{"content":"Education M.Ed : Secondary Education 2007 Southern Wesleyan University -","tokens":["Education","M.Ed",":","Secondary","Education","2007","Southern","Wesleyan","University","-"],"metadata":[]}],[{"content":"State Secondary Education GPA: 3.8 Certificate in Medical Technology : 1999 Carolinas College of Health Sciences, Carolinas Medical Center -","tokens":["State","Secondary","Education","GPA:","3.8","Certificate","in","Medical","Technology",":","1999","Carolinas","College","of","Health","Sciences,","Carolinas","Medical","Center","-"],"metadata":[]}],[{"content":"City ,","tokens":["City",","],"metadata":[]}],[{"content":"State B.S : Biology 1998 Univ. of South Carolina -","tokens":["State","B.S",":","Biology","1998","Univ.","of","South","Carolina","-"],"metadata":[]}],[{"content":"State Biology GPA: 3.4 Skills chemistry, hematology, immunology, lesson plans, machinery, Medical Technology, typing, urinalysis mentoring, communication, social skills, lesson plans, chemistry, biology, medical microbiology, Medical Technology","tokens":["State","Biology","GPA:","3.4","Skills","chemistry,","hematology,","immunology,","lesson","plans,","machinery,","Medical","Technology,","typing,","urinalysis","mentoring,","communication,","social","skills,","lesson","plans,","chemistry,","biology,","medical","microbiology,","Medical","Technology"],"metadata":[]}]],"labelerInfo":{"id":6814,"email":"cwilhel8@jh.edu","displayName":"Chris Wilhelm"},"labelSets":[{"name":"Resume Labels","index":0,"labelItems":[{"id":"Kj5U6n9NUqTXuWcB3c_7L","labelName":"College"},{"id":"rj7TW0-ymuRo6f_asXJab","labelName":"Company Name"},{"id":"SJEkdao76hjwbb6Fh5SY6","labelName":"Job Title"},{"id":"BjO8MdvK2KI4E5iMEeY4B","labelName":"Graduation Year"},{"id":"eS2knCRgLegeRw8bcmSWA","labelName":"Skill"},{"id":"IeEoIKabMl51BJE0gX2YL","labelName":"Degree"},{"id":"1R0C50AAwFbEp2O0WmRv6","labelName":"Location"},{"id":"zQcc4ygexJ_A3Gb0NeRTk","labelName":"Years of Experience"},{"id":"52S_6moRfhjC-yXgIBeCp","labelName":"Date"},{"id":"KiLarWmwlU1E3-FfdG6Qg","labelName":"Project"},{"id":"dyxKKTAxW1z5ifjPj42BI","labelName":"Name"}]}],"spanLabels":[{"id":"1663129885","labeledBy":"LABELER","labeledByUserId":6814,"acceptedByUserId":null,"rejectedByUserId":null,"layer":0,"counter":0,"status":"ACCEPTED","hashCode":"SPAN:SJEkdao76hjwbb6Fh5SY6:0:0:0:0:0:0:0:0:6:0:undefined:undefined","labelName":"SJEkdao76hjwbb6Fh5SY6","labelItem":{"id":"SJEkdao76hjwbb6Fh5SY6","labelName":"Job Title"},"textPosition":{"start":{"row":0,"column":0,"tokenIndex":0,"charIndex":0},"end":{"row":0,"column":0,"tokenIndex":0,"charIndex":6}},"confidenceScore":null},{"id":"1663129888","labeledBy":"LABELER","labeledByUserId":6814,"acceptedByUserId":null,"rejectedByUserId":null,"layer":0,"counter":0,"status":"ACCEPTED","hashCode":"SPAN:rj7TW0-ymuRo6f_asXJab:0:0:0:1:0:0:0:3:5:0:undefined:undefined","labelName":"rj7TW0-ymuRo6f_asXJab","labelItem":{"id":"rj7TW0-ymuRo6f_asXJab","labelName":"Company Name"},"textPosition":{"start":{"row":0,"column":0,"tokenIndex":1,"charIndex":0},"end":{"row":0,"column":0,"tokenIndex":3,"charIndex":5}},"confidenceScore":null},{"id":"1663129891","labeledBy":"LABELER","labeledByUserId":6814,"acceptedByUserId":null,"rejectedByUserId":null,"layer":0,"counter":0,"status":"ACCEPTED","hashCode":"SPAN:SJEkdao76hjwbb6Fh5SY6:0:0:0:11:0:0:0:11:16:0:undefined:undefined","labelName":"SJEkdao76hjwbb6Fh5SY6","labelItem":{"id":"SJEkdao76hjwbb6Fh5SY6","labelName":"Job Title"},"textPosition":{"start":{"row":0,"column":0,"tokenIndex":11,"charIndex":0},"end":{"row":0,"column":0,"tokenIndex":11,"charIndex":16}},"confidenceScore":null},{"id":"1663129894","labeledBy":"LABELER","labeledByUserId":6814,"acceptedByUserId":null,"rejectedByUserId":null,"layer":0,"counter":0,"status":"ACCEPTED","hashCode":"SPAN:eS2knCRgLegeRw8bcmSWA:0:0:0:24:0:0:0:24:11:0:undefined:undefined","labelName":"eS2knCRgLegeRw8bcmSWA","labelItem":{"id":"eS2knCRgLegeRw8bcmSWA","labelName":"Skill"},"textPosition":{"start":{"row":0,"column":0,"tokenIndex":24,"charIndex":0},"end":{"row":0,"column":0,"tokenIndex":24,"charIndex":11}},"confidenceScore":null},{"id":"1663129897","labeledBy":"LABELER","labeledByUserId":6814,"acceptedByUserId":null,"rejectedByUserId":null,"layer":0,"counter":0,"status":"ACCEPTED","hashCode":"SPAN:eS2knCRgLegeRw8bcmSWA:0:0:0:27:0:0:0:27:13:0:undefined:undefined","labelName":"eS2knCRgLegeRw8bcmSWA","labelItem":{"id":"eS2knCRgLegeRw8bcmSWA","labelName":"Skill"},"textPosition":{"start":{"row":0,"column":0,"tokenIndex":27,"charIndex":0},"end":{"row":0,"column":0,"tokenIndex":27,"charIndex":13}},"confidenceScore":null},{"id":"1663129900","labeledBy":"LABELER","labeledByUserId":6814,"acceptedByUserId":null,"rejectedByUserId":null,"layer":0,"counter":0,"status":"ACCEPTED","hashCode":"SPAN:eS2knCRgLegeRw8bcmSWA:0:0:0:28:0:0:0:28:10:0:undefined:undefined","labelName":"eS2knCRgLegeRw8bcmSWA","labelItem":{"id":"eS2knCRgLegeRw8bcmSWA","labelName":"Skill"},"textPosition":{"start":{"row":0,"column":0,"tokenIndex":28,"charIndex":0},"end":{"row":0,"column":0,"tokenIndex":28,"charIndex":10}},"confidenceScore":null},{"id":"1663129903","labeledBy":"LABELER","labeledByUserId":6814,"acceptedByUserId":null,"rejectedByUserId":null,"layer":0,"counter":0,"status":"ACCEPTED","hashCode":"SPAN:eS2knCRgLegeRw8bcmSWA:0:0:0:30:0:0:0:30:13:0:undefined:undefined","labelName":"eS2knCRgLegeRw8bcmSWA","labelItem":{"id":"eS2knCRgLegeRw8bcmSWA","labelName":"Skill"},"textPosition":{"start":{"row":0,"column":0,"tokenIndex":30,"charIndex":0},"end":{"row":0,"column":0,"tokenIndex":30,"charIndex":13}},"confidenceScore":null},{"id":"1663129909","labeledBy":"LABELER","labeledByUserId":6814,"acceptedByUserId":null,"rejectedByUserId":null,"layer":0,"counter":0,"status":"ACCEPTED","hashCode":"SPAN:eS2knCRgLegeRw8bcmSWA:0:1:0:1:0:1:0:1:8:0:undefined:undefined","labelName":"eS2knCRgLegeRw8bcmSWA","labelItem":{"id":"eS2knCRgLegeRw8bcmSWA","labelName":"Skill"},"textPosition":{"start":{"row":1,"column":0,"tokenIndex":1,"charIndex":0},"end":{"row":1,"column":0,"tokenIndex":1,"charIndex":8}},"confidenceScore":null},{"id":"1663129906","labeledBy":"LABELER","labeledByUserId":6814,"acceptedByUserId":null,"rejectedByUserId":null,"layer":0,"counter":0,"status":"ACCEPTED","hashCode":"SPAN:eS2knCRgLegeRw8bcmSWA:0:1:0:11:0:1:0:12:8:0:undefined:undefined","labelName":"eS2knCRgLegeRw8bcmSWA","labelItem":{"id":"eS2knCRgLegeRw8bcmSWA","labelName":"Skill"},"textPosition":{"start":{"row":1,"column":0,"tokenIndex":11,"charIndex":0},"end":{"row":1,"column":0,"tokenIndex":12,"charIndex":8}},"confidenceScore":null},{"id":"1663129912","labeledBy":"LABELER","labeledByUserId":6814,"acceptedByUserId":null,"rejectedByUserId":null,"layer":0,"counter":0,"status":"ACCEPTED","hashCode":"SPAN:eS2knCRgLegeRw8bcmSWA:0:2:0:1:0:2:0:1:8:0:undefined:undefined","labelName":"eS2knCRgLegeRw8bcmSWA","labelItem":{"id":"eS2knCRgLegeRw8bcmSWA","labelName":"Skill"},"textPosition":{"start":{"row":2,"column":0,"tokenIndex":1,"charIndex":0},"end":{"row":2,"column":0,"tokenIndex":1,"charIndex":8}},"confidenceScore":null},{"id":"1663129915","labeledBy":"LABELER","labeledByUserId":6814,"acceptedByUserId":null,"rejectedByUserId":null,"layer":0,"counter":0,"status":"ACCEPTED","hashCode":"SPAN:eS2knCRgLegeRw8bcmSWA:0:2:0:5:0:2:0:6:7:0:undefined:undefined","labelName":"eS2knCRgLegeRw8bcmSWA","labelItem":{"id":"eS2knCRgLegeRw8bcmSWA","labelName":"Skill"},"textPosition":{"start":{"row":2,"column":0,"tokenIndex":5,"charIndex":0},"end":{"row":2,"column":0,"tokenIndex":6,"charIndex":7}},"confidenceScore":null},{"id":"1663129918","labeledBy":"LABELER","labeledByUserId":6814,"acceptedByUserId":null,"rejectedByUserId":null,"layer":0,"counter":0,"status":"ACCEPTED","hashCode":"SPAN:eS2knCRgLegeRw8bcmSWA:0:2:0:7:0:2:0:7:9:0:undefined:undefined","labelName":"eS2knCRgLegeRw8bcmSWA","labelItem":{"id":"eS2knCRgLegeRw8bcmSWA","labelName":"Skill"},"textPosition":{"start":{"row":2,"column":0,"tokenIndex":7,"charIndex":0},"end":{"row":2,"column":0,"tokenIndex":7,"charIndex":9}},"confidenceScore":null},{"id":"1663129921","labeledBy":"LABELER","labeledByUserId":6814,"acceptedByUserId":null,"rejectedByUserId":null,"layer":0,"counter":0,"status":"ACCEPTED","hashCode":"SPAN:eS2knCRgLegeRw8bcmSWA:0:2:0:9:0:2:0:10:12:0:undefined:undefined","labelName":"eS2knCRgLegeRw8bcmSWA","labelItem":{"id":"eS2knCRgLegeRw8bcmSWA","labelName":"Skill"},"textPosition":{"start":{"row":2,"column":0,"tokenIndex":9,"charIndex":0},"end":{"row":2,"column":0,"tokenIndex":10,"charIndex":12}},"confidenceScore":null},{"id":"1663129924","labeledBy":"LABELER","labeledByUserId":6814,"acceptedByUserId":null,"rejectedByUserId":null,"layer":0,"counter":0,"status":"ACCEPTED","hashCode":"SPAN:eS2knCRgLegeRw8bcmSWA:0:3:0:1:0:3:0:1:13:0:undefined:undefined","labelName":"eS2knCRgLegeRw8bcmSWA","labelItem":{"id":"eS2knCRgLegeRw8bcmSWA","labelName":"Skill"},"textPosition":{"start":{"row":3,"column":0,"tokenIndex":1,"charIndex":0},"end":{"row":3,"column":0,"tokenIndex":1,"charIndex":13}},"confidenceScore":null},{"id":"1663129927","labeledBy":"LABELER","labeledByUserId":6814,"acceptedByUserId":null,"rejectedByUserId":null,"layer":0,"counter":0,"status":"ACCEPTED","hashCode":"SPAN:eS2knCRgLegeRw8bcmSWA:0:3:0:6:0:3:0:7:12:0:undefined:undefined","labelName":"eS2knCRgLegeRw8bcmSWA","labelItem":{"id":"eS2knCRgLegeRw8bcmSWA","labelName":"Skill"},"textPosition":{"start":{"row":3,"column":0,"tokenIndex":6,"charIndex":0},"end":{"row":3,"column":0,"tokenIndex":7,"charIndex":12}},"confidenceScore":null},{"id":"1663129930","labeledBy":"LABELER","labeledByUserId":6814,"acceptedByUserId":null,"rejectedByUserId":null,"layer":0,"counter":0,"status":"ACCEPTED","hashCode":"SPAN:eS2knCRgLegeRw8bcmSWA:0:3:0:9:0:3:0:13:8:0:undefined:undefined","labelName":"eS2knCRgLegeRw8bcmSWA","labelItem":{"id":"eS2knCRgLegeRw8bcmSWA","labelName":"Skill"},"textPosition":{"start":{"row":3,"column":0,"tokenIndex":9,"charIndex":0},"end":{"row":3,"column":0,"tokenIndex":13,"charIndex":8}},"confidenceScore":null},{"id":"1663129933","labeledBy":"LABELER","labeledByUserId":6814,"acceptedByUserId":null,"rejectedByUserId":null,"layer":0,"counter":0,"status":"ACCEPTED","hashCode":"SPAN:SJEkdao76hjwbb6Fh5SY6:0:4:0:3:0:4:0:4:4:0:undefined:undefined","labelName":"SJEkdao76hjwbb6Fh5SY6","labelItem":{"id":"SJEkdao76hjwbb6Fh5SY6","labelName":"Job Title"},"textPosition":{"start":{"row":4,"column":0,"tokenIndex":3,"charIndex":0},"end":{"row":4,"column":0,"tokenIndex":4,"charIndex":4}},"confidenceScore":null},{"id":"1663129936","labeledBy":"LABELER","labeledByUserId":6814,"acceptedByUserId":null,"rejectedByUserId":null,"layer":0,"counter":0,"status":"ACCEPTED","hashCode":"SPAN:eS2knCRgLegeRw8bcmSWA:0:4:0:17:0:4:0:17:11:0:undefined:undefined","labelName":"eS2knCRgLegeRw8bcmSWA","labelItem":{"id":"eS2knCRgLegeRw8bcmSWA","labelName":"Skill"},"textPosition":{"start":{"row":4,"column":0,"tokenIndex":17,"charIndex":0},"end":{"row":4,"column":0,"tokenIndex":17,"charIndex":11}},"confidenceScore":null},{"id":"1663129939","labeledBy":"LABELER","labeledByUserId":6814,"acceptedByUserId":null,"rejectedByUserId":null,"layer":0,"counter":0,"status":"ACCEPTED","hashCode":"SPAN:eS2knCRgLegeRw8bcmSWA:0:4:0:20:0:4:0:20:13:0:undefined:undefined","labelName":"eS2knCRgLegeRw8bcmSWA","labelItem":{"id":"eS2knCRgLegeRw8bcmSWA","labelName":"Skill"},"textPosition":{"start":{"row":4,"column":0,"tokenIndex":20,"charIndex":0},"end":{"row":4,"column":0,"tokenIndex":20,"charIndex":13}},"confidenceScore":null},{"id":"1663129942","labeledBy":"LABELER","labeledByUserId":6814,"acceptedByUserId":null,"rejectedByUserId":null,"layer":0,"counter":0,"status":"ACCEPTED","hashCode":"SPAN:eS2knCRgLegeRw8bcmSWA:0:4:0:21:0:4:0:21:10:0:undefined:undefined","labelName":"eS2knCRgLegeRw8bcmSWA","labelItem":{"id":"eS2knCRgLegeRw8bcmSWA","labelName":"Skill"},"textPosition":{"start":{"row":4,"column":0,"tokenIndex":21,"charIndex":0},"end":{"row":4,"column":0,"tokenIndex":21,"charIndex":10}},"confidenceScore":null},{"id":"1663129945","labeledBy":"LABELER","labeledByUserId":6814,"acceptedByUserId":null,"rejectedByUserId":null,"layer":0,"counter":0,"status":"ACCEPTED","hashCode":"SPAN:eS2knCRgLegeRw8bcmSWA:0:4:0:23:0:4:0:23:13:0:undefined:undefined","labelName":"eS2knCRgLegeRw8bcmSWA","labelItem":{"id":"eS2knCRgLegeRw8bcmSWA","labelName":"Skill"},"textPosition":{"start":{"row":4,"column":0,"tokenIndex":23,"charIndex":0},"end":{"row":4,"column":0,"tokenIndex":23,"charIndex":13}},"confidenceScore":null},{"id":"1663129948","labeledBy":"LABELER","labeledByUserId":6814,"acceptedByUserId":null,"rejectedByUserId":null,"layer":0,"counter":0,"status":"ACCEPTED","hashCode":"SPAN:eS2knCRgLegeRw8bcmSWA:0:5:0:11:0:5:0:12:8:0:undefined:undefined","labelName":"eS2knCRgLegeRw8bcmSWA","labelItem":{"id":"eS2knCRgLegeRw8bcmSWA","labelName":"Skill"},"textPosition":{"start":{"row":5,"column":0,"tokenIndex":11,"charIndex":0},"end":{"row":5,"column":0,"tokenIndex":12,"charIndex":8}},"confidenceScore":null},{"id":"1663129951","labeledBy":"LABELER","labeledByUserId":6814,"acceptedByUserId":null,"rejectedByUserId":null,"layer":0,"counter":0,"status":"ACCEPTED","hashCode":"SPAN:eS2knCRgLegeRw8bcmSWA:0:6:0:5:0:6:0:6:7:0:undefined:undefined","labelName":"eS2knCRgLegeRw8bcmSWA","labelItem":{"id":"eS2knCRgLegeRw8bcmSWA","labelName":"Skill"},"textPosition":{"start":{"row":6,"column":0,"tokenIndex":5,"charIndex":0},"end":{"row":6,"column":0,"tokenIndex":6,"charIndex":7}},"confidenceScore":null},{"id":"1663129954","labeledBy":"LABELER","labeledByUserId":6814,"acceptedByUserId":null,"rejectedByUserId":null,"layer":0,"counter":0,"status":"ACCEPTED","hashCode":"SPAN:eS2knCRgLegeRw8bcmSWA:0:6:0:7:0:6:0:7:9:0:undefined:undefined","labelName":"eS2knCRgLegeRw8bcmSWA","labelItem":{"id":"eS2knCRgLegeRw8bcmSWA","labelName":"Skill"},"textPosition":{"start":{"row":6,"column":0,"tokenIndex":7,"charIndex":0},"end":{"row":6,"column":0,"tokenIndex":7,"charIndex":9}},"confidenceScore":null},{"id":"1663129957","labeledBy":"LABELER","labeledByUserId":6814,"acceptedByUserId":null,"rejectedByUserId":null,"layer":0,"counter":0,"status":"ACCEPTED","hashCode":"SPAN:eS2knCRgLegeRw8bcmSWA:0:6:0:9:0:6:0:10:12:0:undefined:undefined","labelName":"eS2knCRgLegeRw8bcmSWA","labelItem":{"id":"eS2knCRgLegeRw8bcmSWA","labelName":"Skill"},"textPosition":{"start":{"row":6,"column":0,"tokenIndex":9,"charIndex":0},"end":{"row":6,"column":0,"tokenIndex":10,"charIndex":12}},"confidenceScore":null},{"id":"1663129960","labeledBy":"LABELER","labeledByUserId":6814,"acceptedByUserId":null,"rejectedByUserId":null,"layer":0,"counter":0,"status":"ACCEPTED","hashCode":"SPAN:eS2knCRgLegeRw8bcmSWA:0:7:0:1:0:7:0:1:13:0:undefined:undefined","labelName":"eS2knCRgLegeRw8bcmSWA","labelItem":{"id":"eS2knCRgLegeRw8bcmSWA","labelName":"Skill"},"textPosition":{"start":{"row":7,"column":0,"tokenIndex":1,"charIndex":0},"end":{"row":7,"column":0,"tokenIndex":1,"charIndex":13}},"confidenceScore":null},{"id":"1663129963","labeledBy":"LABELER","labeledByUserId":6814,"acceptedByUserId":null,"rejectedByUserId":null,"layer":0,"counter":0,"status":"ACCEPTED","hashCode":"SPAN:eS2knCRgLegeRw8bcmSWA:0:7:0:6:0:7:0:7:12:0:undefined:undefined","labelName":"eS2knCRgLegeRw8bcmSWA","labelItem":{"id":"eS2knCRgLegeRw8bcmSWA","labelName":"Skill"},"textPosition":{"start":{"row":7,"column":0,"tokenIndex":6,"charIndex":0},"end":{"row":7,"column":0,"tokenIndex":7,"charIndex":12}},"confidenceScore":null},{"id":"1663129966","labeledBy":"LABELER","labeledByUserId":6814,"acceptedByUserId":null,"rejectedByUserId":null,"layer":0,"counter":0,"status":"ACCEPTED","hashCode":"SPAN:eS2knCRgLegeRw8bcmSWA:0:7:0:9:0:7:0:13:8:0:undefined:undefined","labelName":"eS2knCRgLegeRw8bcmSWA","labelItem":{"id":"eS2knCRgLegeRw8bcmSWA","labelName":"Skill"},"textPosition":{"start":{"row":7,"column":0,"tokenIndex":9,"charIndex":0},"end":{"row":7,"column":0,"tokenIndex":13,"charIndex":8}},"confidenceScore":null},{"id":"1663129969","labeledBy":"LABELER","labeledByUserId":6814,"acceptedByUserId":null,"rejectedByUserId":null,"layer":0,"counter":0,"status":"ACCEPTED","hashCode":"SPAN:eS2knCRgLegeRw8bcmSWA:0:8:0:1:0:8:0:5:2:0:undefined:undefined","labelName":"eS2knCRgLegeRw8bcmSWA","labelItem":{"id":"eS2knCRgLegeRw8bcmSWA","labelName":"Skill"},"textPosition":{"start":{"row":8,"column":0,"tokenIndex":1,"charIndex":0},"end":{"row":8,"column":0,"tokenIndex":5,"charIndex":2}},"confidenceScore":null},{"id":"1663129972","labeledBy":"LABELER","labeledByUserId":6814,"acceptedByUserId":null,"rejectedByUserId":null,"layer":0,"counter":0,"status":"ACCEPTED","hashCode":"SPAN:52S_6moRfhjC-yXgIBeCp:0:8:0:7:0:8:0:7:3:0:undefined:undefined","labelName":"52S_6moRfhjC-yXgIBeCp","labelItem":{"id":"52S_6moRfhjC-yXgIBeCp","labelName":"Date"},"textPosition":{"start":{"row":8,"column":0,"tokenIndex":7,"charIndex":0},"end":{"row":8,"column":0,"tokenIndex":7,"charIndex":3}},"confidenceScore":null},{"id":"1663129975","labeledBy":"LABELER","labeledByUserId":6814,"acceptedByUserId":null,"rejectedByUserId":null,"layer":0,"counter":0,"status":"ACCEPTED","hashCode":"SPAN:eS2knCRgLegeRw8bcmSWA:0:8:0:8:0:8:0:10:8:0:undefined:undefined","labelName":"eS2knCRgLegeRw8bcmSWA","labelItem":{"id":"eS2knCRgLegeRw8bcmSWA","labelName":"Skill"},"textPosition":{"start":{"row":8,"column":0,"tokenIndex":8,"charIndex":0},"end":{"row":8,"column":0,"tokenIndex":10,"charIndex":8}},"confidenceScore":null},{"id":"1663129978","labeledBy":"LABELER","labeledByUserId":6814,"acceptedByUserId":null,"rejectedByUserId":null,"layer":0,"counter":0,"status":"ACCEPTED","hashCode":"SPAN:52S_6moRfhjC-yXgIBeCp:0:8:0:12:0:8:0:12:3:0:undefined:undefined","labelName":"52S_6moRfhjC-yXgIBeCp","labelItem":{"id":"52S_6moRfhjC-yXgIBeCp","labelName":"Date"},"textPosition":{"start":{"row":8,"column":0,"tokenIndex":12,"charIndex":0},"end":{"row":8,"column":0,"tokenIndex":12,"charIndex":3}},"confidenceScore":null},{"id":"1663129981","labeledBy":"LABELER","labeledByUserId":6814,"acceptedByUserId":null,"rejectedByUserId":null,"layer":0,"counter":0,"status":"ACCEPTED","hashCode":"SPAN:eS2knCRgLegeRw8bcmSWA:0:8:0:16:0:8:0:17:4:0:undefined:undefined","labelName":"eS2knCRgLegeRw8bcmSWA","labelItem":{"id":"eS2knCRgLegeRw8bcmSWA","labelName":"Skill"},"textPosition":{"start":{"row":8,"column":0,"tokenIndex":16,"charIndex":0},"end":{"row":8,"column":0,"tokenIndex":17,"charIndex":4}},"confidenceScore":null},{"id":"1663129984","labeledBy":"LABELER","labeledByUserId":6814,"acceptedByUserId":null,"rejectedByUserId":null,"layer":0,"counter":0,"status":"ACCEPTED","hashCode":"SPAN:eS2knCRgLegeRw8bcmSWA:0:8:0:25:0:8:0:26:7:0:undefined:undefined","labelName":"eS2knCRgLegeRw8bcmSWA","labelItem":{"id":"eS2knCRgLegeRw8bcmSWA","labelName":"Skill"},"textPosition":{"start":{"row":8,"column":0,"tokenIndex":25,"charIndex":0},"end":{"row":8,"column":0,"tokenIndex":26,"charIndex":7}},"confidenceScore":null},{"id":"1663129987","labeledBy":"LABELER","labeledByUserId":6814,"acceptedByUserId":null,"rejectedByUserId":null,"layer":0,"counter":0,"status":"ACCEPTED","hashCode":"SPAN:eS2knCRgLegeRw8bcmSWA:0:8:0:28:0:8:0:28:13:0:undefined:undefined","labelName":"eS2knCRgLegeRw8bcmSWA","labelItem":{"id":"eS2knCRgLegeRw8bcmSWA","labelName":"Skill"},"textPosition":{"start":{"row":8,"column":0,"tokenIndex":28,"charIndex":0},"end":{"row":8,"column":0,"tokenIndex":28,"charIndex":13}},"confidenceScore":null},{"id":"1663129990","labeledBy":"LABELER","labeledByUserId":6814,"acceptedByUserId":null,"rejectedByUserId":null,"layer":0,"counter":0,"status":"ACCEPTED","hashCode":"SPAN:SJEkdao76hjwbb6Fh5SY6:0:8:0:31:0:8:0:31:6:0:undefined:undefined","labelName":"SJEkdao76hjwbb6Fh5SY6","labelItem":{"id":"SJEkdao76hjwbb6Fh5SY6","labelName":"Job Title"},"textPosition":{"start":{"row":8,"column":0,"tokenIndex":31,"charIndex":0},"end":{"row":8,"column":0,"tokenIndex":31,"charIndex":6}},"confidenceScore":null},{"id":"1663129993","labeledBy":"LABELER","labeledByUserId":6814,"acceptedByUserId":null,"rejectedByUserId":null,"layer":0,"counter":0,"status":"ACCEPTED","hashCode":"SPAN:52S_6moRfhjC-yXgIBeCp:0:8:0:32:0:8:0:32:6:0:undefined:undefined","labelName":"52S_6moRfhjC-yXgIBeCp","labelItem":{"id":"52S_6moRfhjC-yXgIBeCp","labelName":"Date"},"textPosition":{"start":{"row":8,"column":0,"tokenIndex":32,"charIndex":0},"end":{"row":8,"column":0,"tokenIndex":32,"charIndex":6}},"confidenceScore":null},{"id":"1663129996","labeledBy":"LABELER","labeledByUserId":6814,"acceptedByUserId":null,"rejectedByUserId":null,"layer":0,"counter":0,"status":"ACCEPTED","hashCode":"SPAN:52S_6moRfhjC-yXgIBeCp:0:9:0:1:0:9:0:1:6:0:undefined:undefined","labelName":"52S_6moRfhjC-yXgIBeCp","labelItem":{"id":"52S_6moRfhjC-yXgIBeCp","labelName":"Date"},"textPosition":{"start":{"row":9,"column":0,"tokenIndex":1,"charIndex":0},"end":{"row":9,"column":0,"tokenIndex":1,"charIndex":6}},"confidenceScore":null},{"id":"1663129999","labeledBy":"LABELER","labeledByUserId":6814,"acceptedByUserId":null,"rejectedByUserId":null,"layer":0,"counter":0,"status":"ACCEPTED","hashCode":"SPAN:rj7TW0-ymuRo6f_asXJab:0:9:0:2:0:9:0:3:3:0:undefined:undefined","labelName":"rj7TW0-ymuRo6f_asXJab","labelItem":{"id":"rj7TW0-ymuRo6f_asXJab","labelName":"Company Name"},"textPosition":{"start":{"row":9,"column":0,"tokenIndex":2,"charIndex":0},"end":{"row":9,"column":0,"tokenIndex":3,"charIndex":3}},"confidenceScore":null},{"id":"1663130002","labeledBy":"LABELER","labeledByUserId":6814,"acceptedByUserId":null,"rejectedByUserId":null,"layer":0,"counter":0,"status":"ACCEPTED","hashCode":"SPAN:eS2knCRgLegeRw8bcmSWA:0:9:0:5:0:9:0:6:12:0:undefined:undefined","labelName":"eS2knCRgLegeRw8bcmSWA","labelItem":{"id":"eS2knCRgLegeRw8bcmSWA","labelName":"Skill"},"textPosition":{"start":{"row":9,"column":0,"tokenIndex":5,"charIndex":0},"end":{"row":9,"column":0,"tokenIndex":6,"charIndex":12}},"confidenceScore":null},{"id":"1663130005","labeledBy":"LABELER","labeledByUserId":6814,"acceptedByUserId":null,"rejectedByUserId":null,"layer":0,"counter":0,"status":"ACCEPTED","hashCode":"SPAN:eS2knCRgLegeRw8bcmSWA:0:9:0:7:0:9:0:7:9:0:undefined:undefined","labelName":"eS2knCRgLegeRw8bcmSWA","labelItem":{"id":"eS2knCRgLegeRw8bcmSWA","labelName":"Skill"},"textPosition":{"start":{"row":9,"column":0,"tokenIndex":7,"charIndex":0},"end":{"row":9,"column":0,"tokenIndex":7,"charIndex":9}},"confidenceScore":null},{"id":"1663130008","labeledBy":"LABELER","labeledByUserId":6814,"acceptedByUserId":null,"rejectedByUserId":null,"layer":0,"counter":0,"status":"ACCEPTED","hashCode":"SPAN:eS2knCRgLegeRw8bcmSWA:0:9:0:9:0:9:0:10:7:0:undefined:undefined","labelName":"eS2knCRgLegeRw8bcmSWA","labelItem":{"id":"eS2knCRgLegeRw8bcmSWA","labelName":"Skill"},"textPosition":{"start":{"row":9,"column":0,"tokenIndex":9,"charIndex":0},"end":{"row":9,"column":0,"tokenIndex":10,"charIndex":7}},"confidenceScore":null},{"id":"1663130011","labeledBy":"LABELER","labeledByUserId":6814,"acceptedByUserId":null,"rejectedByUserId":null,"layer":0,"counter":0,"status":"ACCEPTED","hashCode":"SPAN:eS2knCRgLegeRw8bcmSWA:0:10:0:7:0:10:0:7:4:0:undefined:undefined","labelName":"eS2knCRgLegeRw8bcmSWA","labelItem":{"id":"eS2knCRgLegeRw8bcmSWA","labelName":"Skill"},"textPosition":{"start":{"row":10,"column":0,"tokenIndex":7,"charIndex":0},"end":{"row":10,"column":0,"tokenIndex":7,"charIndex":4}},"confidenceScore":null},{"id":"1663130014","labeledBy":"LABELER","labeledByUserId":6814,"acceptedByUserId":null,"rejectedByUserId":null,"layer":0,"counter":0,"status":"ACCEPTED","hashCode":"SPAN:SJEkdao76hjwbb6Fh5SY6:0:13:0:0:0:13:0:0:6:0:undefined:undefined","labelName":"SJEkdao76hjwbb6Fh5SY6","labelItem":{"id":"SJEkdao76hjwbb6Fh5SY6","labelName":"Job Title"},"textPosition":{"start":{"row":13,"column":0,"tokenIndex":0,"charIndex":0},"end":{"row":13,"column":0,"tokenIndex":0,"charIndex":6}},"confidenceScore":null},{"id":"1663130017","labeledBy":"LABELER","labeledByUserId":6814,"acceptedByUserId":null,"rejectedByUserId":null,"layer":0,"counter":0,"status":"ACCEPTED","hashCode":"SPAN:52S_6moRfhjC-yXgIBeCp:0:13:0:1:0:13:0:1:6:0:undefined:undefined","labelName":"52S_6moRfhjC-yXgIBeCp","labelItem":{"id":"52S_6moRfhjC-yXgIBeCp","labelName":"Date"},"textPosition":{"start":{"row":13,"column":0,"tokenIndex":1,"charIndex":0},"end":{"row":13,"column":0,"tokenIndex":1,"charIndex":6}},"confidenceScore":null},{"id":"1663130020","labeledBy":"LABELER","labeledByUserId":6814,"acceptedByUserId":null,"rejectedByUserId":null,"layer":0,"counter":0,"status":"ACCEPTED","hashCode":"SPAN:52S_6moRfhjC-yXgIBeCp:0:14:0:1:0:14:0:1:6:0:undefined:undefined","labelName":"52S_6moRfhjC-yXgIBeCp","labelItem":{"id":"52S_6moRfhjC-yXgIBeCp","labelName":"Date"},"textPosition":{"start":{"row":14,"column":0,"tokenIndex":1,"charIndex":0},"end":{"row":14,"column":0,"tokenIndex":1,"charIndex":6}},"confidenceScore":null},{"id":"1663130023","labeledBy":"LABELER","labeledByUserId":6814,"acceptedByUserId":null,"rejectedByUserId":null,"layer":0,"counter":0,"status":"ACCEPTED","hashCode":"SPAN:rj7TW0-ymuRo6f_asXJab:0:14:0:2:0:14:0:3:3:0:undefined:undefined","labelName":"rj7TW0-ymuRo6f_asXJab","labelItem":{"id":"rj7TW0-ymuRo6f_asXJab","labelName":"Company Name"},"textPosition":{"start":{"row":14,"column":0,"tokenIndex":2,"charIndex":0},"end":{"row":14,"column":0,"tokenIndex":3,"charIndex":3}},"confidenceScore":null},{"id":"1663130026","labeledBy":"LABELER","labeledByUserId":6814,"acceptedByUserId":null,"rejectedByUserId":null,"layer":0,"counter":0,"status":"ACCEPTED","hashCode":"SPAN:1R0C50AAwFbEp2O0WmRv6:0:14:0:5:0:14:0:5:3:0:undefined:undefined","labelName":"1R0C50AAwFbEp2O0WmRv6","labelItem":{"id":"1R0C50AAwFbEp2O0WmRv6","labelName":"Location"},"textPosition":{"start":{"row":14,"column":0,"tokenIndex":5,"charIndex":0},"end":{"row":14,"column":0,"tokenIndex":5,"charIndex":3}},"confidenceScore":null},{"id":"1663130029","labeledBy":"LABELER","labeledByUserId":6814,"acceptedByUserId":null,"rejectedByUserId":null,"layer":0,"counter":0,"status":"ACCEPTED","hashCode":"SPAN:1R0C50AAwFbEp2O0WmRv6:0:15:0:0:0:15:0:0:4:0:undefined:undefined","labelName":"1R0C50AAwFbEp2O0WmRv6","labelItem":{"id":"1R0C50AAwFbEp2O0WmRv6","labelName":"Location"},"textPosition":{"start":{"row":15,"column":0,"tokenIndex":0,"charIndex":0},"end":{"row":15,"column":0,"tokenIndex":0,"charIndex":4}},"confidenceScore":null},{"id":"1663130032","labeledBy":"LABELER","labeledByUserId":6814,"acceptedByUserId":null,"rejectedByUserId":null,"layer":0,"counter":0,"status":"ACCEPTED","hashCode":"SPAN:eS2knCRgLegeRw8bcmSWA:0:15:0:6:0:15:0:7:12:0:undefined:undefined","labelName":"eS2knCRgLegeRw8bcmSWA","labelItem":{"id":"eS2knCRgLegeRw8bcmSWA","labelName":"Skill"},"textPosition":{"start":{"row":15,"column":0,"tokenIndex":6,"charIndex":0},"end":{"row":15,"column":0,"tokenIndex":7,"charIndex":12}},"confidenceScore":null},{"id":"1663130035","labeledBy":"LABELER","labeledByUserId":6814,"acceptedByUserId":null,"rejectedByUserId":null,"layer":0,"counter":0,"status":"ACCEPTED","hashCode":"SPAN:eS2knCRgLegeRw8bcmSWA:0:15:0:9:0:15:0:10:4:0:undefined:undefined","labelName":"eS2knCRgLegeRw8bcmSWA","labelItem":{"id":"eS2knCRgLegeRw8bcmSWA","labelName":"Skill"},"textPosition":{"start":{"row":15,"column":0,"tokenIndex":9,"charIndex":0},"end":{"row":15,"column":0,"tokenIndex":10,"charIndex":4}},"confidenceScore":null},{"id":"1663130038","labeledBy":"LABELER","labeledByUserId":6814,"acceptedByUserId":null,"rejectedByUserId":null,"layer":0,"counter":0,"status":"ACCEPTED","hashCode":"SPAN:eS2knCRgLegeRw8bcmSWA:0:15:0:11:0:15:0:12:9:0:undefined:undefined","labelName":"eS2knCRgLegeRw8bcmSWA","labelItem":{"id":"eS2knCRgLegeRw8bcmSWA","labelName":"Skill"},"textPosition":{"start":{"row":15,"column":0,"tokenIndex":11,"charIndex":0},"end":{"row":15,"column":0,"tokenIndex":12,"charIndex":9}},"confidenceScore":null},{"id":"1663130041","labeledBy":"LABELER","labeledByUserId":6814,"acceptedByUserId":null,"rejectedByUserId":null,"layer":0,"counter":0,"status":"ACCEPTED","hashCode":"SPAN:eS2knCRgLegeRw8bcmSWA:0:15:0:13:0:15:0:14:6:0:undefined:undefined","labelName":"eS2knCRgLegeRw8bcmSWA","labelItem":{"id":"eS2knCRgLegeRw8bcmSWA","labelName":"Skill"},"textPosition":{"start":{"row":15,"column":0,"tokenIndex":13,"charIndex":0},"end":{"row":15,"column":0,"tokenIndex":14,"charIndex":6}},"confidenceScore":null},{"id":"1663130044","labeledBy":"LABELER","labeledByUserId":6814,"acceptedByUserId":null,"rejectedByUserId":null,"layer":0,"counter":0,"status":"ACCEPTED","hashCode":"SPAN:eS2knCRgLegeRw8bcmSWA:0:15:0:18:0:15:0:19:7:0:undefined:undefined","labelName":"eS2knCRgLegeRw8bcmSWA","labelItem":{"id":"eS2knCRgLegeRw8bcmSWA","labelName":"Skill"},"textPosition":{"start":{"row":15,"column":0,"tokenIndex":18,"charIndex":0},"end":{"row":15,"column":0,"tokenIndex":19,"charIndex":7}},"confidenceScore":null},{"id":"1663130047","labeledBy":"LABELER","labeledByUserId":6814,"acceptedByUserId":null,"rejectedByUserId":null,"layer":0,"counter":0,"status":"ACCEPTED","hashCode":"SPAN:eS2knCRgLegeRw8bcmSWA:0:16:0:7:0:16:0:7:10:0:undefined:undefined","labelName":"eS2knCRgLegeRw8bcmSWA","labelItem":{"id":"eS2knCRgLegeRw8bcmSWA","labelName":"Skill"},"textPosition":{"start":{"row":16,"column":0,"tokenIndex":7,"charIndex":0},"end":{"row":16,"column":0,"tokenIndex":7,"charIndex":10}},"confidenceScore":null},{"id":"1663130050","labeledBy":"LABELER","labeledByUserId":6814,"acceptedByUserId":null,"rejectedByUserId":null,"layer":0,"counter":0,"status":"ACCEPTED","hashCode":"SPAN:eS2knCRgLegeRw8bcmSWA:0:17:0:4:0:17:0:5:4:0:undefined:undefined","labelName":"eS2knCRgLegeRw8bcmSWA","labelItem":{"id":"eS2knCRgLegeRw8bcmSWA","labelName":"Skill"},"textPosition":{"start":{"row":17,"column":0,"tokenIndex":4,"charIndex":0},"end":{"row":17,"column":0,"tokenIndex":5,"charIndex":4}},"confidenceScore":null},{"id":"1663130053","labeledBy":"LABELER","labeledByUserId":6814,"acceptedByUserId":null,"rejectedByUserId":null,"layer":0,"counter":0,"status":"ACCEPTED","hashCode":"SPAN:eS2knCRgLegeRw8bcmSWA:0:18:0:0:0:18:0:0:9:0:undefined:undefined","labelName":"eS2knCRgLegeRw8bcmSWA","labelItem":{"id":"eS2knCRgLegeRw8bcmSWA","labelName":"Skill"},"textPosition":{"start":{"row":18,"column":0,"tokenIndex":0,"charIndex":0},"end":{"row":18,"column":0,"tokenIndex":0,"charIndex":9}},"confidenceScore":null},{"id":"1663130056","labeledBy":"LABELER","labeledByUserId":6814,"acceptedByUserId":null,"rejectedByUserId":null,"layer":0,"counter":0,"status":"ACCEPTED","hashCode":"SPAN:eS2knCRgLegeRw8bcmSWA:0:18:0:4:0:18:0:4:12:0:undefined:undefined","labelName":"eS2knCRgLegeRw8bcmSWA","labelItem":{"id":"eS2knCRgLegeRw8bcmSWA","labelName":"Skill"},"textPosition":{"start":{"row":18,"column":0,"tokenIndex":4,"charIndex":0},"end":{"row":18,"column":0,"tokenIndex":4,"charIndex":12}},"confidenceScore":null},{"id":"1663130059","labeledBy":"LABELER","labeledByUserId":6814,"acceptedByUserId":null,"rejectedByUserId":null,"layer":0,"counter":0,"status":"ACCEPTED","hashCode":"SPAN:eS2knCRgLegeRw8bcmSWA:0:19:0:0:0:19:0:0:7:0:undefined:undefined","labelName":"eS2knCRgLegeRw8bcmSWA","labelItem":{"id":"eS2knCRgLegeRw8bcmSWA","labelName":"Skill"},"textPosition":{"start":{"row":19,"column":0,"tokenIndex":0,"charIndex":0},"end":{"row":19,"column":0,"tokenIndex":0,"charIndex":7}},"confidenceScore":null},{"id":"1663130062","labeledBy":"LABELER","labeledByUserId":6814,"acceptedByUserId":null,"rejectedByUserId":null,"layer":0,"counter":0,"status":"ACCEPTED","hashCode":"SPAN:eS2knCRgLegeRw8bcmSWA:0:20:0:0:0:20:0:0:10:0:undefined:undefined","labelName":"eS2knCRgLegeRw8bcmSWA","labelItem":{"id":"eS2knCRgLegeRw8bcmSWA","labelName":"Skill"},"textPosition":{"start":{"row":20,"column":0,"tokenIndex":0,"charIndex":0},"end":{"row":20,"column":0,"tokenIndex":0,"charIndex":10}},"confidenceScore":null},{"id":"1663130065","labeledBy":"LABELER","labeledByUserId":6814,"acceptedByUserId":null,"rejectedByUserId":null,"layer":0,"counter":0,"status":"ACCEPTED","hashCode":"SPAN:eS2knCRgLegeRw8bcmSWA:0:23:0:1:0:23:0:1:8:0:undefined:undefined","labelName":"eS2knCRgLegeRw8bcmSWA","labelItem":{"id":"eS2knCRgLegeRw8bcmSWA","labelName":"Skill"},"textPosition":{"start":{"row":23,"column":0,"tokenIndex":1,"charIndex":0},"end":{"row":23,"column":0,"tokenIndex":1,"charIndex":8}},"confidenceScore":null},{"id":"1663130068","labeledBy":"LABELER","labeledByUserId":6814,"acceptedByUserId":null,"rejectedByUserId":null,"layer":0,"counter":0,"status":"ACCEPTED","hashCode":"SPAN:eS2knCRgLegeRw8bcmSWA:0:24:0:4:0:24:0:5:4:0:undefined:undefined","labelName":"eS2knCRgLegeRw8bcmSWA","labelItem":{"id":"eS2knCRgLegeRw8bcmSWA","labelName":"Skill"},"textPosition":{"start":{"row":24,"column":0,"tokenIndex":4,"charIndex":0},"end":{"row":24,"column":0,"tokenIndex":5,"charIndex":4}},"confidenceScore":null},{"id":"1663130074","labeledBy":"LABELER","labeledByUserId":6814,"acceptedByUserId":null,"rejectedByUserId":null,"layer":0,"counter":0,"status":"ACCEPTED","hashCode":"SPAN:SJEkdao76hjwbb6Fh5SY6:0:27:0:0:0:27:0:4:5:0:undefined:undefined","labelName":"SJEkdao76hjwbb6Fh5SY6","labelItem":{"id":"SJEkdao76hjwbb6Fh5SY6","labelName":"Job Title"},"textPosition":{"start":{"row":27,"column":0,"tokenIndex":0,"charIndex":0},"end":{"row":27,"column":0,"tokenIndex":4,"charIndex":5}},"confidenceScore":null},{"id":"1663130077","labeledBy":"LABELER","labeledByUserId":6814,"acceptedByUserId":null,"rejectedByUserId":null,"layer":0,"counter":0,"status":"ACCEPTED","hashCode":"SPAN:rj7TW0-ymuRo6f_asXJab:0:27:0:6:0:27:0:8:11:0:undefined:undefined","labelName":"rj7TW0-ymuRo6f_asXJab","labelItem":{"id":"rj7TW0-ymuRo6f_asXJab","labelName":"Company Name"},"textPosition":{"start":{"row":27,"column":0,"tokenIndex":6,"charIndex":0},"end":{"row":27,"column":0,"tokenIndex":8,"charIndex":11}},"confidenceScore":null},{"id":"1663130086","labeledBy":"LABELER","labeledByUserId":6814,"acceptedByUserId":null,"rejectedByUserId":null,"layer":0,"counter":0,"status":"ACCEPTED","hashCode":"SPAN:52S_6moRfhjC-yXgIBeCp:0:27:0:9:0:27:0:9:6:0:undefined:undefined","labelName":"52S_6moRfhjC-yXgIBeCp","labelItem":{"id":"52S_6moRfhjC-yXgIBeCp","labelName":"Date"},"textPosition":{"start":{"row":27,"column":0,"tokenIndex":9,"charIndex":0},"end":{"row":27,"column":0,"tokenIndex":9,"charIndex":6}},"confidenceScore":null},{"id":"1663130089","labeledBy":"LABELER","labeledByUserId":6814,"acceptedByUserId":null,"rejectedByUserId":null,"layer":0,"counter":0,"status":"ACCEPTED","hashCode":"SPAN:52S_6moRfhjC-yXgIBeCp:0:28:0:1:0:28:0:1:6:0:undefined:undefined","labelName":"52S_6moRfhjC-yXgIBeCp","labelItem":{"id":"52S_6moRfhjC-yXgIBeCp","labelName":"Date"},"textPosition":{"start":{"row":28,"column":0,"tokenIndex":1,"charIndex":0},"end":{"row":28,"column":0,"tokenIndex":1,"charIndex":6}},"confidenceScore":null},{"id":"1663130092","labeledBy":"LABELER","labeledByUserId":6814,"acceptedByUserId":null,"rejectedByUserId":null,"layer":0,"counter":0,"status":"ACCEPTED","hashCode":"SPAN:rj7TW0-ymuRo6f_asXJab:0:28:0:2:0:28:0:3:3:0:undefined:undefined","labelName":"rj7TW0-ymuRo6f_asXJab","labelItem":{"id":"rj7TW0-ymuRo6f_asXJab","labelName":"Company Name"},"textPosition":{"start":{"row":28,"column":0,"tokenIndex":2,"charIndex":0},"end":{"row":28,"column":0,"tokenIndex":3,"charIndex":3}},"confidenceScore":null},{"id":"1663130095","labeledBy":"LABELER","labeledByUserId":6814,"acceptedByUserId":null,"rejectedByUserId":null,"layer":0,"counter":0,"status":"ACCEPTED","hashCode":"SPAN:1R0C50AAwFbEp2O0WmRv6:0:28:0:5:0:28:0:5:3:0:undefined:undefined","labelName":"1R0C50AAwFbEp2O0WmRv6","labelItem":{"id":"1R0C50AAwFbEp2O0WmRv6","labelName":"Location"},"textPosition":{"start":{"row":28,"column":0,"tokenIndex":5,"charIndex":0},"end":{"row":28,"column":0,"tokenIndex":5,"charIndex":3}},"confidenceScore":null},{"id":"1663130098","labeledBy":"LABELER","labeledByUserId":6814,"acceptedByUserId":null,"rejectedByUserId":null,"layer":0,"counter":0,"status":"ACCEPTED","hashCode":"SPAN:1R0C50AAwFbEp2O0WmRv6:0:29:0:0:0:29:0:0:4:0:undefined:undefined","labelName":"1R0C50AAwFbEp2O0WmRv6","labelItem":{"id":"1R0C50AAwFbEp2O0WmRv6","labelName":"Location"},"textPosition":{"start":{"row":29,"column":0,"tokenIndex":0,"charIndex":0},"end":{"row":29,"column":0,"tokenIndex":0,"charIndex":4}},"confidenceScore":null},{"id":"1663130101","labeledBy":"LABELER","labeledByUserId":6814,"acceptedByUserId":null,"rejectedByUserId":null,"layer":0,"counter":0,"status":"ACCEPTED","hashCode":"SPAN:eS2knCRgLegeRw8bcmSWA:0:29:0:7:0:29:0:7:10:0:undefined:undefined","labelName":"eS2knCRgLegeRw8bcmSWA","labelItem":{"id":"eS2knCRgLegeRw8bcmSWA","labelName":"Skill"},"textPosition":{"start":{"row":29,"column":0,"tokenIndex":7,"charIndex":0},"end":{"row":29,"column":0,"tokenIndex":7,"charIndex":10}},"confidenceScore":null},{"id":"1663130104","labeledBy":"LABELER","labeledByUserId":6814,"acceptedByUserId":null,"rejectedByUserId":null,"layer":0,"counter":0,"status":"ACCEPTED","hashCode":"SPAN:eS2knCRgLegeRw8bcmSWA:0:29:0:8:0:29:0:8:9:0:undefined:undefined","labelName":"eS2knCRgLegeRw8bcmSWA","labelItem":{"id":"eS2knCRgLegeRw8bcmSWA","labelName":"Skill"},"textPosition":{"start":{"row":29,"column":0,"tokenIndex":8,"charIndex":0},"end":{"row":29,"column":0,"tokenIndex":8,"charIndex":9}},"confidenceScore":null},{"id":"1663130107","labeledBy":"LABELER","labeledByUserId":6814,"acceptedByUserId":null,"rejectedByUserId":null,"layer":0,"counter":0,"status":"ACCEPTED","hashCode":"SPAN:eS2knCRgLegeRw8bcmSWA:0:29:0:9:0:29:0:9:11:0:undefined:undefined","labelName":"eS2knCRgLegeRw8bcmSWA","labelItem":{"id":"eS2knCRgLegeRw8bcmSWA","labelName":"Skill"},"textPosition":{"start":{"row":29,"column":0,"tokenIndex":9,"charIndex":0},"end":{"row":29,"column":0,"tokenIndex":9,"charIndex":11}},"confidenceScore":null},{"id":"1663130110","labeledBy":"LABELER","labeledByUserId":6814,"acceptedByUserId":null,"rejectedByUserId":null,"layer":0,"counter":0,"status":"ACCEPTED","hashCode":"SPAN:eS2knCRgLegeRw8bcmSWA:0:29:0:10:0:29:0:10:10:0:undefined:undefined","labelName":"eS2knCRgLegeRw8bcmSWA","labelItem":{"id":"eS2knCRgLegeRw8bcmSWA","labelName":"Skill"},"textPosition":{"start":{"row":29,"column":0,"tokenIndex":10,"charIndex":0},"end":{"row":29,"column":0,"tokenIndex":10,"charIndex":10}},"confidenceScore":null},{"id":"1663130113","labeledBy":"LABELER","labeledByUserId":6814,"acceptedByUserId":null,"rejectedByUserId":null,"layer":0,"counter":0,"status":"ACCEPTED","hashCode":"SPAN:eS2knCRgLegeRw8bcmSWA:0:29:0:12:0:29:0:12:9:0:undefined:undefined","labelName":"eS2knCRgLegeRw8bcmSWA","labelItem":{"id":"eS2knCRgLegeRw8bcmSWA","labelName":"Skill"},"textPosition":{"start":{"row":29,"column":0,"tokenIndex":12,"charIndex":0},"end":{"row":29,"column":0,"tokenIndex":12,"charIndex":9}},"confidenceScore":null},{"id":"1663130116","labeledBy":"LABELER","labeledByUserId":6814,"acceptedByUserId":null,"rejectedByUserId":null,"layer":0,"counter":0,"status":"ACCEPTED","hashCode":"SPAN:eS2knCRgLegeRw8bcmSWA:0:29:0:15:0:29:0:16:8:0:undefined:undefined","labelName":"eS2knCRgLegeRw8bcmSWA","labelItem":{"id":"eS2knCRgLegeRw8bcmSWA","labelName":"Skill"},"textPosition":{"start":{"row":29,"column":0,"tokenIndex":15,"charIndex":0},"end":{"row":29,"column":0,"tokenIndex":16,"charIndex":8}},"confidenceScore":null},{"id":"1663130119","labeledBy":"LABELER","labeledByUserId":6814,"acceptedByUserId":null,"rejectedByUserId":null,"layer":0,"counter":0,"status":"ACCEPTED","hashCode":"SPAN:eS2knCRgLegeRw8bcmSWA:0:29:0:19:0:29:0:19:2:0:undefined:undefined","labelName":"eS2knCRgLegeRw8bcmSWA","labelItem":{"id":"eS2knCRgLegeRw8bcmSWA","labelName":"Skill"},"textPosition":{"start":{"row":29,"column":0,"tokenIndex":19,"charIndex":0},"end":{"row":29,"column":0,"tokenIndex":19,"charIndex":2}},"confidenceScore":null},{"id":"1663130122","labeledBy":"LABELER","labeledByUserId":6814,"acceptedByUserId":null,"rejectedByUserId":null,"layer":0,"counter":0,"status":"ACCEPTED","hashCode":"SPAN:eS2knCRgLegeRw8bcmSWA:0:30:0:3:0:30:0:3:10:0:undefined:undefined","labelName":"eS2knCRgLegeRw8bcmSWA","labelItem":{"id":"eS2knCRgLegeRw8bcmSWA","labelName":"Skill"},"textPosition":{"start":{"row":30,"column":0,"tokenIndex":3,"charIndex":0},"end":{"row":30,"column":0,"tokenIndex":3,"charIndex":10}},"confidenceScore":null},{"id":"1663130125","labeledBy":"LABELER","labeledByUserId":6814,"acceptedByUserId":null,"rejectedByUserId":null,"layer":0,"counter":0,"status":"ACCEPTED","hashCode":"SPAN:eS2knCRgLegeRw8bcmSWA:0:30:0:9:0:30:0:9:5:0:undefined:undefined","labelName":"eS2knCRgLegeRw8bcmSWA","labelItem":{"id":"eS2knCRgLegeRw8bcmSWA","labelName":"Skill"},"textPosition":{"start":{"row":30,"column":0,"tokenIndex":9,"charIndex":0},"end":{"row":30,"column":0,"tokenIndex":9,"charIndex":5}},"confidenceScore":null},{"id":"1663130128","labeledBy":"LABELER","labeledByUserId":6814,"acceptedByUserId":null,"rejectedByUserId":null,"layer":0,"counter":0,"status":"ACCEPTED","hashCode":"SPAN:eS2knCRgLegeRw8bcmSWA:0:31:0:4:0:31:0:4:10:0:undefined:undefined","labelName":"eS2knCRgLegeRw8bcmSWA","labelItem":{"id":"eS2knCRgLegeRw8bcmSWA","labelName":"Skill"},"textPosition":{"start":{"row":31,"column":0,"tokenIndex":4,"charIndex":0},"end":{"row":31,"column":0,"tokenIndex":4,"charIndex":10}},"confidenceScore":null},{"id":"1663130131","labeledBy":"LABELER","labeledByUserId":6814,"acceptedByUserId":null,"rejectedByUserId":null,"layer":0,"counter":0,"status":"ACCEPTED","hashCode":"SPAN:eS2knCRgLegeRw8bcmSWA:0:32:0:1:0:32:0:1:11:0:undefined:undefined","labelName":"eS2knCRgLegeRw8bcmSWA","labelItem":{"id":"eS2knCRgLegeRw8bcmSWA","labelName":"Skill"},"textPosition":{"start":{"row":32,"column":0,"tokenIndex":1,"charIndex":0},"end":{"row":32,"column":0,"tokenIndex":1,"charIndex":11}},"confidenceScore":null},{"id":"1663130134","labeledBy":"LABELER","labeledByUserId":6814,"acceptedByUserId":null,"rejectedByUserId":null,"layer":0,"counter":0,"status":"ACCEPTED","hashCode":"SPAN:eS2knCRgLegeRw8bcmSWA:0:32:0:10:0:32:0:10:9:0:undefined:undefined","labelName":"eS2knCRgLegeRw8bcmSWA","labelItem":{"id":"eS2knCRgLegeRw8bcmSWA","labelName":"Skill"},"textPosition":{"start":{"row":32,"column":0,"tokenIndex":10,"charIndex":0},"end":{"row":32,"column":0,"tokenIndex":10,"charIndex":9}},"confidenceScore":null},{"id":"1663130137","labeledBy":"LABELER","labeledByUserId":6814,"acceptedByUserId":null,"rejectedByUserId":null,"layer":0,"counter":0,"status":"ACCEPTED","hashCode":"SPAN:eS2knCRgLegeRw8bcmSWA:0:32:0:11:0:32:0:14:5:0:undefined:undefined","labelName":"eS2knCRgLegeRw8bcmSWA","labelItem":{"id":"eS2knCRgLegeRw8bcmSWA","labelName":"Skill"},"textPosition":{"start":{"row":32,"column":0,"tokenIndex":11,"charIndex":0},"end":{"row":32,"column":0,"tokenIndex":14,"charIndex":5}},"confidenceScore":null},{"id":"1663130140","labeledBy":"LABELER","labeledByUserId":6814,"acceptedByUserId":null,"rejectedByUserId":null,"layer":0,"counter":0,"status":"ACCEPTED","hashCode":"SPAN:eS2knCRgLegeRw8bcmSWA:0:32:0:16:0:32:0:16:13:0:undefined:undefined","labelName":"eS2knCRgLegeRw8bcmSWA","labelItem":{"id":"eS2knCRgLegeRw8bcmSWA","labelName":"Skill"},"textPosition":{"start":{"row":32,"column":0,"tokenIndex":16,"charIndex":0},"end":{"row":32,"column":0,"tokenIndex":16,"charIndex":13}},"confidenceScore":null},{"id":"1663130143","labeledBy":"LABELER","labeledByUserId":6814,"acceptedByUserId":null,"rejectedByUserId":null,"layer":0,"counter":0,"status":"ACCEPTED","hashCode":"SPAN:eS2knCRgLegeRw8bcmSWA:0:33:0:5:0:33:0:5:7:0:undefined:undefined","labelName":"eS2knCRgLegeRw8bcmSWA","labelItem":{"id":"eS2knCRgLegeRw8bcmSWA","labelName":"Skill"},"textPosition":{"start":{"row":33,"column":0,"tokenIndex":5,"charIndex":0},"end":{"row":33,"column":0,"tokenIndex":5,"charIndex":7}},"confidenceScore":null},{"id":"1663130146","labeledBy":"LABELER","labeledByUserId":6814,"acceptedByUserId":null,"rejectedByUserId":null,"layer":0,"counter":0,"status":"ACCEPTED","hashCode":"SPAN:eS2knCRgLegeRw8bcmSWA:0:33:0:7:0:33:0:8:3:0:undefined:undefined","labelName":"eS2knCRgLegeRw8bcmSWA","labelItem":{"id":"eS2knCRgLegeRw8bcmSWA","labelName":"Skill"},"textPosition":{"start":{"row":33,"column":0,"tokenIndex":7,"charIndex":0},"end":{"row":33,"column":0,"tokenIndex":8,"charIndex":3}},"confidenceScore":null},{"id":"1663130149","labeledBy":"LABELER","labeledByUserId":6814,"acceptedByUserId":null,"rejectedByUserId":null,"layer":0,"counter":0,"status":"ACCEPTED","hashCode":"SPAN:eS2knCRgLegeRw8bcmSWA:0:33:0:10:0:33:0:10:6:0:undefined:undefined","labelName":"eS2knCRgLegeRw8bcmSWA","labelItem":{"id":"eS2knCRgLegeRw8bcmSWA","labelName":"Skill"},"textPosition":{"start":{"row":33,"column":0,"tokenIndex":10,"charIndex":0},"end":{"row":33,"column":0,"tokenIndex":10,"charIndex":6}},"confidenceScore":null},{"id":"1663130152","labeledBy":"LABELER","labeledByUserId":6814,"acceptedByUserId":null,"rejectedByUserId":null,"layer":0,"counter":0,"status":"ACCEPTED","hashCode":"SPAN:eS2knCRgLegeRw8bcmSWA:0:33:0:12:0:33:0:13:8:0:undefined:undefined","labelName":"eS2knCRgLegeRw8bcmSWA","labelItem":{"id":"eS2knCRgLegeRw8bcmSWA","labelName":"Skill"},"textPosition":{"start":{"row":33,"column":0,"tokenIndex":12,"charIndex":0},"end":{"row":33,"column":0,"tokenIndex":13,"charIndex":8}},"confidenceScore":null},{"id":"1663130155","labeledBy":"LABELER","labeledByUserId":6814,"acceptedByUserId":null,"rejectedByUserId":null,"layer":0,"counter":0,"status":"ACCEPTED","hashCode":"SPAN:SJEkdao76hjwbb6Fh5SY6:0:34:0:0:0:34:0:1:11:0:undefined:undefined","labelName":"SJEkdao76hjwbb6Fh5SY6","labelItem":{"id":"SJEkdao76hjwbb6Fh5SY6","labelName":"Job Title"},"textPosition":{"start":{"row":34,"column":0,"tokenIndex":0,"charIndex":0},"end":{"row":34,"column":0,"tokenIndex":1,"charIndex":11}},"confidenceScore":null},{"id":"1663130158","labeledBy":"LABELER","labeledByUserId":6814,"acceptedByUserId":null,"rejectedByUserId":null,"layer":0,"counter":0,"status":"ACCEPTED","hashCode":"SPAN:52S_6moRfhjC-yXgIBeCp:0:34:0:2:0:34:0:2:6:0:undefined:undefined","labelName":"52S_6moRfhjC-yXgIBeCp","labelItem":{"id":"52S_6moRfhjC-yXgIBeCp","labelName":"Date"},"textPosition":{"start":{"row":34,"column":0,"tokenIndex":2,"charIndex":0},"end":{"row":34,"column":0,"tokenIndex":2,"charIndex":6}},"confidenceScore":null},{"id":"1663130161","labeledBy":"LABELER","labeledByUserId":6814,"acceptedByUserId":null,"rejectedByUserId":null,"layer":0,"counter":0,"status":"ACCEPTED","hashCode":"SPAN:52S_6moRfhjC-yXgIBeCp:0:35:0:1:0:35:0:1:6:0:undefined:undefined","labelName":"52S_6moRfhjC-yXgIBeCp","labelItem":{"id":"52S_6moRfhjC-yXgIBeCp","labelName":"Date"},"textPosition":{"start":{"row":35,"column":0,"tokenIndex":1,"charIndex":0},"end":{"row":35,"column":0,"tokenIndex":1,"charIndex":6}},"confidenceScore":null},{"id":"1663130164","labeledBy":"LABELER","labeledByUserId":6814,"acceptedByUserId":null,"rejectedByUserId":null,"layer":0,"counter":0,"status":"ACCEPTED","hashCode":"SPAN:rj7TW0-ymuRo6f_asXJab:0:35:0:2:0:35:0:3:3:0:undefined:undefined","labelName":"rj7TW0-ymuRo6f_asXJab","labelItem":{"id":"rj7TW0-ymuRo6f_asXJab","labelName":"Company Name"},"textPosition":{"start":{"row":35,"column":0,"tokenIndex":2,"charIndex":0},"end":{"row":35,"column":0,"tokenIndex":3,"charIndex":3}},"confidenceScore":null},{"id":"1663130167","labeledBy":"LABELER","labeledByUserId":6814,"acceptedByUserId":null,"rejectedByUserId":null,"layer":0,"counter":0,"status":"ACCEPTED","hashCode":"SPAN:1R0C50AAwFbEp2O0WmRv6:0:35:0:5:0:35:0:5:3:0:undefined:undefined","labelName":"1R0C50AAwFbEp2O0WmRv6","labelItem":{"id":"1R0C50AAwFbEp2O0WmRv6","labelName":"Location"},"textPosition":{"start":{"row":35,"column":0,"tokenIndex":5,"charIndex":0},"end":{"row":35,"column":0,"tokenIndex":5,"charIndex":3}},"confidenceScore":null},{"id":"1663130170","labeledBy":"LABELER","labeledByUserId":6814,"acceptedByUserId":null,"rejectedByUserId":null,"layer":0,"counter":0,"status":"ACCEPTED","hashCode":"SPAN:1R0C50AAwFbEp2O0WmRv6:0:36:0:0:0:36:0:0:4:0:undefined:undefined","labelName":"1R0C50AAwFbEp2O0WmRv6","labelItem":{"id":"1R0C50AAwFbEp2O0WmRv6","labelName":"Location"},"textPosition":{"start":{"row":36,"column":0,"tokenIndex":0,"charIndex":0},"end":{"row":36,"column":0,"tokenIndex":0,"charIndex":4}},"confidenceScore":null},{"id":"1663130173","labeledBy":"LABELER","labeledByUserId":6814,"acceptedByUserId":null,"rejectedByUserId":null,"layer":0,"counter":0,"status":"ACCEPTED","hashCode":"SPAN:eS2knCRgLegeRw8bcmSWA:0:36:0:1:0:36:0:2:4:0:undefined:undefined","labelName":"eS2knCRgLegeRw8bcmSWA","labelItem":{"id":"eS2knCRgLegeRw8bcmSWA","labelName":"Skill"},"textPosition":{"start":{"row":36,"column":0,"tokenIndex":1,"charIndex":0},"end":{"row":36,"column":0,"tokenIndex":2,"charIndex":4}},"confidenceScore":null},{"id":"1663130176","labeledBy":"LABELER","labeledByUserId":6814,"acceptedByUserId":null,"rejectedByUserId":null,"layer":0,"counter":0,"status":"ACCEPTED","hashCode":"SPAN:eS2knCRgLegeRw8bcmSWA:0:36:0:7:0:36:0:7:10:0:undefined:undefined","labelName":"eS2knCRgLegeRw8bcmSWA","labelItem":{"id":"eS2knCRgLegeRw8bcmSWA","labelName":"Skill"},"textPosition":{"start":{"row":36,"column":0,"tokenIndex":7,"charIndex":0},"end":{"row":36,"column":0,"tokenIndex":7,"charIndex":10}},"confidenceScore":null},{"id":"1663130179","labeledBy":"LABELER","labeledByUserId":6814,"acceptedByUserId":null,"rejectedByUserId":null,"layer":0,"counter":0,"status":"ACCEPTED","hashCode":"SPAN:eS2knCRgLegeRw8bcmSWA:0:36:0:8:0:36:0:8:9:0:undefined:undefined","labelName":"eS2knCRgLegeRw8bcmSWA","labelItem":{"id":"eS2knCRgLegeRw8bcmSWA","labelName":"Skill"},"textPosition":{"start":{"row":36,"column":0,"tokenIndex":8,"charIndex":0},"end":{"row":36,"column":0,"tokenIndex":8,"charIndex":9}},"confidenceScore":null},{"id":"1663130182","labeledBy":"LABELER","labeledByUserId":6814,"acceptedByUserId":null,"rejectedByUserId":null,"layer":0,"counter":0,"status":"ACCEPTED","hashCode":"SPAN:eS2knCRgLegeRw8bcmSWA:0:36:0:9:0:36:0:9:11:0:undefined:undefined","labelName":"eS2knCRgLegeRw8bcmSWA","labelItem":{"id":"eS2knCRgLegeRw8bcmSWA","labelName":"Skill"},"textPosition":{"start":{"row":36,"column":0,"tokenIndex":9,"charIndex":0},"end":{"row":36,"column":0,"tokenIndex":9,"charIndex":11}},"confidenceScore":null},{"id":"1663130185","labeledBy":"LABELER","labeledByUserId":6814,"acceptedByUserId":null,"rejectedByUserId":null,"layer":0,"counter":0,"status":"ACCEPTED","hashCode":"SPAN:eS2knCRgLegeRw8bcmSWA:0:36:0:10:0:36:0:10:10:0:undefined:undefined","labelName":"eS2knCRgLegeRw8bcmSWA","labelItem":{"id":"eS2knCRgLegeRw8bcmSWA","labelName":"Skill"},"textPosition":{"start":{"row":36,"column":0,"tokenIndex":10,"charIndex":0},"end":{"row":36,"column":0,"tokenIndex":10,"charIndex":10}},"confidenceScore":null},{"id":"1663130188","labeledBy":"LABELER","labeledByUserId":6814,"acceptedByUserId":null,"rejectedByUserId":null,"layer":0,"counter":0,"status":"ACCEPTED","hashCode":"SPAN:eS2knCRgLegeRw8bcmSWA:0:36:0:12:0:36:0:12:9:0:undefined:undefined","labelName":"eS2knCRgLegeRw8bcmSWA","labelItem":{"id":"eS2knCRgLegeRw8bcmSWA","labelName":"Skill"},"textPosition":{"start":{"row":36,"column":0,"tokenIndex":12,"charIndex":0},"end":{"row":36,"column":0,"tokenIndex":12,"charIndex":9}},"confidenceScore":null},{"id":"1663130191","labeledBy":"LABELER","labeledByUserId":6814,"acceptedByUserId":null,"rejectedByUserId":null,"layer":0,"counter":0,"status":"ACCEPTED","hashCode":"SPAN:eS2knCRgLegeRw8bcmSWA:0:36:0:15:0:36:0:16:8:0:undefined:undefined","labelName":"eS2knCRgLegeRw8bcmSWA","labelItem":{"id":"eS2knCRgLegeRw8bcmSWA","labelName":"Skill"},"textPosition":{"start":{"row":36,"column":0,"tokenIndex":15,"charIndex":0},"end":{"row":36,"column":0,"tokenIndex":16,"charIndex":8}},"confidenceScore":null},{"id":"1663130194","labeledBy":"LABELER","labeledByUserId":6814,"acceptedByUserId":null,"rejectedByUserId":null,"layer":0,"counter":0,"status":"ACCEPTED","hashCode":"SPAN:eS2knCRgLegeRw8bcmSWA:0:36:0:19:0:36:0:19:2:0:undefined:undefined","labelName":"eS2knCRgLegeRw8bcmSWA","labelItem":{"id":"eS2knCRgLegeRw8bcmSWA","labelName":"Skill"},"textPosition":{"start":{"row":36,"column":0,"tokenIndex":19,"charIndex":0},"end":{"row":36,"column":0,"tokenIndex":19,"charIndex":2}},"confidenceScore":null},{"id":"1663130197","labeledBy":"LABELER","labeledByUserId":6814,"acceptedByUserId":null,"rejectedByUserId":null,"layer":0,"counter":0,"status":"ACCEPTED","hashCode":"SPAN:eS2knCRgLegeRw8bcmSWA:0:37:0:3:0:37:0:3:10:0:undefined:undefined","labelName":"eS2knCRgLegeRw8bcmSWA","labelItem":{"id":"eS2knCRgLegeRw8bcmSWA","labelName":"Skill"},"textPosition":{"start":{"row":37,"column":0,"tokenIndex":3,"charIndex":0},"end":{"row":37,"column":0,"tokenIndex":3,"charIndex":10}},"confidenceScore":null},{"id":"1663130200","labeledBy":"LABELER","labeledByUserId":6814,"acceptedByUserId":null,"rejectedByUserId":null,"layer":0,"counter":0,"status":"ACCEPTED","hashCode":"SPAN:eS2knCRgLegeRw8bcmSWA:0:37:0:9:0:37:0:9:5:0:undefined:undefined","labelName":"eS2knCRgLegeRw8bcmSWA","labelItem":{"id":"eS2knCRgLegeRw8bcmSWA","labelName":"Skill"},"textPosition":{"start":{"row":37,"column":0,"tokenIndex":9,"charIndex":0},"end":{"row":37,"column":0,"tokenIndex":9,"charIndex":5}},"confidenceScore":null},{"id":"1663130203","labeledBy":"LABELER","labeledByUserId":6814,"acceptedByUserId":null,"rejectedByUserId":null,"layer":0,"counter":0,"status":"ACCEPTED","hashCode":"SPAN:eS2knCRgLegeRw8bcmSWA:0:38:0:4:0:38:0:4:10:0:undefined:undefined","labelName":"eS2knCRgLegeRw8bcmSWA","labelItem":{"id":"eS2knCRgLegeRw8bcmSWA","labelName":"Skill"},"textPosition":{"start":{"row":38,"column":0,"tokenIndex":4,"charIndex":0},"end":{"row":38,"column":0,"tokenIndex":4,"charIndex":10}},"confidenceScore":null},{"id":"1663130209","labeledBy":"LABELER","labeledByUserId":6814,"acceptedByUserId":null,"rejectedByUserId":null,"layer":0,"counter":0,"status":"ACCEPTED","hashCode":"SPAN:eS2knCRgLegeRw8bcmSWA:0:39:0:9:0:39:0:9:5:0:undefined:undefined","labelName":"eS2knCRgLegeRw8bcmSWA","labelItem":{"id":"eS2knCRgLegeRw8bcmSWA","labelName":"Skill"},"textPosition":{"start":{"row":39,"column":0,"tokenIndex":9,"charIndex":0},"end":{"row":39,"column":0,"tokenIndex":9,"charIndex":5}},"confidenceScore":null},{"id":"1663130206","labeledBy":"LABELER","labeledByUserId":6814,"acceptedByUserId":null,"rejectedByUserId":null,"layer":0,"counter":0,"status":"ACCEPTED","hashCode":"SPAN:eS2knCRgLegeRw8bcmSWA:0:39:0:10:0:39:0:10:9:0:undefined:undefined","labelName":"eS2knCRgLegeRw8bcmSWA","labelItem":{"id":"eS2knCRgLegeRw8bcmSWA","labelName":"Skill"},"textPosition":{"start":{"row":39,"column":0,"tokenIndex":10,"charIndex":0},"end":{"row":39,"column":0,"tokenIndex":10,"charIndex":9}},"confidenceScore":null},{"id":"1663130212","labeledBy":"LABELER","labeledByUserId":6814,"acceptedByUserId":null,"rejectedByUserId":null,"layer":0,"counter":0,"status":"ACCEPTED","hashCode":"SPAN:eS2knCRgLegeRw8bcmSWA:0:39:0:11:0:39:0:14:5:0:undefined:undefined","labelName":"eS2knCRgLegeRw8bcmSWA","labelItem":{"id":"eS2knCRgLegeRw8bcmSWA","labelName":"Skill"},"textPosition":{"start":{"row":39,"column":0,"tokenIndex":11,"charIndex":0},"end":{"row":39,"column":0,"tokenIndex":14,"charIndex":5}},"confidenceScore":null},{"id":"1663130215","labeledBy":"LABELER","labeledByUserId":6814,"acceptedByUserId":null,"rejectedByUserId":null,"layer":0,"counter":0,"status":"ACCEPTED","hashCode":"SPAN:eS2knCRgLegeRw8bcmSWA:0:39:0:16:0:39:0:16:13:0:undefined:undefined","labelName":"eS2knCRgLegeRw8bcmSWA","labelItem":{"id":"eS2knCRgLegeRw8bcmSWA","labelName":"Skill"},"textPosition":{"start":{"row":39,"column":0,"tokenIndex":16,"charIndex":0},"end":{"row":39,"column":0,"tokenIndex":16,"charIndex":13}},"confidenceScore":null},{"id":"1663130218","labeledBy":"LABELER","labeledByUserId":6814,"acceptedByUserId":null,"rejectedByUserId":null,"layer":0,"counter":0,"status":"ACCEPTED","hashCode":"SPAN:eS2knCRgLegeRw8bcmSWA:0:40:0:3:0:40:0:3:5:0:undefined:undefined","labelName":"eS2knCRgLegeRw8bcmSWA","labelItem":{"id":"eS2knCRgLegeRw8bcmSWA","labelName":"Skill"},"textPosition":{"start":{"row":40,"column":0,"tokenIndex":3,"charIndex":0},"end":{"row":40,"column":0,"tokenIndex":3,"charIndex":5}},"confidenceScore":null},{"id":"1663130221","labeledBy":"LABELER","labeledByUserId":6814,"acceptedByUserId":null,"rejectedByUserId":null,"layer":0,"counter":0,"status":"ACCEPTED","hashCode":"SPAN:eS2knCRgLegeRw8bcmSWA:0:40:0:5:0:40:0:6:14:0:undefined:undefined","labelName":"eS2knCRgLegeRw8bcmSWA","labelItem":{"id":"eS2knCRgLegeRw8bcmSWA","labelName":"Skill"},"textPosition":{"start":{"row":40,"column":0,"tokenIndex":5,"charIndex":0},"end":{"row":40,"column":0,"tokenIndex":6,"charIndex":14}},"confidenceScore":null},{"id":"1663130224","labeledBy":"LABELER","labeledByUserId":6814,"acceptedByUserId":null,"rejectedByUserId":null,"layer":0,"counter":0,"status":"ACCEPTED","hashCode":"SPAN:eS2knCRgLegeRw8bcmSWA:0:40:0:7:0:40:0:9:13:0:undefined:undefined","labelName":"eS2knCRgLegeRw8bcmSWA","labelItem":{"id":"eS2knCRgLegeRw8bcmSWA","labelName":"Skill"},"textPosition":{"start":{"row":40,"column":0,"tokenIndex":7,"charIndex":0},"end":{"row":40,"column":0,"tokenIndex":9,"charIndex":13}},"confidenceScore":null},{"id":"1663130227","labeledBy":"LABELER","labeledByUserId":6814,"acceptedByUserId":null,"rejectedByUserId":null,"layer":0,"counter":0,"status":"ACCEPTED","hashCode":"SPAN:eS2knCRgLegeRw8bcmSWA:0:40:0:10:0:40:0:11:6:0:undefined:undefined","labelName":"eS2knCRgLegeRw8bcmSWA","labelItem":{"id":"eS2knCRgLegeRw8bcmSWA","labelName":"Skill"},"textPosition":{"start":{"row":40,"column":0,"tokenIndex":10,"charIndex":0},"end":{"row":40,"column":0,"tokenIndex":11,"charIndex":6}},"confidenceScore":null},{"id":"1663130230","labeledBy":"LABELER","labeledByUserId":6814,"acceptedByUserId":null,"rejectedByUserId":null,"layer":0,"counter":0,"status":"ACCEPTED","hashCode":"SPAN:eS2knCRgLegeRw8bcmSWA:0:40:0:12:0:40:0:13:8:0:undefined:undefined","labelName":"eS2knCRgLegeRw8bcmSWA","labelItem":{"id":"eS2knCRgLegeRw8bcmSWA","labelName":"Skill"},"textPosition":{"start":{"row":40,"column":0,"tokenIndex":12,"charIndex":0},"end":{"row":40,"column":0,"tokenIndex":13,"charIndex":8}},"confidenceScore":null},{"id":"1663130233","labeledBy":"LABELER","labeledByUserId":6814,"acceptedByUserId":null,"rejectedByUserId":null,"layer":0,"counter":0,"status":"ACCEPTED","hashCode":"SPAN:IeEoIKabMl51BJE0gX2YL:0:41:0:1:0:41:0:1:3:0:undefined:undefined","labelName":"IeEoIKabMl51BJE0gX2YL","labelItem":{"id":"IeEoIKabMl51BJE0gX2YL","labelName":"Degree"},"textPosition":{"start":{"row":41,"column":0,"tokenIndex":1,"charIndex":0},"end":{"row":41,"column":0,"tokenIndex":1,"charIndex":3}},"confidenceScore":null},{"id":"1663130236","labeledBy":"LABELER","labeledByUserId":6814,"acceptedByUserId":null,"rejectedByUserId":null,"layer":0,"counter":0,"status":"ACCEPTED","hashCode":"SPAN:BjO8MdvK2KI4E5iMEeY4B:0:41:0:5:0:41:0:5:3:0:undefined:undefined","labelName":"BjO8MdvK2KI4E5iMEeY4B","labelItem":{"id":"BjO8MdvK2KI4E5iMEeY4B","labelName":"Graduation Year"},"textPosition":{"start":{"row":41,"column":0,"tokenIndex":5,"charIndex":0},"end":{"row":41,"column":0,"tokenIndex":5,"charIndex":3}},"confidenceScore":null},{"id":"1663130239","labeledBy":"LABELER","labeledByUserId":6814,"acceptedByUserId":null,"rejectedByUserId":null,"layer":0,"counter":0,"status":"ACCEPTED","hashCode":"SPAN:Kj5U6n9NUqTXuWcB3c_7L:0:41:0:6:0:41:0:8:9:0:undefined:undefined","labelName":"Kj5U6n9NUqTXuWcB3c_7L","labelItem":{"id":"Kj5U6n9NUqTXuWcB3c_7L","labelName":"College"},"textPosition":{"start":{"row":41,"column":0,"tokenIndex":6,"charIndex":0},"end":{"row":41,"column":0,"tokenIndex":8,"charIndex":9}},"confidenceScore":null},{"id":"1663130242","labeledBy":"LABELER","labeledByUserId":6814,"acceptedByUserId":null,"rejectedByUserId":null,"layer":0,"counter":0,"status":"ACCEPTED","hashCode":"SPAN:IeEoIKabMl51BJE0gX2YL:0:42:0:5:0:42:0:8:9:0:undefined:undefined","labelName":"IeEoIKabMl51BJE0gX2YL","labelItem":{"id":"IeEoIKabMl51BJE0gX2YL","labelName":"Degree"},"textPosition":{"start":{"row":42,"column":0,"tokenIndex":5,"charIndex":0},"end":{"row":42,"column":0,"tokenIndex":8,"charIndex":9}},"confidenceScore":null},{"id":"1663130248","labeledBy":"LABELER","labeledByUserId":6814,"acceptedByUserId":null,"rejectedByUserId":null,"layer":0,"counter":0,"status":"ACCEPTED","hashCode":"SPAN:BjO8MdvK2KI4E5iMEeY4B:0:42:0:10:0:42:0:10:3:0:undefined:undefined","labelName":"BjO8MdvK2KI4E5iMEeY4B","labelItem":{"id":"BjO8MdvK2KI4E5iMEeY4B","labelName":"Graduation Year"},"textPosition":{"start":{"row":42,"column":0,"tokenIndex":10,"charIndex":0},"end":{"row":42,"column":0,"tokenIndex":10,"charIndex":3}},"confidenceScore":null},{"id":"1663130245","labeledBy":"LABELER","labeledByUserId":6814,"acceptedByUserId":null,"rejectedByUserId":null,"layer":0,"counter":0,"status":"ACCEPTED","hashCode":"SPAN:Kj5U6n9NUqTXuWcB3c_7L:0:42:0:11:0:42:0:18:5:0:undefined:undefined","labelName":"Kj5U6n9NUqTXuWcB3c_7L","labelItem":{"id":"Kj5U6n9NUqTXuWcB3c_7L","labelName":"College"},"textPosition":{"start":{"row":42,"column":0,"tokenIndex":11,"charIndex":0},"end":{"row":42,"column":0,"tokenIndex":18,"charIndex":5}},"confidenceScore":null},{"id":"1663130251","labeledBy":"LABELER","labeledByUserId":6814,"acceptedByUserId":null,"rejectedByUserId":null,"layer":0,"counter":0,"status":"ACCEPTED","hashCode":"SPAN:IeEoIKabMl51BJE0gX2YL:0:44:0:1:0:44:0:3:6:0:undefined:undefined","labelName":"IeEoIKabMl51BJE0gX2YL","labelItem":{"id":"IeEoIKabMl51BJE0gX2YL","labelName":"Degree"},"textPosition":{"start":{"row":44,"column":0,"tokenIndex":1,"charIndex":0},"end":{"row":44,"column":0,"tokenIndex":3,"charIndex":6}},"confidenceScore":null},{"id":"1663130254","labeledBy":"LABELER","labeledByUserId":6814,"acceptedByUserId":null,"rejectedByUserId":null,"layer":0,"counter":0,"status":"ACCEPTED","hashCode":"SPAN:BjO8MdvK2KI4E5iMEeY4B:0:44:0:4:0:44:0:4:3:0:undefined:undefined","labelName":"BjO8MdvK2KI4E5iMEeY4B","labelItem":{"id":"BjO8MdvK2KI4E5iMEeY4B","labelName":"Graduation Year"},"textPosition":{"start":{"row":44,"column":0,"tokenIndex":4,"charIndex":0},"end":{"row":44,"column":0,"tokenIndex":4,"charIndex":3}},"confidenceScore":null},{"id":"1663130257","labeledBy":"LABELER","labeledByUserId":6814,"acceptedByUserId":null,"rejectedByUserId":null,"layer":0,"counter":0,"status":"ACCEPTED","hashCode":"SPAN:Kj5U6n9NUqTXuWcB3c_7L:0:44:0:5:0:44:0:8:7:0:undefined:undefined","labelName":"Kj5U6n9NUqTXuWcB3c_7L","labelItem":{"id":"Kj5U6n9NUqTXuWcB3c_7L","labelName":"College"},"textPosition":{"start":{"row":44,"column":0,"tokenIndex":5,"charIndex":0},"end":{"row":44,"column":0,"tokenIndex":8,"charIndex":7}},"confidenceScore":null},{"id":"1663130260","labeledBy":"LABELER","labeledByUserId":6814,"acceptedByUserId":null,"rejectedByUserId":null,"layer":0,"counter":0,"status":"ACCEPTED","hashCode":"SPAN:eS2knCRgLegeRw8bcmSWA:0:45:0:0:0:45:0:1:6:0:undefined:undefined","labelName":"eS2knCRgLegeRw8bcmSWA","labelItem":{"id":"eS2knCRgLegeRw8bcmSWA","labelName":"Skill"},"textPosition":{"start":{"row":45,"column":0,"tokenIndex":0,"charIndex":0},"end":{"row":45,"column":0,"tokenIndex":1,"charIndex":6}},"confidenceScore":null},{"id":"1663130263","labeledBy":"LABELER","labeledByUserId":6814,"acceptedByUserId":null,"rejectedByUserId":null,"layer":0,"counter":0,"status":"ACCEPTED","hashCode":"SPAN:eS2knCRgLegeRw8bcmSWA:0:45:0:5:0:45:0:5:9:0:undefined:undefined","labelName":"eS2knCRgLegeRw8bcmSWA","labelItem":{"id":"eS2knCRgLegeRw8bcmSWA","labelName":"Skill"},"textPosition":{"start":{"row":45,"column":0,"tokenIndex":5,"charIndex":0},"end":{"row":45,"column":0,"tokenIndex":5,"charIndex":9}},"confidenceScore":null},{"id":"1663130266","labeledBy":"LABELER","labeledByUserId":6814,"acceptedByUserId":null,"rejectedByUserId":null,"layer":0,"counter":0,"status":"ACCEPTED","hashCode":"SPAN:eS2knCRgLegeRw8bcmSWA:0:45:0:6:0:45:0:6:10:0:undefined:undefined","labelName":"eS2knCRgLegeRw8bcmSWA","labelItem":{"id":"eS2knCRgLegeRw8bcmSWA","labelName":"Skill"},"textPosition":{"start":{"row":45,"column":0,"tokenIndex":6,"charIndex":0},"end":{"row":45,"column":0,"tokenIndex":6,"charIndex":10}},"confidenceScore":null},{"id":"1663130269","labeledBy":"LABELER","labeledByUserId":6814,"acceptedByUserId":null,"rejectedByUserId":null,"layer":0,"counter":0,"status":"ACCEPTED","hashCode":"SPAN:eS2knCRgLegeRw8bcmSWA:0:45:0:7:0:45:0:7:10:0:undefined:undefined","labelName":"eS2knCRgLegeRw8bcmSWA","labelItem":{"id":"eS2knCRgLegeRw8bcmSWA","labelName":"Skill"},"textPosition":{"start":{"row":45,"column":0,"tokenIndex":7,"charIndex":0},"end":{"row":45,"column":0,"tokenIndex":7,"charIndex":10}},"confidenceScore":null},{"id":"1663130272","labeledBy":"LABELER","labeledByUserId":6814,"acceptedByUserId":null,"rejectedByUserId":null,"layer":0,"counter":0,"status":"ACCEPTED","hashCode":"SPAN:eS2knCRgLegeRw8bcmSWA:0:45:0:8:0:45:0:9:5:0:undefined:undefined","labelName":"eS2knCRgLegeRw8bcmSWA","labelItem":{"id":"eS2knCRgLegeRw8bcmSWA","labelName":"Skill"},"textPosition":{"start":{"row":45,"column":0,"tokenIndex":8,"charIndex":0},"end":{"row":45,"column":0,"tokenIndex":9,"charIndex":5}},"confidenceScore":null},{"id":"1663130275","labeledBy":"LABELER","labeledByUserId":6814,"acceptedByUserId":null,"rejectedByUserId":null,"layer":0,"counter":0,"status":"ACCEPTED","hashCode":"SPAN:eS2knCRgLegeRw8bcmSWA:0:45:0:10:0:45:0:10:9:0:undefined:undefined","labelName":"eS2knCRgLegeRw8bcmSWA","labelItem":{"id":"eS2knCRgLegeRw8bcmSWA","labelName":"Skill"},"textPosition":{"start":{"row":45,"column":0,"tokenIndex":10,"charIndex":0},"end":{"row":45,"column":0,"tokenIndex":10,"charIndex":9}},"confidenceScore":null},{"id":"1663130278","labeledBy":"LABELER","labeledByUserId":6814,"acceptedByUserId":null,"rejectedByUserId":null,"layer":0,"counter":0,"status":"ACCEPTED","hashCode":"SPAN:eS2knCRgLegeRw8bcmSWA:0:45:0:11:0:45:0:12:10:0:undefined:undefined","labelName":"eS2knCRgLegeRw8bcmSWA","labelItem":{"id":"eS2knCRgLegeRw8bcmSWA","labelName":"Skill"},"textPosition":{"start":{"row":45,"column":0,"tokenIndex":11,"charIndex":0},"end":{"row":45,"column":0,"tokenIndex":12,"charIndex":10}},"confidenceScore":null},{"id":"1663130281","labeledBy":"LABELER","labeledByUserId":6814,"acceptedByUserId":null,"rejectedByUserId":null,"layer":0,"counter":0,"status":"ACCEPTED","hashCode":"SPAN:eS2knCRgLegeRw8bcmSWA:0:45:0:13:0:45:0:13:6:0:undefined:undefined","labelName":"eS2knCRgLegeRw8bcmSWA","labelItem":{"id":"eS2knCRgLegeRw8bcmSWA","labelName":"Skill"},"textPosition":{"start":{"row":45,"column":0,"tokenIndex":13,"charIndex":0},"end":{"row":45,"column":0,"tokenIndex":13,"charIndex":6}},"confidenceScore":null},{"id":"1663130284","labeledBy":"LABELER","labeledByUserId":6814,"acceptedByUserId":null,"rejectedByUserId":null,"layer":0,"counter":0,"status":"ACCEPTED","hashCode":"SPAN:eS2knCRgLegeRw8bcmSWA:0:45:0:14:0:45:0:15:9:0:undefined:undefined","labelName":"eS2knCRgLegeRw8bcmSWA","labelItem":{"id":"eS2knCRgLegeRw8bcmSWA","labelName":"Skill"},"textPosition":{"start":{"row":45,"column":0,"tokenIndex":14,"charIndex":0},"end":{"row":45,"column":0,"tokenIndex":15,"charIndex":9}},"confidenceScore":null},{"id":"1663130287","labeledBy":"LABELER","labeledByUserId":6814,"acceptedByUserId":null,"rejectedByUserId":null,"layer":0,"counter":0,"status":"ACCEPTED","hashCode":"SPAN:eS2knCRgLegeRw8bcmSWA:0:45:0:16:0:45:0:16:13:0:undefined:undefined","labelName":"eS2knCRgLegeRw8bcmSWA","labelItem":{"id":"eS2knCRgLegeRw8bcmSWA","labelName":"Skill"},"textPosition":{"start":{"row":45,"column":0,"tokenIndex":16,"charIndex":0},"end":{"row":45,"column":0,"tokenIndex":16,"charIndex":13}},"confidenceScore":null},{"id":"1663130290","labeledBy":"LABELER","labeledByUserId":6814,"acceptedByUserId":null,"rejectedByUserId":null,"layer":0,"counter":0,"status":"ACCEPTED","hashCode":"SPAN:eS2knCRgLegeRw8bcmSWA:0:45:0:17:0:45:0:18:6:0:undefined:undefined","labelName":"eS2knCRgLegeRw8bcmSWA","labelItem":{"id":"eS2knCRgLegeRw8bcmSWA","labelName":"Skill"},"textPosition":{"start":{"row":45,"column":0,"tokenIndex":17,"charIndex":0},"end":{"row":45,"column":0,"tokenIndex":18,"charIndex":6}},"confidenceScore":null},{"id":"1663130293","labeledBy":"LABELER","labeledByUserId":6814,"acceptedByUserId":null,"rejectedByUserId":null,"layer":0,"counter":0,"status":"ACCEPTED","hashCode":"SPAN:eS2knCRgLegeRw8bcmSWA:0:45:0:19:0:45:0:20:5:0:undefined:undefined","labelName":"eS2knCRgLegeRw8bcmSWA","labelItem":{"id":"eS2knCRgLegeRw8bcmSWA","labelName":"Skill"},"textPosition":{"start":{"row":45,"column":0,"tokenIndex":19,"charIndex":0},"end":{"row":45,"column":0,"tokenIndex":20,"charIndex":5}},"confidenceScore":null},{"id":"1663130296","labeledBy":"LABELER","labeledByUserId":6814,"acceptedByUserId":null,"rejectedByUserId":null,"layer":0,"counter":0,"status":"ACCEPTED","hashCode":"SPAN:eS2knCRgLegeRw8bcmSWA:0:45:0:21:0:45:0:21:9:0:undefined:undefined","labelName":"eS2knCRgLegeRw8bcmSWA","labelItem":{"id":"eS2knCRgLegeRw8bcmSWA","labelName":"Skill"},"textPosition":{"start":{"row":45,"column":0,"tokenIndex":21,"charIndex":0},"end":{"row":45,"column":0,"tokenIndex":21,"charIndex":9}},"confidenceScore":null},{"id":"1663130299","labeledBy":"LABELER","labeledByUserId":6814,"acceptedByUserId":null,"rejectedByUserId":null,"layer":0,"counter":0,"status":"ACCEPTED","hashCode":"SPAN:eS2knCRgLegeRw8bcmSWA:0:45:0:22:0:45:0:22:7:0:undefined:undefined","labelName":"eS2knCRgLegeRw8bcmSWA","labelItem":{"id":"eS2knCRgLegeRw8bcmSWA","labelName":"Skill"},"textPosition":{"start":{"row":45,"column":0,"tokenIndex":22,"charIndex":0},"end":{"row":45,"column":0,"tokenIndex":22,"charIndex":7}},"confidenceScore":null},{"id":"1663130305","labeledBy":"LABELER","labeledByUserId":6814,"acceptedByUserId":null,"rejectedByUserId":null,"layer":0,"counter":0,"status":"ACCEPTED","hashCode":"SPAN:eS2knCRgLegeRw8bcmSWA:0:45:0:23:0:45:0:24:12:0:undefined:undefined","labelName":"eS2knCRgLegeRw8bcmSWA","labelItem":{"id":"eS2knCRgLegeRw8bcmSWA","labelName":"Skill"},"textPosition":{"start":{"row":45,"column":0,"tokenIndex":23,"charIndex":0},"end":{"row":45,"column":0,"tokenIndex":24,"charIndex":12}},"confidenceScore":null},{"id":"1663130308","labeledBy":"LABELER","labeledByUserId":6814,"acceptedByUserId":null,"rejectedByUserId":null,"layer":0,"counter":0,"status":"ACCEPTED","hashCode":"SPAN:eS2knCRgLegeRw8bcmSWA:0:45:0:25:0:45:0:26:9:0:undefined:undefined","labelName":"eS2knCRgLegeRw8bcmSWA","labelItem":{"id":"eS2knCRgLegeRw8bcmSWA","labelName":"Skill"},"textPosition":{"start":{"row":45,"column":0,"tokenIndex":25,"charIndex":0},"end":{"row":45,"column":0,"tokenIndex":26,"charIndex":9}},"confidenceScore":null}],"arrowLabels":[],"boundingBoxLabels":[],"timeLabels":[],"comments":[],"url":"datasaur://static/6814/e6480b1c-d756-474d-b019-3e1287db2bcf.txt"}}
